{
"type": "FeatureCollection",
"name": "tur_admin1_simplified",
"crs": { "type": "name", "properties": { "name": "urn:ogc:def:crs:OGC:1.3:CRS84" } },
"features": [
{ "type": "Feature", "properties": { "adm1_name": "Adana", "adm1_pcode": "TUR001", "center_lat": 37.47297957, "center_lon": 35.36894826 }, "geometry": { "type": "Polygon", "coordinates": [ [ [ 36.315865894000126, 38.363756801000193 ], [ 36.281885410000029, 38.402474510000104 ], [ 36.236790669000186, 38.373777855000128 ], [ 36.124281563000125, 38.339979574000097 ], [ 35.991548149000039, 38.225192956000058 ], [ 36.005942027000174, 38.190848071000062 ], [ 35.989270638000164, 38.149488449000103 ], [ 35.887875792000102, 38.085718106000115 ], [ 35.789942765000035, 38.080525378000175 ], [ 35.769627356000171, 38.044085182000117 ], [ 35.713873855000031, 38.020399054000166 ], [ 35.686088206000136, 37.979039432000036 ], [ 35.598085133000097, 37.965283258000113 ], [ 35.575310010000123, 37.938681914000028 ], [ 35.594987716000048, 37.905612437000059 ], [ 35.598848014000055, 37.806865707999975 ], [ 35.54633681200005, 37.793344073000071 ], [ 35.508479518000172, 37.76292039600014 ], [ 35.547666002000085, 37.730626007000183 ], [ 35.524625591000188, 37.686197922000076 ], [ 35.496501426000123, 37.693577121000033 ], [ 35.463910632000022, 37.730088504000037 ], [ 35.433093354000164, 37.730673562000106 ], [ 35.406129929000031, 37.704701033000106 ], [ 35.363743544000101, 37.719322120000072 ], [ 35.341885757, 37.709353196000166 ], [ 35.309911358000079, 37.746053603000178 ], [ 35.219587989000104, 37.75935370600007 ], [ 34.985342652000099, 37.654462581000189 ], [ 34.969851847000086, 37.651574465000124 ], [ 34.950947815000063, 37.682818630000099 ], [ 34.901324729000123, 37.69332087100014 ], [ 34.875200407000023, 37.671266166000066 ], [ 34.838573843000177, 37.596831538000117 ], [ 34.846450523000158, 37.548652511 ], [ 34.825052209000148, 37.489052298000104 ], [ 34.776479348000123, 37.459908581000093 ], [ 34.777792128000044, 37.394532135000134 ], [ 34.750617582000132, 37.34989761300011 ], [ 34.798534053000026, 37.29659874400005 ], [ 34.910380381000095, 37.294431124000141 ], [ 34.967357565000157, 37.273756372000094 ], [ 34.967357565000157, 37.217175553000118 ], [ 34.931912504000081, 37.207067147000032 ], [ 34.919834927000068, 37.186850335000088 ], [ 34.956986602000143, 37.137489804999973 ], [ 35.012779753000132, 37.126725008000051 ], [ 35.012385920000156, 37.065418181000155 ], [ 35.053475935000108, 37.073426139000162 ], [ 35.123250194000036, 37.043407236000178 ], [ 35.096994593000034, 36.944336102000193 ], [ 35.139003555000045, 36.908628486000168 ], [ 35.151431205000165, 36.813933286000179 ], [ 35.13756529300008, 36.78810377200017 ], [ 35.09497224800009, 36.783272989000068 ], [ 35.075476083000183, 36.797671334000086 ], [ 35.043436390000124, 36.764687911000124 ], [ 35.026540689000115, 36.776877344000184 ], [ 35.026816262000068, 36.756799509000075 ], [ 34.97057684300006, 36.758702042000039 ], [ 34.907258199000069, 36.718865700000151 ], [ 34.948117100000047, 36.727319800000089 ], [ 35.025034100000028, 36.709820899000078 ], [ 35.348714400000063, 36.542945599000177 ], [ 35.433896099000037, 36.594763700000158 ], [ 35.574028900000144, 36.568382199000041 ], [ 35.637508700000183, 36.612797200000102 ], [ 35.648689400000137, 36.664746100000116 ], [ 35.711391200000094, 36.710243100000071 ], [ 35.678295299000069, 36.705241099000034 ], [ 35.624012599000025, 36.649619899000072 ], [ 35.60976050000005, 36.663696899000058 ], [ 35.66041219900012, 36.70407890000007 ], [ 35.721885100000065, 36.718093999000132 ], [ 35.655334200000141, 36.71656289900011 ], [ 35.660228099000165, 36.742403798999987 ], [ 35.63491819900014, 36.734839800000088 ], [ 35.648114100000157, 36.725784799000053 ], [ 35.631810300000097, 36.693899899000087 ], [ 35.629235100000017, 36.721144799000172 ], [ 35.616382300000112, 36.695318800000166 ], [ 35.602925200000072, 36.710567800000149 ], [ 35.579532400000062, 36.691794699000184 ], [ 35.570343400000013, 36.713579600000116 ], [ 35.59248330000014, 36.715102699999989 ], [ 35.614158200000077, 36.740939600000104 ], [ 35.616878200000087, 36.717139800000155 ], [ 35.641395100000011, 36.756820700000162 ], [ 35.672827900000186, 36.767985799000144 ], [ 35.780335700000137, 36.75737080000016 ], [ 35.799662999000134, 36.768718900000124 ], [ 35.962914700000113, 36.899831300000017 ], [ 35.963877318000186, 36.937616323999976 ], [ 36.056324246000145, 36.999576388000037 ], [ 36.058446286000049, 37.058610072000079 ], [ 36.085161462000144, 37.069306992000122 ], [ 36.090964830000132, 37.098632893000172 ], [ 36.093638769000165, 37.149869004000095 ], [ 36.07432472, 37.199987331000102 ], [ 35.974960438000096, 37.220756748000042 ], [ 35.882659500000159, 37.175981900000124 ], [ 35.916121501000134, 37.243240156000127 ], [ 35.897195339000177, 37.333431527000187 ], [ 35.927902502999984, 37.410544462000132 ], [ 35.9439461340001, 37.49680054200013 ], [ 35.935061757000142, 37.525178792000133 ], [ 36.00881070500003, 37.580813964000185 ], [ 36.065551523000011, 37.664549531000091 ], [ 36.190313958000047, 37.707925332000173 ], [ 36.186963157000037, 37.741809494000108 ], [ 36.288781395000115, 37.83667855200008 ], [ 36.287410377000185, 37.884502881000174 ], [ 36.263054647999979, 37.935714431000065 ], [ 36.203561444000172, 37.947233932000131 ], [ 36.233898086000067, 38.022933160000036 ], [ 36.302509325000187, 38.073833257000103 ], [ 36.383718177000162, 38.189074199 ], [ 36.377145842000061, 38.232469615000014 ], [ 36.400914286000045, 38.259659275000161 ], [ 36.37007068500003, 38.294884831000047 ], [ 36.395578823000108, 38.334331343000031 ], [ 36.391023799000152, 38.354555651000055 ], [ 36.349755276000167, 38.380154890000085 ], [ 36.315865894000126, 38.363756801000193 ] ] ] } },
{ "type": "Feature", "properties": { "adm1_name": "Adiyaman", "adm1_pcode": "TUR002", "center_lat": 37.80796082, "center_lon": 38.2163118 }, "geometry": { "type": "Polygon", "coordinates": [ [ [ 39.252973469999972, 38.181883452000079 ], [ 39.219483212000114, 38.206304360000047 ], [ 39.160153791000027, 38.182166601000119 ], [ 39.129276220000065, 38.186195089000194 ], [ 39.054606875000161, 38.134521236000126 ], [ 39.039759040000092, 38.087407909000035 ], [ 38.888425322000046, 38.049431712000171 ], [ 38.790010817000109, 38.000129281 ], [ 38.746990163000191, 38.041056008000112 ], [ 38.637249423000071, 38.063518121000129 ], [ 38.601271973000109, 38.10349306400019 ], [ 38.59226543300008, 38.143883996000113 ], [ 38.516104559000098, 38.156841339000096 ], [ 38.490579450000155, 38.182395990000032 ], [ 38.457362174000139, 38.167548154000031 ], [ 38.41548366100011, 38.113962693000019 ], [ 38.388452985000015, 38.106538775000047 ], [ 38.292798654000194, 38.138518730000101 ], [ 38.199714142000118, 38.143753544000162 ], [ 38.174206320000053, 38.116056618000187 ], [ 38.08131216400011, 38.09349932900011 ], [ 38.081978414000162, 38.053334027 ], [ 38.16659204400014, 37.988898225000128 ], [ 38.131947093000178, 37.955585771000074 ], [ 38.065131829000052, 37.937025976000143 ], [ 38.03124830500019, 37.909043515000121 ], [ 37.975093027000071, 37.893814964000114 ], [ 37.938734863000093, 37.909900121000078 ], [ 37.80967290100017, 37.891245147000063 ], [ 37.761988503000055, 37.920179392000193 ], [ 37.686607180000181, 37.915325291999977 ], [ 37.643929240000034, 37.943659406000108 ], [ 37.60291341300001, 37.863824341000168 ], [ 37.525152628000114, 37.805384780000054 ], [ 37.464809498000136, 37.734572022000066 ], [ 37.45947950599998, 37.687744229000032 ], [ 37.472709310000027, 37.674133713000117 ], [ 37.439587212000106, 37.644342861999974 ], [ 37.475279127000135, 37.621024144000046 ], [ 37.452817015000051, 37.607128093000028 ], [ 37.450437554000075, 37.58533223000012 ], [ 37.483940364000091, 37.565249579000124 ], [ 37.54818581100011, 37.591614007000032 ], [ 37.587589684000193, 37.582476877000033 ], [ 37.577881483000112, 37.493389858000171 ], [ 37.552183305000142, 37.472355423000181 ], [ 37.62093953100009, 37.478198588 ], [ 37.637976472000105, 37.516079608000098 ], [ 37.670146784, 37.536162258000161 ], [ 37.739436687000136, 37.531784050000113 ], [ 37.761993977000145, 37.507799084000112 ], [ 37.845465468000043, 37.474391451000031 ], [ 37.94721121900011, 37.494949993000034 ], [ 38.058284454999978, 37.469537351000042 ], [ 38.172467604000076, 37.4088177860001 ], [ 38.190569383000081, 37.417473552000047 ], [ 38.197529658000178, 37.449252560000104 ], [ 38.246146754000051, 37.442806806000192 ], [ 38.273875250000174, 37.475763900000175 ], [ 38.486409717000186, 37.493458765000128 ], [ 38.662689707000027, 37.618110349000119 ], [ 38.854365271000177, 37.648256828000171 ], [ 38.811222249000082, 37.671521630000086 ], [ 38.809870918000115, 37.693126549000056 ], [ 38.871073986000056, 37.694589486000041 ], [ 38.914182832000108, 37.713335245000053 ], [ 38.911719413000128, 37.747691423000163 ], [ 38.961173998000106, 37.754983153000069 ], [ 38.952305745000046, 37.803322434000108 ], [ 38.902257439000095, 37.794412664000106 ], [ 38.900625217000027, 37.804861521000191 ], [ 38.928739202000145, 37.826594951000175 ], [ 38.976305158000116, 37.826890961000174 ], [ 38.973874992000106, 37.859087630000033 ], [ 38.991988138000067, 37.884049075000064 ], [ 38.972425643000179, 37.896856779000188 ], [ 39.027426228000024, 37.91648978700016 ], [ 39.063484594000101, 37.989503660000082 ], [ 39.118523174000131, 38.019699001000049 ], [ 39.159347259000128, 38.016872351000131 ], [ 39.222181203000162, 38.072018549 ], [ 39.235682983000117, 38.118184080000162 ], [ 39.261852731000033, 38.144437041000117 ], [ 39.252973469999972, 38.181883452000079 ] ] ] } },
{ "type": "Feature", "properties": { "adm1_name": "Afyonkarahisar", "adm1_pcode": "TUR003", "center_lat": 38.52741234, "center_lon": 30.59938896 }, "geometry": { "type": "Polygon", "coordinates": [ [ [ 31.147965306000117, 39.262455128000056 ], [ 31.108345143000065, 39.26898710100005 ], [ 31.094745789000171, 39.24103882300011 ], [ 31.104168962000131, 39.187390978999986 ], [ 31.041740434000076, 39.195743339000103 ], [ 31.050628201000109, 39.161691413000085 ], [ 31.039920048000056, 39.153446136000071 ], [ 30.994963655000163, 39.19474391100016 ], [ 30.952131045000158, 39.182322454000143 ], [ 30.925910944000066, 39.203789325 ], [ 30.891644856000141, 39.199613146000104 ], [ 30.87986588800004, 39.166846199000076 ], [ 30.908884982000188, 39.157530106000138 ], [ 30.912632835000068, 39.123799427000165 ], [ 30.840031561999979, 39.119516166000039 ], [ 30.795799579000175, 39.074510088000181 ], [ 30.712219867000101, 39.05385542900018 ], [ 30.664739441000108, 39.090814624000075 ], [ 30.570453027000042, 39.107068576000074 ], [ 30.493612075000158, 39.218463230000111 ], [ 30.450380607000056, 39.226961147000054 ], [ 30.369043401000056, 39.153447420000191 ], [ 30.306388124000136, 39.147782143000143 ], [ 30.278803615000186, 39.129842095000072 ], [ 30.230558826000106, 39.034386656000038 ], [ 30.25443392700015, 38.978745532000062 ], [ 30.18233651900016, 38.907524893000186 ], [ 30.117927703000191, 38.887696421000044 ], [ 30.109699559999967, 38.857683935000125 ], [ 30.017166687000156, 38.810405841000033 ], [ 29.994882509000035, 38.752630017000172 ], [ 29.908321975999968, 38.712648893000051 ], [ 29.894128211, 38.679321969 ], [ 29.902180354000052, 38.623851654000077 ], [ 29.842982195000161, 38.586796887000048 ], [ 29.743299652000132, 38.487039788 ], [ 29.747320876000117, 38.455963556000029 ], [ 29.828775768000071, 38.478712659000166 ], [ 29.900595513000098, 38.449119628000062 ], [ 29.913366517000043, 38.405245044000026 ], [ 29.993288297000106, 38.403597173000037 ], [ 30.071253229000092, 38.340634740000098 ], [ 30.11578009700014, 38.255952442000137 ], [ 30.103901688000064, 38.224986186000194 ], [ 30.025696442000083, 38.182278842000073 ], [ 29.978732097000091, 38.129546948000097 ], [ 29.928197364000084, 38.139640162000148 ], [ 29.885146715000133, 38.124397348000173 ], [ 29.794857075000152, 38.071940097000095 ], [ 29.7805385690001, 38.03231681900013 ], [ 29.696465401000069, 38.002729484000156 ], [ 29.672708583000144, 37.910174022000092 ], [ 29.693100996000169, 37.868153293000091 ], [ 29.765648703000181, 37.853709168000194 ], [ 29.829530274000149, 37.820884079000166 ], [ 29.884790868999971, 37.823165481000103 ], [ 29.916901868000082, 37.788266654000154 ], [ 30.005706469000131, 37.8019261 ], [ 30.07262590400012, 37.793354494000084 ], [ 30.116841100000045, 37.818699186000174 ], [ 30.150617294000142, 37.869488945000114 ], [ 30.151119169000026, 37.92258732900018 ], [ 30.250758103000123, 38.030272994000029 ], [ 30.338335305000157, 38.055115811000178 ], [ 30.352739122000116, 38.084475503000078 ], [ 30.468163367000045, 38.187610630000165 ], [ 30.551660488000095, 38.165442079000115 ], [ 30.614667730000065, 38.225301653000088 ], [ 30.780286509000177, 38.3005327300001 ], [ 30.827111455000079, 38.329842235000172 ], [ 30.86394908699998, 38.388762370000165 ], [ 30.959455916000081, 38.417770750000102 ], [ 30.979279982000037, 38.459426383000107 ], [ 31.040759681000168, 38.505347953000069 ], [ 31.111624443000153, 38.504294016000188 ], [ 31.180230768000058, 38.449238318000141 ], [ 31.247532217000185, 38.426904877000084 ], [ 31.564018671000042, 38.614454258000194 ], [ 31.626250883000012, 38.635620706000054 ], [ 31.635245731000168, 38.663461902000051 ], [ 31.574249419000125, 38.684262488000172 ], [ 31.555858167000054, 38.731485441000018 ], [ 31.629503485000043, 38.823843255000043 ], [ 31.616412769000135, 38.916843560000189 ], [ 31.650143448000108, 38.952341084000068 ], [ 31.725394990000098, 38.967680513000118 ], [ 31.72772401300017, 38.988481099000069 ], [ 31.61006818900006, 39.027110759000095 ], [ 31.555932529000131, 39.086662959000023 ], [ 31.438388247000034, 39.105080981000185 ], [ 31.422682957000177, 39.146343061999971 ], [ 31.351580825000099, 39.164047207000124 ], [ 31.291240386000027, 39.231401485999982 ], [ 31.147965306000117, 39.262455128000056 ] ] ] } },
{ "type": "Feature", "properties": { "adm1_name": "Agri", "adm1_pcode": "TUR004", "center_lat": 39.48145345, "center_lon": 43.4392706 }, "geometry": { "type": "Polygon", "coordinates": [ [ [ 43.287056307000057, 40.012808599000152 ], [ 43.160992400000168, 40.009834968 ], [ 43.034485423000035, 39.978128901000048 ], [ 42.943821999000079, 39.99448484800007 ], [ 42.860796886000117, 39.965343033000181 ], [ 42.462857514000177, 39.916275191000125 ], [ 42.286678223000081, 39.823453114000188 ], [ 42.290912503000129, 39.774966447000168 ], [ 42.403992708000089, 39.725981631000082 ], [ 42.439693508000062, 39.682227395000041 ], [ 42.50104906700011, 39.648187098000051 ], [ 42.511427205000075, 39.596379427000102 ], [ 42.429979569000068, 39.512274987000126 ], [ 42.503041668000037, 39.43813356000004 ], [ 42.524047023000094, 39.363161883000146 ], [ 42.564397229000065, 39.360089954000102 ], [ 42.619858005000026, 39.310939086000133 ], [ 42.683289192000188, 39.201844086000108 ], [ 42.687357422000161, 39.162241107000114 ], [ 42.715585961000158, 39.122139977000188 ], [ 42.716997388000152, 39.067509452000024 ], [ 42.695992034000142, 39.015120606000039 ], [ 42.714452376000054, 38.954903331000082 ], [ 42.808933624000076, 38.980537009000045 ], [ 42.842101283000034, 38.959458498000117 ], [ 42.94168175100009, 38.94713686800003 ], [ 42.956948173000058, 39.022384054999975 ], [ 43.012589245000015, 39.025638825000158 ], [ 42.996237899000164, 39.081202401000155 ], [ 43.149832053000182, 39.180162914000164 ], [ 43.168327414000089, 39.249494685 ], [ 43.117310183000143, 39.326033448000089 ], [ 43.145208214000149, 39.350754202000189 ], [ 43.191472447000137, 39.338277582999979 ], [ 43.282606011999974, 39.381132057000173 ], [ 43.381256546000031, 39.379892145000099 ], [ 43.564143632000082, 39.277986840000153 ], [ 43.653959792000137, 39.199872356000014 ], [ 43.703633784000033, 39.191735431000097 ], [ 43.739513750000128, 39.199329894000073 ], [ 43.781168494000156, 39.265682431000187 ], [ 43.769156841999973, 39.364565449999986 ], [ 43.78953790300011, 39.382311695999988 ], [ 43.820148241000084, 39.383241631000146 ], [ 43.866246508000188, 39.354500720000033 ], [ 43.951311301000089, 39.365842692000172 ], [ 44.053621815000099, 39.350120519000029 ], [ 44.03359520000015, 39.376539900000125 ], [ 44.072778999000093, 39.412386600000104 ], [ 44.133858499000098, 39.406959699000026 ], [ 44.13528769900006, 39.393304200000046 ], [ 44.233550599000182, 39.415617099000144 ], [ 44.294524600000045, 39.373526100000163 ], [ 44.377735500000142, 39.4118856 ], [ 44.422131999000101, 39.411573100000112 ], [ 44.432691, 39.442468499000142 ], [ 44.407022500000096, 39.471255999000107 ], [ 44.439520500000071, 39.505252 ], [ 44.423499599000138, 39.568074399000068 ], [ 44.480376600000113, 39.610725499000125 ], [ 44.484766635000028, 39.630315963000101 ], [ 44.323241563000124, 39.674327700000049 ], [ 44.295365738000044, 39.705576069000131 ], [ 44.107147532000113, 39.703641144000187 ], [ 44.065787036000074, 39.731935689000125 ], [ 43.956573701000138, 39.733017009999969 ], [ 43.81636252100003, 39.783208286000047 ], [ 43.753645953000103, 39.770142335000173 ], [ 43.596313870000188, 39.790867638000179 ], [ 43.535399502000132, 39.844302875000153 ], [ 43.496291756000176, 39.836102863000065 ], [ 43.48484778500017, 39.795102807000035 ], [ 43.454660931000092, 39.781856637000033 ], [ 43.418526815000121, 39.813124810000033 ], [ 43.390682821000041, 39.911164504000112 ], [ 43.325623393000058, 39.978476684000157 ], [ 43.299581597999975, 39.979377784000121 ], [ 43.287056307000057, 40.012808599000152 ] ] ] } },
{ "type": "Feature", "properties": { "adm1_name": "Aksaray", "adm1_pcode": "TUR068", "center_lat": 38.51094277, "center_lon": 33.86387666 }, "geometry": { "type": "Polygon", "coordinates": [ [ [ 33.964460441000085, 39.03804263100011 ], [ 33.946608685000058, 39.050634146000164 ], [ 33.872762555000122, 39.028051148000031 ], [ 33.814106651000145, 38.988974866000149 ], [ 33.721103443000175, 38.981093239000018 ], [ 33.72019083400005, 38.966316340000162 ], [ 33.801910868999983, 38.890071961000103 ], [ 33.759267115, 38.741980323000121 ], [ 33.674460747000069, 38.685382181000136 ], [ 33.577545725000107, 38.653361799000038 ], [ 33.487461719000123, 38.649092415000098 ], [ 33.40970956100017, 38.696886059000065 ], [ 33.236490435000121, 38.419214732 ], [ 33.228312660000029, 38.354003578000118 ], [ 33.178823936000128, 38.298078154000052 ], [ 33.17998465300019, 38.269376805000036 ], [ 33.200560989000053, 38.249750147000043 ], [ 33.278645541000174, 38.243630005999989 ], [ 33.305236497000124, 38.176836058000049 ], [ 33.265244544000097, 38.124709343000177 ], [ 33.447688047000099, 37.971494786000164 ], [ 33.543921982000143, 37.993442878000053 ], [ 33.608500019000132, 38.085033947000113 ], [ 33.697875177000128, 38.113840817000096 ], [ 33.791594227000132, 38.050740056000052 ], [ 33.909565214999986, 38.116959510000129 ], [ 33.975221895000175, 38.1276521690001 ], [ 34.068506208000031, 38.038434851000034 ], [ 34.157811522000088, 38.124351540000134 ], [ 34.26224064600018, 38.117197588000067 ], [ 34.307858706000047, 38.193847079000079 ], [ 34.346973174000084, 38.20211593300013 ], [ 34.433935505000136, 38.261484447000157 ], [ 34.422600671000055, 38.328843090000191 ], [ 34.483084087000123, 38.364055402000133 ], [ 34.407886172000133, 38.413355513000056 ], [ 34.394836946000112, 38.450569969000071 ], [ 34.446389440000019, 38.548278055000083 ], [ 34.259431099000153, 38.629795436000165 ], [ 34.251053818000059, 38.671601286000055 ], [ 34.283435229000133, 38.790413674000149 ], [ 34.241629378000141, 38.833025034000116 ], [ 34.20840774300018, 38.810298519000071 ], [ 34.156264553000085, 38.802458373000093 ], [ 34.13709975200004, 38.851241500000071 ], [ 34.074890203000052, 38.889377517000071 ], [ 34.058186682999974, 38.945019045000038 ], [ 34.006195594000133, 38.973116356000048 ], [ 33.964460441000085, 39.03804263100011 ] ] ] } },
{ "type": "Feature", "properties": { "adm1_name": "Amasya", "adm1_pcode": "TUR005", "center_lat": 40.65665512, "center_lon": 35.8619352 }, "geometry": { "type": "Polygon", "coordinates": [ [ [ 35.246014233999972, 41.022514529000091 ], [ 35.216027563000182, 41.026771601000064 ], [ 35.140324741000143, 41.07762637400009 ], [ 35.085977853000088, 41.078387802000179 ], [ 35.094874669000092, 41.039810952000096 ], [ 35.037563122000051, 41.011402517000136 ], [ 35.027968043000044, 40.991978977000088 ], [ 35.07113001800019, 40.919439810000029 ], [ 35.011738672000092, 40.869090415000073 ], [ 34.992893341000183, 40.778004651000174 ], [ 35.057486540000014, 40.69706393000007 ], [ 35.144896914000128, 40.688708763000193 ], [ 35.230194988999983, 40.717199169000082 ], [ 35.272363226000152, 40.685906424000052 ], [ 35.320999407000102, 40.689428026000144 ], [ 35.343080804000067, 40.641933986000083 ], [ 35.439496564000081, 40.620709193000152 ], [ 35.465501642000049, 40.568099094000047 ], [ 35.533818396000072, 40.562459990000093 ], [ 35.52258734000003, 40.535334134000152 ], [ 35.412180351000075, 40.451672287000122 ], [ 35.396571088000087, 40.395707365000192 ], [ 35.362592385000028, 40.364108123000051 ], [ 35.363829704000125, 40.339552086000026 ], [ 35.386101459000031, 40.32241996800019 ], [ 35.369874676000109, 40.254584604000058 ], [ 35.386482173000104, 40.246657931000129 ], [ 35.451011050000147, 40.233825166000145 ], [ 35.467058902000133, 40.269152167000016 ], [ 35.526164712000082, 40.312743892000185 ], [ 35.712143381000033, 40.36975577600009 ], [ 35.732987458000139, 40.440568535000125 ], [ 35.792759518000139, 40.436951755000166 ], [ 35.889555990000019, 40.485968650000189 ], [ 35.936478960000045, 40.475499022000065 ], [ 35.984611326000163, 40.504383589000156 ], [ 36.012144569000156, 40.495998594000127 ], [ 36.022437997000054, 40.473982192000165 ], [ 36.099048343999982, 40.449191394000081 ], [ 36.250555079000094, 40.518097171000079 ], [ 36.273440803000028, 40.514009813000143 ], [ 36.2866935240001, 40.525852518000079 ], [ 36.274457594000069, 40.583241014 ], [ 36.366495145000158, 40.599040635000165 ], [ 36.404376164000155, 40.708210304000033 ], [ 36.440931503000058, 40.759008307000158 ], [ 36.508275925000078, 40.764329713000052 ], [ 36.413645835000182, 40.815347046 ], [ 36.427498626000158, 40.865325373000132 ], [ 36.400510552000014, 40.873861703000159 ], [ 36.410811088000173, 40.891912165000122 ], [ 36.397959944000036, 40.91810495500016 ], [ 36.296720397000115, 40.990306802000191 ], [ 36.175189381000166, 40.97866370800017 ], [ 36.190477734000126, 40.959405197000194 ], [ 36.14260477, 40.861893462000126 ], [ 36.063241598000104, 40.828245048000156 ], [ 35.869787736000092, 40.874548406000031 ], [ 35.694659016000116, 40.865032673000087 ], [ 35.63431749900019, 40.902114600000061 ], [ 35.622839760000033, 40.937136420000172 ], [ 35.525484987000027, 40.93095610000006 ], [ 35.487127755000188, 40.947123034000128 ], [ 35.46260267100007, 40.973355064000032 ], [ 35.467801989000066, 41.012104697000154 ], [ 35.366935224000088, 41.005218054000068 ], [ 35.329369470000131, 41.040653130000123 ], [ 35.246014233999972, 41.022514529000091 ] ] ] } },
{ "type": "Feature", "properties": { "adm1_name": "Ankara", "adm1_pcode": "TUR006", "center_lat": 39.70064999, "center_lon": 32.52458625 }, "geometry": { "type": "Polygon", "coordinates": [ [ [ 32.593862580000064, 40.752335706000054 ], [ 32.57158688100003, 40.750955561000183 ], [ 32.431384046, 40.650136880000048 ], [ 32.440318249000029, 40.611358635999977 ], [ 32.42748721300012, 40.569443917 ], [ 32.381865751000134, 40.558893954000098 ], [ 32.331397007000191, 40.584270893000053 ], [ 32.206603296000026, 40.551670556000033 ], [ 32.175428630000056, 40.51365267000017 ], [ 32.122393680000073, 40.488750955000057 ], [ 32.097385056000121, 40.429407506000075 ], [ 32.039175687000181, 40.417107312000041 ], [ 32.003314557000067, 40.376568643000041 ], [ 31.859701969000128, 40.313369695 ], [ 31.752420247000032, 40.333542936000185 ], [ 31.577312242000119, 40.266607696000108 ], [ 31.452482890000169, 40.326794761000087 ], [ 31.414702616000056, 40.37042028500008 ], [ 31.326955553000062, 40.364313662000143 ], [ 31.23796697, 40.334944845999985 ], [ 31.110155588000055, 40.361604888000159 ], [ 31.069595256000127, 40.334018160000085 ], [ 31.052914910000027, 40.222388142000113 ], [ 30.952108109000051, 40.215592446000073 ], [ 30.817374410000127, 40.134473748000062 ], [ 30.856419491000167, 40.063854399000036 ], [ 30.938271126000132, 40.029318020000176 ], [ 31.01288973700008, 40.026067843000135 ], [ 31.021977371999981, 40.04510496000006 ], [ 31.099791470000127, 40.05366693100018 ], [ 31.117783539000129, 40.070896729000083 ], [ 31.187042671000142, 40.047676461000151 ], [ 31.265804085000127, 40.062568089000195 ], [ 31.340049396000154, 40.046702223000182 ], [ 31.392958387000078, 40.061896592000153 ], [ 31.430998273000171, 40.047729280000169 ], [ 31.388362700000073, 40.035005332000026 ], [ 31.402947196000127, 40.0172651150001 ], [ 31.464912698000091, 40.043533247000141 ], [ 31.503879270000084, 40.019337260000043 ], [ 31.530827236000107, 40.038276929000119 ], [ 31.63257055400004, 40.027228833000095 ], [ 31.667558912000061, 40.058673292000094 ], [ 31.659706240000105, 40.011023131000172 ], [ 31.709821323000028, 40.023353751000116 ], [ 31.698750200000177, 39.98008486100008 ], [ 31.738419623000141, 39.965450966000105 ], [ 31.739380802000028, 39.935122566000189 ], [ 31.789631793000126, 39.884043720000022 ], [ 31.85842161100004, 39.88250771200012 ], [ 31.870160532999989, 39.870956848000105 ], [ 31.853345403000162, 39.84997811400018 ], [ 31.897102148000101, 39.855502209000065 ], [ 31.871992953000131, 39.820509408000134 ], [ 31.797706426000047, 39.778359804 ], [ 31.799874120000027, 39.732425338000041 ], [ 31.915587685000105, 39.52422349800014 ], [ 31.996961981000084, 39.495666889000177 ], [ 31.991264363000141, 39.431008174000056 ], [ 32.007593303000078, 39.417579737000153 ], [ 31.970918043000097, 39.398631821000038 ], [ 31.991900243000146, 39.375189102999968 ], [ 31.97237110400016, 39.356434929000102 ], [ 32.015924186000063, 39.324893817000032 ], [ 32.019304002000126, 39.280817471000148 ], [ 32.004396770000028, 39.221544468000161 ], [ 31.968527494000114, 39.243705595000108 ], [ 31.930677312000114, 39.227322082000171 ], [ 31.886840406000147, 39.18390905900003 ], [ 31.84825234300007, 39.173256651000088 ], [ 31.838563213999976, 39.14269836700015 ], [ 31.904507254000123, 39.10938856700011 ], [ 31.956415573000072, 39.040149155000108 ], [ 32.068472979000092, 38.96079993900014 ], [ 32.115623743000128, 38.95153969900008 ], [ 32.159885994000149, 38.962753935000194 ], [ 32.19276409400004, 39.01882511600013 ], [ 32.270360692000111, 38.99721474100005 ], [ 32.368910039000184, 39.028648585000155 ], [ 32.423452006000105, 38.98124295000008 ], [ 32.472301898000183, 38.973851749000062 ], [ 32.532918243000154, 39.031565419000117 ], [ 32.582872566999981, 39.051841664000051 ], [ 32.67745728500006, 39.124904111000092 ], [ 32.79774129499998, 39.139941382000188 ], [ 32.822718456000075, 39.15769725600012 ], [ 32.795447474000184, 39.214193218000105 ], [ 32.82424767100008, 39.273407782000163 ], [ 32.918973983000114, 39.246136799000169 ], [ 32.941827237000041, 39.256331560000035 ], [ 32.952021996000099, 39.284367149000047 ], [ 32.995859465000137, 39.290738875000045 ], [ 33.011491430000092, 39.278505163000148 ], [ 33.010811780000154, 39.216656951000118 ], [ 33.038252676000127, 39.198221427000135 ], [ 33.138246280000033, 39.284282194000014 ], [ 33.185227133000126, 39.264742236000131 ], [ 33.128221432000146, 39.22829597000009 ], [ 33.14487287500009, 39.156168042000047 ], [ 33.267563979000045, 39.087041905000149 ], [ 33.36197552200008, 39.074939648000054 ], [ 33.387274563000176, 39.036752417000116 ], [ 33.395389350000187, 38.982812952000131 ], [ 33.355383195000059, 38.765653854000163 ], [ 33.403504137000084, 38.702614144000165 ], [ 33.487461719000123, 38.649092415000098 ], [ 33.577545725000107, 38.653361799000038 ], [ 33.674460747000069, 38.685382181000136 ], [ 33.759267115, 38.741980323000121 ], [ 33.801827904000163, 38.888744528000188 ], [ 33.720273798, 38.980171411000129 ], [ 33.814106651000145, 38.988974866000149 ], [ 33.895137723000175, 39.037832358000173 ], [ 33.85032735700014, 39.069626761000166 ], [ 33.762801936000187, 39.073367504000146 ], [ 33.747635329000047, 39.099371266 ], [ 33.550340641000162, 39.216466940000146 ], [ 33.503783357000032, 39.291605017000109 ], [ 33.459932681, 39.302982757000052 ], [ 33.443363619000081, 39.322053549000032 ], [ 33.463248850000014, 39.343250664000152 ], [ 33.418799323000144, 39.396494598000061 ], [ 33.383688606000192, 39.41298593700003 ], [ 33.391881804000093, 39.46563934600016 ], [ 33.34584101400003, 39.487175095000111 ], [ 33.312400469000067, 39.646466818000192 ], [ 33.232975232000115, 39.691096236000135 ], [ 33.313779654000086, 39.764884101000121 ], [ 33.281470854000077, 39.815234939000106 ], [ 33.332151718000148, 39.92214382700007 ], [ 33.372883415000103, 39.962213648000159 ], [ 33.446320242000183, 39.998144112000148 ], [ 33.52347618400006, 40.012894513000106 ], [ 33.583108147000132, 40.062314660000084 ], [ 33.572733593000066, 40.135269119000043 ], [ 33.600719875000152, 40.189998195000044 ], [ 33.611546471000167, 40.258608310000113 ], [ 33.659113387000161, 40.296377160000134 ], [ 33.659290215000055, 40.324225935000129 ], [ 33.594322134000095, 40.346745112000065 ], [ 33.506713873000024, 40.348670568000045 ], [ 33.375867085999971, 40.398539886000151 ], [ 33.336010141000088, 40.397673430000054 ], [ 33.298391538000146, 40.341137220000064 ], [ 33.245321151000155, 40.329006846000027 ], [ 33.202070589000073, 40.408576327000048 ], [ 33.134342665000077, 40.484174553000116 ], [ 32.988489352000101, 40.488362420000158 ], [ 32.957140517000028, 40.519627017000175 ], [ 32.897932737000133, 40.539748035000059 ], [ 32.88946072900012, 40.577390705000141 ], [ 32.905827107000164, 40.601843999000096 ], [ 32.889171911000062, 40.62658611300003 ], [ 32.742259596000167, 40.677033067000139 ], [ 32.683918272000028, 40.744038945000057 ], [ 32.593862580000064, 40.752335706000054 ] ] ] } },
{ "type": "Feature", "properties": { "adm1_name": "Antalya", "adm1_pcode": "TUR007", "center_lat": 36.76356695, "center_lon": 31.89856688 }, "geometry": { "type": "MultiPolygon", "coordinates": [ [ [ [ 31.335503643000152, 37.425715417000106 ], [ 31.301653971, 37.437572365000108 ], [ 31.108245480000107, 37.39046331000003 ], [ 31.003779615000042, 37.334450289000074 ], [ 30.944896537000034, 37.360525841000026 ], [ 30.908506111000179, 37.332937366000067 ], [ 30.907206131000123, 37.307226641 ], [ 30.859467958000039, 37.256527402000131 ], [ 30.767145355000025, 37.231131335000157 ], [ 30.742953379000141, 37.243259239000167 ], [ 30.490309990000071, 37.241025151000088 ], [ 30.355562594000105, 37.305813690000093 ], [ 30.280752576000054, 37.314047899000059 ], [ 30.232432453000172, 37.347367720000136 ], [ 30.123065888000156, 37.291403826000078 ], [ 30.042120108000063, 37.284334535000028 ], [ 29.985661524000136, 37.211311787000056 ], [ 29.903947111000093, 37.175949372000048 ], [ 29.834435072000076, 37.11965036600003 ], [ 29.872382645000073, 37.074309026000094 ], [ 29.860339850000059, 37.028265546000057 ], [ 29.73403323000008, 36.96242541200013 ], [ 29.787415132000035, 36.931908707000161 ], [ 29.81192417900013, 36.87319523300016 ], [ 29.754710494000108, 36.797279340000159 ], [ 29.735715032000144, 36.646019171000091 ], [ 29.643942712000069, 36.613422018999984 ], [ 29.520589459000121, 36.490928642000142 ], [ 29.388054140000179, 36.470879985000124 ], [ 29.32283948800017, 36.440889304 ], [ 29.315147166000145, 36.429350120000038 ], [ 29.333602191000068, 36.394741493000083 ], [ 29.31096647600009, 36.37196006400012 ], [ 29.315157808000151, 36.320482952000077 ], [ 29.269711500000085, 36.292073499000026 ], [ 29.353413500000158, 36.230043200000125 ], [ 29.373727, 36.247983599000122 ], [ 29.369051100000092, 36.262962399000116 ], [ 29.41398850000013, 36.263094600000102 ], [ 29.412768599, 36.224266299000078 ], [ 29.631566799000097, 36.205091199000151 ], [ 29.5839797000001, 36.186979799000142 ], [ 29.641123100000016, 36.199042599000109 ], [ 29.651368700000091, 36.174709500000176 ], [ 29.641348599000139, 36.183276999000043 ], [ 29.6311879000001, 36.169464399000049 ], [ 29.655081100000132, 36.147759200000166 ], [ 29.678191, 36.153498800000079 ], [ 29.683666000000187, 36.131010899000046 ], [ 29.720902700000067, 36.163291599000047 ], [ 29.787478298999986, 36.159019999000122 ], [ 29.756781, 36.142459600000052 ], [ 29.792966399000079, 36.143169900000032 ], [ 29.829300999000111, 36.167744799000104 ], [ 29.800908700000036, 36.165914399000144 ], [ 29.849989600000072, 36.192076300000053 ], [ 29.831729799000129, 36.185885100000064 ], [ 29.82785210000003, 36.188577399000167 ], [ 29.848597000000154, 36.197168800000043 ], [ 29.886892300000056, 36.193900299000063 ], [ 29.897748700000193, 36.202326100000107 ], [ 29.888142699000014, 36.212280499000087 ], [ 29.922405900000172, 36.234094 ], [ 29.979604900000083, 36.214965700000164 ], [ 30.063447898999982, 36.258650999000054 ], [ 30.114150900000084, 36.247006600000191 ], [ 30.138875800000164, 36.278543200000058 ], [ 30.150625300000115, 36.272309599000039 ], [ 30.149373899000068, 36.301368599000114 ], [ 30.181997400000057, 36.313864999000032 ], [ 30.276168400000188, 36.315465900000106 ], [ 30.369761200000028, 36.269557499000086 ], [ 30.408381299999974, 36.275097800000083 ], [ 30.404171700000063, 36.2111319 ], [ 30.486593100000164, 36.279102000000137 ], [ 30.488105200000064, 36.298423199000126 ], [ 30.470591599000045, 36.297465199000101 ], [ 30.467552099000102, 36.315205499000115 ], [ 30.528475699000182, 36.335023900000067 ], [ 30.475535500000092, 36.397505498999976 ], [ 30.491211400000054, 36.421721299000069 ], [ 30.479456899000127, 36.434649399000193 ], [ 30.50847710000005, 36.440660099000127 ], [ 30.506269799000108, 36.467430100000058 ], [ 30.538916799000049, 36.519703200000095 ], [ 30.565538000000117, 36.533617100000072 ], [ 30.557742100000041, 36.541385100000127 ], [ 30.592596599000103, 36.591516399000113 ], [ 30.560863499000106, 36.610905799000193 ], [ 30.554561899000078, 36.646958100000063 ], [ 30.574797100000069, 36.70211670000009 ], [ 30.563896000000113, 36.724148100000036 ], [ 30.57612250000011, 36.798382999000069 ], [ 30.616869399000109, 36.833853700000134 ], [ 30.605112999000085, 36.830174500000169 ], [ 30.605457100000081, 36.8390630990001 ], [ 30.702300299, 36.885231 ], [ 30.757769600000074, 36.845353399000089 ], [ 31.006290199000091, 36.857743300000038 ], [ 31.324889700000085, 36.809742200000187 ], [ 31.385326899000177, 36.780867300000068 ], [ 31.386024000000191, 36.764752500000043 ], [ 31.538927700000102, 36.720273899000063 ], [ 31.671960100000092, 36.644197100000042 ], [ 31.735564900000099, 36.641644999000164 ], [ 31.773719900000117, 36.614967999000044 ], [ 31.777269100000183, 36.603551000000152 ], [ 31.787133100000062, 36.607121999000128 ], [ 31.961168600000178, 36.558716299000139 ], [ 31.974908800000151, 36.551802599000098 ], [ 31.988529699000139, 36.541140500000154 ], [ 31.985608700000171, 36.527321899000128 ], [ 32.021187800000178, 36.54086030000002 ], [ 32.170584600000041, 36.411869899000123 ], [ 32.213431200000116, 36.338909599000146 ], [ 32.274343100000067, 36.290317 ], [ 32.295425699000191, 36.235129100000108 ], [ 32.488875900000039, 36.108926699000108 ], [ 32.585305024000093, 36.089640684000187 ], [ 32.592401060000157, 36.101776891999975 ], [ 32.560427759999982, 36.14168252200011 ], [ 32.561369711000054, 36.229564015000165 ], [ 32.618463829000177, 36.267309948 ], [ 32.640262203000077, 36.306622029000096 ], [ 32.660331829000086, 36.381902645000082 ], [ 32.651273165000191, 36.430710099000066 ], [ 32.470389487000148, 36.531364084000188 ], [ 32.407369303000166, 36.582611910000082 ], [ 32.420375251000166, 36.64512038100014 ], [ 32.410319098000059, 36.681279739000047 ], [ 32.424364183000137, 36.698526047000087 ], [ 32.408461489000103, 36.744901941000137 ], [ 32.296399603000111, 36.847308776000148 ], [ 32.245591885000181, 36.929376698 ], [ 32.176819442000067, 36.979472159000068 ], [ 32.109629794000057, 36.99450871200014 ], [ 32.053044874000136, 37.029646761000038 ], [ 31.942090943000039, 37.145032516000128 ], [ 31.933227292000026, 37.174630783000111 ], [ 31.880520219000061, 37.213884099000097 ], [ 31.803045701000144, 37.345612212000049 ], [ 31.72285735000014, 37.374636716000055 ], [ 31.661425119000171, 37.339083182000024 ], [ 31.550844904000087, 37.327829951000183 ], [ 31.395691424000177, 37.365579611000044 ], [ 31.370580194000127, 37.384025972000131 ], [ 31.36125432700004, 37.424704824000059 ], [ 31.335503643000152, 37.425715417000106 ] ] ], [ [ [ 29.91377319999998, 36.197834900000089 ], [ 29.869479500000125, 36.184456099000045 ], [ 29.841390300000171, 36.16840000000019 ], [ 29.880754600000046, 36.170070900000098 ], [ 29.91377319999998, 36.197834900000089 ] ] ], [ [ [ 31.98818699900005, 36.530848699999979 ], [ 31.988173699000185, 36.530865199 ], [ 31.988161799000068, 36.530851999000163 ], [ 31.988171200000068, 36.53084390000015 ], [ 31.98818699900005, 36.530848699999979 ] ] ], [ [ [ 31.988131200000112, 36.530913399000099 ], [ 31.988110300000187, 36.530926600000043 ], [ 31.988040500000068, 36.530906600000151 ], [ 31.988108499000134, 36.530841500000122 ], [ 31.988131200000112, 36.530913399000099 ] ] ], [ [ [ 31.98885259900004, 36.531604599000104 ], [ 31.988850100000093, 36.531615199999976 ], [ 31.988828899000055, 36.531606799000087 ], [ 31.988834599000143, 36.531604000000129 ], [ 31.98885259900004, 36.531604599000104 ] ] ], [ [ [ 31.98877669899997, 36.531621599000061 ], [ 31.988788600000191, 36.531641199000092 ], [ 31.988779199000192, 36.531652600000086 ], [ 31.988754400000175, 36.531628700000056 ], [ 31.98877669899997, 36.531621599000061 ] ] ], [ [ [ 31.988725600000123, 36.532309399000155 ], [ 31.988718400000039, 36.532323099000052 ], [ 31.988681599000131, 36.532328699000175 ], [ 31.988698900000031, 36.532293500000151 ], [ 31.988725600000123, 36.532309399000155 ] ] ], [ [ [ 32.036422699000127, 36.53271280000007 ], [ 32.0362535000001, 36.532836299000053 ], [ 32.036175700000058, 36.532834799000113 ], [ 32.036390299000118, 36.532717400000081 ], [ 32.036422699000127, 36.53271280000007 ] ] ], [ [ [ 32.036072799000124, 36.53294470000003 ], [ 32.036053, 36.532971400000122 ], [ 32.035860700000114, 36.532755900000041 ], [ 32.035907900000097, 36.532730999000023 ], [ 32.036072799000124, 36.53294470000003 ] ] ], [ [ [ 32.023262500000101, 36.539724200000194 ], [ 32.023333099000126, 36.53981869900008 ], [ 32.023329100000069, 36.539825700000051 ], [ 32.023219300000051, 36.539703899000187 ], [ 32.023262500000101, 36.539724200000194 ] ] ], [ [ [ 32.000581100000147, 36.540189500000167 ], [ 32.00056340000009, 36.540244900000118 ], [ 32.000494700000104, 36.540229200000056 ], [ 32.000511999000025, 36.540174999000101 ], [ 32.000581100000147, 36.540189500000167 ] ] ], [ [ [ 31.962277800000095, 36.558194700000058 ], [ 31.962285000000179, 36.558207299000117 ], [ 31.962259400000164, 36.558224400000029 ], [ 31.96225690000017, 36.558196300000191 ], [ 31.962277800000095, 36.558194700000058 ] ] ], [ [ [ 31.962178099000141, 36.558275700000024 ], [ 31.962188200000128, 36.558287600000142 ], [ 31.962153200000103, 36.558291499000177 ], [ 31.96215719900016, 36.558269799000129 ], [ 31.962178099000141, 36.558275700000024 ] ] ], [ [ [ 31.961325199000044, 36.558302799000046 ], [ 31.96136660000019, 36.558342 ], [ 31.961362000000179, 36.558350499000085 ], [ 31.961308000000145, 36.558340199000099 ], [ 31.961325199000044, 36.558302799000046 ] ] ], [ [ [ 31.961439000000155, 36.558317199000157 ], [ 31.961436800000172, 36.558365199000036 ], [ 31.961375300000043, 36.558315999000058 ], [ 31.961419199000034, 36.558298099000183 ], [ 31.961439000000155, 36.558317199000157 ] ] ], [ [ [ 31.961493000000189, 36.558488399000112 ], [ 31.961503399000094, 36.558502 ], [ 31.961469600000044, 36.558512999000186 ], [ 31.961467399000128, 36.55849359900003 ], [ 31.961493000000189, 36.558488399000112 ] ] ], [ [ [ 31.96110419900009, 36.558687099000053 ], [ 31.961108500000194, 36.558694299000081 ], [ 31.961085800000092, 36.558705700000075 ], [ 31.961089799000149, 36.5586823000001 ], [ 31.96110419900009, 36.558687099000053 ] ] ], [ [ [ 31.957334992000028, 36.558874632000027 ], [ 31.957305500000075, 36.558924699000158 ], [ 31.957190299000047, 36.558859999000163 ], [ 31.957221598999979, 36.558841200000074 ], [ 31.957334992000028, 36.558874632000027 ] ] ], [ [ [ 31.942154500000072, 36.558934999000144 ], [ 31.94212320000014, 36.558944599000029 ], [ 31.942043600000147, 36.558918800000129 ], [ 31.942073199, 36.558909500000084 ], [ 31.942154500000072, 36.558934999000144 ] ] ], [ [ [ 31.945160200000089, 36.55908560000006 ], [ 31.945146499000089, 36.559110499000099 ], [ 31.945070200000089, 36.559059400000024 ], [ 31.945105800000192, 36.559049100000038 ], [ 31.945160200000089, 36.55908560000006 ] ] ], [ [ [ 31.945052900000064, 36.559104100000184 ], [ 31.945043200000157, 36.559144100000083 ], [ 31.945018300000072, 36.55915420000008 ], [ 31.945029498999986, 36.559101699000053 ], [ 31.945052900000064, 36.559104100000184 ] ] ], [ [ [ 31.944133400000055, 36.559199599000181 ], [ 31.944063600000106, 36.559202299000049 ], [ 31.944205799000088, 36.559123600000191 ], [ 31.944173400000125, 36.559173300000054 ], [ 31.944133400000055, 36.559199599000181 ] ] ], [ [ [ 31.942770800000062, 36.559210700000108 ], [ 31.942757199000141, 36.5592461 ], [ 31.942758199000025, 36.559208200000057 ], [ 31.942797500000154, 36.559172599000078 ], [ 31.942829900000163, 36.559195099000135 ], [ 31.942770800000062, 36.559210700000108 ] ] ], [ [ [ 31.943498799, 36.559315199000139 ], [ 31.943520700000136, 36.559342399000059 ], [ 31.943490800000177, 36.559357000000148 ], [ 31.943460199000185, 36.559331599000075 ], [ 31.943498799, 36.559315199000139 ] ] ], [ [ [ 31.928982800000028, 36.561529999000072 ], [ 31.92869409900004, 36.561783100000127 ], [ 31.928443900000048, 36.561576099000149 ], [ 31.928635099000132, 36.561526999000193 ], [ 31.928982800000028, 36.561529999000072 ] ] ], [ [ [ 31.92631990000018, 36.561659000000191 ], [ 31.92634689900018, 36.562017100000162 ], [ 31.925967799000091, 36.56193710000008 ], [ 31.926003099000127, 36.561682000000133 ], [ 31.92631990000018, 36.561659000000191 ] ] ], [ [ [ 31.894753999000045, 36.572137999000063 ], [ 31.894688200000019, 36.572316999000179 ], [ 31.8945610990001, 36.572314999000184 ], [ 31.894499898999982, 36.572135999000125 ], [ 31.894753999000045, 36.572137999000063 ] ] ], [ [ [ 31.881647899000143, 36.578075 ], [ 31.881834, 36.5783330000001 ], [ 31.881451999000092, 36.578481999000076 ], [ 31.881362, 36.578098000000182 ], [ 31.881647899000143, 36.578075 ] ] ], [ [ [ 31.751673099000016, 36.626935999000125 ], [ 31.75236289999998, 36.627416000000153 ], [ 31.75230889900007, 36.627836999000067 ], [ 31.751286098999969, 36.627341000000172 ], [ 31.751673099000016, 36.626935999000125 ] ] ], [ [ [ 31.748509100000149, 36.628537999000173 ], [ 31.748455099000068, 36.628921000000162 ], [ 31.749292100000105, 36.630105 ], [ 31.748015900000041, 36.629592999000067 ], [ 31.748509100000149, 36.628537999000173 ] ] ], [ [ [ 31.733736800000031, 36.634165 ], [ 31.733889099000123, 36.634549999000058 ], [ 31.733221999000136, 36.634594 ], [ 31.733227099000032, 36.634312999000144 ], [ 31.733736800000031, 36.634165 ] ] ], [ [ [ 31.728877900000157, 36.638560999000106 ], [ 31.729066899000088, 36.638614000000132 ], [ 31.729344099000116, 36.639127999000095 ], [ 31.728899900000044, 36.639148999000042 ], [ 31.728877900000157, 36.638560999000106 ] ] ], [ [ [ 31.687261900000124, 36.644992 ], [ 31.68735520000007, 36.645146 ], [ 31.686881, 36.645064000000161 ], [ 31.686993, 36.644989100000032 ], [ 31.687261900000124, 36.644992 ] ] ], [ [ [ 31.688303000000133, 36.646267999000031 ], [ 31.688425100000131, 36.64655 ], [ 31.688028, 36.646557999000038 ], [ 31.688065100000188, 36.646278 ], [ 31.688303000000133, 36.646267999000031 ] ] ], [ [ [ 31.663696000000186, 36.646425999000144 ], [ 31.664221899000097, 36.647172000000126 ], [ 31.660888, 36.647518099000081 ], [ 31.6618841, 36.646736999000154 ], [ 31.663696000000186, 36.646425999000144 ] ] ] ] } },
{ "type": "Feature", "properties": { "adm1_name": "Ardahan", "adm1_pcode": "TUR075", "center_lat": 41.1209665, "center_lon": 42.93878151 }, "geometry": { "type": "Polygon", "coordinates": [ [ [ 42.701057300000059, 41.599912519000156 ], [ 42.601110099000095, 41.585104100000137 ], [ 42.576427099999989, 41.565612999000109 ], [ 42.570730099000173, 41.508085699000048 ], [ 42.513072000000193, 41.472364600000049 ], [ 42.542422972000054, 41.431796625000118 ], [ 42.5494489350001, 41.369744726000022 ], [ 42.615032835000136, 41.299001428000167 ], [ 42.589434278000112, 41.256436385000029 ], [ 42.530696504000048, 41.229448760000025 ], [ 42.395758373999968, 41.097387987000104 ], [ 42.372044980999988, 41.04906822900017 ], [ 42.381371587000046, 40.976142106000054 ], [ 42.340890148000028, 40.918297304000191 ], [ 42.377778014000171, 40.830779710000058 ], [ 42.490314285000068, 40.806278810000038 ], [ 42.548059868000166, 40.757363738000038 ], [ 42.582010709000087, 40.65016909100018 ], [ 42.643479709000133, 40.641299105000087 ], [ 42.846158880000132, 40.729466763000119 ], [ 42.865761549000126, 40.818698817000154 ], [ 42.893879403000142, 40.824464308000131 ], [ 42.940148081000189, 40.803400434000082 ], [ 42.940092028000095, 40.870144734 ], [ 43.008213518000105, 40.947579709000138 ], [ 43.11458291100007, 41.00404958200005 ], [ 43.248156418000121, 41.024405143000195 ], [ 43.325683857000115, 41.092940342000077 ], [ 43.369221003000121, 41.088236883000036 ], [ 43.457457471000168, 41.002779044000079 ], [ 43.485963264000191, 41.00526304400006 ], [ 43.471424999000135, 41.068197999000063 ], [ 43.447543500000108, 41.092243999000118 ], [ 43.474363799000116, 41.123194800000078 ], [ 43.448617300000137, 41.176650700000096 ], [ 43.351898999000014, 41.202672299000085 ], [ 43.23130189900013, 41.173429999000177 ], [ 43.237687800000117, 41.184112100000164 ], [ 43.197492000000182, 41.250704 ], [ 43.127319999000065, 41.2528304 ], [ 43.212828, 41.289419100000089 ], [ 43.214118, 41.305418899000131 ], [ 43.135640500000079, 41.318973800000151 ], [ 43.109455800000148, 41.349298400000123 ], [ 43.051192400000104, 41.37435430000005 ], [ 43.016424799000106, 41.370740000000126 ], [ 42.968318100000147, 41.450673400000142 ], [ 42.899260700000127, 41.478968499000132 ], [ 42.890056600000094, 41.503854199000045 ], [ 42.851204000000109, 41.473278799000127 ], [ 42.801822099000105, 41.495502900000133 ], [ 42.797610599000166, 41.51701089900007 ], [ 42.836064700000179, 41.584540000000175 ], [ 42.781145200000026, 41.577094499000111 ], [ 42.701057300000059, 41.599912519000156 ] ] ] } },
{ "type": "Feature", "properties": { "adm1_name": "Artvin", "adm1_pcode": "TUR008", "center_lat": 41.04367875, "center_lon": 41.86673604 }, "geometry": { "type": "Polygon", "coordinates": [ [ [ 41.969348100000104, 41.522943599000143 ], [ 41.911471399000163, 41.499144299000079 ], [ 41.881690100000128, 41.460753400000158 ], [ 41.823442599000032, 41.430829299000038 ], [ 41.785858800000142, 41.461468100000161 ], [ 41.708224100000109, 41.47415099900013 ], [ 41.710297099000115, 41.496673900000019 ], [ 41.665538900000058, 41.482367299000146 ], [ 41.54743480000019, 41.51968880000004 ], [ 41.401974900000141, 41.382896800000083 ], [ 41.342438000000186, 41.37303170000007 ], [ 41.249727400000154, 41.327466399000173 ], [ 41.386126893000039, 41.137936661000083 ], [ 41.39411154700008, 41.077502350000088 ], [ 41.347302427000102, 41.027323557999978 ], [ 41.229594271999986, 40.951985018000073 ], [ 41.153166048000116, 40.811007406000158 ], [ 41.363510397000141, 40.728011806999973 ], [ 41.360083973000144, 40.704597912000111 ], [ 41.322107776000109, 40.684324903000061 ], [ 41.308211724000159, 40.657484585000077 ], [ 41.335147222000046, 40.56535185600012 ], [ 41.411731395000118, 40.570155022000165 ], [ 41.442222966000145, 40.606849655000019 ], [ 41.561386370000093, 40.679661161000183 ], [ 41.623633070000039, 40.699743811000189 ], [ 41.797428898000192, 40.654534053000191 ], [ 41.830241665000017, 40.681993033000026 ], [ 41.826244170000109, 40.737815186000148 ], [ 41.849443915000052, 40.785570968000115 ], [ 41.880638648000172, 40.803702461000114 ], [ 41.857200957000089, 40.864925991000121 ], [ 41.970052433000035, 40.958216401000072 ], [ 42.179189615000098, 40.963721209000084 ], [ 42.341584682000075, 40.921075442000188 ], [ 42.381371587000046, 40.976142106000054 ], [ 42.372044980999988, 41.04906822900017 ], [ 42.395758373999968, 41.097387987000104 ], [ 42.530696504000048, 41.229448760000025 ], [ 42.589434278000112, 41.256436385000029 ], [ 42.615032835000136, 41.299001428000167 ], [ 42.5494489350001, 41.369744726000022 ], [ 42.542422972000054, 41.431796625000118 ], [ 42.526082396000049, 41.443397187000187 ], [ 42.448516900000016, 41.438216799000031 ], [ 42.400937898999985, 41.466454500000054 ], [ 42.32929160000009, 41.468087199000081 ], [ 42.284104500000183, 41.493201899999974 ], [ 42.204918900000052, 41.491185100000109 ], [ 42.178171600000155, 41.514523099000087 ], [ 42.090832099000124, 41.513315799000054 ], [ 42.039169499000025, 41.49408440000019 ], [ 41.969348100000104, 41.522943599000143 ] ] ] } },
{ "type": "Feature", "properties": { "adm1_name": "Aydin", "adm1_pcode": "TUR009", "center_lat": 37.73041114, "center_lon": 28.04832544 }, "geometry": { "type": "Polygon", "coordinates": [ [ [ 28.366019313000038, 38.122957004 ], [ 28.330882210000027, 38.121226112000159 ], [ 28.330622576000053, 38.10158049000006 ], [ 28.304745744, 38.086262099000123 ], [ 28.277570743000183, 38.034335346000034 ], [ 28.04623706000001, 38.030787018000126 ], [ 28.001666597000053, 37.974706125000068 ], [ 27.911400592, 38.015555171000074 ], [ 27.879638728000145, 38.010968308000031 ], [ 27.870032278000053, 37.987860902000193 ], [ 27.81196085900018, 37.963109151000083 ], [ 27.614898832999984, 37.992015043000094 ], [ 27.574742145000073, 38.011054852000086 ], [ 27.497890549000033, 37.996948084000167 ], [ 27.474004243000024, 37.93913629900004 ], [ 27.423894928000095, 37.920529213000066 ], [ 27.436530437000044, 37.851812810000126 ], [ 27.394123589000117, 37.825503255000115 ], [ 27.266706494000175, 37.924604716000033 ], [ 27.263550200000168, 37.866851600000132 ], [ 27.241391, 37.8600694000001 ], [ 27.23613940000007, 37.839063999000189 ], [ 27.267572500000085, 37.816155099000071 ], [ 27.267711299000098, 37.79456190000019 ], [ 27.233197100000154, 37.724648700000046 ], [ 27.107054699000173, 37.684119600000088 ], [ 27.020183799999984, 37.688285699000062 ], [ 27.008397400000035, 37.659541 ], [ 27.189339700000119, 37.611529100000155 ], [ 27.222046899000134, 37.590146400000151 ], [ 27.21848760000006, 37.559180300000037 ], [ 27.174298400000112, 37.556878099000073 ], [ 27.188795499000094, 37.527056499000025 ], [ 27.174782099000083, 37.474799799000095 ], [ 27.228562900000043, 37.487032399000043 ], [ 27.218755700000031, 37.419659300000035 ], [ 27.232366300000137, 37.406544 ], [ 27.210323500000129, 37.398604699000146 ], [ 27.212252500000034, 37.376448099000129 ], [ 27.192014899000014, 37.353874799000039 ], [ 27.250233400000184, 37.336055800000167 ], [ 27.285340500000075, 37.356345 ], [ 27.330548600000157, 37.342606899000145 ], [ 27.318195500000172, 37.369245100000171 ], [ 27.359530600000085, 37.372902900000156 ], [ 27.368491000000176, 37.399105700000121 ], [ 27.405039500000157, 37.414588899000194 ], [ 27.428221999000073, 37.385352799000032 ], [ 27.396200319, 37.360849983000037 ], [ 27.453924355000026, 37.376127446000112 ], [ 27.471679244000143, 37.437072136000154 ], [ 27.471613450000177, 37.528979860000049 ], [ 27.529966139000067, 37.547998033000056 ], [ 27.609879247000151, 37.542588996000063 ], [ 27.649430123000059, 37.524328089000051 ], [ 27.747398597000142, 37.52605898000013 ], [ 27.769640556000013, 37.505980636000118 ], [ 27.77041945700006, 37.482094330000109 ], [ 27.795171209999978, 37.468420284999979 ], [ 27.931998204000024, 37.494556751000175 ], [ 27.951643826000179, 37.462102530000152 ], [ 28.049093031000154, 37.473786049000068 ], [ 28.135031806000086, 37.450245921000089 ], [ 28.156841043000099, 37.492046957000184 ], [ 28.220624404000091, 37.494816384000103 ], [ 28.247885950000125, 37.544146799000089 ], [ 28.278263100000174, 37.55790738900015 ], [ 28.293235314000128, 37.552108901 ], [ 28.288908085000116, 37.515673630000094 ], [ 28.343084996000186, 37.525712802000101 ], [ 28.394059759000186, 37.494816384000103 ], [ 28.452044632000025, 37.505028646000028 ], [ 28.465199410000082, 37.485815747000117 ], [ 28.60358420600005, 37.47248788100012 ], [ 28.617938090000166, 37.479445973000111 ], [ 28.598323034000089, 37.513242514000183 ], [ 28.604449653000131, 37.536011608000138 ], [ 28.751056184000106, 37.591832868000097 ], [ 28.755556503000093, 37.639951659000189 ], [ 28.791472507000094, 37.65933764600004 ], [ 28.796405548000166, 37.7046870100001 ], [ 28.866939388000105, 37.738699034000149 ], [ 28.842706903000135, 37.766566391000083 ], [ 28.783164226000054, 37.784913843000083 ], [ 28.743872984000177, 37.820570214000043 ], [ 28.728208414000107, 37.863929053000163 ], [ 28.743267172000117, 37.892056044000071 ], [ 28.728641136000192, 37.919836856000074 ], [ 28.760576089000097, 37.948310026000172 ], [ 28.82063803300008, 37.930308751000098 ], [ 28.824878718000036, 37.974186857000063 ], [ 28.744219162000036, 37.989678339000193 ], [ 28.719752499000037, 38.061482479000119 ], [ 28.656116771000143, 38.062981605000175 ], [ 28.602026404000128, 38.098551430000043 ], [ 28.532790734000116, 38.101320857000132 ], [ 28.500249969000151, 38.12356281600006 ], [ 28.434649170000057, 38.087473722000084 ], [ 28.366019313000038, 38.122957004 ] ] ] } },
{ "type": "Feature", "properties": { "adm1_name": "Balikesir", "adm1_pcode": "TUR010", "center_lat": 39.79493285, "center_lon": 27.96922716 }, "geometry": { "type": "MultiPolygon", "coordinates": [ [ [ [ 27.751907100000039, 40.526398799000049 ], [ 27.679932800000074, 40.500470098999983 ], [ 27.687749700000097, 40.474393899000177 ], [ 27.750461700000187, 40.44997560000013 ], [ 27.746831200000145, 40.432594000000108 ], [ 27.795121399000038, 40.38370439900018 ], [ 27.819427900000107, 40.400436299000091 ], [ 27.878225500000099, 40.373991 ], [ 27.770453800000155, 40.312099999000111 ], [ 27.668572600000175, 40.309816298999976 ], [ 27.620254800000055, 40.316132699000036 ], [ 27.622289900000055, 40.326580599000124 ], [ 27.547257600000023, 40.302125299000124 ], [ 27.508574530000033, 40.306629302000033 ], [ 27.497140277000085, 40.243308797000111 ], [ 27.397403863000136, 40.156968713000083 ], [ 27.393281916000035, 40.126937381000062 ], [ 27.451062790000151, 40.046927431000142 ], [ 27.444417397000166, 39.990174800000148 ], [ 27.512943058000133, 39.965462001000049 ], [ 27.524252304000072, 39.944686495000042 ], [ 27.45673191100019, 39.766754340000091 ], [ 27.292538396000054, 39.69496156200006 ], [ 27.242861480000045, 39.700071666999975 ], [ 27.150879601000156, 39.748910861000127 ], [ 27.048761287000104, 39.744470934 ], [ 26.982748793000155, 39.769937684000183 ], [ 26.811518411000179, 39.698396223000088 ], [ 26.75170505900013, 39.722271300000159 ], [ 26.726740943000152, 39.715150663000088 ], [ 26.655496618000086, 39.61323495 ], [ 26.657547799000099, 39.552067999000144 ], [ 26.773197100000175, 39.57121 ], [ 26.838182900000049, 39.557353999000156 ], [ 26.880265099000042, 39.585304 ], [ 26.926782100000139, 39.581614999000067 ], [ 26.952779900000053, 39.549570999000139 ], [ 26.929967100000056, 39.48488029900011 ], [ 26.855639599000028, 39.478157800000133 ], [ 26.847352400000091, 39.437871599000118 ], [ 26.798512700000117, 39.436766700000078 ], [ 26.798817899000028, 39.392863900000179 ], [ 26.713842800000066, 39.340856 ], [ 26.695176800000183, 39.34904900000015 ], [ 26.664749999000037, 39.339025999000114 ], [ 26.653504, 39.363266999000132 ], [ 26.633959099000037, 39.357065499000043 ], [ 26.623640200000068, 39.369691999000054 ], [ 26.623051899000131, 39.380517 ], [ 26.661548899000024, 39.375299999000106 ], [ 26.670229899000105, 39.389826 ], [ 26.600105900000074, 39.387643999000034 ], [ 26.617281800000114, 39.379929999000012 ], [ 26.62392820000008, 39.356515 ], [ 26.611219100000142, 39.357272000000137 ], [ 26.608317099000089, 39.351606999000126 ], [ 26.622798100000182, 39.326622999000108 ], [ 26.702660200000139, 39.336955000000103 ], [ 26.661845900000174, 39.302673 ], [ 26.67085880000019, 39.278918 ], [ 26.6306968990001, 39.297011 ], [ 26.656577999000149, 39.30369199900008 ], [ 26.652242200000103, 39.323233998999967 ], [ 26.626546100000155, 39.31239199900017 ], [ 26.609108, 39.273160000000132 ], [ 26.721195800000089, 39.256872999000166 ], [ 26.727887199000122, 39.21005049900009 ], [ 26.769950400000084, 39.166447699000173 ], [ 26.830236735000142, 39.230830756000046 ], [ 26.876900584000111, 39.2349383560001 ], [ 26.907502866000129, 39.268779411000139 ], [ 27.042187332000026, 39.317081108000082 ], [ 27.113925121000023, 39.359618217000047 ], [ 27.275008275000062, 39.364673857000184 ], [ 27.323472686000173, 39.393613038000183 ], [ 27.368886280000027, 39.384547752000117 ], [ 27.376731239000094, 39.364325193000127 ], [ 27.428929365000158, 39.408583601000089 ], [ 27.457025829000145, 39.409812309000188 ], [ 27.553110826000079, 39.376063785000042 ], [ 27.566544704000137, 39.344936507000114 ], [ 27.671066832000122, 39.334615356000143 ], [ 27.732420336000075, 39.360090577000051 ], [ 27.821296911000104, 39.314874109000186 ], [ 27.883387640000024, 39.344363110000188 ], [ 27.936877412000172, 39.338547223000091 ], [ 27.972346127000037, 39.297426450000103 ], [ 27.932945546000099, 39.263923666999972 ], [ 27.971854644000132, 39.240578208000102 ], [ 27.979308808000155, 39.203307387000109 ], [ 28.100541369000155, 39.156043071000113 ], [ 28.15108224100004, 39.077733389000173 ], [ 28.229391922000048, 39.091494924000074 ], [ 28.296561313999973, 39.061350611000194 ], [ 28.365860468000108, 39.097228896000047 ], [ 28.426968230000114, 39.099276744000178 ], [ 28.624216884000134, 39.18446719100001 ], [ 28.664436606000095, 39.180125755000176 ], [ 28.664722373000188, 39.211522101000185 ], [ 28.618189243000074, 39.258543341000177 ], [ 28.615423288000102, 39.292629673000135 ], [ 28.652492513000084, 39.311530367999978 ], [ 28.684599288000186, 39.278664311000171 ], [ 28.755263158000048, 39.272777798000106 ], [ 28.812269852000043, 39.301935741000079 ], [ 28.880277069000101, 39.391444783000111 ], [ 28.95031391200007, 39.41246996600006 ], [ 28.950971515000049, 39.459901371000115 ], [ 28.92445816500009, 39.490732711000135 ], [ 28.925545945000067, 39.516812989000073 ], [ 28.954088355000181, 39.540128860000038 ], [ 28.953444696000133, 39.558658556000182 ], [ 28.997964721000187, 39.582775399000184 ], [ 28.985407943000041, 39.609614335 ], [ 28.79289665400006, 39.631890130000045 ], [ 28.73057125400004, 39.701431681000088 ], [ 28.721481837000169, 39.776538520000145 ], [ 28.686443516000168, 39.775320619000183 ], [ 28.631103808999967, 39.734358385000064 ], [ 28.525578584000016, 39.75464961 ], [ 28.459821990000137, 39.805106402000035 ], [ 28.439783953000131, 39.854894054000113 ], [ 28.349504274000026, 39.867770482000083 ], [ 28.265228772000114, 39.916093258999979 ], [ 28.2674712970001, 39.957616125000129 ], [ 28.194553094000128, 40.007795614000031 ], [ 28.201081734000127, 40.033355565000022 ], [ 28.187917515000095, 40.047947161000138 ], [ 28.205908304000161, 40.064041735000103 ], [ 28.15294583400015, 40.116967954000074 ], [ 28.131147536000071, 40.200206587000025 ], [ 28.095460057000025, 40.254605880000042 ], [ 28.100861404000113, 40.266373103000149 ], [ 28.174068964000128, 40.265697934000116 ], [ 28.192202061000046, 40.336301271000082 ], [ 28.180488968000191, 40.397169406000103 ], [ 27.957272000000103, 40.359868000000176 ], [ 27.967967800000054, 40.356686499000091 ], [ 27.963282000000163, 40.351056 ], [ 27.940101300000094, 40.357562200000189 ], [ 27.896972700000163, 40.391017499999975 ], [ 28.005842599000061, 40.439822699000047 ], [ 28.032218399000158, 40.480784799000162 ], [ 27.882358800000134, 40.51465660000008 ], [ 27.781468600000096, 40.506567100000098 ], [ 27.77604290000005, 40.524061499000084 ], [ 27.751907100000039, 40.526398799000049 ] ] ], [ [ [ 26.636283, 39.299184999000033 ], [ 26.636231900000041, 39.299676999000042 ], [ 26.635621000000128, 39.299593000000129 ], [ 26.635735099000044, 39.299264999000059 ], [ 26.636283, 39.299184999000033 ] ] ], [ [ [ 26.600048800000138, 39.302203 ], [ 26.591203600000142, 39.301520899000025 ], [ 26.576628199000027, 39.278031900000144 ], [ 26.603368500000158, 39.283148000000153 ], [ 26.600048800000138, 39.302203 ] ] ], [ [ [ 26.658629999000084, 39.324496 ], [ 26.656656800000178, 39.324186999000119 ], [ 26.656548100000066, 39.323780999000121 ], [ 26.659082199000011, 39.323038999000175 ], [ 26.658629999000084, 39.324496 ] ] ], [ [ [ 26.615441199000145, 39.324837999000181 ], [ 26.615607100000091, 39.325061 ], [ 26.615217999000151, 39.325059 ], [ 26.61528820000018, 39.324827 ], [ 26.615441199000145, 39.324837999000181 ] ] ], [ [ [ 26.619752900000094, 39.329456999000115 ], [ 26.619835000000137, 39.329740000000129 ], [ 26.619514900000127, 39.32978 ], [ 26.619459799000083, 39.329547000000161 ], [ 26.619752900000094, 39.329456999000115 ] ] ], [ [ [ 26.594902098999967, 39.330649999000059 ], [ 26.594843, 39.331106 ], [ 26.594468999000014, 39.331012999000052 ], [ 26.59455290000011, 39.330791 ], [ 26.594902098999967, 39.330649999000059 ] ] ], [ [ [ 26.533182657000168, 39.324402223 ], [ 26.539488600000084, 39.329101200000025 ], [ 26.531055500000093, 39.333181099 ], [ 26.528304000000162, 39.327121599000122 ], [ 26.533182657000168, 39.324402223 ] ] ], [ [ [ 26.5831301, 39.334013 ], [ 26.583198099000072, 39.334317000000112 ], [ 26.582683, 39.33436599900017 ], [ 26.582726900000068, 39.334000999000182 ], [ 26.5831301, 39.334013 ] ] ], [ [ [ 26.568704200000127, 39.33392599900003 ], [ 26.568979900000045, 39.334230999000056 ], [ 26.568839899000068, 39.334493000000123 ], [ 26.56828579900008, 39.334086000000184 ], [ 26.568704200000127, 39.33392599900003 ] ] ], [ [ [ 26.561656100000164, 39.335984999 ], [ 26.561758, 39.337363 ], [ 26.560121000000152, 39.336870999000155 ], [ 26.560764, 39.336224999000194 ], [ 26.561656100000164, 39.335984999 ] ] ], [ [ [ 26.595290200000022, 39.337359000000106 ], [ 26.595315000000141, 39.337803999000073 ], [ 26.594788, 39.33762 ], [ 26.594957200000181, 39.337316999000109 ], [ 26.595290200000022, 39.337359000000106 ] ] ], [ [ [ 26.68873, 39.338455 ], [ 26.688868899000056, 39.338516 ], [ 26.688894800000185, 39.338778999000112 ], [ 26.688451, 39.338656999000136 ], [ 26.68873, 39.338455 ] ] ], [ [ [ 26.613793900000189, 39.334909 ], [ 26.602509300000122, 39.342877099000077 ], [ 26.595834499000034, 39.336765499000137 ], [ 26.602259, 39.33288570000019 ], [ 26.613793900000189, 39.334909 ] ] ], [ [ [ 26.676232899000127, 39.343919 ], [ 26.676482, 39.34426400000018 ], [ 26.6758430000001, 39.34420199900012 ], [ 26.675816000000168, 39.343979 ], [ 26.676232899000127, 39.343919 ] ] ], [ [ [ 26.578897899000083, 39.343935000000101 ], [ 26.576115800000025, 39.343965999000091 ], [ 26.573760000000107, 39.333469999000101 ], [ 26.580010000000129, 39.339383999000063 ], [ 26.578897899000083, 39.343935000000101 ] ] ], [ [ [ 26.679861000000187, 39.349482999000088 ], [ 26.679886900000042, 39.349766000000102 ], [ 26.679526899000166, 39.349562999000113 ], [ 26.679554999, 39.349420999000074 ], [ 26.679861000000187, 39.349482999000088 ] ] ], [ [ [ 26.713640900000087, 39.349444999000127 ], [ 26.713923799000099, 39.350066999000092 ], [ 26.71292409900019, 39.349862 ], [ 26.71314800000016, 39.349579999000071 ], [ 26.713640900000087, 39.349444999000127 ] ] ], [ [ [ 26.596877400000096, 39.34948930000013 ], [ 26.586760899000126, 39.349343299000054 ], [ 26.58621849900004, 39.343502800000067 ], [ 26.601633100000129, 39.34400339900003 ], [ 26.596877400000096, 39.34948930000013 ] ] ], [ [ [ 26.68232409899997, 39.351370000000145 ], [ 26.682490100000109, 39.351552999000091 ], [ 26.682378100000108, 39.351715 ], [ 26.682100898999977, 39.351430999000115 ], [ 26.68232409899997, 39.351370000000145 ] ] ], [ [ [ 26.598317000000179, 39.352692000000104 ], [ 26.599074799999983, 39.351460000000145 ], [ 26.600879899000063, 39.351831000000118 ], [ 26.600014100000067, 39.352617000000123 ], [ 26.598317000000179, 39.352692000000104 ] ] ], [ [ [ 26.590399900000079, 39.352321000000131 ], [ 26.590617, 39.353212999000107 ], [ 26.5892551, 39.35310699900009 ], [ 26.589759799000149, 39.352420000000166 ], [ 26.590399900000079, 39.352321000000131 ] ] ], [ [ [ 26.673607099000094, 39.353906999000174 ], [ 26.668102999000155, 39.353809999000134 ], [ 26.66377909900018, 39.351329000000135 ], [ 26.668585099999973, 39.351847998999972 ], [ 26.673607099000094, 39.353906999000174 ] ] ], [ [ [ 26.70060100000012, 39.35827599900017 ], [ 26.700459800000147, 39.35864 ], [ 26.69990510000008, 39.358516999000074 ], [ 26.699960900000065, 39.358314999000015 ], [ 26.70060100000012, 39.35827599900017 ] ] ], [ [ [ 26.591338100000087, 39.358104999000091 ], [ 26.592059199000118, 39.358552998999983 ], [ 26.592000799000118, 39.35887600000018 ], [ 26.590556900000081, 39.358587999000065 ], [ 26.591338100000087, 39.358104999000091 ] ] ], [ [ [ 26.721856099000092, 39.35845499900006 ], [ 26.722157, 39.359588999000096 ], [ 26.721849999000085, 39.359871 ], [ 26.720934800000123, 39.359222 ], [ 26.721856099000092, 39.35845499900006 ] ] ], [ [ [ 26.63361290000006, 39.367554 ], [ 26.632716099000049, 39.369027999000025 ], [ 26.631298100000038, 39.369023999000035 ], [ 26.631382999000039, 39.368557999000018 ], [ 26.63361290000006, 39.367554 ] ] ], [ [ [ 26.697678400000029, 39.372141299000077 ], [ 26.694043099000112, 39.371664 ], [ 26.6957782, 39.367607799000098 ], [ 26.698399300000176, 39.368449100000191 ], [ 26.697678400000029, 39.372141299000077 ] ] ], [ [ [ 26.727615, 39.377117999000063 ], [ 26.726773, 39.379179999000144 ], [ 26.724219799000082, 39.377777999000159 ], [ 26.724503200000186, 39.376524 ], [ 26.727615, 39.377117999000063 ] ] ], [ [ [ 26.761620800000117, 39.371519200000193 ], [ 26.769300400000134, 39.375345099000128 ], [ 26.769996000000162, 39.378586599000073 ], [ 26.760062600000026, 39.375052900000185 ], [ 26.761620800000117, 39.371519200000193 ] ] ], [ [ [ 26.708334100000116, 39.382149999000035 ], [ 26.703839199000072, 39.379851999000152 ], [ 26.703281200000163, 39.373718 ], [ 26.709343899000089, 39.373428999 ], [ 26.708334100000116, 39.382149999000035 ] ] ], [ [ [ 26.570531899000116, 39.378274 ], [ 26.575214000000187, 39.381347999000127 ], [ 26.5717148, 39.384958999000105 ], [ 26.568411100000048, 39.383853000000158 ], [ 26.570531899000116, 39.378274 ] ] ], [ [ [ 26.592113199000153, 39.396337000000131 ], [ 26.576183900000103, 39.390372 ], [ 26.588828899000191, 39.367885 ], [ 26.603023000000178, 39.394617 ], [ 26.592113199000153, 39.396337000000131 ] ] ], [ [ [ 26.71231, 39.409766999000169 ], [ 26.706919, 39.408175000000142 ], [ 26.70609380000019, 39.405724999000029 ], [ 26.71090489900007, 39.406222000000184 ], [ 26.71231, 39.409766999000169 ] ] ], [ [ [ 26.937597900000128, 39.537151400000084 ], [ 26.939454, 39.538229099000148 ], [ 26.939925751000089, 39.538754445999984 ], [ 26.937565199000176, 39.537554200000159 ], [ 26.937597900000128, 39.537151400000084 ] ] ], [ [ [ 27.78772720000012, 40.393144 ], [ 27.788954, 40.394066999000131 ], [ 27.788610999000127, 40.394599999000036 ], [ 27.7872001, 40.393467999000165 ], [ 27.78772720000012, 40.393144 ] ] ], [ [ [ 27.56485140000018, 40.470022999000037 ], [ 27.560158600000022, 40.46845719900017 ], [ 27.569087600000046, 40.467180899000084 ], [ 27.56485140000018, 40.470022999000037 ] ] ], [ [ [ 27.601201499000183, 40.510637299000166 ], [ 27.607617300000129, 40.480672299000105 ], [ 27.581374, 40.482455599000048 ], [ 27.576382799000157, 40.465556700000036 ], [ 27.660091499000032, 40.446285199000101 ], [ 27.66194499900007, 40.464781899000172 ], [ 27.646692100000053, 40.455404400000077 ], [ 27.632569900000078, 40.469057900000053 ], [ 27.648229400000105, 40.492948300000194 ], [ 27.601201499000183, 40.510637299000166 ] ] ], [ [ [ 27.577164247000155, 40.496341250000057 ], [ 27.583185500000127, 40.506972500000074 ], [ 27.581466800000044, 40.521703799000079 ], [ 27.570432599000014, 40.500374599000111 ], [ 27.577164247000155, 40.496341250000057 ] ] ], [ [ [ 27.586462300000051, 40.526457199000106 ], [ 27.580353900000148, 40.529347499000153 ], [ 27.578603599000189, 40.528420599000185 ], [ 27.581223299000044, 40.525259900000037 ], [ 27.586462300000051, 40.526457199000106 ] ] ], [ [ [ 27.540531999000166, 40.521845499000051 ], [ 27.514729700000032, 40.537491900000134 ], [ 27.49728879900016, 40.521470998999973 ], [ 27.478373299000054, 40.497743199000183 ], [ 27.487354900000014, 40.469267599000034 ], [ 27.535178799000107, 40.489392899000052 ], [ 27.523871100000179, 40.503422000000114 ], [ 27.540531999000166, 40.521845499000051 ] ] ], [ [ [ 27.466459553000163, 40.541380508000032 ], [ 27.482943300000045, 40.548040099000104 ], [ 27.503766899000027, 40.550397099000065 ], [ 27.468178499000089, 40.549659599000165 ], [ 27.466459553000163, 40.541380508000032 ] ] ], [ [ [ 27.487643800000114, 40.640666899000166 ], [ 27.486850299000139, 40.64820279900016 ], [ 27.477309700000035, 40.644753299000058 ], [ 27.485612200000105, 40.637776799000108 ], [ 27.487643800000114, 40.640666899000166 ] ] ], [ [ [ 27.678029100000117, 40.663129200000185 ], [ 27.67673960000019, 40.665607200000068 ], [ 27.674159300000042, 40.66124950000011 ], [ 27.676591600000052, 40.660139799000035 ], [ 27.678029100000117, 40.663129200000185 ] ] ], [ [ [ 27.638558899000088, 40.665028400000097 ], [ 27.531277500000158, 40.646423599000059 ], [ 27.52830020000016, 40.602910599000097 ], [ 27.573309800000175, 40.575666100000149 ], [ 27.630158100000187, 40.580718899000146 ], [ 27.73511909900003, 40.633067799000059 ], [ 27.638558899000088, 40.665028400000097 ] ] ] ] } },
{ "type": "Feature", "properties": { "adm1_name": "Bartin", "adm1_pcode": "TUR074", "center_lat": 41.58283096, "center_lon": 32.47488186 }, "geometry": { "type": "Polygon", "coordinates": [ [ [ 32.739099499000076, 41.849007399000186 ], [ 32.676957899000115, 41.830256100000099 ], [ 32.580018399000096, 41.827015500000186 ], [ 32.571979, 41.811275498999976 ], [ 32.499201600000106, 41.801556700000106 ], [ 32.416016099000103, 41.739310999000168 ], [ 32.383902100000114, 41.753982599000153 ], [ 32.337165800000093, 41.72182690000011 ], [ 32.283807700000182, 41.720172799000125 ], [ 32.22325770000009, 41.687565399000107 ], [ 32.230832900000166, 41.688813899000024 ], [ 32.23768899900017, 41.679958899000098 ], [ 32.22594550000008, 41.683979299000043 ], [ 32.148328899000035, 41.605914700000028 ], [ 32.088992352000105, 41.588777479000044 ], [ 32.148513740000169, 41.554510315000186 ], [ 32.165935605000016, 41.502707248000092 ], [ 32.18952450200004, 41.515195487000142 ], [ 32.191374611000072, 41.540942845000131 ], [ 32.221515977000138, 41.549962129000107 ], [ 32.232154108000088, 41.464317475000087 ], [ 32.279576013000053, 41.438030502000174 ], [ 32.271867224000061, 41.406064720000131 ], [ 32.291087806000178, 41.380677106000064 ], [ 32.287798722000161, 41.326201658000059 ], [ 32.390890937000108, 41.316539975000126 ], [ 32.610848405000127, 41.357550737000167 ], [ 32.626368768000077, 41.393113954000057 ], [ 32.66810901000008, 41.423018348000085 ], [ 32.641899124000076, 41.491703664 ], [ 32.664794230000098, 41.506889980000153 ], [ 32.765085585000065, 41.515600912000025 ], [ 32.847334372000034, 41.571670419000043 ], [ 32.895354767000185, 41.622525966000069 ], [ 32.897038139000017, 41.658762759000126 ], [ 32.933540727000093, 41.727338010000096 ], [ 32.917773940000188, 41.751875439000059 ], [ 32.857743166000091, 41.734434880000038 ], [ 32.821662370000126, 41.771998450000126 ], [ 32.772916225000131, 41.77889334200006 ], [ 32.746967707000067, 41.829678297000157 ], [ 32.757142842000064, 41.848215884000126 ], [ 32.739099499000076, 41.849007399000186 ] ] ] } },
{ "type": "Feature", "properties": { "adm1_name": "Batman", "adm1_pcode": "TUR072", "center_lat": 38.0282075, "center_lon": 41.31693229 }, "geometry": { "type": "Polygon", "coordinates": [ [ [ 41.636923046000049, 38.485473156000069 ], [ 41.62814479900004, 38.503522810000106 ], [ 41.558313351000095, 38.518712136000147 ], [ 41.508420452000109, 38.555169544000194 ], [ 41.484552137000094, 38.515569840000182 ], [ 41.282669199, 38.440810494 ], [ 41.240809008000099, 38.40704407000004 ], [ 41.239833690000069, 38.370038418000092 ], [ 41.177635686000087, 38.312237241000162 ], [ 41.186355115000026, 38.287353901000074 ], [ 41.164388969000129, 38.189130670000168 ], [ 41.202622089000045, 38.169367584000099 ], [ 41.217093243000136, 38.141231824000045 ], [ 41.213369456000123, 38.093314692000035 ], [ 41.144699483000124, 38.009622344000036 ], [ 41.155056973000171, 37.986928840000189 ], [ 41.12938830700017, 37.945617608000134 ], [ 41.094713093000109, 37.90972287500017 ], [ 41.034167134000086, 37.881808190000015 ], [ 40.998982227000056, 37.846233621000067 ], [ 40.986537420000047, 37.805456838000111 ], [ 41.004943870000147, 37.781904652000094 ], [ 41.031054350000147, 37.791569319000132 ], [ 41.020617499000139, 37.771481487000187 ], [ 41.052501460000087, 37.77784042900015 ], [ 41.044383218, 37.73442499600003 ], [ 41.082833260000143, 37.680320539000093 ], [ 41.08033174100018, 37.649698493000187 ], [ 41.114145379000149, 37.619507744000032 ], [ 41.122426270000119, 37.542305686000077 ], [ 41.185309289000031, 37.502281380000113 ], [ 41.455818398000019, 37.503920305000065 ], [ 41.488941962000126, 37.525398866000046 ], [ 41.548470943000041, 37.530051094000044 ], [ 41.631787334000023, 37.583623882000154 ], [ 41.659994120000135, 37.632360377000055 ], [ 41.679574977000129, 37.610709297000085 ], [ 41.69277264699997, 37.615194779000092 ], [ 41.703382538000085, 37.656512977000034 ], [ 41.724526680000167, 37.673507864000101 ], [ 41.720118276000107, 37.70675656300017 ], [ 41.674693519000186, 37.733247777000031 ], [ 41.702782419000073, 37.817274703000123 ], [ 41.677726697000139, 37.856143198000154 ], [ 41.623974673000134, 37.879485710000097 ], [ 41.459720484000115, 37.886124406000135 ], [ 41.416997262000166, 37.906361721000053 ], [ 41.372667905000071, 37.96064912300011 ], [ 41.497839448000036, 38.051984731000118 ], [ 41.617573923000066, 38.081454355000062 ], [ 41.613671608000061, 38.117526984000165 ], [ 41.655264584000122, 38.149126226000078 ], [ 41.62947122900016, 38.215655954 ], [ 41.661165648000065, 38.261056069000063 ], [ 41.637601623000194, 38.342143042000032 ], [ 41.636923046000049, 38.485473156000069 ] ] ] } },
{ "type": "Feature", "properties": { "adm1_name": "Bayburt", "adm1_pcode": "TUR069", "center_lat": 40.24768791, "center_lon": 40.21956663 }, "geometry": { "type": "Polygon", "coordinates": [ [ [ 40.131408457000191, 40.573287137000023 ], [ 40.0789718690001, 40.513297953000176 ], [ 39.932587431000115, 40.47969996400019 ], [ 39.871006982000154, 40.438773235999975 ], [ 39.869484126000089, 40.378334928000129 ], [ 39.818087769000044, 40.323892861000104 ], [ 39.833125964000089, 40.246132077000141 ], [ 39.821799728000144, 40.190738226000065 ], [ 39.799432796000076, 40.160566659999972 ], [ 39.686265633000062, 40.144957397000155 ], [ 39.662566201000061, 40.117260471000179 ], [ 39.65152550300013, 40.074430174000156 ], [ 39.672179223000171, 40.019512215000191 ], [ 39.770974443000114, 39.966593003000185 ], [ 39.791652663000036, 39.922991629000194 ], [ 39.933937636000053, 40.03655180800007 ], [ 40.037396598000157, 40.079477283000188 ], [ 40.146280731000047, 40.028080926000143 ], [ 40.245266308000168, 40.050257503000182 ], [ 40.308018411000091, 40.014369337000119 ], [ 40.411110935000124, 40.001892665000014 ], [ 40.469815593000078, 40.016498157000058 ], [ 40.516553169000076, 40.065591458000142 ], [ 40.667979148000029, 40.119773124000176 ], [ 40.692478683000047, 40.150680231000081 ], [ 40.707743778000179, 40.222953862 ], [ 40.635847064000075, 40.222011572000042 ], [ 40.546612215000096, 40.286464197000157 ], [ 40.525881839000078, 40.329244156000129 ], [ 40.582230772000116, 40.36147046800005 ], [ 40.580534650000118, 40.393979468000111 ], [ 40.55528128200018, 40.425923094000098 ], [ 40.586376847000054, 40.535417173000155 ], [ 40.504867412000124, 40.51688586400013 ], [ 40.476409058000058, 40.527736207000032 ], [ 40.276936289000162, 40.514276505000169 ], [ 40.21735458600017, 40.551586453000084 ], [ 40.131408457000191, 40.573287137000023 ] ] ] } },
{ "type": "Feature", "properties": { "adm1_name": "Bilecik", "adm1_pcode": "TUR011", "center_lat": 40.08827707, "center_lon": 30.13385279 }, "geometry": { "type": "Polygon", "coordinates": [ [ [ 30.02300111600016, 40.429240113 ], [ 29.997363548000067, 40.463741227000014 ], [ 29.994599647000086, 40.499957867000091 ], [ 29.96845853700006, 40.516983683000149 ], [ 29.936250391000044, 40.519557394 ], [ 29.867569090000131, 40.487202178000075 ], [ 29.894703351000032, 40.427639166000176 ], [ 29.807123664000187, 40.372782367000127 ], [ 29.835581547000174, 40.338588786000059 ], [ 29.822933598000191, 40.25630358799998 ], [ 29.77520965400015, 40.179312881000044 ], [ 29.730353560000083, 40.175268479000067 ], [ 29.710352153000144, 40.142986797000162 ], [ 29.71689673100019, 40.100042600000108 ], [ 29.75359048700011, 40.078349898000113 ], [ 29.758958512000049, 39.936942896000176 ], [ 29.733589081000048, 39.880100664000111 ], [ 29.699101362000135, 39.847230706000062 ], [ 29.74667823700014, 39.787888298000041 ], [ 29.751090311000155, 39.719942344000174 ], [ 29.874701944000037, 39.718692256000111 ], [ 29.919631575000039, 39.700896888000159 ], [ 29.951839722000159, 39.663100112000109 ], [ 30.001769703000036, 39.653834754000172 ], [ 30.026477323000108, 39.66651946900015 ], [ 29.989581347000183, 39.695363410000084 ], [ 30.006510442000149, 39.769774391000112 ], [ 30.060238188000085, 39.823700290000033 ], [ 30.140178733000027, 39.854612144000043 ], [ 30.261674774000028, 39.841250975999969 ], [ 30.298587830000088, 39.876210811000021 ], [ 30.306400716000155, 39.936675755000181 ], [ 30.354042336000134, 39.940242508000154 ], [ 30.374310549000143, 39.956859045000044 ], [ 30.379858830000103, 40.010622175000037 ], [ 30.483485724000104, 40.023169500000051 ], [ 30.557877988000087, 40.129407767000032 ], [ 30.652942990000099, 40.149417563000043 ], [ 30.631415362000041, 40.170089788000155 ], [ 30.626995782000108, 40.207584928000074 ], [ 30.605753288000074, 40.215711251000187 ], [ 30.608675913000184, 40.246149321000132 ], [ 30.579449665000141, 40.258837790000086 ], [ 30.559917976000122, 40.294265708000069 ], [ 30.483504150000044, 40.315085131000046 ], [ 30.444196762000047, 40.394105098000182 ], [ 30.311449984000092, 40.379866196000137 ], [ 30.234707759000116, 40.35702427800004 ], [ 30.218870176000053, 40.336218607000148 ], [ 30.116699825000182, 40.373664319999989 ], [ 30.069320292000157, 40.451351324000143 ], [ 30.02300111600016, 40.429240113 ] ] ] } },
{ "type": "Feature", "properties": { "adm1_name": "Bingol", "adm1_pcode": "TUR012", "center_lat": 39.01098033, "center_lon": 40.72033149 }, "geometry": { "type": "Polygon", "coordinates": [ [ [ 40.607362276000117, 39.517487421000112 ], [ 40.546916291000173, 39.532885412000041 ], [ 40.449263213000108, 39.513540394000131 ], [ 40.421825010000134, 39.529746816000056 ], [ 40.395711673000164, 39.512226465000026 ], [ 40.290158785000131, 39.498520769000038 ], [ 40.2740736290001, 39.467682955000043 ], [ 40.317761305000147, 39.408800811000162 ], [ 40.291776819000063, 39.364319171000147 ], [ 40.224771197, 39.365651669000101 ], [ 40.194123741000169, 39.339763134000066 ], [ 40.12787954700002, 39.327104401000099 ], [ 40.115513028000123, 39.303284419000136 ], [ 40.019580865000194, 39.332169325000166 ], [ 39.996242807000101, 39.324907616000189 ], [ 40.024701159000188, 39.282553211000049 ], [ 39.950461978000192, 39.252572002000193 ], [ 39.927809510000145, 39.18670852300005 ], [ 39.938088781000033, 39.147114292000026 ], [ 39.95741000300012, 39.13293270500003 ], [ 39.937633050000102, 39.107265804000065 ], [ 39.952973428000121, 39.099074022000138 ], [ 40.00483761900017, 39.100825824000083 ], [ 40.157841704000134, 39.169304748000059 ], [ 40.206150573000173, 39.177338178000184 ], [ 40.293343107000169, 39.158084011000028 ], [ 40.300481490000095, 39.122582452000074 ], [ 40.244326212000033, 39.041395244000114 ], [ 40.225659021000126, 38.918190777000177 ], [ 40.253165589000162, 38.843285347 ], [ 40.330926373000125, 38.822821983000097 ], [ 40.337874400000089, 38.767904023000085 ], [ 40.254593265000153, 38.724312298000086 ], [ 40.208336545000179, 38.672820763000175 ], [ 40.172834987000158, 38.679863968000177 ], [ 40.147707879000166, 38.633607247000157 ], [ 40.173025344, 38.592014270000163 ], [ 40.22480241400001, 38.568790730000103 ], [ 40.246788633999984, 38.529101322000145 ], [ 40.275106228000027, 38.523790636000058 ], [ 40.274700068000129, 38.503844900000104 ], [ 40.305051650000053, 38.489258528000107 ], [ 40.357056643000192, 38.491485228000158 ], [ 40.349668902000076, 38.53175330300013 ], [ 40.431451597000034, 38.570357662000106 ], [ 40.444350209000049, 38.634942205000129 ], [ 40.532627950000062, 38.593776420000097 ], [ 40.623009720000141, 38.585817701 ], [ 40.644232969000143, 38.597435599999983 ], [ 40.647892150000132, 38.632014861000187 ], [ 40.689606814000172, 38.601369220000038 ], [ 40.751172533000158, 38.615365587000042 ], [ 40.767364409000152, 38.58801320900011 ], [ 40.809536470000126, 38.565692205000175 ], [ 40.863692348000143, 38.623049868000123 ], [ 40.896990894000112, 38.625245375000191 ], [ 40.955354831000079, 38.669887383000116 ], [ 41.017560907000188, 38.67601651200016 ], [ 41.104283495000061, 38.710778731000062 ], [ 41.158713812000144, 38.697239761000162 ], [ 41.155412689000116, 38.748192658000107 ], [ 41.123432733000129, 38.760946568000065 ], [ 41.132855399000164, 38.822336661000065 ], [ 41.112963105000063, 38.905427438000117 ], [ 41.173211057000174, 38.967007888000182 ], [ 41.186916751000183, 39.002509445000101 ], [ 41.287044469000193, 39.058284010000193 ], [ 41.174543554000024, 39.176305274000185 ], [ 41.176447123000059, 39.23997964900019 ], [ 41.14760805700007, 39.327543813000091 ], [ 41.154746440000167, 39.367042865000087 ], [ 41.17263998500016, 39.380558203000135 ], [ 41.13895034900014, 39.42963772600018 ], [ 40.952237979000131, 39.450816534000126 ], [ 40.86218569000016, 39.447427924000067 ], [ 40.795853664000049, 39.412948826000047 ], [ 40.630828395000037, 39.413457118000053 ], [ 40.585675177000098, 39.444971183000064 ], [ 40.607362276000117, 39.517487421000112 ] ] ] } },
{ "type": "Feature", "properties": { "adm1_name": "Bitlis", "adm1_pcode": "TUR013", "center_lat": 38.498246, "center_lon": 42.194924 }, "geometry": { "type": "Polygon", "coordinates": [ [ [ 42.999802647000081, 39.02269403300005 ], [ 42.956948173000058, 39.022384054999975 ], [ 42.93276988100007, 38.942254712000022 ], [ 42.794597137000039, 38.979452086000038 ], [ 42.669443473000058, 38.936442623000119 ], [ 42.609617698000136, 38.933032863000051 ], [ 42.578697380999984, 38.88514124500017 ], [ 42.542507436000108, 38.941014800000119 ], [ 42.425025731000119, 38.956746189000114 ], [ 42.278096106000078, 38.898315315000048 ], [ 42.206568656000172, 38.896300457000166 ], [ 42.166039018000106, 38.849028795000038 ], [ 42.167588909000187, 38.817643511000085 ], [ 42.116287531000125, 38.806639288000042 ], [ 42.081957455000179, 38.777888818000122 ], [ 42.116287531000125, 38.744798655000068 ], [ 41.941072403000135, 38.62173734400011 ], [ 41.940452447000155, 38.586477333000062 ], [ 41.692702441000051, 38.608795758000099 ], [ 41.56189167600013, 38.589887093000073 ], [ 41.508420452000109, 38.555169544000194 ], [ 41.558313351000095, 38.518712136000147 ], [ 41.631301023000049, 38.499577531000114 ], [ 41.643334125000194, 38.463379590999978 ], [ 41.637601623000194, 38.342143042000032 ], [ 41.661165648000065, 38.261056069000063 ], [ 41.714941465000152, 38.237927709000076 ], [ 41.81281811700012, 38.225965499000097 ], [ 41.850270853000097, 38.195729266000114 ], [ 41.932210133000126, 38.18970028800004 ], [ 41.968749386000127, 38.15462260400011 ], [ 42.029404550000038, 38.183031874000051 ], [ 42.082295122000176, 38.185863666000046 ], [ 42.127603798, 38.232999305000135 ], [ 42.216850928000042, 38.233182002000092 ], [ 42.239962007000088, 38.207878567000193 ], [ 42.242944144000035, 38.177306725000165 ], [ 42.291665053000031, 38.126670074000117 ], [ 42.360724244000096, 38.104198431000043 ], [ 42.439649035, 38.037971032000144 ], [ 42.484135579000053, 38.025364989000082 ], [ 42.498477235999985, 37.98261406000006 ], [ 42.555478473000164, 37.968272403000128 ], [ 42.628100243000063, 37.977133172000038 ], [ 42.654155367000044, 37.999692653000125 ], [ 42.690578298000048, 38.086326868000071 ], [ 42.66446138200007, 38.108135840000102 ], [ 42.672000286000127, 38.142599400000051 ], [ 42.704220125000177, 38.182088894000174 ], [ 42.731234530000052, 38.188640561000057 ], [ 42.739850419000163, 38.216103710000141 ], [ 42.687706334999973, 38.257747177 ], [ 42.675051747000111, 38.287723294000045 ], [ 42.682500902000129, 38.310878498000079 ], [ 42.750799779000033, 38.343188086000168 ], [ 42.777365439000164, 38.394524430000104 ], [ 42.757338587000163, 38.515831776000027 ], [ 42.786025828000049, 38.59382521200007 ], [ 43.063933471000098, 38.71305655600014 ], [ 43.207369676000155, 38.815254851000134 ], [ 43.24322872700003, 38.864561046000119 ], [ 43.242332250000175, 38.896834191999972 ], [ 43.21723091500013, 38.914763717000142 ], [ 43.074018296000077, 38.920219599000177 ], [ 43.041292632000079, 38.996579479000104 ], [ 42.999802647000081, 39.02269403300005 ] ] ] } },
{ "type": "Feature", "properties": { "adm1_name": "Bolu", "adm1_pcode": "TUR014", "center_lat": 40.58950002, "center_lon": 31.65587505 }, "geometry": { "type": "Polygon", "coordinates": [ [ [ 32.268993729000044, 41.033188433000021 ], [ 32.134814259000052, 41.008990671000049 ], [ 31.998035515000083, 41.031997817000104 ], [ 31.874656536000145, 41.004524083000149 ], [ 31.76927973100004, 41.019243055000118 ], [ 31.751119482000149, 40.988605761000031 ], [ 31.635309696000036, 40.950474898000152 ], [ 31.603228626000032, 40.904962554000122 ], [ 31.436749260000056, 40.824032708000118 ], [ 31.372929319000036, 40.676630885000066 ], [ 31.303292010000121, 40.631032991000097 ], [ 31.199178244000166, 40.622306940000101 ], [ 31.161536456000135, 40.654388010000105 ], [ 31.081462105000128, 40.663541808000048 ], [ 30.958270796000079, 40.636935908000112 ], [ 30.900521482000102, 40.646379538000019 ], [ 30.873175704, 40.596102187000042 ], [ 30.882377961000145, 40.535738685000126 ], [ 30.853080428000169, 40.504730347000077 ], [ 30.631210422000152, 40.505104586000016 ], [ 30.59207576100016, 40.475272426000117 ], [ 30.559917976000122, 40.373390432000065 ], [ 30.576384473000189, 40.34359391400011 ], [ 30.563410869000052, 40.283715744000062 ], [ 30.608675913000184, 40.246149321000132 ], [ 30.605753288000074, 40.215711251000187 ], [ 30.626995782000108, 40.207584928000074 ], [ 30.631415362000041, 40.170089788000155 ], [ 30.652942990000099, 40.149417563000043 ], [ 30.820756314000164, 40.144403954000097 ], [ 30.957240523000166, 40.21739829500018 ], [ 31.052914910000027, 40.222388142000113 ], [ 31.069595256000127, 40.334018160000085 ], [ 31.110155588000055, 40.361604888000159 ], [ 31.23796697, 40.334944845999985 ], [ 31.326955553000062, 40.364313662000143 ], [ 31.414702616000056, 40.37042028500008 ], [ 31.452482890000169, 40.326794761000087 ], [ 31.577312242000119, 40.266607696000108 ], [ 31.752420247000032, 40.333542936000185 ], [ 31.870893485000067, 40.317717991000109 ], [ 32.003314557000067, 40.376568643000041 ], [ 32.039175687000181, 40.417107312000041 ], [ 32.097385056000121, 40.429407506000075 ], [ 32.122393680000073, 40.488750955000057 ], [ 32.175428630000056, 40.51365267000017 ], [ 32.206603296000026, 40.551670556000033 ], [ 32.331397007000191, 40.584270893000053 ], [ 32.381865751000134, 40.558893954000098 ], [ 32.42748721300012, 40.569443917 ], [ 32.440318249000029, 40.611358635999977 ], [ 32.431384046, 40.650136880000048 ], [ 32.570018643000139, 40.747533951000037 ], [ 32.568364667000083, 40.81576225200007 ], [ 32.512796283000057, 40.885712040000044 ], [ 32.39958228200004, 40.861825246000194 ], [ 32.342770473000087, 40.873808606000125 ], [ 32.364125287000093, 40.96186274400003 ], [ 32.329841160000115, 40.960484025000085 ], [ 32.301163820000056, 41.011680429000194 ], [ 32.268993729000044, 41.033188433000021 ] ] ] } },
{ "type": "Feature", "properties": { "adm1_name": "Burdur", "adm1_pcode": "TUR015", "center_lat": 37.33675913, "center_lon": 30.57977065 }, "geometry": { "type": "Polygon", "coordinates": [ [ [ 30.43075596000017, 37.776330275000078 ], [ 30.381773556000098, 37.832876586000111 ], [ 30.217648276000034, 37.774839182000051 ], [ 30.141646590000107, 37.788855456000192 ], [ 30.110768411000038, 37.813278935000142 ], [ 30.059577153000191, 37.790192681000065 ], [ 30.005706469000131, 37.8019261 ], [ 29.916901868000082, 37.788266654000154 ], [ 29.830540751000171, 37.708236266000142 ], [ 29.727230385000041, 37.704577615000176 ], [ 29.673404817000176, 37.67828494000014 ], [ 29.672164596000187, 37.662906206000116 ], [ 29.696410907000029, 37.648643671000116 ], [ 29.68661316500004, 37.61590185100016 ], [ 29.597224274000098, 37.628738133000184 ], [ 29.52735852, 37.590870067000083 ], [ 29.517106030000093, 37.556557301 ], [ 29.545961827000156, 37.536548410000137 ], [ 29.537583448000134, 37.475915409000038 ], [ 29.549902973000087, 37.44548866700012 ], [ 29.612727769000116, 37.419321951000143 ], [ 29.639487393000138, 37.37222167699997 ], [ 29.486182253000038, 37.249010694000049 ], [ 29.461423348000096, 37.144556455999975 ], [ 29.43302424400008, 37.095205373000056 ], [ 29.439443219000168, 37.063944129000049 ], [ 29.349660927000059, 37.031849252000086 ], [ 29.34849384000006, 37.006590167000127 ], [ 29.36925130700007, 37.001421642000139 ], [ 29.379254905000153, 36.966742501 ], [ 29.327962389000106, 36.88889336699998 ], [ 29.382530355000085, 36.881723162000128 ], [ 29.416065556000035, 36.843439096000111 ], [ 29.438168301000189, 36.839980046000051 ], [ 29.495037434000096, 36.867007541000135 ], [ 29.539301551999984, 36.941992718000108 ], [ 29.601154063000138, 36.996868500000176 ], [ 29.701701036000088, 36.987312141000189 ], [ 29.73403323000008, 36.96242541200013 ], [ 29.784423426000103, 36.986647686000026 ], [ 29.86255266, 37.032180518000132 ], [ 29.872382645000073, 37.074309026000094 ], [ 29.8329669580001, 37.117543940000189 ], [ 29.871903912000164, 37.155523428000038 ], [ 29.985661524000136, 37.211311787000056 ], [ 30.042120108000063, 37.284334535000028 ], [ 30.123065888000156, 37.291403826000078 ], [ 30.212772482000162, 37.345580450000057 ], [ 30.280752576000054, 37.314047899000059 ], [ 30.355562594000105, 37.305813690000093 ], [ 30.490309990000071, 37.241025151000088 ], [ 30.742953379000141, 37.243259239000167 ], [ 30.767145355000025, 37.231131335000157 ], [ 30.881567627999971, 37.27321048400006 ], [ 30.908506111000179, 37.332937366000067 ], [ 30.944896537000034, 37.360525841000026 ], [ 30.928863445000047, 37.380188046 ], [ 30.84803585800006, 37.402289519000192 ], [ 30.840766979000193, 37.458102549000046 ], [ 30.759693431000187, 37.555984433000049 ], [ 30.72518412800008, 37.661178925000058 ], [ 30.609933655000191, 37.661941416000047 ], [ 30.586738686999979, 37.686417369000026 ], [ 30.487546270000166, 37.70563213500003 ], [ 30.444297797000161, 37.72832385800001 ], [ 30.43075596000017, 37.776330275000078 ] ] ] } },
{ "type": "Feature", "properties": { "adm1_name": "Bursa", "adm1_pcode": "TUR016", "center_lat": 40.09870099, "center_lon": 28.94342606 }, "geometry": { "type": "MultiPolygon", "coordinates": [ [ [ [ 29.787853607000159, 40.592224983000051 ], [ 29.706558111000106, 40.616361077000079 ], [ 29.630942880000077, 40.550352519000114 ], [ 29.506736036000063, 40.527862068000047 ], [ 29.479132154000183, 40.556094010999971 ], [ 29.421558205000053, 40.544001200000139 ], [ 29.372198240000102, 40.565296717000081 ], [ 29.211721313000169, 40.52475918 ], [ 29.107373284000118, 40.562710832000107 ], [ 29.016791284000135, 40.558832006000159 ], [ 28.989840811000192, 40.466232205999972 ], [ 29.083261499000173, 40.477374999000119 ], [ 29.155512000000158, 40.424722998999982 ], [ 29.085953999000026, 40.417349999000123 ], [ 29.051387799000111, 40.362384800000029 ], [ 28.926245, 40.355771999000126 ], [ 28.877283299, 40.382542399000158 ], [ 28.796426799000017, 40.39431 ], [ 28.657695299000181, 40.361318600000118 ], [ 28.510812764000093, 40.395553535000033 ], [ 28.180488968000191, 40.397169406000103 ], [ 28.192202061000046, 40.336301271000082 ], [ 28.174068964000128, 40.265697934000116 ], [ 28.100861404000113, 40.266373103000149 ], [ 28.095460057000025, 40.254605880000042 ], [ 28.131147536000071, 40.200206587000025 ], [ 28.15294583400015, 40.116967954000074 ], [ 28.205908304000161, 40.064041735000103 ], [ 28.187917515000095, 40.047947161000138 ], [ 28.201081734000127, 40.033355565000022 ], [ 28.194553094000128, 40.007795614000031 ], [ 28.2674712970001, 39.957616125000129 ], [ 28.265228772000114, 39.916093258999979 ], [ 28.290909291000162, 39.893523340000115 ], [ 28.363321116000122, 39.863864149000051 ], [ 28.439783953000131, 39.854894054000113 ], [ 28.459821990000137, 39.805106402000035 ], [ 28.525578584000016, 39.75464961 ], [ 28.631103808999967, 39.734358385000064 ], [ 28.686443516000168, 39.775320619000183 ], [ 28.721038921000115, 39.776769134 ], [ 28.73057125400004, 39.701431681000088 ], [ 28.758383852000122, 39.684063812000034 ], [ 28.769020674000046, 39.648934621000194 ], [ 28.829498913000123, 39.618019379000032 ], [ 28.940608180000083, 39.624099772000136 ], [ 29.174297254000123, 39.582271242000104 ], [ 29.213347826000188, 39.613344739000127 ], [ 29.257221749000109, 39.700628797999968 ], [ 29.417054931000109, 39.817306711000072 ], [ 29.456449688000134, 39.867041524000172 ], [ 29.60855959700018, 39.875501570000097 ], [ 29.704455758000108, 39.861169601000029 ], [ 29.748001859000055, 39.902528712000048 ], [ 29.75359048700011, 40.078349898000113 ], [ 29.71689673100019, 40.100042600000108 ], [ 29.710352153000144, 40.142986797000162 ], [ 29.730353560000083, 40.175268479000067 ], [ 29.77520965400015, 40.179312881000044 ], [ 29.822933598000191, 40.25630358799998 ], [ 29.835581547000174, 40.338588786000059 ], [ 29.807123664000187, 40.372782367000127 ], [ 29.894703351000032, 40.427639166000176 ], [ 29.867569090000131, 40.487202178000075 ], [ 29.938233136, 40.520022502000131 ], [ 29.891398493000111, 40.581567488000132 ], [ 29.849813362000077, 40.597553731000062 ], [ 29.787853607000159, 40.592224983000051 ] ] ], [ [ [ 28.536021799000025, 40.514143698999987 ], [ 28.536942755000155, 40.51453697300002 ], [ 28.53451499900001, 40.513971348000041 ], [ 28.536021799000025, 40.514143698999987 ] ] ], [ [ [ 28.537803200000042, 40.544127500000116 ], [ 28.535792270000115, 40.549597490000053 ], [ 28.537952099, 40.543176581000012 ], [ 28.537803200000042, 40.544127500000116 ] ] ], [ [ [ 28.548976363000179, 40.565371535000054 ], [ 28.519977664000066, 40.565437735000046 ], [ 28.520720900000072, 40.512911999000039 ], [ 28.542237464000095, 40.520833436000089 ], [ 28.535308364000059, 40.550881035000145 ], [ 28.548976363000179, 40.565371535000054 ] ] ] ] } },
{ "type": "Feature", "properties": { "adm1_name": "Canakkale", "adm1_pcode": "TUR017", "center_lat": 39.96412502, "center_lon": 26.83952695 }, "geometry": { "type": "MultiPolygon", "coordinates": [ [ [ [ 27.315339200000096, 40.43808230000019 ], [ 27.277962099000035, 40.47593759900019 ], [ 27.199434699000051, 40.436208899000178 ], [ 27.149302299000055, 40.452069400000028 ], [ 27.088521700000172, 40.442778 ], [ 27.036712500000135, 40.397111099000142 ], [ 26.993057300000146, 40.387574099000119 ], [ 26.956354, 40.385823599000048 ], [ 26.912869600000079, 40.410156399000186 ], [ 26.8849181, 40.397744900000077 ], [ 26.750657800000056, 40.405449399000133 ], [ 26.691028900000163, 40.369118 ], [ 26.692234800000108, 40.353065 ], [ 26.607632200000182, 40.285062900000128 ], [ 26.570037899999988, 40.279651300000182 ], [ 26.583674900000176, 40.273007400000097 ], [ 26.523109600000055, 40.221354100000156 ], [ 26.484448900000132, 40.201943900000174 ], [ 26.404410400000131, 40.199094599000034 ], [ 26.407033999000078, 40.119645999000056 ], [ 26.367015699999968, 40.10364379900011 ], [ 26.328893100000187, 40.024798399000076 ], [ 26.271308700000134, 40.002686799 ], [ 26.20100420000017, 40.011224500000083 ], [ 26.164531800000077, 39.96530120000017 ], [ 26.137913100000162, 39.841248799000084 ], [ 26.156087300000024, 39.82437819900008 ], [ 26.139738500000021, 39.75833160000019 ], [ 26.16025860000002, 39.660483699000054 ], [ 26.145993900000178, 39.618859300000167 ], [ 26.103791099000148, 39.588780600000121 ], [ 26.063725700000077, 39.476772200000084 ], [ 26.131920600000115, 39.453305399000101 ], [ 26.221840799000177, 39.473909099000082 ], [ 26.242007299000193, 39.464311400000099 ], [ 26.264811300000076, 39.483525699000097 ], [ 26.36953199900006, 39.480983599000126 ], [ 26.376749700000175, 39.496463499000185 ], [ 26.447122799000056, 39.518334599000013 ], [ 26.657290100000182, 39.5519729990001 ], [ 26.656064579000088, 39.614454610000053 ], [ 26.703619816000128, 39.696134373000177 ], [ 26.743830473000116, 39.722103756000138 ], [ 26.811518411000179, 39.698396223000088 ], [ 26.982748793000155, 39.769937684000183 ], [ 27.048761287000104, 39.744470934 ], [ 27.150879601000156, 39.748910861000127 ], [ 27.242861480000045, 39.700071666999975 ], [ 27.292538396000054, 39.69496156200006 ], [ 27.451286718, 39.762398185000166 ], [ 27.48496314300013, 39.815928623000104 ], [ 27.524252304000072, 39.944686495000042 ], [ 27.512943058000133, 39.965462001000049 ], [ 27.444417397000166, 39.990174800000148 ], [ 27.448928210000076, 40.053404778000072 ], [ 27.391883399000051, 40.135917337000194 ], [ 27.43148353800018, 40.197157703000187 ], [ 27.497140277000085, 40.243308797000111 ], [ 27.508574530000033, 40.306629302000033 ], [ 27.320576800000026, 40.375076800000159 ], [ 27.304528399999981, 40.399737399000173 ], [ 27.325661599, 40.412040399000091 ], [ 27.315339200000096, 40.43808230000019 ] ] ], [ [ [ 26.052303999000173, 39.85002500000013 ], [ 25.974309, 39.845931000000121 ], [ 25.963859000000127, 39.840304999000125 ], [ 26.06134250000008, 39.787460600000031 ], [ 26.083213900000146, 39.801208599000063 ], [ 26.076851200000192, 39.83561160000005 ], [ 26.052303999000173, 39.85002500000013 ] ] ], [ [ [ 26.067324800000165, 39.939041499000155 ], [ 26.059783898999967, 39.939909700000157 ], [ 26.055073700000094, 39.936683699000127 ], [ 26.074661900000081, 39.938657100000057 ], [ 26.067324800000165, 39.939041499000155 ] ] ], [ [ [ 25.949912, 40.24571599899997 ], [ 25.845881, 40.216700999000182 ], [ 25.787199999000165, 40.216716999000084 ], [ 25.679143000000124, 40.160048999000082 ], [ 25.668508999000039, 40.129954999000176 ], [ 25.738800300000094, 40.091379799000038 ], [ 25.993709199000023, 40.132342099000141 ], [ 26.017833, 40.159251999000048 ], [ 25.971517000000119, 40.153080000000159 ], [ 25.979222000000107, 40.222683000000188 ], [ 25.953468999000165, 40.230197999000154 ], [ 25.949912, 40.24571599899997 ] ] ], [ [ [ 26.971500232000153, 40.728192541000055 ], [ 26.870198232000121, 40.737553214000116 ], [ 26.766721168000061, 40.70718845600004 ], [ 26.735279298000023, 40.686251209000091 ], [ 26.732209303000161, 40.666528814000117 ], [ 26.74143911699997, 40.646173801000145 ], [ 26.783220600000107, 40.666042400000151 ], [ 26.821871200000089, 40.642654399000094 ], [ 26.832743199000049, 40.610763 ], [ 26.845964599000069, 40.611311399000101 ], [ 26.818161199000031, 40.571842899000103 ], [ 26.774529500000085, 40.549944300000163 ], [ 26.746857599000123, 40.562020699000072 ], [ 26.696314100000166, 40.512892599000054 ], [ 26.594823900000165, 40.503831400000024 ], [ 26.215382699000145, 40.316299400000048 ], [ 26.245963500000073, 40.308955299000161 ], [ 26.229187400000058, 40.288850700000182 ], [ 26.278510199000152, 40.253990099000134 ], [ 26.278543799999966, 40.216542100000083 ], [ 26.170696499000087, 40.046234399000184 ], [ 26.225317300000142, 40.050806099000056 ], [ 26.381072500000073, 40.143855199000086 ], [ 26.358423700000174, 40.203376299000126 ], [ 26.423585299000138, 40.221058599000173 ], [ 26.512383499000123, 40.289445300000182 ], [ 26.588343300000076, 40.3205307 ], [ 26.631512499999985, 40.361983299000144 ], [ 26.628241899000045, 40.390198199000167 ], [ 26.697617599000068, 40.420541400000161 ], [ 26.695066400000087, 40.452051499000049 ], [ 26.899442400000055, 40.541291500000114 ], [ 26.956585118000135, 40.550378549000129 ], [ 26.964695082000048, 40.625167718000171 ], [ 27.018188740000141, 40.691754832000072 ], [ 27.005956695000123, 40.71406539100019 ], [ 26.971500232000153, 40.728192541000055 ] ] ] ] } },
{ "type": "Feature", "properties": { "adm1_name": "Cankiri", "adm1_pcode": "TUR018", "center_lat": 40.65873316, "center_lon": 33.45241638 }, "geometry": { "type": "Polygon", "coordinates": [ [ [ 33.227408875000094, 41.054943739000123 ], [ 33.180531071000075, 41.074588911000035 ], [ 33.115993675000141, 41.052561187000151 ], [ 33.087003878000019, 41.060714357000109 ], [ 33.038426863000041, 40.996305808000045 ], [ 33.000206556000023, 40.977917700000091 ], [ 32.790813186000094, 40.955293590000053 ], [ 32.770114532000036, 40.907349728000156 ], [ 32.732953225000131, 40.873172879000037 ], [ 32.601027379000072, 40.825967110000136 ], [ 32.570316352000191, 40.797374084000069 ], [ 32.566169332000072, 40.754733589000125 ], [ 32.683918272000028, 40.744038945000057 ], [ 32.742259596000167, 40.677033067000139 ], [ 32.883106724000129, 40.630437025000163 ], [ 32.905345744000044, 40.605983731000151 ], [ 32.889171911000062, 40.574695066000118 ], [ 32.900532103000103, 40.536185940999985 ], [ 32.957140517000028, 40.519627017000175 ], [ 32.988489352000101, 40.488362420000158 ], [ 33.134342665000077, 40.484174553000116 ], [ 33.202070589000073, 40.408576327000048 ], [ 33.247631698000077, 40.328429209000092 ], [ 33.298391538000146, 40.341137220000064 ], [ 33.336010141000088, 40.397673430000054 ], [ 33.387275413000054, 40.397817840000073 ], [ 33.520962249000149, 40.345108474000028 ], [ 33.588064401000054, 40.347707840000169 ], [ 33.659290215000055, 40.324225935000129 ], [ 33.784140869000169, 40.327709219000042 ], [ 33.813821544000064, 40.315492179000159 ], [ 33.83511070100019, 40.267941724000138 ], [ 33.92692019500015, 40.269622446000142 ], [ 33.97082835700013, 40.248027624000031 ], [ 33.984675951000099, 40.278381434000096 ], [ 34.113407289000179, 40.361097967000035 ], [ 34.136118187000079, 40.391229771000042 ], [ 34.163845457999969, 40.397606895000138 ], [ 34.139461218000179, 40.451536028000135 ], [ 34.163487105000115, 40.495043662000171 ], [ 34.123032520000152, 40.532845876000124 ], [ 34.130305423000152, 40.560654097000167 ], [ 34.09261514700006, 40.585764520000112 ], [ 34.118267698000068, 40.671593370000096 ], [ 34.045295925000119, 40.736654992000069 ], [ 34.101338493000071, 40.765480229000048 ], [ 34.087070648000065, 40.826913282000078 ], [ 34.032931044000122, 40.82818339 ], [ 33.960052525000037, 40.854754687000025 ], [ 33.834994139000116, 40.833189577000098 ], [ 33.773812767000038, 40.841565311000124 ], [ 33.769709138000053, 40.860747669000091 ], [ 33.796280435000085, 40.902337525000121 ], [ 33.792814612000086, 40.981040550000159 ], [ 33.820053802000075, 41.007160568000074 ], [ 33.819115141999987, 41.032287772000018 ], [ 33.69564525800007, 41.056548522000128 ], [ 33.554124223000031, 41.031637931000034 ], [ 33.487407163000057, 41.055465452000192 ], [ 33.444589829000108, 41.034670524000035 ], [ 33.41811300500018, 40.98394489400016 ], [ 33.363287438999976, 40.976256995000085 ], [ 33.33280806700003, 40.985589440000126 ], [ 33.302526053, 41.03179580900013 ], [ 33.227408875000094, 41.054943739000123 ] ] ] } },
{ "type": "Feature", "properties": { "adm1_name": "Corum", "adm1_pcode": "TUR019", "center_lat": 40.63024861, "center_lon": 34.7547841 }, "geometry": { "type": "Polygon", "coordinates": [ [ [ 34.554422669000189, 41.292848377000098 ], [ 34.495650976000093, 41.331807726000136 ], [ 34.456100212000081, 41.323010453999984 ], [ 34.415521993000027, 41.272869258000185 ], [ 34.343962711000131, 41.293365864000179 ], [ 34.280422745000124, 41.204542980999975 ], [ 34.218657022000059, 41.182863989000055 ], [ 34.227186311000139, 41.088145456000177 ], [ 34.31014434399998, 41.052660660000129 ], [ 34.327098192000165, 41.015598761000035 ], [ 34.260169922000102, 40.966610028000048 ], [ 34.233149727000068, 40.874004565000064 ], [ 34.19272996300009, 40.844373017000066 ], [ 34.087070648000065, 40.826913282000078 ], [ 34.101338493000071, 40.765480229000048 ], [ 34.045739485000013, 40.737985672000036 ], [ 34.118267698000068, 40.671593370000096 ], [ 34.09261514700006, 40.585764520000112 ], [ 34.130305423000152, 40.560654097000167 ], [ 34.123032520000152, 40.532845876000124 ], [ 34.163487105000115, 40.495043662000171 ], [ 34.139461218000179, 40.451536028000135 ], [ 34.164132941000048, 40.398513205000143 ], [ 33.984675951000099, 40.278381434000096 ], [ 33.974793370000157, 40.230194274000098 ], [ 34.049668371000053, 40.195187335000071 ], [ 34.054714907000175, 40.137960338000028 ], [ 34.076930953000158, 40.121960396000134 ], [ 34.091725397000175, 40.069777440000109 ], [ 34.147697389000143, 40.045429864000141 ], [ 34.244762297000079, 39.927901916000167 ], [ 34.327227922000077, 39.939523826000027 ], [ 34.425824545000125, 40.00205881 ], [ 34.613911926000185, 39.94784574300013 ], [ 34.641048613000066, 39.965635349000024 ], [ 34.649508304000051, 40.004171984000095 ], [ 34.671799099999987, 40.024562997000146 ], [ 34.793269169000155, 40.005501832000164 ], [ 34.878801659000089, 40.046030555000186 ], [ 34.9147709, 39.997564958000169 ], [ 35.035850458000084, 40.002293309000152 ], [ 35.166473406000136, 40.031045910000159 ], [ 35.172134791000076, 40.053079409000077 ], [ 35.131515129000036, 40.111889728000165 ], [ 35.207759788000089, 40.151658536000127 ], [ 35.154481405000126, 40.166519069000174 ], [ 35.148486533000039, 40.219713017000174 ], [ 35.172043851000183, 40.228916414000082 ], [ 35.242715811000039, 40.194889173999968 ], [ 35.369874676000109, 40.254584604000058 ], [ 35.386672531000045, 40.318327295000074 ], [ 35.363829704000125, 40.339552086000026 ], [ 35.362592385000028, 40.364108123000051 ], [ 35.396571088000087, 40.395707365000192 ], [ 35.412180351000075, 40.451672287000122 ], [ 35.52258734000003, 40.535334134000152 ], [ 35.533818396000072, 40.562459990000093 ], [ 35.465501642000049, 40.568099094000047 ], [ 35.439496564000081, 40.620709193000152 ], [ 35.343080804000067, 40.641933986000083 ], [ 35.320999407000102, 40.689428026000144 ], [ 35.272363226000152, 40.685906424000052 ], [ 35.230194988999983, 40.717199169000082 ], [ 35.144896914000128, 40.688708763000193 ], [ 35.048664173000077, 40.702891432000115 ], [ 34.992512628000043, 40.787046602000032 ], [ 35.012785635000114, 40.870898806000071 ], [ 35.07113001800019, 40.919439810000029 ], [ 35.028216440000108, 40.994313984000087 ], [ 35.087171885000146, 41.030836148 ], [ 35.092449988000112, 41.061921932000075 ], [ 35.085977853000088, 41.078387802000179 ], [ 34.943369516000189, 41.092083885000193 ], [ 34.934475086000191, 41.109124614000166 ], [ 34.955755217000103, 41.129407238000056 ], [ 34.962820886000031, 41.176788780000152 ], [ 34.930983814000172, 41.197819534000132 ], [ 34.912259454000036, 41.253961244000152 ], [ 34.87601641100008, 41.24792447599998 ], [ 34.871275154000045, 41.221837511000103 ], [ 34.846129486000166, 41.208272752000141 ], [ 34.709852979000118, 41.252455031000125 ], [ 34.688364190000129, 41.292019654000171 ], [ 34.554422669000189, 41.292848377000098 ] ] ] } },
{ "type": "Feature", "properties": { "adm1_name": "Denizli", "adm1_pcode": "TUR020", "center_lat": 37.66634782, "center_lon": 29.23210818 }, "geometry": { "type": "Polygon", "coordinates": [ [ [ 29.887824506000072, 38.456397730000106 ], [ 29.805980210000087, 38.480223207999984 ], [ 29.618640557000106, 38.413750380000181 ], [ 29.642871541000034, 38.283872302000077 ], [ 29.577236639000034, 38.243760704000181 ], [ 29.547786673000132, 38.273136112000088 ], [ 29.463761074000047, 38.275298262000149 ], [ 29.415299105000145, 38.318392135000124 ], [ 29.380033703000095, 38.323834788000056 ], [ 29.284224256000073, 38.291303921000065 ], [ 29.250267330000099, 38.246953461000089 ], [ 29.213912733000143, 38.239721470000063 ], [ 29.204144338000049, 38.224647991000154 ], [ 29.222736839000163, 38.202472340000043 ], [ 29.207983366000065, 38.161954403000038 ], [ 29.186499340000069, 38.178335566000158 ], [ 29.180979527000147, 38.212859778000109 ], [ 29.117742615000168, 38.240778428000169 ], [ 29.024574481000059, 38.227134520000106 ], [ 28.874024759000065, 38.247380151000073 ], [ 28.859224672000039, 38.220818813000051 ], [ 28.765134732000035, 38.172904599000105 ], [ 28.73739496200011, 38.174426190000133 ], [ 28.701227921000168, 38.107593242000178 ], [ 28.629591122000136, 38.085662282000158 ], [ 28.656116771000143, 38.062981605000175 ], [ 28.721916977000092, 38.060324736000155 ], [ 28.744219162000036, 37.989678339000193 ], [ 28.824878718000036, 37.974186857000063 ], [ 28.82063803300008, 37.930308751000098 ], [ 28.760576089000097, 37.948310026000172 ], [ 28.728641136000192, 37.919836856000074 ], [ 28.743267172000117, 37.892056044000071 ], [ 28.728208414000107, 37.863929053000163 ], [ 28.743872984000177, 37.820570214000043 ], [ 28.783164226000054, 37.784913843000083 ], [ 28.867372111000122, 37.747440036000057 ], [ 28.831196473000091, 37.71135094400006 ], [ 28.796405548000166, 37.7046870100001 ], [ 28.791472507000094, 37.65933764600004 ], [ 28.755556503000093, 37.639951659000189 ], [ 28.751056184000106, 37.591832868000097 ], [ 28.604449653000131, 37.536011608000138 ], [ 28.598323034000089, 37.513242514000183 ], [ 28.630868633000091, 37.461558786000069 ], [ 28.61484129500019, 37.428859546000126 ], [ 28.64497757200013, 37.368722918000117 ], [ 28.703064375000054, 37.365988993000144 ], [ 28.741927581000027, 37.325094968000087 ], [ 28.737917946000039, 37.271707470000024 ], [ 28.784354755000038, 37.240251324000099 ], [ 28.78535781700009, 37.193876181000178 ], [ 28.817369418000112, 37.184417281000037 ], [ 28.834823841000173, 37.135675356000036 ], [ 28.945161313000142, 37.137659520000113 ], [ 29.020890608000173, 37.06221328200013 ], [ 29.098360574000083, 37.033628238000176 ], [ 29.1053959300001, 37.009883910000042 ], [ 29.073560942000029, 36.954773616000125 ], [ 29.093963476000056, 36.929798099000152 ], [ 29.088921470000173, 36.901949813000101 ], [ 29.125094929999989, 36.863900259000104 ], [ 29.18043973500005, 36.867242053000041 ], [ 29.216789077000101, 36.851471128000128 ], [ 29.327962389000106, 36.88889336699998 ], [ 29.379254905000153, 36.966742501 ], [ 29.36925130700007, 37.001421642000139 ], [ 29.34849384000006, 37.006590167000127 ], [ 29.349660927000059, 37.031849252000086 ], [ 29.439443219000168, 37.063944129000049 ], [ 29.43302424400008, 37.095205373000056 ], [ 29.461423348000096, 37.144556455999975 ], [ 29.486182253000038, 37.249010694000049 ], [ 29.63807021700012, 37.369303961000185 ], [ 29.640321027000027, 37.387560527000119 ], [ 29.612727769000116, 37.419321951000143 ], [ 29.549902973000087, 37.44548866700012 ], [ 29.537583448000134, 37.475915409000038 ], [ 29.545961827000156, 37.536548410000137 ], [ 29.517106030000093, 37.556557301 ], [ 29.526118299000188, 37.58962984700014 ], [ 29.597224274000098, 37.628738133000184 ], [ 29.68661316500004, 37.61590185100016 ], [ 29.696410907000029, 37.648643671000116 ], [ 29.672164596000187, 37.662906206000116 ], [ 29.673404817000176, 37.67828494000014 ], [ 29.727230385000041, 37.704577615000176 ], [ 29.830540751000171, 37.708236266000142 ], [ 29.916488031000029, 37.786638869000171 ], [ 29.884790868999971, 37.823165481000103 ], [ 29.829530274000149, 37.820884079000166 ], [ 29.759084527000084, 37.855862916000035 ], [ 29.699623822000035, 37.862729048000062 ], [ 29.672708583000144, 37.910174022000092 ], [ 29.698593901000152, 38.004514679000124 ], [ 29.7805385690001, 38.03231681900013 ], [ 29.794857075000152, 38.071940097000095 ], [ 29.885146715000133, 38.124397348000173 ], [ 29.928197364000084, 38.139640162000148 ], [ 29.978732097000091, 38.129546948000097 ], [ 30.025696442000083, 38.182278842000073 ], [ 30.10273444500001, 38.223200991000169 ], [ 30.115848758000027, 38.253892602000064 ], [ 30.054774512000108, 38.35830358600009 ], [ 30.013486169000089, 38.375056949000111 ], [ 29.989786570000035, 38.406068979000111 ], [ 29.913366517000043, 38.405245044000026 ], [ 29.887824506000072, 38.456397730000106 ] ] ] } },
{ "type": "Feature", "properties": { "adm1_name": "Diyarbakir", "adm1_pcode": "TUR021", "center_lat": 38.10897681, "center_lon": 40.22487147 }, "geometry": { "type": "Polygon", "coordinates": [ [ [ 41.158713812000144, 38.697239761000162 ], [ 41.104283495000061, 38.710778731000062 ], [ 41.017560907000188, 38.67601651200016 ], [ 40.955354831000079, 38.669887383000116 ], [ 40.896990894000112, 38.625245375000191 ], [ 40.863692348000143, 38.623049868000123 ], [ 40.809536470000126, 38.565692205000175 ], [ 40.767364409000152, 38.58801320900011 ], [ 40.751172533000158, 38.615365587000042 ], [ 40.689606814000172, 38.601369220000038 ], [ 40.647892150000132, 38.632014861000187 ], [ 40.644232969000143, 38.597435599999983 ], [ 40.623009720000141, 38.585817701 ], [ 40.532627950000062, 38.593776420000097 ], [ 40.444350209000049, 38.634942205000129 ], [ 40.431451597000034, 38.570357662000106 ], [ 40.349668902000076, 38.53175330300013 ], [ 40.354342136000184, 38.489238921000151 ], [ 40.305051650000053, 38.489258528000107 ], [ 40.254941627, 38.46144191500008 ], [ 40.048060912000039, 38.47759742400018 ], [ 39.935449618000064, 38.454544584000075 ], [ 39.85760923100014, 38.367325668000149 ], [ 39.803552883, 38.380094482000061 ], [ 39.702908668000134, 38.339371863000167 ], [ 39.681776897000077, 38.349343131000069 ], [ 39.532573794000029, 38.261339829000121 ], [ 39.49991560400008, 38.263718297000082 ], [ 39.473020624000185, 38.296833885000012 ], [ 39.330312564999986, 38.345775429000071 ], [ 39.290362183000127, 38.343430484000123 ], [ 39.237607341, 38.305034567000178 ], [ 39.15887411500006, 38.301724179000189 ], [ 39.136678896000092, 38.226969041000189 ], [ 39.109211096000081, 38.196681900000044 ], [ 39.158031065000102, 38.181887553000138 ], [ 39.222603887000105, 38.20579175000006 ], [ 39.256131527999969, 38.178738193000129 ], [ 39.262552645000085, 38.148218731000043 ], [ 39.222181203000162, 38.072018549 ], [ 39.175639206000142, 38.027188272000046 ], [ 39.131677302000128, 38.011816897000188 ], [ 39.153509425000095, 37.99511344300015 ], [ 39.200585623000165, 38.000258382000141 ], [ 39.255293481000194, 37.945379026000126 ], [ 39.325093163000133, 37.964158056000144 ], [ 39.391891630000032, 37.956955140000105 ], [ 39.668089140000063, 37.806808651000154 ], [ 39.755461405000119, 37.861090393000097 ], [ 39.800092991000099, 37.858050149000064 ], [ 39.815234414000145, 37.831933106000179 ], [ 39.806145021000077, 37.762905165000063 ], [ 39.827560833000121, 37.724661114000185 ], [ 39.838236583000082, 37.625299465000069 ], [ 39.870199521000075, 37.565553852 ], [ 39.859104409000054, 37.533610842000087 ], [ 39.946208259, 37.513953063000088 ], [ 39.994564845000184, 37.510620799000094 ], [ 40.045943717000114, 37.539991225000165 ], [ 40.125763080000183, 37.553862746000107 ], [ 40.255798899000069, 37.507908490000091 ], [ 40.403580964000128, 37.560992243000157 ], [ 40.447752845000025, 37.603536738000173 ], [ 40.595534910000083, 37.606791509000118 ], [ 40.639939274000085, 37.636394418000123 ], [ 40.638234396000087, 37.712726528000189 ], [ 40.664427546000127, 37.74442179100015 ], [ 40.711544219000132, 37.693740369000011 ], [ 40.884202028000175, 37.642129013000044 ], [ 41.044383218, 37.73442499600003 ], [ 41.052287392000153, 37.778077586000165 ], [ 41.024410517000092, 37.770344056000113 ], [ 41.029500038000151, 37.792685516000176 ], [ 40.991060993000133, 37.78738174900019 ], [ 40.998982227000056, 37.846233621000067 ], [ 41.128824554000118, 37.944916980000073 ], [ 41.155056973000171, 37.986928840000189 ], [ 41.1444849290001, 38.009239015000048 ], [ 41.174146113000063, 38.055818689000091 ], [ 41.202374481000163, 38.070242085000132 ], [ 41.221116697000127, 38.11738382700014 ], [ 41.202622089000045, 38.169367584000099 ], [ 41.164476211000078, 38.188715545000036 ], [ 41.186355115000026, 38.287353901000074 ], [ 41.177635686000087, 38.312237241000162 ], [ 41.24007180600006, 38.37037404900002 ], [ 41.241978570000072, 38.40845544900003 ], [ 41.372080499000106, 38.478470187000028 ], [ 41.300598555000079, 38.526081571000134 ], [ 41.235618836000015, 38.537585562000118 ], [ 41.174942581000096, 38.571135963000074 ], [ 41.155312028000083, 38.61396626100003 ], [ 41.158713812000144, 38.697239761000162 ] ] ] } },
{ "type": "Feature", "properties": { "adm1_name": "Duzce", "adm1_pcode": "TUR081", "center_lat": 40.86856021, "center_lon": 31.19659527 }, "geometry": { "type": "Polygon", "coordinates": [ [ [ 31.279147017000128, 41.111421884000151 ], [ 30.96582141600004, 41.074368026000116 ], [ 30.955658571000185, 41.065155013000151 ], [ 30.978048805000185, 41.061176451000108 ], [ 30.982128724000177, 41.045732140999974 ], [ 31.010795819000066, 41.045182873000044 ], [ 30.951311447000023, 41.002268734000154 ], [ 30.96351689100004, 40.984903430000031 ], [ 30.867384322000078, 40.919525811000142 ], [ 30.823838219000152, 40.909451303000026 ], [ 30.814644542, 40.875429190000091 ], [ 30.874981493000121, 40.872181124000122 ], [ 30.870081867000124, 40.837883752000096 ], [ 30.908618240000123, 40.83380990600017 ], [ 30.848281290000102, 40.800668625000128 ], [ 30.847152725000058, 40.771747995000112 ], [ 30.829169084000057, 40.759342952 ], [ 30.84318898500004, 40.739524247000077 ], [ 30.880037097000127, 40.742900767000037 ], [ 30.893689984000048, 40.719044916000144 ], [ 30.936043293000068, 40.721173592000071 ], [ 30.915050145, 40.641017935000093 ], [ 31.081462105000128, 40.663541808000048 ], [ 31.161536456000135, 40.654388010000105 ], [ 31.216202598000109, 40.621023698000158 ], [ 31.342644788000143, 40.64600415600006 ], [ 31.382681964000085, 40.692029799000181 ], [ 31.436749260000056, 40.824032708000118 ], [ 31.603228626000032, 40.904962554000122 ], [ 31.635309696000036, 40.950474898000152 ], [ 31.751119482000149, 40.988605761000031 ], [ 31.76927973100004, 41.019243055000118 ], [ 31.628909882000016, 41.036295855000105 ], [ 31.481849557000146, 41.019862180000075 ], [ 31.443925690000185, 41.053656558000114 ], [ 31.35113862999998, 41.088462240000126 ], [ 31.301669052000136, 41.090316295000093 ], [ 31.279147017000128, 41.111421884000151 ] ] ] } },
{ "type": "Feature", "properties": { "adm1_name": "Edirne", "adm1_pcode": "TUR022", "center_lat": 41.2960932, "center_lon": 26.69661239 }, "geometry": { "type": "Polygon", "coordinates": [ [ [ 26.933618700000011, 42.001288100000181 ], [ 26.871323799000095, 41.990793699000051 ], [ 26.842193899000051, 41.96917940000003 ], [ 26.787363900000116, 41.989664299000026 ], [ 26.751303000000178, 41.958484700000099 ], [ 26.62348170000007, 41.979897200000039 ], [ 26.562395199000093, 41.925979199999972 ], [ 26.584292500000117, 41.903590399 ], [ 26.567132300000083, 41.885973500000148 ], [ 26.580549599000108, 41.87182959900008 ], [ 26.538798000000156, 41.823490199000105 ], [ 26.3790108, 41.822484200000076 ], [ 26.346121300000107, 41.786757499000146 ], [ 26.329021, 41.736305700000116 ], [ 26.358855300000187, 41.709335499000133 ], [ 26.48965, 41.672773300000188 ], [ 26.488186400000131, 41.654522499999985 ], [ 26.5309171990001, 41.62187850000015 ], [ 26.59166190000002, 41.61028429900017 ], [ 26.591486500000087, 41.526197700000182 ], [ 26.613083100000154, 41.424820700000168 ], [ 26.629970699000069, 41.416077799 ], [ 26.630040999000016, 41.354814899000132 ], [ 26.587949800000047, 41.322644 ], [ 26.520071500000029, 41.340227700000128 ], [ 26.403417300000058, 41.253477199000145 ], [ 26.343050999000184, 41.260441299000092 ], [ 26.317611600000191, 41.244753300000184 ], [ 26.330549300000087, 41.21916490000001 ], [ 26.307574700000032, 41.173791699000049 ], [ 26.336080500000151, 41.144052500000157 ], [ 26.304012099000033, 41.11322830000006 ], [ 26.335959400000036, 41.106964299000026 ], [ 26.311041600000181, 41.07691520000003 ], [ 26.326539199000024, 41.042448499999978 ], [ 26.364346899000054, 41.021340800000075 ], [ 26.349401799000191, 40.992094199000178 ], [ 26.32599660000011, 40.983931200000086 ], [ 26.360101300000053, 40.9465143 ], [ 26.288074199999983, 40.9305390990001 ], [ 26.302189500000111, 40.904028899000082 ], [ 26.290814199000124, 40.893347700000163 ], [ 26.262446399000055, 40.9147509 ], [ 26.250219899000058, 40.881410899000059 ], [ 26.222806800000058, 40.889913600000057 ], [ 26.223403700000063, 40.866782000000171 ], [ 26.203420499000174, 40.850508599000079 ], [ 26.219634300000109, 40.834241099000053 ], [ 26.1500777, 40.802168000000108 ], [ 26.123721200000091, 40.742598999000109 ], [ 26.035236800000121, 40.729536098999972 ], [ 26.054444999, 40.698991 ], [ 26.054910100000029, 40.710379200000091 ], [ 26.067661900000132, 40.705675299000177 ], [ 26.054811299000107, 40.695686900000169 ], [ 26.048670100000152, 40.69894950000014 ], [ 26.079522200000042, 40.612611599 ], [ 26.140751100000159, 40.590711400000146 ], [ 26.21869450000014, 40.601089500000114 ], [ 26.287416499000017, 40.591098300000169 ], [ 26.460132700000088, 40.619609699000137 ], [ 26.535939, 40.592544099000179 ], [ 26.606857599000136, 40.640083400000094 ], [ 26.74143911699997, 40.646173801000145 ], [ 26.735279298000023, 40.686251209000091 ], [ 26.801543730000049, 40.72547191600006 ], [ 26.795597163000025, 40.776836668999977 ], [ 26.718788853000149, 40.850435719000075 ], [ 26.739863, 41.02223815300016 ], [ 26.68348698300008, 41.038284458000078 ], [ 26.719778374000043, 41.076875820000112 ], [ 26.801213371000188, 41.075030495000135 ], [ 26.833225748000075, 41.107604494000157 ], [ 26.92196181200012, 41.148442338000109 ], [ 26.95044400200004, 41.182460504000119 ], [ 26.957745071999966, 41.233969142000149 ], [ 26.880642577000174, 41.395635660000153 ], [ 26.924689683000111, 41.485896124000192 ], [ 26.959189238000079, 41.521278224000127 ], [ 26.983338927000148, 41.613945633000071 ], [ 26.963281044999974, 41.629590781000104 ], [ 26.925572230000057, 41.605521324000165 ], [ 26.890511055000104, 41.637052312000094 ], [ 26.900058606000073, 41.65743111900008 ], [ 26.957103218000157, 41.677168074000178 ], [ 26.998609658000191, 41.787379440000166 ], [ 26.933618700000011, 42.001288100000181 ] ] ] } },
{ "type": "Feature", "properties": { "adm1_name": "Elazig", "adm1_pcode": "TUR023", "center_lat": 38.71912328, "center_lon": 39.36376598 }, "geometry": { "type": "Polygon", "coordinates": [ [ [ 40.231381945000066, 39.172170420000157 ], [ 40.119085001000144, 39.158748549000109 ], [ 40.00483761900017, 39.100825824000083 ], [ 39.931934281999986, 39.11023685400005 ], [ 39.891034959000194, 39.088224106000155 ], [ 39.865479623000169, 39.050593867000146 ], [ 39.902682187000039, 39.00652651200005 ], [ 39.867883122000137, 38.93875227500007 ], [ 39.87360149400007, 38.916118788000063 ], [ 39.844368805000101, 38.897672013000147 ], [ 39.847849713000187, 38.881600670000068 ], [ 39.800130425000191, 38.858859239000026 ], [ 39.797372970000026, 38.822160414000166 ], [ 39.757588382000165, 38.84452734700011 ], [ 39.713615944000026, 38.808740254000156 ], [ 39.607862155000191, 38.81409010800013 ], [ 39.583805429000108, 38.829595617000109 ], [ 39.550758502000065, 38.809580089000121 ], [ 39.52762236500007, 38.814265874000114 ], [ 39.508420213000022, 38.770009950000144 ], [ 39.481349419000026, 38.763121029000104 ], [ 39.434225691000051, 38.785960403000161 ], [ 39.390249680000068, 38.768323330000044 ], [ 39.369959109000149, 38.80611216300008 ], [ 39.305237786000191, 38.820513168000105 ], [ 39.250676409999983, 38.863703735000115 ], [ 38.93255531200009, 38.898111461000099 ], [ 38.786516492000089, 38.871265035000135 ], [ 38.754524334000166, 38.902317042000163 ], [ 38.789049224000053, 38.979490144000181 ], [ 38.77939722800005, 39.005769567000186 ], [ 38.713887801000055, 39.015708806000021 ], [ 38.67270801300009, 39.048661933000176 ], [ 38.623906171000044, 39.008429230000104 ], [ 38.610486010000159, 38.96245804400013 ], [ 38.54852484800017, 38.915535075000037 ], [ 38.553378947999988, 38.897641528000179 ], [ 38.603442806000032, 38.882127443000059 ], [ 38.645782942000096, 38.828553983000063 ], [ 38.642562514000076, 38.780534641000145 ], [ 38.626720197000168, 38.775245072000075 ], [ 38.644247912000083, 38.755965237999987 ], [ 38.623926453000138, 38.743629310000188 ], [ 38.531147815999987, 38.76436418000003 ], [ 38.507956339000032, 38.746469121000075 ], [ 38.47073721400011, 38.750277883000081 ], [ 38.474910061000116, 38.698140594 ], [ 38.413977758000158, 38.680119283000067 ], [ 38.364107253000043, 38.631900598000072 ], [ 38.361642339000184, 38.546823792000112 ], [ 38.441587681000101, 38.477022452000028 ], [ 38.483451579000075, 38.463151697000171 ], [ 38.708705033000058, 38.419892555000047 ], [ 38.819355557000165, 38.439362733000053 ], [ 38.887822305000157, 38.359116111000105 ], [ 38.969704598000192, 38.317283989000089 ], [ 39.106666319000112, 38.3461651020001 ], [ 39.150573, 38.297179450000101 ], [ 39.237607341, 38.305034567000178 ], [ 39.290362183000127, 38.343430484000123 ], [ 39.330312564999986, 38.345775429000071 ], [ 39.473020624000185, 38.296833885000012 ], [ 39.52049849600013, 38.260333555000159 ], [ 39.685436079000169, 38.350532365000049 ], [ 39.702908668000134, 38.339371863000167 ], [ 39.803552883, 38.380094482000061 ], [ 39.85760923100014, 38.367325668000149 ], [ 39.935449618000064, 38.454544584000075 ], [ 40.048060912000039, 38.47759742400018 ], [ 40.165795058000072, 38.459118561000025 ], [ 40.261803242000099, 38.462678354000161 ], [ 40.305051650000053, 38.489258528000107 ], [ 40.274700068000129, 38.503844900000104 ], [ 40.275106228000027, 38.523790636000058 ], [ 40.246788633999984, 38.529101322000145 ], [ 40.22480241400001, 38.568790730000103 ], [ 40.173025344, 38.592014270000163 ], [ 40.147707879000166, 38.633607247000157 ], [ 40.172834987000158, 38.679863968000177 ], [ 40.208336545000179, 38.672820763000175 ], [ 40.254593265000153, 38.724312298000086 ], [ 40.33882618399997, 38.773043659000109 ], [ 40.330926373000125, 38.822821983000097 ], [ 40.253165589000162, 38.843285347 ], [ 40.227181874000109, 38.908863291000102 ], [ 40.244326212000033, 39.041395244000114 ], [ 40.301147739000044, 39.129054586000052 ], [ 40.287537222000026, 39.163414003000128 ], [ 40.231381945000066, 39.172170420000157 ] ] ] } },
{ "type": "Feature", "properties": { "adm1_name": "Erzincan", "adm1_pcode": "TUR024", "center_lat": 39.54337038, "center_lon": 39.03332335 }, "geometry": { "type": "Polygon", "coordinates": [ [ [ 40.095360267000046, 40.053398390000098 ], [ 40.045010873000194, 40.080714602000171 ], [ 39.978576323000141, 40.064248732000067 ], [ 39.798022825000032, 39.92557374800009 ], [ 39.585965264000038, 39.843815469000162 ], [ 39.516675362000171, 39.87674720900003 ], [ 39.45928276300009, 39.865516153000158 ], [ 39.36505610800009, 39.902730922999979 ], [ 39.201444372000083, 39.938042123000059 ], [ 39.153569619000109, 39.997909361000154 ], [ 39.078473831000167, 40.005333279000126 ], [ 38.989386812000134, 40.058062134000124 ], [ 38.920477623000068, 40.045213045000025 ], [ 38.772855865000167, 40.077668893000123 ], [ 38.757097325000132, 40.012418444000105 ], [ 38.685302158000184, 40.023068681000154 ], [ 38.584307378000176, 39.971544933000132 ], [ 38.45717451400003, 39.980373704999977 ], [ 38.396926563000193, 39.937257874000125 ], [ 38.366754999000079, 39.937828943000056 ], [ 38.358855189000167, 39.914890941000181 ], [ 38.44537238800018, 39.86606440200012 ], [ 38.457382498000186, 39.836367141000096 ], [ 38.411333169999978, 39.789016697000079 ], [ 38.358028690000083, 39.764111648000096 ], [ 38.351429070000052, 39.702466544000174 ], [ 38.315272690000029, 39.646328027000152 ], [ 38.347106171000064, 39.587320957000031 ], [ 38.335201698000162, 39.571239947000151 ], [ 38.28433258400014, 39.566858434000096 ], [ 38.276906555000039, 39.548453960000188 ], [ 38.321735598000089, 39.473358173000122 ], [ 38.394261567000115, 39.448231066000062 ], [ 38.409014224000146, 39.418440215000146 ], [ 38.330206480000015, 39.350102098000036 ], [ 38.362757505000104, 39.25730312200011 ], [ 38.312598469000193, 39.150037024000085 ], [ 38.375765485000102, 39.117154138000046 ], [ 38.514100310000117, 39.15340227900009 ], [ 38.557348087000037, 39.11556208200011 ], [ 38.609334429000171, 39.108155604000103 ], [ 38.701581966, 39.021979023000029 ], [ 38.779150733, 39.00615109000006 ], [ 38.748099550000063, 39.032633533000194 ], [ 38.729804349, 39.13688191000017 ], [ 38.763009950000082, 39.150909469000055 ], [ 38.773303783000131, 39.177101610000136 ], [ 38.762053681000111, 39.197750880000171 ], [ 38.906892626000172, 39.204954982000118 ], [ 38.959811838, 39.250640631000181 ], [ 38.941632756000104, 39.276433987000189 ], [ 38.80438545100003, 39.308699477000175 ], [ 38.797342245999971, 39.340679432000059 ], [ 38.828751131000047, 39.362760829000194 ], [ 38.859398587000101, 39.364664399000105 ], [ 38.905750485999988, 39.332779622000089 ], [ 38.951340957000184, 39.328401414000041 ], [ 38.997216966000167, 39.352386381000144 ], [ 39.090015943000026, 39.455369450000092 ], [ 39.159496204000106, 39.47488103000012 ], [ 39.259433564000176, 39.47697495500006 ], [ 39.308164923000163, 39.453941775000146 ], [ 39.535165500000062, 39.514951153000027 ], [ 39.557627611000044, 39.447755175000054 ], [ 39.631010188000118, 39.448802138000076 ], [ 39.783961937000186, 39.52542078100015 ], [ 39.795002637000096, 39.616887261000159 ], [ 40.064132724000046, 39.550432037000121 ], [ 40.154645766000044, 39.577951904000145 ], [ 40.412710702000084, 39.602991208000105 ], [ 40.41956754000006, 39.53509831100007 ], [ 40.445908173000134, 39.513968697000109 ], [ 40.510010851000175, 39.515396374000034 ], [ 40.546916291000173, 39.532885412000041 ], [ 40.637859289, 39.516895434000048 ], [ 40.752692076000017, 39.52477144900007 ], [ 40.752216182000097, 39.537906074000148 ], [ 40.665223089000165, 39.588636182000073 ], [ 40.682735923, 39.659163405000072 ], [ 40.601453536000065, 39.69637817500012 ], [ 40.54444165200016, 39.758815230000096 ], [ 40.563953232000188, 39.82572567200009 ], [ 40.545964508000054, 39.865224725000189 ], [ 40.454688384000178, 39.906246632000034 ], [ 40.380734737000182, 39.899774498000056 ], [ 40.332910290000086, 39.931900331000122 ], [ 40.254496077999988, 39.922539727000128 ], [ 40.251006525000037, 39.961926018000156 ], [ 40.308018411000091, 40.014369337000119 ], [ 40.249073445000136, 40.049686432000101 ], [ 40.146280731000047, 40.028080926000143 ], [ 40.095360267000046, 40.053398390000098 ] ] ] } },
{ "type": "Feature", "properties": { "adm1_name": "Erzurum", "adm1_pcode": "TUR025", "center_lat": 40.06156408, "center_lon": 41.48815124 }, "geometry": { "type": "Polygon", "coordinates": [ [ [ 42.126270403000092, 40.964387459000136 ], [ 41.970052433000035, 40.958216401000072 ], [ 41.882328065000081, 40.896144519000188 ], [ 41.856249173000037, 40.862832065000077 ], [ 41.880638648000172, 40.803702461000114 ], [ 41.849443915000052, 40.785570968000115 ], [ 41.826743857000167, 40.739528399000051 ], [ 41.830241665000017, 40.681993033000026 ], [ 41.791718191000086, 40.651773878000142 ], [ 41.623633070000039, 40.699743811000189 ], [ 41.561386370000093, 40.679661161000183 ], [ 41.442222966000145, 40.606849655000019 ], [ 41.411731395000118, 40.570155022000165 ], [ 41.339239896000095, 40.564209714000128 ], [ 41.308211724000159, 40.657484585000077 ], [ 41.322107776000109, 40.684324903000061 ], [ 41.360083973000144, 40.704597912000111 ], [ 41.363510397000141, 40.728011806999973 ], [ 41.153166048000116, 40.811007406000158 ], [ 41.0947422160001, 40.773439587000098 ], [ 40.954435259000036, 40.736219139000127 ], [ 40.826566528000171, 40.741307504000076 ], [ 40.824305032000098, 40.660364807000178 ], [ 40.777190539000117, 40.642932445000042 ], [ 40.756271706000121, 40.60750234600016 ], [ 40.675329008000119, 40.591766106000193 ], [ 40.586376847000054, 40.535417173000155 ], [ 40.55528128200018, 40.425923094000098 ], [ 40.580534650000118, 40.393979468000111 ], [ 40.582230772000116, 40.36147046800005 ], [ 40.525881839000078, 40.329244156000129 ], [ 40.546612215000096, 40.286464197000157 ], [ 40.635847064000075, 40.222011572000042 ], [ 40.707743778000179, 40.222953862 ], [ 40.68710763100006, 40.140691959000037 ], [ 40.664021531, 40.117982774000154 ], [ 40.511559034000129, 40.062953047000065 ], [ 40.449556362000123, 40.008300235000149 ], [ 40.308018411000091, 40.014369337000119 ], [ 40.252148667000029, 39.963544052000088 ], [ 40.249198136000075, 39.934800162000158 ], [ 40.254496077999988, 39.922539727000128 ], [ 40.332910290000086, 39.931900331000122 ], [ 40.384922589000098, 39.899108248000175 ], [ 40.417283258000055, 39.911957337000104 ], [ 40.462683373000061, 39.904247884000029 ], [ 40.560526807000144, 39.849044389000085 ], [ 40.562525555000093, 39.79098554300009 ], [ 40.54444165200016, 39.758815230000096 ], [ 40.601453536000065, 39.69637817500012 ], [ 40.682735923, 39.659163405000072 ], [ 40.665223089000165, 39.588636182000073 ], [ 40.755261893000124, 39.534194115000048 ], [ 40.740128521000145, 39.521345026000176 ], [ 40.61086922700008, 39.522228063000114 ], [ 40.58897907100004, 39.439295263000133 ], [ 40.630828395000037, 39.413457118000053 ], [ 40.711731441000154, 39.408628350000185 ], [ 40.804664048000177, 39.414473700000144 ], [ 40.86218569000016, 39.447427924000067 ], [ 41.134968733000051, 39.431586177000156 ], [ 41.17263998500016, 39.380558203000135 ], [ 41.233078295000041, 39.341154329000176 ], [ 41.433238550000169, 39.324212567000131 ], [ 41.618265435000069, 39.256445519000124 ], [ 41.627759485000126, 39.240883845000042 ], [ 41.604274205000081, 39.216970262000189 ], [ 41.608771385000068, 39.167144349000068 ], [ 41.649317400000086, 39.154223876000117 ], [ 41.977825781000149, 39.201479971000083 ], [ 42.047210862000043, 39.242382905000113 ], [ 42.072195202999978, 39.285427354000092 ], [ 42.167920917000117, 39.29385064600018 ], [ 42.212178891000121, 39.318478067000115 ], [ 42.214249022000047, 39.34396209300013 ], [ 42.186623480000094, 39.38836283500018 ], [ 42.228882706999968, 39.440615798000067 ], [ 42.327749309000126, 39.499221922000061 ], [ 42.404486926000118, 39.497651477000034 ], [ 42.429979569000068, 39.512274987000126 ], [ 42.511427205000075, 39.596379427000102 ], [ 42.50104906700011, 39.648187098000051 ], [ 42.439693508000062, 39.682227395000041 ], [ 42.403992708000089, 39.725981631000082 ], [ 42.290912503000129, 39.774966447000168 ], [ 42.285847971000123, 39.821211436000112 ], [ 42.445505265000179, 39.91062948299998 ], [ 42.564978404000101, 39.92100762299998 ], [ 42.566911520000133, 39.984421250000139 ], [ 42.532085574000064, 40.026242149000154 ], [ 42.468163596000068, 40.058761247000177 ], [ 42.393451526999968, 40.145379622000178 ], [ 42.162469194000153, 40.236165203000041 ], [ 42.134712620000073, 40.2745630390001 ], [ 42.130098926000073, 40.311993488000098 ], [ 42.177128835000133, 40.394370241000047 ], [ 42.292768829000067, 40.368325196000058 ], [ 42.408408823000173, 40.373831864000181 ], [ 42.518839809000042, 40.417215465000027 ], [ 42.53878287100008, 40.480021228000112 ], [ 42.529406655000173, 40.563588611000171 ], [ 42.550093863000143, 40.584424647000162 ], [ 42.572864672000151, 40.669777976000148 ], [ 42.56046227000013, 40.736329264000119 ], [ 42.490314285000068, 40.806278810000038 ], [ 42.377778014000171, 40.830779710000058 ], [ 42.341584682000075, 40.921075442000188 ], [ 42.191657990000124, 40.962388712 ], [ 42.126270403000092, 40.964387459000136 ] ] ] } },
{ "type": "Feature", "properties": { "adm1_name": "Eskisehir", "adm1_pcode": "TUR026", "center_lat": 39.6048571, "center_lon": 31.05417915 }, "geometry": { "type": "Polygon", "coordinates": [ [ [ 30.764287873, 40.153266874000167 ], [ 30.575775442000179, 40.141127096000048 ], [ 30.537878698000043, 40.11348476600017 ], [ 30.487562012000069, 40.02558979700018 ], [ 30.379858830000103, 40.010622175000037 ], [ 30.374310549000143, 39.956859045000044 ], [ 30.354042336000134, 39.940242508000154 ], [ 30.306400716000155, 39.936675755000181 ], [ 30.298587830000088, 39.876210811000021 ], [ 30.268581819000133, 39.845327264000105 ], [ 30.140178733000027, 39.854612144000043 ], [ 30.060238188000085, 39.823700290000033 ], [ 30.044555801000058, 39.796694880000075 ], [ 30.012794721000091, 39.782512793000194 ], [ 29.99073951600019, 39.703856654000106 ], [ 30.026477323000108, 39.66651946900015 ], [ 30.171032000000139, 39.681882210000026 ], [ 30.281005253000046, 39.556877236000048 ], [ 30.37092283000004, 39.514737982999975 ], [ 30.360054799000125, 39.464806558000191 ], [ 30.386199591000093, 39.430254421000086 ], [ 30.376254317000189, 39.407185487000049 ], [ 30.334422651000068, 39.391293554000129 ], [ 30.334935293000058, 39.363405777000082 ], [ 30.375023974000101, 39.328443526000171 ], [ 30.38363637700013, 39.282715772000074 ], [ 30.438375613000062, 39.225544828000181 ], [ 30.493612075000158, 39.218463230000111 ], [ 30.563371430000075, 39.111924529000134 ], [ 30.668651181000143, 39.089263417000097 ], [ 30.706015038000146, 39.054057760000092 ], [ 30.791618065000193, 39.072891437000123 ], [ 30.840031561999979, 39.119516166000039 ], [ 30.915845281000088, 39.127226034999978 ], [ 30.908884982000188, 39.157530106000138 ], [ 30.87986588800004, 39.166846199000076 ], [ 30.891644856000141, 39.199613146000104 ], [ 30.925910944000066, 39.203789325 ], [ 30.952131045000158, 39.182322454000143 ], [ 30.994963655000163, 39.19474391100016 ], [ 31.033495156000129, 39.153231973000061 ], [ 31.050628201000109, 39.161691413000085 ], [ 31.041740434000076, 39.195743339000103 ], [ 31.065833778000126, 39.201954067000031 ], [ 31.099885702000108, 39.184499778000145 ], [ 31.094745789000171, 39.24103882300011 ], [ 31.113699218000136, 39.272306628000194 ], [ 31.291240386000027, 39.231401485999982 ], [ 31.351580825000099, 39.164047207000124 ], [ 31.422682957000177, 39.146343061999971 ], [ 31.438388247000034, 39.105080981000185 ], [ 31.514915843000153, 39.097371110999973 ], [ 31.58597484500018, 39.067507264000028 ], [ 31.647932163000178, 39.085216337000077 ], [ 31.708760897000047, 39.072387931000037 ], [ 31.795002195000052, 39.132473298000093 ], [ 31.843765175000101, 39.135487129000182 ], [ 31.84825234300007, 39.173256651000088 ], [ 31.886840406000147, 39.18390905900003 ], [ 31.930248661000064, 39.227110916000072 ], [ 31.968048218000092, 39.243738795000183 ], [ 32.005307876000074, 39.222523952000188 ], [ 32.018291438000176, 39.320632715000045 ], [ 31.972913580000125, 39.35550497000014 ], [ 31.991900243000146, 39.375189102999968 ], [ 31.970511185000191, 39.395086352000078 ], [ 32.007593303000078, 39.417579737000153 ], [ 31.991264363000141, 39.431008174000056 ], [ 31.9971369860001, 39.495288575000131 ], [ 31.915587685000105, 39.52422349800014 ], [ 31.799874120000027, 39.732425338000041 ], [ 31.797706426000047, 39.778359804 ], [ 31.871992953000131, 39.820509408000134 ], [ 31.897884571000077, 39.85464913300018 ], [ 31.84878055900009, 39.852185477000091 ], [ 31.870082885000159, 39.87063712700018 ], [ 31.856958963000181, 39.88307393000008 ], [ 31.789631793000126, 39.884043720000022 ], [ 31.739380802000028, 39.935122566000189 ], [ 31.738419623000141, 39.965450966000105 ], [ 31.698750200000177, 39.98008486100008 ], [ 31.709821323000028, 40.023353751000116 ], [ 31.659706240000105, 40.011023131000172 ], [ 31.671411682000155, 40.056852151000101 ], [ 31.632012139000096, 40.027142053000034 ], [ 31.530827236000107, 40.038276929000119 ], [ 31.503303361000121, 40.019393518000072 ], [ 31.464912698000091, 40.043533247000141 ], [ 31.402947196000127, 40.0172651150001 ], [ 31.388362700000073, 40.035005332000026 ], [ 31.430998273000171, 40.047729280000169 ], [ 31.392958387000078, 40.061896592000153 ], [ 31.340049396000154, 40.046702223000182 ], [ 31.265804085000127, 40.062568089000195 ], [ 31.187042671000142, 40.047676461000151 ], [ 31.117783539000129, 40.070896729000083 ], [ 31.099791470000127, 40.05366693100018 ], [ 31.021977371999981, 40.04510496000006 ], [ 31.01288973700008, 40.026067843000135 ], [ 30.937839926000152, 40.029357316000073 ], [ 30.856069097000102, 40.064182475000166 ], [ 30.822306705000074, 40.144527996000079 ], [ 30.764287873, 40.153266874000167 ] ] ] } },
{ "type": "Feature", "properties": { "adm1_name": "Gaziantep", "adm1_pcode": "TUR027", "center_lat": 37.11890775, "center_lon": 37.24418633 }, "geometry": { "type": "Polygon", "coordinates": [ [ [ 37.704030308000085, 37.531022622000137 ], [ 37.645210033000069, 37.522837276000018 ], [ 37.611802401000091, 37.47448663 ], [ 37.552183305000142, 37.472355423000181 ], [ 37.518813067000053, 37.407290652000029 ], [ 37.454567621000137, 37.383210507000058 ], [ 37.444859420000057, 37.34237895800004 ], [ 37.392225744000029, 37.342093422 ], [ 37.333310289999986, 37.309637574000135 ], [ 37.259166287000028, 37.335526110000046 ], [ 37.220904555000061, 37.327531121000106 ], [ 37.183404250000137, 37.278514225000038 ], [ 37.115066131000049, 37.238158567000028 ], [ 37.108974710000098, 37.207320753000033 ], [ 37.074424938000107, 37.180290076000063 ], [ 37.04393399900016, 37.191044500000089 ], [ 37.02988200700014, 37.250715987000035 ], [ 36.983910241000103, 37.254909983000118 ], [ 36.975249004000148, 37.296217414000125 ], [ 36.894632867000041, 37.31906023900018 ], [ 36.839619729000162, 37.246629448000022 ], [ 36.718743113000016, 37.223976979000099 ], [ 36.626494448000074, 37.154101909000133 ], [ 36.567613721000043, 37.052762419000032 ], [ 36.498407344000043, 37.008931714000141 ], [ 36.494148490999976, 36.981781521000187 ], [ 36.467619380000087, 36.959067633000018 ], [ 36.465638350000177, 36.898723659000154 ], [ 36.531106887000135, 36.87290077300014 ], [ 36.601320087000033, 36.87847624900013 ], [ 36.640183046000061, 36.836683802000152 ], [ 36.711197699000138, 36.825770799000054 ], [ 36.717063980000091, 36.855496131000166 ], [ 36.773609398000133, 36.891420188999973 ], [ 36.786324956999977, 36.921708404000071 ], [ 36.857625504000055, 36.895298924000031 ], [ 36.883429032000038, 36.901307964000182 ], [ 36.94860271400006, 37.012938094000162 ], [ 36.987249564000081, 37.020892037000067 ], [ 37.018084755000132, 36.995291658000099 ], [ 37.063489603000107, 36.98950296300012 ], [ 37.064726922000091, 36.941247494000038 ], [ 37.089187782000181, 36.912884320000046 ], [ 37.296581598000046, 36.859108502000026 ], [ 37.312476397000069, 36.828365866000127 ], [ 37.296010528000068, 36.788295744000095 ], [ 37.319995494000011, 36.752889365000044 ], [ 37.367108821000102, 36.728142970000192 ], [ 37.395567174000064, 36.752127938000172 ], [ 37.386144509000189, 36.792007702999967 ], [ 37.412794471000041, 36.830840507000119 ], [ 37.494076859000074, 36.783251287000041 ], [ 37.505117557, 36.744513662000031 ], [ 37.548899639000069, 36.727857435000089 ], [ 37.567072265000149, 36.703010901000084 ], [ 37.658727000000169, 36.749173399000028 ], [ 37.782697, 36.749242400000185 ], [ 37.941555400000141, 36.818549599000164 ], [ 38.019348600000114, 36.82614510000019 ], [ 38.035380346000181, 36.883667327000126 ], [ 38.012292910000042, 36.908843998000066 ], [ 37.997912826000061, 36.964441788000158 ], [ 37.961311158000115, 36.996480079999969 ], [ 37.980005939000137, 37.048698685000033 ], [ 37.913579004000098, 37.040844405000144 ], [ 37.862204032000136, 37.077349429000037 ], [ 37.876308611000184, 37.136643166 ], [ 37.834734489000084, 37.21064941800006 ], [ 37.845587875000149, 37.22452099800006 ], [ 37.882650283000146, 37.217439012000114 ], [ 37.83977589300008, 37.266223335000063 ], [ 37.862364318000061, 37.315188938000063 ], [ 37.886502148000091, 37.324479514000132 ], [ 37.874597268000059, 37.343151010000156 ], [ 37.975754007000091, 37.435157557000139 ], [ 38.064795468000057, 37.429424103000031 ], [ 38.080651389000025, 37.449740236000082 ], [ 38.058284454999978, 37.469537351000042 ], [ 37.94721121900011, 37.494949993000034 ], [ 37.891627010000093, 37.473630023000112 ], [ 37.837184944000057, 37.476104663000058 ], [ 37.740578828000082, 37.531403336000039 ], [ 37.704030308000085, 37.531022622000137 ] ] ] } },
{ "type": "Feature", "properties": { "adm1_name": "Giresun", "adm1_pcode": "TUR028", "center_lat": 40.5626407, "center_lon": 38.42116141 }, "geometry": { "type": "Polygon", "coordinates": [ [ [ 37.997117034000098, 40.636896693000153 ], [ 38.04973784800012, 40.580024145000039 ], [ 38.043108661000076, 40.506619035000028 ], [ 38.129052281000156, 40.488461803000121 ], [ 38.154655280000156, 40.340364153000166 ], [ 38.184446132000176, 40.292584577000127 ], [ 38.174452397000096, 40.217774323000185 ], [ 38.281242604000113, 40.197501316000114 ], [ 38.422582585000043, 40.131352301000163 ], [ 38.485971425000173, 40.171517602000165 ], [ 38.527849937000099, 40.152767450000056 ], [ 38.528135471999974, 40.121739279000053 ], [ 38.549265086000162, 40.110317866000116 ], [ 38.656245651000063, 40.107843227000103 ], [ 38.709926290000112, 40.082145049000133 ], [ 38.939418132000185, 40.048258755000177 ], [ 38.962064969000039, 40.060507910000183 ], [ 38.963740523000126, 40.113000945000181 ], [ 38.88740741600003, 40.146027863000086 ], [ 38.864754947000051, 40.177436748000162 ], [ 39.011139386000139, 40.338097952000112 ], [ 39.080524466999975, 40.360179349000077 ], [ 38.976875147000101, 40.467350271000043 ], [ 38.800319145000174, 40.519508056 ], [ 38.798034862000122, 40.593176167000081 ], [ 38.84438676100001, 40.620397201000117 ], [ 38.832203919999984, 40.644001452999987 ], [ 38.863136914000052, 40.681692115000146 ], [ 38.898257757000124, 40.695492988000126 ], [ 38.895497583000179, 40.737466680000068 ], [ 38.920910225000114, 40.759928791000107 ], [ 39.005619035000166, 40.760023970000077 ], [ 39.056063609000091, 40.800094092000109 ], [ 39.135778538000181, 40.810027640000044 ], [ 39.125879981000026, 40.829253684000093 ], [ 39.146819237000045, 40.864279349000128 ], [ 39.1335894340001, 40.925383907000082 ], [ 39.143487991000086, 41.006571115000042 ], [ 39.17491489400004, 41.080284368999969 ], [ 39.022487599000044, 41.035715599000071 ], [ 38.92830349999997, 41.044745099000011 ], [ 38.879801200000031, 41.015776499000026 ], [ 38.814689200000146, 41.010919399000102 ], [ 38.704394099000069, 40.95141290000015 ], [ 38.623118799000054, 40.972801999000183 ], [ 38.521034899000028, 40.91792130000016 ], [ 38.430353399000126, 40.911963299000035 ], [ 38.390160100000173, 40.924614800000086 ], [ 38.358750900000132, 40.908731100000011 ], [ 38.285090400000115, 40.944990999000026 ], [ 38.18995260000014, 40.938856500000043 ], [ 38.116323878000117, 40.958172780000098 ], [ 38.10140772800014, 40.939010775000099 ], [ 38.116185261000055, 40.920433262000131 ], [ 38.021751936000044, 40.887181359000181 ], [ 38.016343078000148, 40.766244191 ], [ 37.970181535000165, 40.755774563000102 ], [ 37.980334771000173, 40.735410837000074 ], [ 38.036762569000075, 40.715141626000104 ], [ 38.047714407000115, 40.654098020000049 ], [ 37.997117034000098, 40.636896693000153 ] ] ] } },
{ "type": "Feature", "properties": { "adm1_name": "Gumushane", "adm1_pcode": "TUR029", "center_lat": 40.32547506, "center_lon": 39.41116768 }, "geometry": { "type": "Polygon", "coordinates": [ [ [ 39.167472958000189, 40.799843547000023 ], [ 39.061393602000123, 40.801997661000087 ], [ 39.005619035000166, 40.760023970000077 ], [ 38.920910225000114, 40.759928791000107 ], [ 38.895497583000179, 40.737466680000068 ], [ 38.898257757000124, 40.695492988000126 ], [ 38.863136914000052, 40.681692115000146 ], [ 38.832203919999984, 40.644001452999987 ], [ 38.84438676100001, 40.620397201000117 ], [ 38.798034862000122, 40.593176167000081 ], [ 38.800319145000174, 40.519508056 ], [ 38.976875147000101, 40.467350271000043 ], [ 39.080524466999975, 40.360179349000077 ], [ 39.011139386000139, 40.338097952000112 ], [ 38.899209542000051, 40.229689710000116 ], [ 38.865421196000057, 40.164682838000033 ], [ 38.957078033000073, 40.121471826 ], [ 38.962064969000039, 40.060507910000183 ], [ 39.078473831000167, 40.005333279000126 ], [ 39.153569619000109, 39.997909361000154 ], [ 39.201444372000083, 39.938042123000059 ], [ 39.36505610800009, 39.902730922999979 ], [ 39.45928276300009, 39.865516153000158 ], [ 39.516675362000171, 39.87674720900003 ], [ 39.590533830000027, 39.84438653899997 ], [ 39.791652663000036, 39.922991629000194 ], [ 39.770974443000114, 39.966593003000185 ], [ 39.672179223000171, 40.019512215000191 ], [ 39.65152550300013, 40.074430174000156 ], [ 39.662566201000061, 40.117260471000179 ], [ 39.686265633000062, 40.144957397000155 ], [ 39.799432796000076, 40.160566659999972 ], [ 39.821799728000144, 40.190738226000065 ], [ 39.833125964000089, 40.246132077000141 ], [ 39.818087769000044, 40.323892861000104 ], [ 39.869484126000089, 40.378334928000129 ], [ 39.871006982000154, 40.438773235999975 ], [ 39.932587431000115, 40.47969996400019 ], [ 40.0789718690001, 40.513297953000176 ], [ 40.128835127000059, 40.573843539000052 ], [ 40.103330816000039, 40.597652817000096 ], [ 40.056217490000108, 40.609074230000147 ], [ 40.039180549999969, 40.651809349000132 ], [ 39.995779182000035, 40.647811854000054 ], [ 39.985024018999979, 40.626396706000094 ], [ 40.039275728000064, 40.570146249000061 ], [ 39.979408491000072, 40.539784327000177 ], [ 39.947333357000048, 40.548255208000057 ], [ 39.921825534000106, 40.567290895000042 ], [ 39.905550022000114, 40.619448680000062 ], [ 39.86424257900012, 40.606028520000052 ], [ 39.845302071000049, 40.616783683000051 ], [ 39.851488669000162, 40.71415122600007 ], [ 39.833119230000023, 40.724811212000134 ], [ 39.769635212000026, 40.705870701000151 ], [ 39.68413324800008, 40.617608564000193 ], [ 39.617666972000052, 40.605013283000176 ], [ 39.490413399000147, 40.61357934300014 ], [ 39.441396503000078, 40.633090923 ], [ 39.416745288000129, 40.661549275000084 ], [ 39.316998285000068, 40.694195480000076 ], [ 39.22220056000009, 40.782616250000103 ], [ 39.167472958000189, 40.799843547000023 ] ] ] } },
{ "type": "Feature", "properties": { "adm1_name": "Hakkari", "adm1_pcode": "TUR030", "center_lat": 37.38494554, "center_lon": 43.99797666 }, "geometry": { "type": "Polygon", "coordinates": [ [ [ 44.073175847000073, 37.797521812000127 ], [ 44.025988020999989, 37.805916191000051 ], [ 43.909607687000118, 37.770382700000141 ], [ 43.72998425500009, 37.759135861000118 ], [ 43.636866682000175, 37.774511781000058 ], [ 43.564178438000113, 37.735534026000096 ], [ 43.493921238000155, 37.738046106000127 ], [ 43.492258414000048, 37.668921583000156 ], [ 43.444057946000044, 37.6110136100001 ], [ 43.311905523000121, 37.550903471000083 ], [ 43.307770844000061, 37.456075511000165 ], [ 43.342466193000121, 37.376887424000131 ], [ 43.340206728000112, 37.325853967000114 ], [ 43.360172700000078, 37.327233199000148 ], [ 43.372369, 37.306552399 ], [ 43.495887400000129, 37.242529599000193 ], [ 43.565169399000126, 37.256969 ], [ 43.642098399000076, 37.216470100000095 ], [ 43.688235699000074, 37.233928200000037 ], [ 43.80412749900006, 37.225874900000179 ], [ 43.830155300000058, 37.192371900000126 ], [ 43.852775600000086, 37.222804500000166 ], [ 43.919402500000047, 37.222964299000125 ], [ 43.957403100000079, 37.270199100000127 ], [ 43.953857800000037, 37.29153359999998 ], [ 43.992519699000184, 37.297387300000082 ], [ 44.018062400000133, 37.326591298999972 ], [ 44.068443700000159, 37.312283899000136 ], [ 44.125826300000142, 37.321870500000102 ], [ 44.228009999000051, 37.2815753000001 ], [ 44.267560300000127, 37.244108300000164 ], [ 44.278036800000109, 37.166123099000174 ], [ 44.222306400000036, 37.157627199000103 ], [ 44.183466399000054, 37.100757000000158 ], [ 44.228825399000186, 37.052941599000064 ], [ 44.236248900000078, 37.010831400000086 ], [ 44.308189500000026, 36.963837099000159 ], [ 44.31492680000008, 36.984926200000075 ], [ 44.367597000000103, 37.023758599000075 ], [ 44.348750300000177, 37.039812999000048 ], [ 44.358783100000039, 37.051359000000161 ], [ 44.414171100000033, 37.052146199000163 ], [ 44.465548099000046, 37.07275640000006 ], [ 44.626504899000167, 37.188758299000028 ], [ 44.67420420000019, 37.169914 ], [ 44.76579450000014, 37.166565899000034 ], [ 44.784744999, 37.144532599000058 ], [ 44.7579976990001, 37.227483899000163 ], [ 44.816878299000052, 37.279691199000069 ], [ 44.80754590000015, 37.305567799000073 ], [ 44.732007200000169, 37.341443099000116 ], [ 44.721955400000184, 37.375199900000098 ], [ 44.65611249900013, 37.384734300000105 ], [ 44.633636500000023, 37.4282402 ], [ 44.580585300000109, 37.445955400000116 ], [ 44.586840700000039, 37.473333099000058 ], [ 44.606376200000113, 37.483159300000125 ], [ 44.586482299000181, 37.508217100000081 ], [ 44.613424400000099, 37.544493099000135 ], [ 44.59860070000019, 37.580001700000139 ], [ 44.61434220000001, 37.601826599000162 ], [ 44.567889400000183, 37.642885599000124 ], [ 44.574296, 37.66466729900003 ], [ 44.629041600000164, 37.703508200000044 ], [ 44.591782699000134, 37.760780999000133 ], [ 44.56054260000019, 37.779895899000053 ], [ 44.47061130000003, 37.762403399000107 ], [ 44.348009607000108, 37.783925006000061 ], [ 44.291221812000174, 37.773725257000194 ], [ 44.210267043000158, 37.732007362000161 ], [ 44.161278381000102, 37.732202628000152 ], [ 44.124161167000125, 37.756451544000129 ], [ 44.083791212000108, 37.754239164000012 ], [ 44.088608327000145, 37.796037206000051 ], [ 44.073175847000073, 37.797521812000127 ] ] ] } },
{ "type": "Feature", "properties": { "adm1_name": "Hatay", "adm1_pcode": "TUR031", "center_lat": 36.40784375, "center_lon": 36.22553144 }, "geometry": { "type": "Polygon", "coordinates": [ [ [ 36.226215588000173, 36.998969816000113 ], [ 36.065671516000123, 37.003050413000153 ], [ 35.965381551000064, 36.938932526000031 ], [ 35.955980100000147, 36.910634163000111 ], [ 35.963990903000081, 36.901426944999969 ], [ 36.006047300000091, 36.932900300000085 ], [ 36.035470700000076, 36.928521799000066 ], [ 36.134488700000134, 36.874156600000049 ], [ 36.166000999000062, 36.837655200000086 ], [ 36.205649400000084, 36.778594699000053 ], [ 36.194379800000036, 36.704204899000104 ], [ 36.214990200000045, 36.658708200000035 ], [ 36.189396399000088, 36.593167900000083 ], [ 36.162168, 36.595763699000031 ], [ 36.0355346, 36.533825199000148 ], [ 35.98629959900012, 36.479963299000133 ], [ 35.908017500000085, 36.445924399000148 ], [ 35.895714800000178, 36.419143100000156 ], [ 35.861210300000039, 36.399258200000133 ], [ 35.855313899000066, 36.374083099000188 ], [ 35.822130099000105, 36.362937000000159 ], [ 35.782330399999978, 36.318331900000089 ], [ 35.785347899000158, 36.293875900000046 ], [ 35.899650300000189, 36.159630299000128 ], [ 35.978835600000082, 36.022701899000083 ], [ 35.98041479900013, 36.007649499000024 ], [ 35.923256500000093, 35.956498300000192 ], [ 35.917877800000042, 35.928389800000105 ], [ 35.932038200000136, 35.919187200000181 ], [ 36.00654979899997, 35.940459600000111 ], [ 36.018053600000144, 35.920628800000088 ], [ 35.998804799000084, 35.882431400000144 ], [ 36.108502899000086, 35.865927499000179 ], [ 36.150855900000067, 35.808419300000139 ], [ 36.168039400000055, 35.829430699000056 ], [ 36.189411900000039, 35.941164499000081 ], [ 36.250482700000191, 35.963154899000187 ], [ 36.293338899999981, 35.955998899000178 ], [ 36.288829300000089, 36.010026800000162 ], [ 36.33774910000011, 35.988214500000026 ], [ 36.376393199, 36.011287399000139 ], [ 36.389829500000189, 36.081610600000147 ], [ 36.370144300000163, 36.116820599000107 ], [ 36.38909910000018, 36.145922400000075 ], [ 36.365569400000027, 36.167310300000111 ], [ 36.400419899999974, 36.192531400000064 ], [ 36.382329700000128, 36.21717840000008 ], [ 36.396414878000087, 36.224521945999982 ], [ 36.465306600000076, 36.196931499000016 ], [ 36.487903699000071, 36.218480999000121 ], [ 36.483604599000159, 36.2325839 ], [ 36.503317300000049, 36.22597810000002 ], [ 36.501220199000159, 36.242335400000059 ], [ 36.623376000000178, 36.215151400000082 ], [ 36.620859400000143, 36.237406699000189 ], [ 36.666916800000138, 36.229096900000172 ], [ 36.697888200000136, 36.251100399000052 ], [ 36.680066700000111, 36.271269099000108 ], [ 36.695622700000115, 36.296217599000045 ], [ 36.655915, 36.298201599000095 ], [ 36.657568400000059, 36.338879200000179 ], [ 36.627252999000063, 36.344324800000095 ], [ 36.605954999000176, 36.326025299000094 ], [ 36.598955100000182, 36.349476800000048 ], [ 36.618661000000145, 36.357264700000144 ], [ 36.596634399000095, 36.372643800000048 ], [ 36.607567900000163, 36.394223200000113 ], [ 36.58615500000019, 36.391749499000184 ], [ 36.565697100000136, 36.418808299000091 ], [ 36.561552200000051, 36.463842200000045 ], [ 36.543019200000174, 36.486186000000146 ], [ 36.57498570000007, 36.529015799000149 ], [ 36.590693000000101, 36.585203100000115 ], [ 36.5734743000001, 36.659112200000095 ], [ 36.629147499000112, 36.705944800000054 ], [ 36.613106100000095, 36.745088199000065 ], [ 36.670590699000059, 36.800518299000032 ], [ 36.671628, 36.8209485000001 ], [ 36.605667068000059, 36.877058755000121 ], [ 36.531106887000135, 36.87290077300014 ], [ 36.481544656000153, 36.886409100000037 ], [ 36.43988774200011, 36.926436326999976 ], [ 36.344556009000144, 36.930154195000114 ], [ 36.276932912000063, 36.954004665000184 ], [ 36.275600091000172, 36.976662612000041 ], [ 36.226215588000173, 36.998969816000113 ] ] ] } },
{ "type": "Feature", "properties": { "adm1_name": "Igdir", "adm1_pcode": "TUR076", "center_lat": 39.8829698, "center_lon": 43.97814527 }, "geometry": { "type": "Polygon", "coordinates": [ [ [ 43.344254982000052, 40.138264438000135 ], [ 43.354219870000122, 40.06331243700015 ], [ 43.281289266000101, 40.017494319000036 ], [ 43.299581597999975, 39.979377784000121 ], [ 43.325623393000058, 39.978476684000157 ], [ 43.390682821000041, 39.911164504000112 ], [ 43.418526815000121, 39.813124810000033 ], [ 43.454660931000092, 39.781856637000033 ], [ 43.48484778500017, 39.795102807000035 ], [ 43.496291756000176, 39.836102863000065 ], [ 43.535399502000132, 39.844302875000153 ], [ 43.596313870000188, 39.790867638000179 ], [ 43.753645953000103, 39.770142335000173 ], [ 43.81636252100003, 39.783208286000047 ], [ 43.956573701000138, 39.733017009999969 ], [ 44.065787036000074, 39.731935689000125 ], [ 44.107147532000113, 39.703641144000187 ], [ 44.295365738000044, 39.705576069000131 ], [ 44.323241563000124, 39.674327700000049 ], [ 44.484766635000028, 39.630315963000101 ], [ 44.482695899000078, 39.670578999000099 ], [ 44.467485100000033, 39.684233099000096 ], [ 44.614897500000154, 39.78241339900012 ], [ 44.647698799000125, 39.727405300000044 ], [ 44.714917299000035, 39.714341900000079 ], [ 44.804882600000099, 39.629495000000134 ], [ 44.815604100000087, 39.644630699000061 ], [ 44.799187100000097, 39.659133699000108 ], [ 44.80561349900006, 39.672953600000028 ], [ 44.794678, 39.670338999000137 ], [ 44.801718199000163, 39.683488399000112 ], [ 44.748189600000103, 39.717308400000036 ], [ 44.74422590000006, 39.744015299000068 ], [ 44.724666099000046, 39.74154659900006 ], [ 44.710456100000158, 39.769707599000071 ], [ 44.686842999000135, 39.7722455 ], [ 44.694970500000125, 39.792567299000041 ], [ 44.6569687, 39.791106900000102 ], [ 44.611875399000098, 39.814830599 ], [ 44.617026200000055, 39.828019500000153 ], [ 44.594915200000059, 39.825180398999976 ], [ 44.591821500000037, 39.858920799000146 ], [ 44.552746700000171, 39.881911000000173 ], [ 44.536205500000051, 39.921314800000118 ], [ 44.519919400000049, 39.921375199000067 ], [ 44.482144599000151, 39.965698400000178 ], [ 44.351982999000029, 40.027204800000163 ], [ 44.251496300000042, 40.049503099000106 ], [ 44.173202400000037, 40.026947299000085 ], [ 43.910714799000061, 40.020957500000179 ], [ 43.766352099000187, 40.081671399000186 ], [ 43.697685900000124, 40.086832899000058 ], [ 43.648590180000099, 40.131539915000019 ], [ 43.594747979000033, 40.135701641000139 ], [ 43.562362931999985, 40.117894723000063 ], [ 43.475263214000051, 40.109004417000108 ], [ 43.405418763000171, 40.134983397000042 ], [ 43.344254982000052, 40.138264438000135 ] ] ] } },
{ "type": "Feature", "properties": { "adm1_name": "Isparta", "adm1_pcode": "TUR032", "center_lat": 37.92140792, "center_lon": 30.79682421 }, "geometry": { "type": "Polygon", "coordinates": [ [ [ 31.084874501, 38.506602641000143 ], [ 31.040759681000168, 38.505347953000069 ], [ 30.979279982000037, 38.459426383000107 ], [ 30.959455916000081, 38.417770750000102 ], [ 30.86394908699998, 38.388762370000165 ], [ 30.827111455000079, 38.329842235000172 ], [ 30.614667730000065, 38.225301653000088 ], [ 30.551660488000095, 38.165442079000115 ], [ 30.468163367000045, 38.187610630000165 ], [ 30.352739122000116, 38.084475503000078 ], [ 30.338335305000157, 38.055115811000178 ], [ 30.256830791000027, 38.033986869999978 ], [ 30.232690599000193, 37.999909551000144 ], [ 30.190675289000183, 37.979198839000162 ], [ 30.149914668000122, 37.920228516000179 ], [ 30.150617294000142, 37.869488945000114 ], [ 30.112793940000074, 37.810144196000181 ], [ 30.141646590000107, 37.788855456000192 ], [ 30.217648276000034, 37.774839182000051 ], [ 30.381773556000098, 37.832876586000111 ], [ 30.425266027000191, 37.796399031000021 ], [ 30.444297797000161, 37.72832385800001 ], [ 30.487546270000166, 37.70563213500003 ], [ 30.586738686999979, 37.686417369000026 ], [ 30.609933655000191, 37.661941416000047 ], [ 30.72518412800008, 37.661178925000058 ], [ 30.759693431000187, 37.555984433000049 ], [ 30.840766979000193, 37.458102549000046 ], [ 30.84803585800006, 37.402289519000192 ], [ 30.928863445000047, 37.380188046 ], [ 30.991063564000115, 37.335908180000047 ], [ 31.035000141000069, 37.344692942000165 ], [ 31.108245480000107, 37.39046331000003 ], [ 31.298147884000116, 37.436743654000168 ], [ 31.360707626000192, 37.424249235000104 ], [ 31.370166091000044, 37.55097833200017 ], [ 31.334797114000082, 37.631682073000036 ], [ 31.335987058000114, 37.663215604000129 ], [ 31.372535355000139, 37.696789040000112 ], [ 31.43174572200013, 37.700167632000046 ], [ 31.429578323000101, 37.753013921000161 ], [ 31.468369966000125, 37.811711819000152 ], [ 31.434254023999983, 37.908149796000146 ], [ 31.499646934000054, 37.966324863000068 ], [ 31.514351250000061, 38.034661680000056 ], [ 31.572828525000148, 38.115492915000175 ], [ 31.539425081000161, 38.168105463000018 ], [ 31.312400657000126, 38.292029691000096 ], [ 31.278402241000151, 38.368611123 ], [ 31.240663999000162, 38.407539309000072 ], [ 31.241413033000129, 38.427936188000103 ], [ 31.084874501, 38.506602641000143 ] ] ] } },
{ "type": "Feature", "properties": { "adm1_name": "Istanbul", "adm1_pcode": "TUR034", "center_lat": 41.26903135, "center_lon": 28.49665556 }, "geometry": { "type": "MultiPolygon", "coordinates": [ [ [ [ 28.152107699000169, 41.579861799000071 ], [ 28.137062590000085, 41.580932081000185 ], [ 28.111225418000174, 41.527930752000032 ], [ 28.07453819400007, 41.507947923000188 ], [ 28.111303476000046, 41.464781892000076 ], [ 28.124339149000093, 41.417244617000108 ], [ 28.089837546000126, 41.37165879000014 ], [ 28.06462483700011, 41.268778447000159 ], [ 27.999758703000111, 41.240209247000166 ], [ 27.998743951000165, 41.220460592000109 ], [ 28.031840509000176, 41.193062262000183 ], [ 27.974311821000128, 41.077926825000134 ], [ 28.008853588000079, 41.031388304000075 ], [ 28.074529400000074, 41.056724699000029 ], [ 28.235578000000146, 41.077648699000065 ], [ 28.418588800000123, 41.041936498999974 ], [ 28.541237099000057, 40.984581599000137 ], [ 28.563278800000091, 41.016655599999979 ], [ 28.588449100000105, 41.016821900000082 ], [ 28.595506200000102, 40.973430400000041 ], [ 28.621354699000165, 40.96063409900006 ], [ 28.739935200000104, 40.971411399000033 ], [ 28.772193900000048, 40.987939799000173 ], [ 28.8298378, 40.954692798999986 ], [ 28.847301500000071, 40.973514600000101 ], [ 28.87522509900009, 40.968910199000049 ], [ 28.936718, 41.001228299000104 ], [ 28.985559499000146, 41.006160700000123 ], [ 28.939581800000099, 41.042634099000168 ], [ 28.935268200000053, 41.051452900000186 ], [ 28.943823399000109, 41.064927699000179 ], [ 28.94054610000012, 41.046666100000095 ], [ 28.976600500000075, 41.021074500000054 ], [ 29.032684300000085, 41.049823799000137 ], [ 29.056448399000146, 41.082567899000082 ], [ 29.054274, 41.113827798999978 ], [ 29.071641800000066, 41.124547799000027 ], [ 29.036018400000046, 41.155944199000032 ], [ 29.105706300000179, 41.206700700000113 ], [ 29.111348499000087, 41.238396300000147 ], [ 29.078123500000061, 41.253978099000051 ], [ 28.96759550000013, 41.253885699000193 ], [ 28.683124700000178, 41.348504500000161 ], [ 28.625875700000051, 41.354722199000093 ], [ 28.272401500000115, 41.496445000000108 ], [ 28.220717299000057, 41.52476429900014 ], [ 28.182792599999971, 41.571052999000074 ], [ 28.152107699000169, 41.579861799000071 ] ] ], [ [ [ 29.143791200000067, 40.855610399000113 ], [ 29.140447000000165, 40.850599999000167 ], [ 29.147575200000176, 40.846856499000069 ], [ 29.148156699000083, 40.849176800000123 ], [ 29.143791200000067, 40.855610399000113 ] ] ], [ [ [ 28.992227503000095, 40.86586721600014 ], [ 28.992164588000151, 40.863451297000154 ], [ 28.996077874000093, 40.864810251000165 ], [ 28.994807, 40.866093708000051 ], [ 28.992227503000095, 40.86586721600014 ] ] ], [ [ [ 29.1281618000001, 40.875296099000025 ], [ 29.107325500000059, 40.861412 ], [ 29.114145500000177, 40.838363799000092 ], [ 29.138750400000106, 40.87004230000008 ], [ 29.1281618000001, 40.875296099000025 ] ] ], [ [ [ 29.093146100000126, 40.884989 ], [ 29.07584240000017, 40.874147400000084 ], [ 29.074788699000123, 40.868881599000076 ], [ 29.09533730000004, 40.869178199000089 ], [ 29.103867199000149, 40.873471000000109 ], [ 29.093146100000126, 40.884989 ] ] ], [ [ [ 29.056375400000093, 40.886897099000123 ], [ 29.053956300000095, 40.876036900000088 ], [ 29.072282800000153, 40.879053499000065 ], [ 29.0694818, 40.884655900000041 ], [ 29.056375400000093, 40.886897099000123 ] ] ], [ [ [ 29.049627477000115, 40.914378391000184 ], [ 29.039071399000136, 40.91196820000016 ], [ 29.046793300000047, 40.90235549900018 ], [ 29.057216500000038, 40.906740700000171 ], [ 29.049627477000115, 40.914378391000184 ] ] ], [ [ [ 28.771527899000091, 40.98096789900012 ], [ 28.76754009900003, 40.982770199000186 ], [ 28.767100600000163, 40.982080399000154 ], [ 28.768226700000071, 40.980114499000194 ], [ 28.774618199000031, 40.977626100000123 ], [ 28.771527899000091, 40.98096789900012 ] ] ], [ [ [ 29.256897900000183, 41.232519800000148 ], [ 29.16501029900013, 41.224492699000052 ], [ 29.086993699000061, 41.178685799000164 ], [ 29.071213499000066, 41.143244099000128 ], [ 29.096503899000027, 41.118461300000149 ], [ 29.066178200000081, 41.102809 ], [ 29.052028699000061, 41.04828260000005 ], [ 29.006296199000133, 41.022369399000183 ], [ 29.020095800000149, 40.980411500000173 ], [ 29.039613700000189, 40.976268800000071 ], [ 29.034616500000084, 40.976554899000178 ], [ 29.038236599000186, 40.970996899000056 ], [ 29.033607500000073, 40.97389220000008 ], [ 29.033857299000033, 40.969673200000045 ], [ 29.032676700000138, 40.970077500000116 ], [ 29.031883199000106, 40.969352699000069 ], [ 29.03126639900006, 40.967664999000078 ], [ 29.032086500000162, 40.966772399000092 ], [ 29.094539900000143, 40.95216759900012 ], [ 29.178699799000185, 40.886024099000167 ], [ 29.287025199000084, 40.854887899000062 ], [ 29.2814004, 40.834921800000131 ], [ 29.264110900000162, 40.840135699000143 ], [ 29.279700100000184, 40.8265111 ], [ 29.25462680000004, 40.814525900000092 ], [ 29.257060200000126, 40.8027336990001 ], [ 29.362276195000106, 40.816393602000119 ], [ 29.363218463000067, 40.852114071000017 ], [ 29.456248317000075, 40.912113061000184 ], [ 29.460431177000146, 40.944627830000059 ], [ 29.504546412000082, 40.992312440000035 ], [ 29.508952359000034, 41.041949051000131 ], [ 29.581574090000174, 41.021545625000044 ], [ 29.630674661000171, 40.969191402000149 ], [ 29.666834569000116, 40.96675116300014 ], [ 29.727396869000131, 41.029457916000183 ], [ 29.813544708000165, 41.006904190000171 ], [ 29.846968589000141, 41.012450188 ], [ 29.895329694000054, 41.083512911000128 ], [ 29.92172864500003, 41.095344374000035 ], [ 29.910667300000057, 41.143468699000039 ], [ 29.846389300000112, 41.139119299000072 ], [ 29.607339900000056, 41.182260399000029 ], [ 29.576380100000108, 41.171920600000078 ], [ 29.256897900000183, 41.232519800000148 ] ] ] ] } },
{ "type": "Feature", "properties": { "adm1_name": "Izmir", "adm1_pcode": "TUR035", "center_lat": 38.60961231, "center_lon": 27.02130045 }, "geometry": { "type": "MultiPolygon", "coordinates": [ [ [ [ 27.34012143200016, 39.387685736000037 ], [ 27.310920752000072, 39.392828543 ], [ 27.278494922000164, 39.365545520000126 ], [ 27.240577622000103, 39.360141215000169 ], [ 27.113925121000023, 39.359618217000047 ], [ 27.042187332000026, 39.317081108000082 ], [ 26.907502866000129, 39.268779411000139 ], [ 26.876900584000111, 39.2349383560001 ], [ 26.830236735000142, 39.230830756000046 ], [ 26.76983964100009, 39.166832714000122 ], [ 26.808058699000071, 39.16478959900013 ], [ 26.886836999000082, 39.073909099000105 ], [ 26.800761300000147, 39.035552099000085 ], [ 26.815668100000039, 39.02573150000012 ], [ 26.796290400000089, 38.986010899000121 ], [ 26.804627100000118, 38.952205500000048 ], [ 26.852111699000147, 38.932624599 ], [ 26.855213799000126, 38.916316699000049 ], [ 26.92431999900009, 38.93866120000007 ], [ 26.939120400000149, 38.925975400000084 ], [ 26.936052100000097, 38.937166800000057 ], [ 26.9713183, 38.955626899000038 ], [ 26.965797400000099, 38.935340899000096 ], [ 27.005944398999986, 38.914963100000193 ], [ 27.045134099, 38.940570100000116 ], [ 27.057294100000092, 38.913665999000102 ], [ 27.037603499000056, 38.893595800000128 ], [ 27.065859499000112, 38.878980899000112 ], [ 27.032874199000105, 38.855120699000167 ], [ 27.025872600000127, 38.872888500000045 ], [ 26.969969100000128, 38.847000700000194 ], [ 26.961971300000073, 38.831073400000093 ], [ 26.98386119900016, 38.825657199000034 ], [ 26.973700199000177, 38.805638200000033 ], [ 26.942071300000066, 38.812829 ], [ 26.944433298999968, 38.836247099000161 ], [ 26.914461000000131, 38.817626799000152 ], [ 26.89266239900013, 38.824543499000072 ], [ 26.939390999000068, 38.764418699000032 ], [ 26.907267399000091, 38.766493399000069 ], [ 26.894639900000072, 38.733985000000189 ], [ 26.857568400000162, 38.753119999000035 ], [ 26.837113400000021, 38.74212220000004 ], [ 26.823813800000096, 38.762398298999983 ], [ 26.780811500000084, 38.736576799000147 ], [ 26.739637100000039, 38.74158219900005 ], [ 26.728737800000033, 38.694935699000155 ], [ 26.733214299000167, 38.675377699000194 ], [ 26.746440899000106, 38.678465299000038 ], [ 26.754032099000085, 38.673535600000093 ], [ 26.754808499000035, 38.669163799000103 ], [ 26.73409620000001, 38.667081800000062 ], [ 26.722796799000093, 38.651978199000155 ], [ 26.749294800000087, 38.634436999000059 ], [ 26.766052799000136, 38.641037400000016 ], [ 26.756848299000069, 38.61583950000005 ], [ 26.799196200000154, 38.610928400000148 ], [ 26.830496599000128, 38.577551998999979 ], [ 26.838213600000131, 38.589723199000048 ], [ 26.847065200000145, 38.560530199000084 ], [ 26.830473800000107, 38.556626300000119 ], [ 26.882568400000082, 38.534633900000131 ], [ 26.883755200000053, 38.504085600000167 ], [ 26.952185200000031, 38.443045200000029 ], [ 26.943957700000169, 38.42796019900004 ], [ 26.968889700000148, 38.452323100000115 ], [ 26.965568099000052, 38.448049400000173 ], [ 26.96792030000006, 38.436534999 ], [ 26.969601700000112, 38.434807699000089 ], [ 26.97221020000012, 38.433535999000071 ], [ 26.970420599000079, 38.453620200000103 ], [ 27.026952800000174, 38.468296100000089 ], [ 27.078073099000108, 38.467576899 ], [ 27.112012400000083, 38.448758299000133 ], [ 27.155691400000137, 38.467638998999973 ], [ 27.167877, 38.440537099000039 ], [ 27.148729500000172, 38.447421800000086 ], [ 27.119543899, 38.4113072990001 ], [ 27.086751099000139, 38.398717700000134 ], [ 27.017339900000081, 38.418245499000193 ], [ 26.980666199000154, 38.396578499000157 ], [ 26.803588199000046, 38.355194800000106 ], [ 26.779913800000088, 38.363875800000187 ], [ 26.792522999000028, 38.377506499000106 ], [ 26.789716999, 38.378582799000128 ], [ 26.778113600000154, 38.362888799000132 ], [ 26.76481, 38.368207400000074 ], [ 26.735649600000158, 38.429250500000137 ], [ 26.70689160000012, 38.43427039900007 ], [ 26.675054900000077, 38.388022500000034 ], [ 26.688884299000108, 38.351393200000132 ], [ 26.678259200000184, 38.360330500000089 ], [ 26.674598100000139, 38.34767479900006 ], [ 26.70377549900013, 38.319921400000112 ], [ 26.675505400000077, 38.310932500000092 ], [ 26.643800200000101, 38.340200099000128 ], [ 26.644325898999966, 38.372196399000188 ], [ 26.610764200000119, 38.422658600000034 ], [ 26.584044199000061, 38.426362199000152 ], [ 26.603792400000088, 38.451794900000095 ], [ 26.586538, 38.469279599 ], [ 26.641468599000177, 38.470092399000123 ], [ 26.624723100000097, 38.531420400000172 ], [ 26.569107700000131, 38.55907510000003 ], [ 26.561724499000036, 38.602009300000077 ], [ 26.523629700000129, 38.62968269900017 ], [ 26.522593000000143, 38.650050899000178 ], [ 26.474876600000186, 38.675001499000132 ], [ 26.417457800000022, 38.680712200000016 ], [ 26.360950200000104, 38.659208400000182 ], [ 26.352889699000116, 38.637472199000172 ], [ 26.359883599000057, 38.566264300000171 ], [ 26.380185499000106, 38.544451299 ], [ 26.381312100000173, 38.523263198999985 ], [ 26.376110499000106, 38.540804999000159 ], [ 26.3716255, 38.530251399000178 ], [ 26.412192699000059, 38.493709299000045 ], [ 26.393094599000108, 38.447334899000111 ], [ 26.437541300000134, 38.477234700000167 ], [ 26.515766000000156, 38.427966500000082 ], [ 26.490160900000035, 38.400928999000087 ], [ 26.450926900000127, 38.427937499000109 ], [ 26.48171850000017, 38.376444200000037 ], [ 26.451463300000114, 38.347667099000091 ], [ 26.396690900000067, 38.320677300000114 ], [ 26.385407600000121, 38.349487399999987 ], [ 26.375526800000046, 38.30935089999997 ], [ 26.343974500000115, 38.320589 ], [ 26.34447740000013, 38.333377799000175 ], [ 26.318632, 38.330293499000049 ], [ 26.316089500000032, 38.376727499000083 ], [ 26.302680899, 38.355285600000116 ], [ 26.285000099000115, 38.376875700000028 ], [ 26.303298799000174, 38.320176500000059 ], [ 26.281065199000125, 38.322729900000127 ], [ 26.272502600000166, 38.290371200000095 ], [ 26.234354800000062, 38.294525800000088 ], [ 26.232591800000023, 38.266555899000025 ], [ 26.287489999000059, 38.263271699000086 ], [ 26.33819489900003, 38.226661400000069 ], [ 26.365185100000019, 38.226868100000104 ], [ 26.391583900000057, 38.260339599000133 ], [ 26.402212700000064, 38.244537399000194 ], [ 26.389289700000177, 38.223759900000118 ], [ 26.430384200000049, 38.198509100000081 ], [ 26.419422300000065, 38.220820500000116 ], [ 26.4422394, 38.218809699000076 ], [ 26.458129700000086, 38.191952400000048 ], [ 26.490308100000163, 38.195620299000041 ], [ 26.496606399000029, 38.177920600000107 ], [ 26.518252399000062, 38.187683900000025 ], [ 26.512320799000122, 38.165761500000144 ], [ 26.532116600000109, 38.127403599000161 ], [ 26.560235200000193, 38.117947500000128 ], [ 26.571199499000102, 38.1438056 ], [ 26.591706199000043, 38.103066799000032 ], [ 26.614181800000097, 38.11159279900005 ], [ 26.601114700000039, 38.146463899000139 ], [ 26.6235906, 38.138663399000109 ], [ 26.635918, 38.207773799000051 ], [ 26.732738500000153, 38.207364399000085 ], [ 26.757261399000129, 38.222021499000107 ], [ 26.790260200000091, 38.198983499000121 ], [ 26.772685100000047, 38.19694740000017 ], [ 26.774894399000175, 38.161740900000041 ], [ 26.796851700000161, 38.173040399000172 ], [ 26.824388999000178, 38.158471000000191 ], [ 26.865063100000157, 38.032565299000055 ], [ 26.904731299000048, 38.063823499000193 ], [ 26.978722000000118, 38.07505070000019 ], [ 27.04637089900001, 38.05004 ], [ 27.075861899000131, 38.012543399000094 ], [ 27.097986600000127, 38.016315099000053 ], [ 27.119158900000059, 37.992357299000162 ], [ 27.238499500000103, 37.985836699000117 ], [ 27.272800799000038, 37.947638100000177 ], [ 27.277210199000024, 37.92772640000004 ], [ 27.26724310000003, 37.926601100000028 ], [ 27.263928699000132, 37.923464600000045 ], [ 27.352495642000122, 37.869814084999973 ], [ 27.392392698000037, 37.825330166000072 ], [ 27.435924624000108, 37.850168463000045 ], [ 27.423894928000095, 37.920529213000066 ], [ 27.474004243000024, 37.93913629900004 ], [ 27.497890549000033, 37.996948084000167 ], [ 27.574742145000073, 38.011054852000086 ], [ 27.614898832999984, 37.992015043000094 ], [ 27.81196085900018, 37.963109151000083 ], [ 27.870032278000053, 37.987860902000193 ], [ 27.879638728000145, 38.010968308000031 ], [ 27.911400592, 38.015555171000074 ], [ 28.001666597000053, 37.974706125000068 ], [ 28.04623706000001, 38.030787018000126 ], [ 28.277570743000183, 38.034335346000034 ], [ 28.332699646000151, 38.12191846900015 ], [ 28.360567004000188, 38.125726432000192 ], [ 28.434649170000057, 38.087473722000084 ], [ 28.484680415000128, 38.121811766000121 ], [ 28.448991824000188, 38.168666313000074 ], [ 28.495364246000122, 38.193508682000015 ], [ 28.501640213000087, 38.23360513700004 ], [ 28.46267691900016, 38.25966783500013 ], [ 28.370280736999973, 38.255483856000069 ], [ 28.352150165000182, 38.296364808000021 ], [ 28.315976190000185, 38.320945679000033 ], [ 28.290087825000057, 38.313536551000027 ], [ 28.051339582000139, 38.397564776000138 ], [ 27.957112910000035, 38.393555131000142 ], [ 27.905510514000127, 38.410726872999987 ], [ 27.887641442000074, 38.374117066000053 ], [ 27.889515515000141, 38.318998966000152 ], [ 27.786194502000114, 38.341429737000055 ], [ 27.743308729000091, 38.329923798000095 ], [ 27.701352727000028, 38.349797694000074 ], [ 27.716505119000146, 38.382746520000126 ], [ 27.710577817000171, 38.42048948900009 ], [ 27.662985068000069, 38.470610058000091 ], [ 27.608331855000017, 38.484643818 ], [ 27.559679869000149, 38.459989017000112 ], [ 27.484294341, 38.497893080999972 ], [ 27.450735349000126, 38.54260934600012 ], [ 27.397389630000077, 38.559693923000168 ], [ 27.348750887000165, 38.533979892000048 ], [ 27.274136612000177, 38.553940954000154 ], [ 27.244325768000067, 38.577650162000054 ], [ 27.238834297000039, 38.659586399000091 ], [ 27.20884912300005, 38.683557105000148 ], [ 27.221749721000037, 38.705871655000124 ], [ 27.183570921000182, 38.732631681000043 ], [ 27.143648798000072, 38.734113506000142 ], [ 27.128656210000031, 38.767585331000191 ], [ 27.100152860000094, 38.778219608000143 ], [ 27.107300489000068, 38.807420288 ], [ 27.156287898000073, 38.835051976000102 ], [ 27.152626918000067, 38.865472982000085 ], [ 27.215996751000091, 38.872271946000012 ], [ 27.26402533300012, 38.9153320530001 ], [ 27.328876991000129, 38.917424042000107 ], [ 27.347356228000137, 38.934595785000056 ], [ 27.453699002000121, 38.930586140000059 ], [ 27.468168592000097, 38.988028671000109 ], [ 27.53206142199997, 39.036493083000153 ], [ 27.502076247000105, 39.084521664000079 ], [ 27.503209407000099, 39.124182289000032 ], [ 27.458667475000084, 39.160966428000052 ], [ 27.486734995000177, 39.256849258000045 ], [ 27.435219766000046, 39.293197566000174 ], [ 27.41100977900004, 39.345446827000046 ], [ 27.380915217000108, 39.356916065000121 ], [ 27.368886280000027, 39.384547752000117 ], [ 27.34012143200016, 39.387685736000037 ] ] ], [ [ [ 26.883474500000091, 38.023151600000176 ], [ 26.883900500000038, 38.026122300000168 ], [ 26.877392600000121, 38.024062000000185 ], [ 26.879277799000079, 38.022694099000091 ], [ 26.883474500000091, 38.023151600000176 ] ] ], [ [ [ 26.80188580000015, 38.157662099000163 ], [ 26.805831900000157, 38.162255600000151 ], [ 26.805469899000116, 38.16410069900013 ], [ 26.801473100000067, 38.161669500000187 ], [ 26.80188580000015, 38.157662099000163 ] ] ], [ [ [ 26.439798600000017, 38.182932699999981 ], [ 26.440147600000159, 38.186631199000033 ], [ 26.437581500000078, 38.18835339900005 ], [ 26.436259000000121, 38.185684300000105 ], [ 26.439798600000017, 38.182932699999981 ] ] ], [ [ [ 26.433555300000023, 38.198000299000171 ], [ 26.432231700000102, 38.198702900000114 ], [ 26.427952600000083, 38.195265900000095 ], [ 26.434227300000032, 38.19349150000005 ], [ 26.433555300000023, 38.198000299000171 ] ] ], [ [ [ 26.452556800000139, 38.201152099000183 ], [ 26.443073100000106, 38.200189000000137 ], [ 26.44183419899997, 38.198442800000066 ], [ 26.448021700000083, 38.196570599000154 ], [ 26.452556800000139, 38.201152099000183 ] ] ], [ [ [ 26.212028699000086, 38.293849799000043 ], [ 26.208471499000098, 38.299566199000139 ], [ 26.205601499000124, 38.296665100000041 ], [ 26.209447499000021, 38.290980300000058 ], [ 26.212028699000086, 38.293849799000043 ] ] ], [ [ [ 26.680334499000026, 38.331702500000176 ], [ 26.678715700000112, 38.335355299000184 ], [ 26.675090800000021, 38.333629500000086 ], [ 26.675250900000151, 38.330891800000074 ], [ 26.680334499000026, 38.331702500000176 ] ] ], [ [ [ 26.454170600000111, 38.367699699000127 ], [ 26.450202199000103, 38.367623299000172 ], [ 26.446148699999981, 38.364536999000052 ], [ 26.455808300000058, 38.359758700000043 ], [ 26.454170600000111, 38.367699699000127 ] ] ], [ [ [ 26.46652870000014, 38.379717299000049 ], [ 26.465783800000168, 38.382262200000184 ], [ 26.461510800000099, 38.374538800000096 ], [ 26.466342300000179, 38.375800600000048 ], [ 26.46652870000014, 38.379717299000049 ] ] ], [ [ [ 26.791814600000123, 38.396020199000134 ], [ 26.789183400000184, 38.399817699000153 ], [ 26.783957100000123, 38.395047600000055 ], [ 26.785526400000151, 38.39313390000018 ], [ 26.791814600000123, 38.396020199000134 ] ] ], [ [ [ 26.771686199000101, 38.409542999000109 ], [ 26.768089100000111, 38.409719898999981 ], [ 26.770142900000053, 38.404481599000178 ], [ 26.773703200000114, 38.407983499000068 ], [ 26.771686199000101, 38.409542999000109 ] ] ], [ [ [ 26.798615698999981, 38.408093199000064 ], [ 26.7959075, 38.415357300000039 ], [ 26.794785700000091, 38.415106900000126 ], [ 26.793214099000181, 38.40688489900009 ], [ 26.798615698999981, 38.408093199000064 ] ] ], [ [ [ 26.78396680000003, 38.416261699000188 ], [ 26.782115200000135, 38.418486500000142 ], [ 26.780679600000042, 38.416831600000194 ], [ 26.785472099000174, 38.415415599000028 ], [ 26.78396680000003, 38.416261699000188 ] ] ], [ [ [ 26.316805800000168, 38.41674159900009 ], [ 26.315184600000123, 38.418672300000082 ], [ 26.309177200000079, 38.419833799000173 ], [ 26.311566799, 38.416712799000038 ], [ 26.316805800000168, 38.41674159900009 ] ] ], [ [ [ 26.388293100000112, 38.43335289900017 ], [ 26.382047299000192, 38.435308300000031 ], [ 26.372654300000079, 38.42752640000009 ], [ 26.388570499000082, 38.422512599000129 ], [ 26.388293100000112, 38.43335289900017 ] ] ], [ [ [ 26.368364399000086, 38.428233000000148 ], [ 26.373354100000029, 38.434750400000098 ], [ 26.368683400000123, 38.438095900000121 ], [ 26.3667929, 38.429841499000077 ], [ 26.368364399000086, 38.428233000000148 ] ] ], [ [ [ 26.76806923900017, 38.454262482000161 ], [ 26.759899100000155, 38.453662900000097 ], [ 26.764233300000114, 38.435513699000069 ], [ 26.775861799000097, 38.440703399000142 ], [ 26.76806923900017, 38.454262482000161 ] ] ], [ [ [ 26.360531870000159, 38.454573543000038 ], [ 26.325416399000176, 38.440947000000108 ], [ 26.3309008, 38.423766900000089 ], [ 26.35745129999998, 38.428972699000155 ], [ 26.360531870000159, 38.454573543000038 ] ] ], [ [ [ 26.703759000000105, 38.541158699999983 ], [ 26.694972599999971, 38.47940829900017 ], [ 26.74130770000005, 38.458755098999973 ], [ 26.749202699000023, 38.481093700000088 ], [ 26.730839600000081, 38.496691399000042 ], [ 26.728749399000037, 38.528812399000117 ], [ 26.703759000000105, 38.541158699999983 ] ] ], [ [ [ 26.733025900000143, 38.675445899000124 ], [ 26.731344800000102, 38.675423200000125 ], [ 26.730855299000041, 38.674903800000152 ], [ 26.732085299000175, 38.674520299000108 ], [ 26.733025900000143, 38.675445899000124 ] ] ], [ [ [ 26.725105700000086, 38.676909300000148 ], [ 26.723819499000172, 38.675058700000136 ], [ 26.727456400000108, 38.670881999000187 ], [ 26.729569500000139, 38.672923 ], [ 26.725105700000086, 38.676909300000148 ] ] ], [ [ [ 26.718118500000173, 38.678098299000055 ], [ 26.713806900000122, 38.677081000000157 ], [ 26.711340900000039, 38.675272899000049 ], [ 26.714689200000123, 38.674252399000125 ], [ 26.718118500000173, 38.678098299000055 ] ] ], [ [ [ 26.708330600000181, 38.702850800000192 ], [ 26.709458600000062, 38.69269810000003 ], [ 26.724616500000138, 38.683214699000075 ], [ 26.727227200000129, 38.683910600000161 ], [ 26.708330600000181, 38.702850800000192 ] ] ], [ [ [ 26.726611099000024, 38.702855699000168 ], [ 26.726503198999978, 38.703936200000101 ], [ 26.725211199000057, 38.703239300000178 ], [ 26.726073900000074, 38.702805499000078 ], [ 26.726611099000024, 38.702855699000168 ] ] ], [ [ [ 26.708819899000048, 38.712074800000096 ], [ 26.709939800000086, 38.714293100000134 ], [ 26.708836299000154, 38.716817400000082 ], [ 26.707740199000057, 38.711656699000059 ], [ 26.708819899000048, 38.712074800000096 ] ] ], [ [ [ 26.733709300000157, 38.73229129900011 ], [ 26.733913799000106, 38.733922400000154 ], [ 26.732112800000039, 38.733648599000162 ], [ 26.732604900000126, 38.732650499000158 ], [ 26.733709300000157, 38.73229129900011 ] ] ], [ [ [ 26.885058600000093, 38.854726800000151 ], [ 26.877198899000177, 38.852889299000083 ], [ 26.876613200000122, 38.848119699000165 ], [ 26.886258699000166, 38.847039999000174 ], [ 26.885058600000093, 38.854726800000151 ] ] ], [ [ [ 26.8377615, 38.904284699000129 ], [ 26.835553800000127, 38.907479099000113 ], [ 26.833053599000152, 38.910216400000024 ], [ 26.832045600000129, 38.905305799000075 ], [ 26.8377615, 38.904284699000129 ] ] ], [ [ [ 26.819710499000109, 38.913619899000025 ], [ 26.822313600000143, 38.923324400000126 ], [ 26.807601800000043, 38.927599399000087 ], [ 26.806808199000159, 38.916340400000138 ], [ 26.819710499000109, 38.913619899000025 ] ] ] ] } },
{ "type": "Feature", "properties": { "adm1_name": "Kahramanmaras", "adm1_pcode": "TUR046", "center_lat": 37.88382422, "center_lon": 36.952599 }, "geometry": { "type": "Polygon", "coordinates": [ [ [ 37.14675507700008, 38.572151696000049 ], [ 37.051576638000029, 38.587380246000066 ], [ 36.84408764200009, 38.561206176000155 ], [ 36.703151661000163, 38.517150754000056 ], [ 36.698190921000048, 38.467049454000176 ], [ 36.729080872000168, 38.443954750000103 ], [ 36.708733644000063, 38.402990195000086 ], [ 36.681814080000095, 38.395517541000117 ], [ 36.6315762320001, 38.411993394000092 ], [ 36.515074843000036, 38.290900374000159 ], [ 36.406496269000115, 38.263530651000167 ], [ 36.380296961000056, 38.239492111 ], [ 36.378766418000168, 38.178990617000068 ], [ 36.302509325000187, 38.073833257000103 ], [ 36.233898086000067, 38.022933160000036 ], [ 36.204133071000115, 37.952576795000141 ], [ 36.263054647999979, 37.935714431000065 ], [ 36.292652504000046, 37.859018078000133 ], [ 36.265474091000101, 37.803532179000115 ], [ 36.217932030999975, 37.780090463000136 ], [ 36.180403777000151, 37.730196166000042 ], [ 36.190313958000047, 37.707925332000173 ], [ 36.229856868000184, 37.702061696000101 ], [ 36.224054294000041, 37.662506123000128 ], [ 36.271455601000127, 37.642237979000186 ], [ 36.237632524000105, 37.523904644000083 ], [ 36.277853592000042, 37.345945554000082 ], [ 36.293563935000066, 37.364875873000074 ], [ 36.403297621000149, 37.352228461000095 ], [ 36.468777039000031, 37.374860164000097 ], [ 36.475158570000019, 37.405421282000077 ], [ 36.549071239000057, 37.428157007000152 ], [ 36.589812538000103, 37.3543907990001 ], [ 36.647728597000082, 37.34788627800009 ], [ 36.629326761000073, 37.295632125000111 ], [ 36.669708561000107, 37.26629222300005 ], [ 36.705417475000047, 37.207275215000038 ], [ 36.727975421999986, 37.227213047000134 ], [ 36.839619729000162, 37.246629448000022 ], [ 36.898820719000184, 37.319821667000156 ], [ 36.977438109000161, 37.294504203000031 ], [ 36.983910241000103, 37.254909983000118 ], [ 37.02988200700014, 37.250715987000035 ], [ 37.04393399900016, 37.191044500000089 ], [ 37.070617800000036, 37.17952864900019 ], [ 37.108974710000098, 37.207320753000033 ], [ 37.115066131000049, 37.238158567000028 ], [ 37.183404250000137, 37.278514225000038 ], [ 37.225282762000063, 37.329910582000082 ], [ 37.259166287000028, 37.335526110000046 ], [ 37.333310289999986, 37.309637574000135 ], [ 37.392225744000029, 37.342093422 ], [ 37.441718532000039, 37.341141638000124 ], [ 37.455614584000159, 37.384162292000042 ], [ 37.513292717000184, 37.403197979000083 ], [ 37.536706613000149, 37.427373303000138 ], [ 37.548376168000175, 37.468072394000103 ], [ 37.577881483000112, 37.493389858000171 ], [ 37.589778789000036, 37.579240809000112 ], [ 37.55227848300018, 37.592089899000143 ], [ 37.473565915000165, 37.567057970000121 ], [ 37.453102551000029, 37.57781313300012 ], [ 37.449580948000062, 37.599704174000124 ], [ 37.471947881, 37.611696658000142 ], [ 37.47318520000016, 37.630637167000089 ], [ 37.439872747000152, 37.646151252000038 ], [ 37.472709310000027, 37.674133713000117 ], [ 37.461287897000147, 37.720200077000129 ], [ 37.494029279000074, 37.775498750000111 ], [ 37.629468197000165, 37.898754827000062 ], [ 37.643929240000034, 37.943659406000108 ], [ 37.591428741000129, 37.969767359000173 ], [ 37.581625362000182, 38.00850498300008 ], [ 37.609798180000098, 38.050288318000185 ], [ 37.708022328000027, 38.111392876000139 ], [ 37.746474417000172, 38.192389726000158 ], [ 37.705738045000089, 38.22294200500005 ], [ 37.637019213000031, 38.320690262000142 ], [ 37.484352998000134, 38.38141410500009 ], [ 37.467887129000133, 38.415107273000046 ], [ 37.364808879, 38.417772269000125 ], [ 37.287904700000126, 38.451560614000073 ], [ 37.262016166000194, 38.490964487000099 ], [ 37.312746273000187, 38.561015818000044 ], [ 37.14675507700008, 38.572151696000049 ] ] ] } },
{ "type": "Feature", "properties": { "adm1_name": "Karabuk", "adm1_pcode": "TUR078", "center_lat": 41.1904546, "center_lon": 32.53911977 }, "geometry": { "type": "Polygon", "coordinates": [ [ [ 33.000964197000087, 41.56848087200018 ], [ 32.959500093000031, 41.583011028000158 ], [ 32.91564382700011, 41.561215793000088 ], [ 32.839089966000017, 41.570487496000112 ], [ 32.75984360800004, 41.513596627000027 ], [ 32.661479452000094, 41.505348222000123 ], [ 32.640819893000184, 41.48337817100014 ], [ 32.66810901000008, 41.423018348000085 ], [ 32.626368768000077, 41.393113954000057 ], [ 32.610848405000127, 41.357550737000167 ], [ 32.390890937000108, 41.316539975000126 ], [ 32.322950804000072, 41.320240195000054 ], [ 32.282137509999984, 41.284850467000183 ], [ 32.190314875000126, 41.264445438000052 ], [ 32.148769497999979, 41.217201360000104 ], [ 32.153549055000155, 41.13962548000012 ], [ 32.10694837900013, 41.097712447000106 ], [ 32.106396892000078, 41.069035108000094 ], [ 32.141232506000051, 41.012967233000097 ], [ 32.281769851000035, 41.030430997000167 ], [ 32.329841160000115, 40.960484025000085 ], [ 32.364125287000093, 40.96186274400003 ], [ 32.342770473000087, 40.873808606000125 ], [ 32.39958228200004, 40.861825246000194 ], [ 32.512796283000057, 40.885712040000044 ], [ 32.570316352000191, 40.797374084000069 ], [ 32.604493201000082, 40.828085111000121 ], [ 32.732953225000131, 40.873172879000037 ], [ 32.794567826000048, 40.956930227000043 ], [ 32.908458564000057, 40.958663138000134 ], [ 33.03293931200011, 40.992166077000093 ], [ 33.087003878000019, 41.060714357000109 ], [ 33.060102441000083, 41.070720517000041 ], [ 33.057566527000063, 41.106388053000103 ], [ 33.013201110000182, 41.143151117000059 ], [ 32.985122291000096, 41.14620460500015 ], [ 32.983085725000024, 41.164086081000107 ], [ 32.937804531000097, 41.183151160000079 ], [ 32.922787082000013, 41.206607617000088 ], [ 32.928501686000175, 41.261893091000161 ], [ 33.045706447000157, 41.320877553000173 ], [ 33.094612828000095, 41.324598691000062 ], [ 33.096370032000152, 41.37518844300007 ], [ 33.142101633000095, 41.381626602000097 ], [ 33.158226562000152, 41.42583726099997 ], [ 33.103827073000161, 41.453037006000102 ], [ 33.093106654000167, 41.481122735000042 ], [ 33.065375318000179, 41.498133651000103 ], [ 33.057047057000034, 41.571138827000084 ], [ 33.000964197000087, 41.56848087200018 ] ] ] } },
{ "type": "Feature", "properties": { "adm1_name": "Karaman", "adm1_pcode": "TUR070", "center_lat": 37.02499726, "center_lon": 33.20882169 }, "geometry": { "type": "Polygon", "coordinates": [ [ [ 33.850225056000113, 37.47767447200016 ], [ 33.706296231000181, 37.580978225000024 ], [ 33.591372126000067, 37.612818784000069 ], [ 33.544156471000065, 37.606513985000049 ], [ 33.505325234000168, 37.499587389000055 ], [ 33.414296935000095, 37.474966134000113 ], [ 33.307933110000192, 37.463992088000168 ], [ 33.293582435000076, 37.499165310000194 ], [ 33.192705635000038, 37.559100481000144 ], [ 33.17005408000017, 37.554035537000061 ], [ 33.152748854000095, 37.512390442000026 ], [ 33.130660071000023, 37.501416397000014 ], [ 33.007413101000054, 37.494381751999981 ], [ 32.973985350000135, 37.434736760000192 ], [ 32.897852911000143, 37.38741119000008 ], [ 32.890176355, 37.346575079000047 ], [ 32.854326047000086, 37.330509711 ], [ 32.797424568000167, 37.335099816000081 ], [ 32.777877049000097, 37.312624127000049 ], [ 32.77827274700013, 37.258650817000046 ], [ 32.801302415000123, 37.197871489000192 ], [ 32.774157480999975, 37.158618173000036 ], [ 32.793151020999971, 37.116436687000146 ], [ 32.795749442000158, 36.986172658000157 ], [ 32.825400469000044, 36.956416112000113 ], [ 32.811471873000073, 36.878859158000125 ], [ 32.699937586000146, 36.81765775100007 ], [ 32.62313245900009, 36.755031828000085 ], [ 32.412010570000064, 36.733983204000083 ], [ 32.424364183000137, 36.698526047000087 ], [ 32.410319098000059, 36.681279739000047 ], [ 32.420375251000166, 36.64512038100014 ], [ 32.407369303000166, 36.582611910000082 ], [ 32.568596895000098, 36.480086169000174 ], [ 32.637418219000097, 36.509395431000144 ], [ 33.034496465000075, 36.436037392 ], [ 33.053077608000137, 36.485093977000076 ], [ 33.033024471000147, 36.535378457000093 ], [ 33.069188169000086, 36.567022618000067 ], [ 33.122429330000159, 36.581489193000039 ], [ 33.18640629500004, 36.530834501000129 ], [ 33.223011929000108, 36.532450274000155 ], [ 33.176821218000157, 36.595071860000076 ], [ 33.107141930000068, 36.619792474000121 ], [ 33.058677100000182, 36.70167673300017 ], [ 32.978079912000169, 36.687696493000033 ], [ 32.982264705000091, 36.748299277 ], [ 32.943008610000049, 36.804517882000084 ], [ 32.955730493000033, 36.850437821000185 ], [ 33.099194963000059, 36.872832373000165 ], [ 33.115915152000127, 36.849084859000129 ], [ 33.147416957000075, 36.844480749000013 ], [ 33.173910783000167, 36.901830188000076 ], [ 33.216236286000026, 36.928081693000081 ], [ 33.27762441800013, 36.924123774000066 ], [ 33.356944349000059, 36.959987368000043 ], [ 33.460819531000027, 36.976222913000186 ], [ 33.573579838000171, 36.97751529500016 ], [ 33.637956604000124, 37.036964855000122 ], [ 33.777453058000049, 37.008047813000076 ], [ 33.827128981000044, 37.014267401000097 ], [ 33.901360158000102, 37.0791288100001 ], [ 33.986818902000039, 37.118869549000181 ], [ 34.006850818000146, 37.164264458000105 ], [ 34.111533740000141, 37.190031319000184 ], [ 34.18843045400007, 37.183650183000168 ], [ 34.29189081100003, 37.215510860000109 ], [ 34.064113421000116, 37.366140185000063 ], [ 33.879348485000094, 37.429874063000113 ], [ 33.850225056000113, 37.47767447200016 ] ] ] } },
{ "type": "Feature", "properties": { "adm1_name": "Kars", "adm1_pcode": "TUR036", "center_lat": 40.5081214, "center_lon": 43.06011509 }, "geometry": { "type": "Polygon", "coordinates": [ [ [ 43.457457471000168, 41.002779044000079 ], [ 43.410104914000044, 41.059774927000149 ], [ 43.346427317000121, 41.094990567000139 ], [ 43.314347315000191, 41.087995681000109 ], [ 43.248156418000121, 41.024405143000195 ], [ 43.11458291100007, 41.00404958200005 ], [ 43.02905798300003, 40.96106208700013 ], [ 42.940092028000095, 40.870144734 ], [ 42.940148081000189, 40.803400434000082 ], [ 42.893879403000142, 40.824464308000131 ], [ 42.865761549000126, 40.818698817000154 ], [ 42.846158880000132, 40.729466763000119 ], [ 42.643479709000133, 40.641299105000087 ], [ 42.570811688999981, 40.659887772000047 ], [ 42.550093863000143, 40.584424647000162 ], [ 42.529406655000173, 40.563588611000171 ], [ 42.53878287100008, 40.480021228000112 ], [ 42.518839809000042, 40.417215465000027 ], [ 42.408408823000173, 40.373831864000181 ], [ 42.292768829000067, 40.368325196000058 ], [ 42.173408112, 40.392956367000124 ], [ 42.135233521000089, 40.331564478000075 ], [ 42.137763610000093, 40.26808898500019 ], [ 42.17229189700015, 40.229914392000069 ], [ 42.393451526999968, 40.145379622000178 ], [ 42.468163596000068, 40.058761247000177 ], [ 42.556121429000086, 40.004215484000099 ], [ 42.572864672000151, 39.962543413000162 ], [ 42.564978404000101, 39.92100762299998 ], [ 42.860796886000117, 39.965343033000181 ], [ 42.943821999000079, 39.99448484800007 ], [ 43.034485423000035, 39.978128901000048 ], [ 43.149728647000188, 40.008122878000108 ], [ 43.281289266000101, 40.017494319000036 ], [ 43.354219870000122, 40.06331243700015 ], [ 43.342737533000161, 40.138370916000099 ], [ 43.405418763000171, 40.134983397000042 ], [ 43.475263214000051, 40.109004417000108 ], [ 43.562362931999985, 40.117894723000063 ], [ 43.594747979000033, 40.135701641000139 ], [ 43.631205774000193, 40.125234267 ], [ 43.661715400000048, 40.154173700000058 ], [ 43.714590700000144, 40.162440500000116 ], [ 43.65313949900019, 40.224974199000144 ], [ 43.683733600000153, 40.226647800000137 ], [ 43.682808599000111, 40.257341600000075 ], [ 43.641005899000049, 40.272392599999989 ], [ 43.590846, 40.34514819900005 ], [ 43.619660900000099, 40.421907299000111 ], [ 43.542325299000026, 40.476652299000193 ], [ 43.571637400000157, 40.504070799000033 ], [ 43.634133099000053, 40.519007799000121 ], [ 43.62792880000012, 40.537567300000148 ], [ 43.650237300000128, 40.531619099000125 ], [ 43.64352699900013, 40.561680899000066 ], [ 43.671250799000177, 40.56720959900008 ], [ 43.721749100000181, 40.635554600000034 ], [ 43.7189669, 40.657338100000118 ], [ 43.749578400000075, 40.676504799000099 ], [ 43.735396600000172, 40.71287510000019 ], [ 43.748404200000095, 40.731246500000054 ], [ 43.706733900000188, 40.820545100000061 ], [ 43.677325999000175, 40.846795399000143 ], [ 43.672012500000051, 40.937368800000058 ], [ 43.523023399000124, 41.013375399000097 ], [ 43.457457471000168, 41.002779044000079 ] ] ] } },
{ "type": "Feature", "properties": { "adm1_name": "Kastamonu", "adm1_pcode": "TUR037", "center_lat": 41.42389604, "center_lon": 33.80402036 }, "geometry": { "type": "Polygon", "coordinates": [ [ [ 33.345028300000138, 42.019624999000087 ], [ 33.166209500000036, 41.954624999000032 ], [ 33.027380199000163, 41.926978300000087 ], [ 32.958774900000151, 41.886778899000092 ], [ 32.752144555000143, 41.844196610000154 ], [ 32.772916225000131, 41.77889334200006 ], [ 32.821662370000126, 41.771998450000126 ], [ 32.857743166000091, 41.734434880000038 ], [ 32.917773940000188, 41.751875439000059 ], [ 32.933895122000024, 41.736375058000135 ], [ 32.897038139000017, 41.658762759000126 ], [ 32.895354767000185, 41.622525966000069 ], [ 32.847334372000034, 41.571670419000043 ], [ 32.91564382700011, 41.561215793000088 ], [ 32.959500093000031, 41.583011028000158 ], [ 33.057047057000034, 41.571138827000084 ], [ 33.065375318000179, 41.498133651000103 ], [ 33.093106654000167, 41.481122735000042 ], [ 33.103827073000161, 41.453037006000102 ], [ 33.158226562000152, 41.42583726099997 ], [ 33.142101633000095, 41.381626602000097 ], [ 33.096370032000152, 41.37518844300007 ], [ 33.094612828000095, 41.324598691000062 ], [ 33.045706447000157, 41.320877553000173 ], [ 32.934249515000147, 41.27303435500005 ], [ 32.922787082000013, 41.206607617000088 ], [ 32.937804531000097, 41.183151160000079 ], [ 33.057015693000096, 41.106982456000026 ], [ 33.053622467000025, 41.07830554100002 ], [ 33.072241629000132, 41.062956033000091 ], [ 33.115497831000141, 41.052510289 ], [ 33.190528020000102, 41.072716412000091 ], [ 33.302526053, 41.03179580900013 ], [ 33.345913203000066, 40.978387031000068 ], [ 33.412181519000058, 40.980443174000129 ], [ 33.444589829000108, 41.034670524000035 ], [ 33.481630794000068, 41.054671202 ], [ 33.554124223000031, 41.031637931000034 ], [ 33.69564525800007, 41.056548522000128 ], [ 33.797237145, 41.04196319000016 ], [ 33.823808442000029, 41.026366993000181 ], [ 33.789204383000083, 40.965660968000066 ], [ 33.796280435000085, 40.902337525000121 ], [ 33.767759613000123, 40.854032641000174 ], [ 33.783183320000091, 40.83527548700016 ], [ 33.960052525000037, 40.854754687000025 ], [ 34.084533272000044, 40.82664302500018 ], [ 34.199605690999988, 40.846615102000044 ], [ 34.236328574000083, 40.878440165000086 ], [ 34.260169922000102, 40.966610028000048 ], [ 34.327098192000165, 41.015598761000035 ], [ 34.31014434399998, 41.052660660000129 ], [ 34.227186311000139, 41.088145456000177 ], [ 34.218657022000059, 41.182863989000055 ], [ 34.280422745000124, 41.204542980999975 ], [ 34.34235480600006, 41.292645078000021 ], [ 34.415521993000027, 41.272869258000185 ], [ 34.450260006000178, 41.311182188000089 ], [ 34.466603905000056, 41.395064583000078 ], [ 34.447270944000138, 41.467811538000092 ], [ 34.424652143000117, 41.494709572000033 ], [ 34.501907574000143, 41.540940567000121 ], [ 34.558215780000069, 41.552784871000085 ], [ 34.568245231999981, 41.597946058000105 ], [ 34.591513559000134, 41.606542731000047 ], [ 34.60383545600007, 41.633994772000108 ], [ 34.598906698000121, 41.6874087650001 ], [ 34.581885286000045, 41.704086310000037 ], [ 34.413673874000153, 41.725864547000128 ], [ 34.362730628000179, 41.715675899000189 ], [ 34.315862842000115, 41.744611661000135 ], [ 34.253508310000143, 41.740536201999987 ], [ 34.242593720000173, 41.76526914700014 ], [ 34.28631257700016, 41.811633869000161 ], [ 34.298921030000088, 41.853069831000028 ], [ 34.257714312000132, 41.891124435000108 ], [ 34.261496848000093, 41.916513275000057 ], [ 34.224817711000071, 41.936457556000107 ], [ 34.227721465000172, 41.955026072000123 ], [ 34.025111800000104, 41.982597199000054 ], [ 33.897604299000136, 41.97156450000017 ], [ 33.679755800000066, 41.980480600000192 ], [ 33.345028300000138, 42.019624999000087 ] ] ] } },
{ "type": "Feature", "properties": { "adm1_name": "Kayseri", "adm1_pcode": "TUR038", "center_lat": 38.49690102, "center_lon": 35.85938057 }, "geometry": { "type": "Polygon", "coordinates": [ [ [ 35.965277108, 39.188816571000189 ], [ 35.836755244000074, 39.309915150000108 ], [ 35.748036098, 39.233159039000043 ], [ 35.680111757000077, 39.201926688000185 ], [ 35.490068121000093, 39.190927120000083 ], [ 35.4435006060001, 39.126214332000018 ], [ 35.456935602000044, 39.075177406000137 ], [ 35.382668444000103, 39.010464617000025 ], [ 35.357785266000064, 38.954197556 ], [ 35.248006252000152, 38.982238637000137 ], [ 35.162177504000169, 39.023507090000123 ], [ 35.092406519000178, 39.025434021000081 ], [ 35.059723169000108, 39.010814953000022 ], [ 35.060612147000086, 38.953816394000114 ], [ 34.992045495000184, 38.874491041000056 ], [ 34.981929104000073, 38.812186916000087 ], [ 35.057043367000063, 38.742109405000122 ], [ 35.024527191000118, 38.643847358000187 ], [ 35.045423165000159, 38.610209935000114 ], [ 35.095484315000078, 38.578687593000154 ], [ 35.108633490000159, 38.534194456000193 ], [ 35.033790224000143, 38.51187144000005 ], [ 35.004510377000031, 38.452700154000013 ], [ 34.907955683000012, 38.424567037000088 ], [ 34.894653611000024, 38.375486979000129 ], [ 34.905202121000116, 38.353254793000076 ], [ 34.981712250000101, 38.300854412999968 ], [ 35.003522515000157, 38.228594848000171 ], [ 35.039826500000061, 38.172919445000105 ], [ 35.079544873000032, 38.160446482000054 ], [ 35.174241835000146, 38.16762366200004 ], [ 35.190198864000138, 38.14651021200018 ], [ 35.230056600000182, 38.136476096000024 ], [ 35.277521216000082, 37.970239610000078 ], [ 35.32109529000013, 37.928802432000111 ], [ 35.323232185000109, 37.90557531200011 ], [ 35.290714218000119, 37.842211734000102 ], [ 35.153996497000151, 37.836300433000133 ], [ 35.151474938000149, 37.80981971500006 ], [ 35.187218198000096, 37.742578676000164 ], [ 35.259496502000161, 37.760141374000057 ], [ 35.322390973000154, 37.739555342000131 ], [ 35.338045875000091, 37.710608543000035 ], [ 35.363743544000101, 37.719322120000072 ], [ 35.402511580000066, 37.704627189000178 ], [ 35.433093354000164, 37.730673562000106 ], [ 35.462928229, 37.730280280999978 ], [ 35.496501426000123, 37.693577121000033 ], [ 35.524625591000188, 37.686197922000076 ], [ 35.547666002000085, 37.730626007000183 ], [ 35.508479518000172, 37.76292039600014 ], [ 35.54633681200005, 37.793344073000071 ], [ 35.598848014000055, 37.806865707999975 ], [ 35.594987716000048, 37.905612437000059 ], [ 35.575765512000146, 37.941870432000087 ], [ 35.605008770000154, 37.967925172000037 ], [ 35.686088206000136, 37.979039432000036 ], [ 35.713873855000031, 38.020399054000166 ], [ 35.769627356000171, 38.044085182000117 ], [ 35.792129176, 38.081709684000145 ], [ 35.887875792000102, 38.085718106000115 ], [ 35.989270638000164, 38.149488449000103 ], [ 36.005942027000174, 38.190848071000062 ], [ 35.991548149000039, 38.225192956000058 ], [ 36.122368454000025, 38.3388863670001 ], [ 36.284527326000102, 38.402201209000168 ], [ 36.315865894000126, 38.363756801000193 ], [ 36.349755276000167, 38.380154890000085 ], [ 36.388290783000173, 38.360568284000067 ], [ 36.395578823000108, 38.334331343000031 ], [ 36.37007068500003, 38.294884831000047 ], [ 36.400914286000045, 38.259659275000161 ], [ 36.515074843000036, 38.290900374000159 ], [ 36.6315762320001, 38.411993394000092 ], [ 36.681814080000095, 38.395517541000117 ], [ 36.708733644000063, 38.402990195000086 ], [ 36.727370264, 38.432610719000024 ], [ 36.727190201000155, 38.451697500000193 ], [ 36.698190921000048, 38.467049454000176 ], [ 36.694978196000079, 38.508190182000135 ], [ 36.774140859000113, 38.542435331000036 ], [ 36.789998277000166, 38.597568111000044 ], [ 36.711476065000056, 38.744904334000182 ], [ 36.726419080000028, 38.772981973000128 ], [ 36.853863010000168, 38.841224913000076 ], [ 36.874421551000012, 38.910229281000113 ], [ 36.946947523000176, 38.93716477900017 ], [ 36.971598738000125, 38.979899898000156 ], [ 36.928387726000096, 39.054234259000054 ], [ 36.886128500000098, 39.063276210000083 ], [ 36.840823564000061, 39.04700069800009 ], [ 36.784192393000126, 39.08554796500016 ], [ 36.746121017000064, 39.143130920000146 ], [ 36.713379634000091, 39.155884831000151 ], [ 36.634857422000152, 39.147128414000122 ], [ 36.58041535600006, 39.108485969000185 ], [ 36.532159887000034, 39.09944401700011 ], [ 36.409379702000081, 39.122001307000062 ], [ 36.347989609000024, 39.093447775000072 ], [ 36.264898832000029, 39.104488474000107 ], [ 36.098431743000049, 39.075649407000071 ], [ 36.041610216000038, 39.122382021000135 ], [ 36.029522554000152, 39.154266798000151 ], [ 35.965277108, 39.188816571000189 ] ] ] } },
{ "type": "Feature", "properties": { "adm1_name": "Kilis", "adm1_pcode": "TUR079", "center_lat": 36.82655381, "center_lon": 37.01485979 }, "geometry": { "type": "Polygon", "coordinates": [ [ [ 36.989329147000092, 37.020748617999971 ], [ 36.94860271400006, 37.012938094000162 ], [ 36.883429032000038, 36.901307964000182 ], [ 36.857625504000055, 36.895298924000031 ], [ 36.785062554000092, 36.921051953000187 ], [ 36.773609398000133, 36.891420188999973 ], [ 36.717063980000091, 36.855496131000166 ], [ 36.716753392000157, 36.827534841000158 ], [ 36.789231600000051, 36.797627500000033 ], [ 36.997552200000086, 36.764282899000193 ], [ 36.999820500000169, 36.739947200000074 ], [ 37.050340399000163, 36.725680399999987 ], [ 37.012420699000074, 36.685770398999978 ], [ 37.020695800000055, 36.665218299000173 ], [ 37.086073800000122, 36.634243299000048 ], [ 37.105765200000121, 36.67166850000018 ], [ 37.142125, 36.677156200000184 ], [ 37.162512999000057, 36.655538900000181 ], [ 37.215765799000167, 36.674785400000133 ], [ 37.279308999000079, 36.670908699000108 ], [ 37.47225310000016, 36.632077099000071 ], [ 37.498281, 36.675364400000092 ], [ 37.567072265000149, 36.703010901000084 ], [ 37.548899639000069, 36.727857435000089 ], [ 37.505117557, 36.744513662000031 ], [ 37.494076859000074, 36.783251287000041 ], [ 37.463905294000085, 36.790389670000138 ], [ 37.422312315999989, 36.831221218999985 ], [ 37.387381829000049, 36.795910019000075 ], [ 37.390617896000037, 36.741277595000099 ], [ 37.362540257000092, 36.729094755000176 ], [ 37.319995494000011, 36.752889365000044 ], [ 37.296010528000068, 36.788295744000095 ], [ 37.312476397000069, 36.828365866000127 ], [ 37.296581598000046, 36.859108502000026 ], [ 37.089187782000181, 36.912884320000046 ], [ 37.064726922000091, 36.941247494000038 ], [ 37.063489603000107, 36.98950296300012 ], [ 37.018084755000132, 36.995291658000099 ], [ 36.989329147000092, 37.020748617999971 ] ] ] } },
{ "type": "Feature", "properties": { "adm1_name": "Kirikkale", "adm1_pcode": "TUR071", "center_lat": 39.86343639, "center_lon": 33.69151491 }, "geometry": { "type": "Polygon", "coordinates": [ [ [ 33.717527321000034, 40.329646133000097 ], [ 33.658179445000144, 40.323532025000134 ], [ 33.659113387000161, 40.296377160000134 ], [ 33.611546471000167, 40.258608310000113 ], [ 33.571905045000051, 40.130825095000034 ], [ 33.583108147000132, 40.062314660000084 ], [ 33.52347618400006, 40.012894513000106 ], [ 33.446320242000183, 39.998144112000148 ], [ 33.372883415000103, 39.962213648000159 ], [ 33.321278025000083, 39.90957867000003 ], [ 33.281470854000077, 39.815234939000106 ], [ 33.313779654000086, 39.764884101000121 ], [ 33.234488094000085, 39.698912689 ], [ 33.240371446000154, 39.676471908000167 ], [ 33.312400469000067, 39.646466818000192 ], [ 33.34584101400003, 39.487175095000111 ], [ 33.391881804000093, 39.46563934600016 ], [ 33.395447313000091, 39.425733406000063 ], [ 33.383197871000164, 39.414591546000111 ], [ 33.404458219000162, 39.397258524 ], [ 33.477827729000069, 39.438725067 ], [ 33.552808501000072, 39.417966501000194 ], [ 33.671666911000045, 39.500167643000054 ], [ 33.750616572000069, 39.471702721000099 ], [ 33.759040337000101, 39.492900989000077 ], [ 33.731844128000091, 39.52666617400007 ], [ 33.856416851000063, 39.574801715000149 ], [ 33.869012136000094, 39.615253871000164 ], [ 33.961060290000034, 39.66843467800004 ], [ 33.960660729000097, 39.710882213000048 ], [ 33.979771237000193, 39.735584913000082 ], [ 34.048121297000137, 39.775212851000106 ], [ 34.121533067000144, 39.792253430000073 ], [ 34.06571974600007, 39.82447967600018 ], [ 34.081248946000073, 39.911422281000057 ], [ 34.244762297000079, 39.927901916000167 ], [ 34.147697389000143, 40.045429864000141 ], [ 34.091725397000175, 40.069777440000109 ], [ 34.076930953000158, 40.121960396000134 ], [ 34.054714907000175, 40.137960338000028 ], [ 34.061111394000136, 40.175935344000095 ], [ 34.04176787200015, 40.202079261999984 ], [ 33.978240781000011, 40.226746862000141 ], [ 33.97082835700013, 40.248027624000031 ], [ 33.933713117000138, 40.268081784 ], [ 33.83511070100019, 40.267941724000138 ], [ 33.807518832000142, 40.319974106000132 ], [ 33.717527321000034, 40.329646133000097 ] ] ] } },
{ "type": "Feature", "properties": { "adm1_name": "Kirklareli", "adm1_pcode": "TUR039", "center_lat": 41.66452505, "center_lon": 27.51401917 }, "geometry": { "type": "Polygon", "coordinates": [ [ [ 27.249690199000099, 42.099295900000129 ], [ 27.199738300000035, 42.080394900000158 ], [ 27.202752600000053, 42.059582800000157 ], [ 27.066748000000189, 42.093199100000163 ], [ 27.024665400000117, 42.081344399000102 ], [ 27.025690300000178, 42.056052299000157 ], [ 26.981738600000142, 42.03748189900017 ], [ 26.966147499000044, 41.997309299 ], [ 26.93952604600014, 42.000074142000074 ], [ 26.998609658000191, 41.787379440000166 ], [ 26.957103218000157, 41.677168074000178 ], [ 26.900058606000073, 41.65743111900008 ], [ 26.890511055000104, 41.637052312000094 ], [ 26.925572230000057, 41.605521324000165 ], [ 26.963281044999974, 41.629590781000104 ], [ 26.983338927000148, 41.613945633000071 ], [ 26.959189238000079, 41.521278224000127 ], [ 26.881204198000034, 41.40454135900012 ], [ 26.931188436000014, 41.288927735000073 ], [ 26.970453230000032, 41.357408572000054 ], [ 26.990457740000181, 41.363695704000122 ], [ 27.036253780000038, 41.340976296000065 ], [ 27.238918518000162, 41.322329235000041 ], [ 27.312839947000157, 41.253170786000112 ], [ 27.374853927000061, 41.225545510000188 ], [ 27.506788434000043, 41.242787493000151 ], [ 27.550091849000125, 41.271495023000057 ], [ 27.582448350000107, 41.321284025000068 ], [ 27.597594622000088, 41.390632994000157 ], [ 27.651035242000091, 41.437500703000126 ], [ 27.827074930000038, 41.495132744000045 ], [ 27.897852792000151, 41.501515135000147 ], [ 27.97167896000019, 41.556479909000075 ], [ 28.003400398000053, 41.551145372000065 ], [ 28.062366073000078, 41.575627083000029 ], [ 28.120826541999975, 41.542371468000113 ], [ 28.118484804000047, 41.562198180000109 ], [ 28.146270278000088, 41.583468096000161 ], [ 28.095398900000191, 41.641216200000031 ], [ 28.102140400000053, 41.675213500000098 ], [ 28.046362800000111, 41.729764400000136 ], [ 27.986871900000097, 41.822635100000127 ], [ 27.981840799000111, 41.862223700000072 ], [ 27.996510799000134, 41.886231799000143 ], [ 28.05743699900006, 41.884593299000073 ], [ 28.02938409900014, 41.983212799 ], [ 27.976271899000153, 41.990083200000129 ], [ 27.912147799000138, 41.973647400000061 ], [ 27.860000200000115, 42.006371500000114 ], [ 27.855222700000013, 41.991034899000113 ], [ 27.852507699, 42.001987198999984 ], [ 27.817982599000118, 41.986719399000094 ], [ 27.835312200000033, 41.947672599000157 ], [ 27.792442799000128, 41.947937599000056 ], [ 27.737887300000182, 41.98004480000003 ], [ 27.697272799000132, 41.978413299000124 ], [ 27.704097100000183, 41.970573899000044 ], [ 27.67245329900004, 41.95645319900018 ], [ 27.624472600000161, 41.95890929900014 ], [ 27.613991800000179, 41.938885299000162 ], [ 27.574344300000121, 41.937222799000097 ], [ 27.56594790000014, 41.923795800000164 ], [ 27.576762999000152, 41.920024000000183 ], [ 27.56155010000009, 41.914986800000179 ], [ 27.572697900000151, 41.905292099000121 ], [ 27.560672600000089, 41.904734199000131 ], [ 27.510611800000163, 41.958662700000104 ], [ 27.468489300000158, 41.958714699000041 ], [ 27.394520300000181, 42.004874199000142 ], [ 27.364838600000155, 42.057856300000083 ], [ 27.335902500000145, 42.060212800000045 ], [ 27.29363550000005, 42.097381900000187 ], [ 27.249690199000099, 42.099295900000129 ] ] ] } },
{ "type": "Feature", "properties": { "adm1_name": "Kirsehir", "adm1_pcode": "TUR040", "center_lat": 39.29582366, "center_lon": 34.07130003 }, "geometry": { "type": "Polygon", "coordinates": [ [ [ 34.128600285000118, 39.791097900000068 ], [ 34.048121297000137, 39.775212851000106 ], [ 33.980189135000103, 39.735864304000017 ], [ 33.960660729000097, 39.710882213000048 ], [ 33.961060290000034, 39.66843467800004 ], [ 33.869012136000094, 39.615253871000164 ], [ 33.856416851000063, 39.574801715000149 ], [ 33.731844128000091, 39.52666617400007 ], [ 33.759040337000101, 39.492900989000077 ], [ 33.750616572000069, 39.471702721000099 ], [ 33.671666911000045, 39.500167643000054 ], [ 33.552808501000072, 39.417966501000194 ], [ 33.477827729000069, 39.438725067 ], [ 33.429439531000128, 39.417567298000108 ], [ 33.419478908000144, 39.395836691000056 ], [ 33.463838848000194, 39.34208189300017 ], [ 33.443737268000177, 39.320050613000035 ], [ 33.512128498000152, 39.283916333000036 ], [ 33.549965958000143, 39.216790928000137 ], [ 33.747635329000047, 39.099371266 ], [ 33.762364896000122, 39.07363429500009 ], [ 33.85032735700014, 39.069626761000166 ], [ 33.895137723000175, 39.037832358000173 ], [ 33.961732227000141, 39.051595410000118 ], [ 34.002323917000126, 38.977430509000044 ], [ 34.058186682999974, 38.945019045000038 ], [ 34.074890203000052, 38.889377517000071 ], [ 34.133407832000103, 38.855528 ], [ 34.145728060000181, 38.812994864000132 ], [ 34.168626264000125, 38.799056828000118 ], [ 34.244331373000136, 38.835104905000151 ], [ 34.263178956000047, 38.903294469000116 ], [ 34.302419960000179, 38.892142238000076 ], [ 34.348363299000084, 38.852621277000139 ], [ 34.369141249999984, 38.859553087000052 ], [ 34.429876531000048, 38.968377180000118 ], [ 34.505755359000091, 39.01574103400003 ], [ 34.522107165000193, 39.051263924000068 ], [ 34.593233497000142, 39.039422959999968 ], [ 34.58896430600015, 39.078006780000123 ], [ 34.542889264999985, 39.074462546000177 ], [ 34.563376012000163, 39.125182683000048 ], [ 34.624755699000048, 39.15756409300019 ], [ 34.617536336000057, 39.196852731000035 ], [ 34.629679365000129, 39.221924159000025 ], [ 34.692297520000182, 39.267676998000127 ], [ 34.65653297800003, 39.304166497000097 ], [ 34.583585304000053, 39.327562022000052 ], [ 34.617714531000104, 39.422143388 ], [ 34.516647096000042, 39.495382667000115 ], [ 34.541083263000132, 39.578797913000017 ], [ 34.465698032000148, 39.615417553000043 ], [ 34.452727676000109, 39.636404405000121 ], [ 34.467821838000191, 39.66969784500003 ], [ 34.284530905, 39.715835487000106 ], [ 34.222440384000095, 39.746443881000118 ], [ 34.176816015000156, 39.791442288000098 ], [ 34.128600285000118, 39.791097900000068 ] ] ] } },
{ "type": "Feature", "properties": { "adm1_name": "Kocaeli", "adm1_pcode": "TUR041", "center_lat": 40.85522391, "center_lon": 29.80542193 }, "geometry": { "type": "Polygon", "coordinates": [ [ [ 30.270951399000069, 41.209673599000155 ], [ 30.224610399000085, 41.186845899000161 ], [ 30.221739400000104, 41.15934009900019 ], [ 30.19289269900014, 41.161744600000077 ], [ 30.191172700000038, 41.146312599000169 ], [ 30.155818599000042, 41.139276799000129 ], [ 29.912639635000119, 41.142299189000084 ], [ 29.921284965000098, 41.093495708000034 ], [ 29.895329694000054, 41.083512911000128 ], [ 29.861166345000186, 41.020806159000131 ], [ 29.813544708000165, 41.006904190000171 ], [ 29.727396869000131, 41.029457916000183 ], [ 29.670014274000039, 40.967416683000124 ], [ 29.630674661000171, 40.969191402000149 ], [ 29.581574090000174, 41.021545625000044 ], [ 29.508171558000186, 41.04150288000011 ], [ 29.504546412000082, 40.992312440000035 ], [ 29.460431177000146, 40.944627830000059 ], [ 29.456248317000075, 40.912113061000184 ], [ 29.363218463000067, 40.852114071000017 ], [ 29.364117898000131, 40.818963421000035 ], [ 29.339759000000129, 40.810500299000182 ], [ 29.3496718990001, 40.794025499000043 ], [ 29.333619500000168, 40.786195900000166 ], [ 29.348785599000109, 40.784156999000118 ], [ 29.353724200000102, 40.755723200000034 ], [ 29.490780699000027, 40.780405 ], [ 29.522705, 40.764109899000175 ], [ 29.571709600000077, 40.766577299000062 ], [ 29.617214100000126, 40.78376939900005 ], [ 29.732605, 40.772064600000135 ], [ 29.783102300000053, 40.740717099000165 ], [ 29.881061, 40.759792600000083 ], [ 29.9441134, 40.757113300000128 ], [ 29.936374, 40.71925 ], [ 29.916353999000137, 40.714233 ], [ 29.812836999000126, 40.730412300000125 ], [ 29.556702324000184, 40.687619269000095 ], [ 29.492473800000027, 40.637806675000093 ], [ 29.481489872, 40.549401135000096 ], [ 29.506736036000063, 40.527862068000047 ], [ 29.610019709000028, 40.543143036000174 ], [ 29.709803124000075, 40.616361076000032 ], [ 29.891398493000111, 40.581567488000132 ], [ 29.914280763000193, 40.566312641000138 ], [ 29.921594730000038, 40.528175525000165 ], [ 29.994599647000086, 40.499957867000091 ], [ 29.996029251000039, 40.54789726000007 ], [ 30.112113110000053, 40.610323309000023 ], [ 30.124217093000084, 40.644252582000092 ], [ 30.155465857000138, 40.668674986000042 ], [ 30.163412073000188, 40.714454089000185 ], [ 30.248694292000152, 40.719451129000106 ], [ 30.246997149000151, 40.764545559000169 ], [ 30.218337635000125, 40.7921464100001 ], [ 30.213800509000066, 40.840164329 ], [ 30.243291829000157, 40.854607514000179 ], [ 30.246240961000126, 40.903532858000176 ], [ 30.286092052000072, 40.930679996000094 ], [ 30.277395894000108, 40.964784061000046 ], [ 30.240872029000172, 40.981647047000195 ], [ 30.228470550000168, 41.013785024000185 ], [ 30.260003577000191, 41.04191520500018 ], [ 30.243669923000027, 41.082446866000112 ], [ 30.322842774000037, 41.122297958000161 ], [ 30.32511133800017, 41.147176533000049 ], [ 30.367419740000116, 41.179385820000107 ], [ 30.270951399000069, 41.209673599000155 ] ] ] } },
{ "type": "Feature", "properties": { "adm1_name": "Konya", "adm1_pcode": "TUR042", "center_lat": 38.01256549, "center_lon": 32.45731449 }, "geometry": { "type": "Polygon", "coordinates": [ [ [ 33.007668395000053, 39.286066276000042 ], [ 32.952021996000099, 39.284367149000047 ], [ 32.941827237000041, 39.256331560000035 ], [ 32.918973983000114, 39.246136799000169 ], [ 32.82424767100008, 39.273407782000163 ], [ 32.795447474000184, 39.214193218000105 ], [ 32.822718456000075, 39.15769725600012 ], [ 32.79774129499998, 39.139941382000188 ], [ 32.67745728500006, 39.124904111000092 ], [ 32.467714257000125, 38.973002186000031 ], [ 32.423452006000105, 38.98124295000008 ], [ 32.368910039000184, 39.028648585000155 ], [ 32.270360692000111, 38.99721474100005 ], [ 32.19276409400004, 39.01882511600013 ], [ 32.159885994000149, 38.962753935000194 ], [ 32.077223481000033, 38.957656555000142 ], [ 31.956415573000072, 39.040149155000108 ], [ 31.904507254000123, 39.10938856700011 ], [ 31.851579458000117, 39.135385205000091 ], [ 31.795002195000052, 39.132473298000093 ], [ 31.713433495000118, 39.073067582000192 ], [ 31.647932163000178, 39.085216337000077 ], [ 31.58597484500018, 39.067507264000028 ], [ 31.61006818900006, 39.027110759000095 ], [ 31.709252450000122, 39.004703950000078 ], [ 31.733907972000168, 38.977880028000186 ], [ 31.642915446000131, 38.948807394000085 ], [ 31.616412769000135, 38.916843560000189 ], [ 31.629503485000043, 38.823843255000043 ], [ 31.555858167000054, 38.731485441000018 ], [ 31.574249419000125, 38.684262488000172 ], [ 31.635245731000168, 38.663461902000051 ], [ 31.626250883000012, 38.635620706000054 ], [ 31.564018671000042, 38.614454258000194 ], [ 31.239729041000089, 38.423093585000061 ], [ 31.312400657000126, 38.292029691000096 ], [ 31.539425081000161, 38.168105463000018 ], [ 31.572828525000148, 38.115492915000175 ], [ 31.514351250000061, 38.034661680000056 ], [ 31.499646934000054, 37.966324863000068 ], [ 31.434254023999983, 37.908149796000146 ], [ 31.468369966000125, 37.811711819000152 ], [ 31.429578323000101, 37.753013921000161 ], [ 31.43174572200013, 37.700167632000046 ], [ 31.372535355000139, 37.696789040000112 ], [ 31.335987058000114, 37.663215604000129 ], [ 31.334797114000082, 37.631682073000036 ], [ 31.370166091000044, 37.55097833200017 ], [ 31.370580194000127, 37.384025972000131 ], [ 31.409224322999989, 37.360593806000054 ], [ 31.550844904000087, 37.327829951000183 ], [ 31.661425119000171, 37.339083182000024 ], [ 31.72285735000014, 37.374636716000055 ], [ 31.806606990000034, 37.343534793000174 ], [ 31.880520219000061, 37.213884099000097 ], [ 31.933227292000026, 37.174630783000111 ], [ 31.942090943000039, 37.145032516000128 ], [ 32.053044874000136, 37.029646761000038 ], [ 32.109629794000057, 36.99450871200014 ], [ 32.176819442000067, 36.979472159000068 ], [ 32.245591885000181, 36.929376698 ], [ 32.296399603000111, 36.847308776000148 ], [ 32.394770313000095, 36.768564726000193 ], [ 32.412010570000064, 36.733983204000083 ], [ 32.62313245900009, 36.755031828000085 ], [ 32.699937586000146, 36.81765775100007 ], [ 32.809044921000179, 36.875271489 ], [ 32.825400469000044, 36.956416112000113 ], [ 32.795749442000158, 36.986172658000157 ], [ 32.793151020999971, 37.116436687000146 ], [ 32.774157480999975, 37.158618173000036 ], [ 32.801302415000123, 37.197871489000192 ], [ 32.77827274700013, 37.258650817000046 ], [ 32.777877049000097, 37.312624127000049 ], [ 32.797424568000167, 37.335099816000081 ], [ 32.854326047000086, 37.330509711 ], [ 32.890176355, 37.346575079000047 ], [ 32.897852911000143, 37.38741119000008 ], [ 32.973985350000135, 37.434736760000192 ], [ 33.007413101000054, 37.494381751999981 ], [ 33.130660071000023, 37.501416397000014 ], [ 33.152748854000095, 37.512390442000026 ], [ 33.175400409000133, 37.557552860000044 ], [ 33.293582435000076, 37.499165310000194 ], [ 33.307933110000192, 37.463992088000168 ], [ 33.391363994000017, 37.470745347000161 ], [ 33.505325234000168, 37.499587389000055 ], [ 33.544156471000065, 37.606513985000049 ], [ 33.617554192000114, 37.609996133000038 ], [ 33.697116020000067, 37.585726610000052 ], [ 33.791345083000124, 37.530012227000157 ], [ 33.879348485000094, 37.429874063000113 ], [ 34.064113421000116, 37.366140185000063 ], [ 34.29189081100003, 37.215510860000109 ], [ 34.39611786200004, 37.2580089060001 ], [ 34.45047368000013, 37.303628575000062 ], [ 34.405838862000053, 37.362086470000122 ], [ 34.42073032400009, 37.444418191000011 ], [ 34.398729474000163, 37.442360557000143 ], [ 34.310251233000031, 37.492693437000185 ], [ 34.324179829000173, 37.519680093000034 ], [ 34.365411639000058, 37.541522664000126 ], [ 34.297588873000052, 37.585761783 ], [ 34.384009480000088, 37.677722173000177 ], [ 34.365965617000086, 37.753458914000134 ], [ 34.230491556000118, 37.870559364000087 ], [ 34.044249344000093, 37.925640629000043 ], [ 33.992228148000152, 38.000559593000105 ], [ 34.06176560900019, 38.021241447000136 ], [ 34.06936302400004, 38.035803161000104 ], [ 33.981224792000091, 38.123900358000071 ], [ 33.909565214999986, 38.116959510000129 ], [ 33.801302036000152, 38.051302828000075 ], [ 33.758531398000173, 38.062980338000159 ], [ 33.709992351000096, 38.110956612999985 ], [ 33.645642941000062, 38.101917093999987 ], [ 33.58528569200007, 38.06234721900006 ], [ 33.543921982000143, 37.993442878000053 ], [ 33.456973778000076, 37.969489913000132 ], [ 33.265244544000097, 38.124709343000177 ], [ 33.305236497000124, 38.176836058000049 ], [ 33.283288406000167, 38.237193307000098 ], [ 33.263239669000029, 38.251438462000181 ], [ 33.1927525320001, 38.252810217000103 ], [ 33.175552826000057, 38.290902817000131 ], [ 33.226835385000072, 38.350099351000097 ], [ 33.236490435000121, 38.419214732 ], [ 33.40970956100017, 38.696886059000065 ], [ 33.355383195000059, 38.765653854000163 ], [ 33.392047967000053, 39.019568163000088 ], [ 33.36197552200008, 39.074939648000054 ], [ 33.256689569, 39.09111980900019 ], [ 33.141219751000165, 39.160415859000068 ], [ 33.128221432000146, 39.22829597000009 ], [ 33.181828880000069, 39.255991734000133 ], [ 33.183188181000048, 39.275191866000171 ], [ 33.136886978, 39.28445210600006 ], [ 33.038252676000127, 39.198221427000135 ], [ 33.008178133000115, 39.223198590000038 ], [ 33.007668395000053, 39.286066276000042 ] ] ] } },
{ "type": "Feature", "properties": { "adm1_name": "Kutahya", "adm1_pcode": "TUR043", "center_lat": 39.32785094, "center_lon": 29.60211178 }, "geometry": { "type": "Polygon", "coordinates": [ [ [ 29.686580017000153, 39.864392419000069 ], [ 29.60855959700018, 39.875501570000097 ], [ 29.456449688000134, 39.867041524000172 ], [ 29.417054931000109, 39.817306711000072 ], [ 29.257221749000109, 39.700628797999968 ], [ 29.213347826000188, 39.613344739000127 ], [ 29.174297254000123, 39.582271242000104 ], [ 28.985407943000041, 39.609614335 ], [ 28.997964721000187, 39.582775399000184 ], [ 28.953444696000133, 39.558658556000182 ], [ 28.954088355000181, 39.540128860000038 ], [ 28.925545945000067, 39.516812989000073 ], [ 28.92445816500009, 39.490732711000135 ], [ 28.950971515000049, 39.459901371000115 ], [ 28.95031391200007, 39.41246996600006 ], [ 28.880277069000101, 39.391444783000111 ], [ 28.812269852000043, 39.301935741000079 ], [ 28.755263158000048, 39.272777798000106 ], [ 28.684599288000186, 39.278664311000171 ], [ 28.652492513000084, 39.311530367999978 ], [ 28.613552199000139, 39.291083993000143 ], [ 28.636818765000157, 39.228687295000043 ], [ 28.665617241000177, 39.208918849000099 ], [ 28.661733447000131, 39.120574355000144 ], [ 28.807212521, 39.10861492700019 ], [ 28.876511674000028, 39.086580091000087 ], [ 28.911406992000025, 39.062906974999976 ], [ 28.937127953000186, 39.013594811000189 ], [ 28.912062303000141, 38.966576237000083 ], [ 28.944664032000105, 38.95093068400007 ], [ 28.957943916000033, 38.898526313000104 ], [ 28.992458401000192, 38.865318904000105 ], [ 29.022581327000182, 38.855802948000189 ], [ 29.038692827000091, 38.890552598 ], [ 29.076887908000174, 38.884318005000125 ], [ 29.113863284000104, 38.839716249000105 ], [ 29.150753018000046, 38.869638320000092 ], [ 29.173282358, 38.840123233000043 ], [ 29.19479232700013, 38.849858744000073 ], [ 29.209729370000105, 38.833186323 ], [ 29.245653076000053, 38.834867246000101 ], [ 29.252814843000124, 38.818021401000067 ], [ 29.231317680000018, 38.810158348000073 ], [ 29.227533803000028, 38.782267725000168 ], [ 29.322483352000177, 38.808942339000112 ], [ 29.365952521000168, 38.835698167000032 ], [ 29.37108988600005, 38.86346426700004 ], [ 29.418909838000047, 38.884336179000172 ], [ 29.475611222000168, 38.863704398000095 ], [ 29.521012128, 38.893032487000141 ], [ 29.591660287000082, 38.900532219000183 ], [ 29.61464244400014, 38.935424837000085 ], [ 29.650094238000122, 38.951361368000164 ], [ 29.869123699000056, 38.894716782000103 ], [ 29.928899674000149, 38.910988820000171 ], [ 29.958536031000108, 38.840420738000034 ], [ 30.006581670000173, 38.824112328000183 ], [ 30.013348308000161, 38.806361772 ], [ 30.109699559999967, 38.857683935000125 ], [ 30.117927703000191, 38.887696421000044 ], [ 30.18233651900016, 38.907524893000186 ], [ 30.25443392700015, 38.978745532000062 ], [ 30.230558826000106, 39.034386656000038 ], [ 30.278803615000186, 39.129842095000072 ], [ 30.306388124000136, 39.147782143000143 ], [ 30.369043401000056, 39.153447420000191 ], [ 30.435205756000073, 39.205446579000181 ], [ 30.438375613000062, 39.225544828000181 ], [ 30.38363637700013, 39.282715772000074 ], [ 30.375023974000101, 39.328443526000171 ], [ 30.332167022000078, 39.3716080640001 ], [ 30.334422651000068, 39.391293554000129 ], [ 30.382611090000125, 39.416515589000028 ], [ 30.38599453300003, 39.433125221000125 ], [ 30.360054799000125, 39.464806558000191 ], [ 30.37543408900018, 39.508483739000155 ], [ 30.281005253000046, 39.556877236000048 ], [ 30.170568346000152, 39.682080653000185 ], [ 30.001769703000036, 39.653834754000172 ], [ 29.951839722000159, 39.663100112000109 ], [ 29.919631575000039, 39.700896888000159 ], [ 29.874701944000037, 39.718692256000111 ], [ 29.751090311000155, 39.719942344000174 ], [ 29.744104527, 39.794138737000026 ], [ 29.703292833000091, 39.83524456900011 ], [ 29.704455758000108, 39.861169601000029 ], [ 29.686580017000153, 39.864392419000069 ] ] ] } },
{ "type": "Feature", "properties": { "adm1_name": "Malatya", "adm1_pcode": "TUR044", "center_lat": 38.52390445, "center_lon": 37.83670531 }, "geometry": { "type": "Polygon", "coordinates": [ [ [ 38.55418261900013, 39.117142229000194 ], [ 38.499992736000081, 39.156153104000055 ], [ 38.383694458000036, 39.117475993000085 ], [ 38.314338169000109, 39.147510450000141 ], [ 38.268480856000053, 39.139936165000051 ], [ 38.146747634000064, 39.082162852000124 ], [ 38.09087789, 39.101674432000152 ], [ 38.040147782000133, 39.071217333000163 ], [ 37.999696946000029, 39.081020712000111 ], [ 37.909372608000069, 39.065506625000182 ], [ 37.819809697000096, 39.09263248000002 ], [ 37.748901761000127, 39.068457157000012 ], [ 37.774599939000097, 39.00554420900005 ], [ 37.734815351000066, 39.006495993000101 ], [ 37.741953734000163, 38.9569080280001 ], [ 37.629643177000105, 39.01268259200009 ], [ 37.498868003000041, 39.008780275999982 ], [ 37.507053348000056, 38.965378909000151 ], [ 37.543411512000091, 38.922548610999968 ], [ 37.507814775999975, 38.862776552000071 ], [ 37.561209880000149, 38.797960035000017 ], [ 37.551120966000099, 38.758651340000029 ], [ 37.494870509, 38.74999010199997 ], [ 37.438810409000041, 38.713156047000098 ], [ 37.38608155300011, 38.610172976000172 ], [ 37.339253760000076, 38.582761586000174 ], [ 37.262111344000118, 38.489536811000107 ], [ 37.290855232000183, 38.44908597500006 ], [ 37.347200868000186, 38.423102261000054 ], [ 37.467887129000133, 38.415107273000046 ], [ 37.484352998000134, 38.38141410500009 ], [ 37.639208318000044, 38.319357764000188 ], [ 37.705738045000089, 38.22294200500005 ], [ 37.746474417000172, 38.192389726000158 ], [ 37.708022328000027, 38.111392876000139 ], [ 37.607038005000049, 38.047908857000039 ], [ 37.581339825999976, 38.007172485000126 ], [ 37.591428741000129, 37.969767359000173 ], [ 37.691651636000131, 37.914087973000051 ], [ 37.761988503000055, 37.920179392000193 ], [ 37.80967290100017, 37.891245147000063 ], [ 37.938734863000093, 37.909900121000078 ], [ 37.978709808000133, 37.89419567900012 ], [ 38.123952104000125, 37.951017206000131 ], [ 38.165164368000148, 37.985091087000114 ], [ 38.15859705500003, 38.005649630000164 ], [ 38.081978414000162, 38.053334027 ], [ 38.08131216400011, 38.09349932900011 ], [ 38.174206320000053, 38.116056618000187 ], [ 38.203140565000183, 38.144324615000073 ], [ 38.292798654000194, 38.138518730000101 ], [ 38.392355301000123, 38.107395380000128 ], [ 38.487628917000166, 38.182871882000143 ], [ 38.516104559000098, 38.156841339000096 ], [ 38.59226543300008, 38.143883996000113 ], [ 38.601271973000109, 38.10349306400019 ], [ 38.637249423000071, 38.063518121000129 ], [ 38.746990163000191, 38.041056008000112 ], [ 38.769928167000046, 38.007172485000126 ], [ 38.795626345000016, 38.000414816000102 ], [ 38.888425322000046, 38.049431712000171 ], [ 39.039759040000092, 38.087407909000035 ], [ 39.054606875000161, 38.134521236000126 ], [ 39.126847309000084, 38.176494926000089 ], [ 39.107424666000043, 38.203066700000193 ], [ 39.136678896000092, 38.226969041000189 ], [ 39.151483045000077, 38.297695690000182 ], [ 39.10923582200013, 38.345429542000147 ], [ 38.969704598000192, 38.317283989000089 ], [ 38.887822305000157, 38.359116111000105 ], [ 38.818351519000032, 38.439739854999971 ], [ 38.708705033000058, 38.419892555000047 ], [ 38.484533838000175, 38.462904826000056 ], [ 38.442017141000122, 38.476737193000133 ], [ 38.365334083000107, 38.539859761000059 ], [ 38.363892541000041, 38.631493197 ], [ 38.413977758000158, 38.680119283000067 ], [ 38.474910061000116, 38.698140594 ], [ 38.470369896000079, 38.749998307000055 ], [ 38.507956339000032, 38.746469121000075 ], [ 38.533811920000176, 38.764364528000044 ], [ 38.624980841000138, 38.743590292000192 ], [ 38.644762645000128, 38.757046267000192 ], [ 38.626720197000168, 38.775245072000075 ], [ 38.642562514000076, 38.780534641000145 ], [ 38.645782942000096, 38.828553983000063 ], [ 38.603442806000032, 38.882127443000059 ], [ 38.553378947999988, 38.897641528000179 ], [ 38.54852484800017, 38.915535075000037 ], [ 38.610486010000159, 38.96245804400013 ], [ 38.623906171000044, 39.008429230000104 ], [ 38.67270801300009, 39.048661933000176 ], [ 38.607656017000181, 39.109240546000194 ], [ 38.55418261900013, 39.117142229000194 ] ] ] } },
{ "type": "Feature", "properties": { "adm1_name": "Manisa", "adm1_pcode": "TUR045", "center_lat": 38.74895457, "center_lon": 28.08507603 }, "geometry": { "type": "Polygon", "coordinates": [ [ [ 27.439086688000089, 39.410303794000072 ], [ 27.376731239000094, 39.364325193000127 ], [ 27.41100977900004, 39.345446827000046 ], [ 27.435219766000046, 39.293197566000174 ], [ 27.486734995000177, 39.256849258000045 ], [ 27.458667475000084, 39.160966428000052 ], [ 27.503209407000099, 39.124182289000032 ], [ 27.502076247000105, 39.084521664000079 ], [ 27.530143766000151, 39.031698941000116 ], [ 27.468168592000097, 38.988028671000109 ], [ 27.453699002000121, 38.930586140000059 ], [ 27.347356228000137, 38.934595785000056 ], [ 27.328876991000129, 38.917424042000107 ], [ 27.261061681000058, 38.914198893000105 ], [ 27.215996751000091, 38.872271946000012 ], [ 27.151406591000068, 38.864601320000077 ], [ 27.156287898000073, 38.835051976000102 ], [ 27.113227791000043, 38.813957753000125 ], [ 27.100414360000059, 38.789464049000173 ], [ 27.143648798000072, 38.734113506000142 ], [ 27.183570921000182, 38.732631681000043 ], [ 27.221749721000037, 38.705871655000124 ], [ 27.20884912300005, 38.683557105000148 ], [ 27.237788303000173, 38.662550049000174 ], [ 27.237265306000154, 38.589591933000179 ], [ 27.262717839000118, 38.561524414000189 ], [ 27.348750887000165, 38.533979892000048 ], [ 27.405670421000025, 38.558386430000098 ], [ 27.463897448000182, 38.536682045000077 ], [ 27.484294341, 38.497893080999972 ], [ 27.559679869000149, 38.459989017000112 ], [ 27.608331855000017, 38.484643818 ], [ 27.662985068000069, 38.470610058000091 ], [ 27.710577817000171, 38.42048948900009 ], [ 27.716505119000146, 38.382746520000126 ], [ 27.701352727000028, 38.349797694000074 ], [ 27.743308729000091, 38.329923798000095 ], [ 27.786194502000114, 38.341429737000055 ], [ 27.889515515000141, 38.318998966000152 ], [ 27.887641442000074, 38.374117066000053 ], [ 27.905510514000127, 38.410726872999987 ], [ 27.957112910000035, 38.393555131000142 ], [ 28.051339582000139, 38.397564776000138 ], [ 28.290087825000057, 38.313536551000027 ], [ 28.315976190000185, 38.320945679000033 ], [ 28.352150165000182, 38.296364808000021 ], [ 28.370280736999973, 38.255483856000069 ], [ 28.46267691900016, 38.25966783500013 ], [ 28.501640213000087, 38.23360513700004 ], [ 28.495364246000122, 38.193508682000015 ], [ 28.46232825400017, 38.187145549000149 ], [ 28.449253322000175, 38.164482334000184 ], [ 28.484680415000128, 38.121811766000121 ], [ 28.532790734000116, 38.101320857000132 ], [ 28.629591122000136, 38.085662282000158 ], [ 28.701227921000168, 38.107593242000178 ], [ 28.73739496200011, 38.174426190000133 ], [ 28.765134732000035, 38.172904599000105 ], [ 28.864358185000128, 38.225368972000069 ], [ 28.870716739999978, 38.249869827000168 ], [ 28.829648640000187, 38.279037511000183 ], [ 28.827081884000108, 38.308963556000094 ], [ 28.800655962000121, 38.321797337000135 ], [ 28.776796796000042, 38.360765363000098 ], [ 28.779946906000134, 38.401716791000069 ], [ 28.810222962000125, 38.427384354000083 ], [ 28.824106781000012, 38.466877398000122 ], [ 28.810806317000186, 38.497620137000126 ], [ 28.81955662200005, 38.534313084000075 ], [ 28.799955938000096, 38.552105372000142 ], [ 28.822473389000095, 38.582673105000083 ], [ 28.822648396000091, 38.617849332999981 ], [ 28.849976085000151, 38.661513356000114 ], [ 29.018463214000064, 38.721059184000069 ], [ 29.113901700000042, 38.840052398000125 ], [ 29.076887908000174, 38.884318005000125 ], [ 29.038692827000091, 38.890552598 ], [ 29.020054677000189, 38.855540438000162 ], [ 28.959956486000124, 38.895682464000117 ], [ 28.944664032000105, 38.95093068400007 ], [ 28.912062303000141, 38.966576237000083 ], [ 28.937127953000186, 39.013594811000189 ], [ 28.911406992000025, 39.062906974999976 ], [ 28.807212521, 39.10861492700019 ], [ 28.666812109000091, 39.116069091000043 ], [ 28.664436606000095, 39.180125755000176 ], [ 28.63478377600012, 39.184958675000189 ], [ 28.296561313999973, 39.061350611000194 ], [ 28.229391922000048, 39.091494924000074 ], [ 28.15108224100004, 39.077733389000173 ], [ 28.100541369000155, 39.156043071000113 ], [ 27.975868424000055, 39.206665857000189 ], [ 27.971854644000132, 39.240578208000102 ], [ 27.932945546000099, 39.263923666999972 ], [ 27.972346127000037, 39.297426450000103 ], [ 27.936877412000172, 39.338547223000091 ], [ 27.883387640000024, 39.344363110000188 ], [ 27.821296911000104, 39.314874109000186 ], [ 27.732420336000075, 39.360090577000051 ], [ 27.671066832000122, 39.334615356000143 ], [ 27.566544704000137, 39.344936507000114 ], [ 27.558926712000073, 39.371476608000194 ], [ 27.52493244700014, 39.378603117000182 ], [ 27.504290146000073, 39.401702834000048 ], [ 27.439086688000089, 39.410303794000072 ] ] ] } },
{ "type": "Feature", "properties": { "adm1_name": "Mardin", "adm1_pcode": "TUR047", "center_lat": 37.32846898, "center_lon": 40.77546934 }, "geometry": { "type": "Polygon", "coordinates": [ [ [ 40.867308221000087, 37.643368925000118 ], [ 40.711544219000132, 37.693740369000011 ], [ 40.664427546000127, 37.74442179100015 ], [ 40.638234396000087, 37.712726528000189 ], [ 40.631182393000188, 37.624770238000053 ], [ 40.539273882000145, 37.59818961600007 ], [ 40.447752845000025, 37.603536738000173 ], [ 40.403580964000128, 37.560992243000157 ], [ 40.255798899000069, 37.507908490000091 ], [ 40.134829941000135, 37.553552767000099 ], [ 40.045943717000114, 37.539991225000165 ], [ 39.983173148000049, 37.509613370000125 ], [ 39.859104409000054, 37.533610842000087 ], [ 39.873776707000104, 37.490317232000166 ], [ 39.952305635000016, 37.413741536000146 ], [ 39.948848430000055, 37.38781250500017 ], [ 40.008608673000083, 37.270082358000082 ], [ 40.019782850000126, 37.201926049000065 ], [ 40.080390034000118, 37.168934508000177 ], [ 40.095792072000165, 37.136386806000132 ], [ 40.136216543999979, 37.111359649000178 ], [ 40.127573535000124, 37.088393936000045 ], [ 40.160355236999976, 37.070181878000028 ], [ 40.159129425000174, 37.017195837000088 ], [ 40.186578386000178, 36.994021853000106 ], [ 40.176587063000113, 36.978391185000135 ], [ 40.236510840000165, 36.955607004000171 ], [ 40.213685620000035, 36.933289158000093 ], [ 40.235075775000155, 36.912464633000013 ], [ 40.357452400000113, 36.962895098999979 ], [ 40.413265800000147, 37.015382799000179 ], [ 40.530066000000147, 37.027922900000135 ], [ 40.695264000000179, 37.1033 ], [ 40.753256500000191, 37.10969660000012 ], [ 40.766693000000146, 37.12763150000012 ], [ 40.811481300000082, 37.125571100000172 ], [ 40.833948499000144, 37.106412599000123 ], [ 40.848563500000182, 37.122080000000153 ], [ 40.913380900000163, 37.131486999000174 ], [ 41.163660600000185, 37.094501100000173 ], [ 41.219753099000116, 37.061777 ], [ 41.266784200000131, 37.079387500000053 ], [ 41.514517200000057, 37.077605300000187 ], [ 41.664831107, 37.117992421000054 ], [ 41.66731508700019, 37.211049581 ], [ 41.568695697000067, 37.255861843 ], [ 41.555243914000073, 37.2766877950001 ], [ 41.606701032000046, 37.435110892000068 ], [ 41.641870149000056, 37.415500462000011 ], [ 41.702965858000027, 37.434375320000129 ], [ 41.842350324000108, 37.405776283000023 ], [ 41.864162561, 37.418894660000035 ], [ 41.84606904400016, 37.442248101000075 ], [ 41.860022536000031, 37.456270615000165 ], [ 41.838440156000104, 37.518861558000083 ], [ 41.854439565000064, 37.529739583000151 ], [ 41.85189597100009, 37.548779794000154 ], [ 41.887425309000093, 37.552287131000185 ], [ 41.897388626000179, 37.574664013000188 ], [ 41.830407881000099, 37.622985472000153 ], [ 41.820181238000146, 37.676599802000169 ], [ 41.724526680000167, 37.673507864000101 ], [ 41.703382538000085, 37.656512977000034 ], [ 41.69277264699997, 37.615194779000092 ], [ 41.679574977000129, 37.610709297000085 ], [ 41.659994120000135, 37.632360377000055 ], [ 41.631787334000023, 37.583623882000154 ], [ 41.548470943000041, 37.530051094000044 ], [ 41.488941962000126, 37.525398866000046 ], [ 41.455818398000019, 37.503920305000065 ], [ 41.190312326000026, 37.501246268000102 ], [ 41.123978938000164, 37.539286612000183 ], [ 41.114145379000149, 37.619507744000032 ], [ 41.08033174100018, 37.649698493000187 ], [ 41.082833260000143, 37.680320539000093 ], [ 41.044383218, 37.73442499600003 ], [ 40.986727288000111, 37.70885180300013 ], [ 40.958751764, 37.677699001000065 ], [ 40.867308221000087, 37.643368925000118 ] ] ] } },
{ "type": "Feature", "properties": { "adm1_name": "Mersin", "adm1_pcode": "TUR033", "center_lat": 36.72829219, "center_lon": 33.7450973 }, "geometry": { "type": "MultiPolygon", "coordinates": [ [ [ [ 34.748337752000111, 37.427248488000032 ], [ 34.706303595000065, 37.435397145000024 ], [ 34.585768026000153, 37.391265313000019 ], [ 34.472574315000031, 37.376258876000179 ], [ 34.42092817300005, 37.340243900000132 ], [ 34.448996406000106, 37.298563630999979 ], [ 34.39611786200004, 37.2580089060001 ], [ 34.210562491000132, 37.188092746000109 ], [ 34.111533740000141, 37.190031319000184 ], [ 34.006850818000146, 37.164264458000105 ], [ 33.986818902000039, 37.118869549000181 ], [ 33.901360158000102, 37.0791288100001 ], [ 33.827128981000044, 37.014267401000097 ], [ 33.777453058000049, 37.008047813000076 ], [ 33.637956604000124, 37.036964855000122 ], [ 33.573579838000171, 36.97751529500016 ], [ 33.460819531000027, 36.976222913000186 ], [ 33.356944349000059, 36.959987368000043 ], [ 33.27762441800013, 36.924123774000066 ], [ 33.216236286000026, 36.928081693000081 ], [ 33.173910783000167, 36.901830188000076 ], [ 33.147416957000075, 36.844480749000013 ], [ 33.115915152000127, 36.849084859000129 ], [ 33.099194963000059, 36.872832373000165 ], [ 32.955730493000033, 36.850437821000185 ], [ 32.943008610000049, 36.804517882000084 ], [ 32.982264705000091, 36.748299277 ], [ 32.978079912000169, 36.687696493000033 ], [ 33.058677100000182, 36.70167673300017 ], [ 33.107141930000068, 36.619792474000121 ], [ 33.176821218000157, 36.595071860000076 ], [ 33.222061120000035, 36.529517703000067 ], [ 33.185008588000073, 36.531543242000112 ], [ 33.122429330000159, 36.581489193000039 ], [ 33.069188169000086, 36.567022618000067 ], [ 33.033024471000147, 36.535378457000093 ], [ 33.053077608000137, 36.485093977000076 ], [ 33.034496465000075, 36.436037392 ], [ 32.637418219000097, 36.509395431000144 ], [ 32.568596895000098, 36.480086169000174 ], [ 32.643542064000087, 36.443048624000141 ], [ 32.660253736000129, 36.387759539000058 ], [ 32.618463829000177, 36.267309948 ], [ 32.561369711000054, 36.229564015000165 ], [ 32.560427759999982, 36.14168252200011 ], [ 32.592401060000157, 36.101776891999975 ], [ 32.585305024000093, 36.089640684000187 ], [ 32.68016630000011, 36.040957900000024 ], [ 32.801189800000145, 36.020061500000168 ], [ 32.880017599000041, 36.0738804 ], [ 32.870640599000126, 36.078721899000129 ], [ 32.947806599000103, 36.104095600000164 ], [ 33.062090400000159, 36.092510100000084 ], [ 33.080397099000095, 36.070463400000108 ], [ 33.119874400000185, 36.127081 ], [ 33.147595800000033, 36.137564999000176 ], [ 33.289003900000012, 36.129473700000119 ], [ 33.350668200000086, 36.153290900000115 ], [ 33.393098899000165, 36.127181100000143 ], [ 33.463073899000051, 36.161443299000041 ], [ 33.54336950000004, 36.145901799000058 ], [ 33.538498600000082, 36.127827500000194 ], [ 33.557416199000102, 36.128199799000186 ], [ 33.592935600000089, 36.176425199000107 ], [ 33.647831999, 36.194172299000172 ], [ 33.660233600000026, 36.161637800000051 ], [ 33.681145700000116, 36.15936539900008 ], [ 33.676264800000069, 36.138927799000157 ], [ 33.693919900000139, 36.137675500000171 ], [ 33.703688499000066, 36.182217199000092 ], [ 33.800389600000187, 36.236070099000074 ], [ 33.81490870000016, 36.27190879900013 ], [ 33.836122800000169, 36.276231199000165 ], [ 33.868787700000155, 36.315872800000193 ], [ 33.898929500000122, 36.314057200000036 ], [ 33.937840800000174, 36.285106199000154 ], [ 33.951959600000066, 36.23369709900004 ], [ 34.010157200000151, 36.29717779900011 ], [ 33.97971709900014, 36.281593699000155 ], [ 33.997283600000117, 36.301874000000112 ], [ 34.073310600000184, 36.317197400000168 ], [ 34.083985200000029, 36.41511080000015 ], [ 34.110032, 36.426291400000082 ], [ 34.116313000000162, 36.447387899000091 ], [ 34.168368999000052, 36.468012299000179 ], [ 34.268555900000138, 36.578197799000179 ], [ 34.429641500000059, 36.664493200000152 ], [ 34.567261599000062, 36.77083250000004 ], [ 34.642120700000021, 36.784587299000123 ], [ 34.624331299000119, 36.789763199000106 ], [ 34.653827900000067, 36.808173099000101 ], [ 34.764060899000185, 36.809311299000115 ], [ 34.86558250000013, 36.771237699000096 ], [ 34.904903974000035, 36.721786023000107 ], [ 34.970957628, 36.758815235000043 ], [ 35.026816262000068, 36.756799509000075 ], [ 35.026540689000115, 36.776877344000184 ], [ 35.043436390000124, 36.764687911000124 ], [ 35.075476083000183, 36.797671334000086 ], [ 35.095447223000065, 36.783206452000172 ], [ 35.145310814000084, 36.791980197000044 ], [ 35.139003555000045, 36.908628486000168 ], [ 35.096994593000034, 36.944336102000193 ], [ 35.123250194000036, 37.043407236000178 ], [ 35.053475935000108, 37.073426139000162 ], [ 35.012385920000156, 37.065418181000155 ], [ 35.012779753000132, 37.126725008000051 ], [ 34.956986602000143, 37.137489804999973 ], [ 34.919834927000068, 37.186850335000088 ], [ 34.931912504000081, 37.207067147000032 ], [ 34.967357565000157, 37.217175553000118 ], [ 34.967357565000157, 37.273756372000094 ], [ 34.910380381000095, 37.294431124000141 ], [ 34.78776925700015, 37.303425200000163 ], [ 34.748648410999976, 37.356198959000153 ], [ 34.777792128000044, 37.394532135000134 ], [ 34.775256732000059, 37.421315078000077 ], [ 34.748337752000111, 37.427248488000032 ] ] ], [ [ [ 34.614040224000121, 36.782659302000184 ], [ 34.614014000000111, 36.782649699 ], [ 34.614038200000152, 36.782648000000165 ], [ 34.614040224000121, 36.782659302000184 ] ] ] ] } },
{ "type": "Feature", "properties": { "adm1_name": "Mugla", "adm1_pcode": "TUR048", "center_lat": 36.92655179, "center_lon": 28.63314924 }, "geometry": { "type": "MultiPolygon", "coordinates": [ [ [ [ 28.284927034000134, 37.51723143300012 ], [ 28.293235314000128, 37.552108901 ], [ 28.262598530000105, 37.553926338 ], [ 28.222874564000108, 37.496114553000098 ], [ 28.156841043000099, 37.492046957000184 ], [ 28.135031806000086, 37.450245921000089 ], [ 28.049093031000154, 37.473786049000068 ], [ 27.951643826000179, 37.462102530000152 ], [ 27.931998204000024, 37.494556751000175 ], [ 27.795171209999978, 37.468420284999979 ], [ 27.77041945700006, 37.482094330000109 ], [ 27.769640556000013, 37.505980636000118 ], [ 27.747398597000142, 37.52605898000013 ], [ 27.649430123000059, 37.524328089000051 ], [ 27.536586799000077, 37.547998034000159 ], [ 27.475313231000143, 37.536379421999982 ], [ 27.463916642000186, 37.384385534000046 ], [ 27.391537600000163, 37.365379600000097 ], [ 27.385674000000108, 37.329176699000016 ], [ 27.443383, 37.305136900000036 ], [ 27.476418600000045, 37.329768799000192 ], [ 27.471392100000173, 37.344439899000122 ], [ 27.487649300000044, 37.339398000000131 ], [ 27.488626100000033, 37.298037799000042 ], [ 27.455198000000166, 37.258778900000038 ], [ 27.52098170000005, 37.277045599000019 ], [ 27.52440559900009, 37.260764199999983 ], [ 27.500726400000076, 37.238065999000185 ], [ 27.517819900000063, 37.216062700000123 ], [ 27.524652399000047, 37.241349699000068 ], [ 27.552665900000022, 37.247589199000117 ], [ 27.541560700000105, 37.255086200000051 ], [ 27.55649949900004, 37.274879100000078 ], [ 27.594599199000129, 37.288287599000114 ], [ 27.646165299000074, 37.242977800000062 ], [ 27.611072, 37.257506099000182 ], [ 27.558617699000024, 37.194736799000168 ], [ 27.525782200000037, 37.196167500000115 ], [ 27.54978860000017, 37.1859834 ], [ 27.541693200000054, 37.160089299000106 ], [ 27.561134700000139, 37.1538291 ], [ 27.553934400000173, 37.137836399000093 ], [ 27.5813139, 37.135848700000167 ], [ 27.538134500000126, 37.130614000000151 ], [ 27.470632999000145, 37.080571999000085 ], [ 27.430584800000076, 37.128187999000033 ], [ 27.386499500000184, 37.120867699000087 ], [ 27.376701400000059, 37.132836900000029 ], [ 27.39006679900001, 37.145101099000044 ], [ 27.366572899000175, 37.15645400000011 ], [ 27.350966200000187, 37.144125998999982 ], [ 27.350794099999973, 37.134116999000184 ], [ 27.349517199000104, 37.130986000000178 ], [ 27.347100099000158, 37.130626999000071 ], [ 27.343801099000018, 37.150596999000186 ], [ 27.3229070000001, 37.158878000000129 ], [ 27.313258999000027, 37.115847999000096 ], [ 27.273953900000151, 37.140587 ], [ 27.264505999000107, 37.120342100000073 ], [ 27.25328410000003, 37.129055000000108 ], [ 27.254340000000184, 37.111605000000111 ], [ 27.293250999000122, 37.111549 ], [ 27.238920098999984, 37.082787999000118 ], [ 27.225492799000165, 37.058371999000144 ], [ 27.249399400000129, 37.031378600000039 ], [ 27.263976100000036, 36.964254999000104 ], [ 27.303155999000069, 36.956900000000189 ], [ 27.306925900000124, 36.961686999000051 ], [ 27.300344000000166, 36.969907100000114 ], [ 27.300188200000093, 36.97156 ], [ 27.300639999000055, 36.973093999000071 ], [ 27.340765900000179, 36.998057999000082 ], [ 27.332764900000029, 37.015393999000082 ], [ 27.382097899000087, 37.026626099 ], [ 27.376131600000178, 36.998932800000091 ], [ 27.395773599000051, 37.029394800000034 ], [ 27.412205399000186, 37.01714 ], [ 27.424127900000144, 37.036140499000112 ], [ 27.482410099999981, 36.986384 ], [ 27.518143700000053, 36.99510620000018 ], [ 27.565341599000135, 36.974962600000083 ], [ 27.5801525, 36.993856799000127 ], [ 27.63895360000015, 36.97826309900006 ], [ 27.648720300000036, 36.997514900000169 ], [ 27.68848880000013, 37.004319300000077 ], [ 27.760004599000069, 36.990514500000074 ], [ 27.926629, 37.031484800000101 ], [ 27.949019500000077, 37.01915270000012 ], [ 27.9800758, 37.0329155 ], [ 28.088854200000128, 37.028366800000072 ], [ 28.105615099000033, 37.014123200000142 ], [ 28.114502200000061, 37.024543400000084 ], [ 28.100286999000105, 37.037272599000175 ], [ 28.326545599000156, 37.042695999000046 ], [ 28.328888400000096, 37.030906699000184 ], [ 28.268387100000155, 37.018284099000084 ], [ 28.246669599000086, 37.003637099 ], [ 28.256539099000122, 36.992244299999982 ], [ 28.217236900000103, 37.001427600000056 ], [ 28.1982655, 36.982215899000096 ], [ 28.212242600000081, 36.978596699000093 ], [ 28.194659400000091, 36.943980200000055 ], [ 28.161156900000037, 36.947784099000103 ], [ 28.165421800000161, 36.907399699000166 ], [ 28.159200099000088, 36.926618999000027 ], [ 28.125021400000151, 36.938453500000151 ], [ 28.093536499000038, 36.931369299000153 ], [ 28.075034500000129, 36.943170899000108 ], [ 28.046187700000019, 36.935893600000099 ], [ 28.071945999000093, 36.931239799000082 ], [ 28.049724800000149, 36.921592400000065 ], [ 28.0221279000001, 36.925956999000107 ], [ 28.042826200000093, 36.909154300000125 ], [ 28.017649200000051, 36.904584700000044 ], [ 28.050463199000035, 36.897409800000048 ], [ 28.041045000000167, 36.885747800000047 ], [ 28.059189299000138, 36.869412600000089 ], [ 28.019835500000113, 36.86419599900006 ], [ 28.005759300000193, 36.853499199000169 ], [ 28.021666600000117, 36.842501900000173 ], [ 28.004909400000031, 36.835577600000136 ], [ 28.064593800000068, 36.824666599000182 ], [ 28.0323742, 36.788309899000069 ], [ 27.824674199000128, 36.813358700000094 ], [ 27.765982600000086, 36.788920800000085 ], [ 27.700894900000037, 36.78725350000019 ], [ 27.643342300000029, 36.811329099000091 ], [ 27.614204299999983, 36.765923999000108 ], [ 27.4323554, 36.747674200000063 ], [ 27.407838899000012, 36.703215400000033 ], [ 27.362949799999967, 36.710746199000084 ], [ 27.375661700000023, 36.697768300000178 ], [ 27.36376730000012, 36.684221699000091 ], [ 27.405671700000028, 36.678993199000047 ], [ 27.410534099000131, 36.663422399000126 ], [ 27.46780020000017, 36.661523900000134 ], [ 27.477636700000119, 36.647640500000193 ], [ 27.517400900000041, 36.677133399000184 ], [ 27.578595499000073, 36.68361630000004 ], [ 27.67811520000015, 36.656986999000026 ], [ 27.677440500000102, 36.699404100000152 ], [ 27.696936800000117, 36.713437500000055 ], [ 27.686514000000159, 36.725273599 ], [ 27.722774800000138, 36.758510000000115 ], [ 27.812356399, 36.763163699000131 ], [ 27.858469900000102, 36.741618400000107 ], [ 27.881309799000121, 36.75741950000014 ], [ 27.931038199000113, 36.741528899000116 ], [ 27.953790400000116, 36.759942200000125 ], [ 27.966732600000171, 36.749644099000079 ], [ 28.019565399000044, 36.761121600000024 ], [ 28.04743360000009, 36.786442499000145 ], [ 28.051573900000164, 36.760105000000124 ], [ 28.085363899000072, 36.796795799000051 ], [ 28.129066499000089, 36.79773859900007 ], [ 28.132028399000035, 36.756154999000046 ], [ 28.115023399000108, 36.774165400000129 ], [ 28.084118200000148, 36.747526599000025 ], [ 28.130038200000115, 36.729419600000142 ], [ 28.101601699000128, 36.706214399000089 ], [ 28.085650600000065, 36.729417200000114 ], [ 27.966900199000122, 36.684153799000171 ], [ 28.026955300000168, 36.668783700000063 ], [ 28.042941799000118, 36.69245240000015 ], [ 28.07194229900017, 36.673005200000091 ], [ 28.0556919, 36.656612100000189 ], [ 28.08524179900013, 36.6566704 ], [ 28.0967341, 36.641872200000023 ], [ 28.059771900000101, 36.605461799000068 ], [ 27.963055900000086, 36.604293600000119 ], [ 27.982322900000156, 36.553463699000019 ], [ 28.018164099000103, 36.565627499000186 ], [ 28.012351100000103, 36.575935399000059 ], [ 28.033592400000089, 36.562853700000062 ], [ 28.052490300000159, 36.585309099000085 ], [ 28.099669199000118, 36.587314399999968 ], [ 28.162776100000087, 36.680576199000086 ], [ 28.222054999000079, 36.687423199000136 ], [ 28.25531579900013, 36.730336999000087 ], [ 28.277122399000177, 36.734087099000021 ], [ 28.289792400000181, 36.719073699000035 ], [ 28.303367600000058, 36.730443699000034 ], [ 28.270539599000131, 36.747882200000049 ], [ 28.271008800000175, 36.765253299 ], [ 28.248718, 36.773519799999974 ], [ 28.256342, 36.792124000000115 ], [ 28.233185200000037, 36.80503130000011 ], [ 28.265228999000044, 36.85098949900015 ], [ 28.316084, 36.82643650000017 ], [ 28.265789899000083, 36.814600999000106 ], [ 28.271330999000099, 36.797766 ], [ 28.313179899000033, 36.795166000000108 ], [ 28.301309999000068, 36.804143000000181 ], [ 28.310313100000087, 36.817706099000134 ], [ 28.398201100000051, 36.785486999000113 ], [ 28.426844900000049, 36.83577 ], [ 28.387499000000105, 36.834454999000059 ], [ 28.378599099000098, 36.847477 ], [ 28.403439099000138, 36.867515999000148 ], [ 28.408099999000115, 36.854168999000137 ], [ 28.432852900000114, 36.859257999000022 ], [ 28.454804999000032, 36.880202 ], [ 28.469675900000084, 36.862227999000083 ], [ 28.451335999000094, 36.847364999000092 ], [ 28.451659, 36.824208000000169 ], [ 28.46223110000011, 36.812188999 ], [ 28.500608100000022, 36.816719199000033 ], [ 28.498847300000193, 36.79490990000005 ], [ 28.516067199000076, 36.805629100000033 ], [ 28.540093699000124, 36.790468199000145 ], [ 28.529570999000043, 36.810824699000136 ], [ 28.555964300000085, 36.835374999000123 ], [ 28.597511299000189, 36.799071899000069 ], [ 28.606454199000098, 36.812622500000089 ], [ 28.633925600000168, 36.814089199000193 ], [ 28.657241100000135, 36.789079400000105 ], [ 28.606316336000134, 36.804266430000041 ], [ 28.629127399000083, 36.782103699000118 ], [ 28.613402299000143, 36.764206600000193 ], [ 28.634258400000135, 36.759457599000086 ], [ 28.608255400000189, 36.741107199 ], [ 28.622153699000023, 36.734072600000161 ], [ 28.623080800000082, 36.705746300000158 ], [ 28.64192819900012, 36.716978800000163 ], [ 28.672010999000179, 36.711307998999985 ], [ 28.670057500000098, 36.691728699000066 ], [ 28.72494880000005, 36.705667499000128 ], [ 28.786853399, 36.686674599000185 ], [ 28.806666899000163, 36.668892300000152 ], [ 28.794163, 36.651056000000153 ], [ 28.81833799900005, 36.659533 ], [ 28.830423999000118, 36.639108999000143 ], [ 28.852049899000122, 36.638098999000022 ], [ 28.824223999000139, 36.625867999000036 ], [ 28.845750999000131, 36.58888 ], [ 28.875566200000151, 36.602085000000159 ], [ 28.866968999000164, 36.622257999000112 ], [ 28.891436000000112, 36.630423 ], [ 28.908204800000078, 36.6480419990001 ], [ 28.879045900000108, 36.648623999000108 ], [ 28.871767100000056, 36.633508999000071 ], [ 28.849821100000042, 36.643258999000125 ], [ 28.866115099000183, 36.654336999000122 ], [ 28.850475999000139, 36.662529999000185 ], [ 28.86783910000014, 36.670253999000124 ], [ 28.863505099000065, 36.696185 ], [ 28.90117799899997, 36.698947 ], [ 28.908789099000046, 36.708125999000174 ], [ 28.891351099000133, 36.709528999000099 ], [ 28.909126100000094, 36.713285 ], [ 28.92968100000013, 36.73505199900012 ], [ 28.928977900000064, 36.755782000000181 ], [ 28.964540200000158, 36.722540999000046 ], [ 28.971011899000132, 36.731605999000124 ], [ 28.996472900000128, 36.708582000000149 ], [ 29.019453800000122, 36.716081999000153 ], [ 29.014010999, 36.704222998999967 ], [ 29.033103999000048, 36.708291 ], [ 29.055433700000151, 36.681799899999987 ], [ 29.096137399999975, 36.676311700000156 ], [ 29.122131200000126, 36.647350699000128 ], [ 29.115610500000059, 36.625361899999973 ], [ 29.08854360000015, 36.620297900000025 ], [ 29.101276100000121, 36.641166799000018 ], [ 29.077359099000148, 36.645957199000065 ], [ 29.074844900000016, 36.614277000000129 ], [ 29.040240999000105, 36.619528999000124 ], [ 29.023017100000118, 36.582396999000025 ], [ 29.047486000000163, 36.55871 ], [ 29.008406900000068, 36.544032000000129 ], [ 29.053810100000078, 36.539566 ], [ 29.04933890000018, 36.558765999000173 ], [ 29.086281, 36.56618600000013 ], [ 29.097334100000069, 36.545769000000121 ], [ 29.110678899000106, 36.543793 ], [ 29.104246100000182, 36.555329999000094 ], [ 29.117688500000042, 36.551441299000032 ], [ 29.118593900000178, 36.505205000000103 ], [ 29.137915900000166, 36.497985199000027 ], [ 29.115420100000108, 36.497023999000078 ], [ 29.100643900000023, 36.474807899000098 ], [ 29.121205, 36.467679198999974 ], [ 29.134539699000129, 36.43551969900011 ], [ 29.102599500000167, 36.393534900000191 ], [ 29.141142600000137, 36.382488200000125 ], [ 29.140314400000193, 36.365104700000131 ], [ 29.16906100000017, 36.343035999000165 ], [ 29.23012870000008, 36.329442700000129 ], [ 29.281025221000164, 36.295160299000145 ], [ 29.281380476000152, 36.308624339000062 ], [ 29.315269229000023, 36.32084358600008 ], [ 29.31096647600009, 36.37196006400012 ], [ 29.333602191000068, 36.394741493000083 ], [ 29.315147166000145, 36.429350120000038 ], [ 29.32283948800017, 36.440889304 ], [ 29.388054140000179, 36.470879985000124 ], [ 29.520589459000121, 36.490928642000142 ], [ 29.643942712000069, 36.613422018999984 ], [ 29.7368094200001, 36.64773892400018 ], [ 29.754710494000108, 36.797279340000159 ], [ 29.776754612000104, 36.809942982000052 ], [ 29.811731480000049, 36.876021504000164 ], [ 29.778620936000152, 36.940996042000052 ], [ 29.703928898000072, 36.986198209000065 ], [ 29.601154063000138, 36.996868500000176 ], [ 29.539301551999984, 36.941992718000108 ], [ 29.495037434000096, 36.867007541000135 ], [ 29.438168301000189, 36.839980046000051 ], [ 29.416065556000035, 36.843439096000111 ], [ 29.382530355000085, 36.881723162000128 ], [ 29.326775154000188, 36.889051659000131 ], [ 29.216789077000101, 36.851471128000128 ], [ 29.18043973500005, 36.867242053000041 ], [ 29.127557305000096, 36.862903584000151 ], [ 29.088921470000173, 36.901949813000101 ], [ 29.093963476000056, 36.929798099000152 ], [ 29.073560942000029, 36.954773616000125 ], [ 29.1053959300001, 37.009883910000042 ], [ 29.098360574000083, 37.033628238000176 ], [ 29.020890608000173, 37.06221328200013 ], [ 28.945161313000142, 37.137659520000113 ], [ 28.834823841000173, 37.135675356000036 ], [ 28.817369418000112, 37.184417281000037 ], [ 28.78535781700009, 37.193876181000178 ], [ 28.784354755000038, 37.240251324000099 ], [ 28.737917946000039, 37.271707470000024 ], [ 28.741927581000027, 37.325094968000087 ], [ 28.703064375000054, 37.365988993000144 ], [ 28.642580589000147, 37.371438443000045 ], [ 28.614616758000182, 37.429640453000161 ], [ 28.62497074700002, 37.475938461000169 ], [ 28.465199410000082, 37.485815747000117 ], [ 28.452044632000025, 37.505028646000028 ], [ 28.394059759000186, 37.494816384000103 ], [ 28.343084996000186, 37.525712802000101 ], [ 28.284927034000134, 37.51723143300012 ] ] ], [ [ [ 29.026921999000137, 36.535554999000112 ], [ 29.026783100000102, 36.535789999000031 ], [ 29.026568899000097, 36.535623000000157 ], [ 29.026647, 36.535511 ], [ 29.026921999000137, 36.535554999000112 ] ] ], [ [ [ 29.024280000000147, 36.536359099000038 ], [ 29.024268800000073, 36.536555000000135 ], [ 29.023765900000058, 36.536466 ], [ 29.023940200000084, 36.53631599900018 ], [ 29.024280000000147, 36.536359099000038 ] ] ], [ [ [ 29.056960099000037, 36.538934 ], [ 29.057184000000177, 36.539455999000097 ], [ 29.056223199000158, 36.53915400000011 ], [ 29.056313900000134, 36.538944999000137 ], [ 29.056960099000037, 36.538934 ] ] ], [ [ [ 29.01345300000014, 36.539829999000176 ], [ 29.013313999000104, 36.540076999000178 ], [ 29.013084000000163, 36.539921999000114 ], [ 29.013242, 36.539773000000139 ], [ 29.01345300000014, 36.539829999000176 ] ] ], [ [ [ 29.012069900000085, 36.540060999000104 ], [ 29.012110900000096, 36.540366000000176 ], [ 29.011641800000177, 36.540337099000169 ], [ 29.011622000000159, 36.54020300000019 ], [ 29.012069900000085, 36.540060999000104 ] ] ], [ [ [ 29.055923999000129, 36.540052000000117 ], [ 29.055921800000192, 36.540577 ], [ 29.055435100000068, 36.54048799900005 ], [ 29.055568999000059, 36.540070000000185 ], [ 29.055923999000129, 36.540052000000117 ] ] ], [ [ [ 29.012231200000087, 36.540633 ], [ 29.012236899000129, 36.540889000000107 ], [ 29.011894900000186, 36.540784999000095 ], [ 29.011972000000128, 36.540637 ], [ 29.012231200000087, 36.540633 ] ] ], [ [ [ 29.059849099000132, 36.539433999000096 ], [ 29.061781900000142, 36.540476 ], [ 29.059683100000029, 36.541696999000067 ], [ 29.059125800000061, 36.540204 ], [ 29.059849099000132, 36.539433999000096 ] ] ], [ [ [ 29.009769800000186, 36.545785000000194 ], [ 29.009913799000117, 36.546356999000182 ], [ 29.009103099000185, 36.546248000000162 ], [ 29.009173, 36.545807 ], [ 29.009769800000186, 36.545785000000194 ] ] ], [ [ [ 29.004940100000113, 36.549214 ], [ 29.004922100000044, 36.549446 ], [ 29.004515999000091, 36.549331000000166 ], [ 29.004770200000053, 36.549167999000076 ], [ 29.004940100000113, 36.549214 ] ] ], [ [ [ 29.06590210000013, 36.555013999000039 ], [ 29.069039900000064, 36.551513 ], [ 29.075875900000085, 36.554021999000042 ], [ 29.071127899000089, 36.555278000000158 ], [ 29.06590210000013, 36.555013999000039 ] ] ], [ [ [ 29.065560098999981, 36.556730999000024 ], [ 29.065659099000186, 36.556814999000039 ], [ 29.06563389900009, 36.557083999000099 ], [ 29.06535379900015, 36.556881 ], [ 29.065560098999981, 36.556730999000024 ] ] ], [ [ [ 29.02987910000013, 36.55645699900009 ], [ 29.030485000000169, 36.556787999000107 ], [ 29.030794900000046, 36.557515999000145 ], [ 29.029092099000138, 36.556629 ], [ 29.02987910000013, 36.55645699900009 ] ] ], [ [ [ 29.090102100000138, 36.560312199 ], [ 29.09013890000017, 36.560582500000123 ], [ 29.089636799000118, 36.560459700000081 ], [ 29.089675200000158, 36.560347599000124 ], [ 29.090102100000138, 36.560312199 ] ] ], [ [ [ 28.845185000000129, 36.58770199900016 ], [ 28.845632200000182, 36.588174999000046 ], [ 28.845521999000027, 36.58838 ], [ 28.844772100000057, 36.587634000000151 ], [ 28.845185000000129, 36.58770199900016 ] ] ], [ [ [ 28.831636099000036, 36.589714999000137 ], [ 28.83143200000012, 36.589926999000056 ], [ 28.831290800000147, 36.58984999900008 ], [ 28.831322200000102, 36.589691998999967 ], [ 28.831636099000036, 36.589714999000137 ] ] ], [ [ [ 28.856909900000176, 36.590963999000053 ], [ 28.857056000000171, 36.591277000000105 ], [ 28.856797900000117, 36.591385999000181 ], [ 28.856585199000051, 36.591205100000025 ], [ 28.856909900000176, 36.590963999000053 ] ] ], [ [ [ 28.85991409900015, 36.59156099900008 ], [ 28.860041899000066, 36.591809 ], [ 28.859568099000114, 36.59160599900008 ], [ 28.859757800000068, 36.591550000000154 ], [ 28.85991409900015, 36.59156099900008 ] ] ], [ [ [ 28.875857, 36.599541999000166 ], [ 28.875867099000061, 36.599936000000184 ], [ 28.875444799000149, 36.599732999000139 ], [ 28.875457099000073, 36.599521999000103 ], [ 28.875857, 36.599541999000166 ] ] ], [ [ [ 28.891855100000157, 36.617182000000184 ], [ 28.892075, 36.617434 ], [ 28.891973900000039, 36.617567 ], [ 28.891604900000061, 36.617401999000151 ], [ 28.891855100000157, 36.617182000000184 ] ] ], [ [ [ 29.061847100000193, 36.61859699900009 ], [ 29.061838099000056, 36.61886599900015 ], [ 29.061353900000029, 36.618899000000113 ], [ 29.061315, 36.618643 ], [ 29.061847100000193, 36.61859699900009 ] ] ], [ [ [ 28.886005100000034, 36.633305000000121 ], [ 28.886042899000017, 36.633435999000028 ], [ 28.885855, 36.633544 ], [ 28.885848099999976, 36.633268000000101 ], [ 28.886005100000034, 36.633305000000121 ] ] ], [ [ [ 28.887630800000068, 36.635028 ], [ 28.887581899, 36.635172999000076 ], [ 28.887356900000157, 36.635203000000161 ], [ 28.887421000000131, 36.634991999000192 ], [ 28.887630800000068, 36.635028 ] ] ], [ [ [ 28.896904100000143, 36.635682 ], [ 28.896838900000091, 36.635881 ], [ 28.896608200000173, 36.635699999000167 ], [ 28.896761900000115, 36.635593100000108 ], [ 28.896904100000143, 36.635682 ] ] ], [ [ [ 28.89361120000018, 36.636220999000102 ], [ 28.893921100000057, 36.637518 ], [ 28.892369198999972, 36.637398 ], [ 28.892301100000111, 36.636727999000129 ], [ 28.89361120000018, 36.636220999000102 ] ] ], [ [ [ 28.851752900000179, 36.643594099000154 ], [ 28.851513099000101, 36.643742 ], [ 28.85133490000004, 36.643587 ], [ 28.851593, 36.643437999000184 ], [ 28.851752900000179, 36.643594099000154 ] ] ], [ [ [ 28.859637999000029, 36.644298999 ], [ 28.858893800000033, 36.645205 ], [ 28.858565200000157, 36.645275999000035 ], [ 28.858790900000031, 36.644536000000187 ], [ 28.859637999000029, 36.644298999 ] ] ], [ [ [ 28.853500000000111, 36.645288999000059 ], [ 28.853311000000133, 36.645423999 ], [ 28.853063999000028, 36.645257000000129 ], [ 28.853375, 36.645172999000067 ], [ 28.853500000000111, 36.645288999000059 ] ] ], [ [ [ 28.859151999000119, 36.645302000000129 ], [ 28.859492199000044, 36.64544599900006 ], [ 28.859478100000047, 36.645603999000173 ], [ 28.858972000000108, 36.645545998999978 ], [ 28.859151999000119, 36.645302000000129 ] ] ], [ [ [ 28.906134800000075, 36.650898 ], [ 28.906054900000186, 36.651189000000159 ], [ 28.9057201, 36.651036 ], [ 28.905855100000167, 36.650837 ], [ 28.906134800000075, 36.650898 ] ] ], [ [ [ 28.910164999000187, 36.652714 ], [ 28.90990910000005, 36.652903 ], [ 28.909833800000058, 36.652707000000191 ], [ 28.9099878990001, 36.652585999 ], [ 28.910164999000187, 36.652714 ] ] ], [ [ [ 29.112016699000151, 36.653073599000038 ], [ 29.111894300000074, 36.653129399000022 ], [ 29.111837799999989, 36.653010999000173 ], [ 29.112075000000118, 36.653049399000167 ], [ 29.112016699000151, 36.653073599000038 ] ] ], [ [ [ 29.112312199000087, 36.653128700000082 ], [ 29.112319399000171, 36.653150899000025 ], [ 29.11231620000018, 36.653182899 ], [ 29.112280600000076, 36.653166499000065 ], [ 29.112312199000087, 36.653128700000082 ] ] ], [ [ [ 29.112381400000061, 36.653125299000067 ], [ 29.112380600000165, 36.653175500000032 ], [ 29.112368000000174, 36.65320039900007 ], [ 29.112356500000089, 36.653133499000035 ], [ 29.112381400000061, 36.653125299000067 ] ] ], [ [ [ 29.112329499999987, 36.653314000000137 ], [ 29.112235900000087, 36.653325499000118 ], [ 29.112259999000059, 36.653228899000112 ], [ 29.112315500000079, 36.653242700000078 ], [ 29.112329499999987, 36.653314000000137 ] ] ], [ [ [ 29.110835200000167, 36.653518100000156 ], [ 29.110697600000151, 36.653506598999968 ], [ 29.110843400000135, 36.653378799000052 ], [ 29.110857100000032, 36.65340220000013 ], [ 29.110835200000167, 36.653518100000156 ] ] ], [ [ [ 29.106879100000072, 36.653095499000074 ], [ 29.098110199000075, 36.6525011 ], [ 29.097710600000141, 36.646068600000149 ], [ 29.099515300000064, 36.64925569900015 ], [ 29.106879100000072, 36.653095499000074 ] ] ], [ [ [ 29.111847500000124, 36.653411000000176 ], [ 29.111831300000176, 36.653605900000116 ], [ 29.111757099000158, 36.6538086 ], [ 29.111638999000149, 36.653516499000091 ], [ 29.111847500000124, 36.653411000000176 ] ] ], [ [ [ 29.111461600000155, 36.65546420000004 ], [ 29.111487800000191, 36.655530099000089 ], [ 29.111456500000088, 36.655597699000168 ], [ 29.111431699000093, 36.655438199000116 ], [ 29.111461600000155, 36.65546420000004 ] ] ], [ [ [ 29.047605799, 36.662310999000169 ], [ 29.040724100000034, 36.661280999000041 ], [ 29.043267800000024, 36.652321 ], [ 29.052863999000067, 36.656944 ], [ 29.047605799, 36.662310999000169 ] ] ], [ [ [ 29.038326799000174, 36.66580299900005 ], [ 29.038723900000093, 36.666137999000057 ], [ 29.038353800000039, 36.666828 ], [ 29.037526899000113, 36.666109 ], [ 29.038326799000174, 36.66580299900005 ] ] ], [ [ [ 28.903315000000134, 36.66695 ], [ 28.903282899000089, 36.667082000000107 ], [ 28.903074800000184, 36.667085 ], [ 28.903190000000109, 36.66681999900004 ], [ 28.903315000000134, 36.66695 ] ] ], [ [ [ 28.891581800000097, 36.668200999000078 ], [ 28.891583999000034, 36.668293000000119 ], [ 28.891482100000019, 36.66839899900009 ], [ 28.891424200000074, 36.668137100000024 ], [ 28.891581800000097, 36.668200999000078 ] ] ], [ [ [ 29.036893000000134, 36.667805000000101 ], [ 29.036017099000048, 36.668943999000078 ], [ 29.032814200000132, 36.667654999000035 ], [ 29.034056200000066, 36.666900999000177 ], [ 29.036893000000134, 36.667805000000101 ] ] ], [ [ [ 28.890033100000039, 36.668908999000053 ], [ 28.890141099, 36.669052 ], [ 28.889881899000045, 36.669148000000177 ], [ 28.889806999000086, 36.66892599900018 ], [ 28.890033100000039, 36.668908999000053 ] ] ], [ [ [ 28.905875999000045, 36.667724000000135 ], [ 28.906339, 36.668861 ], [ 28.905473199000085, 36.669742999000107 ], [ 28.904105200000174, 36.668621 ], [ 28.905875999000045, 36.667724000000135 ] ] ], [ [ [ 28.889403900000048, 36.668826600000045 ], [ 28.901986799000099, 36.652542899000025 ], [ 28.908281000000159, 36.651957999000103 ], [ 28.907364599000118, 36.665492800000095 ], [ 28.889403900000048, 36.668826600000045 ] ] ], [ [ [ 29.031857999000181, 36.671847999000192 ], [ 29.029286900000159, 36.671257 ], [ 29.030217100000016, 36.668480999000167 ], [ 29.032881799000165, 36.668997000000104 ], [ 29.031857999000181, 36.671847999000192 ] ] ], [ [ [ 29.028755200000035, 36.670679999000185 ], [ 29.029027999000164, 36.67123700000019 ], [ 29.028337900000167, 36.672054000000117 ], [ 29.028053200000045, 36.671033998999974 ], [ 29.028755200000035, 36.670679999000185 ] ] ], [ [ [ 28.920880099000158, 36.678357 ], [ 28.920640999000113, 36.678532100000155 ], [ 28.920548199000052, 36.678283999000143 ], [ 28.920789000000184, 36.678201000000115 ], [ 28.920880099000158, 36.678357 ] ] ], [ [ [ 28.915988000000141, 36.682250999000132 ], [ 28.909073199999966, 36.67139 ], [ 28.914936799000088, 36.654763999000124 ], [ 28.939227099000107, 36.674802000000113 ], [ 28.915988000000141, 36.682250999000132 ] ] ], [ [ [ 28.870492, 36.687806999000088 ], [ 28.870934, 36.688063099000146 ], [ 28.870781000000193, 36.688933999000085 ], [ 28.869981099000142, 36.688288999000179 ], [ 28.870492, 36.687806999000088 ] ] ], [ [ [ 28.935276799000121, 36.691750000000127 ], [ 28.935227900000086, 36.691869 ], [ 28.934931999000185, 36.691913000000113 ], [ 28.934978000000172, 36.69163600000013 ], [ 28.935276799000121, 36.691750000000127 ] ] ], [ [ [ 28.867696900000055, 36.69325600000019 ], [ 28.867632100000037, 36.693429000000151 ], [ 28.867511899000135, 36.693495999000106 ], [ 28.867505000000165, 36.693220100000076 ], [ 28.867696900000055, 36.69325600000019 ] ] ], [ [ [ 28.86885, 36.693357 ], [ 28.868766100000073, 36.693502999000145 ], [ 28.868662100000165, 36.693517999000107 ], [ 28.868705999000156, 36.693175 ], [ 28.86885, 36.693357 ] ] ], [ [ [ 29.013143, 36.695470999000065 ], [ 29.013095899000177, 36.696166999000127 ], [ 29.012854000000118, 36.696172099000194 ], [ 29.012649100000033, 36.695772 ], [ 29.013143, 36.695470999000065 ] ] ], [ [ [ 28.932781000000148, 36.697159 ], [ 28.93041790000018, 36.696750000000122 ], [ 28.931771899000012, 36.694451999000137 ], [ 28.933858100000066, 36.695615 ], [ 28.932781000000148, 36.697159 ] ] ], [ [ [ 29.007416899000134, 36.698583 ], [ 29.006115800000032, 36.693928999000036 ], [ 29.012069199000109, 36.693376000000171 ], [ 29.01286690000012, 36.695413999000152 ], [ 29.007416899000134, 36.698583 ] ] ], [ [ [ 28.932198799, 36.699860999 ], [ 28.932257899000092, 36.700109999 ], [ 28.93192420000014, 36.700024 ], [ 28.931955800000082, 36.699905 ], [ 28.932198799, 36.699860999 ] ] ], [ [ [ 28.929188900000099, 36.69984600000015 ], [ 28.923887199000092, 36.699658999000178 ], [ 28.925476900000092, 36.693553999000073 ], [ 28.929643898999984, 36.696442999 ], [ 28.929188900000099, 36.69984600000015 ] ] ], [ [ [ 28.928644900000052, 36.700367999000036 ], [ 28.928648899000109, 36.700538999000173 ], [ 28.928369199000031, 36.700503999000148 ], [ 28.928434000000152, 36.700292000000104 ], [ 28.928644900000052, 36.700367999000036 ] ] ], [ [ [ 28.932397899000136, 36.701554999000052 ], [ 28.932158200000117, 36.701704 ], [ 28.932151, 36.701414999000178 ], [ 28.932253900000035, 36.701373999000168 ], [ 28.932397899000136, 36.701554999000052 ] ] ], [ [ [ 28.943327199000066, 36.704517999000075 ], [ 28.943122999000082, 36.704731998999989 ], [ 28.942890800000157, 36.704525 ], [ 28.943113, 36.704337999000074 ], [ 28.943327199000066, 36.704517999000075 ] ] ], [ [ [ 28.931353899999976, 36.705696000000103 ], [ 28.93176, 36.706597 ], [ 28.930098999000165, 36.707058000000188 ], [ 28.930952200000149, 36.70566299900014 ], [ 28.931353899999976, 36.705696000000103 ] ] ], [ [ [ 28.917132099000014, 36.706601998999986 ], [ 28.917382998999983, 36.707597998999972 ], [ 28.916588200000035, 36.707886999000095 ], [ 28.916538100000025, 36.706559 ], [ 28.917132099000014, 36.706601998999986 ] ] ], [ [ [ 28.944512999000153, 36.707359100000019 ], [ 28.944928100000141, 36.707905 ], [ 28.944312800000034, 36.70841499900007 ], [ 28.943975199000079, 36.707446999000126 ], [ 28.944512999000153, 36.707359100000019 ] ] ], [ [ [ 28.93385300000017, 36.70943199900006 ], [ 28.933805200000165, 36.709629999000072 ], [ 28.933564000000104, 36.709713000000136 ], [ 28.933537000000172, 36.709331999000142 ], [ 28.93385300000017, 36.70943199900006 ] ] ], [ [ [ 28.894132100000093, 36.710202 ], [ 28.894065099000159, 36.710307999000065 ], [ 28.893890199000055, 36.710298000000193 ], [ 28.894007900000133, 36.71013799900004 ], [ 28.894132100000093, 36.710202 ] ] ], [ [ [ 28.934919, 36.708163999000135 ], [ 28.93443080000003, 36.710948999000152 ], [ 28.932467, 36.69866999900006 ], [ 28.934876200000133, 36.703663999000128 ], [ 28.934919, 36.708163999000135 ] ] ], [ [ [ 28.894213100000059, 36.710878999000045 ], [ 28.894452800000181, 36.711222999000086 ], [ 28.894284, 36.711422999000092 ], [ 28.893994899, 36.711006999000176 ], [ 28.894213100000059, 36.710878999000045 ] ] ], [ [ [ 28.93628590000003, 36.71077 ], [ 28.936018100000069, 36.711892999000099 ], [ 28.935826899000176, 36.711949099000094 ], [ 28.935537800000134, 36.711532999000156 ], [ 28.93628590000003, 36.71077 ] ] ], [ [ [ 28.931262799000024, 36.710407999000154 ], [ 28.932810099000164, 36.712316999000166 ], [ 28.929739000000154, 36.710116999000036 ], [ 28.932558800000038, 36.707861 ], [ 28.931262799000024, 36.710407999000154 ] ] ], [ [ [ 28.922979999000177, 36.730519000000129 ], [ 28.922719, 36.73053599900004 ], [ 28.922679, 36.730352 ], [ 28.92293999900005, 36.73030910000017 ], [ 28.922979999000177, 36.730519000000129 ] ] ], [ [ [ 28.921768898999971, 36.731572 ], [ 28.9216148000001, 36.731712 ], [ 28.921452799000122, 36.73150399900004 ], [ 28.921642900000109, 36.731435 ], [ 28.921768898999971, 36.731572 ] ] ], [ [ [ 28.931629, 36.735006000000112 ], [ 28.931653100000062, 36.735254999000063 ], [ 28.931321200000127, 36.735221 ], [ 28.93135100000012, 36.735024 ], [ 28.931629, 36.735006000000112 ] ] ], [ [ [ 28.942018900000107, 36.734297999000091 ], [ 28.933359800000062, 36.72403 ], [ 28.939243999000098, 36.717555 ], [ 28.950477800000101, 36.726334999000073 ], [ 28.942018900000107, 36.734297999000091 ] ] ], [ [ [ 28.251093999000091, 36.774252999000169 ], [ 28.251083200000153, 36.774381 ], [ 28.250745099000142, 36.774334999000018 ], [ 28.250755899000183, 36.774256999000158 ], [ 28.251093999000091, 36.774252999000169 ] ] ], [ [ [ 28.442926100000136, 36.779600999000024 ], [ 28.436505100000147, 36.778180000000134 ], [ 28.431065899000146, 36.770875 ], [ 28.4418619, 36.771408999000073 ], [ 28.442926100000136, 36.779600999000024 ] ] ], [ [ [ 28.249972899000056, 36.799472999000045 ], [ 28.250887, 36.799738 ], [ 28.251061899999968, 36.800098999000113 ], [ 28.24949700000019, 36.799772000000189 ], [ 28.249972899000056, 36.799472999000045 ] ] ], [ [ [ 28.236596000000134, 36.801297 ], [ 28.236896999000123, 36.801411 ], [ 28.236953900000117, 36.801744 ], [ 28.236539200000095, 36.801797000000192 ], [ 28.236596000000134, 36.801297 ] ] ], [ [ [ 28.238949000000162, 36.802105999000105 ], [ 28.239135100000112, 36.802329000000157 ], [ 28.239032200000111, 36.802398999 ], [ 28.238796, 36.802274 ], [ 28.238949000000162, 36.802105999000105 ] ] ], [ [ [ 28.253758000000118, 36.808287999000186 ], [ 28.253710099000159, 36.808583000000169 ], [ 28.253346100000158, 36.808536999000182 ], [ 28.25350990000004, 36.808271000000104 ], [ 28.253758000000118, 36.808287999000186 ] ] ], [ [ [ 28.259089900000049, 36.810436 ], [ 28.244068899000013, 36.809633999000027 ], [ 28.243847199000186, 36.805621 ], [ 28.259530899000026, 36.798509000000138 ], [ 28.259089900000049, 36.810436 ] ] ], [ [ [ 28.290073999000128, 36.817887 ], [ 28.290233200000046, 36.818081000000177 ], [ 28.289855899000031, 36.818066 ], [ 28.289904800000102, 36.817878999000072 ], [ 28.290073999000128, 36.817887 ] ] ], [ [ [ 28.287870100000134, 36.821401 ], [ 28.283151999000097, 36.8216279990001 ], [ 28.278438099000141, 36.82049299900018 ], [ 28.285357999000041, 36.819731999000112 ], [ 28.287870100000134, 36.821401 ] ] ], [ [ [ 28.385224900000026, 36.841538999000193 ], [ 28.38611699900008, 36.841901000000178 ], [ 28.386148, 36.842185 ], [ 28.384961, 36.842021999000167 ], [ 28.385224900000026, 36.841538999000193 ] ] ], [ [ [ 28.445546900000068, 36.862789999000086 ], [ 28.446279100000083, 36.863663 ], [ 28.44476709900016, 36.865634000000114 ], [ 28.444498900000042, 36.863156 ], [ 28.445546900000068, 36.862789999000086 ] ] ], [ [ [ 28.461534800000095, 36.870852000000184 ], [ 28.461465000000146, 36.871285000000114 ], [ 28.46112520000014, 36.871219999000175 ], [ 28.46113310000004, 36.870925999000178 ], [ 28.461534800000095, 36.870852000000184 ] ] ], [ [ [ 27.305125900000064, 36.951889100000187 ], [ 27.305300900000134, 36.950518000000102 ], [ 27.306383000000153, 36.951261000000102 ], [ 27.306145099000105, 36.951887 ], [ 27.305125900000064, 36.951889100000187 ] ] ], [ [ [ 27.482134, 36.957425000000114 ], [ 27.481837, 36.957762999000124 ], [ 27.481565199000158, 36.957403 ], [ 27.48177290000001, 36.957161999000107 ], [ 27.482134, 36.957425000000114 ] ] ], [ [ [ 27.479579, 36.960824999000124 ], [ 27.479639899, 36.960994 ], [ 27.479431100000056, 36.961042099000167 ], [ 27.479428899000141, 36.96072999900008 ], [ 27.479579, 36.960824999000124 ] ] ], [ [ [ 27.48749, 36.960913 ], [ 27.487401100000113, 36.961153999000032 ], [ 27.487250999000082, 36.961154999000087 ], [ 27.48722, 36.960939 ], [ 27.48749, 36.960913 ] ] ], [ [ [ 27.323122000000126, 36.962604999000177 ], [ 27.323214100000087, 36.962942 ], [ 27.322854099000097, 36.963064 ], [ 27.322823199000027, 36.962677999000164 ], [ 27.323122000000126, 36.962604999000177 ] ] ], [ [ [ 27.300901, 36.971417999000153 ], [ 27.300705800000117, 36.971623000000136 ], [ 27.300480800000116, 36.971503000000155 ], [ 27.3007649, 36.971346000000153 ], [ 27.300901, 36.971417999000153 ] ] ], [ [ [ 27.30190610000011, 36.971656 ], [ 27.301757, 36.971776 ], [ 27.301650800000118, 36.971607999000071 ], [ 27.301785799000186, 36.97156 ], [ 27.30190610000011, 36.971656 ] ] ], [ [ [ 27.301114099000017, 36.972404 ], [ 27.301191099, 36.972703999000146 ], [ 27.300966100000153, 36.972717000000102 ], [ 27.30083, 36.972405 ], [ 27.301114099000017, 36.972404 ] ] ], [ [ [ 27.309116899000117, 36.974838 ], [ 27.309268100000111, 36.975186 ], [ 27.30871399900019, 36.975355999000044 ], [ 27.30863809900012, 36.975066999000092 ], [ 27.309116899000117, 36.974838 ] ] ], [ [ [ 27.233143899000083, 36.981236 ], [ 27.233177, 36.982005999000137 ], [ 27.232727000000182, 36.982152 ], [ 27.232873900000072, 36.981187999000099 ], [ 27.233143899000083, 36.981236 ] ] ], [ [ [ 27.211312100000043, 36.985420999000041 ], [ 27.211194, 36.986022999000113 ], [ 27.210413199000186, 36.985831999000141 ], [ 27.210802000000115, 36.985350000000153 ], [ 27.211312100000043, 36.985420999000041 ] ] ], [ [ [ 27.231528999000091, 36.982852 ], [ 27.23285020000003, 36.98318600000016 ], [ 27.231810799000129, 36.986822999000083 ], [ 27.229820000000132, 36.983432999000058 ], [ 27.231528999000091, 36.982852 ] ] ], [ [ [ 27.379143000000113, 36.989566 ], [ 27.379132899000069, 36.989661000000126 ], [ 27.378951799000163, 36.989516999000045 ], [ 27.379162100000087, 36.989395999000124 ], [ 27.379143000000113, 36.989566 ] ] ], [ [ [ 27.225069100000155, 36.990978999000049 ], [ 27.224682099, 36.992039 ], [ 27.224322100000165, 36.991966999000056 ], [ 27.224020099000143, 36.991438 ], [ 27.225069100000155, 36.990978999000049 ] ] ], [ [ [ 27.198715000000107, 36.992517998999972 ], [ 27.197396999000034, 36.993338999000059 ], [ 27.196555000000103, 36.992426000000137 ], [ 27.197034099000177, 36.992087999000148 ], [ 27.198715000000107, 36.992517998999972 ] ] ], [ [ [ 27.207798800000091, 36.995462999000154 ], [ 27.20786, 36.995632000000171 ], [ 27.207619900000054, 36.995775999000102 ], [ 27.207529900000054, 36.99553599900014 ], [ 27.207798800000091, 36.995462999000154 ] ] ], [ [ [ 27.444364899000107, 36.989997999000025 ], [ 27.42398890000004, 36.996136000000149 ], [ 27.457148900000107, 36.964667999000142 ], [ 27.492805100000169, 36.967504 ], [ 27.444364899000107, 36.989997999000025 ] ] ], [ [ [ 27.421030099000063, 36.997661999000172 ], [ 27.420761199000026, 36.997952000000112 ], [ 27.420460900000137, 36.997808 ], [ 27.42061, 36.997639000000163 ], [ 27.421030099000063, 36.997661999000172 ] ] ], [ [ [ 27.375517100000138, 36.99801100000019 ], [ 27.37548680000009, 36.998180000000161 ], [ 27.375187000000153, 36.998011999000028 ], [ 27.375396099000113, 36.997962999000038 ], [ 27.375517100000138, 36.99801100000019 ] ] ], [ [ [ 27.207186800000102, 36.996643000000176 ], [ 27.204912, 36.998524999000153 ], [ 27.204069999000069, 36.997803999000041 ], [ 27.206167000000107, 36.996355999000116 ], [ 27.207186800000102, 36.996643000000176 ] ] ], [ [ [ 27.389173, 37.001465999000175 ], [ 27.389324199000043, 37.001705999000137 ], [ 27.388964200000032, 37.001755000000173 ], [ 27.388874199000099, 37.001611000000139 ], [ 27.389173, 37.001465999000175 ] ] ], [ [ [ 27.387578200000121, 37.000412999000048 ], [ 27.384318000000178, 37.001938999 ], [ 27.379100199, 36.995087999000191 ], [ 27.384531100000061, 36.990163000000109 ], [ 27.387578200000121, 37.000412999000048 ] ] ], [ [ [ 27.256777600000078, 37.001634 ], [ 27.256948600000158, 37.00228499900004 ], [ 27.256321400000161, 37.002256 ], [ 27.256190399000047, 37.001807 ], [ 27.256777600000078, 37.001634 ] ] ], [ [ [ 27.334140100000127, 37.003076 ], [ 27.334081100000049, 37.003269 ], [ 27.333780800000056, 37.003197000000114 ], [ 27.333929900000157, 37.002956 ], [ 27.334140100000127, 37.003076 ] ] ], [ [ [ 27.256862500000182, 37.003437999000084 ], [ 27.256038499000113, 37.004092 ], [ 27.255540600000188, 37.004084999000156 ], [ 27.255757699000128, 37.003463 ], [ 27.256862500000182, 37.003437999000084 ] ] ], [ [ [ 27.384463099000186, 37.002964100000042 ], [ 27.384986900000115, 37.003811999000106 ], [ 27.383010100000149, 37.004204000000129 ], [ 27.383424800000171, 37.003360999000108 ], [ 27.384463099000186, 37.002964100000042 ] ] ], [ [ [ 27.331085200000132, 37.004046999000025 ], [ 27.330995199000085, 37.004167 ], [ 27.330815900000061, 37.00421599900011 ], [ 27.330815199000085, 37.004096 ], [ 27.331085200000132, 37.004046999000025 ] ] ], [ [ [ 27.330608200000142, 37.004841999000064 ], [ 27.330428900000186, 37.004915000000153 ], [ 27.330368000000135, 37.004842999000118 ], [ 27.330487900000094, 37.00477 ], [ 27.330608200000142, 37.004841999000064 ] ] ], [ [ [ 27.211751999000114, 37.005068 ], [ 27.212533900000039, 37.005572000000143 ], [ 27.210463899000104, 37.006129999000052 ], [ 27.211212000000103, 37.005092999000055 ], [ 27.211751999000114, 37.005068 ] ] ], [ [ [ 27.383531, 37.00646199900018 ], [ 27.383261000000118, 37.006511 ], [ 27.383109800000057, 37.006295000000136 ], [ 27.383440000000178, 37.006221999000047 ], [ 27.383531, 37.00646199900018 ] ] ], [ [ [ 27.3302572, 37.006864000000121 ], [ 27.330378100000075, 37.00708 ], [ 27.330198100000132, 37.007127999000033 ], [ 27.330047999000044, 37.007033 ], [ 27.3302572, 37.006864000000121 ] ] ], [ [ [ 27.21187690000005, 37.009843 ], [ 27.211696900000049, 37.00994 ], [ 27.211606900000049, 37.009891999000104 ], [ 27.211786899000117, 37.009674999000083 ], [ 27.21187690000005, 37.009843 ] ] ], [ [ [ 27.359190000000126, 37.010551998999972 ], [ 27.356576000000189, 37.009454000000176 ], [ 27.359889800000133, 37.006268998999985 ], [ 27.362749, 37.008401000000106 ], [ 27.359190000000126, 37.010551998999972 ] ] ], [ [ [ 27.330367900000113, 37.010753099000112 ], [ 27.329940500000134, 37.010709200000122 ], [ 27.330022500000155, 37.010489699000175 ], [ 27.330294700000138, 37.010466199000177 ], [ 27.330367900000113, 37.010753099000112 ] ] ], [ [ [ 27.213468800000101, 37.009840000000167 ], [ 27.213410900000099, 37.010707000000139 ], [ 27.212690900000041, 37.01092499900011 ], [ 27.21283810000017, 37.009913999000162 ], [ 27.213468800000101, 37.009840000000167 ] ] ], [ [ [ 27.331900900000164, 37.012627999000188 ], [ 27.332082000000185, 37.012748 ], [ 27.332052799000166, 37.012989000000118 ], [ 27.331571200000042, 37.012580999000193 ], [ 27.331900900000164, 37.012627999000188 ] ] ], [ [ [ 27.218124000000159, 37.006258100000082 ], [ 27.223564000000181, 37.011297999000078 ], [ 27.207527, 36.996837 ], [ 27.215671999000051, 36.998967 ], [ 27.218124000000159, 37.006258100000082 ] ] ], [ [ [ 27.334568898999976, 37.01325199900009 ], [ 27.334541900000147, 37.013387998999974 ], [ 27.334422000000188, 37.013243999000167 ], [ 27.334510899000179, 37.013171999000065 ], [ 27.334568898999976, 37.01325199900009 ] ] ], [ [ [ 27.333984999000165, 37.013262000000111 ], [ 27.333882, 37.01339 ], [ 27.333821900000089, 37.013222 ], [ 27.333911200000045, 37.013125100000025 ], [ 27.333984999000165, 37.013262000000111 ] ] ], [ [ [ 27.337160899000082, 37.015474999 ], [ 27.337162, 37.015595 ], [ 27.337101799000152, 37.015642999000079 ], [ 27.33704100000017, 37.015474999 ], [ 27.337160899000082, 37.015474999 ] ] ], [ [ [ 27.339761900000042, 37.018021999000098 ], [ 27.339932899000075, 37.018211000000179 ], [ 27.339513099000158, 37.018235999000183 ], [ 27.339572199000088, 37.017995 ], [ 27.339761900000042, 37.018021999000098 ] ] ], [ [ [ 27.369663506, 37.021547923000128 ], [ 27.369648000000154, 37.021637099000031 ], [ 27.369349599000088, 37.021604100000047 ], [ 27.369612000000188, 37.021483800000055 ], [ 27.369663506, 37.021547923000128 ] ] ], [ [ [ 27.372254000000112, 37.021858000000123 ], [ 27.372255099000142, 37.022051 ], [ 27.372120099000142, 37.022075000000143 ], [ 27.372103900000127, 37.021835000000181 ], [ 27.372254000000112, 37.021858000000123 ] ] ], [ [ [ 27.373920799000132, 37.022927 ], [ 27.373925200000031, 37.023128 ], [ 27.373865, 37.023164000000179 ], [ 27.373759900000039, 37.023055999 ], [ 27.373920799000132, 37.022927 ] ] ], [ [ [ 27.243902898999977, 37.026184099000034 ], [ 27.24381290000008, 37.026448999000081 ], [ 27.243603000000121, 37.026448999000081 ], [ 27.243691899000112, 37.026112100000034 ], [ 27.243902898999977, 37.026184099000034 ] ] ], [ [ [ 27.241959999000187, 37.029055 ], [ 27.242592099999968, 37.029487000000188 ], [ 27.242412800000068, 37.030137999000146 ], [ 27.24157010000016, 37.029465000000187 ], [ 27.241959999000187, 37.029055 ] ] ], [ [ [ 27.229065100000014, 37.039523000000145 ], [ 27.229637900000171, 37.040123999000059 ], [ 27.229187900000056, 37.040606999000033 ], [ 27.228525099000024, 37.03998199900019 ], [ 27.229065100000014, 37.039523000000145 ] ] ], [ [ [ 27.204801100000054, 37.050476999000068 ], [ 27.201159000000189, 37.050735 ], [ 27.198349899000164, 37.048954099000014 ], [ 27.203191900000149, 37.046278 ], [ 27.204801100000054, 37.050476999000068 ] ] ], [ [ [ 27.233220999000082, 37.052373 ], [ 27.233492, 37.052467999000157 ], [ 27.234186100000102, 37.053261999000142 ], [ 27.232832200000132, 37.052904 ], [ 27.233220999000082, 37.052373 ] ] ], [ [ [ 27.458759200000145, 37.082285999000135 ], [ 27.458718100000112, 37.082521999000107 ], [ 27.458338, 37.082438998999976 ], [ 27.458399900000074, 37.082303999000032 ], [ 27.458759200000145, 37.082285999000135 ] ] ], [ [ [ 27.47533720000007, 37.085452000000146 ], [ 27.475318099000049, 37.085533000000112 ], [ 27.475042998999982, 37.08555100000018 ], [ 27.475148199000159, 37.085432 ], [ 27.47533720000007, 37.085452000000146 ] ] ], [ [ [ 27.239977099000043, 37.086637099000086 ], [ 27.240029999000171, 37.086742000000129 ], [ 27.239740900000129, 37.086763100000098 ], [ 27.239766799000051, 37.086658000000114 ], [ 27.239977099000043, 37.086637099000086 ] ] ], [ [ [ 27.24076580000002, 37.08730700000018 ], [ 27.240581900000109, 37.087349999000082 ], [ 27.24050300000016, 37.08726600000017 ], [ 27.240765100000147, 37.087159999000164 ], [ 27.24076580000002, 37.08730700000018 ] ] ], [ [ [ 27.458520799000041, 37.08842 ], [ 27.458351999000115, 37.088403999000093 ], [ 27.458393, 37.088167000000112 ], [ 27.458603999000161, 37.08814910000001 ], [ 27.458520799000041, 37.08842 ] ] ], [ [ [ 27.251685, 37.08873499900011 ], [ 27.251581000000158, 37.089091999000175 ], [ 27.250899100000026, 37.089009999000098 ], [ 27.251291900000012, 37.088756999000168 ], [ 27.251685, 37.08873499900011 ] ] ], [ [ [ 27.211446276000117, 37.089326994000146 ], [ 27.208253200000058, 37.089070999 ], [ 27.205112199000155, 37.081828000000144 ], [ 27.213984, 37.084879999000179 ], [ 27.211446276000117, 37.089326994000146 ] ] ], [ [ [ 27.238963, 37.089433 ], [ 27.236501999000154, 37.090699000000143 ], [ 27.232012100000134, 37.089047999000059 ], [ 27.241816, 37.08778909900019 ], [ 27.238963, 37.089433 ] ] ], [ [ [ 27.254458100000193, 37.094506999000032 ], [ 27.254354, 37.094612999000105 ], [ 27.254223, 37.094591999000102 ], [ 27.254221899000072, 37.094445000000121 ], [ 27.254458100000193, 37.094506999000032 ] ] ], [ [ [ 27.25632110000015, 37.09456599900011 ], [ 27.256110799000055, 37.094672 ], [ 27.255980200000181, 37.094525 ], [ 27.256214899000156, 37.09439799900008 ], [ 27.25632110000015, 37.09456599900011 ] ] ], [ [ [ 27.254617900000085, 37.095094999000025 ], [ 27.254644900000187, 37.095473 ], [ 27.254409100000032, 37.09543199899997 ], [ 27.25432880000011, 37.095137999000031 ], [ 27.254617900000085, 37.095094999000025 ] ] ], [ [ [ 27.489679900000056, 37.096821 ], [ 27.488463099000171, 37.097806099000138 ], [ 27.487575000000106, 37.09748900000011 ], [ 27.487782, 37.096963999000081 ], [ 27.489679900000056, 37.096821 ] ] ], [ [ [ 27.487064199000031, 37.10007800000011 ], [ 27.487424200000078, 37.100345999000126 ], [ 27.487594100000138, 37.100549000000171 ], [ 27.486790900000074, 37.100382999000033 ], [ 27.487064199000031, 37.10007800000011 ] ] ], [ [ [ 27.316207099000053, 37.122627999000088 ], [ 27.316181200000131, 37.122922998999968 ], [ 27.315656999, 37.122944999000026 ], [ 27.31576100000018, 37.122713999000098 ], [ 27.316207099000053, 37.122627999000088 ] ] ], [ [ [ 27.471427900000094, 37.118392 ], [ 27.475117899000168, 37.121384999000099 ], [ 27.475301900000034, 37.123917999000071 ], [ 27.469495100000074, 37.119583000000148 ], [ 27.471427900000094, 37.118392 ] ] ], [ [ [ 27.31415620000007, 37.128355000000113 ], [ 27.313974000000144, 37.128608 ], [ 27.31357910000014, 37.128524999000035 ], [ 27.313630900000135, 37.128314000000103 ], [ 27.31415620000007, 37.128355000000113 ] ] ], [ [ [ 27.297438100000079, 37.12746 ], [ 27.298413, 37.128424999000117 ], [ 27.298177899000109, 37.128783000000169 ], [ 27.297124899000039, 37.128154999000174 ], [ 27.297438100000079, 37.12746 ] ] ], [ [ [ 27.480372099000022, 37.124844 ], [ 27.482416900000032, 37.128045 ], [ 27.48159, 37.130683999000155 ], [ 27.477221000000156, 37.127119999000172 ], [ 27.480372099000022, 37.124844 ] ] ], [ [ [ 27.28799210000011, 37.130972 ], [ 27.287921200000085, 37.131184 ], [ 27.287763799000118, 37.131163 ], [ 27.287840899000116, 37.130932000000143 ], [ 27.28799210000011, 37.130972 ] ] ], [ [ [ 27.257815300000118, 37.1321668 ], [ 27.258000500000151, 37.133016400000145 ], [ 27.25636570000006, 37.133403000000158 ], [ 27.256164400000102, 37.132050100000129 ], [ 27.257815300000118, 37.1321668 ] ] ], [ [ [ 27.284668999000075, 37.133342300000095 ], [ 27.284722800000168, 37.133671200000151 ], [ 27.284453700000086, 37.133677199000033 ], [ 27.284459699000138, 37.133354200000042 ], [ 27.284668999000075, 37.133342300000095 ] ] ], [ [ [ 27.384649899000181, 37.13384999900012 ], [ 27.384438999000167, 37.133952 ], [ 27.38439610000006, 37.13381800000019 ], [ 27.384479999000177, 37.133716000000106 ], [ 27.384649899000181, 37.13384999900012 ] ] ], [ [ [ 27.385116100000118, 37.134220999000092 ], [ 27.385332800000128, 37.13550399899998 ], [ 27.383852199999978, 37.134663999000111 ], [ 27.384186999000065, 37.134190000000103 ], [ 27.385116100000118, 37.134220999000092 ] ] ], [ [ [ 27.390362, 37.136905999000192 ], [ 27.390151099999969, 37.13694 ], [ 27.39006610000007, 37.136771999000132 ], [ 27.390403100000071, 37.136703000000182 ], [ 27.390362, 37.136905999000192 ] ] ], [ [ [ 27.265850999000179, 37.138107000000161 ], [ 27.265799199000185, 37.138338 ], [ 27.265483099000107, 37.138191999000185 ], [ 27.26556080000006, 37.138022999000043 ], [ 27.265850999000179, 37.138107000000161 ] ] ], [ [ [ 27.388774098999988, 37.140019000000109 ], [ 27.385426100000188, 37.137226099000031 ], [ 27.394682, 37.139137000000119 ], [ 27.394174099000054, 37.139831999000137 ], [ 27.388774098999988, 37.140019000000109 ] ] ], [ [ [ 27.274606899999981, 37.141872 ], [ 27.27447589999997, 37.14206200000018 ], [ 27.27424009900011, 37.142042000000117 ], [ 27.274317800000063, 37.141810000000135 ], [ 27.274606899999981, 37.141872 ] ] ], [ [ [ 27.279965200000163, 37.142343999000161 ], [ 27.279889899000068, 37.143353000000104 ], [ 27.27834010000015, 37.143125999000063 ], [ 27.27948890000016, 37.14144 ], [ 27.279965200000163, 37.142343999000161 ] ] ], [ [ [ 27.263999900000044, 37.14992 ], [ 27.264001000000178, 37.150326999000072 ], [ 27.263553800000125, 37.15028000000018 ], [ 27.263521100000048, 37.150016999000172 ], [ 27.263999900000044, 37.14992 ] ] ], [ [ [ 27.38470610000013, 37.155313999000043 ], [ 27.384449000000188, 37.156408999000064 ], [ 27.383660999000085, 37.156579000000193 ], [ 27.383604098999967, 37.155527999000185 ], [ 27.38470610000013, 37.155313999000043 ] ] ], [ [ [ 27.506208999000137, 37.153326999000114 ], [ 27.494885899999986, 37.157324998999968 ], [ 27.490036998999983, 37.141878999000085 ], [ 27.501743200000192, 37.141091000000131 ], [ 27.506208999000137, 37.153326999000114 ] ] ], [ [ [ 27.377335100000096, 37.162697 ], [ 27.377828998999973, 37.167027 ], [ 27.36346280000015, 37.171868999000083 ], [ 27.368242900000098, 37.162430999000037 ], [ 27.377335100000096, 37.162697 ] ] ] ] } },
{ "type": "Feature", "properties": { "adm1_name": "Mus", "adm1_pcode": "TUR049", "center_lat": 38.99543401, "center_lon": 41.93947668 }, "geometry": { "type": "Polygon", "coordinates": [ [ [ 42.444758039000135, 39.499406094 ], [ 42.429979569000068, 39.512274987000126 ], [ 42.404486926000118, 39.497651477000034 ], [ 42.327749309000126, 39.499221922000061 ], [ 42.228882706999968, 39.440615798000067 ], [ 42.186623480000094, 39.38836283500018 ], [ 42.21689022400011, 39.326544439000145 ], [ 42.185909642000013, 39.298990281999977 ], [ 42.072195202999978, 39.285427354000092 ], [ 42.047210862000043, 39.242382905000113 ], [ 41.977825781000149, 39.201479971000083 ], [ 41.741973610000116, 39.161505027000146 ], [ 41.619550344000061, 39.155580169000189 ], [ 41.601989921000097, 39.20048059800007 ], [ 41.62690287800001, 39.236672198000178 ], [ 41.618265435000069, 39.256445519000124 ], [ 41.433238550000169, 39.324212567000131 ], [ 41.24250095900004, 39.339155582000103 ], [ 41.164835354000047, 39.376655887000027 ], [ 41.14760805700007, 39.327543813000091 ], [ 41.176447123000059, 39.23997964900019 ], [ 41.174543554000024, 39.176305274000185 ], [ 41.287044469000193, 39.058284010000193 ], [ 41.186916751000183, 39.002509445000101 ], [ 41.173211057000174, 38.967007888000182 ], [ 41.112963105000063, 38.905427438000117 ], [ 41.132855399000164, 38.822336661000065 ], [ 41.123432733000129, 38.760946568000065 ], [ 41.155793402000086, 38.747050517000048 ], [ 41.155312028000083, 38.61396626100003 ], [ 41.174942581000096, 38.571135963000074 ], [ 41.235618836000015, 38.537585562000118 ], [ 41.300598555000079, 38.526081571000134 ], [ 41.372080499000106, 38.478470187000028 ], [ 41.488969325000028, 38.518127160000063 ], [ 41.515472454000076, 38.563848931000052 ], [ 41.56189167600013, 38.589887093000073 ], [ 41.723855240000034, 38.60887325200008 ], [ 41.933400445000018, 38.583145069000011 ], [ 41.941072403000135, 38.62173734400011 ], [ 42.116287531000125, 38.744798655000068 ], [ 42.081957455000179, 38.777888818000122 ], [ 42.116287531000125, 38.806639288000042 ], [ 42.167588909000187, 38.817643511000085 ], [ 42.166039018000106, 38.849028795000038 ], [ 42.206568656000172, 38.896300457000166 ], [ 42.278096106000078, 38.898315315000048 ], [ 42.425025731000119, 38.956746189000114 ], [ 42.542507436000108, 38.941014800000119 ], [ 42.578697380999984, 38.88514124500017 ], [ 42.603728114000091, 38.930398050000122 ], [ 42.711368013000026, 38.952561485000103 ], [ 42.695992034000142, 39.015120606000039 ], [ 42.716997388000152, 39.067509452000024 ], [ 42.716333186999975, 39.11583006900014 ], [ 42.687357422000161, 39.162241107000114 ], [ 42.683289192000188, 39.201844086000108 ], [ 42.619858005000026, 39.310939086000133 ], [ 42.564397229000065, 39.360089954000102 ], [ 42.524047023000094, 39.363161883000146 ], [ 42.503041668000037, 39.43813356000004 ], [ 42.444758039000135, 39.499406094 ] ] ] } },
{ "type": "Feature", "properties": { "adm1_name": "Nevsehir", "adm1_pcode": "TUR050", "center_lat": 38.86215466, "center_lon": 34.67928597 }, "geometry": { "type": "Polygon", "coordinates": [ [ [ 34.851295794000066, 39.308713141000055 ], [ 34.725394938000079, 39.34810246800015 ], [ 34.643394253000167, 39.412945840000191 ], [ 34.613442790000079, 39.410797818999981 ], [ 34.580041071000153, 39.33411348400017 ], [ 34.603347094000185, 39.314244294000048 ], [ 34.65653297800003, 39.304166497000097 ], [ 34.692216971000164, 39.262924502000033 ], [ 34.631733409999981, 39.225246879000167 ], [ 34.617536336000057, 39.196852731000035 ], [ 34.624755699000048, 39.15756409300019 ], [ 34.563376012000163, 39.125182683000048 ], [ 34.542889264999985, 39.074462546000177 ], [ 34.58896430600015, 39.078006780000123 ], [ 34.595408368000051, 39.042322788000092 ], [ 34.522107165000193, 39.051263924000068 ], [ 34.505755359000091, 39.01574103400003 ], [ 34.434548476000145, 38.97409628500003 ], [ 34.360441767000054, 38.854639490000068 ], [ 34.299617074000082, 38.893417759000044 ], [ 34.255645213000093, 38.893626064000102 ], [ 34.241629378000141, 38.833025034000116 ], [ 34.283918534000065, 38.785661180000034 ], [ 34.251939877000098, 38.639944834000062 ], [ 34.443328510000072, 38.552144492000025 ], [ 34.44566448300003, 38.527657057000113 ], [ 34.401200457000073, 38.470868763000055 ], [ 34.396609063000142, 38.43019062400009 ], [ 34.544310771000028, 38.319273517000056 ], [ 34.625791502000084, 38.310075578000067 ], [ 34.708909745000028, 38.339318520000063 ], [ 34.905202121000116, 38.353254793000076 ], [ 34.900540160000105, 38.418374693000032 ], [ 35.008485708000023, 38.455146512000113 ], [ 35.048086128000136, 38.521886218000191 ], [ 35.107945452000081, 38.531595201000187 ], [ 35.095484315000078, 38.578687593000154 ], [ 35.045423165000159, 38.610209935000114 ], [ 35.024527191000118, 38.643847358000187 ], [ 35.057043367000063, 38.742109405000122 ], [ 34.981929104000073, 38.812186916000087 ], [ 34.992045495000184, 38.874491041000056 ], [ 35.060612147000086, 38.953816394000114 ], [ 35.063173449000089, 39.006701158000112 ], [ 35.038291624000067, 39.059915090000175 ], [ 35.006575589000192, 39.083867995000048 ], [ 35.010556681000082, 39.11425699900019 ], [ 34.937082367000187, 39.165816072000041 ], [ 34.958992175000049, 39.184906605000151 ], [ 34.966113142000097, 39.245396548000144 ], [ 34.947493034000104, 39.262294773000065 ], [ 34.927704534999975, 39.256544661000135 ], [ 34.912353279000115, 39.298322091000045 ], [ 34.851295794000066, 39.308713141000055 ] ] ] } },
{ "type": "Feature", "properties": { "adm1_name": "Nigde", "adm1_pcode": "TUR051", "center_lat": 37.85240416, "center_lon": 34.77731672 }, "geometry": { "type": "Polygon", "coordinates": [ [ [ 34.60154239100018, 38.312398291000136 ], [ 34.544310771000028, 38.319273517000056 ], [ 34.483084087000123, 38.364055402000133 ], [ 34.454561186000092, 38.356343999000046 ], [ 34.422600671000055, 38.328843090000191 ], [ 34.431519884000011, 38.257953925000095 ], [ 34.346973174000084, 38.20211593300013 ], [ 34.307858706000047, 38.193847079000079 ], [ 34.26623571000016, 38.119984843000054 ], [ 34.157811522000088, 38.124351540000134 ], [ 34.06176560900019, 38.021241447000136 ], [ 33.992228148000152, 38.000559593000105 ], [ 34.044249344000093, 37.925640629000043 ], [ 34.230491556000118, 37.870559364000087 ], [ 34.360425835000171, 37.762322565000147 ], [ 34.384009480000088, 37.677722173000177 ], [ 34.297588873000052, 37.585761783 ], [ 34.365411639000058, 37.541522664000126 ], [ 34.324179829000173, 37.519680093000034 ], [ 34.310251233000031, 37.492693437000185 ], [ 34.398729474000163, 37.442360557000143 ], [ 34.42073032400009, 37.444418191000011 ], [ 34.405838862000053, 37.362086470000122 ], [ 34.42092817300005, 37.340243900000132 ], [ 34.472574315000031, 37.376258876000179 ], [ 34.611827591000122, 37.398123093000095 ], [ 34.643857457000138, 37.421600904000115 ], [ 34.712031859000092, 37.435639182999978 ], [ 34.775256732000059, 37.421315078000077 ], [ 34.776479348000123, 37.459908581000093 ], [ 34.825052209000148, 37.489052298000104 ], [ 34.846450523000158, 37.548652511 ], [ 34.838573843000177, 37.596831538000117 ], [ 34.894235717000129, 37.688726140000028 ], [ 34.950947815000063, 37.682818630000099 ], [ 34.969851847000086, 37.651574465000124 ], [ 35.078557268000111, 37.687841132000131 ], [ 35.103538234000098, 37.71209362400009 ], [ 35.187218198000096, 37.742578676000164 ], [ 35.151474938000149, 37.80981971500006 ], [ 35.155668849000108, 37.838077307000049 ], [ 35.277614124000138, 37.837101766999979 ], [ 35.30260650300005, 37.851316764000103 ], [ 35.321745649000036, 37.894333387000131 ], [ 35.322488917000044, 37.926572627000041 ], [ 35.271296348000192, 37.986498593000192 ], [ 35.227687433000028, 38.140308571000162 ], [ 35.190198864000138, 38.14651021200018 ], [ 35.174241835000146, 38.16762366200004 ], [ 35.044634514000165, 38.169644420999987 ], [ 35.003522515000157, 38.228594848000171 ], [ 34.981712250000101, 38.300854412999968 ], [ 34.931820400000106, 38.340921193000099 ], [ 34.857331031000172, 38.353533517000187 ], [ 34.60154239100018, 38.312398291000136 ] ] ] } },
{ "type": "Feature", "properties": { "adm1_name": "Ordu", "adm1_pcode": "TUR052", "center_lat": 40.73726506, "center_lon": 37.39695672 }, "geometry": { "type": "Polygon", "coordinates": [ [ [ 37.175160100000141, 41.148087099000122 ], [ 37.124065667000025, 41.092133686000125 ], [ 37.070179644000063, 41.113811971000132 ], [ 37.004967823000186, 41.095496032000142 ], [ 36.964088772000082, 41.050192841000126 ], [ 36.986386437000192, 41.010088013000086 ], [ 36.929514119000089, 40.978300569000055 ], [ 36.920322969000097, 40.942830029000106 ], [ 36.877220787000169, 40.944970205000061 ], [ 36.850792081000179, 40.936359724000056 ], [ 36.853579290000141, 40.91983556200006 ], [ 36.791912312000193, 40.907840613000133 ], [ 36.768712052000126, 40.918273743999976 ], [ 36.712236779000136, 40.906442699000138 ], [ 36.685172150000142, 40.889245106000146 ], [ 36.69474384800003, 40.848701029000097 ], [ 36.776969222000105, 40.832071804000066 ], [ 36.808700502000136, 40.798607561000097 ], [ 36.860763109000061, 40.784806687000071 ], [ 36.846486343000038, 40.747591918000126 ], [ 36.813269068000125, 40.733029617000057 ], [ 36.838015461000111, 40.705523048000089 ], [ 36.94052264100003, 40.72179856200006 ], [ 36.963555823000149, 40.680110406000097 ], [ 37.027801268000189, 40.681633260000183 ], [ 37.122598993000167, 40.729888728000105 ], [ 37.148487528000032, 40.697337702000141 ], [ 37.179706055000111, 40.69648109700006 ], [ 37.232434910000109, 40.659075970000174 ], [ 37.25622952100008, 40.610820502000081 ], [ 37.317524435000109, 40.5808392940001 ], [ 37.399663427000178, 40.555521829000099 ], [ 37.446158629000138, 40.565807033 ], [ 37.516971989000126, 40.532391555000117 ], [ 37.621238832000074, 40.524112944000194 ], [ 37.584499955000069, 40.388864383000112 ], [ 37.663915252000095, 40.36977429 ], [ 37.716358572000161, 40.327990955000075 ], [ 37.750813166000057, 40.333320948000107 ], [ 37.764804396000045, 40.388048549000075 ], [ 37.822768065000105, 40.338365405000161 ], [ 37.877495667000176, 40.342267721000098 ], [ 37.937267726000073, 40.372915177000095 ], [ 37.955827523000153, 40.402706029000171 ], [ 37.931747378000011, 40.431449917000066 ], [ 37.944406110000102, 40.489413586000126 ], [ 37.996373538000057, 40.482560739000178 ], [ 38.043108661000076, 40.506619035000028 ], [ 38.050016656000082, 40.572623840000119 ], [ 38.029586071000097, 40.615361206000046 ], [ 37.997117034000098, 40.636896693000153 ], [ 38.047714407000115, 40.654098020000049 ], [ 38.036762569000075, 40.715141626000104 ], [ 37.980334771000173, 40.735410837000074 ], [ 37.970181535000165, 40.755774563000102 ], [ 38.016343078000148, 40.766244191 ], [ 38.021751936000044, 40.887181359000181 ], [ 38.116185261000055, 40.920433262000131 ], [ 38.10140772800014, 40.939010775000099 ], [ 38.116323878000117, 40.958172780000098 ], [ 37.879545000000178, 40.987139500000126 ], [ 37.867390900000146, 41.015799200000174 ], [ 37.80926, 41.028270799000097 ], [ 37.786657200000036, 41.053303499000094 ], [ 37.775390600000037, 41.078647299000068 ], [ 37.787921799000117, 41.115140999000118 ], [ 37.706306, 41.115011400000128 ], [ 37.680295299000136, 41.1336235 ], [ 37.604956900000104, 41.046837400000072 ], [ 37.540670400000124, 41.022518100000127 ], [ 37.396254700000156, 41.103641699000093 ], [ 37.298557499000026, 41.121396999000126 ], [ 37.29330060000018, 41.14524279900013 ], [ 37.175160100000141, 41.148087099000122 ] ] ] } },
{ "type": "Feature", "properties": { "adm1_name": "Osmaniye", "adm1_pcode": "TUR080", "center_lat": 37.30829087, "center_lon": 36.26505952 }, "geometry": { "type": "Polygon", "coordinates": [ [ [ 36.204031328000156, 37.708817744999976 ], [ 36.065551523000011, 37.664549531000091 ], [ 36.00881070500003, 37.580813964000185 ], [ 35.935061757000142, 37.525178792000133 ], [ 35.9439461340001, 37.49680054200013 ], [ 35.927902502999984, 37.410544462000132 ], [ 35.895901497000068, 37.325495968000041 ], [ 35.915967841000167, 37.241991067000072 ], [ 35.881981204000169, 37.176946087000033 ], [ 35.974960438000096, 37.220756748000042 ], [ 36.072810630000163, 37.202199811000185 ], [ 36.093638769000165, 37.149869004000095 ], [ 36.090964830000132, 37.098632893000172 ], [ 36.085161462000144, 37.069306992000122 ], [ 36.058446286000049, 37.058610072000079 ], [ 36.056324246000145, 36.999576388000037 ], [ 36.216282741000157, 37.005870848000029 ], [ 36.275600091000172, 36.976662612000041 ], [ 36.276932912000063, 36.954004665000184 ], [ 36.357533470000192, 36.926927367000133 ], [ 36.435819132000063, 36.927488554000092 ], [ 36.462183610000125, 36.906658925000158 ], [ 36.467619380000087, 36.959067633000018 ], [ 36.494148490999976, 36.981781521000187 ], [ 36.498407344000043, 37.008931714000141 ], [ 36.567613721000043, 37.052762419000032 ], [ 36.626494448000074, 37.154101909000133 ], [ 36.705417475000047, 37.207275215000038 ], [ 36.669708561000107, 37.26629222300005 ], [ 36.629326761000073, 37.295632125000111 ], [ 36.647728597000082, 37.34788627800009 ], [ 36.589812538000103, 37.3543907990001 ], [ 36.549071239000057, 37.428157007000152 ], [ 36.475158570000019, 37.405421282000077 ], [ 36.468777039000031, 37.374860164000097 ], [ 36.403297621000149, 37.352228461000095 ], [ 36.293563935000066, 37.364875873000074 ], [ 36.277853592000042, 37.345945554000082 ], [ 36.237632524000105, 37.523904644000083 ], [ 36.271455601000127, 37.642237979000186 ], [ 36.224054294000041, 37.662506123000128 ], [ 36.233616282000185, 37.696177397000042 ], [ 36.204031328000156, 37.708817744999976 ] ] ] } },
{ "type": "Feature", "properties": { "adm1_name": "Rize", "adm1_pcode": "TUR053", "center_lat": 40.9222267, "center_lon": 40.81580698 }, "geometry": { "type": "Polygon", "coordinates": [ [ [ 41.35023257600011, 41.196905898000011 ], [ 41.249727400000154, 41.327466399000173 ], [ 41.151560199000073, 41.282616100000155 ], [ 41.05289010000007, 41.213554599000076 ], [ 40.932733699000153, 41.178539499000181 ], [ 40.875324899000077, 41.183668200000056 ], [ 40.805011200000138, 41.163711699000032 ], [ 40.694369, 41.0790531990001 ], [ 40.542205200000012, 41.027348199000187 ], [ 40.498171800000193, 41.041785299000082 ], [ 40.389943400000107, 41.028144300000065 ], [ 40.338309200000026, 40.999519400000054 ], [ 40.327459199000145, 40.986299509000162 ], [ 40.349835138000117, 40.966954654000176 ], [ 40.392754144000151, 40.961819071000036 ], [ 40.416611972000112, 40.903010571000038 ], [ 40.472236707000036, 40.852555449000135 ], [ 40.433102869000038, 40.81822080000012 ], [ 40.506390267000086, 40.706671670999981 ], [ 40.485736546000169, 40.664031731000136 ], [ 40.438242506000108, 40.622153218000165 ], [ 40.47755120000005, 40.526213351000138 ], [ 40.55807215800013, 40.521359251000149 ], [ 40.675329008000119, 40.591766106000193 ], [ 40.756271706000121, 40.60750234600016 ], [ 40.777190539000117, 40.642932445000042 ], [ 40.827885733000187, 40.664605111000185 ], [ 40.827697275000048, 40.741778649000082 ], [ 40.946708482000076, 40.734617246000028 ], [ 41.139595213, 40.797656436000182 ], [ 41.203325085000131, 40.884485160000111 ], [ 41.229594271999986, 40.951985018000073 ], [ 41.38737220600018, 41.059628445000101 ], [ 41.390815130000078, 41.128999709000141 ], [ 41.35023257600011, 41.196905898000011 ] ] ] } },
{ "type": "Feature", "properties": { "adm1_name": "Sakarya", "adm1_pcode": "TUR054", "center_lat": 40.73852352, "center_lon": 30.56627076 }, "geometry": { "type": "Polygon", "coordinates": [ [ [ 30.374737499000105, 41.184289600000113 ], [ 30.32511133800017, 41.147176533000049 ], [ 30.322842774000037, 41.122297958000161 ], [ 30.243669923000027, 41.082446866000112 ], [ 30.260003577000191, 41.04191520500018 ], [ 30.228470550000168, 41.013785024000185 ], [ 30.240872029000172, 40.981647047000195 ], [ 30.277395894000108, 40.964784061000046 ], [ 30.286092052000072, 40.930679996000094 ], [ 30.246240961000126, 40.903532858000176 ], [ 30.243291829000157, 40.854607514000179 ], [ 30.213800509000066, 40.840164329 ], [ 30.218337635000125, 40.7921464100001 ], [ 30.246997149000151, 40.764545559000169 ], [ 30.248694292000152, 40.719451129000106 ], [ 30.163412073000188, 40.714454089000185 ], [ 30.155465857000138, 40.668674986000042 ], [ 30.124217093000084, 40.644252582000092 ], [ 30.112113110000053, 40.610323309000023 ], [ 29.996029251000039, 40.54789726000007 ], [ 29.995552716000134, 40.471842318000029 ], [ 30.02300111600016, 40.429240113 ], [ 30.069320292000157, 40.451351324000143 ], [ 30.113885325000183, 40.375903128000175 ], [ 30.15431178700004, 40.356009726000138 ], [ 30.220400103000031, 40.336298355000167 ], [ 30.249180556000056, 40.362870853 ], [ 30.435217668000178, 40.39617409300007 ], [ 30.475684094000144, 40.3508836150001 ], [ 30.483504150000044, 40.315085131000046 ], [ 30.559917976000122, 40.294265708000069 ], [ 30.575956770000062, 40.334469621000039 ], [ 30.559846692000121, 40.370182673000159 ], [ 30.569327402000113, 40.417942643000174 ], [ 30.59207576100016, 40.475272426000117 ], [ 30.624634516000185, 40.502752230000112 ], [ 30.831481515000178, 40.500987962000124 ], [ 30.877085158, 40.525687707000031 ], [ 30.874037787000191, 40.567442038000024 ], [ 30.886227272000042, 40.573109079000062 ], [ 30.874246478000146, 40.600165065000112 ], [ 30.933914617000028, 40.680581945000142 ], [ 30.940007034000075, 40.710897225000053 ], [ 30.926500953000129, 40.72675219100006 ], [ 30.893689984000048, 40.719044916000144 ], [ 30.878055226000185, 40.743928403000155 ], [ 30.833720047000099, 40.747378325000113 ], [ 30.841234639000163, 40.794062390000192 ], [ 30.909499072000187, 40.830341632000057 ], [ 30.870081867000124, 40.837883752000096 ], [ 30.874981493000121, 40.872181124000122 ], [ 30.816846619000046, 40.87432815000011 ], [ 30.813048034000076, 40.888586609000129 ], [ 30.823838219000152, 40.909451303000026 ], [ 30.867384322000078, 40.919525811000142 ], [ 30.962505874000158, 40.983966191000036 ], [ 30.951311447000023, 41.002268734000154 ], [ 31.010714940000184, 41.046299625000074 ], [ 30.982128724000177, 41.045732140999974 ], [ 30.978048805000185, 41.061176451000108 ], [ 30.955658571000185, 41.065155013000151 ], [ 30.96582141600004, 41.074368026000116 ], [ 30.743626629000062, 41.091156099000159 ], [ 30.673041629000124, 41.1247892 ], [ 30.486841330000118, 41.149067100000082 ], [ 30.374737499000105, 41.184289600000113 ] ] ] } },
{ "type": "Feature", "properties": { "adm1_name": "Samsun", "adm1_pcode": "TUR055", "center_lat": 41.2826156, "center_lon": 35.86819541 }, "geometry": { "type": "Polygon", "coordinates": [ [ [ 35.955045, 41.734924900000067 ], [ 35.783562000000131, 41.675357899000062 ], [ 35.593990900000165, 41.633386299000108 ], [ 35.510665399000061, 41.636084100000119 ], [ 35.41524580000015, 41.683670300000131 ], [ 35.402102424000134, 41.677519645000075 ], [ 35.314609006000069, 41.589254172000153 ], [ 35.364550600000086, 41.485044955000035 ], [ 35.429854402000046, 41.457166105000113 ], [ 35.450685195000062, 41.389020435000191 ], [ 35.443342512000129, 41.329263517000186 ], [ 35.379722676000085, 41.346804314000167 ], [ 35.351497745000074, 41.337114011000153 ], [ 35.38934280400008, 41.294570023000063 ], [ 35.389028444000189, 41.264359826000089 ], [ 35.317331403000026, 41.22934912900007 ], [ 35.197702684000035, 41.271814326000083 ], [ 35.196640443000149, 41.309298373000104 ], [ 35.149152273000084, 41.335664792000046 ], [ 35.039988266000137, 41.34359806000009 ], [ 35.024781608000126, 41.356309641000166 ], [ 34.930785680000099, 41.315482207000173 ], [ 34.944007652000039, 41.299302635000117 ], [ 34.934943557000167, 41.275140074000092 ], [ 34.983336888000053, 41.263722654000105 ], [ 34.970443136000085, 41.22876075400012 ], [ 34.92209157200017, 41.255416104000062 ], [ 34.908744956000078, 41.247936388000085 ], [ 34.930983814000172, 41.197819534000132 ], [ 34.962820886000031, 41.176788780000152 ], [ 34.940875750000089, 41.095824532000165 ], [ 34.985763527000188, 41.080612564000035 ], [ 35.140324741000143, 41.07762637400009 ], [ 35.228977293000128, 41.023942206000186 ], [ 35.329369470000131, 41.040653130000123 ], [ 35.366935224000088, 41.005218054000068 ], [ 35.467801989000066, 41.012104697000154 ], [ 35.46260267100007, 40.973355064000032 ], [ 35.487127755000188, 40.947123034000128 ], [ 35.525484987000027, 40.93095610000006 ], [ 35.622839760000033, 40.937136420000172 ], [ 35.63431749900019, 40.902114600000061 ], [ 35.694659016000116, 40.865032673000087 ], [ 35.869787736000092, 40.874548406000031 ], [ 36.063241598000104, 40.828245048000156 ], [ 36.14260477, 40.861893462000126 ], [ 36.184003111000038, 40.937136420000172 ], [ 36.177682972000184, 40.979468092000104 ], [ 36.298486203000039, 40.989816301000189 ], [ 36.393987492000122, 40.923263322000025 ], [ 36.412809882000033, 40.86284994100015 ], [ 36.455054309000104, 40.882348369000169 ], [ 36.496315034000133, 40.87498383000019 ], [ 36.582525939, 40.894229661 ], [ 36.596468774000186, 40.908303899000146 ], [ 36.685172150000142, 40.889245106000146 ], [ 36.734653050000077, 40.912355100000013 ], [ 36.853579290000141, 40.91983556200006 ], [ 36.850792081000179, 40.936359724000056 ], [ 36.877220787000169, 40.944970205000061 ], [ 36.920322969000097, 40.942830029000106 ], [ 36.929514119000089, 40.978300569000055 ], [ 36.986386437000192, 41.010088013000086 ], [ 36.964088772000082, 41.050192841000126 ], [ 37.004967823000186, 41.095496032000142 ], [ 37.070179644000063, 41.113811971000132 ], [ 37.121145734000095, 41.091514307000125 ], [ 37.162536575000047, 41.121848075000116 ], [ 37.169317928999988, 41.14940121300009 ], [ 37.059549800000184, 41.174698200000194 ], [ 37.029947500000105, 41.201743399000179 ], [ 37.027088200000151, 41.259558499999969 ], [ 37.010234799000045, 41.280567500000132 ], [ 36.815454400000078, 41.357159699000135 ], [ 36.616797200000121, 41.373078199000076 ], [ 36.608705100000066, 41.342000499000164 ], [ 36.536668100000099, 41.271059699000091 ], [ 36.460407, 41.245760899000118 ], [ 36.385492800000179, 41.256001499000092 ], [ 36.384604100000047, 41.271354698999971 ], [ 36.352163999000084, 41.27935109900011 ], [ 36.350940500000036, 41.307757700000082 ], [ 36.347547, 41.28689270000018 ], [ 36.33651860000009, 41.296086299000137 ], [ 36.340064799000174, 41.313151299000026 ], [ 36.343741499000089, 41.310210600000175 ], [ 36.355702099999974, 41.309351799000069 ], [ 36.242891898999972, 41.353246799000033 ], [ 36.12541310000006, 41.477653600000167 ], [ 36.113187200000141, 41.509575700000141 ], [ 36.135721500000159, 41.547358699000029 ], [ 36.133004800000094, 41.576059899000143 ], [ 36.112902900000051, 41.634224400000051 ], [ 36.073039300000062, 41.679463900000087 ], [ 35.955045, 41.734924900000067 ] ] ] } },
{ "type": "Feature", "properties": { "adm1_name": "Sanliurfa", "adm1_pcode": "TUR063", "center_lat": 37.34458247, "center_lon": 38.92281021 }, "geometry": { "type": "Polygon", "coordinates": [ [ [ 39.14613071399998, 37.99784728100019 ], [ 39.132277107000107, 38.020341204000033 ], [ 39.093122141000151, 38.009687905000078 ], [ 39.061653070000091, 37.987605686000052 ], [ 39.027426228000024, 37.91648978700016 ], [ 38.972937152000156, 37.89761320100007 ], [ 38.991988138000067, 37.884049075000064 ], [ 38.973874992000106, 37.859087630000033 ], [ 38.976907609000136, 37.827610662000097 ], [ 38.92519975100015, 37.825445771000147 ], [ 38.897991684000033, 37.798830665000139 ], [ 38.951908730000184, 37.803615341000068 ], [ 38.961173998000106, 37.754983153000069 ], [ 38.910986087000026, 37.747091495000063 ], [ 38.912757520000127, 37.712288123000064 ], [ 38.807789569000136, 37.68957417900009 ], [ 38.811577526000121, 37.671194130000174 ], [ 38.853562584000088, 37.647774130000016 ], [ 38.68054349900018, 37.624709155000062 ], [ 38.487908492000145, 37.494038761000127 ], [ 38.273875250000174, 37.475763900000175 ], [ 38.246146754000051, 37.442806806000192 ], [ 38.197529658000178, 37.449252560000104 ], [ 38.177286879000121, 37.40913378200014 ], [ 38.089464661000079, 37.447871323000129 ], [ 38.064311263000036, 37.429370742000117 ], [ 37.9816231100001, 37.438114296000094 ], [ 37.874910452000051, 37.343507539000029 ], [ 37.886502148000091, 37.324479514000132 ], [ 37.862364318000061, 37.315188938000063 ], [ 37.839773482000169, 37.265786837000178 ], [ 37.882523192000065, 37.215396573000135 ], [ 37.845587875000149, 37.22452099800006 ], [ 37.834511693000081, 37.208045163000122 ], [ 37.876308611000184, 37.136643166 ], [ 37.861768105000067, 37.07857889700017 ], [ 37.913579004000098, 37.040844405000144 ], [ 37.980005939000137, 37.048698685000033 ], [ 37.961311158000115, 36.996480079999969 ], [ 37.997912826000061, 36.964441788000158 ], [ 38.012292910000042, 36.908843998000066 ], [ 38.03523200799998, 36.884075079000127 ], [ 38.021886628000175, 36.847224099000186 ], [ 38.0269431050001, 36.831567296000117 ], [ 38.035608, 36.860148500000093 ], [ 38.24239699900005, 36.923769100000186 ], [ 38.39142329900011, 36.902055199000131 ], [ 38.55422370000008, 36.844591100000173 ], [ 38.740676399000051, 36.707717900000034 ], [ 39.020808300000112, 36.710614399000178 ], [ 39.212333598999976, 36.668911099000184 ], [ 39.820616799000049, 36.756133899000076 ], [ 40.031076400000188, 36.826316899000119 ], [ 40.061435500000186, 36.855432799000084 ], [ 40.184598600000129, 36.877996199000052 ], [ 40.235075775000155, 36.912464633000013 ], [ 40.213685620000035, 36.933289158000093 ], [ 40.236510840000165, 36.955607004000171 ], [ 40.176587063000113, 36.978391185000135 ], [ 40.186578386000178, 36.994021853000106 ], [ 40.159129425000174, 37.017195837000088 ], [ 40.160355236999976, 37.070181878000028 ], [ 40.127573535000124, 37.088393936000045 ], [ 40.136216543999979, 37.111359649000178 ], [ 40.095792072000165, 37.136386806000132 ], [ 40.080390034000118, 37.168934508000177 ], [ 40.021079301000043, 37.199827033000133 ], [ 40.008608673000083, 37.270082358000082 ], [ 39.948848430000055, 37.38781250500017 ], [ 39.952305635000016, 37.413741536000146 ], [ 39.866853862000085, 37.500546510000106 ], [ 39.870199521000075, 37.565553852 ], [ 39.842352535000089, 37.610893633000046 ], [ 39.827560833000121, 37.724661114000185 ], [ 39.807238321000114, 37.755466440000134 ], [ 39.81652064900004, 37.82001399700016 ], [ 39.804170928000076, 37.855017836000115 ], [ 39.755461405000119, 37.861090393000097 ], [ 39.668089140000063, 37.806808651000154 ], [ 39.391891630000032, 37.956955140000105 ], [ 39.325093163000133, 37.964158056000144 ], [ 39.255293481000194, 37.945379026000126 ], [ 39.200585623000165, 38.000258382000141 ], [ 39.14613071399998, 37.99784728100019 ] ] ] } },
{ "type": "Feature", "properties": { "adm1_name": "Siirt", "adm1_pcode": "TUR056", "center_lat": 37.92096447, "center_lon": 42.0990372 }, "geometry": { "type": "Polygon", "coordinates": [ [ [ 41.853376689000015, 38.195089828000107 ], [ 41.81281811700012, 38.225965499000097 ], [ 41.714941465000152, 38.237927709000076 ], [ 41.661165648000065, 38.261056069000063 ], [ 41.629661585000122, 38.218511308000188 ], [ 41.656692262000092, 38.155408002000058 ], [ 41.613671608000061, 38.117526984000165 ], [ 41.619953384000041, 38.083548282000038 ], [ 41.497839448000036, 38.051984731000118 ], [ 41.378985372000102, 37.975639727000043 ], [ 41.373524510000152, 37.956580245000112 ], [ 41.420530761000066, 37.903470677000143 ], [ 41.459720484000115, 37.886124406000135 ], [ 41.623974673000134, 37.879485710000097 ], [ 41.677726697000139, 37.856143198000154 ], [ 41.702782419000073, 37.817274703000123 ], [ 41.674693519000186, 37.733247777000031 ], [ 41.720118276000107, 37.70675656300017 ], [ 41.732078805000015, 37.668564422000031 ], [ 41.870874585000081, 37.672218811000107 ], [ 41.962768084000118, 37.616628916000025 ], [ 42.117868754000085, 37.627973792000091 ], [ 42.257248663999974, 37.577570126000182 ], [ 42.35919048400018, 37.637184751000063 ], [ 42.390199813000038, 37.674352728000031 ], [ 42.516884268000126, 37.716977050000025 ], [ 42.69605228100005, 37.670138918000077 ], [ 42.830894242000113, 37.676054460000159 ], [ 42.866873706000035, 37.691451078000057 ], [ 42.887132415000167, 37.784316995000097 ], [ 42.854278231000194, 37.804667889000143 ], [ 42.82340256100008, 37.881674369000052 ], [ 42.763021442000024, 37.945435369000052 ], [ 42.759276168000156, 37.986998771000174 ], [ 42.720361861000072, 38.013215687000127 ], [ 42.667836683000189, 38.005999184000132 ], [ 42.62197991700009, 37.975762949999989 ], [ 42.555478473000164, 37.968272403000128 ], [ 42.502039812000078, 37.98060440200004 ], [ 42.485049059000175, 37.995220103000065 ], [ 42.484135579000053, 38.025364989000082 ], [ 42.439649035, 38.037971032000144 ], [ 42.360724244000096, 38.104198431000043 ], [ 42.291665053000031, 38.126670074000117 ], [ 42.242944144000035, 38.177306725000165 ], [ 42.230918542000154, 38.224777973000073 ], [ 42.208446899000023, 38.235557053000036 ], [ 42.127603798, 38.232999305000135 ], [ 42.082295122000176, 38.185863666000046 ], [ 42.029404550000038, 38.183031874000051 ], [ 41.974778363999974, 38.154805300000135 ], [ 41.929286991000026, 38.190705117000164 ], [ 41.853376689000015, 38.195089828000107 ] ] ] } },
{ "type": "Feature", "properties": { "adm1_name": "Sinop", "adm1_pcode": "TUR057", "center_lat": 41.65297204, "center_lon": 34.99577438 }, "geometry": { "type": "Polygon", "coordinates": [ [ [ 34.944448199000192, 42.097719900000072 ], [ 34.948735598999974, 42.073353899000097 ], [ 34.907101400000158, 42.024364100000071 ], [ 34.800091000000123, 41.955136499000105 ], [ 34.616352299000027, 41.94207159900003 ], [ 34.511463400000139, 41.957102799999973 ], [ 34.489880699000082, 41.976520699 ], [ 34.306986700000039, 41.940785400000095 ], [ 34.227721465000172, 41.955026072000123 ], [ 34.224817711000071, 41.936457556000107 ], [ 34.261496848000093, 41.916513275000057 ], [ 34.257714312000132, 41.891124435000108 ], [ 34.299035651000054, 41.851866297000129 ], [ 34.240224859000193, 41.754188992000081 ], [ 34.258908295000083, 41.738498472000174 ], [ 34.315862842000115, 41.744611661000135 ], [ 34.362730628000179, 41.715675899000189 ], [ 34.413673874000153, 41.725864547000128 ], [ 34.581885286000045, 41.704086310000037 ], [ 34.603033101000051, 41.681563028000028 ], [ 34.60383545600007, 41.633994772000108 ], [ 34.591513559000134, 41.606542731000047 ], [ 34.568245231999981, 41.597946058000105 ], [ 34.558215780000069, 41.552784871000085 ], [ 34.501907574000143, 41.540940567000121 ], [ 34.424652143000117, 41.494709572000033 ], [ 34.447270944000138, 41.467811538000092 ], [ 34.466603905000056, 41.395064583000078 ], [ 34.455669671000067, 41.322557257000085 ], [ 34.497868774000096, 41.331438093000031 ], [ 34.536384564000116, 41.299353923000126 ], [ 34.598321416000033, 41.283296556000153 ], [ 34.688364190000129, 41.292019654000171 ], [ 34.709852979000118, 41.252455031000125 ], [ 34.846129486000166, 41.208272752000141 ], [ 34.894400059000191, 41.255610907000118 ], [ 34.974410444000057, 41.231736235000028 ], [ 34.982097104000161, 41.267813941000156 ], [ 34.934943557000167, 41.275140074000092 ], [ 34.944007652000039, 41.299302635000117 ], [ 34.928776800000151, 41.313703917000112 ], [ 35.029808005000064, 41.355960232000086 ], [ 35.039988266000137, 41.34359806000009 ], [ 35.149152273000084, 41.335664792000046 ], [ 35.196640443000149, 41.309298373000104 ], [ 35.197702684000035, 41.271814326000083 ], [ 35.29904195600011, 41.232423998000172 ], [ 35.356910688000028, 41.241707205000125 ], [ 35.386537514000167, 41.259838988000126 ], [ 35.389807722000171, 41.291501558000107 ], [ 35.347806201000139, 41.333960816000115 ], [ 35.379722676000085, 41.346804314000167 ], [ 35.443342512000129, 41.329263517000186 ], [ 35.450685195000062, 41.389020435000191 ], [ 35.429854402000046, 41.457166105000113 ], [ 35.364550600000086, 41.485044955000035 ], [ 35.314609006000069, 41.589254172000153 ], [ 35.413061355000139, 41.683276735000163 ], [ 35.275789300000156, 41.715870999000174 ], [ 35.265625299000192, 41.737150099000075 ], [ 35.20826030000012, 41.766854699000078 ], [ 35.192970900000034, 41.793568699000048 ], [ 35.207246099000145, 41.802097899000046 ], [ 35.134576200000083, 41.853004999000177 ], [ 35.105156099000112, 41.893911399000103 ], [ 35.088380599000118, 41.931558400000142 ], [ 35.112496399000122, 42.002089000000183 ], [ 35.140792000000147, 42.023734699000102 ], [ 35.206430199000124, 42.012907099000074 ], [ 35.192718300000081, 42.039394000000186 ], [ 35.090954700000054, 42.024474899000097 ], [ 35.046936200000175, 42.039315699000042 ], [ 35.051221399999974, 42.060218799000097 ], [ 35.016594700000041, 42.092820099000164 ], [ 34.944448199000192, 42.097719900000072 ] ] ] } },
{ "type": "Feature", "properties": { "adm1_name": "Sirnak", "adm1_pcode": "TUR073", "center_lat": 37.44552074, "center_lon": 42.57953772 }, "geometry": { "type": "Polygon", "coordinates": [ [ [ 42.980160402000138, 37.752956515000051 ], [ 42.887132415000167, 37.784316995000097 ], [ 42.866873706000035, 37.691451078000057 ], [ 42.830894242000113, 37.676054460000159 ], [ 42.69605228100005, 37.670138918000077 ], [ 42.524987750000037, 37.716733945000044 ], [ 42.465670252000166, 37.704821825000124 ], [ 42.386310141000081, 37.672083752000049 ], [ 42.35919048400018, 37.637184751000063 ], [ 42.249793460000092, 37.577083918000085 ], [ 42.117868754000085, 37.627973792000091 ], [ 41.962768084000118, 37.616628916000025 ], [ 41.870874585000081, 37.672218811000107 ], [ 41.824895286000071, 37.678846054000189 ], [ 41.830165510000029, 37.623323568000103 ], [ 41.897335056000145, 37.575471635000042 ], [ 41.887853598000106, 37.552533711000194 ], [ 41.85189597100009, 37.548779794000154 ], [ 41.854439565000064, 37.529739583000151 ], [ 41.838348426000152, 37.518560567000122 ], [ 41.860022536000031, 37.456270615000165 ], [ 41.84606904400016, 37.442248101000075 ], [ 41.864162561, 37.418894660000035 ], [ 41.817553666000151, 37.401886611000066 ], [ 41.702965858000027, 37.434375320000129 ], [ 41.641870149000056, 37.415500462000011 ], [ 41.607997590000082, 37.437622972000099 ], [ 41.556054262000146, 37.272555019000094 ], [ 41.66731508700019, 37.211049581 ], [ 41.664831107, 37.117992421000054 ], [ 41.704225200000167, 37.11615890000013 ], [ 42.035760300000106, 37.182839900000147 ], [ 42.088811799000155, 37.207834800000057 ], [ 42.196432400000106, 37.311412400000052 ], [ 42.220676099000059, 37.318420399 ], [ 42.207304399000179, 37.278873000000146 ], [ 42.283063699000138, 37.282134499000108 ], [ 42.341072399000097, 37.234627699999976 ], [ 42.348132999000029, 37.214691599999981 ], [ 42.319817900000146, 37.182986499000151 ], [ 42.357294899000124, 37.106671600000141 ], [ 42.46634140000009, 37.140966300000116 ], [ 42.576413600000137, 37.141997099000093 ], [ 42.612720900000056, 37.21440060000009 ], [ 42.655664299000023, 37.244938399000034 ], [ 42.653976999000065, 37.265679900000123 ], [ 42.682274999000185, 37.2697912000001 ], [ 42.697076099000071, 37.290305899000145 ], [ 42.687449199000014, 37.30730460000018 ], [ 42.735340800000188, 37.317647499000032 ], [ 42.733843500000091, 37.335146699000177 ], [ 42.789260300000194, 37.379311200000132 ], [ 42.825254799000049, 37.369907999000077 ], [ 42.836253200000101, 37.34181659900014 ], [ 42.959141200000033, 37.311306699999989 ], [ 43.011128399000143, 37.331459300000176 ], [ 43.021560200000067, 37.352786299000059 ], [ 43.14605360000013, 37.372034100000178 ], [ 43.161931299000116, 37.356737799000143 ], [ 43.241638600000158, 37.344147799000098 ], [ 43.26972070000005, 37.327878000000112 ], [ 43.269652699000176, 37.312934199000097 ], [ 43.31847520000008, 37.3047115 ], [ 43.34543237500003, 37.341113465000035 ], [ 43.307770844000061, 37.456075511000165 ], [ 43.311905523000121, 37.550903471000083 ], [ 43.444057946000044, 37.6110136100001 ], [ 43.492258414000048, 37.668921583000156 ], [ 43.493921238000155, 37.738046106000127 ], [ 43.403405331000044, 37.757899641000108 ], [ 43.333877444000109, 37.736830584000074 ], [ 43.232259765000151, 37.734723678000194 ], [ 42.980160402000138, 37.752956515000051 ] ] ] } },
{ "type": "Feature", "properties": { "adm1_name": "Sivas", "adm1_pcode": "TUR058", "center_lat": 39.52489164, "center_lon": 37.19869453 }, "geometry": { "type": "Polygon", "coordinates": [ [ [ 38.070517541000186, 40.497027862000039 ], [ 38.031684738000138, 40.505974636000076 ], [ 37.991709794000144, 40.482180025000162 ], [ 37.948689140000056, 40.493506259000071 ], [ 37.931557020000071, 40.43411491400019 ], [ 37.952876991000096, 40.392997829000137 ], [ 37.874259601000119, 40.341315936000115 ], [ 37.814773076, 40.33950754600005 ], [ 37.770134389000077, 40.388905156000192 ], [ 37.754144411000084, 40.380434274999971 ], [ 37.750813166000057, 40.333320948000107 ], [ 37.73139676500017, 40.323136855000087 ], [ 37.663915252000095, 40.36977429 ], [ 37.585868933000029, 40.386716052000054 ], [ 37.600050519000092, 40.346170037000036 ], [ 37.535043646000133, 40.26802853900017 ], [ 37.447384304000025, 40.237285903000043 ], [ 37.438723066000193, 40.216061110999988 ], [ 37.469180167000161, 40.190838825000128 ], [ 37.442720560000168, 40.162856364000106 ], [ 37.421210234000114, 40.175515097000073 ], [ 37.379236542000172, 40.158478156000058 ], [ 37.321463230000177, 40.202640952000138 ], [ 37.192401268000083, 40.234525729000097 ], [ 37.098364971000194, 40.23052823400019 ], [ 37.064386268000135, 40.177799379000021 ], [ 36.96159355500015, 40.192171323000082 ], [ 36.918382544000053, 40.222057353000025 ], [ 36.83472069600009, 40.218440573000066 ], [ 36.763432045000116, 40.182272766000096 ], [ 36.715081398000052, 40.124880168000118 ], [ 36.665112718000046, 40.103845732000025 ], [ 36.626279916000101, 40.052830089000054 ], [ 36.629991874000098, 40.002385517000164 ], [ 36.591634964999969, 39.968692350000083 ], [ 36.511494719000098, 39.986395540000046 ], [ 36.452484087000073, 39.956509509000057 ], [ 36.422122166000122, 39.975354841000069 ], [ 36.330655686000114, 39.947372380000161 ], [ 36.251562403000094, 39.95660468900013 ], [ 36.221200481000096, 39.913679212000034 ], [ 36.10184671899998, 39.888552105000144 ], [ 36.001540093000074, 39.91797858700005 ], [ 36.037041650000049, 39.869056870000122 ], [ 36.086344081, 39.845833331000165 ], [ 36.08187069600018, 39.821277294000083 ], [ 36.041610216000038, 39.795483938000018 ], [ 36.047796814000151, 39.767691833000072 ], [ 36.15325452400009, 39.715153335000139 ], [ 36.158679694999989, 39.633109521000165 ], [ 36.138501866000183, 39.588661191000085 ], [ 36.140405434000115, 39.550875351000059 ], [ 36.033995940000068, 39.431807123000169 ], [ 35.96394460900018, 39.45845708700017 ], [ 35.910073613000122, 39.45845708700017 ], [ 35.888182572000119, 39.342339392000099 ], [ 35.851729231000093, 39.300651236000135 ], [ 35.94053071400009, 39.204996905000087 ], [ 36.029522554000152, 39.154266798000151 ], [ 36.041610216000038, 39.122382021000135 ], [ 36.098431743000049, 39.075649407000071 ], [ 36.264898832000029, 39.104488474000107 ], [ 36.347989609000024, 39.093447775000072 ], [ 36.409379702000081, 39.122001307000062 ], [ 36.532159887000034, 39.09944401700011 ], [ 36.58041535600006, 39.108485969000185 ], [ 36.634857422000152, 39.147128414000122 ], [ 36.713379634000091, 39.155884831000151 ], [ 36.746121017000064, 39.143130920000146 ], [ 36.784192393000126, 39.08554796500016 ], [ 36.840823564000061, 39.04700069800009 ], [ 36.886128500000098, 39.063276210000083 ], [ 36.9214397, 39.057946218000154 ], [ 36.963698927000053, 39.005312541000023 ], [ 36.964650712000036, 38.962958136000111 ], [ 36.94190306500002, 38.93297692800013 ], [ 36.874421551000012, 38.910229281000113 ], [ 36.853863010000168, 38.841224913000076 ], [ 36.726419080000028, 38.772981973000128 ], [ 36.711476065000056, 38.744904334000182 ], [ 36.789998277000166, 38.597568111000044 ], [ 36.774140859000113, 38.542435331000036 ], [ 37.056145203000142, 38.58785613900011 ], [ 37.274579719000087, 38.573103480999976 ], [ 37.317838613, 38.557444122000106 ], [ 37.38608155300011, 38.610172976000172 ], [ 37.442046475000097, 38.716106578000051 ], [ 37.494870509, 38.74999010199997 ], [ 37.551120966000099, 38.758651340000029 ], [ 37.561209880000149, 38.797960035000017 ], [ 37.507814775999975, 38.862776552000071 ], [ 37.543411512000091, 38.922548610999968 ], [ 37.507053348000056, 38.965378909000151 ], [ 37.502389603999973, 39.01154045100003 ], [ 37.629643177000105, 39.01268259200009 ], [ 37.741953734000163, 38.9569080280001 ], [ 37.734815351000066, 39.006495993000101 ], [ 37.774504760000127, 39.004592425000169 ], [ 37.750614972, 39.044948083000179 ], [ 37.754231753000056, 39.072264295000082 ], [ 37.829803433000109, 39.093679444000145 ], [ 37.909372608000069, 39.065506625000182 ], [ 37.999696946000029, 39.081020712000111 ], [ 38.037006894000115, 39.070931797000128 ], [ 38.093923600000153, 39.101864789 ], [ 38.146747634000064, 39.082162852000124 ], [ 38.220320566000169, 39.124231722000161 ], [ 38.314338169000109, 39.147510450000141 ], [ 38.310219008000047, 39.165360752000026 ], [ 38.362757505000104, 39.25730312200011 ], [ 38.330206480000015, 39.350102098000036 ], [ 38.409014224000146, 39.418440215000146 ], [ 38.394261567000115, 39.448231066000062 ], [ 38.321735598000089, 39.473358173000122 ], [ 38.276906555000039, 39.548453960000188 ], [ 38.28433258400014, 39.566858434000096 ], [ 38.335201698000162, 39.571239947000151 ], [ 38.347106171000064, 39.587320957000031 ], [ 38.315272690000029, 39.646328027000152 ], [ 38.351429070000052, 39.702466544000174 ], [ 38.358028690000083, 39.764111648000096 ], [ 38.411333169999978, 39.789016697000079 ], [ 38.457382498000186, 39.836367141000096 ], [ 38.448513275999971, 39.863494585000012 ], [ 38.355714300000102, 39.922790751000093 ], [ 38.45717451400003, 39.980373704999977 ], [ 38.584307378000176, 39.971544933000132 ], [ 38.685302158000184, 40.023068681000154 ], [ 38.760649420000163, 40.015270780000037 ], [ 38.763131035000072, 40.083382368000116 ], [ 38.709926290000112, 40.082145049000133 ], [ 38.656245651000063, 40.107843227000103 ], [ 38.543364023000152, 40.112126256000181 ], [ 38.527088510000056, 40.124118740000029 ], [ 38.526327083000183, 40.154195126000047 ], [ 38.477881258000025, 40.172754922000024 ], [ 38.422582585000043, 40.131352301000163 ], [ 38.281242604000113, 40.197501316000114 ], [ 38.174452397000096, 40.217774323000185 ], [ 38.184446132000176, 40.292584577000127 ], [ 38.154655280000156, 40.340364153000166 ], [ 38.150752965000095, 40.400802461000012 ], [ 38.124007823, 40.46190701800009 ], [ 38.130289600000083, 40.485320914000056 ], [ 38.070517541000186, 40.497027862000039 ] ] ] } },
{ "type": "Feature", "properties": { "adm1_name": "Tekirdag", "adm1_pcode": "TUR059", "center_lat": 41.06321291, "center_lon": 27.33880988 }, "geometry": { "type": "Polygon", "coordinates": [ [ [ 28.090594659000146, 41.553526861000194 ], [ 28.062366073000078, 41.575627083000029 ], [ 28.003400398000053, 41.551145372000065 ], [ 27.97167896000019, 41.556479909000075 ], [ 27.897852792000151, 41.501515135000147 ], [ 27.827074930000038, 41.495132744000045 ], [ 27.66646729200005, 41.445216728000048 ], [ 27.597594622000088, 41.390632994000157 ], [ 27.582448350000107, 41.321284025000068 ], [ 27.544535039999971, 41.265197306000061 ], [ 27.421626377000052, 41.224973953000074 ], [ 27.322651682000128, 41.246788395000067 ], [ 27.286357786000053, 41.291274615000077 ], [ 27.214151030999972, 41.330616817000077 ], [ 27.148064702000056, 41.323329460000139 ], [ 26.976025915000093, 41.362909813000044 ], [ 26.931188436000014, 41.288927735000073 ], [ 26.958707849000177, 41.229155251000179 ], [ 26.941698767000048, 41.165531652000084 ], [ 26.833225748000075, 41.107604494000157 ], [ 26.801213371000188, 41.075030495000135 ], [ 26.719778374000043, 41.076875820000112 ], [ 26.68348698300008, 41.038284458000078 ], [ 26.730342192000137, 41.031010133000109 ], [ 26.741895531000068, 41.014215001000139 ], [ 26.725528300000065, 40.968750471000135 ], [ 26.736653739000189, 40.922109213000169 ], [ 26.723495768000134, 40.839417257000036 ], [ 26.800903803000153, 40.768313078000062 ], [ 26.796567680000123, 40.71916456800011 ], [ 26.884928370000125, 40.738328484000135 ], [ 26.971500232000153, 40.728192541000055 ], [ 27.014312387000132, 40.705709699000181 ], [ 27.01388168200009, 40.680470341000159 ], [ 26.964695082000048, 40.625167718000171 ], [ 26.956585118000135, 40.550378549000129 ], [ 26.995416, 40.556178799000065 ], [ 27.032093299000167, 40.594759700000054 ], [ 27.178270700000155, 40.627372300000161 ], [ 27.308386199999973, 40.702836899000147 ], [ 27.343506200000093, 40.762567399000091 ], [ 27.4545940000001, 40.847353299000133 ], [ 27.469678999000109, 40.913443400000176 ], [ 27.512069200000155, 40.974572899000179 ], [ 27.741788300000167, 41.013555100000133 ], [ 27.838403000000142, 40.992821999 ], [ 27.877902000000176, 40.966029999000114 ], [ 27.963598999000169, 40.965933999000185 ], [ 27.957206, 40.977298999000141 ], [ 27.978385300000127, 40.982280999000068 ], [ 28.008853588000079, 41.031388304000075 ], [ 27.975716863000059, 41.065437558000156 ], [ 27.980946744000164, 41.110945326000149 ], [ 28.031840509000176, 41.193062262000183 ], [ 27.998743951000165, 41.220460592000109 ], [ 27.999758703000111, 41.240209247000166 ], [ 28.06462483700011, 41.268778447000159 ], [ 28.089837546000126, 41.37165879000014 ], [ 28.123792744000127, 41.414122300000145 ], [ 28.111303476000046, 41.464781892000076 ], [ 28.074694310000041, 41.50224969500016 ], [ 28.116065009000124, 41.535424312000089 ], [ 28.090594659000146, 41.553526861000194 ] ] ] } },
{ "type": "Feature", "properties": { "adm1_name": "Tokat", "adm1_pcode": "TUR060", "center_lat": 40.39877407, "center_lon": 36.65451605 }, "geometry": { "type": "Polygon", "coordinates": [ [ [ 36.649571197000171, 40.905823013000031 ], [ 36.614173386000118, 40.894476632000135 ], [ 36.595916862000138, 40.908224577000112 ], [ 36.504933364000181, 40.876432366000131 ], [ 36.430516551000039, 40.872076234000133 ], [ 36.412807229000066, 40.816360626000062 ], [ 36.508275925000078, 40.764329713000052 ], [ 36.440931503000058, 40.759008307000158 ], [ 36.404376164000155, 40.708210304000033 ], [ 36.366495145000158, 40.599040635000165 ], [ 36.274457594000069, 40.583241014 ], [ 36.2866935240001, 40.525852518000079 ], [ 36.273854512000071, 40.51421759100009 ], [ 36.250555079000094, 40.518097171000079 ], [ 36.099048343999982, 40.449191394000081 ], [ 36.022437997000054, 40.473982192000165 ], [ 36.012144569000156, 40.495998594000127 ], [ 35.984611326000163, 40.504383589000156 ], [ 35.936478960000045, 40.475499022000065 ], [ 35.89374384100006, 40.487110791000077 ], [ 35.792759518000139, 40.436951755000166 ], [ 35.729180320000069, 40.439236037000171 ], [ 35.712143381000033, 40.36975577600009 ], [ 35.522452753000152, 40.310649966000142 ], [ 35.467058902000133, 40.269152167000016 ], [ 35.448363017000133, 40.228736187000152 ], [ 35.496713663000151, 40.186381782000069 ], [ 35.501948477000042, 40.138602207000133 ], [ 35.665369852000026, 40.107764394000071 ], [ 35.682216436000033, 40.082446929000071 ], [ 35.86657706799997, 40.108621 ], [ 35.950429271000132, 40.095391197000083 ], [ 35.966133714000193, 40.065124454000056 ], [ 35.94338606600013, 40.044756268000185 ], [ 35.943576423000138, 40.02172308500019 ], [ 35.994126423000068, 39.954793017000156 ], [ 36.001540093000074, 39.91797858700005 ], [ 36.112697062000052, 39.889599067000063 ], [ 36.136682029000156, 39.905303510000124 ], [ 36.221200481000096, 39.913679212000034 ], [ 36.251562403000094, 39.95660468900013 ], [ 36.330655686000114, 39.947372380000161 ], [ 36.422122166000122, 39.975354841000069 ], [ 36.452484087000073, 39.956509509000057 ], [ 36.511494719000098, 39.986395540000046 ], [ 36.551374484000121, 39.96831163600018 ], [ 36.600105845000087, 39.972213952000118 ], [ 36.629991874000098, 40.002385517000164 ], [ 36.626279916000101, 40.052830089000054 ], [ 36.665112718000046, 40.103845732000025 ], [ 36.715081398000052, 40.124880168000118 ], [ 36.763432045000116, 40.182272766000096 ], [ 36.83472069600009, 40.218440573000066 ], [ 36.918382544000053, 40.222057353000025 ], [ 36.96159355500015, 40.192171323000082 ], [ 37.064386268000135, 40.177799379000021 ], [ 37.098364971000194, 40.23052823400019 ], [ 37.192401268000083, 40.234525729000097 ], [ 37.321463230000177, 40.202640952000138 ], [ 37.379236542000172, 40.158478156000058 ], [ 37.421210234000114, 40.175515097000073 ], [ 37.442720560000168, 40.162856364000106 ], [ 37.469180167000161, 40.190838825000128 ], [ 37.438723066000193, 40.216061110999988 ], [ 37.447384304000025, 40.237285903000043 ], [ 37.517245278000075, 40.25498909200013 ], [ 37.600050519000092, 40.346170037000036 ], [ 37.585261382000112, 40.417703450000147 ], [ 37.621238832000074, 40.524112944000194 ], [ 37.516971989000126, 40.532391555000117 ], [ 37.446158629000138, 40.565807033 ], [ 37.399663427000178, 40.555521829000099 ], [ 37.317524435000109, 40.5808392940001 ], [ 37.25622952100008, 40.610820502000081 ], [ 37.232434910000109, 40.659075970000174 ], [ 37.179706055000111, 40.69648109700006 ], [ 37.148487528000032, 40.697337702000141 ], [ 37.122598993000167, 40.729888728000105 ], [ 37.027801268000189, 40.681633260000183 ], [ 36.963555823000149, 40.680110406000097 ], [ 36.94052264100003, 40.72179856200006 ], [ 36.832685469000182, 40.707521795000162 ], [ 36.814316031000146, 40.735884970000143 ], [ 36.846486343000038, 40.747591918000126 ], [ 36.862000429000091, 40.783569368000087 ], [ 36.808700502000136, 40.798607561000097 ], [ 36.776969222000105, 40.832071804000066 ], [ 36.69474384800003, 40.848701029000097 ], [ 36.687291964000053, 40.88695027000017 ], [ 36.649571197000171, 40.905823013000031 ] ] ] } },
{ "type": "Feature", "properties": { "adm1_name": "Trabzon", "adm1_pcode": "TUR061", "center_lat": 40.81136405, "center_lon": 39.78487175 }, "geometry": { "type": "Polygon", "coordinates": [ [ [ 39.434469999000044, 41.101013500000136 ], [ 39.4227189, 41.109835300000157 ], [ 39.271090800000138, 41.050574199000039 ], [ 39.17491489400004, 41.080284368999969 ], [ 39.143487991000086, 41.006571115000042 ], [ 39.1335894340001, 40.925383907000082 ], [ 39.146819237000045, 40.864279349000128 ], [ 39.125879981000026, 40.829253684000093 ], [ 39.13339907600016, 40.812026387000174 ], [ 39.22220056000009, 40.782616250000103 ], [ 39.316998285000068, 40.694195480000076 ], [ 39.416745288000129, 40.661549275000084 ], [ 39.441396503000078, 40.633090923 ], [ 39.490413399000147, 40.61357934300014 ], [ 39.617666972000052, 40.605013283000176 ], [ 39.68413324800008, 40.617608564000193 ], [ 39.769635212000026, 40.705870701000151 ], [ 39.833119230000023, 40.724811212000134 ], [ 39.851488669000162, 40.71415122600007 ], [ 39.845302071000049, 40.616783683000051 ], [ 39.86424257900012, 40.606028520000052 ], [ 39.905550022000114, 40.619448680000062 ], [ 39.921825534000106, 40.567290895000042 ], [ 39.966273865000062, 40.539974684000072 ], [ 40.039275728000064, 40.570146249000061 ], [ 39.982834914000136, 40.636580799000114 ], [ 40.035658947, 40.652094884000064 ], [ 40.056217490000108, 40.609074230000147 ], [ 40.21735458600017, 40.551586453000084 ], [ 40.270654512000078, 40.515609004000169 ], [ 40.406093429000123, 40.513229542000147 ], [ 40.476409058000058, 40.527736207000032 ], [ 40.469936925000184, 40.570566504000112 ], [ 40.438242506000108, 40.622153218000165 ], [ 40.485736546000169, 40.664031731000136 ], [ 40.506390267000086, 40.706671670999981 ], [ 40.435672687000022, 40.805752426000026 ], [ 40.435101615000065, 40.822979723000117 ], [ 40.471666651000135, 40.854070390000174 ], [ 40.416880261000188, 40.902644212000155 ], [ 40.391923126000165, 40.962364376000153 ], [ 40.349835138000117, 40.966954654000176 ], [ 40.327233021999973, 40.987196514000061 ], [ 40.232472600000165, 40.92911949900008 ], [ 40.119806199000152, 40.914069500000153 ], [ 40.075539698999989, 40.926796599000056 ], [ 40.039291200000093, 40.959512600000096 ], [ 39.86830690000005, 40.957283000000189 ], [ 39.782841100000041, 41.003291600000011 ], [ 39.720474699000079, 41.012623700000177 ], [ 39.64598320000016, 40.996329199000115 ], [ 39.565555100000097, 41.025768999000093 ], [ 39.486042699, 41.092794099000116 ], [ 39.434469999000044, 41.101013500000136 ] ] ] } },
{ "type": "Feature", "properties": { "adm1_name": "Tunceli", "adm1_pcode": "TUR062", "center_lat": 39.18952423, "center_lon": 39.34462969 }, "geometry": { "type": "Polygon", "coordinates": [ [ [ 39.799682643999972, 39.615643322000153 ], [ 39.781392120000078, 39.586049446000061 ], [ 39.783961937000186, 39.52542078100015 ], [ 39.631010188000118, 39.448802138000076 ], [ 39.557627611000044, 39.447755175000054 ], [ 39.535165500000062, 39.514951153000027 ], [ 39.308164923000163, 39.453941775000146 ], [ 39.259433564000176, 39.47697495500006 ], [ 39.159496204000106, 39.47488103000012 ], [ 39.090015943000026, 39.455369450000092 ], [ 38.997216966000167, 39.352386381000144 ], [ 38.951340957000184, 39.328401414000041 ], [ 38.905750485999988, 39.332779622000089 ], [ 38.855686628000171, 39.365616183000157 ], [ 38.805908306000163, 39.348864778000177 ], [ 38.79581939100018, 39.320977496000069 ], [ 38.817710432000013, 39.298896098 ], [ 38.941632756000104, 39.276433987000189 ], [ 38.959811838, 39.250640631000181 ], [ 38.906892626000172, 39.204954982000118 ], [ 38.762053681000111, 39.197750880000171 ], [ 38.773303783000131, 39.177101610000136 ], [ 38.763009950000082, 39.150909469000055 ], [ 38.729804349, 39.13688191000017 ], [ 38.748099550000063, 39.032633533000194 ], [ 38.78913904500007, 38.981177734000028 ], [ 38.756420381000112, 38.8913190990001 ], [ 38.786516492000089, 38.871265035000135 ], [ 38.93255531200009, 38.898111461000099 ], [ 39.250676409999983, 38.863703735000115 ], [ 39.305237786000191, 38.820513168000105 ], [ 39.369542375000151, 38.806395627000086 ], [ 39.392221001000053, 38.76796040500011 ], [ 39.433161692000056, 38.785998563000135 ], [ 39.457224141000154, 38.765347622000036 ], [ 39.504119913000011, 38.767824085000029 ], [ 39.526832767000087, 38.813706548000027 ], [ 39.550758502000065, 38.809580089000121 ], [ 39.583805429000108, 38.829595617000109 ], [ 39.607862155000191, 38.81409010800013 ], [ 39.713615944000026, 38.808740254000156 ], [ 39.757588382000165, 38.84452734700011 ], [ 39.797372970000026, 38.822160414000166 ], [ 39.800130425000191, 38.858859239000026 ], [ 39.847849713000187, 38.881600670000068 ], [ 39.844368805000101, 38.897672013000147 ], [ 39.87306369200013, 38.914926340000193 ], [ 39.867883122000137, 38.93875227500007 ], [ 39.902682187000039, 39.00652651200005 ], [ 39.874912184000152, 39.0272726500001 ], [ 39.868239359000029, 39.064093547000141 ], [ 39.958266610000067, 39.122463077000077 ], [ 39.926667368000153, 39.178523177000102 ], [ 39.948272874000054, 39.248574508000161 ], [ 40.024701159000188, 39.282553211000049 ], [ 39.996242807000101, 39.324907616000189 ], [ 40.019580865000194, 39.332169325000166 ], [ 40.115513028000123, 39.303284419000136 ], [ 40.12787954700002, 39.327104401000099 ], [ 40.194123741000169, 39.339763134000066 ], [ 40.224771197, 39.365651669000101 ], [ 40.289873250000028, 39.363177029000155 ], [ 40.317761305000147, 39.408800811000162 ], [ 40.274454343000173, 39.481103115000053 ], [ 40.323947130000079, 39.511274680000042 ], [ 40.395711673000164, 39.512226465000026 ], [ 40.421825010000134, 39.529746816000056 ], [ 40.412710702000084, 39.602991208000105 ], [ 40.154645766000044, 39.577951904000145 ], [ 40.064132724000046, 39.550432037000121 ], [ 39.799682643999972, 39.615643322000153 ] ] ] } },
{ "type": "Feature", "properties": { "adm1_name": "Usak", "adm1_pcode": "TUR064", "center_lat": 38.55668834, "center_lon": 29.31156253 }, "geometry": { "type": "Polygon", "coordinates": [ [ [ 29.74957175000003, 38.924968235000165 ], [ 29.650094238000122, 38.951361368000164 ], [ 29.61464244400014, 38.935424837000085 ], [ 29.591660287000082, 38.900532219000183 ], [ 29.521012128, 38.893032487000141 ], [ 29.475611222000168, 38.863704398000095 ], [ 29.430598319000183, 38.885691366000117 ], [ 29.40900004000008, 38.880694117000132 ], [ 29.37108988600005, 38.86346426700004 ], [ 29.365952521000168, 38.835698167000032 ], [ 29.322899509000081, 38.809181755 ], [ 29.243585275000157, 38.781243164000045 ], [ 29.224913817000129, 38.789241124000114 ], [ 29.231596289000095, 38.810488740000096 ], [ 29.252318492000029, 38.816752831000088 ], [ 29.245653076000053, 38.834867246000101 ], [ 29.209729370000105, 38.833186323 ], [ 29.19479232700013, 38.849858744000073 ], [ 29.175653934000138, 38.839276242000039 ], [ 29.140043143000014, 38.868581741000128 ], [ 29.018463214000064, 38.721059184000069 ], [ 28.845119666000016, 38.657881980000013 ], [ 28.80024761500016, 38.553447086000119 ], [ 28.81955662200005, 38.534313084000075 ], [ 28.810806317000186, 38.497620137000126 ], [ 28.824398457000029, 38.468860802000108 ], [ 28.810222962000125, 38.427384354000083 ], [ 28.778138511000122, 38.39763331600011 ], [ 28.778021839000075, 38.356973564000157 ], [ 28.827081884000108, 38.308963556000094 ], [ 28.829648640000187, 38.279037511000183 ], [ 28.870693251000091, 38.246454131000178 ], [ 29.028991975000167, 38.227022685000179 ], [ 29.117742615000168, 38.240778428000169 ], [ 29.180979527000147, 38.212859778000109 ], [ 29.186499340000069, 38.178335566000158 ], [ 29.207983366000065, 38.161954403000038 ], [ 29.222736839000163, 38.202472340000043 ], [ 29.204144338000049, 38.224647991000154 ], [ 29.213633387000129, 38.239436519000037 ], [ 29.250267330000099, 38.246953461000089 ], [ 29.283290332000092, 38.290814104000162 ], [ 29.361021700000094, 38.31913770400007 ], [ 29.408365316000129, 38.321896309000181 ], [ 29.463761074000047, 38.275298262000149 ], [ 29.547786673000132, 38.273136112000088 ], [ 29.572912339000027, 38.243164248000028 ], [ 29.625325823000082, 38.269035484000085 ], [ 29.643095212000162, 38.284916098999986 ], [ 29.614316258000144, 38.410022535000166 ], [ 29.746505598000169, 38.454831218000152 ], [ 29.743299652000132, 38.487039788 ], [ 29.761938871000041, 38.514774945000056 ], [ 29.902180354000052, 38.623851654000077 ], [ 29.894128211, 38.679321969 ], [ 29.908321975999968, 38.712648893000051 ], [ 29.991751119000128, 38.750337393000052 ], [ 30.011041464000073, 38.774904902000173 ], [ 30.010448571000097, 38.819202548000192 ], [ 29.958536031000108, 38.840420738000034 ], [ 29.931360050000137, 38.909646796000175 ], [ 29.869123699000056, 38.894716782000103 ], [ 29.74957175000003, 38.924968235000165 ] ] ] } },
{ "type": "Feature", "properties": { "adm1_name": "Van", "adm1_pcode": "TUR065", "center_lat": 38.55875163, "center_lon": 43.53860764 }, "geometry": { "type": "Polygon", "coordinates": [ [ [ 43.862925222000172, 39.355188611000187 ], [ 43.814646131000131, 39.384791521000125 ], [ 43.775356404000092, 39.373632309000129 ], [ 43.781168494000156, 39.265682431000187 ], [ 43.739513750000128, 39.199329894000073 ], [ 43.703633784000033, 39.191735431000097 ], [ 43.653959792000137, 39.199872356000014 ], [ 43.564143632000082, 39.277986840000153 ], [ 43.375211973000035, 39.38159702400003 ], [ 43.282606011999974, 39.381132057000173 ], [ 43.205343967000147, 39.341532353 ], [ 43.147378060000108, 39.351141674000075 ], [ 43.117697656000132, 39.334170373000177 ], [ 43.168327414000089, 39.249494685 ], [ 43.155256670000028, 39.191244631000188 ], [ 43.018556324000031, 39.100576033000152 ], [ 42.994300536000026, 39.062216243000023 ], [ 43.074018296000077, 38.920219599000177 ], [ 43.21723091500013, 38.914763717000142 ], [ 43.242332250000175, 38.896834191999972 ], [ 43.24322872700003, 38.864561046000119 ], [ 43.207369676000155, 38.815254851000134 ], [ 43.063933471000098, 38.71305655600014 ], [ 42.786025828000049, 38.59382521200007 ], [ 42.757338587000163, 38.515831776000027 ], [ 42.777365439000164, 38.394524430000104 ], [ 42.750799779000033, 38.343188086000168 ], [ 42.682500902000129, 38.310878498000079 ], [ 42.675051747000111, 38.287723294000045 ], [ 42.687706334999973, 38.257747177 ], [ 42.739850419000163, 38.216103710000141 ], [ 42.731234530000052, 38.188640561000057 ], [ 42.704220125000177, 38.182088894000174 ], [ 42.672000286000127, 38.142599400000051 ], [ 42.66446138200007, 38.108135840000102 ], [ 42.690578298000048, 38.086326868000071 ], [ 42.654155367000044, 37.999692653000125 ], [ 42.71214052900018, 38.015682087000073 ], [ 42.75699246500011, 37.990013259000193 ], [ 42.763021442000024, 37.945435369000052 ], [ 42.82340256100008, 37.881674369000052 ], [ 42.860307209000041, 37.79854756300017 ], [ 42.971408641000153, 37.753361690000077 ], [ 43.203330331000132, 37.734399539000094 ], [ 43.333877444000109, 37.736830584000074 ], [ 43.403405331000044, 37.757899641000108 ], [ 43.552671491000069, 37.733508155999971 ], [ 43.636866682000175, 37.774511781000058 ], [ 43.72998425500009, 37.759135861000118 ], [ 43.898116350000123, 37.768671224000059 ], [ 44.032263432000093, 37.806242186000077 ], [ 44.088608327000145, 37.796037206000051 ], [ 44.083791212000108, 37.754239164000012 ], [ 44.124161167000125, 37.756451544000129 ], [ 44.161278381000102, 37.732202628000152 ], [ 44.236271810000176, 37.739358533000086 ], [ 44.308129505000124, 37.779146745000048 ], [ 44.445931716000132, 37.770719829000029 ], [ 44.448776599000098, 37.805050600000072 ], [ 44.425422600000161, 37.797998098999983 ], [ 44.396687500000098, 37.819151099000123 ], [ 44.406548200000088, 37.846438900000123 ], [ 44.388953700000059, 37.862096300000132 ], [ 44.318667399000049, 37.877026299000079 ], [ 44.267048100000011, 37.866784600000074 ], [ 44.222865499000193, 37.887588900000139 ], [ 44.251563799000053, 37.941437199000177 ], [ 44.240766700000108, 37.964231400000131 ], [ 44.308692099000154, 38.043525400000192 ], [ 44.328266800000165, 38.100127299000178 ], [ 44.366975700000182, 38.104110599000023 ], [ 44.350364399000057, 38.134081700000138 ], [ 44.388923099000067, 38.145393600000148 ], [ 44.410720100000106, 38.221017799000037 ], [ 44.402821499000027, 38.252547899000092 ], [ 44.495789599000091, 38.30549660000014 ], [ 44.511445600000059, 38.342613399000129 ], [ 44.461663300000055, 38.359588699000085 ], [ 44.44996540000011, 38.385711200000117 ], [ 44.381320199000186, 38.35790909900004 ], [ 44.362281200000098, 38.375097600000174 ], [ 44.322321800000168, 38.371171300000185 ], [ 44.300489699000082, 38.394133200000056 ], [ 44.31929770000005, 38.408368600000188 ], [ 44.301375200000052, 38.447713800000088 ], [ 44.32459260000013, 38.48404690000018 ], [ 44.30922319900003, 38.529829599000095 ], [ 44.322448000000122, 38.617050199000118 ], [ 44.269089799000142, 38.64977180000011 ], [ 44.283020399000065, 38.67548739900019 ], [ 44.25345660000005, 38.717464500000176 ], [ 44.278878500000133, 38.731741699000111 ], [ 44.287348899000108, 38.784548099000176 ], [ 44.315008700000078, 38.806842299000095 ], [ 44.294014000000118, 38.826350700000148 ], [ 44.300798800000166, 38.840705099000047 ], [ 44.245629300000076, 38.850579900000071 ], [ 44.24580679900015, 38.870172999000033 ], [ 44.210065200000031, 38.892239699000072 ], [ 44.219622800000025, 38.916355599000042 ], [ 44.188192900000104, 38.935027199000046 ], [ 44.200995, 38.949169100000177 ], [ 44.182855798999981, 38.9549181000001 ], [ 44.188952300000039, 38.980422900000065 ], [ 44.171462, 38.991744700000027 ], [ 44.17983169900009, 39.010413199000027 ], [ 44.211788200000171, 39.020739500000104 ], [ 44.190438599000174, 39.074838100000136 ], [ 44.224028899000132, 39.094118299000172 ], [ 44.20776129900014, 39.113704799000175 ], [ 44.213372099000026, 39.130803399000058 ], [ 44.166646099000104, 39.177622900000131 ], [ 44.096591599000021, 39.203581600000177 ], [ 44.103194, 39.242576700000029 ], [ 44.082922499000063, 39.25504450000011 ], [ 44.108384200000103, 39.283643200000085 ], [ 44.081362599000158, 39.293998299000066 ], [ 44.059963300000163, 39.351026400000137 ], [ 43.951311301000089, 39.365842692000172 ], [ 43.862925222000172, 39.355188611000187 ] ] ] } },
{ "type": "Feature", "properties": { "adm1_name": "Yalova", "adm1_pcode": "TUR077", "center_lat": 40.6028134, "center_lon": 29.21556596 }, "geometry": { "type": "Polygon", "coordinates": [ [ [ 29.532899800000052, 40.747568500000114 ], [ 29.514335000000187, 40.74907999900006 ], [ 29.467031899000062, 40.706203 ], [ 29.420467408000093, 40.698535000000106 ], [ 29.384927307000169, 40.711899 ], [ 29.280561300000045, 40.659916099000156 ], [ 28.990753599000186, 40.644207 ], [ 28.931635500000027, 40.600632499000085 ], [ 28.79780829900011, 40.554421699000159 ], [ 28.780779400000085, 40.518088799000111 ], [ 28.854290699999979, 40.506189 ], [ 28.898601999, 40.47248539900005 ], [ 28.975167700000156, 40.455121799000096 ], [ 29.011695572000178, 40.5535081270001 ], [ 29.041281128000094, 40.56537277100017 ], [ 29.111860554000089, 40.561722111000051 ], [ 29.200769334000029, 40.52475918 ], [ 29.36968841099997, 40.565220661000183 ], [ 29.421558205000053, 40.544001200000139 ], [ 29.479132154000183, 40.556094010999971 ], [ 29.496705452000072, 40.596430515 ], [ 29.492473800000027, 40.637806675000093 ], [ 29.563661100000047, 40.698116499000037 ], [ 29.532899800000052, 40.747568500000114 ] ] ] } },
{ "type": "Feature", "properties": { "adm1_name": "Yozgat", "adm1_pcode": "TUR066", "center_lat": 39.60448348, "center_lon": 35.32582847 }, "geometry": { "type": "Polygon", "coordinates": [ [ [ 35.386482173000104, 40.246657931000129 ], [ 35.330190303999984, 40.24377694500015 ], [ 35.238662939000051, 40.194467 ], [ 35.175421245000052, 40.227903195000181 ], [ 35.15270827400002, 40.224441367000111 ], [ 35.151526186000126, 40.169980897000073 ], [ 35.207759788000089, 40.151658536000127 ], [ 35.131515129000036, 40.111889728000165 ], [ 35.173435379000011, 40.049483665000082 ], [ 35.158196539000187, 40.027708195000116 ], [ 35.035850458000084, 40.002293309000152 ], [ 34.9147709, 39.997564958000169 ], [ 34.878801659000089, 40.046030555000186 ], [ 34.793269169000155, 40.005501832000164 ], [ 34.671799099999987, 40.024562997000146 ], [ 34.649508304000051, 40.004171984000095 ], [ 34.641048613000066, 39.965635349000024 ], [ 34.613911926000185, 39.94784574300013 ], [ 34.425824545000125, 40.00205881 ], [ 34.324514254000064, 39.938438359000031 ], [ 34.082575630000065, 39.912447445000168 ], [ 34.06571974600007, 39.82447967600018 ], [ 34.115494721000061, 39.793240369000102 ], [ 34.176816015000156, 39.791442288000098 ], [ 34.247956540000132, 39.728962688000081 ], [ 34.467821838000191, 39.66969784500003 ], [ 34.452727676000109, 39.636404405000121 ], [ 34.465698032000148, 39.615417553000043 ], [ 34.541083263000132, 39.578797913000017 ], [ 34.515401059000055, 39.509850540000173 ], [ 34.522254262, 39.487144979000107 ], [ 34.59355526100012, 39.451771377000171 ], [ 34.620757076000075, 39.411997731000156 ], [ 34.643394253000167, 39.412945840000191 ], [ 34.725394938000079, 39.34810246800015 ], [ 34.907842435000077, 39.300496962000125 ], [ 34.927704534999975, 39.256544661000135 ], [ 34.947493034000104, 39.262294773000065 ], [ 34.966113142000097, 39.245396548000144 ], [ 34.958992175000049, 39.184906605000151 ], [ 34.937082367000187, 39.165816072000041 ], [ 35.010556681000082, 39.11425699900019 ], [ 35.006575589000192, 39.083867995000048 ], [ 35.038291624000067, 39.059915090000175 ], [ 35.051097469000126, 39.016388482000139 ], [ 35.162177504000169, 39.023507090000123 ], [ 35.248006252000152, 38.982238637000137 ], [ 35.357785266000064, 38.954197556 ], [ 35.382668444000103, 39.010464617000025 ], [ 35.456935602000044, 39.075177406000137 ], [ 35.442617430000041, 39.122681624000109 ], [ 35.470397361000039, 39.175832822000132 ], [ 35.499542202000157, 39.194941561000178 ], [ 35.635712039999987, 39.191167987000028 ], [ 35.748036098, 39.233159039000043 ], [ 35.888182572000119, 39.342339392000099 ], [ 35.910073613000122, 39.45845708700017 ], [ 36.038183792000041, 39.435138369000072 ], [ 36.139739186000043, 39.549447674000135 ], [ 36.158679694999989, 39.633109521000165 ], [ 36.148876316000042, 39.720578506000038 ], [ 36.047796814000151, 39.767691833000072 ], [ 36.041610216000038, 39.795483938000018 ], [ 36.08187069600018, 39.821277294000083 ], [ 36.086344081, 39.845833331000165 ], [ 36.028094877000058, 39.877337394999984 ], [ 35.994126423000068, 39.954793017000156 ], [ 35.953760516000159, 39.996786335000138 ], [ 35.941387319, 40.029908432000184 ], [ 35.965467465000074, 40.06217392200017 ], [ 35.957472476000135, 40.090632275000189 ], [ 35.86657706799997, 40.108621 ], [ 35.682216436000033, 40.082446929000071 ], [ 35.665369852000026, 40.107764394000071 ], [ 35.508706146000065, 40.132130073000042 ], [ 35.496713663000151, 40.186381782000069 ], [ 35.451011050000147, 40.233825166000145 ], [ 35.386482173000104, 40.246657931000129 ] ] ] } },
{ "type": "Feature", "properties": { "adm1_name": "Zonguldak", "adm1_pcode": "TUR067", "center_lat": 41.2964984, "center_lon": 31.8426509 }, "geometry": { "type": "Polygon", "coordinates": [ [ [ 32.129473029000053, 41.560214820000112 ], [ 32.088992352000105, 41.588777479000044 ], [ 32.043959600000164, 41.580090786000142 ], [ 32.003404000000103, 41.551003800000046 ], [ 31.862405900000113, 41.511137799000153 ], [ 31.779192500000136, 41.45870530000019 ], [ 31.787438098999985, 41.461214300000108 ], [ 31.788522, 41.453016100000184 ], [ 31.755795100000114, 41.454685700000141 ], [ 31.623336699000163, 41.384860399000104 ], [ 31.400674200000026, 41.315917900000102 ], [ 31.39230850000007, 41.292972899000063 ], [ 31.420812599000101, 41.277037700000108 ], [ 31.417824598999971, 41.262419800000146 ], [ 31.402990799000122, 41.273320599000101 ], [ 31.409241399000166, 41.248791199000038 ], [ 31.403497000000129, 41.246760099000028 ], [ 31.403218300000162, 41.243767700000149 ], [ 31.398300600000084, 41.243341399000144 ], [ 31.394790800000123, 41.239692700000148 ], [ 31.408006500000056, 41.210479799000041 ], [ 31.33431949900006, 41.134818099000029 ], [ 31.279147017000128, 41.111421884000151 ], [ 31.301669052000136, 41.090316295000093 ], [ 31.35113862999998, 41.088462240000126 ], [ 31.443925690000185, 41.053656558000114 ], [ 31.481849557000146, 41.019862180000075 ], [ 31.639107187999969, 41.036127304000104 ], [ 31.861425320000137, 41.004186981000146 ], [ 31.998035515000083, 41.031997817000104 ], [ 32.139196573000106, 41.011097552000194 ], [ 32.102168824000159, 41.08355760600017 ], [ 32.153549055000155, 41.13962548000012 ], [ 32.150423962000104, 41.220877942000186 ], [ 32.190314875000126, 41.264445438000052 ], [ 32.282137509999984, 41.284850467000183 ], [ 32.322950804000072, 41.320240195000054 ], [ 32.284304071000122, 41.327948984000045 ], [ 32.279576013000053, 41.438030502000174 ], [ 32.232154108000088, 41.464317475000087 ], [ 32.221515977000138, 41.549962129000107 ], [ 32.191374611000072, 41.540942845000131 ], [ 32.18952450200004, 41.515195487000142 ], [ 32.165935605000016, 41.502707248000092 ], [ 32.15537456300018, 41.546184822000157 ], [ 32.129473029000053, 41.560214820000112 ] ] ] } }
]
}
