YIL,BÖLGE KODU,BÖLGE ADI,Tahýllar ve diðer bitkisel ürünlerin hasat edilen alaný (hektar) : Toplam,Tahýllar ve diðer bitkisel ürünlerin üretim miktarý (ton) : Toplam,Adrese Dayalý Nüfus Kayýt Sistemine göre nüfus yoðunluðu  : Nüfus yoðunluðu (kilometrekareye düþen kiþi sayýsý),Tarýmsal üretim deðeri  : Bitkisel üretim deðeri  (1000 TL),Ortalama hanehalký büyüklüðü : Ortalama hanehalký büyüklüðü,Adrese Dayalý Nüfus Kayýt Sistemine göre yaþ grubu ve cinsiyete göre nüfus : Toplam,Örtü altý sebze ve meyve üretimi (ton) : Toplam,Belediye atýk istatistikleri : Kiþi baþý ortalama belediye atýk miktarý (kg/kiþi-gün),Kullaným yerlerine göre elektrik tüketimi : Toplam (MWh),Hanehalký tiplerine göre hanehalký sayýsý : Toplam,Niteliklerine göre örtü altý tarým alanlarý (dekar) : Toplam,Ýçme ve kullanma suyu þebekesi ve arýtma tesisleri : Belediyelerde kiþi baþý çekilen günlük su miktarý (litre/kiþi-gün),Tarýmsal üretim deðeri  : Canlý hayvanlar deðeri (1000 TL),Tarýmsal üretim deðeri  : Hayvansal ürünler deðeri (1000 TL),Alan kullanýmý  : Ýþlenen tarým alaný / Ekilen (hektar),Ýçme ve kullanma suyu þebekesi ve arýtma tesisleri : Toplam çekilen su miktarý (1000 m3/yýl),Adrese Dayalý Nüfus Kayýt Sistemine göre il ve ilçe merkezleri ile belde ve köyler nüfusu ve nüfus artýþ hýzý : Belde ve köyler nüfusu,Alan kullanýmý  : Ýþlenen tarým alaný / Nadas (hektar),Tarýmsal üretim deðeri  : Kiþi baþýna bitkisel üretim deðeri (TL),Adrese Dayalý Nüfus Kayýt Sistemine göre yaþ baðýmlýlýk oraný  : Toplam yaþ baðýmlýlýk oraný,Belediye atýk istatistikleri : Toplanan atýk miktarý (1000 ton),Alan kullanýmý  : Ýþlenen tarým alaný / Sebze (hektar),Tarýmsal üretim deðeri  : Kiþi baþýna canlý hayvanlar deðeri (TL),Kullaným yerlerine göre elektrik tüketimi : Tarýmsal faaliyetler (MWh),Ýçme ve kullanma suyu þebekesi ve arýtma tesisleri : Toplam arýtýlan içme ve kullanma suyu miktarý (1000 m3/yýl),Alan kullanýmý  : Toplam uzun ömürlü bitkilerin alaný (hektar)
2008,TR,Türkiye,15520257,74382684,93,66010114,4,71517100,5063265,"1,15",161947528,,542158,215,25521071,23816982,16460257,4546574,17905377,4259190,923,"49,51",24361,835795,357,5806475,2120561,2949981
2010,TR,Türkiye,16239191,90579900,96,80038126,"3,8",73722988,5750466,"1,14",172050628,,563805,216,46873045,38128120,16333002,4784734,17500632,4249026,1086,"48,89",25277,801598,636,5585508,2520085,3010580
2012,TR,Türkiye,15888286,92921409,98,87946988,"3,7",75627384,6170827,"1,12",194923349,,617760,216,63546623,49321861,15463376,4936342,17178953,4286137,1163,"48,03",25845,826736,840,5849875,2729430,3200961
2014,TR,Türkiye,16057638,99443102,101,98123089,"3,6",77695904,6481820,"1,08",207375078,21091075,643442,203,62512147,44332506,15781817,5237407,6409722,4107618,1263,"47,6",28011,803576,805,5161403,2995001,3242811
2016,TR,Türkiye,15893335,110785755,104,119237661,"3,5",79814871,7165241,"1,17",231203746,22206776,691724,217,89865606,62166678,15574639,5838561,6143123,3998296,1494,"47,16",31584,804142,1126,6805436,3350389,3329217
2018,TR,Türkiye,15782361,115048445,107,159142178,"3,4",82003882,8071026,"1,16",258232177,23221218,772091,224,146184051,79150212,15421497,6193158,6337385,3512773,1941,"47,4",32209,783632,1783,9278429,3574058,3456910
2020,TR,Türkiye,16171078,131927312,109,246016799,"3,3",83614362,8519754,"1,13",262702129,24604086,805159,228,195238955,108598173,15628479,6492402,5878321,3173252,2942,"47,75",32324,779246,2335,11550108,3900478,3558749
2022,TR,Türkiye,17139847,137422726,111,,"3,2",85279553,9329382,"1,03",286576318,26075365,810882,229,,,16528804,6676197,5666274,2959561,,"46,8",30284,717680,,13427781,4061607,3671409
2024,TR,Türkiye,17239720,141261544,111,,"3,1",85664944,8984760,"1,09",,26599261,776110,,,,16822362,,5657686,2655434,,"46,12",32279,740686,,,,3799202
2008,TR100,Ýstanbul,68391,313740,2444,258569,"3,8",12697164,8474," 1,15",30008801,,1462,147,191691,314433,68391,666000,128123,-,20,"42,1",5215,3831,15,94765,612293,2483
2010,TR100,Ýstanbul,63991,242510,2551,261585,"3,8",13255685,5740,"1,2",30525034,,1058,195,320958,267096,63991,931885,135089,108,20,"41,69",5731,3867,24,72873,812614,2807
2012,TR100,Ýstanbul,64766,317338,2666,315623,"3,6",13854740,5292,"1,13",33084858,,1422,186,369562,139953,64651,930825,144228,498,23,"40,84",5671,3711,27,27144,930825,2713
2014,TR100,Ýstanbul,65711,290051,2767,348883,"3,5",14377018,5783,"1,16",34964209,3973852,1553,181,289491,236599,65599,951497,-,171,24,"40,35",6065,3410,20,12821,951497,2663
2016,TR100,Ýstanbul,67199,292705,2849,369403,"3,5",14804116,4516,"1,3",36151547,4150576,1591,189,522913,275137,67084,1018601,-,162,25,"40,16",7035,2965,35,45770,983307,2714
2018,TR100,Ýstanbul,66563,300315,2900,483449,"3,4",15067724,4820,"1,28",40425643,4306967,1600,189,884883,326181,66462,1040965,-,156,32,"40,44",7043,2937,59,63053,1040965,2727
2020,TR100,Ýstanbul,67863,302899,2976,629485,"3,3",15462452,5681,"1,23",39263120,4596419,1792,190,1192944,483196,67789,1074134,-,611,41,"40,41",6959,2870,77,52066,1074134,2744
2022,TR100,Ýstanbul,70636,327349,3062,,"3,2",15907951,6534,"1,13",42602610,4859620,1914,190,,,70596,1103672,-,596,,"39,14",6553,2801,,60906,1103672,2802
2024,TR100,Ýstanbul,68470,286601,2934,,"3,1",15701602,7669,"1,23",,4855719,2115,,,,68440,,-,825,,"38,31",7024,2584,,,,2718
2008,TR211,Tekirdað,349672,1433099,122,935080,"3,5",770772,994," 1,63",4829830,,104,191,351713,288868,349672,43382,249218,-,1213,"40,32",372,7193,456,13465,2110,9247
2010,TR211,Tekirdað,344676,1310936,126,819878,"3,5",798109,3527,"1,47",5326923,,188,176,576582,401178,344677,43472,252628,77,1027,"40,95",376,5834,722,10091,4619,9853
2012,TR211,Tekirdað,311898,1515914,135,1056660,"3,3",852321,4252,"1,43",5838473,,210,156,780334,231445,307972,43025,263272,70,1240,"40,19",395,5312,916,17475,7348,9575
2014,TR211,Tekirdað,337753,1663033,144,1319714,"3,3",906732,4314,"1,2",6366016,268862,259,140,789051,318471,334565,46020,-,119,1455,"40,61",397,5115,870,10135,28670,9860
2016,TR211,Tekirdað,389398,1823541,154,1620585,"3,2",972875,7699,"1,37",8302423,291958,297,176,952870,278295,385271,62635,-,36,1666,"41,46",486,4450,979,10436,5452,10889
2018,TR211,Tekirdað,385188,1589742,163,1953450,"3,2",1029927,7865,"1,33",7977933,312645,319,186,1359001,383448,382220,70058,-,-,1897,"42,8",500,3406,1320,18718,8623,11498
2020,TR211,Tekirdað,382703,1799424,171,3173946,"3,1",1081065,8704,"1,15",7607210,334788,314,203,1619824,548847,378227,80148,-,-,2936,"43,31",452,2977,1498,20605,11126,11581
2022,TR211,Tekirdað,405651,1767989,181,,"3,1",1142451,4201,"1,16",8308983,364278,328,217,,,400751,90411,-,-,,"43,47",485,2944,,21144,10345,11662
2024,TR211,Tekirdað,405449,1685914,191,,3,1187162,3155,"1,19",,381082,329,,,,401064,,-,7881,,"43,26",515,2504,,,,11760
2008,TR212,Edirne,335935,1642778,65,1161513,"3,2",394644,804," 1,81",862269,,80,155,366008,284552,335938,16583,132605,-,2943,"39,06",193,11105,927,97976,9145,3338
2010,TR212,Edirne,348689,1797556,64,1327241,"3,1",390428,907,"1,84",1001818,,85,172,549934,343697,348768,18269,128508,111,3399,"39,64",194,9328,1409,97340,6859,3447
2012,TR212,Edirne,294541,1614394,66,1199099,3,399708,902,"2,01",1081594,,76,197,677210,240640,288849,21907,123129,155,3000,"38,31",224,8507,1694,114461,13524,4574
2014,TR212,Edirne,305317,1742789,66,1659591,"2,9",400280,940,"1,81",1056059,128719,91,190,687893,308582,300319,20525,116435,654,4146,"38,94",199,6820,1719,82425,14836,5766
2016,TR212,Edirne,315278,1685637,66,1587660,"2,9",401701,950,"1,59",1078745,133086,96,212,951603,313621,307425,23247,110978,645,3952,"39,84",179,5754,2369,99601,12369,5891
2018,TR212,Edirne,309589,1665229,68,2175835,"2,8",411528,735,"1,33",1183017,136980,89,214,1150214,415348,303128,24476,111330,634,5287,"40,9",155,5730,2795,114347,19180,4392
2020,TR212,Edirne,306689,1731198,67,3715927,"2,7",407763,880,"1,33",1214848,141654,83,223,1633461,622988,300598,25504,105876,680,9113,"43,89",155,5018,4006,125386,19114,4351
2022,TR212,Edirne,337185,1842876,68,,"2,6",414714,705,"1,23",1269686,148451,72,242,,,330584,28798,101153,675,,"44,45",148,4080,,107856,21477,5608
2024,TR212,Edirne,345172,1683221,69,,"2,6",421247,865,"1,19",,150672,86,,,,339188,,99079,422,,"45,78",146,3874,,,,6234
2008,TR213,Kýrklareli,227999,1024798,54,524585,"3,2",336942,520," 1,43",1680453,,47,258,284450,194612,228147,24410,118871,1037,1557,"40,17",137,4054,844,8273,6349,1415
2010,TR213,Kýrklareli,225707,933720,53,500409,"3,1",332791,623,"1,49",1574076,,43,185,445854,320835,225707,17833,113458,1127,1504,"40,43",144,3753,1340,10277,5728,1771
2012,TR213,Kýrklareli,182372,1050152,54,604464,3,341218,760,"0,87",1871880,,85,183,821558,283592,174797,18416,109064,10869,1771,"38,86",78,3634,2408,9267,6798,2119
2014,TR213,Kýrklareli,225175,1288133,55,803756,3,343723,253,"1,3",2065081,110222,62,148,812000,297893,220172,14817,107221,2258,2338,"38,77",130,2585,2362,7769,5387,2275
2016,TR213,Kýrklareli,235181,1233498,56,883275,"2,9",351684,303,"1,24",2634711,115109,72,202,838603,254956,230611,20935,103667,1748,2512,"39,04",129,2251,2385,18013,6409,2355
2018,TR213,Kýrklareli,235197,1299709,57,1159081,"2,8",360860,359,"1,19",2371401,119690,87,199,1265383,383518,231460,20997,104110,927,3212,"40,18",127,1863,3507,9978,5512,2761
2020,TR213,Kýrklareli,229924,1412398,58,1827556,"2,8",361737,1062,"1,17",2463876,125248,146,213,1978453,602012,226472,23083,98884,424,5052,"43,1",127,1558,5469,26891,7298,3093
2022,TR213,Kýrklareli,247312,1353275,59,,"2,7",369347,1251,1,2930497,131948,183,230,,,243474,25627,97876,307,,"44,03",112,1448,,33660,9557,3217
2024,TR213,Kýrklareli,243269,1227337,59,,"2,7",379031,2483,"1,04",,135272,316,,,,243948,,99331,463,,"45,16",119,1412,,,,3393
2008,TR221,Balýkesir,296556,1784370,79,1737117,"3,1",1130276,5675," 1,46",2120485,,528,224,1212631,1980218,296556,62371,468077,3391,1537,"44,53",415,34661,1073,213060,30189,90636
2010,TR221,Balýkesir,271226,1690836,81,1958786,3,1152323,6485,"1,48",2469181,,519,233,2086641,2473434,271242,67447,457397,15340,1700,"44,05",445,31183,1811,182780,32238,91294
2012,TR221,Balýkesir,313559,2095664,81,2119782,"2,9",1160731,7466,"1,49",2669963,,614,256,2458422,696308,303134,76703,448988,14730,1826,"43,82",457,31006,2118,60579,38345,93230
2014,TR221,Balýkesir,289836,2201944,83,1973289,"2,8",1189057,7169,"1,37",2686242,410437,645,202,2571295,1220928,277629,86966,-,18624,1660,"44,85",536,29369,2162,58403,46482,95088
2016,TR221,Balýkesir,284674,3275698,84,2530640,"2,8",1196176,8489,"1,54",3034162,418435,692,238,3265064,935215,270867,102922,-,20402,2116,"45,23",665,27688,2730,67865,46201,94119
2018,TR221,Balýkesir,269922,3439313,86,2727906,"2,7",1226575,8787,"1,49",3455075,433775,672,308,4586401,1220029,254259,138060,-,18898,2224,"46,45",665,25348,3739,102239,48622,95078
2020,TR221,Balýkesir,267948,3659612,87,3935967,"2,7",1240285,7812,"1,15",3914883,447607,1090,313,6237464,1876374,250845,141904,-,15904,3173,"47,78",511,26456,5029,174837,54097,97002
2022,TR221,Balýkesir,277948,4206303,88,,"2,6",1257590,23397,"0,97",4284262,464845,3717,290,,,258281,133164,-,9664,,"48,3",445,20333,,140485,53742,102291
2024,TR221,Balýkesir,274534,4170493,90,,"2,6",1276096,13787,"1,02",,473746,1521,,,,253683,,-,9250,,"49,4",477,23633,,,,98859
2008,TR222,Çanakkale,180826,969475,48,1204712,"2,9",474791,1510," 1,36",2458622,,240,230,444521,314294,180839,25797,226783,18332,2537,"41,63",152,19510,936,26642,9750,45282
2010,TR222,Çanakkale,189399,1477336,49,1739453,"2,9",490397,1445,"1,31",3403981,,278,229,875324,502202,189399,27084,221362,20492,3547,"40,57",155,20170,1785,31358,10361,49480
2012,TR222,Çanakkale,192606,1964075,50,1907565,"2,8",493691,2087,"1,35",4228237,,309,213,1140024,352806,185688,26268,215636,16534,3864,"41,16",166,20987,2309,35582,13536,51676
2014,TR222,Çanakkale,195702,2220858,52,1873084,"2,7",511790,2524,"1,46",3928924,178131,334,186,1109494,418390,188731,23459,214704,21917,3660,"41,72",175,20529,2168,25272,14462,53196
2016,TR222,Çanakkale,202648,2317739,52,2201088,"2,7",519793,2808,"1,65",3888236,184030,368,181,1507794,455904,196015,23853,211652,19035,4235,"42,69",220,20586,2901,41296,13929,55112
2018,TR222,Çanakkale,205968,2650747,54,3326007,"2,7",540662,4667,"1,85",4411702,192347,556,192,2040519,665180,199074,26832,214636,14992,6152,"43,7",262,20431,3774,38500,15957,57056
2020,TR222,Çanakkale,211425,3142079,55,5055441,"2,6",541548,10599,"1,85",3973201,200253,777,231,2605360,1005148,202628,32214,212346,13561,9335,"46,49",257,22259,4811,55098,20408,58759
2022,TR222,Çanakkale,221540,3677455,56,,"2,5",559383,14289,"1,74",4103819,209136,1036,240,,,206314,35684,213357,13581,,"46,24",257,20122,,55124,24447,60400
2024,TR222,Çanakkale,218301,3190634,58,,"2,5",568966,12430,"1,82",,214285,961,,,,200513,,216299,17361,,"47,58",275,18843,,,,60498
2008,TR310,Ýzmir,160784,2436522,316,2769679,"3,4",3795978,165485," 1,07",15728899,,8037,173,1049772,1310221,160804,217382,345441,4373,730,"39,97",1351,41863,277,537962,66470,139132
2010,TR310,Ýzmir,162912,3201720,329,3375542,"3,3",3948848,167099,"1,26",14902574,,8522,192,1826631,2041349,162919,254621,342522,4409,855,"39,51",1686,41149,463,612248,194860,140623
2012,TR310,Ýzmir,166609,3430030,333,4066898,"3,2",4005459,181659,"1,2",16992650,,13641,223,2420897,664678,135181,300048,343529,7080,1015,"39,97",1613,43094,604,420287,146400,142542
2014,TR310,Ýzmir,173146,3937355,342,4238673,"3,1",4113072,202532,"1,12",17893941,1295112,14994,180,2748317,1248796,137051,269689,-,3565,1031,"40,53",1660,40845,668,387134,201707,146925
2016,TR310,Ýzmir,169743,4082608,352,4817397,3,4223545,179188,"1,32",19241946,1349952,15529,173,4208450,1122299,134938,267435,-,3042,1141,"41,21",2026,39309,996,429614,229911,148516
2018,TR310,Ýzmir,170349,4346894,360,4952432,3,4320519,165923,"1,36",20981892,1401292,15726,208,6980056,1835777,133505,324557,-,3127,1146,"42,3",2132,37956,1616,429958,244872,148083
2020,TR310,Ýzmir,176433,4736667,366,7391570,"2,9",4394694,162838,"1,46",20078196,1464582,17604,221,7771782,2787927,135701,355210,-,2318,1682,"43,36",2337,35941,1768,495009,255274,150103
2022,TR310,Ýzmir,206681,5958663,371,,"2,8",4462056,162825,"1,22",21216727,1540621,13179,210,,,156906,341688,-,2644,,"43,23",1983,28151,,526779,253932,153411
2024,TR310,Ýzmir,205699,6150332,375,,"2,8",4493242,152322,"1,23",,1569603,13182,,,,157624,,-,2462,,"43,32",2009,35391,,,,149567
2008,TR321,Aydýn,156517,1493257,123,1536648,"3,3",965500,28123," 1,49",1614235,,6788,235,634414,506487,157169,58514,408800,1962,1592,"45,68",374,10839,657,94788,5960,209258
2010,TR321,Aydýn,150055,1677442,126,1783161,"3,2",989862,43185,"1,28",1662543,,9963,188,1136757,728338,150583,50084,401310,2552,1801,"45,21",343,11589,1148,104394,6275,210779
2012,TR321,Aydýn,150891,2335724,128,2005986,"3,1",1006541,51518,"1,25",2033093,,12033,211,1241715,414158,132967,57943,394695,3557,1993,"45,01",346,11129,1234,84978,12847,215521
2014,TR321,Aydýn,161505,2575442,133,2329530,3,1041979,61438,"1,16",2119951,332705,13579,257,1158958,518302,140490,87987,-,3292,2236,"45,52",431,10907,1112,77173,13442,215544
2016,TR321,Aydýn,155357,2616871,136,2710083,3,1068260,68161,"1,44",2467186,347829,15066,233,1630661,525029,134469,88220,-,3334,2537,"45,56",547,10741,1526,88619,16929,216358
2018,TR321,Aydýn,151856,2987034,140,3650106,"2,9",1097746,69026,"1,22",2694975,364154,15018,196,2723899,923835,129132,78499,-,2276,3325,"47,01",479,9700,2481,89553,40690,215427
2020,TR321,Aydýn,166305,3685557,143,4631885,"2,9",1119084,57187,"1,22",2797593,381646,12507,193,3348991,1329289,125441,78950,-,2244,4139,"48,41",485,9927,2993,101126,41227,215864
2022,TR321,Aydýn,191995,3577442,146,,"2,8",1148241,50584,"1,1",3570261,402653,10907,195,,,142205,81655,-,2846,,"48,84",456,7455,,124161,34207,218488
2024,TR321,Aydýn,180455,3596339,145,,"2,7",1165943,60562,"1,2",,412236,11407,,,,139933,,-,4230,,"49,69",507,6753,,,,216845
2008,TR322,Denizli,253392,1302097,79,1339402,"3,4",917836,6270," 1,04",2353864,,293,276,435012,307726,254613,73658,297643,11168,1459,"45,97",280,14529,474,55368,105,78601
2010,TR322,Denizli,259656,1641852,80,1564767,"3,3",931823,9596,"0,99",2486518,,509,207,799376,547901,259667,58030,290730,12134,1679,"45,55",280,14612,858,51599,220,81131
2012,TR322,Denizli,259416,1947624,81,1999253,"3,2",950557,12249,"1,05",2870577,,605,239,1226381,398969,249791,69541,279745,15694,2103,"44,61",306,15205,1290,64964,164,85958
2014,TR322,Denizli,264909,2142478,84,2184829,"3,1",978700,15199,"1,02",3120299,305134,711,180,981115,505733,254281,64322,-,16692,2232,"44,37",361,13287,1002,66365,164,83163
2016,TR322,Denizli,249446,2180601,86,2477122,"3,1",1005687,17080,"1,09",3428507,318423,878,232,1530279,459953,239999,84252,-,19566,2463,"44,02",401,13291,1522,85950,-,85807
2018,TR322,Denizli,244897,2249569,88,3261560,3,1027782,29792,"1,08",3867094,329679,1429,245,2523027,797177,235946,90993,-,18698,3173,"44,71",402,13558,2455,84314,-,87239
2020,TR322,Denizli,246016,2855517,89,5328594,"2,9",1040915,37956,"0,97",3871071,344422,1838,216,3393394,1073163,235609,82092,-,19702,5119,"45,37",365,14253,3260,105627,-,95446
2022,TR322,Denizli,248206,2580564,90,,"2,9",1056332,43764,"0,89",4024304,360572,2168,232,,,236473,89427,-,23691,,"44,88",343,13466,,104654,3000,95607
2024,TR322,Denizli,245348,2225952,88,,"2,8",1061371,46188,"0,91",,365383,2759,,,,233147,,-,31143,,"44,96",352,13892,,,,92062
2008,TR323,Muðla,97474,556505,62,1317677,"3,2",791424,368997," 2,14",1925934,,28396,361,340559,368210,98355,65899,462298,7248,1665,"42,93",399,22414,430,38241,14348,110695
2010,TR323,Muðla,86719,601631,64,1950107,"3,1",817503,480780,"1,93",2008087,,32173,364,613591,503593,88292,70930,467453,8593,2385,"43,01",397,22179,751,43065,19597,114614
2012,TR323,Muðla,92114,747438,66,2271437,3,851145,538689,"2,12",2404899,,32643,335,751062,399248,84974,69523,477208,14480,2669,"42,57",462,20903,882,54334,18489,116263
2014,TR323,Muðla,88768,894965,70,2134166,"2,9",894509,557003,"1,73",2596570,295965,42651,347,596668,491989,78435,108896,-,15993,2386,"43,33",536,19088,667,41882,29726,115864
2016,TR323,Muðla,86323,1025408,72,2462220,"2,9",923773,627112,"1,97",3169187,310104,38952,239,995014,631806,76574,80623,-,18157,2665,"43,05",660,18225,1077,72987,30735,120393
2018,TR323,Muðla,89298,1309888,75,2843914,"2,9",967487,657380,"1,95",3635422,328694,39049,403,1974634,933667,78390,135108,-,13710,2939,"43,57",674,17202,2041,47137,34299,120485
2020,TR323,Muðla,86678,1715291,78,3983450,"2,8",1000773,705026,"1,86",3199647,349803,39740,383,2790413,1178615,74041,137022,-,16070,3980,"44,45",677,12792,2788,76500,33724,121620
2022,TR323,Muðla,77437,1547237,82,,"2,7",1048185,580725,"1,53",3881088,374791,31543,376,,,65146,140999,-,11033,,"43,97",582,9119,,103889,37700,119870
2024,TR323,Muðla,75721,1504820,87,,"2,7",1081867,495159,"1,87",,383774,30875,,,,63095,,-,11155,,"44,11",735,7641,,,,119598
2008,TR331,Manisa,274737,1535770,101,2366435,"3,5",1316750,7902," 1,28",2674586,,534,202,653363,934157,275867,74910,472751,10516,1797,"45,7",474,36473,496,302764,11165,173066
2010,TR331,Manisa,253958,1189726,105,2469709,"3,4",1379484,18557,"1,21",2911462,,873,156,944659,1570097,254704,61724,455217,13140,1790,"42,87",481,34926,685,209508,15953,179491
2012,TR331,Manisa,266383,1315075,103,2627956,"3,3",1346162,31258,"1,27",3445768,,1359,164,1430813,242616,258109,62420,441649,10884,1952,"44,71",492,33784,1063,315080,21073,185721
2014,TR331,Manisa,265578,1524623,104,2750708,"3,2",1367905,36698,"1,25",3833971,417105,1496,154,1404262,799596,256255,73637,-,11675,2011,"44,76",619,33776,1027,364091,1022,192580
2016,TR331,Manisa,250951,1540271,107,3525892,"3,2",1396945,39348,"1,34",4631981,431945,1708,176,2173470,341183,241899,86301,-,11863,2524,"44,99",676,33734,1556,388548,35099,205025
2018,TR331,Manisa,246685,1765287,109,4754917,"3,1",1429643,49578,"1,25",5018709,445837,2629,153,2954208,477863,236106,76562,-,11601,3326,"45,8",642,31449,2066,377554,40434,213694
2020,TR331,Manisa,244355,1753811,111,7543547,3,1450616,49535,"1,21",5179643,465690,2323,216,4521486,746219,233721,111050,-,12656,5200,"46,94",638,35014,3117,443180,30997,225649
2022,TR331,Manisa,239995,1714200,112,,3,1468279,59490,"1,18",5705705,484990,2406,191,,,229755,99537,-,13367,,47,635,29421,,486238,37373,237517
2024,TR331,Manisa,219780,1577944,111,,"2,9",1475353,42266,"1,09",,490805,2071,,,,210619,,-,11998,,"47,41",587,33439,,,,247804
2008,TR332,Afyonkarahisar,387981,2191269,49,989320,4,697365,456," 1,24",1061326,,37,252,631197,833366,388999,50097,341612,110897,1419,"51,94",238,8086,905,129555,-,16004
2010,TR332,Afyonkarahisar,378540,2646974,49,1296014,"3,8",697559,4096,"1,25",1116419,,170,227,1084969,979769,395492,44503,332138,69259,1858,"51,68",247,7831,1555,92885,9260,16790
2012,TR332,Afyonkarahisar,366975,2574903,49,1209395,"3,7",703948,4774,"1,24",1283734,,218,215,1455694,332676,366478,43367,326103,73516,1718,"49,99",249,7493,2068,120163,14398,18083
2014,TR332,Afyonkarahisar,366501,2692300,49,1590468,"3,6",706371,19541,"1,26",1436783,191416,596,167,1563204,1066805,365465,31551,304130,74790,2252,"49,49",238,7107,2213,112776,12292,17090
2016,TR332,Afyonkarahisar,364808,2997149,50,1665219,"3,5",714523,20966,"1,05",1623043,196983,648,169,2084042,512184,364045,32406,296672,85106,2331,"49,04",207,6938,2917,140352,10632,17658
2018,TR332,Afyonkarahisar,361254,3090749,51,2343891,"3,5",725568,31612,"1,03",1821283,203142,1140,204,3753708,753436,359878,40065,300901,80550,3230,"49,6",206,7687,5173,145774,12876,18344
2020,TR332,Afyonkarahisar,370892,3585853,51,3792040,"3,3",736912,66665,"0,96",1941250,213106,1389,201,4903318,1315292,372334,40799,292460,75553,5146,"49,85",197,7520,6654,226231,12847,18693
2022,TR332,Afyonkarahisar,391874,4081460,52,,"3,2",747555,89275,"0,93",2069402,224361,1743,210,,,392416,44154,286119,135009,,"48,44",198,8703,,231803,11655,15925
2024,TR332,Afyonkarahisar,392855,3851134,55,,"3,2",750193,130125,"0,92",,228770,2501,,,,389493,,286772,138086,,"48,13",199,8480,,,,15819
2008,TR333,Kütahya,286299,1184635,47,653128,"3,4",565884,5014," 1,66",956408,,378,239,352450,204891,286361,38619,218811,47050,1154,"44,3",269,7047,623,4484,8500,6633
2010,TR333,Kütahya,255809,1017098,49,629495,"3,3",590496,5893,"1,72",1165541,,337,211,708039,403193,257813,35781,206924,48998,1066,"41,31",292,7142,1199,3416,9483,7953
2012,TR333,Kütahya,259505,989477,48,652634,"3,2",573421,6886,"1,28",1365949,,422,189,815559,196552,260507,31405,198154,45283,1138,"42,34",212,6580,1422,4995,10711,7537
2014,TR333,Kütahya,251237,1116346,48,851206,"3,1",571554,10765,"1,13",1365423,174982,388,224,697159,360392,251487,34919,183601,39372,1489,"42,77",175,6486,1220,6370,6577,7963
2016,TR333,Kütahya,238825,1013450,48,989088,3,573642,7839,"0,98",1459590,179924,590,174,1104767,241714,240525,27687,174044,43529,1724,"43,26",156,7272,1926,7236,6944,10397
2018,TR333,Kütahya,242572,1363046,48,1098897,3,577941,8944,"0,99",1611156,184030,609,174,1632805,400720,244205,27976,173338,55296,1901,"44,14",160,6649,2825,7503,6529,10007
2020,TR333,Kütahya,244514,1582489,48,1584494,"2,9",576688,1288,"0,93",1741909,189584,210,168,1911358,599191,245897,27249,161878,49002,2748,"45,14",154,6478,3314,11488,599,10033
2022,TR333,Kütahya,240394,1647815,48,,"2,8",580701,11175,"0,87",2061739,196341,682,216,,,240115,36361,152716,53359,,"43,81",147,6437,,13379,585,10310
2024,TR333,Kütahya,236348,1667509,49,,"2,7",571078,19473,"0,93",,197537,827,,,,235833,,146991,53468,,"45,15",155,5224,,,,11462
2008,TR334,Uþak,186335,553153,63,481383,"3,5",334111,5538," 1,22",867082,,278,262,249674,124240,186335,23527,116544,1639,1441,"46,8",109,7224,747,20233,1577,8004
2010,TR334,Uþak,203021,729563,63,523537,"3,4",338019,6810,"1,24",904860,,389,183,531000,268168,204119,16903,112449,1458,1549,"46,22",115,6719,1571,19068,614,8105
2012,TR334,Uþak,205663,738382,64,636855,"3,2",342269,7120,"1,31",1044856,,386,177,676751,165666,214206,16073,108610,759,1861,"45,2",124,7160,1977,24904,4495,8402
2014,TR334,Uþak,206742,706067,65,675497,"3,2",349459,6587,"1,18",1266038,107621,406,177,678555,164907,206407,15642,106570,1431,1933,"44,73",110,7280,1942,18580,6526,8572
2016,TR334,Uþak,198491,733292,67,884349,"3,1",358736,8087,"1,48",1509996,112184,570,181,919779,258327,198106,16955,105003,2218,2465,"44,02",144,7424,2564,20032,6143,9297
2018,TR334,Uþak,197967,806967,69,1100571,3,367514,9402,"1,41",1659436,116761,624,178,1072890,309039,197552,17687,93677,3002,2995,"44,41",145,7137,2919,20132,6840,8866
2020,TR334,Uþak,198886,917708,69,1469302,"2,9",369433,8669,"1,31",1686533,121992,635,172,2124886,463171,200183,17478,89548,4043,3977,"45,82",138,7500,5752,44555,6500,10284
2022,TR334,Uþak,199606,944156,70,,"2,8",375454,8452,"1,14",1989281,127577,622,171,,,202058,17841,87570,3837,,"45,05",124,7666,,47145,2712,12968
2024,TR334,Uþak,194145,826591,67,,"2,8",375310,7976,"1,1",,129755,700,,,,193646,,87273,6371,,"45,61",119,6743,,,,12119
2008,TR411,Bursa,190039,1534009,241,2210985,"3,7",2507963,5560," 1,06",7972474,,561,166,428015,528314,191698,133132,303089,18852,882,"43,53",849,48092,171,50089,98306,79434
2010,TR411,Bursa,167149,1749833,250,2114469,"3,6",2605495,6350,"0,99",8573704,,422,157,644547,744791,183202,135375,296921,17689,812,"43,22",858,43471,247,152370,92892,78717
2012,TR411,Bursa,173873,1700404,258,2497807,"3,5",2688171,12309,"0,96",9149525,,767,143,922092,276034,161585,128038,286159,32439,929,"43,01",860,46834,343,99901,101082,85503
2014,TR411,Bursa,168609,2256010,267,3034408,"3,4",2787539,12570,1,9631496,805522,920,125,1030054,531956,153591,127248,-,24507,1089,"43,26",1011,44053,370,76165,101589,87315
2016,TR411,Bursa,160932,2189456,278,3519084,"3,3",2901396,12740,"1,11",10811030,851448,954,163,1374336,332038,145917,173017,-,22650,1213,"43,48",1178,43065,474,98973,115310,88615
2018,TR411,Bursa,164557,2727724,287,5535648,"3,3",2994521,13689,"1,08",12713882,890832,1098,171,2386914,546678,149300,187188,-,19922,1849,"44,47",1181,41835,797,99485,136645,92343
2020,TR411,Bursa,158575,2661407,298,7644498,"3,2",3101833,18385,"1,03",12360361,939400,1314,199,3097846,767044,142415,225220,-,21541,2465,"44,8",1167,38537,999,160059,103372,94710
2022,TR411,Bursa,160836,2983208,307,,"3,1",3194720,16953,"0,89",13830896,994542,1227,203,,,143463,236303,-,24767,,"44,63",1033,34913,,146895,130514,95968
2024,TR411,Bursa,161300,2931604,312,,"3,1",3238618,19762,"1,08",,1023044,1512,,,,144138,,-,19152,,"44,41",1278,40366,,,,96675
2008,TR412,Eskiþehir,335286,1728568,54,592338,"3,2",741739,7047," 1,14",1838120,,498,175,342045,247818,362873,42079,88076,167038,799,"39,79",273,8955,461,144303,35097,3723
2010,TR412,Eskiþehir,332578,1798997,55,834438,"3,1",764584,8810,"1,09",1950433,,1028,164,587545,325132,335675,41454,82730,109367,1091,"39,68",274,8976,768,88990,35944,4328
2012,TR412,Eskiþehir,326714,2141928,57,940700,"2,9",789750,24505,"0,92",2301403,,2244,168,705345,175581,325770,44520,78920,134686,1191,"39,05",243,10214,893,121204,38563,3942
2014,TR412,Eskiþehir,334475,2475228,59,1020024,"2,8",812320,26927,"0,93",2809240,278215,3191,146,719689,268718,361327,43237,-,210071,1256,"39,37",272,10023,886,144170,38468,4083
2016,TR412,Eskiþehir,358534,3061375,61,1590291,"2,8",844842,28596,"1,04",3262254,294919,3104,180,1023529,288636,357965,55593,-,201380,1882,"39,92",318,11062,1212,146874,43328,4212
2018,TR412,Eskiþehir,358444,2966837,63,1981285,"2,7",871187,48728,"1,05",3236648,308996,3835,166,1591854,350458,357806,52667,-,176535,2274,"41,19",332,9836,1827,178042,45936,4219
2020,TR412,Eskiþehir,389357,3855760,64,3340168,"2,7",888828,53344,"1,02",3321607,321198,4362,167,2640474,536173,390400,54134,-,152115,3758,"42,5",328,11685,2971,255255,49418,4356
2022,TR412,Eskiþehir,386834,3032398,65,,"2,6",906617,83287,"0,93",3717532,333016,4787,168,,,384927,55655,-,147989,,"42,29",308,10395,,300720,47368,4484
2024,TR412,Eskiþehir,404531,3595763,66,,"2,6",921630,105060,"1,03",,340727,5995,,,,402436,,-,137028,,"42,25",345,14867,,,,4260
2008,TR413,Bilecik,56475,200227,45,369771,"3,3",193169,23323," 1,25",962005,,1348,205,116140,139947,56480,12014,55492,13004,1914,"46,6",73,7878,601,7464,150,11318
2010,TR413,Bilecik,51435,203974,52,455955,"3,3",225381,38998,"1,08",1167249,,2270,256,158975,159803,51435,17283,51992,12833,2023,"37,41",73,7701,705,11651,158,11014
2012,TR413,Bilecik,52888,231065,47,456000,"3,1",204116,39691,"1,32",1196465,,2681,195,202017,43299,52918,11815,49164,14323,2234,"42,89",80,7824,990,6434,-,11491
2014,TR413,Bilecik,50746,239540,49,497746,"3,1",209925,52546,"1,21",1371199,63276,3593,194,181965,59277,50866,11943,46416,11613,2371,"42,2",76,7770,867,5311,-,11454
2016,TR413,Bilecik,52023,209676,51,583580,3,218297,53374,"1,13",1487989,65854,3860,168,215425,56492,52002,10938,43626,11705,2673,"41,48",75,6891,987,7172,-,14583
2018,TR413,Bilecik,50132,188848,52,681350,3,223448,56444,"1,09",1860180,68458,4561,157,402331,72485,50072,10559,43146,11771,3049,"42,02",75,6619,1801,5740,-,14077
2020,TR413,Bilecik,52321,228727,51,961940,"2,9",218717,52694,"1,18",2053304,71258,3727,198,546312,100682,52254,13073,39936,9867,4398,"45,02",80,5876,2498,17474,-,13840
2022,TR413,Bilecik,53768,215196,53,,"2,8",228673,51484,"0,85",2367717,75032,7005,246,,,56750,17490,37900,9442,,"43,28",61,5554,,19720,-,15245
2024,TR413,Bilecik,56723,224275,54,,"2,8",228495,61469,"0,98",,76535,7519,,,,56684,,37616,10794,,"44,67",70,5283,,,,15111
2008,TR421,Kocaeli,68387,335477,413,296545,"3,9",1490358,8418," 0,99",10076404,,1079,248,299617,361225,68395,121950,97625,8337,199,"43,76",480,3052,201,13099,112418,12651
2010,TR421,Kocaeli,66410,401624,432,375594,"3,9",1560138,11887,"0,97",10847569,,1712,253,320502,353223,66441,134757,100366,5016,241,"43,62",513,3408,205,10663,126916,12830
2012,TR421,Kocaeli,65571,367135,453,327572,"3,7",1634691,15169,"1,01",11881577,,2383,251,513407,140556,64051,140095,107284,8831,200,"43,07",555,3294,314,22018,134875,12937
2014,TR421,Kocaeli,60132,409932,477,422616,"3,6",1722795,16483,"0,91",12333878,472316,2239,237,533772,132237,58416,148738,-,9635,245,"43,14",573,3275,310,17521,137548,12543
2016,TR421,Kocaeli,59018,419893,507,455347,"3,5",1830772,17112,1,13743023,509604,2317,238,715297,157058,57158,159166,-,9702,249,"43,17",669,3185,391,14078,147725,12381
2018,TR421,Kocaeli,56420,422067,528,508466,"3,4",1906391,17513,"1,02",14134822,538554,2191,235,818483,220493,54331,163628,-,8431,267,44,713,3319,429,9961,147773,12544
2020,TR421,Kocaeli,58582,449437,553,756235,"3,4",1997258,17909,"0,98",14729835,580260,2468,236,1096392,331551,56436,172395,-,6765,379,"44,3",713,3138,549,19623,152662,13114
2022,TR421,Kocaeli,53597,504853,576,,"3,2",2079072,19143,"0,82",16320044,626191,2119,235,,,51431,178294,-,12148,,"43,83",622,1958,,21529,160542,13759
2024,TR421,Kocaeli,55819,497467,623,,"3,2",2130006,17461,"0,97",,650469,2341,,,,53581,,-,11004,,"43,06",754,2688,,,,14808
2008,TR422,Sakarya,96540,1279899,176,1052981,4,851292,9315," 1,18",1953023,,378,273,370949,660751,96909,64705,229246,41,1237,"47,24",280,10036,436,48548,58315,80334
2010,TR422,Sakarya,89443,1307375,180,1125914,4,872872,3159,"0,97",1965821,,386,262,785426,1293699,89463,65037,225973,303,1290,"46,69",240,8245,900,12754,53411,80246
2012,TR422,Sakarya,97899,1322071,186,1282313,"3,8",902267,4604,"1,16",2343210,,642,285,916624,202315,90546,73893,221630,1770,1421,"45,17",300,7912,1016,30249,40693,80568
2014,TR422,Sakarya,89714,1382987,193,1451701,"3,7",932706,4634,1,2795554,246518,1117,276,880291,262447,84186,93876,-,2742,1556,"45,01",340,8589,944,26383,74336,83758
2016,TR422,Sakarya,79975,1332872,202,1716834,"3,6",976948,4099,"1,13",3326837,262660,597,343,1198617,234709,72962,122276,-,169,1757,"44,5",401,8064,1227,24412,76525,86688
2018,TR422,Sakarya,76701,1348666,209,1982186,"3,5",1010700,4315,"1,08",3586676,280658,683,332,919908,310197,69914,122350,-,108,1961,"45,12",394,7828,910,20106,85114,88375
2020,TR422,Sakarya,75788,1491687,216,3251339,"3,4",1042649,4623,"0,98",3673938,301391,555,324,1364215,497942,68811,122155,-,905,3118,"45,81",371,7660,1308,57181,95178,91531
2022,TR422,Sakarya,78383,1423824,223,,"3,2",1080080,3920,"0,91",4089966,324722,693,320,,,71550,126205,-,717,,"45,22",355,6262,,72782,95703,95186
2024,TR422,Sakarya,75969,1256930,232,,"3,2",1110735,2360,"0,99",,336831,602,,,,69579,,-,341,,"45,02",398,4912,,,,95283
2008,TR423,Düzce,20473,196314,128,370656,"3,9",328611,234," 1,55",615789,,43,258,97591,69095,20482,17149,144589,23,1128,"48,17",102,1281,297,9452,12493,62896
2010,TR423,Düzce,8078,127433,132,386387,"3,9",338188,505,"1,66",725679,,67,224,126017,136441,8088,16893,144060,560,1143,"47,38",125,501,373,635,10934,62897
2012,TR423,Düzce,9965,188495,135,502975,"3,7",346493,834,"1,65",837616,,110,198,267685,91305,9565,15559,145059,22,1452,"45,62",130,584,773,11807,10288,62928
2014,TR423,Düzce,11518,256253,139,604840,"3,6",355549,920,"1,49",910960,96484,99,201,232448,79565,10703,16140,138325,-,1701,"45,2",122,855,654,9883,11962,62900
2016,TR423,Düzce,11094,249253,144,640946,"3,5",370371,953,"1,31",998261,101838,102,179,349996,91187,10408,15695,134674,-,1731,"43,9",116,818,945,8124,11322,62897
2018,TR423,Düzce,10946,268559,151,611131,"3,4",387844,985,"1,17",1029809,108087,103,195,412458,127795,10209,18204,137682,-,1576,"43,89",109,857,1063,5052,11077,63382
2020,TR423,Düzce,11632,298252,154,954405,"3,3",395679,1039,"0,93",1067918,115339,109,204,505858,164137,10409,20204,131951,-,2412,"45,04",93,772,1278,11900,16862,63476
2022,TR423,Düzce,12444,287884,158,,"3,1",405131,1034,"0,93",1319649,124603,117,272,,,10842,26527,129188,-,,"44,81",96,759,,14067,23245,63454
2024,TR423,Düzce,12454,259220,167,,"3,1",412344,1438,"1,11",,129283,156,,,,10609,,124687,0,,"44,95",120,929,,,,63684
2008,TR424,Bolu,102073,670336,32,357670,"3,6",268882,875," 1,43",754259,,40,214,423137,1604551,102336,12676,99396,21575,1330,"46,28",87,1521,1574,54168,-,2921
2010,TR424,Bolu,90753,684633,33,351180,"3,4",271208,625,"1,42",807088,,38,210,625082,1996332,90887,13546,101246,16502,1295,"46,61",92,1143,2305,3614,5000,3891
2012,TR424,Bolu,95987,669888,34,325630,"3,3",281080,473,"1,5",901556,,54,212,799918,121298,96256,14135,99467,19312,1158,"44,96",104,999,2846,38790,8500,3883
2014,TR424,Bolu,91475,700056,34,692673,"3,2",284789,292,"1,67",1010767,84977,39,182,801980,182536,92927,13386,89432,18109,2432,"45,93",117,1128,2816,46698,9035,3760
2016,TR424,Bolu,93141,678874,36,405830,"3,1",299896,352,"1,54",1054971,91562,56,145,1074209,238431,93353,11639,86352,19258,1353,"44,25",119,1088,3582,23566,8448,3806
2018,TR424,Bolu,90366,660830,37,382818,3,311810,349,"1,41",1129055,95765,50,158,1014399,228351,90378,13014,91536,18824,1228,"44,82",116,1036,3253,19734,9831,3815
2020,TR424,Bolu,93940,725819,38,579723,3,314802,899,"1,3",1307817,101437,144,179,1079519,341984,93944,15144,87078,15437,1842,"46,63",111,945,3429,66881,11770,2446
2022,TR424,Bolu,90166,666095,39,,"2,8",320824,1260,"1,11",1468836,106520,188,214,,,91137,18720,85115,16506,,"45,93",98,672,,61945,13773,2417
2024,TR424,Bolu,93708,723991,40,,"2,8",326409,855,"1,22",,108369,202,,,,93573,,85864,15096,,"45,26",110,526,,,,2668
2008,TR425,Yalova,2978,18465,233,175066,"3,5",197412,29522," 1,41",715618,,2710,494,17188,43045,2978,27770,65813,1886,887,"43,58",79,841,87,4308,26746,5860
2010,TR425,Yalova,3251,13423,241,174033,"3,4",203741,24976,"1,1",777345,,1752,444,27724,31842,3251,28018,64353,2149,854,"44,1",70,857,136,2021,27018,8113
2012,TR425,Yalova,1507,11693,250,233337,"3,2",211799,27860,"1,13",874774,,4625,410,49984,25503,1481,27583,62378,1378,1102,"43,77",76,901,236,3216,26545,8070
2014,TR425,Yalova,3840,19250,267,214297,"3,1",226514,23522,"1,2",869438,69750,3730,381,48205,28518,3858,27414,65711,2192,946,"44,34",86,659,213,2097,26701,6275
2016,TR425,Yalova,2708,13946,285,205051,"3,1",241665,20100,"1,2",1044244,75083,3578,384,54637,43968,2708,29746,66346,1112,848,"45,03",93,647,226,4769,26753,5976
2018,TR425,Yalova,3606,19472,310,258398,"3,1",262234,18049,"1,17",1204021,81912,3748,317,104666,33477,3601,27097,69946,1349,985,"46,06",100,588,399,6546,26890,5389
2020,TR425,Yalova,3929,24345,326,343931,3,276050,9183,"1,48",1244391,89710,3573,268,145620,45069,3901,24218,72422,1450,1246,"47,43",133,565,528,7490,24151,5204
2022,TR425,Yalova,4637,37559,350,,"2,9",296333,19163,"1,22",1396672,98190,3530,281,,,4596,27231,78545,1051,,"47,46",118,529,,7836,27191,5257
2024,TR425,Yalova,4605,27631,390,,"2,9",307882,19911,"1,24",,101995,3203,,,,4520,,84093,1005,,"47,52",124,467,,,,5300
2008,TR510,Ankara,798839,1871925,186,1723148,"3,6",4548939,1461," 1,37",8607650,,135,210,483824,613795,798859,333466,153051,331706,379,"41,08",2166,43808,106,148901,312974,22124
2010,TR510,Ankara,768008,2529661,195,2379090,"3,4",4771716,1326,"1,18",9565913,,115,202,860138,721648,768680,338112,130460,314657,499,"40,99",2002,46679,180,184347,320511,25488
2012,TR510,Ankara,752476,2545875,203,2263642,"3,2",4965542,1841,"1,06",10628635,,213,217,1347247,326552,752760,385673,123406,325049,456,"40,59",1881,46394,271,187202,364402,30681
2014,TR510,Ankara,810284,2439738,210,2522435,"3,2",5150072,2824,"1,1",10976586,1555245,356,211,1513768,577236,811335,393174,-,336528,490,"40,52",2059,43529,294,199868,380075,29980
2016,TR510,Ankara,811059,3095583,218,3459384,"3,1",5346518,3958,"1,14",11669230,1646503,497,227,2347105,589223,813133,443129,-,317539,647,"40,99",2220,42662,439,188966,429110,32650
2018,TR510,Ankara,812992,2929470,224,4178414,"3,1",5503985,5173,"1,18",15113058,1709882,576,239,4699329,797254,812567,475199,-,310875,759,"41,72",2357,37331,854,272959,474197,29654
2020,TR510,Ankara,807392,3576568,231,6371661,3,5663322,5099,"1,03",15175998,1816795,533,246,7270648,1525725,806833,502458,-,275989,1125,"42,29",2126,41994,1284,233326,498894,27556
2022,TR510,Ankara,837883,3401179,236,,"2,9",5782285,6096,"0,93",16592870,1909132,550,242,,,840040,505696,-,258317,,"41,42",1957,38922,,222851,505696,25115
2024,TR510,Ankara,837144,3410891,236,,"2,9",5864049,5782,"0,98",,1952498,555,,,,835764,,-,226431,,"40,64",2102,37909,,,,21415
2008,TR521,Konya,1133916,7724048,51,2476915,4,1969868,1674," 1,03",4580276,,162,222,1146749,1068839,1192120,141774,546322,867655,1257,"52,56",643,23005,582,801571,21344,34099
2010,TR521,Konya,1213156,9247810,52,2925989,"3,9",2013845,1065,"1,01",4776247,,134,187,2277172,1505886,1217431,123099,527192,806484,1453,"52,04",653,17242,1131,659012,26103,35764
2012,TR521,Konya,1178426,10250713,53,4075067,"3,7",2052281,1909,"1,06",5307048,,124,199,3178009,867529,1173464,134806,488418,676860,1986,"51,07",706,19580,1549,1092440,31377,38676
2014,TR521,Konya,1274969,11305586,54,5484624,"3,6",2108808,3621,"1,03",5744236,572716,198,160,3159451,1729260,1293550,121065,-,556674,2601,"50,39",789,19309,1498,962568,13932,39549
2016,TR521,Konya,1390895,12939080,56,6557832,"3,5",2161303,4279,"1,06",7189872,595966,186,201,4906839,1457710,1399343,157232,-,498066,3034,"49,71",830,23279,2270,1333866,22297,42852
2018,TR521,Konya,1426352,13726277,57,9286670,"3,5",2205609,5400,"1,07",8048241,616334,297,211,7760335,2368167,1419703,168171,-,383502,4210,"50,12",857,30022,3518,1377602,37435,53484
2020,TR521,Konya,1490811,17354351,58,15498017,"3,4",2250020,7637,"1,13",8428927,647032,688,222,10868059,3830562,1473258,182188,-,307159,6888,"50,35",921,30881,4830,1599644,114496,47698
2022,TR521,Konya,1527453,17677551,59,,"3,3",2296347,7794,"0,99",9348550,682503,691,238,,,1507452,199164,-,304303,,"49,1",823,36452,,1908125,118175,41360
2024,TR521,Konya,1424396,17330093,59,,"3,2",2330024,13955,"1,09",,700657,1036,,,,1518406,,-,280431,,"48,53",920,40713,,,,45006
2008,TR522,Karaman,188218,1145245,26,1154180,"3,6",230145,139," 1,41",456351,,9,278,138936,114086,200137,17064,78323,32305,5015,"54,11",86,17183,604,143011,-,38668
2010,TR522,Karaman,197153,990063,26,716584,"3,5",232633,139,"0,96",482166,,6,173,235431,199855,197153,11320,72799,23405,3080,"52,78",63,12969,1012,125322,-,31354
2012,TR522,Karaman,214837,1323610,27,1369981,"3,4",235424,147,"1,08",565021,,11,161,377564,99715,215146,10905,69860,52450,5819,51,72,13711,1604,146095,-,35334
2014,TR522,Karaman,245095,1837288,27,1828842,"3,3",240362,179,"1,21",635100,70469,22,143,464004,191036,253260,9683,68040,42500,7609,"49,83",82,13487,1930,171324,-,33212
2016,TR522,Karaman,223640,1949393,28,2013642,"3,2",245610,210,"1,12",763333,73087,24,141,702929,199925,264571,9991,65445,23844,8199,"49,16",79,13333,2862,236638,-,32127
2018,TR522,Karaman,261031,2068089,28,3058917,"3,2",251913,258,"1,1",929118,75573,22,170,1071704,276960,260243,12357,65249,22733,12143,"49,03",81,13774,4254,230106,-,33890
2020,TR522,Karaman,260103,2258731,29,3676986,"3,1",254919,535,"0,99",951109,79222,38,196,1634354,448427,261065,14592,62605,20769,14424,"49,37",75,13693,6411,252530,11000,33660
2022,TR522,Karaman,253109,2178696,29,,3,260838,2152,"0,84",971000,83287,217,190,,,267792,14667,60902,15282,,"47,75",65,12902,,276921,11450,41066
2024,TR522,Karaman,261914,2447522,30,,"2,9",262791,3133,"0,83",,85240,261,,,,269051,,61623,16368,,"47,42",65,11115,,,,40674
2008,TR611,Antalya,224573,891141,90,4554482,"3,6",1859275,2485350," 1,52",4844751,,196947,313,320424,255723,224573,172848,585335,42086,2450,"43,94",838,47180,172,133597,-,59378
2010,TR611,Antalya,220396,838807,95,7717584,"3,5",1978333,3053326,"1,46",5223958,,215669,293,624776,431616,220622,180615,585359,38192,3901,"43,33",896,45180,316,146761,-,63258
2012,TR611,Antalya,215179,904830,101,7368085,"3,3",2092537,3112109,"1,43",6232090,,239804,282,942346,292404,208086,185915,599863,42259,3521,"42,85",943,47160,450,157379,-,70154
2014,TR611,Antalya,215425,926389,107,7433242,"3,2",2222562,3192788,"1,27",6535926,663840,248253,280,1017806,320185,206222,222209,-,39249,3344,"42,65",1016,47987,458,184719,-,72630
2016,TR611,Antalya,193733,875484,112,8217244,"3,2",2328555,3476061,"1,38",7175764,714015,268340,293,1328580,391641,184631,248663,-,54376,3529,"42,43",1148,50667,571,223641,-,74787
2018,TR611,Antalya,189789,1009563,117,10754311,"3,1",2426356,3788241,"1,48",8302616,758236,283283,329,2095113,551539,180884,290971,-,50646,4432,"43,02",1293,50842,863,190097,-,77138
2020,TR611,Antalya,190191,1279126,123,16254994,3,2548308,4012571,"1,43",7709228,820868,312226,283,2873915,840951,180280,263254,-,51601,6379,"43,29",1319,50280,1128,206084,-,82173
2022,TR611,Antalya,185486,1174719,130,,"2,9",2688004,4414440,"1,37",9400659,886985,308427,349,,,176961,342241,-,40302,,"42,29",1341,44982,,226247,13730,84805
2024,TR611,Antalya,163607,1043253,133,,"2,9",2722103,4532203,"1,52",,895004,316957,,,,155211,,-,46060,,"41,65",1515,43455,,,,81718
2008,TR612,Isparta,112285,540733,49,994051,"3,4",407463,5952," 1,08",952168,,641,268,240633,179921,112349,33744,142608,31204,2440,"45,26",136,4872,591,45863,12450,33020
2010,TR612,Isparta,124616,699265,54,1081313,"3,3",448298,5563,"1,02",869063,,626,226,330555,228957,128667,30867,137234,35122,2412,"40,11",140,5128,737,47034,12760,36866
2012,TR612,Isparta,125968,568045,50,1304524,"3,1",416663,8706,"1,16",1012056,,1342,255,604323,224607,125798,32189,133204,37315,3131,"44,57",146,5406,1450,52195,14856,38458
2014,TR612,Isparta,131779,609287,51,1401380,"3,1",418780,13538,"1,23",1084653,131450,2226,214,604580,255202,134980,24816,124750,28371,3346,"45,06",143,5279,1444,50510,13589,39785
2016,TR612,Isparta,132852,651787,52,1478134,3,427324,25585,"1,34",1172569,136296,3095,225,842645,299020,132141,27056,120162,26321,3459,"44,89",161,5496,1972,57188,14026,41300
2018,TR612,Isparta,123994,657601,53,2187010,"2,9",441412,52135,"1,3",1349578,144774,4788,262,1177494,344264,123174,33021,119389,32162,4955,"44,54",164,5600,2668,61493,16799,41574
2020,TR612,Isparta,121516,715854,53,3464965,"2,8",440304,69875,"1,27",1273127,148868,5378,283,1523031,537060,121013,35878,116025,27603,7869,"46,85",161,5441,3459,67801,24289,41887
2022,TR612,Isparta,115871,712611,54,,"2,7",445325,57566,"1,19",1305755,154061,5236,278,,,115846,36116,111204,34320,,"46,33",155,3910,,54993,24226,37791
2024,TR612,Isparta,116997,723232,55,,"2,7",446409,49263,"1,29",,154053,4946,,,,116139,,110638,35465,,"46,93",169,3232,,,,37260
2008,TR613,Burdur,133334,733144,36,415592,"3,1",247437,12648," 1,08",852135,,844,263,325462,281325,133531,17260,102028,12207,1680,"49,17",71,6009,1315,28549,-,11710
2010,TR613,Burdur,129795,880183,38,539856,"3,1",258868,12859,"1,05",757263,,1112,220,661715,433736,131586,15056,99360,10331,2085,"46,6",72,5492,2556,22351,-,16206
2012,TR613,Burdur,126808,929694,37,645792,3,254341,24144,"1,03",746879,,1980,191,893044,328069,124540,12978,96651,15322,2539,"47,83",70,6123,3511,29723,-,16199
2014,TR613,Burdur,130729,1041994,38,775656,"2,9",256898,33968,"1,17",868746,84598,2681,175,981587,419542,128023,11101,89162,11027,3019,"47,52",74,6149,3821,30334,-,14601
2016,TR613,Burdur,122954,1036060,38,856741,"2,9",261401,101693,"1,34",915261,87098,7464,192,1399337,505143,119998,12728,85974,8976,3277,"46,69",89,6347,5353,31628,-,14644
2018,TR613,Burdur,125850,1131152,39,980337,"2,8",269926,113542,"1,4",914123,90592,9109,237,1931210,648287,122793,16616,86575,9894,3632,"46,06",97,6462,7155,35935,-,15276
2020,TR613,Burdur,124810,1359489,39,1599298,"2,7",267092,188004,"1,75",872476,93815,11678,281,2083563,934212,120032,19757,83688,7858,5988,"48,52",123,5706,7801,50845,-,16574
2022,TR613,Burdur,129162,1247674,40,,"2,6",273799,237153,"1,73",949321,97783,13958,263,,,126600,19507,80614,8474,,"47,24",128,5328,,55167,-,17263
2024,TR613,Burdur,134759,1171631,40,,"2,7",275826,292237,"1,78",,96972,17573,,,,131742,,81325,9243,,"48,43",132,5731,,,,14950
2008,TR621,Adana,461987,2677343,146,2463418,"4,2",2026319,731896," 1,18",4112090,,136042,249,398858,367898,461987,162923,262968,7838,1216,"49,62",771,32059,197,99004,144914,53543
2010,TR621,Adana,451955,2287169,150,3137061,"4,2",2085225,677739,"1,21",4003428,,119954,242,791680,968552,452836,165840,248793,7595,1504,"49,05",826,31943,380,96410,142954,58262
2012,TR621,Adana,439450,2477371,153,2998811,4,2125635,632270,"0,88",5152654,,98962,228,1228255,401393,378434,159903,239011,8832,1411,"48,64",614,31151,578,154264,135265,62348
2014,TR621,Adana,445375,2659569,156,3661380,"3,9",2165595,625200,"0,86",5677472,548384,94479,222,893886,452032,394096,172216,-,8384,1691,"48,61",667,28203,413,162342,137836,67507
2016,TR621,Adana,434975,2795831,158,4544696,"3,8",2201670,718551,"0,89",5981130,570479,107471,212,1345028,549609,383122,166975,-,8935,2064,"48,56",715,30927,611,202898,146048,68398
2018,TR621,Adana,415165,2700383,160,6755182,"3,7",2220125,970160,"0,98",6899925,587253,150729,222,2294017,702837,367594,179967,-,9026,3043,"49,6",793,34619,1033,175972,148236,74208
2020,TR621,Adana,400044,2665192,162,9415790,"3,6",2258718,990386,"0,98",7396264,618644,154134,241,2441465,983312,355630,198629,-,9054,4169,"49,89",800,32978,1081,200941,160708,84435
2022,TR621,Adana,417995,2691352,163,,"3,4",2274106,837853,"0,81",7998531,654827,126877,230,,,368733,190725,-,6128,,"49,28",666,25822,,187590,159528,103803
2024,TR621,Adana,398396,2793343,169,,"3,3",2280484,831200,"0,92",,680645,130763,,,,354999,,-,4893,,"48,47",761,27197,,,,114708
2008,TR622,Mersin,206016,761950,104,3906631,"3,8",1602908,903501," 1,19",2949977,,124499,248,350631,315497,206074,125171,373477,26661,2437,"47,97",599,36740,219,100640,99538,115569
2010,TR622,Mersin,200446,618556,106,4033073,"3,8",1647899,876325,"1,08",3080174,,122713,217,757190,506350,200723,110021,366851,27854,2447,"47,7",565,34394,459,128989,88405,116688
2012,TR622,Mersin,233558,775504,109,4329428,"3,6",1682848,1098250,"1,05",3558827,,155538,202,1117996,338302,224796,99236,354978,25364,2573,"47,47",567,31036,664,136770,82782,120111
2014,TR622,Mersin,217955,758475,112,4681033,"3,5",1727255,1209683,"1,04",4001031,483225,158846,202,1013027,313476,208248,124720,-,21467,2710,"47,42",637,30766,586,165055,86307,124331
2016,TR622,Mersin,206945,728944,115,6154276,"3,4",1773852,1322917,"1,21",4678989,507271,167170,238,1226566,379314,195194,152465,-,26469,3469,"47,27",774,31561,691,227786,106357,129031
2018,TR622,Mersin,156611,655796,117,8448637,"3,4",1814468,1591653,"1,08",5157530,526512,196555,227,2046342,457676,144765,148981,-,22533,4656,"48,07",708,32849,1128,209277,109137,139507
2020,TR622,Mersin,135308,561829,121,12952989,"3,3",1868757,1584188,"1,21",5784674,559228,188414,237,3403491,816343,124300,160125,-,24807,6931,"48,38",819,30268,1821,229332,117073,150212
2022,TR622,Mersin,123477,494085,124,,"3,1",1916432,2101458,"0,85",6224500,594967,227085,241,,,112408,166687,-,30017,,"47,88",591,29046,,235634,116837,157715
2024,TR622,Mersin,115931,487351,122,,"3,1",1954279,1663513,"0,96",,611399,177052,,,,107353,,-,33700,,"47,13",686,23932,,,,160726
2008,TR631,Hatay,156282,891848,242,2180537,"4,4",1413287,53922," 1,01",4595424,,11106,184,216012,216975,156282,71710,729296,-,1543,"55,38",403,36856,153,192701,25,73948
2010,TR631,Hatay,158225,777458,254,2263009,"4,4",1480571,41230,"0,89",5062553,,11009,193,431863,304757,158225,78937,737132,-,1528,"53,77",377,36611,292,147066,0,78279
2012,TR631,Hatay,144842,789498,255,2271737,"4,2",1483674,40856,"0,86",5616553,,10382,227,564278,180375,130962,94558,741084,6752,1531,55,360,34847,380,133959,270,82478
2014,TR631,Hatay,146404,809602,261,2259373,4,1519836,47259,"0,72",5925877,368476,10487,265,486157,180593,133781,141220,-,2720,1487,"54,49",393,31112,320,194524,1602,82868
2016,TR631,Hatay,138502,911910,267,2567770,"3,9",1555165,50518,"0,91",5813137,388144,11110,183,810343,196385,127482,100696,-,1076,1651,"54,25",509,28664,521,169686,1135,86259
2018,TR631,Hatay,123725,802642,276,3216779,"3,9",1609856,52421,"1,21",6183805,409037,11096,179,1254533,304067,110900,104365,-,1840,1998,"54,49",711,25357,779,224624,1135,90455
2020,TR631,Hatay,120696,1051191,285,4259332,"3,7",1659320,53202,"1,29",6610069,436602,11690,194,1595582,488074,105034,116303,-,523,2567,"53,77",771,25123,962,183946,4949,96140
2022,TR631,Hatay,132260,1126180,289,,"3,5",1686043,58225,"1,34",6824532,468682,11474,191,,,108981,114080,-,5458,,"52,93",827,20918,,179645,33315,101103
2024,TR631,Hatay,124991,1017953,281,,"3,3",1562185,50866,"1,42",,465647,9380,,,,105887,,-,806,,"51,15",810,23740,,,,102144
2008,TR632,Kahramanmaraþ,274733,1256787,72,1199526,"4,7",1029298,968," 0,94",2501786,,41,250,258239,247725,276418,69613,430827,29642,1165,"59,99",254,8517,251,54699,-,51673
2010,TR632,Kahramanmaraþ,278471,1341355,73,1209399,"4,6",1044816,400,"0,89",2999913,,40,226,399952,277581,278534,65744,407988,11519,1158,"60,1",256,9863,383,48624,-,58394
2012,TR632,Kahramanmaraþ,223476,1347349,74,1248897,"4,3",1063174,391,"0,83",3159039,,42,209,689640,178674,216672,62650,387585,28609,1175,"59,57",248,10369,649,51192,0,66854
2014,TR632,Kahramanmaraþ,243388,1589513,76,1415293,"4,2",1089038,490,"0,8",3614949,258032,46,208,779704,275954,236915,78538,-,49556,1300,"58,72",309,10492,716,88705,-,69380
2016,TR632,Kahramanmaraþ,238333,1622539,78,1733957,4,1112634,1480,"0,71",4376113,272809,250,309,1041014,368045,235739,123065,-,42971,1558,"57,57",284,9718,936,45623,879,56110
2018,TR632,Kahramanmaraþ,242331,1707738,80,2303134,"3,9",1144851,8397,"0,77",4677704,286148,457,357,2011031,523042,236640,146126,-,53828,2012,"57,09",318,9543,1757,76945,20604,59793
2020,TR632,Kahramanmaraþ,261965,1920274,81,3706658,"3,8",1168163,24305,"0,81",5072948,303366,1184,362,2667905,742456,255542,146535,-,31782,3173,"55,58",342,9489,2284,77916,25229,62549
2022,TR632,Kahramanmaraþ,268368,1961988,82,,"3,6",1177436,32903,"0,95",5956643,324588,2022,294,,,255152,122587,-,28230,,"53,93",405,6746,,92423,28417,65800
2024,TR632,Kahramanmaraþ,240494,1755977,80,,"3,4",1134105,30805,"0,89",,330194,2337,,,,232468,,-,28200,,"51,69",356,7940,,,,62998
2008,TR633,Osmaniye,132130,757673,149,632936,"4,4",464704,8721," 0,79",626058,,1158,217,176572,111622,132130,27827,132310,176,1362,"55,34",101,4712,380,16857,-,12151
2010,TR633,Osmaniye,148815,965808,153,922938,"4,3",479221,7827,"0,79",1200923,,1039,185,302888,186521,148815,24516,132514,47,1926,"55,01",107,4353,632,14557,-,13223
2012,TR633,Osmaniye,126400,727571,158,836724,"4,1",492135,4101,"0,79",2682629,,539,197,429669,127281,104002,27640,129068,191,1700,"54,27",110,4468,873,11842,-,12244
2014,TR633,Osmaniye,113923,687209,162,813451,"3,9",506807,1200,1,3062888,126156,134,167,352525,109460,99772,24022,127154,734,1605,"53,8",143,3434,696,20934,-,15798
2016,TR633,Osmaniye,114129,733351,167,985149,"3,8",522175,166,"1,02",3927922,134757,18,177,416545,112526,98580,26456,124231,510,1887,53,151,3550,798,15616,-,16885
2018,TR633,Osmaniye,109882,727537,171,1234169,"3,6",534415,207,"0,85",4184127,143301,17,173,734203,164490,94857,26545,126358,683,2309,"53,43",135,7680,1374,21216,-,17849
2020,TR633,Osmaniye,111799,735153,176,2261131,"3,5",548556,3034,"0,86",4066597,152151,430,181,903586,282330,94865,28529,120752,661,4122,"53,54",142,4203,1647,27101,-,19324
2022,TR633,Osmaniye,113849,873747,179,,"3,4",559405,10157,"0,77",3872638,162723,910,183,,,96548,29971,119868,810,,"52,47",131,6788,,21032,-,21991
2024,TR633,Osmaniye,113084,859862,169,,"3,2",561061,11326,"0,87",,168707,828,,,,96033,,125529,653,,"51,14",149,7357,,,,22469
2008,TR711,Kýrýkkale,156941,254053,62,163559,"3,7",279325,-," 1,40",505882,,-,292,65958,55800,185011,26774,48971,100728,586,"46,6",128,2927,236,14498,21900,3047
2010,TR711,Kýrýkkale,161212,413389,61,255447,"3,5",276647,-,"1,47",525445,,-,257,188490,111485,181958,23149,43574,102984,923,"46,19",133,2368,681,4566,18250,2877
2012,TR711,Kýrýkkale,178041,415009,61,328738,"3,3",274727,-,"1,38",578005,,-,212,310508,62931,178045,19275,41768,103225,1197,"44,96",41,2496,1130,3499,15971,2928
2014,TR711,Kýrýkkale,151409,422385,60,373652,"3,2",271092,-,"0,86",594712,81979,-,166,230324,110226,177613,14503,36988,125835,1378,"44,42",74,2407,850,4829,12508,3171
2016,TR711,Kýrýkkale,148862,459911,61,462991,"3,1",277984,-,"0,84",690108,85184,-,156,333161,76184,169266,14125,34089,132983,1666,"43,58",76,2472,1198,4554,12621,2926
2018,TR711,Kýrýkkale,197024,592869,63,749055,3,286602,117,"0,85",799078,89646,16,155,598466,114076,197014,14174,41144,99721,2614,"43,99",78,1708,2088,7273,13068,3316
2020,TR711,Kýrýkkale,204441,555772,61,857664,"2,9",278703,248,"0,92",843558,91227,28,181,657093,148390,204527,16018,34697,90586,3077,46,84,1750,2358,5857,14586,3227
2022,TR711,Kýrýkkale,211160,652822,61,,"2,8",277046,670,"0,83",899947,92992,86,256,,,213874,23215,32700,86868,,"44,99",76,2114,,5493,22087,4795
2024,TR711,Kýrýkkale,201409,548471,60,,"2,8",283053,760,"0,84",,95161,78,,,,201404,,34368,63913,,"44,44",78,1766,,,,2999
2008,TR712,Aksaray,246967,1885715,49,590940,"4,3",370598,198," 0,99",476976,,27,226,239836,193531,255404,24872,157310,125431,1595,"54,42",105,9227,647,142805,12325,6010
2010,TR712,Aksaray,257204,2072005,50,830895,"4,2",377505,73,"1,01",553243,,37,189,434941,400928,257204,21301,149445,139748,2201,"53,98",112,9379,1152,166394,7014,6322
2012,TR712,Aksaray,240938,2114700,50,817777,4,379915,73,"0,94",641665,,51,195,884449,283777,238296,22114,143738,122064,2153,"52,78",107,9834,2328,173920,12284,5073
2014,TR712,Aksaray,240004,3094305,51,1126024,"3,8",384252,73,"1,01",754358,99064,49,135,872119,409655,249711,14226,139130,152074,2930,"52,7",108,9881,2270,186783,8341,4261
2016,TR712,Aksaray,258120,3602843,52,1232003,"3,6",396673,358,"0,95",919210,106490,70,196,1376187,444429,256010,21922,134856,140536,3106,"51,62",105,10796,3469,252231,15675,3977
2018,TR712,Aksaray,260066,4041838,54,1670575,"3,5",412172,3439,"1,03",1069947,112833,152,199,2442727,724530,258399,23373,126670,116458,4053,"51,86",122,11271,5926,253294,17228,3969
2020,TR712,Aksaray,262929,4336389,56,2471087,"3,4",423011,5258,1,1176514,119693,213,211,4428936,1435282,260856,25487,121114,104129,5842,"51,68",123,10995,10470,340085,18611,3902
2022,TR712,Aksaray,311144,5516819,57,,"3,3",433055,2863,"0,77",1265587,126757,181,230,,,307766,29190,116300,86947,,"50,12",99,11498,,380678,21782,4198
2024,TR712,Aksaray,323402,5249280,61,,"3,3",439474,1287,"0,78",,130725,221,,,,319825,,116505,83280,,"49,56",103,11885,,,,4516
2008,TR713,Niðde,154209,1218145,46,758736,"3,9",338447,-," 1,59",730956,,-,221,203079,136681,154209,21692,186523,75586,2242,"56,34",147,5048,600,175923,725,28962
2010,TR713,Niðde,159488,1377460,46,938920,"3,8",337931,-,"1,25",776934,,-,241,375853,265776,159488,23754,174694,72753,2778,"56,24",117,5449,1112,185571,-,29400
2012,TR713,Niðde,173212,1536248,46,1013520,"3,6",340270,-,"1,22",872746,,-,292,802112,290729,173522,29910,166790,80986,2979,"54,63",120,5786,2357,161585,-,29974
2014,TR713,Niðde,160063,1359753,47,1260155,"3,5",343898,-,"1,12",984394,95207,-,182,885527,390643,160065,17057,158114,81961,3664,"53,44",103,5708,2575,137040,-,30924
2016,TR713,Niðde,158082,1813932,48,1547299,"3,4",351468,-,"0,99",1009807,99953,-,174,1196828,397497,158082,16935,155248,75418,4402,"51,49",95,6681,3405,152464,1698,32802
2018,TR713,Niðde,160281,1820104,50,2398815,"3,3",364707,-,"1,09",1086740,105510,-,213,1968627,638600,160302,22105,154832,71980,6577,"50,25",109,7395,5398,163838,4920,33403
2020,TR713,Niðde,167086,1927077,49,3731386,"3,2",362071,146,"1,15",1256217,109679,19,220,2685737,977706,167086,23320,142483,67588,10306,"50,61",119,8832,7418,205882,3942,32274
2022,TR713,Niðde,167984,2036233,50,,3,365419,244,"0,96",1305848,115192,34,259,,,167984,28187,136170,66627,,"49,16",103,8664,,196553,4264,32798
2024,TR713,Niðde,172045,2278080,52,,3,372708,416,"1,03",,117742,42,,,,172045,,141878,58706,,"48,29",114,10992,,,,34083
2008,TR714,Nevþehir,203821,1014296,52,507941,"3,8",281699,129," 1,43",556349,,15,216,106217,97547,224563,17581,135350,73833,1803,"52,16",114,6988,377,158423,2495,25076
2010,TR714,Nevþehir,233318,1335216,52,682604,"3,7",282337,273,"1,3",553832,,24,235,193479,147856,233318,19340,128234,51470,2418,"51,65",107,15134,685,147348,3343,24238
2012,TR714,Nevþehir,230864,1213889,53,673743,"3,5",285190,1963,"1,31",605393,,75,243,330100,61520,230987,20784,122962,72464,2362,"50,03",111,16227,1157,142337,6246,21850
2014,TR714,Nevþehir,228457,1039992,53,906865,"3,4",286250,2107,"1,4",633029,82984,88,224,299927,137801,228577,17328,115172,65231,3168,"49,71",110,17886,1048,115409,6000,21888
2016,TR714,Nevþehir,224862,1338077,54,964251,"3,3",290895,2142,"1,07",702696,85756,93,217,456392,100195,224872,17489,111919,68856,3315,"48,82",87,19183,1569,150378,5639,22028
2018,TR714,Nevþehir,220030,1190028,55,1308043,"3,2",298339,1997,"1,01",787384,89311,90,220,770329,141363,220039,18411,111225,60209,4384,"48,91",86,23051,2582,162512,4581,23099
2020,TR714,Nevþehir,225799,1488572,57,2182772,"3,1",304962,2363,"0,96",776531,93774,90,239,1303082,336251,225811,20822,107836,56105,7158,"48,78",85,23590,4273,181988,1996,23267
2022,TR714,Nevþehir,225741,1510763,58,,3,310011,5264,"0,96",801182,98450,196,246,,,225747,22121,104250,58036,,"47,65",88,23586,,170821,2406,23136
2024,TR714,Nevþehir,235268,1643374,58,,3,317952,6761,"1,14",,101779,251,,,,235268,,105007,48856,,"47,18",108,24319,,,,23053
2008,TR715,Kýrþehir,256123,736445,35,372948,"3,9",222735,39," 1,46",296710,,28,266,146973,129741,256404,17595,73353,105066,1674,"47,64",96,3355,660,13543,-,2545
2010,TR715,Kýrþehir,301091,1172293,35,585253,"3,6",221876,277,"1,3",340215,,236,364,338215,271754,305012,24045,65145,87170,2638,"46,88",87,2688,1524,18406,-,2841
2012,TR715,Kýrþehir,264655,1028096,35,571282,"3,3",221209,2108,"1,41",395937,,317,315,391279,108731,264751,21463,59231,129128,2583,"45,7",143,2305,1769,17698,-,3504
2014,TR715,Kýrþehir,235035,834121,35,487481,"3,2",222707,3793,"1,22",451254,66733,410,297,404769,127267,236385,18807,54685,123553,2189,"45,28",78,2273,1817,18348,-,4076
2016,TR715,Kýrþehir,232954,1018150,36,675178,"3,1",229975,4707,"1,13",528350,69576,258,274,944956,144728,232955,18588,51651,159146,2936,"44,59",76,1905,4109,28697,-,3513
2018,TR715,Kýrþehir,262352,996673,38,1064729,"3,1",241868,4758,"1,06",604386,73087,278,243,1983386,373353,262352,17214,55608,82323,4402,"45,61",74,1694,8200,27200,-,3731
2020,TR715,Kýrþehir,271361,1174394,38,1405826,"3,1",243042,8696,"1,09",624126,75520,305,296,2457759,497939,271371,21098,49572,50964,5784,"47,35",80,1226,10112,37171,-,4039
2022,TR715,Kýrþehir,277987,1082347,38,,"2,9",244519,12139,1,672836,78761,1748,288,,,277987,21529,46654,47830,,"46,94",75,1311,,43790,6882,4545
2024,TR715,Kýrþehir,283554,1051259,38,,"2,9",244546,7312,"1,11",,79826,1782,,,,283554,,45967,58499,,"47,01",83,1493,,,,4456
2008,TR721,Kayseri,364944,2130026,69,698792,"4,2",1184386,10," 1,12",2328363,,2,219,504804,516414,368138,83999,182937,217395,590,"51,29",424,10854,426,109543,-,13376
2010,TR721,Kayseri,382200,2492495,72,872347,4,1234651,350,"1,13",2828059,,10,217,922459,538882,382367,87822,170487,194258,707,"50,78",463,11977,747,107740,-,14605
2012,TR721,Kayseri,356834,2520167,75,952594,"3,8",1274968,220,"0,95",2899079,,13,189,1237701,310577,355753,79111,158575,224091,747,"50,26",406,27012,971,130967,-,15264
2014,TR721,Kayseri,345373,2656717,78,1396369,"3,6",1322376,549,"0,87",3106873,354520,46,191,1257339,568305,345268,91287,-,210439,1056,"49,82",417,29029,951,112233,-,15511
2016,TR721,Kayseri,351879,3060069,80,1519223,"3,5",1358980,985,"0,87",4035915,374534,58,227,1859922,444237,350609,111434,-,194200,1118,"49,34",430,33530,1369,142143,-,16097
2018,TR721,Kayseri,362533,3174740,82,2096009,"3,5",1389680,1097,"0,95",3782564,390268,57,230,3048700,565088,364048,115622,-,157915,1508,"49,39",476,34718,2194,255874,-,19543
2020,TR721,Kayseri,383178,3546748,83,3488308,"3,4",1421455,1145,"0,94",3910631,412725,58,229,3624199,833043,382178,117456,-,133794,2454,"49,07",486,38259,2550,198354,-,17578
2022,TR721,Kayseri,383343,3348682,85,,"3,2",1441523,1173,"0,98",4227493,435301,59,226,,,382638,117647,-,100255,,"47,68",514,38245,,223155,-,15504
2024,TR721,Kayseri,471929,4791065,85,,"3,2",1452458,2281,"0,89",,447954,102,,,,471530,,-,88144,,"46,65",472,36737,,,,23074
2008,TR722,Sivas,392734,1401895,22,401145,"4,3",631112,278," 1,23",990740,,50,293,525617,302654,392948,50929,225343,156800,636,"53,76",207,658,833,44974,17500,2454
2010,TR722,Sivas,475198,2953429,22,570269,4,642224,611,"1,05",1121969,,83,233,1031838,856916,475198,41265,208292,480268,888,"51,57",183,702,1607,20282,14000,2708
2012,TR722,Sivas,459106,2174571,22,631123,"3,7",623535,491,"1,2",1158280,,75,243,1369922,686753,459992,42333,195109,308279,1012,"52,01",206,965,2197,33838,19717,2630
2014,TR722,Sivas,489482,2166045,22,814204,"3,5",623116,494,"1,12",1248822,172033,87,236,1271540,702028,491394,39614,176453,313825,1307,"52,18",185,776,2041,27118,19754,2732
2016,TR722,Sivas,477652,2519740,22,990431,"3,4",621224,637,"1,19",1065403,174640,133,316,1707730,742422,477672,54410,162568,318847,1594,51,206,1125,2749,28283,25160,3499
2018,TR722,Sivas,476234,2351865,23,1260901,"3,3",646608,721,"1,09",1323015,184539,160,283,2853808,970758,477116,50141,176019,298612,1950,"49,93",193,1413,4414,36739,24553,4018
2020,TR722,Sivas,498438,2687779,22,2258630,"3,2",635889,875,"1,11",1268935,189488,201,317,4132875,1436481,498483,56649,157958,284167,3552,"50,57",199,1085,6499,42922,33378,4370
2022,TR722,Sivas,525052,2766815,22,,"3,1",634924,1502,"1,42",1307394,197134,281,297,,,525159,54028,148933,274438,,"49,84",258,1337,,43176,28514,4656
2024,TR722,Sivas,555836,3279263,23,,"3,1",637007,2168,"1,02",,198825,392,,,,555859,,149768,230298,,"49,17",186,1075,,,,6206
2008,TR723,Yozgat,495408,2147748,34,662054,"4,2",484206,56," 1,21",534293,,7,290,342722,184432,499770,37596,217567,216553,1367,55,150,4111,708,60374,945,6534
2010,TR723,Yozgat,490164,2814956,34,895629,4,476096,385,"0,98",507985,,19,283,713695,547741,490253,35697,207747,239740,1881,"53,86",122,3703,1499,48057,1261,5861
2012,TR723,Yozgat,460284,2511494,32,897634,"3,7",453211,816,"1,12",602997,,34,263,959156,284932,460462,32462,187121,228812,1981,"52,68",137,3139,2116,63342,1325,6186
2014,TR723,Yozgat,450102,2531099,31,1008714,"3,4",432560,1005,"1,14",630589,123118,41,241,874513,383642,453769,27576,166768,160184,2332,"51,77",127,2737,2022,66478,1450,12261
2016,TR723,Yozgat,440000,2867119,30,1316232,"3,3",421041,839,"1,17",709805,124765,33,247,1096635,379068,440217,28217,152717,154332,3126,"51,2",132,3248,2605,67043,1516,7907
2018,TR723,Yozgat,457781,2524193,30,1573861,"3,2",424981,777,"1,08",767604,128205,28,267,1966988,535758,457898,30386,154323,144106,3703,"51,54",123,3279,4628,101072,4398,5653
2020,TR723,Yozgat,493602,2884435,30,2529895,"3,1",419095,743,"1,1",749082,132075,86,246,2409102,702826,493703,28129,143160,121271,6037,"52,03",127,2871,5748,100107,8060,5148
2022,TR723,Yozgat,471238,2457055,30,,"2,9",418442,1101,"1,16",818161,136292,132,243,,,471318,27875,141897,129866,,"50,12",135,3321,,100156,7919,5015
2024,TR723,Yozgat,483516,2691942,31,,"2,9",413161,1017,"1,09",,137167,113,,,,483627,,135276,119062,,"49,77",128,3558,,,,4726
2008,TR811,Zonguldak,38160,91771,187,188489,"3,7",619151,4388," 1,08",2434195,,687,208,128084,93820,38763,30304,344647,-,304,"41,72",159,2415,207,806,11604,25032
2010,TR811,Zonguldak,34500,95447,188,235826,"3,6",619703,6019,"0,98",2548789,,845,280,344292,133728,34778,42000,332382,119,381,"41,39",148,2422,556,1070,20792,25067
2012,TR811,Zonguldak,29638,145108,184,272074,"3,4",606527,6126,"1,19",2641657,,915,279,407715,103659,29713,41584,319222,810,449,"41,74",179,2952,672,1173,21951,25031
2014,TR811,Zonguldak,25886,151067,181,384582,"3,3",598796,5964,"1,21",2817753,178780,983,260,268473,86736,25858,39481,238886,831,642,"41,96",184,2980,448,899,23801,25223
2016,TR811,Zonguldak,22977,145033,181,441362,"3,1",597524,6212,"0,99",2887574,184670,1087,240,389142,123925,23696,37236,229896,832,739,"42,16",155,3030,651,912,25172,25686
2018,TR811,Zonguldak,21952,155333,182,349803,3,599698,6375,"1,04",2872268,190657,1138,240,573751,158755,21934,36966,234029,581,583,"42,64",161,3047,957,6736,25447,26260
2020,TR811,Zonguldak,16315,107871,179,745847,"2,9",591204,6941,"0,97",3047267,196670,1457,215,587972,217087,16295,33381,223446,1195,1262,"44,4",152,2997,995,8512,22712,28158
2022,TR811,Zonguldak,9630,102372,178,,"2,8",588510,6898,"0,89",3131988,204318,1465,223,,,10128,35029,214201,43,,"44,31",141,2230,,4717,23214,27875
2024,TR811,Zonguldak,8787,113678,173,,"2,7",586802,5403,"1,02",,207242,1188,,,,8787,,212999,96,,"44,81",162,2215,,,,26491
2008,TR812,Karabük,28627,64234,53,63227,"3,4",216248,5806," 1,01",732298,,401,190,51734,58059,28627,11460,52883,23650,292,"45,63",61,1257,239,761,3630,481
2010,TR812,Karabük,26409,101663,55,64374,"3,3",227610,5658,"1,01",774472,,402,180,87611,84241,26409,11782,50421,23000,283,"42,75",66,1207,385,1356,1996,557
2012,TR812,Karabük,26897,94309,55,86757,"3,1",225145,5396,"1,01",994753,,410,146,130977,49304,26934,9293,52200,20683,385,"42,74",64,1055,582,1611,5282,587
2014,TR812,Karabük,26717,100335,56,97838,"3,1",231333,5510,"1,15",929805,69955,491,294,132912,47143,26717,19066,54910,19466,423,"41,73",75,1039,575,1357,7750,615
2016,TR812,Karabük,25808,87960,59,99889,"2,9",242347,5740,"1,19",1267865,74470,608,316,167312,38458,25808,21358,57934,23890,412,"40,31",81,1008,690,1664,11018,652
2018,TR812,Karabük,18402,68226,60,87579,"2,9",248014,6030,"1,3",1640473,78473,455,287,262988,65162,18402,19848,59372,14325,353,"41,47",91,657,1060,4243,21120,364
2020,TR812,Karabük,22078,106918,59,225402,"2,8",243614,5652,"1,35",1750346,82581,869,276,433529,87182,22078,19260,54080,14338,925,"43,7",94,777,1780,4840,19654,441
2022,TR812,Karabük,25943,130654,61,,"2,6",252058,7208,"0,71",1829767,87554,576,333,,,25944,24092,55280,15706,,"42,03",51,715,,3552,22310,478
2024,TR812,Karabük,26099,132627,62,,"2,6",250478,7778,"0,89",,88746,721,,,,26101,,58264,18649,,"43,24",63,749,,,,515
2008,TR813,Bartýn,38365,387546,89,124280,"3,7",185368,16185," 1,50",251034,,1200,304,138010,80615,40395,7916,125632,2710,670,"46,16",39,1623,745,340,4606,5195
2010,TR813,Bartýn,40101,436340,90,156143,"3,5",187758,17282,"1,74",281731,,1409,309,182317,145911,41105,8488,123774,2710,832,"45,48",49,1649,971,1092,5071,4471
2012,TR813,Bartýn,39888,447930,91,207341,"3,4",188436,19421,"1,7",350297,,1647,223,212713,92398,37964,6462,120285,1080,1100,"44,34",50,1764,1129,1297,5133,5473
2014,TR813,Bartýn,37066,396747,91,229826,"3,3",189405,15551,"1,3",432519,56386,1674,215,190782,52735,35398,6764,114320,-,1213,"44,76",41,1744,1007,2198,5523,7376
2016,TR813,Bartýn,32033,377727,92,257037,"3,1",192389,16125,"1,8",433124,59013,1725,211,219955,51198,30477,7154,111833,-,1336,"44,04",61,1741,1143,2200,5634,7301
2018,TR813,Bartýn,31135,384107,96,252811,"3,1",198999,16488,"2,01",474850,62553,1763,197,344832,103947,29701,6890,115973,-,1270,"44,01",71,1740,1733,2927,5580,7549
2020,TR813,Bartýn,30738,442172,96,401774,"2,9",198979,16616,"2,06",698947,65880,1774,193,352505,107869,29385,7164,109100,-,2019,"46,44",78,1770,1772,2492,6052,7609
2022,TR813,Bartýn,30822,455210,98,,"2,8",203351,17661,"1,87",666338,69672,1796,164,,,29861,6457,107018,-,,"45,48",75,1735,,1672,5023,9021
2024,TR813,Bartýn,21130,379181,91,,"2,8",206715,17118,"1,74",,70996,1823,,,,19803,,105209,-,,"45,17",73,1688,,,,9504
2008,TR821,Kastamonu,147319,725643,27,461964,"3,6",360424,4952," 1,71",582405,,333,239,419295,248180,147319,15865,176196,31773,1282,"52,37",113,7207,1163,3560,4313,10895
2010,TR821,Kastamonu,120665,696455,27,470239,"3,4",361222,4352,"1,62",636222,,424,203,706242,593283,121127,14175,166163,32597,1302,"52,31",114,6286,1955,5215,5390,10156
2012,TR821,Kastamonu,112301,514636,27,404403,"3,3",359808,2536,"1,77",648790,,396,223,922733,304865,112363,16254,157802,27769,1124,"51,63",128,5660,2565,5695,6650,9985
2014,TR821,Kastamonu,112258,741979,28,503492,"3,1",368907,2457,"1,72",778497,112286,398,180,776451,312405,112096,13676,154719,29199,1365,"51,28",130,5274,2105,6084,5417,9792
2016,TR821,Kastamonu,109586,691192,29,623537,3,376945,2846,"0,97",873793,117542,369,204,1235584,401345,110069,16898,140582,24349,1654,"50,04",82,5463,3278,4915,8188,11490
2018,TR821,Kastamonu,104321,757391,29,650305,3,383373,2877,"1,07",1002662,122237,371,208,1829024,515437,104263,17338,150703,17938,1696,"50,32",90,5281,4771,8629,9319,11779
2020,TR821,Kastamonu,117823,1045763,29,1824717,"2,8",376377,2429,"0,97",1058387,127674,361,225,2092489,931678,116533,19325,137475,13279,4848,"53,07",84,4909,5560,10127,10488,12561
2022,TR821,Kastamonu,115034,959257,29,,"2,7",378115,2424,"0,86",1116341,133956,364,210,,,114544,18341,134025,13806,,"53,2",76,5208,,4752,9206,11668
2024,TR821,Kastamonu,113310,1087838,29,,"2,7",381991,2646,"0,96",,136880,283,,,,112922,,137565,8265,,"53,6",85,4426,,,,12029
2008,TR822,Çankýrý,122078,397106,24,265233,"3,5",176093,1297," 1,15",228781,,118,264,143008,250980,122078,11774,69144,60353,1506,"53,36",50,6325,812,1742,1079,2303
2010,TR822,Çankýrý,120896,475002,24,300577,"3,3",179067,645,"1,15",251107,,74,258,272631,183398,120946,12402,68845,61289,1679,"53,69",54,5880,1523,3672,881,2274
2012,TR822,Çankýrý,124658,384818,25,293308,"3,1",184406,722,"1,38",414750,,75,202,413892,185770,124769,10270,68991,68959,1591,"51,55",69,6315,2244,4494,7059,2460
2014,TR822,Çankýrý,131598,466383,25,388481,3,183550,1051,"1,39",312624,59155,90,256,328837,215723,131568,12335,57589,72572,2116,"51,2",65,6481,1792,4449,10015,2484
2016,TR822,Çankýrý,130321,496550,25,446915,"2,9",183880,1414,"1,51",393977,60738,108,278,672471,252365,130316,13679,54252,75627,2430,"51,24",74,6605,3657,4477,11094,2470
2018,TR822,Çankýrý,120868,402457,29,405339,3,216362,1360,"1,4",503838,67856,122,256,1036423,289249,120822,13394,84065,76240,1873,"48,73",72,4833,4790,4975,11273,1335
2020,TR822,Çankýrý,129178,434935,26,635467,"2,7",192428,2378,"1,4",523791,67520,327,338,343593,658431,129102,17473,57762,72640,3302,"53,27",71,4612,1786,5893,15289,1292
2022,TR822,Çankýrý,161690,560235,26,,"2,7",195766,2535,"1,51",584373,69591,351,321,,,161495,17126,57414,52898,,"51,84",79,4895,,5474,14682,1346
2024,TR822,Çankýrý,166783,570835,26,,"2,7",199981,2416,"1,13",,69898,343,,,,166679,,61354,49707,,"51,38",61,4495,,,,1509
2008,TR823,Sinop,69235,212430,35,185803,"3,4",200791,1348," 1,57",234148,,280,245,134136,87051,69607,9127,99408,28847,925,"55,78",58,3405,668,5582,-,2878
2010,TR823,Sinop,57249,345400,35,244052,"3,3",202740,2211,"1,71",268391,,521,215,237696,167975,57393,8554,95465,29126,1204,"55,57",64,3049,1172,1902,-,2809
2012,TR823,Sinop,55578,385023,35,314749,"3,1",201311,2359,"1,64",307083,,401,206,393021,134768,54933,8304,91524,29719,1563,"54,81",66,3077,1952,3038,-,2894
2014,TR823,Sinop,51937,371749,35,352109,3,204526,2370,"1,41",328022,66743,368,324,260262,156099,51037,13173,92015,34767,1722,"55,08",58,3124,1273,1984,7000,2977
2016,TR823,Sinop,46198,343600,35,370596,"2,9",205478,2340,"1,43",338408,68582,357,368,370019,230182,45102,15936,86220,27910,1804,"55,31",60,3039,1801,2097,8760,2989
2018,TR823,Sinop,45400,325399,38,463278,"2,9",219733,2343,"1,39",367111,72254,357,240,551013,25381,44220,11299,90308,26500,2108,"54,04",65,3023,2508,1296,5800,3015
2020,TR823,Sinop,45873,333390,37,669423,"2,8",216460,2272,"1,37",374955,76030,334,281,573474,31321,44606,13666,82003,26060,3093,"57,07",67,3035,2649,2574,8546,3038
2022,TR823,Sinop,42742,343912,38,,"2,6",220799,3000,"1,24",396285,80417,321,331,,,41349,15262,81268,26776,,"55,91",63,2987,,1119,7805,3130
2024,TR823,Sinop,44587,403807,40,,"2,6",226957,1846,"1,31",,83072,224,,,,43392,,84468,30329,,56,68,1635,,,,3114
2008,TR831,Samsun,267242,1450182,136,1978858,"4,1",1233677,93759," 0,98",1959868,,9994,295,461916,428177,267243,88963,457292,13021,1604,"49,48",292,31264,374,48495,51241,96524
2010,TR831,Samsun,237355,1741047,138,2096649,"3,9",1252693,125156,1,1908558,,20489,247,786588,702510,237356,76421,436117,16047,1674,"48,21",309,33789,628,26854,55674,92075
2012,TR831,Samsun,244719,1800639,138,2416607,"3,7",1251722,133276,"1,05",2514302,,21195,265,1252308,375513,232940,84639,411323,20057,1931,"47,16",331,34393,1000,36741,61274,92440
2014,TR831,Samsun,246294,1904733,140,2390062,"3,6",1269989,130357,"0,93",2665874,346830,21512,229,1063016,375471,230658,86998,-,19683,1882,"46,38",370,32236,837,55784,75584,93518
2016,TR831,Samsun,242121,2032759,143,2855398,"3,4",1295927,130868,"1,29",3052287,365637,20535,220,1335895,387681,229019,98772,-,21526,2203,46,509,28908,1031,35430,89231,97329
2018,TR831,Samsun,232051,1879439,147,2773239,"3,4",1335716,31758,"0,98",3424875,382947,3224,246,2260200,599424,219838,115298,-,20575,2076,"46,28",402,16734,1692,39545,95459,117831
2020,TR831,Samsun,237399,2175358,149,5327620,"3,2",1356079,27115,"0,86",3358928,409777,2884,261,2904744,892473,224242,127822,-,16473,3929,"47,22",393,14730,2142,46773,100494,119477
2022,TR831,Samsun,243285,2614850,151,,"3,1",1368488,23006,"0,83",3526047,435192,2617,282,,,222617,139528,-,17487,,"46,72",397,14305,,55833,106515,123850
2024,TR831,Samsun,243905,2554802,145,,3,1382376,20698,"0,85",,448303,2559,,,,221845,,-,19107,,"46,51",414,11667,,,,128166
2008,TR832,Tokat,238800,1538261,62,1125257,"4,2",617158,5364," 1,01",604610,,616,273,376013,192350,239231,46469,271100,28189,1823,"52,19",170,19941,609,10827,339,14108
2010,TR832,Tokat,240349,1685532,62,1184807,"3,9",617802,4883,"1,15",629125,,482,262,647342,470857,241032,45541,253858,29286,1918,"51,23",198,19513,1048,5008,266,14349
2012,TR832,Tokat,247507,1449865,62,1180062,"3,6",613990,7416,"1,33",727466,,613,253,840372,253589,246048,44106,255496,33718,1922,"51,09",232,21171,1369,4487,214,14792
2014,TR832,Tokat,243865,1341634,60,1290305,"3,4",597920,9651,"0,82",693887,168557,657,217,782771,263710,243189,33701,227211,34833,2158,"50,48",131,20150,1309,6720,231,14735
2016,TR832,Tokat,234848,1767939,61,1822460,"3,3",602662,13719,1,788681,174906,903,196,1120705,315235,232653,32552,215457,35505,3024,"49,44",169,18755,1860,5650,191,14942
2018,TR832,Tokat,236194,1689119,62,2347247,"3,3",612646,21716,"1,09",863820,180641,1159,240,2096801,502265,234018,39595,226427,35964,3831,"49,02",181,17540,3423,6875,250,14468
2020,TR832,Tokat,244395,2045306,60,3358314,"3,1",597861,22227,1,891193,186010,1765,226,2382732,847317,242187,37920,198870,32843,5617,"50,76",170,17633,3985,8973,130,16245
2022,TR832,Tokat,249547,1897427,60,,3,596454,23817,"0,94",885896,194436,1249,226,,,246617,38485,188634,35082,,"50,34",163,13492,,8666,130,18673
2024,TR832,Tokat,278325,2052311,60,,3,612674,22693,1,,197662,1540,,,,275721,,208912,39646,,"49,92",177,12883,,,,19056
2008,TR833,Çorum,414020,1238168,43,754148,"3,8",545444,1353," 1,16",659109,,156,192,367193,414395,414020,26306,200092,130387,1383,"52,64",157,10329,673,19815,6404,11652
2010,TR833,Çorum,386817,1542552,42,887662,"3,6",535405,1804,"1,16",676744,,200,182,648186,701662,389235,25347,180390,200514,1658,"52,84",158,8729,1211,17947,9284,11002
2012,TR833,Çorum,346555,1212840,41,936411,"3,3",529975,3934,"1,26",802298,,230,206,860915,264268,346227,29135,164449,196818,1767,"51,85",177,10387,1624,20214,11351,10543
2014,TR833,Çorum,351826,1133098,41,941370,"3,2",527220,4156,"1,22",873427,162355,289,198,774062,471219,352074,27324,152244,177886,1786,"51,51",168,8396,1468,15391,12494,10474
2016,TR833,Çorum,353222,1470484,41,1405360,"3,1",527863,6905,"1,11",848842,166692,443,192,1226957,318424,352472,27397,139074,162169,2662,"51,8",159,9735,2324,16650,14370,8477
2018,TR833,Çorum,358971,1497407,42,1748184,3,536483,8907,"1,08",886935,171705,546,208,1794601,497328,358266,29914,144479,143784,3259,"52,16",155,10521,3345,23107,10537,9113
2020,TR833,Çorum,381956,1680094,41,2874932,"2,9",530126,10213,"0,98",866973,176845,570,219,2303891,696152,381293,31675,135876,128481,5423,"53,13",141,14259,4346,33746,16289,9017
2022,TR833,Çorum,412545,1878397,41,,"2,8",524130,12756,"0,89",905533,182130,562,209,,,410341,30342,128872,103402,,"52,54",129,13501,,28298,15325,10159
2024,TR833,Çorum,413209,1713395,42,,"2,8",521335,15875,"0,96",,183315,688,,,,412457,,126143,100673,,"52,11",140,15324,,,,9582
2008,TR834,Amasya,180560,952747,57,765776,"3,8",323675,16701," 1,51",439313,,1119,256,225493,252494,180560,22032,122100,17720,2366,"49,57",128,16868,697,22985,786,4706
2010,TR834,Amasya,180441,1065485,59,830716,"3,6",334786,34053,"1,38",466139,,1337,224,393922,282485,180441,19945,115245,15874,2481,"47,45",123,15621,1177,28625,834,5104
2012,TR834,Amasya,181037,1054474,57,796378,"3,4",322283,53048,"1,15",519828,,2392,234,452879,131794,181257,20120,110809,21216,2471,"49,88",100,16644,1405,19567,161,5761
2014,TR834,Amasya,176879,1016355,57,797333,"3,3",321913,65877,1,570400,95863,3024,252,581127,244511,178365,20545,100509,34009,2477,"49,56",82,12477,1805,24589,161,6309
2016,TR834,Amasya,179842,1523523,57,1364632,"3,2",326351,95094,"0,98",606048,99471,4405,248,989723,217633,179394,21210,94310,33256,4181,"49,21",84,11016,3033,20574,-,6747
2018,TR834,Amasya,179846,1381613,59,1715034,"3,1",337508,98408,1,638426,102763,4584,262,1709814,287612,179975,23124,97848,31159,5081,"48,4",89,10026,5066,24957,-,7517
2020,TR834,Amasya,182404,1432040,59,2485032,3,335494,111223,"0,97",670854,107580,5202,240,1821649,426914,183573,21771,90258,27376,7407,"50,58",88,12381,5430,34513,-,7670
2022,TR834,Amasya,192025,1480313,59,,"2,9",338267,104678,"1,19",693864,112435,5153,275,,,190945,25700,85793,35012,,"49,59",111,9885,,28562,1577,8521
2024,TR834,Amasya,174471,1364792,61,,"2,8",342378,71678,"1,26",,114510,4537,,,,195635,,85595,33889,,"49,21",119,11376,,,,9009
2008,TR901,Trabzon,30761,202222,161,535855,"3,9",748982,796," 0,75",965148,,114,345,165128,272583,30766,63722,358185,-,715,"48,14",139,2448,220,1917,45086,68815
2010,TR901,Trabzon,22693,175662,164,623743,"3,7",763714,866,"0,73",1030115,,118,306,294840,376210,22693,59893,348062,-,817,"47,86",148,2684,386,1136,39583,78817
2012,TR901,Trabzon,20710,152709,162,766447,"3,5",757898,1087,"0,78",1229390,,102,333,406379,274017,20786,66273,331016,-,1011,"46,57",161,2768,536,1270,46984,80604
2014,TR901,Trabzon,13469,76867,164,796103,"3,4",766782,873,"0,67",1306445,219923,122,268,358126,240551,13483,63796,-,-,1038,"46,47",186,2774,467,1128,50925,81613
2016,TR901,Trabzon,13634,71886,167,1095286,"3,3",779379,1134,"0,79",1354785,230334,142,339,497668,347363,13658,81885,-,-,1405,"46,07",224,2554,639,1909,66616,81908
2018,TR901,Trabzon,11832,70594,173,1366181,"3,2",807903,1482,"0,81",1500063,243127,189,355,778712,392787,11852,92016,-,-,1691,"46,11",237,2504,964,879,73407,80905
2020,TR901,Trabzon,11539,68277,174,1987551,"3,1",811901,1716,"0,76",1419701,256455,214,348,1139896,522882,11548,91846,-,7,2448,"48,06",223,2467,1404,1112,85626,81175
2022,TR901,Trabzon,22995,119702,175,,"2,9",818023,1504,"0,72",1506084,271541,184,269,,,22995,71602,-,-,,"48,45",213,2527,,983,64170,80806
2024,TR901,Trabzon,24001,113787,176,,"2,9",822270,1413,"0,76",,277107,182,,,,24001,,-,-,,"48,81",226,2477,,,,80842
2008,TR902,Ordu,37869,124111,121,1036245,"3,9",719278,3132," 0,92",847547,,153,210,178658,243277,37878,34460,335212,6223,1441,"52,56",136,1810,248,1260,14160,214620
2010,TR902,Ordu,27801,85748,121,738363,"3,7",719183,1901,"0,96",881991,,374,234,312053,371552,27808,38317,314793,4003,1027,"52,45",151,1296,434,660,15527,201132
2012,TR902,Ordu,24919,76097,125,919174,"3,4",741371,1087,"0,89",1041926,,205,213,557683,379849,24951,37084,318076,3990,1240,"50,44",149,1346,752,410,17342,227630
2014,TR902,Ordu,21581,56588,122,953851,"3,2",724268,2600,"0,8",1090963,218840,182,250,360294,366279,21601,52866,-,5293,1317,"49,89",186,1278,497,276,36366,227733
2016,TR902,Ordu,14308,44935,126,1208638,"3,1",750588,2473,"0,96",1116466,236196,204,284,586985,473569,14309,56897,-,10504,1610,"48,82",231,1322,782,362,36186,227653
2018,TR902,Ordu,13091,47452,130,2122474,"3,1",771932,2594,"1,01",1264225,244784,207,190,941904,710882,13340,48189,-,10405,2750,"48,38",257,1307,1220,274,33060,227721
2020,TR902,Ordu,17351,71518,128,3992005,"2,9",761400,2280,"0,93",1294543,258320,280,202,1165793,906480,17351,54554,-,6200,5243,"50,94",242,1325,1531,542,42868,227900
2022,TR902,Ordu,23164,76446,128,,"2,7",763190,3619,"0,86",1365911,272709,323,184,,,23164,48260,-,6200,,"50,72",224,1386,,478,37005,228023
2024,TR902,Ordu,24145,76004,131,,"2,7",770711,3637,"0,87",,277807,337,,,,24145,,-,6200,,"50,57",234,1378,,,,228031
2008,TR903,Giresun,32098,75297,62,700164,"3,6",421766,890," 0,77",421621,,191,228,122517,155490,32258,20735,186119,6587,1660,"52,84",69,2972,290,300,-,106066
2010,TR903,Giresun,29553,67480,61,509921,"3,4",419256,661,"0,93",451094,,158,230,233235,231689,29569,21187,173875,6437,1216,"52,1",85,2128,556,221,-,121062
2012,TR903,Giresun,27175,55729,61,742923,"3,2",419555,699,"1,19",531306,,166,210,260691,158545,27218,19710,170598,13359,1771,"49,93",115,2383,621,375,-,125274
2014,TR903,Giresun,25181,49913,63,422072,3,429984,720,"1,12",563912,136859,168,307,235791,203926,25187,30578,159369,13762,982,"48,78",113,2739,548,468,-,120046
2016,TR903,Giresun,23402,58893,65,702523,"2,9",444467,733,"1,17",585433,146909,164,222,351950,249852,23454,24131,151853,14530,1581,"48,03",132,2734,792,336,-,119768
2018,TR903,Giresun,21716,59691,66,876203,"2,8",453912,793,"1,13",662028,154909,197,199,641579,319514,21735,20183,176238,12657,1930,"47,24",119,2661,1413,421,140,119374
2020,TR903,Giresun,18124,64104,66,1923485,"2,7",448721,631,"1,02",701451,160054,124,186,816947,437040,18163,20305,146462,13553,4287,"49,66",116,2623,1821,433,579,119775
2022,TR903,Giresun,18706,80140,66,,"2,6",450862,574,"0,96",722628,168551,158,187,,,18706,21202,144413,12573,,"50,41",111,2334,,306,679,119770
2024,TR903,Giresun,20781,92808,66,,"2,5",455922,609,"1,12",,173384,179,,,,20781,,150197,10295,,"51,68",129,2423,,,,119784
2008,TR904,Rize,675,1706,81,650893,4,319410,-," 0,95",536787,,1,199,37317,65936,675,14899,129706,-,2038,"48,17",71,392,117,391,9130,53653
2010,TR904,Rize,567,1118,81,934143,"3,8",319637,-,"0,75",573172,,-,188,41158,84112,567,13643,122117,-,2923,"47,74",59,381,129,273,6535,53719
2012,TR904,Rize,457,949,83,1073048,"3,5",324152,-,"0,78",609774,,-,149,79963,87659,456,11381,116521,-,3310,"46,14",64,352,247,287,5870,53701
2014,TR904,Rize,373,626,84,1303051,"3,4",329779,-,"0,97",666876,94444,-,191,66409,93930,373,14090,118284,-,3951,"45,78",79,331,201,331,9757,53881
2016,TR904,Rize,283,335,84,1568363,"3,3",331048,-,"1,15",670853,98095,-,209,103188,50334,283,16290,110008,-,4738,"45,01",98,283,312,5,10927,52916
2018,TR904,Rize,249,362,89,2441047,"3,3",348608,-,"1,25",750713,102937,-,200,172102,204584,249,15215,142520,-,7002,"44,12",100,288,494,136,11582,55379
2020,TR904,Rize,226,968,88,3258584,"3,1",344359,-,"1,14",745662,109008,-,278,172965,309761,226,23470,115689,-,9463,"45,75",100,309,502,67,19886,55057
2022,TR904,Rize,199,397,88,,"2,9",344016,-,"0,79",742128,114067,-,312,,,199,26923,109478,-,,"46,17",72,296,,9,23255,55199
2024,TR904,Rize,200,347,88,,"2,9",346977,-,"0,86",,116262,0,,,,200,,117045,-,,"46,76",77,283,,,,55243
2008,TR905,Artvin,13446,125562,23,258614,"3,7",166584,992," 0,94",265507,,135,261,86235,123937,14905,9188,76970,412,1552,"50,14",33,1896,518,89,4267,24362
2010,TR905,Artvin,11930,108327,22,276267,"3,5",164759,699,"0,87",299328,,88,291,169926,188014,11930,9909,74799,447,1677,"50,61",31,2074,1031,80,4192,22183
2012,TR905,Artvin,9577,69726,23,323272,"3,3",167082,681,"0,85",324424,,86,233,249336,176468,9637,8528,73409,6110,1935,"48,4",32,1467,1492,238,3209,21561
2014,TR905,Artvin,7686,45948,23,377214,"3,1",169674,919,1,341631,52438,93,262,202174,226238,7846,9477,71635,5477,2223,"48,39",38,1014,1192,356,3490,19110
2016,TR905,Artvin,5458,36953,23,516852,3,168068,1018,"1,13",360804,54092,96,216,296770,232483,5516,8036,68242,5201,3075,"48,08",43,945,1766,141,1442,19098
2018,TR905,Artvin,5103,36788,24,644500,3,174010,1224,"1,2",396248,55274,143,221,458883,286333,5124,8032,71128,4500,3704,"47,1",45,991,2637,285,1378,19367
2020,TR905,Artvin,5008,36431,23,833705,"2,9",169501,1243,"1,49",441806,57489,137,205,626912,79038,5023,7839,62643,4235,4919,"50,36",58,1149,3699,259,3457,18947
2022,TR905,Artvin,7865,62312,23,,"2,7",169403,1336,"1,55",408398,59668,167,195,,,7865,7594,61438,4191,,"50,55",61,1142,,124,5119,19074
2024,TR905,Artvin,6795,46155,24,,"2,7",169280,760,"1,66",,60062,89,,,,6795,,60455,3612,,"50,65",65,981,,,,18769
2008,TR906,Gümüþhane,47930,202508,20,142862,4,131367,549," 0,81",90993,,91,226,121783,95511,47930,7038,73446,20637,1088,"55,74",23,834,927,2231,-,1354
2010,TR906,Gümüþhane,46795,238150,20,143337,"3,7",129618,350,"0,87",153344,,51,245,185911,160257,46875,7310,68456,26330,1106,"53,92",26,793,1434,571,-,1569
2012,TR906,Gümüþhane,47549,236595,21,168221,"3,4",135216,363,"0,99",216981,,59,226,249026,103910,47682,7416,67702,29264,1244,"49,34",33,682,1842,426,-,1553
2014,TR906,Gümüþhane,44730,218676,23,170759,"3,2",146353,369,"0,97",352615,41477,74,214,210639,111825,45540,8293,58375,19014,1167,"45,64",35,702,1439,1164,-,1623
2016,TR906,Gümüþhane,42883,261253,27,280364,"3,5",172034,489,"0,89",381120,45683,99,120,301209,105157,43011,6181,50501,21286,1630,"43,24",45,831,1751,1026,320,1679
2018,TR906,Gümüþhane,42855,261723,25,315097,"3,1",162748,578,"1,04",384188,47528,114,217,482837,149543,42855,7742,82442,37163,1936,"42,3",36,894,2967,981,952,1999
2020,TR906,Gümüþhane,49702,340942,22,353107,"2,9",141702,624,"0,63",353746,46600,130,203,617315,231040,49703,7687,57831,32212,2492,"46,7",24,574,4356,643,1270,2311
2022,TR906,Gümüþhane,54981,390992,22,,"2,7",144544,683,"0,65",340206,48542,150,206,,,54990,8054,57069,37084,,"44,72",26,617,,666,1420,2379
2024,TR906,Gümüþhane,75990,448785,21,,"2,8",142617,447,"0,62",,47443,96,,,,75990,,58500,36822,,"45,45",24,468,,,,2620
2008,TRA11,Erzurum,270836,958497,31,244674,5,774967,1862," 1,08",832558,,113,304,807540,420979,276896,58081,289860,133614,316,"60,84",205,1263,1042,4196,3600,1687
2010,TRA11,Erzurum,231510,1866930,30,313052,"4,8",769085,1533,"1,01",927531,,116,373,1304503,1003164,231510,70297,279599,111890,407,"60,04",188,817,1696,3929,50000,1609
2012,TRA11,Erzurum,268672,1656346,31,327959,"4,6",778195,1533,"1,03",1011718,,121,364,1626011,559346,269706,71108,268721,108382,421,"57,15",200,959,2089,4815,51105,1631
2014,TRA11,Erzurum,247011,1961889,30,467612,"4,2",763320,1432,"0,8",998179,174007,125,252,1784607,753057,247724,70213,-,108674,613,"56,27",179,885,2338,3668,51127,1602
2016,TRA11,Erzurum,236887,1939170,30,479643,4,762021,2023,"0,81",1022114,180369,160,309,2713517,942848,236887,85848,-,107089,629,"53,73",202,959,3561,3608,58222,1770
2018,TRA11,Erzurum,238347,2121764,30,586614,"3,9",767848,2208,"0,85",1002362,186924,177,345,4440409,1420506,238349,96691,-,99379,764,"52,35",209,963,5783,2192,58223,1627
2020,TRA11,Erzurum,251414,2340583,30,875118,"3,7",758279,2751,"0,9",1063797,194749,226,301,6397029,2316421,251414,83285,-,92660,1154,"52,52",228,1060,8436,3931,73640,1905
2022,TRA11,Erzurum,379661,4129761,30,,"3,5",749754,2766,"0,9",1054871,203204,236,281,,,379671,77017,-,36240,,"51,05",232,1445,,4895,65708,2125
2024,TRA11,Erzurum,379398,3770786,30,,"3,4",745005,2960,"0,89",,206773,281,,,,379398,,-,38955,,"49,37",229,1166,,,,2012
2008,TRA12,Erzincan,113496,621816,18,287733,"3,9",210645,672," 1,21",216673,,36,316,207918,124993,113500,18891,97414,44377,1366,"51,4",72,3401,987,14887,-,3505
2010,TRA12,Erzincan,98208,868188,19,361543,"3,6",224949,1062,"1,26",265546,,62,322,362342,201378,98208,21272,90921,40575,1607,"46,83",83,3033,1611,17508,-,3471
2012,TRA12,Erzincan,100782,775053,19,398548,"3,4",217886,1133,"1,32",317542,,70,390,435887,132667,100969,25071,88447,26581,1829,"47,83",85,3421,2001,14830,-,3533
2014,TRA12,Erzincan,94559,764818,19,442418,"3,2",223633,1158,"1,51",326029,64067,72,282,431424,171224,95120,17521,94058,25535,1978,"47,46",97,3507,1929,11676,-,3542
2016,TRA12,Erzincan,93433,950541,19,496548,"3,1",226032,995,"1,52",386678,67102,86,239,662637,192908,93692,15833,95728,30804,2197,"46,74",101,3452,2932,9113,-,3383
2018,TRA12,Erzincan,87195,875387,20,607788,3,236034,1781,"1,42",475800,70358,133,238,1080907,285056,87270,15938,63103,29518,2575,"45,57",95,2904,4579,11932,88,3452
2020,TRA12,Erzincan,90370,1038447,20,769666,3,234431,5868,"1,16",641652,73738,301,267,1554641,401889,90359,18600,54459,28304,3283,"47,55",80,3173,6632,15388,145,3775
2022,TRA12,Erzincan,104535,1097795,21,,"2,8",239223,10079,"1,12",611515,77783,488,277,,,104530,19808,54283,29738,,"46,48",80,2383,,14185,140,3867
2024,TRA12,Erzincan,105926,1146438,21,,"2,8",241239,10584,"1,16",,79096,560,,,,105743,,58784,38674,,"46,38",82,1999,,,,3741
2008,TRA13,Bayburt,60742,323050,20,49242,"4,4",75675,36," 1,03",58827,,8,246,111403,42922,60751,4091,38763,33153,651,"57,22",17,177,1472,758,-,186
2010,TRA13,Bayburt,62283,356360,20,70638,"4,2",74412,220,"1,09",69643,,22,281,181465,143508,62283,4633,36875,4175,949,"55,48",18,167,2439,515,-,161
2012,TRA13,Bayburt,65078,536217,20,69624,"3,9",75797,209,"0,95",70815,,21,281,334751,140616,65383,4993,35233,24314,919,"50,79",17,147,4416,496,-,52
2014,TRA13,Bayburt,79186,624447,22,84776,"3,6",80607,230,"1,16",82038,21244,23,219,199954,43315,79386,3978,35119,23297,1052,"50,88",21,631,2481,384,-,54
2016,TRA13,Bayburt,83823,769554,24,128560,"3,5",90154,229,"0,77",94099,24282,21,104,282814,135672,84594,2336,34484,19096,1426,"45,34",17,637,3137,325,-,54
2018,TRA13,Bayburt,85653,1101217,22,138679,"3,4",82274,217,"0,9",98841,22201,23,231,510950,206786,85654,4226,36807,11163,1686,"47,08",16,237,6210,142,-,132
2020,TRA13,Bayburt,85258,1053381,22,170038,"3,2",81910,277,"1,05",103423,23665,29,211,567457,250918,85258,4265,31487,11479,2076,"47,05",21,276,6928,284,155,157
2022,TRA13,Bayburt,104072,1246926,23,,"3,1",84241,144,"0,97",107086,24948,34,192,,,104072,4227,28915,9444,,"44,01",21,274,,244,120,172
2024,TRA13,Bayburt,103544,1596470,23,,"3,1",83676,144,"0,93",,24822,34,,,,103544,,29943,10489,,"44,38",20,297,,,,197
2008,TRA21,Aðrý,223909,693792,46,121292,"6,7",532180,-," 0,87",262439,,-,211,475412,152656,249962,22369,266466,81559,228,"80,4",89,540,893,-,4920,45
2010,TRA21,Aðrý,246719,1753843,47,178549,"6,7",542022,-,"1,02",311838,,-,256,1020545,594277,247786,25892,266237,100363,329,"79,88",105,913,1883,90,0,75
2012,TRA21,Aðrý,244963,1100919,48,175975,"6,4",552404,-,"1,16",293873,,-,202,1254903,326666,246208,21400,259879,121795,319,"76,34",127,821,2272,832,609,122
2014,TRA21,Aðrý,245499,1048612,48,213198,"5,9",549435,-,"1,22",316464,90624,-,254,1256212,322769,250040,27396,249807,119227,388,"73,1",137,1158,2286,1136,6917,74
2016,TRA21,Aðrý,237224,1210382,47,220498,"5,4",542255,2001,"1,27",286843,96861,39,298,1831098,385997,239795,32272,236849,120048,407,"69,55",146,684,3377,76,18084,74
2018,TRA21,Aðrý,229426,1106163,47,275547,5,539657,2520,"1,42",424047,103182,48,260,3151657,599902,231850,28277,235114,121194,511,"66,41",159,520,5840,230,14726,156
2020,TRA21,Aðrý,236787,1120838,47,566237,"4,8",535435,1440,"1,51",496217,109198,48,290,3797160,890084,238483,32494,224539,113788,1058,"65,25",176,632,7092,629,19977,303
2022,TRA21,Aðrý,287457,1259680,45,,"4,4",510626,884,"1,58",476762,113097,40,324,,,287457,35686,204331,63422,,"62,33",181,687,,1399,22746,306
2024,TRA21,Aðrý,288799,1123559,44,,"4,3",499801,860,"1,39",,112558,40,,,,288921,,191099,52830,,"58,92",160,636,,,,297
2008,TRA22,Kars,248941,486884,31,159369,"5,3",312128,-," 1,25",257400,,-,245,503785,156085,249781,12551,181503,57366,511,"59,28",64,-,1614,1500,948,937
2010,TRA22,Kars,203035,514199,30,103924,"5,2",301766,-,"1,43",266459,,-,249,1184741,607713,203285,11622,178314,32870,344,"62,73",67,-,3926,179,2510,684
2012,TRA22,Kars,236075,642805,30,141002,"4,9",304821,-,"1,81",281248,,-,281,1312589,310857,237180,13906,173586,136891,463,"60,15",86,-,4306,611,6210,685
2014,TRA22,Kars,207306,581279,29,173745,"4,4",296466,-,"1,61",280896,64462,-,414,1298875,550345,207591,20094,165310,1148,586,"58,51",77,-,4381,591,10170,777
2016,TRA22,Kars,197767,585797,29,129211,"4,1",289786,-,"1,75",321195,66722,-,420,1932083,782686,199384,20490,156258,1919,446,"56,42",87,2,6667,505,10120,889
2018,TRA22,Kars,206477,668408,29,167852,4,288878,-,"1,69",320821,68538,-,461,3467866,651146,207305,23019,152149,1053,581,"54,42",86,-,12005,153,10730,1715
2020,TRA22,Kars,216708,707452,28,202637,"3,8",284923,-,"1,89",324661,71490,-,432,4962882,1152686,216849,22408,143534,1967,711,"53,69",100,-,17418,387,11144,1894
2022,TRA22,Kars,228076,568207,27,,"3,6",274829,-,2,313300,73011,-,405,,,228077,20924,132708,798,,"52,32",105,-,,477,11088,1841
2024,TRA22,Kars,260430,916823,27,,"3,5",272300,-,"1,36",,72769,0,,,,261561,,124975,1586,,"49,96",75,19,,,,1641
2008,TRA23,Iðdýr,54420,434231,51,136595,"5,5",184025,91," 1,01",106571,,9,162,207045,76760,54420,6536,89618,17544,742,"63,82",42,2753,1125,35,-,2337
2010,TRA23,Iðdýr,50160,523577,51,110447,"5,3",184418,57,"1,14",107477,,5,153,426325,216795,50160,6001,88868,23692,599,"64,98",46,2636,2312,168,-,3626
2012,TRA23,Iðdýr,49577,680077,53,141953,"5,1",190409,57,"1,43",128785,,10,152,529140,117018,48849,6025,88926,6520,746,"61,85",61,4130,2779,17,-,4274
2014,TRA23,Iðdýr,50608,727420,54,198791,"4,6",192056,57,"1,31",154124,40060,10,148,693938,183055,49933,5403,86780,11844,1035,"60,54",57,5318,3613,711,-,4463
2016,TRA23,Iðdýr,54489,792205,54,340755,"4,4",192785,193,"1,4",186915,42067,40,131,1005691,175102,53443,5417,84581,4099,1768,"59,31",63,5790,5217,725,-,5324
2018,TRA23,Iðdýr,74303,2198442,55,331810,"4,2",197456,490,"1,21",192251,44517,42,130,1849104,279106,72787,5485,86273,20914,1680,"57,23",55,3313,9365,833,-,5920
2020,TRA23,Iðdýr,66518,1963842,56,524847,"4,1",201314,540,"1,19",206599,48171,50,145,2861877,581441,64376,6345,85902,23397,2607,"57,56",56,3587,14216,992,-,5877
2022,TRA23,Iðdýr,96455,1726888,57,,"3,8",203594,1558,"1,17",219025,50568,113,171,,,94396,7761,83738,10393,,"54,9",57,3402,,859,3250,6052
2024,TRA23,Iðdýr,90873,1364318,57,,"3,8",206857,1427,"1,01",,51286,283,,,,88908,,84875,6580,,"51,89",50,3240,,,,5919
2008,TRA24,Ardahan,59119,135585,23,39277,"4,8",112242,-," 0,92",72606,,-,322,341646,176573,59187,4821,75740,10368,350,"55,96",14,28,3044,4,-,159
2010,TRA24,Ardahan,37266,82715,22,15299,"4,5",105454,-,"1,26",82251,,-,325,618433,503219,38368,4343,71753,1443,145,"57,95",17,10,5864,-,-,69
2012,TRA24,Ardahan,65954,118857,22,19776,"4,2",106643,-,"1,58",98105,,-,295,701850,274130,66510,4228,69121,5718,185,"54,16",23,14,6581,-,-,64
2014,TRA24,Ardahan,20116,30603,21,15612,"3,8",100809,-,"1,68",108088,25809,-,422,646695,250994,23715,5641,64208,9148,155,"55,07",22,12,6415,140,-,77
2016,TRA24,Ardahan,24098,40068,20,45286,"3,5",98335,-,"1,7",117971,26884,-,409,1187977,285251,24099,5919,60154,4022,461,"53,29",25,8,12081,-,-,53
2018,TRA24,Ardahan,33846,61050,20,57682,"3,3",98907,-,"1,7",126156,28027,-,382,1715407,474946,33846,5757,59515,5033,583,"51,41",25,11,17344,-,-,59
2020,TRA24,Ardahan,41368,181688,20,53481,"3,3",96161,-,"1,78",132314,28513,-,420,2001664,790196,41368,6236,57422,1371,556,"52,35",27,9,20816,6,75,50
2022,TRA24,Ardahan,76394,557748,19,,"3,1",92481,-,"1,74",132257,28806,-,477,,,76394,6306,53358,518,,"51,22",26,13,,5,75,94
2024,TRA24,Ardahan,87055,490084,19,,3,91354,-,"1,75",,28686,0,,,,87055,,50898,34,,"50,08",27,22,,,,90
2008,TRB11,Malatya,95936,204323,62,710425,"4,5",733789,151," 1,31",1054274,,13,271,250831,256131,142969,58916,241378,98267,968,"52,44",271,5061,342,73637,-,79509
2010,TRB11,Malatya,132326,383665,63,681068,"4,3",740643,-,"0,98",1124362,,-,221,474073,344404,132373,48547,260499,99984,920,"52,21",208,4900,640,69151,-,81681
2012,TRB11,Malatya,119103,395151,65,926882,4,762366,-,"1,04",1274258,,6,212,605401,174795,118601,48995,257573,85518,1216,"50,58",227,5546,794,82560,-,85067
2014,TRB11,Malatya,92506,353521,65,352629,"3,8",769544,-,"0,96",1504805,197284,7,143,520760,200104,115013,39900,-,82941,458,"50,41",264,5595,677,91983,-,86724
2016,TRB11,Malatya,110934,474474,66,1321658,"3,7",781305,-,"0,89",1501201,206879,9,299,960814,279461,110520,85231,-,79520,1692,"49,94",250,4996,1230,99745,-,91587
2018,TRB11,Malatya,108908,593241,68,1567189,"3,6",797036,-,"0,94",1585763,214106,9,326,1536846,376798,108364,94780,-,74751,1966,"49,77",271,4234,1928,100620,-,90648
2020,TRB11,Malatya,113556,843302,68,2575754,"3,5",806156,205,"0,92",1637190,225586,16,294,1862480,529918,112980,86614,-,67578,3195,"49,86",267,4501,2310,86114,-,95718
2022,TRB11,Malatya,104773,722517,69,,"3,3",812580,302,"0,75",1742317,238581,25,282,,,104320,83613,-,67106,,"49,04",221,4191,,82200,-,98772
2024,TRB11,Malatya,103599,774981,62,,"3,1",750491,216,"0,83",,235283,23,,,,102811,,-,57186,,"47,48",225,3642,,,,104837
2008,TRB12,Elazýð,114524,530734,65,436525,"4,4",547562,170," 0,91",908592,,121,192,291100,284094,115326,30603,163528,43185,797,"50,91",142,4441,532,71671,467,27646
2010,TRB12,Elazýð,105483,484008,65,438421,"4,2",552646,610,"1,23",953660,,87,205,507851,306353,105611,33012,151971,26952,793,"50,24",198,4897,919,35985,467,24466
2012,TRB12,Elazýð,110176,480192,67,492142,4,562703,589,"1,55",1167181,,94,208,746923,193176,109321,34741,143712,18991,875,"48,68",259,5945,1327,32505,407,23389
2014,TRB12,Elazýð,107304,422070,67,470638,"3,7",568753,3225,"1,6",1299136,148255,356,205,667840,229478,106571,34545,143759,19996,827,"47,92",269,5881,1174,37802,422,24418
2016,TRB12,Elazýð,104961,515126,68,763340,"3,6",578789,3700,"1,57",1358988,156406,379,203,1164312,260273,103920,35591,132766,37738,1319,"46,85",272,6405,2012,35305,271,26359
2018,TRB12,Elazýð,107582,566201,70,997385,"3,5",595638,15807,"0,97",1646677,162118,1114,292,1884369,451777,106550,49920,166971,45281,1674,"46,89",165,6909,3164,50282,287,27830
2020,TRB12,Elazýð,112580,750557,70,1614748,"3,3",587960,21203,"0,92",1675739,170337,1477,312,2359823,601448,111431,56016,132740,39166,2746,"47,57",165,7385,4014,56959,435,28744
2022,TRB12,Elazýð,113678,712741,70,,"3,1",591497,21724,"0,94",1581787,182472,1520,327,,,112466,59362,131596,32504,,"47,22",170,7411,,42228,17700,30096
2024,TRB12,Elazýð,113213,744618,69,,"3,1",603941,22403,"0,93",,190950,1578,,,,111993,,127479,19629,,"46,58",174,7883,,,,32693
2008,TRB13,Bingöl,23849,247780,31,89254,"5,4",256091,-," 1,15",129108,,-,192,195304,117924,24354,10565,118805,9372,349,"58,45",63,1615,763,1333,-,2704
2010,TRB13,Bingöl,23654,285390,31,86416,"5,2",255170,-,"1,25",140624,,-,224,351829,192006,23666,11714,117101,7515,339,"57,92",65,1509,1379,1655,-,2875
2012,TRB13,Bingöl,18913,242350,32,71049,"4,8",262507,-,"1,22",169810,,-,228,517909,157429,23350,13005,112341,7024,271,"54,3",69,1501,1973,322,-,3176
2014,TRB13,Bingöl,21810,313798,32,91046,"4,4",266019,-,"1,21",217529,58211,-,221,626477,213852,23125,12868,110322,8072,342,"52,46",71,1184,2355,564,-,3582
2016,TRB13,Bingöl,20047,296520,33,117029,"4,1",269560,-,"0,96",256187,63164,-,218,1017329,172833,20088,13571,101643,7209,434,"51,49",60,1173,3774,306,-,3473
2018,TRB13,Bingöl,18567,349560,34,133822,"3,9",281205,1000,"0,82",305542,68920,40,231,1255457,290676,18670,14543,113025,7106,476,"50,58",52,1192,4465,481,-,3321
2020,TRB13,Bingöl,19881,407053,34,141505,"3,7",281768,552,"0,68",303747,74627,24,203,1978942,524583,19900,13755,98155,5878,502,"51,01",47,1135,7023,1308,-,3055
2022,TRB13,Bingöl,59139,1095527,34,,"3,4",282556,250,"0,66",322758,79731,10,203,,,58789,14370,91227,5828,,"50,15",48,1192,,1510,-,2867
2024,TRB13,Bingöl,127895,3095215,35,,"3,3",283276,300,"0,78",,82457,10,,,,127745,,87127,5316,,"49,04",57,1353,,,,2705
2008,TRB14,Tunceli,33102,79018,12,44531,"3,7",86449,97," 1,26",80543,,6,197,85929,68137,33765,4071,30794,48948,515,"37,18",25,601,994,75,-,1725
2010,TRB14,Tunceli,36637,106522,10,52959,"3,4",76699,33,"1,3",81077,,4,296,172054,111820,36731,5355,29168,13729,690,"42,5",23,339,2243,124,-,1938
2012,TRB14,Tunceli,34371,99222,12,60354,"3,1",86276,43,"1,1",96682,,6,261,264360,70280,34570,5663,28539,19021,700,"34,99",23,443,3064,348,-,2189
2014,TRB14,Tunceli,31771,90831,12,47701,"2,9",86527,47,"1,15",110218,25187,6,272,268421,75080,31801,5700,30592,27355,551,"37,34",24,405,3102,420,-,2231
2016,TRB14,Tunceli,28109,101565,11,68412,"2,8",82193,33,"1,13",105484,25705,4,290,411398,124239,28109,5797,28621,28438,832,"38,18",22,434,5005,7893,-,2234
2018,TRB14,Tunceli,28843,107719,12,90114,"2,8",88198,39,"1,14",123204,27640,5,279,475224,108865,28843,5809,32338,19333,1022,"38,62",23,456,5388,1210,-,2320
2020,TRB14,Tunceli,29369,112384,11,63467,"2,7",83443,60,"1,23",127587,28891,10,303,673713,196282,29369,6106,29524,15841,761,"43,45",24,523,8074,1586,-,2671
2022,TRB14,Tunceli,29017,109541,11,,"2,5",84366,24,"1,29",131712,30131,4,301,,,29017,6342,28056,14649,,"43,74",27,457,,1814,-,2701
2024,TRB14,Tunceli,25102,88276,11,,"2,6",86612,18,"1,25",,30787,3,,,,25102,,29044,10991,,"44,74",27,451,,,,1870
2008,TRB21,Van,196655,917666,52,153042,"6,9",1004369,639," 0,88",581504,,47,378,662785,272183,209679,77669,489888,74329,152,"79,36",182,1295,660,2067,-,4145
2010,TRB21,Van,216730,1038733,54,150632,7,1035418,398,"0,95",725509,,78,377,1350432,599882,220417,76824,495799,77588,145,"77,71",202,1268,1304,759,-,3976
2012,TRB21,Van,215486,1063896,55,155562,"6,4",1051975,419,"1,32",1051776,,79,352,1554256,310041,220358,74710,503258,114584,148,"72,32",292,1323,1477,2895,-,4408
2014,TRB21,Van,208233,906786,56,193664,"5,8",1085542,95,"0,99",807199,184000,15,238,1425155,384508,214610,94296,-,109079,178,"68,71",381,1641,1313,3130,-,5001
2016,TRB21,Van,210833,2840073,57,255828,"5,3",1100190,1371,"1,04",873726,201722,87,229,1905093,488148,213118,90258,-,97753,233,"64,98",407,1781,1732,2097,14980,5423
2018,TRB21,Van,178277,2077138,58,372672,"5,1",1123784,2415,"1,3",966977,214859,158,212,3023837,723231,180145,86269,-,101803,332,"62,16",531,2262,2691,2721,14980,5743
2020,TRB21,Van,187350,1929639,60,631439,"4,8",1149342,2695,"1,3",1058233,234849,186,203,4300982,1022598,194779,84329,-,86105,549,"60,01",543,2438,3742,3566,23730,5906
2022,TRB21,Van,285942,2166933,58,,"4,4",1128749,2380,"1,02",1121855,252592,195,204,,,293514,83034,-,78636,,"57,14",419,2810,,4027,13700,6381
2024,TRB21,Van,294229,2126788,60,,"4,2",1118087,2471,"1,03",,257819,166,,,,301054,,-,68787,,"54,12",420,2731,,,,7733
2008,TRB22,Muþ,220743,1000688,50,150299,"6,9",404309,-," 0,70",221404,,-,238,586597,252331,228717,18685,266220,49072,372,"80,19",46,2345,1451,2977,-,543
2010,TRB22,Muþ,224660,2257551,50,251993,"6,8",406886,-,"0,74",299351,,-,324,1052952,536456,224660,23199,263262,48801,619,"79,71",49,3192,2588,1662,-,767
2012,TRB22,Muþ,218781,1851688,51,225412,"6,6",413260,-,"0,82",346798,,-,305,1348233,305917,220364,23473,258788,23559,545,"75,2",58,3229,3262,2303,-,828
2014,TRB22,Muþ,217714,2180278,51,297200,6,411216,-,"0,88",342493,67063,-,335,1208616,376952,217784,25464,250328,52872,723,"71,51",64,3489,2939,1209,-,851
2016,TRB22,Muþ,212605,2215302,50,390359,"5,4",406501,-,"0,86",397403,73529,-,331,1696814,478759,212575,24858,241832,42815,960,"68,63",64,3679,4174,2810,-,985
2018,TRB22,Muþ,215589,2415028,51,642397,"5,1",407992,-,"0,85",358492,78294,-,328,2615743,536692,215561,26289,227898,21421,1575,"66,3",70,3856,6411,1944,-,1227
2020,TRB22,Muþ,209516,2181081,51,876402,"4,7",411117,-,"0,85",409641,85379,-,331,3257090,1006517,209523,27961,217838,28153,2132,"64,38",74,4109,7923,2517,-,1342
2022,TRB22,Muþ,261370,2179793,50,,"4,4",399202,-,"0,97",394071,89653,-,335,,,261408,28598,204823,13947,,"61,7",84,4362,,3182,-,1439
2024,TRB22,Muþ,312463,2340901,45,,"4,2",392301,-,"0,94",,90844,0,,,,312463,,195586,2254,,"59,33",84,6445,,,,1904
2008,TRB23,Bitlis,78269,328179,47,136344,"6,4",326897,31," 1,10",194205,,5,293,167247,120579,78638,21274,158073,39563,417,"77,83",79,755,512,7648,-,1802
2010,TRB23,Bitlis,82620,491916,47,148021,"6,4",328767,-,"1,02",217354,,-,265,421700,197678,82654,17788,159980,14468,450,"75,76",68,676,1283,22672,-,1927
2012,TRB23,Bitlis,83058,518250,48,152045,"6,1",337253,-,"0,88",264320,,-,257,683271,123812,86021,18682,154314,9500,451,"69,87",65,1040,2026,23024,-,3055
2014,TRB23,Bitlis,113921,726296,48,275533,"5,5",338023,-,"0,78",302699,58880,-,427,586909,163051,114851,32652,148648,16700,815,"67,29",58,2269,1736,27597,305,4390
2016,TRB23,Bitlis,109693,725337,49,369498,5,341225,-,"0,77",319933,65506,-,346,646510,234679,109904,27340,143478,14647,1083,"63,77",61,3011,1895,35894,400,5491
2018,TRB23,Bitlis,102593,641114,50,534867,"4,7",349396,-,"0,76",356961,71174,-,349,1001602,335920,102881,29013,143830,11645,1531,"60,85",63,3177,2867,39048,400,6293
2020,TRB23,Bitlis,118058,1098396,50,1029054,"4,4",350994,-,"0,8",365639,76951,-,336,1289222,514190,118151,27497,140876,2418,2932,"60,53",68,3233,3673,34973,400,7194
2022,TRB23,Bitlis,124558,1371479,50,,"4,1",353988,-,"0,93",403798,83736,-,335,,,124752,29149,130926,5011,,"58,04",82,3624,,53138,315,7700
2024,TRB23,Bitlis,119552,1398954,55,,4,359808,-,"0,9",,87120,0,,,,119606,,121530,5057,,"55,64",85,4676,,,,8115
2008,TRB24,Hakkari,39413,202767,36,158780,"7,8",258590,32," 0,53",150685,,2,175,124051,81266,39720,9090,115365,1950,614,"71,75",28,2047,480,5,-,3439
2010,TRB24,Hakkari,32424,230025,35,148279,"7,8",251302,49,"0,54",124194,,9,163,285764,146630,32424,8267,115252,1850,590,"72,45",27,1252,1137,5,-,3724
2012,TRB24,Hakkari,31826,224039,39,149925,"7,4",279982,6,"0,46",174661,,1,156,288918,94623,32199,8858,123873,1900,535,"58,52",27,1545,1032,24,-,3856
2014,TRB24,Hakkari,26362,153531,38,143875,"6,6",276287,12,"0,72",156134,38835,2,119,348268,123782,26362,6813,125508,2676,521,"57,29",44,1523,1261,26,-,3270
2016,TRB24,Hakkari,28802,167025,37,158477,"5,9",267813,49,"0,75",169736,42490,9,119,452689,163181,28813,6558,121275,2039,592,"54,6",45,1423,1690,37,-,3154
2018,TRB24,Hakkari,33638,179198,40,177503,"5,5",286470,13,"0,77",244627,46163,5,117,739380,220530,33712,7034,118565,875,620,"47,92",50,1772,2581,57,-,4439
2020,TRB24,Hakkari,37335,239418,39,286055,"5,2",280514,27,"0,81",287783,50408,11,128,820279,299094,37346,7549,114413,4,1020,"47,75",52,1560,2924,113,-,4172
2022,TRB24,Hakkari,37863,170692,38,,"4,6",275333,113,"0,91",286450,57055,44,193,,,37865,11443,107662,213,,"46,57",59,861,,100,5043,3810
2024,TRB24,Hakkari,36624,385003,40,,"4,4",282191,276,"0,91",,60112,71,,,,36624,,96422,212,,"43,58",65,690,,,,4643
2008,TRC11,Gaziantep,107046,456853,236,889712,"4,9",1612223,151," 0,80",3867680,,7,289,193389,187362,152792,145564,201937,10583,552,"65,56",411,7519,120,113287,78321,153488
2010,TRC11,Gaziantep,147117,630276,249,1247068,"4,9",1700763,-,"0,74",4221841,,-,179,451688,251380,147329,100367,199197,7019,733,"65,47",413,6151,266,151590,69909,148361
2012,TRC11,Gaziantep,156893,762634,264,1348680,"4,6",1799558,-,"0,87",4975247,,-,218,690846,160333,151425,107480,194625,3192,749,"64,23",523,8986,384,119849,71012,203403
2014,TRC11,Gaziantep,142265,550665,277,1160076,"4,4",1889466,-,"0,85",5596633,418051,-,253,800867,355037,148634,148470,-,3852,614,"62,6",584,8787,424,137454,117989,200315
2016,TRC11,Gaziantep,128987,554556,290,2215832,"4,3",1974244,-,"0,89",7423182,452400,-,338,1210332,307679,138460,243305,-,2243,1122,"61,21",637,8957,613,151978,158160,204195
2018,TRC11,Gaziantep,131326,843464,297,4368596,"4,2",2028563,-,"0,88",8089708,472294,-,224,2505858,415419,124660,165759,-,781,2154,"61,38",651,9872,1235,149475,107539,210601
2020,TRC11,Gaziantep,128828,1064137,308,6056120,4,2101157,-,"0,88",8565305,507161,-,252,2539157,540994,119728,183839,-,761,2882,"59,64",676,11903,1208,122330,139858,216479
2022,TRC11,Gaziantep,123504,957105,316,,"3,9",2154051,-,"0,87",9013245,543983,-,248,,,112605,190995,-,1580,,"57,67",683,13541,,147710,143385,218991
2024,TRC11,Gaziantep,119922,989380,325,,"3,7",2193363,13,"0,94",,575598,0,,,,110042,,-,1029,,"54,93",752,15063,,,,220270
2008,TRC12,Adýyaman,232500,459214,83,415371,"5,3",585067,239," 1,13",844709,,39,213,136683,90237,234738,29049,255102,300,710,"62,76",152,4184,234,117549,-,37679
2010,TRC12,Adýyaman,202684,549906,84,577093,"5,2",590935,1635,"0,96",900381,,130,207,221546,151491,202684,29288,243699,559,977,"60,91",134,4525,375,45066,-,38572
2012,TRC12,Adýyaman,189149,618849,85,658667,"4,9",595261,1704,"0,99",961502,,143,179,344147,94604,187637,26482,229880,1520,1107,"58,9",145,5572,578,47875,40,39436
2014,TRC12,Adýyaman,192643,669446,85,890375,"4,6",597835,1478,"1,05",1208069,128465,122,163,377853,130367,190823,24639,215080,1025,1489,"58,51",150,5923,632,52447,445,42551
2016,TRC12,Adýyaman,186841,647666,87,1181221,"4,4",610484,2156,"1,04",1098732,136885,173,174,527041,185631,185147,27590,205782,621,1935,"57,8",162,5897,863,39075,437,49174
2018,TRC12,Adýyaman,178110,596812,89,2057911,"4,2",624513,2375,"1,02",1139116,144097,191,175,855119,316310,177093,28727,202624,645,3295,"58,32",167,4611,1369,68217,4373,51992
2020,TRC12,Adýyaman,177396,611244,90,2717861,"4,1",632459,2320,"1,01",1302964,152118,170,221,1368057,579741,176000,37139,191294,1441,4297,"57,99",172,5869,2163,58034,4750,54129
2022,TRC12,Adýyaman,169312,585109,90,,"3,9",635169,776,"1,02",1337804,162113,47,186,,,167356,32408,176891,1986,,"57,11",180,4995,,80016,4776,59418
2024,TRC12,Adýyaman,166661,618967,82,,"3,6",611037,1178,"1,17",,167215,44,,,,164454,,188042,1232,,"55,33",191,3874,,,,60569
2008,TRC13,Kilis,43635,33775,85,172693,"4,6",120991,-," 1,02",106667,,-,185,34717,18460,43635,5676,38244,2967,1427,"65,1",31,12439,287,8062,3154,38320
2010,TRC13,Kilis,47832,96696,86,338162,"4,5",123135,-,"1,11",128088,,-,128,70968,16851,47837,4101,37212,-,2746,"64,81",35,13602,576,9538,3862,38491
2012,TRC13,Kilis,52268,182109,87,193542,"4,2",124320,36,"1,06",164691,,12,164,169950,24449,51584,5414,35386,1129,1557,"62,7",71,2697,1367,10696,5138,47735
2014,TRC13,Kilis,40200,66208,90,347656,"3,9",128781,87,"1,2",222239,31474,15,138,172774,40345,40007,4739,34367,4273,2700,"59,44",41,6582,1342,13203,4409,54526
2016,TRC13,Kilis,44106,142781,92,425749,"3,7",130825,94,"1,7",218215,33232,15,310,204830,36668,42591,11048,33264,4332,3254,"58,5",61,6382,1566,18544,10102,51296
2018,TRC13,Kilis,40510,194541,100,589496,"3,7",142541,90,"1,38",275820,36585,15,215,270096,51262,39160,8329,36480,4091,4136,"57,48",53,4853,1895,20671,7412,54840
2020,TRC13,Kilis,38782,230222,100,673033,"3,5",142792,60,"1,99",501484,38815,12,277,385181,77679,37877,11057,33226,4007,4713,"58,39",79,4918,2697,20863,9589,55267
2022,TRC13,Kilis,39981,221555,104,,"3,4",147919,60,"1,92",523484,41422,12,270,,,38352,10365,31558,4459,,"55,51",82,5090,,20587,10059,54574
2024,TRC13,Kilis,40068,238715,111,,"3,3",156739,60,"1,61",,44712,12,,,,38544,,33136,1542,,"53,12",73,5174,,,,55040
2008,TRC21,Þanlýurfa,701933,2180326,84,2136883,"6,4",1574224,2356," 0,75",2109739,,191,236,449156,177972,898160,84880,688295,118961,1357,"83,26",270,22695,285,485890,51407,109530
2010,TRC21,Þanlýurfa,994974,3205069,89,3189759,"6,5",1663371,3131,"0,85",2489184,,233,257,1029407,533615,995174,93933,740832,142381,1918,"83,43",311,17828,619,681544,54759,103762
2012,TRC21,Þanlýurfa,890825,3549428,94,3679138,"6,3",1762075,6998,"1,05",2516061,,522,260,1109348,254589,786087,101992,786620,150605,2088,"81,66",407,20592,630,575249,55277,114666
2014,TRC21,Þanlýurfa,970291,3342818,98,3838376,"6,1",1845667,6873,"1,01",2112527,299693,518,172,1462884,403591,883790,109064,-,162799,2080,"79,81",575,20315,793,65265,61760,114684
2016,TRC21,Þanlýurfa,909061,3130125,103,4557958,"5,8",1940627,10170,"1,01",2875508,331270,758,172,2012808,453325,840122,115500,-,154500,2349,"77,96",694,19655,1037,406942,83000,140948
2018,TRC21,Þanlýurfa,815762,3088515,108,7964193,"5,6",2035809,14404,"0,75",4514163,359197,993,171,3748823,627061,791208,120818,-,85607,3912,"77,48",544,20198,1841,1912329,85000,157357
2020,TRC21,Þanlýurfa,889904,4447933,113,13304842,"5,2",2115256,15103,"0,82",5538202,396093,1261,171,5351280,1015842,723887,125109,-,148646,6290,"75,48",615,11822,2530,2662588,90109,165310
2022,TRC21,Þanlýurfa,935693,3891897,116,,"4,8",2170110,15802,"0,66",6419508,444259,1317,168,,,781718,126719,-,131908,,"74,09",513,10366,,3573462,91219,180163
2024,TRC21,Þanlýurfa,941605,4495266,116,,"4,6",2237745,15855,"0,69",,476318,1173,,,,804703,,-,31107,,"71,53",552,13858,,,,261035
2008,TRC22,Diyarbakýr,351898,727244,99,833624,"6,3",1492828,1436," 0,93",1248844,,328,236,484988,438555,539587,91717,441317,39066,558,"70,04",360,20977,325,82573,51850,28537
2010,TRC22,Diyarbakýr,546034,1680581,102,1484288,"6,2",1528958,2810,"0,95",1213119,,248,235,863266,536944,546092,94086,438786,22962,971,"69,57",380,15886,565,84744,57000,26345
2012,TRC22,Diyarbakýr,521205,1742564,106,1745998,"5,9",1592167,5785,"1,17",1320174,,441,220,1242028,332332,516729,92577,436909,12165,1097,"66,34",487,16741,780,63821,61000,25203
2014,TRC22,Diyarbakýr,559724,1903058,109,2080473,"5,4",1635048,7520,"1,02",1482825,294140,550,125,1454050,500691,555333,71455,-,18352,1272,"64,58",567,15474,889,65163,66230,25546
2016,TRC22,Diyarbakýr,540945,2070145,111,2623776,"5,1",1673119,6635,"1,06",1924463,321901,474,135,1886025,651136,537636,79793,-,12675,1568,"62,72",635,13795,1127,178621,75178,25731
2018,TRC22,Diyarbakýr,525470,1907962,115,3216571,"4,8",1732396,6579,"1,08",2698247,350488,462,147,4317552,1284464,522321,88037,-,11754,1857,"61,79",672,14110,2492,434540,82443,22282
2020,TRC22,Diyarbakýr,519164,2327553,118,5235723,"4,5",1783431,2583,"1,11",2909017,383192,190,162,6659813,2097689,514071,100053,-,6957,2936,60,706,12170,3734,511557,93118,21826
2022,TRC22,Diyarbakýr,541844,1958196,120,,"4,2",1804880,1130,"1,14",3216202,416475,45,162,,,535681,101640,-,9006,,"58,29",739,10637,,629264,93316,21292
2024,TRC22,Diyarbakýr,534201,2335149,122,,"4,1",1833684,1022,"1,12",,436464,47,,,,528024,,-,7626,,"55,95",732,10405,,,,23303
2008,TRC31,Mardin,151186,716678,85,555356,"6,8",750697,621," 0,89",858492,,60,165,166047,82388,282036,31132,328160,56535,740,"76,4",165,8334,221,223712,631,22474
2010,TRC31,Mardin,301094,1137431,85,1056682,"6,7",744606,2117,"0,79",1019911,,206,171,462243,318107,301094,30824,315707,10554,1419,"76,81",147,8919,621,208174,0,40252
2012,TRC31,Mardin,320507,1370380,88,1226738,"6,3",773026,2973,"0,93",1080268,,286,151,583933,169110,261226,29390,314914,12506,1587,"71,96",173,9161,755,187839,0,39632
2014,TRC31,Mardin,338195,1533277,90,1434690,"5,9",788996,2928,"1,09",749542,130445,304,315,615522,268321,277434,68878,-,5745,1818,"69,93",300,9651,780,19528,-,38925
2016,TRC31,Mardin,312535,1445266,90,1713009,"5,4",796237,2346,"0,8",1225961,144069,237,296,834454,310958,256579,65434,-,7241,2151,"67,48",208,10272,1048,292237,-,39666
2018,TRC31,Mardin,305417,1266684,94,1972757,"5,1",829195,2532,"0,82",1653359,157532,250,284,1217305,428066,258165,73815,-,4846,2379,"65,61",221,8430,1468,501061,0,43038
2020,TRC31,Mardin,291349,1368418,97,3163717,"4,8",854716,2326,"0,81",2176256,173205,225,167,1721165,605526,253895,49958,-,5692,3701,"63,4",230,9532,2014,926746,2736,44909
2022,TRC31,Mardin,330559,1516104,99,,"4,4",870374,3607,"0,72",2748928,191428,269,181,,,263156,56863,-,4285,,"61,76",215,11228,,1183815,2736,47497
2024,TRC31,Mardin,297206,1390528,102,,"4,3",895911,3325,"0,79",,201125,280,,,,261366,,-,3305,,"59,74",244,10411,,,,49740
2008,TRC32,Batman,40951,95587,104,109873,"6,9",485616,-," 0,96",393380,,-,254,167166,45277,86223,32631,136571,10403,226,"82,28",123,5149,344,9729,-,6968
2010,TRC32,Batman,110682,334922,110,298594,"6,9",510200,-,"0,81",467839,,-,339,334145,178026,110784,46227,136812,2158,585,"79,08",113,3456,655,2776,-,9140
2012,TRC32,Batman,108721,304823,115,279609,"6,4",534205,-,"0,88",499771,,-,334,508263,122954,108404,48667,135163,1108,523,"73,97",131,3121,951,3350,-,11631
2014,TRC32,Batman,101196,379668,120,384232,"6,1",557593,400,"0,83",606221,90351,25,314,439539,174220,99895,48725,124173,766,689,"70,25",132,4295,788,2650,-,10195
2016,TRC32,Batman,89188,309829,124,457501,"5,7",576899,810,"1,17",670638,98569,45,339,569011,190961,88518,55888,123169,374,793,"66,15",194,2945,986,3581,4507,9751
2018,TRC32,Batman,78804,294819,129,506750,"5,5",599103,5320,"0,85",896574,107302,280,324,1231179,361136,78213,56619,120860,295,846,"63,51",152,3060,2055,25625,389,12208
2020,TRC32,Batman,75692,300503,133,775098,"5,1",620278,7000,"0,87",909814,119935,350,362,1654918,640798,75082,67360,114429,227,1250,"60,84",160,2808,2668,22417,-,16198
2022,TRC32,Batman,72454,284699,136,,"4,7",634491,9000,"0,9",1040141,132810,500,323,,,71820,62490,110283,257,,"58,09",177,3221,,17411,-,18224
2024,TRC32,Batman,74092,341607,146,,"4,5",654528,12000,"0,85",,141541,600,,,,73458,,107996,237,,"55,37",174,3045,,,,21378
2008,TRC33,Þýrnak,44686,229943,60,65301,"8,2",429287,3," 1,01",307671,,1,105,92239,49338,93710,11163,158543,4399,152,"87,64",110,578,215,6341,0,441
2010,TRC33,Þýrnak,96285,376977,60,160185,"8,4",430109,-,"1,05",276260,,-,128,208976,105076,98301,13659,160615,3276,372,"91,65",119,623,486,8093,0,1602
2012,TRC33,Þýrnak,87192,301483,65,169652,"7,9",466982,-,"1,06",301568,,-,138,279678,66371,88458,15614,168053,4402,363,"81,41",132,627,599,6109,0,1826
2014,TRC33,Þýrnak,95620,370564,68,258478,"7,3",488966,-,"1,09",318559,63214,-,139,286887,80917,93004,16718,183085,4236,529,"76,58",139,900,587,2336,-,2076
2016,TRC33,Þýrnak,73180,301382,68,227096,"6,7",483788,-,"1,46",363783,69294,-,93,308275,106578,71835,10212,185456,2737,469,"73,29",183,982,637,13073,-,2331
2018,TRC33,Þýrnak,95737,356161,73,309982,"6,4",524190,-,"1,52",655864,76565,-,234,935113,237457,93214,31892,195284,7625,591,"66,99",207,1213,1784,42567,7200,4583
2020,TRC33,Þýrnak,93834,365954,75,697808,"5,7",537762,-,"1,49",654587,89210,-,235,1508422,356444,91474,33900,194461,9191,1298,"65,6",212,1162,2805,52329,10934,4917
2022,TRC33,Þýrnak,93714,278354,78,,"4,9",557605,-,"1,42",808372,107939,-,247,,,88098,36302,194695,11344,,"61,25",218,2138,,87205,18500,5280
2024,TRC33,Þýrnak,89617,382708,79,,"4,9",570826,149,"1,37",,112133,17,,,,86815,,184323,10566,,"58,84",223,3564,,,,5916
2008,TRC34,Siirt,76678,103637,55,117461,"7,1",299819,168," 0,86",300173,,11,131,137888,49699,78354,9230,120859,1560,392,"84,12",61,2021,460,2952,-,32715
2010,TRC34,Siirt,70288,209442,55,303325,7,300695,450,"0,93",303620,,25,244,323380,154550,70425,17139,119285,633,1009,"84,02",67,1670,1075,1460,-,23862
2012,TRC34,Siirt,62501,199530,57,396542,"6,5",310879,439,"0,99",363276,,25,213,422774,109132,62417,16302,119176,742,1276,"76,55",75,1686,1360,104,2160,26632
2014,TRC34,Siirt,52617,163814,58,539977,6,318366,442,"0,93",383650,50813,25,192,467072,168134,52557,15001,119551,1485,1696,"72,62",74,2017,1467,597,12889,22330
2016,TRC34,Siirt,51689,156228,59,373789,"5,5",322664,368,"1,39",370246,55609,50,261,546424,147569,51659,21137,115747,11533,1158,"68,6",114,2262,1693,979,12150,23296
2018,TRC34,Siirt,45497,144705,61,616838,"5,2",331670,848,"1,31",457707,59196,53,230,1157799,220691,50867,19776,113323,5015,1860,"64,71",111,1861,3491,8376,10010,31789
2020,TRC34,Siirt,53731,162339,60,1832354,"4,9",331070,896,"1,09",472564,65753,56,171,1555565,576736,53651,14762,110258,2074,5535,"63,76",94,1490,4699,6696,8375,36373
2022,TRC34,Siirt,52941,171744,61,,"4,5",331311,3420,"0,89",474159,71372,219,184,,,52779,16105,107290,295,,"60,88",78,1021,,5674,12328,39474
2024,TRC34,Siirt,55803,219314,60,,"4,4",336453,5421,"0,93",,74017,253,,,,55668,,103832,381,,"57,28",85,982,,,,45588
