Datetime,Text,Hyperlink
2005-01-01,22/6/1927 tarihli ve 5235 sayılı Bakanlar Kurulu Kararı ile yürürlüğe konulan Resmî Gazete'nin Sureti Neşir ve Muamelatının Tarzı İcrasına Dair Yönetmelik uyarınca bugün Resmî Gazete yayımlanmamıştır.,https://www.resmigazete.gov.tr/2011%20Resmi%20Gazeteleri/Resmi%20Gazete%20Tatil%20Şablon/20110101-1.htm
2005-01-02,"2004/8247 Türkiye İle Guatemala Arasında Nota Teatisi Yoluyla İmzalanan, Umuma Mahsus Diplomatik, Hizmet ve Hususi Pasaportların Karşılıklı Olarak Vizeden Muaf Tutulmasına Dair Anlaşma’nın Onaylanması Hakkında Karar",https://www.resmigazete.gov.tr/eskiler/2005/01/20050102-1.htm
2005-01-02,2004/8320 Bazı Yerlerin Uygulama Alanı Olarak Tespiti Hakkında Karar,https://www.resmigazete.gov.tr/eskiler/2005/01/20050102-2.htm
2005-01-02,— Milli Savunma Bakanlığına Ait Atama Kararları,https://www.resmigazete.gov.tr/eskiler/2005/01/20050102-3.htm
2005-01-02,— Yapı Malzemeleri Yönetmeliğinde Değişiklik Yapılmasına Dair Yönetmelik (89/106/EEC),https://www.resmigazete.gov.tr/eskiler/2005/01/20050102-4.htm
2005-01-02,— Fırat Üniversitesi Eğitim-Öğretim ve Sınav Yönetmeliği,https://www.resmigazete.gov.tr/eskiler/2005/01/20050102-5.htm
2005-01-02,— Galatasaray Üniversitesi Ceza Bilimleri Kriminoloji ve İnsan Hakları Araştırma ve Uygulama Merkezi Yönetmeliği,https://www.resmigazete.gov.tr/eskiler/2005/01/20050102-6.htm
2005-01-02,— İşkolu tespit Kararı (No: 2004/67),https://www.resmigazete.gov.tr/eskiler/2005/01/20050102-7.htm
2005-01-02,— 2004 Yılı Kamu İhale Genel Tebliğinde Değişiklik Yapılmasına Dair Tebliğ,https://www.resmigazete.gov.tr/eskiler/2005/01/20050102-8.htm
2005-01-03,"2004/8315 Kültür ve Turizm Bakanlığınca Düzenlenen Hizmet İçi Eğitim, Kurs ve Seminerlerde Ücretle Okutulacak Ders Saatlerinin Sayısı, Ders Görevi Alacakların Nitelikleri ve Diğer Hususların Tespitine İlişkin Esaslar’ın Yürürlüğe Konulması Hakkında Karar",https://www.resmigazete.gov.tr/eskiler/2005/01/20050103-1.htm
2005-01-03,"— Dışişleri Bakanlığı ve Başbakan Yardımcılığına, Milli Savunma Bakanı M. Vecdi GÖNÜL’ün Vekâlet Etmesine Dair Tezkere",https://www.resmigazete.gov.tr/eskiler/2005/01/20050103-2.htm
2005-01-03,— Niğde Üniversitesi Lisansüstü Eğitim-Öğretim ve Sınav Yönetmeliği,https://www.resmigazete.gov.tr/eskiler/2005/01/20050103-3.htm
2005-01-03,— T rakya Üniversitesi Devlet Konservatuvarı Müzik ve Bale İlköğretim Okulu Yönetmeliği,https://www.resmigazete.gov.tr/eskiler/2005/01/20050103-4.htm
2005-01-03,— Türk Parası Kıymetini Koruma Hakkında 32 Sayılı Karar ile Başbakanlık Hazine Müsteşarlığının 91-32/5 Sayılı Tebliğine İlişkin Türkiye Cumhuriyet Merkez Bankası Genelgesi (Sayı: 2005/1),https://www.resmigazete.gov.tr/eskiler/2005/01/20050103-5.htm
2005-01-04,"2004/8298 Aşırı Derecede Yaralayan ve Ayırım Gözetmeyen Etkileri Bulunan Belirli Konyansiyonel Silahların kullanımının Yasaklanması veya Sınırlandırılması Sözleşmesi ve Sözleşmenin 1 inci Maddesinde Yapılan Değişiklik ile Eki I., Tadil Edilmiş II. ve IV. Protokollerin, Sözleşmeye Çekince Konulmak Suretiyle Onaylanması Hakkında Karar",https://www.resmigazete.gov.tr/eskiler/2005/01/20050104-1.htm
2005-01-04,2004/8254 Başkent Üniversitesi Rektörlüğüne Bağlı Olarak Ticari Bilimler Fakültesi Kurulması Hakkında Karar,https://www.resmigazete.gov.tr/eskiler/2005/01/20050104-2.htm
2005-01-04,"2004/8256 Özelleştirme Programında Bulunan Kuruluşların, Kamu Kurum ve Kuruluşlarına Ait Maden Hurdalarının Makina ve Kimya Endüstrisi Kurumu’na Satış Yoluyla Devri Hakkındaki 7/2156 Sayılı Kararna menin Kapsamı Dışına Çıkarılması Hakkında Karar",https://www.resmigazete.gov.tr/eskiler/2005/01/20050104-3.htm
2005-01-04,"— Devlet Bakanı ve Başbakan Yardımcılığı ile Devlet, Adalet, Kültür veTurizm Bakanlıklarına AitAtama Kararları",https://www.resmigazete.gov.tr/eskiler/2005/01/20050104-4.htm
2005-01-04,— Yurt Dışına Gönderilecek Danıştay MeslekMensuplarının Seçimleri ile Diğer Esasların Belirlenmesine İlişkin Yönetmelikte Değişiklik Yapılmasına Dair Yönetmelik,https://www.resmigazete.gov.tr/eskiler/2005/01/20050104-5.htm
2005-01-05,"2004/8255 Karayolları Genel Müdürlüğünce Yapılacak Bölünmüş Yol İnşasında Çalışan Personele Yaptırılacak Fazla Çalışmanın Süresi,Şekli ve Ücret Esasları Hakkında Karar",https://www.resmigazete.gov.tr/eskiler/2005/01/20050105-1.htm
2005-01-05,— Hâkimler ve Savcılar Yüksek Kuruluna Ait Karar,https://www.resmigazete.gov.tr/eskiler/2005/01/20050105-2.htm
2005-01-05,— Gençlik ve Spor Genel Müdürlüğü Özerk Spor Federasyonları Çerçeve Statüsünde Değişiklik Yapılmasına Dair Statü,https://www.resmigazete.gov.tr/eskiler/2005/01/20050105-3.htm
2005-01-05,"— Dış Ticarette Standardizasyon Denetmenlerinin Sınav, Görev, Yetki, Sorumluluk, Çalışma, Atama ve Yer Değiştirmeleri Usulüne İlişkin Yönetmelikte Değişiklik Yapılmasına Dair Yönetmelik",https://www.resmigazete.gov.tr/eskiler/2005/01/20050105-4.htm
2005-01-05,— Meslekî ve Teknik Eğitim Yönetmeliğinde Değişiklik Yapılmasına Dair Yönetmelik,https://www.resmigazete.gov.tr/eskiler/2005/01/20050105-5.htm
2005-01-05,— Ticari Hava Taşıma İşletmeleri Yönetmeliği (SHY-6A)’nde Değişiklik Yapılmasına Dair Yönetmelik,https://www.resmigazete.gov.tr/eskiler/2005/01/20050105-6.htm
2005-01-05,— Kırmızı Et ve Et Ürünleri Üretim Tesislerinin Çalışma ve Denetleme Usul ve Esaslarına Dair Yönetmelik,https://www.resmigazete.gov.tr/eskiler/2005/01/20050105-7.htm
2005-01-05,— Yüksek Öğrenim Kredi ve Yurtlar Kurumu Öğrenim Kredisi Yönetmeliğinde Değişiklik Yapılmasına Dair Yönetmelik,https://www.resmigazete.gov.tr/eskiler/2005/01/20050105-8.htm
2005-01-05,— Değerli Kağıtlar Kanunu Genel Tebliği (Seri No: 22),https://www.resmigazete.gov.tr/eskiler/2005/01/20050105-9.htm
2005-01-05,— Harçlar Kanunu Genel Tebliği (Seri No: 46),https://www.resmigazete.gov.tr/eskiler/2005/01/20050105-10.htm
2005-01-06,"2004/8328 Bazı Alanların Turizm Merkezi ile Kültür ve Turizm Koruma ve Gelişim Bölgesi Olarak İlanı, Bazı Turizm Merkezlerinin Sınırlarının Değiştirilmesi ve Bazı Turizm Merkezlerinin Kaldırılması Hakkında Karar",https://www.resmigazete.gov.tr/eskiler/2005/01/20050106-1.htm
2005-01-06,2004/8334 Bazı Petrol Ürünleri ile İlgili Karar,https://www.resmigazete.gov.tr/eskiler/2005/01/20050106-20.htm
2005-01-06,"— Adalet, Dışişleri, Milli Eğitim, Ulaştırma, Tarım ve Köyişleri, Sanayi ve Ticaret, Enerji ve Tabii Kaynaklar, Kültür ve Turizm ile Çevre ve Orman Bakanlıklarına Ait Atama Kararları",https://www.resmigazete.gov.tr/eskiler/2005/01/20050106-21.htm
2005-01-06,— Sanayi ve Ticaret Bakanlığı Tüketicinin ve Rekabetin Korunması Genel Müdürlüğü Kontrolörler Yönetmeliğinde Değişiklik Yapılmasına Dair Yönetmelik,https://www.resmigazete.gov.tr/eskiler/2005/01/20050106-2.htm
2005-01-06,— Elektrik Piyasası İthalat ve İhracat Yönetmeliğinde Değişiklik Yapılmasına İlişkin Yönetmelik,https://www.resmigazete.gov.tr/eskiler/2005/01/20050106-3.htm
2005-01-06,— Elektrik Piyasası Müşteri Hizmetleri Yönetmeliğinde Değişiklik Yapılmasına İlişkin Yönetmelik,https://www.resmigazete.gov.tr/eskiler/2005/01/20050106-4.htm
2005-01-06,— Elektrik Piyasası Serbest Tüketici Yönetmeliğinde Değişiklik Yapılmasına İlişkin Yönetmelik,https://www.resmigazete.gov.tr/eskiler/2005/01/20050106-5.htm
2005-01-06,— Elektrik Piyasası Lisans Yönetmeliğinde Değişiklik Yapılmasına İlişkin Yönetmelik,https://www.resmigazete.gov.tr/eskiler/2005/01/20050106-6.htm
2005-01-06,— Petrol Piyasasında Yapılacak Denetimler ile Ön Araştırma ve Soruşturmalarda Takip Edilecek Usul ve Esaslar Hakkında Yönetmelik,https://www.resmigazete.gov.tr/eskiler/2005/01/20050106-7.htm
2005-01-06,— Uydu Yayını Lisans ve İzin Yönetmeliğinde Değişiklik Yapılmasına Dair Yönetmelik,https://www.resmigazete.gov.tr/eskiler/2005/01/20050106-8.htm
2005-01-06,— Kablolu Yayın Lisans ve İzin Yönetmeliğinde Değişiklik Yapılmasına Dair Yönetmelik,https://www.resmigazete.gov.tr/eskiler/2005/01/20050106-9.htm
2005-01-06,— Radyo ve Televizyon Kuruluşlarına Kanal veya Frekans Tahsisi Şartları ve Bunlara İlişkin İhale Usulleri ile Yayın Lisansı ve İzni Yönetmeliğinde Değişiklik Yapılmasına Dair Yönetmelik,https://www.resmigazete.gov.tr/eskiler/2005/01/20050106-10.htm
2005-01-06,— Radyo ve Televizyon Üst Kurulu Kapalı Devre Radyo ve Televizyon Yayınları Yönetmeliğinde Değişiklik Yapılmasına Dair Yönetmelik,https://www.resmigazete.gov.tr/eskiler/2005/01/20050106-11.htm
2005-01-06,— Bankalarca Karşılık Ayrılacak Kredilerin ve Diğer Alacakların Niteliklerinin Belirlenmesi ve Ayrılacak Karşılıklara İlişkin Esas ve Usuller Hakkında Yönetmelikte Değişiklik Yapılmasına Dair Yönetmelik,https://www.resmigazete.gov.tr/eskiler/2005/01/20050106-12.htm
2005-01-06,— Hizmet Alımı İhaleleri Uygulama Yönetmeliğinde Değişiklik Yapılmasına Dair Yönetmelik,https://www.resmigazete.gov.tr/eskiler/2005/01/20050106-13.htm
2005-01-06,"— Tütün Mamullerinin Zararlarından Korumaya Yönelik Üretim Şekline, Etiketlenmesine ve Denetlenmesine İlişkin Usul ve Esaslar Hakkında Yönetmelik",https://www.resmigazete.gov.tr/eskiler/2005/01/20050106-14.htm
2005-01-06,— Elektronik İmza Kanununun Uygulanmasına İlişkin Usul ve Esaslar Hakkında Yönetmelik,https://www.resmigazete.gov.tr/eskiler/2005/01/20050106-15.htm
2005-01-06,— Özelleştirme Yüksek Kurulunun 2004/128 Sayılı Kararı,https://www.resmigazete.gov.tr/eskiler/2005/01/20050106-16.htm
2005-01-06,— Özelleştirme Yüksek Kurulunun 2004/129 Sayılı Kararı,https://www.resmigazete.gov.tr/eskiler/2005/01/20050106-17.htm
2005-01-06,— Özelleştirme Yüksek Kurulunun 2004/132 Sayılı Kararı,https://www.resmigazete.gov.tr/eskiler/2005/01/20050106-18.htm
2005-01-06,— Elektronik İmza ile İlgili Süreçlere ve Teknik Kriterlere İlişkin Tebliğ,https://www.resmigazete.gov.tr/eskiler/2005/01/20050106-19.htm
2005-01-07,004/8313 Türkiye Cumhuriyeti Hükümeti ile Sırbistan ve Karadağ Bakanlar Kurulu Arasında Turizm Alanında İşbirliği Anlaşması’nın Onaylanması Hakkında Karar,https://www.resmigazete.gov.tr/eskiler/2005/01/20050107-1.htm
2005-01-07,— Tarım ve Köyişleri Bakanlığına Ait Atama Kararı,https://www.resmigazete.gov.tr/eskiler/2005/01/20050107-2.htm
2005-01-07,— Motorlu Taşıtlar Vergisi Genel Tebliği (Seri No: 24),https://www.resmigazete.gov.tr/eskiler/2005/01/20050107-3.htm
2005-01-07,— Çift Taraflı Kontrol Sistemi Kapsamında Kota Uygulanan Tekstil Ürünlerinin İthaline İlişkin Tebliğ (2005/1),https://www.resmigazete.gov.tr/eskiler/2005/01/20050107-4.htm
2005-01-07,— Tek Taraflı Kontrol Sistemi Kapsamında Kotaya Tabi Tekstil Ürünlerine Ait Kotaların Dağıtımı ve Yönetimine İlişkin Tebliğ (2005/2),https://www.resmigazete.gov.tr/eskiler/2005/01/20050107-5.htm
2005-01-07,— Belirli Üçüncü Ülkelerde İşlem Gördükten Sonra Geri İthal Edilen Belirli Tekstil Ürünlerine ve Giyim Eşyasına Uygulanan Ekonomik Etkili Hariçte İşleme Rejimi Tebliği (2005/3),https://www.resmigazete.gov.tr/eskiler/2005/01/20050107-6.htm
2005-01-07,— İthalinde Tek Taraflı Kontrol Sistemi Kapsamında Kota Uygulanan Tekstil Ürünlerine Ait Kotaların Birinci Bölümünün Dağıtımı ve Yönetimine İlişkin Tebliğ (2005/4),https://www.resmigazete.gov.tr/eskiler/2005/01/20050107-7.htm
2005-01-07,— Özelleştirme İdaresi Başkanlığının 2005/ÖİB-K-01 Sayılı Kararı,https://www.resmigazete.gov.tr/eskiler/2005/01/20050107-8.htm
2005-01-07,DÜZELTME (Radyo ve Televizyon Kuruluşlarına Kanal veya Frekans Tahsisi Şartları ve Bunlara İlişkin İhale Usulleri ile Yayın Lisansı ve İzni Yönetmeliğinde DeğişiklikYapılmasına Dair Yönetmelik ile İlgili),https://www.resmigazete.gov.tr/eskiler/2005/01/20050107-9.htm
2005-01-08,"831 Türk Sporunda Şiddet, Şike, Rüşvet ve Haksız Rekabet İddialarının Araştırılarak Alınması Gereken Önlemlerin Belirlenmesi Amacıyla Kurulan Meclis Araştırması Komisyonuna Üye Seçimine İlişkin Karar",https://www.resmigazete.gov.tr/eskiler/2005/01/20050108-22.htm
2005-01-08,"832 Akaryakıt Kaçakçılığının Ekonomiye, İnsan ve Çevre Sağlığına Verdiği Zararın Araştırılarak Alınması Gereken Önlemlerin Belirlenmesi Amacıyla Bir Meclis Araştırması Komisyonu Kurulmasına İlişkin Karar",https://www.resmigazete.gov.tr/eskiler/2005/01/20050108-23.htm
2005-01-08,2004/8275 Türkiye Cumhuriyeti Hükümeti ile Tayland Krallığı Hükümeti Arasında Gelir ve Servet Üzerinden Alınan Vergilerde Çifte Vergilendirmeyi Önleme ve Vergi Kaçakçılığına EngelOlma Anlaşması ve Eki Protokol’un Onaylanması Hakkında Karar,https://www.resmigazete.gov.tr/eskiler/2005/01/20050108-1.htm
2005-01-08,2004/8309 Türkiye Cumhuriyeti ile Lüksemburg BüyükDükalığı Arasında İmzalanan Gelir ve Servet Üzerinden Alınan Vergilerde Çifte Vergilendirmeyi Önleme ve Vergi Kaçakçılığına EngelOlma Anlaşması’nın Onaylanması Hakkında Karar,https://www.resmigazete.gov.tr/eskiler/2005/01/20050108-2.htm
2005-01-08,2004/8265 Türkiye Cumhuriyeti ile Lüksemburg Büyük Dükalığı Arasında İmzalanan Sosyal Güvenlik Sözleşmesi’nin Onaylanması Hakkında Karar,https://www.resmigazete.gov.tr/eskiler/2005/01/20050108-3.htm
2005-01-08,"— Devlet Bakanı ve Başbakan Yardımcısı Mehmet Ali ŞAHİN’e, Devlet Bakanı Mehmet AYDIN’ın Vekâlet Etmesine Dair Tezkere",https://www.resmigazete.gov.tr/eskiler/2005/01/20050108-26.htm
2005-01-08,— Türkiye Selüloz ve Kağıt Fabrikaları A.Ş. (SEKA) Genel Müdürlüğünün 4734 Sayılı Kamu İhale Kanununun 3 üncü Maddesinin (g) Bendi Uyarınca Yapacağı Mal ve Hizmet Alımlarında Uygulanacak Usul ve Esaslar Hakkında Yönetmelik,https://www.resmigazete.gov.tr/eskiler/2005/01/20050108-4.htm
2005-01-08,— Kanatlı Hayvan Eti ve Et Ürünleri Üretim Tesislerinin Çalışma ve Denetleme Usul ve Esaslarına Dair Yönetmelik,https://www.resmigazete.gov.tr/eskiler/2005/01/20050108-5.htm
2005-01-08,— Yerli ve Yabancı Avcıların Av Turizmi Kapsamında Avlanmalarına İlişkin Usul ve Esaslar Hakkında Yönetmelik,https://www.resmigazete.gov.tr/eskiler/2005/01/20050108-6.htm
2005-01-08,— Oda ve Borsa Şubeleri ile Oda Temsilciliklerinin Kuruluş ve İşleyişi Hakkında Yönetmelik,https://www.resmigazete.gov.tr/eskiler/2005/01/20050108-7.htm
2005-01-08,— Kayıt Ücreti ile Yıllık Aidat ve Munzam Aidatın Tespiti ve Ödenmesi Hakkında Yönetmelik,https://www.resmigazete.gov.tr/eskiler/2005/01/20050108-8.htm
2005-01-08,— Ticaret Borsalarına Tabi Maddeler ve Bu Maddelerin Alım veya Satımlarının Tescili Hakkında Yönetmelik,https://www.resmigazete.gov.tr/eskiler/2005/01/20050108-9.htm
2005-01-08,— Ticaret Borsaları ile Ürün İhtisas Borsalarında Alivre ve Vadeli Alım Satım Yönetmeliği,https://www.resmigazete.gov.tr/eskiler/2005/01/20050108-10.htm
2005-01-08,— Anadolu BİL Meslek Yüksekokulu Eğitim-Öğretim ve Sınav Yönetmeliği,https://www.resmigazete.gov.tr/eskiler/2005/01/20050108-11.htm
2005-01-08,— Anadolu BİL Meslek Yüksekokulu İngilizce Hazırlık Sınıfı Eğitim-Öğretim ve Sınav Yönetmeliği,https://www.resmigazete.gov.tr/eskiler/2005/01/20050108-12.htm
2005-01-08,— Çağ Üniversitesi Ön Lisans ve Lisans Eğitim-Öğretim ve Sınav Yönetmeliğinde Değişiklik Yapılmasına Dair Yönetmelik,https://www.resmigazete.gov.tr/eskiler/2005/01/20050108-13.htm
2005-01-08,— Çanakkale Onsekiz Mart Üniversitesi Stratejik Araştırmalar Merkezi Yönetmeliği,https://www.resmigazete.gov.tr/eskiler/2005/01/20050108-14.htm
2005-01-08,— İstanbul Ticaret Üniversitesi Yüksek Lisans Eğitim-Öğretim ve Sınav Yönetmeliğinde Değişiklik Yapılmasına Dair Yönetmelik,https://www.resmigazete.gov.tr/eskiler/2005/01/20050108-15.htm
2005-01-08,— İstanbul TeknikÜniversitesi Denizcilik Fakültesi Lisans Eğitim ve ÖğretimYönetmeliği,https://www.resmigazete.gov.tr/eskiler/2005/01/20050108-24.htm
2005-01-08,— Gebze Yüksek Teknoloji Enstitüsü Arşiv Hizmetleri Yönetmeliği,https://www.resmigazete.gov.tr/eskiler/2005/01/20050108-16.htm
2005-01-08,— Mersin Üniversitesi Devlet Konservatuvarı Lise Devresi Yönetmeliği,https://www.resmigazete.gov.tr/eskiler/2005/01/20050108-17.htm
2005-01-08,— Okan Üniversitesi Lisansüstü Eğitim-Öğretim ve Sınav Yönetmeliğinde Değişiklik Yapılmasına Dair Yönetmelik,https://www.resmigazete.gov.tr/eskiler/2005/01/20050108-18.htm
2005-01-08,— Osmangazi Üniversitesi Kütüphane ve Dokümantasyon Merkezi Yönetmeliği,https://www.resmigazete.gov.tr/eskiler/2005/01/20050108-19.htm
2005-01-08,— Süleyman Demirel Üniversitesi Arşiv Hizmetleri Yönetmeliği,https://www.resmigazete.gov.tr/eskiler/2005/01/20050108-20.htm
2005-01-08,— SüleymanDemirelÜniversitesi Lisansüstü Eğitim ve ÖğretimYönetmeliği,https://www.resmigazete.gov.tr/eskiler/2005/01/20050108-25.htm
2005-01-08,— Yaşar Üniversitesi Lisansüstü Eğitim-Öğretim ve Sınav Yönetmeliğinde Değişiklik Yapılmasına Dair Yönetmelik,https://www.resmigazete.gov.tr/eskiler/2005/01/20050108-21.htm
2005-01-09,2004/8264 Türkiye Cumhuriyeti - İran İslam Cumhuriyeti Karma Ekonomik Komisyonu 18 inci DönemToplantısı Mutabakat Zaptı”nın Onaylanması Hakkında Karar,https://www.resmigazete.gov.tr/eskiler/2005/01/20050109-1.htm
2005-01-09,"— Ulaştırma Bakanlığına, Devlet Bakanı Güldal AKŞİT'in Vekâlet Etmesine Dair Tezkere",https://www.resmigazete.gov.tr/eskiler/2005/01/20050109-2.htm
2005-01-09,— İşkolu TespitKararı (No: 2005/1),https://www.resmigazete.gov.tr/eskiler/2005/01/20050109-3.htm
2005-01-09,— Elektrik ve Elektronik Sanayi Teknik Komitesinin Oluşumu ve Görevlerine Dair Tebliğ (No: SGM/2004- 9),https://www.resmigazete.gov.tr/eskiler/2005/01/20050109-4.htm
2005-01-09,— Belirli Tekstil ve Konfeksiyon Ürünlerinin İthalatında Gözetim ve Korunma Önlemlerine İlişkin Tebliğ (2005/5),https://www.resmigazete.gov.tr/eskiler/2005/01/20050109-5.htm
2005-01-09,— 2004 Yılı Kamu İhale Genel Tebliğinde Değişiklik Yapılmasına Dair Tebliğ,https://www.resmigazete.gov.tr/eskiler/2005/01/20050109-6.htm
2005-01-09,— Türk Patent Enstitüsünce Uygulanacak Olan Ücret Tarifesine İlişkin Tebliğ (BİK/TPE:2005/1),https://www.resmigazete.gov.tr/eskiler/2005/01/20050109-7.htm
2005-01-09,— Yargıtay 2 ve 18 Hukuk Dairelerine Ait 13 Adet Karar,https://www.resmigazete.gov.tr/eskiler/2005/01/20050109-8.htm
2005-01-10,"2004/8310 Türkiye-Brezilya Ticari, Ekonomik ve Sınai İşbirliği Karma Komisyonu Birinci Dönem Toplantısı Tebliği ' nin Onaylanması Hakkında Karar",https://www.resmigazete.gov.tr/eskiler/2005/01/20050110-1.htm
2005-01-10,"— Başbakanlığa, Dışişleri Bakanı ve Başbakan Yardımcısı Abdullah GÜL’ün Vekâlet Etmesine DairTezkere",https://www.resmigazete.gov.tr/eskiler/2005/01/20050110-2.htm
2005-01-10,"— Devlet Bakanı Kürşad TÜZMEN’e, Devlet Bakanı Ali BABACAN’ın Vekâlet Etmesine Dair Tezkere",https://www.resmigazete.gov.tr/eskiler/2005/01/20050110-3.htm
2005-01-10,"— Çalışma ve Sosyal Güvenlik Bakanlığına, Milli Savunma Bakanı M. Vecdi GÖNÜL’ün Vekâlet Etmesine Dair Tezkere",https://www.resmigazete.gov.tr/eskiler/2005/01/20050110-4.htm
2005-01-10,"— Sanayi ve Ticaret Bakanlığına, İçişleri Bakanı Abdülkadir AKSU’nun Vekâlet Etmesine Dair Tezkere",https://www.resmigazete.gov.tr/eskiler/2005/01/20050110-5.htm
2005-01-10,"— Enerji ve Tabii Kaynaklar Bakanlığına, Çevre ve Orman Bakanı Osman PEPE’nin Vekâlet Etmesine Dair Tezkere",https://www.resmigazete.gov.tr/eskiler/2005/01/20050110-6.htm
2005-01-10,"— Kültür ve TurizmBakanlığına, Milli EğitimBakanı Hüseyin ÇELİK’in Vekâlet Etmesine Dair Tezkere",https://www.resmigazete.gov.tr/eskiler/2005/01/20050110-7.htm
2005-01-10,— 2004 Yılı Kasım Ayına Ait Yatırım Teşvik Belgelerinin Sektörel Dağılımı Hakkında Tebliğ,https://www.resmigazete.gov.tr/eskiler/2005/01/20050110-8.htm
2005-01-10,— 2004 Yılı Kasım Ayına Ait Belgeler ve Yararlandırılan Teşvik Unsurları Hakkında Tebliğ,https://www.resmigazete.gov.tr/eskiler/2005/01/20050110-9.htm
2005-01-11,5284 Türkiye Cumhuriyeti ile Pakistan İslam Cumhuriyeti Arasında Hukukî ve Ticarî Konularda Adlî Yardımlaşma Anlaşmasının 9 uncu Maddesinde Değişiklik Yapılmasına Dair Ek Protokolun Onaylanmasının Uygun Bulunduğuna Dair Kanun,https://www.resmigazete.gov.tr/eskiler/2005/01/20050111-1.htm
2005-01-11,5285 Afyon İlinin Adının Afyonkarahisar Olarak Değiştirilmesi Hakkında Kanun,https://www.resmigazete.gov.tr/eskiler/2005/01/20050111-2.htm
2005-01-11,"2004/8331 Radyo, Televizyon, Video ve Birleşik Cihazlardan Alınacak Ücretlerin Tespitine İlişkin Karar",https://www.resmigazete.gov.tr/eskiler/2005/01/20050111-3.htm
2005-01-11,"2004/8335 506 Sayılı Sosyal Sigortalar Kanunu ve 2925 Sayılı Tarım İşçileri Sosyal Sigortalar Kanununa Göre Sigortalı ve Hak Sahibi Olan Kimselere, Bu Kanunlar Gereğince Bağlanan Gelir ve Aylıkların Ödeme Tarihlerinin Belirlenmesine İlişkin 2002/5001 Sayılı Kararnamede Değişiklik Yapılmasına İlişkin Karar",https://www.resmigazete.gov.tr/eskiler/2005/01/20050111-4.htm
2005-01-11,"— Maliye Bakanlığına, DevletBakanı ve BaşbakanYardımcısı Abdüllatif ŞENER’in Vekâlet Etmesine DairTezkere",https://www.resmigazete.gov.tr/eskiler/2005/01/20050111-5.htm
2005-01-11,— Akupunktur Tedavisi Uygulanan Özel Sağlık Kuruluşları ile Bu Tedavinin Uygulanması Hakkında Yönetmelikte Değişiklik Yapılmasına Dair Yönetmelik,https://www.resmigazete.gov.tr/eskiler/2005/01/20050111-6.htm
2005-01-11,— TÜDEMSAŞ Türkiye Demiryolu Makinaları Sanayi Anonim Şirketi Genel Müdürlüğünün 4734 Sayılı Kanunun 3/G Maddesi Kapsamında Yapacağı Mal ve Hizmet Alımları İçin Satınalma ve İhale Yönetmeliğinde Değişiklik Yapılmasına Dair Yönetmelik,https://www.resmigazete.gov.tr/eskiler/2005/01/20050111-7.htm
2005-01-11,— Türk Gıda Kodeksi Yönetmeliğinde Değişiklik Yapılmasına Dair Yönetmelik,https://www.resmigazete.gov.tr/eskiler/2005/01/20050111-8.htm
2005-01-11,— İstanbul Menkul Kıymetler Borsası Kotasyon Yönetmeliğinde Değişiklik Yapılmasına Dair Yönetmelik,https://www.resmigazete.gov.tr/eskiler/2005/01/20050111-9.htm
2005-01-11,— İstanbul Menkul Kıymetler Borsası Yönetmeliğinde Değişiklik Yapılmasına Dair Yönetmelik,https://www.resmigazete.gov.tr/eskiler/2005/01/20050111-10.htm
2005-01-11,— İstanbul Menkul Kıymetler Borsası Tahvil ve Bono Piyasası Yönetmeliğinde Değişiklik Yapılmasına Dair Yönetmelik,https://www.resmigazete.gov.tr/eskiler/2005/01/20050111-11.htm
2005-01-11,— Trakya Üniversitesi Lisansüstü Eğitim-Öğretim Yönetmeliğinde Değişiklik Yapılmasına Dair Yönetmelik,https://www.resmigazete.gov.tr/eskiler/2005/01/20050111-12.htm
2005-01-11,— 2005 Mali Yılı Bütçe Uygulama Talimatı (Sıra No: 1),https://www.resmigazete.gov.tr/eskiler/2005/01/20050111-13.htm
2005-01-11,— Türk Gıda Kodeksi Gıdalarda Maksimum Bitki Koruma Ürünleri Kalıntı Limitleri Tebliği (No: 2004/42),https://www.resmigazete.gov.tr/eskiler/2005/01/20050111-14.htm
2005-01-11,— Çekle Ödemelerin Düzenlenmesi veÇek Hamillerinin Korunması Hakkında Kanuna İlişkin Tebliğde Değişiklik Yapılmasına İlişkin Tebliğ (Sıra No: 2005/1,https://www.resmigazete.gov.tr/eskiler/2005/01/20050111-15.htm
2005-01-12,"— Milletvekillerine, Yasama Organı Eski Üyelerine, Dışarıdan Atandıkları Bakanlık Görevi Sona Erenlere Tedavi Yardımı Yapılmasına Dair Yönetmelikte Değişiklik Yapılmasına İlişkin Yönetmelik",https://www.resmigazete.gov.tr/eskiler/2005/01/20050112-1.htm
2005-01-12,— İthalatta Haksız Rekabetin Önlenmesi Hakkında Yönetmelikte Değişiklik Yapılmasına Dair Yönetmelik,https://www.resmigazete.gov.tr/eskiler/2005/01/20050112-2.htm
2005-01-12,— Adalet Bakanlığı Disiplin Kurulları ve Disiplin Amirleri Yönetmeliğinde Değişiklik Yapılmasına İlişkin Yönetmelik,https://www.resmigazete.gov.tr/eskiler/2005/01/20050112-3.htm
2005-01-12,"— Valilik ve Kaymakamlık Büroları Kuruluş, Görev ve Çalışma Yönetmeliğinde Değişiklik Yapılmasına Dair Yönetmelik",https://www.resmigazete.gov.tr/eskiler/2005/01/20050112-4.htm
2005-01-12,— Çalışma ve Sosyal Güvenlik Eğitim ve Araştırma Merkezi Döner Sermaye İşletmesi Yönetmeliği,https://www.resmigazete.gov.tr/eskiler/2005/01/20050112-5.htm
2005-01-12,— Bağ-Kur İsteğe Bağlı Sigortalılık Yönetmeliği,https://www.resmigazete.gov.tr/eskiler/2005/01/20050112-6.htm
2005-01-12,— Asansör Yönetmeliğinde (95/16/AT) Değişiklik Yapılmasına DairYönetmelik,https://www.resmigazete.gov.tr/eskiler/2005/01/20050112-7.htm
2005-01-12,— Kültür ve Turizm Koruma ve Gelişim Bölgelerinde ve Turizm Merkezlerinde İmar Planlarının Hazırlanması ve Onaylanmasına İlişkin Yönetmelikte Değişiklik Yapılmasına Dair Yönetmelik,https://www.resmigazete.gov.tr/eskiler/2005/01/20050112-8.htm
2005-01-12,— Kültür ve Tabiat Varlıklarını Koruma Yüksek Kurulu ve Koruma Bölge Kurulları Çalışmaları ile Koruma Yüksek Kuruluna Yapılacak İtirazlara Dair Yönetmelik,https://www.resmigazete.gov.tr/eskiler/2005/01/20050112-9.htm
2005-01-12,— Ziraat Odalarının Giriş Ücreti ve Yıllık Aidatları Hakkında Yönetmelik,https://www.resmigazete.gov.tr/eskiler/2005/01/20050112-10.htm
2005-01-12,— Abant İzzet Baysal Üniversitesi Yurt İdare ve İşletme Yönetmeliği,https://www.resmigazete.gov.tr/eskiler/2005/01/20050112-11.htm
2005-01-12,— İstanbul Bilgi Üniversitesi Kredili Sistem Lisans ve Önlisans Öğretim ve Sınav Yönetmeliğinde Değişiklik Yapılmasına Dair Yönetmelik,https://www.resmigazete.gov.tr/eskiler/2005/01/20050112-12.htm
2005-01-12,"— Yüzüncü Yıl Üniversitesi, Sosyal Bilimler Enstitüsü Orta Öğretim Alan Öğretmenliği Tezsiz Yüksek Lisans Programı Yönetmeliği",https://www.resmigazete.gov.tr/eskiler/2005/01/20050112-13.htm
2005-01-12,— Tahsilat Genel Tebliği (Seri No: 433),https://www.resmigazete.gov.tr/eskiler/2005/01/20050112-14.htm
2005-01-12,"— Yem Katkıları ve Premikslerin Üretimi, İthalatı, İhracatı, Satışı ve Kullanımı Hakkındaki Tebliğ’de DeğişiklikYapılmasına Dair Tebliğ (No: 2005/1)",https://www.resmigazete.gov.tr/eskiler/2005/01/20050112-15.htm
2005-01-12,— Kişisel Koruyucu Donanımlarla İlgili Uyumlaştırılmış Ulusal Standartlara Dair Tebliğe Ek Yapılması Hakkında Tebliğ,https://www.resmigazete.gov.tr/eskiler/2005/01/20050112-16.htm
2005-01-12,— İşkolu TespitKararı (No: 2005/2),https://www.resmigazete.gov.tr/eskiler/2005/01/20050112-17.htm
2005-01-12,— İşkolu TespitKararı (No: 2005/3),https://www.resmigazete.gov.tr/eskiler/2005/01/20050112-18.htm
2005-01-12,— 4054 Sayılı Rekabetin Korunması Hakkında Kanunun 16 ve 17 nci Maddelerinde Düzenlenmiş Olan İdari Para Cezalarının 31/3/2005 Tarihine Kadar Geçerli Olmak Üzere Artırıldığının Duyurulmasına İlişkin Tebliğ (No : 2005/1),https://www.resmigazete.gov.tr/eskiler/2005/01/20050112-19.htm
2005-01-12,"— Tütün Mamulleriyle İlgili Olarak Basın Yayın Organlarında Fiyat Duyurusu Mahiyetinde İlan Yayımlanamayacağına İlişkin Tütün, Tütün Mamulleri ve Alkollü İçkiler Piyasası Düzenleme Kurulu Kararı (No: 1330)",https://www.resmigazete.gov.tr/eskiler/2005/01/20050112-20.htm
2005-01-12,DÜZELTME (İstanbul Menkul Kıymetler Borsası Yönetmeliğinde DeğişiklikYapılmasına Dair Yönetmelik ile İlgili),https://www.resmigazete.gov.tr/eskiler/2005/01/20050112-21.htm
2005-01-13,— Sınır Tespitine Dair Üç Adet Karar,https://www.resmigazete.gov.tr/eskiler/2005/01/20050113-1.htm
2005-01-13,— Diyanet İşleri Başkanlığı Yurt Dışı Teşkilâtına Atanacak Personelin Seçim Esaslarına Dair Yönetmelikte Değişiklik Yapılmasına Dair Yönetmelik,https://www.resmigazete.gov.tr/eskiler/2005/01/20050113-2.htm
2005-01-13,Makina ve Kimya Endüstrisi Kurumu Genel Müdürlüğü Merkez ve Taşra Teşkilatı Memurları Disiplin Amirleri Hakkında Yönetmelik,https://www.resmigazete.gov.tr/eskiler/2005/01/20050113-3.htm
2005-01-13,— Makina ve Kimya Endüstrisi Kurumu Genel Müdürlüğü Merkez ve Taşra Teş kilatı Sözleşmeli Personeli Disiplin Amirleri Hakkında Yönetmelik,https://www.resmigazete.gov.tr/eskiler/2005/01/20050113-4.htm
2005-01-13,— Millî EğitimBakanlığı İlköğretim ve Orta Öğretim Kurumları Sosyal Etkinlikler Yönetmeliği,https://www.resmigazete.gov.tr/eskiler/2005/01/20050113-5.htm
2005-01-13,— Plan Yapımına Ait Esaslara Dair Yönetmelikte Değişiklik Yapılması Hakkında Yönetmelik,https://www.resmigazete.gov.tr/eskiler/2005/01/20050113-6.htm
2005-01-13,— T.C.Devlet Demiryolları İşletmesi Genel Müdürlüğü Taşınmaz İhale Yönetmeliği,https://www.resmigazete.gov.tr/eskiler/2005/01/20050113-7.htm
2005-01-13,— Isınmadan Kaynaklanan Hava Kirliliğinin Kontrolü Yönetmeliği,https://www.resmigazete.gov.tr/eskiler/2005/01/20050113-8.htm
2005-01-13,— Ticaret Borsalarında Alım Satım Yapan Aracılar Hakkında Yönetmelik,https://www.resmigazete.gov.tr/eskiler/2005/01/20050113-9.htm
2005-01-13,— Doğal Gaz İletim Şebekelerine Yapılacak Bağlantılara İlişkin Usul ve Esasların Yürürlükten Kaldırılmasına İlişkin Usul ve Esaslar,https://www.resmigazete.gov.tr/eskiler/2005/01/20050113-10.htm
2005-01-13,— Doçentlik Sınav Yönetmeliğinde Değişiklik Yapılmasına Dair Yönetmelik,https://www.resmigazete.gov.tr/eskiler/2005/01/20050113-11.htm
2005-01-13,— Türk Gıda Kodeksi Sofra ve Gıda Sanayii Tuz Tebliği (No: 2004/44),https://www.resmigazete.gov.tr/eskiler/2005/01/20050113-12.htm
2005-01-13,— Türk Gıda Kodeksi Dondurma Tebliği (No: 2004/45),https://www.resmigazete.gov.tr/eskiler/2005/01/20050113-13.htm
2005-01-13,— Türk Gıda Kodeksi Hızlı Dondurulmuş Gıda Maddeleri Tebliği (No: 2004/46),https://www.resmigazete.gov.tr/eskiler/2005/01/20050113-14.htm
2005-01-13,— Türk Gıda Kodeksi Gıda Maddelerinde Okratoksin A Seviyesinin Resmi Kontrolü İçin Numune Alma Metotları Tebliği (No: 2004/ 47),https://www.resmigazete.gov.tr/eskiler/2005/01/20050113-15.htm
2005-01-13,— Türk Gıda Kodeksi Tahin Helvası Tebliğinde Değişiklik Yapılması Hakkında Tebliğ (No: 2004/48),https://www.resmigazete.gov.tr/eskiler/2005/01/20050113-16.htm
2005-01-13,— Türk Gıda Kodeksi Renklendiriciler ve Tatlandırıcılar Dışındaki Gıda Katkı Maddeleri Tebliğinde Değişiklik Yapılması Hakkında Tebliğ (No: 2004/49),https://www.resmigazete.gov.tr/eskiler/2005/01/20050113-17.htm
2005-01-13,— 2004 Yılı Aralık Ayına Ait Dahilde İşleme İzin Belgelerinin (D1) Listesi Hakkında Tebliğ,https://www.resmigazete.gov.tr/eskiler/2005/01/20050113-18.htm
2005-01-13,— 2004 Yılı Aralık Ayına Ait Yurt İçi Satış ve Teslim Belgelerinin (D3) Listesi Hakkında Tebliğ,https://www.resmigazete.gov.tr/eskiler/2005/01/20050113-19.htm
2005-01-13,— 2004 Yılı Aralık Ayına Ait Hariçte İşleme İzin Belgelerinin (H) Listesi Hakkında Tebliğ,https://www.resmigazete.gov.tr/eskiler/2005/01/20050113-20.htm
2005-01-13,"— 2004 Yılı Aralık Ayına Ait Vergi, Resim ve Harç İstisnası Belgelerinin (Y) Listesi Hakkında Tebliğ",https://www.resmigazete.gov.tr/eskiler/2005/01/20050113-21.htm
2005-01-13,— Firma Talebine İstinaden İptal Edilen Dahilde İşleme İzin Belgeleri,https://www.resmigazete.gov.tr/eskiler/2005/01/20050113-22.htm
2005-01-13,— Re’sen Kapatılan Dahilde İşleme İzin Belgeleri,https://www.resmigazete.gov.tr/eskiler/2005/01/20050113-23.htm
2005-01-13,"— Türkiye CumhuriyetMerkez Bankasınca, Reeskont İşlemlerinde Uygulanacak İskonto Faiz Oranları Hakkında Tebliğ",https://www.resmigazete.gov.tr/eskiler/2005/01/20050113-24.htm
2005-01-13,"— Anayasa Mahkemesinin E: 1996/56, (Bazı Kanunlarda Değişiklik Yapılması ile İlgili), K: 1997/58 Sayılı Kararı",https://www.resmigazete.gov.tr/eskiler/2005/01/20050113-25.htm
2005-01-14,— Tarım ve Köyişleri Bakanlığına Ait Atama Kararı,https://www.resmigazete.gov.tr/eskiler/2005/01/20050114-1.htm
2005-01-14,— Çağ Üniversitesi Çift Anadal Programları ile İlgili Yönetmelik,https://www.resmigazete.gov.tr/eskiler/2005/01/20050114-2.htm
2005-01-14,— Mersin Üniversitesi Ön Lisans ve Lisans Öğretim ve Sınav Yönetmeliğinde Değişiklik Yapılmasına Dair Yönetmelik,https://www.resmigazete.gov.tr/eskiler/2005/01/20050114-3.htm
2005-01-14,"— Yüzüncü Yıl Üniversitesi, Veteriner Fakültesi Eğitim Öğretim ve Sınav Yönetmeliği",https://www.resmigazete.gov.tr/eskiler/2005/01/20050114-4.htm
2005-01-15,2005/8367 8/1/2002 Tarihli ve 4736 Sayılı Kanunun 1 inci Maddesinin Birinci Fıkrası Hükmünden Muaf Tutulacakların Tespitine Dair Kararnamenin Eki Kararda Değişiklik Yapılmasına İlişkin Karar,https://www.resmigazete.gov.tr/eskiler/2005/01/20050115-1.htm
2005-01-15,2005/8375 8/1/2002 Tarihli ve 4736 Sayılı Kanunun 1 inci Maddesinin Birinci Fıkrası Hükmünden Muaf Tutulacakların Tespitine Dair Kararnamenin Eki Kararda Değişiklik Yapılmasına İlişkin Karar,https://www.resmigazete.gov.tr/eskiler/2005/01/20050115-2.htm
2005-01-15,2005/8376 6772 Sayılı Kanun Kapsamına Giren Kurumlarda Çalışan İşçilere 2005 Yılında Yapılacak İlave Tediyelerin Düzenlenmesi Hakkında Karar,https://www.resmigazete.gov.tr/eskiler/2005/01/20050115-3.htm
2005-01-15,— Avrupa Birliği Eğitim ve Gençlik Programları Merkezi Başkanlığı Disiplin Amirleri Yönetmeliği,https://www.resmigazete.gov.tr/eskiler/2005/01/20050115-4.htm
2005-01-15,— Türk Mühendis ve Mimar Odaları Birliği Şehir Plancıları Odası Ana Yönetmeliğinde Değişiklik Yapılmasına Dair Yönetmelik,https://www.resmigazete.gov.tr/eskiler/2005/01/20050115-5.htm
2005-01-15,— Milli Emlak Genel Tebliği (Sıra No: 288),https://www.resmigazete.gov.tr/eskiler/2005/01/20050115-6.htm
2005-01-15,"— 3628 Sayılı Mal Bildiriminde Bulunulması, Rüşvet ve Yolsuzluklarla Mücadele Kanununun Kooperatiflerde Uygulanmasına Dair Tebliğ (No: 2005/1.....)",https://www.resmigazete.gov.tr/eskiler/2005/01/20050115-7.htm
2005-01-15,— Stoklara İlişkin Türkiye Muhasebe Standardı (TMS 2) Hakkında Tebliğ (Sıra No: 3),https://www.resmigazete.gov.tr/eskiler/2005/01/20050115-8.htm
2005-01-15,— Yargıtay 2. Hukuk Dairesine Ait Karar,https://www.resmigazete.gov.tr/eskiler/2005/01/20050115-9.htm
2005-01-16,— Tarımsal Üretici Birliklerinin Kuruluş Usul ve Esaslarına İlişkin Yönetmelik,https://www.resmigazete.gov.tr/eskiler/2005/01/20050116-1.htm
2005-01-16,— Yeminli Mali Müşavirlik ve Serbest Muhasebeci Mali Müşavirlik Sınav Yönetmeliği,https://www.resmigazete.gov.tr/eskiler/2005/01/20050116-2.htm
2005-01-16,— Finansal Tabloların Hazırlanma ve Sunulma Esaslarına İlişkin Kavramsal Çerçeve Hakkında Tebliğ (Sıra No: 1),https://www.resmigazete.gov.tr/eskiler/2005/01/20050116-3.htm
2005-01-16,— Finansal Tabloların Sunuluşuna İlişkin Türkiye Muhasebe Standardı (TMS 1) Hakkında Tebliğ (Sıra No: 2),https://www.resmigazete.gov.tr/eskiler/2005/01/20050116-4.htm
2005-01-17,"— Devlet Bakanı Güldal AKŞİT’e, İçişleri Bakanı Abdülkadir AKSU’nun Vekâlet Etmesine Dair Tezkere",https://www.resmigazete.gov.tr/eskiler/2005/01/20050117-1.htm
2005-01-17,"— Kültür ve Turizm Bakanlığına, Çevre ve Orman Bakanı Osman PEPE’nin Vekâlet Etmesine Dair Tezkere",https://www.resmigazete.gov.tr/eskiler/2005/01/20050117-2.htm
2005-01-17,— Hâkimler ve Savcılar Yüksek Kuruluna Ait Karar,https://www.resmigazete.gov.tr/eskiler/2005/01/20050117-3.htm
2005-01-17,— TOBB Ekonomi ve Teknoloji Üniversitesi Yabancı Dil Hazırlık Sınıfı Eğitim-Öğretim ve Sınav Yönetmeliği,https://www.resmigazete.gov.tr/eskiler/2005/01/20050117-4.htm
2005-01-18,5287 Ticari Karayolu Taşıtlarının Geçici İthaline İlişkin Gümrük Sözleşmesinin Uygun Bulunması Hakkında Kanun,https://www.resmigazete.gov.tr/eskiler/2005/01/20050118-1.htm
2005-01-18,5288 Terörizmin Önlenmesi Avrupa Sözleşmesi Tadil Protokolünün Onaylanmasının Uygun Bulunduğuna Dair Kanun,https://www.resmigazete.gov.tr/eskiler/2005/01/20050118-2.htm
2005-01-18,"833 (10/111, 160, 180) Esas Numaralı Meclis Araştırması Komisyonunun Görev Süresinin Uzatılmasına İlişkin Karar",https://www.resmigazete.gov.tr/eskiler/2005/01/20050118-3.htm
2005-01-18,834 Türkiye Büyük Millet Meclisinin Çalışmalarına Ara Vermesine Dair Karar,https://www.resmigazete.gov.tr/eskiler/2005/01/20050118-4.htm
2005-01-18,835 Türkiye Büyük Millet Meclisinin Çalışmalarına Ara Vermesine Dair Karar,https://www.resmigazete.gov.tr/eskiler/2005/01/20050118-5.htm
2005-01-18,2005/8353 Merkezi Çankırı Olmak Üzere “Çankırı Belediyeleri Su ve Hizmet Birliği”nin Kurulmasına İzin Verilmesi Hakkında Karar,https://www.resmigazete.gov.tr/eskiler/2005/01/20050118-6.htm
2005-01-18,2005/8377 Türkiye Halk Bankası Anonim Şirketince Esnaf ve Sanatkar Kredi ve Kefalet Kooperatifleri Kefaletiyle Esnaf ve Sanatkarlara Kredi Kullandırılmasına İlişkin Karar,https://www.resmigazete.gov.tr/eskiler/2005/01/20050118-7.htm
2005-01-18,2005/8378 T.C. Ziraat Bankası A.Ş. ve Tarım Kredi Kooperatiflerince Tarımsal Üretime Yönelik Yatırım ve İşletme Kredisi Kullandırılmasına İlişkin Karar,https://www.resmigazete.gov.tr/eskiler/2005/01/20050118-8.htm
2005-01-18,"— Kültür ve Turizm Bakanlığına, Çevre ve Orman Bakanı Osman PEPE’nin Vekâlet Etmesine Dair Tezkere",https://www.resmigazete.gov.tr/eskiler/2005/01/20050118-9.htm
2005-01-18,"— Cumhurbaşkanlığı, Devlet, Maliye, Millî Eğitim, Sağlık, Tarım ve Köyişleri, Enerji ve Tabii Kaynaklar, Kültür ve Turizm ile Çevre ve Orman Bakanlıklarına Ait Atama Kararları",https://www.resmigazete.gov.tr/eskiler/2005/01/20050118-10.htm
2005-01-18,— Beşeri ve Veteriner Tıbbi Ürünlerde Kullanılan Renklendiricilerle İlgili Tebliğ,https://www.resmigazete.gov.tr/eskiler/2005/01/20050118-11.htm
2005-01-18,— 2821 Sayılı Sendikalar Kanunu Gereğince;İşkollarındaki İşçi Sayıları ve Sendikaların Üye Sayılarına ilişkin 2005 Ocak Ayı İstatistikleri Hakkında Tebliğ,https://www.resmigazete.gov.tr/eskiler/2005/01/20050118-12.htm
2005-01-18,"— Su, Elektrik, Havagazı ve Doğalgaz Sayaçlarının Tamir ve Ayar Ücret Tarifesi Hakkında Tebliğ (2005/1-2)",https://www.resmigazete.gov.tr/eskiler/2005/01/20050118-13.htm
2005-01-18,— İhracat 96/31 Sayılı İhracı Yasak ve Ön İzne Bağlı Mallara İlişkin Tebliğ’de Değişiklik Yapılmasına Dair Tebliğ (İhracat 2005/3),https://www.resmigazete.gov.tr/eskiler/2005/01/20050118-14.htm
2005-01-18,— Alkollü İçki Reklamlarında Uyulacak İlkeler Hakkında Tebliğ,https://www.resmigazete.gov.tr/eskiler/2005/01/20050118-15.htm
2005-01-18,— Nakit Akış Tablolarına İlişkin Türkiye Muhasebe Standardı (TMS 7) Hakkında Tebliğ Sıra No: 4,https://www.resmigazete.gov.tr/eskiler/2005/01/20050118-16.htm
2005-01-19,"— Tarım ve Köyişleri Bakanlığına, Devlet Bakanı Beşir ATALAY’ın Vekalet Etmesine Dair Tezkere",https://www.resmigazete.gov.tr/eskiler/2005/01/20050119-1.htm
2005-01-19,— Enerji ve Tabii Kaynaklar Bakanlığına Ait Atama Kararı,https://www.resmigazete.gov.tr/eskiler/2005/01/20050119-2.htm
2005-01-19,2004/8351 Kamu Kurum ve Kuruluşlarının Daimi Kadrolarına İlk Defa İşçi Olarak Alınacaklar Hakkında Uygulanacak Sınav Yönetmeliğinde Değişiklik Yapılmasına Dair Yönetmelik,https://www.resmigazete.gov.tr/eskiler/2005/01/20050119-3.htm
2005-01-19,"— Türkiye Büyük Millet Meclisi Milli Saray, Köşk, Kasır ve Müştemilatının Bakım, Onarım ve Korunmasına İlişkin Yönetmelikte Değişiklik Yapılmasına Dair Yönetmelik",https://www.resmigazete.gov.tr/eskiler/2005/01/20050119-4.htm
2005-01-19,"— Türkiye Büyük Millet Meclisi Memurları, Tedavi Yardımı ve Cenaze Giderleri Yönetmeliğinde Değişiklik Yapılmasına İlişkin Yönetmelik",https://www.resmigazete.gov.tr/eskiler/2005/01/20050119-5.htm
2005-01-19,— Spor Müsabakalarında Şiddet ve Düzensizliğin Önlenmesine Dair Kanunun Mali Hükümlerinin Uygulanmasına Dair Yönetmelik,https://www.resmigazete.gov.tr/eskiler/2005/01/20050119-6.htm
2005-01-19,— Beşeri Tıbbi Ürünler Ruhsatlandırma Yönetmeliği,https://www.resmigazete.gov.tr/eskiler/2005/01/20050119-7.htm
2005-01-19,— Türk Uluslararası Gemi Sicili Yönetmeliğinde Değişiklik Yapılmasına Dair Yönetmelik,https://www.resmigazete.gov.tr/eskiler/2005/01/20050119-8.htm
2005-01-19,— Canlı Hayvanlar ve Hayvansal Ürünlerde Belirli Maddeler ile Bunların Kalıntılarının İzlenmesi İçin Alınacak Önlemlere Dair Yönetmelik,https://www.resmigazete.gov.tr/eskiler/2005/01/20050119-9.htm
2005-01-19,— İnsan Taşımak Üzere Tasarımlanan Kablolu Taşıma Tesisatı Yönetmeliği (2000/9/AT),https://www.resmigazete.gov.tr/eskiler/2005/01/20050119-10.htm
2005-01-19,— Türkiye Odalar ve Borsalar Birliği ile Odalar ve Borsalar Organ Seçimleri Hakkında Yönetmelik,https://www.resmigazete.gov.tr/eskiler/2005/01/20050119-11.htm
2005-01-19,— Odalarda Mesleklerin Gruplandırılması Hakkında Yönetmelik,https://www.resmigazete.gov.tr/eskiler/2005/01/20050119-12.htm
2005-01-19,— Ticaret Borsalarında Mesleklerin Gruplandırılması Hakkında Yönetmelik,https://www.resmigazete.gov.tr/eskiler/2005/01/20050119-13.htm
2005-01-19,"— Türk Mühendis ve Mimar Odaları Birliği Şehir Planlama Mimar Mühendisleri Odası Serbest Şehircilik Hizmetleri, Büro Tescil, Mesleki Denetim ve En Az Ücret Yönetmeliğinde Değişiklik Yapılmasına Dair Yönetmelik",https://www.resmigazete.gov.tr/eskiler/2005/01/20050119-14.htm
2005-01-19,— Sakarya Üniversitesi Lisansüstü Eğitim ve Öğretim Yönetmeliğinde Değişiklik Yapılmasına Dair Yönetmelik,https://www.resmigazete.gov.tr/eskiler/2005/01/20050119-15.htm
2005-01-19,"— 5201 Sayılı Kanun Gereğince Kontrole Tâbi Tutulacak Harp Araç ve Gereçleri ile Silâh, Mühimmat ve Bunlara Ait Yedek Parçalar, Askerî Patlayıcı Maddeler, Bunlara Ait Teknolojilere İlişkin Liste",https://www.resmigazete.gov.tr/eskiler/2005/01/20050119-16.htm
2005-01-19,— Katma Değer Vergisi Genel Tebliği (Seri No: 93),https://www.resmigazete.gov.tr/eskiler/2005/01/20050119-17.htm
2005-01-19,— 2005 Mali Yılı Bütçe Uygulama Talimatı (Sıra No: 2),https://www.resmigazete.gov.tr/eskiler/2005/01/20050119-18.htm
2005-01-19,— 2005 Mali Yılı Bütçe Uygulama Talimatı (Sıra No: 3),https://www.resmigazete.gov.tr/eskiler/2005/01/20050119-19.htm
2005-01-19,— Bandrol Uygulamasına İlişkin Kurulacak Denetim Komisyonlarının Çalışma Usul ve Esasları Hakkında Tebliğin Yürürlükten Kaldırılmasına Dair Tebliğ,https://www.resmigazete.gov.tr/eskiler/2005/01/20050119-20.htm
2005-01-19,— Kamu İhale Tebliği (No: 2005/1),https://www.resmigazete.gov.tr/eskiler/2005/01/20050119-21.htm
2005-01-20,22/6/1927 tarihli ve 5235 sayılı Bakanlar Kurulu Kararı ile yürürlüğe konulan Resmî Gazete'nin Sureti Neşir ve Muamelatının Tarzı İcrasına Dair Yönetmelik uyarınca bugün Resmî Gazete yayımlanmamıştır.,https://www.resmigazete.gov.tr/2011%20Resmi%20Gazeteleri/Resmi%20Gazete%20Tatil%20Şablon/20110101-1.htm
2005-01-21,22/6/1927 tarihli ve 5235 sayılı Bakanlar Kurulu Kararı ile yürürlüğe konulan Resmî Gazete'nin Sureti Neşir ve Muamelatının Tarzı İcrasına Dair Yönetmelik uyarınca bugün Resmî Gazete yayımlanmamıştır.,https://www.resmigazete.gov.tr/2011%20Resmi%20Gazeteleri/Resmi%20Gazete%20Tatil%20Şablon/20110101-1.htm
2005-01-22,22/6/1927 tarihli ve 5235 sayılı Bakanlar Kurulu Kararı ile yürürlüğe konulan Resmî Gazete'nin Sureti Neşir ve Muamelatının Tarzı İcrasına Dair Yönetmelik uyarınca bugün Resmî Gazete yayımlanmamıştır.,https://www.resmigazete.gov.tr/2011%20Resmi%20Gazeteleri/Resmi%20Gazete%20Tatil%20Şablon/20110101-1.htm
2005-01-23,22/6/1927 tarihli ve 5235 sayılı Bakanlar Kurulu Kararı ile yürürlüğe konulan Resmî Gazete'nin Sureti Neşir ve Muamelatının Tarzı İcrasına Dair Yönetmelik uyarınca bugün Resmî Gazete yayımlanmamıştır.,https://www.resmigazete.gov.tr/2011%20Resmi%20Gazeteleri/Resmi%20Gazete%20Tatil%20Şablon/20110101-1.htm
2005-01-25,2005/8359 Türkiye Cumhuriyeti Hükümeti ile Karadeniz Liman Devleti Kontrolü Sekretaryası Arasında İmzalanan Yönetim Merkezi Anlaşması’nın Onaylanması Hakkında Karar,https://www.resmigazete.gov.tr/eskiler/2005/01/20050125-1.htm
2005-01-25,"— Devlet Bakanı Ali BABACAN’a, Devlet Bakanı Beşir ATALAY’ın Vekâlet Etmesine Dair Tezkere",https://www.resmigazete.gov.tr/eskiler/2005/01/20050125-2.htm
2005-01-25,— Devlet Bakanlığına Ait Atama Kararı,https://www.resmigazete.gov.tr/eskiler/2005/01/20050125-3.htm
2005-01-25,— Sınır Tespitine Dair Karar,https://www.resmigazete.gov.tr/eskiler/2005/01/20050125-4.htm
2005-01-25,— 244 Kişi ile İlgili İptal Listesi Hakkında Karar,https://www.resmigazete.gov.tr/eskiler/2005/01/20050125-5.htm
2005-01-25,2005/8387 Devlet Muhasebesi Genel Yönetmeliğinde Değişiklik Yapılmasına Dair Yönetmelik,https://www.resmigazete.gov.tr/eskiler/2005/01/20050125-6.htm
2005-01-25,— Dumlupınar Üniversitesi Lisansüstü Eğitim ve Öğretim Yönetmeliğinde Değişiklik Yapılmasına Dair Yönetmelik,https://www.resmigazete.gov.tr/eskiler/2005/01/20050125-7.htm
2005-01-25,— KEK Eşbaşkanlıkları Hakkında Başbakanlık Genelgesi (No : 2005/1),https://www.resmigazete.gov.tr/eskiler/2005/01/20050125-8.htm
2005-01-26,"2005/8389 Merkezi Ankara İli, Polatlı İlçesinde Bulunan “Polatlı Köylere Hizmet Götürme Birliği”nin Adının “Polatlı Hizmet Birliği” Olarak Değiştirilmesi Hakkında Karar",https://www.resmigazete.gov.tr/eskiler/2005/01/20050126-1.htm
2005-01-26,— Hâkimler ve Savcılar Yüksek Kurulunca Danıştay Üyeliklerine Seçilenler Hakkında Karar (No: 645),https://www.resmigazete.gov.tr/eskiler/2005/01/20050126-2.htm
2005-01-26,— Elektrik Piyasası Lisans Yönetmeliğinde Değişiklik Yapılmasına İlişkin Yönetmelik,https://www.resmigazete.gov.tr/eskiler/2005/01/20050126-3.htm
2005-01-26,— Gaziosmanpaşa Üniversitesi Tıp Fakültesi Eğitim-Öğretim ve Sınav Yönetmeliği,https://www.resmigazete.gov.tr/eskiler/2005/01/20050126-4.htm
2005-01-27,2004/8336 Ulaştırma Bakanlığının Merkez ve Taşra Teşkilatında Yapılan Değişiklikler Hakkında Karar,https://www.resmigazete.gov.tr/eskiler/2005/01/20050127-1.htm
2005-01-27,2004/8340 Kuzey Kıbrıs Türk Cumhuriyeti’ne Yapılacak Yolculuklarda Verilecek Gündeliklere Dair Karar,https://www.resmigazete.gov.tr/eskiler/2005/01/20050127-2.htm
2005-01-27,2005/8391 Dahilde İşleme Rejimi Kararı,https://www.resmigazete.gov.tr/eskiler/2005/01/20050127-3.htm
2005-01-27,2005/8392 4760 Sayılı Özel Tüketim Vergisi Kanununa Ekli (I) ve (III) Sayılı Listelerde Yer Alan Mallarda Uygulanan Özel Tüketim Vergisi ile İlgili Karar,https://www.resmigazete.gov.tr/eskiler/2005/01/20050127-4.htm
2005-01-27,2005/8400 Kocaeli Üniversitesi Rektörlüğüne Bağlı Olarak Karamürsel Beden Eğitimi ve Spor Yüksekokulu Kurulması Hakkında Karar,https://www.resmigazete.gov.tr/eskiler/2005/01/20050127-5.htm
2005-01-27,2005/8402 Gümrük Müsteşarlığı Taşra Teşkilatında Edirne Gümrük ve Muhafaza Başmüdürlüğüne Bağlı Olarak Hamzabeyli Gümrük Müdürlüğünün Kurulması Hakkında Karar,https://www.resmigazete.gov.tr/eskiler/2005/01/20050127-6.htm
2005-01-27,"— Başbakanlığa, Devlet Bakanı ve Başbakan Yardımcısı Mehmet Ali ŞAHİN’in Vekâlet Etmesine Dair Tezkere",https://www.resmigazete.gov.tr/eskiler/2005/01/20050127-7.htm
2005-01-27,"— Dışişleri Bakanlığı ve Başbakan Yardımcılığına, Milli Savunma Bakanı M.Vecdi GÖNÜL’ün Vekâlet Etmesine Dair Tezkere",https://www.resmigazete.gov.tr/eskiler/2005/01/20050127-8.htm
2005-01-27,"— Adalet Bakanlığına, İçişleri Bakanı Abdülkadir AKSU’nun Vekâlet Etmesine Dair Tezkere",https://www.resmigazete.gov.tr/eskiler/2005/01/20050127-9.htm
2005-01-27,"— Maliye Bakanlığına, Devlet Bakanı ve Başbakan Yardımcısı Abdüllatif ŞENER’in Vekâlet Etmesine Dair Tezkere",https://www.resmigazete.gov.tr/eskiler/2005/01/20050127-10.htm
2005-01-27,"— Ulaştırma Bakanlığına, Enerji ve Tabii Kaynaklar Bakanı M.Hilmi GÜLER’in Vekâlet Etmesine Dair Tezkere",https://www.resmigazete.gov.tr/eskiler/2005/01/20050127-11.htm
2005-01-27,— 3034 Kişinin Türk Vatandaşlığından Çıkmalarına İzin Verilmesi Hakkında Karar,https://www.resmigazete.gov.tr/eskiler/2005/01/20050127-12.DOC
2005-01-27,— 3059 Kişinin Türk Vatandaşlığından Çıkmalarına İzin Verilmesi Hakkında Karar,https://www.resmigazete.gov.tr/eskiler/2005/01/20050127-13.DOC
2005-01-27,"— Ordu Evleri, Askeri Gazinolar ve Sosyal Tesisler Yönetmeliğinde Değişiklik Yapılmasına Dair Yönetmelik",https://www.resmigazete.gov.tr/eskiler/2005/01/20050127-14.htm
2005-01-27,— Milli Eğitim Bakanlığı Teftiş Kurulu Yönetmeliğinde Değişiklik Yapılmasına Dair Yönetmelik,https://www.resmigazete.gov.tr/eskiler/2005/01/20050127-15.htm
2005-01-27,— Halk Sağlığı Alanında Haşerelere Karşı İlaçlama Usul ve Esasları Hakkında Yönetmelik,https://www.resmigazete.gov.tr/eskiler/2005/01/20050127-16.htm
2005-01-27,— Ölçü ve Ölçü Aletlerinden Alınacak Muayene ve Damgalama Ücret Yönetmeliğinde Değişiklik Yapılması Hakkında Yönetmelik,https://www.resmigazete.gov.tr/eskiler/2005/01/20050127-17.htm
2005-01-27,— BOTAŞ Boru Hatları ile Petrol Taşıma A.Ş.Kapsam Dışı Personel Yönetmeliğinde Değişiklik Yapılması Hakkında Yönetmelik,https://www.resmigazete.gov.tr/eskiler/2005/01/20050127-18.htm
2005-01-27,— Zorunlu Sertifika Mali Sorumluluk Sigortası Genel Şartları,https://www.resmigazete.gov.tr/eskiler/2005/01/20050127-19.htm
2005-01-27,— Sertifika Mali Sorumluluk Sigortası Tarife ve Talimatı,https://www.resmigazete.gov.tr/eskiler/2005/01/20050127-20.htm
2005-01-27,— 2004 Yılı Aralık Ayına Ait Yatırım Teşvik Belgelerinin Sektörel Dağılımı Hakkında Tebliğ,https://www.resmigazete.gov.tr/eskiler/2005/01/20050127-21.pdf
2005-01-27,— 2004 Yılı Aralık Ayına Ait Belgeler ve Yararlandırılan Teşvik Unsurları Hakkında Tebliğ,https://www.resmigazete.gov.tr/eskiler/2005/01/20050127-22.htm
2005-01-27,— Dahilde İşleme Rejimi Tebliği (İhracat: 2005/1),https://www.resmigazete.gov.tr/eskiler/2005/01/20050127-23.htm
2005-01-27,— İhracat Sayılan Satış ve Teslimler Hakkında Tebliğ (İhracat: 2005/2),https://www.resmigazete.gov.tr/eskiler/2005/01/20050127-24.htm
2005-01-27,— Tekstil ve Konfeksiyon Ürünlerinin İthalatına İlişkin Tebliğ (2005/6),https://www.resmigazete.gov.tr/eskiler/2005/01/20050127-25.htm
2005-01-28,5286 Köy Hizmetleri Genel Müdürlüğünün Kaldırılması ve Bazı Kanunlarda Değişiklik Yapılması Hakkında Kanun,https://www.resmigazete.gov.tr/eskiler/2005/01/20050128-1.htm
2005-01-28,"2004/8337 Merkezi Afyon İli, Sinanpaşa İlçesinde Bulunan “Sincanlı İlçesi Merkez ve Köylerine Hizmet Götürme Birliği”nin Adının “Sinanpaşa İlçesi Merkez ve Köylerine Hizmet Götürme Birliği” Olarak Değiştirilmesi Hakkında Karar",https://www.resmigazete.gov.tr/eskiler/2005/01/20050128-2.htm
2005-01-28,2004/8339 Tarım Reformu Uygulama Alanı Toprak Normu Esasları’nın Yürürlüğe Konulması Hakkında Karar,https://www.resmigazete.gov.tr/eskiler/2005/01/20050128-3.htm
2005-01-28,2005/8374 Ulusal Petrol Stoğu Komisyonunun Çalışmalarına Dair Esaslar’ın Yürürlüğe Konulması Hakkında Karar,https://www.resmigazete.gov.tr/eskiler/2005/01/20050128-4.htm
2005-01-28,2005/8373 Sermaye Piyasası Kurulu Üyeliklerine Yapılan Atamalar Hakkında Karar,https://www.resmigazete.gov.tr/eskiler/2005/01/20050128-5.htm
2005-01-28,"— Devlet Bakanı ve Başbakan Yardımcılığı, Adalet, Milli Eğitim, Bayındırlık ve İskan, Sağlık, Ulaştırma, Tarım ve Köyişleri, Kültür ve Turizm ile Çevre ve Orman Bakanlıklarına Ait Atama Kararları",https://www.resmigazete.gov.tr/eskiler/2005/01/20050128-6.htm
2005-01-28,— Afyon Kocatepe Üniversitesi Lisansüstü Eğitim-Öğretim ve Sınav Yönetmeliğinde Değişiklik Yapılmasına Dair Yönetmelik,https://www.resmigazete.gov.tr/eskiler/2005/01/20050128-7.htm
2005-01-28,— İstanbul Üniversitesi Ulaştırma ve Lojistik Yüksekokulu Lisans Öğretim ve Sınav Yönetmeliğinde Değişiklik Yapılmasına Dair Yönetmelik,https://www.resmigazete.gov.tr/eskiler/2005/01/20050128-8.htm
2005-01-28,— İstanbul Ticaret Üniversitesi Kuruluş ve Ana Teşkilat Yönetmeliğinde Değişiklik Yapılmasına Dair Yönetmelik,https://www.resmigazete.gov.tr/eskiler/2005/01/20050128-9.htm
2005-01-28,— Vergi Usul Kanunu Genel Tebliği (Sıra No: 344),https://www.resmigazete.gov.tr/eskiler/2005/01/20050128-10.htm
2005-01-28,— Gümrük Genel Tebliği (Gümrük İşlemleri) (Seri No: 35),https://www.resmigazete.gov.tr/eskiler/2005/01/20050128-11.htm
2005-01-28,— 2004 Yılı Kamu İhale Genel Tebliğinde Değişiklik Yapılmasına Dair Tebliğ,https://www.resmigazete.gov.tr/eskiler/2005/01/20050128-12.htm
2005-01-29,"2005/8409 Kamu Hizmetlerinin Ortak Platformda, Tek Kapıdan (portal) Sunumu ve Vatandaşın Devlet Hizmetlerine Elektronik Ortamdan Güvenli ve Hızlı Bir Şekilde Erişimini Sağlamak Amacıyla e-Devlet Kapısı Teknik Altyapısının Kurulmasına İlişkin Karar",https://www.resmigazete.gov.tr/eskiler/2005/01/20050129-1.htm
2005-01-29,— Gebze Yüksek Teknoloji Enstitüsü Lisansüstü Eğitim-Öğretim Yönetmeliğinde Değişiklik Yapılmasına Dair Yönetmelik,https://www.resmigazete.gov.tr/eskiler/2005/01/20050129-2.htm
2005-01-29,— Orta Doğu Teknik Üniversitesi-New York Eyalet Üniversitesi (SUNY) Uluslararası Ortak Lisans Programları Eğitim-Öğretimine İlişkin Yönetmelik,https://www.resmigazete.gov.tr/eskiler/2005/01/20050129-3.htm
2005-01-29,— Yeditepe Üniversitesi Lisans Burs Yönetmeliğinde Değişiklik Yapılmasına Dair Yönetmelik,https://www.resmigazete.gov.tr/eskiler/2005/01/20050129-4.htm
2005-01-29,"— Meyve, Asma Çeşit, Anaç Damızlığı Fidan Üretim Materyali ve Fidanların Sertifikasyonuna Ait Genel Esaslar Tebliğinde Değişiklik Yapılmasına İlişkin Tebliğ (No: 2005/2)",https://www.resmigazete.gov.tr/eskiler/2005/01/20050129-5.htm
2005-01-29,— Yıllık Yatırım Programında Yer Alan Projelere Dış Finansman Sağlanmasına İlişkin Esas ve Usullere Dair Tebliğ’de Değişiklik Yapılmasına Dair Tebliğ,https://www.resmigazete.gov.tr/eskiler/2005/01/20050129-6.htm
2005-01-29,— İthalatta Gözetim Uygulanmasına İlişkin Tebliğ (No: 2005/1),https://www.resmigazete.gov.tr/eskiler/2005/01/20050129-7.htm
2005-01-29,— İthalatta Gözetim Uygulanmasına İlişkin Tebliğ (No: 2005/2),https://www.resmigazete.gov.tr/eskiler/2005/01/20050129-8.htm
2005-01-29,— İthalatta Gözetim Uygulanmasına İlişkin Tebliğ (No: 2005/3),https://www.resmigazete.gov.tr/eskiler/2005/01/20050129-9.htm
2005-01-29,— İthalatta Gözetim Uygulanmasına İlişkin Tebliğ (No: 2005/4),https://www.resmigazete.gov.tr/eskiler/2005/01/20050129-10.htm
2005-01-29,— İthalatta Gözetim ve Korunma Önlemlerine İlişkin 2004/2 Sayılı Tebliğde Değişiklik Yapılması Hakkında Tebliğ,https://www.resmigazete.gov.tr/eskiler/2005/01/20050129-11.htm
2005-01-29,— Belirli Tekstil ve Konfeksiyon Ürünlerinin İthalatında Gözetim ve Korunma Önlemlerine İlişkin Tebliğde Değişiklik Yapılmasına Dair Tebliğ (No: 2005/7),https://www.resmigazete.gov.tr/eskiler/2005/01/20050129-12.htm
2005-01-29,— Dış Ticarette Standardizasyon Tebliğinde Değişiklik Yapılması Hakkında Tebliğ No: (2005/8),https://www.resmigazete.gov.tr/eskiler/2005/01/20050129-13.htm
2005-01-30,2004/8390 Türkiye-Moğolistan Kara Ulaştırması Karma Komisyon Toplantısı Protokolü’nün Onaylanması Hakkında Karar,https://www.resmigazete.gov.tr/eskiler/2005/01/20050130-1.htm
2005-01-30,2004/8348 Türk Vatandaşlığı Kaybettirilen 27 Kişi Hakkındaki Hükmün İptali ile 1 Kişi ile İlgili Maddi Hatanın Düzeltilmesi Hakkında Karar,https://www.resmigazete.gov.tr/eskiler/2005/01/20050130-2.htm
2005-01-30,— İstanbul Üniversitesi Lisansüstü Eğitim ve Öğretim Yönetmeliğinde Değişiklik Yapılmasına Dair Yönetmelik,https://www.resmigazete.gov.tr/eskiler/2005/01/20050130-3.htm
2005-01-30,— İstanbul Üniversitesi İşletme Fakültesi İşletme İktisadı Enstitüsü İkinci Öğretim İşletme Yöneticiliği Tezsiz Yüksek Lisans Programları Yönetmeliğinde Değişiklik Yapılmasına Dair Yönetmelik,https://www.resmigazete.gov.tr/eskiler/2005/01/20050130-4.htm
2005-01-31,2004/8395 Türkiye-Tacikistan Hükümetlerarası Karma Ekonomik Komisyonu Dördüncü Dönem Toplantısı Protokulu’nun Onaylanması Hakkında Karar,https://www.resmigazete.gov.tr/eskiler/2005/01/20050131-1.htm
2005-01-31,"— Dışişleri Bakanı ve Başbakan Yardımcısı Abdullah GÜL’e,Milli Savunma Bakanı M.Vecdi GÖNÜL’ün Vekâlet Etmesine Dair Tezkere",https://www.resmigazete.gov.tr/eskiler/2005/01/20050131-2.htm
2005-01-31,"— Çalışma ve Sosyal Güvenlik Bakanlığına, Kültür ve Turizm Bakanı Erkan MUMCU’nun Vekâlet Etmesine Dair Tezkere",https://www.resmigazete.gov.tr/eskiler/2005/01/20050131-3.htm
2005-02-01,2005/8410 4760 Sayılı Özel Tüketim Vergisi Kanununa Ekli (III) Sayılı Listede Yer Alan Mallarda Uygulanan Özel Tüketim Vergisi ile İlgili Karar,https://www.resmigazete.gov.tr/eskiler/2005/02/20050201-1.htm
2005-02-01,— Millî Eğitim Bakanlığı Spor Liseleri Yönetmeliği,https://www.resmigazete.gov.tr/eskiler/2005/02/20050201-2.htm
2005-02-01,"— Türk Mühendis ve Mimar Odaları Birliği Yabancı Mühendis, Mimar ve Şehir Plancı-larının Çalışma İznine Esas Değerlendirilmesi ve Geçici Üyelik Müracaatları Hakkında Yönetmelik",https://www.resmigazete.gov.tr/eskiler/2005/02/20050201-3.htm
2005-02-01,— İstanbul Üniversitesi Tıpta Uzmanlık Eğitimi ve Sınav Yönetmeliğinde Değişiklik Yapılmasına Dair Yönetmelik,https://www.resmigazete.gov.tr/eskiler/2005/02/20050201-4.htm
2005-02-01,— Milli Emlak Genel Tebliği (Sıra No: 289),https://www.resmigazete.gov.tr/eskiler/2005/02/20050201-5.htm
2005-02-02,"— Devlet Bakanı Güldal AKŞİT’e, İçişleri Bakanı Abdülkadir AKSU’nun Vekâlet Etmesine Dair Tezkere",https://www.resmigazete.gov.tr/eskiler/2005/02/20050202-1.htm
2005-02-02,— Millî Eğitim Bakanlığı Anadolu Öğretmen Liseleri Yönetmeliğinde Değişiklik Yapılmasına Dair Yönetmelik,https://www.resmigazete.gov.tr/eskiler/2005/02/20050202-2.htm
2005-02-02,— Sosyal Sigortalar Kurumu Başkanlığı Sigorta Yoklama Memurları Yönetmeliği,https://www.resmigazete.gov.tr/eskiler/2005/02/20050202-3.htm
2005-02-02,— Motorlu Araçlar ve Römorklarının Emniyet Camları ve Cam Malzemeleri ile İlgili Tip Onayı Yönetmeliğinde Değişiklik Yapılmasına Dair Yönetmelik (2001/92/AT ile değişik 92/22/AT),https://www.resmigazete.gov.tr/eskiler/2005/02/20050202-4.htm
2005-02-02,— Özelleştirme Yüksek Kurulunun 2005/5 Sayılı Kararı,https://www.resmigazete.gov.tr/eskiler/2005/02/20050202-5.htm
2005-02-02,— Özelleştirme Yüksek Kurulunun 2005/10 Sayılı Kararı,https://www.resmigazete.gov.tr/eskiler/2005/02/20050202-6.htm
2005-02-02,— Özelleştirme Yüksek Kurulunun 2005/12 Sayılı Kararı,https://www.resmigazete.gov.tr/eskiler/2005/02/20050202-7.htm
2005-02-02,— Özelleştirme Yüksek Kurulunun 2005/16 Sayılı Kararı,https://www.resmigazete.gov.tr/eskiler/2005/02/20050202-8.htm
2005-02-02,— Özelleştirme Yüksek Kurulunun 2005/17 Sayılı Kararı,https://www.resmigazete.gov.tr/eskiler/2005/02/20050202-9.htm
2005-02-02,— Özelleştirme Yüksek Kurulunun 2005/18 Sayılı Kararı,https://www.resmigazete.gov.tr/eskiler/2005/02/20050202-10.htm
2005-02-02,— Özelleştirme Yüksek Kurulunun 2005/20 Sayılı Kararı,https://www.resmigazete.gov.tr/eskiler/2005/02/20050202-11.htm
2005-02-02,— Yargıtay 2. ve 18. Hukuk Dairelerine Ait 5 Adet Karar,https://www.resmigazete.gov.tr/eskiler/2005/02/20050202-12.htm
2005-02-03,— Millî Eğitim Bakanlığı Orta Öğretim Kurumları Sınıf Geçme ve Sınav Yönetmeliğinde Değişiklik Yapılmasına Dair Yönetmelik,https://www.resmigazete.gov.tr/eskiler/2005/02/20050203-1.htm
2005-02-03,— Maden Kanunu Uygulama Yönetmeliği,https://www.resmigazete.gov.tr/eskiler/2005/02/20050203-2.htm
2005-02-03,— Maden Kanununun I (a) Grubu Madenleri ile İlgili Uygulama Yönetmeliği,https://www.resmigazete.gov.tr/eskiler/2005/02/20050203-3.htm
2005-02-04,"2005/8413 İşverenlerin Elli veya Daha Fazla İşçi Çalıştırdıkları İşyerlerinde Çalıştırmaları Gereken Özürlü, Eski Hükümlü ve 3713 Sayılı Terörle Mücadele Kanununun Ek 1 inci Maddesinin (B) Fıkrası Kapsamındaki Terör Mağduru Çalıştırma Oranlarının Belirlenmesine İlişkin 8/3/2004 Tarihli ve 2004/6976 Sayılı Kararnamenin Eki Karar’ın, 1/1/2005 - 31/12/2005 Tarihleri Arasında da Uygulanmasına Dair Kara",https://www.resmigazete.gov.tr/eskiler/2005/02/20050204-1.htm
2005-02-04,"— Sanayi ve Ticaret Bakanlığına, Adalet Bakanı Cemil ÇİÇEK’in Vekâlet Etmesine Dair Tezkere",https://www.resmigazete.gov.tr/eskiler/2005/02/20050204-2.htm
2005-02-04,— Denizli İli Tavas İlçesine Bağlı Büyükkonak Belediyesinin İsminin “Nikfer” Olarak Değiştirilmesine Dair Karar,https://www.resmigazete.gov.tr/eskiler/2005/02/20050204-3.htm
2005-02-04,— Devlet Planlama Teşkilatı Müsteşarlığı Sicil Amirleri Yönetmeliği,https://www.resmigazete.gov.tr/eskiler/2005/02/20050204-4.htm
2005-02-04,— Devlet Planlama Teşkilatı Müsteşarlığı Disiplin Amirleri Yönetmeliği,https://www.resmigazete.gov.tr/eskiler/2005/02/20050204-5.htm
2005-02-04,— İşyeri Sağlık Birimleri ve İşyeri Hekimlerinin Görevleri ile Çalışma Usul ve Esasları Hakkında Yönetmelikte Değişiklik Yapılmasına Dair Yönetmelik,https://www.resmigazete.gov.tr/eskiler/2005/02/20050204-6.htm
2005-02-04,"— İş Güvenliği ile Görevli Mühendis veya Teknik Elemanların Görev, Yetki ve Sorum-lulukları ile Çalışma Usul ve Esasları Hakkında Yönetmelikte Değişiklik Yapılmasına Dair Yönetmelik",https://www.resmigazete.gov.tr/eskiler/2005/02/20050204-7.htm
2005-02-04,— 2872 Sayılı Çevre Kanunu Uyarınca Verilecek İdari Para Cezalarına İlişkin Genelge (2005/1),https://www.resmigazete.gov.tr/eskiler/2005/02/20050204-8.htm
2005-02-04,— Damga Vergisi Kanunu Genel Tebliği (Seri No: 43),https://www.resmigazete.gov.tr/eskiler/2005/02/20050204-9.htm
2005-02-04,— Harçlar Kanunu Genel Tebliği (Seri No: 47),https://www.resmigazete.gov.tr/eskiler/2005/02/20050204-10.htm
2005-02-04,"— Tohumluk Yetiştiricileri Tarafından 2005 Yılı İçin Ödenecek Tarla Kontrol, Laboratuvar Analiz ve Test Ücretleri Hakkındaki Tebliğ (No: 2005/4)",https://www.resmigazete.gov.tr/eskiler/2005/02/20050204-11.htm
2005-02-04,— Tarımsal Üretime Yönelik Düşük Faizli Yatırım ve İşletme Kredisi Kullandırılmasına İlişkin Uygulama Esasları Tebliği (No: 2005/6),https://www.resmigazete.gov.tr/eskiler/2005/02/20050204-12.htm
2005-02-04,— Türk Gıda Kodeksi Enerji İçecekleri Tebliğinde Değişiklik Yapılması Hakkında Tebliğ (No :2005/7),https://www.resmigazete.gov.tr/eskiler/2005/02/20050204-13.htm
2005-02-04,— İthalatta Haksız Rekabetin Önlenmesine İlişkin Tebliğ (No: 2005/1),https://www.resmigazete.gov.tr/eskiler/2005/02/20050204-14.htm
2005-02-04,— İthalatta Haksız Rekabetin Önlenmesine İlişkin Tebliğ (No: 2005/3),https://www.resmigazete.gov.tr/eskiler/2005/02/20050204-15.htm
2005-02-04,— İthalatta Haksız Rekabetin Önlenmesine İlişkin Tebliğ (No: 2005/4),https://www.resmigazete.gov.tr/eskiler/2005/02/20050204-16.htm
2005-02-04,— İthalatta Haksız Rekabetin Önlenmesine İlişkin Tebliğ (No: 2005/5),https://www.resmigazete.gov.tr/eskiler/2005/02/20050204-17.htm
2005-02-05,"836 Geleneksel Türk El Sanatları Üretici ve Sanatkârlarının Sorunlarının Araştırılarak, El Sanatlarının Geliştirilmesi, Korunması ve Gelecek Kuşaklara Aktarılması İçin Alınması Gereken Önlemlerin Belirlenmesi Amacıyla Bir Meclis Araştırması Komisyonu Kurulmasına İlişkin Karar",https://www.resmigazete.gov.tr/eskiler/2005/02/20050205-1.htm
2005-02-05,2005/8414 4760 Sayılı Özel Tüketim Vergisi Kanununa Ekli (I) Sayılı Listede Yer Alan Mallarda Uygulanan Özel Tüketim Vergisi ile İlgili Karar,https://www.resmigazete.gov.tr/eskiler/2005/02/20050205-2.htm
2005-02-05,2005/8415 631 Sayılı Kanun Hükmünde Kararnamenin 14 üncü Maddesi Kapsamındaki Personelin Mali ve Sosyal Haklarına İlişkin Karar'da Değişiklik Yapılması Hakkında Karar,https://www.resmigazete.gov.tr/eskiler/2005/02/20050205-3.htm
2005-02-05,2005/8443 Yurt Dışına Çıkışlarda Harç Alınmasına İlişkin Usul ve Esaslar Hakkında Kararda Değişiklik Yapılmasına Dair Karar,https://www.resmigazete.gov.tr/eskiler/2005/02/20050205-4.htm
2005-02-05,"— Başbakanlığa, Devlet Bakanı ve Başbakan Yardımcısı Abdüllatif ŞENER’in Vekâlet Etmesine Dair Tezkere",https://www.resmigazete.gov.tr/eskiler/2005/02/20050205-5-1.htm
2005-02-05,"— Devlet Bakanı ve Başbakan Yardımcısı Mehmet Ali ŞAHİN’e, Tarım ve Köyişleri Bakanı Sami GÜÇLÜ’nün Vekâlet Etmesine Dair Tezkere",https://www.resmigazete.gov.tr/eskiler/2005/02/20050205-5-2.htm
2005-02-05,"— Devlet Bakanı Mehmet AYDIN’a, Devlet Bakanı Kürşad TÜZMEN’in Vekâlet Etmesine Dair Tezkere",https://www.resmigazete.gov.tr/eskiler/2005/02/20050205-5-3.htm
2005-02-05,"— Bayındırlık ve İskan Bakanlığına, Maliye Bakanı Kemal UNAKITAN’ın Vekâlet Etmesine Dair Tezkere",https://www.resmigazete.gov.tr/eskiler/2005/02/20050205-5-4.htm
2005-02-05,"— Sağlık Bakanlığına, Milli Eğitim Bakanı Hüseyin ÇELİK’in Vekâlet Etmesine Dair Tezkere",https://www.resmigazete.gov.tr/eskiler/2005/02/20050205-5-5.htm
2005-02-05,— Vadeli İşlem ve Opsiyon Borsalarının Kuruluş ve Çalışma Esasları Hakkında Yönetmelikte Değişiklik Yapılmasına Dair Yönetmelik,https://www.resmigazete.gov.tr/eskiler/2005/02/20050205-6.htm
2005-02-05,— Sağlık Bakanlığı Taşra Teşkilatı Yatak ve Kadro Standartları Yönetmeliğinde Değişiklik Yapılmasına Dair Yönetmelik,https://www.resmigazete.gov.tr/eskiler/2005/02/20050205-7.htm
2005-02-05,— Telekomünikasyon Hizmet ve Altyapılarına İlişkin Yetkilendirme Yönetmeliğinde Deği-şiklik Yapılmasına Dair Yönetmelik,https://www.resmigazete.gov.tr/eskiler/2005/02/20050205-8.htm
2005-02-05,— KOBİ Bilgi Sitesi ile İlgili 2005/2 Sayılı Başbakanlık Genelgesi,https://www.resmigazete.gov.tr/eskiler/2005/02/20050205-9.htm
2005-02-05,— Yemlerde İstenmeyen Maddeler Hakkında Tebliğ (No: 2005/3),https://www.resmigazete.gov.tr/eskiler/2005/02/20050205-10.htm
2005-02-05,— İthalatta Haksız Rekabetin Önlenmesine İlişkin Tebliğ (No: 2005/2),https://www.resmigazete.gov.tr/eskiler/2005/02/20050205-11.htm
2005-02-06,"— Devlet Bakanı Beşir ATALAY’a, Devlet Bakanı Ali BABACAN’ın Vekâlet Etmesine Dair Tezkere",https://www.resmigazete.gov.tr/eskiler/2005/02/20050206-1.htm
2005-02-06,— Erciyes Üniversitesi Önlisans ve Lisans Eğitim-Öğretim Yönetmeliğinde Değişiklik Yapılmasına Dair Yönetmelik,https://www.resmigazete.gov.tr/eskiler/2005/02/20050206-2.htm
2005-02-06,— Erciyes Üniversitesi Yaz Okulu Yönetmeliğinde Değişiklik Yapılmasına Dair Yönetmelik,https://www.resmigazete.gov.tr/eskiler/2005/02/20050206-3.htm
2005-02-07,— Dumlupınar Üniversitesi Öğrenci Sağlık İşleri ve Sağlık Raporları Yönetmeliği,https://www.resmigazete.gov.tr/eskiler/2005/02/20050207-1.htm
2005-02-08,5289 Memurlar ve Diğer Kamu Görevlilerine Bir Derece Verilmesi Hakkında Kanun,https://www.resmigazete.gov.tr/eskiler/2005/02/20050208-1.htm
2005-02-08,"5291 Türkiye Cumhuriyeti Tarım ve Köyişleri Bakanlığı ile Lübnan Cumhuriyeti Tarım Bakanlığı Arasında Tarım Alanında Teknik, Bilimsel ve Ekonomik İşbirliği Protokolünün Onaylanmasının Uygun Bulunduğuna Dair Kanun",https://www.resmigazete.gov.tr/eskiler/2005/02/20050208-2.htm
2005-02-08,5292 Türkiye Cumhuriyeti Tarım ve Köyişleri Bakanlığı ile Küba Cumhuriyeti Tarım Bakanlığı Arasında Karantina ve Bitki Koruma Alanında İşbirliği Anlaşmasının Onaylanmasının Uygun Bulunduğuna Dair Kanun,https://www.resmigazete.gov.tr/eskiler/2005/02/20050208-3.htm
2005-02-08,5293 Türkiye Cumhuriyeti Tarım ve Köyişleri Bakanlığı ile Küba Cumhuriyeti Tarım Bakanlığı Arasında Veterinerlik Alanında İşbirliği Anlaşmasının Onaylanmasının Uygun Bulunduğuna Dair Kanun,https://www.resmigazete.gov.tr/eskiler/2005/02/20050208-4.htm
2005-02-08,"5294 Türkiye Cumhuriyeti Tarım ve Köyişleri Bakanlığı ile Moğolistan Gıda ve Tarım Bakanlığı Arasında Tarım Alanında Teknik, Bilimsel ve Ekonomik İşbirliği Protokolünün Onaylanmasının Uygun Bulunduğuna Dair Kanun",https://www.resmigazete.gov.tr/eskiler/2005/02/20050208-5.htm
2005-02-08,5295 Türkiye Cumhuriyeti ve Slovenya Cumhuriyeti Arasında Yatırımların Teşviki ve Korunmasına İlişkin Anlaşmanın Onaylanmasının Uygun Bulunduğuna Dair Kanun,https://www.resmigazete.gov.tr/eskiler/2005/02/20050208-6.htm
2005-02-08,5296 Türkiye Cumhuriyeti ve Suriye Arap Cumhuriyeti Arasında Yatırımların Karşılıklı Teşviki ve Korunmasına İlişkin Anlaşmanın Onaylanmasının Uygun Bulunduğuna Dair Kanun,https://www.resmigazete.gov.tr/eskiler/2005/02/20050208-7.htm
2005-02-08,5297 Türkiye Cumhuriyeti ve Afganistan İslami Geçiş Devleti Arasında Yatırımların Karşılıklı Teşviki ve Korunmasına İlişkin Anlaşmanın Onaylanmasının Uygun Bulunduğuna Dair Kanun,https://www.resmigazete.gov.tr/eskiler/2005/02/20050208-8.htm
2005-02-08,5298 Türkiye Cumhuriyeti ve Lübnan Cumhuriyeti Arasında Yatırımların Teşviki ve Karşılıklı Korunmasına İlişkin Anlaşmanın Onaylanmasının Uygun Bulunduğuna Dair Kanun,https://www.resmigazete.gov.tr/eskiler/2005/02/20050208-9.htm
2005-02-08,5299 Türkiye Cumhuriyeti ve Güney Afrika Cumhuriyeti Arasında Yatırımların Karşılıklı Teşviki ve Korunmasına İlişkin Anlaşmanın Onaylanmasının Uygun Bulunduğuna Dair Kanun,https://www.resmigazete.gov.tr/eskiler/2005/02/20050208-10.htm
2005-02-08,"2005/8434 Merkezi Konya İli, Ilgın İlçesinde Bulunan “Ilgın Hizmet Birliği”nin Adının “Ilgın İlçesi Köylere Hizmet Götürme Birliği” Olarak Değiştirilmesi Hakkında Karar",https://www.resmigazete.gov.tr/eskiler/2005/02/20050208-11.htm
2005-02-08,2005/8441 Abant İzzet Baysal Üniversitesi Rektörlüğüne Bağlı Olarak Güzel Sanatlar Fakültesi Kurulması Hakkında Karar,https://www.resmigazete.gov.tr/eskiler/2005/02/20050208-12.htm
2005-02-08,2005/8431 Lübnan Cumhuriyeti Nezdinde Türkiye Cumhuriyet Büyükelçisi Celalettin KART’ın Merkeze Atanması Hakkında Karar,https://www.resmigazete.gov.tr/eskiler/2005/02/20050208-13.htm
2005-02-08,— Sınır Tespitine Dair Karar,https://www.resmigazete.gov.tr/eskiler/2005/02/20050208-14.htm
2005-02-08,005/8411 Memurlara Yapılacak Giyecek Yardımı Yönetmeliğinde Değişiklik Yapılmasına Dair Yönetmelik,https://www.resmigazete.gov.tr/eskiler/2005/02/20050208-15.htm
2005-02-08,— Anayasa Mahkemesi Personelinin Görevde Yükselmelerine İlişkin Yönetmelik,https://www.resmigazete.gov.tr/eskiler/2005/02/20050208-16.htm
2005-02-08,"— Orman ve Park-Bahçe Ağaçları, Ağaççıkları ve Çalıları Fidanı Yetiştiriciliği Hakkında Tebliğ",https://www.resmigazete.gov.tr/eskiler/2005/02/20050208-17.htm
2005-02-08,— İthalatta Korunma Önlemlerine İlişkin Tebliğ (No: 2005/1),https://www.resmigazete.gov.tr/eskiler/2005/02/20050208-18.htm
2005-02-08,— İthalatta Korunma Önlemlerine İlişkin Tebliğ (No: 2005/2),https://www.resmigazete.gov.tr/eskiler/2005/02/20050208-19.htm
2005-02-08,"— Anayasa Mahkemesinin E: 2003/2, (Siyasi Parti Kapatma ile İlgili) K: 2004/1 Sayılı Kararı",https://www.resmigazete.gov.tr/eskiler/2005/02/20050208-20.htm
2005-02-08,"— Anayasa Mahkemesinin E: 2003/3, (Siyasi Parti Kapatma ile İlgili) K: 2004/2 Sayılı Kararı",https://www.resmigazete.gov.tr/eskiler/2005/02/20050208-21.htm
2005-02-08,"— Anayasa Mahkemesinin E: 2003/4, (Siyasi Parti Kapatma ile İlgili) K: 2004/3 Sayılı Kararı",https://www.resmigazete.gov.tr/eskiler/2005/02/20050208-22.htm
2005-02-08,"— Anayasa Mahkemesinin E: 2003/5, (Siyasi Parti Kapatma ile İlgili) K: 2004/4 Sayılı Kararı",https://www.resmigazete.gov.tr/eskiler/2005/02/20050208-23.htm
2005-02-08,"— Anayasa Mahkemesinin E: 2003/6, (Siyasi Parti Kapatma ile İlgili) K: 2004/5 Sayılı Kararı",https://www.resmigazete.gov.tr/eskiler/2005/02/20050208-24.htm
2005-02-08,"— Anayasa Mahkemesinin E: 2003/7, (Siyasi Parti Kapatma ile İlgili) K: 2004/6 Sayılı Kararı",https://www.resmigazete.gov.tr/eskiler/2005/02/20050208-25.htm
2005-02-08,"— Anayasa Mahkemesinin E: 2003/8, (Siyasi Parti Kapatma ile İlgili) K: 2004/7 Sayılı Kararı",https://www.resmigazete.gov.tr/eskiler/2005/02/20050208-26.htm
2005-02-08,— Yargıtay Başkanlar Kurulunun 2005/1 Sayılı Kararı,https://www.resmigazete.gov.tr/eskiler/2005/02/20050208-27.htm
2005-02-09,2005/8427 Türkiye Cumhuriyeti ile Avrupa Topluluğu Arasında Akdedilen Gençlik Programı “Ülke Merkezli Faaliyetler Hakkında Anlaşma”nın Onaylanması Hakkında Karar,https://www.resmigazete.gov.tr/eskiler/2005/02/20050209-1.htm
2005-02-09,2004/8404 At Yarışları Müşterek Bahisler Tüzüğü,https://www.resmigazete.gov.tr/eskiler/2005/02/20050209-2.htm
2005-02-09,"— Milli Savunma Bakanlığına, Adalet Bakanı Cemil ÇİÇEK’in Vekâlet Etmesine Dair Tezkere",https://www.resmigazete.gov.tr/eskiler/2005/02/20050209-3.htm
2005-02-09,— Hâkimler ve Savcılar Yüksek Kuruluna Ait Atama Karar,https://www.resmigazete.gov.tr/eskiler/2005/02/20050209-4.htm
2005-02-09,— Hâkimler ve Savcılar Yüksek Kuruluna Ait Atama Karar,https://www.resmigazete.gov.tr/eskiler/2005/02/20050209-5.htm
2005-02-09,— Motorlu Araçlar ve Römorkların Lastikleri ve Bu Lastiklerin Takılması ile İlgili Tip Onayı Yönetmeliğinde Değişiklik Yapılmasına Dair Yönetmelik (2001/43/AT ile Değişik 92/23/AT),https://www.resmigazete.gov.tr/eskiler/2005/02/20050209-6.htm
2005-02-09,— Belirli Motorlu Araç Sınıflarının ve Römorklarının Frenleme Düzenekleri ile İlgili Tip Onayı Yönetmeliğinde Değişiklik Yapılmasına Dair Yönetmelik (2002/78/AT ile Değişik 71/320/AT),https://www.resmigazete.gov.tr/eskiler/2005/02/20050209-7.htm
2005-02-09,— Türkiye Barolar Birliği Sosyal Yardım ve Dayanışma Fonu Yönetmeliği,https://www.resmigazete.gov.tr/eskiler/2005/02/20050209-8.htm
2005-02-09,— Güneydoğu Anadolu Projesi Bölge Kalkınma İdaresi Başkanlığı Satınalma ve İhale Yönetmeliğinin Yürürlükten Kaldırılmasına Dair Yönetmelik,https://www.resmigazete.gov.tr/eskiler/2005/02/20050209-9.htm
2005-02-09,— Sulak Alanlar Tebliği (No: 4),https://www.resmigazete.gov.tr/eskiler/2005/02/20050209-10.htm
2005-02-10,2005/8424 Türkiye Cumhuriyeti ile Avrupa Birliği Komisyonu Arasında Ankara’da İmzalanan “Türkiye Cumhuriyeti İçin 2002 Ulusal Katılım Öncesi Mali Yardım Programı Finansman Zaptına II No’lu Ek”in Onaylanması Hakkında Karar,https://www.resmigazete.gov.tr/eskiler/2005/02/20050210-1.htm
2005-02-10,2005/8425 Türk-İtalyan Karayoluyla Uluslararası Eşya ve Yolcu Taşımacılığı Karma Komisyon Protokolü’nün Onaylanması Hakkında Karar,https://www.resmigazete.gov.tr/eskiler/2005/02/20050210-2.htm
2005-02-10,2005/8452 Türkiye Cumhuriyeti ile Pakistan İslam Cumhuriyeti Arasında Hukuki ve Ticari Konularda Adli Yardımlaşma Anlaşmasının 9 uncu Maddesinde Değişiklik Yapılmasına Dair Ek Protokol’un Onaylanması Hakkında Karar,https://www.resmigazete.gov.tr/eskiler/2005/02/20050210-3.htm
2005-02-10,"— İçişleri Bakanlığına, Devlet Bakanı Güldal AKŞİT’in Vekâlet Etmesine Dair Tezkere",https://www.resmigazete.gov.tr/eskiler/2005/02/20050210-4.htm
2005-02-10,"— Başbakanlık, Devlet Bakanlığı ve Başbakan Yardımcılığı, Devlet, Maliye, Milli Eğitim, Sağlık, Tarım ve Köyişleri, Çalışma ve Sosyal Güvenlik, Sanayi ve Ticaret, Enerji ve Tabii Kaynaklar, Kültür ve Turizm ile Çevre ve Orman Bakanlıklarına Ait Atama Kararları",https://www.resmigazete.gov.tr/eskiler/2005/02/20050210-5.htm
2005-02-10,— Ufuk Üniversitesi Önlisans ve Lisans Eğitim-Öğretim ve Sınav Yönetmeliğinde Değişiklik Yapılmasına Dair Yönetmelik,https://www.resmigazete.gov.tr/eskiler/2005/02/20050210-6.htm
2005-02-10,— Ufuk Üniversitesi Tıp Fakültesi Eğitim-Öğretim ve Sınav Yönetmeliğinde Değişiklik Yapılmasına Dair Yönetmelik,https://www.resmigazete.gov.tr/eskiler/2005/02/20050210-7.htm
2005-02-10,— Kurum Tabipliklerinin Standardına Dair Tebliğ,https://www.resmigazete.gov.tr/eskiler/2005/02/20050210-8.htm
2005-02-10,"— Anayasa Mahkemesinin E: 2004/35 (4811 Sayılı Kanun ile İlgili), K: 2004/64 Sayılı Kararı",https://www.resmigazete.gov.tr/eskiler/2005/02/20050210-9.htm
2005-02-11,"2005/8439 Türkiye Cumhuriyeti Milli Savunma Bakanlığı ve Pakistan İslam Cumhuriyeti Hükümeti Savunma Üretim Bakanlığı Arasında İmzalanan, Savunma Araştırma, Teknolojive Üretim Alanlarında İş Birliği Konulu Mutabakat Muhtırası’nın Onaylanması Hakkında Karar",https://www.resmigazete.gov.tr/eskiler/2005/02/20050211-1.htm
2005-02-11,"— Dışişleri Bakanlığı ve Başbakan Yardımcılığına, Devlet Bakanı Beşir ATALAY’ın Vekâlet Etmesine Dair Tezkere",https://www.resmigazete.gov.tr/eskiler/2005/02/20050211-2.htm
2005-02-11,— Dış Ticarette Standardizasyon Tebliğinde Değişiklik Yapılması Hakkında Tebliğ (No: 2005/9),https://www.resmigazete.gov.tr/eskiler/2005/02/20050211-3.htm
2005-02-11,"— Anayasa Mahkemesinin E: 2001/406 (6831 Sayılı Kanun ile İlgili), K:2004/20 Sayılı Kararı",https://www.resmigazete.gov.tr/eskiler/2005/02/20050211-4.htm
2005-02-12,"2005/8412 122 Kişinin Türk Vatandaşlığına Alınması, Türk Vatandaşlığına Alınan 9 Kişiye İlişkin Hükümlerin İptali ve 9 Kişiye İlişkin Bilgilerin Düzeltilmesi Hakkında Karar",https://www.resmigazete.gov.tr/eskiler/2005/02/20050212-1.htm
2005-02-12,"— Dışişleri Bakanı ve Başbakan Yardımcısı Abdullah GÜL’e, Devlet Bakanı Beşir ATALAY’ın Vekâlet Etmesine Dair Tezkere’nin İşlemden Kaldırılmasına Dair Tezkere",https://www.resmigazete.gov.tr/eskiler/2005/02/20050212-2.htm
2005-02-12,"— Milli Savunma Bakanlığına, Çevre ve Orman Bakanı Osman PEPE’nin Vekâlet Etmesine Dair Tezkere",https://www.resmigazete.gov.tr/eskiler/2005/02/20050212-3.htm
2005-02-12,— Tarım ve Köyişleri Bakanlığı ile Hâkimler ve Savcılar Yüksek Kuruluna Ait Atama Kararları,https://www.resmigazete.gov.tr/eskiler/2005/02/20050212-4.htm
2005-02-12,— Makina ve Kimya Endüstrisi Kurumu Personel Yönetmeliğinin Yürürlükten Kaldırılmasına Dair Yönetmelik,https://www.resmigazete.gov.tr/eskiler/2005/02/20050212-5.htm
2005-02-12,— Sosyal Sigortalar Kurumu Başkanlığı İlaç Listesi ve Uygulama Talimatının Düzenlenmesi Usul ve Esaslarına Dair Yönetmelik,https://www.resmigazete.gov.tr/eskiler/2005/02/20050212-6.htm
2005-02-12,"— Türkiye Sektör Meclislerinin Kuruluş, Görev ve Çalışma Yönetmeliği",https://www.resmigazete.gov.tr/eskiler/2005/02/20050212-7.htm
2005-02-12,— Türkiye Barolar Birliği Staj Kredi Yönetmeliğinde Değişiklik Yapılmasına Dair Yönetmelik,https://www.resmigazete.gov.tr/eskiler/2005/02/20050212-8.htm
2005-02-12,— Katma Değer Vergisi Mükelleflerinin Ödeme Kaydedici Cihazları Kullanmaları Mecburiyeti Hakkında Kanunla İlgili Genel Tebliği (Seri No: 63),https://www.resmigazete.gov.tr/eskiler/2005/02/20050212-9.htm
2005-02-12,"— Yapı, Tesis ve Onarım İşleri İhalelerinde Kullanılan Müteahhitlik Karneleri ve İş Bitirme Belgelerinin 2005 Yılına Ait Değerlendirme Katsayıları Hakkında Tebliğ",https://www.resmigazete.gov.tr/eskiler/2005/02/20050212-10.htm
2005-02-12,— 1412 Sayılı Ceza Muhakemeleri Usulü Kanunu Gereğince Yapılacak Hukuki Yardımlar İçin Avukatlık Ücret Tarifesinde Değişiklik Yapılmasına Dair Tarife,https://www.resmigazete.gov.tr/eskiler/2005/02/20050212-11.htm
2005-02-12,"— Anayasa Mahkemesinin E: 2002/41 (765 Sayılı Kanun ile İlgili), K : 2004/90 Sayılı Kararı",https://www.resmigazete.gov.tr/eskiler/2005/02/20050212-12.htm
2005-02-12,"— Anayasa Mahkemesinin E: 2002/140 (5680 Sayılı Kanun ile İlgili), K : 2004/105 Sayılı Kararı",https://www.resmigazete.gov.tr/eskiler/2005/02/20050212-13.htm
2005-02-13,— Başkent Üniversitesi Kültür ve Sanat Araştırmaları Merkezi Yönetmeliği,https://www.resmigazete.gov.tr/eskiler/2005/02/20050213-1.htm
2005-02-13,— Yeditepe Üniversitesi Farmakoekonomik ve Farmakoepidemiyolojik Araştırma ve Uygulama Merkezi Yönetmeliği,https://www.resmigazete.gov.tr/eskiler/2005/02/20050213-2.htm
2005-02-13,"— Muhasebat Genel Müdürlüğü Genel Tebliği (Sıra No:3/2) Parasal Sınırlar, Süreler ve Oranlar",https://www.resmigazete.gov.tr/eskiler/2005/02/20050213-3.htm
2005-02-13,— 2005 Yılı Ocak Ayına Ait Dahilde İşleme İzin Belgeleri (D1) Hakkında Tebliğ,https://www.resmigazete.gov.tr/eskiler/2005/02/20050213-4.htm
2005-02-13,— 2005 Yılı Ocak Ayına Ait Yurt İçi Satış ve Teslim Belgeleri (D3) Hakkında Tebliğ,https://www.resmigazete.gov.tr/eskiler/2005/02/20050213-5.htm
2005-02-13,— 2005 Yılı Ocak Ayına Ait Hariçte İşleme İzin Belgeleri (H) Hakkında Tebliğ,https://www.resmigazete.gov.tr/eskiler/2005/02/20050213-6.htm
2005-02-13,"— 2005 Yılı Ocak Ayına Ait Vergi, Resim ve Harç İstisnası Belgeleri (Y) Hakkında Tebliğ",https://www.resmigazete.gov.tr/eskiler/2005/02/20050213-7.htm
2005-02-13,— Firma Talebine İstinaden İptal Edilen Dahilde İşleme İzin Belgeleri Hakkında Tebliğ,https://www.resmigazete.gov.tr/eskiler/2005/02/20050213-8.htm
2005-02-13,— Re’sen Kapatılan Dahilde İşleme İzin Belgeleri Hakkında Tebliğ,https://www.resmigazete.gov.tr/eskiler/2005/02/20050213-9.htm
2005-02-14,"2005/8428 Türkiye Cumhuriyeti ile Avrupa Topluluğu Arasında İmzalanan ve Avrupa Birliği Bünyesindeki “Socrates”, “Leonardo da Vinci” ve “Gençlik” Programlarını Yürüten Devlet Planlama Teşkilatı Müsteşarlığı Avrupa Birliği Eğitim ve Gençlik Programları Merkezi Başkanlığı’nın Yıllık Gider ve Faaliyetlerine İlişkin İşletme Hibe Anlaşmaları’nın Onaylanması Hakkında Karar",https://www.resmigazete.gov.tr/eskiler/2005/02/20050214-1.htm
2005-02-14,"— Devlet Bakanı Kürşad TÜZMEN’e, Sanayi ve Ticaret Bakanı Ali COŞKUN’un Vekâlet Etmesine Dair Tezkere",https://www.resmigazete.gov.tr/eskiler/2005/02/20050214-2.htm
2005-02-14,"— Adalet Bakanlığına, Milli Eğitim Bakanı Hüseyin ÇELİK’in Vekâlet Etmesine Dair Tezkere",https://www.resmigazete.gov.tr/eskiler/2005/02/20050214-3.htm
2005-02-14,"— Çalışma ve Sosyal Güvenlik Bakanlığına, Kültür ve Turizm Bakanı Erkan MUMCU’nun Vekâlet Etmesine Dair Tezkere",https://www.resmigazete.gov.tr/eskiler/2005/02/20050214-4.htm
2005-02-14,— Türk Mühendis ve Mimar Odaları Birliği Fizik Mühendisleri Odası Ana Yönetmeliği,https://www.resmigazete.gov.tr/eskiler/2005/02/20050214-5.htm
2005-02-14,— Türk Mühendis ve Mimar Odaları Birliği Gıda Mühendisleri Odası Ana Yönetmeliği,https://www.resmigazete.gov.tr/eskiler/2005/02/20050214-6.htm
2005-02-14,— Türk Mühendis ve Mimar Odaları Birliği Çevre Mühendisleri Odası Ana Yönetmeliği,https://www.resmigazete.gov.tr/eskiler/2005/02/20050214-7.htm
2005-02-14,— Türk Mühendis ve Mimar Odaları Birliği Metalurji Mühendisleri Odası Ana Yönetmeliği,https://www.resmigazete.gov.tr/eskiler/2005/02/20050214-8.htm
2005-02-14,— 2005 Mali Yılı Bütçe Uygulama Talimatı (Sıra No: 5) (Tedavi Yardımı),https://www.resmigazete.gov.tr/eskiler/2005/02/20050214-9.htm
2005-02-15,837 Milletvekili Lojmanlarında Mustafa Güngör’ün Öldürülmesinin Aydınlatılması ve Sorumluların Belirlenmesi Amacıyla Bir Meclis Araştırması Komisyonu Kurulmasına İlişkin Karar,https://www.resmigazete.gov.tr/eskiler/2005/02/20050215-1.htm
2005-02-15,"— Başbakanlığa, Dışişleri Bakanı ve Başbakan Yardımcısı Abdullah GÜL’ün Vekâlet Etmesine Dair Tezkere",https://www.resmigazete.gov.tr/eskiler/2005/02/20050215-2.htm
2005-02-15,"— Devlet Bakanı Beşir ATALAY’a, Devlet Bakanı Ali BABACAN’ın Vekâlet Etmesine Dair Tezkere",https://www.resmigazete.gov.tr/eskiler/2005/02/20050215-3.htm
2005-02-15,"— Devlet Bakanı Kürşad TÜZMEN’e, Sanayi ve Ticaret Bakanı Ali COŞKUN’un Vekâlet Etmesine Dair Tezkere",https://www.resmigazete.gov.tr/eskiler/2005/02/20050215-4.htm
2005-02-15,"— Ulaştırma Bakanlığına, Enerji ve Tabii Kaynaklar Bakanı M.Hilmi GÜLER’in Vekâlet Etmesine Dair Tezkere",https://www.resmigazete.gov.tr/eskiler/2005/02/20050215-5.htm
2005-02-15,"— Başbakanlık Uzman Yardımcılığı Giriş ve Başbakanlık Uzmanlığı Yeterlik Sınavları ile Atama, Yetiştirme, Görev, Yetki ve Çalışma Usul ve Esasları Hakkında Yönetmelikte Değişiklik Yapılmasına İlişkin Yönetmelik",https://www.resmigazete.gov.tr/eskiler/2005/02/20050215-6.htm
2005-02-15,— Gıda ve Gıda ile Temas Eden Madde ve Malzemeleri Üreten İşyerlerinin Çalışma İzni ve Gıda Sicili ve Üretim İzni İşlemleri ile Sorumlu Yönetici İstihdamı Hakkında Yönetmelikte Değişiklik Yapılması Hakkında Yönetmelik,https://www.resmigazete.gov.tr/eskiler/2005/02/20050215-7.htm
2005-02-15,— Radyo ve Televizyon Yayınlarının Esas ve Usulleri Hakkında Yönetmelikte Değişiklik Yapılmasına Dair Yönetmelik,https://www.resmigazete.gov.tr/eskiler/2005/02/20050215-8.htm
2005-02-15,"— Alkol ve Alkollü İçki Tesislerinin Haiz Olmaları Gereken Teknik Şartlar, Kurulmaları,İşletilmeleri ve Denetlenmelerine İlişkin Usul ve Esaslar Hakkında Yönetmelikte Değişiklik Yapılmasına Dair Yönetmelik",https://www.resmigazete.gov.tr/eskiler/2005/02/20050215-9.htm
2005-02-15,"— Gebze Yüksek Teknoloji Enstitüsü Spor, Kültür ve Sanat Birliği Birim Yönetmeliğinin Yürürlükten Kaldırılmasına Dair Yönetmelik",https://www.resmigazete.gov.tr/eskiler/2005/02/20050215-10.htm
2005-02-15,— İstanbul Teknik Üniversitesi Lisans Eğitim ve Öğretim Yönetmeliğinde Değişiklik Yapılmasına Dair Yönetmelik,https://www.resmigazete.gov.tr/eskiler/2005/02/20050215-11.htm
2005-02-15,— İstanbul Teknik Üniversitesi Türk Musikisi Devlet Konservatuvarı Lisans Eğitim ve Öğretim Yönetmeliğinde Değişiklik Yapılmasına Dair Yönetmelik,https://www.resmigazete.gov.tr/eskiler/2005/02/20050215-12.htm
2005-02-15,— İstanbul Teknik Üniversitesi Denizcilik Fakültesi Lisans Eğitim ve Öğretim Yönetmeliğinde Değişiklik Yapılmasına Dair Yönetmelik,https://www.resmigazete.gov.tr/eskiler/2005/02/20050215-13.htm
2005-02-15,— Bilgi Edinme Hakkı ile İlgili Yıllık Rapor 2005/3 Sayılı Başbakanlık Genelgesi,https://www.resmigazete.gov.tr/eskiler/2005/02/20050215-14.htm
2005-02-15,— Mimarlık ve Mühendislik Hizmet Bedellerinin Hesabında Kullanılacak 2005 Yılı Yapı Yaklaşık Birim Maliyetleri Hakkında Tebliğ,https://www.resmigazete.gov.tr/eskiler/2005/02/20050215-15.htm
2005-02-16,5301 Türkiye Cumhuriyeti ile Filistin Yönetimi Adına Filistin Kurtuluş Örgütü Arasındaki Geçici Serbest Ticaret Anlaşmasının Onaylanmasının Uygun Bulunduğuna Dair Kanun,https://www.resmigazete.gov.tr/eskiler/2005/02/20050216-1.htm
2005-02-16,— İstifa Eden ve İstifası Kabul Edilen Erkan MUMCU’dan Boşalan Kültür ve Turizm Bakanlığı’na Yeni Bir Atama Yapılıncaya Kadar Milli Eğitim Bakanı Hüseyin ÇELİK’in Vekâlet Etmesine Dair Tezkere,https://www.resmigazete.gov.tr/eskiler/2005/02/20050216-2.htm
2005-02-16,"— Adalet Bakanlığına, Devlet Bakanı ve Başbakan Yardımcısı Mehmet Ali ŞAHİN’in Vekâlet Etmesine Dair Tezkere",https://www.resmigazete.gov.tr/eskiler/2005/02/20050216-3.htm
2005-02-16,"— Çalışma ve Sosyal Güvenlik Bakanlığına,İçişleri Bakanı Abdülkadir AKSU’nun Vekâlet Etmesine Dair Tezkere",https://www.resmigazete.gov.tr/eskiler/2005/02/20050216-4.htm
2005-02-16,— Denizcilik Müsteşarlığı Tarafından Gerçekleştirilecek Piyasa Gözetimi ve Denetimine İlişkin Usul ve Esaslar Hakkında Yönetmelik,https://www.resmigazete.gov.tr/eskiler/2005/02/20050216-5.htm
2005-02-16,— Çevre ve Orman Bakanlığı Mahalli Çevre Kurulları Çalışma Usul ve Esasları Yönetmeliğinde Değişiklik Yapılmasına Dair Yönetmelik,https://www.resmigazete.gov.tr/eskiler/2005/02/20050216-6.htm
2005-02-16,"— Hacettepe Üniversitesi Çevre Eğitimi,Kuş Araştırma ve Halkalama Merkezi Yönetmeliği",https://www.resmigazete.gov.tr/eskiler/2005/02/20050216-7.htm
2005-02-16,"— TOBB Ekonomi ve Teknoloji Üniversitesi Ön Lisans, Lisans Eğitim-Öğretim ve Sınav Yönetmeliği",https://www.resmigazete.gov.tr/eskiler/2005/02/20050216-8.htm
2005-02-16,— Adalet Bakanlığına Ait Depo ve Garajlarda Muhafaza Edilen Mahcuz Mallar İçin Alınacak Ücret Tarifesi Hakkında Tebliğ,https://www.resmigazete.gov.tr/eskiler/2005/02/20050216-9.htm
2005-02-16,— Dahilde İşleme Rejimi Tebliğinde Değişiklik Yapılmasına Dair Tebliğ (İhracat: 2005/4),https://www.resmigazete.gov.tr/eskiler/2005/02/20050216-10.htm
2005-02-16,— Özelleştirme Yüksek Kurulunun 2005/26 Sayılı Kararı,https://www.resmigazete.gov.tr/eskiler/2005/02/20050216-11.htm
2005-02-16,— Türk Patent Enstitüsünce Uygulanacak Olan Ücret Tarifesine İlişkin Tebliğde Değişiklik Yapılmasına Dair Tebliğ (BİK-TPE: 2005/2),https://www.resmigazete.gov.tr/eskiler/2005/02/20050216-12.htm
2005-02-17,5300 Tarım Ürünleri Lisanslı Depoculuk Kanunu,https://www.resmigazete.gov.tr/eskiler/2005/02/20050217-1.htm
2005-02-17,— Devlet Bakanlığına Ait Atama Kararı,https://www.resmigazete.gov.tr/eskiler/2005/02/20050217-2.htm
2005-02-17,— İnsani Tüketim Amaçlı Sular Hakkında Yönetmelik,https://www.resmigazete.gov.tr/eskiler/2005/02/20050217-3.htm
2005-02-17,— Beşeri Tıbbi Ürünlerin Sınıflandırılmasına Dair Yönetmelik,https://www.resmigazete.gov.tr/eskiler/2005/02/20050217-4.htm
2005-02-17,— Zararlı Kimyasal Madde ve Ürünlerinin Kontrolü Yönetmeliğinde Değişiklik Yapılmasına Dair Yönetmelik,https://www.resmigazete.gov.tr/eskiler/2005/02/20050217-5.htm
2005-02-17,— Yapım İşleri İhaleleri Uygulama Yönetmeliğinde Değişiklik Yapılmasına Dair Yönetmelik,https://www.resmigazete.gov.tr/eskiler/2005/02/20050217-6.htm
2005-02-17,— Hizmet Alımı İhaleleri Uygulama Yönetmeliğinde Değişiklik Yapılmasına Dair Yönetmelik,https://www.resmigazete.gov.tr/eskiler/2005/02/20050217-7.htm
2005-02-17,— Telekomünikasyon Hizmet ve Altyapılarına İlişkin Yetkilendirme Yönetmeliğinde Değişiklik Yapılmasına Dair Yönetmelik,https://www.resmigazete.gov.tr/eskiler/2005/02/20050217-8.htm
2005-02-18,5290 Bazı Kanunlarda Değişiklik Yapılması Hakkında Kanun,https://www.resmigazete.gov.tr/eskiler/2005/02/20050218-1.htm
2005-02-18,"— Devlet Bakanı Beşir ATALAY’a, Devlet Bakanı Ali BABACAN’ın Vekâlet Etmesine Dair Tezkere",https://www.resmigazete.gov.tr/eskiler/2005/02/20050218-2.htm
2005-02-18,"— Maliye Bakanlığına, Devlet Bakanı ve Başbakan Yardımcısı Abdüllatif ŞENER’in Vekâlet Etmesine Dair Tezkere",https://www.resmigazete.gov.tr/eskiler/2005/02/20050218-3.htm
2005-02-18,— İçişleri ile Kültür ve Turizm Bakanlıklarına Ait Atama Kararları,https://www.resmigazete.gov.tr/eskiler/2005/02/20050218-4.htm
2005-02-18,— Sinema Filmlerinin Değerlendirilmesi ve Sınıflandırılmasına İlişkin Usul ve Esaslar Hakkında Yönetmelik,https://www.resmigazete.gov.tr/eskiler/2005/02/20050218-5.htm
2005-02-18,— Anadolu Üniversitesi Yaşamboyu Öğrenim Uygulama ve Araştırma Merkezi Yönetmeliği,https://www.resmigazete.gov.tr/eskiler/2005/02/20050218-6.htm
2005-02-18,— Mecburi Standardın Yürürlükten Kaldırılmasına Dair Tebliğ (No: ÖSG-2005/3),https://www.resmigazete.gov.tr/eskiler/2005/02/20050218-7.htm
2005-02-19,"2005/8479 İstanbul İli, Bahçelievler İlçesi, Kocasinan Mevkiinde Bulunan Tavukçu Deresi Yatağı Alanında Kalan Bazı Taşınmazların Kamulaştırılmasında 2942 Sayılı Kamulaştırma Kanununun 27 nci Maddesinin Uygulanması Hakkında Karar",https://www.resmigazete.gov.tr/eskiler/2005/02/20050219-1.htm
2005-02-19,"2005/8480 3083 Sayılı Sulama Alanlarında Arazi Düzenlenmesine Dair Tarım Reformu Kanunu Uyarınca Uygulama Alanı İlan Edilen Şanlıurfa İli, Siverek ve Akçakale İlçelerinde Yeni Yerleşim Yerleri Kurulması Hakkında Karar",https://www.resmigazete.gov.tr/eskiler/2005/02/20050219-2.htm
2005-02-19,2005/8481 Bazı Yerleşim Yerlerinin Uygulama Alanı Kapsamından Çıkarılması Hakkında Karar,https://www.resmigazete.gov.tr/eskiler/2005/02/20050219-3.htm
2005-02-19,"— Devlet, Tarım ve Köyişleri ile Çevre ve Orman Bakanlıklarına Ait Atama Kararları",https://www.resmigazete.gov.tr/eskiler/2005/02/20050219-4.htm
2005-02-19,— Orta Doğu Teknik Üniversitesi Lisans Eğitim-Öğretim Süresiyle Sınav ve Değerlendirme Esaslarına İlişkin Yönetmelikte Değişiklik Yapılmasına Dair Yönetmelik,https://www.resmigazete.gov.tr/eskiler/2005/02/20050219-5.htm
2005-02-19,— Kurum Tabipliklerinin Standardına Dair Tebliğde Değişiklik Yapılmasına Dair Tebliğ,https://www.resmigazete.gov.tr/eskiler/2005/02/20050219-6.htm
2005-02-19,"— Anayasa Mahkemesinin E: 2002/126 (3167 Sayılı Kanun ile İlgili), K: 2004/27 Sayılı Kararı",https://www.resmigazete.gov.tr/eskiler/2005/02/20050219-7.htm
2005-02-19,"— Anayasa Mahkemesinin E: 2002/131 (1593 Sayılı Kanun ile İlgili), K: 2004/87 Sayılı Kararı",https://www.resmigazete.gov.tr/eskiler/2005/02/20050219-8.htm
2005-02-20,"— Devlet Bakanı ve Başbakan Yardımcısı Mehmet Ali ŞAHİN’e, Adalet Bakanı Cemil ÇİÇEK’in Vekâlet Etmesine Dair Tezkere",https://www.resmigazete.gov.tr/eskiler/2005/02/20050220-1.htm
2005-02-20,— Atılım Üniversitesi Sosyal Bilimler Enstitüsü Lisansüstü Eğitim-Öğretim ve Sınav Yönetmeliğinde Değişiklik Yapılmasına Dair Yönetmelik,https://www.resmigazete.gov.tr/eskiler/2005/02/20050220-2.htm
2005-02-20,— Kurumlar Vergisi Genel Tebliği (Seri No: 86),https://www.resmigazete.gov.tr/eskiler/2005/02/20050220-3.htm
2005-02-21,"— Başbakanlığa, Devlet Bakanı ve Başbakan Yardımcısı Abdüllatif ŞENER’in Vekâlet Etmesine Dair Tezkere",https://www.resmigazete.gov.tr/eskiler/2005/02/20050221-1.htm
2005-02-21,"— Dışişleri Bakanlığı ve Başbakan Yardımcılığına, Milli Savunma Bakanı M.Vecdi GÖNÜL’ün Vekâlet Etmesine Dair Tezkere",https://www.resmigazete.gov.tr/eskiler/2005/02/20050221-2.htm
2005-02-21,— İzmir Yüksek Teknoloji Enstitüsü Lisans Eğitim-Öğretim Süresi ile Sınav ve Değerlendirme Esaslarına İlişkin Yönetmelikte Değişiklik Yapılmasına Dair Yönetmelik,https://www.resmigazete.gov.tr/eskiler/2005/02/20050221-3.htm
2005-02-21,— Mersin Üniversitesi Kariyer Merkezi Yönetmeliği,https://www.resmigazete.gov.tr/eskiler/2005/02/20050221-4.htm
2005-02-22,2005/8456 4736 Sayılı Kanunun 1 inci Maddesinin Birinci Fıkrası Hükmünden Muaf Tutulacakların Tespitine Dair 2002/3654 Sayılı Kararnamenin Eki Kararda Değişiklik Yapılmasına İlişkin Karar,https://www.resmigazete.gov.tr/eskiler/2005/02/20050222-1.htm
2005-02-22,"2005/8491 Kocaeli Üniversitesi Rektörlüğüne Bağlı Acısu Meslek Yüksekokulunun, Sivil Havacılık Yüksekokuluna Dönüştürülmesi Hakkında Karar",https://www.resmigazete.gov.tr/eskiler/2005/02/20050222-2.htm
2005-02-22,"— Devlet Bakanı Mehmet AYDIN’a, Devlet Bakanı Beşir ATALAY’ın Vekâlet Etmesine Dair Tezkere",https://www.resmigazete.gov.tr/eskiler/2005/02/20050222-3.htm
2005-02-22,"— Maliye Bakanlığına, Devlet Bakanı Ali BABACAN’ın Vekâlet Etmesine Dair Tezkere",https://www.resmigazete.gov.tr/eskiler/2005/02/20050222-4.htm
2005-02-22,— Çevre ve Orman Bakanlığına Ait Atama Kararı,https://www.resmigazete.gov.tr/eskiler/2005/02/20050222-5.htm
2005-02-22,2005/8466 Bakanlıklara Bağlı ve Bakanlıklarla İlgili Kurumlarda Öğrencilerin Yapacakları Staj Çalışmalarını Düzenleme Yönetmeliğinin Yürürlükten Kaldırılmasına Dair Yönetmelik,https://www.resmigazete.gov.tr/eskiler/2005/02/20050222-6.htm
2005-02-22,— Türkiye Büyük Millet Meclisi Milli Egemenlik Onur Ödülü ve Üstün Hizmet Ödülü Verilmesi Hakkında Yönetmelik,https://www.resmigazete.gov.tr/eskiler/2005/02/20050222-7.htm
2005-02-22,— Devlet Arşiv Hizmetleri Hakkında Yönetmelikte Değişiklik Yapılmasına Dair Yönetmelik,https://www.resmigazete.gov.tr/eskiler/2005/02/20050222-8.htm
2005-02-22,— Çevre Bakanlığı Mahalli Çevre Kurulları Çalışma Esas ve Usulleri Yönetmeliğinin Yürürlükten Kaldırılmasına Dair Yönetmelik,https://www.resmigazete.gov.tr/eskiler/2005/02/20050222-9.htm
2005-02-22,— Yurt Dışında Fuar Düzenlenmesine ve Değerlendirilmesine İlişkin Tebliğ (İhracat: 2005/5),https://www.resmigazete.gov.tr/eskiler/2005/02/20050222-10.htm
2005-02-23,2005/8465 Türkiye Cumhuriyeti Adalet Bakanlığı ile Moldova Cumhuriyeti Adalet Bakanlığı Arasında İmzalanan İşbirliği Protokolü’nün Onaylanması Hakkında Karar,https://www.resmigazete.gov.tr/eskiler/2005/02/20050223-1.htm
2005-02-23,"— İçişleri Bakanlığına, Adalet Bakanı Cemil ÇİÇEK’in Vekâlet Etmesine Dair Tezkere",https://www.resmigazete.gov.tr/eskiler/2005/02/20050223-2.htm
2005-02-23,— Millî Eğitim Bakanlığına Ait Atama Kararı,https://www.resmigazete.gov.tr/eskiler/2005/02/20050223-3.htm
2005-02-23,— Milli Eğitim Bakanlığı Denklik Yönetmeliğinde Değişiklik Yapılmasına Dair Yönetmelik,https://www.resmigazete.gov.tr/eskiler/2005/02/20050223-4.htm
2005-02-23,— Safkan Arap ve İngiliz Atlarının Soy Kütüğüne Kayıtlarına Dair Yönetmelikte Değişiklik Yapılmasına Dair Yönetmelik,https://www.resmigazete.gov.tr/eskiler/2005/02/20050223-5.htm
2005-02-23,— Türk Mühendis ve Mimar Odaları Birliği Mimarlık-Mühendislik Hizmetleri Asgari Ücret-Asgari Çizim ve Düzenleme Esasları Yönetmeliği,https://www.resmigazete.gov.tr/eskiler/2005/02/20050223-6.htm
2005-02-23,— Ege Üniversitesi Eğitim-Öğretim Yönetmeliğinde Değişiklik Yapılmasına Dair Yönetmelik,https://www.resmigazete.gov.tr/eskiler/2005/02/20050223-7.htm
2005-02-23,— Ege Üniversitesi Lisansüstü Eğitim ve Öğretim Yönetmeliğinde Değişiklik Yapılmasına Dair Yönetmelik,https://www.resmigazete.gov.tr/eskiler/2005/02/20050223-8.htm
2005-02-23,"— Muğla Üniversitesi Araştırma,Uygulama ve Proje Koordinasyon Merkezi Yönetmeliği",https://www.resmigazete.gov.tr/eskiler/2005/02/20050223-9.htm
2005-02-23,— Danıştay Sekizinci Dairesine Ait Karar,https://www.resmigazete.gov.tr/eskiler/2005/02/20050223-10.htm
2005-02-24,"2005/8501 657 Sayılı Devlet Memurları Kanunu ve Aynı Kanunun Ek Geçici 9 uncu Maddesi Kapsamına Giren Kurumlardan Aylık Alanlara, 2005 Yılında Ne Miktarda Zam ve Tazminat Verileceğine İlişkin Karar",https://www.resmigazete.gov.tr/eskiler/2005/02/20050224-1.htm
2005-02-24,2005/8502 Kamu Kurum ve Kuruluşlarındaki Geçici Mahiyette İşleri Yürütmek Üzere Geçici Personel İstihdamı ve Bu Personele Ödenecek Ücretler Hakkında Karar,https://www.resmigazete.gov.tr/eskiler/2005/02/20050224-2.htm
2005-02-24,2005/8503 Hayvancılığın Desteklenmesi Hakkında Karar,https://www.resmigazete.gov.tr/eskiler/2005/02/20050224-3.htm
2005-02-24,— Ulaştırma ile Enerji ve Tabii Kaynaklar Bakanlıklarına Ait Atama Kararları,https://www.resmigazete.gov.tr/eskiler/2005/02/20050224-4.htm
2005-02-24,— Elektrik Piyasası Lisans Yönetmeliğinde Değişiklik Yapılmasına İlişkin Yönetmelik,https://www.resmigazete.gov.tr/eskiler/2005/02/20050224-5.htm
2005-02-25,839 Sayıştay’da Boş Bulunan Sekiz Üyelik İçin Yapılan Seçime Dair Karar,https://www.resmigazete.gov.tr/eskiler/2005/02/20050225-1.htm
2005-02-25,2005/8467 Türkiye Cumhuriyeti Hükümeti ile İran Cumhuriyeti Hükümeti Arasında Yatırımların Karşılıklı Teşviki ve Korunmasına İlişkin Anlaşma’nın ve Eki Protokol’ün Onaylanması Hakkında Karar,https://www.resmigazete.gov.tr/eskiler/2005/02/20050225-2.htm
2005-02-25,— Katma Değer Vergisi Mükelleflerinin Ödeme Kaydedici Cihazları Kullanmaları Mecburiyeti Hakkında Kanunla İlgili Genel Tebliğ (Seri No: 64),https://www.resmigazete.gov.tr/eskiler/2005/02/20050225-3.htm
2005-02-26,5303 Türkiye Cumhuriyeti ile Avrupa Birliği Arasındaki Malî İşbirliği Çerçevesinde Temin Edilecek Malî Yardımların Uygulanmasına İlişkin Çerçeve Anlaşmanın Onaylanmasının Uygun Bulunduğuna Dair Kanun,https://www.resmigazete.gov.tr/eskiler/2005/02/20050226-1.htm
2005-02-26,5305 Türk Silahlı Kuvvetleri İç Hizmet Kanununda Değişiklik Yapılmasına Dair Kanun,https://www.resmigazete.gov.tr/eskiler/2005/02/20050226-2.htm
2005-02-26,"838 Akaryakıt Kaçakçılığının Ekonomiye,İnsan ve Çevre Sağlığına Verdiği Zararın Araştırılarak Alınması Gereken Önlemlerin Belirlenmesi Amacıyla Kurulan Meclis Araştırması Komisyonuna Üye Seçimine İlişkin Karar",https://www.resmigazete.gov.tr/eskiler/2005/02/20050226-3.htm
2005-02-26,— Karayolu Taşıma Yönetmeliğinde Değişiklik Yapılmasına Dair Yönetmelik,https://www.resmigazete.gov.tr/eskiler/2005/02/20050226-4.htm
2005-02-26,— Özel Güvenlik Mali Sorumluluk Sigortası Genel Şartları,https://www.resmigazete.gov.tr/eskiler/2005/02/20050226-5.htm
2005-02-26,— Özel Güvenlik Mali Sorumluluk Sigortası Tarife ve Talimatı,https://www.resmigazete.gov.tr/eskiler/2005/02/20050226-6.htm
2005-02-26,— Proje ve Kontrolluk İşlerinde Uygulanacak Fiyat Artış Oranları Hakkında Tebliğ,https://www.resmigazete.gov.tr/eskiler/2005/02/20050226-7.htm
2005-02-26,— İşkolu Tespit Kararı (No: 2005/4),https://www.resmigazete.gov.tr/eskiler/2005/02/20050226-8.htm
2005-02-26,— Denizlerde ve İçsularda Ticari Amaçlı Su Ürünleri Avcılığını Düzenleyen 2004-2006 Av Dönemine Ait 36/1 Numaralı Sirkülerde Değişiklik Yapılmasına Dair Ek Sirküler,https://www.resmigazete.gov.tr/eskiler/2005/02/20050226-9.htm
2005-02-26,— Denizlerde ve İçsularda Amatör (Sportif) Amaçlı Su Ürünleri Avcılığını Düzenleyen 36/2 Numaralı Sirkülerde Değişiklik Yapılmasına Dair Ek Sirküler,https://www.resmigazete.gov.tr/eskiler/2005/02/20050226-10.htm
2005-02-26,"— Anayasa Mahkemesinin E: 2004/8, (1136 Sayılı Kanun ile İlgili) K: 2004/28 Sayılı Kararı",https://www.resmigazete.gov.tr/eskiler/2005/02/20050226-11.htm
2005-02-27,"— Devlet Bakanı Güldal AKŞİT’e, İçişleri Bakanı Abdülkadir AKSU’nun Vekâlet Etmesine Dair Tezkere",https://www.resmigazete.gov.tr/eskiler/2005/02/20050227-1.htm
2005-02-27,"— Sualtı Sporları, Cankurtarma, Sukayağı ve Paletli Yüzme Federasyonu Aletli Dalış Yönetmeliğinde Değişiklik Yapılmasına Dair Yönetmelik",https://www.resmigazete.gov.tr/eskiler/2005/02/20050227-2.htm
2005-02-27,— İzmir Ekonomi Üniversitesi Ana Yönetmeliğinde Değişiklik Yapılmasına Dair Yönetmelik,https://www.resmigazete.gov.tr/eskiler/2005/02/20050227-3.htm
2005-02-27,— 2005 Yılı Ocak Ayına Ait Yatırım Teşvik Belgelerinin Sektörel Dağılımı Hakkında Tebliğ,https://www.resmigazete.gov.tr/eskiler/2005/02/20050227-4.htm
2005-02-27,— 2005 Yılı Ocak Ayında Verilen Belgeler ve Yararlandırılan Teşvik Unsurları Hakkında Tebliğ,https://www.resmigazete.gov.tr/eskiler/2005/02/20050227-5.htm
2005-02-27,— Dış Ticarette Standardizasyon Tebliğinde Değişiklik Yapılması Hakkında Tebliğ (No: 2005/11),https://www.resmigazete.gov.tr/eskiler/2005/02/20050227-6.htm
2005-02-28,2005/8457 Türkiye-Rusya Federasyonu Kara Ulaştırması Karma Komisyon Toplantısı Protokolü’nün Onaylanması Hakkında Karar,https://www.resmigazete.gov.tr/eskiler/2005/02/20050228-1.htm
2005-02-28,2005/8459 Türkiye Cumhuriyeti ile Lüksemburg Büyük Dükalığı Arasında Sosyal Güvenlik Sözleşmesinin Uygulama Usullerine İlişkin İdari Anlaşma’nın Onaylanması Hakkında Karar,https://www.resmigazete.gov.tr/eskiler/2005/02/20050228-2.htm
2005-02-28,"— Devlet Bakanı Kürşad TÜZMEN’e, Devlet Bakanı Ali BABACAN’ın Vekâlet Etmesine Dair Tezkere",https://www.resmigazete.gov.tr/eskiler/2005/02/20050228-3.htm
2005-02-28,— Yükseköğretim Kurumları Bilimsel Araştırma Projeleri Hakkında Yönetmelikte Değişiklik Yapılmasına İlişkin Yönetmelik,https://www.resmigazete.gov.tr/eskiler/2005/02/20050228-4.htm
2005-02-28,— Dicle Üniversitesi Lisansüstü Eğitim-Öğretim ve Sınav Yönetmeliği,https://www.resmigazete.gov.tr/eskiler/2005/02/20050228-5.htm
2005-02-28,— Sakarya Üniversitesi Bilgisayar Araştırma ve Uygulama Merkezi Yönetmeliği,https://www.resmigazete.gov.tr/eskiler/2005/02/20050228-6.htm
2005-02-28,— Süleyman Demirel Üniversitesi Radyo-Televizyon Uygulama ve Araştırma Merkezi Yönetmeliği,https://www.resmigazete.gov.tr/eskiler/2005/02/20050228-7.htm
2005-02-28,— Yeditepe Üniversitesi Diş Hekimliği Fakültesi Eğitim-Öğretim ve Sınav Yönetmeliğinde Değişiklik Yapılmasına Dair Yönetmelik,https://www.resmigazete.gov.tr/eskiler/2005/02/20050228-8.htm
2005-02-28,— Muhasebat Genel Müdürlüğü Genel Tebliği (Sıra No: 22) (Kesin Hesap Kanunu Tasarılarına İlişkin Cetveller),https://www.resmigazete.gov.tr/eskiler/2005/02/20050228-9.htm
2005-02-28,— Vergi Usul Kanunu Genel Tebliği (Sıra No: 345),https://www.resmigazete.gov.tr/eskiler/2005/02/20050228-10.htm
2005-02-28,— Uyuşmazlık Mahkemesine Ait 17 Adet Karar,https://www.resmigazete.gov.tr/eskiler/2005/02/20050228-11.htm
2005-03-01,"— Başbakanlığa, Dışişleri Bakanı ve Başbakan Yardımcısı Abdullah GÜL’ün Vekâlet Etmesine Dair Tezkere",https://www.resmigazete.gov.tr/eskiler/2005/03/20050301-1.htm
2005-03-01,"— Devlet Bakanı Beşir ATALAY’a, Adalet Bakanı Cemil ÇİÇEK’in Vekâlet Etmesine Dair Tezkere",https://www.resmigazete.gov.tr/eskiler/2005/03/20050301-2.htm
2005-03-01,"— Maliye Bakanlığına, Devlet Bakanı ve Başbakan Yardımcısı Abdüllatif ŞENER’in Vekâlet Etmesine Dair Tezkere",https://www.resmigazete.gov.tr/eskiler/2005/03/20050301-3.htm
2005-03-01,"— Ulaştırma Bakanlığına, Sağlık Bakanı Recep AKDAĞ’ın Vekâlet Etmesine Dair Tezkere",https://www.resmigazete.gov.tr/eskiler/2005/03/20050301-4.htm
2005-03-01,"— Enerji ve Tabii Kaynaklar Bakanlığına, Kültür ve Turizm Bakanı Atilla KOÇ’un Vekâlet Etmesine Dair Tezkere",https://www.resmigazete.gov.tr/eskiler/2005/03/20050301-5.htm
2005-03-01,"— Yükseköğretim Kurulu Üyeliğine, Prof.Dr. İsa EŞME'nin Seçilmesine Dair Karar (No: 2005/3)",https://www.resmigazete.gov.tr/eskiler/2005/03/20050301-6.htm
2005-03-01,"— Yükseköğretim Kurulu Üyeliğine, Marmara Üniversitesi İlahiyat Fakültesi Öğretim Üyesi Prof.Dr. Halis AYHAN'ın Seçilmesine Dair Karar (No: 2005/4)",https://www.resmigazete.gov.tr/eskiler/2005/03/20050301-7.htm
2005-03-01,— Maliye ile Çalışma ve Sosyal Güvenlik Bakanlığına Ait Atama Kararları,https://www.resmigazete.gov.tr/eskiler/2005/03/20050301-8.htm
2005-03-01,— Bahçeşehir Üniversitesi Avrupa Birliği Araştırma ve Dokümantasyon Merkezi Yönetmeliği,https://www.resmigazete.gov.tr/eskiler/2005/03/20050301-9.htm
2005-03-01,— Avrupa Topluluğu Menşeli Bazı Tarım Ürünleri İthalatında Tarife Kontenjanı Uygulanmasına İlişkin Tebliğ’de Değişiklik Yapılmasına Dair Tebliğ,https://www.resmigazete.gov.tr/eskiler/2005/03/20050301-10.htm
2005-03-01,"— Anayasa Mahkemesinin, E: 2000/24 (4421 Sayılı Kanun ile İlgili) K: 2004/82 Sayılı Kararı",https://www.resmigazete.gov.tr/eskiler/2005/03/20050301-11.htm
2005-03-02,2005/8526 Küçük ve Orta Ölçekli İşletmelerin Desteklenmesi Amacıyla Avrupa Konseyi Kalkınma Bankasından Sağlanan Krediye İlişkin Tamamlayıcı Anlaşmanın Yürürlüğe Girmesi Hakkında Karar,https://www.resmigazete.gov.tr/eskiler/2005/03/20050302-1.htm
2005-03-02,2005/8551 6183 sayılı Amme Alacaklarının Tahsil Usulü Hakkında Kanunun 51 inci Maddesine Göre Uygulanmakta Olan Gecikme Zammı Oranı ile İlgili Karar,https://www.resmigazete.gov.tr/eskiler/2005/03/20050302-2.htm
2005-03-02,"— Milli Savunma Bakanlığına, Sanayi ve Ticaret Bakanı Ali COŞKUN’un Vekâlet Etmesine Dair Tezkere",https://www.resmigazete.gov.tr/eskiler/2005/03/20050302-3.htm
2005-03-02,"— Hâkimler ve Savcılar Yüksek Kurulunca, Danıştay Üyeliklerine Seçilenler Hakkında Karar (No: 5)",https://www.resmigazete.gov.tr/eskiler/2005/03/20050302-4.htm
2005-03-02,"— Devlet, Adalet, Maliye, Sanayi ve Ticaret ile Enerji ve Tabii Kaynaklar Bakanlıklarına Ait Atama Kararları",https://www.resmigazete.gov.tr/eskiler/2005/03/20050302-5.htm
2005-03-02,— Türk Telekomünikasyon A.Ş. Genel Müdürlüğünde Çalışan Nakle Tabi Personelin Diğer Kamu Kurum ve Kuruluşlarına Nakledilmesi Hakkında Yönetmeliğin Yürürlükten Kaldırılmasına Dair Yönetmelik,https://www.resmigazete.gov.tr/eskiler/2005/03/20050302-6.htm
2005-03-02,— Oda ve Borsa Üyelerine Verilecek Disiplin ve Para Cezaları ile Disiplin Kurulu ve Yüksek Disiplin Kurulu Hakkında Yönetmelik,https://www.resmigazete.gov.tr/eskiler/2005/03/20050302-7.htm
2005-03-02,— Türkiye Odalar ve Borsalar Birliği ile Odalar ve Borsalar Organ Seçimleri Hakkında Yönetmelikte Değişiklik Yapılmasına Dair Yönetmelik,https://www.resmigazete.gov.tr/eskiler/2005/03/20050302-8.htm
2005-03-02,— Maliye Bakanlığının Taahhüt ve Sözleşme Tasarılarının Vizelerine İlişkin Genelgesi (Sıra No:2005/l),https://www.resmigazete.gov.tr/eskiler/2005/03/20050302-9.htm
2005-03-02,— Katma Değer Vergisi Genel Tebliği (Seri No: 94),https://www.resmigazete.gov.tr/eskiler/2005/03/20050302-10.htm
2005-03-02,— Gemi Adamları İaşe Bedeli Tespit Kurulu Kararı,https://www.resmigazete.gov.tr/eskiler/2005/03/20050302-11.htm
2005-03-02,"— Anayasa Mahkemesinin E: 2003/33, (4842 Sayılı Kanun ile İlgili) K: 2004/101 Sayılı Kararı",https://www.resmigazete.gov.tr/eskiler/2005/03/20050302-12.htm
2005-03-02,"— Yargıtay 2, 11 ve 18. Hukuk Dairelerine Ait 6 Adet Karar",https://www.resmigazete.gov.tr/eskiler/2005/03/20050302-13.htm
2005-03-02,— Yüksek Seçim Kurulunun 19 Sayılı Kararı,https://www.resmigazete.gov.tr/eskiler/2005/03/20050302-14.htm
2005-03-02,— Yüksek Seçim Kurulunun 63 Sayılı Kararı,https://www.resmigazete.gov.tr/eskiler/2005/03/20050302-15.htm
2005-03-03,5304 Kadastro Kanununda Değişiklik Yapılması Hakkında Kanun,https://www.resmigazete.gov.tr/eskiler/2005/03/20050303-1.htm
2005-03-03,2005/8531 Sözleşmeli Personel Çalıştırılmasına İlişkin Esaslarda Değişiklik Yapılmasına Dair Esaslar'ın Yürürlüğe Konulmasına Hakkında Karar,https://www.resmigazete.gov.tr/eskiler/2005/03/20050303-2.htm
2005-03-03,"— Devlet Bakanı Mehmet AYDIN’a, Devlet Bakanı ve Başbakan Yardımcısı Mehmet Ali ŞAHİN’in Vekâlet Etmesine Dair Tezkere",https://www.resmigazete.gov.tr/eskiler/2005/03/20050303-3.htm
2005-03-03,"— Çalışma ve Sosyal Güvenlik Bakanlığına, Tarım ve Köyişleri Bakanı Sami GÜÇLÜ’nün Vekâlet Etmesine Dair Tezkere",https://www.resmigazete.gov.tr/eskiler/2005/03/20050303-4.htm
2005-03-03,"— Atık Pil ve Akümülatörlerin Kontrolü, Yönetmeliğinde Değişiklik Yapılmasına Dair Yönetmelik",https://www.resmigazete.gov.tr/eskiler/2005/03/20050303-5.htm
2005-03-03,— Telekomünikasyon Sektöründe Hizmet Kalitesi Yönetmeliği,https://www.resmigazete.gov.tr/eskiler/2005/03/20050303-6.htm
2005-03-03,— Telekomünikasyon Hizmet ve Altyapılarına İlişkin Yetkilendirme Yönetmeliğinde Değişiklik Yapılmasına Dair Yönetmelik,https://www.resmigazete.gov.tr/eskiler/2005/03/20050303-7.htm
2005-03-03,— Sakarya Üniversitesi Sürekli Eğitim Merkezi Yönetmeliğinde Değişiklik Yapılmasına Dair Yönetmelik,https://www.resmigazete.gov.tr/eskiler/2005/03/20050303-8.htm
2005-03-03,— Sakarya Üniversitesi Türk-Ermeni İlişkileri Araştırma Merkezi Yönetmeliğinde Değişiklik Yapılmasına Dair Yönetmelik,https://www.resmigazete.gov.tr/eskiler/2005/03/20050303-9.htm
2005-03-03,— Sakarya Üniversitesi Sakarya Ekonomik ve Sosyal Araştırmalar Merkezi Yönetmeliğinde Değişiklik Yapılmasına Dair Yönetmelik,https://www.resmigazete.gov.tr/eskiler/2005/03/20050303-10.htm
2005-03-03,— Sakarya Üniversitesi Avrupa Birliği Araştırma ve Dokümantasyon Merkezi Yönetmeliğinde Değişiklik Yapılmasına Dair Yönetmelik,https://www.resmigazete.gov.tr/eskiler/2005/03/20050303-11.htm
2005-03-03,— Sakarya Üniversitesi Atatürk İlkeleri ve İnkılap Tarihi Araştırma ve Uygulama Merkezi Yönetmeliğinde Değişiklik Yapılmasına Dair Yönetmelik,https://www.resmigazete.gov.tr/eskiler/2005/03/20050303-12.htm
2005-03-03,— Sakarya Üniversitesi Sakarya Yenilik Merkezi Yönetmeliğinde Değişiklik Yapılmasına Dair Yönetmelik,https://www.resmigazete.gov.tr/eskiler/2005/03/20050303-13.htm
2005-03-03,— Sakarya Üniversitesi Yabancı Diller Eğitim-Öğretim Araştırma ve Uygulama Merkezi Yönetmeliğinde Değişiklik Yapılmasına Dair Yönetmelik,https://www.resmigazete.gov.tr/eskiler/2005/03/20050303-14.htm
2005-03-03,"— Sakarya Üniversitesi Kaynak Teknolojisi Araştırma, Muayene ve Uygulama Merkezi Yönetmeliğinde Değişiklik Yapılmasına Dair Yönetmelik",https://www.resmigazete.gov.tr/eskiler/2005/03/20050303-15.htm
2005-03-03,— Süleyman Demirel Üniversitesi Lisansüstü Eğitim ve Öğretim Yönetmeliğinde Değişiklik Yapılmasına Dair Yönetmelik,https://www.resmigazete.gov.tr/eskiler/2005/03/20050303-16.htm
2005-03-03,"— Serbest Muhasebecilik, Serbest Muhasebeci Mali Müşavirlik ve Yeminli Mali Müşavirlik Kanunu Genel Tebliği (Sıra No: 37)",https://www.resmigazete.gov.tr/eskiler/2005/03/20050303-17.htm
2005-03-03,— Milli Emlak Genel Tebliği (Sıra No: 291),https://www.resmigazete.gov.tr/eskiler/2005/03/20050303-18.htm
2005-03-03,— Vergi Usul Kanunu Genel Tebliği (Sıra No: 346),https://www.resmigazete.gov.tr/eskiler/2005/03/20050303-19.htm
2005-03-03,— Kimyevi ve Organik Gübre Piyasa ve Şikayet Denetimi İçin Alınacak Numunelerin Analizlerinin Yaptırılacağı Analiz ve Referans Kurum Laboratuvarları ile Analiz Ücretleri Hakkında Tebliğ (No: 2005/8),https://www.resmigazete.gov.tr/eskiler/2005/03/20050303-20.htm
2005-03-03,— İthalatta Gözetim Uygulanmasına İlişkin Tebliğ (No: 2005/5),https://www.resmigazete.gov.tr/eskiler/2005/03/20050303-21.htm
2005-03-03,— TS 1014 Türk Yapağıları ve Yünleri Standardında Değişiklik Yapılmasına İlişkin Tebliğ (Dış Ticarette Standardizasyon : 2005/10 ),https://www.resmigazete.gov.tr/eskiler/2005/03/20050303-22.htm
2005-03-03,— TIR Uygulama Tebliğinde Değişiklik Yapılmasına Dair Tebliğ,https://www.resmigazete.gov.tr/eskiler/2005/03/20050303-23.htm
2005-03-04,5302 İl Özel İdaresi Kanunu,https://www.resmigazete.gov.tr/eskiler/2005/03/20050304-1.htm
2005-03-04,2005/8507 İstifa Nedeniyle Boşalan Diyanet İşleri Başkanlığı Din İşleri Yüksek Kurulu Üyeliğine Prof. Dr. Mustafa Saim YEPREM’in Atanmasına Dair Karar,https://www.resmigazete.gov.tr/eskiler/2005/03/20050304-2.htm
2005-03-04,— Ankara Üniversitesi Önlisans ve Lisans Eğitim-Öğretim Yönetmeliğinde Değişiklik Yapılmasına Dair Yönetmelik,https://www.resmigazete.gov.tr/eskiler/2005/03/20050304-3.htm
2005-03-04,— Tahsilat Genel Tebliği Seri No: 434,https://www.resmigazete.gov.tr/eskiler/2005/03/20050304-4.htm
2005-03-04,— Beşeri Tıbbi Ürünlerin Fiyatları Hakkında Tebliğde Değişiklik Yapılmasına Dair Tebliğ,https://www.resmigazete.gov.tr/eskiler/2005/03/20050304-5.htm
2005-03-05,2005/8498 Türkiye Petrolleri Anonim Ortaklığı’nın Yurt Dışında Şirket Kurmasına ve Kurulmuş Şirketlere İştirak Etmesine Dair 88/13180 Sayılı Kararnamenin Eki Karar’da Değişiklik Yapılmasına İlişkin Karar,https://www.resmigazete.gov.tr/eskiler/2005/03/20050305-1.htm
2005-03-05,2005/8499 Bazı Alanların Teknoloji Geliştirme Bölgesi Olarak Tespit Edilmesine İlişkin Karar,https://www.resmigazete.gov.tr/eskiler/2005/03/20050305-2.htm
2005-03-05,2005/8505 Yedek Subayların Hizmet Süreleri ile Erbaş ve Erler İçin Muvazzaflık Hizmet Süresinin Tespitine İlişkin 2003/5795 Sayılı Kararnamenin Eki Kararda Değişiklik Yapılmasına Dair Karar,https://www.resmigazete.gov.tr/eskiler/2005/03/20050305-3.htm
2005-03-05,2005/8508 Bazı Mahalli İdare Birliklerinin Kurulmasına İzin Verilmesi Hakkında Karar,https://www.resmigazete.gov.tr/eskiler/2005/03/20050305-4.htm
2005-03-05,"2005/8527 İstanbul İli, Pendik ve Ümraniye İlçeleri Hudutları Dahilinde Bulunan Bazı Taşınmazların Yol ve Kavşak Alanında Kalmaları Nedeniyle İstanbul Büyükşehir Belediyesince Acele Kamulaştırılmasına Dair Karar",https://www.resmigazete.gov.tr/eskiler/2005/03/20050305-5.htm
2005-03-05,2005/8534 Tiftik ve Yaş İpekböceği Kozası Üreticilerine Yapılacak Doğrudan Destek Ödemeleri İçin Gerekli Finansman ile Bursa Koza Tarım Satış Kooperatifleri Birliği (Kozabirlik) Tarafından Yaş İpekböceği Kozası Üreticilerine Ücretsiz Dağıtılacak İpekböceği Tohumu Bedellerinin Destekleme ve Fiyat İstikrar Fonu’ndan Karşılanmasına İlişkin Karar,https://www.resmigazete.gov.tr/eskiler/2005/03/20050305-6.htm
2005-03-05,2005/8547 Edirne İli Sınırları İçerisinde Bulunan Gala ve Pamuklu Göllerini Kapsayan Alanın Gala Gölü Milli Parkı Olarak Belirlenmesi Hakkında Karar,https://www.resmigazete.gov.tr/eskiler/2005/03/20050305-7.htm
2005-03-05,2005/8552 5283 Sayılı Bazı Kamu Kurum ve Kuruluşlarına Ait Sağlık Birimlerinin Sağlık Bakanlığına Devredilmesine Dair Kanun Çerçevesinde Yapılan Kadro İşlemleri Hakkında Karar,https://www.resmigazete.gov.tr/eskiler/2005/03/20050305-8.htm
2005-03-05,"— Milli Eğitim Bakanlığına, Milli Savunma Bakanı M. Vecdi GÖNÜL’ün Vekâlet Etmesine Dair Tezkere",https://www.resmigazete.gov.tr/eskiler/2005/03/20050305-9.htm
2005-03-06,2005/8496 Emniyet Genel Müdürlüğü İnterpol Dairesi Başkanlığının Adının İnterpol–Europol–Sirene Dairesi Başkanlığı Olarak Değiştirilmesi Hakkında Karar,https://www.resmigazete.gov.tr/eskiler/2005/03/20050306-1.htm
2005-03-06,"2005/8532 Özürlüler İdaresi Başkanlığı Tarafından Düzenlenen Hizmet İçi Eğitim,Kurs ve Seminerlerde Ücretle Okutulacak Ders Saatlerinin Sayısı, Ders Görevi Alacakların Nitelikleri ve Diğer Hususların Tespitine İlişkin Esaslar Hakkında Karar",https://www.resmigazete.gov.tr/eskiler/2005/03/20050306-2.htm
2005-03-06,"2005/8533 Çevre ve Orman Bakanlığı Bünyesinde Düzenlenen Hizmet İçi Eğitim, Kurs ve Seminerlerde Ücretle Okutulacak Ders Saatlerinin Sayısı, Ders Görevi Alacakların Nitelikleri ve Diğer Hususların Tespitine İlişkin Esaslar Hakkında Karar",https://www.resmigazete.gov.tr/eskiler/2005/03/20050306-3.htm
2005-03-06,— Devlet Personel Başkanlığı Görevde Yükselme ve Unvan Değişikliği Yönetmeliği,https://www.resmigazete.gov.tr/eskiler/2005/03/20050306-4.htm
2005-03-06,— Dumlupınar Üniversitesi Önlisans Eğitim-Öğretim ve Sınav Yönetmeliğinde Değişiklik Yapılmasına Dair Yönetmelik,https://www.resmigazete.gov.tr/eskiler/2005/03/20050306-5.htm
2005-03-06,— Dumlupınar Üniversitesi Lisans Eğitim Öğretim ve Sınav Yönetmeliğinde Değişiklik Yapılmasına Dair Yönetmelik,https://www.resmigazete.gov.tr/eskiler/2005/03/20050306-6.htm
2005-03-06,— Dumlupınar Üniversitesi Lisansüstü Eğitim ve Öğretim Yönetmeliğinde Değişiklik Yapılmasına Dair Yönetmelik,https://www.resmigazete.gov.tr/eskiler/2005/03/20050306-7.htm
2005-03-06,— Gaziantep Üniversitesi Lisansüstü Eğitim-Öğretim ve Sınav Yönetmeliğinde Deği-şiklik Yapılmasına Dair Yönetmelik,https://www.resmigazete.gov.tr/eskiler/2005/03/20050306-8.htm
2005-03-06,— İş Sağlığı ve Güvenliğine İlişkin Risk Grupları Listesi Tebliği,https://www.resmigazete.gov.tr/eskiler/2005/03/20050306-9.htm
2005-03-07,2005/8517 Ankara Anadolu Serbest Bölgesinin Yer ve Sınırlarının Belirlenmesine Dair Karar,https://www.resmigazete.gov.tr/eskiler/2005/03/20050307-1.htm
2005-03-07,— 2987 Kişinin Türk Vatandaşlığından Çıkmasına İzin Verilmesi Hakkında Karar,https://www.resmigazete.gov.tr/eskiler/2005/03/20050307-2.htm
2005-03-07,— Organ ve Doku Nakli Hizmetleri Yönetmeliğinde Değişiklik Yapılmasına Dair Yönetmelik,https://www.resmigazete.gov.tr/eskiler/2005/03/20050307-3.htm
2005-03-07,— Süleyman Demirel Üniversitesi Engelliler Araştırma ve Uygulama Merkezi Yönetmeliği,https://www.resmigazete.gov.tr/eskiler/2005/03/20050307-4.htm
2005-03-08,5309 Noterlik Kanununda Değişiklik Yapılmasına Dair Kanun,https://www.resmigazete.gov.tr/eskiler/2005/03/20050308-1.htm
2005-03-08,5313 Türkiye Cumhuriyeti Hükümeti ile Suriye Arap Cumhuriyeti Hükümeti Arasında Uluslararası Karayolu Yük ve Yolcu Taşımacılığı Anlaşmasının Onaylanmasının Uygun Bulunduğuna Dair Kanun,https://www.resmigazete.gov.tr/eskiler/2005/03/20050308-2.htm
2005-03-08,5314 Türkiye Cumhuriyeti Hükümeti ile Lübnan Cumhuriyeti Hükümeti Arasında Bayın-dırlık İşleri ve Doğal Afet Zararlarının Azaltılması Konusunda Bilimsel ve Teknik İşbirliği Protokolünün Onaylanmasının Uygun Bulunduğuna Dair Kanun,https://www.resmigazete.gov.tr/eskiler/2005/03/20050308-3.htm
2005-03-08,"2005/8520 Türkiye Cumhuriyeti ve Federal Demokratik Etyopya Cumhuriyeti Arasında İmzalanan, Yatırımların Karşılıklı Teşviki ve Korunmasına İlişkin Anlaşma’nın Onaylanması Hakkında Karar",https://www.resmigazete.gov.tr/eskiler/2005/03/20050308-4.htm
2005-03-08,— Bandrol Uygulamasına İlişkin Usul ve Esaslar Hakkında Yönetmelikte Değişiklik Yapılmasına Dair Yönetmelik,https://www.resmigazete.gov.tr/eskiler/2005/03/20050308-5.htm
2005-03-08,"— İzmir İli, Çandarlı, Üvecik Plaj Bölgesindeki İkinci Derece Kara Askeri Yasak Bölgesinin Koordinatları Listesi",https://www.resmigazete.gov.tr/eskiler/2005/03/20050308-6.htm
2005-03-09,2005/8511 Türk-Sudan Bakanlararası Karma Ticaret ve Ekonomik İşbirliği Komisyonu 9. Dönem Toplantısı Protokolü’nün Onaylanması Hakkında Karar,https://www.resmigazete.gov.tr/eskiler/2005/03/20050309-1.htm
2005-03-09,"2005/8514 Türkiye Cumhuriyeti Genelkurmay Başkanlığı ile Çek Cumhuriyeti Savunma Bakanlığı Arasında İmzalanan, Personelin Sosyal ve Kültürel Amaçlı Mübadelesine İlişkin Protokol’ün Onaylanması Hakkında Karar",https://www.resmigazete.gov.tr/eskiler/2005/03/20050309-2.htm
2005-03-09,2005/8518 Kimberley Süreci Sertifika Sistemi’ne Katılmamız Hakkında Karar,https://www.resmigazete.gov.tr/eskiler/2005/03/20050309-3.htm
2005-03-09,"2005/8522 Türkiye Cumhuriyeti Hükümeti ile Pakistan İslam Cumhuriyeti Hükümeti Arasında İmzalanan, Sağlık Alanında İşbirliğine Dair Anlaşma’nın Onaylanması Hakkında Karar",https://www.resmigazete.gov.tr/eskiler/2005/03/20050309-4.htm
2005-03-09,2005/8540 Karadeniz Ekonomik İşbirliği (KEİ) Örgütü KEİ Bölgesindeki Eşyanın Karayoluyla Naklinin Kolaylaştırılması Konusunda Mutabakat Muhtırası’nın Çekince ile Birlikte Onaylanması Hakkında Karar,https://www.resmigazete.gov.tr/eskiler/2005/03/20050309-5.htm
2005-03-09,2005/8541 Türk-Rus Hükümetlerarası Karma Ekonomik Komisyonu Altıncı Dönem Toplantısı Protokolu’nun Onaylanması Hakkında Karar,https://www.resmigazete.gov.tr/eskiler/2005/03/20050309-6.htm
2005-03-09,2005/8544 Türkiye Cumhuriyeti ve Bahreyn Krallığı Arasında Karma Komisyonu 4. Dönem Toplantısı Mutabakat Zaptı’nın Onaylanması Hakkında Karar,https://www.resmigazete.gov.tr/eskiler/2005/03/20050309-7.htm
2005-03-09,2005/8513 Ticari Karayolu Taşıtlarının Geçici İthaline İlişkin Gümrük Sözleşmesi’ne Taraf Olunmasının Onaylanması Hakkında Karar,https://www.resmigazete.gov.tr/eskiler/2005/03/20050309-8.htm
2005-03-09,"— Devlet Bakanı ve Başbakan Yardımcısı Mehmet Ali ŞAHİN’e, Adalet Bakanı Cemil ÇİÇEK’in Vekâlet Etmesine Dair Tezkere",https://www.resmigazete.gov.tr/eskiler/2005/03/20050309-9.htm
2005-03-09,"— Devlet Bakanı Beşir ATALAY’a, Devlet Bakanı Ali BABACAN’ın Vekâlet Etmesine Dair Tezkere",https://www.resmigazete.gov.tr/eskiler/2005/03/20050309-10.htm
2005-03-09,"— Devlet Bakanı Mehmet AYDIN’a, Sağlık Bakanı Recep AKDAĞ’ın Vekâlet Etmesine Dair Tezkere",https://www.resmigazete.gov.tr/eskiler/2005/03/20050309-11.htm
2005-03-09,"— Devlet Bakanı Kürşad TÜZMEN’e, Sanayi ve Ticaret Bakanı Ali COŞKUN’un Vekâlet Etmesine Dair Tezkere",https://www.resmigazete.gov.tr/eskiler/2005/03/20050309-12.htm
2005-03-09,"— İçişleri Bakanlığına, Bayındırlık ve İskan Bakanı Zeki ERGEZEN’in Vekâlet Etmesine Dair Tezkere",https://www.resmigazete.gov.tr/eskiler/2005/03/20050309-13.htm
2005-03-09,— Türkiye Bilimsel ve Teknik Araştırma Kurumu Proje Teşvik ve Destekleme Esaslarına İlişkin Yönetmelik,https://www.resmigazete.gov.tr/eskiler/2005/03/20050309-14.htm
2005-03-09,— Türkiye Bilimsel ve Teknik Araştırma Kurumu Araştırma Ünitesi Destekleme Esas-larına İlişkin Yönetmeliğin Yürürlükten Kaldırılmasına Dair Yönetmelik,https://www.resmigazete.gov.tr/eskiler/2005/03/20050309-15.htm
2005-03-09,"— Ürün İhtisas Borsalarının Kuruluş, İşleyiş ve Denetim Usul ve Esasları Hakkında Genel Yönetmelik",https://www.resmigazete.gov.tr/eskiler/2005/03/20050309-16.htm
2005-03-09,"— Tütün Mamulleri ile İlgili Fabrikaların Kurulmasına, Bu Mamullerin Üretimine, İç ve Dış Ticareti ve Denetlenmesine İlişkin Usul ve Esaslar Hakkında Yönetmelikte Değişiklik Yapılmasına Dair Yönetmelik",https://www.resmigazete.gov.tr/eskiler/2005/03/20050309-17.htm
2005-03-09,— Çölleşme ile Mücadele Ulusal Eylem Programına İlişkin Genelge (2005/2),https://www.resmigazete.gov.tr/eskiler/2005/03/20050309-18.htm
2005-03-09,— İşkolu Tesbit Kararı (No: 2005/5),https://www.resmigazete.gov.tr/eskiler/2005/03/20050309-19.htm
2005-03-09,DÜZELTME (22 Sıra No.lu Muhasebat Genel Müdürlüğü Genel Tebliği Eki Cetvel ile İlgili),https://www.resmigazete.gov.tr/eskiler/2005/03/20050309-20.htm
2005-03-10,"— Başbakanlığa, Dışişleri Bakanı ve Başbakan Yardımcısı Abdullah GÜL’ün Vekâlet Etmesine Dair Tezkere",https://www.resmigazete.gov.tr/eskiler/2005/03/20050310-1.htm
2005-03-10,— Milli Savunma Bakanlığına Ait Atama Kararı,https://www.resmigazete.gov.tr/eskiler/2005/03/20050310-2.htm
2005-03-10,— Sınır Tespitine Dair Karar,https://www.resmigazete.gov.tr/eskiler/2005/03/20050310-3.htm
2005-03-10,— Türk Silâhlı Kuvvetleri Astsubay Sınıflandırma Yönetmeliğinde Değişiklik Yapılmasına Dair Yönetmelik,https://www.resmigazete.gov.tr/eskiler/2005/03/20050310-4.htm
2005-03-10,— Evde Bakım Hizmetleri Sunumu Hakkında Yönetmelik,https://www.resmigazete.gov.tr/eskiler/2005/03/20050310-5.htm
2005-03-10,— Elektrik Piyasası Lisans Yönetmeliğinde Değişiklik Yapılmasına Dair Yönetmelik,https://www.resmigazete.gov.tr/eskiler/2005/03/20050310-6.htm
2005-03-10,— Gaziantep Üniversitesi Öğrenci Kayıt Kabul İşleri Yönetmeliğinde Değişiklik Yapılma-sına Dair Yönetmelik,https://www.resmigazete.gov.tr/eskiler/2005/03/20050310-7.htm
2005-03-10,— İki veya Üç Tekerlekli Motorlu Araçların Tip Onayı Yönetmeliğinin Uygulama Usul ve Esasları Tebliği (No: SGM-2005/1),https://www.resmigazete.gov.tr/eskiler/2005/03/20050310-8.htm
2005-03-10,— İthalatta Haksız Rekabetin Önlenmesine İlişkin Tebliğ (No: 2005/6),https://www.resmigazete.gov.tr/eskiler/2005/03/20050310-9.htm
2005-03-10,— İthalatta Haksız Rekabetin Önlenmesine İlişkin Tebliğ (2005/8),https://www.resmigazete.gov.tr/eskiler/2005/03/20050310-10.htm
2005-03-10,— İthalatta Haksız Rekabetin Önlenmesine İlişkin 2005/1 Sayılı Tebliğde Değişiklik Yapılmasına Dair Tebliğ,https://www.resmigazete.gov.tr/eskiler/2005/03/20050310-11.htm
2005-03-10,— Özelleştirme Yüksek Kurulunun 2005/32 Sayılı Kararı,https://www.resmigazete.gov.tr/eskiler/2005/03/20050310-12.htm
2005-03-11,5312 Deniz Çevresinin Petrol ve Diğer Zararlı Maddelerle Kirlenmesinde Acil Durum-larda Müdahale ve Zararların Tazmini Esaslarına Dair Kanun,https://www.resmigazete.gov.tr/eskiler/2005/03/20050311-1.htm
2005-03-11,"— Kültür ve Turizm Bakanlığına, Devlet Bakanı Beşir ATALAY’ın Vekâlet Etmesine Dair Tezkere",https://www.resmigazete.gov.tr/eskiler/2005/03/20050311-2.htm
2005-03-11,"— Uyuşmazlık Mahkemesi Hukuk Bölümü Yedek Üyeliğine, Danıştay İkinci Daire Üyesi Halide Ayfer ÖZDEMİR’in Seçilmesi Hakkında Karar (No: 101)",https://www.resmigazete.gov.tr/eskiler/2005/03/20050311-3.htm
2005-03-11,— Türk Silâhlı Kuvvetlerine Mensup Subay ve Astsubayların Atanma ve Yer Değiş-tirmeleri Hakkında Yönetmelikte Değişiklik Yapılmasına Dair Yönetmelik,https://www.resmigazete.gov.tr/eskiler/2005/03/20050311-4.htm
2005-03-11,— Terör Eylemleri Nedeniyle Şehit ve Malul Olanların Yakınlarının ve Çalışabilecek Durumdaki Malullerin Kamu Kurum ve Kuruluşlarında İstihdamı Hakkında Yönetmelikte Değişiklik Yapılmasına Dair Yönetmelik,https://www.resmigazete.gov.tr/eskiler/2005/03/20050311-5.htm
2005-03-11,— Vergi Usul Kanunu Uyarınca Vergi Mükellefleri Tarafından Kullanılan Belgelerin Basım ve Dağıtımı Hakkında Yönetmelikte Değişiklik Yapılmasına Dair Yönetmelik,https://www.resmigazete.gov.tr/eskiler/2005/03/20050311-6.htm
2005-03-11,"— Kamu Görevlileri Sendikaları ve Konfederasyonlarınca Düzenlenecek Üyeliğe Başvuru Belgesi, Çekilme Bildirimlerinin Şekli, İçeriği, Tutulacak Defterlerin Şekli, İhtiva Edeceği Bilgiler ile Kayıtların Düzenlenmesine İlişkin Usul ve Esaslar Hakkında Yönetmelikte Değişiklik Yapılmasına Dair Yönetmelik",https://www.resmigazete.gov.tr/eskiler/2005/03/20050311-7.htm
2005-03-11,— Sendika Üye Sayıları ve Her Hizmet Kolunda Yetkili Kamu Görevlileri Sendikaları ve Bunların Bağlı Bulundukları Konfederasyonların Belirlenmesine İlişkin Usul ve Esaslar Hakkında Yönetmelikte Değişiklik Yapılmasına Dair Yönetmelik,https://www.resmigazete.gov.tr/eskiler/2005/03/20050311-8.htm
2005-03-11,— Milletlerarası Tahkim Ücret Tarifesi,https://www.resmigazete.gov.tr/eskiler/2005/03/20050311-9.htm
2005-03-11,— 2004/5 Sayılı 2005 Yılı Fuar Takvimi Tebliğinde Değişiklik Yapılmasına Dair Tebliğ (No: İTG-2005/1),https://www.resmigazete.gov.tr/eskiler/2005/03/20050311-10.htm
2005-03-12,"— Dışişleri Bakanlığı ve Başbakan Yardımcılığına, Devlet Bakanı Kürşad TÜZMEN’in Vekâlet Etmesine Dair Tezkere",https://www.resmigazete.gov.tr/eskiler/2005/03/20050312-1.htm
2005-03-12,"— Devlet Bakanı ve Başbakan Yardımcılığı, Adalet, Bayındırlık ve İskan, Sağlık, Ulaştırma, Çalışma ve Sosyal Güvenlik ile Çevre ve Orman Bakanlıklarına Ait Atama Kararları",https://www.resmigazete.gov.tr/eskiler/2005/03/20050312-2.htm
2005-03-12,— Hâkimler ve Savcılar Yüksek Kuruluna Ait Karar,https://www.resmigazete.gov.tr/eskiler/2005/03/20050312-3.htm
2005-03-12,— Hâkimler ve Savcılar Yüksek Kuruluna Ait Karar,https://www.resmigazete.gov.tr/eskiler/2005/03/20050312-4.htm
2005-03-12,— Devlet Personel Başkanlığı Görevde Yükselme ve Unvan Değişikliği Yönetmeliğinde Değişiklik Yapılmasına Dair Yönetmelik,https://www.resmigazete.gov.tr/eskiler/2005/03/20050312-5.htm
2005-03-12,— Türkiye Petrolleri A.O. Kapsam Dışı Personel Yönetmeliğinde Değişiklik Yapılması Hakkında Yönetmelik,https://www.resmigazete.gov.tr/eskiler/2005/03/20050312-6.htm
2005-03-12,— Bankacılık Düzenleme ve Denetleme Kurumu İnsan Kaynakları Yönetmeliğinde Değişiklik Yapılmasına Dair Yönetmelik,https://www.resmigazete.gov.tr/eskiler/2005/03/20050312-7.htm
2005-03-12,— İnönü Üniversitesi Bilimsel ve Teknolojik Araştırma Merkezi Yönetmeliği,https://www.resmigazete.gov.tr/eskiler/2005/03/20050312-8.htm
2005-03-12,— Trakya Üniversitesi Bitki Islahı Uygulama ve Araştırma Merkezi Yönetmeliğinde Değişiklik Yapılmasına Dair Yönetmelik,https://www.resmigazete.gov.tr/eskiler/2005/03/20050312-9.htm
2005-03-12,"— 2004 Yılı Ürünü Kütlü Pamuk, Yağlık Ayçiçeği, Soya Fasulyesi, Kanola, Dane Mısır ve Zeytinyağı Üreticilerine Destekleme Primi Ödenmesine İlişkin Bakanlar Kurulu Kararı Uygulama Tebliği’nde Değişiklik Yapılması Hakkında Tebliğ (No: 2005/10)",https://www.resmigazete.gov.tr/eskiler/2005/03/20050312-10.htm
2005-03-12,— İşkolu Tespit Kararı (No: 2005/6),https://www.resmigazete.gov.tr/eskiler/2005/03/20050312-11.htm
2005-03-12,— İşkolu Tespit Kararı (No: 2005/7),https://www.resmigazete.gov.tr/eskiler/2005/03/20050312-12.htm
2005-03-12,— İşkolu Tespit Kararı (No: 2005/8),https://www.resmigazete.gov.tr/eskiler/2005/03/20050312-13.htm
2005-03-12,— İşkolu Tespit Kararı (No: 2005/9),https://www.resmigazete.gov.tr/eskiler/2005/03/20050312-14.htm
2005-03-12,— İşkolu Tespit Kararı (No: 2005/10),https://www.resmigazete.gov.tr/eskiler/2005/03/20050312-15.htm
2005-03-12,— İthalatta Haksız Rekabetin Önlenmesine İlişkin Tebliğ (No: 2005/7),https://www.resmigazete.gov.tr/eskiler/2005/03/20050312-16.htm
2005-03-12,"— Yargıtay 2., 13. ve 18. Hukuk Dairelerine Ait 7 Adet Karar",https://www.resmigazete.gov.tr/eskiler/2005/03/20050312-17.htm
2005-03-12,DÜZELTME (Karadeniz Ekonomik İşbirliği (KEİ) Örgütü KEİ Bölgesindeki Eşyanın Karayoluyla Naklinin Kolaylaştırılması Konusunda Mutabakat Muhtırası ile İlgili),https://www.resmigazete.gov.tr/eskiler/2005/03/20050312-18.htm
2005-03-13,5307 Sıvılaştırılmış Petrol Gazları (LPG) Piyasası Kanunu ve Elektrik Piyasası Kanununda Değişiklik Yapılmasına Dair Kanun,https://www.resmigazete.gov.tr/eskiler/2005/03/20050313-1.htm
2005-03-13,"— Sanayi ve Ticaret Bakanlığına, İçişleri Bakanı Abdülkadir AKSU’nun Vekâlet Etme-sine Dair Tezkere",https://www.resmigazete.gov.tr/eskiler/2005/03/20050313-2.htm
2005-03-13,"— Çevre ve Orman Bakanlığına, Enerji ve Tabii Kaynaklar Bakanı M. Hilmi GÜLER’in Vekâlet Etmesine Dair Tezkere",https://www.resmigazete.gov.tr/eskiler/2005/03/20050313-3.htm
2005-03-13,— Sosyal Hizmetler ve Çocuk Esirgeme Kurumu Genel Müdürlüğü Özel Rehabilitasyon ve Eğitim Merkezleri Yönetmeliği,https://www.resmigazete.gov.tr/eskiler/2005/03/20050313-4.htm
2005-03-13,"— Türk Mühendis ve Mimar Odaları Birliği Yabancı Mühendis, Mimar ve Şehir Plan-cılarının Çalışma İznine Esas Değerlendirilmesi ve Geçici Üyelik Müracaatları Hakkında Yönetmelikte Değişiklik Yapılmasına Dair Yönetmelik",https://www.resmigazete.gov.tr/eskiler/2005/03/20050313-5.htm
2005-03-13,"— Çukurova Üniversitesi Fen, Sağlık ve Sosyal Bilimler Enstitüleri Lisansüstü Eğitim ve Öğretim Yönetmeliğinde Değişiklik Yapılmasına Dair Yönetmelik",https://www.resmigazete.gov.tr/eskiler/2005/03/20050313-6.htm
2005-03-13,— Zonguldak Karaelmas Üniversitesi Sanayi İşbirliğini Geliştirme Merkezi Yönetmeliği,https://www.resmigazete.gov.tr/eskiler/2005/03/20050313-7.htm
2005-03-13,— Zonguldak Karaelmas Üniversitesi Ahşap Kültürünü Araştırma ve Uygulama Merkezi Yönetmeliği,https://www.resmigazete.gov.tr/eskiler/2005/03/20050313-8.htm
2005-03-13,— 2005 Mali Yılı Bütçe Uygulama Talimatı (Sıra No: 7),https://www.resmigazete.gov.tr/eskiler/2005/03/20050313-9.htm
2005-03-13,— 2005 Yılı Şubat Ayına Ait Dahilde İşleme İzin Belgelerinin (D1) Listesi ile İlgili Tebliğ,https://www.resmigazete.gov.tr/eskiler/2005/03/20050313-10.htm
2005-03-13,— 2005 Yılı Şubat Ayına Ait Yurt İçi Satış ve Teslimler ile İlgili Belgelerin (D3) Listesi ile İlgili Tebliğ,https://www.resmigazete.gov.tr/eskiler/2005/03/20050313-11.htm
2005-03-13,— 2005 Yılı Şubat Ayına Ait Hariçte İşleme İzin Belgelerinin (H) Listesi ile İlgili Tebliğ,https://www.resmigazete.gov.tr/eskiler/2005/03/20050313-12.htm
2005-03-13,"— 2005 Yılı Şubat Ayına Ait Vergi, Resim ve Harç İstisnası Belgelerinin (Y) Listesi ile İlgili Tebliğ",https://www.resmigazete.gov.tr/eskiler/2005/03/20050313-13.htm
2005-03-13,— Firma Talebine İstinaden İptal Edilen Dahilde İşleme İzin Belgeleri Hakkında Tebliğ,https://www.resmigazete.gov.tr/eskiler/2005/03/20050313-14.htm
2005-03-13,— Re’sen Kapatılan Dahilde İşleme İzin Belgeleri Hakkında Tebliğ,https://www.resmigazete.gov.tr/eskiler/2005/03/20050313-15.htm
2005-03-14,— Tehlikeli Atıkların Kontrolü Yönetmeliği,https://www.resmigazete.gov.tr/eskiler/2005/03/20050314-1.htm
2005-03-15,5310 Denizcilik Müsteşarlığının Kuruluş ve Görevleri Hakkında Kanun Hükmünde Kararnamede Değişiklik Yapılmasına Dair Kanun,https://www.resmigazete.gov.tr/eskiler/2005/03/20050315-1.htm
2005-03-15,5315 Uluslararası Yasal Metroloji Örgütü Kuruluş Sözleşmesine Katılmamızın Uygun Bulunduğuna Dair Kanun,https://www.resmigazete.gov.tr/eskiler/2005/03/20050315-2.htm
2005-03-15,"840 (10/152, 216) Esas Numaralı Meclis Araştırması Komisyonunun Görev Süresinin Uzatılmasına İlişkin Karar",https://www.resmigazete.gov.tr/eskiler/2005/03/20050315-3.htm
2005-03-15,"— Adalet Bakanlığına,Devlet Bakanı ve Başbakan Yardımcısı Mehmet Ali ŞAHİN’in Vekâlet Etmesine Dair Tezkere",https://www.resmigazete.gov.tr/eskiler/2005/03/20050315-4.htm
2005-03-15,"— Devlet Bakanı Güldal AKŞİT’e, Milli Savunma Bakanı M. Vecdi GÖNÜL’ün Vekâlet Etmesine Dair Tezkere",https://www.resmigazete.gov.tr/eskiler/2005/03/20050315-5.htm
2005-03-15,"— Maliye Bakanlığına, Devlet Bakanı Ali BABACAN’ın Vekâlet Etmesine Dair Tezkere",https://www.resmigazete.gov.tr/eskiler/2005/03/20050315-6.htm
2005-03-15,"— Millî Eğitim, Sağlık, Tarım ve Köyişleri ile Kültür ve Turizm Bakanlıklarına Ait Atama Kararları",https://www.resmigazete.gov.tr/eskiler/2005/03/20050315-7.htm
2005-03-15,— 2005 Mali Yılı Bütçe Uygulama Talimatı (Sıra No: 6) (Tedavi Yardımı),https://www.resmigazete.gov.tr/eskiler/2005/03/20050315-8.htm
2005-03-15,— İthalatta Gözetim Uygulanmasına İlişkin Tebliğ (No: 2005/6),https://www.resmigazete.gov.tr/eskiler/2005/03/20050315-9.htm
2005-03-15,— Tarımsal Ürünlerde İhracat İadesi Yardımlarına İlişkin Para-Kredi ve Koordinasyon Kurulu Tebliği (No: 2005/1),https://www.resmigazete.gov.tr/eskiler/2005/03/20050315-10.htm
2005-03-16,"841 Geleneksel Türk El Sanatları Üretici ve Sanatkârlarının Sorunlarının Araştırılarak, El Sanatlarının Geliştirilmesi, Korunması ve Gelecek Kuşaklara Aktarılması İçin Alınması Gereken Önlemlerin Belirlenmesi Amacıyla Kurulan Meclis Araştırması Komisyonuna Üye Seçimine İlişkin Karar",https://www.resmigazete.gov.tr/eskiler/2005/03/20050316-1.htm
2005-03-16,2005/8554 Kaldırılan Köy Hizmetleri Genel Müdürlüğünün Devir İşlemlerine İlişkin Usul ve Esaslar'ın Yürürlüğe Konulması Hakkında Karar,https://www.resmigazete.gov.tr/eskiler/2005/03/20050316-2.htm
2005-03-16,— Türk Gıda Kodeksi Distile Alkollü İçkiler Tebliği (No: 2005/11),https://www.resmigazete.gov.tr/eskiler/2005/03/20050316-3.htm
2005-03-16,— Dış Ticaret Sermaye Şirketlerine İlişkin Karar,https://www.resmigazete.gov.tr/eskiler/2005/03/20050316-4.htm
2005-03-16,— Yargıtay 3. ve 18. Hukuk Dairelerine Ait 2 Adet Karar,https://www.resmigazete.gov.tr/eskiler/2005/03/20050316-5.htm
2005-03-17,— Karayolları Trafik Yönetmeliğinde Değişiklik Yapılmasına Dair Yönetmelik,https://www.resmigazete.gov.tr/eskiler/2005/03/20050317-1.htm
2005-03-17,— Isınmadan Kaynaklanan Hava Kirliliğinin Kontrolü Yönetmeliğinde Değişiklik Yapılmasına Dair Yönetmelik,https://www.resmigazete.gov.tr/eskiler/2005/03/20050317-2.htm
2005-03-17,— Atatürk Üniversitesi Girişimcilik Araştırma ve Uygulama Merkezi Yönetmeliği,https://www.resmigazete.gov.tr/eskiler/2005/03/20050317-3.htm
2005-03-17,— Atatürk Üniversitesi Organ Nakli Eğitim Araştırma ve Uygulama Merkezi Yönetmeliği,https://www.resmigazete.gov.tr/eskiler/2005/03/20050317-4.htm
2005-03-17,— Doğuş Üniversitesi İngilizce Hazırlık Sınıfı Yönetmeliğinde Değişiklik Yapılmasına Dair Yönetmelik,https://www.resmigazete.gov.tr/eskiler/2005/03/20050317-5.htm
2005-03-17,— Mustafa Kemal Üniversitesi Sağlık Uygulama ve Araştırma Hastanesi Yönetmeliğinde Değişiklik Yapılmasına Dair Yönetmelik,https://www.resmigazete.gov.tr/eskiler/2005/03/20050317-6.htm
2005-03-17,— Mustafa Kemal Üniversitesi Enstitüleri Lisansüstü Öğretim Yönetmeliğinde Değişiklik Yapılmasına Dair Yönetmelik,https://www.resmigazete.gov.tr/eskiler/2005/03/20050317-7.htm
2005-03-17,— Mustafa Kemal Üniversitesi Yabancı Diller Eğitim-Öğretimi Araştırma ve Uygulama Merkezi Yönetmeliğinde Değişiklik Yapılmasına Dair Yönetmelik,https://www.resmigazete.gov.tr/eskiler/2005/03/20050317-8.htm
2005-03-17,— Sabancı Üniversitesi Lisans Öğrenimi Yönetmeliğinde Değişiklik Yapılmasına Dair Yönetmelik,https://www.resmigazete.gov.tr/eskiler/2005/03/20050317-9.htm
2005-03-17,— Sabancı Üniversitesi Lisansüstü Öğrenimi Yönetmeliğinde Değişiklik Yapılmasına Dair Yönetmelik,https://www.resmigazete.gov.tr/eskiler/2005/03/20050317-10.htm
2005-03-17,— Türkiye Tenis Federasyonu Ana Statüsü,https://www.resmigazete.gov.tr/eskiler/2005/03/20050317-11.htm
2005-03-17,— Türkiye Satranç Federasyonu Ana Statüsü,https://www.resmigazete.gov.tr/eskiler/2005/03/20050317-12.htm
2005-03-17,— Türkiye Briç Federasyonu Ana Statüsü,https://www.resmigazete.gov.tr/eskiler/2005/03/20050317-13.htm
2005-03-17,— Sağlık Hizmetlerinin Etkili Sunumu ile İlgili Başbakanlık Genelgesi (2005/4),https://www.resmigazete.gov.tr/eskiler/2005/03/20050317-14.htm
2005-03-17,— Devlet Memurları Kanunu Genel Tebliği (Seri No: 159),https://www.resmigazete.gov.tr/eskiler/2005/03/20050317-15.htm
2005-03-17,— İhracat 96/31 Sayılı İhracı Yasak ve Ön İzne Bağlı Mallara İlişkin Tebliğ’de Değişiklik Yapılmasına Dair Tebliğ (İhracat: 2005/6),https://www.resmigazete.gov.tr/eskiler/2005/03/20050317-16.htm
2005-03-18,5308 İş Mahkemeleri Kanununda Değişiklik Yapılmasına İlişkin Kanun,https://www.resmigazete.gov.tr/eskiler/2005/03/20050318-1.htm
2005-03-18,5311 İcra ve İflâs Kanununda Değişiklik Yapılmasına Dair Kanun,https://www.resmigazete.gov.tr/eskiler/2005/03/20050318-2.htm
2005-03-18,5316 Yükseköğretim Kanununa Geçici Maddeler Eklenmesine Dair Kanun,https://www.resmigazete.gov.tr/eskiler/2005/03/20050318-3.htm
2005-03-18,— Hükümlü İbrahim Ethem YALVAÇ’ın Kalan Cezasının Kaldırılmasına Dair Karar (2005/9),https://www.resmigazete.gov.tr/eskiler/2005/03/20050318-4.htm
2005-03-18,— Atatürk Üniversitesi Erzincan Fen Edebiyat Fakültesi Lisans Eğitim-Öğretim ve Sınav Yönetmeliği,https://www.resmigazete.gov.tr/eskiler/2005/03/20050318-5.htm
2005-03-19,5318 Türkiye Cumhuriyeti ile Tunus Cumhuriyeti Arasında Serbest Ticaret Alanı Tesis Eden Ortaklık Anlaşmasının Onaylanmasının Uygun Bulunduğuna Dair Kanun,https://www.resmigazete.gov.tr/eskiler/2005/03/20050319-1.htm
2005-03-19,"— Milli Savunma Bakanlığına, İçişleri Bakanı Abdülkadir AKSU’nun Vekâlet Etmesine Dair Tezkere",https://www.resmigazete.gov.tr/eskiler/2005/03/20050319-2.htm
2005-03-19,"— Ulaştırma Bakanlığına, Devlet Bakanı Güldal AKŞİT’in Vekâlet Etmesine Dair Tezkere",https://www.resmigazete.gov.tr/eskiler/2005/03/20050319-3.htm
2005-03-19,"— Devlet, Maliye, Millî Eğitim, Çalışma ve Sosyal Güvenlik, Sanayi ve Ticaret ile Kültür ve Turizm Bakanlıklarına Ait Atama Kararları",https://www.resmigazete.gov.tr/eskiler/2005/03/20050319-4.htm
2005-03-19,— Karayolu Taşımacılık Faaliyetleri Mesleki Yeterlik Eğitimi Yönetmeliğinde Değişiklik Yapılmasına Dair Yönetmelik,https://www.resmigazete.gov.tr/eskiler/2005/03/20050319-5.htm
2005-03-19,— Dış Ticarette Standardizasyon Tebliğinde Değişiklik Yapılması Hakkında Tebliğ (No: 2005/13),https://www.resmigazete.gov.tr/eskiler/2005/03/20050319-6.htm
2005-03-20,"— Enerji ve Tabii Kaynaklar Bakanlığına, Çevre ve Orman Bakanı Osman PEPE’nin Vekâlet Etmesine Dair Tezkere",https://www.resmigazete.gov.tr/eskiler/2005/03/20050320-1.htm
2005-03-20,— Emlak Vergisi Kanunu Genel Tebliği (Seri No: 43),https://www.resmigazete.gov.tr/eskiler/2005/03/20050320-2.htm
2005-03-20,— Yargıtay 2. Hukuk Dairesine Ait 3 Adet Karar,https://www.resmigazete.gov.tr/eskiler/2005/03/20050320-3.htm
2005-03-21,"— Başbakanlığa, Dışişleri Bakanı ve Başbakan Yardımcısı Abdullah GÜL’ün Vekâlet Etmesine Dair Tezkere",https://www.resmigazete.gov.tr/eskiler/2005/03/20050321-1.htm
2005-03-21,— Gümrük Genel Tebliği (Geçici İthalat) Seri No: 4,https://www.resmigazete.gov.tr/eskiler/2005/03/20050321-2.htm
2005-03-21,— Yargıtay 2. ve 14. Hukuk Dairelerine Ait 2 Adet Karar,https://www.resmigazete.gov.tr/eskiler/2005/03/20050321-3.htm
2005-03-22,"— Devlet Bakanı Mehmet AYDIN’a, Devlet Bakanı ve Başbakan Yardımcısı Mehmet Ali ŞAHİN’in Vekâlet Etmesine Dair Tezkere",https://www.resmigazete.gov.tr/eskiler/2005/03/20050322-1.htm
2005-03-22,"— Devlet Bakanı Kürşad TÜZMEN’e, Sanayi ve Ticaret Bakanı Ali COŞKUN’un Vekâlet Etmesine Dair Tezkere",https://www.resmigazete.gov.tr/eskiler/2005/03/20050322-2.htm
2005-03-22,— Ulaştırma Bakanlığına Ait Atama Kararı,https://www.resmigazete.gov.tr/eskiler/2005/03/20050322-3.htm
2005-03-22,— Polis Koleji Yönetmeliğinde Değişiklik Yapılmasına Dair Yönetmelik,https://www.resmigazete.gov.tr/eskiler/2005/03/20050322-4.htm
2005-03-22,— Vergi Konseyi Yönetmeliği,https://www.resmigazete.gov.tr/eskiler/2005/03/20050322-5.htm
2005-03-22,— Milli Piyango İdaresi Genel Müdürlüğü Sayısal Oyunlar Yönetmeliğinde Değişiklik Yapılmasına Dair Yönetmelik,https://www.resmigazete.gov.tr/eskiler/2005/03/20050322-6.htm
2005-03-22,— Beşeri Tıbbi Ürünlerin Güvenliğinin İzlenmesi ve Değerlendirilmesi Hakkında Yönetmelik,https://www.resmigazete.gov.tr/eskiler/2005/03/20050322-7.htm
2005-03-22,— Türkiye Voleybol Federasyonu Ana Statüsü,https://www.resmigazete.gov.tr/eskiler/2005/03/20050322-8.htm
2005-03-22,DÜZELTME (5277 sayılı “2005 Malî Yılı Bütçe Kanunu” ve 5279 sayılı “2005 Malî Yılı Katma Bütçeli İdareler Bütçe Kanunu” eki cetveller ile ilgili),https://www.resmigazete.gov.tr/eskiler/2005/03/20050322-9.htm
2005-03-23,"— Dışişleri Bakanlığı ve Başbakan Yardımcılığına, Milli Savunma Bakanı M.Vecdi GÖNÜL’ün Vekâlet Etmesine Dair Tezkere",https://www.resmigazete.gov.tr/eskiler/2005/03/20050323-1.htm
2005-03-23,"— Sağlık Bakanlığına, Milli Eğitim Bakanı Hüseyin ÇELİK’in Vekâlet Etmesine Dair Tezkere",https://www.resmigazete.gov.tr/eskiler/2005/03/20050323-2.htm
2005-03-23,"— Kültür ve Turizm Bakanlığına, Devlet Bakanı Beşir ATALAY’ın Vekâlet Etmesine Dair Tezkere",https://www.resmigazete.gov.tr/eskiler/2005/03/20050323-3.htm
2005-03-23,— Abant İzzet Baysal Üniversitesi Önlisans Eğitim - Öğretim ve Sınav Yönetmeliğinde Değişiklik Yapılmasına Dair Yönetmelik,https://www.resmigazete.gov.tr/eskiler/2005/03/20050323-4.htm
2005-03-23,— Karayolu Yolcu Taşımacılığı Zorunlu Koltuk Ferdi Kaza Sigortası Tarife ve Talimatı,https://www.resmigazete.gov.tr/eskiler/2005/03/20050323-5.htm
2005-03-24,— Abant İzzet Baysal Üniversitesi Lisans Eğitim-Öğretim Süresiyle Sınav ve Değerlendirme Esaslarına İlişkin Yönetmelikte Değişiklik Yapılmasına Dair Yönetmelik,https://www.resmigazete.gov.tr/eskiler/2005/03/20050324-1.htm
2005-03-24,— Hâkimler ve Savcılar Yüksek Kuruluna Ait İlke Kararı (No: 20),https://www.resmigazete.gov.tr/eskiler/2005/03/20050324-2.htm
2005-03-24,— İlaçlı Yem Tebliği (No: 2005/12),https://www.resmigazete.gov.tr/eskiler/2005/03/20050324-3.htm
2005-03-24,— Hayvancılığın Desteklenmesi Hakkında 2005/8503 Sayılı Bakanlar Kurulu Kararının Uygulama Esasları Tebliği (No: 2005/13),https://www.resmigazete.gov.tr/eskiler/2005/03/20050324-4.htm
2005-03-24,— Tekdüzen Hesap Planı ve İzahnamesi Hakkında Tebliğde Değişiklik Yapılmasına Dair Tebliğ,https://www.resmigazete.gov.tr/eskiler/2005/03/20050324-5.htm
2005-03-25,— Hâkimler ve Savcılar Yüksek Kuruluna Ait Karar,https://www.resmigazete.gov.tr/eskiler/2005/03/20050325-1.htm
2005-03-25,— İçişleri Bakanlığı Sicil Amirleri Yönetmeliğinde Değişiklik Yapılmasına Dair Yönetmelik,https://www.resmigazete.gov.tr/eskiler/2005/03/20050325-2.htm
2005-03-25,— İçişleri Bakanlığı Disiplin Amirleri Yönetmeliğinde Değişiklik Yapılmasına Dair Yönetmelik,https://www.resmigazete.gov.tr/eskiler/2005/03/20050325-3.htm
2005-03-25,— Sağlık Bakanlığı Atama ve Nakil Yönetmeliğinde Değişiklik Yapılmasına Dair Yönetmelik,https://www.resmigazete.gov.tr/eskiler/2005/03/20050325-4.htm
2005-03-25,— Tarım Arazilerinin Korunması ve Kullanılmasına Dair Yönetmelik,https://www.resmigazete.gov.tr/eskiler/2005/03/20050325-5.htm
2005-03-25,— Motorlu Araçlar ve Römorklarının Isıtma Sistemleri ile İlgili Tip Onayı Yönetmeliği (2001/56/AT),https://www.resmigazete.gov.tr/eskiler/2005/03/20050325-6.htm
2005-03-25,— Avrupa Birliği ve Uluslararası Kuruluşların Kaynaklarından Kamu İdarelerine Proje Karşılığı Aktarılan Hibe Tutarlarının Harcanması ve Muhasebeleştirilmesine İlişkin Esas ve Usuller,https://www.resmigazete.gov.tr/eskiler/2005/03/20050325-7.htm
2005-03-25,— Sokakta Yaşayan/Çalışan Çocuklara Hizmet Modeli ile İlgili 2005/5 Sayılı Başbakanlık Genelgesi,https://www.resmigazete.gov.tr/eskiler/2005/03/20050325-8.htm
2005-03-25,— 403 Sayılı Kanunun 29 uncu Maddesinin Uygulanmasına ile İlgili 2005/6Sayılı Başbakanlık Genelgesi,https://www.resmigazete.gov.tr/eskiler/2005/03/20050325-9.htm
2005-03-25,— Standart Dosya Planı ile İlgili 2005/7Sayılı Başbakanlık Genelgesi,https://www.resmigazete.gov.tr/eskiler/2005/03/20050325-10.htm
2005-03-26,2005/8597 Dışişleri Bakanlığının Bazı Mensuplarının Çeşitli Görevlere Atanmalarına İlişkin Karar,https://www.resmigazete.gov.tr/eskiler/2005/03/20050326-1.htm
2005-03-26,— Hâkimler ve Savcılar Yüksek Kuruluna Ait Karar,https://www.resmigazete.gov.tr/eskiler/2005/03/20050326-2.htm
2005-03-26,"— 2004 Yılı Ürünü Kütlü Pamuk,Yağlık Ayçiçeği, Soya Fasulyesi, Kanola, Dane Mısır ve Zeytinyağı Üreticilerine Destekleme Pirimi Ödenmesine İlişkin Bakanlar Kurulu Kararı Uygulama Tebliğinde Değişiklik Yapılması Hakkında Tebliğ (No:2005/14)",https://www.resmigazete.gov.tr/eskiler/2005/03/20050326-3.htm
2005-03-26,— İthal ve İhraç Edilecek Gıdaların Giriş ve Çıkış Kapılarının Tespit ve İlanına Dair Tebliğ’de Değişiklik Yapılması Hakkında Tebliğ (No : 2005/15),https://www.resmigazete.gov.tr/eskiler/2005/03/20050326-4.htm
2005-03-26,— Bazı Çeltik ve Pirinç Türlerinin İthalatında Tarife Kontenjanı Uygulanmasına İlişkin Tebliğ'de Değişiklik Yapılmasına Dair Tebliğ,https://www.resmigazete.gov.tr/eskiler/2005/03/20050326-5.htm
2005-03-26,— Solvent ve Bazı Petrol Ürünleri İthaline İlişkin İthalat: 2005/12 Sayılı Tebliğde Değişiklik Yapılması Hakkında Tebliğ,https://www.resmigazete.gov.tr/eskiler/2005/03/20050326-6.htm
2005-03-26,"— Sermaye Piyasası Kanununa Tabi Olan Halka Açık Anonim Ortaklıkların Temettü ve Temettü Avansı Dağıtımında Uyacakları Esaslar Hakkında Tebliğde Değişiklik Yapılmasına Dair Tebliğ (Seri: IV, No: 35)",https://www.resmigazete.gov.tr/eskiler/2005/03/20050326-7.htm
2005-03-26,— Akaryakıt Haricinde Kalan Petrol Ürünlerinin İthalinde Uygulanacak Usul ve Esaslara İlişkin Tebliğ,https://www.resmigazete.gov.tr/eskiler/2005/03/20050326-8.htm
2005-03-26,— Danıştay Başkanlar Kurulunun 2005/12Sayılı Kararı,https://www.resmigazete.gov.tr/eskiler/2005/03/20050326-9.htm
2005-03-27,"— Osmangazi Üniversitesi Diploma, Diploma Defteri, Mezuniyet Belgesi ile Diğer Belgelerin Düzenlenmesine İlişkin Yönetmelikte Değişiklik Yapılmasına Dair Yönetmelik",https://www.resmigazete.gov.tr/eskiler/2005/03/20050327-1.htm
2005-03-27,— İstanbul Teknik Üniversitesi Türk Musikisi Devlet Konservatuvarı Çalgı Bölümü Hazırlayıcı Birim Lise Devresi Yönetmeliği,https://www.resmigazete.gov.tr/eskiler/2005/03/20050327-2.htm
2005-03-28,"— Başbakanlığa,Dışişleri Bakanı ve Başbakan Yardımcısı Abdullah GÜL’ün Vekâlet Etmesine Dair Tezkere",https://www.resmigazete.gov.tr/eskiler/2005/03/20050328-1.htm
2005-03-28,"— Devlet Bakanı ve Başbakan Yardımcısı Mehmet Ali ŞAHİN’e, Devlet Bakanı ve Başbakan Yardımcısı Abdüllatif ŞENER’in Vekâlet Etmesine Dair Tezkere",https://www.resmigazete.gov.tr/eskiler/2005/03/20050328-2.htm
2005-03-28,"— Tarım ve Köyişleri Bakanlığına, Ulaştırma Bakanı Binali YILDIRIM’ın Vekâlet Etmesine Dair Tezkere",https://www.resmigazete.gov.tr/eskiler/2005/03/20050328-3.htm
2005-03-28,"— Sanayi ve Ticaret Bakanlığına, Adalet Bakanı Cemil ÇİÇEK’in Vekâlet Etmesine Dair Tezkere",https://www.resmigazete.gov.tr/eskiler/2005/03/20050328-4.htm
2005-03-28,"— Kültür ve Turizm Bakanlığına, Devlet Bakanı Beşir ATALAY’ın Vekâlet Etmesine Dair Tezkere",https://www.resmigazete.gov.tr/eskiler/2005/03/20050328-5.htm
2005-03-28,— Hâkimler ve Savcılar Yüksek Kurulu İç Yönetmeliğinde Değişiklik Yapılmasına Dair Yönetmelik,https://www.resmigazete.gov.tr/eskiler/2005/03/20050328-6.htm
2005-03-28,— Hâkimler ve Cumhuriyet Savcıları Hakkında Uygulanacak Atama ve Nakil Yönetmeliğinde Değişiklik Yapılmasına Dair Yönetmelik,https://www.resmigazete.gov.tr/eskiler/2005/03/20050328-7.htm
2005-03-28,— İdari Yargı Hâkim ve Savcıları Hakkında Uygulanacak Atama Yönetmeliğinde Değişiklik Yapılmasına Dair Yönetmelik,https://www.resmigazete.gov.tr/eskiler/2005/03/20050328-8.htm
2005-03-28,— 2005 Yılı Şubat Ayına Ait Yatırım Teşvik Belgelerinin Sektörel Dağılımı Hakkında Tebliğ,https://www.resmigazete.gov.tr/eskiler/2005/03/20050328-9.pdf
2005-03-28,— 2005 Yılı Şubat Ayında Verilen Belgeler ve Yararlandırılan Teşvik Unsurları Hakkında Tebliğ,https://www.resmigazete.gov.tr/eskiler/2005/03/20050328-10.pdf
2005-03-29,"5322 Antalya İline Bağlı Kale İlçesinin Adının ""Demre"" Olarak Değiştirilmesi Hakkında Kanun",https://www.resmigazete.gov.tr/eskiler/2005/03/20050329-1.htm
2005-03-29,"5323 Konya İline Bağlı Hadım İlçesinin Adının ""Hadim"" Olarak Değiştirilmesi Hakkında Kanun",https://www.resmigazete.gov.tr/eskiler/2005/03/20050329-2.htm
2005-03-29,"— Maliye Bakanlığına, Devlet Bakanı Ali BABACAN’ın Vekâlet Etmesine Dair Tezkere",https://www.resmigazete.gov.tr/eskiler/2005/03/20050329-3.htm
2005-03-29,"— Enerji ve Tabii Kaynaklar Bakanlığına, Çevre ve Orman Bakanı Osman PEPE’nin Vekâlet Etmesine Dair Tezkere",https://www.resmigazete.gov.tr/eskiler/2005/03/20050329-4.htm
2005-03-29,— Sosyal Sigortalar Kurumu Başkanlığı Asgari İşçilik Tespit Komisyonunun Çalışma Usul ve Esasları Hakkında Yönetmelik,https://www.resmigazete.gov.tr/eskiler/2005/03/20050329-5.htm
2005-03-29,— Karayolları Genel Müdürlüğü Görevde Yükselme ve Unvan Değişikliği Yönetmeliği,https://www.resmigazete.gov.tr/eskiler/2005/03/20050329-6.htm
2005-03-29,— Muğla Üniversitesi Lisansüstü Eğitim-Öğretim Yönetmeliğinde Değişiklik Yapılmasına Dair Yönetmelik,https://www.resmigazete.gov.tr/eskiler/2005/03/20050329-7.htm
2005-03-29,— Açıktan ve Naklen Atamalar ile İlgili (2005/8) Sayılı Başbakanlık Genelgesi,https://www.resmigazete.gov.tr/eskiler/2005/03/20050329-8.htm
2005-03-29,— Türkiye Muhasebe Standartları Kurulunun 38/2-3 Sayılı Kararı,https://www.resmigazete.gov.tr/eskiler/2005/03/20050329-9.htm
2005-03-30,5324 Kozmetik Kanunu,https://www.resmigazete.gov.tr/eskiler/2005/03/20050330-1.htm
2005-03-30,2005/8752 Bazı Yatırım ve Hizmetlerin Yap-İşlet-Devret Modeli Çerçevesinde Yaptırılması Hakkında 3996 Sayılı Kanunun Uygulama Usul ve Esaslarına İlişkin Kararda Değişiklik Yapılmasına Dair Karar,https://www.resmigazete.gov.tr/eskiler/2005/03/20050330-2.htm
2005-03-30,"— Devlet Bakanı Ali BABACAN’a, Devlet Bakanı Kürşad TÜZMEN’in Vekâlet Etmesine Dair Tezkere",https://www.resmigazete.gov.tr/eskiler/2005/03/20050330-3.htm
2005-03-30,"— Milli Savunma Bakanlığına, Maliye Bakanı Kemal UNAKITAN’ın Vekâlet Etmesine Dair Tezkere",https://www.resmigazete.gov.tr/eskiler/2005/03/20050330-4.htm
2005-03-30,"— İçişleri Bakanlığına, Bayındırlık ve İskan Bakanı Zeki ERGEZEN’in Vekâlet Etmesine Dair Tezkere",https://www.resmigazete.gov.tr/eskiler/2005/03/20050330-5.htm
2005-03-30,"— Çalışma ve Sosyal Güvenlik Bakanlığına, Devlet Bakanı Mehmet AYDIN’ın Vekâlet Etmesine Dair Tezkere",https://www.resmigazete.gov.tr/eskiler/2005/03/20050330-6.htm
2005-03-30,"— Milli Savunma, Milli Eğitim, Ulaştırma, Tarım ve Köyişleri ile Enerji ve Tabii Kaynaklar Bakanlıklarına Ait Atama Kararları",https://www.resmigazete.gov.tr/eskiler/2005/03/20050330-7.htm
2005-03-30,— Sınır Tespitine Dair Karar,https://www.resmigazete.gov.tr/eskiler/2005/03/20050330-8.htm
2005-03-30,"— Gıda ve Gıda ile Temasta Bulunan Madde ve Malzemelerin Piyasa Gözetimi, Kontrolü ve Denetimi ile İşyeri Sorumluluklarına Dair Yönetmelik",https://www.resmigazete.gov.tr/eskiler/2005/03/20050330-9.htm
2005-03-30,— Yargıtay 5. ve 20. Hukuk Dairelerine Ait 2 Adet Karar,https://www.resmigazete.gov.tr/eskiler/2005/03/20050330-10.htm
2005-03-31,"— Devlet Bakanı Ali BABACAN’a, Devlet Bakanı Kürşad TÜZMEN’in Vekâlet Etmesine Dair Tezkere",https://www.resmigazete.gov.tr/eskiler/2005/03/20050331-1.htm
2005-03-31,"2005/8564 Londra Büyükelçiliği Elçi-Müsteşarı İrfan Celal ACAR’ın, Lübnan Cumhuriyeti Nezdinde Türkiye Cumhuriyeti Büyükelçisi Olarak Atanması Hakkında Karar",https://www.resmigazete.gov.tr/eskiler/2005/03/20050331-2.htm
2005-03-31,"— Başbakanlık, Millî Savunma, Maliye, Milli Eğitim, Bayındırlık ve İskan ile Kültür ve Turizm Bakanlıklarına Ait Atama Kararları",https://www.resmigazete.gov.tr/eskiler/2005/03/20050331-3.htm
2005-03-31,— Sosyal Hizmetler ve Çocuk Esirgeme Kurumu Ayni ve Nakdi Yardım Yönetmeliğinde Değişiklik Yapılmasına Dair Yönetmelik,https://www.resmigazete.gov.tr/eskiler/2005/03/20050331-4.htm
2005-03-31,— Dernekler Yönetmeliği,https://www.resmigazete.gov.tr/eskiler/2005/03/20050331-5.htm
2005-03-31,— Ödeme Gücü Olmayan Vatandaşların Tedavi Giderlerinin Devlet Tarafından Kar-şılanması ve Yeşil Kart Uygulaması Hakkında Yönetmelikte Değişiklik Yapılmasına Dair Yönetmelik,https://www.resmigazete.gov.tr/eskiler/2005/03/20050331-6.htm
2005-03-31,— 4054 Sayılı Rekabetin Korunması Hakkında Kanunun 16 ve 17 nci Maddelerinde Düzenlenmiş Olan İdari Para Cezalarının 01/04/2005 Tarihinden 31/12/2005 Tarihine Kadar Geçerli Olmak Üzere Artırıldığının Duyurulmasına İlişkin Tebliğ (No : 2005/2),https://www.resmigazete.gov.tr/eskiler/2005/03/20050331-7.htm
2005-04-01,2005/8567 Türkiye Cumhuriyeti ve Afganistan İslami Geçiş Devleti Arasında Yatırımların Karşılıklı Teşviki ve Korunmasına İlişkin Anlaşma’nın Onaylanması Hakkında Karar,https://www.resmigazete.gov.tr/eskiler/2005/04/20050401-1.htm
2005-04-01,2005/8585 Türkiye Cumhuriyeti ve Güney Afrika Cumhuriyeti Arasında Yatırımların Karşılıklı Teşviki ve Korunmasına İlişkin Anlaşma’nın Onaylanması Hakkında Karar,https://www.resmigazete.gov.tr/eskiler/2005/04/20050401-2.htm
2005-04-01,"2005/8618 Ulaştırma Bakanlığı Demiryollar,Limanlar ve Hava Meydanları İnşaatı Genel Müdürlüğü Tarafından Yürütülmekte Olan Demiryolu Boğaz Tüp Geçişi Projesinin Finansmanı Amacıyla Türkiye Cumhuriyeti ile Japonya Hükümeti Arasında Teati Edilen Nota ve Eki Müzakere Kaydı ile Nota Teatisi’ne Bağlı Olarak Japonya Uluslararası İşbirliği Bankası ile İmzalanan Kredi Anlaşması’nın, Yürürlüğe Girmesi ve Söz Konusu Nota, Eki Müzakere Kaydı ve Kredi Anlaşması ile İlgili Olarak Tahakkuk Edecek Masraf, Ücret ve Komisyonları Bütçesinden Ödemeye Hazine Müsteşarlığı’nın Yetkili Kılınması Hakkında Karar",https://www.resmigazete.gov.tr/eskiler/2005/04/20050401-3.htm
2005-04-01,2005/8579 235 Kişinin Türk Vatandaşlığının Kaybettirilmesi ve Bazı Kararnameler ile Türk Vatandaşlığına Alınan 18 Kişi ile İlgili Hükümlerin İptali Hakkında Karar,https://www.resmigazete.gov.tr/eskiler/2005/04/20050401-4.htm
2005-04-01,2005/8591 Aile ve Sosyal Araştırmalar Genel Müdürlüğüne Ait Dolu ve Boş Kadrolarda Değişiklik Yapılması Hakkında Karar,https://www.resmigazete.gov.tr/eskiler/2005/04/20050401-5.htm
2005-04-01,2005/8604 Bazı Yerlerde Arazi Toplulaştırması Yapılması ve 2002/3858 Sayılı Kararnamenin Eki Listenin 1 Sıra Numarasındaki Yerin Söz Konusu Kararname Kapsamından Çıkarılması Hakkında Karar,https://www.resmigazete.gov.tr/eskiler/2005/04/20050401-6.htm
2005-04-01,2005/8556 Kamu Kurum ve Kuruluşlarında Görevde Yükselme ve Unvan Değişikliği Esaslarına Dair Genel Yönetmelikte Değişiklik Yapılmasına İlişkin Yönetmelik,https://www.resmigazete.gov.tr/eskiler/2005/04/20050401-7.htm
2005-04-01,2005/8616 Emniyet Hizmetleri Sınıfı Personeli Rütbe Terfileri ve Değerlendirme Kurullarının Çalışmalarına İlişkin Yönetmelikte Değişiklik Yapılmasına Dair Yönetmelik,https://www.resmigazete.gov.tr/eskiler/2005/04/20050401-8.htm
2005-04-01,2005/8626 Milli Güvenlik Kurulu Genel Sekreterliği Yönetmeliğinde Değişiklik Yapıl-masına Dair Yönetmelik,https://www.resmigazete.gov.tr/eskiler/2005/04/20050401-9.htm
2005-04-01,— Erciyes Üniversitesi Önlisans ve Lisans Eğitim-Öğretim Yönetmeliğinde Değişiklik Yapılmasına Dair Yönetmelik,https://www.resmigazete.gov.tr/eskiler/2005/04/20050401-10.htm
2005-04-01,— 2005 Mali Yılı Bütçe Uygulama Talimatı (Sıra No: 8),https://www.resmigazete.gov.tr/eskiler/2005/04/20050401-11.htm
2005-04-01,— Yüksek Planlama Kurulunun e-Dönüşüm Türkiye Projesi 2005 Yılı Eylem Planı (No: 2005/5) Sayılı Kararı,https://www.resmigazete.gov.tr/eskiler/2005/04/20050401-12.htm
2005-04-01,— Sektörel Dış Ticaret Şirketi Statüsü Verilmesine İlişkin Karar,https://www.resmigazete.gov.tr/eskiler/2005/04/20050401-13.htm
2005-04-02,"2005/8586 Türkiye Cumhuriyeti Hükümeti ile Uganda Cumhuriyeti Hükümeti Arasında Ticaret,Ekonomik ve Teknik İşbirliği Anlaşması’nın Onaylanması Hakkında Karar",https://www.resmigazete.gov.tr/eskiler/2005/04/20050402-1.htm
2005-04-02,2005/8619 4736 Sayılı Kanunun 1 inci Maddesinin Birinci Fıkrası Hükmünden Muaf Tutulacakların Tespitine Dair 2002/3654 Sayılı Kararnamenin Eki Kararda Değişiklik Yapılmasına İlişkin Karar,https://www.resmigazete.gov.tr/eskiler/2005/04/20050402-2.htm
2005-04-02,2005/8629 Ulusal Tarım Stratejisi Doğrultusunda Tarımsal Destek Ödemelerine ve Sürdürülebilir Çiftçi Kayıt Sisteminin Geliştirilmesine İlişkin Karar,https://www.resmigazete.gov.tr/eskiler/2005/04/20050402-3.htm
2005-04-02,— Kültür ve Turizm Bakanlığına Ait Atama Kararı,https://www.resmigazete.gov.tr/eskiler/2005/04/20050402-4.htm
2005-04-02,— Dış Ticarette Standardizasyon Tebliğinde Değişiklik Yapılması Hakkında Tebliğ (No: 2005/12),https://www.resmigazete.gov.tr/eskiler/2005/04/20050402-5.htm
2005-04-02,— Karayolu Taşıt Araçlarının İthaline İlişkin İthalat: 2005/7 Sayılı Tebliğ'de Değişiklik Yapılması Hakkında Tebliğ,https://www.resmigazete.gov.tr/eskiler/2005/04/20050402-6.htm
2005-04-02,— Gümrük Genel Tebliği (Gümrük Antrepo Rejimi) Seri No: 11,https://www.resmigazete.gov.tr/eskiler/2005/04/20050402-7.htm
2005-04-03,"2005/8590 Türkiye Cumhuriyeti Hükümeti ile Gabon Cumhuriyeti Hükümeti Arasında Genel Ticari, Ekonomik, Kültürel ve Teknik İşbirliği Anlaşması’nın Onaylanması Hakkında Karar",https://www.resmigazete.gov.tr/eskiler/2005/04/20050403-1.htm
2005-04-03,"— Dışişleri Bakanlığıı ve Başbakan Yardımcılığına, Milli Savunma Bakanı M. Vecdi GÖNÜL’ün Vekâlet Etmesine Dair Tezkere",https://www.resmigazete.gov.tr/eskiler/2005/04/20050403-2.htm
2005-04-03,— Denizlerde ve İçsularda Ticari Amaçlı Su Ürünleri Avcılığını Düzenleyen 2004-2006 Av Dönemine Ait 36/1 Numaralı Sirkülerde Değişiklik Yapılmasına Dair Ek Sirküler,https://www.resmigazete.gov.tr/eskiler/2005/04/20050403-3.htm
2005-04-04,2005/8583 Türkiye Cumhuriyeti Hükümeti ile Azerbaycan Cumhuriyeti Hükümeti Arasında Uzun Vadeli Ekonomik ve Ticari İşbirliği Anlaşması’nın Onaylanması Hakkında Karar,https://www.resmigazete.gov.tr/eskiler/2005/04/20050404-1.htm
2005-04-05,842 Bazı Girişimcilerce Holding Adı Altında Gerçekleştirilen İzinsiz Halka Arz Yoluyla Tasarruf Sahiplerinin Mağduriyetine Yol Açılmasının Neden ve Sonuçlarıyla Bu Süreçte SPK'nın Sorumluluğunun Araştırılarak Alınması Gereken Önlemlerin Belirlenmesi Amacıyla Bir Meclis Araştırması Komisyonu Kurulmasına İlişkin Karar,https://www.resmigazete.gov.tr/eskiler/2005/04/20050405-1.htm
2005-04-05,"843 (10/63, 113, 138, 179, 228) Esas Numaralı Meclis Araştırması Komisyonunun Görev Süresinin Uzatılmasına İlişkin Karar",https://www.resmigazete.gov.tr/eskiler/2005/04/20050405-1-2.htm
2005-04-05,"2005/8608 Türkiye Cumhuriyeti Hükümeti ile Kongo Cumhuriyeti Hükümeti Arasında Ticaret, Ekonomik ve Teknik İşbirliği Anlaşması’nın Onaylanması Hakkında Karar",https://www.resmigazete.gov.tr/eskiler/2005/04/20050405-2.htm
2005-04-05,2005/8610 Türkiye Cumhuriyeti ile Romanya Arasında Ortak Sanayi Çalışma Grubu IV. Dönem Toplantısı Mutabakat Zaptı’nın Onaylanması Hakkında Karar,https://www.resmigazete.gov.tr/eskiler/2005/04/20050405-3.htm
2005-04-05,2005/8615 Eti Zeolit Kimya Sanayi ve Ticaret A.Ş. Genel Müdürlüğü ile Eti Maden İşletmeleri Genel Müdürlüğüne Ait Bazı Kadro ve Pozisyonlarda Değişiklik Yapılması Hakkında Karar,https://www.resmigazete.gov.tr/eskiler/2005/04/20050405-4.htm
2005-04-05,— Millî Eğitim Bakanlığı Ders Kitapları ve Eğitim Araçları Yönetmeliğinde Değişiklik Yapılmasına Dair Yönetmelik,https://www.resmigazete.gov.tr/eskiler/2005/04/20050405-5.htm
2005-04-05,— Millî Eğitim Bakanlığı Fen Liseleri Yönetmeliğinde Değişiklik Yapılmasına Dair Yönetmelik,https://www.resmigazete.gov.tr/eskiler/2005/04/20050405-6.htm
2005-04-05,— Millî Eğitim Bakanlığı Sosyal Bilimler Liseleri Yönetmeliğinde Değişiklik Yapılmasına Dair Yönetmelik,https://www.resmigazete.gov.tr/eskiler/2005/04/20050405-7.htm
2005-04-05,— Millî Eğitim Bakanlığı Özel Akşam Liseleri Yönetmeliğinde Değişiklik Yapılmasına Dair Yönetmelik,https://www.resmigazete.gov.tr/eskiler/2005/04/20050405-8.htm
2005-04-05,— Ambalaj ve Ambalaj Atıklarının Kontrolü Yönetmeliğinde Değişiklik Yapılmasına Dair Yönetmelik,https://www.resmigazete.gov.tr/eskiler/2005/04/20050405-9.htm
2005-04-05,— Katı Atıkların Kontrolü Yönetmeliğinde Değişiklik Yapılmasına Dair Yönetmelik,https://www.resmigazete.gov.tr/eskiler/2005/04/20050405-10.htm
2005-04-05,— Anadolu BİL Meslek Yüksekokulu Eğitim-Öğretim ve Sınav Yönetmeliğinde Değişiklik Yapılmasına Dair Yönetmelik,https://www.resmigazete.gov.tr/eskiler/2005/04/20050405-11.htm
2005-04-05,— Dokuz Eylül Üniversitesi Lisansüstü Eğitim ve Öğretim Yönetmeliğinde Değişiklik Yapılmasına Dair Yönetmelik,https://www.resmigazete.gov.tr/eskiler/2005/04/20050405-12.htm
2005-04-05,— Mersin Üniversitesi Ön Lisans ve Lisans Öğretim ve Sınav Yönetmeliğinde Değişiklik Yapılmasına Dair Yönetmelik,https://www.resmigazete.gov.tr/eskiler/2005/04/20050405-13.htm
2005-04-05,— TOBB Ekonomi ve Teknoloji Üniversitesi Lisansüstü Eğitim-Öğretim ve Sınav Yönetmeliği,https://www.resmigazete.gov.tr/eskiler/2005/04/20050405-14.htm
2005-04-06,"5327 Denizli-Buldan ve Çevresinde, Hakkari'de, Bingöl-Karlıova ve Çevresi ile Erzurum-Çat'da Meydana Gelen Deprem Afetlerine ve Bazı Kanunlarda Değişiklik Yapılmasına Dair Kanun",https://www.resmigazete.gov.tr/eskiler/2005/04/20050406-1.htm
2005-04-06,"5329 Askerî Ceza Kanunu ile Disiplin Mahkemeleri Kuruluşu, Yargılama Usulü ve Disiplin Suç ve Cezaları Hakkındaki Kanunda Değişiklik Yapılmasına Dair Kanun",https://www.resmigazete.gov.tr/eskiler/2005/04/20050406-2.htm
2005-04-06,"— Adalet Bakanlığına, Devlet Bakanı ve Başbakan Yardımcısı Mehmet Ali ŞAHİN’in Vekâlet Etmesine Dair Tezkere",https://www.resmigazete.gov.tr/eskiler/2005/04/20050406-3.htm
2005-04-06,— Türk Mühendis ve Mimar Odaları Birliği Ziraat Mühendisleri Odası Ana Yönetmeliği,https://www.resmigazete.gov.tr/eskiler/2005/04/20050406-4.htm
2005-04-06,— Petrol Piyasası Lisans Yönetmeliğinde Değişiklik Yapılmasına Dair Yönetmelik,https://www.resmigazete.gov.tr/eskiler/2005/04/20050406-5.htm
2005-04-06,— Petrol Piyasasında Ulusal Marker Uygulamasına İlişkin Usul ve Esaslar Hakkında Yönetmelikte Değişiklik Yapılmasına Dair Yönetmelik,https://www.resmigazete.gov.tr/eskiler/2005/04/20050406-6.htm
2005-04-06,— Alkol ve Alkollü İçkilerin İç ve Dış Ticaretine İlişkin Usul ve Esaslar Hakkında Yönetmelikte Değişiklik Yapılmasına Dair Yönetmelik,https://www.resmigazete.gov.tr/eskiler/2005/04/20050406-7.htm
2005-04-06,— Ankara Üniversitesi Önlisans ve Lisans Eğitim-Öğretim Yönetmeliğinde Değişiklik Yapılmasına Dair Yönetmelik,https://www.resmigazete.gov.tr/eskiler/2005/04/20050406-8.htm
2005-04-06,— Gazi Üniversitesi Temiz Enerji Araştırma ve Uygulama Merkezi Yönetmeliği,https://www.resmigazete.gov.tr/eskiler/2005/04/20050406-9.htm
2005-04-06,— Türk Gıda Kodeksi Renklendiriciler ve Tatlandırıcılar Dışındaki Gıda Katkı Maddelerinin Saflık Kriterleri Tebliğinde Değişiklik Yapılması Hakkında Tebliğ (No: 2005/16),https://www.resmigazete.gov.tr/eskiler/2005/04/20050406-10.htm
2005-04-06,— Türk Gıda Kodeksi Bal Tebliğinde Değişiklik Yapılması Hakkında Tebliğ (No: 2005/17),https://www.resmigazete.gov.tr/eskiler/2005/04/20050406-11.htm
2005-04-06,— İşkolu Tespit Kararı (No: 2005/11),https://www.resmigazete.gov.tr/eskiler/2005/04/20050406-12.htm
2005-04-06,— İşkolu Tespit Kararı (No: 2005/12),https://www.resmigazete.gov.tr/eskiler/2005/04/20050406-13.htm
2005-04-06,— İşkolu Tespit Kararı (No: 2005/13),https://www.resmigazete.gov.tr/eskiler/2005/04/20050406-14.htm
2005-04-06,— İşkolu Tespit Kararı (No: 2005/14),https://www.resmigazete.gov.tr/eskiler/2005/04/20050406-15.htm
2005-04-07,"— Başbakanlığa, Dışişleri Bakanı ve Başbakan Yardımcısı Abdullah GÜL’ün Vekâlet Etmesine Dair Tezkere",https://www.resmigazete.gov.tr/eskiler/2005/04/20050407-1.htm
2005-04-07,"— Devlet Bakanı ve Başbakan Yardımcısı Abdüllatif ŞENER’e, Maliye Bakanı Kemal UNAKITAN’ın Vekâlet Etmesine Dair Tezkere",https://www.resmigazete.gov.tr/eskiler/2005/04/20050407-2.htm
2005-04-07,"— Devlet Bakanı Mehmet AYDIN’a, Devlet Bakanı Beşir ATALAY’ın Vekâlet Etmesine Dair Tezkere",https://www.resmigazete.gov.tr/eskiler/2005/04/20050407-3.htm
2005-04-07,"— Çalışma ve Sosyal Güvenlik Bakanlığına, Bayındırlık ve İskan Bakanı Zeki ERGEZEN’in Vekâlet Etmesine Dair Tezkere",https://www.resmigazete.gov.tr/eskiler/2005/04/20050407-4.htm
2005-04-07,— Gümrük Yönetmeliğinde Değişiklik Yapılmasına Dair Yönetmelik,https://www.resmigazete.gov.tr/eskiler/2005/04/20050407-5.htm
2005-04-07,— Vakıf Üniversiteleri Bilimsel ve Teknolojik Araştırma Projelerini Desteklemek Amacıyla Devlet Planlama Teşkilatı Bütçesinde Yer Alan Ödenekten Yapılacak Yardımların Kullandırılmasında Uyulacak Usul ve Esaslar (Genelge 2005/1),https://www.resmigazete.gov.tr/eskiler/2005/04/20050407-6.htm
2005-04-07,— Vergi Usul Kanunu Genel Tebliği (Sıra No: 347),https://www.resmigazete.gov.tr/eskiler/2005/04/20050407-7.htm
2005-04-07,— Katma Değer Vergisi Mükelleflerinin Ödeme Kaydedici Cihazları Kullanmaları Mec-buriyeti Hakkında Kanunla İlgili Genel Tebliğ (Seri No: 65),https://www.resmigazete.gov.tr/eskiler/2005/04/20050407-8.htm
2005-04-07,— Vücut Dışında Kullanılan Tıbbî Tanı Cihazları İçin Ortak Teknik Özellikler Tebliği (No: 2005/1),https://www.resmigazete.gov.tr/eskiler/2005/04/20050407-9.htm
2005-04-08,2005/8613 Terörizmin Önlenmesi Avrupa Sözleşmesi Tadil Protokolü’nün Onaylanması Hakkında Karar,https://www.resmigazete.gov.tr/eskiler/2005/04/20050408-1.htm
2005-04-08,"— Devlet Bakanı Kürşad TÜZMEN’e, Devlet Bakanı Ali BABACAN’ın Vekâlet Etmesine Dair Tezkere",https://www.resmigazete.gov.tr/eskiler/2005/04/20050408-2.htm
2005-04-08,— Tekerlekli Tarım veya Orman Traktörleri Tip Onayı Yönetmeliğinde Değişiklik Yapıl-masına Dair Yönetmelik (2001/3/AT ile Değişik 74/150/AT),https://www.resmigazete.gov.tr/eskiler/2005/04/20050408-3.htm
2005-04-08,— Yargıtay 2. Hukuk Dairesine Ait 2 Adet Karar,https://www.resmigazete.gov.tr/eskiler/2005/04/20050408-4.htm
2005-04-09,"— Dışişleri Bakanlığı ve Başbakan Yardımcılığına, Devlet Bakanı Beşir ATALAY’ın Vekâlet Etmesine Dair Tezkere",https://www.resmigazete.gov.tr/eskiler/2005/04/20050409-1.htm
2005-04-09,— 556 Sayılı Markaların Korunması Hakkında Kanun Hükmünde Kararnamenin Uygu-lamasına Dair Yönetmelik,https://www.resmigazete.gov.tr/eskiler/2005/04/20050409-2.htm
2005-04-09,— Ödeme Gücü Olmayan Vatandaşların Tedavi Giderlerinin Devlet Tarafından Kar-şılanması ve Yeşil Kart Uygulaması Hakkında Yönetmelikte Değişiklik Yapılmasına Dair Yönetmelik,https://www.resmigazete.gov.tr/eskiler/2005/04/20050409-3.htm
2005-04-09,"— Cumhuriyet Üniversitesi Önlisans ve Lisans Eğitim, Öğretim ve Sınav Yönet-meliğinde Değişiklik Yapılmasına Dair Yönetmelik",https://www.resmigazete.gov.tr/eskiler/2005/04/20050409-4.htm
2005-04-09,— İşkolu Tespit Kararı (No: 2005/15),https://www.resmigazete.gov.tr/eskiler/2005/04/20050409-5.htm
2005-04-09,— Türk Patent Enstitüsünce Uygulanacak Olan Ücret Tarifesine İlişkin Tebliğde Deği-şiklik Yapılmasına Dair Tebliğ (BİK-TPE: 2005/3),https://www.resmigazete.gov.tr/eskiler/2005/04/20050409-6.htm
2005-04-10,2005/8612 Uluslararası Bağ ve Şarap Örgütünün Kuruluş Anlaşması’nın Onaylanması Hakkında Karar,https://www.resmigazete.gov.tr/eskiler/2005/04/20050410-1.htm
2005-04-10,"— Başbakanlığa, Devlet Bakanı ve Başbakan Yardımcısı Mehmet Ali ŞAHİN’in Vekâlet Etmesine Dair Tezkere",https://www.resmigazete.gov.tr/eskiler/2005/04/20050410-2.htm
2005-04-10,"— İçişleri Bakanlığına, Milli Savunma Bakanı M. Vecdi GÖNÜL’ün Vekâlet Etmesine Dair Tezkere",https://www.resmigazete.gov.tr/eskiler/2005/04/20050410-3.htm
2005-04-10,"— Ulaştırma Bakanlığına, Devlet Bakanı Güldal AKŞİT’in Vekâlet Etmesine Dair Tezkere",https://www.resmigazete.gov.tr/eskiler/2005/04/20050410-4.htm
2005-04-10,"— Enerji ve Tabii Kaynaklar Bakanlığına, Çevre ve Orman Bakanı Osman PEPE’nin Vekâlet Etmesine Dair Tezkere",https://www.resmigazete.gov.tr/eskiler/2005/04/20050410-5.htm
2005-04-10,— Millî Eğitim Bakanlığı Personeli Görevde Yükselme Yönetmeliğinde Değişiklik Yapıl-masına Dair Yönetmelik,https://www.resmigazete.gov.tr/eskiler/2005/04/20050410-6.htm
2005-04-11,"— Devlet Bakanı Kürşad TÜZMEN’e, Devlet Bakanı Mehmet AYDIN’ın Vekalet Etmesine Dair Tezkere",https://www.resmigazete.gov.tr/eskiler/2005/04/20050411-1.htm
2005-04-11,— İcra ve İflâs Kanunu Yönetmeliği,https://www.resmigazete.gov.tr/eskiler/2005/04/20050411-2.htm
2005-04-11,— 2005 Yılı Sosyal Sigortalar Kurumu Başkanlığı İlaç Listesi ve Uygulama Talimatı (Seri No: 2005/1),https://www.resmigazete.gov.tr/eskiler/2005/04/20050411-3.htm
2005-04-12,5330 Tarım Kredi Kooperatifleri ve Birlikleri Kanununda Değişiklik Yapılmasına ve Tarım Kredi Kooperatifleri ve Birlikleri Kanununda Değişiklik Yapılması Hakkında 553 Sayılı Kanun Hükmünde Kararnamenin Değiştirilerek Kabulüne Dair Kanun,https://www.resmigazete.gov.tr/eskiler/2005/04/20050412-1.htm
2005-04-12,"— Tarım ve Köyişleri Bakanlığına, Sağlık Bakanı Recep AKDAĞ'ın Vekâlet Etmesine Dair Tezkere",https://www.resmigazete.gov.tr/eskiler/2005/04/20050412-2.htm
2005-04-12,— Başbakanlığa Ait Atama Kararları,https://www.resmigazete.gov.tr/eskiler/2005/04/20050412-3.htm
2005-04-12,— Mera Yönetmeliğinde Değişiklik Yapılmasına Dair Yönetmelik,https://www.resmigazete.gov.tr/eskiler/2005/04/20050412-4.htm
2005-04-12,— Kamu İhale Kurumu Sicil Amirleri Yönetmeliğinde Değişiklik Yapılmasına Dair Yönetmelik,https://www.resmigazete.gov.tr/eskiler/2005/04/20050412-5.htm
2005-04-12,— Kamu İhale Kurumu Disiplin Amirleri Yönetmeliğinde Değişiklik Yapılmasına Dair Yönetmelik,https://www.resmigazete.gov.tr/eskiler/2005/04/20050412-6.htm
2005-04-12,— Bilim ve Teknoloji Yüksek Kurulu’nun 10 Mart 2005 Tarihli Kararları Hakkında Genelge (No: 2005/9),https://www.resmigazete.gov.tr/eskiler/2005/04/20050412-7.htm
2005-04-12,— Tehlikeli Maddeler Zorunlu Sorumluluk Sigortası Tarife ve Talimatı,https://www.resmigazete.gov.tr/eskiler/2005/04/20050412-8.htm
2005-04-12,— Tüpgaz Zorunlu Sorumluluk Sigortası Tarife ve Talimatı,https://www.resmigazete.gov.tr/eskiler/2005/04/20050412-9.htm
2005-04-12,— Türk Gıda Kodeksi Koyulaştırılmış Süt ve Süttozu Tebliği (No: 2005/18),https://www.resmigazete.gov.tr/eskiler/2005/04/20050412-10.htm
2005-04-12,"— Türk Gıda Kodeksi Tereyağı,Diğer Süt Yağı Esaslı Sürülebilir Ürünler ve Sadeyağ Tebliği (No: 2005/19)",https://www.resmigazete.gov.tr/eskiler/2005/04/20050412-11.htm
2005-04-12,— Dış Ticarette Standardizasyon Tebliğinde Değişiklik Yapılması Hakkında Tebliğ (No: 2005/15),https://www.resmigazete.gov.tr/eskiler/2005/04/20050412-12.htm
2005-04-13,2005/8661 Toplu Konut Kanunu Kapsamında Yapılacak Sözleşmelerde Uygulanacak Esaslarda Değişiklik Yapılmasına Dair Esaslar Hakkında Karar,https://www.resmigazete.gov.tr/eskiler/2005/04/20050413-1.htm
2005-04-13,"2005/8671 İhracatçı Birliklerinin Kuruluşu, İşleyişi, İştigal Sahaları, Organları, Üyelerin Hak ve Yükümlülüklerine Dair Kararda Değişiklik Yapılması Hakkında Karar",https://www.resmigazete.gov.tr/eskiler/2005/04/20050413-2.htm
2005-04-13,"— Cumhurbaşkanlığına, TBMM Başkanı Vekili Sadık YAKUT, Yurt Dışından Döndüğü Tarihten İtibaren de TBMM Başkanı Bülent ARINÇ’ın Vekâlet Etmesine Dair Tezkere",https://www.resmigazete.gov.tr/eskiler/2005/04/20050413-3.htm
2005-04-13,"— Devlet Bakanı Ali BABACAN’a, Devlet Bakanı Beşir ATALAY’ın Vekâlet Etmesine Dair Tezkere",https://www.resmigazete.gov.tr/eskiler/2005/04/20050413-4.htm
2005-04-13,— Kültür ve Turizm Bakanlığına Ait Atama Kararı,https://www.resmigazete.gov.tr/eskiler/2005/04/20050413-5.htm
2005-04-13,— Kamu Görevlileri Etik Davranış İlkeleri ile Başvuru Usul ve Esasları Hakkında Yönetmelik,https://www.resmigazete.gov.tr/eskiler/2005/04/20050413-6.htm
2005-04-13,— Taşınmaz Kültür Varlıklarının Korunmasına Ait Katkı Payına Dair Yönetmelik,https://www.resmigazete.gov.tr/eskiler/2005/04/20050413-7.htm
2005-04-13,— Petrol Piyasası Lisans Yönetmeliğinde Değişiklik Yapılmasına Dair Yönetmelik,https://www.resmigazete.gov.tr/eskiler/2005/04/20050413-9.htm
2005-04-13,— Kamu İhale Kurumu İnsan Kaynakları Yönetmeliğinde Değişiklik Yapılmasına Dair Yönetmelik,https://www.resmigazete.gov.tr/eskiler/2005/04/20050413-8.htm
2005-04-13,— Erciyes Üniversitesi Lisansüstü Eğitim-Öğretim ve Sınav Yönetmeliği,https://www.resmigazete.gov.tr/eskiler/2005/04/20050413-10.htm
2005-04-13,— Türkiye Motosiklet Federasyonu Ana Statüsü,https://www.resmigazete.gov.tr/eskiler/2005/04/20050413-11.htm
2005-04-13,— İşkolu Tespit Kararı (No: 2005/16),https://www.resmigazete.gov.tr/eskiler/2005/04/20050413-12.htm
2005-04-13,— İşkolu Tespit Kararı (No: 2005/17),https://www.resmigazete.gov.tr/eskiler/2005/04/20050413-13.htm
2005-04-13,— Özelleştirme Yüksek Kurulunun 2005/44 Sayılı Kararı,https://www.resmigazete.gov.tr/eskiler/2005/04/20050413-14.htm
2005-04-13,"— Anayasa Mahkemesinin E: 2004/118 (5272 Sayılı Kanun ile İlgili), K: 2005/8 Sayılı Kararı",https://www.resmigazete.gov.tr/eskiler/2005/04/20050413-15.htm
2005-04-14,"2005/8640 İstanbul İli, Küçükçekmece İlçesi-Sefaköy Mahallesi ile Bahçelievler İlçesi-Yenibosna Mahallesi Hudutları Dahilinde Bulunan Bazı Taşınmazların Acele Kamulaştırılması Hakkında Karar",https://www.resmigazete.gov.tr/eskiler/2005/04/20050414-1.htm
2005-04-14,"2005/8641 İstanbul İli, Bağcılar İlçesi-Kirazlı Mahallesi, Küçükçekmece İlçesi- Sefaköy ve Halkalı ile Bahçelievler İlçesi-Yenibosna Hudutları Dahilinde Bulunan Bazı Taşınmazların Acele Kamulaştırılması Hakkında Karar",https://www.resmigazete.gov.tr/eskiler/2005/04/20050414-2.htm
2005-04-14,"2005/8647 Uyuşturucu Madde Yakalamalarında Ödenecek İkramiyelere Esas Teşkil Etmek Üzere,Her Türlü Uyuşturucu Maddenin Birim Miktarı İçin Uygulanacak Sabit Rakamların Tespit Edilmesine İlişkin Karar",https://www.resmigazete.gov.tr/eskiler/2005/04/20050414-3.htm
2005-04-14,— Yurt Dışı Teşkilatında Sürekli Görevlendirilecek Tarım Müşavirlerinin Atanmalarının Esas ve Usullerine Dair Yönetmelikte Değişiklik Yapılması Hakkında Yönetmelik,https://www.resmigazete.gov.tr/eskiler/2005/04/20050414-4.htm
2005-04-14,"— Anayasa Mahkemesinin E: 2003/36 (4848 Sayılı Kültür ve Turizm Bakanlığı Teşkilât ve Görevleri Hakkında Kanun ile İlgili), K: 2003/91 Sayılı Kararı",https://www.resmigazete.gov.tr/eskiler/2005/04/20050414-5.htm
2005-04-15,2005/8636 Türkiye Cumhuriyeti ile Avrupa Birliği Arasındaki İşbirliği Çerçevesinde Temin Edilecek Mali Yardımların Uygulanmasına İlişkin “Çerçeve Anlaşma”nın Onaylanması Hakkında Karar,https://www.resmigazete.gov.tr/eskiler/2005/04/20050415-1.htm
2005-04-15,"2005/8630 Türkiye Atom Enerjisi Kurumu Tarafından, 4734 sayılı Kamu İhale Kanunu’nun 3 üncü Maddesinin (f) Bendi Kapsamında Yapılacak İhalelere İlişkin Esaslar Hakkında Karar",https://www.resmigazete.gov.tr/eskiler/2005/04/20050415-2.htm
2005-04-15,"2005/8686 Küçük ve Orta Ölçekli İşletmelerin Desteklenmesi Amacıyla Avrupa Konseyi Kalkınma Bankasından Sağlanan Kredinin 4 üncü Dilimini Teşkil Eden Toplam 7.000.000 Euro Tutarındaki Krediye İlişkin Türkiye Cumhuriyeti ile Adı Geçen Banka Arasında İmzalanan Ekli Tamamlayıcı Anlaşmanın, 05/04/2005 Tarihinden Geçerli Olmak Üzere Yürürlüğe Girmesi Hakkında Karar",https://www.resmigazete.gov.tr/eskiler/2005/04/20050415-3.htm
2005-04-15,"— Devlet Bakanı Mehmet AYDIN’a, Devlet Bakanı ve Başbakan Yardımcısı Mehmet Ali ŞAHİN’in Vekâlet Etmesine Dair Tezkere",https://www.resmigazete.gov.tr/eskiler/2005/04/20050415-4.htm
2005-04-15,"— Sanayi ve Ticaret Bakanlığına, Adalet Bakanı Cemil ÇİÇEK’in Vekâlet Etmesine Dair Tezkere",https://www.resmigazete.gov.tr/eskiler/2005/04/20050415-5.htm
2005-04-15,"— Adalet, Maliye,Millî Eğitim, Sağlık, Ulaştırma, Tarım ve Köyişleri, Enerji ve Tabii Kaynaklar,Kültür ve Turizm ile Çevre ve Orman Bakanlıklarına Ait Atama Kararları",https://www.resmigazete.gov.tr/eskiler/2005/04/20050415-6.htm
2005-04-15,— Antrenör Eğitim Yönetmeliğinde Değişiklik Yapılmasına Dair Yönetmelik,https://www.resmigazete.gov.tr/eskiler/2005/04/20050415-7.htm
2005-04-15,— Sertifikalı Tohumluk ve Fidan Desteği ile Patates Siğili Görülen Alanlarda Alternatif Ürün Desteği Hakkında Tebliğ (No: 2005/20),https://www.resmigazete.gov.tr/eskiler/2005/04/20050415-8.htm
2005-04-15,— İthalatta Gözetim Uygulanmasına İlişkin 2004/3 Sayılı Tebliğ’de Değişiklik Yapılması Hakkında Tebliğ,https://www.resmigazete.gov.tr/eskiler/2005/04/20050415-9.htm
2005-04-15,— İthalatta Korunma Önlemlerine İlişkin Tebliğ (No: 2005/3),https://www.resmigazete.gov.tr/eskiler/2005/04/20050415-10.htm
2005-04-15,— Gümrük Genel Tebliği (Gümrük İşlemleri) (Seri No: 36),https://www.resmigazete.gov.tr/eskiler/2005/04/20050415-11.htm
2005-04-15,"— Kaydileştirilen Sermaye Piyasası Araçlarına İlişkin Kayıtların Tutulmasının Usul ve Esasları Hakkında Tebliğde Değişiklik Yapılmasına Dair Tebliğ (Seri: IV, No: 36)",https://www.resmigazete.gov.tr/eskiler/2005/04/20050415-12.htm
2005-04-16,5331 Sanayi ve Ticaret Bakanlığının Teşkilât ve Görevleri Hakkında Kanuna Bir Ek Madde Eklenmesine İlişkin Kanun,https://www.resmigazete.gov.tr/eskiler/2005/04/20050416-1.htm
2005-04-16,5332 Sendikalar Kanununun Bazı Maddelerinin Değiştirilmesine Dair Kanun,https://www.resmigazete.gov.tr/eskiler/2005/04/20050416-2.htm
2005-04-16,"2005/8670 Kütlü Pamuk, Yağlık Ayçiçeği, Soya Fasulyesi, Kanola, Dane Mısır, Zeytinyağı ve Sofralık Ham Zeytin Üreticilerine Destekleme Primi Ödenmesine Dair Karar",https://www.resmigazete.gov.tr/eskiler/2005/04/20050416-3.htm
2005-04-16,— Hükümlü Halis OK’un Kalan Cezasının Kaldırılmasına Dair Karar (No: 2005/10),https://www.resmigazete.gov.tr/eskiler/2005/04/20050416-4.htm
2005-04-16,— Çevre ve Orman Bakanlığına Ait Atama Kararı,https://www.resmigazete.gov.tr/eskiler/2005/04/20050416-5.htm
2005-04-16,— Çiftçi Kayıt Sistemi Yönetmeliği,https://www.resmigazete.gov.tr/eskiler/2005/04/20050416-6.htm
2005-04-16,— 1972 Konteynerlerle İlgili Gümrük Sözleşmesi’nin ve Geçici İthal Sözleşmesi’nin Konteynerlerle İlgili Hükümlerinin Uygulanmasına Dair Yönetmelik,https://www.resmigazete.gov.tr/eskiler/2005/04/20050416-7.htm
2005-04-16,— Damga Vergisi Kanunu Genel Tebliği (Seri No: 44),https://www.resmigazete.gov.tr/eskiler/2005/04/20050416-8.htm
2005-04-16,— İhracat 2004/4 Sayılı Sektörel Dış Ticaret Şirketleri Statüsüne İlişkin Tebliğ’de Değişiklik Yapılmasına Dair Tebliğ (İhracat: 2005/7),https://www.resmigazete.gov.tr/eskiler/2005/04/20050416-9.htm
2005-04-17,— Gençlik ve Spor Genel Müdürlüğü Sporcu Eğitim Merkezleri Yönetmeliğinde Değişiklik Yapılmasına Dair Yönetmelik,https://www.resmigazete.gov.tr/eskiler/2005/04/20050417-1.htm
2005-04-17,— Emniyet Teşkilatı Personeli Kimlik Kartları ile Polis Kimlik Kokartları Yönetmeliğinde Değişiklik Yapılmasına Dair Yönetmelik,https://www.resmigazete.gov.tr/eskiler/2005/04/20050417-2.htm
2005-04-17,— Yargıtay 2. Hukuk Dairesine Ait 6 Adet Karar,https://www.resmigazete.gov.tr/eskiler/2005/04/20050417-3.htm
2005-04-18,"— Fikir ve Sanat Eserlerinin Tespit Edildiği Materyallerin Dolum, Çoğaltım ve Satışını Yapan veya Yayan İşletmelerin Sertifikalandırılmasına İlişkin Usul ve Esaslar Hakkında Yönetmelik",https://www.resmigazete.gov.tr/eskiler/2005/04/20050418-1.htm
2005-04-18,— İşkolu Tespit Kararı (No: 2005/18),https://www.resmigazete.gov.tr/eskiler/2005/04/20050418-2.htm
2005-04-18,— İşkolu Tespit Kararı (No: 2005/19),https://www.resmigazete.gov.tr/eskiler/2005/04/20050418-3.htm
2005-04-19,2005/8681 Geliştirme Ödeneği Ödenmesine Dair Karar,https://www.resmigazete.gov.tr/eskiler/2005/04/20050419-1.htm
2005-04-19,— Balıkesir İli Marmara İlçesine Bağlı Avşa (Türkeli) Beldesinin İsminin “AVŞA” Olarak Değiştirilmesine Dair Karar,https://www.resmigazete.gov.tr/eskiler/2005/04/20050419-2.htm
2005-04-19,— Türkiye Cumhuriyeti Devlet Demiryolları İşletmesi Genel Müdürlüğü Hatlarında Diğer Şahıslara Ait Trenlerin İşletilmesine Dair Yönetmelik,https://www.resmigazete.gov.tr/eskiler/2005/04/20050419-3.htm
2005-04-19,— Bitkisel Atık Yağların Kontrolü Yönetmeliği,https://www.resmigazete.gov.tr/eskiler/2005/04/20050419-4.htm
2005-04-19,— Tiftik Üreticilerinin Desteklenmesine ve Doğrudan Destek Ödemeleri İçin Gerekli Finansmanın Destekleme ve Fiyat İstikrar Fonu’ndan Karşılanmasına İlişkin Bakanlar Kurulu Kararı Uygulama Tebliği (No: 2005/2),https://www.resmigazete.gov.tr/eskiler/2005/04/20050419-5.htm
2005-04-19,"— Danıştay İçtihatları Birleştirme Kurulu Kararı (E: 2004/1, K: 2004/1)",https://www.resmigazete.gov.tr/eskiler/2005/04/20050419-6.htm
2005-04-20,"2005/8683 Devlet Su İşleri Genel Müdürlüğü Tarafından Yürütülmekte Olan Değişik Bölgelerdeki 8 Adet Sulama Projesi İçin Avrupa Konseyi Kalkınma Bankasından Sağlanan Kredi Kapsamında, Karaova, Biga-Bakacak, Aslantaş II. Merhale,Antalya-Elmalı, Bitlis-Ahlat ve Demirdöven Sulama Projeleri İçin Temin Edilen Krediye İlişkin Türkiye Cumhuriyeti ile Adı Geçen Banka Arasında İmzalanan Tamamlayıcı Anlaşma’nın Yürürlüğe Girmesi Hakkında Karar",https://www.resmigazete.gov.tr/eskiler/2005/04/20050420-1.htm
2005-04-20,"— Başbakanlığa, Devlet Bakanı ve Başbakan Yardımcısı Abdüllatif ŞENER’in Vekâlet Etmesine Dair Tezkere",https://www.resmigazete.gov.tr/eskiler/2005/04/20050420-2.htm
2005-04-20,"— Dışişleri Bakanlığı ve Başbakan Yardımcılığına, Devlet Bakanı Kürşad TÜZMEN’in Vekâlet Etmesine Dair Tezkere",https://www.resmigazete.gov.tr/eskiler/2005/04/20050420-3.htm
2005-04-20,"— Milli Savunma Bakanlığına, İçişleri Bakanı Abdülkadir AKSU’nun Vekâlet Etmesine Dair Tezkere",https://www.resmigazete.gov.tr/eskiler/2005/04/20050420-4.htm
2005-04-20,"— Sağlık Bakanlığına, Milli Eğitim Bakanı Hüseyin ÇELİK’in Vekâlet Etmesine Dair Tezkere",https://www.resmigazete.gov.tr/eskiler/2005/04/20050420-5.htm
2005-04-20,"— Sanayi ve Ticaret Bakanlığına, Ulaştırma Bakanı Binali YILDIRIM’ın Vekâlet Etmesine Dair Tezkere",https://www.resmigazete.gov.tr/eskiler/2005/04/20050420-6.htm
2005-04-20,— Dış Ticaret Sermaye Şirketlerine İlişkin Karar,https://www.resmigazete.gov.tr/eskiler/2005/04/20050420-7.htm
2005-04-21,2005/8667 “Devlet Su İşleri Genel Müdürlüğü’nün 2005 Yılı Sulama ve Kurutma Tesisleri İşletme ve Bakım Ücret Tarifeleri”nin Onaylanması Hakkında Karar,https://www.resmigazete.gov.tr/eskiler/2005/04/20050421-1.htm
2005-04-21,"— Maliye, Sağlık, Çalışma ve Sosyal Güvenlik, Sanayi ve Ticaret, Enerji ve Tabii Kaynaklar ile Kültür ve Turizm Bakanlıklarına Ait Atama Kararları",https://www.resmigazete.gov.tr/eskiler/2005/04/20050421-2.htm
2005-04-21,— Türkiye Bilimsel ve Teknik Araştırma Kurumu Başkanlığına Doğrudan Bağlı Enstitülerin Kuruluş ve İşletmesine İlişkin Çerçeve Yönetmeliğinde Değişiklik Yapılmasına Dair Yönetmelik,https://www.resmigazete.gov.tr/eskiler/2005/04/20050421-3.htm
2005-04-21,"— Devlet Bakanı ve Başbakan Yardımcılığı ile Devlet, İçişleri, Bayındırlık ve İskan, Çalışma ve Sosyal Güvenlik, Sanayi ve Ticaret, Enerji ve Tabii Kaynaklar, Çevre ve Orman Bakanlıklarına Ait Bazı Yönetmeliklerin Yürürlükten Kaldırılmasına Dair Yönetmelikler",https://www.resmigazete.gov.tr/eskiler/2005/04/20050421-4.htm
2005-04-21,— Petrol Piyasasında Yapılacak Denetimler İçin Kamu Kurum ve Kuruluşları ile Özel Denetim Kuruluşlarından Hizmet Alımına İlişkin Usul ve Esaslar,https://www.resmigazete.gov.tr/eskiler/2005/04/20050421-5.htm
2005-04-21,— Kamu Mali Yönetiminde Değişim Çalışmaları ile İlgili 2005/10 Sayılı Başbakanlık Genelgesi,https://www.resmigazete.gov.tr/eskiler/2005/04/20050421-6.htm
2005-04-21,— Yurt Dışına Yapılan Teknik Yardımların Envanterinin Tutulması ve Uygulamanın Koordinasyonu ile İlgili 2005/11 Sayılı Başbakanlık Genelgesi,https://www.resmigazete.gov.tr/eskiler/2005/04/20050421-7.htm
2005-04-21,— Yapı Ruhsatlarının Sosyal Sigortalar Kurumuna Gönderilmesi ve Yapı Kullanma İzin Belgesinin Verilmesinde Kurumca Düzenlenmiş “Borcu Yoktur” Yazısının Aranılması Hakkında Tebliğ,https://www.resmigazete.gov.tr/eskiler/2005/04/20050421-8.htm
2005-04-21,— Peloidlerin Üretimi ve Satışı Hakkında Tebliğ,https://www.resmigazete.gov.tr/eskiler/2005/04/20050421-9.htm
2005-04-21,— 2005 Yılı Mart Ayına Ait Dahilde İşleme İzin Belgelerinin Sektörel Dağılımı Hakkında Tebliğ,https://www.resmigazete.gov.tr/eskiler/2005/04/20050421-10.htm
2005-04-21,— 2005 Yılı Mart Ayına Ait Yurt İçi Satış ve Teslimler ile İlgili Belgelerin Sektörel Dağılımı Hakkında Tebliğ,https://www.resmigazete.gov.tr/eskiler/2005/04/20050421-11.htm
2005-04-21,— 2005 Yılı Mart Ayına Ait Hariçte İşleme İzin Belgelerinin Sektörel Dağılımı Hakkında Tebliğ,https://www.resmigazete.gov.tr/eskiler/2005/04/20050421-12.htm
2005-04-21,— 2005 Yılı Mart Ayına Ait Vergi Resim ve Harç İstisnası Belgelerinin Sektörel Dağılımı Hakkında Tebliğ,https://www.resmigazete.gov.tr/eskiler/2005/04/20050421-13.htm
2005-04-21,— Firma Talebine İstinaden İptal Edilen Dahilde İşleme İzin Belgeleri Hakkında Tebliğ,https://www.resmigazete.gov.tr/eskiler/2005/04/20050421-14.htm
2005-04-21,— Re’sen Kapatılan Dahilde İşleme İzin Belgeleri Hakkında Tebliğ,https://www.resmigazete.gov.tr/eskiler/2005/04/20050421-15.htm
2005-04-21,— Gümrük Genel Tebliğ (Tarife-Sınıflandırma Kararları) (Seri No: 5),https://www.resmigazete.gov.tr/eskiler/2005/04/20050421-16.htm
2005-04-21,— Akaryakıt Haricinde Kalan Petrol Ürünlerinin İthalinde Uygulanacak Usul ve Esaslara İlişkin Tebliğde Değişiklik Yapılmasına İlişkin Tebliğ,https://www.resmigazete.gov.tr/eskiler/2005/04/20050421-17.htm
2005-04-21,— Yurt İçinde Üretilen Bazı Akaryakıt Haricinde Kalan Petrol Ürünlerinin Yurt İçinde Satışında Uygulanacak Usul ve Esaslara İlişkin Tebliğ,https://www.resmigazete.gov.tr/eskiler/2005/04/20050421-18.htm
2005-04-22,2005/8680 Yatırımlarda Devlet Yardımları Hakkında Karar’da Değişiklik Yapılmasına Dair Karar,https://www.resmigazete.gov.tr/eskiler/2005/04/20050422-1.htm
2005-04-22,2005/8704 4760 Sayılı Özel Tüketim Vergisi Kanununa Ekli (I) Sayılı Listede Yer Alan Mallarda Uygulanan Özel Tüketim Vergisinin Yürürlüğe Konulması Hakkında Karar,https://www.resmigazete.gov.tr/eskiler/2005/04/20050422-2.htm
2005-04-22,2005/8706 İthalat Rejimi Kararına Ek Karar'ın Yürürlüğe Konulması Hakkında Karar,https://www.resmigazete.gov.tr/eskiler/2005/04/20050422-3.htm
2005-04-22,2005/8708 2004-2005 Dönemi Hububat Ürünü Alımı ve Satımı Hakkında Karar’da Değişiklik Yapılmasına Dair Karar,https://www.resmigazete.gov.tr/eskiler/2005/04/20050422-4.htm
2005-04-22,"— Dışişleri Bakanlığı ve Başbakan Yardımcılığına, Milli Savunma Bakanı M. Vecdi GÖNÜL’ün Vekâlet Etmesine Dair Tezkere",https://www.resmigazete.gov.tr/eskiler/2005/04/20050422-5.htm
2005-04-22,"— Adalet Bakanlığına, İçişleri Bakanı Abdülkadir AKSU’nun Vekâlet Etmesine Dair Tezkere",https://www.resmigazete.gov.tr/eskiler/2005/04/20050422-6.htm
2005-04-22,— Gazi Üniversitesi Deprem Araştırma ve Uygulama Merkezi Yönetmeliği,https://www.resmigazete.gov.tr/eskiler/2005/04/20050422-7.htm
2005-04-22,— Otomatik Olmayan Tartı Aletleriyle İlgili Uyumlaştırılmış Ulusal Standardlara Dair Tebliğ (No: ÖSGM-2005/07),https://www.resmigazete.gov.tr/eskiler/2005/04/20050422-8.htm
2005-04-24,2005/8675 Tarım Reformu Uygulama Alanı Toprak Normu Esasları'nın Yürürlüğe Konulması Hakkında Karar,https://www.resmigazete.gov.tr/eskiler/2005/04/20050424-1.htm
2005-04-24,"— Dışişleri Bakanlığı ve Başbakan Yardımcılığına, Milli Savunma Bakanı M.Vecdi GÖNÜL’ün Vekâlet Etmesine Dair Tezkere",https://www.resmigazete.gov.tr/eskiler/2005/04/20050424-2.htm
2005-04-24,"— Devlet Bakanı ve Başbakan Yardımcısı Mehmet Ali ŞAHİN’e, Tarım ve Köyişleri Bakanı Sami GÜÇLÜ’nün Vekâlet Etmesine Dair Tezkere",https://www.resmigazete.gov.tr/eskiler/2005/04/20050424-3.htm
2005-04-24,"— Devlet Bakanı Mehmet AYDIN’a, Devlet Bakanı Kürşad TÜZMEN’in Vekâlet Etmesine Dair Tezkere",https://www.resmigazete.gov.tr/eskiler/2005/04/20050424-4.htm
2005-04-24,"2005/8702 Bakanlık Müşaviri,Büyükelçi Mustafa Uğur ERGUN’un,Yeni Zelanda Nezdinde Türkiye Cumhuriyeti Büyükelçisi Olarak Atanmasına Dair Karar",https://www.resmigazete.gov.tr/eskiler/2005/04/20050424-5.htm
2005-04-24,"— Başbakanlık, Adalet, Millî Eğitim, Ulaştırma, Tarım ve Köyişleri, Enerji ve Tabii Kaynaklar ile Kültür ve Turizm Bakanlıklarına Ait Atama Kararları",https://www.resmigazete.gov.tr/eskiler/2005/04/20050424-6.htm
2005-04-24,— Küçük ve Orta Ölçekli Sanayi Geliştirme ve Destekleme İdaresi Başkanlığı (KOSGEB) Destekleri Yönetmeliği,https://www.resmigazete.gov.tr/eskiler/2005/04/20050424-7.htm
2005-04-24,— Cumhuriyet Üniversitesi Radyo-Televizyon Araştırma ve Uygulama Merkezi Yönetmeliği,https://www.resmigazete.gov.tr/eskiler/2005/04/20050424-8.htm
2005-04-24,— Türkiye Kayak ve Kızak Federasyonuna İdari ve Mali Yönden Özerklik Verilmesine Dair Karar,https://www.resmigazete.gov.tr/eskiler/2005/04/20050424-9.htm
2005-04-24,"— Anayasa Mahkemesinin E: 2003/32 (Siyasi Parti Mali Denetimi),K: 2005/1 Sayılı Kararı",https://www.resmigazete.gov.tr/eskiler/2005/04/20050424-10.htm
2005-04-25,"— Dışişleri Bakanlığı ve Başbakan Yardımcılığına, Milli Savunma Bakanı M. Vecdi GÖNÜL’ün Vekâlet Etmesine Dair Tezkere",https://www.resmigazete.gov.tr/eskiler/2005/04/20050425-1.htm
2005-04-25,"— Halk Oyunları Hakem, Gözlemci ve Saha Komiseri Yönetmeliğinde Değişiklik Yapılmasına Dair Yönetmelik",https://www.resmigazete.gov.tr/eskiler/2005/04/20050425-2.htm
2005-04-25,— Milli Eğitim Bakanlığı Taşımalı İlköğretim Yönetmeliğinde Değişiklik Yapılmasına Dair Yönetmelik,https://www.resmigazete.gov.tr/eskiler/2005/04/20050425-3.htm
2005-04-25,— Türk Patent Enstitüsü Danışma Kurulunun Çalışma Usul ve Esasları Hakkında Yönetmelik,https://www.resmigazete.gov.tr/eskiler/2005/04/20050425-4.htm
2005-04-25,— Türk Mühendis ve Mimar Odaları Birliği Jeofizik Mühendisleri Odası Ana Yönetmeliği,https://www.resmigazete.gov.tr/eskiler/2005/04/20050425-5.htm
2005-04-26,2005/8668 Kamu Sektörüne Dahil İdarelerin İhalesi Yapılmış ve Yapılacak İşlerinde İhale Usul ve Şekillerine Göre Fiyat Farkı Hesabında Uygulayacakları Esaslarda Değişiklik Yapılmasına İlişkin Esaslar’ın Yürürlüğe Konulması Hakkında Karar,https://www.resmigazete.gov.tr/eskiler/2005/04/20050426-1.htm
2005-04-26,"2005/8687 Celal Bayar Üniversitesi Rektörlüğüne Bağlı Akhisar Uygulamalı Bilimler Yüksekokulunun Adının, Uygulamalı Bilimler Yüksekokulu Olarak Değiştirilmesi Hakkında Karar",https://www.resmigazete.gov.tr/eskiler/2005/04/20050426-2.htm
2005-04-26,"2005/8695 Vakıflar Genel Müdürlüğü Bünyesinde Düzenlenen Hizmet İçi Eğitim, Kurs ve Seminerlerde Ücretle Okutulacak Ders Saatlerinin Sayısı, Ders Görevi Alacakların Nitelikleri ve Diğer Hususların Tespitine İlişkin Esaslar’ın Yürürlüğe Konulması Hakkında Karar",https://www.resmigazete.gov.tr/eskiler/2005/04/20050426-3.htm
2005-04-26,2005/8705 Şeker İhracı ve Şeker Fiyatlarının Tespiti ile Bünyesinde Şeker İhtiva Eden İhraca Konu Mamul Üretimi Yapan İmalatçı-İhracatçılara Dünya Borsa Fiyatları Baz Alınmak Suretiyle Şeker Satışı Yapılması Konusunda Türkiye Şeker Fabrikaları Anonim Şirketi'nin Görevlendirilmesine Dair Bazı Kararnamelerin Yürürlükten Kaldırılmasına İlişkin Karar,https://www.resmigazete.gov.tr/eskiler/2005/04/20050426-4.htm
2005-04-26,2005/8707 İl Özel İdarelerinde Kullanılmak Üzere Genel Sekreter Kadrolarının İhdası Hakkında Karar,https://www.resmigazete.gov.tr/eskiler/2005/04/20050426-5.htm
2005-04-26,2005/8716 4760 Sayılı Özel Tüketim Vergisi Kanunu'na Ekli (IV) Sayılı Listede Yer Alan Bazı Mallarda Uygulanan Özel Tüketim Vergisi ile İlgili Karar,https://www.resmigazete.gov.tr/eskiler/2005/04/20050426-6.htm
2005-04-26,"— Devlet Bakanı Güldal AKŞİT’e, Enerji ve Tabii Kaynaklar Bakanı M. Hilmi GÜLER’in Vekâlet Etmesine Dair Tezkere",https://www.resmigazete.gov.tr/eskiler/2005/04/20050426-7.htm
2005-04-26,2005/8703 Kamu Kurum ve Kuruluşlarının Daimi Kadrolarına İlk Defa İşçi Olarak Alınacaklar Hakkında Uygulanacak Sınav Yönetmeliğinde Değişiklik Yapılmasına Dair Yönetmelik,https://www.resmigazete.gov.tr/eskiler/2005/04/20050426-8.htm
2005-04-26,— Gençlik ve Spor Genel Müdürlüğü Sağlık Yüksek Kurulu Kuruluş ve Çalışma Yönetmeliği,https://www.resmigazete.gov.tr/eskiler/2005/04/20050426-9.htm
2005-04-26,— Gençlik ve Spor Genel Müdürlüğü Gençlik ve Spor Faaliyetlerinin Düzenlenmesine Dair Yönetmelik,https://www.resmigazete.gov.tr/eskiler/2005/04/20050426-10.htm
2005-04-26,— Güzellik ve Estetik Amaçlı Sağlık Kuruluşları Hakkında Yönetmelikte Değişiklik Yapılmasına Dair Yönetmelik,https://www.resmigazete.gov.tr/eskiler/2005/04/20050426-11.htm
2005-04-26,— Elektrik Piyasası Kanununun 11 inci Maddesi Uyarınca 1/1/2005 Tarihinden İtibaren Uygulanacak Para Cezaları Hakkında Tebliğde Değişiklik Yapılmasına İlişkin Tebliğ,https://www.resmigazete.gov.tr/eskiler/2005/04/20050426-12.htm
2005-04-26,— Doğal Gaz Piyasası Kanununun 9 uncu Maddesi Uyarınca 1/1/2005 Tarihinden İtibaren Uygulanacak Para Cezaları Hakkında Tebliğde Değişiklik Yapılmasına İlişkin Tebliğ,https://www.resmigazete.gov.tr/eskiler/2005/04/20050426-13.htm
2005-04-26,— 4054 Sayılı Kanunun 16 ve 17 nci Maddelerinde Düzenlenmiş Olan İdari Para Cezalarının Artırıldığının Duyurulmasına İlişkin 2005/1 ve 2005/2 Sayılı Tebliğlerde Değişiklik Yapılmasına Dair Tebliğ (No: 2005/3),https://www.resmigazete.gov.tr/eskiler/2005/04/20050426-14.htm
2005-04-26,"— Anayasa Mahkemesinin E: 2003/70 (4916 Sayılı Kanun ile İlgili), K: 2005/14 Sayılı Kararı",https://www.resmigazete.gov.tr/eskiler/2005/04/20050426-15.htm
2005-04-27,5335 Bazı Kanun ve Kanun Hükmünde Kararnamelerde Değişiklik Yapılmasına Dair Kanun,https://www.resmigazete.gov.tr/eskiler/2005/04/20050427-1.htm
2005-04-27,"— Devlet Bakanı Mehmet AYDIN’a, Devlet Bakanı Beşir ATALAY’ın Vekâlet Etmesine Dair Tezkere",https://www.resmigazete.gov.tr/eskiler/2005/04/20050427-2.htm
2005-04-27,"— Çevre ve Orman Bakanlığına, Milli Eğitim Bakanı Hüseyin ÇELİK’in Vekâlet Etmesine Dair Tezkere",https://www.resmigazete.gov.tr/eskiler/2005/04/20050427-3.htm
2005-04-27,— Okan Üniversitesi Avrasya Uygulama ve Araştırma Merkezi Yönetmeliği,https://www.resmigazete.gov.tr/eskiler/2005/04/20050427-4.htm
2005-04-27,— İthalatta Haksız Rekabetin Önlenmesine İlişkin Tebliğ (No: 2005/9),https://www.resmigazete.gov.tr/eskiler/2005/04/20050427-5.htm
2005-04-27,— İthalatta Haksız Rekabetin Önlenmesine İlişkin Tebliğ (No: 2005/10),https://www.resmigazete.gov.tr/eskiler/2005/04/20050427-6.htm
2005-04-28,844 Milletvekili Lojmanlarında Mustafa Güngör'ün Öldürülmesinin Aydınlatılması ve Sorumluların Belirlenmesi Amacıyla Kurulan Meclis Araştırması Komisyonuna Üye Seçimine İlişkin Karar,https://www.resmigazete.gov.tr/eskiler/2005/04/20050428-1.htm
2005-04-28,845 Ağrı Milletvekili Cemal Kaya'nın Türkiye Büyük Millet Meclisi Üyeliğinin Düştüğüne İlişkin Karar,https://www.resmigazete.gov.tr/eskiler/2005/04/20050428-2.htm
2005-04-28,2005/8688 Türkiye Cumhuriyeti Hükümeti ile İsrail Devleti Hükümeti Arasında Bitki Koru-ma ve Karantina Alanında Anlaşma’nın Onaylanması Hakkında Karar,https://www.resmigazete.gov.tr/eskiler/2005/04/20050428-3.htm
2005-04-28,2005/8697 Türkiye Cumhuriyeti Tarım ve Köyişleri Bakanlığı ile Küba Cumhuriyeti Tarım Bakanlığı Arasında Karantina ve Bitki Koruma Alanında İşbirliği Anlaşması’nın Onaylanması Hakkında Karar,https://www.resmigazete.gov.tr/eskiler/2005/04/20050428-4.htm
2005-04-28,"— Sanayi ve Ticaret Bakanlığına, Adalet Bakanı Cemil ÇİÇEK’in Vekâlet Etmesine Dair Tezkere",https://www.resmigazete.gov.tr/eskiler/2005/04/20050428-5.htm
2005-04-28,— Hopa Liman Yönetmeliğinde Değişiklik Yapılmasına Dair Yönetmelik,https://www.resmigazete.gov.tr/eskiler/2005/04/20050428-6.htm
2005-04-28,— Tuzla Liman Yönetmeliğinde Değişiklik Yapılmasına Dair Yönetmelik,https://www.resmigazete.gov.tr/eskiler/2005/04/20050428-7.htm
2005-04-28,— Cumhuriyet Üniversitesi Kangal Köpeği Araştırma ve Yetiştirme Merkezi Yönetmeliği,https://www.resmigazete.gov.tr/eskiler/2005/04/20050428-8.htm
2005-04-28,— Dumlupınar Üniversitesi Sağlık Hizmetleri Eğitim Araştırma ve Uygulama Merkezi Yönetmeliği,https://www.resmigazete.gov.tr/eskiler/2005/04/20050428-9.htm
2005-04-28,— Beşeri Tıbbi Ürünlerin Fiyatları Hakkında Tebliğ'de Değişiklik Yapılmasına Dair Tebliğ,https://www.resmigazete.gov.tr/eskiler/2005/04/20050428-10.htm
2005-04-29,2005/8715 Muğla Üniversitesi Rektörlüğüne bağlı olarak Yabancı Diller Yüksekokulu Kurulması Hakkında Karar,https://www.resmigazete.gov.tr/eskiler/2005/04/20050429-1.htm
2005-04-29,"— Ordu İli Akkuş İlçesine Bağlı “Yenikonak” Beldesinin İsminin, “KIZILELMA” Olarak Değiştirilmesi Hakkında Karar",https://www.resmigazete.gov.tr/eskiler/2005/04/20050429-2.htm
2005-04-29,— Gazi Üniversitesi Görme ve Öğrenme Yetersizliği Olan Çocukları Araştırma ve Uygulama Merkezi Yönetmeliği,https://www.resmigazete.gov.tr/eskiler/2005/04/20050429-3.htm
2005-04-30,"— Devlet Bakanı Kürşad TÜZMEN’e, Çalışma ve Sosyal Güvenlik Bakanı Murat BAŞESGİOĞLU’nun Vekâlet Etmesine Dair Tezkere",https://www.resmigazete.gov.tr/eskiler/2005/04/20050430-1.htm
2005-04-30,— Hakimler ve Savcılar Yüksek Kuruluna Ait Karar,https://www.resmigazete.gov.tr/eskiler/2005/04/20050430-2.htm
2005-04-30,— Kamu Kurum ve Kuruluşlarında Çalışan Görevlilerin Islahçı Hakkından Yararlanmasına İlişkin Yönetmelik,https://www.resmigazete.gov.tr/eskiler/2005/04/20050430-3.htm
2005-04-30,"— Bitkisel Üretimle İlişkili Olarak, Doğrudan Gelir Desteği Ödemesi Yapılmasına İlişkin Tebliğ (No: 2005/21)",https://www.resmigazete.gov.tr/eskiler/2005/04/20050430-4.htm
2005-04-30,— Avrupa Topluluğu Menşeli Bazı Tarım Ürünleri İthalatında Tarife Kontenjanı Uygulan-masına İlişkin Tebliğ’de Değişiklik Yapılmasına Dair Tebliğ,https://www.resmigazete.gov.tr/eskiler/2005/04/20050430-5.htm
2005-04-30,— Romanya Menşeli ve Çıkışlı Bazı Tarım Ürünleri İthalatında Tarife Kontenjanı Uygulan-masına İlişkin Tebliğ’de Değişiklik Yapılmasına Dair Tebliğ,https://www.resmigazete.gov.tr/eskiler/2005/04/20050430-6.htm
2005-04-30,— Hırvatistan Cumhuriyeti Menşeli Bazı Tarım ve İşlenmiş Tarım Ürünleri İthalatında Tarife Kontenjanı Uygulanmasına İlişkin Tebliğ’de Değişiklik Yapılmasına Dair Tebliğ,https://www.resmigazete.gov.tr/eskiler/2005/04/20050430-7.htm
2005-04-30,— İthalatta Gözetim ve Korunma Önlemlerine İlişkin 2004/6 Sayılı Tebliğ’de Değişiklik Yapılması Hakkında Tebliğ,https://www.resmigazete.gov.tr/eskiler/2005/04/20050430-8.htm
2005-04-30,— İthalatta Gözetim ve Korunma Önlemlerine İlişkin 2003/10 Sayılı Tebliğ’in Yürürlükten Kaldırılması Hakkında Tebliğ,https://www.resmigazete.gov.tr/eskiler/2005/04/20050430-9.htm
2005-04-30,— Solvent ve Bazı Petrol Ürünleri İthaline İlişkin İthalat: (2005/12) Sayılı Tebliğde Değişiklik Yapılması Hakkında Tebliğ,https://www.resmigazete.gov.tr/eskiler/2005/04/20050430-10.htm
2005-04-30,— Dış Ticarette Standardizasyon Tebliği (No: 2005/14),https://www.resmigazete.gov.tr/eskiler/2005/04/20050430-11.htm
2005-04-30,— Dış Ticarette Standardizasyon Tebliğinde Değişiklik Yapılması Hakkında Tebliğ (No: 2005/16),https://www.resmigazete.gov.tr/eskiler/2005/04/20050430-12.htm
2005-04-30,— Dış Ticarette Standardizasyon Tebliğinde Değişiklik Yapılması Hakkında Tebliğ (No: 2005/17),https://www.resmigazete.gov.tr/eskiler/2005/04/20050430-13.htm
2005-04-30,— Gümrük Genel Tebliği (Tarife-Sınıflandırma Kararları) (Seri No: 6),https://www.resmigazete.gov.tr/eskiler/2005/04/20050430-14.htm
2005-05-01,"— Başbakanlığa, Dışişleri Bakanı ve Başbakan Yardımcısı Abdullah GÜL’ün Vekâlet Etme-sine Dair Tezkere",https://www.resmigazete.gov.tr/eskiler/2005/05/20050501-1.htm
2005-05-01,"— Milli Savunma Bakanlığına, Çevre ve Orman Bakanı Osman PEPE’nin Vekâlet Etmesine Dair Tezkere",https://www.resmigazete.gov.tr/eskiler/2005/05/20050501-2.htm
2005-05-01,"— Tarım ve Köyişleri Bakanlığına, Sağlık Bakanı Recep AKDAĞ’ın Vekâlet Etmesine Dair Tezkere",https://www.resmigazete.gov.tr/eskiler/2005/05/20050501-3.htm
2005-05-01,"— Sanayi ve Ticaret Bakanlığına, Adalet Bakanı Cemil ÇİÇEK’in Vekâlet Etmesine Dair Tezkere",https://www.resmigazete.gov.tr/eskiler/2005/05/20050501-4.htm
2005-05-01,"— Enerji ve Tabii Kaynaklar Bakanlığına, Ulaştırma Bakanı Binali YILDIRIM’ın Vekâlet Etme-sine Dair Tezkere",https://www.resmigazete.gov.tr/eskiler/2005/05/20050501-5.htm
2005-05-01,— Motorlu Bir Araçla Çarpışma Öncesinde ve Çarpışma Halinde Yayaların ve Diğer Korumasız Karayolu Kullanıcılarının Korunması ile İlgili Tip Onayı Yönetmeliği (2003/102/AT),https://www.resmigazete.gov.tr/eskiler/2005/05/20050501-6.htm
2005-05-02,2005/8679 Türkiye Cumhuriyeti Tarım ve Köyişleri Bakanlığı ile Küba Cumhuriyeti Tarım Bakanlığı Arasında Veterinerlik Alanında İşbirliği Anlaşması’nın Onaylanması Hakkında Karar,https://www.resmigazete.gov.tr/eskiler/2005/05/20050502-1.htm
2005-05-02,"— Maliye Bakanlığına, Devlet Bakanı ve Başbakan Yardımcısı Abdüllatif ŞENER’in Vekâlet Etmesine Dair Tezkere",https://www.resmigazete.gov.tr/eskiler/2005/05/20050502-2.htm
2005-05-02,— Afyon Kocatepe Üniversitesi Yabancı Dil Hazırlık Sınıfı Eğitim-Öğretim ve Sınav Yönetmeliği,https://www.resmigazete.gov.tr/eskiler/2005/05/20050502-3.htm
2005-05-02,— Okan Üniversitesi Yabancı Dil Hazırlık Programı Eğitim-Öğretim Yönetmeliğinde Değişiklik Yapılmasına Dair Yönetmelik,https://www.resmigazete.gov.tr/eskiler/2005/05/20050502-4.htm
2005-05-02,— İşkolu Tespit Kararı (No: 2005/20),https://www.resmigazete.gov.tr/eskiler/2005/05/20050502-5.htm
2005-05-02,— 2005 Yılı Mart Ayına Ait Yatırım Teşvik Belgelerinin Sektörel Dağılımı Hakkında Tebliğ,https://www.resmigazete.gov.tr/eskiler/2005/05/20050502-6.pdf
2005-05-02,— 2005 Yılı Mart Ayında Verilen Belgeler ve Yararlandırılan Teşvik Unsurları Hakkında Tebliğ,https://www.resmigazete.gov.tr/eskiler/2005/05/20050505-7.pdf
2005-05-03,5334 Mera Kanununda Değişiklik Yapılması Hakkında Kanun,https://www.resmigazete.gov.tr/eskiler/2005/05/20050503-1.htm
2005-05-03,5337 Emniyet Teşkilatı Kanununda Değişiklik Yapılmasına Dair Kanun,https://www.resmigazete.gov.tr/eskiler/2005/05/20050503-2.htm
2005-05-03,5338 Diyanet İşleri Başkanlığının Kuruluş ve Görevleri Hakkında Kanunda Değişiklik Yapılmasına Dair Kanun,https://www.resmigazete.gov.tr/eskiler/2005/05/20050503-3.htm
2005-05-03,5339 2006 Yılı Programının Hazırlanmasına Dair Kanun,https://www.resmigazete.gov.tr/eskiler/2005/05/20050503-4.htm
2005-05-03,2005/8770 Fakir Ailelere Kömür Yardımı Yapılmasına İlişkin Karar,https://www.resmigazete.gov.tr/eskiler/2005/05/20050503-5.htm
2005-05-03,"2005/8713 Telekomünikasyon Kurulu Başkanlığına, Tayfun ACARER’in Atanması Hakkında Karar",https://www.resmigazete.gov.tr/eskiler/2005/05/20050503-6.htm
2005-05-03,"— Devlet Bakanı ve Başbakan Yardımcılığı, Bayındırlık ve İskan, Çalışma ve Sosyal Güvenlik, Kültür ve Turizm ile Çevre ve Orman Bakanlıklarına Ait Atama Kararları",https://www.resmigazete.gov.tr/eskiler/2005/05/20050503-7.htm
2005-05-03,— Gençlik ve Spor Genel Müdürlüğü Olimpiyat ve Bölgesel Oyunları Hazırlık ve Düzenleme Kurulu Çalışma Yönetmeliği,https://www.resmigazete.gov.tr/eskiler/2005/05/20050503-8.htm
2005-05-03,— Serbest Bölgeler Uygulama Yönetmeliğinde Değişiklik Yapılmasına Dair Yönetmelik,https://www.resmigazete.gov.tr/eskiler/2005/05/20050503-9.htm
2005-05-03,— Türkiye Basketbol Federasyonu Ana Statüsü,https://www.resmigazete.gov.tr/eskiler/2005/05/20050503-10.htm
2005-05-03,— Yaş İpekböceği Kozası Üreticilerinin Desteklenmesine ve Doğrudan Destek Ödemeleri İçin Gerekli Finansman İle Bursa Koza Tarım Satış Kooperatifleri Birliği (Kozabirlik) Tarafından Yaş İpekböceği Kozası Üreticilerine Ücretsiz Dağıtılacak İpekböceği Tohumu Bedellerinin Destekleme ve Fiyat İstikrar Fonu'ndan Karşılanmasına İlişkin Bakanlar Kurulu Kararı Uygulama Tebliği (No: 2005 /1),https://www.resmigazete.gov.tr/eskiler/2005/05/20050503-11.htm
2005-05-04,"— İçişleri Bakanlığına, Adalet Bakanı Cemil ÇİÇEK’in Vekâlet Etmesine Dair Tezkere",https://www.resmigazete.gov.tr/eskiler/2005/05/20050504-1.htm
2005-05-04,"— Bayındırlık ve İskan Bakanlığına, Maliye Bakanı Kemal UNAKITAN’ın Vekâlet Etmesine Dair Tezkere",https://www.resmigazete.gov.tr/eskiler/2005/05/20050504-2.htm
2005-05-04,"— Tarım ve Köyişleri Bakanlığına, Sağlık Bakanı Recep AKDAĞ’ın Vekâlet Etmesine Dair Tezkere",https://www.resmigazete.gov.tr/eskiler/2005/05/20050504-3.htm
2005-05-04,"— Kültür ve Turizm Bakanlığına, Milli Eğitim Bakanı Hüseyin ÇELİK’in Vekâlet Etmesine Dair Tezkere",https://www.resmigazete.gov.tr/eskiler/2005/05/20050504-4.htm
2005-05-04,"— Uyuşmazlık Mahkemesi Ceza Bölümü Yedek Üyeliğine, Hak. Alb. Nuri NECİPOĞLU’nun Seçilmesine Dair Karar (No: 2005/11)",https://www.resmigazete.gov.tr/eskiler/2005/05/20050504-5.htm
2005-05-04,— Adalet Bakanlığına Ait Atama Kararı,https://www.resmigazete.gov.tr/eskiler/2005/05/20050504-6.htm
2005-05-04,2005/8625 Kamu Kurum ve Kuruluşları Personel Servis Hizmet Yönetmeliğinde Değişiklik Yapılmasına Dair Yönetmelik,https://www.resmigazete.gov.tr/eskiler/2005/05/20050504-7.htm
2005-05-04,2005/8714 Kamu Görevlerine İlk Defa Atanacaklar İçin Yapılacak Sınavlar Hakkında Genel Yönetmelikte Değişiklik Yapılmasına Dair Yönetmelik,https://www.resmigazete.gov.tr/eskiler/2005/05/20050504-8.htm
2005-05-04,"— Devlet Bakanı ve Başbakan Yardımcılığı, Devlet, Maliye, Milli Eğitim, Bayındırlık ve İskan, Ça-lışma ve Sosyal Güvenlik, Kültür ve Turizm, Çevre ve Orman Bakanlıkları, T.C. Ziraat Bankası A.Ş. ile Türkiye Şeker Fabrikaları A.Ş. Genel Müdürlüklerine Ait Bazı Yönetmeliklerin Yürürlükten Kaldırılmasına Dair Yönetmelikler",https://www.resmigazete.gov.tr/eskiler/2005/05/20050504-9.htm
2005-05-04,— Tarımsal Sulamada Kullanılan Elektrik Enerjisi Desteği Hakkında Tebliğ (No: 2005/22),https://www.resmigazete.gov.tr/eskiler/2005/05/20050504-10.htm
2005-05-04,— İşkolu Tespit Kararı (No: 2005/21),https://www.resmigazete.gov.tr/eskiler/2005/05/20050504-11.htm
2005-05-04,— İşkolu Tespit Kararı (No: 2005/22),https://www.resmigazete.gov.tr/eskiler/2005/05/20050504-12.htm
2005-05-04,— Gümrük Vergisi Askıya Alınması ve Avrupa Birliği Tarafından Tarife Kontenjanı Açılması Plan-lanan Ürünlere İlişkin Tebliğ (İthalat 2005/21),https://www.resmigazete.gov.tr/eskiler/2005/05/20050504-13.htm
2005-05-04,DÜZELTME (Tekdüzen Hesap Planı ve İzahnamesi Hakkında Tebliğde Değişiklik Yapılmasına Dair Tebliğ ile İlgili),https://www.resmigazete.gov.tr/eskiler/2005/05/20050504-14.htm
2005-05-05,40 Çeşitli Kanunlarda Değişiklik Yapılmasına Dair Kanun,https://www.resmigazete.gov.tr/eskiler/2005/05/20050505-1.htm
2005-05-05,5342 Türkiye Cumhuriyeti ile Fas Krallığı Arasında Gelir Üzerinden Alınan Vergilerde Çifte Vergilendirmeyi Önleme ve Vergi Kaçakçılığına Engel Olma Anlaşmasının Onaylanmasının Uygun Bulunduğuna Dair Kanun,https://www.resmigazete.gov.tr/eskiler/2005/05/20050505-2.htm
2005-05-05,5343 Türkiye Cumhuriyeti ile Lübnan Cumhuriyeti Arasında Gelir Üzerinden Alınan Vergilerde Çifte Vergilendirmeyi Önleme ve Vergi Kaçakçılığına Engel Olma Anlaşmasının Onaylanmasının Uygun Bulunduğuna Dair Kanun,https://www.resmigazete.gov.tr/eskiler/2005/05/20050505-3.htm
2005-05-05,2005/8741 Tarım Reformu Genel Müdürlüğü Teftiş Kurulu Tüzüğünde Değişiklik Yapılmasına İlişkin Tüzük,https://www.resmigazete.gov.tr/eskiler/2005/05/20050505-4.htm
2005-05-05,2005/8748 4736 Sayılı Kanunun 1 inci Maddesinin Birinci Fıkrası Hükmünden Muaf Tutulacakların Tespitine Dair 28/1/2002 Tarihli ve 2002/3654 Sayılı Kararnamenin Eki Kararda Değişiklik Yapılmasına İlişkin Karar,https://www.resmigazete.gov.tr/eskiler/2005/05/20050505-5.htm
2005-05-05,2005/8767 Kemer Yat Limanının Daimi Yolcu Giriş-Çıkış Deniz Hudut Kapısı Olarak Tespiti Hak-kında Karar,https://www.resmigazete.gov.tr/eskiler/2005/05/20050505-6.htm
2005-05-05,2005/8771 4734 Sayılı Kamu İhale Kanununa Göre İhalesi Yapılacak Olan Mal Alımlarına İlişkin Fiyat Farkı Hesabında Uygulanacak Esaslarda Değişiklik Yapılmasına Dair Esaslar’ın Yürürlüğe Konulması Hakkında Karar,https://www.resmigazete.gov.tr/eskiler/2005/05/20050505-7.htm
2005-05-05,"— Dışişleri Bakanlığı ve Başbakan Yardımcılığına, Devlet Bakanı Kürşad TÜZMEN’in Vekâlet Etmesine Dair Tezkere",https://www.resmigazete.gov.tr/eskiler/2005/05/20050505-8.htm
2005-05-05,"— Devlet Bakanı Beşir ATALAY’a, Devlet Bakanı ve Başbakan Yardımcısı Abdüllatif ŞENER’in Vekâlet Etmesine Dair Tezkere",https://www.resmigazete.gov.tr/eskiler/2005/05/20050505-9.htm
2005-05-05,"— Devlet, Bayındırlık ve İskan, Kültür ve Turizm Bakanlıklarına Ait Atama Kararları",https://www.resmigazete.gov.tr/eskiler/2005/05/20050505-10.htm
2005-05-05,2005/8718 Yedek Personel Erteleme Yönetmeliğinde Değişiklik Yapılmasına Dair Yönetmelik,https://www.resmigazete.gov.tr/eskiler/2005/05/20050505-11.htm
2005-05-05,2005/8720 Yataklı Tedavi Kurumları İşletme Yönetmeliğinde Değişiklik Yapılmasına Dair Yönetmelik,https://www.resmigazete.gov.tr/eskiler/2005/05/20050505-12.htm
2005-05-05,2005/8722 Derneklerin İzinle Kurabileceği Tesisler Hakkında Yönetmeliğin Yürürlükten Kaldırılma-sına Dair Yönetmelik,https://www.resmigazete.gov.tr/eskiler/2005/05/20050505-13.htm
2005-05-05,— İhracatçı Birlikleri Yönetmeliğinde Değişiklik Yapılması Hakkında Yönetmelik,https://www.resmigazete.gov.tr/eskiler/2005/05/20050505-14.htm
2005-05-05,— Özel Güvenlik Hizmetlerine Dair Kanunun Uygulanmasına İlişkin Yönetmelikte Değişiklik Yapılmasına Dair Yönetmelik,https://www.resmigazete.gov.tr/eskiler/2005/05/20050505-15.htm
2005-05-05,— İyi Tarım Uygulamalarına İlişkin Yönetmelikte Değişiklik Yapılmasına Dair Yönetmelik,https://www.resmigazete.gov.tr/eskiler/2005/05/20050505-16.htm
2005-05-05,— Türk Mühendis ve Mimar Odaları Birliği Bilirkişi Yönetmeliği,https://www.resmigazete.gov.tr/eskiler/2005/05/20050505-17.htm
2005-05-05,— Aracı Kurumların Tedrici Tasfiye Usul ve Esasları Hakkında Yönetmelikte Değişiklik Yapılmasına Dair Yönetmelik,https://www.resmigazete.gov.tr/eskiler/2005/05/20050505-18.htm
2005-05-05,— Akdeniz Üniversitesi İletişim Araştırmaları ve Uygulama Merkezi Yönetmeliği,https://www.resmigazete.gov.tr/eskiler/2005/05/20050505-19.htm
2005-05-05,— Gazi Üniversitesi Transplantasyon Merkezi Yönetmeliğinde Değişiklik Yapılmasına Dair Yönetmelik,https://www.resmigazete.gov.tr/eskiler/2005/05/20050505-20.htm
2005-05-05,— İstanbul Üniversitesi Yaz Öğretimi Yönetmeliğinde Değişiklik Yapılmasına Dair Yönetmelik,https://www.resmigazete.gov.tr/eskiler/2005/05/20050505-21.htm
2005-05-05,— İzmir Yüksek Teknoloji Enstitüsü Öğretim Elemanlarının Teknoloji Geliştirme Bölgelerinde Görevlendirilme ve Şirket Kurabilmelerine İlişkin Uygulama Yönetmeliği,https://www.resmigazete.gov.tr/eskiler/2005/05/20050505-22.htm
2005-05-05,— İşkolu Tespit Kararı (No: 2005/23),https://www.resmigazete.gov.tr/eskiler/2005/05/20050505-23.htm
2005-05-06,5336 Emniyet Teşkilatı Kanununda Değişiklik Yapılması Hakkında Kanun,https://www.resmigazete.gov.tr/eskiler/2005/05/20050506-1.htm
2005-05-06,2005/8742 Adalet Bakanlığı Ana Hizmet Birimleri ile Yardımcı Hizmet Birimleri Bünyesinde Bulunan (24) Adet Daire Başkanlığının Birimler İtibarıyla Dağılımlarının Yeniden Düzenlenmesi Hakkında Karar,https://www.resmigazete.gov.tr/eskiler/2005/05/20050506-2.htm
2005-05-06,"— Devlet Bakanı Ali BABACAN’a, Çevre ve Orman Bakanı Osman PEPE’nin Vekâlet Etmesine Dair Tezkere",https://www.resmigazete.gov.tr/eskiler/2005/05/20050506-3.htm
2005-05-06,— Hâkimler ve Savcılar Yüksek Kuruluna Ait Karar,https://www.resmigazete.gov.tr/eskiler/2005/05/20050506-4.htm
2005-05-06,— Maliye Bakanlığı Milli Emlak Kontrolörleri Yönetmeliğinde Değişiklik Yapılmasına Dair Yönetmelik,https://www.resmigazete.gov.tr/eskiler/2005/05/20050506-5.htm
2005-05-06,— İzmir Ekonomi Üniversitesi Alım Satım Yönetmeliğinde Değişiklik Yapılmasına Dair Yönetmelik,https://www.resmigazete.gov.tr/eskiler/2005/05/20050506-6.htm
2005-05-06,— 2005 Mali Yılı Bütçe Uygulama Talimatı (Sıra No: 9),https://www.resmigazete.gov.tr/eskiler/2005/05/20050506-7.htm
2005-05-07,5341 Siyasî Partiler Kanununda Değişiklik Yapılması Hakkında Kanun,https://www.resmigazete.gov.tr/eskiler/2005/05/20050507-1.htm
2005-05-07,2005/8723 Türkiye-Libya Karma Ekonomik Komisyonu 19. Dönem Toplantısı Protokolu’nun Onaylanması Hakkında Karar,https://www.resmigazete.gov.tr/eskiler/2005/05/20050507-2.htm
2005-05-07,"2005/8730 2464 Sayılı Belediye Gelirleri Kanunu’nun 65, 74, 77, 84 ve Ek 6 ncı Maddelerinde Belirlenen Maktu Harç Tarifelerinin, Belediye Grupları İtibarıyla Tespit Edilmesi Hakkında Karar",https://www.resmigazete.gov.tr/eskiler/2005/05/20050507-3.htm
2005-05-07,2005/8749 Bazı Kadroların 190 Sayılı Genel Kadro ve Usulü Hakkında Kanun Hükmünde Kararnamenin Eki (I) Sayılı Cetvelin İlgili Kurum ve Kuruluşlara İlişkin Bölümlerinden İptal Edilerek Çıkarılması ve Bazı Kadroların Aynı Cetvelin Sağlık Bakanlığına İlişkin Bölümüne Eklenmesi Hakkında Karar,https://www.resmigazete.gov.tr/eskiler/2005/05/20050507-4.htm
2005-05-07,"2005/8753 2005 Yılı Programının Uygulanması, Koordinasyonu ve İzlenmesine Dair Kararda Değişiklik Yapılması Hakkında Karar",https://www.resmigazete.gov.tr/eskiler/2005/05/20050507-5.htm
2005-05-07,"— Hâkimler ve Savcılar Yüksek Kurulu Yedek Üyeliğine, Yargıtay Üyesi Salih Sırrı UZ’un Seçilmesine Dair Karar (No: 2005/12)",https://www.resmigazete.gov.tr/eskiler/2005/05/20050507-6.htm
2005-05-07,"— Milli Savunma, İçişleri, Sanayi ve Ticaret, Enerji ve Tabii Kaynaklar, Kültür ve Turizm ile Çevre Orman Bakanlıklarına Ait Atama Kararları",https://www.resmigazete.gov.tr/eskiler/2005/05/20050507-7.htm
2005-05-07,— Sınır Tespitine Dair Karar,https://www.resmigazete.gov.tr/eskiler/2005/05/20050507-8.htm
2005-05-07,— Radyo ve Televizyon Üst Kurulu Arşiv Hizmetleri Yönetmeliğinin Yürürlükten Kaldırılmasına Dair Yönetmelik,https://www.resmigazete.gov.tr/eskiler/2005/05/20050507-9.htm
2005-05-07,— Mersin Üniversitesi İlkyardım Araştırma ve Uygulama Merkezi Yönetmeliği,https://www.resmigazete.gov.tr/eskiler/2005/05/20050507-10.htm
2005-05-08,"— Başbakanlığa, Devlet Bakanı ve Başbakan Yardımcısı Mehmet Ali ŞAHİN’in Vekâlet Etmesine Dair Tezkere",https://www.resmigazete.gov.tr/eskiler/2005/05/20050508-1.htm
2005-05-08,"— Devlet Bakanı Kürşad TÜZMEN’e, Sanayi ve Ticaret Bakanı Ali COŞKUN’un Vekâlet Etmesine Dair Tezkere",https://www.resmigazete.gov.tr/eskiler/2005/05/20050508-2.htm
2005-05-08,— Polis Meslek Eğitim Merkezleri Giriş Yönetmeliği,https://www.resmigazete.gov.tr/eskiler/2005/05/20050508-3.htm
2005-05-08,— Polis Meslek Eğitim Merkezleri Eğitim-Öğretim Yönetmeliği,https://www.resmigazete.gov.tr/eskiler/2005/05/20050508-4.htm
2005-05-08,— Diyaliz Merkezleri Hakkında Yönetmelik,https://www.resmigazete.gov.tr/eskiler/2005/05/20050508-5.htm
2005-05-08,"— Ege Üniversitesi Elektron Mikroskopi, Görüntüleme, Araştırma ve Uygulama Merkezi Yönetmeliği",https://www.resmigazete.gov.tr/eskiler/2005/05/20050508-6.htm
2005-05-08,— Yargıtay 2. Hukuk Dairesine Ait Karar,https://www.resmigazete.gov.tr/eskiler/2005/05/20050508-7.htm
2005-05-09,2005/8740 Uluslararası Yasal Metroloji Örgütü Kuruluş Sözleşmesi’ne Katılmamız Hakkında Karar,https://www.resmigazete.gov.tr/eskiler/2005/05/20050509-1.htm
2005-05-09,"— Cumhurbaşkanlığına, Türkiye Büyük Millet Meclisi Başkanı Vekili İsmail ALPTEKİN’in Vekâlet Etmesine Dair Tezkere",https://www.resmigazete.gov.tr/eskiler/2005/05/20050509-2.htm
2005-05-09,"— Dışişleri Bakanlığı ve Başbakan Yardımcılığına, Milli Savunma Bakanı M. Vecdi GÖNÜL’ün Vekâlet Etmesine Dair Tezkere",https://www.resmigazete.gov.tr/eskiler/2005/05/20050509-3.htm
2005-05-09,"— Devlet Bakanı Kürşad TÜZMEN’e, Sanayi ve Ticaret Bakanı Ali COŞKUN’un Vekâlet Etmesine Dair Tezkere",https://www.resmigazete.gov.tr/eskiler/2005/05/20050509-4.htm
2005-05-09,"— Uludağ Üniversitesi Öğrenci Kültür-Sanat, Spor ve Bilim Etkinlikleri Yönetmeliği",https://www.resmigazete.gov.tr/eskiler/2005/05/20050509-5.htm
2005-05-09,— İthalatta Korunma Önlemlerine İlişkin Tebliğ (No: 2005/4),https://www.resmigazete.gov.tr/eskiler/2005/05/20050509-6.htm
2005-05-09,— İthalatta Haksız Rekabetin Önlenmesine İlişkin Tebliğ (No: 2005/11),https://www.resmigazete.gov.tr/eskiler/2005/05/20050509-7.htm
2005-05-09,— İthalatta Haksız Rekabetin Önlenmesine İlişkin Tebliğ (No: 2005/12),https://www.resmigazete.gov.tr/eskiler/2005/05/20050509-8.htm
2005-05-10,"2005/8765 Şanlıurfa İli, Viranşehir İlçesi, Merkez Bucak, Aslanbaba Köyüne Bağlı Uğurlu Mezrasının Ana Köyden Ayrılarak “Uğurlu” Adıyla Bağımsız Köy Haline Getirilmesi Hakkında Karar",https://www.resmigazete.gov.tr/eskiler/2005/05/20050510-1.htm
2005-05-10,"2005/8776 Yurt Dışında Bulunan Türk Vatandaşlarının Yurt Dışında Geçen Sürelerinin Sosyal Güvenlikleri Bakımından Değerlendirilecek Her Bir Günü İçin Tahakkuk Ettirilecek Prim, Kesenek ve Karşılık Borcu Tutarının 5 Dolara Yükseltilmesi Hakkında Karar",https://www.resmigazete.gov.tr/eskiler/2005/05/20050510-2.htm
2005-05-10,"— Ulaştırma Bakanlığına, Enerji ve Tabii Kaynaklar Bakanı M. Hilmi GÜLER’in Vekâlet Etmesine Dair Tezkere",https://www.resmigazete.gov.tr/eskiler/2005/05/20050510-3.htm
2005-05-10,2005/8774 Spor Hizmet ve Faaliyetlerinde Üstün Başarı Gösterenlerin Ödüllen dirilmesine Dair Yönetmelikte Değişiklik Yapılmasına Dair Yönetmelik,https://www.resmigazete.gov.tr/eskiler/2005/05/20050510-4.htm
2005-05-10,— İstanbul Bilgi Üniversitesi Atatürk İlkeleri ve İnkılap Tarihi Araştırma ve Uygulama Merkezi Yönetmeliği,https://www.resmigazete.gov.tr/eskiler/2005/05/20050510-5.htm
2005-05-10,— İstanbul Bilgi Üniversitesi Avrupa Birliği Uygulama ve Araştırma Merkezi Yönetmeliği,https://www.resmigazete.gov.tr/eskiler/2005/05/20050510-6.htm
2005-05-10,— İstanbul Bilgi Üniversitesi Göç Çalışmaları Uygulama ve Araştırma Merkezi Yönetmeliği,https://www.resmigazete.gov.tr/eskiler/2005/05/20050510-7.htm
2005-05-10,— Selçuk Üniversitesi Veteriner Fakültesi Eğitim-Öğretim ve Sınav Yönetmeliğinde Değişiklik Yapılmasına Dair Yönetmelik,https://www.resmigazete.gov.tr/eskiler/2005/05/20050510-8.htm
2005-05-10,— Selçuk Üniversitesi Lisansüstü Eğitim ve Öğretim Yönetmeliğinde Değişiklik Yapılmasına Dair Yönetmelik,https://www.resmigazete.gov.tr/eskiler/2005/05/20050510-9.htm
2005-05-10,— Özürlülere Verilecek Sağlık Kurulu Raporları Hakkında Yönetmelik Ekinde Yer Alan Özürlü Sağlık Kurulu Raporu Vermeye Yetkili Sağlık Kuruluşları Listesinin Yeniden Düzenlenmesine İlişkin Tebliğ,https://www.resmigazete.gov.tr/eskiler/2005/05/20050510-10.htm
2005-05-11,2005/8763 Türkiye Cumhuriyeti Başbakanlık Devlet Arşivleri Genel Müdürlüğü ile Cezayir Demokratik Halk Cumhuriyeti Ulusal Arşivleri Genel Müdürlüğü Arasında İşbirliği Protokolü’nün Onaylanması Hakkında Karar,https://www.resmigazete.gov.tr/eskiler/2005/05/20050511-1.htm
2005-05-11,2005/8778 Tiftik İhracatının Murakabesine Dair Nizamnamenin Yürürlükten Kaldırılmasına İlişkin Tüzük,https://www.resmigazete.gov.tr/eskiler/2005/05/20050511-2.htm
2005-05-11,2005/8779 Palamut İhracatının Murakabesine Dair Nizamnamenin Yürürlükten Kaldırılmasına İlişkin Tüzük,https://www.resmigazete.gov.tr/eskiler/2005/05/20050511-3.htm
2005-05-11,2005/8792 Antepfıstığı İhracatının Denetlenmesine Dair Tüzüğün Yürürlükten Kaldırılmasına İlişkin Tüzük,https://www.resmigazete.gov.tr/eskiler/2005/05/20050511-4.htm
2005-05-11,"2005/8783 Hendek Belediyesinin, Büyükşehir İlçe Belediyesi Olarak Adapazarı Büyükşehir Belediyesi Sınırları İçine Alınması Hakkında Karar",https://www.resmigazete.gov.tr/eskiler/2005/05/20050511-5.htm
2005-05-11,2005/8785 Sinema ve Müzik Sanatı Destekleme Fonu Hakkında Yönetmeliğin Yürürlükten Kaldırılmasına İlişkin Yönetmelik,https://www.resmigazete.gov.tr/eskiler/2005/05/20050511-6.htm
2005-05-11,"2005/8786 Sinema, Video ve Müzik Eserlerinin Denetlenmesi Hakkında Yönetmeliğin Yürürlükten Kaldırılmasına İlişkin Yönetmelik",https://www.resmigazete.gov.tr/eskiler/2005/05/20050511-7.htm
2005-05-11,"— Emekli ve Malullük Aylığı Bağlanmış Olanlarla,Bunların Kanunen Bakmakla Yükümlü Bulundukları Aile Fertleri,Dul ve Yetim Aylığı Alanların Muayene ile Tedavileri Hakkında Yönetmelikte Değişiklik Yapılmasına Dair Yönetmelik",https://www.resmigazete.gov.tr/eskiler/2005/05/20050511-8.htm
2005-05-11,— Y abancı Para Net Genel Pozisyon/Özkaynak Standart Oranının Bankalarca Konsolide ve Konsolide Olmayan Bazda Hesaplanmasına ve Uygulanmasına İlişkin Esaslar Hakkında Yönetmelikte Değişiklik Yapılmasına Dair Yönetmelik,https://www.resmigazete.gov.tr/eskiler/2005/05/20050511-9.htm
2005-05-11,— Telekomünikasyon Hizmet ve Altyapılarına İlişkin Yetkilendirme Yönetmeliğinde Değişiklik Yapılmasına Dair Yönetmelik,https://www.resmigazete.gov.tr/eskiler/2005/05/20050511-10.htm
2005-05-11,— Dokuz Eylül Üniversitesi Yüzey Teknolojileri ve Hasar Analizi Araştırma ve Uygulama Merkezi Yönetmeliği,https://www.resmigazete.gov.tr/eskiler/2005/05/20050511-11.htm
2005-05-11,— İstanbul Ticaret Üniversitesi Önlisans ve Lisans Eğitim-Öğretim ve Sınav Yönetmeliğinde Değişiklik Yapılmasına Dair Yönetmelik,https://www.resmigazete.gov.tr/eskiler/2005/05/20050511-12.htm
2005-05-11,— İstanbul Ticaret Üniversitesi Çift Anadal ve Yan Dal Programları Yönetmeliğinde Değişiklik Yapılmasına Dair Yönetmelik,https://www.resmigazete.gov.tr/eskiler/2005/05/20050511-13.htm
2005-05-11,— İzmir Yüksek Teknoloji Enstitüsü Jeotermal Enerji Araştırma ve Uygulama Merkezi Yönetmeliği,https://www.resmigazete.gov.tr/eskiler/2005/05/20050511-14.htm
2005-05-11,— Bazı Çeltik ve Pirinç Türlerinin İthalatında Tarife Kontenjanı Uygulanmasına İlişkin Tebliğde Değişiklik Yapılmasına Dair Tebliğ,https://www.resmigazete.gov.tr/eskiler/2005/05/20050511-15.htm
2005-05-11,— İthalat: (2005/20) Sayılı Bazı Maddelerin İthalatının İzlenmesine İlişkin Tebliğ’de Değişiklik Yapılmasına İlişkin Tebliğ,https://www.resmigazete.gov.tr/eskiler/2005/05/20050511-16.htm
2005-05-11,— İthalatta Gözetim Uygulanmasına İlişkin Tebliğ (No: 2005/7),https://www.resmigazete.gov.tr/eskiler/2005/05/20050511-17.htm
2005-05-12,846 (10/238) Esas Numaralı Meclis Araştırması Komisyonunun Görev Süresinin Uzatılmasına İlişkin Karar,https://www.resmigazete.gov.tr/eskiler/2005/05/20050512-1.htm
2005-05-12,"2005/8761 Türkiye-Cezayir Ekonomik, Bilimsel ve Teknik İşbirliği Karma Komisyonu 8 inci Dönem Toplantısı Tutanağı'nın Onaylanması Hakkında Karar",https://www.resmigazete.gov.tr/eskiler/2005/05/20050512-2.htm
2005-05-12,"— Başbakanlığa, Devlet Bakanı ve Başbakan Yardımcısı Mehmet Ali ŞAHİN’in Vekâlet Etmesine Dair Tezkere",https://www.resmigazete.gov.tr/eskiler/2005/05/20050512-3.htm
2005-05-12,"— Çevre ve Orman Bakanlığına, Tarım ve Köyişleri Bakanı Sami GÜÇLÜ’nün Vekâlet Etmesine Dair Tezkere",https://www.resmigazete.gov.tr/eskiler/2005/05/20050512-4.htm
2005-05-12,— Doğal Gaz Piyasası Sertifika Yönetmeliğinde Değişiklik Yapılmasına İlişkin Yönetmelik,https://www.resmigazete.gov.tr/eskiler/2005/05/20050512-5.htm
2005-05-12,— Trakya Üniversitesi Lisansüstü Eğitim-Öğretim Yönetmeliğinde Değişiklik Yapılmasına Dair Yönetmelik,https://www.resmigazete.gov.tr/eskiler/2005/05/20050512-6.htm
2005-05-12,— 2005 Mali Yılı Bütçe Uygulama Talimatı (Sıra No: 10),https://www.resmigazete.gov.tr/eskiler/2005/05/20050512-7.htm
2005-05-12,— Emlak Vergisi Kanunu Genel Tebliği (Seri No: 44),https://www.resmigazete.gov.tr/eskiler/2005/05/20050512-8.htm
2005-05-12,— Vergi Usul Kanunu Genel Tebliği (Sıra No: 348),https://www.resmigazete.gov.tr/eskiler/2005/05/20050512-9.htm
2005-05-13,— Devlet Muhasebesi Standartları Kurulunun Yapısı ve Çalışma Usul ve Esasları Hakkında Yönetmelik,https://www.resmigazete.gov.tr/eskiler/2005/05/20050513-1.htm
2005-05-13,— Sahil Sağlık Denetleme Merkezlerinde Uygulanacak Sağlık İşlemlerine İlişkin Yönetmelik,https://www.resmigazete.gov.tr/eskiler/2005/05/20050513-2.htm
2005-05-13,— İşkolu Tespit Kararı (No: 2005/25),https://www.resmigazete.gov.tr/eskiler/2005/05/20050513-3.htm
2005-05-13,"— Sermaye Piyasasında Faaliyette Bulunanlar İçin Lisanslama ve Sicil Tutmaya İlişkin Esaslar Hakkında Tebliğde Değişiklik Yapılmasına Dair Tebliğ (Seri: VIII, No: 44)",https://www.resmigazete.gov.tr/eskiler/2005/05/20050513-4.htm
2005-05-14,847 Bazı Girişimcilerce Holding Adı Altında Gerçekleştirilen İzinsiz Halka Arz Yoluyla Tasarruf Sahiplerinin Mağduriyetine Yol Açılmasının Neden ve Sonuçlarıyla Bu Süreçte SPK’nın Sorumluluğunun Araştırılarak Alınması Gereken Önlemlerin Belirlenmesi Amacıyla Kurulan Meclis Araştırması Komisyonuna Üye Seçimine İlişkin Karar,https://www.resmigazete.gov.tr/eskiler/2005/05/20050514-1.htm
2005-05-14,2005/8797 Kamu Görevlileri Etik Kurulu Üyeliğine Gülsüm AZERİ’nin Atanmasına Dair Karar,https://www.resmigazete.gov.tr/eskiler/2005/05/20050514-2.htm
2005-05-14,"2005/8798 Rekabet Kurulu Üyeliğine, Mehmet Aki ERSİN’in Atanmasına Dair Karar",https://www.resmigazete.gov.tr/eskiler/2005/05/20050514-3.htm
2005-05-14,"— Adalet, Ulaştırma, Tarım ve Köyişleri, Kültür ve Turizm ile Çevre ve Orman Bakanlıklarına Ait Atama Kararları",https://www.resmigazete.gov.tr/eskiler/2005/05/20050514-4.htm
2005-05-14,— Başbakanlığa Ait Bazı Yönetmeliklerin Yürürlükten Kaldırılmasına Dair Yönetmelikler,https://www.resmigazete.gov.tr/eskiler/2005/05/20050514-5.htm
2005-05-14,— Denizcilik Bankası T.A.Ş.Ana Statüsünün Yürürlükten Kaldırılmasına Dair Ana Statü,https://www.resmigazete.gov.tr/eskiler/2005/05/20050514-6.htm
2005-05-14,"— Anayasa Mahkemesinin E: 2002/94 (5680 Sayılı Basın Kanunu ile İlgili), K: 2004/45 Sayılı Kararı",https://www.resmigazete.gov.tr/eskiler/2005/05/20050514-7.htm
2005-05-15,2005/8772 Türkiye Cumhuriyeti Başbakanlık Devlet Arşivleri Genel Müdürlüğü ile Kırgız Cumhuriyeti Başbakanlık Devlet Arşivler Hizmeti Arasında İşbirliği Protokolü’nün Onaylanması Hakkında Karar,https://www.resmigazete.gov.tr/eskiler/2005/05/20050515-1.htm
2005-05-15,"— Başbakanlığa, Dışişleri Bakanı ve Başbakan Yardımcısı Abdullah GÜL’ün Vekâlet Etmesine Dair Tezkere",https://www.resmigazete.gov.tr/eskiler/2005/05/20050515-2.htm
2005-05-15,"— Devlet Bakanı Mehmet AYDIN’a, Devlet Bakanı Güldal AKŞİT’in Vekâlet Etmesine Dair Tezkere",https://www.resmigazete.gov.tr/eskiler/2005/05/20050515-3.htm
2005-05-15,"— Sağlık Bakanlığına, Tarım ve Köyişleri Bakanı Sami GÜÇLÜ’nün Vekâlet Etmesine Dair Tezkere",https://www.resmigazete.gov.tr/eskiler/2005/05/20050515-4.htm
2005-05-15,"— Kültür ve Turizm Bakanlığına, Milli Eğitim Bakanı Hüseyin ÇELİK’in Vekâlet Etmesine Dair Tezkere",https://www.resmigazete.gov.tr/eskiler/2005/05/20050515-5.htm
2005-05-16,5345 Gelir İdaresi Başkanlığının Teşkilat ve Görevleri Hakkında Kanun,https://www.resmigazete.gov.tr/eskiler/2005/05/20050516-5.htm
2005-05-16,"— Çevre ve Orman Bakanlığına,Enerji ve Tabii Kaynaklar Bakanı M. Hilmi GÜLER’in Vekâlet Etmesine Dair Tezkere",https://www.resmigazete.gov.tr/eskiler/2005/05/20050516-1.htm
2005-05-16,"— Türk Patent Enstitüsü Başkanlığı Uzman Yardımcılığı ve Uzmanlığı Sınav, Atama,Görev, Yetki ve Sorumlulukları Hakkında Yönetmelikte Değişiklik Yapılmasına Dair Yönetmelik",https://www.resmigazete.gov.tr/eskiler/2005/05/20050516-2.htm
2005-05-16,— Belediye Gelirleri Kanunu Genel Tebliği (Seri No: 31),https://www.resmigazete.gov.tr/eskiler/2005/05/20050516-3.htm
2005-05-16,— İşkolu Tespit Kararı (No: 2005/24),https://www.resmigazete.gov.tr/eskiler/2005/05/20050516-4.htm
2005-05-17,"— Devlet Bakanı Kürşad TÜZMEN’e, Sanayi ve Ticaret Bakanı Ali COŞKUN’un Vekâlet Etmesine Dair Tezkere",https://www.resmigazete.gov.tr/eskiler/2005/05/20050517-1.htm
2005-05-17,— Sulak Alanların Korunması Yönetmeliği,https://www.resmigazete.gov.tr/eskiler/2005/05/20050517-2.htm
2005-05-17,— Amatör Denizci Yönetmeliğinde Değişiklik Yapılmasına Dair Yönetmelik,https://www.resmigazete.gov.tr/eskiler/2005/05/20050517-3.htm
2005-05-17,— Anadolu Üniversitesi Lisansüstü Eğitim-Öğretim ve Sınav Yönetmeliğinde Değişiklik Yapılmasına Dair Yönetmelik,https://www.resmigazete.gov.tr/eskiler/2005/05/20050517-4.htm
2005-05-17,"— Selçuk Üniversitesi İmalat Sistemleri Otomasyonu ve Bilgisayar Destekli Tasarım, Üretim, Araştırma ve Uygulama Merkezi Yönetmeliği",https://www.resmigazete.gov.tr/eskiler/2005/05/20050517-5.htm
2005-05-17,— Selçuk Üniversitesi Mevlâna Araştırma ve Uygulama Merkezi Yönetmeliği,https://www.resmigazete.gov.tr/eskiler/2005/05/20050517-6.htm
2005-05-17,— Selçuk Üniversitesi Su Ürünleri Araştırma ve Uygulama Merkezi Yönetmeliği,https://www.resmigazete.gov.tr/eskiler/2005/05/20050517-7.htm
2005-05-17,— Selçuk Üniversitesi Konya ve Yöresi Tarih Araştırmaları Merkezi Yönetmeliği,https://www.resmigazete.gov.tr/eskiler/2005/05/20050517-8.htm
2005-05-17,— Selçuk Üniversitesi İleri Teknoloji Araştırma ve Uygulama Merkezi Yönetmeliği,https://www.resmigazete.gov.tr/eskiler/2005/05/20050517-9.htm
2005-05-17,— Anayasa Mahkemesinin E: 2005/4 (506 Sayılı Kanunda Değişiklik Yapan 5198 Sayılı Kanun ile İlgili) K: 2005/7 Sayılı Kararı,https://www.resmigazete.gov.tr/eskiler/2005/05/20050517-10.htm
2005-05-17,— Yargıtay 2. ve 18. Hukuk Dairelerine Ait 2 Adet Karar,https://www.resmigazete.gov.tr/eskiler/2005/05/20050517-11.htm
2005-05-18,5346 Yenilenebilir Enerji Kaynaklarının Elektrik Enerjisi Üretimi Amaçlı Kullanımına İlişkin Kanun,https://www.resmigazete.gov.tr/eskiler/2005/05/20050518-1.htm
2005-05-18,5347 Ceza Muhakemesi Kanununun Yürürlük ve Uygulama Şekli Hakkında Kanunda Değişiklik Yapılmasına Dair Kanun,https://www.resmigazete.gov.tr/eskiler/2005/05/20050518-2.htm
2005-05-18,5348 Çeşitli Kanunlarda Değişiklik Yapılmasına Dair Kanun,https://www.resmigazete.gov.tr/eskiler/2005/05/20050518-3.htm
2005-05-18,5349 Türk Ceza Kanununun Yürürlük ve Uygulama Şekli Hakkında Kanunda Değişiklik Yapılmasına Dair Kanun,https://www.resmigazete.gov.tr/eskiler/2005/05/20050518-4.htm
2005-05-18,5350 Yatırımların ve İstihdamın Teşviki ile Bazı Kanunlarda Değişiklik Yapılması Hakkında Kanunda Değişiklik Yapılmasına Dair Kanun,https://www.resmigazete.gov.tr/eskiler/2005/05/20050518-5.htm
2005-05-18,"— Devlet Bakanı Beşir ATALAY’a, Devlet Bakanı Mehmet AYDIN’ın Vekâlet Etmesine Dair Tezkere",https://www.resmigazete.gov.tr/eskiler/2005/05/20050518-6.htm
2005-05-18,"— Devlet Bakanı Ali BABACAN’a, Çalışma ve Sosyal Güvenlik Bakanı Murat BAŞESGİOĞLU’nun Vekâlet Etmesine Dair Tezkere",https://www.resmigazete.gov.tr/eskiler/2005/05/20050518-7.htm
2005-05-18,"— Milli Eğitim Bakanlığına, Milli Savunma Bakanı M.Vecdi GÖNÜL’ün Vekâlet Etmesine Dair Tezkere",https://www.resmigazete.gov.tr/eskiler/2005/05/20050518-8.htm
2005-05-18,— Sosyal Hizmetler ve Çocuk Esirgeme Kurumu Genel Müdürlüğü Teftiş Kurulu Yönetmeliğinde Değişiklik Yapılmasına Dair Yönetmelik,https://www.resmigazete.gov.tr/eskiler/2005/05/20050518-9.htm
2005-05-18,— Ondokuz Mayıs Üniversitesi Zihin Engelli Çocuklar Eğitim Uygulama ve Araştırma Merkezi Yönetmeliğinde Değişiklik Yapılmasına Dair Yönetmelik,https://www.resmigazete.gov.tr/eskiler/2005/05/20050518-10.htm
2005-05-18,— Süleyman Demirel Üniversitesi Kadın Sorunları Araştırma ve Uygulama Merkezi Yönetmeliği,https://www.resmigazete.gov.tr/eskiler/2005/05/20050518-11.htm
2005-05-18,"— Süleyman Demirel Üniversitesi Avrupa Birliği Dokümantasyon, Araştırma ve Uygulama Merkezi Yönetmeliği",https://www.resmigazete.gov.tr/eskiler/2005/05/20050518-12.htm
2005-05-18,— Kocaeli Üniversitesi Sürekli Eğitim Araştırma ve Uygulama Merkezi Yönetmeliği,https://www.resmigazete.gov.tr/eskiler/2005/05/20050518-13.htm
2005-05-18,— Kocaeli Üniversitesi Uzaktan Eğitim Araştırma ve Uygulama Merkezi Yönetmeliği,https://www.resmigazete.gov.tr/eskiler/2005/05/20050518-14.htm
2005-05-18,— Emniyet Genel Müdürlüğü Mensuplarından Malul Olanlara ve Şehit Olanların Mirasçılarına “DevletÖvünç Madalyası” Verilmesi Hakkında Tebliğ,https://www.resmigazete.gov.tr/eskiler/2005/05/20050518-15.htm
2005-05-18,— Milli Emlak Genel Tebliği (Sıra No: 293),https://www.resmigazete.gov.tr/eskiler/2005/05/20050518-16.htm
2005-05-18,— Beşeri Tıbbi Ürünlerin Fiyatları Hakkında Tebliğde Değişiklik Yapılmasına Dair Tebliğ,https://www.resmigazete.gov.tr/eskiler/2005/05/20050518-17.htm
2005-05-18,"— Anayasa Mahkemesinin E: 2003/100 (4999 Sayılı Kanun ile İlgili), K: 2004/33 Sayılı Kararı",https://www.resmigazete.gov.tr/eskiler/2005/05/20050518-18.htm
2005-05-20,848 İstanbul Milletvekili Kemal Derviş’in Türkiye Büyük Millet Meclisi Üyeliğinin Düştüğüne İlişkin,https://www.resmigazete.gov.tr/eskiler/2005/05/20050520-1.htm
2005-05-20,"— Cumhurbaşkanlığına, Türkiye Büyük Millet Meclisi Başkanı Bülent ARINÇ’ın Vekâlet Etmesine Dair Tezkere",https://www.resmigazete.gov.tr/eskiler/2005/05/20050520-2.htm
2005-05-20,"— Tarım ve Köyişleri Bakanlığına, Sağlık Bakanı Recep AKDAĞ’ın Vekâlet Etmesine Dair Tezkere",https://www.resmigazete.gov.tr/eskiler/2005/05/20050520-3.htm
2005-05-20,"— Ulaştırma Bakanlığına, Enerji ve Tabii Kaynaklar Bakanı Binali YILDIRIM’ın Vekâlet Etmesine Dair Tezkere",https://www.resmigazete.gov.tr/eskiler/2005/05/20050520-4.htm
2005-05-20,— Millî Eğitim Bakanlığı Anadolu İmam-Hatip Liseleri Yönetmeliği,https://www.resmigazete.gov.tr/eskiler/2005/05/20050520-5.htm
2005-05-20,— Hacettepe Üniversitesi Toplum İçin Hareket ve Sağlıklı Yaşam Araştırma ve Uygulama Merkezi Yönetmeliği,https://www.resmigazete.gov.tr/eskiler/2005/05/20050520-6.htm
2005-05-20,— İstanbul Üniversitesi Yabancı Dil Eğitim-Öğretim ve Sınav Yönetmeliğinde Değişiklik Yapılmasına Dair Yönetmelik,https://www.resmigazete.gov.tr/eskiler/2005/05/20050520-7.htm
2005-05-20,— İzmir Ekonomi Üniversitesi Meslek Yüksekokulu Eğitim-Öğretim Süresiyle Sınav ve Değerlendirme Esaslarına İlişkin Yönetmelikte Değişiklik Yapılmasına Dair Yönetmelik,https://www.resmigazete.gov.tr/eskiler/2005/05/20050520-8.htm
2005-05-20,"— Malûl Gaziler,Şehit Dul ve Yetimleri Hakkında Başbakanlık Genelgesi (2005/12)",https://www.resmigazete.gov.tr/eskiler/2005/05/20050520-9.htm
2005-05-20,— Vakıflarla İlgili Bazı Genelgelerin Yürürlükten Kaldırılması Hakkında Başbakanlık Genelgesi (2005/13),https://www.resmigazete.gov.tr/eskiler/2005/05/20050520-10.htm
2005-05-20,— Türkiye-Avrupa Birliği Çerçeve Anlaşması Genel Tebliği (Sıra No: 1),https://www.resmigazete.gov.tr/eskiler/2005/05/20050520-11.htm
2005-05-20,— Tahsilat Genel Tebliği Seri No: 435,https://www.resmigazete.gov.tr/eskiler/2005/05/20050520-12.htm
2005-05-20,— İşverenler Tarafından Aylık Prim ve Hizmet Belgesinin İnternet Ortamında Sosyal Sigortalar Kurumuna Gönderilmesine (E-Bildirge Uygulamasına) İlişkin Tebliğde Değişiklik Yapılması Hakkında Tebliğ,https://www.resmigazete.gov.tr/eskiler/2005/05/20050520-13.htm
2005-05-20,DÜZELTME (Yabancı Para Net Genel Pozisyon/Özkaynak Standart Oranının Bankalarca Konsolide ve Konsolide Olmayan Bazda Hesaplanmasına ve Uygulanmasına İlişkin Esaslar Hakkında Yönetmelikte Değişiklik Yapılmasına Dair Yönetmelik ile İlgili),https://www.resmigazete.gov.tr/eskiler/2005/05/20050520-14.htm
2005-05-21,— İzmir İli Seferihisar İlçesine Bağlı Doğanbey-Payamlı Belediyesi İsminin “Doğanbey” Olarak Değiştirilmesi Hakkında Karar,https://www.resmigazete.gov.tr/eskiler/2005/05/20050521-1.htm
2005-05-21,— Devlet Planlama Teşkilatı Müsteşarlığı Personeli Görevde Yükselme ve Unvan Değişikliği Yönetmeliği,https://www.resmigazete.gov.tr/eskiler/2005/05/20050521-2.htm
2005-05-21,— Belirli Tekstil Ürünleri İthalatında Gözetim ve Korunma Önlemlerine Dair Yönetmelikte Değişiklik Yapılmasına İlişkin Yönetmelik,https://www.resmigazete.gov.tr/eskiler/2005/05/20050521-3.htm
2005-05-21,— Aile ve Sosyal Araştırmalar Genel Müdürlüğü Sicil Amirleri Yönetmeliği,https://www.resmigazete.gov.tr/eskiler/2005/05/20050521-4.htm
2005-05-21,— Aile ve Sosyal Araştırmalar Genel Müdürlüğü Disiplin Amirleri Yönetmeliği,https://www.resmigazete.gov.tr/eskiler/2005/05/20050521-5.htm
2005-05-21,— Zirai Karantina Yönetmeliğinde Değişiklik Yapılmasına Dair Yönetmelik,https://www.resmigazete.gov.tr/eskiler/2005/05/20050521-6.htm
2005-05-21,— Turizmi Teşvik Kanununun Cezai Hükümlerinin Uygulanması Hakkında Yönetmelikte Değişiklik Yapılmasına Dair Yönetmelik,https://www.resmigazete.gov.tr/eskiler/2005/05/20050521-7.htm
2005-05-21,— Anadolu BİL Meslek Yüksekokulu Yaz Öğretimi Yönetmeliği,https://www.resmigazete.gov.tr/eskiler/2005/05/20050521-8.htm
2005-05-21,— Muhasebat Genel Müdürlüğü Genel Tebliği (Sıra: 23),https://www.resmigazete.gov.tr/eskiler/2005/05/20050521-9.htm
2005-05-21,"— 2004 Yılı Ürünü Kütlü Pamuk, Yağlık Ayçiçeği, Soya Fasulyesi, Kanola, Dane Mısır ve Zeytinyağı Üreticilerine Destekleme Primi Ödenmesine İlişkin Tebliğde Değişiklik Yapılması Hakkında Tebliğ (No: 2005/23)",https://www.resmigazete.gov.tr/eskiler/2005/05/20050521-10.htm
2005-05-21,— Danıştay Yedinci Dairesine Ait Kararlar,https://www.resmigazete.gov.tr/eskiler/2005/05/20050521-11.htm
2005-05-22,"— Devlet Bakanı Güldal AKŞİT’e, Adalet Bakanı Cemil ÇİÇEK’in Vekâlet Etmesine Dair Tezkere",https://www.resmigazete.gov.tr/eskiler/2005/05/20050522-1.htm
2005-05-22,"— Milli Savunma Bakanlığına, İçişleri Bakanı Abdülkadir AKSU’nun Vekâlet Etmesine Dair Tezkere",https://www.resmigazete.gov.tr/eskiler/2005/05/20050522-2.htm
2005-05-22,— Denizcilik Müsteşarlığı Sicil Amirleri Yönetmeliği,https://www.resmigazete.gov.tr/eskiler/2005/05/20050522-3.htm
2005-05-22,— Çevre ve Orman Bakanlığı Personelinin Görevde Yükselme ve Unvan Değişikliği Yönetmeliği,https://www.resmigazete.gov.tr/eskiler/2005/05/20050522-4.htm
2005-05-22,— Trakya Üniversitesi Yabancı Dil Hazırlık Sınıfı Eğitim-Öğretimi ve Sınav Yönetmeliği,https://www.resmigazete.gov.tr/eskiler/2005/05/20050522-5.htm
2005-05-22,"— Trakya Üniversitesi Lisans Eğitim, Öğretim ve Sınav Yönetmeliğinde Değişiklik Yapılmasına Dair Yönetmelik",https://www.resmigazete.gov.tr/eskiler/2005/05/20050522-6.htm
2005-05-22,"— Trakya Üniversitesi Meslek Yüksekokulları Eğitim,Öğretim ve Sınav Yönetmeliğinde Değişiklik Yapılmasına Dair Yönetmelik",https://www.resmigazete.gov.tr/eskiler/2005/05/20050522-7.htm
2005-05-22,— Trakya Üniversitesi Sağlık Yüksekokulları Eğitim-Öğretim ve Sınav Yönetmeliğinde Değişiklik Yapılmasına Dair Yönetmelik,https://www.resmigazete.gov.tr/eskiler/2005/05/20050522-8.htm
2005-05-23,— Dışişleri Bakanlığı ve Başbakan Yardımcılığına Devlet Bakanı Ali BABACAN'ın Vekâlet Etmesine Dair Tezkere,https://www.resmigazete.gov.tr/eskiler/2005/05/20050523-1.htm
2005-05-23,"— Ulaştırma Bakanlığına, Maliye Bakanı Kemal UNAKITAN’ın Vekâlet Etmesine Dair Tezkere",https://www.resmigazete.gov.tr/eskiler/2005/05/20050523-2.htm
2005-05-23,— Kozmetik Yönetmeliği,https://www.resmigazete.gov.tr/eskiler/2005/05/20050523-3.htm
2005-05-23,— Ruhsatlandırılmış veya Ruhsatlandırma Başvurusu Yapılmış Beşeri Tıbbi Ürünlerdeki Değişikliklere Dair Yönetmelik,https://www.resmigazete.gov.tr/eskiler/2005/05/20050523-4.htm
2005-05-23,— 2005 Yılı Nisan Ayına Ait Dahilde İşleme İzin Belgelerinin (D1) Listesi Hakkında Tebliğ,https://www.resmigazete.gov.tr/eskiler/2005/05/20050523-5.htm
2005-05-23,— 2005 Yılı Nisan Ayına Ait Yurt İçi Satış ve Teslim Belgelerinin (D3) Listesi Hakkında Tebliğ,https://www.resmigazete.gov.tr/eskiler/2005/05/20050523-6.htm
2005-05-23,— 2005 Yılı Nisan Ayına Ait Hariçte İşleme İzin Belgelerinin (H) Listesi Hakkında Tebliğ,https://www.resmigazete.gov.tr/eskiler/2005/05/20050523-7.htm
2005-05-23,"— 2005 Yılı Nisan Ayına Ait Vergi, Resim ve Harç İstisnası Belgelerinin (Y) Listesi Hakkında Tebliğ",https://www.resmigazete.gov.tr/eskiler/2005/05/20050523-8.htm
2005-05-23,— Firma Talebine İstinaden İptal Edilen Dahilde İşleme İzin Belgeleri Hakkında Tebliğ,https://www.resmigazete.gov.tr/eskiler/2005/05/20050523-9.htm
2005-05-23,— Re’sen Kapatılan Dahilde İşleme İzin Belgeleri Hakkında Tebliğ,https://www.resmigazete.gov.tr/eskiler/2005/05/20050523-10.htm
2005-05-24,"— Cumhurbaşkanlığına, Türkiye Büyük Millet Meclisi Başkanı Vekili Nevzat PAKDİL’in Vekâlet Etmesine Dair Tezkere",https://www.resmigazete.gov.tr/eskiler/2005/05/20050524-1.htm
2005-05-24,"— Enerji ve Tabii Kaynaklar Bakanlığına, Çevre ve Orman Bakanı Osman PEPE’nin Vekâlet Etmesine Dair Tezkere",https://www.resmigazete.gov.tr/eskiler/2005/05/20050524-2.htm
2005-05-24,— Dışişleri Bakanlığına Ait Atama Kararı,https://www.resmigazete.gov.tr/eskiler/2005/05/20050524-3.htm
2005-05-24,— Gebze Yüksek Teknoloji Enstitüsü Lisans Eğitim ve Öğretim Yönetmeliğinde Değişiklik Yapılma-sına Dair Yönetmelik,https://www.resmigazete.gov.tr/eskiler/2005/05/20050524-4.htm
2005-05-24,— İzmir Yüksek Teknoloji Enstitüsü Lisans Eğitim-Öğretim Süresi ile Sınav ve Değerlendirme Esaslarına İlişkin Yönetmelikte Değişiklik Yapılmasına Dair Yönetmelik,https://www.resmigazete.gov.tr/eskiler/2005/05/20050524-5.htm
2005-05-25,"— Devlet Bakanı ve Başbakan Yardımcısı Abdüllatif ŞENER’e, Sağlık Bakanı Recep AKDAĞ’ın Vekâlet Etmesine Dair Tezkere",https://www.resmigazete.gov.tr/eskiler/2005/05/20050525-1.htm
2005-05-25,"— Sanayi ve Ticaret Bakanlığına, Milli Eğitim Bakanı Hüseyin ÇELİK’in Vekâlet Etmesine Dair Tezkere",https://www.resmigazete.gov.tr/eskiler/2005/05/20050525-2.htm
2005-05-25,— Galatasaray Üniversitesi İletişim Fakültesi Lisans Öğretim ve Sınav Yönetmeliğinde Değişiklik Yapılmasına Dair Yönetmelik,https://www.resmigazete.gov.tr/eskiler/2005/05/20050525-3.htm
2005-05-25,— İstanbul Üniversitesi Hukuk Fakültesi Adalet Yüksekokulu Öğretim ve Sınav Yönetmeliğinde Değişiklik Yapılmasına Dair Yönetmelik,https://www.resmigazete.gov.tr/eskiler/2005/05/20050525-4.htm
2005-05-25,— Mezbaha ve Kombinalarda Sağlıklı Üretimi Teşvik Amacıyla Çalışacak Veteriner Hekimlerin Desteklenmesine Dair Uygulama Tebliği (No: 2005/26),https://www.resmigazete.gov.tr/eskiler/2005/05/20050525-5.htm
2005-05-25,— Araştırma - Geliştirme Projelerini Destekleme Tebliği (No: 2005/27),https://www.resmigazete.gov.tr/eskiler/2005/05/20050525-6.htm
2005-05-25,— Dış Ticarette Standardizasyon Tebliğinde Değişiklik Yapılması Hakkında Tebliğ (No: 2005/22),https://www.resmigazete.gov.tr/eskiler/2005/05/20050525-7.htm
2005-05-25,— Özelleştirme İdaresi Başkanlığının 2005/ÖİB-K-11 Sayılı Kararı,https://www.resmigazete.gov.tr/eskiler/2005/05/20050525-8.htm
2005-05-25,"— Türkiye Cumhuriyet Merkez Bankasınca, Reeskont ve Avans İşlemlerinde Uygulanacak Yıllık Faiz Oranları Hakkında Tebliğ",https://www.resmigazete.gov.tr/eskiler/2005/05/20050525-9.htm
2005-05-26,849 Töre ve Namus Cinayetleri ile Kadınlara ve Çocuklara Yönelik Şiddetin Sebeplerinin Araştırılarak Alınması Gereken Önlemlerin Belirlenmesi Amacıyla Bir Meclis Araştırması Komisyonu Kurulmasına İlişkin Karar,https://www.resmigazete.gov.tr/eskiler/2005/05/20050526-1.htm
2005-05-26,"— Başbakanlığa, Dışişleri Bakanı ve Başbakan Yardımcısı Abdullah GÜL’ün Vekâlet Etmesine Dair Tezkere",https://www.resmigazete.gov.tr/eskiler/2005/05/20050526-2.htm
2005-05-26,"— Devlet Bakanı Beşir ATALAY’a, Devlet Bakanı Ali BABACAN’ın Vekâlet Etmesine Dair Tezkere",https://www.resmigazete.gov.tr/eskiler/2005/05/20050526-3.htm
2005-05-26,"— Devlet Bakanı Mehmet AYDIN’a, Devlet Bakanı Güldal AKŞİT’in Vekâlet Etmesine Dair Tezkere",https://www.resmigazete.gov.tr/eskiler/2005/05/20050526-4.htm
2005-05-26,"— Devlet Bakanı Kürşad TÜZMEN’e, Çalışma ve Sosyal Güvenlik Bakanı Murat BAŞESGİ-OĞLU’nun Vekâlet Etmesine Dair Tezkere",https://www.resmigazete.gov.tr/eskiler/2005/05/20050526-5.htm
2005-05-26,"— İçişleri Bakanlığına, Milli Savunma Bakanı M. Vecdi GÖNÜL’ün Vekâlet Etmesine Dair Tezkere",https://www.resmigazete.gov.tr/eskiler/2005/05/20050526-6.htm
2005-05-26,— Kadının Statüsü Genel Müdürlüğü Sicil Amirleri Yönetmeliği,https://www.resmigazete.gov.tr/eskiler/2005/05/20050526-7.htm
2005-05-26,— Kadının Statüsü Genel Müdürlüğü Disiplin Amirleri Yönetmeliği,https://www.resmigazete.gov.tr/eskiler/2005/05/20050526-8.htm
2005-05-26,— Özel Tüketim Vergisi Genel Tebliği (Seri No: 8),https://www.resmigazete.gov.tr/eskiler/2005/05/20050526-9.htm
2005-05-26,— Millî Emlâk Genel Tebliği (Sıra No: 294),https://www.resmigazete.gov.tr/eskiler/2005/05/20050526-10.htm
2005-05-26,— Tarım ve Köyişleri Bakanlığına Tahsisli Arazi ve İşletmelerin Tarımsal Faaliyetlerde Kullanılması Amacıyla Yatırımcılara Tahsisinde ve Değerlendirilmesinde Uygulanacak Esas ve Usullere İlişkin Tebliğ,https://www.resmigazete.gov.tr/eskiler/2005/05/20050526-11.htm
2005-05-26,— Mecburi Standardın Yürürlükten Kaldırılmasına Dair Tebliğ (No: ÖSG-2005/8),https://www.resmigazete.gov.tr/eskiler/2005/05/20050526-12.htm
2005-05-26,— Mecburi Standardın Yürürlükten Kaldırılmasına Dair Tebliğ (No: ÖSG-2005/9),https://www.resmigazete.gov.tr/eskiler/2005/05/20050526-13.htm
2005-05-26,— Gümrük Genel Tebliği (Gümrük Antrepo Rejimi) (Seri No: 12),https://www.resmigazete.gov.tr/eskiler/2005/05/20050526-14.htm
2005-05-27,2005/8801 Hac ve Umre Seyahatleri ile İlgili İşlerin Diyanet İşleri Başkanlığınca Yürütülmesine Dair Kararda Değişiklik Yapılması Hakkında Karar,https://www.resmigazete.gov.tr/eskiler/2005/05/20050527-1.htm
2005-05-27,"2005/8821 İhracatçı Birliklerinin Kuruluşu, İşleyişi, İştigal Sahaları, Organları, Üyelerin Hak ve Yükümlülüklerine Dair Kararda Değişiklik Yapılması Hakkında Karar",https://www.resmigazete.gov.tr/eskiler/2005/05/20050527-2.htm
2005-05-27,"— Sanayi ve Ticaret Bakanlığına, Milli Eğitim Bakanı Hüseyin ÇELİK’in Vekalet Etmesine Dair Tezkere'nin İşlemden Kaldırılmasına Dair Tezkere",https://www.resmigazete.gov.tr/eskiler/2005/05/20050527-3.htm
2005-05-27,"— Başbakanlık, Millî Eğitim, Bayındırlık ve İskan, Ulaştırma, Sanayi ve Ticaret, Enerji ve Tabii Kaynaklar ile Kültür ve Turizm Bakanlıklarına Ait Atama Kararları",https://www.resmigazete.gov.tr/eskiler/2005/05/20050527-4.htm
2005-05-27,— 506 Sayılı Sosyal Sigortalar Kanununun 2167 Sayılı Kanunla Değiştirilen 102 nci Maddesinde Belirtilen Yol Paraları ile Zaruri Masraf Karşılıklarına İlişkin Yönetmelikte Değişiklik Yapılmasına Dair Yönetmelik,https://www.resmigazete.gov.tr/eskiler/2005/05/20050527-5.htm
2005-05-27,— Türk Akreditasyon Kurumu Personel Yönetmeliğinde Değişiklik Yapılmasına Dair Yönetmelik,https://www.resmigazete.gov.tr/eskiler/2005/05/20050527-6.htm
2005-05-27,— Adnan Menderes Üniversitesi Avrupa Araştırmalar Merkezi Yönetmeliği,https://www.resmigazete.gov.tr/eskiler/2005/05/20050527-7.htm
2005-05-27,— Adnan Menderes Üniversitesi Bilim ve Teknoloji Araştırma ve Uygulama Merkezi Yönetmeliği,https://www.resmigazete.gov.tr/eskiler/2005/05/20050527-8.htm
2005-05-27,— Adnan Menderes Üniversitesi Ön Lisans ve Lisans Eğitim-Öğretim ve Sınav Yönetmeliğinde Değişiklik Yapılmasına Dair Yönetmelik,https://www.resmigazete.gov.tr/eskiler/2005/05/20050527-9.htm
2005-05-27,— Anadolu Üniversitesi Öğretim ve Sınav Yönetmeliğinde Değişiklik Yapılmasına Dair Yönetmelik,https://www.resmigazete.gov.tr/eskiler/2005/05/20050527-10.htm
2005-05-27,— Dumlupınar Üniversitesi Alternatif Enerji Kaynakları Araştırma ve Uygulama Merkezi Yönetmeliği,https://www.resmigazete.gov.tr/eskiler/2005/05/20050527-11.htm
2005-05-27,— Gazi Üniversitesi Eğitim-Öğretim ve Sınav Yönetmeliğinde Değişiklik Yapılmasına Dair Yönetmelik,https://www.resmigazete.gov.tr/eskiler/2005/05/20050527-12.htm
2005-05-27,— Kahramanmaraş Sütçü İmam Üniversitesi Lisansüstü Eğitim ve Öğretim Yönetmeliğinde Değişiklik Yapılmasına Dair Yönetmelik,https://www.resmigazete.gov.tr/eskiler/2005/05/20050527-13.htm
2005-05-27,"— Kuzey Kıbrıs Türk Cumhuriyeti Eski Cumhurbaşkanı Rauf DENKTAŞ’a, Devlet Şeref Madalyası Verilmesine Dair Tebliğ",https://www.resmigazete.gov.tr/eskiler/2005/05/20050527-14.htm
2005-05-28,5354 Bankalar Kanununda Değişiklik Yapılmasına Dair Kanun,https://www.resmigazete.gov.tr/eskiler/2005/05/28052005-1.htm
2005-05-28,2005/8823 Bazı Polis Meslek Eğitim Merkezi Müdürlükleri ile Bunlara Bağlı Olarak Şube Müdürlüklerinin Kurulması Hakkında Karar,https://www.resmigazete.gov.tr/eskiler/2005/05/28052005-2.htm
2005-05-28,"— Devlet Bakanı Mehmet AYDIN’a, Devlet Bakanı Güldal AKŞİT’in Vekâlet Etmesine Dair Tezkere",https://www.resmigazete.gov.tr/eskiler/2005/05/28052005-3.htm
2005-05-28,— Adnan Menderes Üniversitesi Çağdaş Akdeniz Dilleri ve Kültürleri Araştırma ve Uygulama Merkezi Yönetmeliği,https://www.resmigazete.gov.tr/eskiler/2005/05/28052005-4.htm
2005-05-28,"— Dernekler Tarafından Bastırılacak Alındı, Ayni Yardım Teslim ve Ayni Bağış Alındı Belgeleri ile Gider Makbuzları Hakkında Tebliğ (No: 2005/1)",https://www.resmigazete.gov.tr/eskiler/2005/05/28052005-5.htm
2005-05-28,— İthalatta Gözetim Uygulanmasına İlişkin Tebliğ (No: 2005/8),https://www.resmigazete.gov.tr/eskiler/2005/05/28052005-6.htm
2005-05-29,"— Dışişleri Bakanı ve Başbakan Yardımcısı Abdullah GÜL’e, Milli Savunma Bakanı M. Vecdi GÖNÜL’ün Vekâlet Etmesine Dair Tezkere",https://www.resmigazete.gov.tr/eskiler/2005/05/20050529-1.htm
2005-05-29,"— Kültür ve Turizm Bakanlığına, Milli Eğitim Bakanı Hüseyin ÇELİK’in Vekâlet Etmesine Dair Tezkere",https://www.resmigazete.gov.tr/eskiler/2005/05/20050529-2.htm
2005-05-29,— Ticari Araçlarda Reklam Bulundurulması Hakkında Yönetmelikte Değişiklik Yapılmasına Dair Yönetmelik,https://www.resmigazete.gov.tr/eskiler/2005/05/20050529-3.htm
2005-05-29,"— Pamukkale Üniversitesi Önlisans, Lisans Eğitim-Öğretim ve Sınav Yönetmeliğinde Değişiklik Yapılması Hakkında Yönetmelik",https://www.resmigazete.gov.tr/eskiler/2005/05/20050529-4.htm
2005-05-30,— Gebze Yüksek Teknoloji Enstitüsü Yaz Öğretimi Yönetmeliği,https://www.resmigazete.gov.tr/eskiler/2005/05/20050530-1.htm
2005-05-30,— Balıkesir Üniversitesi Sürekli Eğitim Araştırma ve Uygulama Merkezi Yönetmeliği,https://www.resmigazete.gov.tr/eskiler/2005/05/20050530-2.htm
2005-05-30,— 2005 Mali Yılı Bütçe Uygulama Talimatı (Sıra No: 11),https://www.resmigazete.gov.tr/eskiler/2005/05/20050530-3.htm
2005-05-31,2005/8799 Kuzey Kıbrıs Türk Cumhuriyeti’ne Yapılacak Yolculuklarda Verilecek Gündeliklere Dair Karar ile Yurtdışı Gündeliklerine Dair Karar’a Ekli Cetvellerde Değişiklik Yapılmasına İlişkin Karar,https://www.resmigazete.gov.tr/eskiler/2005/05/20050531-1.htm
2005-05-31,2005/8800 Bazı Yerleşim Alanlarının 3083 Sayılı Sulama Alanlarında Arazi Düzenlenmesine Dair Tarım Reformu Kanunu Uyarınca “Uygulama Alanı” Olarak Tespiti Hakkında Karar,https://www.resmigazete.gov.tr/eskiler/2005/05/20050531-2.htm
2005-05-31,— İçişleri Bakanlığına Ait Atama Kararı,https://www.resmigazete.gov.tr/eskiler/2005/05/20050531-3.htm
2005-05-31,— Millî Eğitim Bakanlığı Okul-Aile Birliği Yönetmeliği,https://www.resmigazete.gov.tr/eskiler/2005/05/20050531-4.htm
2005-05-31,— Sosyal Sigortalar Kurumu Başkanlığı Personeli Görevde Yükselme ve Unvan Değişikliği Yönetmeliği,https://www.resmigazete.gov.tr/eskiler/2005/05/20050531-5.htm
2005-05-31,— Toprak Kirliliğinin Kontrolü Yönetmeliği,https://www.resmigazete.gov.tr/eskiler/2005/05/20050531-6.htm
2005-05-31,— 2005 Mali Yılı Bütçe Uygulama Talimatı (Sıra No: 12) (Tedavi Yardımı),https://www.resmigazete.gov.tr/eskiler/2005/05/20050531-7.htm
2005-05-31,— Gümrük Genel Tebliği (Tarife-Sınıflandırma Kararları) (Seri No: 7),https://www.resmigazete.gov.tr/eskiler/2005/05/20050531-8.htm
2005-06-01,5351 Ceza ve Güvenlik Tedbirlerinin İnfazı Hakkında Kanunda Değişiklik Yapılmasına Dair Kanun,https://www.resmigazete.gov.tr/eskiler/2005/06/20050601-1.htm
2005-06-01,5352 Adlî Sicil Kanunu,https://www.resmigazete.gov.tr/eskiler/2005/06/20050601-2.htm
2005-06-01,5353 Ceza Muhakemesi Kanununda Değişiklik Yapılmasına Dair Kanun,https://www.resmigazete.gov.tr/eskiler/2005/06/20050601-3.htm
2005-06-01,2005/8870 Köy Muhtarları ile Şehir ve Kasaba Mahalle Muhtarlarının Ödeneklerinin Artırılmasına İlişkin Karar,https://www.resmigazete.gov.tr/eskiler/2005/06/20050601-4.htm
2005-06-01,2005/8871 2005-2006 Dönemi Hububat Ürünü Alımı ve Satımı Hakkında Karar,https://www.resmigazete.gov.tr/eskiler/2005/06/20050601-5.htm
2005-06-01,2005/8872 Hububat Üreticilerine Destekleme Primi Ödenmesine Dair Karar,https://www.resmigazete.gov.tr/eskiler/2005/06/20050601-6.htm
2005-06-01,"— Devlet Bakanı Kürşad TÜZMEN’e, Devlet Bakanı Ali BABACAN’ın Vekâlet Etmesine Dair Tezkere",https://www.resmigazete.gov.tr/eskiler/2005/06/20050601-7.htm
2005-06-01,— Hükümlü Mehmet Ali YÜKSEL'in Kalan Cezasının Kaldırılması Hakkında Karar (No: 2005/13),https://www.resmigazete.gov.tr/eskiler/2005/06/20050601-8.htm
2005-06-01,— Ceza Muhakemesi Kanununa Göre İl Adlî Yargı Adalet Komisyonlarınca Bilirkişi Listelerinin Düzenlenmesi Hakkında Yönetmelik,https://www.resmigazete.gov.tr/eskiler/2005/06/20050601-9.htm
2005-06-01,"— Yakalama, Gözaltına Alma ve İfade Alma Yönetmeliği",https://www.resmigazete.gov.tr/eskiler/2005/06/20050601-10.htm
2005-06-01,— Cumhuriyet Başsavcılıkları ile Adlî Yargı İlk Derece Ceza Mahkemeleri Kalem Hizmetlerinin Yürütülmesine Dair Yönetmelik,https://www.resmigazete.gov.tr/eskiler/2005/06/20050601-11.htm
2005-06-01,— Suç Eşyası Yönetmeliği,https://www.resmigazete.gov.tr/eskiler/2005/06/20050601-12.htm
2005-06-01,"— Ceza Muhakemesinde Beden Muayenesi, Genetik İncelemeler ve Fizik Kimliğin Tespiti Hakkında Yönetmelik",https://www.resmigazete.gov.tr/eskiler/2005/06/20050601-13.htm
2005-06-01,— Adlî Kolluk Yönetmeliği,https://www.resmigazete.gov.tr/eskiler/2005/06/20050601-14.htm
2005-06-01,— Adlî ve Önleme Aramaları Yönetmeliği,https://www.resmigazete.gov.tr/eskiler/2005/06/20050601-15.htm
2005-06-01,— 5271 Sayılı Ceza Muhakemesi Kanunu Gereğince Yapılacak Hukuki Yardımlar İçin 5320 Sayılı Ceza Muhakemesi Kanununun Yürürlük ve Uygulama Hakkında Kanunun 13 üncü Maddesi Uyarınca Hazırlanan Avukatlık Ücret Tarifesi,https://www.resmigazete.gov.tr/eskiler/2005/06/20050601-16.htm
2005-06-01,"— Anayasa Mahkemesinin E: 2002/70 (1412 Sayılı Kanun ile İlgili), K: 2004/56 Sayılı Kararı",https://www.resmigazete.gov.tr/eskiler/2005/06/20050601-17.htm
2005-06-02,— Dışişleri Bakanlığına Bağlı Bulunan Avrupa Birliği Genel Sekreterliğinin Başbakanlığa Bağlanması Hakkında Karar,https://www.resmigazete.gov.tr/eskiler/2005/06/20050602-1.htm
2005-06-02,20058808 Türkiye-Ukrayna Kara Ulaştırması Karma Komisyon Protokolü’nün Onaylanması Hakkında Karar,https://www.resmigazete.gov.tr/eskiler/2005/06/20050602-2.htm
2005-06-02,2005/8817 Türkiye Cumhuriyeti Hükümeti ile Afganistan İslami Geçiş Devleti Arasında Ticaret ve Ekonomik İşbirliği Anlaşması’nın Onaylanması Hakkında Karar,https://www.resmigazete.gov.tr/eskiler/2005/06/20050602-3.htm
2005-06-02,"— Türk Mühendis ve Mimar Odaları Birliği Mimarlar Odası Serbest Mimarlık Hizmetlerini Uygulama, Tescil ve Mesleki Denetim Yönetmeliği",https://www.resmigazete.gov.tr/eskiler/2005/06/20050602-4.htm
2005-06-02,— Mimar Sinan Güzel Sanatlar Üniversitesi Ön Lisans ve Lisans Öğretim Yönetmeliği,https://www.resmigazete.gov.tr/eskiler/2005/06/20050602-5.htm
2005-06-02,— Mimar Sinan Güzel Sanatlar Üniversitesi Ön Lisans ve Lisans Yaz Öğretimi Yönetmeliği,https://www.resmigazete.gov.tr/eskiler/2005/06/20050602-6.htm
2005-06-02,— Sendikal Gelişmeler Doğrultusunda Alınacak Önlemler ile İlgili (2005/14) Sayılı Başbakanlık Genelgesi,https://www.resmigazete.gov.tr/eskiler/2005/06/20050602-7.htm
2005-06-02,— İşkolu Tespit Kararı (No: 2005/26),https://www.resmigazete.gov.tr/eskiler/2005/06/20050602-8.htm
2005-06-02,— Dış Ticarette Standardizasyon Tebliği (No: 2005/23),https://www.resmigazete.gov.tr/eskiler/2005/06/20050602-9.htm
2005-06-02,— Dış Ticarette Standardizasyon Tebliğinde Değişiklik Yapılması Hakkında Tebliğ (No: 2005/18),https://www.resmigazete.gov.tr/eskiler/2005/06/20050602-10.htm
2005-06-02,— Doğal Gaz Dağıtım Şirketlerinin Perakende Satışlarında Fiili Üst Isıl Değerin Uygulanması Hakkında Tebliğde Değişiklik Yapılmasına İlişkin Tebliğ,https://www.resmigazete.gov.tr/eskiler/2005/06/20050602-11.htm
2005-06-02,"— Anayasa Mahkemesinin E: 2001/8 (765 ve 647 Sayılı Kanunlar ile İlgili), K: 2004/95 Sayılı Kararı",https://www.resmigazete.gov.tr/eskiler/2005/06/20050602-12.htm
2005-06-03,"— Güldal AKŞİT’den Boşalan Devlet Bakanlığına, İstanbul Milletvekili Nimet ÇUBUKÇU’nun, Zeki ERGEZEN’den Boşalan Bayındırlık ve İskan Bakanlığına, Trabzon Milletvekili Faruk Nafiz ÖZAK’ın, Sami GÜÇLÜ’den Boşalan Tarım ve Köyişleri Bakanlığına, Diyarbakır Milletvekili Mehmet Mehdi EKER’in Atanmalarına Dair Tezkere",https://www.resmigazete.gov.tr/eskiler/2005/06/20050603-1.htm
2005-06-03,2005/8815 Türkiye Cumhuriyeti Hükümeti ile Bulgaristan Cumhuriyeti Hükümeti Arasında Polis İşbirliği Anlaşması’nın Onaylanması Hakkında Karar,https://www.resmigazete.gov.tr/eskiler/2005/06/20050603-2.htm
2005-06-03,2005/8832 TOBB Ekonomi ve Teknoloji Üniversitesi Rektörlüğüne Bağlı Olarak Güzel Sanatlar Fakültesi Kurulması Hakkında Karar,https://www.resmigazete.gov.tr/eskiler/2005/06/20050603-3.htm
2005-06-03,2005/8833 Okan Üniversitesi Rektörlüğüne Bağlı Olarak Güzel Sanatlar Fakültesi Kurulması Hakkında Karar,https://www.resmigazete.gov.tr/eskiler/2005/06/20050603-4.htm
2005-06-03,"— Dışişleri Bakanlığı ve Başbakan Yardımcılığına, Devlet Bakanı Beşir ATALAY’ın Vekâlet Etmesine Dair Tezkere",https://www.resmigazete.gov.tr/eskiler/2005/06/20050603-5.htm
2005-06-03,— Milli Savunma Bakanlığına Ait Atama Kararları,https://www.resmigazete.gov.tr/eskiler/2005/06/20050603-6.htm
2005-06-03,— Yurt Dışında Bulunan Türk Vatandaşlarının Yurt Dışında Geçen Sürelerinin Sosyal Güvenlikleri Bakımından Değerlendirilmesi Hakkında 3201 Sayılı Kanunun Uygulama Yönetmeliğinde Değişiklik Yapılmasına Dair Yönetmelik,https://www.resmigazete.gov.tr/eskiler/2005/06/20050603-7.htm
2005-06-03,— Görev Dağılımı ile İlgili (2005/15) Sayılı Başbakanlık Genelgesi,https://www.resmigazete.gov.tr/eskiler/2005/06/20050603-8.htm
2005-06-03,— İthalatta Korunma Önlemlerine İlişkin Tebliğ (No: 2005/5),https://www.resmigazete.gov.tr/eskiler/2005/06/20050603-9.htm
2005-06-03,— Revize Edilen TS 3411 Çekirdeksiz Kuru Üzüm Standardının Dış Ticarette Zorunlu Uygulamaya Konulmasına İlişkin Tebliğ (No: 2005/19),https://www.resmigazete.gov.tr/eskiler/2005/06/20050603-10.htm
2005-06-03,— Özelleştirme Yüksek Kurulunun 2005/52 Sayılı Kararı,https://www.resmigazete.gov.tr/eskiler/2005/06/20050603-11.htm
2005-06-03,"— Kamu İktisadi Teşebbüsleri ve Bağlı Ortaklıklarının Sözleşmeli ve Kapsam Dışı Personeli ile Yönetim Kurulu Başkan ve Üyeleri, Denetim ve Tasfiye Kurulu Üyeleri ile Denetçilerine 2005 Yılında Uygulanacak Ücretlerin Tespitine İlişkin Tebliğ (No: 2005/1)",https://www.resmigazete.gov.tr/eskiler/2005/06/20050603-12.htm
2005-06-04,"5360 Türkiye Cumhuriyeti Kültür ve Turizm Bakanlığı ile Kosova Geçici Özerk Yönetim Kurumlarını (Kosova Kültür, Gençlik ve Spor Bakanlığı) Temsil Eden Kosova’daki BM Geçici Yönetimi (UNMIK) Arasında Yapılan Kültürel İşbirliği Anlaşmasının Onaylanmasının Uygun Bulunduğuna Dair Kanun",https://www.resmigazete.gov.tr/eskiler/2005/06/20050604-1.htm
2005-06-04,"2005/8830 Milli Eğitim Bakanlığı Adına Öğretmen ve Eğitim Uzmanı Yetiştiren Yükseköğretim Kurumlarında Öğrenim Yapan Burslu Öğrencilere, 1/1/2005 Tarihinden İtibaren Ayda 110 YTL. Burs Verilmesi Hakkında Karar",https://www.resmigazete.gov.tr/eskiler/2005/06/20050604-2.htm
2005-06-04,"2005/8836 Sakarya İli, Camili 2 Numaralı Daimi İskan Alanı İçinde Yer Alan, Afet İşleri Genel Müdürlüğüne Tahsisli Listede Pafta, Ada ve Parsel Numaraları Belirtilen Taşınmazların Adapazarı Büyükşehir Belediyesine Bedelsiz Olarak Devredilmesi Hakkında Karar",https://www.resmigazete.gov.tr/eskiler/2005/06/20050604-3.htm
2005-06-04,2005/8839 Tarım Satış Kooperatifleri Birliklerine Destekleme ve Fiyat İstikrar Fonu’ndan Kredi Kullandırılmasına İlişkin Karar’ın Yürürlüğe Konulması Hakkında Karar,https://www.resmigazete.gov.tr/eskiler/2005/06/20050604-4.htm
2005-06-04,"— Devlet Bakanı ve Başbakan Yardımcısı Abdüllatif ŞENER’e, Maliye Bakanı Kemal UNAKITAN’ın Vekâlet Etmesine Dair Tezkere",https://www.resmigazete.gov.tr/eskiler/2005/06/20050604-5.htm
2005-06-04,"— Milli Savunma Bakanlığına, Sanayi ve Ticaret Bakanı Ali COŞKUN’un Vekâlet Etmesine Dair Tezkere",https://www.resmigazete.gov.tr/eskiler/2005/06/20050604-6.htm
2005-06-04,2005/8864 Memurlara Yapılacak Giyecek Yardımı Yönetmeliğinde Değişiklik Yapılmasına Dair Yönetmelik,https://www.resmigazete.gov.tr/eskiler/2005/06/20050604-7.htm
2005-06-04,— Atılım Üniversitesi Fen Bilimleri Enstitüsü Yüksek Lisans Eğitim-Öğretim Yönetmeliğinde Değişiklik Yapılmasına Dair Yönetmelik,https://www.resmigazete.gov.tr/eskiler/2005/06/20050604-8.htm
2005-06-04,— Çanakkale Onsekiz Mart Üniversitesi Çevre Sorunları Araştırma ve Uygulama Merkezi Yönetmeliği,https://www.resmigazete.gov.tr/eskiler/2005/06/20050604-9.htm
2005-06-04,"— Başbakan ve Bakanların Uğurlanma ve Karşılanmaları, Seyahatler ve Hediye Uygulaması ile İlgili 2005/16 Sayılı Başbakanlık Genelgesi",https://www.resmigazete.gov.tr/eskiler/2005/06/20050604-10.htm
2005-06-04,— Yatırımların ve İstihdamın Teşviki Genel Tebliği (Seri No: 2),https://www.resmigazete.gov.tr/eskiler/2005/06/20050604-11.htm
2005-06-04,— Kan Merkezlerinde ve İstasyonlarında Görev Yapacak Sağlık Personelinin Eğitimine ve Sertifikalandırılmasına Dair Tebliğ,https://www.resmigazete.gov.tr/eskiler/2005/06/20050604-12.htm
2005-06-04,— İthalinde Tek Taraflı Kontrol Sistemi Kapsamında Kota Uygulanan Tekstil Ürünlerine Ait Kotaların İkinci Bölümünün Dağıtımı ve Yönetimine İlişkin Tebliğ (2005/8),https://www.resmigazete.gov.tr/eskiler/2005/06/20050604-13.htm
2005-06-04,— Dış Ticarette Standardizasyon Tebliğinde Değişiklik Yapılması Hakkında Tebliğ (No: 2005/21),https://www.resmigazete.gov.tr/eskiler/2005/06/20050604-14.htm
2005-06-04,"— Tütün Mamullerinin Zararlarından Korumaya Yönelik Üretim Şekline, Etiketlenmesine ve Denetlenmesine İlişkin Usul ve Esaslar Hakkında Yönetmelikte Belirtilen Teknik Detayların Uygulanması Hakkında Kurul Kararı (No: 1763)",https://www.resmigazete.gov.tr/eskiler/2005/06/20050604-15.htm
2005-06-04,DÜZELTME (Bakanların İstifası ve Atanmasına Dair İşlem ile 2005/15 Sayılı Başbakanlık Genelgesi ile İlgili),https://www.resmigazete.gov.tr/eskiler/2005/06/20050604-16.htm
2005-06-05,"— Çalışma ve Sosyal Güvenlik Bakanlığına, İçişleri Bakanı Abdülkadir AKSU’nun Vekâlet Etmesine Dair Tezkere",https://www.resmigazete.gov.tr/eskiler/2005/06/20050605-1.htm
2005-06-05,— Kırıkkale Üniversitesi Tüketici Sorunları Araştırma ve Uygulama Merkezi Yönetmeliği,https://www.resmigazete.gov.tr/eskiler/2005/06/20050605-2.htm
2005-06-05,— Muğla Üniversitesi Yaşam Boyu Öğrenme Araştırma ve Uygulama Merkezi Yönetmeliği,https://www.resmigazete.gov.tr/eskiler/2005/06/20050605-3.htm
2005-06-05,— Muğla Üniversitesi Kadın Çalışmaları Araştırma ve Uygulama Merkezi Yönetmeliği,https://www.resmigazete.gov.tr/eskiler/2005/06/20050605-4.htm
2005-06-06,"— Başbakanlığa, Devlet Bakanı ve Başbakan Yardımcısı Abdüllatif ŞENER’in Vekâlet Etmesine Dair Tezkere",https://www.resmigazete.gov.tr/eskiler/2005/06/20050606-1.htm
2005-06-06,"— Dışişleri Bakanlığı ve Başbakan Yardımcılığına, Kültür ve Turizm Bakanı Atilla KOÇ’un Vekâlet Etmesine Dair Tezkere",https://www.resmigazete.gov.tr/eskiler/2005/06/20050606-2.htm
2005-06-06,"— Devlet Bakanı Ali BABACAN’a, Çevre ve Orman Bakanı Osman PEPE’nin Vekâlet Etmesine Dair Tezkere",https://www.resmigazete.gov.tr/eskiler/2005/06/20050606-3.htm
2005-06-06,"— Sağlık Bakanlığına, Milli Eğitim Bakanı Hüseyin ÇELİK’in Vekâlet Etmesine Dair Tezkere",https://www.resmigazete.gov.tr/eskiler/2005/06/20050606-4.htm
2005-06-06,— Mustafa Kemal Üniversitesi Önlisans ve Lisans Öğretim ve Sınav Yönetmeliğinde Değişiklik Yapılmasına Dair Yönetmelik,https://www.resmigazete.gov.tr/eskiler/2005/06/20050606-5.htm
2005-06-06,— Mustafa Kemal Üniversitesi Tıp Fakültesi İngilizce Hazırlık Eğitimi Yönetmeliğinin Yürürlükten Kaldırılmasına Dair Yönetmelik,https://www.resmigazete.gov.tr/eskiler/2005/06/20050606-6.htm
2005-06-06,— Mustafa Kemal Üniversitesi Tıp Fakültesi Öğretim ve Sınav Yönetmeliğinin Yürürlükten Kaldırılmasına Dair Yönetmelik,https://www.resmigazete.gov.tr/eskiler/2005/06/20050606-7.htm
2005-06-06,— Sakarya Üniversitesi Uzaktan Eğitim Araştırma ve Uygulama Merkezi Yönetmeliği,https://www.resmigazete.gov.tr/eskiler/2005/06/20050606-8.htm
2005-06-06,— Türk Gıda Kodeksi Hayvansal Kökenli Gıdalarda Veteriner İlaçları Maksimum Kalıntı Limitleri Tebliğinde Değişiklik Yapılması Hakkında Tebliğ (No: 2005/28),https://www.resmigazete.gov.tr/eskiler/2005/06/20050606-9.htm
2005-06-06,— 2005 Yılı Nisan Ayına Ait Yatırım Teşvik Belgelerinin Sektörel Dağılımı Hakkında Tebliğ,https://www.resmigazete.gov.tr/eskiler/2005/06/20050606-10.htm
2005-06-06,— 2005 Yılı Nisan Ayında Verilen Belgeler ve Yararlandırılan Teşvik Unsurları Hakkında Tebliğ,https://www.resmigazete.gov.tr/eskiler/2005/06/20050606-11.htm
2005-06-06,— Basın İlân Kurumu Teşkiline Dair 195 Sayılı Kanun Uyarınca Yayınlanacak İlân ve Reklâmlar ile Bunları Yayınlayacak Mevkuteler Hakkında 15/2/1977 Tarihli ve 67 Sayılı Genel Kurul Kararı’nın Bazı Maddelerinin Değiştirilmesine Dair Genel Kurul Kararı (No: 169),https://www.resmigazete.gov.tr/eskiler/2005/06/20050606-12.htm
2005-06-06,— Devlet İhale Kanunu Uyarınca Yayınlanacak İlânlar Hakkında Genel Kurul Kararı (No: 170),https://www.resmigazete.gov.tr/eskiler/2005/06/20050606-13.htm
2005-06-07,850 (10/128) Esas Numaralı Meclis Araştırması Komisyonunun Görev Süresinin Uzatılmasına İlişkin Karar,https://www.resmigazete.gov.tr/eskiler/2005/06/20050607-1.htm
2005-06-07,"— Devlet Bakanı ve Başbakan Yardımcısı Mehmet Ali ŞAHİN’e, Devlet Bakanı Beşir ATALAY’ın Vekâlet Etmesine Dair Tezkere",https://www.resmigazete.gov.tr/eskiler/2005/06/20050607-2.htm
2005-06-07,"— Devlet Bakanı Mehmet AYDIN’a, Devlet Bakanı Nimet ÇUBUKÇU’nun Vekâlet Etmesine Dair Tezkere",https://www.resmigazete.gov.tr/eskiler/2005/06/20050607-3.htm
2005-06-07,"— Adalet Bakanlığına, Enerji ve Tabii Kaynaklar Bakanı M.Hilmi GÜLER’in Vekâlet Etmesine Dair Tezkere",https://www.resmigazete.gov.tr/eskiler/2005/06/20050607-4.htm
2005-06-07,— Avrupa Birliği Genel Sekreterliği Avrupa Birliği Uzman Yardımcılığı ve Uzmanlığı Yarışma ve Yeterlik Sınavları Yönetmeliğinde Değişiklik Yapılmasına Dair Yönetmelik,https://www.resmigazete.gov.tr/eskiler/2005/06/20050607-5.htm
2005-06-07,"— Aile ve Sosyal Araştırmalar Genel Müdürlüğü Danışma Kurulunun Teşkili, Çalışma Usul ve Esasları Hakkında Yönetmelik",https://www.resmigazete.gov.tr/eskiler/2005/06/20050607-6.htm
2005-06-07,"— Polisin Adli Görevlerinin Yerine Getirilmesinde Delillerin Toplanması, Muhafazası ve İlgili Yerlere Gönderilmesi Hakkında Yönetmelikte Değişiklik Yapılmasına Dair Yönetmelik",https://www.resmigazete.gov.tr/eskiler/2005/06/20050607-7.htm
2005-06-07,— Eti Maden İşletmeleri Genel Müdürlüğü Memurları Sicil Raporu Vermeye Yetkili Amirler Yönetmeliği,https://www.resmigazete.gov.tr/eskiler/2005/06/20050607-8.htm
2005-06-07,— Eti Maden İşletmeleri Genel Müdürlüğü Sözleşmeli Personel Sicil ve Başarı Değerlemesi Raporu Vermeye Yetkili Amirler Yönetmeliği,https://www.resmigazete.gov.tr/eskiler/2005/06/20050607-9.htm
2005-06-07,— Eti Maden İşletmeleri Genel Müdürlüğü Memurları Disiplin Amirleri Yönetmeliği,https://www.resmigazete.gov.tr/eskiler/2005/06/20050607-10.htm
2005-06-07,— Eti Maden İşletmeleri Genel Müdürlüğü Sözleşmeli Personel Disiplin Amirleri Yönetmeliği,https://www.resmigazete.gov.tr/eskiler/2005/06/20050607-11.htm
2005-06-07,— Görev Dağılımı ile İlgili (2005/17) Sayılı Başbakanlık Genelgesi,https://www.resmigazete.gov.tr/eskiler/2005/06/20050607-12.htm
2005-06-07,— Basın İlan Kurumu Genel Kurulu Prensip Kararı (No: 171),https://www.resmigazete.gov.tr/eskiler/2005/06/20050607-13.htm
2005-06-08,5359 Askerî Hâkimler Kanununda Değişiklik Yapılmasına Dair Kanun,https://www.resmigazete.gov.tr/eskiler/2005/06/20050608-1.htm
2005-06-08,5361 Esnaf ve Sanatkarlar ve Diğer Bağımsız Çalışanlar Sosyal Sigortalar Kurumu Kanunu ile Tarımda Kendi Adına ve Hesabına Çalışanlar Sosyal Sigortalar Kanununda Değişiklik Yapılması Hakkında Kanun,https://www.resmigazete.gov.tr/eskiler/2005/06/20050608-2.htm
2005-06-08,"— Devlet Bakanı Kürşad TÜZMEN’e, Bayındırlık ve İskan Bakanı Faruk Nafiz ÖZAK’ın Vekâlet Etmesine Dair Tezkere",https://www.resmigazete.gov.tr/eskiler/2005/06/20050608-3.htm
2005-06-08,— Hükümlü Neşet KEÇİCİ’nin Kalan Cezasının Kaldırılmasına Dair Karar (2005/14),https://www.resmigazete.gov.tr/eskiler/2005/06/20050608-4.htm
2005-06-08,"— Maliye, Ulaştırma, Sanayi ve Ticaret, Kültür ve Turizm ile Çevre ve Orman Bakanlıklarına Ait Atama Kararları",https://www.resmigazete.gov.tr/eskiler/2005/06/20050608-5.htm
2005-06-08,2005/8844 Genel Yönetim Muhasebe Yönetmeliği,https://www.resmigazete.gov.tr/eskiler/2005/06/20050608-6.htm
2005-06-08,— Gözlükçülük Ruhsatnamesi Verilmesi İçin Gerçekleştirilecek Kurs ve Sınav Yönetmeliğinde Değişiklik Yapılmasına Dair Yönetmelik,https://www.resmigazete.gov.tr/eskiler/2005/06/20050608-7.htm
2005-06-08,— İthalatta Korunma Önlemlerine İlişkin Tebliğ (No: 2005/6),https://www.resmigazete.gov.tr/eskiler/2005/06/20050608-8.htm
2005-06-08,"— Aracılık Faaliyetleri ve Aracı Kuruluşlara İlişkin Esaslar Hakkında Tebliğde Değişiklik Yapılmasına Dair Tebliğ (Seri: V, No: 80)",https://www.resmigazete.gov.tr/eskiler/2005/06/20050608-9.htm
2005-06-08,"— S ermaye Piyasası Araçlarının Kredili Alım,Açığa Satış ve Ödünç Alma ve Verme İşlemleri Hakkında Tebliğde Değişiklik Yapılmasına Dair Tebliğ (Seri: V, No: 81)",https://www.resmigazete.gov.tr/eskiler/2005/06/20050608-10.htm
2005-06-09,2005/8847 Türk-Hollanda Kara Ulaştırması Karma Komisyon Toplantısı Protokolü’nün Onaylanması Hakkında Karar,https://www.resmigazete.gov.tr/eskiler/2005/06/20050609-1.htm
2005-06-09,2005/8851 Türkiye-Letonya Kara Ulaştırması Karma Komisyon Toplantısı Protokolü’nün Onaylanması Hakkında Karar,https://www.resmigazete.gov.tr/eskiler/2005/06/20050609-2.htm
2005-06-09,"2005/8855 Türkiye-Etiyopya Ekonomik,Ticaret ve Teknik İşbirliği Karma Komisyonu Üçüncü Dönem Toplantısı Protokolü’nün Onaylanması Hakkında Karar",https://www.resmigazete.gov.tr/eskiler/2005/06/20050609-3.htm
2005-06-09,"2005/8859 Bazı Kararnameler ile Türk Vatandaşlığına Alınan 8 Kişiye İlişkin Hükümlerin İptali ve Bakanlar Kurulu Kararı ile İptal Edilen 2 Kişiye Ait Kısmın İptali, 2 Kişiye İlişkin Bilgilerin Düzeltilmesi ve 33 Kişinin Türk Vatandaşlığına Alınması Hakkında Karar",https://www.resmigazete.gov.tr/eskiler/2005/06/20050609-4.htm
2005-06-09,"— Maliye Bakanlığına, Tarım ve Köyişleri Bakanı Mehmet Mehdi EKER’in Vekâlet Etmesine Dair Tezkere",https://www.resmigazete.gov.tr/eskiler/2005/06/20050609-5.htm
2005-06-10,2005/8946 Bankacılık Düzenleme ve Denetleme Kurulu Üyeliğine Ahmet Şirin’in Atanması ve İkinci Başkan Olarak Görevlendirilmesi Hakkında Karar,https://www.resmigazete.gov.tr/eskiler/2005/06/20050610-1.htm
2005-06-10,— Ulaştırma ile Çevre ve Orman Bakanlıklarına Ait Atama Kararları,https://www.resmigazete.gov.tr/eskiler/2005/06/20050610-2.htm
2005-06-10,— İzmir İli Ödemiş İlçesine Bağlı Zeytinlik Beldesi İsminin “GÖLCÜK” Olarak Değiştirilmesi Hakkında Karar,https://www.resmigazete.gov.tr/eskiler/2005/06/20050610-3.htm
2005-06-10,"— Emekli ve Malullük Aylığı Bağlanmış Olanlarla, Bunların Kanunen Bakmakla Yükümlü Bulundukları Aile Fertleri, Dul ve Yetim Aylığı Alanların Muayene ile Tedavileri Hakkında Yönetmelikte Değişiklik Yapılmasına Dair Yönetmelik",https://www.resmigazete.gov.tr/eskiler/2005/06/20050610-4.htm
2005-06-10,— Organik Tarımın Esasları ve Uygulanmasına İlişkin Yönetmelik,https://www.resmigazete.gov.tr/eskiler/2005/06/20050610-5.htm
2005-06-10,— İstanbul Kültür Üniversitesi Lisansüstü Eğitim-Öğretim ve Sınav Yönetmeliği,https://www.resmigazete.gov.tr/eskiler/2005/06/20050610-6.htm
2005-06-10,— Dahilde İşleme Rejimi Tebliğinde Değişiklik Yapılmasına Dair Tebliğ (İhracat: 2005/10),https://www.resmigazete.gov.tr/eskiler/2005/06/20050610-7.htm
2005-06-11,5355 Mahalli İdare Birlikleri Kanunu,https://www.resmigazete.gov.tr/eskiler/2005/06/20050611-1.htm
2005-06-11,"2005/8849 Türkiye Cumhuriyeti Hükümeti ile Şili Cumhuriyeti Hükümeti Arasında 2004-2006 Yılları İçin Kültür, Eğitim, Bilim,Gençlik ve Spor Alanlarında Değişim Programı’nın Onaylanması Hakkında Karar",https://www.resmigazete.gov.tr/eskiler/2005/06/20050611-2.htm
2005-06-11,"2005/8911 Başbakanlıkça Düzenlenen Hizmet İçi Eğitim, Kurs ve Seminerlerde Ücretle Okutulacak Ders Saatlerinin Sayısı, Ders Görevi Alacakların Nitelikleri ve Diğer Hususların Tespitine İlişkin Esaslar Hakkında Karar",https://www.resmigazete.gov.tr/eskiler/2005/06/20050611-3.htm
2005-06-11,"— Niğde Üniversitesi Rektörlüğüne, Prof. Dr. Hamza UYGUN’un Atanmasına Dair Karar",https://www.resmigazete.gov.tr/eskiler/2005/06/20050611-4.htm
2005-06-11,— Beşeri Tıbbi Ürünler Ruhsatlandırma Yönetmeliğinde Değişiklik Yapılmasına Dair Yönetmelik,https://www.resmigazete.gov.tr/eskiler/2005/06/20050611-5.htm
2005-06-11,— Korunması Gerekli Taşınmaz Kültür Varlıklarının Yapı Esasları ve Denetimine Dair Yönetmelik,https://www.resmigazete.gov.tr/eskiler/2005/06/20050611-6.htm
2005-06-11,"— Koruma, Uygulama ve Denetim Büroları, Proje Büroları ile Eğitim Birimlerinin Kuruluş, İzin, Çalışma Usul ve Esaslarına Dair Yönetmelik",https://www.resmigazete.gov.tr/eskiler/2005/06/20050611-7.htm
2005-06-12,2005/8913 Bazı Tüzüklerin Yürürlükten Kaldırılmasına İlişkin Tüzük,https://www.resmigazete.gov.tr/eskiler/2005/06/20050612-1.htm
2005-06-12,— Çanakkale Onsekiz Mart Üniversitesi Uzaktan Algılama Araştırma ve Uygulama Merkezi Yönetmeliği,https://www.resmigazete.gov.tr/eskiler/2005/06/20050612-2.htm
2005-06-12,— Kentsel Arkeolojik Sit Alanları Koruma ve Kullanma Koşulları ile İlgili İlke Kararı,https://www.resmigazete.gov.tr/eskiler/2005/06/20050612-3.htm
2005-06-13,"— Devlet Bakanı Kürşad TÜZMEN’e, Adalet Bakanı Cemil ÇİÇEK’in Vekâlet Etmesine Dair Tezkere",https://www.resmigazete.gov.tr/eskiler/2005/06/20050613-1.htm
2005-06-13,"— Milli Eğitim Bakanı Hüseyin ÇELİK’e, Devlet Bakanı Beşir ATALAY’ın Vekâlet Etmesine Dair Tezkere",https://www.resmigazete.gov.tr/eskiler/2005/06/20050613-2.htm
2005-06-13,— Kahramanmaraş Sütçü İmam Üniversitesi Avrupa Birliği Araştırma ve Uygulama Merkezi Yönetmeliği,https://www.resmigazete.gov.tr/eskiler/2005/06/20050613-3.htm
2005-06-13,"— Zonguldak Karaelmas Üniversitesi Önlisans, Lisans Eğitim-Öğretim ve Sınav Yönetmeliğinde Değişiklik Yapılmasına Dair Yönetmelik",https://www.resmigazete.gov.tr/eskiler/2005/06/20050613-4.htm
2005-06-14,"851 Ondokuz Mayıs Üniversitesi’nde Keyfi Yönetim, Kamu Kaynaklarının Amaç Dışı Kullanımı ve Kadrolaşma İddialarının Araştırılarak Alınması Gereken Önlemlerin Belirlenmesi Amacıyla Bir Meclis Araştırması Komisyonu Kurulmasına İlişkin Karar",https://www.resmigazete.gov.tr/eskiler/2005/06/20050614-1.htm
2005-06-14,"2005/8915 Kayseri İli, İncesu İlçesi, Garipçe Köyünün, İncesu Belediyesine Mahalle Olarak Bağlanmak Üzere Kayseri Büyükşehir Belediyesi Sınırları İçine Alınması Hakkında Karar",https://www.resmigazete.gov.tr/eskiler/2005/06/20050614-2.htm
2005-06-14,"2005/8928 Büyükşehir Belediyeleri, Belediyeler ve Bunlara Bağlı Kuruluşlar ile Sermayesinin Yüzde Ellisinden Fazlası Büyükşehir Belediyelerine/Belediyelere Ait Şirketlerin Kamu Kurum ve Kuruluşlarından Olan Kamu ve Özel Hukuka Tabi Alacakları ile Bunların Diğer Kamu Kurum ve Kuruluşlarına Olan Borçları Hakkında Yapılacak Takas, Mahsup ve Kesinti İşlemlerinde Uygulanacak Usul ve Esaslara İlişkin Karar",https://www.resmigazete.gov.tr/eskiler/2005/06/20050614-3.htm
2005-06-14,"— Milli Savunma Bakanlığına, İçişleri Bakanı Abdülkadir AKSU’nun Vekâlet Etmesine Dair Tezkere",https://www.resmigazete.gov.tr/eskiler/2005/06/20050614-4.htm
2005-06-14,"— Ulaştırma Bakanlığına, Enerji ve Tabii Kaynaklar Bakanı M. Hilmi GÜLER’in Vekâlet Etmesine Dair Tezkere",https://www.resmigazete.gov.tr/eskiler/2005/06/20050614-5.htm
2005-06-14,— Çevre ve Orman Bakanlığına Ait Atama Kararı,https://www.resmigazete.gov.tr/eskiler/2005/06/20050614-6.htm
2005-06-14,2005/8831 Yetiştirilmek Amacıyla Yurt Dışına Gönderilecek Devlet Memurları Hakkında Yönetmelikte Değişiklik Yapılmasına Dair Yönetmelik,https://www.resmigazete.gov.tr/eskiler/2005/06/20050614-7.htm
2005-06-14,— Türk Silahlı Kuvvetleri Stratejik Hedef Planının Gerçekleştirilmesi Maksadıyla Yapılacak Harcamalar İçin Verilen Avans ve Kredi İşlemlerine İlişkin Yönetmelikte Değişiklik Yapılmasına Dair Yönetmelik,https://www.resmigazete.gov.tr/eskiler/2005/06/20050614-8.htm
2005-06-14,— Okul Servis Araçları Hizmet Yönetmeliğinde Değişiklik Yapılmasına Dair Yönetmelik,https://www.resmigazete.gov.tr/eskiler/2005/06/20050614-9.htm
2005-06-14,— Otopark Yönetmeliğinde Değişiklik Yapılmasına Dair Yönetmelik,https://www.resmigazete.gov.tr/eskiler/2005/06/20050614-10.htm
2005-06-14,— Türkiye Şeker Fabrikaları A.Ş. Genel Müdürlüğü Görevde Yükselme Yönetmeliğinde Değişiklik Yapılmasına Dair Yönetmelik,https://www.resmigazete.gov.tr/eskiler/2005/06/20050614-11.htm
2005-06-14,"— Çevre ve Orman Uzman Yardımcılığı Giriş ve Çevre Orman Uzmanlığı Yeterlik Sınavları ile Atama, Yetiştirilme, Görev, Yetki ve Çalışma Usul ve Esasları Hakkında Yönetmelik",https://www.resmigazete.gov.tr/eskiler/2005/06/20050614-12.htm
2005-06-14,— Devlet Meteoroloji İşleri Genel Müdürlüğü Personeli Atama ve Görevde Yükselme Yönetmeliğinde Değişiklik Yapılmasına Dair Yönetmelik,https://www.resmigazete.gov.tr/eskiler/2005/06/20050614-13.htm
2005-06-14,— Gazi Üniversitesi Biyomedikal Kalibrasyon ve Araştırma Merkezi Yönetmeliği,https://www.resmigazete.gov.tr/eskiler/2005/06/20050614-14.htm
2005-06-14,— Süleyman Demirel Üniversitesi Teknolojik Malzemeler Araştırma ve Uygulama Merkezi Yönetmeliği,https://www.resmigazete.gov.tr/eskiler/2005/06/20050614-15.htm
2005-06-14,— Medya Ölçümü Araştırma Sonuçlarının Ticari Reklam ve İlanlarda Kullanılmasına Dair Tebliğ’de Değişiklik Yapılmasına Dair Tebliğ (TRKGM: 2005/01),https://www.resmigazete.gov.tr/eskiler/2005/06/20050614-16.htm
2005-06-14,— Dış Ticarette Standardizasyon Tebliğinde Değişiklik Yapılması Hakkında Tebliğ (No: 2005/26),https://www.resmigazete.gov.tr/eskiler/2005/06/20050614-17.htm
2005-06-14,— Kataloğa Dayalı Açık Artırma Yöntemi ile Pazarlanacak 2004 Ürünü Üretici Tütünlerine İlişkin Açık Artırma Başlangıç Fiyatları Hakkında Tebliğ,https://www.resmigazete.gov.tr/eskiler/2005/06/20050614-18.htm
2005-06-15,2005/8883 Türkiye Cumhuriyeti ile Gürcistan Acara Özerk Cumhuriyeti Arasında Elektrik Enerjisi Alış-Verişi Hakkında Protokol’ün Onaylanması Hakkında Karar,https://www.resmigazete.gov.tr/eskiler/2005/06/20050615-1.htm
2005-06-15,"2005/8893 Türkiye Cumhuriyeti ile Gürcistan Arasında Türkiye Cumhuriyeti, Gürcistan ve Azerbaycan Cumhuriyeti Arasında Terörizm, Örgütlü Suçlar ve Diğer Önemli Suçlarla Mücadele Anlaşması’nın Dokuzuncu Maddesinin Uygulanmasına Dair Protokol’ün Onaylanması Hakkında Karar",https://www.resmigazete.gov.tr/eskiler/2005/06/20050615-2.htm
2005-06-15,"— Başbakanlığa, Devlet Bakanı ve Başbakan Yardımcısı Mehmet Ali ŞAHİN’in Vekâlet Etmesine Dair Tezkere",https://www.resmigazete.gov.tr/eskiler/2005/06/20050615-3.htm
2005-06-15,"— Maliye Bakanlığına, Devlet Bakanı ve Başbakan Yardımcısı Abdüllatif ŞENER’in Vekâlet Etmesine Dair Tezkere",https://www.resmigazete.gov.tr/eskiler/2005/06/20050615-4.htm
2005-06-15,"— Sağlık Bakanlığına, Devlet Bakanı Mehmet AYDIN’ın Vekalet Etmesine Dair Tezkere",https://www.resmigazete.gov.tr/eskiler/2005/06/20050615-5.htm
2005-06-15,— Sanayi ve Ticaret Bakanlığına Ait Atama Kararı,https://www.resmigazete.gov.tr/eskiler/2005/06/20050615-6.htm
2005-06-15,— Bazı Yönetmeliklerin Yürürlükten Kaldırılmasına Dair Yönetmelikler,https://www.resmigazete.gov.tr/eskiler/2005/06/20050615-7.htm
2005-06-15,— Petrol Piyasasında Sigorta Yükümlülükleri Hakkında Tebliğ,https://www.resmigazete.gov.tr/eskiler/2005/06/20050615-8.htm
2005-06-15,— Yurt İçinde Üretilen Bazı Akaryakıt Haricinde Kalan Petrol Ürünlerinin Yurt İçinde Satışında Uygulanacak Usul ve Esaslara İlişkin Tebliğde Değişiklik Yapılmasına Dair Tebliğ,https://www.resmigazete.gov.tr/eskiler/2005/06/20050615-9.htm
2005-06-15,DÜZELTME (Mustafa Kemal Üniversitesi Önlisans ve Lisans Öğretim ve Sınav Yönetmeliğinde Değişiklik Yapılmasına Dair Yönetmelik ile İlgili),https://www.resmigazete.gov.tr/eskiler/2005/06/20050615-10.htm
2005-06-16,"— Dışişleri Bakanlığı ve Başbakan Yardımcılığına, Kültür ve Turizm Bakanı Atilla KOÇ’un Vekâlet Etmesine Dair Tezkere",https://www.resmigazete.gov.tr/eskiler/2005/06/20050616-1.htm
2005-06-16,"— Devlet Bakanı Ali BABACAN’a,Devlet Bakanı Nimet ÇUBUKÇU’nun Vekâlet Etmesine Dair Tezkere",https://www.resmigazete.gov.tr/eskiler/2005/06/20050616-2.htm
2005-06-16,"— Sağlık Bakanlığına, Devlet Bakanı Mehmet AYDIN’ın Vekâlet Etmesine Dair Tezkerenin İşlemden Kaldırılmasına Dair Tezkere",https://www.resmigazete.gov.tr/eskiler/2005/06/20050616-3.htm
2005-06-16,— Kültür ve Turizm Bakanlığına Ait Atama Kararı,https://www.resmigazete.gov.tr/eskiler/2005/06/20050616-4.htm
2005-06-16,— Yetiştirilmek Amacıyla Yurt Dışına Gönderilecek Başbakanlık Personeli Hakkında Yönetmelikte Değişiklik Yapılmasına Dair Yönetmelik,https://www.resmigazete.gov.tr/eskiler/2005/06/20050616-5.htm
2005-06-16,— Hava Aracı Onaylayıcı Personel Yönetmeliği (SYH-66),https://www.resmigazete.gov.tr/eskiler/2005/06/20050616-6.htm
2005-06-16,— Türkiye Atom Enerjisi Kurumu Görevde Yükselme ve Unvan Değişikliği Yönetmeliği,https://www.resmigazete.gov.tr/eskiler/2005/06/20050616-7.htm
2005-06-16,"— Av ve Yaban Hayvanları ile Bunlardan Elde Edilen Ürünlerin Bulundurulması, Üretimi ve Ticareti Hakkında Yönetmelik",https://www.resmigazete.gov.tr/eskiler/2005/06/20050616-8.htm
2005-06-16,— Emanet Komisyonunun Çalışma Usul ve Esasları Hakkında Yönetmeliğin Yürürlükten Kaldırılmasına Dair Yönetmelik,https://www.resmigazete.gov.tr/eskiler/2005/06/20050616-9.htm
2005-06-16,— Muayene ve Kabul Komisyonlarının Çalışma Usul ve Esasları Hakkında Yönetmeliğin Yürürlükten Kaldırılmasına Dair Yönetmelik,https://www.resmigazete.gov.tr/eskiler/2005/06/20050616-10.htm
2005-06-16,— Telekomünikasyon Kurumu İhale Yönetmeliğinin Yürürlükten Kaldırılmasına Dair Yönetmelik,https://www.resmigazete.gov.tr/eskiler/2005/06/20050616-11.htm
2005-06-16,— Süleyman Demirel Üniversitesi Yaz Okulu Yönetmeliği,https://www.resmigazete.gov.tr/eskiler/2005/06/20050616-12.htm
2005-06-16,— Karma Yemlere Katılması ve Hayvanlara Yedirilmesi Yasak Olan Maddeler Hakkında Tebliğ (Tebliğ No: 2005/24),https://www.resmigazete.gov.tr/eskiler/2005/06/20050616-13.htm
2005-06-16,— İthalatta Gözetim Uygulanmasına İlişkin Tebliğ (Tebliğ No: 2005/9),https://www.resmigazete.gov.tr/eskiler/2005/06/20050616-14.htm
2005-06-16,— Gümrük Genel Tebliği (Gümrük İşlemleri) (Seri No: 37),https://www.resmigazete.gov.tr/eskiler/2005/06/20050616-15.htm
2005-06-16,— Gezi Tekneleri Yönetmeliğinin 15 inci Maddesinde Yer Alan Kayıt Sistemine İlişkin Usul ve Esaslar ile Yükümlülüklere İlişkin Tebliğ (Tebliğ No: 2005/1),https://www.resmigazete.gov.tr/eskiler/2005/06/20050616-16.htm
2005-06-16,"— Portföy Yöneticiliği Faaliyetine ve Bu Faaliyette Bulunacak Kurumlara İlişkin Esaslar Tebliğinde Değişiklik Yapılmasına Dair Tebliğ (Seri: V, No: 82)",https://www.resmigazete.gov.tr/eskiler/2005/06/20050616-17.htm
2005-06-16,"— Gayrimenkul Yatırım Ortaklıklarına İlişkin Esaslar Tebliğinde Değişiklik Yapılmasına Dair Tebliğ (Seri: VI, No: 18)",https://www.resmigazete.gov.tr/eskiler/2005/06/20050616-18.htm
2005-06-16,"— Yatırım Fonlarına İlişkin Esaslar Tebliğinde Değişiklik Yapılmasına Dair Tebliğ (Seri: VII, No: 26)",https://www.resmigazete.gov.tr/eskiler/2005/06/20050616-19.htm
2005-06-17,"5364 Şanlıurfa İli Halfeti İlçesi Karaotlak Köyü Tapulama Alanı Dışına Nakledilen Bölümü ile Argaç, Seldek, Yeşilözen ve Karaotlak Köylerinin Halfeti İlçe Belediyesine Mahalle Olarak Bağlanması Hakkında Kanun",https://www.resmigazete.gov.tr/eskiler/2005/06/20050617-1.htm
2005-06-17,— Hükümlülerin Açık Ceza İnfaz Kurumlarına Ayrılmaları Hakkında Yönetmelik,https://www.resmigazete.gov.tr/eskiler/2005/06/20050617-2.htm
2005-06-17,— Ceza İnfaz Kurumlarında Bulundurulabilecek Eşya ve Maddeler Hakkında Yönetmelik,https://www.resmigazete.gov.tr/eskiler/2005/06/20050617-3.htm
2005-06-17,— Hükümlü ve Tutukluların Ziyaret Edilmeleri Hakkında Yönetmelik,https://www.resmigazete.gov.tr/eskiler/2005/06/20050617-4.htm
2005-06-17,— Gözlem ve Sınıflandırma Merkezleri Yönetmeliği,https://www.resmigazete.gov.tr/eskiler/2005/06/20050617-5.htm
2005-06-17,— Sığır Cinsi Hayvanların Tanımlanması Tescili ve İzlenmesi Yönetmeliğinde Değişiklik Yapılmasına Dair Yönetmelik,https://www.resmigazete.gov.tr/eskiler/2005/06/20050617-6.htm
2005-06-17,— Hâkimler ve Savcılar Yüksek Kuruluna Ait İlke Kararları,https://www.resmigazete.gov.tr/eskiler/2005/06/20050617-7.htm
2005-06-17,— Milli Emlak Genel Tebliği (Sıra No: 295),https://www.resmigazete.gov.tr/eskiler/2005/06/20050617-8.htm
2005-06-17,"— İhracat, İhracat Sayılan Satış ve Teslimler ile Döviz Kazandırıcı Hizmet ve Faaliyetlerde Vergi, Resim ve Harç İstisnası Hakkında Tebliğde Değişiklik Yapılmasına Dair Tebliğ (İhracat: 2005/8)",https://www.resmigazete.gov.tr/eskiler/2005/06/20050617-9.htm
2005-06-17,"— Analiz Amaçlı Analitik Saflıkta Etil Alkol ve Metanol İçin İşleme Tesislerine İlişkin Tütün, Tütün Mamulleri ve Alkollü İçkiler Piyasası Düzenleme Kurulu Kararı (No: 1758)",https://www.resmigazete.gov.tr/eskiler/2005/06/20050617-10.htm
2005-06-18,2005/8971 Bazı Alanların Mersin Teknoloji Geliştirme Bölgesi Olarak Tespit Edilmesi Hakkında Karar,https://www.resmigazete.gov.tr/eskiler/2005/06/20050618-1.htm
2005-06-18,"2005/8973 Büyükşehir Belediyeleri, Belediyeler ve Bunlara Bağlı Kuruluşlar ile Sermayesinin Yüzde Ellisinden Fazlası Büyükşehir Belediyelerine/Belediyelere Ait Şirketlerin Kamu Kurum ve Kuruluşlarından Olan Kamu ve Özel Hukuka Tabi Alacakları ile Bunların Diğer Kamu Kurum ve Kuruluşlarına Olan Borçları Hakkında Yapılacak Takas ve Mahsup İşlemleri İçin Belirlenen Sürenin Uzatılmasına İlişkin Karar",https://www.resmigazete.gov.tr/eskiler/2005/06/20050618-2.htm
2005-06-18,— Kültür ve Turizm Bakanlığı Yayın Seçme Yönetmeliği,https://www.resmigazete.gov.tr/eskiler/2005/06/20050618-3.htm
2005-06-18,"— Kültür ve Tabiat Varlıklarını Koruma Kanunu Kapsamındaki Kültür Varlıklarının Rölöve, Restorasyon, Restitüsyon Projeleri, Sokak Sağlıklaştırma, Çevre Düzenleme Projeleri ve Bunların Uygulamaları ile Değerlendirme, Muhafaza, Nakil İşleri ve Kazı Çalışmalarına İlişkin Mal ve Hizmet Alımlarına Dair Yönetmelik",https://www.resmigazete.gov.tr/eskiler/2005/06/20050618-4.htm
2005-06-18,— Tasarruf Mevduatı Sigorta Fonu Tarafından Ticari ve İktisadi Bütünlük Oluşturan Mahcuzların Satışına İlişkin Yönetmelik,https://www.resmigazete.gov.tr/eskiler/2005/06/20050618-5.htm
2005-06-18,— Özelleştirme Yüksek Kurulunun 2005/56 Sayılı Kararı,https://www.resmigazete.gov.tr/eskiler/2005/06/20050618-6.htm
2005-06-18,— Özelleştirme Yüksek Kurulunun 2005/64 Sayılı Kararı,https://www.resmigazete.gov.tr/eskiler/2005/06/20050618-7.htm
2005-06-18,— Özelleştirme Yüksek Kurulunun 2005/66 Sayılı Kararı,https://www.resmigazete.gov.tr/eskiler/2005/06/20050618-8.htm
2005-06-18,— Özelleştirme Yüksek Kurulunun 2005/67 Sayılı Kararı,https://www.resmigazete.gov.tr/eskiler/2005/06/20050618-9.htm
2005-06-18,— Özelleştirme Yüksek Kurulunun 2005/73 Sayılı Kararı,https://www.resmigazete.gov.tr/eskiler/2005/06/20050618-10.htm
2005-06-18,— Elektronik İmza ile İlgili Süreçlere ve Teknik Kriterlere İlişkin Tebliğde Değişiklik Yapılmasına Dair Tebliğ,https://www.resmigazete.gov.tr/eskiler/2005/06/20050618-11.htm
2005-06-18,— Türk Medeni Kanunu Hükümlerine Göre Kurulan Vakıflar Hakkında Tebliğde Değişiklik Yapılmasına Dair Tebliğ,https://www.resmigazete.gov.tr/eskiler/2005/06/20050618-12.htm
2005-06-19,"— Çalışma ve Sosyal Güvenlik Bakanlığına, Sanayi ve Ticaret Bakanı Ali COŞKUN’un Vekâlet Etmesine Dair Tezkere",https://www.resmigazete.gov.tr/eskiler/2005/06/20050619-1.htm
2005-06-19,— Türk Mühendis ve Mimar Odaları Birliği Jeofizik Mühendisleri Odası Ana Yönetmeliğinde Değişiklik Yapılmasına Dair Yönetmelik,https://www.resmigazete.gov.tr/eskiler/2005/06/20050619-2.htm
2005-06-19,— Nesli Tehlike Altında Olan Yabani Hayvan ve Bitki Türlerinin İthaline İlişkin Tebliğ (İthalat: 2005/22),https://www.resmigazete.gov.tr/eskiler/2005/06/20050619-3.htm
2005-06-19,— Otonom Tarife Kontenjanı Açılması Planlanan Ürünlere İlişkin Tebliğ (İthalat: 2005/23),https://www.resmigazete.gov.tr/eskiler/2005/06/20050619-4.htm
2005-06-20,— Özürlüler İdaresi Başkanlığı Görevde Yükselme ve Unvan Değişikliği Yönetmeliği,https://www.resmigazete.gov.tr/eskiler/2005/06/20050620-1.htm
2005-06-20,— Çukurova Üniversitesi Arkeolojik Araştırma ve Uygulama Merkezi Yönetmeliği,https://www.resmigazete.gov.tr/eskiler/2005/06/20050620-2.htm
2005-06-20,— Türk Parası Kıymetini Koruma Hakkında 32 Sayılı Karar ile Başbakanlık Hazine Müsteşarlığının 91-32/5 Sayılı Tebliğine İlişkin Türkiye Cumhuriyet Merkez Bankası Genelgesi (Sayı: 2005/2),https://www.resmigazete.gov.tr/eskiler/2005/06/20050620-3.htm
2005-06-21,5362 Esnaf ve Sanatkârlar Meslek Kuruluşları Kanunu,https://www.resmigazete.gov.tr/eskiler/2005/06/20050621-1.htm
2005-06-21,5363 Tarım Sigortaları Kanunu,https://www.resmigazete.gov.tr/eskiler/2005/06/20050621-2.htm
2005-06-21,"5365 Türk Silâhlı Kuvvetleri İç Hizmet Kanunu, Türk Silâhlı Kuvvetleri Personel Kanunu, Gülhane Askerî Tıp Akademisi Kanunu ve Millî Savunma Bakanlığı ile Kara, Deniz ve Hava Kuvvetleri Komutanlıklarına Bağlı Kurumlarda Döner Sermaye Teşkili ve İşletilmesine İlişkin Kanunda Değişiklik Yapılmasına Dair Kanun",https://www.resmigazete.gov.tr/eskiler/2005/06/20050621-3.htm
2005-06-21,2005/8949 Kültür Varlıkları ve Müzeler Genel Müdürlüğüne Bağlı Olarak Kültür ve Tabiat Varlıklarını Koruma Bölge Kurulu Müdürlüklerinin Kurulması Hakkında Karar,https://www.resmigazete.gov.tr/eskiler/2005/06/20050621-4.htm
2005-06-21,2005/8955 Balıkesir İli Sınırları İçerisinde Bulunan “Kuş Cenneti Milli Parkı”nın Sınırlarının Genişletilmesi Hakkında Karar,https://www.resmigazete.gov.tr/eskiler/2005/06/20050621-5.htm
2005-06-21,2005/8962 İstanbul Sismik Riskin Azaltılması ve Acil Durum Hazırlık Projesi’nin Finansmanı İçin Dünya Bankası’ndan Sağlanacak 310 Milyon Euro Tutarındaki Kredinin İstanbul İl Özel İdaresi’ne Karşılıksız Tahsis Edilmesi Hakkında Karar,https://www.resmigazete.gov.tr/eskiler/2005/06/20050621-6.htm
2005-06-21,2005/8969 Kırıkkale Üniversitesi Rektörlüğüne Bağlı Olarak Güzel Sanatlar Fakültesi Kurulması Hakkında Karar,https://www.resmigazete.gov.tr/eskiler/2005/06/20050621-7.htm
2005-06-21,2005/8983 Erciyes Üniversitesi Rektörlüğüne Bağlı Olarak Turizm İşletmeciliği ve Otelcilik Yüksekokulu Kurulması Hakkında Karar,https://www.resmigazete.gov.tr/eskiler/2005/06/20050621-8.htm
2005-06-21,"— Dışişleri Bakanlığı ve Başbakan Yardımcılığına, Milli Savunma Bakanı M. Vecdi GÖNÜL’ün Vekâlet Etmesine Dair Tezkere",https://www.resmigazete.gov.tr/eskiler/2005/06/20050621-9.htm
2005-06-21,— Sınır Tespitine Dair Bir Adet Karar,https://www.resmigazete.gov.tr/eskiler/2005/06/20050621-10.htm
2005-06-21,2005/8948 Turizm Tesislerinin Belgelendirilmesine ve Niteliklerine İlişkin Yönetmelik,https://www.resmigazete.gov.tr/eskiler/2005/06/20050621-11.htm
2005-06-21,2005/9013 Madencilik Faaliyetleri İzin Yönetmeliği,https://www.resmigazete.gov.tr/eskiler/2005/06/20050621-12.htm
2005-06-21,— Adnan Menderes Üniversitesi Ön Lisans ve Lisans Eğitim-Öğretim ve Sınav Yönetmeliğinde Değişiklik Yapılmasına Dair Yönetmelik,https://www.resmigazete.gov.tr/eskiler/2005/06/20050621-13.htm
2005-06-21,— Adnan Menderes Üniversitesi Lisansüstü Eğitim-Öğretim Yönetmeliğinde Değişiklik Yapılmasına Dair Yönetmelik,https://www.resmigazete.gov.tr/eskiler/2005/06/20050621-14.htm
2005-06-21,— Kırıkkale Üniversitesi Ön Lisans ve Lisans Eğitim-Öğretim ve Sınav Yönetmeliği,https://www.resmigazete.gov.tr/eskiler/2005/06/20050621-15.htm
2005-06-21,— Kocaeli Üniversitesi Çift Anadal Programı (ÇAP) Yönetmeliğinde Değişiklik Yapılmasına Dair Yönetmelik,https://www.resmigazete.gov.tr/eskiler/2005/06/20050621-16.htm
2005-06-21,— Kocaeli Üniversitesi Önlisans-Lisans Eğitim-Öğretim ve Sınav Yönetmeliğinde Değişiklik Yapılmasına Dair Yönetmelik,https://www.resmigazete.gov.tr/eskiler/2005/06/20050621-17.htm
2005-06-21,— Kocaeli Üniversitesi Yaz Okulu Yönetmeliğinin Yürürlükten Kaldırılmasına Dair Yönetmelik,https://www.resmigazete.gov.tr/eskiler/2005/06/20050621-18.htm
2005-06-21,— Süleyman Demirel Üniversitesi Tarımsal Araştırma ve Uygulama Merkezi Yönetmeliği,https://www.resmigazete.gov.tr/eskiler/2005/06/20050621-19.htm
2005-06-21,— İşkolu Tespit Kararı (No: 2005/27),https://www.resmigazete.gov.tr/eskiler/2005/06/20050621-20.htm
2005-06-21,— İşkolu Tespit Kararı (No: 2005/28),https://www.resmigazete.gov.tr/eskiler/2005/06/20050621-21.htm
2005-06-21,— İşkolu Tespit Kararı (No: 2005/29),https://www.resmigazete.gov.tr/eskiler/2005/06/20050621-22.htm
2005-06-21,— İşkolu Tespit Kararı (No: 2005/30),https://www.resmigazete.gov.tr/eskiler/2005/06/20050621-23.htm
2005-06-21,— İşkolu Tespit Kararı (No: 2005/31),https://www.resmigazete.gov.tr/eskiler/2005/06/20050621-24.htm
2005-06-21,— İşkolu Tespit Kararı (No: 2005/32),https://www.resmigazete.gov.tr/eskiler/2005/06/20050621-25.htm
2005-06-21,— İthalatta Gözetim Uygulanmasına İlişkin Tebliğ (Tebliğ No: 2005/10),https://www.resmigazete.gov.tr/eskiler/2005/06/20050621-26.htm
2005-06-21,— Yargıtay 2. Hukuk Dairesine Ait Karar,https://www.resmigazete.gov.tr/eskiler/2005/06/20050621-27.htm
2005-06-22,2005/8985 Türkiye Cumhuriyeti ile Fas Krallığı Arasında Gelir Üzerinden Alınan Vergilerde Çifte Vergilendirme Önleme ve Vergi Kaçakçılığına Engel Olma Anlaşması’nın Onaylanması Hakkında Karar,https://www.resmigazete.gov.tr/eskiler/2005/06/20050622-1.htm
2005-06-22,2005/8995 Türkiye Cumhuriyeti Hükümeti ile Oman Sultanlığı Hükümeti Arasında Uluslararası Karayolu Taşımacılığı Anlaşması’nın Onaylanması Hakkında Karar,https://www.resmigazete.gov.tr/eskiler/2005/06/20050622-2.htm
2005-06-22,"— Devlet Bakanı ve Başbakan Yardımcısı Mehmet Ali ŞAHİN’e, Devlet Bakanı Beşir ATALAY’ın Vekâlet Etmesine Dair Tezkere",https://www.resmigazete.gov.tr/eskiler/2005/06/20050622-3.htm
2005-06-22,"— Tarım ve Köyişleri Bakanlığına, Bayındırlık ve İskan Bakanı Faruk Nafiz ÖZAK’ın Vekâlet Etmesine Dair Tezkere",https://www.resmigazete.gov.tr/eskiler/2005/06/20050622-4.htm
2005-06-22,"— Başbakanlık, Devlet, Millî Eğitim, Ulaştırma ile Kültür ve Turizm Bakanlıklarına Ait Atama Kararları",https://www.resmigazete.gov.tr/eskiler/2005/06/20050622-5.htm
2005-06-22,— İl Özel İdareleri ve Belediyeler Arşiv Yönetmeliğinin Yürürlükten Kaldırılmasına Dair Yönetmelik,https://www.resmigazete.gov.tr/eskiler/2005/06/20050622-6.htm
2005-06-22,— Mal Alımları Denetim Muayene ve Kabul İşlemlerine Dair Yönetmelikte Değişiklik Yapılmasına Dair Yönetmelik,https://www.resmigazete.gov.tr/eskiler/2005/06/20050622-7.htm
2005-06-22,— Mal Alımı İhaleleri Uygulama Yönetmeliğinde Değişiklik Yapılmasına Dair Yönetmelik,https://www.resmigazete.gov.tr/eskiler/2005/06/20050622-8.htm
2005-06-22,— Danışmanlık Hizmet Alımı İhaleleri Uygulama Yönetmeliğinde Değişiklik Yapılmasına Dair Yönetmelik,https://www.resmigazete.gov.tr/eskiler/2005/06/20050622-9.htm
2005-06-22,— Hizmet Alımı İhaleleri Uygulama Yönetmeliğinde Değişiklik Yapılmasına Dair Yönetmelik,https://www.resmigazete.gov.tr/eskiler/2005/06/20050622-10.htm
2005-06-22,— Yapım İşleri İhaleleri Uygulama Yönetmeliğinde Değişiklik Yapılmasına Dair Yönetmelik,https://www.resmigazete.gov.tr/eskiler/2005/06/20050622-11.htm
2005-06-22,— Enerji Piyasası Düzenleme Kurumu İnsan Kaynakları Yönetmeliğinde Değişiklik Yapılmasına Dair Yönetmelik,https://www.resmigazete.gov.tr/eskiler/2005/06/20050622-12.htm
2005-06-22,— Feyziye Mektepleri Vakfı Işık Üniversitesi Kuruluş ve İşleyiş Yönetmeliğinde Değişiklik Yapılmasına Dair Yönetmelik,https://www.resmigazete.gov.tr/eskiler/2005/06/20050622-13.htm
2005-06-22,— Atıkların Ek Yakıt Olarak Kullanılmasında Uyulacak Genel Kurallar Hakkında Tebliğ,https://www.resmigazete.gov.tr/eskiler/2005/06/20050622-14.htm
2005-06-22,— Dış Ticarette Standardizasyon Tebliğinde Değişiklik Yapılması Hakkında Tebliğ (No: 2005/25),https://www.resmigazete.gov.tr/eskiler/2005/06/20050622-15.htm
2005-06-22,— 2005 Yılı Mayıs Ayına Ait Yatırım Teşvik Belgelerinin Sektörel Dağılımı Hakkında Tebliğ,https://www.resmigazete.gov.tr/eskiler/2005/06/20050622-16.pdf
2005-06-22,— 2005 Yılı Mayıs Ayında Verilen ve Yararlandırılan Teşvik Unsurları Hakkında Tebliğ,https://www.resmigazete.gov.tr/eskiler/2005/06/20050622-17.htm
2005-06-22,"— 2005 Yılı Mayıs Ayına Ait Dahilde İşleme İzin Belgelerinin (D1) Listesi Hakkında Tebliğ — 2005 Yılı Mayıs Ayına Ait Yurt İçi Satış ve Teslim Belgelerinin (D3) Listesi Hakkında Tebliğ — 2005 Yılı Mayıs Ayına Ait Hariçte İşleme İzin Belgelerinin (H) Listesi Hakkında Tebliğ — 2005 Yılı Mayıs Ayına Ait Vergi, Resim ve Harç İstisnası Belgelerinin (Y) Listesi Hakkında Tebliğ",https://www.resmigazete.gov.tr/eskiler/2005/06/20050622-18.xls
2005-06-22,— Firma Talebine İstinaden İptal Edilen Dahilde İşleme İzin Belgeleri Hakkında Tebliğ — Re’sen Kapatılan Dahilde İşleme İzin Belgeleri Hakkında Tebliğ,https://www.resmigazete.gov.tr/eskiler/2005/06/20050622-19.xls
2005-06-22,— Özelleştirme İdaresi Başkanlığının 2005/ÖİB-K-13 Sayılı Kararı,https://www.resmigazete.gov.tr/eskiler/2005/06/20050622-20.htm
2005-06-23,5370 Türkiye Cumhuriyeti Anayasasının Bir Maddesinin Değiştirilmesi Hakkında Kanun,https://www.resmigazete.gov.tr/eskiler/2005/06/20050623-1.htm
2005-06-23,"— Devlet Bakanı Mehmet AYDIN’a, Devlet Bakanı Kürşad TÜZMEN’in Vekâlet Etmesine Dair Tezkere",https://www.resmigazete.gov.tr/eskiler/2005/06/20050623-2.htm
2005-06-23,"— Tarım ve Köyişleri Bakanlığına, Bayındırlık ve İskan Bakanı Faruk Nafiz ÖZAK’ın Vekâlet Etmesine Dair Tezkere",https://www.resmigazete.gov.tr/eskiler/2005/06/20050623-3.htm
2005-06-23,— Ticari Hava Taşıma İşletmeleri Yönetmeliğinde (SHY-6A) Değişiklik Yapılmasına Dair Yönetmelik,https://www.resmigazete.gov.tr/eskiler/2005/06/20050623-4.htm
2005-06-23,— Kontrol Laboratuvarlarının Kuruluş ve Görevleri Hakkında Yönetmelik,https://www.resmigazete.gov.tr/eskiler/2005/06/20050623-5.htm
2005-06-23,"— Anayasa Mahkemesinin E: 2004/4 (4969 Sayılı Kanunda Değişiklik Yapan 5021 Sayılı Kanun ile İlgili), K: 2005/25 Sayılı Kararı",https://www.resmigazete.gov.tr/eskiler/2005/06/20050623-6.htm
2005-06-24,— Hâkimler ve Savcılar Yüksek Kuruluna Ait Karar,https://www.resmigazete.gov.tr/eskiler/2005/06/20050624-1.htm
2005-06-24,— Millî Eğitim Bakanlığı İlköğretim Kurumları Yönetmeliğinde Değişiklik Yapılmasına Dair Yönetmelik,https://www.resmigazete.gov.tr/eskiler/2005/06/20050624-2.htm
2005-06-24,— Denizcilik Müsteşarlığı Sicil Amirleri Yönetmeliğinin Yürürlükten Kaldırılmasına Dair Yönetmelik,https://www.resmigazete.gov.tr/eskiler/2005/06/20050624-3.htm
2005-06-24,— Radyo ve Televizyon Üst Kurulu Teşkilatı Kuruluş ve Görev Yönetmeliğinde Değişiklik Yapılmasına Dair Yönetmelik,https://www.resmigazete.gov.tr/eskiler/2005/06/20050624-4.htm
2005-06-24,"— Radyo ve Televizyon Üst Kurulu Bütçe, Muhasebe ve İdari İşler Yönetmeliğinde Değişiklik Yapılmasına Dair Yönetmelik",https://www.resmigazete.gov.tr/eskiler/2005/06/20050624-5.htm
2005-06-24,— Petrol Piyasası Lisans Yönetmeliğinde Değişiklik Yapılmasına Dair Yönetmelik,https://www.resmigazete.gov.tr/eskiler/2005/06/20050624-6.htm
2005-06-24,— Petrol Piyasasında Uygulanacak Teknik Kriterler Hakkında Yönetmelikte Değişiklik Yapılmasına Dair Yönetmelik,https://www.resmigazete.gov.tr/eskiler/2005/06/20050624-7.htm
2005-06-24,— Petrol Piyasasında Ulusal Marker Uygulamasına İlişkin Usul ve Esaslar Hakkında Yönetmelikte Değişiklik Yapılmasına Dair Yönetmelik,https://www.resmigazete.gov.tr/eskiler/2005/06/20050624-8.htm
2005-06-24,— İthalatta Kota ve Tarife Kontenjanı İdaresine İlişkin Tebliğ (No: 2005/3),https://www.resmigazete.gov.tr/eskiler/2005/06/20050624-9.htm
2005-06-24,— İthalatta Gözetim Uygulanmasına İlişkin 2004/4 Sayılı Tebliğ’in Yürürlükten Kaldırılmasına İlişkin Tebliğ,https://www.resmigazete.gov.tr/eskiler/2005/06/20050624-10.htm
2005-06-24,— İthalatta Gözetim Uygulanmasına İlişkin Tebliğ (No: 2005/11),https://www.resmigazete.gov.tr/eskiler/2005/06/20050624-11.htm
2005-06-24,— İthalatta Haksız Rekabetin Önlenmesine İlişkin Tebliğ (No: 2005/13),https://www.resmigazete.gov.tr/eskiler/2005/06/20050624-12.htm
2005-06-25,5367 Doğal Gaz Piyasası Kanununda Değişiklik Yapılmasına Dair Kanun,https://www.resmigazete.gov.tr/eskiler/2005/06/20050625-1.htm
2005-06-25,5369 Evrensel Hizmetin Sağlanması ve Bazı Kanunlarda Değişiklik Yapılması Hakkında Kanun,https://www.resmigazete.gov.tr/eskiler/2005/06/20050625-2.htm
2005-06-25,— Kocaeli Üniversitesi (KOÜ) Lisansüstü Eğitim ve Öğretim Yönetmeliğinde Değişiklik Yapılmasına Dair Yönetmelik,https://www.resmigazete.gov.tr/eskiler/2005/06/20050625-3.htm
2005-06-25,— Süleyman Demirel Üniversitesi Gül ve Gül Ürünleri Araştırma ve Uygulama Merkezi Yönetmeliği,https://www.resmigazete.gov.tr/eskiler/2005/06/20050625-4.htm
2005-06-25,— Gümrük Genel Tebliği (Gümrük İşlemleri) (Seri No: 38),https://www.resmigazete.gov.tr/eskiler/2005/06/20050625-5.htm
2005-06-26,— Gençlik ve Spor Genel Müdürlüğü Görevde Yükselme ve Unvan Değişikliği Yönetmeliği,https://www.resmigazete.gov.tr/eskiler/2005/06/20050626-1.htm
2005-06-26,— Anadolu Üniversitesi Arkeoloji ve Sanat Tarihi Araştırma ve Uygulama Merkezi Yönetmeliği,https://www.resmigazete.gov.tr/eskiler/2005/06/20050626-2.htm
2005-06-26,— Anadolu Üniversitesi Stratejik Araştırmalar Merkezi Yönetmeliği,https://www.resmigazete.gov.tr/eskiler/2005/06/20050626-3.htm
2005-06-26,— Galatasaray Üniversitesi Sosyal Bilimler Enstitüsü Lisansüstü Eğitim ve Öğretim Yönetmeliğinde Değişiklik Yapılmasına Dair Yönetmelik,https://www.resmigazete.gov.tr/eskiler/2005/06/20050626-4.htm
2005-06-26,— Yüzüncü Yıl Üniversitesi Veteriner Fakültesi Yaz Okulu Yönetmeliği,https://www.resmigazete.gov.tr/eskiler/2005/06/20050626-5.htm
2005-06-26,"— Danıştay Onuncu Dairesinin E: 2004/11660, K: 2005/1181 Sayılı Kararı",https://www.resmigazete.gov.tr/eskiler/2005/06/20050626-6.htm
2005-06-26,"— Danıştay Onuncu Dairesinin E: 2004/9839, K: 2005/1182 Sayılı Kararı",https://www.resmigazete.gov.tr/eskiler/2005/06/20050626-7.htm
2005-06-27,— Osmangazi Üniversitesi Tıp Fakültesi Eğitim-Öğretim ve Sınav Yönetmeliğinde Değişiklik Yapılmasına Dair Yönetmelik,https://www.resmigazete.gov.tr/eskiler/2005/06/20050627-1.htm
2005-06-27,"— Muhasebe Uygulama Yönetmeliğine İlişkin 15 Sayılı Tebliğ-Konsolide Mali Tabloların Düzen-lenmesi, Bağlı Ortaklık, Birlikte Kontrol Edilen Ortaklık ve İştiraklerin Muhasebeleştirilmesi Standardında Değişiklik Yapılmasına Dair Tebliğ",https://www.resmigazete.gov.tr/eskiler/2005/06/20050627-2.htm
2005-06-27,— Muhasebe Uygulama Yönetmeliğine İlişkin 17 Sayılı Tebliğ-Kamuya Açıklanacak Mali Tablolar ile Bunlara İlişkin Açıklama ve Dipnotlar Standardında Değişiklik Yapılmasına Dair Tebliğ,https://www.resmigazete.gov.tr/eskiler/2005/06/20050627-3.htm
2005-06-27,— Muhasebe Uygulama Yönetmeliğine İlişkin 19 Sayılı Tebliğ-Özel Finans Kurumlarınca Kamuya Açıklanacak Mali Tablolar ile Bunlara İlişkin Açıklama ve Dipnotlar Standardı,https://www.resmigazete.gov.tr/eskiler/2005/06/20050627-4.htm
2005-06-28,"— Dışişleri Bakanı ve Başbakan Yardımcılığına, Milli Savunma Bakanı M. Vecdi GÖNÜL’ün Vekâlet Etmesine Dair Tezkere",https://www.resmigazete.gov.tr/eskiler/2005/06/20050628-1.htm
2005-06-28,"— Kültür ve Turizm Bakanlığına, Milli Eğitim Bakanı Hüseyin ÇELİK’in Vekâlet Etmesine Dair Tezkere",https://www.resmigazete.gov.tr/eskiler/2005/06/20050628-2.htm
2005-06-28,— Beşeri Tıbbi Ürünler Ruhsatlandırma Yönetmeliğinde Değişiklik Yapılmasına Dair Yönetmelik,https://www.resmigazete.gov.tr/eskiler/2005/06/20050628-3.htm
2005-06-28,— Ruhsatlandırılmış veya Ruhsatlandırma Başvurusu Yapılmış Beşeri Tıbbi Ürünlerdeki Değişiklik-lere Dair Yönetmelikte Değişiklik Yapılmasına Dair Yönetmelik,https://www.resmigazete.gov.tr/eskiler/2005/06/20050628-4.htm
2005-06-28,"— Dokuz Eylül Üniversitesi İzmir İli Stratejik Planlama, Yönetişim, Araştırma ve Uygulama Merkezi Yönetmeliği",https://www.resmigazete.gov.tr/eskiler/2005/06/20050628-5.htm
2005-06-28,— Gazi Üniversitesi Eğitim Bilimleri Enstitüsü Lisansüstü Eğitim - Öğretim ve Sınav Yönetmeli-ğinde Değişiklik Yapılmasına Dair Yönetmelik,https://www.resmigazete.gov.tr/eskiler/2005/06/20050628-6.htm
2005-06-28,— Jandarma Genel Komutanlığı Mensuplarından Malul Olanlara ve Şehit Olanların Mirasçılarına “Devlet Övünç Madalyası” Verilmesi Hakkında Tebliğ,https://www.resmigazete.gov.tr/eskiler/2005/06/20050628-7.htm
2005-06-29,5368 Lisanslı Harita Kadastro Mühendisleri ve Büroları Hakkında Kanun,https://www.resmigazete.gov.tr/eskiler/2005/06/20050629-1.htm
2005-06-29,2005/9044 İthalat Rejimi Kararına Ek Karar,https://www.resmigazete.gov.tr/eskiler/2005/06/20050629-2.htm
2005-06-29,2005/9052 Tunus Cumhuriyeti Menşeli Bazı Tarım Ürünleri İthalatında Tarife Kontenjanı Uygulanması Hakkında Karar,https://www.resmigazete.gov.tr/eskiler/2005/06/20050629-3.htm
2005-06-29,"— Başbakanlığa, Devlet Bakanı ve Başbakan Yardımcısı Abdüllatif ŞENER’in Vekâlet Etmesine Dair Tezkere",https://www.resmigazete.gov.tr/eskiler/2005/06/20050629-4.htm
2005-06-29,"— Devlet Bakanı Beşir ATALAY’a, Adalet Bakanı Cemil ÇİÇEK’in Vekâlet Etmesine Dair Tezkere",https://www.resmigazete.gov.tr/eskiler/2005/06/20050629-5.htm
2005-06-29,"— Devlet Bakanı Mehmet AYDIN’a, Devlet Bakanı ve Başbakan Yardımcısı Mehmet Ali ŞAHİN’in Vekâlet Etmesine Dair Tezkere",https://www.resmigazete.gov.tr/eskiler/2005/06/20050629-6.htm
2005-06-29,"— Devlet Bakanı Kürşad TÜZMEN’e, Sanayi ve Ticaret Bakanı Ali COŞKUN’un Vekâlet Etmesine Dair Tezkere",https://www.resmigazete.gov.tr/eskiler/2005/06/20050629-7.htm
2005-06-29,"— Maliye Bakanlığına, Devlet Bakanı Ali BABACAN’ın Vekâlet Etmesine Dair Tezkere",https://www.resmigazete.gov.tr/eskiler/2005/06/20050629-8.htm
2005-06-29,— İcra ve İflâs Kanunu Yönetmeliğinde Değişiklik Yapılmasına Dair Yönetmelik,https://www.resmigazete.gov.tr/eskiler/2005/06/20050629-9.htm
2005-06-29,— Polis Kolejine Giriş Yönetmeliğinde Değişiklik Yapılmasına Dair Yönetmelik,https://www.resmigazete.gov.tr/eskiler/2005/06/20050629-10.htm
2005-06-29,— Sermaye Şirketlerinin Genel Kurul Toplantıları ve Bu Toplantılarda Bulunacak Sanayi ve Ticaret Bakanlığı Komiserleri Hakkında Yönetmelikte Değişiklik Yapılmasına Dair Yönetmelik,https://www.resmigazete.gov.tr/eskiler/2005/06/20050629-11.htm
2005-06-29,"— Türkiye Taşkömürü Kurumu Personeli Atanma, Görevde Yükselme ve Unvan Değişikliği Yönetmeliği",https://www.resmigazete.gov.tr/eskiler/2005/06/20050629-12.htm
2005-06-29,— Erişim ve Arabağlantı Yönetmeliğinde Değişiklik Yapılmasına Dair Yönetmelik,https://www.resmigazete.gov.tr/eskiler/2005/06/20050629-13.htm
2005-06-29,— Gezi Tekneleri Yönetmeliğinin 8 inci Maddesinde Yer Alan Uyumlaştırılmış Ulusal Standartların Listesinin Yayımlanmasına İlişkin Tebliğ (2005/2),https://www.resmigazete.gov.tr/eskiler/2005/06/20050629-14.htm
2005-06-29,— Hayvancılığın Desteklenmesi Hakkında 2005/8503 Sayılı Bakanlar Kurulu Kararının Uygulama Esasları Tebliğinde Değişiklik Yapılmasına Dair Tebliğ,https://www.resmigazete.gov.tr/eskiler/2005/06/20050629-15.htm
2005-06-29,— Türk Gıda Kodeksi Makarna Tebliğinde Değişiklik Yapılması Hakkında Tebliğ (No: 2005/ 29),https://www.resmigazete.gov.tr/eskiler/2005/06/20050629-16.htm
2005-06-29,— Yargıtay 2. Hukuk Dairesine Ait 2 Adet Karar,https://www.resmigazete.gov.tr/eskiler/2005/06/20050629-17.htm
2005-06-30,"2005/9004 2005 Yılı Programının Uygulanması, Koordinasyonu ve İzlenmesine Dair Kararda Değişiklik Yapılması Hakkında Karar",https://www.resmigazete.gov.tr/eskiler/2005/06/20050630-1.htm
2005-06-30,"2005/9043 Mersin Bölge Müdürlüğüne Bağlı Adana İli Karataş İlçesinde, Trabzon Bölge Müdürlüğüne Bağlı Bitlis İli Tatvan İlçesinde Görev Alanı Van Gölü ile Sınırlı Olmak Üzere, Birer Adet Liman Başkanlığı Kurulması Hakkında Karar",https://www.resmigazete.gov.tr/eskiler/2005/06/20050630-2.htm
2005-06-30,"— Başbakanlık, Devlet Bakanı ve Başbakan Yardımcılığı, Devlet, Adalet, Milli Savunma, Maliye, Sağlık, Ulaştırma, Enerji ve Tabii Kaynaklar, Kültür ve Turizm ile Çevre ve Orman Bakanlıklarına Ait Atama Kararları",https://www.resmigazete.gov.tr/eskiler/2005/06/20050630-3.htm
2005-06-30,— Hâkimler ve Savcılar Yüksek Kuruluna Ait Karar,https://www.resmigazete.gov.tr/eskiler/2005/06/20050630-4.htm
2005-06-30,— Türk Gıda Kodeksi Yönetmeliğinde Değişiklik Yapılmasına Dair Yönetmelik,https://www.resmigazete.gov.tr/eskiler/2005/06/20050630-5.htm
2005-06-30,— Tarım veya Orman Traktörlerinin Ürettiği Radyo Parazitlerinin Giderilmesi (Elektromanyetik Uyumluluk) ile İlgili Tip Onayı Yönetmeliğinde Değişiklik Yapılmasına Dair Yönetmelik (75/322/AT),https://www.resmigazete.gov.tr/eskiler/2005/06/20050630-6.htm
2005-06-30,"— Odalar, Borsalar ve Birlik Bütçelerinden Ayrılan Payın Kullanılmasına İlişkin Yönetmelikte Deği-şiklik Yapılmasına Dair Yönetmelik",https://www.resmigazete.gov.tr/eskiler/2005/06/20050630-7.htm
2005-06-30,— Muhasebe Uygulama Yönetmeliğinde Değişiklik Yapılmasına Dair Yönetmelik,https://www.resmigazete.gov.tr/eskiler/2005/06/20050630-8.htm
2005-06-30,— Özel Finans Kurumlarının Kuruluş ve Faaliyetleri Hakkında Yönetmelikte Değişiklik Yapılmasına Dair Yönetmelik,https://www.resmigazete.gov.tr/eskiler/2005/06/20050630-9.htm
2005-06-30,— Balıkesir Üniversitesi Yaz Öğretimi Yönetmeliğinde Değişiklik Yapılmasına Dair Yönetmelik,https://www.resmigazete.gov.tr/eskiler/2005/06/20050630-10.htm
2005-06-30,— 2005 Mali Yılı Bütçe Uygulama Talimatı (Sıra No : 14) (Tedavi Yardımı),https://www.resmigazete.gov.tr/eskiler/2005/06/20050630-11.htm
2005-06-30,"— Büyükşehir Belediyeleri, Belediyeler ve Bunlara Bağlı Kuruluşlar ile Sermayesinin Yüzde Ellisinden Fazlası Büyükşehir Belediyelerine/Belediyelere Ait Şirketlerin Kamu Kurum ve Kuruluşlarından Olan Kamu ve Özel Hukuka Tabi Alacakları ile Bunların Diğer Kamu Kurum ve Kuruluşlarına Olan Borçları Hakkında Takas, Mahsup ve Kesinti İşlemleri Genel Tebliği (No: 2005/1)",https://www.resmigazete.gov.tr/eskiler/2005/06/20050630-12.htm
2005-06-30,— Solvent ve Bazı Petrol Ürünleri İthaline İlişkin Tebliğ (İthalat: 2005/24,https://www.resmigazete.gov.tr/eskiler/2005/06/20050630-13.htm
2005-07-01,855 Türkiye Büyük Millet Meclisi İçtüzüğünde Değişiklik Yapılması Hakkında Karar,https://www.resmigazete.gov.tr/eskiler/2005/07/20050701-1.htm
2005-07-01,2005/9005 Türkiye Atom Enerjisi Kurumuna Bağlı Ankara Nükleer Araştırma ve Eğitim Merkezi ile Ankara Nükleer Tarım ve Hayvancılık Araştırma Merkezinin Kaldırılarak Sarayköy Nükleer Araştırma ve Eğitim Merkezinin Kurulması Hakkında Karar,https://www.resmigazete.gov.tr/eskiler/2005/07/20050701-2.htm
2005-07-01,2005/9020 Bayındırlık ve İskan Bakanlığına Ait Boş Kadrolarda Değişiklik Yapılması Hakkında Karar,https://www.resmigazete.gov.tr/eskiler/2005/07/20050701-3.htm
2005-07-01,2005/9023 8/1/2002 Tarihli ve 4736 Sayılı Kanunun 1 inci Maddesinin Birinci Fıkrası Hükmünden Muaf Tutulacakların Tespitine Dair 28/1/2002 Tarihli ve 2002/3654 Sayılı Kararnamenin Eki Kararda Değişiklik Yapılmasına İlişkin Karar,https://www.resmigazete.gov.tr/eskiler/2005/07/20050701-4.htm
2005-07-01,"— Enerji ve Tabii Kaynaklar Bakanlığına, Ulaştırma Bakanı Binali YILDIRIM’ın Vekâlet Etmesine Dair Tezkere",https://www.resmigazete.gov.tr/eskiler/2005/07/20050701-5.htm
2005-07-01,— Türkiye Elektrik Ticaret ve Taahhüt Anonim Şirketi Genel Müdürlüğü Malzeme ve Taşıt Satış Yönetmeliği,https://www.resmigazete.gov.tr/eskiler/2005/07/20050701-6.htm
2005-07-01,— Çevresel Gürültünün Değerlendirilmesi ve Yönetimi Yönetmeliği (2002/49/EC),https://www.resmigazete.gov.tr/eskiler/2005/07/20050701-7.htm
2005-07-01,— Kozmetik Ürün Bileşimlerinin Kontrolü İçin Gerekli Analiz Yöntemleri Hakkında Tebliğ (No: İEG-2005/1),https://www.resmigazete.gov.tr/eskiler/2005/07/20050701-8.htm
2005-07-01,— Kozmetik Ürün Bileşimlerinin Kontrolü İçin Gerekli Analiz Yöntemleri Hakkında Tebliğ (No: İEG-2005/2),https://www.resmigazete.gov.tr/eskiler/2005/07/20050701-9.htm
2005-07-01,— Kozmetik Ürün Bileşimlerinin Kontrolü İçin Gerekli Analiz Yöntemleri Hakkında Tebliğ (No: İEG-2005/3),https://www.resmigazete.gov.tr/eskiler/2005/07/20050701-10.htm
2005-07-01,— Kozmetik Ürün Bileşimlerinin Kontrolü İçin Gerekli Analiz Yöntemleri Hakkında Tebliğ (No: İEG-2005/4),https://www.resmigazete.gov.tr/eskiler/2005/07/20050701-11.htm
2005-07-01,— Kozmetik Ürün Bileşimlerinin Kontrolü İçin Gerekli Analiz Yöntemleri Hakkında Tebliğ (No: İEG-2005/5),https://www.resmigazete.gov.tr/eskiler/2005/07/20050701-12.htm
2005-07-01,— Kozmetik Ürün Bileşimlerinin Kontrolü İçin Gerekli Analiz Yöntemleri Hakkında Tebliğ (No: İEG-2005/6),https://www.resmigazete.gov.tr/eskiler/2005/07/20050701-13.htm
2005-07-01,— Kozmetik Ürün Bileşimlerinin Kontrolü İçin Gerekli Analiz Yöntemleri Hakkında Tebliğ (No: İEG-2005/7),https://www.resmigazete.gov.tr/eskiler/2005/07/20050701-14.htm
2005-07-01,— İthalatta Haksız Rekabetin Önlenmesine İlişkin Tebliğ (No: 2005/14),https://www.resmigazete.gov.tr/eskiler/2005/07/20050701-15.htm
2005-07-01,— 2005/23 Sayılı Dış Ticarette Standardizasyon Tebliğinde Değişiklik Yapılması Hakkında Tebliğ (No: 2005/28),https://www.resmigazete.gov.tr/eskiler/2005/07/20050701-16.htm
2005-07-01,— Gümrük Genel Tebliği (Gümrük İşlemleri) (Seri No: 39),https://www.resmigazete.gov.tr/eskiler/2005/07/20050701-17.htm
2005-07-01,— Y argıtay 18. Hukuk Dairesine Ait 2 Adet Karar,https://www.resmigazete.gov.tr/eskiler/2005/07/20050701-18.htm
2005-07-02,854 İnsan Haklarını İnceleme Komisyonunun Türkiye Büyük Millet Meclisinin Tatili Sırasında Çalışabilmesine İlişkin Karar,https://www.resmigazete.gov.tr/eskiler/2005/07/20050702-1.htm
2005-07-02,2005/8957 5283 sayılı Bazı Kamu Kurum ve Kuruluşlarına Ait Sağlık Birimlerinin Sağlık Bakanlığına Devredilmesine Dair Kanun Çerçevesinde Sağlık Bakanlığına Devredilen Sağlık Birimlerindeki Geçici Mahiyette İşleri Yürütmek Üzere Geçici Personel İstihdamı ve Bu Personele Ödenecek Ücretler Hakkında Karar,https://www.resmigazete.gov.tr/eskiler/2005/07/20050702-2.htm
2005-07-02,"2005/9040 Ulaştırma Bakanlığının Taşra Teşkilatında Yer Alan Ankara Ulaştırma Bölge Müdürlüğü ile Sivas Ulaştırma Bölge Müdürlüğünün Görev Alanına Dahil İllerin, Yeniden Düzenlenmesi Hakkında Karar",https://www.resmigazete.gov.tr/eskiler/2005/07/20050702-3.htm
2005-07-02,"— Adalet, Ulaştırma ile Tarım ve Köyişleri Bakanlıklarına Ait Atama Kararları",https://www.resmigazete.gov.tr/eskiler/2005/07/20050702-4.htm
2005-07-02,— Bayındırlık ve İskân Bakanlığı Disiplin Amirleri Yönetmeliğinde Değişiklik Yapılması Hakkında Yönetmelik,https://www.resmigazete.gov.tr/eskiler/2005/07/20050702-5.htm
2005-07-02,— İller Bankası Kanunu Uygulama Yönetmeliğinde Değişiklik Yapılmasına Dair Yönetmelik,https://www.resmigazete.gov.tr/eskiler/2005/07/20050702-6.htm
2005-07-02,— Orman Köylüleri Kalkınma Hizmetlerine İlişkin Esas ve Usullerde Değişiklik Yapılmasına Dair Esas ve Usuller,https://www.resmigazete.gov.tr/eskiler/2005/07/20050702-7.htm
2005-07-02,— Vergi Usul Kanunu Genel Tebliği (Sıra No : 349),https://www.resmigazete.gov.tr/eskiler/2005/07/20050702-8.htm
2005-07-02,"— Yüksek Planlama Kurulunun, “Orta Vadeli Mali Plan” (2006-2008) 2005/34 Sayılı Kararı",https://www.resmigazete.gov.tr/eskiler/2005/07/20050702-9.htm
2005-07-03,856 Dilekçe Komisyonunun Türkiye Büyük Millet Meclisinin Tatili Sırasında Çalışabilmesine İlişkin Karar,https://www.resmigazete.gov.tr/eskiler/2005/07/20050703-1.htm
2005-07-03,— Türkiye Kömür İşletmeleri Kurumu Genel Müdürlüğü Teftiş Kurulu Yönetmeliğinde Değişiklik Yapılmasına Dair Yönetmelik,https://www.resmigazete.gov.tr/eskiler/2005/07/20050703-2.htm
2005-07-03,— Dış Ticaret Müsteşarlığı İhracatı Geliştirme Etüd Merkezi İhtisas Personeli Sınav ve Atama Yönetmeliği,https://www.resmigazete.gov.tr/eskiler/2005/07/20050703-3.htm
2005-07-03,— Gazi Üniversitesi Temiz Enerji Araştırma ve Uygulama Merkezi Yönetmeliğinde Değişiklik Yapılmasına Dair Yönetmelik,https://www.resmigazete.gov.tr/eskiler/2005/07/20050703-4.htm
2005-07-03,— Katma Değer Vergisi Genel Tebliği (Seri No: 95),https://www.resmigazete.gov.tr/eskiler/2005/07/20050703-5.htm
2005-07-03,— İthalatta Kota ve Tarife Kontenjanı İdaresine İlişkin Tebliğ (No: 2005/1),https://www.resmigazete.gov.tr/eskiler/2005/07/20050703-6.htm
2005-07-03,— İthalatta Kota ve Tarife Kontenjanı İdaresine İlişkin Tebliğ (No: 2005/2),https://www.resmigazete.gov.tr/eskiler/2005/07/20050703-7.htm
2005-07-03,— İthalatta Kota ve Tarife Kontenjanı İdaresine İlişkin Tebliğ (No: 2005/4),https://www.resmigazete.gov.tr/eskiler/2005/07/20050703-8.htm
2005-07-04,"— Devlet Bakanı Ali BABACAN’a, Devlet Bakanı Beşir ATALAY’ın Vekâlet Etmesine Dair Tezkere",https://www.resmigazete.gov.tr/eskiler/2005/07/20050704-1.htm
2005-07-04,"— Anadolu Üniversitesi Öğretim Elemanlarının Teknoloji Geliştirme Bölgelerinde Görevlendirilme, Şirket Kurabilme, Kurulu Bir Şirkete Ortak Olabilme ve/veya Bu Şirketlerin Yönetimlerinde Görev Alabilmelerine İlişkin Yönetmelik",https://www.resmigazete.gov.tr/eskiler/2005/07/20050704-2.htm
2005-07-04,— Türk Gıda Kodeksi Gıda Maddeleri ile Temasta Bulunan Plastik Madde ve Malzemeler Tebliği (No: 2005/31),https://www.resmigazete.gov.tr/eskiler/2005/07/20050704-3.htm
2005-07-04,— Türk Gıda Kodeksi Gıda Maddeleri ile Temasta Bulunan Epoksi Türevi Madde ve Malzemeler Tebliği (No: 2005/ 32),https://www.resmigazete.gov.tr/eskiler/2005/07/20050704-4.htm
2005-07-04,— Türk Gıda Kodeksi Gıda Maddeleri ile Temasta Bulunan Plastik Madde ve Malzemelerin Bileşenlerinin Migrasyon Testinde Kullanılan Gıda Benzerleri Listesi Tebliği (No: 2005/33),https://www.resmigazete.gov.tr/eskiler/2005/07/20050704-5.htm
2005-07-04,— Gıda Maddeleri ile Temasta Bulunan Plastik Madde ve Malzemelerin Bileşenlerinin Migrasyon Testi İçin Temel Kurallar Tebliği (No: 2005/34),https://www.resmigazete.gov.tr/eskiler/2005/07/20050704-6.htm
2005-07-04,"— Türk Gıda Kodeksi Gıda Maddelerinde Kurşun Kadmiyum Cıva ve 3-Monokloropropan-1,2-diol Seviyesinin Resmi Kontrolü İçin Numune Alma, Numune Hazırlama ve Analiz Metodu Kriterleri Tebliği (No: 2005/35)",https://www.resmigazete.gov.tr/eskiler/2005/07/20050704-7.htm
2005-07-05,5366 Yıpranan Tarihi ve Kültürel Taşınmaz Varlıkların Yenilenerek Korunması ve Yaşatılarak Kullanılması Hakkında Kanun,https://www.resmigazete.gov.tr/eskiler/2005/07/20050705-1.htm
2005-07-05,"5371 Sağlık Hizmetleri Temel Kanunu, Sağlık Personelinin Tazminat ve Çalışma Esaslarına Dair Kanun, Devlet Memurları Kanunu ve Tababet ve Şuabatı San’atlarının Tarzı İcrasına Dair Kanun ile Sağlık Bakanlığının Teşkilat ve Görevleri Hakkında Kanun Hükmünde Kararnamede Değişiklik Yapılmasına Dair Kanun",https://www.resmigazete.gov.tr/eskiler/2005/07/20050705-2.htm
2005-07-05,5373 Radyo ve Televizyonların Kuruluş ve Yayınları Hakkında Kanunda Değişiklik Yapılmasına Dair Kanun,https://www.resmigazete.gov.tr/eskiler/2005/07/20050705-3.htm
2005-07-05,2005/9011 Türk-Irak Ekonomik ve Teknik İşbirliği Ortak Komitesi 15.Dönem Toplantısı Mutabakat Zaptı’nın Onaylanması Hakkında Karar,https://www.resmigazete.gov.tr/eskiler/2005/07/20050705-4.htm
2005-07-05,"2005/8944 Bursa İli, Orhangazi İlçesi, Gemiç Köyü, Karapınar Mevkiinde Yer Alan Cargill Tarım Sanayi ve Ticaret A.Ş.'ye Ait Mısır işleme Tesislerinin Bulunduğu Alanın Özel Endüstri Bölgesi Olarak ilan Edilmesi Hakkında Karar",https://www.resmigazete.gov.tr/eskiler/2005/07/20050705-5.htm
2005-07-05,"2005/9053 4070 Sayılı Hazineye Ait Tarım Arazilerinin Satışı Hakkında Kanunun 5, 6, 7 ve 8 inci Maddelerine Göre Taşınmaz Satın Almak İsteyenlere Tanınan Başvuru Süresinin, 19/7/2005 Tarihinden Geçerli Olmak Üzere Bir Yıl Uzatılması Hakkında Karar",https://www.resmigazete.gov.tr/eskiler/2005/07/20050705-6.htm
2005-07-05,"— Başbakanlığa, Dışişleri Bakanı ve Başbakan Yardımcısı Abdullah GÜL’ün Vekâlet Etmesine Dair Tezkere",https://www.resmigazete.gov.tr/eskiler/2005/07/20050705-7.htm
2005-07-05,"— Devlet Bakanı Ali BABACAN’a, Devlet Bakanı Beşir ATALAY’ın Vekâlet Etmesine Dair Tezkere",https://www.resmigazete.gov.tr/eskiler/2005/07/20050705-8.htm
2005-07-05,"— Devlet Bakanı Kürşad TÜZMEN’e, Sanayi ve Ticaret Bakanı Ali COŞKUN’un Vekâlet Etmesine Dair Tezkere",https://www.resmigazete.gov.tr/eskiler/2005/07/20050705-9.htm
2005-07-05,"— Maliye Bakanlığına, Tarım ve Köyişleri Bakanı Mehmet Mehdi EKER’in Vekâlet Etmesine Dair Tezkere",https://www.resmigazete.gov.tr/eskiler/2005/07/20050705-10.htm
2005-07-05,— Basın-Yayın ve Enformasyon Genel Müdürlüğü Personeli Görevde Yükselme ve Unvan Değişikliği Yönetmeliği,https://www.resmigazete.gov.tr/eskiler/2005/07/20050705-11.htm
2005-07-05,— Maliye Bakanlığı Kitaplığı Yönetmeliğinin Yürürlükten Kaldırılmasına Dair Yönetmelik,https://www.resmigazete.gov.tr/eskiler/2005/07/20050705-12.htm
2005-07-05,— Maliye Bakanlığı Kitap Satın Alma Komisyonu Yönetmeliğinin Yürürlükten Kaldırılmasına Dair Yönetmelik,https://www.resmigazete.gov.tr/eskiler/2005/07/20050705-13.htm
2005-07-05,— Kordon Kanı Bankacılığı Yönetmeliği,https://www.resmigazete.gov.tr/eskiler/2005/07/20050705-14.htm
2005-07-05,— Belediye Arsaları Üzerinde Toplu Konut ve Kentsel Çevre Üretimi ve Kredilendirilmesine Dair Yönetmelikte Değişiklik Yapılmasına İlişkin Yönetmelik,https://www.resmigazete.gov.tr/eskiler/2005/07/20050705-15.htm
2005-07-05,— Dokuzuncu Kalkınma Planı ile İlgili 2005/18 Sayılı Başbakanlık Genelgesi,https://www.resmigazete.gov.tr/eskiler/2005/07/20050705-16.htm
2005-07-05,— Sanayi Sicil Tebliği (No: SGM 2005/17),https://www.resmigazete.gov.tr/eskiler/2005/07/20050705-17.htm
2005-07-05,— Dış Ticarette Standardizasyon Tebliğinde Değişiklik Yapılması Hakkında Tebliğ (No: 2005/24),https://www.resmigazete.gov.tr/eskiler/2005/07/20050705-18.htm
2005-07-06,5374 Sıvılaştırılmış Petrol Gazları (LPG) Piyasası Kanunu ve Elektrik Piyasası Kanununda Değişiklik Yapılmasına Dair Kanunda Değişiklik Yapılmasına İlişkin Kanun,https://www.resmigazete.gov.tr/eskiler/2005/07/20050706-1.htm
2005-07-06,5379 Yükseköğretim Kurumları Teşkilatı Kanununda Değişiklik Yapılması Hakkında Kanun,https://www.resmigazete.gov.tr/eskiler/2005/07/20050706-2.htm
2005-07-06,5380 Askerlik Kanununda Değişiklik Yapılmasına İlişkin Kanun,https://www.resmigazete.gov.tr/eskiler/2005/07/20050706-3.htm
2005-07-06,2005/9064 Bazı İllerde Vergi Dairesi Başkanlıklarının Kurulması Hakkında Karar,https://www.resmigazete.gov.tr/eskiler/2005/07/20050706-4.htm
2005-07-06,2005/9065 Tarımsal Faaliyette Kullanılan Mazot İçin Çiftçilere Destekleme Ödemesi Yapılmasına Dair Karar,https://www.resmigazete.gov.tr/eskiler/2005/07/20050706-5.htm
2005-07-06,— Askerlik Yükümlülüğünü Millî Eğitim Bakanlığı Emrinde Öğretmen Olarak Yerine Getirecekler Hakkında Yönetmelik,https://www.resmigazete.gov.tr/eskiler/2005/07/20050706-6.htm
2005-07-06,— Aile Hekimliği Pilot Uygulaması Hakkında Yönetmelik,https://www.resmigazete.gov.tr/eskiler/2005/07/20050706-7.htm
2005-07-06,— Hudut ve Sahiller Sağlık Genel Müdürlüğü Personeli Görevde Yükselme ve Unvan Değişikliği Yönetmeliği,https://www.resmigazete.gov.tr/eskiler/2005/07/20050706-8.htm
2005-07-06,— Türk Silahlı Kuvvetleri Mensuplarından Malul Olanlara ve Şehit Olanların Mirasçılarına “Devlet Övünç Madalyası” Verilmesi Hakkında Tebliğ,https://www.resmigazete.gov.tr/eskiler/2005/07/20050706-9.htm
2005-07-06,— Dış Ticaret Sermaye Şirketi Statüsünün Sona Ermesine İlişkin Karar,https://www.resmigazete.gov.tr/eskiler/2005/07/20050706-10.htm
2005-07-07,5376 Türkiye Bilimsel ve Teknik Araştırma Kurumu Kurulması Hakkında Kanunda Değişiklik Yapılmasına Dair Kanun,https://www.resmigazete.gov.tr/eskiler/2005/07/20050707-1.htm
2005-07-07,5378 Özürlüler ve Bazı Kanun ve Kanun Hükmünde Kararnamelerde Değişiklik Yapılması Hakkında Kanun,https://www.resmigazete.gov.tr/eskiler/2005/07/20050707-2.htm
2005-07-07,5381 Milli Eğitim Bakanlığının Teşkilat ve Görevleri Hakkında Kanunda Değişiklik Yapılmasına Dair Kanun,https://www.resmigazete.gov.tr/eskiler/2005/07/20050707-3.htm
2005-07-07,5383 Türkiye Cumhuriyeti Hükümeti ile Moğolistan Hükümeti Arasında Türk İşbirliği ve Kalkınma İdaresi Başkanlığı Program Koordinasyon Ofisinin Faaliyetine İlişkin Anlaşmanın Onaylanmasının Uygun Bulunduğuna Dair Kanun,https://www.resmigazete.gov.tr/eskiler/2005/07/20050707-4.htm
2005-07-07,5384 Avrupa İmar ve Kalkınma Bankasının Kuruluş Anlaşmasında Yapılan Değişikliğin Onaylanmasının Uygun Bulunduğuna Dair Kanun,https://www.resmigazete.gov.tr/eskiler/2005/07/20050707-5.htm
2005-07-07,5385 Türkiye Cumhuriyeti Başbakanlık Türk İşbirliği ve Kalkınma İdaresi Başkanlığı (TİKA) ile Moğolistan Maliye ve Ekonomi Bakanlığı Arasında İşbirliği Protokolünün Onaylanmasının Uygun Bulunduğuna Dair Kanun,https://www.resmigazete.gov.tr/eskiler/2005/07/20050707-6.htm
2005-07-07,"852 Ondokuz Mayıs Üniversitesi’nde Keyfi Yönetim, Kamu Kaynaklarının Amaç Dışı Kullanımı ve Kadrolaşma İddialarının Araştırılarak Alınması Gereken Önlemlerin Belirlenmesi Amacıyla Kurulan Meclis Araştırması Komisyonuna Üye Seçimine İlişkin Karar",https://www.resmigazete.gov.tr/eskiler/2005/07/20050707-7.htm
2005-07-07,2005/9063 Yüzüncü Yıl Üniversitesi Rektörlüğüne Bağlı Olarak Ahlat Turizm ve Otel İşletmeciliği Yüksekokulu Kurulmasına İlişkin Karar,https://www.resmigazete.gov.tr/eskiler/2005/07/20050707-8.htm
2005-07-07,2005/9085 2004/7336 Sayılı Kararname ile Yürürlüğe Konulan Sürekli Görevle Yurt Dışında Bulunan Memurların Aylıklarına Uygulanacak Katsayı Hakkındaki Karar’ın Eki Cetvellerde Değişiklik Yapılmasına İlişkin Karar,https://www.resmigazete.gov.tr/eskiler/2005/07/20050707-9.htm
2005-07-07,"2005/9090 Sinop İli Ayancık ve Gerze İlçelerinde Bulunan İlçe Emniyet Amirliklerinin, İlçe Emniyet Müdürlüklerine Dönüştürülmesine İlişkin Karar",https://www.resmigazete.gov.tr/eskiler/2005/07/20050707-10.htm
2005-07-07,2005/9091 Mersin Üniversitesi Rektörlüğüne Bağlı Olarak Erdemli Uygulamalı Teknoloji ve İşletmecilik Yüksekokulu Kurulmasına İlişkin Karar,https://www.resmigazete.gov.tr/eskiler/2005/07/20050707-11.htm
2005-07-07,— Sivil Savunma Hizmetleri İçin Yapılan Bağış ve Yardımların Alınması ve Ödeneklerin Harcanmasına İlişkin Usul ve Esaslara Dair Yönetmelik,https://www.resmigazete.gov.tr/eskiler/2005/07/20050707-12.htm
2005-07-07,— T.C.Emekli Sandığı Yoklama Yönetmeliğinde Değişiklik Yapılmasına Dair Yönetmelik,https://www.resmigazete.gov.tr/eskiler/2005/07/20050707-13.htm
2005-07-07,— 15/5/2005 Tarihi İtibariyle Kamu Görevlileri Sendikalarının ve Konfederasyonlarının Üye Sayılarına İlişkin Tebliğ,https://www.resmigazete.gov.tr/eskiler/2005/07/20050707-14.htm
2005-07-07,— Özelleştirme Yüksek Kurulunun 2005/76 Sayılı Kararı,https://www.resmigazete.gov.tr/eskiler/2005/07/20050707-15.htm
2005-07-07,— Özelleştirme Yüksek Kurulunun 2005/77 Sayılı Kararı,https://www.resmigazete.gov.tr/eskiler/2005/07/20050707-16.htm
2005-07-07,— Özelleştirme Yüksek Kurulunun 2005/78 Sayılı Kararı,https://www.resmigazete.gov.tr/eskiler/2005/07/20050707-17.htm
2005-07-07,— Özelleştirme Yüksek Kurulunun 2005/79 Sayılı Kararı,https://www.resmigazete.gov.tr/eskiler/2005/07/20050707-18.htm
2005-07-07,— Özelleştirme Yüksek Kurulunun 2005/80 Sayılı Kararı,https://www.resmigazete.gov.tr/eskiler/2005/07/20050707-19.htm
2005-07-07,— Özelleştirme Yüksek Kurulunun 2005/81 Sayılı Kararı,https://www.resmigazete.gov.tr/eskiler/2005/07/20050707-20.htm
2005-07-07,— Özelleştirme İdaresi Başkanlığının 2005/ÖİB-K-18 Sayılı Kararı,https://www.resmigazete.gov.tr/eskiler/2005/07/20050707-21.htm
2005-07-08,5377 Türk Ceza Kanununda Değişiklik Yapılmasına Dair Kanun,https://www.resmigazete.gov.tr/eskiler/2005/07/20050708-1.htm
2005-07-08,857 Türkiye Büyük Millet Meclisinin Çalışmalarına Ara Vermesine Dair Karar,https://www.resmigazete.gov.tr/eskiler/2005/07/20050708-2.htm
2005-07-08,2005/9039 Türkiye-Azerbaycan Hükümetlerarası Karma Ekonomik Komisyonu Üçüncü Dönem Toplantısı Protokolu’nun Onaylanması Hakkında Karar,https://www.resmigazete.gov.tr/eskiler/2005/07/20050708-3.htm
2005-07-08,2005/9057 Türkiye-Gürcistan Kara Ulaştırması Karma Komisyon Protokolü’nün Onaylanması Hakkında Karar,https://www.resmigazete.gov.tr/eskiler/2005/07/20050708-4.htm
2005-07-08,2005/9058 Türkiye-Gürcistan Ulaştırma Karma Komisyonu 7. Toplantı Protokolü’nün Onaylanması Hakkında Karar,https://www.resmigazete.gov.tr/eskiler/2005/07/20050708-5.htm
2005-07-08,2005/9097 Türkiye Cumhuriyeti Hükümeti ile Sudan Cumhuriyeti Hükümeti Arasında Teknik İşbirliği Anlaşması Çerçevesinde Yapılan Anlaşmanın Onaylanması Hakkında Karar,https://www.resmigazete.gov.tr/eskiler/2005/07/20050708-6.htm
2005-07-08,2005/9061 4736 Sayılı Kanunun 1 inci Maddesinin Birinci Fıkrası Hükmünden Muaf Tutulacakların Tespitine Dair 2002/3654 Sayılı Kararnamenin Eki Kararda Değişiklik Yapılmasına İlişkin Karar,https://www.resmigazete.gov.tr/eskiler/2005/07/20050708-7.htm
2005-07-08,2005/9071 Orman Genel Müdürlüğünün Taşra Teşkilatında Yer Alan Bazı Orman İşletme Müdürlüklerinin Kaldırılması Hakkında Karar,https://www.resmigazete.gov.tr/eskiler/2005/07/20050708-8.htm
2005-07-08,"2005/9077 İşverenlerin Elli veya Daha Fazla İşçi Çalıştırdıkları İşyerlerinde Çalıştırmaları Gereken Özürlü, Eski Hükümlü ve 3713 Sayılı Terörle Mücadele Kanununun Ek 1 inci Maddesinin (B) Fıkrası Kapsamındaki Terör Mağduru Çalıştırma Oranlarının Belirlenmesine İlişkin Karar",https://www.resmigazete.gov.tr/eskiler/2005/07/20050708-9.htm
2005-07-08,— Gençlik ve Spor Genel Müdürlüğü Gençlik ve Spor Kulüpleri Yönetmeliği,https://www.resmigazete.gov.tr/eskiler/2005/07/20050708-10.htm
2005-07-08,— Uzlaşma Yönetmeliğinde Değişiklik Yapılmasına Dair Yönetmelik,https://www.resmigazete.gov.tr/eskiler/2005/07/20050708-11.htm
2005-07-08,— Plan Yapımına Ait Esaslara Dair Yönetmelikte Değişiklik Yapılması Hakkında Yönetmelik,https://www.resmigazete.gov.tr/eskiler/2005/07/20050708-12.htm
2005-07-08,— Üremeye Yardımcı Tedavi Merkezleri Yönetmeliğinde Değişiklik Yapılmasına Dair Yönetmelik,https://www.resmigazete.gov.tr/eskiler/2005/07/20050708-13.htm
2005-07-08,"— Gemi ve Su Araçlarının İnşası, Tadilatı, Bakım-Onarımlarında Uygulanacak Usul ve Esaslara Dair Yönetmelik",https://www.resmigazete.gov.tr/eskiler/2005/07/20050708-14.htm
2005-07-08,— Türkiye İş Kurumu Genel Müdürlüğü Personeli Görevde Yükselme ve Unvan Değişikliği Yönetmeliği,https://www.resmigazete.gov.tr/eskiler/2005/07/20050708-15.htm
2005-07-08,— Radyoaktif Maddenin Güvenli Taşınması Yönetmeliği,https://www.resmigazete.gov.tr/eskiler/2005/07/20050708-16.htm
2005-07-08,— Endüstriyel Radyografide Radyasyondan Korunma ve Lisanslama Yönetmeliği,https://www.resmigazete.gov.tr/eskiler/2005/07/20050708-17.htm
2005-07-08,— Elektrik Üretim Anonim Şirketi Genel Müdürlüğü Memurları Disiplin Kurulları ve Disiplin Amirleri Yönetmeliğinde Değişiklik Yapılmasına Dair Yönetmelik,https://www.resmigazete.gov.tr/eskiler/2005/07/20050708-18.htm
2005-07-08,— Trafikte Seyreden Motorlu Kara Taşıtlarından Kaynaklanan Egzoz Gazı Emisyonlarının Kontrolüne Dair Yönetmelik,https://www.resmigazete.gov.tr/eskiler/2005/07/20050708-19.htm
2005-07-08,— 12.01.1991 Tarihli ve 20753 Sayılı Resmî Gazete’de Yayımlanan Sayıştay Genel Kurulu İlke Kararında Değişiklik Yapılması Hakkında Sayıştay Genel Kurulu İlke Kararı,https://www.resmigazete.gov.tr/eskiler/2005/07/20050708-20.htm
2005-07-08,— Karaman Gümrük Müdürlüğünün Hayvan ve Hayvan Maddelerinin İhracına Yetkilendirilmesi Hakkında Tebliğ (No: 2005/30),https://www.resmigazete.gov.tr/eskiler/2005/07/20050708-21.htm
2005-07-08,— Motorlu Kara Taşıtlarının Egzoz Emisyonlarının Ölçüm ve Denetlenmesine İlişkin Tebliğin Yürürlükten Kaldırılmasına Dair Tebliğ,https://www.resmigazete.gov.tr/eskiler/2005/07/20050708-22.htm
2005-07-08,— İthalatta Gözetim Uygulanmasına İlişkin Tebliğ (No: 2005/12),https://www.resmigazete.gov.tr/eskiler/2005/07/20050708-23.htm
2005-07-08,— Tunus Cumhuriyeti Menşeli Bazı Tarım Ürünleri İthalatında Tarife Kontenjanı Uygulanmasına İlişkin Tebliğ,https://www.resmigazete.gov.tr/eskiler/2005/07/20050708-24.htm
2005-07-08,— Sektörel Dış Ticaret Şirketi Statüsünün Geri Alınmasına İlişkin Karar,https://www.resmigazete.gov.tr/eskiler/2005/07/20050708-25.htm
2005-07-09,5386 Sosyal Sigortalar Kanununda Değişiklik Yapılması Hakkında Kanun,https://www.resmigazete.gov.tr/eskiler/2005/07/20050709-1.htm
2005-07-09,"2005/9075 Maliye Bakanlığınca, 4734 Sayılı Kamu İhale Kanununun 22 nci Maddesinin (h) Bendi Hükmüne Göre Serbest Avukatlardan veya Avukatlık Ortaklıklarından Hizmet Satın Alınmasına İlişkin Karar",https://www.resmigazete.gov.tr/eskiler/2005/07/20050709-2.htm
2005-07-09,2005/9092 2005 Yılı Yatırım Programının Düzeltilmesi Hakkında Karar,https://www.resmigazete.gov.tr/eskiler/2005/07/20050709-3.htm
2005-07-09,"— Maliye, Millî Eğitim, Bayındırlık ve İskan, Çalışma ve Sosyal Güvenlik, Sanayi ve Ticaret ile Kültür ve Turizm Bakanlıklarına Ait Atama Kararları",https://www.resmigazete.gov.tr/eskiler/2005/07/20050709-4.htm
2005-07-09,— Başkent Üniversitesi Eğitim-Öğretim ve Sınav Yönetmeliğinde Değişiklik Yapılmasına Dair Yönetmelik,https://www.resmigazete.gov.tr/eskiler/2005/07/20050709-5.htm
2005-07-09,— 2006-2008 Dönemi Yatırım Programı Hazırlıkları ile İlgili 2005/3 Sayılı Devlet Planlama Teşkilatı Müsteşarlığı Genelgesi,https://www.resmigazete.gov.tr/eskiler/2005/07/20050709-6.htm
2005-07-09,— 2005 Mali Yılı Bütçe Uygulama Talimatı (Sıra No: 15) (Tedavi Yardımı),https://www.resmigazete.gov.tr/eskiler/2005/07/20050709-8.htm
2005-07-09,— Yükseköğretim Kanunu ve Yükseköğretim Personel Kanunu Genel Tebliği (Seri No: 18),https://www.resmigazete.gov.tr/eskiler/2005/07/20050709-7.htm
2005-07-10,"— Dışişleri Bakanlığı ve Başbakan Yardımcılığına,Milli Savunma Bakanı M. Vecdi GÖNÜL’ün Vekâlet Etmesine Dair Tezkere",https://www.resmigazete.gov.tr/eskiler/2005/07/20050710-1.htm
2005-07-10,— Kimlik Paylaşımı Sistemi Uygulama Yönetmeliği,https://www.resmigazete.gov.tr/eskiler/2005/07/20050710-2.htm
2005-07-10,— Kırıkkale Üniversitesi Lisansüstü Eğitim-Öğretim ve Sınav Yönetmeliği,https://www.resmigazete.gov.tr/eskiler/2005/07/20050710-3.htm
2005-07-10,— Türk Mühendis ve Mimar Odaları Birliği Gemi Mühendisleri Odası Ana Yönetmeliği,https://www.resmigazete.gov.tr/eskiler/2005/07/20050710-4.htm
2005-07-11,"— Devlet Bakanı Ali BABACAN’a, Çevre ve Orman Bakanı Osman PEPE’nin Vekâlet Etmesine Dair Tezkere",https://www.resmigazete.gov.tr/eskiler/2005/07/20050711-1.htm
2005-07-11,"— Maliye Bakanlığına, Tarım ve Köyişleri Bakanı Mehmet Mehdi EKER’in Vekâlet Etmesine Dair Tezkere",https://www.resmigazete.gov.tr/eskiler/2005/07/20050711-2.htm
2005-07-11,"— Milli Eğitim Bakanlığına, Devlet Bakanı Beşir ATALAY’ın Vekâlet Etmesine Dair Tezkere",https://www.resmigazete.gov.tr/eskiler/2005/07/20050711-3.htm
2005-07-11,— Gaziantep Üniversitesi Önlisans ve Lisans Eğitim-Öğretim ile Sınav ve Değerlendirme Esaslarına İlişkin Yönetmelik,https://www.resmigazete.gov.tr/eskiler/2005/07/20050711-4.htm
2005-07-12,— Türkiye Bilimsel ve Teknik Araştırma Kurumu Proje Teşvik ve Destekleme Esaslarına İlişkin Yönetmelikte Değişiklik Yapılmasına Dair Yönetmelik,https://www.resmigazete.gov.tr/eskiler/2005/07/20050712-1.htm
2005-07-12,— Türkiye ve Orta Doğu Amme İdaresi Enstitüsü Konukevi Yönetmeliğinin Yürürlükten Kaldırılmasına Dair Yönetmelik,https://www.resmigazete.gov.tr/eskiler/2005/07/20050712-2.htm
2005-07-12,— Türkiye ve Orta Doğu Amme İdaresi Enstitüsü Genel Müdürlüğü Arşiv Hizmetleri Yönetmeliğinin Yürürlükten Kaldırılmasına Dair Yönetmelik,https://www.resmigazete.gov.tr/eskiler/2005/07/20050712-3.htm
2005-07-12,— Maliye Bakanlığı Hesap Uzmanları Kurulu Yönetmeliğinde Değişiklik Yapılmasına Dair Yönetmelik,https://www.resmigazete.gov.tr/eskiler/2005/07/20050712-4.htm
2005-07-12,— Sabancı Üniversitesi Lisans Öğrenimi Yönetmeliğinde Değişiklik Yapılmasına Dair Yönetmelik,https://www.resmigazete.gov.tr/eskiler/2005/07/20050712-5.htm
2005-07-13,5388 Rekabetin Korunması Hakkında Kanunun Bazı Maddelerinin Değiştirilmesine Dair Kanun,https://www.resmigazete.gov.tr/eskiler/2005/07/20050713-1.htm
2005-07-13,5389 Bazı Kanunlarda Değişiklik Yapılması Hakkında Kanun,https://www.resmigazete.gov.tr/eskiler/2005/07/20050713-2.htm
2005-07-13,5390 Büyükşehir Belediyesi Kanununda Değişiklik Yapılmasına Dair Kanun,https://www.resmigazete.gov.tr/eskiler/2005/07/20050713-3.htm
2005-07-13,5391 İl Özel İdaresi Kanununda Değişiklik Yapılmasına Dair Kanun,https://www.resmigazete.gov.tr/eskiler/2005/07/20050713-4.htm
2005-07-13,5392 Telsiz Kanununda Değişiklik Yapılması Hakkında Kanun,https://www.resmigazete.gov.tr/eskiler/2005/07/20050713-5.htm
2005-07-13,5393 Belediye Kanunu,https://www.resmigazete.gov.tr/eskiler/2005/07/20050713-6.htm
2005-07-13,"— Ulaştırma, Tarım ve Köyişleri, Çalışma ve Sosyal Güvenlik ile Kültür ve Turizm Bakanlıklarına Ait Atama Kararları",https://www.resmigazete.gov.tr/eskiler/2005/07/20050713-7.htm
2005-07-13,— Türkiye Bilimsel ve Teknolojik Araştırma Kurumu Sanayi Araştırma-Geliştirme Projeleri Destekleme Programına İlişkin Yönetmelik,https://www.resmigazete.gov.tr/eskiler/2005/07/20050713-8.htm
2005-07-13,— Türkiye Bilimsel ve Teknolojik Araştırma Kurumu Kamu Kurumları Araştırma Geliştirme Projeleri Destekleme Programına ve TÜBİTAK Birimlerince Yürütülen Projelere İlişkin Yönetmelik,https://www.resmigazete.gov.tr/eskiler/2005/07/20050713-9.htm
2005-07-13,— Kürek Federasyonu Hakem Yönetmeliği,https://www.resmigazete.gov.tr/eskiler/2005/07/20050713-10.htm
2005-07-13,— Kürek Federasyonu Yarışma Yönetmeliği,https://www.resmigazete.gov.tr/eskiler/2005/07/20050713-11.htm
2005-07-13,— Badminton Federasyonu Hakem ve Gözlemci Yönetmeliği,https://www.resmigazete.gov.tr/eskiler/2005/07/20050713-12.htm
2005-07-13,— Türkiye Cumhuriyeti ile Filistin Yönetimi Adına Filistin Kurtuluş Örgütü Arasındaki Geçici Serbest Ticaret Anlaşmasına İlişkin EUR.1 Dolaşım Sertifikaları Yönetmeliği,https://www.resmigazete.gov.tr/eskiler/2005/07/20050713-13.htm
2005-07-13,— Hükümlü ve Tutukluların Emanete Alınan Kişisel Paralarının Kullanımına Dair Yönetmelik,https://www.resmigazete.gov.tr/eskiler/2005/07/20050713-14.htm
2005-07-13,— Türk Telekom Personeli Biriktirme ve Yardım Sandığı Genel Yönetmeliğinde Değişiklik Yapılmasına Dair Yönetmelik,https://www.resmigazete.gov.tr/eskiler/2005/07/20050713-15.htm
2005-07-13,— Ondokuz Mayıs Üniversitesi Bilgi ve İletişim Teknolojileri Araştırma ve Uygulama Merkezi Yönetmeliği,https://www.resmigazete.gov.tr/eskiler/2005/07/20050713-16.htm
2005-07-13,— Pamukkale Üniversitesi Lisansüstü Eğitim-Öğretim Yönetmeliğinde Değişiklik Yapılması Hakkında Yönetmelik,https://www.resmigazete.gov.tr/eskiler/2005/07/20050713-17.htm
2005-07-13,— Hamzabeyli Gümrük Müdürlüğünün Hayvan ve Hayvan Maddelerinin İthalat ve İhracatına Yetkilendirilmesi Hakkında Tebliğ (No: 2005/36),https://www.resmigazete.gov.tr/eskiler/2005/07/20050713-18.htm
2005-07-13,— Tütün Üretiminden Vazgeçip Alternatif Ürün Yetiştiren Üreticilerin Desteklenmesine Dair Kararın Uygulanmasına İlişkin Tebliğ (No: 2005/25),https://www.resmigazete.gov.tr/eskiler/2005/07/20050713-19.htm
2005-07-13,— İthalatta Kota ve Tarife Kontenjanı İdaresine İlişkin Tebliğ (No: 2005/5),https://www.resmigazete.gov.tr/eskiler/2005/07/20050713-20.htm
2005-07-13,— İthalatta Korunma Önlemlerine İlişkin Tebliğ (No: 2005/7),https://www.resmigazete.gov.tr/eskiler/2005/07/20050713-21.htm
2005-07-13,— İthalatta Gözetim Uygulanmasına İlişkin Tebliğ (No: 2005/13),https://www.resmigazete.gov.tr/eskiler/2005/07/20050713-22.htm
2005-07-13,— Tekstil ve Konfeksiyon İthalatının Kayda Alınmasına İlişkin 2004/23 Sayılı Tebliğ’de Değişiklik Yapılması Hakkında Tebliğ,https://www.resmigazete.gov.tr/eskiler/2005/07/20050713-23.htm
2005-07-14,— İstanbul Menkul Kıymetler Borsası Yönetmeliğinde Değişiklik Yapılmasına Dair Yönetmelik,https://www.resmigazete.gov.tr/eskiler/2005/07/20050714-1.htm
2005-07-14,— İstanbul Menkul Kıymetler Borsası Kotasyon Yönetmeliğinde Değişiklik Yapılmasına Dair Yönetmelik,https://www.resmigazete.gov.tr/eskiler/2005/07/20050714-2.htm
2005-07-14,— İstanbul Menkul Kıymetler Borsası Hisse Senetleri Piyasası Yönetmeliğinde Değişiklik Yapılmasına Dair Yönetmelik,https://www.resmigazete.gov.tr/eskiler/2005/07/20050714-3.htm
2005-07-14,— Akdeniz Üniversitesi Antalya Devlet Konservatuvarı Hazırlayıcı Birim (Lise Devresi) Eğitim-Öğretim Sınıf Geçme ve Sınav Yönetmeliğinde Değişiklik Yapılmasına Dair Yönetmelik,https://www.resmigazete.gov.tr/eskiler/2005/07/20050714-4.htm
2005-07-14,— Akdeniz Üniversitesi Sağlık Bilimleri Enstitüsü Lisansüstü Eğitim ve Öğretim Yönetmeliğinde Değişiklik Yapılmasına Dair Yönetmelik,https://www.resmigazete.gov.tr/eskiler/2005/07/20050714-5.htm
2005-07-14,— Akdeniz Üniversitesi Fen Bilimleri Enstitüsü Lisansüstü Eğitim-Öğretim ve Sınav Yönetmeliğinde Değişiklik Yapılmasına Dair Yönetmelik,https://www.resmigazete.gov.tr/eskiler/2005/07/20050714-6.htm
2005-07-14,— Akdeniz Üniversitesi Sosyal Bilimler Enstitüsü Lisansüstü Eğitim ve Öğretim Yönetmeliğinde Değişiklik Yapılmasına Dair Yönetmelik,https://www.resmigazete.gov.tr/eskiler/2005/07/20050714-7.htm
2005-07-14,"— İflas İdaresi Ücreti,Yazı ve Tebliğ Masrafı Tarifesi Hakkında Tebliğ",https://www.resmigazete.gov.tr/eskiler/2005/07/20050714-8.htm
2005-07-14,— Dış Ticarette Standardizasyon Tebliğinde Değişiklik Yapılması Hakkında Tebliğ (No: 2005/30),https://www.resmigazete.gov.tr/eskiler/2005/07/20050714-9.htm
2005-07-15,5395 Çocuk Koruma Kanunu,https://www.resmigazete.gov.tr/eskiler/2005/07/20050715-1.htm
2005-07-15,5396 Sağlık Hizmetleri Temel Kanununa Bir Ek Madde Eklenmesi Hakkında Kanun,https://www.resmigazete.gov.tr/eskiler/2005/07/20050715-2.htm
2005-07-15,5399 Türk Medenî Kanununda Değişiklik Yapılmasına İlişkin Kanun,https://www.resmigazete.gov.tr/eskiler/2005/07/20050715-3.htm
2005-07-15,5400 Milli Parklar Kanununda Değişiklik Yapılmasına Dair Kanun,https://www.resmigazete.gov.tr/eskiler/2005/07/20050715-4.htm
2005-07-15,2005/9070 Büyük Ölçekli Harita ve Harita Bilgileri Üretim Yönetmeliği,https://www.resmigazete.gov.tr/eskiler/2005/07/20050715-5.htm
2005-07-15,— Taşınmaz Kültür Varlıklarının Onarımına Yardım Sağlanmasına Dair Yönetmelik,https://www.resmigazete.gov.tr/eskiler/2005/07/20050715-6.htm
2005-07-15,— Gümrük Müsteşarlığı Sicil Amirleri Yönetmeliği,https://www.resmigazete.gov.tr/eskiler/2005/07/20050715-7.htm
2005-07-15,— Gümrük Müsteşarlığı Disiplin Amirleri Yönetmeliği,https://www.resmigazete.gov.tr/eskiler/2005/07/20050715-8.htm
2005-07-15,— Sertifikalı Tohumluk ve Fidan Desteği ile Patates Siğili Görülen Alanlarda Alternatif Ürün Desteği Hakkında Tebliğde Değişiklik Yapılmasına Dair Tebliğ (No: 2005/37),https://www.resmigazete.gov.tr/eskiler/2005/07/20050715-9.htm
2005-07-15,— Tarımsal Faaliyette Kullanılan Mazot İçin Çiftçilere Destekleme Ödemesi Yapılmasına İlişkin Tebliğ (No: 2005/38),https://www.resmigazete.gov.tr/eskiler/2005/07/20050715-10.htm
2005-07-15,— 2005 Yılı Haziran Ayına Ait Dahilde İşleme İzin Belgelerinin (D1) Listesi,https://www.resmigazete.gov.tr/eskiler/2005/07/20050715-11.htm
2005-07-15,— 2005 Yılı Haziran Ayına Ait Yurt İçi Satış ve Teslim Belgelerinin (D3) Listesi,https://www.resmigazete.gov.tr/eskiler/2005/07/20050715-12.htm
2005-07-15,— 2005 Yılı Haziran Ayına Ait Hariçte İşleme İzin Belgelerinin (H) Listesi,https://www.resmigazete.gov.tr/eskiler/2005/07/20050715-13.htm
2005-07-15,"— 2005 Yılı Haziran Ayına Ait Vergi, Resim ve Harç İstisnası Belgelerinin (Y) Listesi",https://www.resmigazete.gov.tr/eskiler/2005/07/20050715-14.htm
2005-07-15,— Firma Talebine İstinaden İptal Edilen Dahilde İşleme İzin Belgeleri,https://www.resmigazete.gov.tr/eskiler/2005/07/20050715-15.htm
2005-07-15,— Re’sen Kapatılan Dahilde İşleme İzin Belgeleri,https://www.resmigazete.gov.tr/eskiler/2005/07/20050715-16.htm
2005-07-16,"— Yüksek Öğretim Kurulu Üyeliğine, Anadolu Üniversitesi Rektörü Prof. Dr. Engin ATAÇ'ın Seçilmesine Dair Karar",https://www.resmigazete.gov.tr/eskiler/2005/07/20050716-1.htm
2005-07-16,"— Yüksek Öğretim Kurulu Üyeliğine, Hacettepe Üniversitesi Rektörü Prof. Dr. Tunçalp ÖZGEN’in Seçilmesine Dair Karar",https://www.resmigazete.gov.tr/eskiler/2005/07/20050716-2.htm
2005-07-16,— Adalet Bakanlığı Merkez ve Taşra Teşkilatı ile Bağlı Kuruluşları Arşiv Yönetmeliğinin Yürürlükten Kaldırılmasına Dair Yönetmelik,https://www.resmigazete.gov.tr/eskiler/2005/07/20050716-3.htm
2005-07-16,— Ceza ve Tevkifevleri İç Yönetmeliğinin Yürürlükten Kaldırılmasına Dair Yönetmelik,https://www.resmigazete.gov.tr/eskiler/2005/07/20050716-4.htm
2005-07-16,— Sürşarj Tebliğinde Değişiklik Yapılmasına Dair Tebliğ,https://www.resmigazete.gov.tr/eskiler/2005/07/20050716-5.htm
2005-07-16,— Elektrik Piyasasında Mali Uzlaştırma Yapılmasına İlişkin Usul ve Esaslar Hakkında Tebliğde Değişiklik Yapılmasına İlişkin Tebliğ,https://www.resmigazete.gov.tr/eskiler/2005/07/20050716-6.htm
2005-07-16,— Enerji Piyasasında Faaliyet Gösteren Gerçek ve Tüzel Kişilerin Bağımsız Denetim Kuruluşlarınca Denetlenmesi Hakkında Tebliğ (Seri No: 4),https://www.resmigazete.gov.tr/eskiler/2005/07/20050716-7.htm
2005-07-17,"— Başbakanlığa, Devlet Bakanı ve Başbakan Yardımcısı Mehmet Ali ŞAHİN’in Vekâlet Etmesine Dair Tezkere",https://www.resmigazete.gov.tr/eskiler/2005/07/20050717-1.htm
2005-07-17,"— Devlet Bakanı Beşir ATALAY’a, Devlet Bakanı Mehmet AYDIN’ın Vekâlet Etmesine Dair Tezkere",https://www.resmigazete.gov.tr/eskiler/2005/07/20050717-2.htm
2005-07-17,"— Tarım ve Köyişleri Bakanlığına,Devlet Bakanı Nimet ÇUBUKÇU’nun Vekâlet Etmesine Dair Tezkere",https://www.resmigazete.gov.tr/eskiler/2005/07/20050717-3.htm
2005-07-17,"— Enerji ve Tabii Kaynaklar Bakanlığına, Ulaştırma Bakanı Binali YILDIRIM’ın Vekâlet Etmesine Dair Tezkere",https://www.resmigazete.gov.tr/eskiler/2005/07/20050717-4.htm
2005-07-17,— Fırat Üniversitesi Eğitim-Öğretim ve Sınav Yönetmeliğinde Değişiklik Yapılmasına Dair Yönetmelik,https://www.resmigazete.gov.tr/eskiler/2005/07/20050717-5.htm
2005-07-17,— Fırat Üniversitesi Yaz Okulu Yönetmeliğinde Değişiklik Yapılmasına Dair Yönetmelik,https://www.resmigazete.gov.tr/eskiler/2005/07/20050717-6.htm
2005-07-17,— Muhasebat Genel Müdürlüğü Genel Tebliği (Sıra No: 24),https://www.resmigazete.gov.tr/eskiler/2005/07/20050717-7.htm
2005-07-17,— 2821 Sayılı Sendikalar Kanunu Gereğince İşkollarındaki İşçi Sayıları ve Sendikaların Üye Sayılarına İlişkin 2005 Temmuz Ayı İstatistikleri Hakkında Tebliğ,https://www.resmigazete.gov.tr/eskiler/2005/07/20050717-8.htm
2005-07-18,— T.C.Emekli Sandığı Genel Müdürlüğü Arşiv Hizmetleri Hakkında Yönetmeliğin Yürürlükten Kaldırılmasına Dair Yönetmelik,https://www.resmigazete.gov.tr/eskiler/2005/07/20050718-1.htm
2005-07-18,— Okan Üniversitesi Yaz Öğretimi Yönetmeliği,https://www.resmigazete.gov.tr/eskiler/2005/07/20050718-2.htm
2005-07-18,— Nesli Tehlike Altında Olan Yabani Hayvan ve Bitki Türlerinin İhracatına İlişkin Tebliğ İhracat: (2005/11),https://www.resmigazete.gov.tr/eskiler/2005/07/20050718-3.htm
2005-07-19,5401 Sendikalar Kanununun Bazı Maddelerinin Değiştirilmesine Dair Kanun,https://www.resmigazete.gov.tr/eskiler/2005/07/20050719-1.htm
2005-07-19,5403 Toprak Koruma ve Arazi Kullanımı Kanunu,https://www.resmigazete.gov.tr/eskiler/2005/07/20050719-2.htm
2005-07-19,"— Dışişleri Bakanlığı ve Başbakan Yardımcılığına, Devlet Bakanı Kürşat TÜZMEN’in Vekâlet Etmesine Dair Tezkere",https://www.resmigazete.gov.tr/eskiler/2005/07/20050719-3.htm
2005-07-19,"— Milli Savunma Bakanlığına, İçişleri Bakanı Abdülkadir AKSU’nun Vekâlet Etmesine Dair Tezkere",https://www.resmigazete.gov.tr/eskiler/2005/07/20050719-4.htm
2005-07-19,— Hazine Müsteşarlığı Sigorta Denetleme Kurulu Yönetmeliğinde Değişiklik Yapılması Hakkında Yönetmelik,https://www.resmigazete.gov.tr/eskiler/2005/07/20050719-5.htm
2005-07-19,— Emniyet Genel Müdürlüğü Trafik Kuruluşları Eskort Hizmetleri Yönetmeliğinde Değişiklik Yapılmasına Dair Yönetmelik,https://www.resmigazete.gov.tr/eskiler/2005/07/20050719-6.htm
2005-07-19,— Devlet Malzeme Ofisi Satış Yönetmeliği,https://www.resmigazete.gov.tr/eskiler/2005/07/20050719-7.htm
2005-07-19,— Devlet Malzeme Ofisi Basım Müessesesi Müdürlüğü Satış Yönetmeliği,https://www.resmigazete.gov.tr/eskiler/2005/07/20050719-8.htm
2005-07-19,— Reklam Kurulu Yönetmeliğinde Değişiklik Yapılmasına Dair Yönetmelik,https://www.resmigazete.gov.tr/eskiler/2005/07/20050719-9.htm
2005-07-19,— Kadir Has Üniversitesi Spor Hukuku Araştırma ve Uygulama Merkezi Yönetmeliği,https://www.resmigazete.gov.tr/eskiler/2005/07/20050719-10.htm
2005-07-19,— Yargıtay 2. Hukuk Dairesine Ait 2 Adet Karar,https://www.resmigazete.gov.tr/eskiler/2005/07/20050719-11.htm
2005-07-20,5402 Denetimli Serbestlik ve Yardım Merkezleri ile Koruma Kurulları Kanunu,https://www.resmigazete.gov.tr/eskiler/2005/07/20050720-1.htm
2005-07-20,— Devlet Bakanı ve Başbakan Yardımcısı Abdüllatif ŞENER’e Maliye Bakanı Kemal UNAKITAN’ın Vekâlet Etmesine Dair Tezkere,https://www.resmigazete.gov.tr/eskiler/2005/07/20050720-2.htm
2005-07-20,— Anayasa Mahkemesi Asıl Üyeliğine Danıştay Üyesi Şevket APALAK’ın Seçilmesine Dair Karar (No: 2005/18),https://www.resmigazete.gov.tr/eskiler/2005/07/20050720-3.htm
2005-07-20,— Anayasa Mahkemesi Asıl Üyeliğine Avukat Serruh KALELİ’nin Seçilmesine Dair Karar (No: 2005/19),https://www.resmigazete.gov.tr/eskiler/2005/07/20050720-4.htm
2005-07-20,"— Adalet, Millî Eğitim, Bayındırlık ve İskan, Sağlık, Ulaştırma, Kültür ve Turizm Bakanlıklarına Ait Atama Kararları",https://www.resmigazete.gov.tr/eskiler/2005/07/20050720-5.htm
2005-07-20,2005/9134 Yetiştirilmek Amacıyla Yurt Dışına Gönderilecek Devlet Memurları Hakkında Yönetmelikte Değişiklik Yapılmasına Dair Yönetmeliğe Bir Madde Eklenmesi Hakkında Yönetmelik,https://www.resmigazete.gov.tr/eskiler/2005/07/20050720-6.htm
2005-07-20,— Diyanet İşleri Başkanlığı Arşiv Hizmetleri Yönetmeliğinin Yürürlükten Kaldırılmasına Dair Yönetmelik,https://www.resmigazete.gov.tr/eskiler/2005/07/20050720-7.htm
2005-07-20,— Eşyanın Tercihli Menşeinin Tespiti Hakkında Yönetmelik,https://www.resmigazete.gov.tr/eskiler/2005/07/20050720-8.htm
2005-07-20,— Devlet Malzeme Ofisi Satınalma Yönetmeliği,https://www.resmigazete.gov.tr/eskiler/2005/07/20050720-9.htm
2005-07-20,— Devlet Malzeme Ofisi Basım Müessesesi Müdürlüğü Satınalma Yönetmeliği,https://www.resmigazete.gov.tr/eskiler/2005/07/20050720-10.htm
2005-07-20,"— Devlet Malzeme Ofisi Mal Alımları Denetim, Muayene ve Tesellüm Yönetmeliği",https://www.resmigazete.gov.tr/eskiler/2005/07/20050720-11.htm
2005-07-20,— Uludağ Üniversitesi Lisansüstü Eğitim ve Öğretim Yönetmeliği,https://www.resmigazete.gov.tr/eskiler/2005/07/20050720-12.htm
2005-07-20,— Adnan Menderes Üniversitesi Ön Lisans ve Lisans Eğitim-Öğretim ve Sınav Yönetmeliğinde Değişiklik Yapılmasına Dair Yönetmelik,https://www.resmigazete.gov.tr/eskiler/2005/07/20050720-13.htm
2005-07-20,— 2005-2006 Av Dönemi Merkez Av Komisyonu Kararı (No: 2),https://www.resmigazete.gov.tr/eskiler/2005/07/20050720-14.htm
2005-07-20,— 2005-2006 Av Dönemi Olağanüstü Merkez Av Komisyonu Toplantısı Kararı (No: 3),https://www.resmigazete.gov.tr/eskiler/2005/07/20050720-15.htm
2005-07-21,5398 Özelleştirme Uygulamalarının Düzenlenmesine ve Bazı Kanun ve Kanun Hükmünde Kararnamelerde Değişiklik Yapılmasına Dair Kanunda ve Bazı Kanunlarda Değişiklik Yapılması Hakkında Kanun,https://www.resmigazete.gov.tr/eskiler/2005/07/20050721-1.htm
2005-07-21,— Anayasa Mahkemesi Asıl Üyeliğine Büyükelçi Osman Alifeyyaz PAKSÜT’ün seçilmesine Dair Karar (No: 2005/20),https://www.resmigazete.gov.tr/eskiler/2005/07/20050721-2.htm
2005-07-21,2005/9143 Bazı Vali Atamalarına Dair Karar,https://www.resmigazete.gov.tr/eskiler/2005/07/20050721-3.htm
2005-07-21,— Bayındırlık ve İskan Bakanlığına Ait Atama Kararı,https://www.resmigazete.gov.tr/eskiler/2005/07/20050721-4.htm
2005-07-21,2005/9130 Emniyet Hizmetleri Sınıfı Personeli Rütbe Terfileri ve Değerlendirme Kurullarının Çalışmalarına İlişkin Yönetmelikte Değişiklik Yapılmasına Dair Yönetmelik,https://www.resmigazete.gov.tr/eskiler/2005/07/20050721-5.htm
2005-07-21,2005/9138 Disiplin Kurulları ve Disiplin Amirleri Hakkında Yönetmelikte Değişiklik Yapılmasına Dair Yönetmelik,https://www.resmigazete.gov.tr/eskiler/2005/07/20050721-6.htm
2005-07-21,— Millî Eğitim Bakanlığı İlköğretim Müfettişleri Başkanlıkları Yönetmeliğinde Değişiklik Yapılmasına Dair Yönetmelik,https://www.resmigazete.gov.tr/eskiler/2005/07/20050721-7.htm
2005-07-21,— Özel Çevre Koruma Kurumu Başkanlığı Görevde Yükselme ve Unvan Değişikliği Yönetmeliği,https://www.resmigazete.gov.tr/eskiler/2005/07/20050721-8.htm
2005-07-21,— Çevre ve Orman Bakanlığı Personelinin Görevde Yükselme ve Unvan Değişikliği Yönetmeliğinde Değişiklik Yapılmasına Dair Yönetmelik,https://www.resmigazete.gov.tr/eskiler/2005/07/20050721-9.htm
2005-07-21,— Erciyes Üniversitesi Diş Hekimliği Fakültesi Eğitim - Öğretim Yönetmeliği,https://www.resmigazete.gov.tr/eskiler/2005/07/20050721-10.htm
2005-07-21,— Vergi Usul Kanunu Genel Tebliği (Sıra No: 350),https://www.resmigazete.gov.tr/eskiler/2005/07/20050721-11.htm
2005-07-22,2005/9113 Türkiye Cumhuriyeti ve Filipinler Cumhuriyeti Arasında Yatırımların Karşılıklı Teşviki ve Korunmasına İlişkin Anlaşma’nın Onaylanması Hakkında Karar,https://www.resmigazete.gov.tr/eskiler/2005/07/20050722-1.htm
2005-07-22,"2005/9121 Emniyet Genel Müdürlüğüne Bağlı Her Derecedeki Eğitim ve Öğretim Kurumları ile Hizmetiçi Eğitimlerde Aylık Karşılığı ve Ücretle Okutulacak Ders Saatlerinin Sayısı, Ders Görevi Alacakların Nitelikleri ve Diğer Hususların Tesbitine Dair Esaslarda Değişiklik Yapılmasına Dair Esaslar’ın Yürürlüğe Konulması Hakkında Karar",https://www.resmigazete.gov.tr/eskiler/2005/07/20050722-2.htm
2005-07-22,2005/9125 Devlet Demiryolları İşletmesi Genel Müdürlüğünde Görevli Personele Fazla Çalışma Yaptırılması ve Saat Başına Ödenecek Ücretin Tespiti Hakkında Karar,https://www.resmigazete.gov.tr/eskiler/2005/07/20050722-3.htm
2005-07-22,2005/9127 Karadeniz Teknik Üniversitesi Rektörlüğüne Bağlı Mühendislik-Mimarlık Fakültesinin Kapatılarak Yerine Mühendislik Fakültesi ile Mimarlık Fakültesi Kurulması Hakkında Karar,https://www.resmigazete.gov.tr/eskiler/2005/07/20050722-4.htm
2005-07-22,2005/9128 Tarım ve Köyişleri Bakanlığına Ait Boş Kadrolarda Değişiklik Yapılması Hakkında Karar,https://www.resmigazete.gov.tr/eskiler/2005/07/20050722-5.htm
2005-07-22,2005/9133 İthalat Rejimi Kararına Ek Karar’ın Yürürlüğe Konulması Hakkında Karar,https://www.resmigazete.gov.tr/eskiler/2005/07/20050722-6.htm
2005-07-22,2005/9137 Akrilonitril İthalatında Tarife Kontenjanı Uygulanması Hakkında Karar,https://www.resmigazete.gov.tr/eskiler/2005/07/20050722-7.htm
2005-07-22,— Türkiye Cumhuriyeti Emekli Sandığınca Aylık Bağlananlara Verilecek Tanıtım Kartları Yönetmeli-ğinde Değişiklik Yapılmasına Dair Yönetmelik,https://www.resmigazete.gov.tr/eskiler/2005/07/20050722-8.htm
2005-07-22,— Millî Eğitim Bakanlığı Özel Dershaneler Yönetmeliği,https://www.resmigazete.gov.tr/eskiler/2005/07/20050722-9.htm
2005-07-22,— Millî Eğitim Bakanlığı Özel Kurslar Yönetmeliği,https://www.resmigazete.gov.tr/eskiler/2005/07/20050722-10.htm
2005-07-22,— Millî Eğitim Bakanlığı Özel Okullar Çerçeve Yönetmeliği,https://www.resmigazete.gov.tr/eskiler/2005/07/20050722-11.htm
2005-07-22,— Millî Eğitim Bakanlığı Özel Öğrenci Etüt Eğitim Merkezi Yönetmeliği,https://www.resmigazete.gov.tr/eskiler/2005/07/20050722-12.htm
2005-07-22,"— Millî Eğitim Bakanlığı Özel, Özel Eğitim Kursları Yönetmeliği",https://www.resmigazete.gov.tr/eskiler/2005/07/20050722-13.htm
2005-07-22,"— Millî Eğitim Bakanlığı Özel, Özel Eğitim Okulları Çerçeve Yönetmeliği",https://www.resmigazete.gov.tr/eskiler/2005/07/20050722-14.htm
2005-07-22,— Bağ-Kur Sigortalılarının Yurt Dışında Tedavilerine İlişkin Yönetmelik,https://www.resmigazete.gov.tr/eskiler/2005/07/20050722-15.htm
2005-07-22,— Tıbbi Atıkların Kontrolü Yönetmeliği,https://www.resmigazete.gov.tr/eskiler/2005/07/20050722-16.htm
2005-07-22,"— Gazi Üniversitesi Noniyonizan Radyasyondan Korunma, Araştırma ve Uygulama Merkezi Yönet-meliği",https://www.resmigazete.gov.tr/eskiler/2005/07/20050722-17.htm
2005-07-22,— Yaşar Üniversitesi Avrupa Birliği Araştırma ve Uygulama Merkezi Yönetmeliği,https://www.resmigazete.gov.tr/eskiler/2005/07/20050722-18.htm
2005-07-22,— 6 Sıra Nolu Muhasebat Genel Müdürlüğü Genel Tebliğinde Değişiklik Yapılmasına İlişkin Tebliğ,https://www.resmigazete.gov.tr/eskiler/2005/07/20050722-19.htm
2005-07-22,— Cari Aya Ait Ek ve İptal Nitelikteki Aylık Prim ve Hizmet Belgelerinin İşverenler Tarafından İnternet Ortamında Sosyal Sigortalar Kurumuna Gönderilmesi (e-Bildirge Uygulaması) Zorunluluğu Hakkında Tebliğ,https://www.resmigazete.gov.tr/eskiler/2005/07/20050722-20.htm
2005-07-22,— İşkolu Tespit Kararı (No: 2005/33),https://www.resmigazete.gov.tr/eskiler/2005/07/20050722-21.htm
2005-07-22,— İşkolu Tespit Kararı (No: 2005/34),https://www.resmigazete.gov.tr/eskiler/2005/07/20050722-22.htm
2005-07-22,— 2005 Yılı Haziran Ayına Ait Yatırım Teşvik Belgelerinin Sektörel Dağılımı Hakkında Tebliğ,https://www.resmigazete.gov.tr/eskiler/2005/07/20050722-23.pdf
2005-07-22,— 2005 Yılı Haziran Ayına Ait Belgeler ve Yararlandırılan Teşvik Unsurları Hakkında Tebliğ,https://www.resmigazete.gov.tr/eskiler/2005/07/20050722-24.pdf
2005-07-22,— Yargıtay 2. Hukuk Dairesine Ait Karar,https://www.resmigazete.gov.tr/eskiler/2005/07/20050722-25.htm
2005-07-22,— Danıştay Başkanlar Kurulunun 2005/21 Sayılı Kararı,https://www.resmigazete.gov.tr/eskiler/2005/07/20050722-26.htm
2005-07-23,5397 Bazı Kanunlarda Değişiklik Yapılmasına Dair Kanun,https://www.resmigazete.gov.tr/eskiler/2005/07/20050723-1.htm
2005-07-23,"2005/9139 Tarım ve Köyişleri Bakanlığının Taşra Teşkilatında Yer Alan Bazı Zirai Üretim İşletmesi ve Tarım Meslek Lisesi Müdürlüklerinin Kaldırılarak Yerlerine Zirai Üretim İşletmesi, Tarımsal Yayım ve Hizmetiçi Eğitim Merkezi Müdürlüklerinin Kurulması Hakkında Karar",https://www.resmigazete.gov.tr/eskiler/2005/07/20050723-2.htm
2005-07-23,— Gümrük Müsteşarlığı Gümrük Uzmanı ve Gümrük Uzman Yardımcıları Sınavı ile Yetişme ve Çalışma Usul ve Esasları Hakkında Yönetmelik,https://www.resmigazete.gov.tr/eskiler/2005/07/20050723-3.htm
2005-07-23,— Sayıştay Yönetim Mensuplarının Görevde Yükselme ve Unvan Değişikliği Yönetmeliği,https://www.resmigazete.gov.tr/eskiler/2005/07/20050723-4.htm
2005-07-23,— Elektrik Piyasası Lisans Yönetmeliğinde Değişiklik Yapılmasına İlişkin Yönetmelik,https://www.resmigazete.gov.tr/eskiler/2005/07/20050723-5.htm
2005-07-23,— Petrol Piyasasında Ulusal Marker Uygulamasına İlişkin Usul ve Esaslar Hakkında Yönetmelikte Değişiklik Yapılmasına Dair Yönetmelik,https://www.resmigazete.gov.tr/eskiler/2005/07/20050723-6.htm
2005-07-23,— Hacettepe Üniversitesi Diş Hekimliği Fakültesi Öğretim ve Sınav Yönetmeliğinde Değişiklik Yapılmasına Dair Yönetmelik,https://www.resmigazete.gov.tr/eskiler/2005/07/20050723-7.htm
2005-07-23,— Hacettepe Üniversitesi Yaz Dönemi Eğitim-Öğretim Yönetmeliğinde Değişiklik Yapılmasına Dair Yönetmelik,https://www.resmigazete.gov.tr/eskiler/2005/07/20050723-8.htm
2005-07-23,— İşkolu Tespit Kararı (No: 2005/35),https://www.resmigazete.gov.tr/eskiler/2005/07/20050723-9.htm
2005-07-24,"Sağlık Bakanlığına, Milli Eğitim Bakanı Hüseyin ÇELİK’in Vekâlet Etmesine Dair Tezkere",https://www.resmigazete.gov.tr/eskiler/2005/07/20050724-1.htm
2005-07-24,İnsani Tüketim Amaçlı Sular Hakkında Yönetmelikte Değişiklik Yapılmasına Dair Yönetmelik,https://www.resmigazete.gov.tr/eskiler/2005/07/20050724-2.htm
2005-07-24,Doğal Mineralli Sular Hakkında Yönetmelikte Değişiklik Yapılmasına Dair Yönetmelik,https://www.resmigazete.gov.tr/eskiler/2005/07/20050724-3.htm
2005-07-24,Çanakkale Onsekiz Mart Üniversitesi Enerji Kaynakları Araştırma ve Uygulama Merkezi Yönetmeliği,https://www.resmigazete.gov.tr/eskiler/2005/07/20050724-4.htm
2005-07-24,Çanakkale Onsekiz Mart Üniversitesi El Sanatları Araştırma ve Uygulama Merkezi Yönetmeliği,https://www.resmigazete.gov.tr/eskiler/2005/07/20050724-5.htm
2005-07-24,D ÜZELTME (5399 sayılı “Türk Medenî Kanununda Değişiklik Yapılmasına İlişkin Kanunun” Birinci Maddesinin Düzeltilmesi ile İlgili),https://www.resmigazete.gov.tr/eskiler/2005/07/20050724-6.htm
2005-07-25,Mimar Sinan Güzel Sanatlar Üniversitesi Devlet Konservatuvarı Hazırlık ve Lisans Öğretim Yönetmeliği,https://www.resmigazete.gov.tr/eskiler/2005/07/20050725-1.htm
2005-07-25,Akdeniz Üniversitesi Sosyal Bilimler Enstitüsü Lisansüstü Eğitim ve Öğretim Yönetmeliğinde Değişiklik Yapılmasına Dair Yönetmelik,https://www.resmigazete.gov.tr/eskiler/2005/07/20050725-2.htm
2005-07-25,Kamu İhale Genel Tebliği,https://www.resmigazete.gov.tr/eskiler/2005/07/20050725-3.htm
2005-07-26,"— Başbakanlığa, Devlet Bakanı ve Başbakan Yardımcısı Abdüllatif ŞENER’in Vekâlet Etmesine Dair Tezkere",https://www.resmigazete.gov.tr/eskiler/2005/07/20050726-1.htm
2005-07-26,"— Dışişleri Bakanı ve Başbakan Yardımcısı Abdullah GÜL’e, Milli Savunma Bakanı M. Vecdi GÖNÜL’ün Vekâlet Etmesine Dair Tezkere",https://www.resmigazete.gov.tr/eskiler/2005/07/20050726-2.htm
2005-07-26,"— Devlet Bakanı Ali BABACAN’a, Devlet Bakanı Beşir ATALAY’ın Vekâlet Etmesine Dair Tezkere",https://www.resmigazete.gov.tr/eskiler/2005/07/20050726-3.htm
2005-07-26,"— Anayasa Mahkemesi Başkanlığına, Üye H. Tülay TUĞCU’nun seçilmesine Dair Karar",https://www.resmigazete.gov.tr/eskiler/2005/07/20050726-4.htm
2005-07-26,"— Koruma Amaçlı İmar Planları ve Çevre Düzenleme Projelerinin Hazırlanması, Gösterimi, Uygulaması, Denetimi ve Müelliflerine İlişkin Usul ve Esaslara Ait Yönetmelik",https://www.resmigazete.gov.tr/eskiler/2005/07/20050726-5.htm
2005-07-26,— Özel Ormanlarda ve Hükmi Şahsiyeti Haiz Amme Müesseselerine Ait Ormanlarda Yapılacak İş ve İşlemler Hakkında Yönetmelikte Değişiklik Yapılmasına Dair Yönetmelik,https://www.resmigazete.gov.tr/eskiler/2005/07/20050726-6.htm
2005-07-27,— Hâkimler ve Savcılar Yüksek Kurulunun 2005/62 Sayılı Atama Kararı,https://www.resmigazete.gov.tr/eskiler/2005/07/20050727-1.htm
2005-07-27,— Türk Standardları Enstitüsü Organlar Yönetmeliğinde Değişiklik Yapılmasına Dair Yönetmelik,https://www.resmigazete.gov.tr/eskiler/2005/07/20050727-2.htm
2005-07-27,"— Kahramanmaraş Sütçü İmam Üniversitesi Tarımsal Yayım, Araştırma ve Uygulama Merkezi Yönetmeliği",https://www.resmigazete.gov.tr/eskiler/2005/07/20050727-3.htm
2005-07-27,— Transit Karayolları Üzerinde TIR Denetleme ve Konaklama Noktaları Kurulması Hakkında Tebliğde Değişiklik Yapılmasına Dair Tebliğ,https://www.resmigazete.gov.tr/eskiler/2005/07/20050727-4.htm
2005-07-27,— Gümrük Genel Tebliği (Tarife-Sınıflandırma Kararları) (Seri No: 8),https://www.resmigazete.gov.tr/eskiler/2005/07/20050727-5.htm
2005-07-27,— Gümrük Genel Tebliği Seri No:2'de Değişiklik Yapılmasına Dair Tebliğ (Seri No: 11),https://www.resmigazete.gov.tr/eskiler/2005/07/20050727-6.htm
2005-07-27,— Özelleştirme Yüksek Kurulunun 2005/84 Sayılı Kararı,https://www.resmigazete.gov.tr/eskiler/2005/07/20050727-7.htm
2005-07-28,2005/9145 4760 Sayılı Özel Tüketim Vergisi Kanununa Ekli (III) Sayılı Listede Yer Alan Mallarda Uygulanan Özel Tüketim Vergisi ile İlgili Ekli Karar’ın Yürürlüğe Konulması Hakkında Karar,https://www.resmigazete.gov.tr/eskiler/2005/07/20050728-1.htm
2005-07-28,"— Kültür ve Turizm Bakanlığına, Milli Eğitim Bakanı Hüseyin ÇELİK’in Vekâlet Etmesine Dair Tezkere",https://www.resmigazete.gov.tr/eskiler/2005/07/20050728-2.htm
2005-07-28,2005/9107 Bankacılık Düzenleme ve Denetleme Kurulu Üyeliğine Hüseyin AL’ın Atanmasına Dair Karar,https://www.resmigazete.gov.tr/eskiler/2005/07/20050728-3.htm
2005-07-28,— Çorum İli Alaca İlçesine Bağlı Alacahüyük Belediyesi İsminin “ALACAHÖYÜK” Olarak Değiş-tirilmesine Dair Karar,https://www.resmigazete.gov.tr/eskiler/2005/07/20050728-4.htm
2005-07-28,— Malatya İli Akçadağ İlçesine Bağlı “Çatyol” Beldesinin İsminin “BAHRİ” Olarak Değiştirilmesine Dair Karar,https://www.resmigazete.gov.tr/eskiler/2005/07/20050728-5.htm
2005-07-28,— Mersin Üniversitesi Lisansüstü Eğitim ve Öğretim Yönetmeliğinde Değişiklik Yapılmasına Dair Yönetmelik,https://www.resmigazete.gov.tr/eskiler/2005/07/20050728-6.htm
2005-07-28,— İzmir Ekonomi Üniversitesi Tasarım Araştırma ve Uygulama Merkezi Yönetmeliği,https://www.resmigazete.gov.tr/eskiler/2005/07/20050728-7.htm
2005-07-28,— İthalatta Haksız Rekabetin Önlenmesine İlişkin Tebliğ (Tebliğ No: 2005/15),https://www.resmigazete.gov.tr/eskiler/2005/07/20050728-8.htm
2005-07-28,— İthalatta Haksız Rekabetin Önlenmesine İlişkin Tebliğ (Tebliğ No: 2005/16),https://www.resmigazete.gov.tr/eskiler/2005/07/20050728-9.htm
2005-07-28,— İthalatta Haksız Rekabetin Önlenmesine İlişkin Tebliğ (Tebliğ No: 2005/17),https://www.resmigazete.gov.tr/eskiler/2005/07/20050728-10.htm
2005-07-29,— Hâkimler ve Savcılar Yüksek Kurulunun 2005/06-07 Sayılı Kararları,https://www.resmigazete.gov.tr/eskiler/2005/07/20050729-1.htm
2005-07-29,"— Başbakanlık Personeli Atama, Görevde Yükselme ve Unvan Değişikliği Yönetmeliği",https://www.resmigazete.gov.tr/eskiler/2005/07/20050729-2.htm
2005-07-29,"— Büyükşehir Belediyeleri, Belediyeler ve Bunlara Bağlı Kuruluşlar ile Sermayesinin Yüzde Ellisinden Fazlası Büyükşehir Belediyelerine/Belediyelere Ait Şirketlerin Kamu Kurum ve Kuruluşlarından Olan Kamu ve Özel Hukuka Tabi Alacakları ile Bunların Diğer Kamu Kurum ve Kuruluşlarına Olan Borçları Hakkında Takas, Mahsup ve Kesinti İşlemleri Genel Tebliği (Tebliğ No: 2005/2)",https://www.resmigazete.gov.tr/eskiler/2005/07/20050729-3.htm
2005-07-29,— İthalatta Gözetim Uygulanmasına İlişkin Tebliğ (No: 2005/14),https://www.resmigazete.gov.tr/eskiler/2005/07/20050729-4.htm
2005-07-29,— İthalatta Gözetim Uygulanmasına İlişkin Tebliğ (No: 2005/15),https://www.resmigazete.gov.tr/eskiler/2005/07/20050729-5.htm
2005-07-29,— İthalatta Gözetim Uygulanmasına İlişkin 2004/6 Sayılı Tebliğ’in Yürürlükten Kaldırılmasına İlişkin Tebliğ,https://www.resmigazete.gov.tr/eskiler/2005/07/20050729-6.htm
2005-07-29,— İthalatta Gözetim Uygulanmasına İlişkin 2004/7 Sayılı Tebliğ’in Yürürlükten Kaldırılmasına İlişkin Tebliğ,https://www.resmigazete.gov.tr/eskiler/2005/07/20050729-7.htm
2005-07-29,— İthalatta Gözetim Uygulanmasına İlişkin 2004/15 Sayılı Tebliğ’de Değişiklik Yapılması Hakkında Tebliğ,https://www.resmigazete.gov.tr/eskiler/2005/07/20050729-8.htm
2005-07-29,— Özelleştirme Yüksek Kurulunun 2005/86 Sayılı Kararı,https://www.resmigazete.gov.tr/eskiler/2005/07/20050729-9.htm
2005-07-30,"— Devlet Bakanı Beşir ATALAY’a, Devlet Bakanı Mehmet AYDIN’ın Vekâlet Etmesine Dair Tezkere",https://www.resmigazete.gov.tr/eskiler/2005/07/20050730-1.htm
2005-07-30,— Bağ-Kur İsteğe Bağlı Sigortalılık Yönetmeliğinde Değişiklik Yapılmasına Dair Yönetmelik,https://www.resmigazete.gov.tr/eskiler/2005/07/20050730-2.htm
2005-07-30,— Üretimlerini Likit Petrol Gazı (LPG) veya Likit Naturel Gaz (LNG) ile Yapan Üreticilerin Zararlarının Karşılanmasına İlişkin Usul ve Esaslar Hakkında Tebliğ (Sıra No: 1),https://www.resmigazete.gov.tr/eskiler/2005/07/20050730-3.htm
2005-07-30,— Akrilonitril İthalatında Tarife Kontenjanı Uygulanmasına İlişkin Tebliğ İthalat Tebliğ No: (2005/25),https://www.resmigazete.gov.tr/eskiler/2005/07/20050730-4.htm
2005-07-30,— Özelleştirme İdaresi Başkanlığının 2005/ÖİB-K-20 Sayılı Kararı,https://www.resmigazete.gov.tr/eskiler/2005/07/20050730-5.htm
2005-07-31,"— Devlet Bakanı Ali BABACAN’a, Devlet Bakanı ve Başbakan Yardımcısı Abdüllatif ŞENER’in Vekâlet Etmesine Dair Tezkere",https://www.resmigazete.gov.tr/eskiler/2005/07/20050731-1.htm
2005-07-31,"— Çevre ve Orman Bakanlığına, Bayındırlık ve İskan Bakanı Faruk NafizÖZAK’ın Vekâlet Etmesine Dair Tezkere",https://www.resmigazete.gov.tr/eskiler/2005/07/20050731-2.htm
2005-07-31,"— Tarımda Kendi Adına ve Hesabına Çalışan Sigortalıların Tescili ile İlgili İşlemler, Başvurma ve Uymak Zorunda Oldukları Usul ve Esaslar Hakkında Yönetmelik",https://www.resmigazete.gov.tr/eskiler/2005/07/20050731-3.htm
2005-07-31,— İstanbul Üniversitesi Eczacılık Fakültesi Öğretim ve Sınav Yönetmeliğinde Değişiklik Yapılmasına Dair Yönetmelik,https://www.resmigazete.gov.tr/eskiler/2005/07/20050731-4.htm
2005-08-01,— Güneydoğu Avrupa Enerji Topluluğu-Uygulanabilir Program Kredisi 2 (ECSEE-APL2) Kapsamında Uluslararası İmar ve Kalkınma Bankası ile İmzalanan Garanti ve Kredi Anlaşması,https://www.resmigazete.gov.tr/eskiler/2005/08/20050801-1.htm
2005-08-01,"— Tarım Sigortalılarının Ödemek Zorunda Oldukları Primlerin Hesaplanması, Ödenmesi ve Tahsili Usulleri Hakkında Yönetmelik",https://www.resmigazete.gov.tr/eskiler/2005/08/20050801-2.htm
2005-08-02,2005/9146 Türk Telekomünikasyon Anonim Şirketi (Türk Telekom)’nin %55 Oranındaki Hissesinin Blok Olarak Satışına İlişkin Nihai Devir İşlemlerine Dair Karar’ın Yürürlüğe Konulması Hakkında Karar,https://www.resmigazete.gov.tr/eskiler/2005/08/20050802-1.htm
2005-08-02,"— İçişleri Bakanlığına, Maliye Bakanı Kemal UNAKITAN’ın Vekâlet Etmesine Dair Tezkere",https://www.resmigazete.gov.tr/eskiler/2005/08/20050802-2.htm
2005-08-02,— Kamu Görevlileri Sendikaları Kanunu Kapsamına Giren Kurum ve Kuruluşların Girdikleri Hizmet Kollarının Belirlenmesine İlişkin Yönetmelikte Değişiklik Yapılmasına Dair Yönetmelik,https://www.resmigazete.gov.tr/eskiler/2005/08/20050802-3.htm
2005-08-02,— Galatasaray Üniversitesi Sosyal Bilimler Enstitüsü Lisansüstü Eğitim ve Öğretim Yönetmeliğinde Değişiklik Yapılmasına Dair Yönetmelik,https://www.resmigazete.gov.tr/eskiler/2005/08/20050802-4.htm
2005-08-02,— Karadeniz Teknik Üniversitesi Zorunlu Yabancı Dil Hazırlık Eğitim-Öğretimi Yönetmeliği,https://www.resmigazete.gov.tr/eskiler/2005/08/20050802-5.htm
2005-08-02,"— Karadeniz Teknik Üniversitesi Çift Ana Dal, Yan Dal ve Yaz Dönemi Yönetmeliğinde Değişiklik Yapılmasına Dair Yönetmelik",https://www.resmigazete.gov.tr/eskiler/2005/08/20050802-6.htm
2005-08-02,"— Anayasa Mahkemesinin E: 2005/81 (Türkiye Bilimsel ve Teknik Araştırma Kurumu Kurulması Hakkında Kanun ile İlgili), K: 2005/12 Sayılı Kararı",https://www.resmigazete.gov.tr/eskiler/2005/08/20050802-7.htm
2005-08-03,2005/9158 Kamu Sektörüne Dahil İdarelerin İhalesi Yapılmış ve Yapılacak İşlerinde İhale Usul ve Şekillerine Göre Fiyat Farkı Hesabında Uygulayacakları Esaslarda Değişiklik Yapılmasına İlişkin Esaslar,https://www.resmigazete.gov.tr/eskiler/2005/08/20050803-1.htm
2005-08-03,"— Ulaştırma Bakanlığına, Enerji ve Tabii Kaynaklar Bakanı M. Hilmi GÜLER’in Vekâlet Etmesine Dair Tezkere",https://www.resmigazete.gov.tr/eskiler/2005/08/20050803-2.htm
2005-08-03,— Milli Savunma ile Kültür ve Turizm Bakanlıklarına Ait Atama Kararları,https://www.resmigazete.gov.tr/eskiler/2005/08/20050803-3.htm
2005-08-03,— Sınır Tespitine Dair Karar,https://www.resmigazete.gov.tr/eskiler/2005/08/20050803-4.htm
2005-08-03,— Bağ-Kur Sağlık Sigortası Yardımları Yönetmeliği,https://www.resmigazete.gov.tr/eskiler/2005/08/20050803-5.htm
2005-08-03,— Yargıtay Personeli Görevde Yükselme ve Unvan Değişikliği Yönetmeliği,https://www.resmigazete.gov.tr/eskiler/2005/08/20050803-6.htm
2005-08-03,— Danıştay Personeli Görevde Yükselme ve Unvan Değişikliği Yönetmeliği,https://www.resmigazete.gov.tr/eskiler/2005/08/20050803-7.htm
2005-08-03,— 2003/39 Sayılı Tasarruf Tedbirleri Genelgesinde Yapılan Düzenlemelerle İlgili 2005/19 Sayılı Başbakanlık Genelgesi,https://www.resmigazete.gov.tr/eskiler/2005/08/20050803-8.htm
2005-08-03,— Milli Emlak Genel Tebliği (Sıra No: 296),https://www.resmigazete.gov.tr/eskiler/2005/08/20050803-9.htm
2005-08-03,— Milli Emlak Genel Tebliği (Sıra No: 297),https://www.resmigazete.gov.tr/eskiler/2005/08/20050803-10.htm
2005-08-03,— Milli Emlak Genel Tebliği (Sıra No: 298),https://www.resmigazete.gov.tr/eskiler/2005/08/20050803-11.htm
2005-08-03,— Tahsilat Genel Tebliği (Seri No: 436,https://www.resmigazete.gov.tr/eskiler/2005/08/20050803-12.htm
2005-08-03,— Enerji Desteğinin Uygulanmasına İlişkin Tebliğ (No: 2005/1),https://www.resmigazete.gov.tr/eskiler/2005/08/20050803-13.htm
2005-08-03,— Dahilde İşleme Rejimine İlişkin İşlemlerin Bilgisayar Veri İşleme Tekniği Yoluyla Yapılmasına Dair Tebliğ (İhracat: 2005/9),https://www.resmigazete.gov.tr/eskiler/2005/08/20050803-14.htm
2005-08-04,"— Devlet Bakanı ve Başbakan Yardımcılığı ile Devlet, Adalet, Maliye, Millî Eğitim, Bayındırlık ve İskan, Sağlık, Tarım ve Köyişleri, Kültür ve Turizm, Çevre ve Orman Bakanlıklarına Ait Atama Kararları",https://www.resmigazete.gov.tr/eskiler/2005/08/20050804-1.htm
2005-08-04,— İhalelere Karşı Yapılacak İdari Başvurulara Ait Yönetmelikte Değişiklik Yapılmasına Dair Yönetmelik,https://www.resmigazete.gov.tr/eskiler/2005/08/20050804-2.htm
2005-08-04,— Yıldız Teknik Üniversitesi Lisansüstü Eğitim-Öğretim Yönetmeliği,https://www.resmigazete.gov.tr/eskiler/2005/08/20050804-3.htm
2005-08-04,— Hayvancılığın Desteklenmesi Hakkında 2005/8503 Sayılı Bakanlar Kurulu Kararının Uygulama Esasları Tebliğinde Değişiklik Yapılmasına Dair Tebliğ (No: 2005/40),https://www.resmigazete.gov.tr/eskiler/2005/08/20050804-4.htm
2005-08-05,2005/9150 Tarım ve Köyişleri Bakanlığının Taşra Teşkilatında Yer Alan Muş El Sanatları Eğitim Merkezi Müdürlüğünün Kaldırılması Hakkında Karar,https://www.resmigazete.gov.tr/eskiler/2005/08/20050805-1.htm
2005-08-05,"2005/9152 İstanbul İli, Fatih, Eminönü ve Beyoğlu İlçeleri Sınırları Dahilinde Bulunan Bazı Taşınmazların İstanbul Metrosu İnşaat Alanında Kalmaları Nedeniyle İstanbul Büyükşehir Belediyesince Acele Kamulaştırılması Hakkında Karar",https://www.resmigazete.gov.tr/eskiler/2005/08/20050805-2.htm
2005-08-05,2005/9161 Hacettepe Üniversitesi Rektörlüğüne Bağlı Olarak İletişim Fakültesi Kurulması Hakkında Karar,https://www.resmigazete.gov.tr/eskiler/2005/08/20050805-3.htm
2005-08-05,2005/9171 Bazı Kuruluşların İzin Almadan Yardım Toplayabilen Kuruluşlardan Sayılması Hakkında Karar,https://www.resmigazete.gov.tr/eskiler/2005/08/20050805-4.htm
2005-08-05,"2005/9173 Devlet Su İşleri Genel Müdürlüğünce Sulama Kooperatiflerine Devredilen Yer Altı Suyu Sulama Tesisleri Kapsamında Yapılacak Olan Yer Altı Suyu Sulama Şebekesi Bedellerinin, Devir Sözleşmesi Esasları Dahilinde Devredildiği Tarihten İtibaren 4 üncü Yılda Başlamak Üzere, Sulama Kooperatifleri Tarafından Eşit Taksitler Halinde 15 Yılda Faizsiz Olarak Ödenmesi Hakkında Karar",https://www.resmigazete.gov.tr/eskiler/2005/08/20050805-5.htm
2005-08-05,2005/9174 Başbakanlığa Ait Dolu ve Boş Kadrolarda Değişiklik Yapılması Hakkında Karar,https://www.resmigazete.gov.tr/eskiler/2005/08/20050805-6.htm
2005-08-05,2005/9184 Hacettepe Üniversitesi Rektörlüğüne Bağlı Olarak Hukuk Fakültesi Kurulması Hakkında Karar,https://www.resmigazete.gov.tr/eskiler/2005/08/20050805-7.htm
2005-08-05,2005/9191 3083 Sayılı Sulama Alanlarında Arazi Düzenlemesine Dair Tarım Reformu Kanunu Uyarınca Uygulama Alanı İlan Edilen Şanlıurfa İlindeki Bazı Yerleşim Yerlerinin Ana Köyden Ayrılarak Karşılarında Belirtilen Adlarla Bağımsız Köy Haline Getirilmeleri Hakkında Karar,https://www.resmigazete.gov.tr/eskiler/2005/08/20050805-8.htm
2005-08-05,— Kültür ve Turizm ile Çevre ve Orman Bakanlıklarına Ait Atama Kararları,https://www.resmigazete.gov.tr/eskiler/2005/08/20050805-9.htm
2005-08-05,2005/9140 Kamu Kurum ve Kuruluşlarının Daimi Kadrolarına İlk Defa İşçi Olarak Alınacaklar Hakkında Uygulanacak Sınav Yönetmeliğinde Değişiklik Yapılmasına Dair Yönetmelik,https://www.resmigazete.gov.tr/eskiler/2005/08/20050805-10.htm
2005-08-05,— Birlikte Çalışabilirlik Esasları Rehberi ile İlgili 2005/20 Sayılı Başbakanlık Genelgesi,https://www.resmigazete.gov.tr/eskiler/2005/08/20050805-11.htm
2005-08-06,"2005/9148 Türkiye Cumuhriyeti Hükümeti ile Slovenya Cumhuriyeti Hükümeti Arasında Örgütlü Suçlar, Uyuşturucu Madde Kaçakçılığı, Uluslararası Terörizm ve Diğer Ciddi Suçlarla Mücadelede İşbirliği Anlaşması’nın Onaylanması Hakkında Karar",https://www.resmigazete.gov.tr/eskiler/2005/08/20050806-1.htm
2005-08-06,2005/9187 Türkiye Cumhuriyeti Hükümeti ile Kuzey Kıbrıs Türk Cumhuriyeti Hükümeti Arasında Ekonomik ve Mali İşbirliği Protokolü’ne Ek Protokol’ün Onaylanması Hakkında Karar,https://www.resmigazete.gov.tr/eskiler/2005/08/20050806-2.htm
2005-08-06,"— Enerji ve Tabii Kaynaklar Bakanlığına Ulaştırma, Bakanı Binali YILDIRIM’ın Vekâlet Etmesine Dair Tezkere",https://www.resmigazete.gov.tr/eskiler/2005/08/20050806-3.htm
2005-08-06,— Milli Savunma Bakanlığına Ait Atama Kararı,https://www.resmigazete.gov.tr/eskiler/2005/08/20050806-4.htm
2005-08-06,— Yetiştirilmek Amacıyla Yurt Dışına Gönderilecek Başbakanlık Personeli Hakkında Yönetmelikte Değişiklik Yapılmasına Dair Yönetmelik,https://www.resmigazete.gov.tr/eskiler/2005/08/20050806-5.htm
2005-08-06,— Kadının Statüsü Danışma Kurulunun Oluşumu ile Çalışma Usul ve Esasları Hakkında Yönetmelik,https://www.resmigazete.gov.tr/eskiler/2005/08/20050806-6.htm
2005-08-06,— Başbakanlık Basın-Yayın Genel Müdürlüğü Mihmandarlık Görevi Hakkında Yönetmeliğin Yürürlükten Kaldırılmasına Dair Yönetmelik,https://www.resmigazete.gov.tr/eskiler/2005/08/20050806-7.htm
2005-08-06,— Tarım ve Köyişleri Bakanlığı Arşiv Yönetmeliğinin Yürürlükten Kaldırılmasına Dair Yönetmelik,https://www.resmigazete.gov.tr/eskiler/2005/08/20050806-8.htm
2005-08-06,— Kamu Görevlileri Sendikaları Kanunu Kapsamına Giren Kurum ve Kuruluşların Girdikleri Hizmet Kollarının Belirlenmesine İlişkin Yönetmelikte Değişiklik Yapılmasına Dair Yönetmelik,https://www.resmigazete.gov.tr/eskiler/2005/08/20050806-9.htm
2005-08-06,— Özelleştirme Fonu Yönetmeliğine Bazı Maddeler Eklenmesine Dair Yönetmelik,https://www.resmigazete.gov.tr/eskiler/2005/08/20050806-10.htm
2005-08-06,— Telekomünikasyon Kurumu Yayın Yönetmeliğinin Yürürlükten Kaldırılmasına İlişkin Yönetmelik,https://www.resmigazete.gov.tr/eskiler/2005/08/20050806-11.htm
2005-08-06,— İşkolu Tespit Kararı (No: 2005/36),https://www.resmigazete.gov.tr/eskiler/2005/08/20050806-12.htm
2005-08-06,— İşkolu Tespit Kararı (No: 2005/37),https://www.resmigazete.gov.tr/eskiler/2005/08/20050806-13.htm
2005-08-06,— İthalat: (2005/20) Sayılı Bazı Maddelerin İthalatının İzlenmesine İlişkin Tebliğde Değişiklik Yapılmasına İlişkin Tebliğ,https://www.resmigazete.gov.tr/eskiler/2005/08/20050806-14.htm
2005-08-06,"— Anayasa Mahkemesinin E: 2004/2 (Siyasi Parti-İhtar), K: 2005/4 Sayılı Kararı",https://www.resmigazete.gov.tr/eskiler/2005/08/20050806-15.htm
2005-08-07,2005/9165 Türkiye Cumhuriyeti Hükümeti Sağlık Bakanlığı ile Kosova Geçici Özyönetim Kurumları (Sağlık Bakanlığı) Adına Görev Yapan Birleşmiş Milletler Kosova Geçici Yönetimi Arasında Sağlık Alanında İşbirliği Anlaşması’nın Onaylanması Hakkında Karar,https://www.resmigazete.gov.tr/eskiler/2005/08/20050807-1.htm
2005-08-07,2005/9178 Türkiye-Arnavutluk Kara Ulaştırması Karma Komisyon Protokolü’nün Onaylanması Hakkında Karar,https://www.resmigazete.gov.tr/eskiler/2005/08/20050807-2.htm
2005-08-07,— Dış Ticarette Standardizasyon Tebliği (No: 2005/31),https://www.resmigazete.gov.tr/eskiler/2005/08/20050807-3.htm
2005-08-07,— Revize Edilen TS 5269 Prina Yağı Standardının Dış Ticarette Zorunlu Uygulamaya Konulmasına İlişkin Tebliğ (No: 2005/27),https://www.resmigazete.gov.tr/eskiler/2005/08/20050807-4.htm
2005-08-08,"2005/9182 Türkiye-Küba Ticaret, Ekonomik ve Sınai İşbirliği Karma Komisyonu VI. Dönem Protokolü’nün Onaylanması Hakkında Karar",https://www.resmigazete.gov.tr/eskiler/2005/08/20050808-1.htm
2005-08-08,— Dicle Üniversitesi Önlisans ve Lisans Eğitim-Öğretim ve Sınav Yönetmeliği,https://www.resmigazete.gov.tr/eskiler/2005/08/20050808-2.htm
2005-08-08,— Yargıtay 2. ve 18. Hukuk Dairelerine Ait 7 Adet Karar,https://www.resmigazete.gov.tr/eskiler/2005/08/20050808-3.htm
2005-08-09,2005/9214 Avrupa İmar ve Kalkınma Bankasının Kuruluş Anlaşması’nın 1 inci Maddesinde Yapılan Değişikliğin Onaylanması Hakkında Karar,https://www.resmigazete.gov.tr/eskiler/2005/08/20050809-1.htm
2005-08-09,2005/9167 134 Kişinin Türk Vatandaşlığının Kaybettirilmesi ve Bazı Kararnameler ile Türk Vatandaşlığı Kaybettirilen 12 Kişiye İlişkin Hükmün İptali Hakkında Karar,https://www.resmigazete.gov.tr/eskiler/2005/08/20050809-2.htm
2005-08-09,— Hakimler ve Savcılar Yüksek Kuruluna Ait Atama Kararı,https://www.resmigazete.gov.tr/eskiler/2005/08/20050809-3.htm
2005-08-09,— Sahte Banknotların İncelenmesi ve Değerlendirilmesinde Uyulacak Usul ve Esaslar Hakkında Yönetmelik,https://www.resmigazete.gov.tr/eskiler/2005/08/20050809-4.htm
2005-08-09,— Türk Silahlı Kuvvetleri İç Hizmet Yönetmeliğinde Değişiklik Yapılmasına Dair Yönetmelik,https://www.resmigazete.gov.tr/eskiler/2005/08/20050809-5.htm
2005-08-09,— Su Ürünleri Yönetmeliğinde Değişiklik Yapılmasına Dair Yönetmelik,https://www.resmigazete.gov.tr/eskiler/2005/08/20050809-6.htm
2005-08-09,— Zirai Karantina Yönetmeliğinde Değişiklik Yapılmasına Dair Yönetmelik,https://www.resmigazete.gov.tr/eskiler/2005/08/20050809-7.htm
2005-08-09,— Tüketicinin Satın Alacağı Ayakkabıların Temel Unsurlarının Yapımında Kullanılan Malzemelerin Etiketlenmesine Dair Yönetmelik,https://www.resmigazete.gov.tr/eskiler/2005/08/20050809-8.htm
2005-08-09,— Ankara Üniversitesi Yaz Dönemi Eğitim-Öğretim Yönetmeliğinde Değişiklik Yapılmasına Dair Yönetmelik,https://www.resmigazete.gov.tr/eskiler/2005/08/20050809-9.htm
2005-08-09,— İnönü Üniversitesi Tıp Fakültesi Öğretim ve Sınav Yönetmeliğinde Değişiklik Yapılmasına Dair Yönetmelik,https://www.resmigazete.gov.tr/eskiler/2005/08/20050809-10.htm
2005-08-09,— İnönü Üniversitesi Tıp Fakültesi İngilizce Hazırlık Eğitimi Yönetmeliğinde Değişiklik Yapılmasına Dair Yönetmelik,https://www.resmigazete.gov.tr/eskiler/2005/08/20050809-11.htm
2005-08-09,— Yatırımlarda Devlet Yardımları Hakkında Kararın Uygulanmasına İlişkin 2002/1 Sayılı Tebliğ'de Değişiklik Yapılmasına İlişkin Tebliğ (No: 2005/1),https://www.resmigazete.gov.tr/eskiler/2005/08/20050809-12.htm
2005-08-09,— Vergi İadesi Genel Tebliği (Seri No: 10),https://www.resmigazete.gov.tr/eskiler/2005/08/20050809-13.htm
2005-08-09,— Emlak Vergisi Kanunu Genel Tebliği (Seri No: 45),https://www.resmigazete.gov.tr/eskiler/2005/08/20050809-14.htm
2005-08-09,— Gelir Vergisi Genel Tebliği (Seri No: 256),https://www.resmigazete.gov.tr/eskiler/2005/08/20050809-15.htm
2005-08-09,"— Serbest Muhasebecilik,Serbest Muhasebeci Mali Müşavirlik ve Yeminli Mali Müşavirlik Kanunu Genel Tebliği (Sıra No: 38)",https://www.resmigazete.gov.tr/eskiler/2005/08/20050809-16.htm
2005-08-09,— Hazine Arazilerinin Tersane Yatırımlarına Tahsisinde Uygulanacak Esas ve Usullere İlişkin Tebliğde Değişiklik Yapılması Hakkında Tebliğ,https://www.resmigazete.gov.tr/eskiler/2005/08/20050809-17.htm
2005-08-09,— Mecburi Standardın Yürürlükten Kaldırılmasına Dair Tebliğ (No: ÖSG-2005/4),https://www.resmigazete.gov.tr/eskiler/2005/08/20050809-18.htm
2005-08-09,— Mecburi Standardın Yürürlükten Kaldırılmasına Dair Tebliğ (No: ÖSG-2005/15),https://www.resmigazete.gov.tr/eskiler/2005/08/20050809-19.htm
2005-08-10,"2005/9222 Telekomünikasyon Kurumu Kadrolarında Çalıştırılacakların Unvan, Sayı ve Nitelikleri, Hizmet Sözleşmesi ve Sözleşme Usul ve Esaslarında Değişiklik Yapılmasına Dair Esaslar Hakkında Karar",https://www.resmigazete.gov.tr/eskiler/2005/08/20050810-1.htm
2005-08-10,2005/9223 Telekomünikasyon Kurumuna Ait Dolu ve Boş Kadrolarda Ekli Cetvellerde Belirtildiği Şekilde Değişiklik Yapılması Hakkında Karar,https://www.resmigazete.gov.tr/eskiler/2005/08/20050810-2.htm
2005-08-10,"— Devlet Bakanı ve Başbakan Yardımcılığı, İçişleri, Maliye, Millî Eğitim, Bayındırlık ve İskan, Sağlık ile Tarım ve Köyişleri Bakanlıklarına Ait Atama Kararları",https://www.resmigazete.gov.tr/eskiler/2005/08/20050810-3.htm
2005-08-10,2005/9207 İşyeri Açma ve Çalışma Ruhsatlarına İlişkin Yönetmelik,https://www.resmigazete.gov.tr/eskiler/2005/08/20050810-4.htm
2005-08-10,— İşyeri Açma ve Çalışma Ruhsatlarına İlişkin Yönetmeliğin Yürürlükten Kaldırılmasına Dair Yönetmelik,https://www.resmigazete.gov.tr/eskiler/2005/08/20050810-5.htm
2005-08-10,— Gayri Sıhhi Müesseseler Yönetmeliğinin Yürürlükten Kaldırılmasına Dair Yönetmelik,https://www.resmigazete.gov.tr/eskiler/2005/08/20050810-6.htm
2005-08-10,— Özel Tüketim Vergisi Genel Tebliği (Seri No: 9),https://www.resmigazete.gov.tr/eskiler/2005/08/20050810-7.htm
2005-08-10,— Milli Emlak Genel Tebliği (Sıra No: 299),https://www.resmigazete.gov.tr/eskiler/2005/08/20050810-8.htm
2005-08-11,"2005/9219 İstanbul, Ataköy Turizm Kompleksinde Bulunan Galleria Ünitesinin C Blok 1 inci ve 2 nci Katlarındaki İlgili Bölümlerin, Kıyı Bankacılığı (off-shore bankacılığı) Faaliyetlerinin Yürütülmesi Amacıyla Serbest Bölge Olarak Belirlenmesine İlişkin 90/1210 Sayılı Bakanlar Kurulu Kararının Yürürlükten Kaldırılması Hakkında Karar",https://www.resmigazete.gov.tr/eskiler/2005/08/20050811-1.htm
2005-08-11,— Hakimler ve Savcılar Yüksek Kurulunca Yargıtay Üyeliklerine Seçilenler Hakkında Karar (No: 553),https://www.resmigazete.gov.tr/eskiler/2005/08/20050811-2.htm
2005-08-11,— Hakimler ve Savcılar Yüksek Kurulunca Danıştay Üyeliklerine Seçilenler Hakkında Karar (No: 554),https://www.resmigazete.gov.tr/eskiler/2005/08/20050811-3.htm
2005-08-11,— Millî Eğitim ile Ulaştırma Bakanlıklarına Ait Atama Kararları,https://www.resmigazete.gov.tr/eskiler/2005/08/20050811-4.htm
2005-08-11,"— Aile ve Sosyal Araştırmalar Genel Müdürlüğü Aile ve Sosyal Araştırma Uzman Yardımcılığı Giriş, Aile ve Sosyal Araştırma Uzmanlığı Yeterlik Sınavları ile Atama ve Yetiştirilmelerine Dair Yönetmelik",https://www.resmigazete.gov.tr/eskiler/2005/08/20050811-5.htm
2005-08-11,— Yataklı Tedavi Kurumları Enfeksiyon Kontrol Yönetmeliği,https://www.resmigazete.gov.tr/eskiler/2005/08/20050811-6.htm
2005-08-11,"— Bağ-Kur Sigortalılarının Ödemek Zorunda Bulundukları Primlerin Hesaplanması, Ödenmesi ve Tahsili Usulleri Hakkında Yönetmelik",https://www.resmigazete.gov.tr/eskiler/2005/08/20050811-7.htm
2005-08-11,— Türk Mühendis ve Mimar Odaları Birliği Ziraat Mühendisleri Odası Tarım Alet ve Makineleri Projelendirme Yetki Belgesi Yönetmeliği,https://www.resmigazete.gov.tr/eskiler/2005/08/20050811-8.htm
2005-08-11,"— 308 Sayılı Tohumlukların Tescil, Kontrol ve Sertifikasyonu Hakkında Kanuna Tabi Tohumluk Çeşitleri Hakkında Tebliğ (No: 2005/39)",https://www.resmigazete.gov.tr/eskiler/2005/08/20050811-9.htm
2005-08-12,"2005/9183 Türkiye Cumhuriyeti Hükümeti ile Oman Sultanlığı Hükümeti Arasında Uluslararası Terörizm,Uyuşturucu ve Psikotrop Madde Kaçakçılığı ve Örgütlü Suçlarla Mücadelede İşbirliği Anlaşması’nın Onaylanması Hakkında Karar",https://www.resmigazete.gov.tr/eskiler/2005/08/20050812-1.htm
2005-08-12,2005/9202 Türkiye-Makedonya Uluslararası Kara Ulaştırması Karma Komisyon Protokolü’nün Onaylanması Hakkında Karar,https://www.resmigazete.gov.tr/eskiler/2005/08/20050812-2.htm
2005-08-12,"— Maliye Bakanlığına, Devlet Bakanı ve Başbakan Yardımcısı Abdüllatif ŞENER’in Vekâlet Etmesine Dair Tezkere",https://www.resmigazete.gov.tr/eskiler/2005/08/20050812-3.htm
2005-08-12,2005/9142 Aile Hekimliği Pilot Uygulaması Kapsamında Sağlık Bakanlığınca Çalıştırılan Personele Yapılacak Ödemeler ve Sözleşme Şartları Hakkında Yönetmelik,https://www.resmigazete.gov.tr/eskiler/2005/08/20050812-4.htm
2005-08-12,2005/9218 Sulama Alanlarında Arazi Düzenlenmesine Dair Tarım Reformu Kanunu Uygulama Yönetmeliğinde Değişiklik Yapılmasına Dair Yönetmelik,https://www.resmigazete.gov.tr/eskiler/2005/08/20050812-5.htm
2005-08-12,"— Kadının Statüsü Genel Müdürlüğü Kadının Statüsü Uzman Yardımcılığı Giriş, Kadının Statüsü Uzmanlığı Yeterlik Sınavları ile Atama ve Yetiştirilmelerine Dair Yönetmelik",https://www.resmigazete.gov.tr/eskiler/2005/08/20050812-6.htm
2005-08-12,— Milli Eğitim Bakanlığı İlköğretim ve Orta Öğretim Kurumları Sosyal Etkinlikler Yönetmeliğinde Değişiklik Yapılmasına Dair Yönetmelik,https://www.resmigazete.gov.tr/eskiler/2005/08/20050812-7.htm
2005-08-12,— Beşeri Tıbbi Ürünler Ambalaj ve Etiketleme Yönetmeliği,https://www.resmigazete.gov.tr/eskiler/2005/08/20050812-8.htm
2005-08-12,"— Gemi ve Su Araçlarının İnşası, Tadilatı, Bakım-Onarımlarında Uygulanacak Usul ve Esaslara Dair Yönetmelikte Değişiklik Yapılmasına Dair Yönetmelik",https://www.resmigazete.gov.tr/eskiler/2005/08/20050812-9.htm
2005-08-12,— Tarım Reformu Genel Müdürlüğü Teftiş Kurulu Yönetmeliğinde Değişiklik Yapılmasına Dair Yönetmelik,https://www.resmigazete.gov.tr/eskiler/2005/08/20050812-10.htm
2005-08-12,— İşverenlerin Çalıştırdıkları İşçileri Çalışma ve Sosyal Güvenlik Bakanlığına ve Bölge Müdürlüğüne Bildirmeleri ile Sendika ve Konfederasyonlarca Düzenlenecek Üye Kayıt Fişleri ve Defterlerinin Şekli ve İçeriği Hakkında Yönetmelikte Değişiklik Yapılmasına Dair Yönetmelik,https://www.resmigazete.gov.tr/eskiler/2005/08/20050812-11.htm
2005-08-12,— Tekstil Ürünlerinin İsimlendirilmesine İlişkin Yönetmelik (97/37/AT ve 2004/34/AT ile Değişik 96/74/AT),https://www.resmigazete.gov.tr/eskiler/2005/08/20050812-12.htm
2005-08-12,— Sinematografik Ortak Yapımlar ve Türkiye’de Ticari Amaçlı Film Çekmek İsteyen Yerli ve Yabancı Yapımcılar Hakkında Yönetmelik,https://www.resmigazete.gov.tr/eskiler/2005/08/20050812-13.htm
2005-08-12,— İstanbul Üniversitesi Lisansüstü Eğitim ve Öğretim Yönetmeliği,https://www.resmigazete.gov.tr/eskiler/2005/08/20050812-14.htm
2005-08-12,— İşkolu Tespit Kararı (No: 2005/38),https://www.resmigazete.gov.tr/eskiler/2005/08/20050812-15.htm
2005-08-13,"— Milli Savunma Bakanlığına, İçişleri Bakanı AbdülkadirAKSU’nun Vekâlet Etmesine Dair Tezkere",https://www.resmigazete.gov.tr/eskiler/2005/08/20050813-1.htm
2005-08-13,— Öğretmenlik Kariyer Basamaklarında Yükselme Yönetmeliği,https://www.resmigazete.gov.tr/eskiler/2005/08/20050813-2.htm
2005-08-13,"— Tarımda Kendi Adına ve Hesabına Çalışanlar Sosyal Sigortalar Kanununa Göre Malullük, Yaşlılık ve Ölüm Sigortalarından Yapılacak Tahsislerde Başvurma Şekilleri ile Aylıkların Ödenme Usul ve Esasları Hakkında Yönetmeliğin Yürürlükten Kaldırılmasına Dair Yönetmelik",https://www.resmigazete.gov.tr/eskiler/2005/08/20050813-3.htm
2005-08-13,"— Tarımda İsteğe Bağlı Sigortalılık, Prim Ödeme Usul ve Esasları Hakkında Yönetmeliğin Yürürlükten Kaldırılmasına Dair Yönetmelik",https://www.resmigazete.gov.tr/eskiler/2005/08/20050813-4.htm
2005-08-13,— Bağ-Kur Sigorta Yardımları İşlemleri Yönetmeliği,https://www.resmigazete.gov.tr/eskiler/2005/08/20050813-5.htm
2005-08-13,— Organize Sanayi Bölgeleri Uygulama Yönetmeliğinde Değişiklik Yapılmasına Dair Yönetmelik,https://www.resmigazete.gov.tr/eskiler/2005/08/20050813-6.htm
2005-08-13,— Borsa Dışı Teşkilatlanmış Menkul Kıymetler Piyasalarının Kuruluş ve Çalışma Esasları Hakkında Yönetmelikte Değişiklik Yapılmasına Dair Yönetmelik,https://www.resmigazete.gov.tr/eskiler/2005/08/20050813-7.htm
2005-08-13,— Bankaların Kuruluş ve Faaliyetleri Hakkında Yönetmelikte Değişiklik Yapılmasına Dair Yönetmelik,https://www.resmigazete.gov.tr/eskiler/2005/08/20050813-8.htm
2005-08-14,"— Enerji ve Tabii Kaynaklar Bakanlığına, Ulaştırma Bakanı Binali YILDIRIM’ın Vekâlet Etmesine Dair Tezkere",https://www.resmigazete.gov.tr/eskiler/2005/08/20050814-1.htm
2005-08-14,— Toprak Mahsulleri Ofisi Genel Müdürlüğü Personeli Görevde Yükselme ve Unvan Değişikliği Yönetmeliği,https://www.resmigazete.gov.tr/eskiler/2005/08/20050814-2.htm
2005-08-14,— Adnan Menderes Üniversitesi Ön Lisans ve Lisans Eğitim-Öğretim ve Sınav Yönetmeliğinde Değişiklik Yapılmasına Dair Yönetmelik,https://www.resmigazete.gov.tr/eskiler/2005/08/20050814-3.htm
2005-08-14,— Balıkesir Üniversitesi Önlisans ve Lisans Eğitim–Öğretim ve Sınav Yönetmeliğinde Değişiklik Yapılmasına Dair Yönetmelik,https://www.resmigazete.gov.tr/eskiler/2005/08/20050814-4.htm
2005-08-14,— Balıkesir Üniversitesi Lisansüstü Eğitim ve Öğretim Yönetmeliğinde Değişiklik Yapılmasına Dair Yönetmelik,https://www.resmigazete.gov.tr/eskiler/2005/08/20050814-5.htm
2005-08-14,"— Balıkesir Üniversitesi Diploma, Diploma Defteri, Mezuniyet Belgesi ile Diğer Belgelerin Düzenlenmesine İlişkin Yönetmelikte Değişiklik Yapılmasına Dair Yönetmelik",https://www.resmigazete.gov.tr/eskiler/2005/08/20050814-6.htm
2005-08-14,— Karadeniz Teknik Üniversitesi Sağlık Yüksekokulları Lisans Eğitim-Öğretim ve Sınav Yönetmeliğinde Değişiklik Yapılmasına Dair Yönetmelik,https://www.resmigazete.gov.tr/eskiler/2005/08/20050814-7.htm
2005-08-14,— Marmara Üniversitesi Önlisans ve Lisans Eğitim-Öğretim ve Sınav Yönetmeliğinde Değişiklik Yapılmasına Dair Yönetmelik,https://www.resmigazete.gov.tr/eskiler/2005/08/20050814-8.htm
2005-08-14,— Mersin Üniversitesi Mersin Meslek Yüksekokulu Endüstriye Dayalı Öğretim Yönetmeliğinin Yürürlükten Kaldırılmasına Dair Yönetmelik,https://www.resmigazete.gov.tr/eskiler/2005/08/20050814-9.htm
2005-08-15,— Afyon Kocatepe Üniversitesi Yabancı Dil Hazırlık Sınıfı Eğitim-Öğretim ve Sınav Yönetmeliğinde Değişiklik Yapılmasına Dair Yönetmelik,https://www.resmigazete.gov.tr/eskiler/2005/08/20050815-1.htm
2005-08-15,— Cumhuriyet Üniversitesi Tıp Fakültesi Eğitim-Öğretim ve Sınav Yönetmeliği,https://www.resmigazete.gov.tr/eskiler/2005/08/20050815-2.htm
2005-08-15,— Orta Doğu Teknik Üniversitesi İnsan Hakları ve Güvenliği Uluslararası Araştırma ve Uygulama Merkezi Yönetmeliği,https://www.resmigazete.gov.tr/eskiler/2005/08/20050815-3.htm
2005-08-15,— 2005 Yılı Temmuz Ayına Ait Dahilde İşleme İzin Belgelerinin (D1) Listesi,https://www.resmigazete.gov.tr/eskiler/2005/08/20050815-4.xls
2005-08-15,— 2005 Yılı Temmuz Ayına Ait Yurt İçi Satış ve Teslim Belgelerinin (D3) Listesi,https://www.resmigazete.gov.tr/eskiler/2005/08/20050815-5.xls
2005-08-15,— 2005 Yılı Temmuz Ayına Ait Hariçte İşleme İzin Belgelerinin (H) Listesi,https://www.resmigazete.gov.tr/eskiler/2005/08/20050815-6.xls
2005-08-15,"— 2005 Yılı Temmuz Ayına Ait Vergi, Resim ve Harç İstisnası Belgelerinin (Y) Listesi",https://www.resmigazete.gov.tr/eskiler/2005/08/20050815-7.xls
2005-08-15,— Firma Talebine İstinaden İptal Edilen Dahilde İşleme İzin Belgeleri Listesi,https://www.resmigazete.gov.tr/eskiler/2005/08/20050815-8.xls
2005-08-15,— Re’sen Kapatılan Dahilde İşleme İzin Belgeleri Listesi,https://www.resmigazete.gov.tr/eskiler/2005/08/20050815-9.xls
2005-08-16,2005/9220 “2005-2006 Öğretim Yılında Yükseköğretim Kurumlarında Cari Hizmet Maliyetlerine Öğrenci Katkısı Olarak Alınacak Katkı Payları ile İkinci Öğretim Ücretlerinin Tespitine Dair Esaslar”ın Yürürlüğe Konulması Hakkında Karar,https://www.resmigazete.gov.tr/eskiler/2005/08/20050816-1.htm
2005-08-16,"— Devlet Bakanı Ali BABACAN’a, Devlet Bakanı Beşir ATALAY’ın Vekâlet Etmesine Dair Tezkere",https://www.resmigazete.gov.tr/eskiler/2005/08/20050816-2.htm
2005-08-16,— Kültür Yatırım ve Girişimlerinin Nitelikleri ve Nicelikleri Yönetmeliği,https://www.resmigazete.gov.tr/eskiler/2005/08/20050816-3.htm
2005-08-16,— Dicle Üniversitesi Hukuk Fakültesi Eğitim-Öğretim ve Sınav Yönetmeliği,https://www.resmigazete.gov.tr/eskiler/2005/08/20050816-4.htm
2005-08-16,— İş Kolu Tespit Kararı (No: 2005/39),https://www.resmigazete.gov.tr/eskiler/2005/08/20050816-5.htm
2005-08-16,— Gümrük Genel Tebliğinde Değişiklik Yapılmasına Dair Tebliğ (Seri No: 40),https://www.resmigazete.gov.tr/eskiler/2005/08/20050816-6.htm
2005-08-16,— Özelleştirme Yüksek Kurulunun 2005/92 Sayılı Kararı,https://www.resmigazete.gov.tr/eskiler/2005/08/20050816-7.htm
2005-08-16,— Özelleştirme Yüksek Kurulunun 2005/95 Sayılı Kararı,https://www.resmigazete.gov.tr/eskiler/2005/08/20050816-8.htm
2005-08-16,— Denizlerde ve İçsularda Ticari Amaçlı Su Ürünleri Avcılığını Düzenleyen 2004-2006 Av Dönemine Ait 36/1 Numaralı Sirkülerde Değişiklik Yapılmasına Dair Ek Sirküler,https://www.resmigazete.gov.tr/eskiler/2005/08/20050816-9.htm
2005-08-16,— Denizlerde ve İçsularda Amatör (Sportif) Amaçlı Su Ürünleri Avcılığını Düzenleyen 36/2 Numaralı Sirkülerde Değişiklik Yapılmasına Dair Ek Sirküler,https://www.resmigazete.gov.tr/eskiler/2005/08/20050816-10.htm
2005-08-17,"— Devlet Bakanı ve Başbakan Yardımcılığı ile Millî Savunma, İçişleri ve Millî Eğitim Bakanlıklarına Ait Atama Kararları",https://www.resmigazete.gov.tr/eskiler/2005/08/20050817-1.htm
2005-08-17,"— Mersin Üniversitesi Devlet Konservatuvarı Yarı Zamanlı İlköğretim, Tam Zamanlı Lise Devresi Eğitim-Öğretim ve Sınav Yönetmeliğinin Yürürlükten Kaldırılmasına Dair Yönetmelik",https://www.resmigazete.gov.tr/eskiler/2005/08/20050817-2.htm
2005-08-17,— Süleyman Demirel Üniversitesi Sürekli Eğitim Araştırma ve Uygulama Merkezi Yönetmeliği,https://www.resmigazete.gov.tr/eskiler/2005/08/20050817-3.htm
2005-08-17,— İş Kolu Tespit Kararı (No: 2005/40),https://www.resmigazete.gov.tr/eskiler/2005/08/20050817-4.htm
2005-08-18,— Türk Mühendis ve Mimar Odaları Birliği Jeofizik Mühendisleri Odası Ana Yönetmeliğinde Değişiklik Yapılmasına Dair Yönetmelik,https://www.resmigazete.gov.tr/eskiler/2005/08/20050818-1.htm
2005-08-18,— Afyon Kocatepe Üniversitesi Deney Hayvanları Araştırma ve Uygulama Merkezi Yönetmeliği,https://www.resmigazete.gov.tr/eskiler/2005/08/20050818-2.htm
2005-08-18,"— Karadeniz Teknik Üniversitesi Önlisans ve Lisans Eğitim-Öğretim, Sınav, Değerlen-dirme ve Öğrenci İşleri Yönetmeliği",https://www.resmigazete.gov.tr/eskiler/2005/08/20050818-3.htm
2005-08-19,2005/9180 Bakanlıklararası Ortak Kültür Komisyonunun Çalışma Esas ve Usulleri ile Bu Komis-yon Tarafından Yurtdışında Görevlendirilecek Personelin Nitelikleri ile Hak ve Yü-kümlülüklerinin Belirlenmesine İlişkin Kararda Değişiklik Yapılmasına Dair Karar,https://www.resmigazete.gov.tr/eskiler/2005/08/20050819-1.htm
2005-08-19,2005/9227 8/1/2002 Tarihli ve 4736 Sayılı Kanunun 1 inci Maddesinin Birinci Fıkrası Hükmünden Muaf Tutulacakların Tespitine Dair 28/1/2002 Tarihli ve 2002/3654 Sayılı Karar-namenin Eki Kararda Değişiklik Yapılmasına İlişkin Karar,https://www.resmigazete.gov.tr/eskiler/2005/08/20050819-2.htm
2005-08-19,"— Devlet, Maliye, Millî Eğitim, Sağlık, Ulaştırma, Sanayi ve Ticaret ile Kültür ve Turizm Bakan-lıklarına Ait Atama Kararları",https://www.resmigazete.gov.tr/eskiler/2005/08/20050819-3.htm
2005-08-19,— Çay Bahçesi Ruhsatlarının Yeniden Düzenlenmesinde Uygulanacak Esaslar Hakkında Yönetme-likte Değişiklik Yapılmasına Dair Yönetmelik,https://www.resmigazete.gov.tr/eskiler/2005/08/20050819-4.htm
2005-08-19,— Türkiye Barolar Birliği Avukatlık Kanunu Yönetmeliğinde Değişiklik Yapılmasına Dair Yönetmelik,https://www.resmigazete.gov.tr/eskiler/2005/08/20050819-5.htm
2005-08-19,— Dokuz Eylül Üniversitesi Yabancı Diller Yüksekokulu Hazırlık Eğitim-Öğretim Yönetmeliği,https://www.resmigazete.gov.tr/eskiler/2005/08/20050819-6.htm
2005-08-20,— İçişleri Bakanlığına Ait Atama Kararı,https://www.resmigazete.gov.tr/eskiler/2005/08/20050820-1.htm
2005-08-20,— Hâkimler ve Savcılar Yüksek Kuruluna Ait Karar,https://www.resmigazete.gov.tr/eskiler/2005/08/20050820-2.htm
2005-08-20,— Yetiştirme Yurtlarının Kuruluş ve İşleyişine İlişkin Yönetmelikte Değişiklik Yapılmasına Dair Yönetmelik,https://www.resmigazete.gov.tr/eskiler/2005/08/20050820-3.htm
2005-08-20,— Sosyal Hizmetler ve Çocuk Esirgeme Kurumu Çocuk Yuvaları Yönetmeliğinde Değişiklik Yapılmasına Dair Yönetmelik,https://www.resmigazete.gov.tr/eskiler/2005/08/20050820-4.htm
2005-08-20,— Seyir Halindeki Gemilerde Daha İyi Tıbbi Hizmet Verilmesi İçin Gerekli Asgari Sağlık ve Güvenlik Koşulları Hakkında Yönetmelikte Değişiklik Yapılmasına Dair Yönetmelik,https://www.resmigazete.gov.tr/eskiler/2005/08/20050820-5.htm
2005-08-20,— Orman Genel Müdürlüğü Personeli Görevde Yükselme ve Unvan Değişikliği Yönetmeliği,https://www.resmigazete.gov.tr/eskiler/2005/08/20050820-6.htm
2005-08-20,— Milli Emlak Genel Tebliği (Sıra No: 301),https://www.resmigazete.gov.tr/eskiler/2005/08/20050820-7.htm
2005-08-20,— Çin Halk Cumhuriyeti Menşeli Malların İthalatında Korunma Önlemlerine İlişkin Tebliğ (No: 2005/1),https://www.resmigazete.gov.tr/eskiler/2005/08/20050820-8.htm
2005-08-20,— İthalatta Haksız Rekabetin Önlenmesine İlişkin Tebliğ (No: 2005/18),https://www.resmigazete.gov.tr/eskiler/2005/08/20050820-9.htm
2005-08-20,— İthalatta Haksız Rekabetin Önlenmesine İlişkin Tebliğ (No: 2005/19),https://www.resmigazete.gov.tr/eskiler/2005/08/20050820-10.htm
2005-08-20,— İthalat: (2005/20) Sayılı Bazı Maddelerin İthalatının İzlenmesine İlişkin Tebliğ'de Değişiklik Yapılmasına İlişkin Tebliğ,https://www.resmigazete.gov.tr/eskiler/2005/08/20050820-11.htm
2005-08-20,— 2004/30 Sayılı İthalatta Haksız Rekabetin Önlenmesine İlişkin Tebliğ'de Değişiklik Yapılmasına İlişkin Tebliğ,https://www.resmigazete.gov.tr/eskiler/2005/08/20050820-12.htm
2005-08-21,— Sosyal Yardımlaşma ve Dayanışma Genel Müdürlüğü Sicil Amirleri Yönetmeliği,https://www.resmigazete.gov.tr/eskiler/2005/08/20050821-1.htm
2005-08-21,— Sosyal Yardımlaşma ve Dayanışma Genel Müdürlüğü Disiplin Amirleri Yönetmeliği,https://www.resmigazete.gov.tr/eskiler/2005/08/20050821-2.htm
2005-08-21,— Sosyal Yardımlaşma ve Dayanışmayı Teşvik Fonu Kurulunun Çalışma Usul ve Esasları Hakkında Yönetmelik,https://www.resmigazete.gov.tr/eskiler/2005/08/20050821-3.htm
2005-08-21,"— Sosyal Yardım Uzman Yardımcılığı ve Sosyal Yardım Uzmanlığı Sınav, Atama, Görev, Yetki, Çalışma Usul ve Esasları Hakkında Yönetmelik",https://www.resmigazete.gov.tr/eskiler/2005/08/20050821-4.htm
2005-08-21,— Mezbaha ve Kombinalarda Sağlıklı Üretimi Teşvik Amacıyla Çalışacak Veteriner Hekimlerin Desteklenmesine Dair Uygulama Tebliğinde Değişiklik Yapılmasına Dair Tebliğ (No: 2005/41),https://www.resmigazete.gov.tr/eskiler/2005/08/20050821-5.htm
2005-08-22,— Kültür ve Turizm Bakanlığı Personeli Görevde Yükselme ve Unvan Değişikliği Yönetmeliği,https://www.resmigazete.gov.tr/eskiler/2005/08/20050822-1.htm
2005-08-22,— Dicle Üniversitesi Doğal Afetler Araştırma ve Uygulama Merkezi Yönetmeliği,https://www.resmigazete.gov.tr/eskiler/2005/08/20050822-2.htm
2005-08-22,— Dumlupınar Üniversitesi Lisansüstü Eğitim ve Öğretim Yönetmeliğinde Değişiklik Yapılmasına Dair Yönetmelik,https://www.resmigazete.gov.tr/eskiler/2005/08/20050822-3.htm
2005-08-22,— İzmir Ekonomi Üniversitesi Öğrenci Kayıt-Kabul İşleri Yönetmeliğinde Değişiklik Yapılmasına Dair Yönetmelik,https://www.resmigazete.gov.tr/eskiler/2005/08/20050822-4.htm
2005-08-22,— Ondokuzmayıs Üniversitesi Lisansüstü Eğitim–Öğretim Yönetmeliği,https://www.resmigazete.gov.tr/eskiler/2005/08/20050822-5.htm
2005-08-22,— Marmara Üniversitesi Epilepsi Araştırma ve Uygulama Merkezi Yönetmeliği,https://www.resmigazete.gov.tr/eskiler/2005/08/20050822-6.htm
2005-08-22,— Uludağ Üniversitesi Lisansüstü Eğitim ve Öğretim Yönetmeliğinde Değişiklik Yapılmasına Dair Yönetmelik,https://www.resmigazete.gov.tr/eskiler/2005/08/20050822-7.htm
2005-08-22,— Yıldız Teknik Üniversitesi Vedat Kosal Müzik Uygulama ve Araştırma Merkezi Yönetmeliği,https://www.resmigazete.gov.tr/eskiler/2005/08/20050822-8.htm
2005-08-23,"— Türkiye Adalet Akademisi Danışma Kurulları ve Komisyonlarının Kuruluş, Çalışma Usul ve Esaslarına Dair Yönetmelik",https://www.resmigazete.gov.tr/eskiler/2005/08/20050823-1.htm
2005-08-23,— Polis Koleji Öğrencileri Kıyafet ve İstihkak Yönetmeliğinde Değişiklik Yapılmasına Dair Yönetmelik,https://www.resmigazete.gov.tr/eskiler/2005/08/20050823-2.htm
2005-08-23,— Tekel Ürünleri Toptan Satıcılığına Dair Yönetmelik,https://www.resmigazete.gov.tr/eskiler/2005/08/20050823-3.htm
2005-08-23,— Türkiye Denizcilik İşletmeleri A.Ş. Genel Müdürlüğü Mal Alımı İhaleleri Uygulama Yönetmeliğinde Değişiklik Yapılmasına Dair Yönetmelik,https://www.resmigazete.gov.tr/eskiler/2005/08/20050823-4.htm
2005-08-23,— Türkiye Denizcilik İşletmeleri A.Ş. Genel Müdürlüğü Hizmet Alımı İhaleleri Uygulama Yönetmeliğinde Değişiklik Yapılmasına Dair Yönetmelik,https://www.resmigazete.gov.tr/eskiler/2005/08/20050823-5.htm
2005-08-23,— Köy Bazlı Katılımcı Yatırım Programlarının Desteklenmesi Yönetmeliği,https://www.resmigazete.gov.tr/eskiler/2005/08/20050823-6.htm
2005-08-23,— Trakya Üniversitesi Öğretim Üyelerinin Akademik Kıyafet Yönetmeliğinde Değişiklik Yapılmasına Dair Yönetmelik,https://www.resmigazete.gov.tr/eskiler/2005/08/20050823-7.htm
2005-08-23,— Ondokuzmayıs Üniversitesi Eğitim-Öğretim ve Sınav Yönetmeliği,https://www.resmigazete.gov.tr/eskiler/2005/08/20050823-8.htm
2005-08-24,— Zirai Karantina Fümigasyon Yönetmeliği,https://www.resmigazete.gov.tr/eskiler/2005/08/20050824-1.htm
2005-08-24,— Elektrik İşleri Etüt İdaresi Genel Müdürlüğü Disiplin Amirleri Yönetmeliği,https://www.resmigazete.gov.tr/eskiler/2005/08/20050824-2.htm
2005-08-24,"— Tütün Mamulleri, Alkol ve Alkollü İçkilerin Toptan ve Perakende Satışı ile Satış Belgelerine İlişkin Yönetmelikte Değişiklik Yapılmasına Dair Yönetmelik",https://www.resmigazete.gov.tr/eskiler/2005/08/20050824-3.htm
2005-08-24,— Türk Mühendis ve Mimar Odaları Birliği Maden Mühendisleri Odası Ana Yönetmeliği,https://www.resmigazete.gov.tr/eskiler/2005/08/20050824-4.htm
2005-08-24,— Elektrik Piyasası Serbest Tüketici Yönetmeliğinde Değişiklik Yapılmasına Dair Yönetmelik,https://www.resmigazete.gov.tr/eskiler/2005/08/20050824-5.htm
2005-08-24,— Elektrik Piyasası Dağıtım Yönetmeliğinde Değişiklik Yapılmasına Dair Yönetmelik,https://www.resmigazete.gov.tr/eskiler/2005/08/20050824-6.htm
2005-08-25,— Millî Eğitim Bakanlığı İlköğretim ve Orta Öğretim Kurumları Sosyal Etkinlikler Yönetmeliğinde Değişiklik Yapılmasına Dair Yönetmelik,https://www.resmigazete.gov.tr/eskiler/2005/08/20050825-1.htm
2005-08-25,— Millî Eğitim Bakanlığı Anadolu Liseleri Yönetmeliğinde Değişiklik Yapılmasına Dair Yönetmelik,https://www.resmigazete.gov.tr/eskiler/2005/08/20050825-2.htm
2005-08-25,— Millî Eğitim Bakanlığı Anadolu Öğretmen Liseleri Yönetmeliğinde Değişiklik Yapılmasına Dair Yönetmelik,https://www.resmigazete.gov.tr/eskiler/2005/08/20050825-3.htm
2005-08-25,— Millî Eğitim Bakanlığı Yabancı Dil Ağırlıklı Liseler Yönetmeliğinde Değişiklik Yapılmasına Dair Yönetmelik,https://www.resmigazete.gov.tr/eskiler/2005/08/20050825-4.htm
2005-08-25,— Millî Eğitim Bakanlığı Anadolu İmam-Hatip Liseleri Yönetmeliğinde Değişiklik Yapılmasına Dair Yönetmelik,https://www.resmigazete.gov.tr/eskiler/2005/08/20050825-5.htm
2005-08-25,— Harran Üniversitesi Ata Su Ürünleri Araştırma ve Uygulama Merkezi Yönetmeliği,https://www.resmigazete.gov.tr/eskiler/2005/08/20050825-6.htm
2005-08-25,— İşkolu Tespit Kararı (No: 2005/41),https://www.resmigazete.gov.tr/eskiler/2005/08/20050825-7.htm
2005-08-26,2005/9281 4760 Sayılı Özel Tüketim Vergisi Kanunu ile İlgili Kararın Yürürlüğe Konulması Hakkında Karar,https://www.resmigazete.gov.tr/eskiler/2005/08/20050826-1.htm
2005-08-26,— Hâkimler ve Savcılar Yüksek Kuruluna Ait Karar,https://www.resmigazete.gov.tr/eskiler/2005/08/20050826-2.htm
2005-08-26,— Türk Silahlı Kuvvetleri İç Hizmet Yönetmeliğinde Değişiklik Yapılmasına Dair Yönetmelik,https://www.resmigazete.gov.tr/eskiler/2005/08/20050826-3.htm
2005-08-26,"— Emekli ve Malullük Aylığı Bağlanmış Olanlarla, Bunların Kanunen Bakmakla Yükümlü Bulundukları Aile Fertleri,Dul ve Yetim Aylığı Alanların Muayene ile Tedavileri Hakkında Yönetmelikte Değişiklik Yapılmasına Dair Yönetmelik",https://www.resmigazete.gov.tr/eskiler/2005/08/20050826-4.htm
2005-08-26,— İthalatta Haksız Rekabetin Önlenmesine İlişkin Tebliğ (2005/20),https://www.resmigazete.gov.tr/eskiler/2005/08/20050826-5.htm
2005-08-26,— İthalatta Haksız Rekabetin Önlenmesine İlişkin Tebliğ (2005/21),https://www.resmigazete.gov.tr/eskiler/2005/08/20050826-6.htm
2005-08-27,"— Devlet Bakanı Nimet ÇUBUKÇU’ya, Devlet Bakanı ve Başbakan Yardımcısı Mehmet Ali ŞAHİN’in Vekâlet Etmesine Dair Tezkere",https://www.resmigazete.gov.tr/eskiler/2005/08/20050827-1.htm
2005-08-27,— İthalatta Kota ve Tarife Kontenjanı İdaresine İlişkin Tebliğ (No: 2005/6),https://www.resmigazete.gov.tr/eskiler/2005/08/20050827-2.htm
2005-08-27,— İthalatta Gözetim Uygulanmasına İlişkin Tebliğ (No: 2005/16),https://www.resmigazete.gov.tr/eskiler/2005/08/20050827-3.htm
2005-08-27,— İthalatta Gözetim ve Korunma Önlemlerine İlişkin 2003/17 Sayılı Tebliğde Değişiklik Yapılması Hakkında Tebliğ,https://www.resmigazete.gov.tr/eskiler/2005/08/20050827-4.htm
2005-08-27,— İthalatta Gözetim ve Korunma Önlemlerine İlişkin 2004/5 Sayılı Tebliğde Değişiklik Yapılmasına İlişkin Tebliğ,https://www.resmigazete.gov.tr/eskiler/2005/08/20050827-5.htm
2005-08-27,— İthalatta Gözetim Uygulanmasına İlişkin 2004/13 Sayılı Tebliğ’de Değişiklik Yapılması Hakkında Tebliğ,https://www.resmigazete.gov.tr/eskiler/2005/08/20050827-6.htm
2005-08-28,"— Devlet Bakanı Beşir ATALAY’a, Devlet Bakanı Ali BABACAN’ın Vekâlet Etmesine Dair Tezkere",https://www.resmigazete.gov.tr/eskiler/2005/08/20050828-1.htm
2005-08-28,— Milli Güvenlik Kurulu Genel Sekreterliği Görevde Yükselme ve Unvan Değişikliği Yönetmeliği,https://www.resmigazete.gov.tr/eskiler/2005/08/20050828-2.htm
2005-08-28,"— Yüzüncü Yıl Üniversitesi Önlisans, Lisans Öğretim ve Sınav Yönetmeliğinde Değişiklik Yapılmasına Dair Yönetmelik",https://www.resmigazete.gov.tr/eskiler/2005/08/20050828-3.htm
2005-08-28,— Gümrük Genel Tebliği (Yurt Dışına Çıkış Tahdidi) (Seri No: 1),https://www.resmigazete.gov.tr/eskiler/2005/08/20050828-4.htm
2005-08-29,— İstanbul Teknik Üniversitesi Türk Musikisi Devlet Konservatuvarı Lisans Eğitim ve Öğretim Yönetmeliği,https://www.resmigazete.gov.tr/eskiler/2005/08/20050829-1.htm
2005-08-30,22/6/1927 tarihli ve 5235 sayılı Bakanlar Kurulu Kararı ile yürürlüğe konulan Resmî Gazete'nin Sureti Neşir ve Muamelatının Tarzı İcrasına Dair Yönetmelik uyarınca bugün Resmî Gazete yayımlanmamıştır.,https://www.resmigazete.gov.tr/2011%20Resmi%20Gazeteleri/01%20OCAK%20AYI%20RESMİ%20GAZETELERİ/01012011/20110101-1.htm
2005-08-31,2005/9230 Çevre Amaçlı Tarımsal Arazilerin Korunması Programını Tercih Eden Üreticilerin Desteklenmesine Dair Karar,https://www.resmigazete.gov.tr/eskiler/2005/08/20050831-1.htm
2005-08-31,2005/9262 İthalat Rejimi Kararına Ek Karar,https://www.resmigazete.gov.tr/eskiler/2005/08/20050831-2.htm
2005-08-31,2005/9266 193 Sayılı Gelir Vergisi Kanununun 94 üncü Maddesinde Yer Alan Tevkifat Nispetleri Hakkındaki 30/12/1993 Tarihli ve 93/5148 Sayılı Kararnamenin Eki Karar'da Değişiklik Yapılmasına İlişkin Karar,https://www.resmigazete.gov.tr/eskiler/2005/08/20050831-3.htm
2005-08-31,— Millî Eğitim Bakanlığına Ait Atama Kararı,https://www.resmigazete.gov.tr/eskiler/2005/08/20050831-4.htm
2005-08-31,— Sınır Tespitine Dair Karar,https://www.resmigazete.gov.tr/eskiler/2005/08/20050831-5.htm
2005-08-31,2005/9246 Devlet Memurlarının Yer Değiştirme Suretiyle Atanmalarına İlişkin Yönetmelikte Değişiklik Yapılmasına Dair Yönetmelik,https://www.resmigazete.gov.tr/eskiler/2005/08/20050831-6.htm
2005-08-31,"— Büyükşehir Belediyeleri, Belediyeler ve Bunlara Bağlı Kuruluşlar ile Sermayesinin Yüzde Ellisinden Fazlası Büyükşehir Belediyelerine/Belediyelere Ait Şirketlerin Kamu Kurum ve Kuruluşlarından Olan Kamu ve Özel Hukuka Tabi Alacakları ile Bunların Diğer Kamu Kurum ve Kuruluşlarına Olan Borçları Hakkında Takas, Mahsup ve Kesinti İşlemleri Genel Tebliği (No: 2005/3)",https://www.resmigazete.gov.tr/eskiler/2005/08/20050831-7.htm
2005-08-31,— Özelleştirme Yüksek Kurulunun 2005/102 Sayılı Kararı,https://www.resmigazete.gov.tr/eskiler/2005/08/20050831-8.htm
2005-09-01,2005/9280 Bazı Alanların Turizm Merkezi ve Kültür ve Turizm Koruma ve Gelişim Bölgesi Olarak İlanı Hakkında Karar,https://www.resmigazete.gov.tr/eskiler/2005/09/20050901-1.htm
2005-09-01,"— Başbakanlığa, Devlet Bakanı ve Başbakan Yardımcısı Abdüllatif ŞENER’in Vekâlet Etmesine Dair Tezkere",https://www.resmigazete.gov.tr/eskiler/2005/09/20050901-2.htm
2005-09-01,"— Dışişleri Bakanlığı ve Başbakan Yardımcılığına, Milli Savunma Bakanı M. Vecdi GÖNÜL’ün Vekâlet Etmesine Dair Tezkere",https://www.resmigazete.gov.tr/eskiler/2005/09/20050901-3.htm
2005-09-01,"— Tarım ve Köyişleri Bakanlığına, Bayındırlık ve İskan Bakanı Faruk Nafiz ÖZAK’ın Vekâlet Etmesine Dair Tezkere",https://www.resmigazete.gov.tr/eskiler/2005/09/20050901-4.htm
2005-09-01,— Kahramanmaraş Sütçü İmam Üniversitesi Önlisans - Lisans Eğitim-Öğretim ve Sınav Yönetmeliği,https://www.resmigazete.gov.tr/eskiler/2005/09/20050901-5.htm
2005-09-02,2005/9228 Antalya İli Sınırları İçerisinde Bulunan Beydağları Sahil Milli Parkı’nın Sınırlarının Değiştirilmesi Hakkında Karar,https://www.resmigazete.gov.tr/eskiler/2005/09/20050902-1.htm
2005-09-02,2005/9234 Devlet Su İşleri Genel Müdürlüğünün Taşra Teşkilatında Yer Alan Bazı Birimlerin Kaldırılması Hakkında Karar,https://www.resmigazete.gov.tr/eskiler/2005/09/20050902-2.htm
2005-09-02,2005/9245 Sözleşmeli Personel Çalıştırılmasına İlişkin Esaslarda Değişiklik Yapılmasına Dair Esaslar’ın Yürürlüğe Konulması Hakkında Karar,https://www.resmigazete.gov.tr/eskiler/2005/09/20050902-3.htm
2005-09-02,2005/9250 4736 Sayılı Kanunun 1 inci Maddesinin Birinci Fıkrası Hükmünden Muaf Tutulacakların Tespitine Dair 2002/3654 Sayılı Kararnamenin Eki Kararda Değişiklik Yapılmasına İlişkin Karar,https://www.resmigazete.gov.tr/eskiler/2005/09/20050902-4.htm
2005-09-02,2005/9252 Gelir İdaresi Başkanlığına Ait Boş Kadrolarda Değişiklik Yapılması Hakkında Karar,https://www.resmigazete.gov.tr/eskiler/2005/09/20050902-5.htm
2005-09-02,2005/9254 Bazı Yerlerin Uygulama Alanı Olarak Tespiti Hakkında Karar,https://www.resmigazete.gov.tr/eskiler/2005/09/20050902-6.htm
2005-09-02,2005/9257 Türk Telekomünikasyon A.Ş. Genel Müdürlüğünde Kullanılmak Üzere Bazı Pozisyonların İhdası Hakkında Karar,https://www.resmigazete.gov.tr/eskiler/2005/09/20050902-7.htm
2005-09-02,2005/9263 4736 Sayılı Kanunun 1 inci Maddesinin Birinci Fıkrası Hükmünden Muaf Tutulacakların Tespitine Dair 2002/3654 Sayılı Kararnamenin Eki Kararda Değişiklik Yapılmasına İlişkin Karar,https://www.resmigazete.gov.tr/eskiler/2005/09/20050902-8.htm
2005-09-02,"— Devlet Bakanı Kürşad TÜZMEN’e, Sanayi ve Ticaret Bakanı Ali COŞKUN’un Vekâlet Etmesine Dair Tezkere",https://www.resmigazete.gov.tr/eskiler/2005/09/20050902-9.htm
2005-09-02,"— Devlet Bakanı Mehmet AYDIN’a, Adalet Bakanı Cemil ÇİÇEK’in Vekâlet Etmesine Dair Tezkere",https://www.resmigazete.gov.tr/eskiler/2005/09/20050902-10.htm
2005-09-02,2005/9264 Gençlik ve Spor Kulüpleri Yönetmeliğinin Yürürlükten Kaldırılmasına Dair Yönetmelik,https://www.resmigazete.gov.tr/eskiler/2005/09/20050902-11.htm
2005-09-02,— Gemiadamları Yönetmeliğinde Değişiklik Yapılmasına Dair Yönetmelik,https://www.resmigazete.gov.tr/eskiler/2005/09/20050902-12.htm
2005-09-02,— Tarım İşletmeleri Genel Müdürlüğü Personeli Görevde Yükselme ve Unvan Değişikliği Yönetmeliği,https://www.resmigazete.gov.tr/eskiler/2005/09/20050902-13.htm
2005-09-02,— Gümrük Yönetmeliğinde Değişiklik Yapılmasına Dair Yönetmelik,https://www.resmigazete.gov.tr/eskiler/2005/09/20050902-14.htm
2005-09-03,"2005/9247 Yükseköğretim Üst Kuruluşları ile Yükseköğretim Kurumlarında Her Derecedeki Kurs, Seminer ve Benzeri Hizmetiçi Eğitim Etkinliklerinde Ücretle Okutulacak Ders Saatlerinin Sayısı ve Ders Görevi Alacakların Niteliklerine İlişkin Esaslar Hakkında Karar",https://www.resmigazete.gov.tr/eskiler/2005/09/20050903-1.htm
2005-09-03,"2005/9251 Demiryolları, Limanlar ve Hava Meydanları İnşaatı (DLHİ) Genel Müdürlüğü Tarafından Yürütülmekte Olan ""Gebze-Haydarpaşa, Sirkesi-Halkalı Banliyö Hatlarının İyileştirilmesi ve Demiryolu Boğaz Tüp Geçici İnşaatı (Marmaray) Projesi"" Kapsamındaki ""Demiryolu Boğaz Tüp Geçişi, Tüneller ve İstasyonlar BC 1 İşi""nin Yürütülmekte Olduğu İşyerlerinde Çalıştırılan İşçilere Yaptırılacak Fazla Mesai Hakkında Karar",https://www.resmigazete.gov.tr/eskiler/2005/09/20050903-2.htm
2005-09-03,2005/9256 Türk Telekomünikasyon A.Ş.Genel Müdürlüğüne Ait (1) Adet Şahsa Bağlı Kadroda Değişiklik Yapılması Hakkında Karar,https://www.resmigazete.gov.tr/eskiler/2005/09/20050903-3.htm
2005-09-03,— Sanayi ve Ticaret Bakanlığı Personeli Görevde Yükselme ve Unvan Değişikliği Yönetmeliği,https://www.resmigazete.gov.tr/eskiler/2005/09/20050903-4.htm
2005-09-03,— Çevre ve Orman Bakanlığı Ağaçlandırma ve Erozyon Kontrolü Hizmetlerine İlişkin Usul ve Esaslar,https://www.resmigazete.gov.tr/eskiler/2005/09/20050903-5.htm
2005-09-03,— Başbakan ve Bakanların Karşılanma ve Uğurlanmaları ile İlgili 2005/21 Sayılı Başbakanlık Genelgesi,https://www.resmigazete.gov.tr/eskiler/2005/09/20050903-6.htm
2005-09-03,— Emlak Vergisi Kanunu Genel Tebliği (Seri No: 46),https://www.resmigazete.gov.tr/eskiler/2005/09/20050903-7.htm
2005-09-03,Elastomer ve Kauçuktan Yapılmış Olan Biberon Başlığı ve Emziklerde N-nitrosamin ve N-nitrosamine Dönüşebilen Maddelerin Miktarı ve Bu Maddelerin Belirlenmesi Hakkında Tebliğ (No: 2005/1),https://www.resmigazete.gov.tr/eskiler/2005/09/20050903-8.htm
2005-09-03,— Türk Parası Kıymetini Koruma Hakkında 32 Sayılı Karara İlişkin 91-32/5 Sayılı Tebliğde Değişiklik Yapılmasına Dair Tebliğ (No: 2005-32/30),https://www.resmigazete.gov.tr/eskiler/2005/09/20050903-9.htm
2005-09-03,— İthalatta Gözetim Uygulanmasına İlişkin Tebliğ (No: 2005/17),https://www.resmigazete.gov.tr/eskiler/2005/09/20050903-10.htm
2005-09-03,— Gümrük Genel Tebliğinde Değişiklik Yapılmasına Dair Tebliğ (Gümrük İşlemleri) (Seri No: 41),https://www.resmigazete.gov.tr/eskiler/2005/09/20050903-11.htm
2005-09-03,— Gümrük Genel Tebliği (Gümrük İşlemleri) (Seri No: 42),https://www.resmigazete.gov.tr/eskiler/2005/09/20050903-12.htm
2005-09-03,— Özelleştirme Yüksek Kurulunun 2005/106 Sayılı Kararı,https://www.resmigazete.gov.tr/eskiler/2005/09/20050903-13.htm
2005-09-04,2005/9233 Türkiye Cumhuriyeti ve Slovenya Cumhuriyeti Arasında Yatırımların Teşviki ve Korunma-sına İlişkin Anlaşma’nın Onaylanması Hakkında Karar,https://www.resmigazete.gov.tr/eskiler/2005/09/20050904-1.htm
2005-09-04,— Niğde Üniversitesi Ön Lisans ve Lisans Eğitim-Öğretim ve Sınav Yönetmeliği,https://www.resmigazete.gov.tr/eskiler/2005/09/20050904-2.htm
2005-09-04,"— Aracılık Faaliyetleri ve Aracı Kuruluşlara İlişkin Esaslar Hakkında Tebliğde Değişiklik Yapılmasına Dair Tebliğ (Seri: V, No: 83)",https://www.resmigazete.gov.tr/eskiler/2005/09/20050904-3.htm
2005-09-04,— İhalelere Karşı Yapılacak İdari Başvurulara Ait Tebliğ,https://www.resmigazete.gov.tr/eskiler/2005/09/20050904-4.htm
2005-09-05,2005/9239 Türk-Kazak Kara Ulaştırması Karma Komisyon Protokolü’nün Onaylanması Hakkında Karar,https://www.resmigazete.gov.tr/eskiler/2005/09/20050905-1.htm
2005-09-05,"— Çalışma ve Sosyal Güvenlik Bakanlığına,Milli Savunma Bakanı M. Vecdi GÖNÜL’ün Vekâlet Etmesine Dair Tezkere",https://www.resmigazete.gov.tr/eskiler/2005/09/20050905-2.htm
2005-09-05,— 2005 Yılı Temmuz Ayına Ait Yatırım Teşvik Belgelerinin Sektörel Dağılımı Hakkında Tebliğ,https://www.resmigazete.gov.tr/eskiler/2005/09/20050905-3.pdf
2005-09-05,— 2005 Yılı Temmuz Ayında Verilen Belgeler ve Yararlandırılan Teşvik Unsurları Hakkında Tebliğ,https://www.resmigazete.gov.tr/eskiler/2005/09/20050905-4.pdf
2005-09-06,2005/9278 Türkiye Cumhuriyeti ile San Marino Cumhuriyeti Arasında İlişkilerin Konsüler Düzeyden Büyükelçilik Düzeyine Yükseltilmesine İlişkin Anlaşma’nın Onaylanması Hakkında Karar,https://www.resmigazete.gov.tr/eskiler/2005/09/20050906-1.htm
2005-09-06,2005/9253 Sosyal Hizmetler ve Çocuk Esirgeme Kurumu Genel Müdürlüğüne Ait Dolu ve Boş Kadrolarda Değişiklik Yapılması Hakkında Karar,https://www.resmigazete.gov.tr/eskiler/2005/09/20050906-2.htm
2005-09-06,"— Kültür ve Turizm Bakanlığına, Milli Eğitim Bakanı Hüseyin ÇELİK’in Vekâlet Etmesine Dair Tezkere",https://www.resmigazete.gov.tr/eskiler/2005/09/20050906-3.htm
2005-09-06,"— Devlet Bakanı ve Başbakan Yardımcılığı ile Adalet, Millî Savunma, Millî Eğitim, Tarım ve Köyişleri, Sanayi ve Ticaret, Kültür ve Turizm Bakanlıklarına Ait Atama Kararları",https://www.resmigazete.gov.tr/eskiler/2005/09/20050906-4.htm
2005-09-06,— Sigorta ve Reasürans Şirketlerinin Kuruluş ve Çalışma Esasları Yönetmeliğinde Değişiklik Yapılmasına Dair Yönetmelik,https://www.resmigazete.gov.tr/eskiler/2005/09/20050906-5.htm
2005-09-06,— Milli Savunma Bakanlığı Akaryakıt İkmal ve NATO POL Tesisleri İşletme Başkanlığı Arşiv Hizmetleri Yönetmeliğinin Yürürlükten Kaldırılmasına Dair Yönetmelik,https://www.resmigazete.gov.tr/eskiler/2005/09/20050906-6.htm
2005-09-06,— Dışişleri Bakanlığı Personelinin Yurtdışı Görevlere Atanmasına İlişkin Yönetmelik,https://www.resmigazete.gov.tr/eskiler/2005/09/20050906-7.htm
2005-09-06,— Türkiye Denizcilik İşletmeleri A.Ş. Kapsam Dışı Personel Yönetmeliği,https://www.resmigazete.gov.tr/eskiler/2005/09/20050906-8.htm
2005-09-06,— Akdeniz Üniversitesi Ön Lisans ve Lisans Eğitim-Öğretim ve Sınav Yönetmeliği,https://www.resmigazete.gov.tr/eskiler/2005/09/20050906-9.htm
2005-09-06,— Hastalık Sigortası Branş Adının Sağlık Sigortası Olarak Değiştirilmesine İlişkin Tebliğ,https://www.resmigazete.gov.tr/eskiler/2005/09/20050906-10.htm
2005-09-07,2005/9289 Ankara Tarihi Kent Merkezi Kapsamında Yer Alan ve Krokide Sınır ve Koordinatları Gösterilen Alanın Yenileme Alanı Olarak Tespit Edilmesi Hakkında Karar,https://www.resmigazete.gov.tr/eskiler/2005/09/20050907-1.htm
2005-09-07,2005/9293 Sayıştay Başkanlığına Ait Dolu ve Boş Kadrolarda Değişiklik Yapılması Hakkında Karar,https://www.resmigazete.gov.tr/eskiler/2005/09/20050907-2.htm
2005-09-07,2005/9321 Çiftçilere Kimyevi Gübre Destekleme Ödemesi Yapılmasına Dair Karar,https://www.resmigazete.gov.tr/eskiler/2005/09/20050907-3.htm
2005-09-07,"— Devlet Bakanı Mehmet AYDIN’a, Devlet Bakanı ve Başbakan Yardımcısı Mehmet Ali ŞAHİN’in Vekâlet Etmesine Dair Tezkere",https://www.resmigazete.gov.tr/eskiler/2005/09/20050907-4.htm
2005-09-07,"— Devlet Bakanı Kürşad TÜZMEN’e, Sanayi ve Ticaret Bakanı Ali COŞKUN’un Vekâlet Etmesine Dair Tezkere",https://www.resmigazete.gov.tr/eskiler/2005/09/20050907-5.htm
2005-09-07,"— Adalet Bakanlığına, Devlet Bakanı Beşir ATALAY’ın Vekâlet Etmesine Dair Tezkere",https://www.resmigazete.gov.tr/eskiler/2005/09/20050907-6.htm
2005-09-07,"— İçişleri Bakanlığına, Bayındırlık ve İskan Bakanı Faruk Nafiz ÖZAK’ın Vekâlet Etmesine Dair Tezkere",https://www.resmigazete.gov.tr/eskiler/2005/09/20050907-7.htm
2005-09-07,"— Başbakanlık, Devlet Bakanı ve Başbakan Yardımcılığı, Maliye, Millî Eğitim, Sağlık, Tarım ve Köyişleri, Kültür ve Turizm ile Çevre ve Orman Bakanlıklarına Ait Atama Kararları",https://www.resmigazete.gov.tr/eskiler/2005/09/20050907-8.htm
2005-09-07,— Adlî Sicil Yönetmeliği,https://www.resmigazete.gov.tr/eskiler/2005/09/20050907-9.htm
2005-09-07,— Vergi Dairesi Başkanlıklarının Kuruluş ve Görev Yönetmeliği,https://www.resmigazete.gov.tr/eskiler/2005/09/20050907-10.htm
2005-09-07,— Elektrik Piyasası İthalat ve İhracat Yönetmeliği,https://www.resmigazete.gov.tr/eskiler/2005/09/20050907-11.htm
2005-09-07,— Elektrik Piyasası Tarifeler Yönetmeliğinde Değişiklik Yapılmasına Dair Yönetmelik,https://www.resmigazete.gov.tr/eskiler/2005/09/20050907-12.htm
2005-09-07,— Telekomünikasyon Hizmet ve Altyapılarına İlişkin Yetkilendirme Yönetmeliğinde Değişiklik Yapılmasına Dair Yönetmelik,https://www.resmigazete.gov.tr/eskiler/2005/09/20050907-13.htm
2005-09-07,— Karayolu ile Şehirlerarası Yolcu Taşımacılığı Alanında Uygulanacak Taban Ücret Tarifesi Hakkında Tebliğ (No: 46),https://www.resmigazete.gov.tr/eskiler/2005/09/20050907-14.htm
2005-09-07,— Piyasa İşletim Gelirinin Düzenlenmesi Hakkında Tebliğ,https://www.resmigazete.gov.tr/eskiler/2005/09/20050907-15.htm
2005-09-07,— Elektrik Piyasasında Gelir ve Tarife Düzenlemesi Kapsamında Düzenlemeye Tabi Unsurlar ve Raporlamaya İlişkin Esaslar Hakkında Tebliğde Değişiklik Yapılmasına İlişkin Tebliğ,https://www.resmigazete.gov.tr/eskiler/2005/09/20050907-16.htm
2005-09-08,2005/9291 Kocaeli Üniversitesi Rektörlüğüne Bağlı Olarak Derbent Turizm İşletmeciliği ve Otelcilik Yüksekokulu Kurulması Hakkında Karar,https://www.resmigazete.gov.tr/eskiler/2005/09/20050908-1.htm
2005-09-08,"2005/9297 T.C. Ziraat Bankası Anonim Şirketi,Türkiye Halk Bankası Anonim Şirketi ve Türkiye Emlak Bankası Anonim Şirketinin Görev Zararı Alacaklarının Tasfiye Edilmesi Hakkındaki 18/4/2001 Tarihli ve 2001/2312 Sayılı Kararnamenin Eki Kararda Değişiklik Yapılmasına İlişkin Karar",https://www.resmigazete.gov.tr/eskiler/2005/09/20050908-2.htm
2005-09-08,2005/9299 Sivil Hava Araçları Üçüncü Şahıs Mali Mesuliyet Sigortasının Ticari Olarak Temin Edilemeyen Kısmı İçin Verilen Devlet Garantisinin Durdurulmasına İlişkin Karar,https://www.resmigazete.gov.tr/eskiler/2005/09/20050908-3.htm
2005-09-08,2005/9310 Bazı Alanların Teknoloji Geliştirme Bölgesi Olarak Tespit Edilmesine İlişkin Karar,https://www.resmigazete.gov.tr/eskiler/2005/09/20050908-4.htm
2005-09-08,2005/9323 İthalat Rejimi Kararına Ek Karar,https://www.resmigazete.gov.tr/eskiler/2005/09/20050908-5.htm
2005-09-08,2005/9326 Esnaf ve Sanatkarlar Meslek Kuruluşlarının Seçim Tarihlerinin Ertelenmesine İlişkin Karar,https://www.resmigazete.gov.tr/eskiler/2005/09/20050908-6.htm
2005-09-08,2005/9261 Organize Sanayi Bölgelerinde Yer Alan Parsellerin Gerçek veya Tüzel Kişilere Bedelsiz Tahsisine İlişkin Yönetmelikte Değişiklik Yapılmasına Dair Yönetmelik,https://www.resmigazete.gov.tr/eskiler/2005/09/20050908-7.htm
2005-09-08,— Atletizm Hakem Yönetmeliğinde Değişiklik Yapılmasına Dair Yönetmelik,https://www.resmigazete.gov.tr/eskiler/2005/09/20050908-8.htm
2005-09-08,— Kamu Kurum ve Kuruluşlarına Açıktan Kura ile Atanacak Bazı Sağlık Personelinin Atama Esas ve Usullerine İlişkin Yönetmelikte Değişiklik Yapılmasına Dair Yönetmelik,https://www.resmigazete.gov.tr/eskiler/2005/09/20050908-9.htm
2005-09-08,— Kıymetli Madenler Borsalarının Kuruluş ve Çalışma Esasları Hakkında Genel Yönetmelikte Değişiklik Yapılmasına Dair Yönetmelik,https://www.resmigazete.gov.tr/eskiler/2005/09/20050908-10.htm
2005-09-08,— Türk Mühendis ve Mimar Odaları Birliği Meteoroloji Mühendisleri Odası Ana Yönetmeliği,https://www.resmigazete.gov.tr/eskiler/2005/09/20050908-11.htm
2005-09-08,— Yıllık Faaliyet Raporuna İlişkin Tebliğ,https://www.resmigazete.gov.tr/eskiler/2005/09/20050908-12.htm
2005-09-08,DÜZELTME (Karayolu ile Şehirlerarası Yolcu Taşımacılığı Alanında Uygulanacak Taban Ücret Tarifesi Hakkında Tebliğ ile İlgili),https://www.resmigazete.gov.tr/eskiler/2005/09/20050908-13.htm
2005-09-09,2005/9288 Hububat Üreticilerine Destekleme Primi Ödenmesine Dair Kararda Değişiklik Yapılması Hakkında Karar,https://www.resmigazete.gov.tr/eskiler/2005/09/20050909-1.htm
2005-09-09,"— Tarım ve Köyişleri Bakanlığına, Devlet Bakanı Nimet ÇUBUKÇU’nun Vekâlet Etmesine Dair Tezkere",https://www.resmigazete.gov.tr/eskiler/2005/09/20050909-2.htm
2005-09-09,"— Çevre ve Orman Bakanlığına,Enerji ve Tabii Kaynaklar Bakanı M.Hilmi GÜLER’in Vekâlet Etmesine Dair Tezkere",https://www.resmigazete.gov.tr/eskiler/2005/09/20050909-3.htm
2005-09-09,"— Mersin İli Merkez İlçeye Bağlı “Fatih” Beldesinin İsminin, “AYVAGEDİĞİ” Olarak Değiştirilmesine Dair Karar",https://www.resmigazete.gov.tr/eskiler/2005/09/20050909-4.htm
2005-09-09,"— Devlet Mezarlığı Tesisi, Yönetimi, Bakım ve Onarımı Yönetmeliğinde Değişiklik Yapılmasına Dair Yönetmelik",https://www.resmigazete.gov.tr/eskiler/2005/09/20050909-5.htm
2005-09-09,— Karayolu Taşıma Yönetmeliğinde Değişiklik Yapılmasına Dair Yönetmelik,https://www.resmigazete.gov.tr/eskiler/2005/09/20050909-6.htm
2005-09-09,— Bandrol Uygulamasına İlişkin Usul ve Esaslar Hakkında Yönetmelikte Değişiklik Yapılmasına Dair Yönetmelik,https://www.resmigazete.gov.tr/eskiler/2005/09/20050909-7.htm
2005-09-09,— Muğla Üniversitesi Lisansüstü Eğitim-Öğretim Yönetmeliğinde Değişiklik Yapılmasına Dair Yönetmelik,https://www.resmigazete.gov.tr/eskiler/2005/09/20050909-8.htm
2005-09-09,"— Yüzüncü Yıl Üniversitesi Fen-Edebiyat Fakültesi Ön Lisans, Lisans Öğretim ve Sınav Yönetmeliği",https://www.resmigazete.gov.tr/eskiler/2005/09/20050909-9.htm
2005-09-09,— Türkiye Golf Federasyonuna İdari ve Mali Yönden Özerklik Verilmesine Dair Karar,https://www.resmigazete.gov.tr/eskiler/2005/09/20050909-10.htm
2005-09-09,— Özelleştirme Yüksek Kurulunun 2005/108 Sayılı Kararı,https://www.resmigazete.gov.tr/eskiler/2005/09/20050909-11.htm
2005-09-10,2005/9284 Türkiye Cumhuriyeti İstanbul Valiliği ile Rusya Federasyonu Başkortostan Cumhuriyeti Hükümeti Arasında İşbirliği Sözleşmesi’nin Onaylanması Hakkında Karar,https://www.resmigazete.gov.tr/eskiler/2005/09/20050910-1.htm
2005-09-10,2005/9345 Milli Eğitim Bakanlığı Taşra Teşkilatında Öğretmen İhtiyacının Karşılanması Bakımından Alanlar Bazında Öğretici Görevinde Kısmi Zamanlı Geçici Personel İstihdamı İle Bu Personele Ödenecek Ücretlere İlişkin Karar,https://www.resmigazete.gov.tr/eskiler/2005/09/20050910-2.htm
2005-09-10,— Devlet Bakanlığına Ait Atama Kararı,https://www.resmigazete.gov.tr/eskiler/2005/09/20050910-3.htm
2005-09-10,— Türk Silahlı Kuvvetleri Sınıf Okulları Yönetmeliğinde Değişiklik Yapılmasına Dair Yönetmelik,https://www.resmigazete.gov.tr/eskiler/2005/09/20050910-4.htm
2005-09-10,— Gıda ve Gıda ile Temas Eden Madde ve Malzemeleri Üreten İş Yerlerinin Çalışma İzni ve Gıda Sicili ve Üretim İzni İşlemleri ile Sorumlu Yönetici İstihdamı Hakkında Yönetmelikte Değişiklik Yapılmasına Dair Yönetmelik,https://www.resmigazete.gov.tr/eskiler/2005/09/20050910-5.htm
2005-09-10,— Devlet Meteoroloji İşleri Genel Müdürlüğü Döner Sermaye İşletmesi Yönetmeliğinde Değişiklik Yapılmasına Dair Yönetmelik,https://www.resmigazete.gov.tr/eskiler/2005/09/20050910-6.htm
2005-09-10,— İşkolu Tespit Kararı (No: 2005/42),https://www.resmigazete.gov.tr/eskiler/2005/09/20050910-7.htm
2005-09-10,— İşkolu Tespit Kararı (No: 2005/43),https://www.resmigazete.gov.tr/eskiler/2005/09/20050910-8.htm
2005-09-10,— Özelleştirme Yüksek Kurulunun 2005/109 Sayılı Kararı,https://www.resmigazete.gov.tr/eskiler/2005/09/20050910-9.htm
2005-09-11,2005/9275 Kore Ticaret Yatırım Teşvik Ajansı (KOTRA)’nın Türkiye’deki Yasal Statüsüne Kalıcı Bir Çözüm Bulunması ve KOTRA Çalışanlarının Türkiye’deki İkamet ve Çalışma İzinlerinin Düzenlenmesi Amacıyla İki Ülke Arasında Nota Teatisi Yoluyla İmzalanan Anlaşma’nın Onaylanması Hakkında Karar,https://www.resmigazete.gov.tr/eskiler/2005/09/20050911-1.htm
2005-09-11,2005/9276 Türkiye Cumhuriyeti ile Azerbaycan Cumhuriyeti Arasında Teknik İşbirliği Protokolü’nün Onaylanması Hakkında Karar,https://www.resmigazete.gov.tr/eskiler/2005/09/20050911-2.htm
2005-09-11,"— Dışişleri Bakanlığı ve Başbakan Yardımcılığına, Devlet Bakanı Beşir ATALAY’ın Vekâlet Etmesine Dair Tezkere",https://www.resmigazete.gov.tr/eskiler/2005/09/20050911-3.htm
2005-09-11,"— Sağlık Bakanlığına, Milli Eğitim Bakanı Hüseyin ÇELİK’in Vekâlet Etmesine Dair Tezkere",https://www.resmigazete.gov.tr/eskiler/2005/09/20050911-4.htm
2005-09-12,"— Başbakanlığa, Devlet Bakanı ve Başbakan Yardımcısı Mehmet Ali ŞAHİN’in Vekâlet Etmesine Dair Tezkere",https://www.resmigazete.gov.tr/eskiler/2005/09/20050912-1.htm
2005-09-12,"— Devlet Bakanı Ali BABACAN’a, Ulaştırma Bakanı Binali YILDIRIM’ın Vekâlet Etmesine Dair Tezkere",https://www.resmigazete.gov.tr/eskiler/2005/09/20050912-2.htm
2005-09-12,"— Devlet Bakanı Mehmet AYDIN’a, Maliye Bakanı Kemal UNAKITAN’ın Vekâlet Etmesine Dair Tezkere",https://www.resmigazete.gov.tr/eskiler/2005/09/20050912-3.htm
2005-09-12,"— Milli Savunma Bakanlığına, İçişleri Bakanı Abdülkadir AKSU’nun Vekâlet Etmesine Dair Tezkere",https://www.resmigazete.gov.tr/eskiler/2005/09/20050912-4.htm
2005-09-12,— Türkiye Elektrik Dağıtım A.Ş.Genel Müdürlüğü (TEDAŞ) İstisna Kapsamındaki Mal ve Hizmet Alımları İçin Satınalma ve İhale Yönetmeliği,https://www.resmigazete.gov.tr/eskiler/2005/09/20050912-5.htm
2005-09-12,— Türkiye Elektrik Dağıtım A.Ş. Genel Müdürlüğü (TEDAŞ) İhtiyaç Fazlası ve İhtiyaç Dışı Malzemeler Değerlendirme ve Satış Yönetmeliği,https://www.resmigazete.gov.tr/eskiler/2005/09/20050912-6.htm
2005-09-12,— Türkiye Elektrik Dağıtım A.Ş. Genel Müdürlüğü (TEDAŞ) Tesis ve Basılı Evraktan Reklam Amacıyla Yararlanma Esasları Hakkında Yönetmelik,https://www.resmigazete.gov.tr/eskiler/2005/09/20050912-7.htm
2005-09-12,— Türkiye Elektrik Dağıtım A.Ş.Genel Müdürlüğü (TEDAŞ) Hizmet Satışı-Araç ve Gereç Kira Yönetmeliği,https://www.resmigazete.gov.tr/eskiler/2005/09/20050912-8.htm
2005-09-12,"— Oda ve Borsalarda Hakem, Bilirkişi ve Eksper Listelerini Düzenleme Usul ve Esasları Hakkında Yönetmelik",https://www.resmigazete.gov.tr/eskiler/2005/09/20050912-9.htm
2005-09-12,— Türkiye Odalar ve Borsalar Birliği Genel Kurul Çalışma Esasları Yönetmeliği,https://www.resmigazete.gov.tr/eskiler/2005/09/20050912-10.htm
2005-09-12,— Türkiye Odalar ve Borsalar Birliği Genel Sekreter Yönetmeliği,https://www.resmigazete.gov.tr/eskiler/2005/09/20050912-11.htm
2005-09-12,— Türkiye Odalar ve Borsalar Birliği ile Odalar ve Borsalar Bütçe ve Muhasebe Yönetmeliği,https://www.resmigazete.gov.tr/eskiler/2005/09/20050912-12.htm
2005-09-12,— Oda Muamelat Yönetmeliği,https://www.resmigazete.gov.tr/eskiler/2005/09/20050912-13.htm
2005-09-12,— Borsa Muamelat Yönetmeliği,https://www.resmigazete.gov.tr/eskiler/2005/09/20050912-14.htm
2005-09-12,"— Odalar, Borsalar ve Birlik Bütçelerinden Türkiye Odalar, Borsalar ve Birlik Personeli Sigorta ve Emekli Sandığı Vakfına Ayrılan Payın Kullanılmasına İlişkin Yönetmelik",https://www.resmigazete.gov.tr/eskiler/2005/09/20050912-15.htm
2005-09-12,— Devlet Hizmeti Yükümlülüğü ile İlgili 2005/22 Sayılı Başbakanlık Genelgesi,https://www.resmigazete.gov.tr/eskiler/2005/09/20050912-16.htm
2005-09-12,"— Deterjanlarda Bulunan Anyonik, Noniyonik, Amfolitik, Katyonik Yüzey Aktif Maddelerin Biyolojik Parçalanabilirlik Oranı ve Anyonik ile Noniyonik Yüzey Aktif Maddelerin Biyolojik Parçalanabilirlik Oranı Test Metodları Tebliği (No: TSHGM 2005/1)",https://www.resmigazete.gov.tr/eskiler/2005/09/20050912-17.htm
2005-09-12,— Çamaşır Suyu ve Mekanik Temizleme Tozu Etiketlenmesine Dair Tebliğ (No: TSHGM 2005/2),https://www.resmigazete.gov.tr/eskiler/2005/09/20050912-18.htm
2005-09-12,— Deterjanların Nitelikleri ile Ambalaj ve Etiketlerine Dair Tebliğ (No: TSHGM 2005/3),https://www.resmigazete.gov.tr/eskiler/2005/09/20050912-19.htm
2005-09-12,— Deterjanların Bildirim Esaslarının Belirlenmesine Dair Tebliğ (No: TSHGM 2005/4),https://www.resmigazete.gov.tr/eskiler/2005/09/20050912-20.htm
2005-09-12,"— Deterjan, Mekanik Temizleme Tozu, Çamaşır Sularından Numune Alınırken Uyulacak Kurallar ile Numune Alma İşlemlerine İlişkin Hususların Belirlenmesine Dair Tebliğ (No: TSHGM 2005/5)",https://www.resmigazete.gov.tr/eskiler/2005/09/20050912-21.htm
2005-09-12,— Dış Ticarette Standardizasyon Tebliği (No: 2005/32),https://www.resmigazete.gov.tr/eskiler/2005/09/20050912-22.htm
2005-09-12,— Dış Ticarette Standardizasyon Tebliğinde Değişiklik Yapılması Hakkında Tebliğ (No: 2005/33),https://www.resmigazete.gov.tr/eskiler/2005/09/20050912-23.htm
2005-09-13,"2005/9309 Çevre ve Orman Bakanlığı Bünyesinde Düzenlenen Hizmet İçi Eğitim, Kurs ve Seminerlerde Ücretle Okutulacak Ders Saatlerinin Sayısı, Ders Görevi Alacakların Nitelikleri ve Diğer Hususların Tespitine İlişkin Esaslarda Değişiklik Yapılmasına Dair Esaslar’ın Yürürlüğe Konulması Hakkında Karar",https://www.resmigazete.gov.tr/eskiler/2005/09/20050913-1.htm
2005-09-13,2005/9311 Çukurova Üniversitesi Rektörlüğüne Bağlı Turizm İşletmeciliği ve Otelcilik Yüksekokulunun Adının Karataş Turizm İşletmeciliği ve Otelcilik Yüksekokulu Olarak Değiştirilmesi Hakkında Karar,https://www.resmigazete.gov.tr/eskiler/2005/09/20050913-2.htm
2005-09-13,2005/9315 Bazı Çeltik ve Pirinç Türlerinin İthalatında Tarife Kontenjanı Uygulanması Hakkında Karar,https://www.resmigazete.gov.tr/eskiler/2005/09/20050913-3.htm
2005-09-13,"2005/9328 Basın-İlan Kurumu Genel Kurulunda Boşalan Basın-Yayın ve Enformasyon Genel Müdürlüğü Temsilciliğinde, Kalan Süreyi Tamamlamak Üzere, Adı Geçen Genel Müdürlük Genel Müdür Yardımcısı Salih MELEK’in Görevlendirilmesine Dair Karar",https://www.resmigazete.gov.tr/eskiler/2005/09/20050913-4.htm
2005-09-13,"— Devlet Bakanı Kürşad TÜZMEN’e, Sanayi ve Ticaret Bakanı Ali COŞKUN’un Vekâlet Etmesine Dair Tezkere",https://www.resmigazete.gov.tr/eskiler/2005/09/20050913-5.htm
2005-09-13,"— Adalet Bakanlığına, Çalışma ve Sosyal Güvenlik Bakanı Murat BAŞESGİOĞLU’nun Vekâlet Etmesine Dair Tezkere",https://www.resmigazete.gov.tr/eskiler/2005/09/20050913-6.htm
2005-09-13,"— Çevre ve Orman Bakanlığına, Enerji ve Tabii Kaynaklar Bakanı M. Hilmi GÜLER’in Vekâlet Etmesine Dair Tezkere",https://www.resmigazete.gov.tr/eskiler/2005/09/20050913-7.htm
2005-09-13,— Uyuşmazlık Mahkemesi Başkanlığına Anayasa Mahkemesi Asıl Üyesi Ahmet AKYALÇIN’ın Seçilmesine Dair Karar,https://www.resmigazete.gov.tr/eskiler/2005/09/20050913-8.htm
2005-09-13,— Hükümlü İbrahim Ayhan ÖZGÜL’ün Kalan Cezasının Kaldırılmasına Dair Karar (2005/21),https://www.resmigazete.gov.tr/eskiler/2005/09/20050913-9.htm
2005-09-13,— Sınır Tespitine Dair Karar,https://www.resmigazete.gov.tr/eskiler/2005/09/20050913-10.htm
2005-09-13,— Haliç Üniversitesi Ön Lisans ve Lisans Eğitim-Öğretim ve Sınav Yönetmeliği,https://www.resmigazete.gov.tr/eskiler/2005/09/20050913-11.htm
2005-09-13,— Harçlar Kanunu Genel Tebliği (Seri No: 48),https://www.resmigazete.gov.tr/eskiler/2005/09/20050913-12.htm
2005-09-13,— Evde Bakım Hizmetleri Sunumu Hakkında Tebliğ,https://www.resmigazete.gov.tr/eskiler/2005/09/20050913-13.htm
2005-09-13,— Bankacılık Düzenleme ve Denetleme Kurulunun 1695 Sayılı Kararı,https://www.resmigazete.gov.tr/eskiler/2005/09/20050913-14.htm
2005-09-14,2005/9313 Türkiye Cumhuriyeti Başbakanlık Türk İşbirliği ve Kalkınma İdaresi Başkanlığı (TİKA) ile Moğolistan Maliye ve Ekonomi Bakanlığı Arasında İmzalanan İşbirliği Protokol'ünün Onaylanması Hakkında Karar,https://www.resmigazete.gov.tr/eskiler/2005/09/20050914-1.htm
2005-09-14,— Petrol Piyasası Lisans Yönetmeliğinde Değişiklik Yapılmasına İlişkin Yönetmelik,https://www.resmigazete.gov.tr/eskiler/2005/09/20050914-2.htm
2005-09-15,"2005/9343 Kamu İktisadi Teşebbüsleri ve Bağlı Ortaklıklarının, 2005 Yılına Ait Genel Yatırım ve Finansman Programında Değişiklik Yapılmasına İlişkin Karar’ın Yürürlüğe Konulması Hakkında Karar",https://www.resmigazete.gov.tr/eskiler/2005/09/20050915-1.htm
2005-09-15,"— Kültür ve Turizm Bakanlığına, Devlet Bakanı Nimet ÇUBUKÇU’nun Vekâlet Etmesine Dair Tezkere",https://www.resmigazete.gov.tr/eskiler/2005/09/20050915-2.htm
2005-09-15,"— Adalet, Millî Eğitim,Bayındırlık ve İskan, Çalışma ve Sosyal Güvenlik, Sanayi ve Ticaret, Enerji ve Tabii Kaynaklar ile Kültür ve Turizm Bakanlıklarına Ait Atama Kararları",https://www.resmigazete.gov.tr/eskiler/2005/09/20050915-3.htm
2005-09-15,2005/9329 Terör ve Terörle Mücadeleden Doğan Zararların Karşılanması Hakkında Yönetmelikte Değişiklik Yapılmasına Dair Yönetmelik,https://www.resmigazete.gov.tr/eskiler/2005/09/20050915-4.htm
2005-09-15,— Organize Sanayi Bölgeleri Uygulama Yönetmeliğinde Değişiklik Yapılmasına Dair Yönetmelik,https://www.resmigazete.gov.tr/eskiler/2005/09/20050915-5.htm
2005-09-15,— Denizcilik Müsteşarlığı Personeli Görevde Yükselme ve Unvan Değişikliği Yönetmeliği,https://www.resmigazete.gov.tr/eskiler/2005/09/20050915-6.htm
2005-09-15,— Türkiye Elektrik İletim Anonim Şirketi Genel Müdürlüğü Personeli Görevde Yükselme ve Unvan Değişikliği Yönetmeliği,https://www.resmigazete.gov.tr/eskiler/2005/09/20050915-7.htm
2005-09-15,— Proje ve Kontrolluk İşlerinde Uygulanacak Fiyat Artış Oranları Hakkında Tebliğ,https://www.resmigazete.gov.tr/eskiler/2005/09/20050915-8.htm
2005-09-15,— Çiftçilere Kimyevi Gübre Destekleme Ödemesi Yapılmasına İlişkin Tebliğ (Tebliğ No: 2005/42),https://www.resmigazete.gov.tr/eskiler/2005/09/20050915-9.htm
2005-09-15,"— 2005 Yılı Temmuz Ayına Ait Hariçte İşleme İzin Belgelerinin, (H) Listesi",https://www.resmigazete.gov.tr/eskiler/2005/09/20050915-10.xls
2005-09-15,— 2005 Yılı Ağustos Ayına Ait Dahilde İşleme İzin Belgeleri (D1) Listesi,https://www.resmigazete.gov.tr/eskiler/2005/09/20050915-11.xls
2005-09-15,— 2005 Yılı Ağustos Ayına Ait Yurt İçi Satış ve Teslim Belgeleri (D3) Listesi,https://www.resmigazete.gov.tr/eskiler/2005/09/20050915-12.xls
2005-09-15,— 2005 Yılı Ağustos Ayına Ait Hariçte İşleme İzin Belgelerinin (H) Listesi,https://www.resmigazete.gov.tr/eskiler/2005/09/20050915-13.xls
2005-09-15,"— 2005 Yılı Ağustos Ayına Ait Vergi, Resim ve Harç İstisnası Belgelerinin (Y) Listesi",https://www.resmigazete.gov.tr/eskiler/2005/09/20050915-14.xls
2005-09-15,— Re’sen Kapatılan Dahilde İşleme İzin Belgeleri,https://www.resmigazete.gov.tr/eskiler/2005/09/20050915-15.xls
2005-09-15,— Firma Talebine İstinaden İptal Edilen Dahilde İşleme İzin Belgeleri,https://www.resmigazete.gov.tr/eskiler/2005/09/20050915-16.xls
2005-09-16,— Esnaf ve Sanatkar ile Tacir ve Sanayiciyi Belirleme Koordinasyon Kurulu Yönetmeliği,https://www.resmigazete.gov.tr/eskiler/2005/09/20050916-1.htm
2005-09-16,— Esnaf ve Sanatkar Sicili Yönetmeliği,https://www.resmigazete.gov.tr/eskiler/2005/09/20050916-2.htm
2005-09-16,— Esnaf ve Sanatkarlar Sicil Gazetesi Yönetmeliği,https://www.resmigazete.gov.tr/eskiler/2005/09/20050916-3.htm
2005-09-16,— Sıvılaştırılmış Petrol Gazları (LPG) Piyasası Lisans Yönetmeliği,https://www.resmigazete.gov.tr/eskiler/2005/09/20050916-4.htm
2005-09-16,— 2005 Mali Yılı Bütçe Uygulama Talimatı (Sıra No : 16) (Tedavi Yardımı),https://www.resmigazete.gov.tr/eskiler/2005/09/20050916-5.htm
2005-09-17,"— Sanayi ve Ticaret Bakanlığına,Milli Eğitim Bakanı Hüseyin ÇELİK’in Vekâlet Etmesine Dair Tezkere",https://www.resmigazete.gov.tr/eskiler/2005/09/20050917-1.htm
2005-09-17,"2005/9352 Sinema, Video ve Müzik Eserleri Yapımcıları ile Film Çekmek İsteyen Yabancılarla Yapılacak Ortak Yapımlar Hakkında Yönetmeliğin Yürürlükten Kaldırılmasına İlişkin Yönetmelik",https://www.resmigazete.gov.tr/eskiler/2005/09/20050917-2.htm
2005-09-17,— Sigortacılık Hesap Planı ve İzahnamesi Hakkında Tebliğde Değişiklik Yapılmasına Dair Tebliğ,https://www.resmigazete.gov.tr/eskiler/2005/09/20050917-3.htm
2005-09-18,"— Karadeniz Teknik Üniversitesi Önlisans ve Lisans Eğitim-Öğretim, Sınav, Değerlendirme ve Öğrenci İşleri Yönetmeliğinde Değişiklik Yapılmasına Dair Yönetmelik",https://www.resmigazete.gov.tr/eskiler/2005/09/20050918-1.htm
2005-09-19,2005/9327 Türkiye Cumhuriyeti Hükümeti ile Moğolistan Hükümeti Arasında Türk İşbirliği ve Kalkınma İdaresi Başkanlığı Program Koordinasyon Ofisinin Faaliyetine İlişkin Anlaşma’nın Onaylanması Hakkında Karar,https://www.resmigazete.gov.tr/eskiler/2005/09/20050919-1.htm
2005-09-20,"— Kültür ve Turizm Bakanlığına, Milli Savunma Bakanı M. Vecdi GÖNÜL’ün Vekâlet Etmesine Dair Tezkere",https://www.resmigazete.gov.tr/eskiler/2005/09/20050920-1.htm
2005-09-20,— Gençlik Merkezleri Yönetmeliğinde Değişiklik Yapılmasına Dair Yönetmelik,https://www.resmigazete.gov.tr/eskiler/2005/09/20050920-2.htm
2005-09-20,— Kurban Hizmetlerinin Diyanet İşleri Başkanlığınca Yürütülmesine Dair Yönetmelikte Değişiklik Yapılması Hakkında Yönetmelik,https://www.resmigazete.gov.tr/eskiler/2005/09/20050920-3.htm
2005-09-20,— Sosyal Hizmetler ve Çocuk Esirgeme Kurumu Genel Müdürlüğü Personeli Görevde Yükselme ve Unvan Değişikliği Yönetmeliği,https://www.resmigazete.gov.tr/eskiler/2005/09/20050920-4.htm
2005-09-20,— Uzman Erbaş Yönetmeliği,https://www.resmigazete.gov.tr/eskiler/2005/09/20050920-5.htm
2005-09-20,— Esnaf ve Sanatkarlar Meslek Kuruluşlarının Genel Kurul Toplantıları ve Bu Toplantılarda Bulundurulacak Bakanlık Temsilcileri veya Hükümet Komiserleri Yönetmeliği,https://www.resmigazete.gov.tr/eskiler/2005/09/20050920-6.htm
2005-09-20,"— Fikir ve Sanat Eserlerinin Tespit Edildiği Materyallerin Dolum, Çoğaltım ve Satışını Yapan veya Yayan İşletmelerin Sertifikalandırılmasına İlişkin Usul ve Esaslar Hakkında Yönetmelikte Değişiklik Yapılmasına Dair Yönetmelik",https://www.resmigazete.gov.tr/eskiler/2005/09/20050920-7.htm
2005-09-20,— İhracat Yönetmeliğinde Değişiklik Yapılmasına Dair Yönetmelik,https://www.resmigazete.gov.tr/eskiler/2005/09/20050920-8.htm
2005-09-20,— Yükseköğretim Kurumlarında Akademik Değerlendirme ve Kalite Geliştirme Yönetmeliği,https://www.resmigazete.gov.tr/eskiler/2005/09/20050920-9.htm
2005-09-20,— Yükseköğretim Kurumları Öğrenci Konseyleri ve Yükseköğretim Kurumları Ulusal Öğrenci Konseyi Yönetmeliği,https://www.resmigazete.gov.tr/eskiler/2005/09/20050920-10.htm
2005-09-20,— Görev Dağılımı ile İlgili 2005/24 Sayılı Başbakanlık Genelgesi,https://www.resmigazete.gov.tr/eskiler/2005/09/20050920-11.htm
2005-09-20,"— Alkol Geri Kazanımı Amacıyla Etil Alkol veya Metanol İçeren Ürün, Yan Ürün ve Üretim Artıklarını İşleme Tesislerine İlişkin Tütün, Tütün Mamulleri ve Alkollü İçkiler Piyasası Düzenleme Kurulu Kararı (No: 1973)",https://www.resmigazete.gov.tr/eskiler/2005/09/20050920-12.htm
2005-09-21,2005/9358 Kültür ve Turizm Bakanlığına Ait Dolu ve Boş Kadrolarda Değişiklik Yapılması Hakkında Karar,https://www.resmigazete.gov.tr/eskiler/2005/09/20050921-1.htm
2005-09-21,"— Yükseköğretim Kurulu Üyeliğine, Orta Doğu Teknik Üniversitesi Öğretim Üyesi Prof. Dr. Fikret ŞENSES’in Seçilmesine Dair Karar (No: 2005/23)",https://www.resmigazete.gov.tr/eskiler/2005/09/20050921-2.htm
2005-09-21,— Bayındırlık ve İskân Bakanlığına Ait Atama Kararı,https://www.resmigazete.gov.tr/eskiler/2005/09/20050921-3.htm
2005-09-21,"— Türk Mühendis ve Mimar Odaları Birliği Maden Mühendisleri Odası Serbest Maden Mühendisliği Hizmetleri Uygulama, Tescil, Denetim ve Belgelendirme Yönetmeliği",https://www.resmigazete.gov.tr/eskiler/2005/09/20050921-4.htm
2005-09-21,— İşkolu Tespit Kararı (No: 2005/44),https://www.resmigazete.gov.tr/eskiler/2005/09/20050921-5.htm
2005-09-21,— İşkolu Tespit Kararı (No: 2005/45),https://www.resmigazete.gov.tr/eskiler/2005/09/20050921-6.htm
2005-09-21,— Bazı Çeltik ve Pirinç Türlerinin İthalatında Tarife Kontenjanı Uygulanmasına İlişkin Tebliğ,https://www.resmigazete.gov.tr/eskiler/2005/09/20050921-7.htm
2005-09-22,2005/9333 Türkiye Cumhuriyeti ile Avrupa Topluluğu Arasında Akdedilen “Gençlik Programı Ülke Merkezli Faaliyetler Hakkında Anlaşma”nın Onaylanması Hakkında Karar,https://www.resmigazete.gov.tr/eskiler/2005/09/20050922-1.htm
2005-09-22,"— Devlet Bakanı ve Başbakan Yardımcısı Mehmet Ali ŞAHİN’e, Devlet Bakanı Mehmet AYDIN’ın Vekâlet Etmesine Dair Tezkere",https://www.resmigazete.gov.tr/eskiler/2005/09/20050922-2.htm
2005-09-22,— Tarım Sigortaları Havuzu Çalışma Usul ve Esasları Hakkında Yönetmelik,https://www.resmigazete.gov.tr/eskiler/2005/09/20050922-3.htm
2005-09-22,— Tarım Sigortaları Uygulama Yönetmeliği,https://www.resmigazete.gov.tr/eskiler/2005/09/20050922-4.htm
2005-09-22,— Dış Ticarette Standardizasyon Tebliğinde Değişiklik Yapılması Hakkında Tebliğ (No: 2005/29),https://www.resmigazete.gov.tr/eskiler/2005/09/20050922-5.htm
2005-09-23,"— Devlet Bakanı ve Başbakan Yardımcısı Abdüllatif ŞENER’e, Maliye Bakanı Kemal UNAKITAN’ın Vekâlet Etmesine Dair Tezkere",https://www.resmigazete.gov.tr/eskiler/2005/09/20050923-1.htm
2005-09-23,"— Devlet Bakanı Ali BABACAN’a, Çevre ve Orman Bakanı Osman PEPE’nin Vekâlet Etmesine Dair Tezkere",https://www.resmigazete.gov.tr/eskiler/2005/09/20050923-2.htm
2005-09-23,"— Sporcu Lisans, Tescil, Vize ve Transfer Yönetmeliğinde Değişiklik Yapılmasına Dair Yönetmelik",https://www.resmigazete.gov.tr/eskiler/2005/09/20050923-3.htm
2005-09-23,— Dışişleri Bakanlığı Stratejik Araştırmalar Merkezi Yönetmeliğinde Değişiklik Yapılmasına Dair Yönetmelik,https://www.resmigazete.gov.tr/eskiler/2005/09/20050923-4.htm
2005-09-23,— Türk Mühendis ve Mimar Odaları Birliği Gemi Makinaları İşletme Mühendisleri Odası Ana Yönetmeliği,https://www.resmigazete.gov.tr/eskiler/2005/09/20050923-5.htm
2005-09-23,— İthalatta Haksız Rekabetin Önlenmesine İlişkin Tebliğ (No: 2005/22),https://www.resmigazete.gov.tr/eskiler/2005/09/20050923-6.htm
2005-09-23,— 2003/3 Sayılı Türk Ürünlerinin Yurtdışında Markalaşması ve Türk Malı İmajının Yerleştirilmesine Yönelik Faaliyetlerin Desteklenmesi Hakkında Tebliğ'de Değişiklik Yapılmasına Dair Tebliğ (No: 2005/2),https://www.resmigazete.gov.tr/eskiler/2005/09/20050923-7.htm
2005-09-24,2005/9361 2005 Dönemi Haşhaş Kapsülü ve Tohumu Alımı ve Satımı Hakkında Kararın Yürürlüğe Konulması Hakkında Karar,https://www.resmigazete.gov.tr/eskiler/2005/09/20050924-1.htm
2005-09-24,2005/9388 Kamu Kurum ve Kuruluşlarındaki Geçici Mahiyetteki İşleri Yürütmek Üzere Geçici Personel İstihdamı ve Bu Personelde Aranacak Şartlar Hakkındaki Kararın Yürürlüğe Konulması Hakkında Karar,https://www.resmigazete.gov.tr/eskiler/2005/09/20050924-2.htm
2005-09-24,— Danıştay Üyeliğine Ait 4 Adet Karar,https://www.resmigazete.gov.tr/eskiler/2005/09/20050924-3.htm
2005-09-24,— Sağlık Bakanlığı ile Ulaştırma Bakanlıklarına Ait Atama Kararı,https://www.resmigazete.gov.tr/eskiler/2005/09/20050924-4.htm
2005-09-24,— Doğal Gaz Piyasası Dağıtım ve Müşteri Hizmetleri Yönetmeliğinde Değişiklik Yapılmasına Dair Yönetmelik,https://www.resmigazete.gov.tr/eskiler/2005/09/20050924-5.htm
2005-09-24,"— Tütün Mamulleri İle İlgili Fabrikaların Kurulmasına, Bu Mamullerin Üretimine, İç ve Dış Ticareti ve Denetlenmesine İlişkin Usul ve Esaslar Hakkında Yönetmelikte Değişiklik Yapılmasına Dair Yönetmelik",https://www.resmigazete.gov.tr/eskiler/2005/09/20050924-6.htm
2005-09-24,— Ege Üniversitesi Eğitim-Öğretim Yönetmeliğinde Değişiklik Yapılmasına Dair Yönetmelik,https://www.resmigazete.gov.tr/eskiler/2005/09/20050924-7.htm
2005-09-25,"— Sanayi ve Ticaret Bakanlığına, İçişleri Bakanı Abdülkadir AKSU’nun Vekâlet Etmesine Dair Tezkere",https://www.resmigazete.gov.tr/eskiler/2005/09/20050925-1.htm
2005-09-25,— Afet Harcamaları Yönetmeliği,https://www.resmigazete.gov.tr/eskiler/2005/09/20050925-2.htm
2005-09-25,— Tarımsal Üretici Birlikleri ile Tarımsal Üretici Merkez Birliklerinin Denetlenmesine İlişkin Yönetmelik,https://www.resmigazete.gov.tr/eskiler/2005/09/20050925-3.htm
2005-09-25,— Personel Atama İşlemleri ile İlgili 2005/25 Sayılı Başbakanlık Genelgesi,https://www.resmigazete.gov.tr/eskiler/2005/09/20050925-4.htm
2005-09-26,"— Başbakanlığa, Dışişleri Bakanı ve Başbakan Yardımcısı Abdullah GÜL’ün Vekâlet Etmesine Dair Tezkere",https://www.resmigazete.gov.tr/eskiler/2005/09/20050926-1.htm
2005-09-26,"— Devlet Bakanı Beşir ATALAY’a, Devlet Bakanı Nimet ÇUBUKÇU’nun Vekâlet Etmesine Dair Tezkere",https://www.resmigazete.gov.tr/eskiler/2005/09/20050926-2.htm
2005-09-26,"— Devlet Bakanı Kürşad TÜZMEN’e, Milli Savunma Bakanı M. Vecdi GÖNÜL’ün Vekâlet Etmesine Dair Tezkere",https://www.resmigazete.gov.tr/eskiler/2005/09/20050926-3.htm
2005-09-26,— Kadastro Çalışma Alanının Belirlenmesi Hakkında Yönetmelikte Değişiklik Yapılmasına Dair Yönetmelik,https://www.resmigazete.gov.tr/eskiler/2005/09/20050926-4.htm
2005-09-26,— Kadastro İlanları Hakkında Yönetmelikte Değişiklik Yapılmasına Dair Yönetmelik,https://www.resmigazete.gov.tr/eskiler/2005/09/20050926-5.htm
2005-09-26,— Kadastro Çalışmalarında Taksim Sebebiyle Ayırma ve Birleştirmeler Hakkında Yönetmelikte Değişiklik Yapılmasına Dair Yönetmelik,https://www.resmigazete.gov.tr/eskiler/2005/09/20050926-6.htm
2005-09-26,"— Taşınmaz Malların Sınırlandırma, Tespit ve Kontrol İşleri Hakkındaki Yönetmelikte Değişiklik Yapılmasına Dair Yönetmelik",https://www.resmigazete.gov.tr/eskiler/2005/09/20050926-7.htm
2005-09-26,— İtirazları İnceleyecek Kadastro Komisyonunun Kuruluşu ve Görevleri Hakkında Yönetmelikte Değişiklik Yapılmasına Dair Yönetmelik,https://www.resmigazete.gov.tr/eskiler/2005/09/20050926-8.htm
2005-09-26,— Ege Üniversitesi Öğretim Üyesi Yetiştirme Programı Yönetmeliği,https://www.resmigazete.gov.tr/eskiler/2005/09/20050926-9.htm
2005-09-27,2005/9371 Türkiye-Yunanistan Kara Ulaştırma Karma Komisyon Toplantısı Protokolü’nün Onaylanması Hakkında Karar,https://www.resmigazete.gov.tr/eskiler/2005/09/20050927-1.htm
2005-09-27,"— Sağlık Bakanlığına, Milli Eğitim Bakanı Hüseyin ÇELİK’in Vekâlet Etmesine Dair Tezkere",https://www.resmigazete.gov.tr/eskiler/2005/09/20050927-2.htm
2005-09-27,"— Çevre ve Orman Bakanlığına, Enerji ve Tabii Kaynaklar Bakanı M.Hilmi GÜLER’in Vekâlet Etmesine Dair Tezkere",https://www.resmigazete.gov.tr/eskiler/2005/09/20050927-3.htm
2005-09-27,"— Devlet, Maliye ve Ulaştırma Bakanlıklarına Ait Atama Kararları",https://www.resmigazete.gov.tr/eskiler/2005/09/20050927-4.htm
2005-09-28,2005/9378 Tarım Reformu Uygulama Alanı Toprak Normu Esasları’nın Yürürlüğe Konulması Hakkında Karar,https://www.resmigazete.gov.tr/eskiler/2005/09/20050928-1.htm
2005-09-28,"— Devlet Bakanı ve Başbakan Yardımcısı Abdüllatif ŞENER’e, Maliye Bakanı Kemal UNAKITAN’ın Vekâlet Etmesine Dair Tezkere",https://www.resmigazete.gov.tr/eskiler/2005/09/20050928-2.htm
2005-09-28,"— Adalet Bakanlığına, Devlet Bakanı ve Başbakan Yardımcısı Mehmet Ali ŞAHİN’in Vekâlet Etmesine Dair Tezkere",https://www.resmigazete.gov.tr/eskiler/2005/09/20050928-3.htm
2005-09-28,— Ulaştırma Bakanlığına Ait Atama Kararı,https://www.resmigazete.gov.tr/eskiler/2005/09/20050928-9.htm
2005-09-28,— Esnaf ve Sanatkarlar Meslek Kuruluşlarının Genel Kurul Toplantıları ve Bu Toplantılarda Bulundurulacak Bakanlık Temsilcileri veya Hükümet Komiserleri Yönetmeliğinde Değişiklik Yapılmasına Dair Yönetmelik,https://www.resmigazete.gov.tr/eskiler/2005/09/20050928-4.htm
2005-09-28,— 24/11/1994 Tarihli ve 4046 Sayılı Kanun Çerçevesinde Nakledilecek Personel Hakkında Tebliğde Değişiklik Yapılmasına Dair Tebliğ,https://www.resmigazete.gov.tr/eskiler/2005/09/20050928-5.htm
2005-09-28,— Açık Alanda Kullanılan Teçhizat Tarafından Oluşturulan Çevredeki Gürültü Emisyonu İçin Uygunluk Değerlendirme ile Onaylanmış Kuruluş Görevlendirilmesinde Esas Alınan Temel Kriterlere Dair Tebliğ (No: SGM/2005/18),https://www.resmigazete.gov.tr/eskiler/2005/09/20050928-6.htm
2005-09-28,— 2005 Yılı Ağustos Ayına Ait Yatırım Teşvik Belgelerinin Sektörel Dağılımı Hakkında Tebliğ,https://www.resmigazete.gov.tr/eskiler/2005/09/20050928-7.pdf
2005-09-28,— 2005 Yılı Ağustos Ayına Ait Belgeler ve Yararlandırılan Teşvik Unsurları Hakkında Tebliğ,https://www.resmigazete.gov.tr/eskiler/2005/09/20050928-8.pdf
2005-09-29,"2005/9374 3083 Sayılı Sulama Alanlarında Arazi Düzenlenmesine Dair Tarım Reformu Kanunu Uyarınca Uygulama Alanı İlan Edilen,Şanlıurfa İlindeki Bazı Yerleşim Yerlerinin Ana Köyden Ayrılarak Bağımsız Köy Haline Getirilmeleri Hakkında Karar",https://www.resmigazete.gov.tr/eskiler/2005/09/20050929-1.htm
2005-09-29,"— Sanayi ve Ticaret Bakanlığına,İçişleri Bakanı Abdülkadir AKSU’nun Vekâlet Etmesine Dair Tezkere",https://www.resmigazete.gov.tr/eskiler/2005/09/20050929-2.htm
2005-09-29,2005/9395 Belçika Krallığı nezdinde Türkiye Cumhuriyeti Büyükelçisi Rasih Erkan GEZER’in Merkeze Atanmasına Dair Karar,https://www.resmigazete.gov.tr/eskiler/2005/09/20050929-3.htm
2005-09-29,"— Belediyelerin Arsa, Konut ve İşyeri Üretimi, Tahsisi, Kiralaması ve Satışına Dair Genel Yönetmelik",https://www.resmigazete.gov.tr/eskiler/2005/09/20050929-4.htm
2005-09-29,— Karayolu Taşımacılık Faaliyetleri Mesleki Yeterlilik Eğitimi Yönetmeliğinde Değişiklik Yapılmasına Dair Yönetmelik,https://www.resmigazete.gov.tr/eskiler/2005/09/20050929-5.htm
2005-09-29,— Türkiye Vagon Sanayi Anonim Şirketi’nin (Tüvasaş Genel Müdürlüğü) 4734 Sayılı Kamu İhale Kanununun 3/g Maddesi Kapsamında Yapacağı Mal ve Hizmet Alımları İçin Satınalma ve İhale Yönetmeliğinde Değişiklik Yapılmasına Dair Yönetmelik,https://www.resmigazete.gov.tr/eskiler/2005/09/20050929-6.htm
2005-09-29,— Sosyal Sigortalar Kurumu Genel Kurul Temsilcilerinin Seçimi ve Genel Kurulun Çalışma Usul ve Esasları Hakkında Yönetmelikte Değişiklik Yapılmasına Dair Yönetmelik,https://www.resmigazete.gov.tr/eskiler/2005/09/20050929-7.htm
2005-09-29,— Asgari İşçilik Tespit Komisyonunca Belirlenen Çeşitli İşkollarına Ait Asgari İşçilik Oranlarını Gösterir Tebliğ,https://www.resmigazete.gov.tr/eskiler/2005/09/20050929-8.htm
2005-09-29,"— Anayasa Mahkemesinin E: 2005/95 (5393 Sayılı Belediye Kanunu ile İlgili), K: 2005/14 Sayılı Kararı",https://www.resmigazete.gov.tr/eskiler/2005/09/20050929-9.htm
2005-09-30,2005/9373 Türkiye Cumhuriyeti ile Fas Krallığı Arasındaki Serbest Ticaret Anlaşması’nın eki “Menşeli Ürünler” Kavramının Tanımı ve İdari İşbirliği Yöntemleri Protokol No. III’ün Değiştirilmesine İlişkin Notaların Onaylanması Hakkında Karar,https://www.resmigazete.gov.tr/eskiler/2005/09/20050930-1.htm
2005-09-30,"— Devlet Bakanı Mehmet AYDIN’a, Devlet Bakanı Beşir ATALAY’ın Vekâlet Etmesine Dair Tezkere",https://www.resmigazete.gov.tr/eskiler/2005/09/20050930-2.htm
2005-09-30,— İçişleri Bakanlığına Ait Atama Kararı,https://www.resmigazete.gov.tr/eskiler/2005/09/20050930-3.htm
2005-09-30,— Türkiye Barolar Birliği Sosyal Yardım ve Dayanışma Fonu Yönetmeliği,https://www.resmigazete.gov.tr/eskiler/2005/09/20050930-4.htm
2005-09-30,— Türk Standardları Enstitüsü Personel Yönetmeliğinde Değişiklik Yapılmasına Dair Yönetmelik,https://www.resmigazete.gov.tr/eskiler/2005/09/20050930-5.htm
2005-10-01,"— Devlet Bakanı Kürşad TÜZMEN’e, Sanayi ve Ticaret Bakanı Ali COŞKUN’un Vekâlet Etmesine Dair Tezkere",https://www.resmigazete.gov.tr/eskiler/2005/10/20051001-1.htm
2005-10-01,"— Adalet, Çalışma ve Sosyal Güvenlik ile Kültür ve Turizm Bakanlıklarına Ait Atama Kararları",https://www.resmigazete.gov.tr/eskiler/2005/10/20051001-2.htm
2005-10-01,— Hazine Müsteşarlığı Hazine Uzman Yardımcılığı Giriş Sınavı ile Hazine Uzmanlığı Yeterlik Sınavına İlişkin Yönetmelikte Değişiklik Yapılması Hakkınd a Yönetmelik,https://www.resmigazete.gov.tr/eskiler/2005/10/20051001-3.htm
2005-10-01,— Tapu ve Kadastro Genel Müdürlüğü Disiplin Amirleri Yönetmeliğinde Değişiklik Yapılmasına Dair Yönetmelik,https://www.resmigazete.gov.tr/eskiler/2005/10/20051001-4.htm
2005-10-01,— Enerji ve Tabii Kaynaklar Bakanlığı Arşiv Hizmetleri Yönetmeliğinin Yürürlükten Kaldırılmasına Dair Yönetmelik,https://www.resmigazete.gov.tr/eskiler/2005/10/20051001-5.htm
2005-10-01,— Mecburi Standardın Yürürlükten Kaldırılmasına Dair Tebliğ (No: ÖSG-2005/16),https://www.resmigazete.gov.tr/eskiler/2005/10/20051001-6.htm
2005-10-01,"— Anayasa Mahkemesinin E: 2005/78 (5362 sayılı Esnaf ve Sanatkârlar Meslek Kuruluşları Kanunu ile İlgili), K: 2005/15 Sayılı Kararı",https://www.resmigazete.gov.tr/eskiler/2005/10/20051001-7.htm
2005-10-02,— Türkiye İzcilik Federasyonu İzcilik Yönetmeliği,https://www.resmigazete.gov.tr/eskiler/2005/10/20051002-1.htm
2005-10-02,— Galatasaray Üniversitesi Öğretim ve Sınav Genel Yönetmeliğinde Değişiklik Yapılmasına Dair Yönetmelik,https://www.resmigazete.gov.tr/eskiler/2005/10/20051002-2.htm
2005-10-03,"— Dışişleri Bakanlığı ve Başbakan Yardımcılığına, Milli Savunma Bakanı M. Vecdi GÖNÜL’ün Vekâlet Etmesine Dair Tezkere",https://www.resmigazete.gov.tr/eskiler/2005/10/20051003-1.htm
2005-10-03,"— Devlet Bakanı Ali BABACAN’a, Çevre ve Orman Bakanı Osman PEPE’nin Vekâlet Etmesine Dair Tezkere",https://www.resmigazete.gov.tr/eskiler/2005/10/20051003-2.htm
2005-10-03,— Maltepe Üniversitesi Atatürk İlkeleri ve İnkılap Tarihi Araştırma ve Uygulama Merkezi Yönetmeliği,https://www.resmigazete.gov.tr/eskiler/2005/10/20051003-3.htm
2005-10-03,— Gümrük Genel Tebliği (Serbest Dolaşıma Giriş Rejimi) (Seri No: 2),https://www.resmigazete.gov.tr/eskiler/2005/10/20051003-4.htm
2005-10-03,— Gümrük Genel Tebliği’nde Değişiklik Yapılmasına Dair Tebliğ (Gümrük İşlemleri) (Seri No: 43),https://www.resmigazete.gov.tr/eskiler/2005/10/20051003-5.htm
2005-10-04,"— Devlet Bakanı Kürşad TÜZMEN’e, Sanayi ve Ticaret Bakanı Ali COŞKUN’un Vekâlet Etmesine Dair Tezkere",https://www.resmigazete.gov.tr/eskiler/2005/10/20051004-1.htm
2005-10-04,— Türk İşbirliği ve Kalkınma İdaresi Başkanlığı Personeli Görevde Yükselme ve Unvan Değişikliği Yönetmeliği,https://www.resmigazete.gov.tr/eskiler/2005/10/20051004-2.htm
2005-10-04,— Yenilenebilir Enerji Kaynak Belgesi Verilmesine İlişkin Usul ve Esaslar Hakkında Yönetmelik,https://www.resmigazete.gov.tr/eskiler/2005/10/20051004-3.htm
2005-10-05,2005/9400 Devlet Su İşleri Genel Müdürlüğü XVII.Bölge Müdürlüğüne (Van) Bağlı Erozyon ve Rüsubat Kontrolü Şube Müdürlüğünün Kaldırılması Hakkında Karar,https://www.resmigazete.gov.tr/eskiler/2005/10/20051005-1.htm
2005-10-05,2005/9405 Bazı Alanların Teknoloji Geliştirme Bölgesi Olarak Tespit Edilmesine İlişkin 11/12/2002 Tarihli ve 2002/4965 Sayılı Kararnamenin Eki (I) Sayılı Harita ve Tablonun Ekli Harita ve Tabloda Gösterildiği Şekilde Değiştirilmesine Dair Karar,https://www.resmigazete.gov.tr/eskiler/2005/10/20051005-2.htm
2005-10-05,— Hâkimler ve Savcılar Yüksek Kurulunun 2005/234 Sayılı Atama Kararı,https://www.resmigazete.gov.tr/eskiler/2005/10/20051005-3.htm
2005-10-05,— Devlet Opera ve Balesi Genel Müdürlüğü Personeli Görevde Yükselme ve Unvan Değişikliği Yönetmeliği,https://www.resmigazete.gov.tr/eskiler/2005/10/20051005-4.htm
2005-10-05,— İşkolu Tespit Kararı (No: 2005/46),https://www.resmigazete.gov.tr/eskiler/2005/10/20051005-5.htm
2005-10-05,— İşkolu Tespit Kararı (No: 2005/47),https://www.resmigazete.gov.tr/eskiler/2005/10/20051005-6.htm
2005-10-06,"— Devlet Bakanı Kürşad TÜZMEN’e, Sanayi ve Ticaret Bakanı Ali COŞKUN’un Vekâlet Etmesine Dair Tezkere",https://www.resmigazete.gov.tr/eskiler/2005/10/20051006-1.htm
2005-10-06,— Et ve Balık Ürünleri A.Ş. Genel Müdürlüğünün Tarım ve Köyişleri Bakanlığı ile İlgilendirilmesine Dair İşlem,https://www.resmigazete.gov.tr/eskiler/2005/10/20051006-2.htm
2005-10-06,"— Millî Savunma, Milli Eğitim, Sağlık, Sanayi ve Ticaret ile Kültür ve Turizm Bakanlıklarına Ait Atama Kararları",https://www.resmigazete.gov.tr/eskiler/2005/10/20051006-3.htm
2005-10-06,— Maltepe Üniversitesi Ön Lisans ve Lisans Eğitim-Öğretim ve Sınav Yönetmeliği,https://www.resmigazete.gov.tr/eskiler/2005/10/20051006-4.htm
2005-10-06,— Süleyman Demirel Üniversitesi Sağlık Araştırma ve Uygulama Merkezi Yönetmeliği,https://www.resmigazete.gov.tr/eskiler/2005/10/20051006-5.htm
2005-10-06,— İşkolu Tespit Kararı (No: 2005/48),https://www.resmigazete.gov.tr/eskiler/2005/10/20051006-6.htm
2005-10-06,— Toplu Konut Yapımcılarına Kredi Açılmasına İlişkin Tebliğ (No: 2005/1),https://www.resmigazete.gov.tr/eskiler/2005/10/20051006-7.htm
2005-10-07,— Millî Savunma Bakanlığına Ait Atama Kararları,https://www.resmigazete.gov.tr/eskiler/2005/10/20051007-1.htm
2005-10-07,— Sınır Tespitine Dair Üç Adet Karar,https://www.resmigazete.gov.tr/eskiler/2005/10/20051007-2.htm
2005-10-07,— T.C.Emekli Sandığı Genel Müdürlüğü Sicil Amirleri Yönetmeliğinde Değişiklik Yapılmasına Dair Yönetmelik,https://www.resmigazete.gov.tr/eskiler/2005/10/20051007-3.htm
2005-10-07,— T.C. Emekli Sandığı Genel Müdürlüğü Disiplin Amirleri Yönetmeliğinde Değişiklik Yapılmasına Dair Yönetmelik,https://www.resmigazete.gov.tr/eskiler/2005/10/20051007-4.htm
2005-10-07,— Türkiye Atom Enerjisi Kurumu Başkanlığı Muhasebe Yönetmeliğinin Yürürlükten Kaldırılmasına Dair Yönetmelik,https://www.resmigazete.gov.tr/eskiler/2005/10/20051007-5.htm
2005-10-07,— Türkiye Atom Enerjisi Kurumu Yayın Yönetmeliğinin Yürürlükten Kaldırılmasına Dair Yönetmelik,https://www.resmigazete.gov.tr/eskiler/2005/10/20051007-6.htm
2005-10-07,— Sinema Filmlerinin Desteklenmesi Hakkında Yönetmelikte Değişiklik Yapılmasına Dair Yönetmelik,https://www.resmigazete.gov.tr/eskiler/2005/10/20051007-7.htm
2005-10-07,— Türk Gıda Kodeksi Yenilebilir Buzlu Ürünler Tebliği (No: 2005/43),https://www.resmigazete.gov.tr/eskiler/2005/10/20051007-8.htm
2005-10-08,2005/9446 İthalat Rejimi Kararına Ek Karar,https://www.resmigazete.gov.tr/eskiler/2005/10/20051008-1.htm
2005-10-08,"2005/9481 Türksat Uydu Haberleşme ve Kablo TV İşletme A.Ş. Tarafından Uydu Tedariki, Fırlatılması, Uydu Üretilmesi ve Şirket Kurulmasına İlişkin Esasların Yürürlüğe Konulması Hakkında Karar",https://www.resmigazete.gov.tr/eskiler/2005/10/20051008-2.htm
2005-10-08,— Millî Eğitim ile Tarım ve Köyişleri Bakanlıklarına Ait Atama Kararları,https://www.resmigazete.gov.tr/eskiler/2005/10/20051008-3.htm
2005-10-08,— İç Denetim Koordinasyon Kurulunun Çalışma Usul ve Esasları Hakkında Yönetmelik,https://www.resmigazete.gov.tr/eskiler/2005/10/20051008-4.htm
2005-10-08,"— İç Denetçi Adayları Belirleme, Eğitim ve Sertifika Yönetmeliği",https://www.resmigazete.gov.tr/eskiler/2005/10/20051008-5.htm
2005-10-08,— Köy Bazlı Katılımcı Yatırım Programlarının Desteklenmesi Yönetmeliğinde Değişiklik Yapılmasına Dair Yönetmelik,https://www.resmigazete.gov.tr/eskiler/2005/10/20051008-6.htm
2005-10-08,"— Hububat, Baklagiller ve Yağlı Tohumlar Lisanslı Depo Yönetmeliği",https://www.resmigazete.gov.tr/eskiler/2005/10/20051008-7.htm
2005-10-08,"— Yetkili Sınıflandırıcıların Lisans Alma, Faaliyet ve Denetimi Hakkında Yönetmelik",https://www.resmigazete.gov.tr/eskiler/2005/10/20051008-8.htm
2005-10-08,— Elektronik Ürün Senedi Yönetmeliği,https://www.resmigazete.gov.tr/eskiler/2005/10/20051008-9.htm
2005-10-08,— Pamuk Lisanslı Depo Yönetmeliği,https://www.resmigazete.gov.tr/eskiler/2005/10/20051008-10.htm
2005-10-08,— Türkiye Kömür İşletmeleri Kurumu Genel Müdürlüğü Personeli Görevde Yükselme ve Unvan Değişikliği Yönetmeliği,https://www.resmigazete.gov.tr/eskiler/2005/10/20051008-11.htm
2005-10-09,"— İçişleri Bakanlığına, Milli Savunma Bakanı M.Vecdi GÖNÜL’ün Vekâlet Etmesine Dair Tezkere",https://www.resmigazete.gov.tr/eskiler/2005/10/20051009-1.htm
2005-10-09,— Sosyal Yardımlaşma ve Dayanışma Genel Müdürlüğü Personeli Görevde Yükselme ve Unvan Değişikliği Yönetmeliği,https://www.resmigazete.gov.tr/eskiler/2005/10/20051009-2.htm
2005-10-09,— Belediye Meclisi Çalışma Yönetmeliği,https://www.resmigazete.gov.tr/eskiler/2005/10/20051009-3.htm
2005-10-09,— İl Genel Meclisi Çalışma Yönetmeliği,https://www.resmigazete.gov.tr/eskiler/2005/10/20051009-4.htm
2005-10-09,— İl Özel İdaresi ve Belediye Hizmetlerine Gönüllü Katılım Yönetmeliği,https://www.resmigazete.gov.tr/eskiler/2005/10/20051009-5.htm
2005-10-09,— Türkiye Kömür İşletmeleri Kurumu Genel Müdürlüğü Sözleşmeli Personel Sicil Amirleri Yönetmeliği,https://www.resmigazete.gov.tr/eskiler/2005/10/20051009-6.htm
2005-10-09,— Türkiye Kömür İşletmeleri Kurumu Genel Müdürlüğü Personeli Disiplin Amirleri Yönetmeliği,https://www.resmigazete.gov.tr/eskiler/2005/10/20051009-7.htm
2005-10-09,— Erciyes Üniversitesi Hukuk Fakültesi Eğitim-Öğretim Yönetmeliği,https://www.resmigazete.gov.tr/eskiler/2005/10/20051009-8.htm
2005-10-10,"— Devlet Bakanı ve Başbakan Yardımcısı Mehmet Ali ŞAHİN’e, Devlet Bakanı Mehmet AYDIN’ın Vekâlet Etmesine Dair Tezkere",https://www.resmigazete.gov.tr/eskiler/2005/10/20051010-1.htm
2005-10-10,— Ulaştırma Bakanlığı Sicil Amirleri Yönetmeliği,https://www.resmigazete.gov.tr/eskiler/2005/10/20051010-2.htm
2005-10-10,— Ulaştırma Bakanlığı Disiplin Amirleri Yönetmeliği,https://www.resmigazete.gov.tr/eskiler/2005/10/20051010-3.htm
2005-10-10,— Türkiye Kömür İşletmeleri Kurumu Genel Müdürlüğü Memurları Sicil Amirleri Yönetmeliği,https://www.resmigazete.gov.tr/eskiler/2005/10/20051010-4.htm
2005-10-10,— Devlet Tiyatroları Genel Müdürlüğü Personeli Görevde Yükselme ve Unvan Değişikliği Yönetmeliği,https://www.resmigazete.gov.tr/eskiler/2005/10/20051010-5.htm
2005-10-11,"2005/9442 Türkiye Cumhuriyeti Milli Eğitim Bakanlığı ile Kuzey Kıbrıs Türk Cumhuriyeti Milli Eğitim ve Kültür Bakanlığı Arasında Eğitim, Bilim ve Teknik İşbirliği Protokolü’nün Onaylanması Hakkında Karar",https://www.resmigazete.gov.tr/eskiler/2005/10/20051011-1.htm
2005-10-11,2005/9444 Türk İşbirliği ve Kalkınma İdaresi Başkanlığı ve Birleşmiş Milletler Kalkınma Programı Bratislava Bölgesel Merkezi Arasında Bratislava'daki UNDP Bölgesel Merkezindeki Geçici Görevlendirmelere İlişkin Mutabakat Zaptı’nın Onaylanması Hakkında Karar,https://www.resmigazete.gov.tr/eskiler/2005/10/20051011-2.htm
2005-10-11,2005/9438 Emniyet Genel Müdürlüğünün Taşra Teşkilatı İçin 35 Adet Şube Müdürlüğünün Kurulması Hakkında Karar,https://www.resmigazete.gov.tr/eskiler/2005/10/20051011-3.htm
2005-10-11,2005/9449 Savunma Sanayii Müsteşarlığına Ait Dolu ve Boş Kadrolarda Değişiklik Yapılması Hakkında Karar,https://www.resmigazete.gov.tr/eskiler/2005/10/20051011-4.htm
2005-10-11,"— İçişleri Bakanlığına, Milli Savunma Bakanı M. Vecdi GÖNÜL’ün Vekâlet Etmesine Dair Tezkerenin İşlemden Kaldırılmasına Dair Tezkere",https://www.resmigazete.gov.tr/eskiler/2005/10/20051011-5.htm
2005-10-11,"— Dışişleri Bakanlığı ve Başbakan Yardımcılığına, Devlet Bakanı Beşir ATALAY’ın Vekâlet Etmesine Dair Tezkere",https://www.resmigazete.gov.tr/eskiler/2005/10/20051011-6.htm
2005-10-11,"— Başbakanlık, Devlet Bakanı ve Başbakan Yardımcılığı, İçişleri, Millî Eğitim, Bayındırlık ve İskan, Sağlık, Tarım ve Köyişleri, Sanayi ve Ticaret ile Çevre ve Orman Bakanlıklarına Ait Atama Kararları",https://www.resmigazete.gov.tr/eskiler/2005/10/20051011-7.htm
2005-10-11,2005/9428 Jandarma Teşkilatı Görev ve Yetkileri Yönetmeliğinde Değişiklik Yapılmasına Dair Yönetmelik,https://www.resmigazete.gov.tr/eskiler/2005/10/20051011-8.htm
2005-10-11,— 1164 Sayılı Arsa Üretimi ve Değerlendirilmesi Hakkında Kanunun 11 inci Maddesinin Uygulanmasına İlişkin Yönetmelik,https://www.resmigazete.gov.tr/eskiler/2005/10/20051011-9.htm
2005-10-11,— 1 mg’dan 50 kg’a Kadar Üst-Orta Doğruluktaki Ağırlıklara Dair Yönetmelikte Değişiklik Yapılması Hakkında Yönetmelik (74/148/AT),https://www.resmigazete.gov.tr/eskiler/2005/10/20051011-10.htm
2005-10-11,"— Çankaya Üniversitesi Önlisans, Lisans Eğitim-Öğretim ve Sınav Değerlendirme Esaslarına İlişkin Yönetmelikte Değişiklik Yapılmasına Dair Yönetmelik",https://www.resmigazete.gov.tr/eskiler/2005/10/20051011-11.htm
2005-10-12,5404 Karadeniz Ekonomik İşbirliği Ülkeleri Hükümetleri Arasında Doğal ve İnsanlardan Kaynaklanan Afetlerde Acil Yardım ve Acil Müdahale Anlaşmasına Katılmamızın Uygun Bulunduğuna Dair Kanun,https://www.resmigazete.gov.tr/eskiler/2005/10/20051012-1.htm
2005-10-12,5405 Türkiye Cumhuriyeti Hükümeti ve İran İslâm Cumhuriyeti Hükümeti Arasında Turizm Alanında İşbirliği Mutabakat Zaptının Onaylanmasının Uygun Bulunduğuna Dair Kanun,https://www.resmigazete.gov.tr/eskiler/2005/10/20051012-2.htm
2005-10-12,5406 Türkiye Cumhuriyeti Hükümeti ile Bulgaristan Cumhuriyeti Hükümeti Arasında Deniz Ticareti Anlaşmasının Onaylanmasının Uygun Bulunduğuna Dair Kanun,https://www.resmigazete.gov.tr/eskiler/2005/10/20051012-3.htm
2005-10-12,5407 Türkiye Cumhuriyeti Kültür ve Turizm Bakanlığı ile İspanya Krallığı Turizm ve Ticaret Devlet Sekreterliği Arasında Turizm Alanında İşbirliği Mutabakat Zaptının Onaylanmasının Uygun Bulunduğuna Dair Kanun,https://www.resmigazete.gov.tr/eskiler/2005/10/20051012-4.htm
2005-10-12,5408 9 Mayıs 1980 Tarihli Uluslararası Demiryolu Taşımalarına İlişkin Sözleşme (COTIF)’ye Değişiklik Getiren 3 Haziran 1999 Tarihli Protokolün Onaylanmasının Uygun Bulunduğuna Dair Kanun,https://www.resmigazete.gov.tr/eskiler/2005/10/20051012-5.htm
2005-10-12,5409 İnsan Haklarını ve Temel Özgürlükleri Koruma Sözleşmesine Ek Ölüm Cezasının Her Koşulda Kaldırılmasına Dair 13 No.lu Protokolün Onaylanmasının Uygun Bulunduğu Hakkında Kanun,https://www.resmigazete.gov.tr/eskiler/2005/10/20051012-6.htm
2005-10-12,5410 Avrupa Orman Enstitüsüne İlişkin Sözleşmenin Onaylanmasının Uygun Bulunduğuna Dair Kanun,https://www.resmigazete.gov.tr/eskiler/2005/10/20051012-7.htm
2005-10-12,2005/9437 Sınırları Belirlenen Alanın “İzmir Çeşme Alaçatı Kültür ve Turizm Koruma ve Gelişim Bölgesi” Olarak Belirlenmesi Hakkında Karar,https://www.resmigazete.gov.tr/eskiler/2005/10/20051012-8.htm
2005-10-12,2005/9464 Ankara Gar ile Esenkent İstasyonları Arasında Yapılacak Yeni Demiryolu Bağlantısı İçin Haritada Gösterilen Güzergahta Yer Alan Gayrimenkullerin Türkiye Cumhuriyeti Devlet Demiryolları İşletmesi Genel Müdürlüğü Tarafından Acele Kamulaştırılması Hakkında Karar,https://www.resmigazete.gov.tr/eskiler/2005/10/20051012-9.htm
2005-10-12,2005/9465 Dumlupınar Üniversitesi Rektörlüğüne Bağlı Olarak Uygulamalı Bilimler Yüksekokulu Kurulması Hakkında Karar,https://www.resmigazete.gov.tr/eskiler/2005/10/20051012-10.htm
2005-10-12,2005/9466 Zonguldak Karaelmas Üniversitesi Rektörlüğüne Bağlı Olarak Deniz İşletmeciliği ve Yönetimi Yüksekokulu Kurulması Hakkında Karar,https://www.resmigazete.gov.tr/eskiler/2005/10/20051012-11.htm
2005-10-12,"2005/9474 Ülkemizin, 15/8/1991 Tarihli ve 91/2150 Sayılı Bakanlar Kurulu Kararı ile Üyesi Olduğu Merkezi Fransa’da Bulunan Uluslararası İpekböcekçiliği Komisyonu Üyeliğinden Ayrılması Hakkında Karar",https://www.resmigazete.gov.tr/eskiler/2005/10/20051012-12.htm
2005-10-12,2005/9479 Sınırları Belirlenen Alanın “Muğla-Milas-Bodrum-Tuzla Gölü Güneyi Turizm Merkezi” Olarak Belirlenmesi ve “Trabzon Çakırgöl Turizm Merkezi”nin Adının “Gümüşhane Çakırgöl Turizm Merkezi” Olarak Değiştirilmesi Hakkında Karar,https://www.resmigazete.gov.tr/eskiler/2005/10/20051012-13.htm
2005-10-12,"— Cumhurbaşkanlığına, Türkiye Büyük Millet Meclisi Başkanı Bülent ARINÇ’ın Vekâlet Etmesine Dair Tezkere",https://www.resmigazete.gov.tr/eskiler/2005/10/20051012-14.htm
2005-10-12,"— Devlet Bakanı Ali BABACAN’a, Çevre ve Orman Bakanı Osman PEPE’nin Vekâlet Etmesine Dair Tezkere",https://www.resmigazete.gov.tr/eskiler/2005/10/20051012-15.htm
2005-10-12,"— Milli Savunma Bakanlığına, İçişleri Bakanı Abdülkadir AKSU’nun Vekâlet Etmesine Dair Tezkere",https://www.resmigazete.gov.tr/eskiler/2005/10/20051012-16.htm
2005-10-12,"— Enerji ve Tabii Kaynaklar Bakanlığına, Ulaştırma Bakanı Binali YILDIRIM’ın Vekâlet Etmesine Dair Tezkere",https://www.resmigazete.gov.tr/eskiler/2005/10/20051012-17.htm
2005-10-12,"— Tarım ve Köyişleri, Çalışma ve Sosyal Güvenlik, Sanayi ve Ticaret ile Kültür ve Turizm Bakanlıklarına Ait Atama Kararları",https://www.resmigazete.gov.tr/eskiler/2005/10/20051012-18.htm
2005-10-12,— Elektrik Üretim Anonim Şirketi Genel Müdürlüğü Personeli Görevde Yükselme ve Unvan Değişikliği Yönetmeliği,https://www.resmigazete.gov.tr/eskiler/2005/10/20051012-19.htm
2005-10-12,— Petrol Piyasasında Ulusal Marker Uygulamasına İlişkin Usul ve Esaslar Hakkında Yönetmelikte Değişiklik Yapılmasına Dair Yönetmelik,https://www.resmigazete.gov.tr/eskiler/2005/10/20051012-20.htm
2005-10-12,"— Sarmalık Kıyılmış Tütün Mamullerinin Üretimi, Ambalajlanması ve Piyasaya Arzına İlişkin Usul ve Esaslar Hakkında Yönetmelik",https://www.resmigazete.gov.tr/eskiler/2005/10/20051012-21.htm
2005-10-12,"— Bitkisel Üretimle İlişkili Olarak, Doğrudan Gelir Desteği Ödemesi Yapılmasına İlişkin 2005/21 Sayılı Tebliğ’de Değişiklik Yapılmasına Dair Tebliğ",https://www.resmigazete.gov.tr/eskiler/2005/10/20051012-22.htm
2005-10-13,2005/9424 Uluslararası Atom Enerjisi Ajansı Statüsünün VI. ve XIV. Maddelerinde Yapılan Değişikliklerin Onaylanması Hakkında Karar,https://www.resmigazete.gov.tr/eskiler/2005/10/20051013-1.htm
2005-10-13,"2005/9475 Türkiye Cumhuriyeti Kültür ve Turizm Bakanlığı ile Kosova Geçici Özerk Yönetim Kurumlarını (Kosova Kültür,Gençlik ve Spor Bakan lığı) Temsil Eden Kosova’daki BM Geçici Yönetimi (UNMIK) Arasında Yapılan Kültürel İşbirliği Anlaşması’nın Onaylanması Hakkında Karar",https://www.resmigazete.gov.tr/eskiler/2005/10/20051013-2.htm
2005-10-13,2005/9454 Dış Ticarette Teknik Düzenlemeler ve Standardizasyon Rejimi Kararı,https://www.resmigazete.gov.tr/eskiler/2005/10/20051013-3.htm
2005-10-13,"— Devlet Bakanı Beşir ATALAY’a, Adalet Bakanı Cemil ÇİÇEK’in Vekâlet Etmesine Dair Tezkere",https://www.resmigazete.gov.tr/eskiler/2005/10/20051013-4.htm
2005-10-13,"— Sosyal Güvenlik Kurumu Başkanlığı Sosyal Güvenlik Uzman Yardımcılığı ve Uzmanlığı Atama, Görev ve Çalışma Yönetmeliğinde Değişiklik Yapılmasına Dair Yönetmelik",https://www.resmigazete.gov.tr/eskiler/2005/10/20051013-5.htm
2005-10-13,— 2005 Mali Yılı Bütçe Uygulama Talimatı (Sıra No: 17) (Tedavi Yardımı),https://www.resmigazete.gov.tr/eskiler/2005/10/20051013-6.htm
2005-10-13,— Vergi Usul Kanunu Genel Tebliği (Sıra No: 351),https://www.resmigazete.gov.tr/eskiler/2005/10/20051013-7.htm
2005-10-13,— Katma Değer Vergisi Mükelleflerinin Ödeme Kaydedici Cihazları Kullanmaları Mecburiyeti Hakkında Kanunla İlgili Genel Tebliğ (Seri No: 66),https://www.resmigazete.gov.tr/eskiler/2005/10/20051013-8.htm
2005-10-14,2005/9457 Türkiye Cumhuriyeti Hükümeti ile Moğolistan Hükümeti Arasında Ankara ve Ulan Bator’da Bulunan Arsaların Diplomatik Misyonlara Karşılıklı Kiralanmasına İlişkin Anlaşma’nın Onaylanması Hakkında Karar,https://www.resmigazete.gov.tr/eskiler/2005/10/20051014-1.htm
2005-10-14,2005/9458 Türkiye Cumhuriyeti Başbakanlık Müsteşarlığı ile Moğolistan Hükümet Sekreterliği Arasında İşbirliği Protokolü’nün Onaylanması Hakkında Karar,https://www.resmigazete.gov.tr/eskiler/2005/10/20051014-2.htm
2005-10-14,2005/9480 Sağlık Bakanlığına Ait Dolu ve Boş Kadrolarda Değişiklik Yapılması Hakkında Karar,https://www.resmigazete.gov.tr/eskiler/2005/10/20051014-3.htm
2005-10-14,2005/9406 Kırklareli Valisi İsmet METİN’in Merkez Valiliğine Atanmasına Dair Karar,https://www.resmigazete.gov.tr/eskiler/2005/10/20051014-4.htm
2005-10-14,"— Devlet, Tarım ve Köyişleri ile Kültür ve Turizm Bakanlıklarına Ait Atama Kararları",https://www.resmigazete.gov.tr/eskiler/2005/10/20051014-5.htm
2005-10-14,— Sınır Tespitine Dair 2 Adet Karar,https://www.resmigazete.gov.tr/eskiler/2005/10/20051014-6.htm
2005-10-14,— Hazır Ambalaj Teknik Komitesinin Oluşumu ve Görevlerine Dair Tebliğ (No: ÖSGM/2005-18),https://www.resmigazete.gov.tr/eskiler/2005/10/20051014-7.htm
2005-10-14,— Özelleştirme Yüksek Kurulunun 2005/118 Sayılı Kararı,https://www.resmigazete.gov.tr/eskiler/2005/10/20051014-8.htm
2005-10-14,— Özelleştirme Yüksek Kurulunun 2005/119 Sayılı Kararı,https://www.resmigazete.gov.tr/eskiler/2005/10/20051014-9.htm
2005-10-14,— Özelleştirme İdaresi Başkanlığının 2005/ÖİB-K-22 Sayılı Kararı,https://www.resmigazete.gov.tr/eskiler/2005/10/20051014-10.htm
2005-10-15,"— Kültür ve Turizm Bakanlığına, Milli Eğitim Bakanı Hüseyin ÇELİK’in Vekâlet Etmesine Dair Tezkere",https://www.resmigazete.gov.tr/eskiler/2005/10/20051015-1.htm
2005-10-15,— Halk Sağlığı Alanında Haşerelere Karşı İlaçlama Usul ve Esasları Hakkında Yönetmelikte Değişiklik Yapılmasına Dair Yönetmelik,https://www.resmigazete.gov.tr/eskiler/2005/10/20051015-2.htm
2005-10-15,— Su Ürünleri Yetiştiriciliği Yönetmeliğinde Değişiklik Yapılmasına Dair Yönetmelik,https://www.resmigazete.gov.tr/eskiler/2005/10/20051015-3.htm
2005-10-15,— Elektrik Piyasası Şebeke Yönetmeliğinde Değişiklik Yapılmasına İlişkin Yönetmelik,https://www.resmigazete.gov.tr/eskiler/2005/10/20051015-4.htm
2005-10-15,— İzmir Ekonomi Üniversitesi Lisansüstü Eğitim-Öğretim Yönetmeliğinde Değişiklik Yapılmasına Dair Yönetmelik,https://www.resmigazete.gov.tr/eskiler/2005/10/20051015-5.htm
2005-10-15,— Yardım Kampanyası ile İlgili 2005/26 Sayılı Başbakanlık Genelgesi,https://www.resmigazete.gov.tr/eskiler/2005/10/20051015-6.htm
2005-10-15,— Şehitler ve Gaziler Günleri ile İlgili 2005/27 Sayılı Başbakanlık Genelgesi,https://www.resmigazete.gov.tr/eskiler/2005/10/20051015-7.htm
2005-10-15,— LPG Piyasa Faaliyetlerinin Yürütülmesi ile İlgili Tebliğlerin Yürürlükten Kaldırılmasına Dair Tebliğ (No: PİGM-2005/1),https://www.resmigazete.gov.tr/eskiler/2005/10/20051015-8.htm
2005-10-15,— İl Genel Meclisi Çalışma Yönetmeliği ile İlgili,https://www.resmigazete.gov.tr/eskiler/2005/10/20051015-9.htm
2005-10-15,"— Sarmalık Kıyılmış Tütün Mamullerinin Üretimi, Ambalajlanması ve Piyasaya Arzına İlişkin Usul ve Esaslar Hakkında Yönetmelik ile İlgili",https://www.resmigazete.gov.tr/eskiler/2005/10/20051015-10.htm
2005-10-16,2005/9453 Bazı Alanların Yaban Hayatı Geliştirme Sahası Olarak Belirlenmesi Hakkında Karar,https://www.resmigazete.gov.tr/eskiler/2005/10/20051016-1.htm
2005-10-16,"— Çalışma ve Sosyal Güvenlik Bakanlığına, Adalet Bakanı Cemil ÇİÇEK’in Vekâlet Etmesine Dair Tezkere",https://www.resmigazete.gov.tr/eskiler/2005/10/20051016-2.htm
2005-10-17,"— Dışişleri Bakanlığı ve Başbakan Yardımcılığına, Milli Savunma Bakanı M. Vecdi GÖNÜL’ün Vekâlet Etmesine Dair Tezkere",https://www.resmigazete.gov.tr/eskiler/2005/10/20051017-1.htm
2005-10-17,— Organize Sanayi Bölgeleri Uygulama Yönetmeliğinde Değişiklik Yapılmasına Dair Yönetmelik,https://www.resmigazete.gov.tr/eskiler/2005/10/20051017-2.htm
2005-10-17,— Enerji ve Tabii Kaynaklar Bakanlığı Personeli Görevde Yükselme ve Unvan Değişikliği Yönetmeliği,https://www.resmigazete.gov.tr/eskiler/2005/10/20051017-3.htm
2005-10-17,— Elektrik Piyasasında Üretim Faaliyetinde Bulunmak Üzere Su Kullanım Hakkı Anlaşması İmzalanmasına İlişkin Usul ve Esaslar Hakkında Yönetmelikte Değişiklik Yapılmasına Dair Yönetmelik,https://www.resmigazete.gov.tr/eskiler/2005/10/20051017-4.htm
2005-10-17,— Yargıtay 2. Hukuk Dairesine Ait 2 Adet Karar,https://www.resmigazete.gov.tr/eskiler/2005/10/20051017-5.htm
2005-10-18,"— Milli Eğitim Bakanlığına,Devlet Bakanı Beşir ATALAY’ın Vekâlet Etmesine Dair Tezkere",https://www.resmigazete.gov.tr/eskiler/2005/10/20051018-1.htm
2005-10-18,"— Kültür ve Turizm Bakanlığına, Devlet Bakanı Nimet ÇUBUKÇU’nun Vekâlet Etmesine Dair Tezkere",https://www.resmigazete.gov.tr/eskiler/2005/10/20051018-2.htm
2005-10-18,— Sağlık Bakanlığına Ait Atama Kararı,https://www.resmigazete.gov.tr/eskiler/2005/10/20051018-3.htm
2005-10-18,"— Hazine Alacaklarının Yönetimi, Takip ve Tahsiline Dair Yönetmelik",https://www.resmigazete.gov.tr/eskiler/2005/10/20051018-4.htm
2005-10-18,— Atatürk Orman Çiftliği Müdürlüğü Personeli Görevde Yükselme ve Unvan Değişikliği Yönetmeliği,https://www.resmigazete.gov.tr/eskiler/2005/10/20051018-5.htm
2005-10-18,— Elektronik Kimlik Bilgisini Haiz Cihazlara Dair Yönetmelik,https://www.resmigazete.gov.tr/eskiler/2005/10/20051018-6.htm
2005-10-18,— İşkolu Tespit Kararı (No: 2005/49),https://www.resmigazete.gov.tr/eskiler/2005/10/20051018-7.htm
2005-10-18,— İşkolu Tespit Kararı (No: 2005/50),https://www.resmigazete.gov.tr/eskiler/2005/10/20051018-8.htm
2005-10-18,— İşkolu Tespit Kararı (No: 2005/51),https://www.resmigazete.gov.tr/eskiler/2005/10/20051018-9.htm
2005-10-18,— İşkolu Tespit Kararı (No: 2005/52),https://www.resmigazete.gov.tr/eskiler/2005/10/20051018-10.htm
2005-10-18,— İşkolu Tespit Kararı (No: 2005/53),https://www.resmigazete.gov.tr/eskiler/2005/10/20051018-11.htm
2005-10-18,"— Anayasa Mahkemesinin E: 2001/479 (506 Sayılı Sosyal Sigortalar Kanunu ile İlgili), K: 2005/1 Sayılı Kararı",https://www.resmigazete.gov.tr/eskiler/2005/10/20051018-12.htm
2005-10-19,2005/9452 Ankara ile Konya (Polatlı İstasyonu - Konya Gar) Arasında Yapılacak Yeni Demiryolu Bağlantısı İçin Ekli Haritada Gösterilen Güzergahta Yer Alan Gayrimenkullerin Türkiye Cumhuriyeti Devlet Demiryolları İşletmesi Genel Müdürlüğü Tarafından Acele Kamulaştırılması Hakkında Karar,https://www.resmigazete.gov.tr/eskiler/2005/10/20051019-1.htm
2005-10-19,"2005/9486 Yüksek Planlama Kurulu’nun 13/10/2005 Tarihli ve 2005/75 Sayılı Raporu ile Bakanlar Kurulu’na Sunulan Ekli “2006 Yılı Programı” ile “2006 Yılı Programının Uygulanması, Koordinasyonu ve İzlenmesine Dair Karar”ın Kabulü Hakkında Karar",https://www.resmigazete.gov.tr/eskiler/2005/10/20051019-2.htm
2005-10-19,2005/9487 Hayvancılığın Desteklenmesi Hakkında Kararda Değişiklik Yapılmasına Dair karar,https://www.resmigazete.gov.tr/eskiler/2005/10/20051019-3.htm
2005-10-19,"— İçişleri Bakanlığına, Milli Savunma Bakanı M. Vecdi GÖNÜL’ün Vekâlet Etmesine Dair Tezkere",https://www.resmigazete.gov.tr/eskiler/2005/10/20051019-4.htm
2005-10-19,"— Ulaştırma Bakanlığına, Maliye Bakanı Kemal UNAKITAN’ın Vekâlet Etmesine Dair Tezkere",https://www.resmigazete.gov.tr/eskiler/2005/10/20051019-5.htm
2005-10-19,"— Enerji ve Tabii Kaynaklar Bakanlığına, Çevre ve Orman Bakanı Osman PEPE’nin Vekâlet Etmesine Dair Tezkere",https://www.resmigazete.gov.tr/eskiler/2005/10/20051019-6.htm
2005-10-19,"— Prof. Dr. Barbaros GÜNÇER’in İstifası Nedeniyle Boşalan Yükseköğretim Kurulu Üyeliğine, İstanbul Üniversitesi Edebiyat Fakültesi Öğretim Üyesi Prof. Dr. M. A. Yekta SARAÇ’ın Seçilmesine Dair Karar",https://www.resmigazete.gov.tr/eskiler/2005/10/20051019-7.htm
2005-10-19,"— Prof. Dr. Aybar ERTEPINAR’ın Görev Süresinin 3.10.2005 Tarihinde Sona Ermesi Nedeniyle Boşalan Yükseköğretim Kurulu Üyeliğine, M. Emin KUZ’un Seçilmesine Dair Karar",https://www.resmigazete.gov.tr/eskiler/2005/10/20051019-8.htm
2005-10-19,"— Yükseköğretim Kurulu Üyeliğine, Prof. Dr. Aybar ERTEPINAR’ın Seçilmesine Dair Karar",https://www.resmigazete.gov.tr/eskiler/2005/10/20051019-9.htm
2005-10-19,"— Adalet, Sağlık ile Tarım ve Köyişleri Bakanlıklarına Ait Atama Kararları",https://www.resmigazete.gov.tr/eskiler/2005/10/20051019-10.htm
2005-10-19,— Manisa İli Salihli İlçesine Bağlı “Sartmahmut” Beldesinin İsminin “Sart” Olarak Değiştirilmesi Hakkında Karar,https://www.resmigazete.gov.tr/eskiler/2005/10/20051019-11.htm
2005-10-19,— Emniyet Teşkilatında Kullanılacak Tanıtıcı Bayraklar Hakkında Yönetmelikte Değişiklik Yapılmasına Dair Yönetmelik,https://www.resmigazete.gov.tr/eskiler/2005/10/20051019-12.htm
2005-10-19,— Milli Eğitim Bakanlığı Anadolu Liseleri Yönetmeliğinde Değişiklik Yapılmasına Dair Yönetmelik,https://www.resmigazete.gov.tr/eskiler/2005/10/20051019-13.htm
2005-10-19,— Milli Eğitim Bakanlığı Orta Öğretim Kurumları Sınıf Geçme ve Sınav Yönetmeliğinde Değişiklik Yapılmasına Dair Yönetmelik,https://www.resmigazete.gov.tr/eskiler/2005/10/20051019-14.htm
2005-10-19,— Kimyasal Maddelerle Çalışmalarda Sağlık ve Güvenlik Önlemleri Hakkında Yönetmelikte Değişiklik Yapılmasına Dair Yönetmelik,https://www.resmigazete.gov.tr/eskiler/2005/10/20051019-15.htm
2005-10-19,— 2005 Yılı Mayıs-Eylül Aylarına Ait Dahilde İşleme İzin Belgelerinin (D1) Listesi,https://www.resmigazete.gov.tr/eskiler/2005/10/20051019-16.htm
2005-10-19,— 2005 Yılı Eylül Ayına Ait Yurt İçi Satış ve Teslim Belgelerinin (D3) Listesi,https://www.resmigazete.gov.tr/eskiler/2005/10/20051019-17.htm
2005-10-19,— 2005 Yılı Eylül Ayına Ait Hariçte İşleme İzin Belgelerinin (H) Listesi,https://www.resmigazete.gov.tr/eskiler/2005/10/20051019-18.htm
2005-10-19,"— 2005 Yılı Eylül Ayına Ait Vergi, Resim ve Harç İstisnası Belgelerinin (Y) Listesi",https://www.resmigazete.gov.tr/eskiler/2005/10/20051019-19.htm
2005-10-19,— Re’sen Kapatılan Dahilde İşleme İzin Belgeleri,https://www.resmigazete.gov.tr/eskiler/2005/10/20051019-20.htm
2005-10-19,— Firma Talebine İstinaden İptal Edilen Dahilde İşleme İzin Belgeleri,https://www.resmigazete.gov.tr/eskiler/2005/10/20051019-21.htm
2005-10-19,"— Anayasa Mahkemesinin E: 2004/3 (Siyasi Parti İhtar), K:2005/3 Sayılı Kararı",https://www.resmigazete.gov.tr/eskiler/2005/10/20051019-22.htm
2005-10-19,"— Anayasa Mahkemesinin E: 2004/4 (Siyasi Parti İhtar), K:2005/1 Sayılı Kararı",https://www.resmigazete.gov.tr/eskiler/2005/10/20051019-23.htm
2005-10-19,"— Anayasa Mahkemesinin E: 2005/1 (Siyasi Parti İhtar), K:2005/2 Sayılı Kararı",https://www.resmigazete.gov.tr/eskiler/2005/10/20051019-24.htm
2005-10-20,"— Başbakanlığa, Dışişleri Bakanı ve Başbakan Yardımcısı Abdullah GÜL’ün Vekâlet Etmesine Dair Tezkere",https://www.resmigazete.gov.tr/eskiler/2005/10/20051020-1.htm
2005-10-20,"— Devlet Bakanı ve Başbakan Yardımcısı Mehmet Ali ŞAHİN’e,Adalet Bakanı Cemil ÇİÇEK’in Vekâlet Etmesine Dair Tezkere",https://www.resmigazete.gov.tr/eskiler/2005/10/20051020-2.htm
2005-10-20,"— Devlet Bakanı Mehmet AYDIN’a, Devlet Bakanı Kürşad TÜZMEN’in Vekâlet Etmesine Dair Tezkere",https://www.resmigazete.gov.tr/eskiler/2005/10/20051020-3.htm
2005-10-20,"— Milli Eğitim Bakanlığına,Devlet Bakanı Ali BABACAN’ın Vekâlet Etmesine Dair Tezkere",https://www.resmigazete.gov.tr/eskiler/2005/10/20051020-4.htm
2005-10-20,"— Bayındırlık ve İskan Bakanlığına, Çalışma ve Sosyal Güvenlik Bakanı Murat BAŞESGİOĞLU’nun Vekâlet Etmesine Dair Tezkere",https://www.resmigazete.gov.tr/eskiler/2005/10/20051020-5.htm
2005-10-20,"— Sağlık Bakanlığına, Devlet Bakanı Beşir ATALAY’ın Vekâlet Etmesine Dair Tezkere",https://www.resmigazete.gov.tr/eskiler/2005/10/20051020-6.htm
2005-10-20,"— Tarım ve Köyişleri Bakanlığına, Sanayi ve Ticaret Bakanı Ali COŞKUN’un Vekâlet Etmesine Dair Tezkere",https://www.resmigazete.gov.tr/eskiler/2005/10/20051020-7.htm
2005-10-20,"— Devlet ve Başbakan Yardımcılığı, Millî Eğitim, Çalışma ve Sosyal Güvenlik ile Çevre ve Orman Bakanlıklarına Ait Atama Kararları",https://www.resmigazete.gov.tr/eskiler/2005/10/20051020-8.htm
2005-10-20,— Hâkimler ve Savcılar Yüksek Kuruluna Ait Atama Kararları,https://www.resmigazete.gov.tr/eskiler/2005/10/20051020-9.htm
2005-10-20,— Kadının Statüsü Genel Müdürlüğü Personeli Görevde Yükselme ve Unvan Değişikliği Yönetmeliği,https://www.resmigazete.gov.tr/eskiler/2005/10/20051020-10.htm
2005-10-20,— Kültür Yatırım ve Girişimlerine Taşınmaz Kullandırılması Hakkında Yönetmelik,https://www.resmigazete.gov.tr/eskiler/2005/10/20051020-11.htm
2005-10-20,— Gümrük Hattı Dışı Eşya Satış Mağazaları ve Depoları Yönetmeliğinde Değişiklik Yapılmasına Dair Yönetmelik,https://www.resmigazete.gov.tr/eskiler/2005/10/20051020-12.htm
2005-10-20,— Ankara Üniversitesi Lisansüstü Eğitim-Öğretim Yönetmeliğinde Değişiklik Yapılmasına Dair Yönetmelik,https://www.resmigazete.gov.tr/eskiler/2005/10/20051020-13.htm
2005-10-20,— İstanbul Üniversitesi Lisans Öğretim ve Sınav Yönetmeliği,https://www.resmigazete.gov.tr/eskiler/2005/10/20051020-14.htm
2005-10-20,— Yüzüncü Yıl Üniversitesi Tıp Fakültesi Öğretim ve Sınav Yönetmeliğinde Değişiklik Yapılmasına Dair Yönetmelik,https://www.resmigazete.gov.tr/eskiler/2005/10/20051020-15.htm
2005-10-20,— İzmir Yüksek Teknoloji Enstitüsü Arşiv Yönetmeliğinin Yürürlükten Kaldırılmasına Dair Yönetmelik,https://www.resmigazete.gov.tr/eskiler/2005/10/20051020-16.htm
2005-10-20,"— Dernekler Tarafından Bastırılacak Alındı,Ayni Yardım Teslim ve Ayni Bağış Alındı Belgeleri ile Gider Makbuzları Hakkında Tebliğ’de Değişiklik Yapılmasına Dair Tebliğ (No: 2005/2)",https://www.resmigazete.gov.tr/eskiler/2005/10/20051020-17.htm
2005-10-20,— Milli Emlak Genel Tebliği (Sıra No: 300),https://www.resmigazete.gov.tr/eskiler/2005/10/20051020-18.htm
2005-10-20,— Oyuncak ve Çocuk Bakım Eşyalarındaki Phthalatlar Hakkında Tebliğ,https://www.resmigazete.gov.tr/eskiler/2005/10/20051020-19.htm
2005-10-20,— Doğal Çiçek Soğanlarının 2006 Yılı İhracat Listesi Hakkında Tebliğ (No: 2005/44),https://www.resmigazete.gov.tr/eskiler/2005/10/20051020-20.htm
2005-10-20,— Belirli Tekstil ve Konfeksiyon Ürünlerinin İthalatında Gözetim ve Korunma Önlemlerine İlişkin Tebliğ (2005/8),https://www.resmigazete.gov.tr/eskiler/2005/10/20051020-21.htm
2005-10-20,— İstanbul Demir Çelik İhracatçıları Birliği Kurulmasına İlişkin Tebliğ (No: İhracat 2005/12),https://www.resmigazete.gov.tr/eskiler/2005/10/20051020-22.htm
2005-10-20,"— Muhasebe Politikaları, Muhasebe Tahminlerinde Değişiklikler ve Hatalara İlişkin Türkiye Muhasebe Standardı (TMS 8) Hakkında Tebliğ (Sıra No: 5)",https://www.resmigazete.gov.tr/eskiler/2005/10/20051020-23.htm
2005-10-20,— Bilanço Tarihinden Sonraki Olaylara İlişkin Türkiye Muhasebe Standardı (TMS 10) Hakkında Tebliğ (Sıra No: 6),https://www.resmigazete.gov.tr/eskiler/2005/10/20051020-24.htm
2005-10-20,"— Anayasa Mahkemesinin E: 2001/3 (213 Sayılı Kanun ile İlgili), K: 2005/4 Sayılı Kararı",https://www.resmigazete.gov.tr/eskiler/2005/10/20051020-25.htm
2005-10-21,— Yeniköy Elektrik Üretim ve Ticaret Anonim Şirketi Genel Müdürlüğü Personeli Görevde Yükselme ve Unvan Değişikliği Yönetmeliği,https://www.resmigazete.gov.tr/eskiler/2005/10/20051021-1.htm
2005-10-21,— Tapu ve Kadastro Genel Müdürlüğü Arşiv Hizmetleri Yönetmeliğinin Yürürlükten Kaldırılmasına Dair Yönetmelik,https://www.resmigazete.gov.tr/eskiler/2005/10/20051021-2.htm
2005-10-21,— Sağlık Bakanlığı Atama ve Nakil Yönetmeliğinde Değişiklik Yapılmasına Dair Yönetmelik,https://www.resmigazete.gov.tr/eskiler/2005/10/20051021-3.htm
2005-10-21,"— Araştırma Reaktörlerinde İşletme Organizasyonu, Personel Nitelikleri ve İşletici Personel Lisanslarına İlişkin Yönetmelik",https://www.resmigazete.gov.tr/eskiler/2005/10/20051021-4.htm
2005-10-21,— Doçentlik Sınav Yönetmeliğinde Değişiklik Yapılmasına Dair Yönetmelik,https://www.resmigazete.gov.tr/eskiler/2005/10/20051021-5.htm
2005-10-21,"— Dokuz Eylül Üniversitesi İzmir İli Stratejik Planlama, Yönetişim, Araştırma ve Uygulama Merkezi Yönetmeliğinde Değişiklik Yapılmasına Dair Yönetmelik",https://www.resmigazete.gov.tr/eskiler/2005/10/20051021-6.htm
2005-10-21,— Dokuz Eylül Üniversitesi Devlet Konservatuvarı Hazırlayıcı Birimler (Lise Devresi) Öğretim ve Sınav Yönetmeliğinde Değişiklik Yapılmasına Dair Yönetmelik,https://www.resmigazete.gov.tr/eskiler/2005/10/20051021-7.htm
2005-10-21,"— Anayasa Mahkemesinin E: 2001/216 (Hukuk Usulü Muhakemeleri Kanunu ile İlgili), K: 2004/120 Sayılı Kararı",https://www.resmigazete.gov.tr/eskiler/2005/10/20051021-8.htm
2005-10-21,— Asgari İşçilik Tespit Komisyonunca Belirlenen Çeşitli İşkollarına Ait Asgari İşçilik Oranlarını Gösterir Tebliğ ile İlgili,https://www.resmigazete.gov.tr/eskiler/2005/10/20051021-9.htm
2005-10-22,853 Töre ve Namus Cinayetleri ile Kadınlara ve Çocuklara Yönelik Şiddetin Sebeplerinin Araştırılarak Alınması Gereken Önlemlerin Belirlenmesi Amacıyla Kurulan Meclis Araştırması Komisyonuna Üye Seçimine İlişkin Karar,https://www.resmigazete.gov.tr/eskiler/2005/10/20051022-1.htm
2005-10-22,859 (10/185) Esas Numaralı Meclis Araştırması Komisyonunun Görev Süresinin Uzatılmasına İlişkin Karar,https://www.resmigazete.gov.tr/eskiler/2005/10/20051022-2.htm
2005-10-22,"— Milli Eğitim, Bayındırlık ve İskan,Ulaştırma, Tarım ve Köyişleri ile Çevre ve Orman Bakanlıklarına Ait Atama Kararları",https://www.resmigazete.gov.tr/eskiler/2005/10/20051022-3.htm
2005-10-22,— Türkiye Bilimsel ve Teknik Araştırma Kurumu Yayın Yönetmeliğinde Değişiklik Yapılmasına Dair Yönetmelik,https://www.resmigazete.gov.tr/eskiler/2005/10/20051022-4.htm
2005-10-22,— Sosyal Hizmetler ve Çocuk Esirgeme Kurumu Genel Müdürlüğü Personeli Görevde Yükselme ve Unvan Değişikliği Yönetmeliğinde Değişiklik Yapılmasına Dair Yönetmelik,https://www.resmigazete.gov.tr/eskiler/2005/10/20051022-5.htm
2005-10-22,— Makina ve Kimya Endüstrisi Kurumu Genel Müdürlüğü Merkez ve Taşra Teşkilatı Personeli Görevde Yükselme ve Unvan Değişikliği Yönetmeliği,https://www.resmigazete.gov.tr/eskiler/2005/10/20051022-6.htm
2005-10-22,— Uzlaşma Yönetmeliğinde Değişiklik Yapılmasına Dair Yönetmelik,https://www.resmigazete.gov.tr/eskiler/2005/10/20051022-7.htm
2005-10-22,— Tarhiyat Öncesi Uzlaşma Yönetmeliğinde Değişiklik Yapılmasına Dair Yönetmelik,https://www.resmigazete.gov.tr/eskiler/2005/10/20051022-8.htm
2005-10-22,— Kemerköy Elektrik Üretim ve Ticaret Anonim Şirketi Genel Müdürlüğü Personeli Görevde Yükselme ve Unvan Değişikliği Yönetmeliği,https://www.resmigazete.gov.tr/eskiler/2005/10/20051022-9.htm
2005-10-22,— Tapu Sicil Müdürlüklerince Daire Dışında Yapılacak Tapu İşlemlerinde Uyulacak Esaslar ile Bu İşlemlerden Alınacak Tazminatın Memurlar Arasında Dağıtımına İlişkin Yönetmelik,https://www.resmigazete.gov.tr/eskiler/2005/10/20051022-10.htm
2005-10-22,— Kanatlı Hayvan Eti ve Et Ürünleri Üretim Tesislerinin Çalışma ve Denetleme Usul ve Esaslarına Dair Yönetmelikte Değişiklik Yapılması Hakkında Yönetmelik,https://www.resmigazete.gov.tr/eskiler/2005/10/20051022-11.htm
2005-10-22,— Kırmızı Et ve Et Ürünleri Üretim Tesislerinin Çalışma ve Denetleme Usul ve Esaslarına Dair Yönetmelikte Değişiklik Yapılması Hakkında Yönetmelik,https://www.resmigazete.gov.tr/eskiler/2005/10/20051022-12.htm
2005-10-22,— Türkiye Barolar Birliği Staj Kredi Yönetmeliğinde Değişiklik Yapılmasına Dair Yönetmelik,https://www.resmigazete.gov.tr/eskiler/2005/10/20051022-13.htm
2005-10-22,— Türkiye Odalar ve Borsalar Birliği Ekonomi ve Teknoloji Üniversitesi Sürekli Eğitim Araştırma ve Uygulama Merkezi Yönetmeliği,https://www.resmigazete.gov.tr/eskiler/2005/10/20051022-14.htm
2005-10-22,"— Anayasa Mahkemesinin E: 2004/14 (5035 Sayılı Kanun ile İlgili), K: 2004/84 Sayılı Kararı",https://www.resmigazete.gov.tr/eskiler/2005/10/20051022-15.htm
2005-10-23,— Gemi Teçhizatı Yönetmeliği,https://www.resmigazete.gov.tr/eskiler/2005/10/20051023-1.htm
2005-10-24,"— Enerji ve Tabii Kaynaklar Bakanlığına, Ulaştırma Bakanı Binali YILDIRIM’ın Vekâlet Etmesine Dair Tezkere",https://www.resmigazete.gov.tr/eskiler/2005/10/20051024-1.htm
2005-10-24,"— Av ve Yaban Hayvanlarının ve Yaşam Alanlarının Korunması,Zararlılarıyla Mücadele Usul ve Esaslar Hakkında Yönetmelik",https://www.resmigazete.gov.tr/eskiler/2005/10/20051024-2.htm
2005-10-24,— Bazı Emniyet Genel Müdürlüğü Mensuplarına Devlet Övünç Madalyası Verilmesine İlişkin 25/4/2005 Tarihli ve 2005/8784 Sayılı Kararnamenin Eki Listenin Hakan MUTLU’ya Ait 44 üncü Sırasının Yürürlükten Kaldırılması ve Aynı Listenin Mehmet AKSOYLU’ya Ait 148 inci Sırasında Yer Alan “GÖREV MALULÜ” İbaresinin “ŞEHİT” Olarak Değiştirilmesi Hakkında Tebliğ,https://www.resmigazete.gov.tr/eskiler/2005/10/20051024-3.htm
2005-10-25,"— Başbakanlığa, Dışişleri Bakanı ve Başbakan Yardımcısı Abdullah GÜL’ün Vekâlet Etmesine Dair Tezkere",https://www.resmigazete.gov.tr/eskiler/2005/10/20051025-1.htm
2005-10-25,"— Devlet Bakanı ve Başbakan Yardımcısı Abdüllatif ŞENER’e, Maliye Bakanı Kemal UNAKITAN’ın Vekâlet Etmesine Dair Tezkere",https://www.resmigazete.gov.tr/eskiler/2005/10/20051025-2.htm
2005-10-25,"— Devlet Bakanı ve Başbakan Yardımcısı Mehmet Ali ŞAHİN’e, Adalet Bakanı Cemil ÇİÇEK’in Vekâlet Etmesine Dair Tezkere",https://www.resmigazete.gov.tr/eskiler/2005/10/20051025-3.htm
2005-10-25,"— Devlet Bakanı Nimet ÇUBUKÇU’ya, Kültür ve Turizm Bakanı Atilla KOÇ’un Vekâlet Etmesine Dair Tezkere",https://www.resmigazete.gov.tr/eskiler/2005/10/20051025-4.htm
2005-10-25,— Denizcilik Müsteşarlığı Denizcilik Uzman Yardımcılığı Giriş Sınavı ile Denizcilik Uzmanlığı Yeterlik Sınavı ve Denizcilik Uzmanlarının Çalışma Usul ve Esaslarına İlişkin Yönetmelikte Değişiklik Yapılmasına Dair Yönetmelik,https://www.resmigazete.gov.tr/eskiler/2005/10/20051025-5.htm
2005-10-25,— İşkolu Tespit Kararı (No: 2005/54),https://www.resmigazete.gov.tr/eskiler/2005/10/20051025-6.htm
2005-10-25,— İşkolu Tespit Kararı (No: 2005/55),https://www.resmigazete.gov.tr/eskiler/2005/10/20051025-7.htm
2005-10-25,– Turizm Tesislerinin Belgelendirilmesine ve Niteliklerine İlişkin Yönetmeliğin Uygulanmasına Dair Tebliğ (No: 2005/1),https://www.resmigazete.gov.tr/eskiler/2005/10/20051025-8.htm
2005-10-25,— Dahilde İşleme Rejimi Tebliğinde Değişiklik Yapılmasına Dair Tebliğ (İhracat: 2005/13),https://www.resmigazete.gov.tr/eskiler/2005/10/20051025-9.htm
2005-10-25,— Dış Ticarette Standardizasyon Tebliği (No: 2005/36),https://www.resmigazete.gov.tr/eskiler/2005/10/20051025-10.htm
2005-10-25,"— Anayasa Mahkemesinin E: 2002/39 (3218 Sayılı Serbest Bölgeler Kanunu ile İlgili), K: 2004/125 Sayılı Kararı",https://www.resmigazete.gov.tr/eskiler/2005/10/20051025-11.htm
2005-10-26,5412 Askeri Yasak Bölgeler ve Güvenlik Bölgeleri Kanununda Değişiklik Yapılmasına Dair Kanun,https://www.resmigazete.gov.tr/eskiler/2005/10/20051026-1.htm
2005-10-26,2005/9511 Pakistan’a Ekmeklik Buğday Unu Hibe Edilmesi Amacıyla Toprak Mahsulleri Ofisi Genel Müdürlüğü’nün Görevlendirilmesine Dair Karar,https://www.resmigazete.gov.tr/eskiler/2005/10/20051026-2.htm
2005-10-26,2005/9553 6772 Sayılı Kanun Kapsamına Giren Kurumlarda Çalışan İşçilere Anılan Kanunun 3 üncü Maddesine Göre 2005 Yılında Yapılacak İlave Tediyenin Tamamının 26/10/2005 Tarihinde Ödenmesi Hakkında Karar,https://www.resmigazete.gov.tr/eskiler/2005/10/20051026-3.htm
2005-10-26,"— Devlet Bakanı Ali BABACAN’a, Çalışma ve Sosyal Güvenlik Bakanı Murat BAŞESGİOĞLU’nun Vekâlet Etmesine Dair Tezkere",https://www.resmigazete.gov.tr/eskiler/2005/10/20051026-4.htm
2005-10-26,"— Devlet Bakanı Mehmet AYDIN’a, İçişleri Bakanı Abdülkadir AKSU’nun Vekâlet Etmesine Dair Tezkere",https://www.resmigazete.gov.tr/eskiler/2005/10/20051026-5.htm
2005-10-26,"— Milli Eğitim Bakanlığına,Sağlık Bakanı Recep AKDAĞ’ın Vekâlet Etmesine Dair Tezkere",https://www.resmigazete.gov.tr/eskiler/2005/10/20051026-6.htm
2005-10-26,— Bayındırlık ve İskan Bakanlığına Ait Atama Kararı,https://www.resmigazete.gov.tr/eskiler/2005/10/20051026-7.htm
2005-10-26,— Hâkimler ve Savcılar Yüksek Kuruluna Ait Karar,https://www.resmigazete.gov.tr/eskiler/2005/10/20051026-8.htm
2005-10-26,— Hükümlü ve Tutuklular ile Ceza İnfaz Kurumları Personelinin İaşe Yönetmeliği,https://www.resmigazete.gov.tr/eskiler/2005/10/20051026-9.htm
2005-10-26,— İnşaat Sözleşmelerine İlişkin Türkiye Muhasebe Standardı (TMS 11) Hakkında Tebliğ (Sıra No: 7),https://www.resmigazete.gov.tr/eskiler/2005/10/20051026-10.htm
2005-10-26,"— Anayasa Mahkemesinin E: 2004/61 (2985 Sayılı Kanunda Değişiklik Yapan 5162 Sayılı Kanun ile İlgili), K: 2004/123 Sayılı Kararı",https://www.resmigazete.gov.tr/eskiler/2005/10/20051026-11.htm
2005-10-27,"— Devlet Bakanı Kürşad TÜZMEN’e, Sanayi ve Ticaret Bakanı Ali COŞKUN’un Vekâlet Etmesine Dair Tezkere",https://www.resmigazete.gov.tr/eskiler/2005/10/20051027-1.htm
2005-10-27,2005/9482 Kamu Kurum ve Kuruluşlarında Görevde Yükselme ve Unvan Değişikliği Esaslarına Dair Genel Yönetmelikte Değişiklik Yapılmasına Dair Yönetmelik,https://www.resmigazete.gov.tr/eskiler/2005/10/20051027-2.htm
2005-10-27,2005/9510 Yetiştirilmek Amacıyla Yurt Dışına Gönderilecek Devlet Memurları Hakkında Yönetmelikte Değişiklik Yapılmasına Dair Yönetmelik,https://www.resmigazete.gov.tr/eskiler/2005/10/20051027-3.htm
2005-10-27,— Özel Beden Eğitimi ve Spor Tesisleri Yönetmeliğinde Değişiklik Yapılmasına Dair Yönetmelik,https://www.resmigazete.gov.tr/eskiler/2005/10/20051027-4.htm
2005-10-27,"— Kaçakçılık İstihbarat Koordinasyon Kurulunun Toplanma, Çalışma Esas ve Usulleri Hakkında Yönetmelikte Değişiklik Yapılmasına Dair Yönetmelik",https://www.resmigazete.gov.tr/eskiler/2005/10/20051027-5.htm
2005-10-27,— Amatör Denizci Yönetmeliğinde Değişiklik Yapılmasına Dair Yönetmelik,https://www.resmigazete.gov.tr/eskiler/2005/10/20051027-6.htm
2005-10-27,— Gemiadamları Yönetmeliğinde Değişiklik Yapılmasına Dair Yönetmelik,https://www.resmigazete.gov.tr/eskiler/2005/10/20051027-7.htm
2005-10-27,— Karayolları Genel Müdürlüğü Görevde Yükselme ve Unvan Değişikliği Yönetmeliğinde Değişiklik Yapılmasına Dair Yönetmelik,https://www.resmigazete.gov.tr/eskiler/2005/10/20051027-8.htm
2005-10-27,— 2005 Yılı Eylül Ayına Ait Yatırım Teşvik Belgelerinin Sektörel Dağılımı Hakkında Tebliğ,https://www.resmigazete.gov.tr/eskiler/2005/10/20051027-9.pdf
2005-10-27,— 2005 Yılı Eylül Ayına Ait Belgeler ve Yararlandırılan Teşvik Unsurları Hakkında Tebliğ,https://www.resmigazete.gov.tr/eskiler/2005/10/20051027-10.pdf
2005-10-27,"— Anayasa Mahkemesinin E: 2001/487 (213 Sayılı Kanunda Değişiklik Yapan 4369 Sayılı Kanun ile İlgili), K: 2005/2 Sayılı Kararı",https://www.resmigazete.gov.tr/eskiler/2005/10/20051027-11.htm
2005-10-28,2005/9489 Trakya Üniversitesi Rektörlüğüne Bağlı Olarak Güzel Sanatlar Fakültesi ile Yabancı Diller Yüksekokulu Kurulması Hakkında Karar,https://www.resmigazete.gov.tr/eskiler/2005/10/20051028-1.htm
2005-10-28,2005/9490 Trakya Üniversitesi Rektörlüğüne Bağlı Olarak Uygulamalı Bilimler Yüksekokulu Kurulması Hakkında Karar,https://www.resmigazete.gov.tr/eskiler/2005/10/20051028-2.htm
2005-10-28,2005/9508 Telekomünikasyon Ruhsatı ve Genel İzinlerin Asgari Değerlerinin Belirlenmesine İlişkin 30/10/2001 Tarihli ve 2001/3359 Sayılı Kararnamede Değişiklik Yapılmasına İlişkin Karar,https://www.resmigazete.gov.tr/eskiler/2005/10/20051028-3.htm
2005-10-28,— Maliye ve Ulaştırma Bakanlıklarına Ait Atama Kararları,https://www.resmigazete.gov.tr/eskiler/2005/10/20051028-4.htm
2005-10-28,— Ceza İnfaz Kurumları Personeli Görevde Yükselme ve Unvan Değişikliği Yönetmeliği,https://www.resmigazete.gov.tr/eskiler/2005/10/20051028-5.htm
2005-10-28,— Ulaştırma Bakanlığı Personeli Görevde Yükselme ve Unvan Değişikliği Yönetmeliği,https://www.resmigazete.gov.tr/eskiler/2005/10/20051028-6.htm
2005-10-28,— Gümrük Yönetmeliğinde Değişiklik Yapılmasına Dair Yönetmelik,https://www.resmigazete.gov.tr/eskiler/2005/10/20051028-7.htm
2005-10-30,"2005/9485 Bazı Şirketlere 30 Yıl Süre ile Elektrik Üretimi, İletimi, Dağıtımı ve Ticareti Yapma Görevi Verilmesine İlişkin Hükmün Yürürlükten Kaldırılması Hakkında Karar",https://www.resmigazete.gov.tr/eskiler/2005/10/20051030-1.htm
2005-10-30,2005/9498 Andorra Prensliği’nin Resmi ve Umuma Mahsus Pasaport Hamili Vatandaşlarına Vize Muafiyeti Tanınması Hakkında Karar,https://www.resmigazete.gov.tr/eskiler/2005/10/20051030-2.htm
2005-10-30,"— Devlet Bakanı ve Başbakan Yardımcısı Mehmet Ali ŞAHİN’e, Devlet Bakanı Beşir ATALAY’ın Vekâlet Etmesine Dair Tezkere",https://www.resmigazete.gov.tr/eskiler/2005/10/20051030-3.htm
2005-10-30,2005/9497 Türk Silahlı Kuvvetlerinin Personel Seferberliği Yönetmeliğinde Değişiklik Yapılmasına Dair Yönetmelik,https://www.resmigazete.gov.tr/eskiler/2005/10/20051030-4.htm
2005-10-30,— İşitme Engelliler Spor Federasyonu Başkanlığı Spor Dalları Yönetmeliği,https://www.resmigazete.gov.tr/eskiler/2005/10/20051030-5.htm
2005-10-30,— Hac ve Umre Seyahatleriyle İlgili İşlerin Diyanet İşleri Başkanlığınca Yürütülmesine Dair Yönetmelikte Değişiklik Yapılması Hakkında Yönetmelik,https://www.resmigazete.gov.tr/eskiler/2005/10/20051030-6.htm
2005-10-30,— Diyanet İşleri Başkanlığı Yayın Yönetmeliğinde Değişiklik Yapılmasına Dair Yönetmelik,https://www.resmigazete.gov.tr/eskiler/2005/10/20051030-7.htm
2005-10-30,— Özürlüler Veri Tabanı Oluşturulmasına ve Özürlülük Bilgisinin Nüfus Cüzdanında Yer Almasına Dair Yönetmelik,https://www.resmigazete.gov.tr/eskiler/2005/10/20051030-8.htm
2005-10-30,— Refik Saydam Hıfzıssıhha Merkezi Başkanlığı Personeli Görevde Yükselme ve Unvan Değişikliği Yönetmeliği,https://www.resmigazete.gov.tr/eskiler/2005/10/20051030-9.htm
2005-10-30,— Tarım ve Köyişleri Bakanlığı Memurlarının Yetiştirilmek Amacıyla Yurt Dışına Gönderilmeleri Hakkında Yönetmelik,https://www.resmigazete.gov.tr/eskiler/2005/10/20051030-10.htm
2005-10-30,— Türkiye Barolar Birliği Avukatlık Staj Yönetmeliğinde Değişiklik Yapılmasına Dair Yönetmelik,https://www.resmigazete.gov.tr/eskiler/2005/10/20051030-11.htm
2005-10-30,"— Türk Mühendis ve Mimar Odaları Birliği İnşaat Mühendisleri Odası Serbest İnşaat Mühendisliği Hizmetleri Uygulama, Tescil, Denetim ve Belgelendirme Yönetmeliği",https://www.resmigazete.gov.tr/eskiler/2005/10/20051030-12.htm
2005-10-31,— Gemi Acenteleri Hakkında Yönetmelik,https://www.resmigazete.gov.tr/eskiler/2005/10/20051031-1.htm
2005-10-31,"— Süleyman Demirel Üniversitesi Spor Bilimleri, Araştırma ve Uygulama Merkezi Yönetmeliği",https://www.resmigazete.gov.tr/eskiler/2005/10/20051031-2.htm
2005-10-31,— Abant İzzet Baysal Üniversitesi Dil Eğitimi Uygulama ve Araştırma Merkezi Hazırlık Sınıfı Eğitim-Öğretim ve Sınav Yönetmeliği,https://www.resmigazete.gov.tr/eskiler/2005/10/20051031-3.htm
2005-10-31,— Ufuk Üniversitesi Önlisans ve Lisans Eğitim-Öğretim ve Sınav Yönetmeliğinde Değişiklik Yapılmasına Dair Yönetmelik,https://www.resmigazete.gov.tr/eskiler/2005/10/20051031-4.htm
2005-10-31,— İşkolu Tespit Kararı (No: 2005/56),https://www.resmigazete.gov.tr/eskiler/2005/10/20051031-5.htm
2005-10-31,— İşkolu Tespit Kararı (No: 2005/57),https://www.resmigazete.gov.tr/eskiler/2005/10/20051031-6.htm
2005-11-01,2005/9492 Türk Silâhlı Kuvvetleri Sağlık Yeteneği Yönetmeliğinde Değişiklik Yapılmasına Dair Yönetmelik,https://www.resmigazete.gov.tr/eskiler/2005/11/20051101-1.htm
2005-11-01,— Türk Mühendis ve Mimar Odaları Birliği Harita ve Kadastro Mühendisleri Odası Ana Yönetmeliği,https://www.resmigazete.gov.tr/eskiler/2005/11/20051101-2.htm
2005-11-01,— Başkent Üniversitesi Eğitim-Öğretim ve Sınav Yönetmeliğinde Değişiklik Yapılmasına Dair Yönetmelik,https://www.resmigazete.gov.tr/eskiler/2005/11/20051101-3.htm
2005-11-01,"— Gaziosmanpaşa Üniversitesi Lisansüstü Eğitim, Öğretim ve Sınav Yönetmeliği",https://www.resmigazete.gov.tr/eskiler/2005/11/20051101-4.htm
2005-11-01,— Dış Ticarette Standardizasyon Tebliğinde Değişiklik Yapılması Hakkında Tebliğ (No: 2005/34),https://www.resmigazete.gov.tr/eskiler/2005/11/20051101-5.htm
2005-11-01,— Devlet Teşviklerinin Muhasebeleştirilmesi ve Devlet Yardımlarının Açıklanması (TMS 20) Hakkında Tebliğ (Sıra No: 8),https://www.resmigazete.gov.tr/eskiler/2005/11/20051101-6.htm
2005-11-02,5414 Gıda ve Tarım İçin Bitki Genetik Kaynakları Uluslararası Antlaşmasının Onaylanmasının Uygun Bulunduğuna Dair Kanun,https://www.resmigazete.gov.tr/eskiler/2005/11/20051102-1.htm
2005-11-02,"5415 Ölüm Cezasının Kaldırılmasını Amaçlayan, Medeni ve Siyasi Haklara İlişkin Uluslararası Sözleşmeye Ek İkinci İhtiyari Protokolün Onaylanmasının Uygun Bulunduğu Hakkında Kanun",https://www.resmigazete.gov.tr/eskiler/2005/11/20051102-2.htm
2005-11-02,"860 (10/16, 262) Esas Numaralı Meclis Araştırması Komisyonunun Görev Süresinin Uzatılmasına İlişkin Karar",https://www.resmigazete.gov.tr/eskiler/2005/11/20051102-3.htm
2005-11-02,861 Türkiye Büyük Millet Meclisinin Çalışmalarına Ara Vermesine Dair Karar,https://www.resmigazete.gov.tr/eskiler/2005/11/20051102-4.htm
2005-11-02,2005/9558 8/1/2002 Tarihli ve 4736 Sayılı Kanunun 1 inci Maddesinin Birinci Fıkrası Hükmünden Muaf Tutulacakların Tespitine Dair 28/1/2002 Tarihli ve 2002/3654 Sayılı Kararnamenin Eki Kararda Değişiklik Yapılmasına İlişkin Karar,https://www.resmigazete.gov.tr/eskiler/2005/11/20051102-5.htm
2005-11-02,"— Devlet Bakanı Ali BABACAN’a, Devlet Bakanı Beşir ATALAY’ın Vekâlet Etmesine Dair Tezkere",https://www.resmigazete.gov.tr/eskiler/2005/11/20051102-6.htm
2005-11-02,"— Adalet Bakanlığına, İçişleri Bakanı Abdülkadir AKSU’nun Vekâlet Etmesine Dair Tezkere",https://www.resmigazete.gov.tr/eskiler/2005/11/20051102-7.htm
2005-11-02,"— Enerji ve Tabii Kaynaklar Bakanlığına, Çevre ve Orman Bakanı Osman PEPE’nin Vekâlet Etmesine Dair Tezkere",https://www.resmigazete.gov.tr/eskiler/2005/11/20051102-8.htm
2005-11-02,— Yurt Dışında Görevlendirilecek Memurların Seçim Esaslarına Dair Yönetmelikte Değişiklik Yapılmasına Dair Yönetmelik,https://www.resmigazete.gov.tr/eskiler/2005/11/20051102-9.htm
2005-11-02,— Havaalanları Yer Hizmetleri Yönetmeliği (SHY-22) de Değişiklik Yapılmasına Dair Yönetmelik,https://www.resmigazete.gov.tr/eskiler/2005/11/20051102-10.htm
2005-11-02,— Kamu Görevlileri Sendikaları Kanunu Kapsamına Giren Kurum ve Kuruluşların Girdikleri Hizmet Kollarının Belirlenmesine İlişkin Yönetmelikte Değişiklik Yapılmasına Dair Yönetmelik,https://www.resmigazete.gov.tr/eskiler/2005/11/20051102-11.htm
2005-11-02,— Çalışma ve Sosyal Güvenlik Bakanlığı Personeli Görevde Yükselme ve Unvan Değişikliği Yönetmeliği,https://www.resmigazete.gov.tr/eskiler/2005/11/20051102-12.htm
2005-11-02,— Haliç Üniversitesi Burs Yönetmeliği,https://www.resmigazete.gov.tr/eskiler/2005/11/20051102-13.htm
2005-11-02,"— Kocaeli Üniversitesi Yabancı Dil Hazırlık, Yabancı Dil Destek ve Yabancı Dil Tamamlama Programları Yönetmeliğinde Değişiklik Yapılmasına Dair Yönetmelik",https://www.resmigazete.gov.tr/eskiler/2005/11/20051102-14.htm
2005-11-02,— Mecburi Standardların Yürürlükten Kaldırılmasına Dair Tebliğ (No: ÖSG-2005/14),https://www.resmigazete.gov.tr/eskiler/2005/11/20051102-15.htm
2005-11-02,— Mecburi Standardın Yürürlükten Kaldırılmasına Dair Tebliğ (No: ÖSG-2005/15),https://www.resmigazete.gov.tr/eskiler/2005/11/20051102-16.htm
2005-11-02,— Gümrük Genel Tebliği (Gümrük İşlemleri)(Seri No: 44),https://www.resmigazete.gov.tr/eskiler/2005/11/20051102-17.htm
2005-11-02,— Tekdüzen Hesap Planı ve İzahnamesi Hakkında Tebliğde Değişiklik Yapılmasına Dair Tebliğ,https://www.resmigazete.gov.tr/eskiler/2005/11/20051102-18.htm
2005-11-06,5416 Türkiye Cumhuriyeti Hükümeti ile Ukrayna Bakanlar Kurulu Arasında Çevre Koruma Alanında İkili İşbirliği Anlaşmasının Onaylanmasının Uygun Bulunduğuna Dair Kanun,https://www.resmigazete.gov.tr/eskiler/2005/11/20051106-1.htm
2005-11-06,5417 Türkiye Cumhuriyeti Hükümeti ve Oman Sultanlığı Hükümeti Arasında Çevre Koruma Alanında İşbirliği Anlaşmasının Onaylanmasının Uygun Bulunduğuna Dair Kanun,https://www.resmigazete.gov.tr/eskiler/2005/11/20051106-2.htm
2005-11-06,5418 Türkiye Cumhuriyeti Hükümeti ile Fas Krallığı Hükümeti Arasında Çevre Koruma Alanında İşbirliği Anlaşmasının Onaylanmasının Uygun Bulunduğuna Dair Kanun,https://www.resmigazete.gov.tr/eskiler/2005/11/20051106-3.htm
2005-11-06,5419 Türkiye Cumhuriyeti Hükümeti ile Bulgaristan Cumhuriyeti Hükümeti Arasında Çevre Koruma Alanında İşbirliği Anlaşmasının Onaylanmasının Uygun Bulunduğuna Dair Kanun,https://www.resmigazete.gov.tr/eskiler/2005/11/20051106-4.htm
2005-11-06,5420 Türkiye Cumhuriyeti Hükümeti ile Kuzey Kıbrıs Türk Cumhuriyeti Hükümeti Arasında Çevre Alanında İşbirliği Anlaşmasının Onaylanmasının Uygun Bulunduğuna Dair Kanun,https://www.resmigazete.gov.tr/eskiler/2005/11/20051106-5.htm
2005-11-06,"5421 A400M Uçağının Geliştirilmesi,Üretimi ve Başlangıç Desteğine İlişkin Tek Aşamalı Bir Programda İşbirliği Konusunda Mutabakat Muhtırası ile A400M Uçağının İşbirliği İçerisinde Geliştirilmesi, Üretimi Evresi ve Başlangıç Desteğine İlişkin A400M Program Üst Kurulu Kararının Onaylanmasının Uygun Bulunduğuna Dair Kanun",https://www.resmigazete.gov.tr/eskiler/2005/11/20051106-6.htm
2005-11-06,5422 Viyana ve Paris Sözleşmelerinin Uygulanmasına İlişkin Ortak Protokolun Onaylanmasının Uygun Bulunduğuna Dair Kanun,https://www.resmigazete.gov.tr/eskiler/2005/11/20051106-7.htm
2005-11-06,5423 Türkiye Cumhuriyeti Hükümeti ile Azerbaycan Cumhuriyeti Hükümeti Arasında Çevre Koruma Alanında İşbirliği Anlaşmasının Onaylanmasının Uygun Bulunduğuna Dair Kanun,https://www.resmigazete.gov.tr/eskiler/2005/11/20051106-8.htm
2005-11-06,5424 Türkiye Cumhuriyeti Hükümeti Çevre ve Orman Bakanlığı ile Kosova Geçici Özyönetim Kurumları (Çevre ve Mekansal Planlama Bakanlığı) Adına Görev Yapan Birleşmiş Milletler Kosova Geçici Yönetimi Arasında Çevre Alanında İşbirliği Mutabakat Zaptının Onaylanmasının Uygun Bulunduğuna Dair Kanun,https://www.resmigazete.gov.tr/eskiler/2005/11/20051106-9.htm
2005-11-06,"5425 Müşterek Taarruz Uçağı Sistem Geliştirme ve Gösterimi İçin İşbirliği Çerçevesi ile İlgili Mutabakat Muhtırası ve Buna İlişkin Tamamlayıcı Anlaşma,Malî Yönetim Usulleri Dokümanı ve Ek Mektupların Onaylanmasının Uygun Bulunduğuna Dair Kanun",https://www.resmigazete.gov.tr/eskiler/2005/11/20051106-10.htm
2005-11-06,5426 Gümrük Rejimlerinin Basitleştirilmesi ve Uyumlaştırılmasına İlişkin Uluslararası Sözleşme Hakkında Değişiklik Protokolüne Katılmamızın Uygun Bulunduğuna Dair Kanun,https://www.resmigazete.gov.tr/eskiler/2005/11/20051106-11.htm
2005-11-06,5427 Türkiye Cumhuriyeti ile Avrupa Serbest Ticaret Birliği (EFTA) Devletleri Arasında Anlaşma Çerçevesinde Oluşturulan Türkiye-EFTA Ortak Komitesinin 1/2004 ve 2/2004 Sayılı Kararlarının Onaylanmasının Uygun Bulunduğuna Dair Kanun,https://www.resmigazete.gov.tr/eskiler/2005/11/20051106-12.htm
2005-11-06,2005/9496 Türkiye ile Avusturya Arasında İmzalanan Kara Ulaştırması Karma Komisyonu Toplantısına İlişkin Protokol’ün Onaylanması Hakkında Karar,https://www.resmigazete.gov.tr/eskiler/2005/11/20051106-13.htm
2005-11-06,"— Başbakanlığa, Dışişleri Bakanı ve Başbakan Yardımcısı Abdullah GÜL’ün Vekâlet Etmesine Dair Tezkere",https://www.resmigazete.gov.tr/eskiler/2005/11/20051106-14.htm
2005-11-06,"— Devlet Bakanı Ali BABACAN’a, Devlet Bakanı Beşir ATALAY’ın Vekâlet Etmesine Dair Tezkere",https://www.resmigazete.gov.tr/eskiler/2005/11/20051106-15.htm
2005-11-06,"— Devlet Bakanı Mehmet AYDIN’a, Devlet Bakanı ve Başbakan Yardımcısı Mehmet Ali ŞAHİN’in Vekâlet Etmesine Dair Tezkere",https://www.resmigazete.gov.tr/eskiler/2005/11/20051106-16.htm
2005-11-06,— Güneydoğu Anadolu Projesi Yüksek Kurulunun Çalışma Usul ve Esaslarına Dair Yönetmelik,https://www.resmigazete.gov.tr/eskiler/2005/11/20051106-17.htm
2005-11-06,"— Çanakkale Onsekiz Mart Üniversitesi Önlisans-Lisans Eğitim, Öğretim ve Sınav Yönetmeliğinde Değişiklik Yapılmasına Dair Yönetmelik",https://www.resmigazete.gov.tr/eskiler/2005/11/20051106-18.htm
2005-11-07,2005/9563 8/1/2002 Tarihli ve 4736 Sayılı Kanunun 1 inci Maddesinin Birinci Fıkrası Hükmünden Muaf Tutulacakların Tespitine Dair 28/1/2002 Tarihli ve 2002/3654 Sayılı Kararnamenin Eki Kararda Değişiklik Yapılmasına İlişkin Karar,https://www.resmigazete.gov.tr/eskiler/2005/11/20051107-1.htm
2005-11-07,"— Kültür ve Turizm Bakanlığına,Milli Eğitim Bakanı Hüseyin ÇELİK’in Vekâlet Etmesine Dair Tezkere",https://www.resmigazete.gov.tr/eskiler/2005/11/20051107-2.htm
2005-11-07,"2005/9556 Şeker Kurulunda Boş Bulunan Üyeliğe, Kalan Süreyi Tamamlamak Üzere, Tarım ve Köyişleri Bakanlığı Tarafından Önerilen İki Aday Arasından Vedat Mirmahmutoğulları’nın Atanmasına Dair Karar",https://www.resmigazete.gov.tr/eskiler/2005/11/20051107-3.htm
2005-11-07,"— Ordu Evleri, Askeri Gazinolar ve Sosyal Tesisler Yönetmeliğinde Değişiklik Yapılmasına Dair Yönetmelik",https://www.resmigazete.gov.tr/eskiler/2005/11/20051107-4.htm
2005-11-07,— Hacettepe Üniversitesi Hazırlık Eğitim-Öğretim ve Sınav Yönetmeliği,https://www.resmigazete.gov.tr/eskiler/2005/11/20051107-5.htm
2005-11-07,— Sertifikalı Tohumluk ve Fidan Desteği ile Patates Siğili Görülen Alanlarda Alternatif Ürün Desteği Hakkında Tebliğde Değişiklik Yapılmasına Dair Tebliğ,https://www.resmigazete.gov.tr/eskiler/2005/11/20051107-6.htm
2005-11-08,2005/9579 Telekomünikasyon Ruhsatı ve Genel İzinlerin Asgari Değerlerinin Belirlenmesine İlişkin 30/10/2001 Tarihli ve 2001/3359 Sayılı Kararnamede Değişiklik Yapılmasına İlişkin Karar,https://www.resmigazete.gov.tr/eskiler/2005/11/20051108-1.htm
2005-11-08,— Millî Savunma Bakanlığına Ait Atama Kararı,https://www.resmigazete.gov.tr/eskiler/2005/11/20051108-2.htm
2005-11-08,— Sınır Tespitine Dair Bir Adet Karar,https://www.resmigazete.gov.tr/eskiler/2005/11/20051108-3.htm
2005-11-08,— 4046 Sayılı Kanun Kapsamında Danışmanlık Hizmetleri İhalelerinde Uygulanacak Esas ve Usullere İlişkin Yönetmelik ile Özelleştirme İdaresi Başkanlığı Teşkilat ve Görev Yönetmeliğinde Değişiklik Yapılması Hakkında Yönetmelik,https://www.resmigazete.gov.tr/eskiler/2005/11/20051108-4.htm
2005-11-08,"— Türk Mühendis ve Mimar Odaları Birliği Ziraat Mühendisleri Odası Meslek İçi Eğitim, Uzmanlık ve Belgelendirme Yönetmeliği",https://www.resmigazete.gov.tr/eskiler/2005/11/20051108-5.htm
2005-11-08,— Özelleştirme Yüksek Kurulunun 2005/120 sayılı Kararı,https://www.resmigazete.gov.tr/eskiler/2005/11/20051108-6.htm
2005-11-08,— Özelleştirme Yüksek Kurulunun 2005/128 sayılı Kararı,https://www.resmigazete.gov.tr/eskiler/2005/11/20051108-7.htm
2005-11-09,5428 Türkiye Cumhuriyeti Anayasasının Bazı Maddelerinin Değiştirilmesi Hakkında Kanun,https://www.resmigazete.gov.tr/eskiler/2005/11/20051109-1.htm
2005-11-09,"— İçişleri Bakanlığına, Milli Savunma Bakanı M. Vecdi GÖNÜL’ün Vekâlet Etmesine Dair Tezkere",https://www.resmigazete.gov.tr/eskiler/2005/11/20051109-2.htm
2005-11-09,— Gençlik ve Spor Genel Müdürlüğü Amatör Spor Dalları Ceza Yönetmeliğinde Değişiklik Yapılmasına Dair Yönetmelik,https://www.resmigazete.gov.tr/eskiler/2005/11/20051109-3.htm
2005-11-09,— Dokuz Eylül Üniversitesi İstatistik ve Risk Analizleri Araştırma-Uygulama Merkezi (İRAMER) Yönetmeliğinde Değişiklik Yapılmasına Dair Yönetmelik,https://www.resmigazete.gov.tr/eskiler/2005/11/20051109-4.htm
2005-11-09,— Kan Merkezlerinde ve İstasyonlarında Görev Yapacak Sağlık Personelinin Eğitimine ve Sertifikalan-dırılmasına Dair Tebliğ'de Değişiklik Yapılmasına Dair Tebliğ,https://www.resmigazete.gov.tr/eskiler/2005/11/20051109-5.htm
2005-11-09,— İthalatta Haksız Rekabetin Önlenmesine İlişkin Tebliğ (No: 2005/23),https://www.resmigazete.gov.tr/eskiler/2005/11/20051109-6.htm
2005-11-09,— İthalatta Haksız Rekabetin Önlenmesine İlişkin Tebliğ (No: 2005/24),https://www.resmigazete.gov.tr/eskiler/2005/11/20051109-7.htm
2005-11-09,— Borçlanma Maliyetlerine İlişkin Türkiye Muhasebe Standardı (TMS 23) Hakkında Tebliğ (Sıra No: 9),https://www.resmigazete.gov.tr/eskiler/2005/11/20051109-8.htm
2005-11-10,"— Devlet Bakanı ve Başbakan Yardımcısı Mehmet Ali ŞAHİN’e, Devlet Bakanı Nimet ÇUBUKÇU’nun Vekâlet Etmesine Dair Tezkere",https://www.resmigazete.gov.tr/eskiler/2005/11/20051110-1.htm
2005-11-10,"— Devlet Bakanı Mehmet AYDIN’a, Adalet Bakanı Cemil ÇİÇEK’in Vekâlet Etmesine Dair Tezkere",https://www.resmigazete.gov.tr/eskiler/2005/11/20051110-2.htm
2005-11-10,2005/9559 Türkiye Radyo-Televizyon Kurumu Yönetim Kurulu Üyeliğine Prof. Dr. Yusuf KARAKOÇ’un Atanmasına Dair Karar,https://www.resmigazete.gov.tr/eskiler/2005/11/20051110-3.htm
2005-11-10,"— Devlet Bakanı ve Başbakan Yardımcılığı ile İçişleri, Maliye ve Millî Eğitim Bakanlıklarına Ait Atama Kararları",https://www.resmigazete.gov.tr/eskiler/2005/11/20051110-4.htm
2005-11-10,2005/9585 Bilgi Edinme Hakkı Kanununun Uygulanmasına İlişkin Esas ve Usuller Hakkında Yönetmelikte Değişiklik Yapılmasına Dair Yönetmelik,https://www.resmigazete.gov.tr/eskiler/2005/11/20051110-5.htm
2005-11-10,"— Telekomünikasyon Yoluyla Yapılan İletişimin Tespiti, Dinlenmesi, Sinyal Bilgilerinin Değerlendirilmesi ve Kayda Alınmasına Dair Usul ve Esaslar ile Telekomünikasyon İletişim Başkanlığının Kuruluş, Görev ve Yetkileri Hakkında Yönetmelik",https://www.resmigazete.gov.tr/eskiler/2005/11/20051110-6.htm
2005-11-10,— Gaziosmanpaşa Üniversitesi Önlisans ve Lisans Eğitim-Öğretim ve Sınav Yönetmeliğinde Değişiklik Yapılmasına Dair Yönetmelik,https://www.resmigazete.gov.tr/eskiler/2005/11/20051110-7.htm
2005-11-10,— 2004/6 Sayılı Yurt Dışı Fuar Katılımlarının Desteklenmesine İlişkin Tebliğde Değişiklik Yapılmasına Dair Tebliğ (No: 2005/3),https://www.resmigazete.gov.tr/eskiler/2005/11/20051110-8.htm
2005-11-11,2005/9552 Trakya Üniversitesi Rektörlüğüne Bağlı Beden Eğitimi ve Spor Yüksekokulunun Adının Kırkpınar Beden Eğitimi ve Spor Yüksekokulu Olarak Değiştirilmesine Dair Karar,https://www.resmigazete.gov.tr/eskiler/2005/11/20051111-1.htm
2005-11-11,2005/9587 2005 Yılı Yatırım Programında 2004E030280 Proje Numarasıyla Yer Alan “Elazığ Havaalanı Yeni Pist Yapımı ve Müteferrik İşler” Projesi Kapsamında Belirtilen Sahaların Kamulaştırılmasına Dair Karar,https://www.resmigazete.gov.tr/eskiler/2005/11/20051111-2.htm
2005-11-11,"— Dışişleri Bakanlığı ve Başbakan Yardımcılığına, Devlet Bakanı Beşir ATALAY’ın Vekâlet Etmesine Dair Tezkere",https://www.resmigazete.gov.tr/eskiler/2005/11/20051111-3.htm
2005-11-11,2005/9554 Dışişleri Bakanlığına Ait Atama Kararı,https://www.resmigazete.gov.tr/eskiler/2005/11/20051111-4.htm
2005-11-11,"— Bayındırlık ve İskan, Çalışma ve Sosyal Güvenlik, Sanayi ve Ticaret, Kültür ve Turizm ile Çevre ve Orman Bakanlıklarına Ait Atama Kararları",https://www.resmigazete.gov.tr/eskiler/2005/11/20051111-5.htm
2005-11-11,"2005/9543 Hazineye, Katma Bütçeli Kuruluşlara, Belediyelere veya İl Özel İdarelerine Ait Arazi veya Arsaların Gerçek veya Tüzel Kişilere Bedelsiz Devrine İlişkin Yönetmelikte Değişiklik Yapılmasına Dair Yönetmelik",https://www.resmigazete.gov.tr/eskiler/2005/11/20051111-6.htm
2005-11-11,— Vakıflar Genel Müdürlüğü Personeli Görevde Yükselme ve Unvan Değişikliği Yönetmeliği,https://www.resmigazete.gov.tr/eskiler/2005/11/20051111-7.htm
2005-11-11,"— Özürlüler İdaresi Başkanlığı Özürlüler Uzman Yardımcısı ve Özürlüler Uzmanı Sınavı, Yetiştirilmeleri, Görev ve Sorumlulukları Hakkında Yönetmelikte Değişiklik Yapılmasına İlişkin Yönetmelik",https://www.resmigazete.gov.tr/eskiler/2005/11/20051111-8.htm
2005-11-11,— Ulusal Müze Başkanlıklarının Kuruluş ve Görevleri Hakkında Yönetmelik,https://www.resmigazete.gov.tr/eskiler/2005/11/20051111-9.htm
2005-11-11,— Kamu İhale Genel Tebliğinde Değişiklik Yapılmasına Dair Tebliğ,https://www.resmigazete.gov.tr/eskiler/2005/11/20051111-10.htm
2005-11-12,5430 Kısıtlayıcı Ticari Uygulamaların Kontrolü İçin Çok Taraflı Olarak Kararlaştırılan Adil İlkeler ve Kurallar Bütününün Tüm Yönlerini Gözden Geçirme Konusundaki 5. BM Konferansıyla İlgili Düzenlemeler Hakkında Birleşmiş Milletler ve Türk Hükümeti Arasındaki Anlaşmanın Onaylanmasının Uygun Bulunduğuna Dair Kanun,https://www.resmigazete.gov.tr/eskiler/2005/11/20051112-1.htm
2005-11-12,2005/9532 Bazı Mahalli İdare Birliklerinin Kurulmasına İzin Verilmesine Dair Karar,https://www.resmigazete.gov.tr/eskiler/2005/11/20051112-2.htm
2005-11-12,"— Başbakanlığa, Dışişleri Bakanı ve Başbakan Yardımcısı Abdullah GÜL’ün Vekâlet Etmesine Dair Tezkere",https://www.resmigazete.gov.tr/eskiler/2005/11/20051112-3.htm
2005-11-12,"— Devlet Bakanı Kürşad TÜZMEN’e , Sanayi ve Ticaret Bakanı Ali COŞKUN’un Vekâlet Etmesine Dair Tezkere",https://www.resmigazete.gov.tr/eskiler/2005/11/20051112-4.htm
2005-11-12,"— Milli Savunma Bakanlığına, İçişleri Bakanı Abdülkadir AKSU’nun Vekâlet Etmesine Dair Tezkere",https://www.resmigazete.gov.tr/eskiler/2005/11/20051112-5.htm
2005-11-12,— Yükseköğretim Üst Kuruluşları ile Yükseköğretim Kurumları Personeli Görevde Yükselme ve Unvan Değişikliği Yönetmeliği,https://www.resmigazete.gov.tr/eskiler/2005/11/20051112-6.htm
2005-11-12,— Personel Atama İşlemleri ile İlgili 2005/28 Sayılı Başbakanlık Genelgesi,https://www.resmigazete.gov.tr/eskiler/2005/11/20051112-7.htm
2005-11-12,— Gümrük Genel Tebliği (Geçici İthalat) Seri No: 5,https://www.resmigazete.gov.tr/eskiler/2005/11/20051112-8.htm
2005-11-12,— Türk Medeni Kanunu Hükümlerine Göre Kurulan Vakıfların İş ve İşlemlerinde Uyulacak Usul ve Esaslar Hakkında Tebliğin Yürürlükten Kaldırılmasına Dair Tebliğ,https://www.resmigazete.gov.tr/eskiler/2005/11/20051112-9.htm
2005-11-12,— Motorlu Taşıtlar Sektöründeki Dikey Anlaşmalar ve Uyumlu Eylemlere İlişkin Grup Muafiyeti Tebliği (No: 2005/4),https://www.resmigazete.gov.tr/eskiler/2005/11/20051112-10.htm
2005-11-13,— Gazi Üniversitesi Eğitim Bilimleri Enstitüsü Lisansüstü Eğitim-Öğretim ve Sınav Yönetmeliğinde Değişiklik Yapılmasına Dair Yönetmelik,https://www.resmigazete.gov.tr/eskiler/2005/11/20051113-1.htm
2005-11-13,"— TS 4026 Türk Tiftikleri, TS 1279 Kabuklu Antep Fıstığı, TS 1280 İç Antep Fıstığı ve TS 1016 Palamut ve Palamut Tırnakları Standartlarının Dış Ticarette Zorunlu Uygulamaya Konulmasına İlişkin Tebliğ (No: 2005/37)",https://www.resmigazete.gov.tr/eskiler/2005/11/20051113-2.htm
2005-11-14,"— Devlet Bakanı ve Başbakan Yardımcısı Abdüllatif ŞENER’e, Devlet Bakanı Mehmet AYDIN’ın Vekâlet Etmesine Dair Tezkere",https://www.resmigazete.gov.tr/eskiler/2005/11/20051114-1.htm
2005-11-14,"— Enerji ve Tabii Kaynaklar Bakanlığına, Ulaştırma Bakanı Binali YILDIRIM’ın Vekâlet Etmesine Dair Tezkere",https://www.resmigazete.gov.tr/eskiler/2005/11/20051114-2.htm
2005-11-14,— Atılım Üniversitesi İngilizce Hazırlık Okulu Yönetmeliğinde Değişiklik Yapılmasına Dair Yönetmelik,https://www.resmigazete.gov.tr/eskiler/2005/11/20051114-3.htm
2005-11-14,— Balıkesir Üniversitesi Bandırma İktisadi ve İdari Bilimler Fakültesi Yabancı Dil Hazırlık Sınıfı Eğitim-Öğretim ve Sınav Yönetmeliğinde Değişiklik Yapılmasına Dair Yönetmelik,https://www.resmigazete.gov.tr/eskiler/2005/11/20051114-4.htm
2005-11-14,— Yargıtay 2. ve 18. Hukuk Dairelerine Ait 5 Adet Karar,https://www.resmigazete.gov.tr/eskiler/2005/11/20051114-5.htm
2005-11-15,2005/9539 Tabii Afet Nedeniyle Gelir Kaybı ve Altyapı Hasarına Uğrayan Belediyelere Yapılacak Yardımlara Dair Karar,https://www.resmigazete.gov.tr/eskiler/2005/11/20051115-1.htm
2005-11-15,2005/9540 Tabii Afet Nedeniyle Gelir Kaybı ve Altyapı Hasarına Uğrayan Belediyelere Yapılacak Yardımlara Dair Karar,https://www.resmigazete.gov.tr/eskiler/2005/11/20051115-2.htm
2005-11-15,2005/9541 Tabii Afet Nedeniyle Gelir Kaybı ve Altyapı Hasarına Uğrayan Belediyelere Yapılacak Yardımlara Dair Karar,https://www.resmigazete.gov.tr/eskiler/2005/11/20051115-3.htm
2005-11-15,"2005/9564 Türkiye Radyo-Televizyon Kurumu Genel Müdürlüğü Tarafından,Radyo ve Televizyon Vericilerinde Kullanılmakta İken Arızalanan ve Emisyon Düşüklüğü Nedeniyle Atıl Durumda Bulunan Elektron Tüplerin İhale Yoluyla Satışının, 20/3/1971 Tarihli ve 7/2156 Sayılı Kararnamenin Kapsamı Dışına Çıkarılması Hakkında Karar",https://www.resmigazete.gov.tr/eskiler/2005/11/20051115-4.htm
2005-11-15,"— Devlet Bakanı Nimet ÇUBUKÇU’ya, Devlet Bakanı ve Başbakan Yardımcısı Mehmet Ali ŞAHİN’in Vekâlet Etmesine Dair Tezkere",https://www.resmigazete.gov.tr/eskiler/2005/11/20051115-5.htm
2005-11-15,"— Kültür ve Turizm Bakanlığına,Milli Eğitim Bakanı Hüseyin ÇELİK’in Vekâlet Etmesine Dair Tezkere",https://www.resmigazete.gov.tr/eskiler/2005/11/20051115-6.htm
2005-11-15,— Kültür ve Turizm Bakanlığına Ait Atama Kararı,https://www.resmigazete.gov.tr/eskiler/2005/11/20051115-7.htm
2005-11-15,— Yetiştirilmek Amacıyla Yurt Dışına Gönderilecek Başbakanlık Personeli Hakkında Yönetmelikte Değişiklik Yapılmasına Dair Yönetmelik,https://www.resmigazete.gov.tr/eskiler/2005/11/20051115-8.htm
2005-11-15,— Türk Hava Sahasında Uçuş Yapan Türk ve Yabancı Sivil Hava Araçlarının Yaptırması Gereken Üçüncü Şahıs Mali Mesuliyet Sigortası Yönetmeliği,https://www.resmigazete.gov.tr/eskiler/2005/11/20051115-9.htm
2005-11-15,— Çevre Amaçlı Tarımsal Arazilerin Korunması Programını Tercih Eden Üreticilerin Desteklenmesine ve Bu Üreticilere Teknik Yardım Sağlanmasına Dair Yönetmelik,https://www.resmigazete.gov.tr/eskiler/2005/11/20051115-10.htm
2005-11-15,— Denizcilik Müsteşarlığı Denizcilik Uzman Yardımcılığı Giriş Sınavı ile Denizcilik Uzmanlığı Yeterlik Sınavı ve Denizcilik Uzmanlarının Çalışma Usul ve Esaslarına İlişkin Yönetmelikte Değişiklik Yapılmasına Dair Yönetmelik,https://www.resmigazete.gov.tr/eskiler/2005/11/20051115-11.htm
2005-11-15,— Telekomünikasyon Hizmet ve Altyapılarına İlişkin Yetkilendirme Yönetmeliğinde Değişiklik Yapılmasına Dair Yönetmelik,https://www.resmigazete.gov.tr/eskiler/2005/11/20051115-12.htm
2005-11-15,— Vergi Usul Kanunu Genel Tebliği (Sıra No: 352),https://www.resmigazete.gov.tr/eskiler/2005/11/20051115-13.htm
2005-11-15,— Akaryakıt Haricinde Kalan Petrol Ürünlerinin İthalinde Uygulanacak Usul ve Esaslara İlişkin Tebliğde Değişiklik Yapılmasına İlişkin Tebliğ,https://www.resmigazete.gov.tr/eskiler/2005/11/20051115-14.htm
2005-11-16,2005/9542 Türkiye-Filistin Turizm Karma Komisyonu II. Dönem Toplantısı Protokolü’nün Onaylanması Hakkında Karar,https://www.resmigazete.gov.tr/eskiler/2005/11/20051116-1.htm
2005-11-16,"— Maliye Bakanlığına, İçişleri Bakanı Abdülkadir AKSU’nun Vekâlet Etmesine Dair Tezkere",https://www.resmigazete.gov.tr/eskiler/2005/11/20051116-2.htm
2005-11-16,"— Sağlık Bakanlığına, Çalışma ve Sosyal Güvenlik Bakanı Murat BAŞESGİOĞLU’nun Vekâlet Etmesine Dair Tezkere",https://www.resmigazete.gov.tr/eskiler/2005/11/20051116-3.htm
2005-11-16,"— Ulaştırma Bakanlığına, Enerji ve Tabii Kaynaklar Bakanı M.Hilmi GÜLER’in Vekâlet Etmesine Dair Tezkere",https://www.resmigazete.gov.tr/eskiler/2005/11/20051116-4.htm
2005-11-16,— Gazi Üniversitesi Eğitim-Öğretim ve Sınav Yönetmeliği,https://www.resmigazete.gov.tr/eskiler/2005/11/20051116-5.htm
2005-11-16,— Zorunlu Karşılıklar Hakkında Tebliğ (Sayı: 2005/1),https://www.resmigazete.gov.tr/eskiler/2005/11/20051116-6.htm
2005-11-17,2005/9535 Türkiye Cumhuriyeti Hükümeti ve Ukrayna Hükümeti Arasında İmzalanan Suça Karşı İşbirliği Anlaşmasının Birinci Maddesinin Uygulanmasına Dair Ek Protokol’ün Onaylanması Hakkında Karar,https://www.resmigazete.gov.tr/eskiler/2005/11/20051117-1.htm
2005-11-17,2005/9536 Türkiye Cumhuriyeti ile Venezuela Cumhuriyeti Arasında Umuma Mahsus Pasaportların Karşılıklı Olarak Vizeden Muaf Tutulmasına Dair Nota Teatisi Yoluyla İmzalanan Anlaşma’nın Onaylanması Hakkında Karar,https://www.resmigazete.gov.tr/eskiler/2005/11/20051117-2.htm
2005-11-17,2005/9570 Türkiye Cumhuriyeti ve Haşimi Ürdün Krallığı Arasında İmzalanan Yatırımların Karşılıklı Teşviki ve Korunmasına İlişkin Anlaşma’nın Onaylanması Hakkında Karar,https://www.resmigazete.gov.tr/eskiler/2005/11/20051117-3.htm
2005-11-17,"2005/9575 Türkiye Cumhuriyeti ile Japonya Uluslararası İşbirliği Ajansı (JICA) Arasında İmzalanan, “Türkiye Cumhuriyeti’ndeki Kaman Kalehöyük Arkeoloji Müzesinin Yapımı ile İlgili Projenin Temel Tasarım Çalışmasına Yönelik Görüşme Tutanakları (Son Taslak Raporun Açıklanması)”nın Onaylanması Hakkında Karar",https://www.resmigazete.gov.tr/eskiler/2005/11/20051117-4.htm
2005-11-17,2005/9576 Türk-Çek Kara Ulaştırması Karma Komisyon Toplantısı Protokolü’nün Onaylanması Hakkında Karar,https://www.resmigazete.gov.tr/eskiler/2005/11/20051117-5.htm
2005-11-17,2005/9580 Türkiye-Ürdün Kara Taşımacılığı Karma Komisyonu Toplantısı Tutanağı’nın Onaylanması Hakkında Karar,https://www.resmigazete.gov.tr/eskiler/2005/11/20051117-6.htm
2005-11-17,2005/9586 Türkiye Cumhuriyeti ile Avrupa Birliği Komisyonu Arasında İmzalanan Finansman Zaptı’nın Onaylanması Hakkında Karar,https://www.resmigazete.gov.tr/eskiler/2005/11/20051117-7.htm
2005-11-17,"— Dışişleri Bakanlığı ve Başbakan Yardımcılığına, Milli Savunma Bakanı M. Vecdi GÖNÜL’ün Vekâlet Etmesine Dair Tezkere",https://www.resmigazete.gov.tr/eskiler/2005/11/20051117-8.htm
2005-11-17,"— Dışişleri Bakanlığı ve Başbakan Yardımcılığına, Devlet Bakanı Kürşad TÜZMEN’in Vekâlet Etmesine Dair Tezkere",https://www.resmigazete.gov.tr/eskiler/2005/11/20051117-9.htm
2005-11-17,"— Devlet Bakanı ve Başbakan Yardımcısı Mehmet Ali ŞAHİN’e, Devlet Bakanı Mehmet AYDIN’ın Vekâlet Etmesine Dair Tezkere",https://www.resmigazete.gov.tr/eskiler/2005/11/20051117-10.htm
2005-11-17,"— Başbakanlık, İçişleri, Sağlık, Tarım ve Köyişleri, Kültür ve Turizm ile Çevre ve Orman Bakanlıklarına Ait Atama Kararları",https://www.resmigazete.gov.tr/eskiler/2005/11/20051117-11.htm
2005-11-17,— Sınır Tespitine Dair 4 Adet Karar,https://www.resmigazete.gov.tr/eskiler/2005/11/20051117-12.htm
2005-11-17,— Gümrük Laboratuvarları Tahlil Metotları Yönetmeliğinde Değişiklik Yapılmasına Dair Yönetmelik,https://www.resmigazete.gov.tr/eskiler/2005/11/20051117-13.htm
2005-11-17,— Doğal Çiçek Soğanlarının 2006 Yılı İhracat Listesi Hakkında Tebliğinde Değişiklik Yapılmasına Dair Tebliğ (No: 2005/45),https://www.resmigazete.gov.tr/eskiler/2005/11/20051117-14.htm
2005-11-17,— Dış Ticarette Standardizasyon Tebliği (No: 2005/35),https://www.resmigazete.gov.tr/eskiler/2005/11/20051117-15.htm
2005-11-17,— CE İşareti Taşıması Gereken Ürünlerin İthalatına İlişkin Dış Ticarette Standardizas-yon Tebliğinde Değişiklik Yapılması Hakkında Tebliğ (No: 2005/38),https://www.resmigazete.gov.tr/eskiler/2005/11/20051117-16.htm
2005-11-17,— 2005 Yılı Ekim Ayına Ait Dahilde İşleme İzin Belgelerinin (D1) Listesi,https://www.resmigazete.gov.tr/eskiler/2005/11/20051117-17.htm
2005-11-17,— 2005 Yılı Ekim Ayına Ait Yurt İçi Satış ve Teslim Belgelerinin (D3) Listesi,https://www.resmigazete.gov.tr/eskiler/2005/11/20051117-18.htm
2005-11-17,— 2005 Yılı Ekim Ayına Ait Hariçte İşleme İzin Belgelerinin (H) Listesi,https://www.resmigazete.gov.tr/eskiler/2005/11/20051117-19.htm
2005-11-17,"— 2005 Yılı Ekim Ayına Ait Vergi, Resim ve Harç İstisnası Belgelerinin (Y) Listesi",https://www.resmigazete.gov.tr/eskiler/2005/11/20051117-20.htm
2005-11-17,— Firma Talebine İstinaden İptal Edilen Dahilde İşleme İzin Belgeleri Listesi,https://www.resmigazete.gov.tr/eskiler/2005/11/20051117-21.htm
2005-11-17,— Re’sen Kapatılan Dahilde İşleme İzin Belgeleri Listesi,https://www.resmigazete.gov.tr/eskiler/2005/11/20051117-22.htm
2005-11-17,"— Anayasa Mahkemesinin E: 2004/36 (1412 Sayılı Ceza Muhakemeleri Usulü Kanunu ile İlgili), K: 2004/92 Sayılı Kararı",https://www.resmigazete.gov.tr/eskiler/2005/11/20051117-23.htm
2005-11-17,"— Anayasa Mahkemesinin E: 2004/28 (4922 Sayılı Denizde Can ve Mal Koruma Hakkında Kanun ile İlgili), K: 2005/34 Sayılı Kararı",https://www.resmigazete.gov.tr/eskiler/2005/11/20051117-24.htm
2005-11-18,5429 Türkiye İstatistik Kanunu,https://www.resmigazete.gov.tr/eskiler/2005/11/20051118-1.htm
2005-11-18,5431 Sivil Havacılık Genel Müdürlüğü Teşkilat ve Görevleri Hakkında Kanun,https://www.resmigazete.gov.tr/eskiler/2005/11/20051118-2.htm
2005-11-18,2005/9592 Akaryakıt Dağıtım ve Pazarlama Şirketlerinin Kurulmasına İlişkin Usul ve Esaslar ile Sıvılaştırılmış Petrol Gazı Dağıtım ve Pazarlama Şirketlerinin Kurulmasına İlişkin Usul ve Esasların Yürürlükten Kaldırılması Hakkında Karar,https://www.resmigazete.gov.tr/eskiler/2005/11/20051118-3.htm
2005-11-18,"— Sanayi ve Ticaret Bakanlığına,Milli Eğitim Bakanı Hüseyin ÇELİK’in Vekâlet Etmesine Dair Tezkere",https://www.resmigazete.gov.tr/eskiler/2005/11/20051118-4.htm
2005-11-18,"2005/9617 Küçük ve Orta Büyüklükteki İşletmelerin Tanımı, Nitelikleri ve Sınıflandırılması Hakkında Yönetmelik",https://www.resmigazete.gov.tr/eskiler/2005/11/20051118-5.htm
2005-11-18,— Özel İletişim Vergisi Genel Tebliği (Seri No: 1),https://www.resmigazete.gov.tr/eskiler/2005/11/20051118-6.htm
2005-11-18,— Katma Değer Vergisi Genel Tebliği (Seri No: 96),https://www.resmigazete.gov.tr/eskiler/2005/11/20051118-7.htm
2005-11-18,— Vergi Usul Kanunu Genel Tebliği (Sıra No: 353),https://www.resmigazete.gov.tr/eskiler/2005/11/20051118-8.htm
2005-11-18,"— Anayasa Mahkemesinin E: 2004/100 (1632 Sayılı Kanunda Değişiklik Yapan 5080 Sayılı Kanun ile İlgili), K: 2005/16 Sayılı Kararı",https://www.resmigazete.gov.tr/eskiler/2005/11/20051118-9.htm
2005-11-18,"— Anayasa Mahkemesinin E: 2001/323 (2918 Sayılı Kanunda Değişiklik Yapan 4199 Sayılı Kanun ile İlgili), K: 2005/31) Sayılı Kararı",https://www.resmigazete.gov.tr/eskiler/2005/11/20051118-10.htm
2005-11-19,"— Tarım ve Köyişleri Bakanlığına, Devlet Bakanı Nimet ÇUBUKÇU’nun Vekâlet Etmesine Dair Tezkere",https://www.resmigazete.gov.tr/eskiler/2005/11/20051119-1.htm
2005-11-19,"2005/9588 Atatürk Orman Çiftliği Müdürlüğü Satınalma-Satma,Yapma-Yaptırma, Kiralama ve Kiraya Verme İşlerine Ait Yönetmelikte Değişiklik Yapılmasına Dair Yönetmelik",https://www.resmigazete.gov.tr/eskiler/2005/11/20051119-2.htm
2005-11-19,— Millî Savunma Bakanlığı Akaryakıt İkmal ve NATO POL Tesisleri İşletme Başkanlığı Personeli Görevde Yükselme ve Unvan Değişikliği Yönetmeliği,https://www.resmigazete.gov.tr/eskiler/2005/11/20051119-3.htm
2005-11-19,— Sayıştay Yönetim Mensuplarının Görevde Yükselme ve Unvan Değişikliği Yönetmeliğinde Değişiklik Yapılmasına Dair Yönetmelik,https://www.resmigazete.gov.tr/eskiler/2005/11/20051119-4.htm
2005-11-19,— Fatih Üniversitesi Lisans Öğretim ve Sınav Yönetmeliğinde Değişiklik Yapılmasına Dair Yönetmelik,https://www.resmigazete.gov.tr/eskiler/2005/11/20051119-5.htm
2005-11-20,"— Milli Savunma Bakanlığına,Adalet Bakanı Cemil ÇİÇEK’in Vekâlet Etmesine Dair Tezkere",https://www.resmigazete.gov.tr/eskiler/2005/11/20051120-1.htm
2005-11-20,— İller Bankası Genel Müdürlüğü Personeli Görevde Yükselme ve Unvan Değişikliği Yönetmeliği,https://www.resmigazete.gov.tr/eskiler/2005/11/20051120-2.htm
2005-11-20,— İçmesuyu Elde Edilen veya Elde Edilmesi Planlanan Yüzeysel Suların Kalitesine Dair Yönetmelik (79/869/AB ile değişik 75/440/AB),https://www.resmigazete.gov.tr/eskiler/2005/11/20051120-3.htm
2005-11-21,2005/9551 Türkiye-Tunus Karma Ticaret ve Ekonomik ve Teknik İşbirliği Komisyonu 10 uncu Dönem Toplantısı Tutanağı'nın Onaylanması Hakkında Karar,https://www.resmigazete.gov.tr/eskiler/2005/11/20051121-1.htm
2005-11-21,— Aile ve Sosyal Araştırmalar Genel Müdürlüğü Personeli Görevde Yükselme ve Unvan Değişikliği Yönetmeliği,https://www.resmigazete.gov.tr/eskiler/2005/11/20051121-2.htm
2005-11-21,— Petrol İşleri Genel Müdürlüğü Personeli Görevde Yükselme ve Unvan Değişikliği Yönetmeliği,https://www.resmigazete.gov.tr/eskiler/2005/11/20051121-3.htm
2005-11-22,5432 Bilgi Edinme Hakkı Kanununda Değişiklik Yapılmasına Dair Kanun,https://www.resmigazete.gov.tr/eskiler/2005/11/20051122-1.htm
2005-11-22,2005/9596 Türk-Romen Karma Ekonomik Komisyonu Yirmi Birinci Dönem Toplantısı Protokolu’nun Onaylanması Hakkında Karar,https://www.resmigazete.gov.tr/eskiler/2005/11/20051122-2.htm
2005-11-22,"2005/9605 Türkiye Cumhuriyeti Hükümeti ile Güney Afrika Cumhuriyeti Hükümeti Arasında İmzalanan Kültür, Sanat, Eğitim, Bilim, Teknoloji, Spor, Dinlence ve Gençlik Alanlarında İşbirliği Anlaşması’nın Onaylanması Hakkında Karar",https://www.resmigazete.gov.tr/eskiler/2005/11/20051122-3.htm
2005-11-22,— Hâkimler ve Savcılar Yüksek Kuruluna Ait 2 Adet Karar,https://www.resmigazete.gov.tr/eskiler/2005/11/20051122-4.htm
2005-11-22,— Bazı Sigorta Branşlarının Adlarının Değiştirilmesi Hakkında Tebliğ,https://www.resmigazete.gov.tr/eskiler/2005/11/20051122-5.htm
2005-11-22,— İthalatta Korunma Önlemlerine İlişkin Tebliğ (Tebliğ No: 2005/8),https://www.resmigazete.gov.tr/eskiler/2005/11/20051122-6.htm
2005-11-23,"2005/9612 Türkiye Cumhuriyeti Hükümeti ile Estonya Cumhuriyeti Hükümeti Arasında İmzalanan, Kültür, Eğitim, Bilim, Gençlik ve Spor Alanlarında İşbirliği Programı’nın Onaylanması Hakkında Karar",https://www.resmigazete.gov.tr/eskiler/2005/11/20051123-1.htm
2005-11-23,2005/9616 İzmir’in EXPO 2015’e Aday Gösterilmesi ve Adaylık İçin Gerekli İşlemlerin Yürütülmesi Hususunda Dışişleri Bakanlığı’nın Görevlendirilmesi Hakkında Karar,https://www.resmigazete.gov.tr/eskiler/2005/11/20051123-2.htm
2005-11-23,"2005/9619 Kamu İktisadi Teşebbüsleri ve Bağlı Ortaklıklarının, 2006 Yılına Ait Genel Yatırım ve Finansman Programının Tespiti Hakkında Karar",https://www.resmigazete.gov.tr/eskiler/2005/11/20051123-3.htm
2005-11-23,"— Devlet Bakanı Ali BABACAN’a, Devlet Bakanı Beşir ATALAY’ın Vekâlet Etmesine Dair Tezkere",https://www.resmigazete.gov.tr/eskiler/2005/11/20051123-4.htm
2005-11-23,"— Devlet Bakanı Mehmet AYDIN’a, Devlet Bakanı ve Başbakan Yardımcısı Mehmet Ali ŞAHİN’in Vekâlet Etmesine Dair Tezkere",https://www.resmigazete.gov.tr/eskiler/2005/11/20051123-5.htm
2005-11-23,"— Devlet Bakanı Kürşad TÜZMEN’e, Milli Savunma Bakanı M.Vecdi GÖNÜL’ün Vekâlet Etmesine Dair Tezkere",https://www.resmigazete.gov.tr/eskiler/2005/11/20051123-6.htm
2005-11-23,"— Ulaştırma Bakanlığına, Maliye Bakanı Kemal UNAKITAN’ın Vekâlet Etmesine Dair Tezkere",https://www.resmigazete.gov.tr/eskiler/2005/11/20051123-7.htm
2005-11-23,"— Enerji ve Tabii Kaynaklar Bakanlığına, Tarım ve Köyişleri Bakanı Mehmet Mehdi EKER’in Vekâlet Etmesine Dair Tezkere",https://www.resmigazete.gov.tr/eskiler/2005/11/20051123-8.htm
2005-11-23,"— Devlet Bakanı ve Başbakan Yardımcılığı, Adalet, Maliye, Sağlık, Enerji ve Tabii Kaynaklar ile Çevre ve Orman Bakanlıklarına Ait Atama Kararları",https://www.resmigazete.gov.tr/eskiler/2005/11/20051123-9.htm
2005-11-24,2005/9591 Türkiye-Suriye Kara Ulaştırması Karma Komisyon Protokolü’nün Onaylanması Hakkında Karar,https://www.resmigazete.gov.tr/eskiler/2005/11/20051124-1.htm
2005-11-24,"— Ulaştırma Bakanlığına, Maliye Bakanı Kemal UNAKITAN’ın Vekâlet Etmesine Dair Tezkerenin İşlemden Kaldırılması Hakkında Tezkere",https://www.resmigazete.gov.tr/eskiler/2005/11/20051124-2.htm
2005-11-24,— Hâkimler ve Savcılar Yüksek Kuruluna Ait Atama Kararı,https://www.resmigazete.gov.tr/eskiler/2005/11/20051124-3.htm
2005-11-24,— Gençlik ve Spor Genel Müdürlüğü Spor Kontrolörlüğü Yönetmeliğinde Değişiklik Yapılmasına Dair Yönetmelik,https://www.resmigazete.gov.tr/eskiler/2005/11/20051124-4.htm
2005-11-24,"— Tarım ve Köyişleri Bakanlığı Teşkilatlanma ve Destekleme Genel Müdürlüğü Kontrolörleri Atama,Görev ve Yetki Yönetmeliğinde Değişiklik Yapılmasına Dair Yönetmelik",https://www.resmigazete.gov.tr/eskiler/2005/11/20051124-5.htm
2005-11-24,— Ankara Üniversitesi Yaz Dönemi Eğitim-Öğretim Yönetmeliğinde Değişiklik Yapılmasına Dair Yönetmelik,https://www.resmigazete.gov.tr/eskiler/2005/11/20051124-6.htm
2005-11-24,— Erciyes Üniversitesi Stratejik Araştırmalar ve Uygulama Merkezi Yönetmeliği,https://www.resmigazete.gov.tr/eskiler/2005/11/20051124-7.htm
2005-11-24,— Erciyes Üniversitesi Kapadokya Araştırma ve Uygulama Merkezi Yönetmeliği,https://www.resmigazete.gov.tr/eskiler/2005/11/20051124-8.htm
2005-11-24,— Erciyes Üniversitesi Yabancı Diller Yüksekokulu Yabancı Dil Hazırlık Programı Eğitim-Öğretim Yönetmeliği,https://www.resmigazete.gov.tr/eskiler/2005/11/20051124-9.htm
2005-11-24,— Gazi Üniversitesi Fen Bilimleri Enstitüsü Lisansüstü Eğitim-Öğretim ve Sınav Yönetmeliği,https://www.resmigazete.gov.tr/eskiler/2005/11/20051124-10.htm
2005-11-24,— Gazi Üniversitesi Sosyal Bilimler Enstitüsü Lisansüstü Eğitim-Öğretim ve Sınav Yönetmeliğinde Değişikli Yapılmasına Dair Yönetmelik,https://www.resmigazete.gov.tr/eskiler/2005/11/20051124-11.htm
2005-11-25,— Belediye Meclislerinin Çalışma Usulüne Dair Belediye Kanununun 59 uncu Maddesine Tevfikan Tanzim Edilen Yönetmeliğin Yürürlükten Kaldırılması Hakkında Yönetmelik,https://www.resmigazete.gov.tr/eskiler/2005/11/20051125-1.htm
2005-11-25,— Türkiye Denizcilik İşletmeleri A.Ş.Kapsam Dışı Personel Yönetmeliğinde Değişiklik Yapılmasına Dair Yönetmelik,https://www.resmigazete.gov.tr/eskiler/2005/11/20051125-2.htm
2005-11-25,— Türkiye Kömür İşletmeleri Kurumu Genel Müdürlüğü Personeli Görevde Yükselme ve Unvan Değişikliği Yönetmeliğinde Değişiklik Yapılmasına Dair Yönetmelik,https://www.resmigazete.gov.tr/eskiler/2005/11/20051125-3.htm
2005-11-25,— Profesyonel Turist Rehberliği Yönetmeliği,https://www.resmigazete.gov.tr/eskiler/2005/11/20051125-4.htm
2005-11-25,— Yapım İşleri İhaleleri Uygulama Yönetmeliğinde Değişiklik Yapılmasına Dair Yönetmelik,https://www.resmigazete.gov.tr/eskiler/2005/11/20051125-5.htm
2005-11-25,— Sabiha Gökçen Gümrük Müdürlüğünün Hayvan ve Hayvan Maddelerinin İthalat ve İhracatına Yetkilendirilmesi Hakkında Tebliğ (No: 2005/46),https://www.resmigazete.gov.tr/eskiler/2005/11/20051125-6.htm
2005-11-25,— İşkolu Tespit Kararı (No: 2005/58),https://www.resmigazete.gov.tr/eskiler/2005/11/20051125-7.htm
2005-11-25,— Türk Standardları Enstitüsünün Muayene ve/veya Laboratuvar Hizmet Kuruluşu Olarak Görevlendirilmesine Dair Tebliğ’de Değişiklik Yapılmasına Dair Tebliğ (No: ÖSG/2005/21),https://www.resmigazete.gov.tr/eskiler/2005/11/20051125-8.htm
2005-11-25,"— Yurt Dışında Ofis-Mağaza Açma, İşletme ve Marka Tanıtım Faaliyetlerinin Desteklenmesi Hakkında Tebliğ (No: 2005/4)",https://www.resmigazete.gov.tr/eskiler/2005/11/20051125-9.htm
2005-11-25,— Yargıtay 2.Hukuk Dairesine Ait 2 Adet Karar,https://www.resmigazete.gov.tr/eskiler/2005/11/20051125-10.htm
2005-11-26,"— Başbakanlığa, Dışişleri Bakanı ve Başbakan Yardımcısı Abdullah GÜL’ün Vekâlet Etmesine Dair Tezkere",https://www.resmigazete.gov.tr/eskiler/2005/11/20051126-1.htm
2005-11-26,"— Hazine Garantileri Verilmesi, İzlenmesi, Bütçeleştirilmesi ve Raporlanmasına İlişkin Esas ve Usullere Dair Yönetmelikte Değişiklik Yapılmasına Dair Yönetmelik",https://www.resmigazete.gov.tr/eskiler/2005/11/20051126-2.htm
2005-11-26,"— İcra Müdür ve Yardımcılarının Sınav, Mülakat, Atama ve Nakil Yönetmeliğinde Değişiklik Yapılmasına Dair Yönetmelik",https://www.resmigazete.gov.tr/eskiler/2005/11/20051126-3.htm
2005-11-26,— Tehlikeli Maddelerin Su ve Çevresinde Neden Olduğu Kirliliğin Kontrolü Yönetmeliği (76/464/AB),https://www.resmigazete.gov.tr/eskiler/2005/11/20051126-4.htm
2005-11-26,"— Anayasa Mahkemesinin E: 2004/54 (6245 Sayılı Kanunda Değişiklik Yapan 4969 Sayılı Kanun ile İlgili), K: 2005/24 Sayılı Kararı",https://www.resmigazete.gov.tr/eskiler/2005/11/20051126-5.htm
2005-11-27,— Dış Ekonomik İlişkiler Kurulu ve İş Konseyleri Çalışma Usul ve Esasları Hakkında Yönetmelik,https://www.resmigazete.gov.tr/eskiler/2005/11/20051127-1.htm
2005-11-27,— Alan Yönetimi ile Anıt Eser Kurulunun Kuruluş ve Görevleri ile Yönetim Alanlarının Belirlenmesine İlişkin Usul ve Esaslar Hakkında Yönetmelik,https://www.resmigazete.gov.tr/eskiler/2005/11/20051127-2.htm
2005-11-28,"— Yıldız Teknik Üniversitesi Tarihi Mirası Koruma, Uygulama ve Araştırma Merkezi Yönetmeliği",https://www.resmigazete.gov.tr/eskiler/2005/11/20051128-6.htm
2005-11-28,— 2005 Yılı Ekim Ayına Ait Yatırım Teşvik Belgelerinin Sektörel Dağılımı Listesi,https://www.resmigazete.gov.tr/eskiler/2005/11/20051128-2.pdf
2005-11-28,— 2005 Yılı Ekim Ayında Verilen Belgeler ve Yararlandırılan Teşvik Unsurları Listesi,https://www.resmigazete.gov.tr/eskiler/2005/11/20051128-3.pdf
2005-11-29,"862 Hakkari Merkez, Yüksekova ve Şemdinli İlçelerinde Meydana Gelen Olayların Araştırılması Amacıyla Bir Meclis Araştırması Komisyonu Kurulmasına İlişkin Karar",https://www.resmigazete.gov.tr/eskiler/2005/11/20051129-1.htm
2005-11-29,— Sosyal Sigortalar Kurumu Başkanlığı Personeli Görevde Yükselme ve Unvan Değişikliği Yönetmeliğinde Değişiklik Yapılmasına Dair Yönetmelik,https://www.resmigazete.gov.tr/eskiler/2005/11/20051129-2.htm
2005-11-29,— Elektronik Kimlik Bilgisini Haiz Cihazlara Dair Yönetmelikte Değişiklik Yapılmasına Dair Yönetmelik,https://www.resmigazete.gov.tr/eskiler/2005/11/20051129-3.htm
2005-11-29,— Galatasaray Üniversitesi Meslek Yüksekokulu Öğretim ve Sınav Yönetmeliğinde Değişiklik Yapılmasına Dair Yönetmelik,https://www.resmigazete.gov.tr/eskiler/2005/11/20051129-4.htm
2005-11-29,— Işık Üniversitesi Lisans Eğitim-Öğretim ve Sınav Yönetmeliğinde Değişiklik Yapılmasına Dair Yönetmelik,https://www.resmigazete.gov.tr/eskiler/2005/11/20051129-5.htm
2005-11-29,"28/11/2005 Tarihli ve 26007 Mükerrer sayılı Resmî Gazete'de, Milletlerarası Andlaşmalar yayımlanmıştır.",http://www.resmigazete.gov.tr/eskiler/2005/11/20051128M1.htm
2005-11-30,"— Devlet Bakanı Kürşad TÜZMEN’e , Sanayi ve Ticaret Bakanı Ali COŞKUN’un Vekâlet Etmesine Dair Tezkere",https://www.resmigazete.gov.tr/eskiler/2005/11/20051130-1.htm
2005-11-30,— Türk Patent Enstitüsü Başkanlığı Personeli Görevde Yükselme ve Unvan Değişikliği Yönetmeliği,https://www.resmigazete.gov.tr/eskiler/2005/11/20051130-2.htm
2005-11-30,— Ankara Üniversitesi Önlisans ve Lisans Eğitim-Öğretim Yönetmeliğinde Değişiklik Yapılmasına Dair Yönetmelik,https://www.resmigazete.gov.tr/eskiler/2005/11/20051130-3.htm
2005-11-30,— Işık Üniversitesi Lisansüstü Eğitim ve Öğretim Yönetmeliği,https://www.resmigazete.gov.tr/eskiler/2005/11/20051130-4.htm
2005-11-30,— Maltepe Üniversitesi Lisansüstü Eğitim-Öğretim ve Sınav Yönetmeliği,https://www.resmigazete.gov.tr/eskiler/2005/11/20051130-5.htm
2005-11-30,— Otomatik Olmayan Tartı Aletleri Yönetmeliği (90/384/AT) Uygulama Usul ve Esasları Hakkında Tebliğ’de (Tebliğ No: ÖSG-2004/38) Değişiklik Yapılmasına Dair Tebliğ (No:ÖSG-2005/19,https://www.resmigazete.gov.tr/eskiler/2005/11/20051130-6.htm
2005-11-30,"DÜZELTME (Anayasa Mahkemesinin, 18/11/2005 Tarihli ve 25997 Sayılı Resmî Gazete’nin 71 inci Sayfasında Yayımlanan E: 2004/100, K: 2005/16 Sayılı Kararı ile İlgili)",https://www.resmigazete.gov.tr/eskiler/2005/11/20051130-7.htm
2005-12-01,"— Devlet, Millî Savunma, Millî Eğitim, Ulaştırma, Tarım ve Köyişleri, Çalışma ve Sosyal Güvenlik, Enerji ve Tabii Kaynaklar ile Çevre ve Orman Bakanlıklarına Ait Atama Kararları",https://www.resmigazete.gov.tr/eskiler/2005/12/20051201-1.htm
2005-12-01,— Hâkimler ve Savcılar Yüksek Kuruluna Ait Karar,https://www.resmigazete.gov.tr/eskiler/2005/12/20051201-2.htm
2005-12-01,— Tekel Ürünleri Toptan Satıcılığına Dair Yönetmelikte Değişiklik Yapılmasına Dair Yönetmelik,https://www.resmigazete.gov.tr/eskiler/2005/12/20051201-3.htm
2005-12-01,— Gümrük Vergisi Askıya Alınması ve Avrupa Birliği Tarafından Tarife Kontenjanı Açılması Planlanan Ürünlere İlişkin Tebliğ (İthalat No: 2005/26),https://www.resmigazete.gov.tr/eskiler/2005/12/20051201-4.htm
2005-12-02,"2005/9670 2005-2006 Pazarlama Yılında Nişasta Kökenli Şekerler İçin Şeker Kurulu Tarafından Ayrılan Kotanın, Sakaroz Kökenli Şekerler İçin Ayrılan Kotayla İlgilendirilmeksizin % 50 Oranında Artırılması Hakkında Karar",https://www.resmigazete.gov.tr/eskiler/2005/12/20051202-1.htm
2005-12-02,"— Başbakanlığa, Devlet Bakanı ve Başbakan Yardımcısı Abdüllatif ŞENER’in Vekâlet Etmesine Dair Tezkere",https://www.resmigazete.gov.tr/eskiler/2005/12/20051202-2.htm
2005-12-02,"— Devlet Bakanı Beşir ATALAY’a, Devlet Bakanı Mehmet AYDIN’ın Vekâlet Etmesine Dair Tezkere",https://www.resmigazete.gov.tr/eskiler/2005/12/20051202-3.htm
2005-12-02,"— Devlet Bakanı Ali BABACAN’a, Maliye Bakanı Kemal UNAKITAN’ın Vekâlet Etmesine Dair Tezkere",https://www.resmigazete.gov.tr/eskiler/2005/12/20051202-4.htm
2005-12-02,"— Çevre ve Orman Bakanlığına, Milli Eğitim Bakanı Hüseyin ÇELİK’in Vekâlet Etmesine Dair Tezkere",https://www.resmigazete.gov.tr/eskiler/2005/12/20051202-5.htm
2005-12-02,— Çağ Üniversitesi Avrupa Birliği Araştırma ve Uygulama Merkezi Yönetmeliği,https://www.resmigazete.gov.tr/eskiler/2005/12/20051202-6.htm
2005-12-02,— Karma Yemlere Katılması ve Hayvanlara Yedirilmesi Yasak Olan Maddeler Tebliğinde Değişiklik Yapılmasına Dair Tebliğ (No: 2005/48),https://www.resmigazete.gov.tr/eskiler/2005/12/20051202-7.htm
2005-12-02,— Kamu İhale Genel Tebliğinde Değişiklik Yapılmasına Dair Tebliğ,https://www.resmigazete.gov.tr/eskiler/2005/12/20051202-8.htm
2005-12-02,"— Anayasa Mahkemesinin E: 2004/84 (5225 Sayılı Kanun ile İlgili), K: 2004/124 Sayılı Kararı",https://www.resmigazete.gov.tr/eskiler/2005/12/20051202-9.htm
2005-12-03,"2005/9663 Kamu İktisadi Teşebbüsleri ve Bağlı Ortaklıklarının, 2005 Yılına Ait Genel Yatırım ve Finansman Programında Değişiklik Yapılmasına İlişkin Karar",https://www.resmigazete.gov.tr/eskiler/2005/12/20051203-1.htm
2005-12-03,"— Ulaştırma Bakanlığına, Bayındırlık ve İskan Bakanı Faruk Nafiz ÖZAK’ın Vekâlet Etmesine Dair Tezkere",https://www.resmigazete.gov.tr/eskiler/2005/12/20051203-2.htm
2005-12-03,— İstanbul Üniversitesi Yaz Öğretimi Yönetmeliğinin Yürürlükten Kaldırılmasına Dair Yönetmelik,https://www.resmigazete.gov.tr/eskiler/2005/12/20051203-3.htm
2005-12-03,— Selçuk Üniversitesi Stratejik Araştırmalar ve Uygulama Merkezi Yönetmeliği,https://www.resmigazete.gov.tr/eskiler/2005/12/20051203-4.htm
2005-12-04,"— Milli Savunma Bakanlığına, İçişleri Bakanı Abdülkadir AKSU’nun Vekâlet Etmesine Dair Tezkere",https://www.resmigazete.gov.tr/eskiler/2005/12/20051204-1.htm
2005-12-04,"— Türkiye İş Kurumu İstihdam ve Meslek Uzmanlığı ile Uzman Yardımcılığı Atama, Görev ve Çalışma Yönetmeliği",https://www.resmigazete.gov.tr/eskiler/2005/12/20051204-2.htm
2005-12-04,— Avukatlık Asgari Ücret Tarifesi,https://www.resmigazete.gov.tr/eskiler/2005/12/20051204-3.htm
2005-12-04,— 5271 Sayılı Ceza Muhakemesi Kanunu Gereğince Yapılacak Hukuki Yardımlar İçin Avukatlık Ücret Tarifesi,https://www.resmigazete.gov.tr/eskiler/2005/12/20051204-4.htm
2005-12-05,"— Dışişleri Bakanlığı ve Başbakan Yardımcılığına, Devlet Bakanı Kürşad TÜZMEN’in Vekâlet Etmesine Dair Tezkere",https://www.resmigazete.gov.tr/eskiler/2005/12/20051205-1.htm
2005-12-05,— T.C. Ziraat Bankası A.Ş. Disiplin Yönetmeliğinde Değişiklik Yapılmasına Dair Yönetmelik,https://www.resmigazete.gov.tr/eskiler/2005/12/20051205-2.htm
2005-12-05,— Polis Akademisi Başkanlığı Güvenlik Bilimleri Fakültesi Eğitim-Öğretim Yönetmeliğinde Değişiklik Yapılmasına Dair Yönetmelik,https://www.resmigazete.gov.tr/eskiler/2005/12/20051205-3.htm
2005-12-05,— Ufuk Üniversitesi İngilizce Hazırlık Sınıfı Eğitim-Öğretim ve Sınav Yönetmeliğinde Değişiklik Yapılmasına Dair Yönetmelik,https://www.resmigazete.gov.tr/eskiler/2005/12/20051205-4.htm
2005-12-06,5434 Tehlikeli Malların Karayolu ile Uluslararası Taşımacılığına İlişkin Avrupa Anlaşmasına Katılmamızın Uygun Bulunduğuna Dair Kanun,https://www.resmigazete.gov.tr/eskiler/2005/12/20051206-1.htm
2005-12-06,2005/9555 Kamu İktisadi Teşebbüsleri ve Bağlı Ortaklıklarına Ait Bazı Kadro ve Pozisyonlarda Değişiklik Yapılması Hakkında Karar,https://www.resmigazete.gov.tr/eskiler/2005/12/20051206-2.htm
2005-12-06,2005/9659 Telekomünikasyon Ruhsatı ve Genel İzinlerin Asgari Değerlerinin Belirlenmesine İlişkin 2001/3359 Sayılı Kararnamede Değişiklik Yapılmasına İlişkin Karar,https://www.resmigazete.gov.tr/eskiler/2005/12/20051206-3.htm
2005-12-06,2005/9662 İthalat Rejimi Kararına Ek Karar,https://www.resmigazete.gov.tr/eskiler/2005/12/20051206-4.htm
2005-12-06,"2005/9665 Sosyal Güvenlik Kuruluşlarınca Döviz ile Değerlendirilecek Sürelerin Her Bir Günü İçin Tahakkuk Ettirilecek Prim, Kesenek ve Karşılık Borcu Tutarının Belirlenmesine İlişkin Karar",https://www.resmigazete.gov.tr/eskiler/2005/12/20051206-5.htm
2005-12-06,"— Sağlık Bakanlığına,Çalışma ve Sosyal Güvenlik Bakanı Murat BAŞESGİOĞLU’nun Vekalet Etmesine Dair Tezkere",https://www.resmigazete.gov.tr/eskiler/2005/12/20051206-6.htm
2005-12-06,"— Enerji ve Tabii Kaynaklar Bakanlığına, Kültür ve Turizm Bakanı Atilla KOÇ’un Vekâlet Etmesine Dair Tezkere",https://www.resmigazete.gov.tr/eskiler/2005/12/20051206-7.htm
2005-12-06,— Özelleştirme Yüksek Kurulunun 2005/130 Sayılı Kararı,https://www.resmigazete.gov.tr/eskiler/2005/12/20051206-8.htm
2005-12-06,— Özelleştirme Yüksek Kurulunun 2005/131 Sayılı Kararı,https://www.resmigazete.gov.tr/eskiler/2005/12/20051206-9.htm
2005-12-06,— Özelleştirme Yüksek Kurulunun 2005/133 Sayılı Kararı,https://www.resmigazete.gov.tr/eskiler/2005/12/20051206-10.htm
2005-12-06,— Özelleştirme Yüksek Kurulunun 2005/140 Sayılı Kararı,https://www.resmigazete.gov.tr/eskiler/2005/12/20051206-11.htm
2005-12-06,"— Anayasa Mahkemesinin E: 2002/104 (4748 Sayılı Çeşitli Kanunlarda Değişiklik Yapılmasına İlişkin Kanun ile İlgili), K: 2003/72 Sayılı Kararı",https://www.resmigazete.gov.tr/eskiler/2005/12/20051206-12.htm
2005-12-07,2005/9626 Merkezi Ankara’da Bulunan “Türkiye Kızılay Derneği”nin İzin Almadan Yardım Toplayabilen Kuruluşlardan Sayılması Hakkında Karar,https://www.resmigazete.gov.tr/eskiler/2005/12/20051207-1.htm
2005-12-07,2005/9632 Dışişleri Bakanlığının Bazı Mensuplarının Çeşitli Görevlere Atanmaları Hakkında Karar,https://www.resmigazete.gov.tr/eskiler/2005/12/20051207-2.htm
2005-12-07,— Tarım ve Köyişleri Bakanlığına Ait Atama Kararları,https://www.resmigazete.gov.tr/eskiler/2005/12/20051207-3.htm
2005-12-07,— Diş Protez Laboratuvarları Yönetmeliği,https://www.resmigazete.gov.tr/eskiler/2005/12/20051207-4.htm
2005-12-07,— Hizmet Alımı İhaleleri Uygulama Yönetmeliğinde Değişiklik Yapılmasına Dair Yönetmelik,https://www.resmigazete.gov.tr/eskiler/2005/12/20051207-5.htm
2005-12-07,— Dicle Üniversitesi Lisansüstü Eğitim-Öğretim ve Sınav Yönetmeliğinde Değişiklik Yapılmasına Dair Yönetmelik,https://www.resmigazete.gov.tr/eskiler/2005/12/20051207-6.htm
2005-12-08,"2005/9623 Tarım ve Köyişleri Bakanlığının Taşra Teşkilatında Yer Alan Gaziantep-Nizip Tarım Meslek Lisesi Müdürlüğü, Isparta-Şarkikaraağaç Tarım Meslek Lisesi Müdürlüğü ile Trabzon-Yomra Tarım Meslek Lisesi Müdürlüğünün Kaldırılması Hakkında Karar",https://www.resmigazete.gov.tr/eskiler/2005/12/20051208-1.htm
2005-12-08,2005/9635 Afyon Kocatepe Üniversitesi Rektörlüğüne Bağlı Olarak Turizm İşletmeciliği ve Otelcilik Yüksekokulu Kurulması Hakkında Karar,https://www.resmigazete.gov.tr/eskiler/2005/12/20051208-2.htm
2005-12-08,2005/9653 Bazı Kararnameler ile Türk Vatandaşlığı Kaybettirilen 10 Kişi ile İlgili Hükmün İptali Hakkında Karar,https://www.resmigazete.gov.tr/eskiler/2005/12/20051208-3.htm
2005-12-08,2005/9657 Tarım ve Köyişleri Bakanlığının Taşra Teşkilatı Olarak İstanbul Sabiha GÖKÇEN Havalimanında Veteriner Sınır Kontrol Noktası Müdürlüğü Kurulması Hakkında Karar,https://www.resmigazete.gov.tr/eskiler/2005/12/20051208-4.htm
2005-12-08,2005/9660 Diyanet İşleri Başkanlığının Taşra Teşkilatı Olarak Samsun İlinde Bir Adet Eğitim Merkezi Müdürlüğü Kurulması Hakkında Karar,https://www.resmigazete.gov.tr/eskiler/2005/12/20051208-5.htm
2005-12-08,"2005/9664 23/12/1988 Tarihli ve 88/13617 Sayılı Bakanlar Kurulu Kararı ile Yürürlüğe Konulan “Dernekler Kanununun 65 inci Maddesinde Öngörülen Kelimelerin Kullanılmasına İlişkin Esaslar""ın Yürürlükten Kaldırılması Hakkında Karar",https://www.resmigazete.gov.tr/eskiler/2005/12/20051208-6.htm
2005-12-08,2005/9692 2005-2006 Dönemi Hububat Ürünü Alımı ve Satımı Hakkında Kararda Değişiklik Yapılmasına Dair Karar,https://www.resmigazete.gov.tr/eskiler/2005/12/20051208-7.htm
2005-12-08,2005/9702 Dışişleri Bakanlığının Bazı Mensuplarının Çeşitli Görevlere Atanmaları Hakkında Karar,https://www.resmigazete.gov.tr/eskiler/2005/12/20051208-8.htm
2005-12-08,"2005/9718 Yeniden Yapılandırma Kurulunda Boş Bulunan Üyeliğe, Hamza Öztürk (Tarım Satış Kooperatifleri Birliği Temsilcisi)’ün Atanmasına Dair Karar",https://www.resmigazete.gov.tr/eskiler/2005/12/20051208-9.htm
2005-12-08,2005/9719 Türkiye İstatistik Kurumu Başkanlığına Doç. Dr. Ömer Demir’in Atanmasına Dair Karar,https://www.resmigazete.gov.tr/eskiler/2005/12/20051208-10.htm
2005-12-08,"— Adalet, Dışişleri, Ulaştırma ile Sanayi ve Ticaret Bakanlıklarına Ait Atama Kararları",https://www.resmigazete.gov.tr/eskiler/2005/12/20051208-11.htm
2005-12-08,— Gülhane Askeri Tıp Akademisi Yönetmeliğinde Değişiklik Yapılmasına Dair Yönetmelik,https://www.resmigazete.gov.tr/eskiler/2005/12/20051208-12.htm
2005-12-08,— Atatürk Üniversitesi Türk Kültürü Araştırma ve Uygulama Merkezi Yönetmeliği,https://www.resmigazete.gov.tr/eskiler/2005/12/20051208-13.htm
2005-12-08,— Galatasaray Üniversitesi Medya Çalışmaları Araştırma ve Uygulama Merkezi Yönetmeliği,https://www.resmigazete.gov.tr/eskiler/2005/12/20051208-14.htm
2005-12-08,"— İzmir Ekonomi Üniversitesi Bölgesel Kalkınma, Kent ve Çevre Araştırma ve Uygulama Merkezi Yönetmeliği",https://www.resmigazete.gov.tr/eskiler/2005/12/20051208-15.htm
2005-12-08,— Kocaeli Üniversitesi Lazer Teknolojileri Araştırma ve Uygulama Merkezi Yönetmeliği,https://www.resmigazete.gov.tr/eskiler/2005/12/20051208-16.htm
2005-12-08,— Selçuk Üniversitesi Uygulamalı Matematik Araştırma Merkezi Yönetmeliği,https://www.resmigazete.gov.tr/eskiler/2005/12/20051208-17.htm
2005-12-09,2005/9621 Türkiye-Moldova Kara Ulaştırması Karma Komisyon Toplantısı Protokolu’nun Onaylanması Hakkında Karar,https://www.resmigazete.gov.tr/eskiler/2005/12/20051209-1.htm
2005-12-09,2005/9646 Türk-Mısır Altıncı Dönem Turizm Karma Komisyonu Protokolü’nün Onaylanması Hakkında Karar,https://www.resmigazete.gov.tr/eskiler/2005/12/20051209-2.htm
2005-12-09,2005/9654 Mersin Üniversitesi Rektörlüğüne Bağlı Olarak Tarsus Uygulamalı Teknoloji ve İşletmecilik Yüksekokulu Kurulması Hakkında Karar,https://www.resmigazete.gov.tr/eskiler/2005/12/20051209-3.htm
2005-12-09,2005/9705 Bazı Mahalli İdare Birliklerinin Kurulmasına İzin Verilmesi Hakkında Karar,https://www.resmigazete.gov.tr/eskiler/2005/12/20051209-4.htm
2005-12-09,2005/9704 Dışişleri Bakanlığının Bazı Mensuplarının Çeşitli Görevlere Atanmaları Hakkında Karar,https://www.resmigazete.gov.tr/eskiler/2005/12/20051209-5.htm
2005-12-09,— Gençlik ve Spor Genel Müdürlüğü İşletme Yönetmeliği,https://www.resmigazete.gov.tr/eskiler/2005/12/20051209-6.htm
2005-12-09,— Gençlik ve Spor Genel Müdürlüğü Karate Müsabaka Yönetmeliğinde Değişiklik Yapılmasına Dair Yönetmelik,https://www.resmigazete.gov.tr/eskiler/2005/12/20051209-7.htm
2005-12-09,— Karate-Do Kyu ve Dan Sınav Yönetmeliğinde Değişiklik Yapılmasına Dair Yönetmelik,https://www.resmigazete.gov.tr/eskiler/2005/12/20051209-8.htm
2005-12-09,— Askeri Müzeler Yönetmeliğinde Değişiklik Yapılmasına Dair Yönetmelik,https://www.resmigazete.gov.tr/eskiler/2005/12/20051209-9.htm
2005-12-09,— Petrol Piyasası Bilgi Sistemi Yönetmeliği,https://www.resmigazete.gov.tr/eskiler/2005/12/20051209-10.htm
2005-12-09,— Petrol Piyasası Lisans Yönetmeliğinde Değişiklik Yapılmasına İlişkin Yönetmelik,https://www.resmigazete.gov.tr/eskiler/2005/12/20051209-11.htm
2005-12-09,— Petrol Piyasası Tarifeler Yönetmeliğinde Değişiklik Yapılmasına İlişkin Yönetmelik,https://www.resmigazete.gov.tr/eskiler/2005/12/20051209-12.htm
2005-12-09,— Petrol Piyasasında Uygulanacak Teknik Kriterler Hakkında Yönetmelikte Değişiklik Yapılmasına İlişkin Yönetmelik,https://www.resmigazete.gov.tr/eskiler/2005/12/20051209-13.htm
2005-12-09,— Petrol Piyasasında Ulusal Marker Uygulamasına İlişkin Usul ve Esaslar Hakkında Yönetmelikte Değişiklik Yapılmasına Dair Yönetmelik,https://www.resmigazete.gov.tr/eskiler/2005/12/20051209-14.htm
2005-12-09,"— Cumhuriyet Üniversitesi Sanayi ve Ticaret İşbirliğini Geliştirme, Uygulama ve Araştırma Merkezi Yönetmeliği",https://www.resmigazete.gov.tr/eskiler/2005/12/20051209-15.htm
2005-12-09,"— İstanbul Bilgi Üniversitesi Santral İstanbul Sanat,Kültür ve Müzecilik Araştırma ve Uygulama Merkezi Yönetmeliği",https://www.resmigazete.gov.tr/eskiler/2005/12/20051209-16.htm
2005-12-09,— Maltepe Üniversitesi İnsan Hakları Araştırma ve Uygulama Merkezi Yönetmeliği,https://www.resmigazete.gov.tr/eskiler/2005/12/20051209-17.htm
2005-12-09,— Hasılata İlişkin Türkiye Muhasebe Standardı (TMS 18) Hakkında Tebliğ (Sıra No: 10),https://www.resmigazete.gov.tr/eskiler/2005/12/20051209-18.htm
2005-12-09,— Yurtiçinde Üretilen Bazı Akaryakıt Haricinde Kalan Petrol Ürünlerinin Yurt İçinde Satışında Uygulanacak Usul ve Esaslara İlişkin Tebliğde Değişiklik Yapılmasına İlişkin Tebliğ,https://www.resmigazete.gov.tr/eskiler/2005/12/20051209-19.htm
2005-12-10,2005/9667 Türkiye-Hırvatistan Uluslararası Kara Ulaştırması Karma Komisyon Toplantısı Protokolü’nün Onaylanması Hakkında Karar,https://www.resmigazete.gov.tr/eskiler/2005/12/20051210-1.htm
2005-12-10,2005/9661 96 Kişinin Türk Vatandaşlığının Kaybettirilmesi Hakkında Karar,https://www.resmigazete.gov.tr/eskiler/2005/12/20051210-2.htm
2005-12-10,2005/9727 Belediyeler ve Bağlı Kuruluşları ile Sermayesinin Yüzde Ellisinden Fazlası Belediyelere Ait Şirketlerin Kamu Kurum ve Kuruluşlarından Olan Kamu ve Özel Hukuka Tabi Alacakları ile Bunların Diğer Kamu Kurum ve Kuruluşlarına Olan Borçları Hakkında Yapılacak Takas ve Mahsup İşlemleri İçin Belirlenen Sürenin Uzatılmasına İlişkin Karar,https://www.resmigazete.gov.tr/eskiler/2005/12/20051210-3.htm
2005-12-10,"2005/9732 3083 Sayılı Sulama Alanlarında Arazi Düzenlenmesine Dair Tarım Reformu Kanunu Uyarınca Uygulama Alanı İlan Edilen Şanlıurfa İlinde,Bağlılık Durumları Gösterilen Yerleşim Yerlerinin Ana Köyden Ayrılarak Bağımsız Köy Haline Getirilmeleri Hakkında Karar",https://www.resmigazete.gov.tr/eskiler/2005/12/20051210-4.htm
2005-12-10,"— Uyuşmazlık Mahkemesi Hukuk Bölümü’nde Boşalan Asıl Üyeliğe, Dz. Hak.Alb. Levent ÖZÇELİK’in Seçilmesine Dair Karar",https://www.resmigazete.gov.tr/eskiler/2005/12/20051210-5.htm
2005-12-10,"— Danıştay Üyeliğine,Maliye Bakanlığı Eski Müsteşar Yardımcısı İbrahim BERBEROĞLU’nun Seçilmesine Dair Karar",https://www.resmigazete.gov.tr/eskiler/2005/12/20051210-6.htm
2005-12-10,— Sağlık Bakanlığı Sicil Amirleri Yönetmeliği,https://www.resmigazete.gov.tr/eskiler/2005/12/20051210-7.htm
2005-12-10,— Sağlık Bakanlığı Disiplin Amirleri Yönetmeliği,https://www.resmigazete.gov.tr/eskiler/2005/12/20051210-8.htm
2005-12-10,"— Galatasaray Üniversitesi Tarih Bilimleri ve Bölgesel Tarih Öğretim,Araştırma ve Uygulama Merkezi Yönetmeliği",https://www.resmigazete.gov.tr/eskiler/2005/12/20051210-9.htm
2005-12-10,— Gazi Üniversitesi Sağlık Araştırma ve Uygulama Merkezi Yönetmeliği,https://www.resmigazete.gov.tr/eskiler/2005/12/20051210-10.htm
2005-12-10,— İstanbul Teknik Üniversitesi Türk Musikisi Devlet Konservatuvarı Lisans Eğitim ve Öğretim Yönetmeliğinde Değişiklik Yapılmasına Dair Yönetmelik,https://www.resmigazete.gov.tr/eskiler/2005/12/20051210-11.htm
2005-12-10,— İstanbul Teknik Üniversitesi Lisans Eğitim ve Öğretim Yönetmeliğinde Değişiklik Yapılmasına Dair Yönetmelik,https://www.resmigazete.gov.tr/eskiler/2005/12/20051210-12.htm
2005-12-10,— İstanbul Teknik Üniversitesi Denizcilik Fakültesi Lisans Eğitim ve Öğretim Yönetmeliğinde Değişiklik Yapılmasına Dair Yönetmelik,https://www.resmigazete.gov.tr/eskiler/2005/12/20051210-13.htm
2005-12-10,— İşkolu Tespit Kararı (No: 2005/59),https://www.resmigazete.gov.tr/eskiler/2005/12/20051210-14.htm
2005-12-10,— İşkolu Tespit Kararı (No: 2005/60),https://www.resmigazete.gov.tr/eskiler/2005/12/20051210-15.htm
2005-12-10,— Bakanlıklar arası Hac ve Umre Kurulu Kararının Uygulanmasına Dair Tebliğ,https://www.resmigazete.gov.tr/eskiler/2005/12/20051210-16.htm
2005-12-10,"— Anayasa Mahkemesinin E: 2005/6 (5277 Sayılı 2005 Malî Yılı Bütçe Kanunu ile İlgili), K: 2005/21 Sayılı Kararı",https://www.resmigazete.gov.tr/eskiler/2005/12/20051210-17.htm
2005-12-11,"2005/9656 Türkiye Cumhuriyeti Sanayi ve Ticaret Bakanlığı ile Moğolistan Sanayi ve Ticaret Bakanlığı Arasında İmzalanan,Sanayi ve Teknolojik İşbirliğine Dair Mutabakat Zaptı’nın Onaylanması Hakkında Karar",https://www.resmigazete.gov.tr/eskiler/2005/12/20051211-1.htm
2005-12-11,2005/9675 Karadeniz Ekonomik İşbirliği Ülkeleri Hükümetleri Arasında Doğal ve İnsanlardan Kaynaklanan Afetlerde Acil Yardım ve Acil Müdahale Anlaşması’na Katılmamız Hakkında Karar,https://www.resmigazete.gov.tr/eskiler/2005/12/20051211-2.htm
2005-12-11,2005/9706 İstanbul 2010 Avrupa Kültür Başkenti Girişim Grubunun Kurulmasına Dair Karar,https://www.resmigazete.gov.tr/eskiler/2005/12/20051211-3.htm
2005-12-11,"— Devlet Bakanı Kürşad TÜZMEN’e, Sanayi ve Ticaret Bakanı Ali COŞKUN’un Vekâlet Etmesine Dair Tezkere",https://www.resmigazete.gov.tr/eskiler/2005/12/20051211-4.htm
2005-12-11,2005/9644 Spor Müsabakalarında Şiddet ve Düzensizliğin Önlenmesine Dair Kanunun Uygulanmasına İlişkin Yönetmelikte Değişiklik Yapılmasına Dair Yönetmelik,https://www.resmigazete.gov.tr/eskiler/2005/12/20051211-5.htm
2005-12-11,— Karate Hakem Yönetmeliği,https://www.resmigazete.gov.tr/eskiler/2005/12/20051211-6.htm
2005-12-11,— Bahçeşehir Üniversitesi Lisansüstü Eğitim ve Öğretim Yönetmeliği,https://www.resmigazete.gov.tr/eskiler/2005/12/20051211-7.htm
2005-12-12,2005/9655 Türkiye Cumhuriyeti Genelkurmay Başkanlığı ile İtalya Cumhuriyeti Milli Savunma Bakanlığı Arasında İtalya Cumhuriyeti Hava Kuvvetlerine Mensup Personele Türk Hava Kuvvetleri Tarafından F-16 Uçaklarında Verilecek Uçuş Eğitimlerine İlişkin Protokol’ün Onaylanması Hakkında Karar,https://www.resmigazete.gov.tr/eskiler/2005/12/20051212-1.htm
2005-12-12,— 4077 Sayılı Tüketicinin Korunması Hakkında Kanun’un 4822 Sayılı Kanun ile Değişik 22 nci ve Tüketici Sorunları Hakem Heyetleri Yönetmeliği'nin 5 inci Maddelerinde Yer Alan Parasal Sınırların Arttırılmasına İlişkin Tebliğ (No: TRKGM-2005/2),https://www.resmigazete.gov.tr/eskiler/2005/12/20051212-2.htm
2005-12-12,— Yatırımlarda Devlet Yardımları Hakkında Kararın Uygulanmasına İlişkin 2002/1 Sayılı Tebliğ’de Değişiklik Yapılmasına İlişkin Tebliğ (No: 2005/2),https://www.resmigazete.gov.tr/eskiler/2005/12/20051212-3.htm
2005-12-12,— Türk Parası Kıymetini Koruma Hakkında 32 Sayılı Karara İlişkin 91-32/5 Sayılı Tebliğde Değişiklik Yapılmasına Dair Tebliğ (No: 2005-32/31),https://www.resmigazete.gov.tr/eskiler/2005/12/20051212-4.htm
2005-12-12,— Şarap Üretimi ve Piyasaya Arzı ile İlgili Tebliğde Değişiklik Yapılması Hakkında Tebliğ,https://www.resmigazete.gov.tr/eskiler/2005/12/20051212-5.htm
2005-12-13,2005/9682 Türkiye-Romanya Kara Ulaştırması Karma Komisyon Protokolü’nün Onaylanması Hakkında Karar,https://www.resmigazete.gov.tr/eskiler/2005/12/20051213-1.htm
2005-12-13,2005/9684 İnsan Haklarını ve Temel Özgürlükleri Koruma Sözleşmesine Ek Ölüm Cezasının Her Koşulda Kaldırılmasına Dair 13 No.lu Protokol’ün Onaylanması Hakkında Karar,https://www.resmigazete.gov.tr/eskiler/2005/12/20051213-2.htm
2005-12-13,"2005/9691 Zonguldak Karaelmas Üniversitesi Rektörlüğüne Bağlı Devrek Fen-Edebiyat Fakültesi’nin Adının “Fen-Edebiyat Fakültesi”, Çaycuma İktisadi ve İdari Bilimler Fakültesi’nin Adının “İktisadi ve İdari Bilimler Fakültesi” Olarak Değiştirilmesi Hakkında Karar",https://www.resmigazete.gov.tr/eskiler/2005/12/20051213-3.htm
2005-12-13,"— Millî Savunma Bakanlığı, Genelkurmay Başkanlığı ve Kuvvet Komutanlıklarında Görevli Devlet Memurlarının Görevde Yükselme ve Unvan Değişikliği Yönetmeliği",https://www.resmigazete.gov.tr/eskiler/2005/12/20051213-4.htm
2005-12-14,"863 Hakkari Merkez, Yüksekova ve Şemdinli İlçelerinde Meydana Gelen Olayların Araştırılması Amacıyla Kurulan Meclis Araştırması Komisyonuna Üye Seçimine İlişkin Karar",https://www.resmigazete.gov.tr/eskiler/2005/12/20051214-1.htm
2005-12-14,"2005/9639 Türkiye Cumhuriyeti Hükümeti ile Cibuti Cumhuriyeti Hükümeti Arasında İmzalanan Kültür, Eğitim, Bilim, Basın-Yayın, Gençlik ve Spor Alanlarında İşbirliği Anlaşması’nın Onaylanması Hakkında Karar",https://www.resmigazete.gov.tr/eskiler/2005/12/20051214-2.htm
2005-12-14,2005/9723 Türkiye-Finlandiya Kara Ulaştırması Karma Komisyon Toplantısı Protokolü’nün Onaylanması Hakkında Karar,https://www.resmigazete.gov.tr/eskiler/2005/12/20051214-3.htm
2005-12-14,2005/9729 Bazı Alanların Yaban Hayatı Geliştirme Sahası Olarak Belirlenmesi Hakkındaki 2005/9453 Sayılı Bakanlar Kurulu Kararı Eki Listede Yer Alan Düzce Gölyaka Efteni Gölü Yaban Hayatı Geliştirme Sahasına İlişkin Krokinin Sınırlarının Değiştirilmesi Hakkında Karar,https://www.resmigazete.gov.tr/eskiler/2005/12/20051214-4.htm
2005-12-14,"— İçişleri, Dışişleri, Maliye ile Ulaştırma Bakanlıklarına Ait Atama Kararları",https://www.resmigazete.gov.tr/eskiler/2005/12/20051214-5.htm
2005-12-14,2005/9668 Yıpranan Tarihi ve Kültürel Taşınmaz Varlıkların Yenilenerek Korunması ve Yaşatılarak Kullanılması Hakkında Kanunun Uygulama Yönetmeliği,https://www.resmigazete.gov.tr/eskiler/2005/12/20051214-6.htm
2005-12-14,— Maliye Bakanlığı Sicil Amirleri Yönetmeliğinde Değişiklik Yapılmasına Dair Yönetmelik,https://www.resmigazete.gov.tr/eskiler/2005/12/20051214-7.htm
2005-12-14,— Maliye Bakanlığı Disiplin Amirleri Yönetmeliğinde Değişiklik Yapılmasına Dair Yönetmelik,https://www.resmigazete.gov.tr/eskiler/2005/12/20051214-8.htm
2005-12-14,— Millî Eğitim Bakanlığı Açık Öğretim Lisesi Yönetmeliği,https://www.resmigazete.gov.tr/eskiler/2005/12/20051214-9.htm
2005-12-14,"— Türk Mühendis ve Mimar Odaları Birliği Ziraat Mühendisleri Odası Serbest Müşavirlik, Mühendislik Hizmetleri ve Belgelendirme Yönetmeliği",https://www.resmigazete.gov.tr/eskiler/2005/12/20051214-10.htm
2005-12-14,— Anadolu Üniversitesi Öğretim ve Sınav Yönetmeliğinde Değişiklik Yapılmasına Dair Yönetmelik,https://www.resmigazete.gov.tr/eskiler/2005/12/20051214-11.htm
2005-12-14,— Anadolu Üniversitesi Lisansüstü Eğitim-Öğretim ve Sınav Yönetmeliğinde Değişiklik Yapılmasına Dair Yönetmelik,https://www.resmigazete.gov.tr/eskiler/2005/12/20051214-12.htm
2005-12-14,— Anadolu Üniversitesi Sivil Havacılık Yüksekokulu Pilotaj Bölümü Öğretim ve Sınav Yönetmeliğinde Değişiklik Yapılmasına Dair Yönetmelik,https://www.resmigazete.gov.tr/eskiler/2005/12/20051214-13.htm
2005-12-14,— Anadolu Üniversitesi Yaz Okulu Yönetmeliğinde Değişiklik Yapılmasına Dair Yönetmelik,https://www.resmigazete.gov.tr/eskiler/2005/12/20051214-14.htm
2005-12-14,— Gaziosmanpaşa Üniversitesi Sürekli Eğitim Araştırma ve Uygulama Merkezi Yönetmeliği,https://www.resmigazete.gov.tr/eskiler/2005/12/20051214-15.htm
2005-12-14,— Bilim ve Teknoloji Yüksek Kurulu’nun 8 Eylül 2005 Tarihli Kararları ile İlgili 2005/29 Sayılı Başbakanlık Genelgesi (No: 2005/29),https://www.resmigazete.gov.tr/eskiler/2005/12/20051214-16.htm
2005-12-14,— Askeri Yüksek İdare Mahkemesi Başkanlar Kurulu Kararı (No: 118),https://www.resmigazete.gov.tr/eskiler/2005/12/20051214-17.htm
2005-12-15,2005/9735 Resmi İlan Fiyatlarının Tespitine Dair Karar,https://www.resmigazete.gov.tr/eskiler/2005/12/20051215-1.htm
2005-12-15,2005/9736 Dahilde İşleme Rejimi Kararında Değişiklik Yapılması Hakkında Karar,https://www.resmigazete.gov.tr/eskiler/2005/12/20051215-2.htm
2005-12-15,"— İçişleri Bakanlığına, Milli Savunma Bakanı M.Vecdi GÖNÜL’ün Vekâlet Etmesine Dair Tezkere",https://www.resmigazete.gov.tr/eskiler/2005/12/20051215-3.htm
2005-12-15,— Türkiye Bilimsel ve Teknolojik Araştırma Kurumu Proje Teşvik ve Destekleme Esaslarına İlişkin Yönetmelikte Değişiklik Yapılmasına Dair Yönetmelik,https://www.resmigazete.gov.tr/eskiler/2005/12/20051215-4.htm
2005-12-15,— Toprak Koruma ve Arazi Kullanımı Kanunu Uygulama Yönetmeliği,https://www.resmigazete.gov.tr/eskiler/2005/12/20051215-5.htm
2005-12-15,— Maltepe Üniversitesi Tıp Fakültesi Eğitim-Öğretim ve Sınav Yönetmeliğinin Yürürlükten Kaldırılmasına Dair Yönetmelik,https://www.resmigazete.gov.tr/eskiler/2005/12/20051215-6.htm
2005-12-15,— 2005 Mali Yılı Bütçe Uygulama Talimatı (Sıra No: 18) (Tedavi Yardımı),https://www.resmigazete.gov.tr/eskiler/2005/12/20051215-7.htm
2005-12-15,— Gümrük Genel Tebliği (Gümrük İşlemleri) (Seri No: 45),https://www.resmigazete.gov.tr/eskiler/2005/12/20051215-8.htm
2005-12-15,— GSM Mobil Telefon İşletmecilerinin Hizmet Kalitesi Yükümlülükleri ile İlgili Ölçütlerin Belirlenmesi ve Ölçümüne İlişkin Tebliğ,https://www.resmigazete.gov.tr/eskiler/2005/12/20051215-9.htm
2005-12-16,2005/9637 Türkiye Cumhuriyeti Hükümeti ile Kore Cumhuriyeti Hükümeti Arasında İmzalanan 2005-2008 Yıllarına İlişkin Kültürel ve Bilimsel Değişim Programı’nın Onaylanması Hakkında Karar,https://www.resmigazete.gov.tr/eskiler/2005/12/20051216-1.htm
2005-12-16,— Devlet Bakanı ve Başbakan Yardımcılığına Ait Atama Kararı,https://www.resmigazete.gov.tr/eskiler/2005/12/20051216-2.htm
2005-12-16,— Hâkimler ve Savcılar Yüksek Kuruluna Ait Karar,https://www.resmigazete.gov.tr/eskiler/2005/12/20051216-3.htm
2005-12-16,— Türkiye Bilimsel ve Teknolojik Araştırma Kurumu Kamu Kurumları Araştırma Geliştirme Projeleri Destekleme Programına ve TÜBİTAK Birimlerince Yürütülen Projelere İlişkin Yönetmelikte Değişiklik Yapılmasına Dair Yönetmelik,https://www.resmigazete.gov.tr/eskiler/2005/12/20051216-4.htm
2005-12-16,— Gümrük Muhafaza Görev Yönetmeliğinde Değişiklik Yapılmasına Dair Yönetmelik,https://www.resmigazete.gov.tr/eskiler/2005/12/20051216-5.htm
2005-12-16,— Motorlu Taşıtlar Vergisi Genel Tebliği (Seri No: 25),https://www.resmigazete.gov.tr/eskiler/2005/12/20051216-6.htm
2005-12-16,— Veraset ve İntikal Vergisi Genel Tebliği (Seri No: 37),https://www.resmigazete.gov.tr/eskiler/2005/12/20051216-7.htm
2005-12-16,— Tahsilat Genel Tebliği (Seri No: 437),https://www.resmigazete.gov.tr/eskiler/2005/12/20051216-8.htm
2005-12-16,— İşkolu Tespit Kararı (No: 2005/61),https://www.resmigazete.gov.tr/eskiler/2005/12/20051216-9.htm
2005-12-16,— İşkolu Tespit Kararı (No: 2005/62),https://www.resmigazete.gov.tr/eskiler/2005/12/20051216-10.htm
2005-12-17,"— Başbakanlık, İçişleri, Maliye, Millî Eğitim, Bayındırlık ve İskan, Sağlık, Tarım ve Köyişleri, Sanayi ve Ticaret, Kültür ve Turizm ile Çevre ve Orman Bakanlıklarına Ait Atama Kararları",https://www.resmigazete.gov.tr/eskiler/2005/12/20051217-1.htm
2005-12-17,— Güneydoğu Anadolu Projesi Bölge Kalkınma İdaresi Başkanlığı Personeli Görevde Yükselme ve Unvan Değişikliği Yönetmeliği,https://www.resmigazete.gov.tr/eskiler/2005/12/20051217-2.htm
2005-12-17,"— Türk Silahlı Kuvvetleri Personelinin Öğrenim, Eğitim ve Yetiştirme Masraflarının Tespitine Dair Yönetmelik",https://www.resmigazete.gov.tr/eskiler/2005/12/20051217-3.htm
2005-12-17,— Yüksek Öğrenim Kredi ve Yurtlar Kurumu Genel Müdürlüğü Görevde Yükselme Yönetmeliğinde Değişiklik Yapılmasına Dair Yönetmelik,https://www.resmigazete.gov.tr/eskiler/2005/12/20051217-4.htm
2005-12-17,— Maltepe Üniversitesi Tıp Fakültesi Eğitim-Öğretim ve Sınav Yönetmeliğinde Değişiklik Yapılmasına Dair Yönetmelik,https://www.resmigazete.gov.tr/eskiler/2005/12/20051217-5.htm
2005-12-17,— Değerli Kağıtlar Kanunu Genel Tebliği (Seri No: 23),https://www.resmigazete.gov.tr/eskiler/2005/12/20051217-6.htm
2005-12-17,— Vergi Usul Kanunu Genel Tebliği (Sıra No: 354),https://www.resmigazete.gov.tr/eskiler/2005/12/20051217-7.htm
2005-12-17,— Hayvancılığın Desteklenmesi Hakkında 2005/8503 sayılı Bakanlar Kurulu Kararının Uygulama Esasları Tebliği (No: 2005/47),https://www.resmigazete.gov.tr/eskiler/2005/12/20051217-8.htm
2005-12-17,— Türk Gıda Kodeksi Bal Tebliği (No: 2005/49),https://www.resmigazete.gov.tr/eskiler/2005/12/20051217-9.htm
2005-12-17,"— Elektrik, Su ve Gaz Sayaçları Tamir ve Ayar İstasyonlarına Dair Kriterler Hakkında Tebliğ (No: ÖSG/2005/20)",https://www.resmigazete.gov.tr/eskiler/2005/12/20051217-10.htm
2005-12-17,— Belirli Tekstil ve Konfeksiyon Ürünlerinin İthalatında Gözetim ve Korunma Önlemlerine İlişkin Tebliğ (No: 2005/9),https://www.resmigazete.gov.tr/eskiler/2005/12/20051217-11.htm
2005-12-17,— Konsolide ve Bireysel Finansal Tablolara İlişkin Türkiye Muhasebe Standardı (TMS 27) Hakkında Tebliğ (Sıra No: 11),https://www.resmigazete.gov.tr/eskiler/2005/12/20051217-12.htm
2005-12-17,"— Anayasa Mahkemesinin E: 2005/145 (5413 sayılı Kanun ile İlgili), K: 2005/23 (Yürürlüğü Durdurma) Sayılı Kararı",https://www.resmigazete.gov.tr/eskiler/2005/12/20051217-13.htm
2005-12-18,2005/9744 Zonguldak Karaelmas Üniversitesi Rektörlüğüne Bağlı Olarak Karabük Fen-Edebiyat Fakültesi ile Karabük Mühendislik Fakültesi’nin Kurulması Hakkında Karar,https://www.resmigazete.gov.tr/eskiler/2005/12/20051218-1.htm
2005-12-18,— Subay ve Astsubay Atama Yönetmeliği,https://www.resmigazete.gov.tr/eskiler/2005/12/20051218-2.htm
2005-12-18,— Başbakanlık Devlet Meteoroloji İşleri Genel Müdürlüğü Disiplin Amirleri Yönetmeliğinde Değişiklik Yapılmasına Dair Yönetmelik,https://www.resmigazete.gov.tr/eskiler/2005/12/20051218-3.htm
2005-12-18,— Türkiye Elektrik Ticaret ve Taahhüt Anonim Şirketi Genel Müdürlüğü Personeli Görevde Yükselme ve Unvan Değişikliği Yönetmeliği,https://www.resmigazete.gov.tr/eskiler/2005/12/20051218-4.htm
2005-12-18,— Ankara Üniversitesi İlahiyat Lisans Tamamlama Uzaktan Eğitim-Öğretim ve Sınav Yönetmeliği,https://www.resmigazete.gov.tr/eskiler/2005/12/20051218-5.htm
2005-12-18,— Harçlar Kanunu Genel Tebliği (Seri No: 49),https://www.resmigazete.gov.tr/eskiler/2005/12/20051218-6.htm
2005-12-19,— Elektrik İşleri Etüt İdaresi Genel Müdürlüğü Personelinin Görevde Yükselme ve Unvan Değişikliği Yönetmeliği,https://www.resmigazete.gov.tr/eskiler/2005/12/20051219-1.htm
2005-12-19,— Akdeniz Üniversitesi Temiz Enerji Araştırma ve Uygulama Merkezi Yönetmeliği,https://www.resmigazete.gov.tr/eskiler/2005/12/20051219-2.htm
2005-12-19,— Sakarya Üniversitesi Sağlık Hizmetleri Eğitim Uygulama ve Araştırma Merkezi Yönetmeliği,https://www.resmigazete.gov.tr/eskiler/2005/12/20051219-3.htm
2005-12-19,— 2005 Yılı Kasım Ayına Ait Dahilde İşleme İzin Belgelerinin (D1) Listesi,https://www.resmigazete.gov.tr/eskiler/2005/12/20051219-4.xls
2005-12-19,— 2005 Yılı Kasım Ayına Ait Yurt İçi Satış ve Teslim Belgelerinin (D3) Listesi,https://www.resmigazete.gov.tr/eskiler/2005/12/20051219-5.xls
2005-12-19,— 2005 Yılı Kasım Ayına Ait Hariçte İşleme İzin Belgelerinin (H) Listesi,https://www.resmigazete.gov.tr/eskiler/2005/12/20051219-6.xls
2005-12-19,"— 2005 Yılı Kasım Ayına Ait Vergi, Resim ve Harç İstisnası Belgelerinin (Y) Listesi",https://www.resmigazete.gov.tr/eskiler/2005/12/20051219-7.xls
2005-12-19,— Firma Talebine İstinaden İptal Edilen Dahilde İşleme İzin Belgeleri Listesi,https://www.resmigazete.gov.tr/eskiler/2005/12/20051219-8.xls
2005-12-19,– Re’sen Kapatılan Dahilde İşleme İzin Belgeleri Listesi,https://www.resmigazete.gov.tr/eskiler/2005/12/20051219-9.xls
2005-12-20,"— Devlet Bakanı Mehmet AYDIN’a, Devlet Bakanı ve Başbakan Yardımcısı Mehmet Ali ŞAHİN’in Vekâlet Etmesine Dair Tezkere",https://www.resmigazete.gov.tr/eskiler/2005/12/20051220-1.htm
2005-12-20,— İçişleri Bakanlığına Ait 2 Adet Sınır Tespit Kararı,https://www.resmigazete.gov.tr/eskiler/2005/12/20051220-2.htm
2005-12-20,— Denetimli Serbestlik ve Yardım Merkezleri ile Koruma Kurulları Yönetmeliği,https://www.resmigazete.gov.tr/eskiler/2005/12/20051220-3.htm
2005-12-20,— Cumhuriyet Başsavcılıkları ile Adlî Yargı İlk Derece Ceza Mahkemeleri Kalem Hizmetlerinin Yürütülmesine Dair Yönetmelikte Değişiklik Yapılması Hakkında Yönetmelik,https://www.resmigazete.gov.tr/eskiler/2005/12/20051220-4.htm
2005-12-20,— Türkiye Cumhuriyeti Emekli Sandığı Genel Müdürlüğü Personeli Görevde Yükselme ve Unvan Değişikliği Yönetmeliği,https://www.resmigazete.gov.tr/eskiler/2005/12/20051220-5.htm
2005-12-20,"— Türkiye Cumhuriyet Merkez Bankasınca, Reeskoont ve Avans İşlemlerinde Uygulanacak Yıllık Faiz Oranları Hakkında Tebliğ",https://www.resmigazete.gov.tr/eskiler/2005/12/20051220-6.htm
2005-12-20,"— Anayasa Mahkemesinin E: 2003/73 (4962 Sayılı Kanun ile İlgili), K : 2003/86 Sayılı Kararı",https://www.resmigazete.gov.tr/eskiler/2005/12/20051220-7.htm
2005-12-21,"— Millî Eğitim, Bayındırlık ve İskan, Sağlık, Tarım ve Köyişleri ile Sanayi ve Ticaret Bakanlıklarına Ait Atama Kararları",https://www.resmigazete.gov.tr/eskiler/2005/12/20051221-1.htm
2005-12-21,— Hâkimler ve Savcılar Yüksek Kuruluna Ait Karar,https://www.resmigazete.gov.tr/eskiler/2005/12/20051221-2.htm
2005-12-21,— Amatör Denizci Yönetmeliğinde Değişiklik Yapılmasına Dair Yönetmelik,https://www.resmigazete.gov.tr/eskiler/2005/12/20051221-3.htm
2005-12-21,— Gemiadamları Yönetmeliğinde Değişiklik Yapılmasına Dair Yönetmelik,https://www.resmigazete.gov.tr/eskiler/2005/12/20051221-4.htm
2005-12-21,— Lisanslı Depoculuk Tazmin Fonu Yönetmeliği,https://www.resmigazete.gov.tr/eskiler/2005/12/20051221-5.htm
2005-12-21,— Maden Tetkik ve Arama Genel Müdürlüğü Personeli Görevde Yükselme ve Unvan Değişikliği Yönetmeliği,https://www.resmigazete.gov.tr/eskiler/2005/12/20051221-6.htm
2005-12-21,— Türkiye Elektrik İletim Anonim Şirketi Genel Müdürlüğü Personeli Görevde Yükselme ve Unvan Değişikliği Yönetmeliğinde Değişiklik Yapılmasına Dair Yönetmelik,https://www.resmigazete.gov.tr/eskiler/2005/12/20051221-7.htm
2005-12-21,— Trakya Üniversitesi Trakya Bölgesi Çiftlik Hayvanları Üretim ve Islahı Uygulama ve Araştırma Merkezi Yönetmeliği,https://www.resmigazete.gov.tr/eskiler/2005/12/20051221-8.htm
2005-12-21,DÜZELTME (Başbakanlık Devlet Meteoroloji İşleri Genel Müdürlüğü Disiplin Amirleri Yönetmeliğinde Değişiklik Yapılmasına Dair Yönetmelik Eki Cetvel ile İlgili,https://www.resmigazete.gov.tr/eskiler/2005/12/20051221-9.htm
2005-12-22,2005/9743 Yükseköğretim Kurumları Öğretim Elemanlarına Ait Bazı Kadro ve Pozisyonlarda Değişiklik Yapılması Hakkında Karar,https://www.resmigazete.gov.tr/eskiler/2005/12/20051222-1.htm
2005-12-22,2005/9815 Kamu Kurum ve Kuruluşlarındaki Geçici Mahiyette İşleri Yürütmek Üzere Geçici Personel İstihdamı ve Bu Personele Ödenecek Ücretler Hakkında Karar,https://www.resmigazete.gov.tr/eskiler/2005/12/20051222-2.htm
2005-12-22,"— Devlet Bakanı Kürşad TÜZMEN’e, Devlet Bakanı Ali BABACAN’ın Vekâlet Etmesine Dair Tezkere",https://www.resmigazete.gov.tr/eskiler/2005/12/20051222-3.htm
2005-12-22,"— Sağlık Bakanlığına, Milli Eğitim Bakanı Hüseyin ÇELİK’in Vekâlet Etmesine Dair Tezkere",https://www.resmigazete.gov.tr/eskiler/2005/12/20051222-4.htm
2005-12-22,2005/9794 Ateşli Silahlar ve Bıçaklar ile Diğer Aletler Hakkında Yönetmelikte Değişiklik Yapılmasına Dair Yönetmelik,https://www.resmigazete.gov.tr/eskiler/2005/12/20051222-5.htm
2005-12-22,— Gençlik ve Spor Genel Müdürlüğü Sponsorluk Yönetmeliğinde Değişiklik Yapılmasına Dair Yönetmelik,https://www.resmigazete.gov.tr/eskiler/2005/12/20051222-6.htm
2005-12-23,2005/9795 4760 Sayılı Özel Tüketim Vergisi Kanunu’na Ekli (IV) Sayılı Listede Yer Alan Bazı Mallarda Uygulanan Özel Tüketim Vergisi ile İlgili Karar,https://www.resmigazete.gov.tr/eskiler/2005/12/20051223-1.htm
2005-12-23,2005/9796 4760 Sayılı Özel Tüketim Vergisi Kanunu’na Ekli (III) Sayılı Listede Yer Alan Mallarda Uygulanan Özel Tüketim Vergisi ile İlgili Karar,https://www.resmigazete.gov.tr/eskiler/2005/12/20051223-2.htm
2005-12-23,2005/9808 Belgesiz İhracat Kredileri ile Vergi Resim ve Harç İstisnası Belgeleri Hakkında Karar,https://www.resmigazete.gov.tr/eskiler/2005/12/20051223-3.htm
2005-12-23,— Millî Eğitim Bakanlığına Ait Atama Kararı,https://www.resmigazete.gov.tr/eskiler/2005/12/20051223-4.htm
2005-12-23,— İstanbul İli Ümraniye İlçesine Bağlı Alemdar Belediyesi İsminin “ALEMDAĞ” Olarak Değiştirilmesine Dair Karar,https://www.resmigazete.gov.tr/eskiler/2005/12/20051223-5.htm
2005-12-23,— Gençlik ve Spor Genel Müdürlüğü Görevde Yükselme ve Unvan Değişikliği Yönetmeliğinde Değişiklik Yapılmasına Dair Yönetmelik,https://www.resmigazete.gov.tr/eskiler/2005/12/20051223-6.htm
2005-12-23,— Milli Piyango İdaresi Genel Müdürlüğü Personeli Görevde Yükselme ve Unvan Değişikliği Yönetmeliği,https://www.resmigazete.gov.tr/eskiler/2005/12/20051223-7.htm
2005-12-23,— Harran Üniversitesi Lisansüstü Eğitim ve Öğretim Yönetmeliğinde Değişiklik Yapılmasına Dair Yönetmelik,https://www.resmigazete.gov.tr/eskiler/2005/12/20051223-8.htm
2005-12-23,— Asgari Ücret Tespit Komisyonu Kararı (No: 2005/1),https://www.resmigazete.gov.tr/eskiler/2005/12/20051223-9.htm
2005-12-23,"— 4077 Sayılı Tüketicinin Korunması Hakkında Kanun’un 4822 Sayılı Kanun ile Değişik 25 inci Maddesine, 5326Ssayılı Kabahatler Kanunu’nun 3 üncü ve 17/7 nci Maddelerine Göre 2006 Yılında Uygulanacak Olan İdari Para Cezalarına İlişkin Tebliğ (No: 2005/03)",https://www.resmigazete.gov.tr/eskiler/2005/12/20051223-10.htm
2005-12-23,— Üretimlerini Likit Petrol Gazı (LPG) veya Likit Naturel Gaz (LNG) ile Yapan Üreticilerin Zararlarının Karşılanmasına İlişkin Usul ve Esaslar Hakkında Tebliğde Değişiklik Yapılmasına Dair Tebliğ (Sıra No: 2),https://www.resmigazete.gov.tr/eskiler/2005/12/20051223-11.htm
2005-12-23,— Gümrük Genel Tebliği (Tarife) (Seri No: 8),https://www.resmigazete.gov.tr/eskiler/2005/12/20051223-12.htm
2005-12-23,— Elma İhracatında İhracat İadesi Yapılmasına İlişkin Para-Kredi ve Koordinasyon Kurulu Tebliği (No: 2005/5),https://www.resmigazete.gov.tr/eskiler/2005/12/20051223-13.htm
2005-12-23,"— Aracılık Faaliyetleri ve Aracı Kuruluşlara İlişkin Esaslar Hakkında Tebliğde Değişiklik Yapılmasına Dair Tebliğ (Seri: V, No: 84)",https://www.resmigazete.gov.tr/eskiler/2005/12/20051223-14.htm
2005-12-24,5435 Hâkimler ve Savcılar Kanunu ile Bazı Kanunlarda Değişiklik Yapılmasına Dair Kanun,https://www.resmigazete.gov.tr/eskiler/2005/12/20051224-1.htm
2005-12-24,5436 Kamu Malî Yönetimi ve Kontrol Kanunu ile Bazı Kanun ve Kanun Hükmünde Kararnamelerde Değişiklik Yapılması Hakkında Kanun,https://www.resmigazete.gov.tr/eskiler/2005/12/20051224-2.htm
2005-12-24,"2005/9828 Bankalar Kanununun 14 üncü maddesinin (3) Numaralı Fıkrası Uyarınca Bankacılık İşlemleri Yapma ve Mevduat Kabul Etme İzni Kaldırılan T. İmar Bankası T.A.Ş. Nezdinde Bulunan Tasarruf, Ticari Kuruluşlar ve Diğer Kuruluşlar Mevduatının Tasarruf Mevduatı Sigorta Fonunca Ödenmesine İlişkin Esas ve Usuller Hakkında Kararda Değişiklik Yapılmasına İlişkin Karar",https://www.resmigazete.gov.tr/eskiler/2005/12/20051224-3.htm
2005-12-24,"— Anadolu Üniversitesi Rektörlüğüne, Prof. Dr. Fevzi SÜRMELİ'nin Atanması Hakkında Karar (No: 2005/33)",https://www.resmigazete.gov.tr/eskiler/2005/12/20051224-4.htm
2005-12-24,"— Devlet, Adalet ve Millî Eğitim Bakanlıklarına Ait Atama Kararları",https://www.resmigazete.gov.tr/eskiler/2005/12/20051224-5.htm
2005-12-24,— Gençlik ve Spor Genel Müdürlüğü Özerk Spor Federasyonları Çerçeve Statüsünde Değişiklik Yapılmasına Dair Stat,https://www.resmigazete.gov.tr/eskiler/2005/12/20051224-6.htm
2005-12-24,— Diyanet İşleri Başkanlığı Aday Memurlarının Yetiştirilmelerine Dair Yönetmelikte Değişiklik Yapılması Hakkında Yönetmelik,https://www.resmigazete.gov.tr/eskiler/2005/12/20051224-7.htm
2005-12-24,— Millî Eğitim Bakanlığı Meslekî Açık Öğretim Lisesi Yönetmeliği,https://www.resmigazete.gov.tr/eskiler/2005/12/20051224-8.htm
2005-12-24,— Gümrük Yönetmeliğinde Değişiklik Yapılmasına Dair Yönetmelik,https://www.resmigazete.gov.tr/eskiler/2005/12/20051224-9.htm
2005-12-24,— Elektrik Piyasası İthalat ve İhracat Yönetmeliğinde Değişiklik Yapılmasına Dair Yönetmelik,https://www.resmigazete.gov.tr/eskiler/2005/12/20051224-10.htm
2005-12-24,— Dış Ticarette Standardizasyon Tebliğinde Değişiklik Yapılması Hakkında Tebliğ (No: 2005/39),https://www.resmigazete.gov.tr/eskiler/2005/12/20051224-11.htm
2005-12-24,DÜZELTME (437 Seri No.lu Tahsilat Genel Tebliği ile İlgili),https://www.resmigazete.gov.tr/eskiler/2005/12/20051224-12.htm
2005-12-25,— Gazi Üniversitesi Türkiyat Uygulama ve Araştırma Merkezi Yönetmeliği,https://www.resmigazete.gov.tr/eskiler/2005/12/20051225-1.htm
2005-12-25,— Hacettepe Üniversitesi Sağlık Ekonomisi ve Sağlık Politikası Araştırma ve Uygulama Merkezi Yönetmeliği,https://www.resmigazete.gov.tr/eskiler/2005/12/20051225-2.htm
2005-12-25,— 2005 Yılı Kasım Ayına Ait Yatırım Teşvik Belgelerinin Sektörel Dağılım Listesi,https://www.resmigazete.gov.tr/eskiler/2005/12/20051225-3.pdf
2005-12-25,— 2005 Yılı Kasım Ayına Ait Belgeler ve Yararlandırılan Teşvik Unsurları Listesi,https://www.resmigazete.gov.tr/eskiler/2005/12/20051225-4.pdf
2005-12-26,2005/9775 Türkiye Cumhuriyetinin Kültür 2000 Programına Katılımı Hakkında Avrupa Topluluğu ve Türkiye Cumhuriyeti Arasında İmzalanan Mutabakat Zaptı’nın Onaylanması Hakkında Karar,https://www.resmigazete.gov.tr/eskiler/2005/12/20051226-1.htm
2005-12-26,2005/9810 Telekomünikasyon Ruhsatı ve Genel İzinlerin Asgari Değerlerinin Belirlenmesine İlişkin 30/10/2001 Tarihli ve 2001/3359 Sayılı Kararnamede Değişiklik Yapılmasına İlişkin Karar,https://www.resmigazete.gov.tr/eskiler/2005/12/20051226-2.htm
2005-12-26,2005/9817 Çevre Temizlik Vergisi Tarifesinde Yer Alan Bina Gruplarının Tespitine İlişkin Karar,https://www.resmigazete.gov.tr/eskiler/2005/12/20051226-3.htm
2005-12-26,"— Cumhurbaşkanlığına, Türkiye Büyük Millet Meclisi Başkanı Bülent ARINÇ’ın Vekâlet Etmesine Dair Tezkere",https://www.resmigazete.gov.tr/eskiler/2005/12/20051226-4.htm
2005-12-26,"— Dışişleri Bakanlığı ve Başbakan Yardımcılığına, Milli Savunma Bakanı M. Vecdi GÖNÜL’ün Vekâlet Etmesine Dair Tezkere",https://www.resmigazete.gov.tr/eskiler/2005/12/20051226-5.htm
2005-12-26,"— Devlet Bakanı Kürşad TÜZMEN’e, Sanayi ve Ticaret Bakanı Ali COŞKUN’un Vekâlet Etmesine Dair Tezkere",https://www.resmigazete.gov.tr/eskiler/2005/12/20051226-6.htm
2005-12-26,— Türkiye Bilimsel ve Teknolojik Araştırma Kurumu Yayın Yönetmeliğinde Değişiklik Yapılmasına Dair Yönetmelik,https://www.resmigazete.gov.tr/eskiler/2005/12/20051226-7.htm
2005-12-26,— Niğde Üniversitesi Yaz Okulu Eğitim-Öğretim Yönetmeliği,https://www.resmigazete.gov.tr/eskiler/2005/12/20051226-8.htm
2005-12-27,2005/9753 Özelleştirme Programı’nın Sosyal Açıdan Desteklenmesi Amacıyla Oluşturulan “İkinci Özelleştirme Sosyal Destek Projesi”nin Finansmanı İçin Uluslararası İmar ve Kalkınma Bankası’ndan Sağlanan Krediye İlişkin Türkiye Cumhuriyeti ile Adı Geçen Banka Arasında İmzalanan Kredi Anlaşması ve Eki Mektupların Yürürlüğe Girmesi Hakkında Karar,https://www.resmigazete.gov.tr/eskiler/2005/12/20051227-1.htm
2005-12-27,2005/9800 Türkiye Cumhuriyeti ile Kırım Özerk Cumhuriyeti Arasındaki Ekonomik ve Kültürel İşbirliğinin Geliştirilmesine İlişkin Toplantı Notları’nın Onaylanması Hakkında Karar,https://www.resmigazete.gov.tr/eskiler/2005/12/20051227-2.htm
2005-12-27,"2005/9813 Ölüm Cezasının Kaldırılmasını Amaçlayan,Medeni ve Siyasi Haklara İlişkin Uluslararası Sözleşmeye Ekİkinci İhtiyari Protokol’ün Onaylanması Hakkında Karar",https://www.resmigazete.gov.tr/eskiler/2005/12/20051227-3.htm
2005-12-27,2005/9785 Türkiye Cumhuriyeti Devlet Demiryolları İşletmesi Genel Müdürlüğüne Görev Verilmesine İlişkin Karar,https://www.resmigazete.gov.tr/eskiler/2005/12/20051227-4.htm
2005-12-27,2005/9786 Koç Üniversitesi Rektörlüğüne Bağlı Sağlık Yüksekokulu’nun Adının “Hemşirelik Yüksek-okulu” Olarak Değiştirilmesi Hakkında Karar,https://www.resmigazete.gov.tr/eskiler/2005/12/20051227-5.htm
2005-12-27,"— Kültür ve Turizm Bakanlığına, Devlet Bakanı Beşir ATALAY’ın Vekâlet Etmesine Dair Tezkere",https://www.resmigazete.gov.tr/eskiler/2005/12/20051227-6.htm
2005-12-27,— İhracatı Geliştirme Etüd Merkezi Muhasebe Yönetmeliği,https://www.resmigazete.gov.tr/eskiler/2005/12/20051227-7.htm
2005-12-27,— Ceza İnfaz Kurumları ile Tutukevleri İşyurtları Kurumu ve İşyurtlarının İdare ve İhale Yönetmeliği,https://www.resmigazete.gov.tr/eskiler/2005/12/20051227-8.htm
2005-12-27,— Tasarruf Mevduatı Sigorta Fonu Kurulunun Çalışma Usul ve Esaslarına İlişkin Yönetmelik,https://www.resmigazete.gov.tr/eskiler/2005/12/20051227-9.htm
2005-12-27,— Yurt Dışı Tebligat ve İstinabe Taleplerinde Uyulması Gereken Usul ve Esaslara Dair Tebliğ,https://www.resmigazete.gov.tr/eskiler/2005/12/20051227-10.htm
2005-12-27,— Motorlu Taşıtlar Vergisi Genel Tebliği (Seri No: 26),https://www.resmigazete.gov.tr/eskiler/2005/12/20051227-11.htm
2005-12-27,— Damga Vergisi Kanunu Genel Tebliği (Seri No: 45),https://www.resmigazete.gov.tr/eskiler/2005/12/20051227-12.htm
2005-12-27,— Harçlar Kanunu Genel Tebliği (Seri No: 50),https://www.resmigazete.gov.tr/eskiler/2005/12/20051227-13.htm
2005-12-27,— Su Kirliliği Kontrolü Yönetmeliği Suda Tehlikeli ve Zararlı Maddeler Tebliğinin Yürürlükten Kaldırıldığına İlişkin Tebliğ,https://www.resmigazete.gov.tr/eskiler/2005/12/20051227-14.htm
2005-12-27,— Dış Ticarette Standardizasyon Tebliği (No: 2005/40),https://www.resmigazete.gov.tr/eskiler/2005/12/20051227-15.htm
2005-12-27,— Çift Taraflı Kontrol Sistemi Kapsamında Kota Uygulanan Tekstil Ürünlerinin İthalatına İlişkin Tebliğ (No: 2006/1),https://www.resmigazete.gov.tr/eskiler/2005/12/20051227-16.htm
2005-12-27,— Tek Taraflı Kontrol Sistemi Kapsamında Kotaya Tabi Tekstil Ürünlerine Ait Kotaların Dağıtımı ve Yönetimine İlişkin Tebliğ (No: 2006/2),https://www.resmigazete.gov.tr/eskiler/2005/12/20051227-17.htm
2005-12-27,— Belirli Üçüncü Ülkelerde İşlem Gördükten Sonra Geri İthal Edilen Belirli Tekstil Ürünlerine ve Giyim Eşyasına Uygulanan Ekonomik Etkili Hariçte İşleme Rejimi Tebliği (No: 2006/3),https://www.resmigazete.gov.tr/eskiler/2005/12/20051227-18.htm
2005-12-27,— İthalinde Tek Taraflı Kontrol Sistemi Kapsamında Kota Uygulanan Tekstil Ürünlerine Ait Kotaların Birinci Bölümünün Dağıtımı ve Yönetimine İlişkin Tebliğ (No: 2006/4),https://www.resmigazete.gov.tr/eskiler/2005/12/20051227-19.htm
2005-12-27,— İştiraklerdeki Yatırımlara İlişkin Türkiye Muhasebe Standardı (TMS 28) Hakkında Tebliğ (Sıra No:12),https://www.resmigazete.gov.tr/eskiler/2005/12/20051227-20.htm
2005-12-27,— Diş Hekimlerinin Yapacakları Muayene ve Tedavilere Uygulanacak Ücretlerin Asgari Hadleri Hakkında Tebliğ,https://www.resmigazete.gov.tr/eskiler/2005/12/20051227-21.htm
2005-12-28,2005/9774 Kısıtlayıcı Ticari Uygulamaların Kontrolü İçin Çok Taraflı Olarak Kararlaştırılan Adil İlkeler ve Kurallar Bütününün Tüm Yönlerini Gözden Geçirme Konusundaki 5. BM Konferansıyla İlgili Düzenlemeler Hakkında Birleşmiş Milletler ve Türk Hükümeti Arasındaki Anlaşma’nın Onaylanması Hakkında Karar,https://www.resmigazete.gov.tr/eskiler/2005/12/20051228-1.htm
2005-12-28,"2005/9776 Türkiye Cumhuriyeti ve Lübnan Cumhuriyeti Arasında İmzalanan,Yatırımların Teşviki ve Karşılıklı Korunmasına İlişkin Anlaşma’nın Onaylanması Hakkında Karar",https://www.resmigazete.gov.tr/eskiler/2005/12/20051228-2.htm
2005-12-28,"2005/9777 Türkiye Cumhuriyeti ve Suriye Arap Cumhuriyeti Arasında İmzalanan,Yatırımların Karşılıklı Teşviki ve Korunmasına İlişkin Anlaşma’nın Onaylanması Hakkında Karar",https://www.resmigazete.gov.tr/eskiler/2005/12/20051228-3.htm
2005-12-28,"2005/9805 Türkiye Cumhuriyeti Hükümeti ile Birleşmiş Milletler Kalkınma Programı Arasında İmzalanan, “Tarım ve Köyişleri Bakanlığı Sivas-Erzincan Kalkınma Projesi (SEKP) İçin Uygulama Desteği” Konulu Proje Metni’nin Onaylanması Hakkında Karar",https://www.resmigazete.gov.tr/eskiler/2005/12/20051228-4.htm
2005-12-28,— Millî Eğitim Bakanlığı Öğretmeni Yetiştirme Merkezi Yönetmeliğinin Yürürlükten Kaldırılmasına Dair Yönetmelik,https://www.resmigazete.gov.tr/eskiler/2005/12/20051228-5.htm
2005-12-28,"— Millî Eğitim Bakanlığı Özel, Özel Eğitim Kursları Yönetmeliğinde Değişiklik Yapılmasına Dair Yönetmelik",https://www.resmigazete.gov.tr/eskiler/2005/12/20051228-6.htm
2005-12-28,— Özelleştirme Uygulamalarında Değer Tespiti ve İhale Yönetmeliğinde Değişiklik Yapılması Hakkında Yönetmelik,https://www.resmigazete.gov.tr/eskiler/2005/12/20051228-7.htm
2005-12-28,— Mersin Üniversitesi Ön Lisans ve Lisans Öğretim ve Sınav Yönetmeliğinde Değişiklik Yapılmasına Dair Yönetmelik,https://www.resmigazete.gov.tr/eskiler/2005/12/20051228-8.htm
2005-12-28,— Özelleştirme Yüksek Kurulunun 2005/146 Sayılı Kararı,https://www.resmigazete.gov.tr/eskiler/2005/12/20051228-9.htm
2005-12-28,— Özelleştirme Yüksek Kurulunun 2005/152 Sayılı Kararı,https://www.resmigazete.gov.tr/eskiler/2005/12/20051228-10.htm
2005-12-28,— Yargıtay 18.Hukuk Dairesine Ait Karar,https://www.resmigazete.gov.tr/eskiler/2005/12/20051228-11.htm
2005-12-28,— Uyuşmazlık Mahkemesine Ait 7 Adet Karar,https://www.resmigazete.gov.tr/eskiler/2005/12/20051228-12.htm
2005-12-28,— Yüksek Seçim Kurulunun 537 Sayılı Kararı,https://www.resmigazete.gov.tr/eskiler/2005/12/20051228-13.htm
2005-12-29,"2005/9823 Ticari İthalat Maksadı Dışında Yurt Dışından Getirilecek Renkli Televizyon, Siyah-Beyaz Televizyon, Radyo, Video, Televizyon Uydu Alıcıları, Birleşik Cihazlar ile Bunların Dışında Kalan Radyo Televizyon Yayını Almaya Yarayan Her Türlü Cihazlar İçin Bir Defaya Mahsus ve 2006 Yılı İçin Alınacak Ücretler Hakkında Karar",https://www.resmigazete.gov.tr/eskiler/2005/12/20051229-1.htm
2005-12-29,2005/9824 Fas Krallığı Menşeli Bazı Tarım Ürünleri İthalatında Tarife Kontenjanı Uygulanması Hakkında Karar,https://www.resmigazete.gov.tr/eskiler/2005/12/20051229-2.htm
2005-12-29,"2005/9826 193 Sayılı Gelir Vergisi Kanunu’nun 21, 23/8, 31, 47, 48, 82, 86/1-d ve Mükerrer 121 inci Maddelerinde Yer Alan Tutarlarla İlgili Karar",https://www.resmigazete.gov.tr/eskiler/2005/12/20051229-3.htm
2005-12-29,"2005/9827 Hiçbir Geliri Olmadığını Belgeleyenlere, Emeklilere, Gazilere, Özürlülere, Şehitlerin Dul ve Yetimlerine Ait Brüt 200 m 2 ’yi Geçmeyen Tek Meskenin Bina Vergisi Oranının 2006 Yılı İçin Sıfıra İndirilmesine İlişkin Karar",https://www.resmigazete.gov.tr/eskiler/2005/12/20051229-4.htm
2005-12-29,"2005/9829 Kütlü Pamuk,Yağlık Ayçiçeği, Soya Fasulyesi, Kanola, Dane Mısır,Zeytinyağı ve Sofralık Ham Zeytin Üreticilerine Destekleme Primi Ödenmesine Dair Kararda Değişiklik Yapılmasına Dair Karar",https://www.resmigazete.gov.tr/eskiler/2005/12/20051229-5.htm
2005-12-29,— Sağlık Bakanlığına Ait Atama Kararı,https://www.resmigazete.gov.tr/eskiler/2005/12/20051229-6.htm
2005-12-29,— Hâkimler ve Savcılar Yüksek Kurulunun 861 Sayılı Kararı,https://www.resmigazete.gov.tr/eskiler/2005/12/20051229-7.htm
2005-12-29,— Eşyanın Tercihli Menşeinin Tespiti Hakkında Yönetmelikte Değişiklik Yapılmasına Dair Yönetmelik,https://www.resmigazete.gov.tr/eskiler/2005/12/20051229-8.htm
2005-12-29,— Belirli Tekstil Ürünleri İthalatında Gözetim ve Korunma Önlemlerine Dair Yönetmelikte Değişiklik Yapılmasına İlişkin Yönetmelik,https://www.resmigazete.gov.tr/eskiler/2005/12/20051229-9.htm
2005-12-29,— Adalet Bakanlığı Görevde Yükselme Yönetmeliğinde Değişiklik Yapılmasına Dair Yönetmelik,https://www.resmigazete.gov.tr/eskiler/2005/12/20051229-10.htm
2005-12-29,— Ceza İnfaz Kurumları Personeli ile Ceza İnfaz Kurumları ve Tutukevleri Personeli Eğitim Merkezleri Öğrencilerinin Kıyafet Yönetmeliği,https://www.resmigazete.gov.tr/eskiler/2005/12/20051229-11.htm
2005-12-29,— Elektrik Piyasası Lisans Yönetmeliğinde Değişiklik Yapılmasına Dair Yönetmelik,https://www.resmigazete.gov.tr/eskiler/2005/12/20051229-12.htm
2005-12-29,— Mersin Üniversitesi Arşiv Hizmetleri Yönetmeliğinin Yürürlükten Kaldırılmasına Dair Yönetmelik,https://www.resmigazete.gov.tr/eskiler/2005/12/20051229-13.htm
2005-12-29,— Selçuk Üniversitesi Devlet Konservatuarı Eğitim-Öğretim ve Sınav Yönetmeliğinde Değişiklik Yapılmasına Dair Yönetmelik,https://www.resmigazete.gov.tr/eskiler/2005/12/20051229-14.htm
2005-12-29,— Karayolu Yolcu Taşımacılığı Zorunlu Koltuk Ferdi Kaza Sigortası Tarife ve Talimatı,https://www.resmigazete.gov.tr/eskiler/2005/12/20051229-15.htm
2005-12-29,— Zorunlu Karayolu Taşımacılık Mali Sorumluluk Sigortası Tarife ve Talimatı,https://www.resmigazete.gov.tr/eskiler/2005/12/20051229-16.htm
2005-12-29,— Karayolları Motorlu Araçlar Zorunlu Mali Sorumluluk Sigortası Tarife ve Talimatı,https://www.resmigazete.gov.tr/eskiler/2005/12/20051229-17.htm
2005-12-29,— Tehlikeli Maddeler Zorunlu Sorumluluk Sigortası Tarife ve Talimatı,https://www.resmigazete.gov.tr/eskiler/2005/12/20051229-18.htm
2005-12-29,— Tüpgaz Zorunlu Sorumluluk Sigortası Tarife ve Talimatı,https://www.resmigazete.gov.tr/eskiler/2005/12/20051229-19.htm
2005-12-29,— Gümrük Genel Tebliği (Gümrük İşlemleri) (Seri No: 46),https://www.resmigazete.gov.tr/eskiler/2005/12/20051229-20.htm
2005-12-29,— Yapım İşlerinde İş Deneyiminde Değerlendirilecek Benzer İşlere Dair Tebliğ,https://www.resmigazete.gov.tr/eskiler/2005/12/20051229-21.htm
2005-12-29,— Bankacılık Düzenleme ve Denetleme Kurulunun 1764 Sayılı Kararı,https://www.resmigazete.gov.tr/eskiler/2005/12/20051229-22.htm
2005-12-30,2005/9802 Türkiye Cumhuriyeti Hükümeti ile Azerbaycan Cumhuriyeti Hükümeti Arasında Veterinerlik Alanında İşbirliğine İlişkin Anlaşmanın Onaylanması Hakkında Karar,https://www.resmigazete.gov.tr/eskiler/2005/12/20051230-1.htm
2005-12-30,2005/9814 Türk-Rus Sanayi ve Teknoloji Çalışma Grubu VI. Dönem Toplantısı Mutabakat Zaptının Onaylanması Hakkında Karar,https://www.resmigazete.gov.tr/eskiler/2005/12/20051230-2.htm
2005-12-30,2005/9831 4/12/1984 Tarihli ve 3095 Sayılı Kanuni Faiz ve Temerrüt Faizine İlişkin Kanunun 1 inci Maddesinde Öngörülen Kanuni Faiz Oranının 1/1/2006 Tarihinden Geçerli Olmak Üzere Yıllık % 12’den % 9’a İndirilmesi Hakkında Karar,https://www.resmigazete.gov.tr/eskiler/2005/12/20051230-3.htm
2005-12-30,— Polis Koleji Sınıf Geçme Yönetmeliğinde Değişiklik Yapılmasına Dair Yönetmelik,https://www.resmigazete.gov.tr/eskiler/2005/12/20051230-4.htm
2005-12-30,— Elektrik Piyasası Müşteri Hizmetleri Yönetmeliğinde Değişiklik Yapılmasına Dair Yönetmelik,https://www.resmigazete.gov.tr/eskiler/2005/12/20051230-5.htm
2005-12-30,— Kamu Kurum ve Kuruluşlarınca İşletilen Sosyal Tesislerin Muhasebe Uygulamalarına Dair Esas ve Usuller,https://www.resmigazete.gov.tr/eskiler/2005/12/20051230-6.htm
2005-12-30,— Belediye Gelirleri Kanunu Genel Tebliği (Seri No: 32),https://www.resmigazete.gov.tr/eskiler/2005/12/20051230-7.htm
2005-12-30,— Gelir Vergisi Genel Tebliği (Seri No: 257),https://www.resmigazete.gov.tr/eskiler/2005/12/20051230-8.doc
2005-12-30,"— 2006 Yılı Serbest Muhasebecilik, Serbest Muhasebeci Mali Müşavirlik ve Yeminli Mali Müşavirlik Asgari Ücret Tarifesi",https://www.resmigazete.gov.tr/eskiler/2005/12/20051230-9.pdf
2005-12-30,— Anonim ve Limited Şirketlerin Sermayelerini Yeni Asgari Miktarlara Yükseltme Sürelerinin Uzatılmasına İlişkin Tebliğde Değişiklik Yapılmasına Dair Tebliğ (No: İç Ticaret 2005/2),https://www.resmigazete.gov.tr/eskiler/2005/12/20051230-10.htm
2005-12-30,"— Motorin Türlerinin Üretimi, Yurtdışı ve Yurtiçi Kaynaklardan Temini ve Piyasaya Arzına İlişkin Teknik Düzenleme Tebliği (Akaryakıt Seri No: 1)",https://www.resmigazete.gov.tr/eskiler/2005/12/20051230-11.htm
2005-12-31,2005/9836 Esnaf ve Sanatkarlar ve Diğer Bağımsız Çalışanlar Sosyal Sigortalar Kurumundan Aylık Almakta Olanların Aylıklarından 1/1/2006 Tarihinden Geçerli Olmak Üzere 2006 Yılında % 10 Oranında Sağlık Sigortası Primi Kesilmesi Hakkında Karar,https://www.resmigazete.gov.tr/eskiler/2005/12/20051231-1.htm
2005-12-31,"2005/9839 Üreticilerin Finansman İhtiyaçlarının Uygun Koşullarda Karşılanması, Tarımsal Üretimin Geliştirilmesi, Verimliliğin ve Kalitenin Artırılması Amacıyla T.C. Ziraat Bankası A.Ş. ve Tarım Kredi Kooperatiflerince Tarımsal Üretime Dair Düşük Faizli Yatırım ve İşletme Kredisi Kullandırılmasına İlişkin Karar",https://www.resmigazete.gov.tr/eskiler/2005/12/20051231-2.htm
2005-12-31,2005/9841 Türkiye Halk Bankası Anonim Şirketince Esnaf ve Sanatkarlar Kredi ve Kefalet Kooperatifleri Kefaletiyle Esnaf ve Sanatkarlara Kredi Kullandırılmasına ve 4603 Sayılı Kanuna Tabi Bankaların Yeniden Yapılandırma ve Hisse Satış İşlemlerine Dair Sürenin Uzatılmasına İlişkin Karar,https://www.resmigazete.gov.tr/eskiler/2005/12/20051231-3.htm
2005-12-31,2005/9843 Çeşitli Kanunlara Göre Muhtelif Statülerde İstihdam Edilen Sözleşmeli Personelin Ücretlerinin Artırılmasına İlişkin Karar,https://www.resmigazete.gov.tr/eskiler/2005/12/20051231-4.htm
2005-12-31,2005/9857 631 Sayılı Kanun Hükmünde Kararnamenin 14 üncü Maddesi Kapsamındaki Personelin Mali ve Sosyal Haklarına İlişkin Karar'da Değişiklik Yapılması Hakkında Karar,https://www.resmigazete.gov.tr/eskiler/2005/12/20051231-5.htm
2005-12-31,"2005/9860 Başbakanlık Doğu ve Güneydoğu Eylem Planı, Devlet Planlama Teşkilatı Tarafından Yayınlanmış En Son İlçe Bazındaki Sosyo-Ekonomik Gelişmişlik Kriterleri, İlçelerin Sağlık Göstergeleri ile Coğrafi Konumları Dikkate Alınarak, Sözleşmeli Personel İstihdam Edilecek Hizmet Birimlerinin Tespitine İlişkin Karar",https://www.resmigazete.gov.tr/eskiler/2005/12/20051231-6.htm
2005-12-31,2005/9861 Özelleştirme Uygulamaları Sonucunda İşsiz Kalan ve Bilahare İşsiz Kalacak Olan İşçilerin Diğer Kamu Kurum ve Kuruluşlarında Geçici Personel Statüsünde İstihdam Edilmelerine İlişkin Esaslarda Değişiklik Yapılmasına Dair Esaslar’ın Yürürlüğe Konulması Hakkında Karar,https://www.resmigazete.gov.tr/eskiler/2005/12/20051231-7.htm
2005-12-31,2005/9862 Kamu Kurum ve Kuruluşlarındaki Geçici Mahiyette İşleri Yürütmek Üzere Geçici Personel İstihdamı ve Bu Personele Ödenecek Ücretler Hakkında Karar,https://www.resmigazete.gov.tr/eskiler/2005/12/20051231-8.htm
2005-12-31,2005/9835 Dışişleri Bakanlığı Mensuplarının Bazı Görevlere Atanmaları Hakkında Karar,https://www.resmigazete.gov.tr/eskiler/2005/12/20051231-9.htm
2005-12-31,2005/9864 Vali Atamaları Hakkında Karar,https://www.resmigazete.gov.tr/eskiler/2005/12/20051231-10.htm
2005-12-31,"— Devlet, Dışişleri, Maliye, Millî Eğitim, Enerji ve Tabii Kaynaklar ile Kültür ve Turizm Bakanlıklarına Ait Atama Kararları",https://www.resmigazete.gov.tr/eskiler/2005/12/20051231-11.htm
2005-12-31,2005/9859 Bankacılık Düzenleme ve Denetleme Kurumu Teşkilât Yönetmeliği,https://www.resmigazete.gov.tr/eskiler/2005/12/20051231-12.htm
2005-12-31,— Dış Ticarette Teknik Düzenlemeler ve Standardizasyon Yönetmeliğinde Değişiklik Yapılmasına Dair Yönetmelik,https://www.resmigazete.gov.tr/eskiler/2005/12/20051231-13.htm
2005-12-31,"— İl Özel İdareleri, Belediyeler ve İl Özel İdareleri ve Belediyelerin Kurdukları Birlik, Müessese ve İşletmeler ile Bunlara Bağlı Döner Sermayeli Kuruluşlardaki Memurların Görevde Yükselme Esaslarına Dair Yönetmelikte Değişiklik Yapılması Hakkında Yönetmelik",https://www.resmigazete.gov.tr/eskiler/2005/12/20051231-14.htm
2005-12-31,"— Devlete Ait Taşınmaz Mal Satış, Trampa, Kiraya Verme, Mülkiyetin Gayri Ayni Hak Tesis, Ecrimisil ve Tahliye Yönetmeliğinde Değişiklik Yapılması Hakkında Yönetmelik",https://www.resmigazete.gov.tr/eskiler/2005/12/20051231-15.htm
2005-12-31,— Tababet Uzmanlık Yönetmeliğinde Değişiklik Yapılmasına Dair Yönetmelik,https://www.resmigazete.gov.tr/eskiler/2005/12/20051231-16.htm
2005-12-31,— Deniz Kazalarının İncelenmesine İlişkin Yönetmelik,https://www.resmigazete.gov.tr/eskiler/2005/12/20051231-17.htm
2005-12-31,— Dökme Yük Gemilerinin Güvenli Bir Şekilde Yüklenmesi ve Boşaltılması Hakkında Yönetmelik,https://www.resmigazete.gov.tr/eskiler/2005/12/20051231-18.htm
2005-12-31,— Tarım ve Köyişleri Bakanlığı Personeli Görevde Yükselme ve Unvan Değişikliği Yönetmeliği,https://www.resmigazete.gov.tr/eskiler/2005/12/20051231-19.htm
2005-12-31,— Ölçü ve Ölçü Aletlerinden Alınacak Muayene ve Damgalama Ücret Yönetmeliğinde Değişiklik Yapılması Hakkında Yönetmelik,https://www.resmigazete.gov.tr/eskiler/2005/12/20051231-20.htm
2005-12-31,— Hazır Ambalajlı Belirli Ürünler İçin Müsaade Edilen Nominal Kapasite ve Dolum Miktarı Serilerine Dair Yönetmelikte Değişiklik Yapılmasına Dair Yönetmelik (80/232/AT),https://www.resmigazete.gov.tr/eskiler/2005/12/20051231-21.htm
2005-12-31,— Hazır Ambalajlı Sıvı Mamullerin Hacim Tespitine Dair Yönetmelikte Değişiklik Yapılmasına Dair Yönetmelik (75/106/AT),https://www.resmigazete.gov.tr/eskiler/2005/12/20051231-22.htm
2005-12-31,"— Av ve Yaban Hayvanları ile Bunlardan Elde Edilen Ürünlerin Bulundurulması, Üretimi ve Ticareti Hakkında Yönetmelikte Değişiklik Yapılmasına Dair Yönetmelik",https://www.resmigazete.gov.tr/eskiler/2005/12/20051231-23.htm
2005-12-31,— Tehlikeli Maddelerin Su ve Çevresinde Neden Olduğu Kirliliğin Kontrolü Yönetmeliğinde Değişiklik Yapılmasına Dair Yönetmelik (76/464/AB),https://www.resmigazete.gov.tr/eskiler/2005/12/20051231-24.htm
2005-12-31,— Vakıf Yükseköğretim Kurumları Yönetmeliği,https://www.resmigazete.gov.tr/eskiler/2005/12/20051231-25.htm
2005-12-31,"— Tütün, Tütün Mamulleri ve Alkollü İçkiler Piyasası Düzenleme Kurumu Bütçe ve Muhasebe Yönetmeliğinin Yürürlükten Kaldırılmasına Dair Yönetmelik",https://www.resmigazete.gov.tr/eskiler/2005/12/20051231-26.htm
2005-12-31,— Orman Köylüleri Kalkınma Hizmetlerine İlişkin Esas ve Usuller,https://www.resmigazete.gov.tr/eskiler/2005/12/20051231-27.htm
2005-12-31,— Kültür ve Tabiat Varlıklarının Tescil Kaydının Yeniden Değerlendirilmesine İlişkin İşlemler ile İlgili 709 Sayılı İlke Kararı,https://www.resmigazete.gov.tr/eskiler/2005/12/20051231-28.htm
2005-12-31,— 2863 Sayılı Kanuna Muhalefetten Açılan Davalar ile İlgili 710 Sayılı İlke Kararı,https://www.resmigazete.gov.tr/eskiler/2005/12/20051231-29.htm
2005-12-31,"— Vakıflar Genel Müdürlüğü İdare ve Denetiminde Olan Cami,Mescit vb. Kültür Varlıklarının Müdahale Biçimleri Uygulama ve Denetimi ile İlgili 711 Sayılı İlke Kararı",https://www.resmigazete.gov.tr/eskiler/2005/12/20051231-30.htm
2005-12-31,"— Su, Elektrik, Havagazı ve Doğalgaz Sayaçlarının Tamir ve Ayar Ücret Tarifesi Hakkında Tebliğ (No: 2006/1-2)",https://www.resmigazete.gov.tr/eskiler/2005/12/20051231-31.htm
2005-12-31,— Bazı Madeni Paraların Tedavülden Kaldırılması Hakkında Tebliğ,https://www.resmigazete.gov.tr/eskiler/2005/12/20051231-32.htm
2005-12-31,— Dış Ticarette Standardizasyon Tebliği (No: 2006/1),https://www.resmigazete.gov.tr/eskiler/2005/12/20051231-33.htm
2005-12-31,— Dış Ticarette Standardizasyon Tebliği (No: 2006/2),https://www.resmigazete.gov.tr/eskiler/2005/12/20051231-34.htm
2005-12-31,— Çevrenin Korunması Yönünden Kontrol Altında Tutulan Atıklara İlişkin Tebliğ (Dış Ticarette Standardizasyon: 2006/3),https://www.resmigazete.gov.tr/eskiler/2005/12/20051231-35.htm
2005-12-31,— Dış Ticarette Standardizasyon Tebliği (No: 2006/4),https://www.resmigazete.gov.tr/eskiler/2005/12/20051231-36.htm
2005-12-31,— Dış Ticarette Standardizasyon Tebliği (No: 2006/5),https://www.resmigazete.gov.tr/eskiler/2005/12/20051231-37.htm
2005-12-31,— Çevrenin Korunması Yönünden Kontrol Altında Tutulan Kimyasallara İlişkin Tebliğ (Dış Ticarette Standardizasyon: 2006/6),https://www.resmigazete.gov.tr/eskiler/2005/12/20051231-38.htm
2005-12-31,— Çevrenin Korunması Yönünden Kontrol Altında Tutulan Yakıtlara İlişkin Tebliğ (Dış Ticarette Standardizasyon: 2006/7),https://www.resmigazete.gov.tr/eskiler/2005/12/20051231-39.htm
2005-12-31,— İthalatta Gözetim Uygulanmasına İlişkin 2004/3 Sayılı Tebliğ’de Değişiklik Yapılması Hakkında Tebliğ,https://www.resmigazete.gov.tr/eskiler/2005/12/20051231-40.htm
2005-12-31,— İthalatta Gözetim Uygulanmasına İlişkin 2004/14 Sayılı Tebliğ’de Değişiklik Yapılması Hakkında Tebliğ,https://www.resmigazete.gov.tr/eskiler/2005/12/20051231-41.htm
2005-12-31,— İthalatta Gözetim Uygulanmasına İlişkin 2004/16 Sayılı Tebliğ’de Değişiklik Yapılması Hakkında Tebliğ,https://www.resmigazete.gov.tr/eskiler/2005/12/20051231-42.htm
2005-12-31,— İthalatta Gözetim Uygulanmasına İlişkin 2005/3 Sayılı Tebliğ’de Değişiklik Yapılması Hakkında Tebliğ,https://www.resmigazete.gov.tr/eskiler/2005/12/20051231-43.htm
2005-12-31,— İthalatta Gözetim Uygulanmasına İlişkin 2005/15 Sayılı Tebliğ’de Değişiklik Yapılması Hakkında Tebliğ,https://www.resmigazete.gov.tr/eskiler/2005/12/20051231-44.htm
2005-12-31,— İthalatta Gözetim Uygulanmasına İlişkin 2005/13 Sayılı Tebliğ’in Yürürlükten Kaldırılması Hakkında Tebliğ,https://www.resmigazete.gov.tr/eskiler/2005/12/20051231-45.htm
2005-12-31,— İthalatta Kota ve Tarife Kontenjanı İdaresine İlişkin 2005/6Sayılı Tebliğ’de Değişiklik Yapılması Hakkında Tebliğ,https://www.resmigazete.gov.tr/eskiler/2005/12/20051231-46.htm
2005-12-31,— Özelleştirme Yüksek Kurulunun 2005/154 Sayılı Kararı,https://www.resmigazete.gov.tr/eskiler/2005/12/20051231-47.htm
2005-12-31,— Özelleştirme Yüksek Kurulunun 2005/155 Sayılı Kararı,https://www.resmigazete.gov.tr/eskiler/2005/12/20051231-48.htm
2005-12-31,— Özelleştirme Yüksek Kurulunun 2005/156 Sayılı Kararı,https://www.resmigazete.gov.tr/eskiler/2005/12/20051231-49.htm
2005-12-31,— 4054 Sayılı Rekabetin Korunması Hakkında Kanunun 16 ve 17 nci Maddelerinde Düzenlenmiş Olan İdari Para Cezalarının 31/12/2006 Tarihine Kadar Geçerli Olmak Üzere Artırıldığının Duyurulmasına İlişkin Tebliğ (No: 2006/1),https://www.resmigazete.gov.tr/eskiler/2005/12/20051231-50.htm
2005-12-31,— Elektrik Piyasasında Gelir ve Tarife Düzenlemesi Kapsamında Düzenlemeye Tabi Unsurlar ve Raporlamaya İlişkin Esaslar Hakkında Tebliğde Değişiklik Yapılmasına İlişkin Tebliğ,https://www.resmigazete.gov.tr/eskiler/2005/12/20051231-51.htm
2005-12-31,— Kur Değişiminin Etkilerine İlişkin Türkiye Muhasebe Standardı (TMS 21) Hakkında Tebliğ (Sıra No: 13),https://www.resmigazete.gov.tr/eskiler/2005/12/20051231-52.htm
2005-12-31,— İş Ortaklarındaki Paylara İlişkin Türkiye Muhasebe Standardı (TMS 31) Hakkında Tebliğ (Sıra No: 14),https://www.resmigazete.gov.tr/eskiler/2005/12/20051231-53.htm
2005-12-31,— Maddi Duran Varlıklara İlişkin Türkiye Muhasebe Standardı (TMS 16) Hakkında Tebliğ (Sıra No: 15),https://www.resmigazete.gov.tr/eskiler/2005/12/20051231-54.htm
2005-12-31,— Yüksek Enflasyonlu Ekonomilerde Finansal Raporlamaya İlişkin Türkiye Muhasebe Standardı (TMS 29) Hakkında Tebliğ (Sıra No: 16),https://www.resmigazete.gov.tr/eskiler/2005/12/20051231-55.htm
2005-12-31,— İlişkili Taraf Açıklamalarına İlişkin Türkiye Muhasebe Standardı (TMS 24) Hakkında Tebliğ (Sıra No: 17),https://www.resmigazete.gov.tr/eskiler/2005/12/20051231-56.htm
2005-12-31,— Danıştay Başkanlar Kurulunun 2005/36 Sayılı Kararı,https://www.resmigazete.gov.tr/eskiler/2005/12/20051231-57.htm
