Datetime,Text,Hyperlink
2000-06-27,YASAMA BÖLÜMÜ,https://www.resmigazete.gov.tr/eskiler/2000/06/20000627.htm#1
2000-06-27,Kanunlar 4580 Sanayi ve Ticaret Bakanlığının Teşkilât ve Görevleri Hakkında Kanunun Bazı Maddelerinin Değiştirilmesine Dair Kanun,https://www.resmigazete.gov.tr/eskiler/2000/06/20000627.htm#2
2000-06-27,"4581 ""Ticaret ve Sanayi Odaları"", ""Ticaret Odaları"", ""Sanayi Odaları"", ""Deniz Ticaret Odaları"", ""Ticaret Borsaları"" ve ""Türkiye Ticaret, Sanayi, eniz Ticaret Odaları ve Ticaret Borsaları Birliği"" Kanununa Bir Geçici Madde Eklenmesi Hakkında Kanun Hükmünde Kararnamenin Değiştirilerek Kabulüne Dair Kanun",https://www.resmigazete.gov.tr/eskiler/2000/06/20000627.htm#3
2000-06-27,4582 190 Sayılı Genel Kadro ve Usulü Hakkında Kanun Hükmünde Kararnamenin Eki Cetvellerin Emniyet Genel Müdürlüğüne Ait Bölümünde Değişiklik Yapılmasına Dair Kanun,https://www.resmigazete.gov.tr/eskiler/2000/06/20000627.htm#4
2000-06-27,YÜRÜTME VE İDARE BÖLÜMÜ,https://www.resmigazete.gov.tr/eskiler/2000/06/20000627.htm#5
2000-06-27,"Bakanlığa Vekâlet Etme İşlemi - Devlet Bakanı Fikret ÜNLÜ'ye, Devlet Bakanı Hasan GEMİCİ' nin Vekâlet Etmesine Dair Tezkere",https://www.resmigazete.gov.tr/eskiler/2000/06/20000627.htm#6
2000-06-27,Bakanlar Kurulu Kararı 2000/869 Petrol Ürünlerinden Alınan Akaryakıt Tüketim Vergisi Miktarlarının Tespitine İlişkin Karar,https://www.resmigazete.gov.tr/eskiler/2000/06/20000627.htm#7
2000-06-27,Atama Kararı - Milli Savunma Bakanlığına Ait Atama Kararı,https://www.resmigazete.gov.tr/eskiler/2000/06/20000627.htm#8
2000-06-27,Yönetmelikler - Eşyanın Tercihli Menşeinin Tespiti Hakkında Yönetmelikte Değişiklik Yapılmasına Dair Yönetmelik,https://www.resmigazete.gov.tr/eskiler/2000/06/20000627.htm#9
2000-06-27,- Gençlik ve Spor Genel Müdürlüğü Merkez İhale Yönetmeliğinin 60 ıncı Maddesinin Değiştirilmesi Hakkında Yönetmelik,https://www.resmigazete.gov.tr/eskiler/2000/06/20000627.htm#10
2000-06-27,- Arsa Ofisi Genel Müdürlüğü Personelinin Görevde Yükselme Yönetmeliği,https://www.resmigazete.gov.tr/eskiler/2000/06/20000627.htm#11
2000-06-27,- Yurt İçinde Fuar Düzenlenmesine Dair Yönetmelik,https://www.resmigazete.gov.tr/eskiler/2000/06/20000627.htm#12
2000-06-27,- Türkiye Taşkömürü Kurumu Genel Müdürlüğü Teftiş Kurulu Yönetmeliğine Bir Ek Madde Eklenmesine Dair Yönetmelik,https://www.resmigazete.gov.tr/eskiler/2000/06/20000627.htm#13
2000-06-27,- İthalatta Haksız Rekabetin Önlenmesine İlişkin Tebliğ (No: 2000/7),https://www.resmigazete.gov.tr/eskiler/2000/06/20000627.htm#15
2000-06-27,"- Artvin İl Sınırları Dahilinde, Uçucu Maddelerin 18 Yaşından Küçük Çocuklara Satışının Yasaklanmasına Dair Karar",https://www.resmigazete.gov.tr/eskiler/2000/06/20000627.htm#14
2000-06-27,İLAN BÖLÜMÜ,https://www.resmigazete.gov.tr/eskiler/2000/06/20000627.htm#1
2000-06-28,4583 Askerî Hâkimler Kanununda Değişiklik Yapılmasına Dair Kanun,https://www.resmigazete.gov.tr/eskiler/2000/06/20000628.htm#1
2000-06-28,"- Maliye Bakanlığına, İçişleri Bakanı Sadettin TANTAN' ın Vekâlet Etmesine Dair Tezkere",https://www.resmigazete.gov.tr/eskiler/2000/06/20000628.htm#2
2000-06-28,- Başbakanlık ile Milli Savunma ve Milli Eğitim Bakanlıklarına Ait 3 Adet Atama Kararı,https://www.resmigazete.gov.tr/eskiler/2000/06/20000628.htm#3
2000-06-28,2000/688 Emniyet Hizmetleri Sınıfı Mensupları Atama ve Yer Değiştirme Yönetmeliğinde Değişiklik Yapılmasına Dair Yönetmelik - Zirai Mücadele Alet ve Makinaları Hakkında Yönetmelik,https://www.resmigazete.gov.tr/eskiler/2000/06/20000628.htm#4
2000-06-28,(İthalatta Haksız Rekabetin Önlenmesine İlişkin 2000/7 Sayılı Tebliğ ile İlgili),https://www.resmigazete.gov.tr/eskiler/2000/06/20000628.htm#5
2000-06-28,İLAN BÖLÜMÜ,https://www.resmigazete.gov.tr/eskiler/2000/06/20000628.htm#1
2000-06-29,4586 Petrolün Boru Hatları İle Transit Geçişine Dair Kanun,https://www.resmigazete.gov.tr/eskiler/2000/06/20000629.htm#1
2000-06-29,Bakanlar Kurulu Kararları,https://www.resmigazete.gov.tr/eskiler/2000/06/20000629.htm#2
2000-06-29,2000/692 Tiftik ve Yaş İpekböceği Kozası Üreticilerinin Desteklenmesine ve Destekleme Primi Ödemeleri İçin Gerekli Finansmanın Destekleme ve Fiyat İstikrar Fonundan Karşılanmasına İlişkin Karar,https://www.resmigazete.gov.tr/eskiler/2000/06/20000629.htm#3
2000-06-29,2000/693 Kocaeli Serbest Bölgesinin Yer ve Sınırlarının Belirlenmesi ve Kurulup İşletilmesine Dair Karar,https://www.resmigazete.gov.tr/eskiler/2000/06/20000629.htm#4
2000-06-29,"2000/705 Basın-İlan Kurumu Genel Kurulu' nda Basın-Yayın ve Enformasyon Genel Müdürlüğü Temsilcisi Olarak Görevlendirilen A. Tevfik Ünver 'in Yerine, Kalan Süreyi Tamamlamak Üzere Adı Geçen Genel Müdürlük Daire Başkanı Hasbi Akal' ın Görevlendirilmesi Hakkında Karar",https://www.resmigazete.gov.tr/eskiler/2000/06/20000629.htm#5
2000-06-29,2000/722 Bazı Emniyet Amirliklerinin İlçe Emniyet Müdürlüklerine Dönüştürülmesi ile Bazı İlçelerde Emniyet Amirliği Kurulması Hakkında Karar,https://www.resmigazete.gov.tr/eskiler/2000/06/20000629.htm#6
2000-06-29,"2000/732 Sulama Alanlarında Arazi Düzenlenmesine Dair Tarım Reformu Kanunu Uyarınca Daha Önce Uygulama Alanı İlan Edilmiş Bulunan Konya İli, Cihanbeyli İlçesi, Yeniceoba Bucağı, Kelhasan Beldesine Bağlı Bazı Yaylaların Adı Geçen Beldeden Ayrılarak Aynı Bucağın Turanlar Köyüne Bağlanması, Yaylaların ""Uygulama Alanı"" Olarak Tespiti Hakkında Karar",https://www.resmigazete.gov.tr/eskiler/2000/06/20000629.htm#7
2000-06-29,- İstanbul Üniversitesi İşletme Fakültesi İşletme İktisadı Enstitüsü Teşkilat ve Çalışma Yönetmeliği,https://www.resmigazete.gov.tr/eskiler/2000/06/20000629.htm#8
2000-06-29,- Pamukkale Üniversitesi Yaz Öğretimi Yönetmeliği,https://www.resmigazete.gov.tr/eskiler/2000/06/20000629.htm#9
2000-06-29,- 4447 Sayılı İşsizlik Sigortası Kanununun Uygulanmasına İlişkin 2 Nolu Tebliğ,https://www.resmigazete.gov.tr/eskiler/2000/06/20000629.htm#10
2000-06-29,Anayasa Mahkemesi Kararı,https://www.resmigazete.gov.tr/eskiler/2000/06/20000629.htm#11
2000-06-29,"- Anayasa Mahkemesinin E: 1999/33 (3194 sayılı Kanun ile İlgili), K: 1999/51 Sayılı Kararı",https://www.resmigazete.gov.tr/eskiler/2000/06/20000629.htm#12
2000-06-29,- Yargıtay 2. Hukuk Dairesine Ait İki Adet Karar,https://www.resmigazete.gov.tr/eskiler/2000/06/20000629.htm#13
2000-06-29,İLAN BÖLÜMÜ,https://www.resmigazete.gov.tr/eskiler/2000/06/20000629.htm#1
2000-06-30,2000/731 2000 Yılı Yatırım Programının Düzeltilmesi Hakkında Karar,https://www.resmigazete.gov.tr/eskiler/2000/06/20000630.htm#1
2000-06-30,"- Ulaştırma, Tarım ve Köyişleri , Sanayi ve Ticaret ile Kültür Bakanlıklarına Ait 6 Adet Karar",https://www.resmigazete.gov.tr/eskiler/2000/06/20000630.htm#2
2000-06-30,- Menşe İspat Belgeleri Yönetmeliğinde Değişiklik Yapılmasına Dair Yönetmelik,https://www.resmigazete.gov.tr/eskiler/2000/06/20000630.htm#3
2000-06-30,- Gümrük Müsteşarlığı Gümrük Uzman ve Gümrük Uzman Yardımcılığı Sınav Yönetmeliğinin Bazı Maddelerinde Değişiklik Yapılması Hakkında Yönetmelik,https://www.resmigazete.gov.tr/eskiler/2000/06/20000630.htm#4
2000-06-30,- Maliye Bakanlığı Personeli Atama ve Görevde Yükselme Yönetmeliği,https://www.resmigazete.gov.tr/eskiler/2000/06/20000630.htm#5
2000-06-30,- Gıdaların Üretimi Tüketimi ve Denetlenmesine Dair Yönetmelikte Değişiklik Yapılması Hakkında Yönetmelik,https://www.resmigazete.gov.tr/eskiler/2000/06/20000630.htm#6
2000-06-30,- Turizm Bakanlığı Personeli Görevde Yükselme Yönetmeliğinin Bazı Madde- lerinde Değişiklik Yapılması Hakkında Yönetmelik,https://www.resmigazete.gov.tr/eskiler/2000/06/20000630.htm#7
2000-06-30,- Danıştay Personelinin Görevde Yükselme Yönetmeliğine Bir Madde Eklen- mesi Hakkında Yönetmelik,https://www.resmigazete.gov.tr/eskiler/2000/06/20000630.htm#8
2000-06-30,- Işık Üniversitesi Lisans Eğitim-Öğretim ve Sınav Yönetmeliğinin 30 uncu Maddesinin Değiştirilmesi Hakkında Yönetmelik,https://www.resmigazete.gov.tr/eskiler/2000/06/20000630.htm#9
2000-06-30,- Milli Emlak Genel Tebliğ (Sıra No: 247),https://www.resmigazete.gov.tr/eskiler/2000/06/20000630.htm#10
2000-06-30,- 2000/3 Sayılı Kimyasal Silahlar Sözleşmesi Ekinde Yer Alan Kimyasal Maddelerin İhracatına İlişkin Tebliğde Değişiklik Yapılmasına Dair Tebliğ (İhracat: 2000/13),https://www.resmigazete.gov.tr/eskiler/2000/06/20000630.htm#11
2000-06-30,"- Anayasa Mahkemesinin E: 2000/37 (2495 sayılı Kanun ile İlgili), K: 2000/14 sayılı Kararı",https://www.resmigazete.gov.tr/eskiler/2000/06/20000630.htm#12
2000-06-30,- Yargıtay 8. ve 18. Hukuk Dairelerine Ait İki Adet Karar,https://www.resmigazete.gov.tr/eskiler/2000/06/20000630.htm#13
2000-06-30,İLAN BÖLÜMÜ,https://www.resmigazete.gov.tr/eskiler/2000/06/20000630.htm#1
2000-07-01,"2000/738 Türkiye Cumhuriyeti Hükümeti ile Almanya Federal Cumhuriyeti Hükümeti Arasındaki Teknik İşbirliği Anlaşması Çerçevesinde, İki Ülke Arasında Nota Teatisi Yoluyla Akdedilen ""Bursa Çevre Danışma Merkezi"" Konulu Projeye İlişkin Anlaşma'nın Onaylanması Hakkında Karar",https://www.resmigazete.gov.tr/eskiler/2000/07/20000701-1.pdf
2000-07-01,"2000/739 Türkiye Cumhuriyeti Hükümeti İle Almanya Federal Cumhuriyeti Hükümeti Arasındaki Teknik İşbirliği Anlaşması Çerçevesinde, İki Ülke Arasında Nota Teatisi Yoluyla Akdedilen "" Siirt Bölgesinde Küçük Ölçekli Projeler"" Konunu Projeye İlişkin Anlaşma'nın Onaylanması Hakkında Karar",https://www.resmigazete.gov.tr/eskiler/2000/07/20000701-2.pdf
2000-07-01,2000/740 Ülkemizde Vuku Bulunan Depremler Kapsamında Maruz Kalınan Zararların Telafisine Katkıda Bulunmak İçin Karadeniz Ticaret ve Kalkınma Bankası ile İmzalanan Kredi ve Garanti Anlaşmalarının Onaylanması Hakkında Karar,https://www.resmigazete.gov.tr/eskiler/2000/07/20000701-3.pdf
2000-07-01,- Menşe İspat Belgeleri Yönetmeliğinde Değişiklik Yapılmasına Dair Yönetmelik,https://www.resmigazete.gov.tr/eskiler/2000/07/20000701-4.pdf
2000-07-01,- Köy Koruyucuları Yönetmeliği,https://www.resmigazete.gov.tr/eskiler/2000/07/20000701-5.pdf
2000-07-01,- Türkiye Elektrik Dağıtım A.Ş. (TEDAŞ) Teftiş Kurul Yönetmeliğinin 25 inci ve 27 nci Maddelerinin Değiştirilmesi Hakkında Yönetmelik,https://www.resmigazete.gov.tr/eskiler/2000/07/20000701-6.pdf
2000-07-01,- 17 Ağustos 1999 Tarihinde Meydana Gelen Deprem Felaketi Nedeniyle Toplanılan İç ve Dış Yardımların T.C. Ziraat Bankasında Açılacak Merkezi Bir Hesaba Kaydedilmesi ve Bu Yardımlardan Tahsis Edilecek Paraların Amacına Uygun Kullanılıp Kullanılmadığının Tespit ve Değerlendirmesi Hususlarında Düzenlenen Başbakanlık Teftiş Kurul Başkanlığının 119/00-43 Sayılı İnceleme Raporu,https://www.resmigazete.gov.tr/eskiler/2000/07/20000701-7.pdf
2000-07-01,- Mecburi Standard: ÖSG-2000/68-69 Sayılı Tebliğ,https://www.resmigazete.gov.tr/eskiler/2000/07/20000701-8.pdf
2000-07-01,- Rekabet Kurulunun 99-21/170-89 Sayılı Kararı,https://www.resmigazete.gov.tr/eskiler/2000/07/20000701-9.pdf
2000-07-01,- Rekabet Kurulunun 99-26/230-138 Sayılı Kararı,https://www.resmigazete.gov.tr/eskiler/2000/07/20000701-10.pdf
2000-07-01,- Rekabet Kurulunun 00-4/33-15 Sayılı Kararı,https://www.resmigazete.gov.tr/eskiler/2000/07/20000701-11.pdf
2000-07-02,2000/850 Türkiye Cumhuriyeti ile Avusturya Cumhuriyeti Arasında İmzalanan Sosyal Güvenlik Hakkında Anlaşma’nın Onaylanması Hakkında Karar,https://www.resmigazete.gov.tr/eskiler/2000/07/20000702.htm#1
2000-07-02,— Milli Savunma Bakanlığına Ait Atama Kararı,https://www.resmigazete.gov.tr/eskiler/2000/07/20000702.htm#2
2000-07-02,— Yıldız Teknik Üniversitesi Stratejik Araştırmalar Merkezi Yönetmeliği,https://www.resmigazete.gov.tr/eskiler/2000/07/20000702.htm#3
2000-07-02,— 2000 Mali Yılı Bütçe Uygulama Talimatı (Yaz Okulu-Tezsiz Yüksek Lisans Programları) (Sıra No: 9),https://www.resmigazete.gov.tr/eskiler/2000/07/20000702.htm#4
2000-07-02,3285 Sayılı Hayvan Sağlığı ve Zabıtası Kanununun 4 üncü Maddesine Göre Tespit Edilen İhbarı Mecburi Hastalıklar Hakkında Tebliğ (No: 2000/27),https://www.resmigazete.gov.tr/eskiler/2000/07/20000702.htm#5
2000-07-02,İthalat: (2000/17) Sayılı Kimyasal Silahlar Sözleşmesi Ekinde Yer Alan Kimyasal Maddelerin İthaline İlişkin Tebliğ’de Değişiklik Yapılmasına Dair Tebliğ,https://www.resmigazete.gov.tr/eskiler/2000/07/20000702.htm#6
2000-07-02,— Polonya Cumhuriyeti Menşeli Bazı Tarım ve İşlenmiş Tarım Ürünleri İthalatında Tarife Kontenjanı Uygulanmasına İlişkin Tebliğ,https://www.resmigazete.gov.tr/eskiler/2000/07/20000702.htm#7
2000-07-03,"- Pamukkale Üniversitesi Lisansüstü Eğitim, Öğretim ve Sınav Yönetmeliğinin Bazı Maddelerinin Değiştirilmesi Hakkında Yönetmelik",https://www.resmigazete.gov.tr/eskiler/2000/07/20000703.htm#1
2000-07-03,— Mecburi Standard: ÖSG-2000/69-70 say ılı Tebliğ,https://www.resmigazete.gov.tr/eskiler/2000/07/20000703.htm#2
2000-07-03,— Mecburi Standard: ÖSG-2000/70-71 say ılı Tebliğ,https://www.resmigazete.gov.tr/eskiler/2000/07/20000703.htm#3
2000-07-03,"— Türkiye Cumhuriyet Merkez Bankas ı’nca Belirlenen,D ış Krediler Kur Farkı Fonu Kapsamındaki Kredilere Uygulanacak De ğişken Faiz Oranı Hakkında Tebliğ",https://www.resmigazete.gov.tr/eskiler/2000/07/20000703.htm#4
2000-07-03,"— Edirne İli Sınırları Dahilinde, Orman Yangı nlarının Önlenmesi Amacıyla Alı nması Gereken Tedbirler Hakkında Karar (No: 2000/01)",https://www.resmigazete.gov.tr/eskiler/2000/07/20000703.htm#5
2000-07-03,— Bingöl Valiliği Mahalli Çevre Kurulu Karar ı (No: 6),https://www.resmigazete.gov.tr/eskiler/2000/07/20000703.htm#6
2000-07-03,— Bingöl Valiliği İl Umumi H ıfzı ssıhha Kurulu Kararı (No: 6),https://www.resmigazete.gov.tr/eskiler/2000/07/20000703.htm#7
2000-07-04,"4587 Avrupa Birliği Genel Sekreterliği Teşkilât ve Görevleri Hakkında Kanun (""14.7.1965 Tarihli ve 657 Sayılı Devlet Memurları Kanun"" ile ""13.12.1983 Tarihli ve 190 Sayılı Genel Kadro ve Usulü Hakkında Kanun Hükmünde Kararname""nin Eki Cetvellerde Değişiklik Yapılması ve Avrupa Birliği Genel Sekreterliği Teşkilât ve Görevleri Hakkında Kanun)",https://www.resmigazete.gov.tr/eskiler/2000/07/20000704.htm#1
2000-07-04,700 Trafik Kazalarının Nedenlerinin Araştırılarak Alınması Gereken Önlemlerin Belirlenmesi Amacıyla Bir Meclis Araştırması Komisyonu Kurulmasına İlişkinKarar,https://www.resmigazete.gov.tr/eskiler/2000/07/20000704.htm#2
2000-07-04,701 Trafik Kazalarının Nedenlerinin Ar aştırılarak Alınması Gereken Önlemlerin Belirlenmesi Amacıyla Kurulan,https://www.resmigazete.gov.tr/eskiler/2000/07/20000704.htm#3
2000-07-04,"702 (10/139, 14, 126, 132, 133) Esas Nu maralı Meclis Araştırması Komis yonunun Türkiye Büyük Millet Meclisinin Tatili S ırasında Çalışabilmesine İlişkin Karar",https://www.resmigazete.gov.tr/eskiler/2000/07/20000704.htm#4
2000-07-04,70 3 İnsan Haklarını İnceleme Komisy onunun Türkiye Büyük Millet Mec lisinin Tatili Sırasında Çalışabilmesine İlişkin Karar,https://www.resmigazete.gov.tr/eskiler/2000/07/20000704.htm#5
2000-07-04,"— Enerji ve Tabii Kaynaklar Bakanı ve Başbakan Yardımcılığı, Devlet, Maliye, Bayındırlık ve İskan, Ulaştırma, Tarım ve Köyişleri, Sanayi ve Ticaret ile Turizm Bakanlıklarına Ait 16 Adet Karar",https://www.resmigazete.gov.tr/eskiler/2000/07/20000704.htm#6
2000-07-04,— Sınır Tespitine Dair 3 Adet Karar,https://www.resmigazete.gov.tr/eskiler/2000/07/20000704.htm#7
2000-07-04,— Balıkesir Üniversitesi Bandırma İktisadi ve İdari Bilimler Fakültesi Ya bancı Dil Hazırlık Sınıfı Eğitim-Öğretim ve Sınav Yönetmeliğinin Bazı Maddelerinin Değiştirilmesine Dair Yönetmelik,https://www.resmigazete.gov.tr/eskiler/2000/07/20000704.htm#8
2000-07-05,2000/813 Türkiye Cumhuriyeti Enerji ve Tabii KaynaklarBakanlığı ile Norveç Krallığı Petrol ve Enerji ile Ticaret ve Sanayi Bakanlıkları Arasında Enerji Alanında İkili İşbirliğine İlişkin Mutabakat Zaptı”nın Onaylanması Hakkında Karar,https://www.resmigazete.gov.tr/eskiler/2000/07/20000705.htm#1
2000-07-05,"İçişleri Bakanlığına, Maliye Bakanı SümerORAL’ın Vekâlet Etmesine Dair Tezkere",https://www.resmigazete.gov.tr/eskiler/2000/07/20000705.htm#2
2000-07-05,"2000/775 Tarım ve Köyişleri Bakanılığı’nın taşra teşkilatı olarak, Şanlıurfa İli’nde Doğrudan Merkeze Bağlı “Güneydoğu Anadolu Projesi Eğitim, Yayım ve Araştırma Merkezi Müdürlüğü”nün Kurulması HakkındaKarar",https://www.resmigazete.gov.tr/eskiler/2000/07/20000705.htm#3
2000-07-05,2000/788 Belirli Üçüncü Ülkelerde İşlem Gördükten Sonra Türkiye’ye Geri İthal Edilen Belirli Tekstil Ürünlerine ve GiyimEşyasına Uygulana n Ekonomik Etkili Hariçte İşleme Rejimi Kararı’nda DeğişiklikYapılmasına DairKarar,https://www.resmigazete.gov.tr/eskiler/2000/07/20000705.htm#4
2000-07-05,2000/866 Likit Petrol Gazı (LPG) tesisatı bulunan taşıtların Karayolları Trafik Kanunu ve Yönetmelik Hükümlerine Göre Belli Sürelerde Yapılacak Teknik Muayenelerinden Alınmakta olan Harç Tutarının Artırılmasına İlişkin Karar,https://www.resmigazete.gov.tr/eskiler/2000/07/20000705.htm#5
2000-07-05,2000/867 Mal ve Hizmetlere Uygulanacak Katma Değer Vergisi Oranlarının Tespitine İlişkinKarar’da Değişiklik Yapılmasına DairKarar,https://www.resmigazete.gov.tr/eskiler/2000/07/20000705.htm#6
2000-07-05,"Bayındırlık ve İskan, Tarım ve Köyişleri, Çalışma ve Sosyal Güvenlik ile Sanayi ve TicaretBakanlıklarına Ait 10 AdetAtama Kararı",https://www.resmigazete.gov.tr/eskiler/2000/07/20000705.htm#7
2000-07-05,2000/7843 Türkiye Elektrik Üretimİletim Anonim Şirketi ve Türkiye Elektrik Dağıtım Anonim Şirketi Dışındaki Kuruluşlara Elektrik Enerjisi Üretim Tesis Kurma ve İşletme İzni Verilmesi Esaslarını Belirleyen Yönetmelikte DeğişiklikYapılması Hakkında Yönetmelik,https://www.resmigazete.gov.tr/eskiler/2000/07/20000705.htm#8
2000-07-05,Sümerhalı Satın Alma Yönetmeliği,https://www.resmigazete.gov.tr/eskiler/2000/07/20000705.htm#9
2000-07-05,Sümerhalı Teftiş Kurulu Başkanlığı Çalışma Esasları Yönetmeliği,https://www.resmigazete.gov.tr/eskiler/2000/07/20000705.htm#10
2000-07-05,"Cumhuriyet Üniversitesi Önlisans ve Lisans Eğitim, Öğretim ve Sınav Yönetmeliği’nin 9 uncu ve 19 uncu Maddelerinin Değiştirilmesine İlişkin Yönetmelik",https://www.resmigazete.gov.tr/eskiler/2000/07/20000705.htm#11
2000-07-05,Bankaların Konsolide Mali Tablolar Düzenlemesine ve Konsolide Mali Tabloların İlanına İlişkinUsul ve Esaslar Hakkında Tebliğde Değişiklik Yapılmasına İlişkin Tebliğ,https://www.resmigazete.gov.tr/eskiler/2000/07/20000705.htm#12
2000-07-05,Amasya İli Sınırları Dahilinde Uçucu Maddelerin 18 YaşındanKüçük Çocuklara Satışının Yasaklanmasına Dair Karar,https://www.resmigazete.gov.tr/eskiler/2000/07/20000705.htm#13
2000-07-05,Yalova İli Sınırları Dahilinde OrmanYangınlarının Önlenmesi Amacıyla Alınması Gereken TedbirlerHakkında Karar (No : 1),https://www.resmigazete.gov.tr/eskiler/2000/07/20000705.htm#14
2000-07-05,"Anayasa Mahkemesinin E : 1999/24 (765 Sayılı Kanun ile İlgili), K: 1999/30 Sayılı Kararı",https://www.resmigazete.gov.tr/eskiler/2000/07/20000705.htm#15
2000-07-06,"- Milli Savunma Bakanlığına, Devlet Bakanı Prof. Dr. Ramazan MİRZAOĞLU'nun Vekâlet Etmesine Dair Tezkere",https://www.resmigazete.gov.tr/eskiler/2000/07/20000706.htm#1
2000-07-06,2000/746 Orman Bakanlığının Taşra Teşkilatında Başmühendislikler ve Milli Park Müdürlüğü Kurulması ile Orman Bakanlığının Taşra Teşkilatında Yer Alan Kocaeli Orman Toprak Laboratuvar Mü dürlüğü ve Orman Genel Müdürlüğünün Taşra Teşkilatındaki Bazı Orman İşletme Müdürlüklerinin Kapatılması Hakkında Karar,https://www.resmigazete.gov.tr/eskiler/2000/07/20000706.htm#2
2000-07-06,2000/763 Bazı Kişilerin Yüksek Hakem Kurulu Asil ve Yedek Üyeliklerine Seçilmeleri Hakkında Karar,https://www.resmigazete.gov.tr/eskiler/2000/07/20000706.htm#3
2000-07-06,2000/760 Turizm Tesisleri Yönetmeliği,https://www.resmigazete.gov.tr/eskiler/2000/07/20000706.htm#4
2000-07-06,- Gıda Maddeleri Üreten İş Yerlerine Verilen Çalışma İznine Ait İşlemler İçin Alınacak Ücretlerin Tahsil ve Harcama Usul ve Esaslarına Dair Yönetmelikte Değişiklik Yapılmasına Dair Yönetmelik,https://www.resmigazete.gov.tr/eskiler/2000/07/20000706.htm#5
2000-07-06,- Karayolları Genel Müdürlüğü Sicil Amirleri Yönetmeliği,https://www.resmigazete.gov.tr/eskiler/2000/07/20000706.htm#6
2000-07-06,"- Ticaret ve Sanayi Odaları, Ticaret Odaları, Sanayi Odaları, Deniz Ticaret Odaları, Ticaret Borsaları ve Türkiye Odalar ve Borsalar Birliği Organ Seçimleri Hakkında Yönetmeliğin Bazı Maddelerinde Değişiklik Yapılmasına Dair Yönetmelik",https://www.resmigazete.gov.tr/eskiler/2000/07/20000706.htm#7
2000-07-06,- Antalya İli Sınırları İçerisinde Orman Yangınlarının Önlenmesi Amacıyla Alınması Gereken Tedbirler Hakkında Karar,https://www.resmigazete.gov.tr/eskiler/2000/07/20000706.htm#8
2000-07-06,- Hatay Valiliği İl Hıfzıssıhha Kurulu Kararı (No: 6),https://www.resmigazete.gov.tr/eskiler/2000/07/20000706.htm#9
2000-07-06,- Karaman İli İl Sınırları İçerisinde Anız Yakılmasının Yasaklanmasına Dair Karar (No: 2000/2),https://www.resmigazete.gov.tr/eskiler/2000/07/20000706.htm#10
2000-07-06,"- Anayasa Mahkemesinin E: 1999/45, (375 Sayılı KHK ile 4206 Sayılı Kanun ile İlgili) K: 2000/9 Sayılı Kararı",https://www.resmigazete.gov.tr/eskiler/2000/07/20000706.htm#11
2000-07-06,- Yargıtay 10. ve 13. Hukuk Dairelerine Ait 2 Adet Karar,https://www.resmigazete.gov.tr/eskiler/2000/07/20000706.htm#12
2000-07-07,4589 Sınır Aşan Suçları Önleme ve Mücadele Etmeye İlişkin İşbirliği Anlaşmasının Onaylanmasının UygunBulunduğuna Dair Kanun,https://www.resmigazete.gov.tr/eskiler/2000/07/20000707.htm#1
2000-07-07,4590 MEDA Programı ve Avrupa Yatırım Bankasının Akdeniz Ülkelerindeki Diğer Malî Anlaşmaları Çerçevesinde Malî ve Teknik İşbirliğinin Uygulanmasına İlişkin Çerçeve Anlaşmasının Onaylanmasının Uygun Bulunduğuna Dair Kanun,https://www.resmigazete.gov.tr/eskiler/2000/07/20000707.htm#2
2000-07-07,"4591 Türkiye’de İrtibatOfisinin Kurulmasına İlişkin Dünya Sağlık Örgütü, Avrupa Bölge Ofisi ve Türkiye Cumhuriyeti Hükümeti Arasında Yapılan Anlaşmanın Onaylanmasının UygunBulunduğu Hakkında Kanun",https://www.resmigazete.gov.tr/eskiler/2000/07/20000707.htm#3
2000-07-07,"2000/792 Türkiye Cumhuriyeti Hükümeti ile Vietnam Sosyalist Cumhuriyeti Hü kümeti Arasında Tarım Alanında Teknik, Bilimsel ve Ekonomik İşbi rliği Protokolünün Onaylanması Hakkında Karar",https://www.resmigazete.gov.tr/eskiler/2000/07/20000707.htm#4
2000-07-07,"— Turizm Bakanlığına, DevletBakanı Rüştü Kazım YÜCELEN’in Vekalet Etmesine Dair Tezkere",https://www.resmigazete.gov.tr/eskiler/2000/07/20000707.htm#5
2000-07-07,2000/744 Kastamonu ve Bartın İlSınırları İçerisinde Bulunan Küre Dağlarının Batı Kesiminin “Kastamonu-Bartın Küre Dağları Milli Parkı” Olarak Belirlenmesi Hakkında Karar,https://www.resmigazete.gov.tr/eskiler/2000/07/20000707.htm#6
2000-07-07,2000/815 İthalat Rejimi Kararına Ek Karar,https://www.resmigazete.gov.tr/eskiler/2000/07/20000707.htm#7
2000-07-07,2000/819 Slovenya Cumhuriyeti Menşeli Bazı Tarım ve İşlenmiş Tarım Ürünleri İthalatında Tarife Kontenjanı Uygulanması Hakkında Karar,https://www.resmigazete.gov.tr/eskiler/2000/07/20000707.htm#8
2000-07-07,— Fethiye LimanYönetmeliğinde Değişiklik Yapılmasına Dair Yönetmelik,https://www.resmigazete.gov.tr/eskiler/2000/07/20000707.htm#9
2000-07-07,— Kemerköy Elektrik Üretim ve Ticaret Anonim Şirketi (KEAŞ) Genel Müdürlüğü Personel Yönetmeliği,https://www.resmigazete.gov.tr/eskiler/2000/07/20000707.htm#10
2000-07-07,— Kemerköy Elektrik Üretim ve Ticaret Anoni m Şirketi Genel Müdürlüğü Memurları Disiplin Kurulları ve Disiplin Amirleri Hakkında Yönetmelik,https://www.resmigazete.gov.tr/eskiler/2000/07/20000707.htm#11
2000-07-07,— Kemerköy Elektrik Üretim ve Ticaret Anonim Şirketi Genel Müdürlüğü Sözleşmeli Personeli Disiplin Kurulları ve Disiplin Amirleri Hakkında Yönetmelik,https://www.resmigazete.gov.tr/eskiler/2000/07/20000707.htm#12
2000-07-07,— Tarım ve Köyişleri Bakanlığı Teşkilatlanma ve Destekleme Genel Müdürlüğü Denetleme Dairesi Başkanlığı Kontrolörleri Atama Görev ve Yetki Yönetmeliğinin Bazı Maddelerinin Değiştirilmesi Hakkında Yönetmelik,https://www.resmigazete.gov.tr/eskiler/2000/07/20000707.htm#13
2000-07-07,"— Yüzüncü Yıl Üniversitesi Önlisans, Lisans Öğretim ve Sınav Yönetmeliği’nin 6 ncı ve 21 inci Maddelerinin Değiştirilmesi Hakkında Yönetmelik",https://www.resmigazete.gov.tr/eskiler/2000/07/20000707.htm#14
2000-07-07,— Özelleştirme Yüksek Kurulunun 2000/55 Sayılı Kararı,https://www.resmigazete.gov.tr/eskiler/2000/07/20000707.htm#15
2000-07-08,2000/758 Türkiye Cumhuriyeti ile Slovenya Cumhuriyeti Arasında Serbest TicaretAnlaşmasının Onaylanması Hakkında Karar,https://www.resmigazete.gov.tr/eskiler/2000/07/20000708.htm#1
2000-07-08,— Başbakanlık Basın-Yayın ve Enformasyon Genel Müdürlüğü Sicil Amirleri Yönetmeliği,https://www.resmigazete.gov.tr/eskiler/2000/07/20000708.htm#2
2000-07-08,— İhracat Yönetmeliğinde Değişiklik Yapılmasına Dair Yönetmelik,https://www.resmigazete.gov.tr/eskiler/2000/07/20000708.htm#3
2000-07-08,— İşkolu Tespit Kararı (No: 2000/12),https://www.resmigazete.gov.tr/eskiler/2000/07/20000708.htm#4
2000-07-08,DÜZELTME : (Kara Yolları Genel Müdürlüğü Sicil Amirleri Yönetmeliği ile İlgili),https://www.resmigazete.gov.tr/eskiler/2000/07/20000708.htm#5
2000-07-09,— Elektrik İşleri Etüd İdaresi Genel Müdürlüğü Personeli Atama ve Görevde Yükselme Yönetmeliği,https://www.resmigazete.gov.tr/eskiler/2000/07/20000709.htm#1
2000-07-09,— Emniyet Teşkilatı Personeli Kimlik Kartları ile Polis Kimlik Kokartları Yönetmeliği,https://www.resmigazete.gov.tr/eskiler/2000/07/20000709.htm#2
2000-07-09,— Mustafa Kemal Üniversitesi Yaz Öğretimi Yönetmeliği,https://www.resmigazete.gov.tr/eskiler/2000/07/20000709.htm#3
2000-07-10,"— Ulaştırma Bakanlığına, Devlet Bakanı Prof. Dr. Tunca TOSKAY’ın Vekâlet Etmesine Dair Tezkere",https://www.resmigazete.gov.tr/eskiler/2000/07/20000710.htm#1
2000-07-10,— PTT Genel Müdürlüğü Alım ve Satım Yönetmeliği,https://www.resmigazete.gov.tr/eskiler/2000/07/20000710.htm#2
2000-07-10,Yapı Denetim Kuruluşları Zorunlu Mali Sorumluluk Sigortası Genel Şartları,https://www.resmigazete.gov.tr/eskiler/2000/07/20000710.htm#3
2000-07-11,"- Cumhurbaşkanlığına, TBMM Başkanı Yıldırım AKBULUT'un Vekâlet Etmesine Dair Tezkere",https://www.resmigazete.gov.tr/eskiler/2000/07/20000711.htm#1
2000-07-11,"- Enerji ve Tabii Kaynaklar Bakanlığı ve Başbakan Yardımcılığına, Çalışma ve Sosyal Güvenlik Bakanı Yaşar OKUYAN'ın Vekâlet Etmesine Dair Tezkere",https://www.resmigazete.gov.tr/eskiler/2000/07/20000711.htm#2
2000-07-11,"- Dışişleri Bakanlığına, Devlet Bakanı Prof. Dr. Şükrü Sina GÜREL'in Vekâlet Etmesine Dair Tezkere",https://www.resmigazete.gov.tr/eskiler/2000/07/20000711.htm#3
2000-07-11,"- Devlet, Milli Savunma, Maliye, Bayındırlık ve İskan, Kültür, Turizm ve Çevre Bakanlıklarına Ait 12 Adet Karar",https://www.resmigazete.gov.tr/eskiler/2000/07/20000711.htm#4
2000-07-11,- Sosyal Hizmetler ve Çocuk Esirgeme Kurumuna Bağlı Toplum Merkezleri Yönetmeliği,https://www.resmigazete.gov.tr/eskiler/2000/07/20000711.htm#5
2000-07-11,"- İthalatta Gözetim ve Korunma Önlemleri Yönetmeliği, Kota ve Tarife Kontenjanı Yönetmeliği ve Belirli Ülkeler Menşeli Malların İthalatında Gözetim ve Korunma Önlemleri Yönetmeliğinde DeğişiklikYapılmasına DairYönetmelik",https://www.resmigazete.gov.tr/eskiler/2000/07/20000711.htm#6
2000-07-11,- Bitlis Valiliği Mahalli Çevre Kurulu Kararı (No : 104),https://www.resmigazete.gov.tr/eskiler/2000/07/20000711.htm#7
2000-07-11,- Osmaniye İli Sınırları İçerisinde Orman Yangınlarının Önlenmesi Amacıyla Alınması Gereken Tedbirler Hakkında Karar (No : 1),https://www.resmigazete.gov.tr/eskiler/2000/07/20000711.htm#8
2000-07-11,- Yargıtay 2. Hukuk Dairesine Ait 2 Adet Karar,https://www.resmigazete.gov.tr/eskiler/2000/07/20000711.htm#9
2000-07-12,- Uzman Erbaş Yönetmeliğinin Bir Maddesinin Değiştirilmesine İlişkin Yönetmelik,https://www.resmigazete.gov.tr/eskiler/2000/07/20000712.htm#1
2000-07-12,- Maden Tetkik ve Arama Genel Müdürlüğü Personel Atama ve Görevde Yükselme Yönetmeliğinin Bazı Maddelerinde Değişiklik Yapılmasına Dair Yönetmelik,https://www.resmigazete.gov.tr/eskiler/2000/07/20000712.htm#2
2000-07-12,- Petrol Ürünlerine Uygulanacak Akaryakıt Fiyat İstikrar Fonu Payları Hakkında Tebliğ (PİGM/AFİF 2000-33),https://www.resmigazete.gov.tr/eskiler/2000/07/20000712.htm#3
2000-07-12,- Hariçte İşleme Rejimi Tebliği (İhracat: 2000/8),https://www.resmigazete.gov.tr/eskiler/2000/07/20000712.htm#4
2000-07-12,- Yargıtay 2. Hukuk Dairesine Ait 2 Adet Karar,https://www.resmigazete.gov.tr/eskiler/2000/07/20000712.htm#5
2000-07-13,— Başbakan Yardımcısı Olarak Görevlendirilen Enerji ve Tabii Kaynaklar Bakanı M. Cumhur ERSÜMER’in Başbakan Yardımcılığı Görevinden Alınması; Rize Milletvekili A. Mesut YILMAZ’ın Devlet Bakanlığına Atanması ve Başbakan Yardımcısı Olarak Görevlendirilmesine Dair Tezkere,https://www.resmigazete.gov.tr/eskiler/2000/07/20000713.htm#1
2000-07-13,2000/854 Bazı Fakülte ve Yüksekokulların Kurulması Hakkında Karar,https://www.resmigazete.gov.tr/eskiler/2000/07/20000713.htm#2
2000-07-13,2000/865 506 sayılı Sosyal Sigortalar Kanununun Değişik 78 inci Maddesi Uyarınca Alınacak Prim ve Verilecek Ödeneklerin Hesabına Esas Tutulan Günlük Kazancın Üst Sınırının Belirlenmesine İlişkin Karar,https://www.resmigazete.gov.tr/eskiler/2000/07/20000713.htm#3
2000-07-13,2000/820 Başkomutan Tarihi Milli Parkı Sınırlarının Yeniden Belirlenmesine İlişkin Karar,https://www.resmigazete.gov.tr/eskiler/2000/07/20000713.htm#4
2000-07-13,— 3030 sayılı Kanun Kapsamı Dışında Kalan Belediyeler Tip İmar Yönetmeliğinde Değişiklik Yapılmasına Dair Yönetmelik,https://www.resmigazete.gov.tr/eskiler/2000/07/20000713.htm#5
2000-07-13,— Atatürk Üniversitesi İlahiyat Fakültesi Lisans Eğitim-Öğretim ve Sınav Yönetmeliğinin Bazı Maddelerinde Değişiklik Yapılması Hakkında Yönetmelik,https://www.resmigazete.gov.tr/eskiler/2000/07/20000713.htm#6
2000-07-13,"— Gaziosmanpaşa Üniversitesi Önlisans ve Lisans Eğitim, Öğretim ve Sınav Yönetmeliğinin Bazı Maddelerinde Değişiklik Yapılması Hakkında Yönetmelik",https://www.resmigazete.gov.tr/eskiler/2000/07/20000713.htm#7
2000-07-13,— Gebze Yüksek Teknoloji Enstitüsü Lisansüstü Eğitim-Öğretim Yönetmeliğinin 37 nci Maddesinde Değişiklik Yapılmasına Dair Yönetmelik,https://www.resmigazete.gov.tr/eskiler/2000/07/20000713.htm#8
2000-07-13,— Yüzüncü Yıl Üniversitesi Tıp Fakültesi Öğretim ve Sınav Yönetmeliğinin Bazı Maddelerinde Değişiklik Yapılması ve Bir Madde Eklenmesine Dair Yönetmelik,https://www.resmigazete.gov.tr/eskiler/2000/07/20000713.htm#9
2000-07-13,— Petrol Ürünlerine Uygulanacak Akaryakıt Fiyat İstikrar Fonu Payları Hakkında Tebliğ (PİGM/AFİF 2000-34),https://www.resmigazete.gov.tr/eskiler/2000/07/20000713.htm#10
2000-07-14,"— Dışişleri Bakanlığına, Devlet Bakanı Prof. Dr. Şükrü S.GÜREL’in Vekâlet Etmesine Dair Tezkere",https://www.resmigazete.gov.tr/eskiler/2000/07/20000714.htm#1
2000-07-14,2000/940 Kamu Personelinin Maaşlarının Hesabına Esas Tutulan Katsayıların Ye niden Tespiti ile 2000/3 Sayılı Kararnamenin Eki Kararda Değişiklik Yapılması ve Sözleşmeli Personel Ücretlerinin Artırılması Hakkında Karar,https://www.resmigazete.gov.tr/eskiler/2000/07/20000714.htm#2
2000-07-14,— Başbakanlığa Ait Bir Adet Atama Kararı,https://www.resmigazete.gov.tr/eskiler/2000/07/20000714.htm#3
2000-07-14,— Toplu Konut İdaresi Başkanlığı İhale Yönetmeliği,https://www.resmigazete.gov.tr/eskiler/2000/07/20000714.htm#4
2000-07-14,— İstanbul Üniversitesi Lisans Öğretim ve Sınav Yönetmeliğinin Bazı Maddelerinin Değiştirilmesine Dair Yönetmelik,https://www.resmigazete.gov.tr/eskiler/2000/07/20000714.htm#5
2000-07-14,"— Anayasa Mahkemesinin E: 1997/70 (570 Sayılı KHK ile İlgili), K: 1998/72 Sayılı Kararı",https://www.resmigazete.gov.tr/eskiler/2000/07/20000714.htm#6
2000-07-14,"— Anayasa Mahkemesinin E: 1997/71 (570 Sayılı KHK ile İlgili), K: 1998/73 Sayılı Kararı",https://www.resmigazete.gov.tr/eskiler/2000/07/20000714.htm#7
2000-07-15,— Yeditepe Üniversitesi Ana Yönetmeliği,https://www.resmigazete.gov.tr/eskiler/2000/07/20000715.htm#1
2000-07-15,— Mecburi Standard: ÖSG-2000/71-72 sayılı Tebliğ,https://www.resmigazete.gov.tr/eskiler/2000/07/20000715.htm#2
2000-07-15,— Mecburi Standard: ÖSG-2000/72-73 sayılı Tebliğ,https://www.resmigazete.gov.tr/eskiler/2000/07/20000715.htm#3
2000-07-15,— Mecburi Standard: ÖSG-2000/78-79 sayılı Tebliğ,https://www.resmigazete.gov.tr/eskiler/2000/07/20000715.htm#4
2000-07-15,— Diyarbakır Valiliği Mahalli Çevre Kurulu Kararı (No: 2000/2),https://www.resmigazete.gov.tr/eskiler/2000/07/20000715.htm#5
2000-07-15,"DÜZELTME (Anayasa Mahkemesinin E. Sayısı: 1997/71, K. Sayısı: 1998/73 Sayılı Kararı Hakkında)",https://www.resmigazete.gov.tr/eskiler/2000/07/20000715.htm#6
2000-07-16,"— Tarım ve Köyişleri Bakanlığına, Sanayi ve Ticaret Bakanı A. Kenan TAN RIKULU’nun Vekâlet Etmesine Dair Tezkere",https://www.resmigazete.gov.tr/eskiler/2000/07/20000716.htm#1
2000-07-16,— Trakya Üniversitesi Lisansüstü Eğitim-Öğretim Yönetmeliğinin Bazı Maddelerinde Değişiklik Yapılmasına Dair Yönetmelik,https://www.resmigazete.gov.tr/eskiler/2000/07/20000716.htm#2
2000-07-16,— Trakya Üniversitesi Eğitim Fakültesi Öğretmenlik Meslek Bilgisi (Peda gojik Formasyon) Programı Yönetmeliğinin Yürürlükten Kaldırılmasına Dair Yönetmelik,https://www.resmigazete.gov.tr/eskiler/2000/07/20000716.htm#3
2000-07-16,— Mecburi Standard: ÖSG-2000/79 -80 Sayılı Tebliğ,https://www.resmigazete.gov.tr/eskiler/2000/07/20000716.htm#4
2000-07-16,— Mecburi Standard: ÖSG-2000/80-81 Sayılı Tebliğ,https://www.resmigazete.gov.tr/eskiler/2000/07/20000716.htm#5
2000-07-16,— Mecburi Standard: ÖSG-2000/81-82 Sayılı Tebliğ,https://www.resmigazete.gov.tr/eskiler/2000/07/20000716.htm#6
2000-07-16,— Mecburi Standard: ÖSG-2000/82-83 Sayılı Tebliğ,https://www.resmigazete.gov.tr/eskiler/2000/07/20000716.htm#7
2000-07-16,— Mecburi Standard: ÖSG-2000/83-84 Sayılı Tebliğ,https://www.resmigazete.gov.tr/eskiler/2000/07/20000716.htm#8
2000-07-16,— Mecburi Standard: ÖSG-2000/84-85 Sayılı Tebliğ,https://www.resmigazete.gov.tr/eskiler/2000/07/20000716.htm#9
2000-07-16,— Mecburi Standard: ÖSG-2000/85-86 Sayılı Tebliğ,https://www.resmigazete.gov.tr/eskiler/2000/07/20000716.htm#10
2000-07-16,"— Ankara İlinde Süper ve Hiper Marketlerde Atık Kağıt, Cam, Pet Şişe ve Bu Gibi Geri Dönüşümlü Atıkların Toplanacağı Kumbaralar Bulundurulması Hakkında Karar (No: 2000/2)",https://www.resmigazete.gov.tr/eskiler/2000/07/20000716.htm#11
2000-07-16,— Ankara İlinde 1999 Yılı İçin Belirlenen Tıbbi Atık Bertaraf Ücretinin 2000 Yılı İçin % 25 Oranında Artırılması Hakkında Karar (2000/2),https://www.resmigazete.gov.tr/eskiler/2000/07/20000716.htm#12
2000-07-16,— Ankara Valiliği Umumi Hıfzıssıhha Kurulu Kararı (2000/2),https://www.resmigazete.gov.tr/eskiler/2000/07/20000716.htm#13
2000-07-17,2000/874 Türkiye Cumhuriyeti Hükümeti ile Karadeniz Ekonomik İşbirliği Örgütü Arasında Merkez Anlaşmasının Onaylanması Hakkında Karar,https://www.resmigazete.gov.tr/eskiler/2000/07/20000717.htm#1
2000-07-17,"— D evlet Bakanı Edip Safder GAYDALI’ya, Devlet Bakanı Rüştü Kazım YÜCELEN’in Vekâlet Etmesine Dair Tezkere",https://www.resmigazete.gov.tr/eskiler/2000/07/20000717.htm#2
2000-07-17,2000/857 Türkiye Cumhuriyet Merkez Banka sı Anonim Şirketi’nin Esas Mukavelesinde Değişiklik Yapılmasına İlişkin Karar,https://www.resmigazete.gov.tr/eskiler/2000/07/20000717.htm#3
2000-07-17,— Gelir Vergisi Genel Tebliği (Seri No: 235,https://www.resmigazete.gov.tr/eskiler/2000/07/20000717.htm#4
2000-07-17,— Mecburi Standard: ÖSG-2000/88-89 Sayılı Tebliğ — Mecburi Standard: ÖSG-2000/91-92 Sayılı Tebliğ,https://www.resmigazete.gov.tr/eskiler/2000/07/20000717.htm#5
2000-07-17,— Mecburi Standard: ÖSG-2000/92-93 Sayılı Tebliğ,https://www.resmigazete.gov.tr/eskiler/2000/07/20000717.htm#7
2000-07-18,2000/870 Tabii Afetlerden Zarar Gören Çiftçilerin Borçlarının Ertelenmesi ve Yeniden Kredilendirilmesi Hakkında Karar,https://www.resmigazete.gov.tr/eskiler/2000/07/20000718.htm#1
2000-07-18,"2000/873 KÜSEL-Kütahya Seyitömer Elektrik Limited Şirketine, Elektrik Üretimi ve Ticar eti Yapma Görevi Verilmesine Dair Karar",https://www.resmigazete.gov.tr/eskiler/2000/07/20000718.htm#2
2000-07-18,— Eşyanın Terhcihli Menşeinin Tespiti Hakkında Yönetmelikte Değişiklik Yapılmasına Dair Yönetmelik,https://www.resmigazete.gov.tr/eskiler/2000/07/20000718.htm#3
2000-07-18,— Mecburi Standard: ÖSG-2000/73-74 Sayılı Tebliğ,https://www.resmigazete.gov.tr/eskiler/2000/07/20000718.htm#4
2000-07-18,— Ankara Valiliği Umumi Hıfzıssıhha Kurulu Kararı (No: 2000/2),https://www.resmigazete.gov.tr/eskiler/2000/07/20000718.htm#5
2000-07-18,— Ankara Valiliği Mahalli Çevre Kurulu Kararı (No: 2000/3),https://www.resmigazete.gov.tr/eskiler/2000/07/20000718.htm#6
2000-07-18,— Aydın İli Sınırları İçerisinde Orman Yangınlarının Önlenmesi Amacıyla Alınması Gereken Tedbirler Hakkında Karar (No: 2000/2),https://www.resmigazete.gov.tr/eskiler/2000/07/20000718.htm#7
2000-07-18,— Kayseri Valiliğine Ait 4 Nolu Mahalli Çevre Kurulu Kararının Değiştirilmesi Hakkında Karar,https://www.resmigazete.gov.tr/eskiler/2000/07/20000718.htm#8
2000-07-19,— Uludağ Üniversitesi FenBilimleri Enstitüsü Lisansüstü Öğretim Yönetmeliğinin Bir Maddesinde Değişiklik Yapılmasına Dair Yönetmelik,https://www.resmigazete.gov.tr/eskiler/2000/07/20000719.htm#1
2000-07-19,— Proje ve Kontrolluk İşlerinde Uygulanacak Fiyat Artış Oranları Hakkında Tebliğ,https://www.resmigazete.gov.tr/eskiler/2000/07/20000719.htm#2
2000-07-19,— Mecburi Standard: ÖSG-2000/75-76 Sayılı Tebliğ,https://www.resmigazete.gov.tr/eskiler/2000/07/20000719.htm#3
2000-07-19,— Mecburi Standard: ÖSG-2000/77-78 Sayılı Tebliğ,https://www.resmigazete.gov.tr/eskiler/2000/07/20000719.htm#4
2000-07-19,— Çorum Valiliği Mahalli Çevre Kurulu Kararı (No: 2000/6/),https://www.resmigazete.gov.tr/eskiler/2000/07/20000719.htm#5
2000-07-19,— Uyuşmazlık Mahkemesine Ait 10 Adet Karar,https://www.resmigazete.gov.tr/eskiler/2000/07/20000719.htm#6
2000-07-20,KHK/604 Gülhane Askerî Tıp Akademisi Kanununun Bazı Maddelerinde DeğişiklikYapılmasına Dair Kanun Hükmünde Kararname,https://www.resmigazete.gov.tr/eskiler/2000/07/20000720.htm#1
2000-07-20,"— Devlet Bakanı Prof. Dr. Şükrü S.GÜREL’e, DevletBakanı Fikret ÜNLÜ’nün Vekâlet Etmesine Dair Tezkere",https://www.resmigazete.gov.tr/eskiler/2000/07/20000720.htm#2
2000-07-20,"— Milli Savunma Bakanlığına, Devlet Bakanı Prof. Dr. Ramazan MİRZAOĞLU’nun Vekâlet Etmesine Dair Tezkere",https://www.resmigazete.gov.tr/eskiler/2000/07/20000720.htm#3
2000-07-20,— Hâkimler ve SavcılarYüksekKuruluna Ait Bir Adet Karar,https://www.resmigazete.gov.tr/eskiler/2000/07/20000720.htm#4
2000-07-20,— Uludağ Üniversitesi Önlisans ve Lisans Eğitim-Öğretim ve Sınav Yönetmeliğinin 15 inci Maddesine İki Fıkra Eklenmesine Dair Yönetmelik,https://www.resmigazete.gov.tr/eskiler/2000/07/20000720.htm#5
2000-07-20,— 2001 Yılı Yatırım Programı Hazırlama Esasları Hakkında Genelge,https://www.resmigazete.gov.tr/eskiler/2000/07/20000720.htm#6
2000-07-20,— Aydınlatma ve Işıklı Sinyal Cihazlarının Yerleştirilmesi Konusunda Motorlu Taşıtların Onayı ile İlgili Teknik Düzenlemeye (R-48) İlişkinTebliğ (No : SGM-2000/62),https://www.resmigazete.gov.tr/eskiler/2000/07/20000720.htm#7
2000-07-20,— Motorlu Taşıtların ve Römorklarının Yan İşaret Lambalarının Onayı ile İlgili Teknik Düzenlemeye (R-91) İlişkinTebliğ (No : SGM-2000/63),https://www.resmigazete.gov.tr/eskiler/2000/07/20000720.htm#8
2000-07-20,— Özelleştirme İdaresinin (ÖİB-K-10) Sayılı Kararı,https://www.resmigazete.gov.tr/eskiler/2000/07/20000720.htm#9
2000-07-20,— Burdur İli Sınırları İçerisinde OrmanYangınlarının Önlenmesi Amacıyla Alınması Gereken Tedbirler Hakkında Karar (No : 2000/1),https://www.resmigazete.gov.tr/eskiler/2000/07/20000720.htm#10
2000-07-21,— Hükümlü Aşır Ali KÖK’ün Cezasının Kaldırılmasına Dair Karar,https://www.resmigazete.gov.tr/eskiler/2000/07/20000721.htm#1
2000-07-21,— Futbolda Müşterek Bahis Oyunları Uygulama Yönetmeliğinin 44 üncü Maddesinin Değiştirilmesi Hakkında Yönetmelik,https://www.resmigazete.gov.tr/eskiler/2000/07/20000721.htm#2
2000-07-21,— Gençlik ve Spor Genel Müdürlüğü Amatör Spor Dalları Ceza Yönetmeliğine Ek Madde İlave Edilmesine Dair Yönetmelik,https://www.resmigazete.gov.tr/eskiler/2000/07/20000721.htm#3
2000-07-21,"— İkili Anlaşmalar, Protokoller veya Diğer Düzenlemeler Kapsamı Dışında, Belirli Ülkeler Menşeli Tekstil Ürünleri İthalatında Gözetim ve Korunma Önlemleri Hakkında Yönetmeliğin Bazı Maddelerinde Değişiklik Yapıl masına Dair Yönetmelik",https://www.resmigazete.gov.tr/eskiler/2000/07/20000721.htm#4
2000-07-21,— Belirli Tekstil Ürünleri İthalatında Gözetim ve Korunma Önlemleri Hak kında Yönetmeliğin Bazı Maddelerinde Değişiklik Yapılmasına Dair Yönetmelik,https://www.resmigazete.gov.tr/eskiler/2000/07/20000721.htm#5
2000-07-21,"— Sivil Savunma Arama Kurtarma Birlikleri ve Ekiplerinin Kuruluşu, Görevleri, Çalışma ve Usul ve Esaslarına Dair Yönetmelik",https://www.resmigazete.gov.tr/eskiler/2000/07/20000721.htm#6
2000-07-21,— Türkiye Elektrik Üretim-İletim Anonim Şirketi Genel Müdürlüğü Satın Alma ve İhale Yönetmeliğinde Değişiklik Yapılmasına Dair Yönetmelik,https://www.resmigazete.gov.tr/eskiler/2000/07/20000721.htm#7
2000-07-21,— Anayasa Mahkemesinin E : 1998/4 (765 Sayılı Kanun ile İlgili) K : 1999/23 Sayılı Kararı,https://www.resmigazete.gov.tr/eskiler/2000/07/20000721.htm#8
2000-07-21,— Anayasa Mahkemesinin E : 1999/16 (765 Sayılı Kanun ile İlgili) K : 1999/24 Sayılı Kararı,https://www.resmigazete.gov.tr/eskiler/2000/07/20000721.htm#9
2000-07-22,"2000/894 İhracat, İhracat Sayılan Satış ve Teslimler ile Döviz Kazandırıcı Hizmet ve Faaliyetlerde Vergi, Resim ve Harç İstisnası Hakkında Karar’da ve Dahilde İşleme Rejimi Kararında DeğişiklikYapılmasına Dai rKarar",https://www.resmigazete.gov.tr/eskiler/2000/07/20000722.htm#1
2000-07-22,— Arsa Ofisi Genel Müdürlüğü Sicil Amirleri Yönetmeliği,https://www.resmigazete.gov.tr/eskiler/2000/07/20000722.htm#2
2000-07-22,— Vergi Usul Kanunu GenelTebliği (Sıra No : 286),https://www.resmigazete.gov.tr/eskiler/2000/07/20000722.htm#3
2000-07-22,— Özelleştirme Yüksek Kurulunun 2000/61 Sayılı Kararı,https://www.resmigazete.gov.tr/eskiler/2000/07/20000722.htm#4
2000-07-22,— Erzincan Valiliği Mahalli Çevre Kurulu Kararı (No : 2000/5),https://www.resmigazete.gov.tr/eskiler/2000/07/20000722.htm#5
2000-07-22,— Erzincan İli Hudutları İçerisinde Gürültünün Önlenmesi ve Kontroluna İlişkin Tebliğ,https://www.resmigazete.gov.tr/eskiler/2000/07/20000722.htm#6
2000-07-22,— Zonguldak Valiliği Mahalli Çevre Kurulu Kararı (No : 5),https://www.resmigazete.gov.tr/eskiler/2000/07/20000722.htm#7
2000-07-22,— Amasya İli Sınırları İçerisinde Orman Yangınlarının Önlenmesi Amacıyla Alınması Gereken Tedbirler Hakkında Karar (No : 2),https://www.resmigazete.gov.tr/eskiler/2000/07/20000722.htm#8
2000-07-22,— Anayasa Mahkemesinin E : 1995/28 (1918 Sayılı Kanun ile İlgili) K : 1996/2,https://www.resmigazete.gov.tr/eskiler/2000/07/20000722.htm#9
2000-07-22,— Anayasa Mahkemesinin E : 1999/2 (1072 Sayılı Kanun ile İlgili) K : 2000/8,https://www.resmigazete.gov.tr/eskiler/2000/07/20000722.htm#10
2000-07-22,— Anayasa Mahkemesinin E : 2000/22 (492 Sayılı Kanun ile İlgili) K : 2000/7,https://www.resmigazete.gov.tr/eskiler/2000/07/20000722.htm#11
2000-07-23,- Hakimler ve Savcılar Yüksek Kuruluna Ait 4 Adet Karar,https://www.resmigazete.gov.tr/eskiler/2000/07/20000723.htm#1
2000-07-23,- Uyuşmazlık Mahkemesine Ait 4 Adet Karar,https://www.resmigazete.gov.tr/eskiler/2000/07/20000723.htm#2
2000-07-24,"— İstirahatli Bulunan Devlet Bakanı Prof. Dr. Abdulhaluk Mehmet ÇAY’ın Ye rine Vekâlet Eden DevletBakanı Faruk BAL’a, Devlet Bakanı Prof. Dr. Şuayip ÜŞENMEZ’in Vekâlet Etmesine Dair Tezkere",https://www.resmigazete.gov.tr/eskiler/2000/07/20000724.htm#1
2000-07-24,"— Devle tBakanı Faruk BAL’a, DevletBakanı Prof. Dr. Tunca TOSKAY’ın Vekâlet Etmesine Dair Tezkere",https://www.resmigazete.gov.tr/eskiler/2000/07/20000724.htm#2
2000-07-24,— Gümrük Yönetmeliğinin 675 inci Maddesine Üç Fıkra Eklenmesine Dair Yönetmeli,https://www.resmigazete.gov.tr/eskiler/2000/07/20000724.htm#3
2000-07-24,— Başarılı Sporcular ile Bu Sporcuların TeknikDirektör ve Antrenörlerine Ayni ve Nakdi Yardım Yapılmasına ve Ödül Verilmesine Dair Yönetmeliğe Bir Ek Madde İlave Edilmesine Dair Yönetmelik,https://www.resmigazete.gov.tr/eskiler/2000/07/20000724.htm#4
2000-07-24,— Mersin Üniversitesi Beden Eğitimi ve Spor Yüksekokulu Eğitim-Öğretim ve Sınav Yönetmeliği,https://www.resmigazete.gov.tr/eskiler/2000/07/20000724.htm#5
2000-07-24,"— 308 Sayılı Tohumlukların Tescil, Kontrol ve Sertifikasyonu Hakkında Ka nuna Tabi Tohumluk Çeşitleri Hakkında Tebliğ (No : 2000/26)",https://www.resmigazete.gov.tr/eskiler/2000/07/20000724.htm#6
2000-07-24,—UyuşmazlıkMahkemesine Ait 7 Adet Karar,https://www.resmigazete.gov.tr/eskiler/2000/07/20000724.htm#7
2000-07-25,2000/814 Türkiye Cumhuriyeti ile Makedonya Cumhuriyeti Arasındaki Serbest Ticaret Anlaşması’nın Onaylanması Hakkında Karar,https://www.resmigazete.gov.tr/eskiler/2000/07/1.pdf
2000-07-25,2000/861 Türkiye Cumhuriyeti Hükümeti ile Moldova Cumhuriyeti Hükümeti Arasında Gelir Üzerinden Alman Vergilerde Çifte Vergilendirmeyi Önleme ve Vergi Kaçakçılığına Engel Olma Anlaşması ve Eki Protokolün Onaylanması Hakkında Karar,https://www.resmigazete.gov.tr/eskiler/2000/07/2.pdf
2000-07-25,— Mecburi Standard: ÖSG-2000/74-75 Sayılı Tebliğ,https://www.resmigazete.gov.tr/eskiler/2000/07/3.pdf
2000-07-25,— Mecburi Standard: ÖSG-2000/76-77 Sayılı Tebliğ,https://www.resmigazete.gov.tr/eskiler/2000/07/4.pdf
2000-07-25,— Mecburi Standard: ÖSG-2000/86-87 Sayılı Tebliğ,https://www.resmigazete.gov.tr/eskiler/2000/07/5.pdf
2000-07-25,— Mecburi Standard: ÖSG-2000/87-88 Sayılı Tebliğ,https://www.resmigazete.gov.tr/eskiler/2000/07/6.pdf
2000-07-25,— Mecburi Standard: ÖSG-2000/90-91 Sayılı Tebliğ,https://www.resmigazete.gov.tr/eskiler/2000/07/7.pdf
2000-07-25,— Mecburi Standard: ÖSG-2Û00/93-94 Sayılı Tebliğ,https://www.resmigazete.gov.tr/eskiler/2000/07/8.pdf
2000-07-25,— 2000 yılı Mayıs Ayı İçerisinde Verilen Yatırım Teşvik Belgelerinin Sektörel Dağılımı Hakkında Tebliğ,https://www.resmigazete.gov.tr/eskiler/2000/07/9.pdf
2000-07-25,— 2000 yılı Mayıs Ayı İçerisinde Verilen Yabancı Sermayeli Teşvik ve Yatırım İzin Belgeleri Hakkında Tebliğ,https://www.resmigazete.gov.tr/eskiler/2000/07/10.pdf
2000-07-26,KHK/606 Türkiye Vakıflar Bankası Türk Anonim Ortaklığı Kanununda DeğişiklikYapılmasına İlişkin Kanun Hükmünde Kararname,https://www.resmigazete.gov.tr/eskiler/2000/07/20000726.htm#1
2000-07-26,2000/974 Türkiye Cumhuriyeti Hükümeti ile Rusya Federasyonu H ükü meti Arasında Rus Doğalgazı nın Karadeniz Altından Türkiye Cumhuriyeti’ne Sevkiyatına İlişkin Protokol’un Onaylan ması Hakkında Karar,https://www.resmigazete.gov.tr/eskiler/2000/07/20000726.htm#2
2000-07-26,"— Milli Savunma Bakanlığına, DevletBakanı Prof. Dr. Ramazan MİRZAOĞLU’nun Vekâlet Etmes ine Dair Tezkere",https://www.resmigazete.gov.tr/eskiler/2000/07/20000726.htm#3
2000-07-26,"— Devlet, İçişleri, Milli Eğitim, Ulaştırma, Tarım ve Köyişleri, Çalışma ve SosyalGüvenlik, Enerji ve Tabii Kaynaklar ile Orman Bakanlıklarına Ait 12 Adet Atama Kararı",https://www.resmigazete.gov.tr/eskiler/2000/07/20000726.htm#4
2000-07-26,— Sınır Tespitine Dair 1 AdetKa rar,https://www.resmigazete.gov.tr/eskiler/2000/07/20000726.htm#5
2000-07-26,"— Milletvekillerine, Yasama Organı Eski Üyelerine, Dışardan Atandıkları Bakanlık Görevi Sona Erenlere; Bunların Eşlerine ve Bakmakla Yükümlü Oldukları Çocukları ile Ana ve Babalarına, Ölenlerin Dul ve Yetimlerine Tedavi Yardımı Yapılmasına Dair Yönetmelikte Değişiklik Yapılması Hakkında Yönetmelik",https://www.resmigazete.gov.tr/eskiler/2000/07/20000726.htm#6
2000-07-26,"— Milletvekillerine, Yasama Organı Eski Üyelerine, Dışardan Atandıkları Bakanlık Görevi Sona Erenlere; Bir Ek Madde Eklenmesine Bunların Eşlerine ve Bakmakla Yükümlü Oldukları Çocukları ile Ana ve Babalarına, Ölenlerin Dul ve Yetimlerine Tedavi ve Yardımı Yapılmasına Dair Yönetmeliğe Bir Ek Madde Eklenmesi Hakkında Yönetmelik",https://www.resmigazete.gov.tr/eskiler/2000/07/20000726.htm#7
2000-07-26,— Belirli Üçüncü Ülkelerde İşlem Gördükten Sonra Türkiye’ye Geri İthal Edilen Belirli Tekstil Ürünlerine ve Giyim Eşyasına Uygulanan Ekonomik Etkili Harijde İşleme Rejimi Yönetmeliğinde Değişiklik Yapılmasına Dair Yönetmelik,https://www.resmigazete.gov.tr/eskiler/2000/07/20000726.htm#8
2000-07-26,— Gelir İdaresini Geliştirme Fonu Yönetmeliğinin Bazı Maddelerinin Değiştirilmesi Hakkında Yönetmelik,https://www.resmigazete.gov.tr/eskiler/2000/07/20000726.htm#9
2000-07-26,— Milli EğitimBakanlığı Personeli Görevde Yükselme Yönetmeliğ,https://www.resmigazete.gov.tr/eskiler/2000/07/20000726.htm#10
2000-07-26,"— Doğal Kaynak, Maden ve İçme Suları ile Tıbbi Suların İstihsali, Ambalajlanması ve Satışı Hakkında Yönetmelikte Değişiklik Yapılmasına Dair Yönetmelik",https://www.resmigazete.gov.tr/eskiler/2000/07/20000726.htm#11
2000-07-26,— Van İlinin Mücavir İller Kapsamına Alınmasına DairTebliğ,https://www.resmigazete.gov.tr/eskiler/2000/07/20000726.htm#12
2000-07-26,— Kimyevi Gübre Denetimleri Sırasında Alınacak Numunelerin Analizlerinin Yaptırılacağı Analiz ve Referans Kuruluşlar ile Laboratuvar AnalizÜcretleri ile İlgili Esaslar Hakkında Tebliğ (No: 2000/28),https://www.resmigazete.gov.tr/eskiler/2000/07/20000726.htm#13
2000-07-26,— Tiftik Üreticilerinin Desteklenmesine ve Destekleme Primi Ödemeleri İçin Gerekli Finansmanın Destekleme ve Fiyat İstikrar Fonundan Karşılanmasına İlişkin Bakanlar Kurulu Kararı Uygulama Tebliği (Seri No: 1),https://www.resmigazete.gov.tr/eskiler/2000/07/20000726.htm#14
2000-07-26,— Yaş İpekböceği Kozası Üreticilerinin Desteklenmesine ve Destekleme Primi Ödemeleri İçin Gerekli Finansmanın Destekleme ve Fiyat İstikrar Fonundan Karşılanmasına İlişkinBakanlarKurulu Kararı Uygulama Tebliği (Seri No : 1),https://www.resmigazete.gov.tr/eskiler/2000/07/20000726.htm#15
2000-07-26,— P etrol Ürünlerine Uygulanacak Akaryakıt Fiyat İstikrar Fonu Payları Hakkında Tebliğ (PİGM/AFİF 2000-35),https://www.resmigazete.gov.tr/eskiler/2000/07/20000726.htm#16
2000-07-26,— Uluslararası Gözetim Şirketleri Statüsüne İlişkinKarar (Dış Ticarette Standardizasyon : 2000/5),https://www.resmigazete.gov.tr/eskiler/2000/07/20000726.htm#17
2000-07-26,— Dış Ticarette Standardizasyon Tebliği (No: 2000/15),https://www.resmigazete.gov.tr/eskiler/2000/07/20000726.htm#18
2000-07-26,— Tarımsal Ürünlerde İhracat İadesi Yardımlarına İlişkin Para Kredi ve Koordinasyon Kurulu Tebliğinde DeğişiklikYapılması Hakkında Tebliğ (No : 2000/6),https://www.resmigazete.gov.tr/eskiler/2000/07/20000726.htm#19
2000-07-26,Eskişehir İli Sınırları İçerisinde Orman Yangınlarının Önlenmesi Amacıyla Alınması Gereken Tedbirler Hakkında Karar (2000/1),https://www.resmigazete.gov.tr/eskiler/2000/07/20000726.htm#20
2000-07-26,— Elazığ Valiliği Mahalli Çevre Kurulu Kararı (No: 6),https://www.resmigazete.gov.tr/eskiler/2000/07/20000726.htm#21
2000-07-26,DÜZELTME (2000/2 Sayılı Ankara Umumi Hıfzıssıhha Kurulu Kararı ile İlgili),https://www.resmigazete.gov.tr/eskiler/2000/07/20000726.htm#22
2000-07-27,2000/915 Türkiye Cumhuriyeti Hükümeti ile Nijerya Federal Cumhuriyeti Hükümeti Arasında Abuja’da İmzalanan Mutabakat Zaptının Onaylanması Hakkında Karar,https://www.resmigazete.gov.tr/eskiler/2000/07/20000727.htm#1
2000-07-27,2000/977 Petrol Ürünlerinde n Alınan Akaryakıt Tüketim Vergisi Miktarlarının Tespitine İlişkin Karar,https://www.resmigazete.gov.tr/eskiler/2000/07/20000727.htm#2
2000-07-27,2000/978 Petrol Ürünlerinden Alınan Akaryakıt Tüketim Vergisi Miktarlarının Tespitine İlişkin Karar,https://www.resmigazete.gov.tr/eskiler/2000/07/20000727.htm#3
2000-07-27,— Y üzme Müsabaka Yönetmeliğinin 5 inci Maddesinin Değiştirilmesi Hakkında Yönetmelik,https://www.resmigazete.gov.tr/eskiler/2000/07/20000727.htm#5
2000-07-27,— S utopu Müsabaka Yönetmeliğinde DeğişiklikYapılmasına Dair Yönetmelik,https://www.resmigazete.gov.tr/eskiler/2000/07/20000727.htm#4
2000-07-27,— Kuluçkahane ve Damızlık İşletmeleri Yönetmeliği,https://www.resmigazete.gov.tr/eskiler/2000/07/20000727.htm#6
2000-07-27,— Mustafa KemalÜniversitesi Önlisans ve Lisans Öğretim ve Sınav Yönet meliğindeDeğişiklikYapılmasına Dair Yönet melik,https://www.resmigazete.gov.tr/eskiler/2000/07/20000727.htm#7
2000-07-27,— Yıldız TeknikÜniversitesi Lisansüstü Eğitim-Öğretim Yönetmeliğinin 2 nci ve 21 inci Maddelerinde Değişiklik Yapılmasına Dair Yönetmelik,https://www.resmigazete.gov.tr/eskiler/2000/07/20000727.htm#8
2000-07-27,— Petrol Ürünlerine Uygulanacak Akaryakıt Fiyat İstikrar Fonu Payları Hak kında Tebliğ (PİGM/AFİF 2000-36),https://www.resmigazete.gov.tr/eskiler/2000/07/20000727.htm#9
2000-07-27,— İstanbul Valiliği Mahalli Çevre Kurulu Kararı (No: 6),https://www.resmigazete.gov.tr/eskiler/2000/07/20000727.htm#10
2000-07-27,— Isparta İli Sınırları İçerisinde Orman Yangınlarının Önlenmesi Amacıyla Alınması Gereken TedbirlerHakkında Karar (2000/1),https://www.resmigazete.gov.tr/eskiler/2000/07/20000727.htm#11
2000-07-27,— Kütahya Valiliği Mahalli Çevre Kurulu Kararı (No: 2000/6),https://www.resmigazete.gov.tr/eskiler/2000/07/20000727.htm#12
2000-07-27,"Anayasa Mahkemesinin E: 1999/49 (765 Sayılı Kanun ile İlgili), K: 1999/50 Sayılı Kararı",https://www.resmigazete.gov.tr/eskiler/2000/07/20000727.htm#13
2000-07-27,— Yargıtay2. Hukuk Dairesine Ait Karar,https://www.resmigazete.gov.tr/eskiler/2000/07/20000727.htm#14
2000-07-27,— Uyuşmazlık Mahkemesine Ait 5 Adet K arar,https://www.resmigazete.gov.tr/eskiler/2000/07/20000727.htm#15
2000-07-28,"2000/943 Türkiye ile Almanya Arasındaki Teknik İşbirliği Anlaşması Çerçevesinde, İki Ülke Arasında Nota Teatisi Yoluyla Akdedilen “Amme Hizmetleri Kuruluşu olan DİSKİ’nin Teşviki” Konulu Projeye İlişkin Anlaşma",https://www.resmigazete.gov.tr/eskiler/2000/07/20000728.htm#1
2000-07-28,2000/879 İthalat Rejimi Kararına Ek Karar,https://www.resmigazete.gov.tr/eskiler/2000/07/20000728.htm#2
2000-07-28,2000/880 Lethonya Cumhuriyeti Menşeli Bazı Tarım ve İşlenmiş Tarım Ürünleri İthalatında Tarife Kontenjanı Uygulanması Hakkında Karar,https://www.resmigazete.gov.tr/eskiler/2000/07/20000728.htm#3
2000-07-28,2000/881 İthalat Rejimi Kararına Ek Karar,https://www.resmigazete.gov.tr/eskiler/2000/07/20000728.htm#4
2000-07-28,"2000/883 Merkezi Şanlıurfa İli, Akçakale İlçesinde Bulunan Şemsettin Güneren Sulama Birliği’nin Adının GAP Sulama Birliği Olarak Değiştirilmesi Hakkında Karar",https://www.resmigazete.gov.tr/eskiler/2000/07/20000728.htm#5
2000-07-28,"2000/918 Samsun İli, Çarşamba İlçesinde 1998 Yılında Hizmete Açılan Samsun-Çarşamba Havaalanının Yolcu Giriş-Çıkış Kapısı Olarak Tespitine İlişkin Karar",https://www.resmigazete.gov.tr/eskiler/2000/07/20000728.htm#6
2000-07-28,2000/972 İthalat Rejimi Kararına Ek Karar,https://www.resmigazete.gov.tr/eskiler/2000/07/20000728.htm#7
2000-07-28,2000/980 Vali Atamalarına İlişkin Karar,https://www.resmigazete.gov.tr/eskiler/2000/07/20000728.htm#8
2000-07-28,Motorlu Araçlar ve Römorklarının Lastikleri ve Bu Lastiklerin Takılması ile İlgili Tip Onayı Yönetmeliğinde Değişiklik Yapılmasına Dair Yönetmelik (92/23/AT),https://www.resmigazete.gov.tr/eskiler/2000/07/20000728.htm#9
2000-07-28,— Malatya Valiliği Mahalli Çevre Kurulu Kararı (No: 2000/4),https://www.resmigazete.gov.tr/eskiler/2000/07/20000728.htm#10
2000-07-28,— Edirne Valiliği Mahalli Çevre Kurulu Kararı (No: 6),https://www.resmigazete.gov.tr/eskiler/2000/07/20000728.htm#11
2000-07-29,2000/924 Türkiye Cumhuriyeti Hükümeti ile Rusya Federasyonu Hükümeti Arasında Karadeniz'deki Deniz Alanlarında İşbirliği Anlaşması,https://www.resmigazete.gov.tr/eskiler/2000/07/20000729.htm#1
2000-07-29,"2000/882 Trabzon İli, Arsin İlçesine Bağlı Çatak Belediyesi'nin İsminin ""Atayurt"" Olarak Değiştirilmesi Hakkında Karar",https://www.resmigazete.gov.tr/eskiler/2000/07/20000729.htm#2
2000-07-29,2000/908 Kaya ve Kaynak Tuzlalarının Gerçek ve Tüzel Kişiler Tarafından İşletilmelerine İlişkin Usul ve Esaslar Hakkında Karar,https://www.resmigazete.gov.tr/eskiler/2000/07/20000729.htm#3
2000-07-29,- Dokuz Eylül Üniversitesi Devlet Konservatuvarı Hazırlayıcı Birimler (Lise Devresi) Öğretim ve Sınav Yönetmeliği,https://www.resmigazete.gov.tr/eskiler/2000/07/20000729.htm#4
2000-07-29,- Gençlik ve Spor Genel Müdürlüğü Federasyon Başkanları Seçim Yönetmeliğinde Değişiklik Yapılmasına Dair Yönetmelik,https://www.resmigazete.gov.tr/eskiler/2000/07/20000729.htm#5
2000-07-29,- Kurumlar Vergisi Genel Tebliği (Seri No. 68),https://www.resmigazete.gov.tr/eskiler/2000/07/20000729.htm#6
2000-07-29,DÜZELTME (Hakim ve Savcılar Yüksek Kurulunun 11 Sayılı Kararı ile İlgili),https://www.resmigazete.gov.tr/eskiler/2000/07/20000729.htm#7
2000-07-30,"2000/886 Türkiye Cumhuriyeti Genelkurmay Başkanlığı ile Romanya Milli Savunma Bakanlığı Arasında Askeri Tarih, Müzecilik ve Arşivler Alanında İşbirliği Protokolunun Onaylanması Hakkında Karar",https://www.resmigazete.gov.tr/eskiler/2000/07/20000730.htm#1
2000-07-30,— Tekel Satış Kontrolorlerinin Görev ve Çalışma Yönetmeliği,https://www.resmigazete.gov.tr/eskiler/2000/07/20000730.htm#2
2000-07-30,— Tanı ve Tedavi Protokolleri Etik Kurulu Hakkında Yönetmelik,https://www.resmigazete.gov.tr/eskiler/2000/07/20000730.htm#3
2000-07-30,— Mersin Üniver sitesi Akdeniz Kent Araştırmaları Merkezi (AKKENT) Yönetmeliği,https://www.resmigazete.gov.tr/eskiler/2000/07/20000730.htm#4
2000-07-30,— 595 Sayılı KHK ve Yapı Denetimi Uygulama Yönetmeliğine İstinaden Hazırlanan Laboratuvar Yeterlik Onayı Talimatı Hakkında Tebliğ,https://www.resmigazete.gov.tr/eskiler/2000/07/20000730.htm#5
2000-07-30,— 595 Sayılı KHK ve Yapı Denetimi Uygulama Yönetmeliğine İstinaden Hazırlanan Laboratuvar Yeterlik Teknik Şartnamesi Hakkında Tebliğ,https://www.resmigazete.gov.tr/eskiler/2000/07/20000730.htm#6
2000-07-30,— Bursa Mahalli Çevre Kurulu Kararı (No: 5),https://www.resmigazete.gov.tr/eskiler/2000/07/20000730.htm#7
2000-07-31,2000/890 Türkiye-Hollanda Uluslararası Kara Taşımacılığı Karma Komisyon Toplantısı Protokolü’nün Onaylanması Hakkında Karar,https://www.resmigazete.gov.tr/eskiler/2000/07/20000731-1.pdf
2000-07-31,"2000/909 Türkiye ile Almanya Arasındaki Teknik İşbirliği Anlaşması Çerçevesinde, İki Ülke Arasında Nota Teatisi Yoluyla Akdedilen “Çevre Yönetiminde Sistem Yaklaşımının Teşviki” Konulu Projeye İlişkin Anlaşma",https://www.resmigazete.gov.tr/eskiler/2000/07/20000731-2.pdf
2000-07-31,2000/913 Türkye Cumhuriyeti ile Makedonya Cumhuriyeti Arasındaki Sosyal Güvenlik Sözleşmesinin Uygulanmasına İlişkin İdari Anlaş,https://www.resmigazete.gov.tr/eskiler/2000/07/20000731-3.pdf
2000-07-31,"Devlet Bakanı Prof. Dr. Ramazan MİRZAOĞLU’na, Devlet Bakanı Prof. Dr. Şuayip ÜŞENMEZ’in Vekâlet Etmesine Dair Tezkere",https://www.resmigazete.gov.tr/eskiler/2000/07/20000731-4.pdf
2000-07-31,2000/958 2901 Kişinin Türk Vatandaşlığından Çıkmasına İzin Verilmesi ve Türk Vatandaşlığından Çıkmalarına İzin Verilen 12 Kişiyle İlgili Bazı Maddi Hataların Düzeltilmesi Hakkında Karar,https://www.resmigazete.gov.tr/eskiler/2000/07/20000731-5.pdf
2000-07-31,Mecburi Standard: ÖSG-2000/94-95 Sayılı Tebliğ,https://www.resmigazete.gov.tr/eskiler/2000/07/20000731-6.pdf
2000-07-31,— Türk Gıda Kodeksi Baharat Tebliği (No: 2000/16),https://www.resmigazete.gov.tr/eskiler/2000/07/20000731-7.pdf
2000-07-31,— DMO Ana Statüsünün 4. ve 23. Maddeler i Gereğince Teşekkül Eden Standardizasyon Komitesi Kararı (No: 119),https://www.resmigazete.gov.tr/eskiler/2000/07/20000731-8.pdf
2000-07-31,Denizlerde ve İç Sularda Ticari Amaçlı Su Ürünleri Avcılığının Düzenleyen 2000-2000/2 Av Dönemine Ait 34/1 Sirküler,https://www.resmigazete.gov.tr/eskiler/2000/07/20000731-9.pdf
2000-07-31,— Denizlerde ve İçsularda Amatör (Sportif) Su Ürünleri Avcılığını Düzenleyen 34/2 Numaralı Sirküler,https://www.resmigazete.gov.tr/eskiler/2000/07/20000731-10.pdf
2000-08-01,- 22 Üniversite Rektörlüğü'ne Yapılan Atamalara Dair Kararlar,https://www.resmigazete.gov.tr/eskiler/2000/08/20000801.htm#1
2000-08-01,- Zorunlu Standart Tebliği (Tebliğ No : SDB.2000-4-5),https://www.resmigazete.gov.tr/eskiler/2000/08/20000801.htm#2
2000-08-01,- Özelleştirme Yüksek Kurulunun 2000/63 Sayılı Kararı,https://www.resmigazete.gov.tr/eskiler/2000/08/20000801.htm#3
2000-08-01,- Özelleştirme İdaresi Başkanlığının ÖİB-K-11 Sayılı Kararı,https://www.resmigazete.gov.tr/eskiler/2000/08/20000801.htm#4
2000-08-01,- Türkiye Cumhuriyet Merkez Bankası'nca Belirlenen Dış Krediler Kur Farkı Fonu Kapsamındaki Kredilere Uygulanacak Değişken Faiz Oranı,https://www.resmigazete.gov.tr/eskiler/2000/08/20000801.htm#5
2000-08-01,DÜZELTME: ( Tarımsal Ürünlerde İhracat İadesi Yardımlarına İlişkin Para Kredi ve Koordinasyon Kurulu Tebliğinde Değişiklik Yapılması Hakkında 2000/6 Sayılı Tebliğ ile İlgili),https://www.resmigazete.gov.tr/eskiler/2000/08/20000801.htm#6
2000-08-01,İlanları Görmek İçin Tıklayanız.,https://www.resmigazete.gov.tr/eskiler/2000/08/20000801.pdf
2000-08-02,"— Devlet Bakanı Prof. Dr. Tunca TOSKAY'a, Ulaştırma Bakanı Prof. Dr. Eniz ÖKSÜZ'ün Vekâlet Etmesine Dair Tezkere",https://www.resmigazete.gov.tr/eskiler/2000/08/20000802.htm#1
2000-08-02,— Balıkesir Üniversitesi Önlisans ve Lisans Eğitim-Öğretim ve Sınav Yönetmeliğinin Bazı Maddelerinin Değiştirilmesine Dair Yönetmelik,https://www.resmigazete.gov.tr/eskiler/2000/08/20000802.htm#2
2000-08-02,— Gazi Üniversitesi Eğitim Bilimleri Enstitüsü Lisansüstü Eğitim-Öğretim ve Sınav Yönetmeliğinin Bazı Maddelerinde Değişiklik Yapılması Hakkında Yönetmelik,https://www.resmigazete.gov.tr/eskiler/2000/08/20000802.htm#3
2000-08-02,— İşkolu Tespit Kararı (No: 2000/13),https://www.resmigazete.gov.tr/eskiler/2000/08/20000802.htm#4
2000-08-02,— İşkolu Tespit Kararı (No: 2000/14),https://www.resmigazete.gov.tr/eskiler/2000/08/20000802.htm#5
2000-08-02,— İşkolu Tespit Kararı (No: 2000/15),https://www.resmigazete.gov.tr/eskiler/2000/08/20000802.htm#6
2000-08-02,— İşkolu Tespit Kararı (No: 2000/16),https://www.resmigazete.gov.tr/eskiler/2000/08/20000802.htm#7
2000-08-02,— İşkolu Tespit Kararı (No: 2000/17),https://www.resmigazete.gov.tr/eskiler/2000/08/20000802.htm#8
2000-08-02,İlanları Görmek İçin Tıklayanız.,https://www.resmigazete.gov.tr/eskiler/2000/08/20000802.pdf
2000-08-03,- Petrol Ürünlerine Uygulanacak Akaryakıt Fiyat İstikrar Fonu Payları Hakkında Tebliğ (PİGM/AFİF 2000-37),https://www.resmigazete.gov.tr/eskiler/2000/08/20000803.htm#1
2000-08-03,Ticari Kalite Denetim Yeterlilik Belgesi Verilmesinde Uygulanacak Esaslara İlişkin Tebliğ (Dış Ticarette Standardizasyon :2000/16),https://www.resmigazete.gov.tr/eskiler/2000/08/20000803.htm#2
2000-08-03,- Yargıtay 2 nci Hukuk Dairesine Ait Bir Adet Karar,https://www.resmigazete.gov.tr/eskiler/2000/08/20000803.htm#3
2000-08-04,KHK/607 Türk Silâhlı Kuvvetleri Personel Kanununda Değişiklik Yapılmasına Dair Kanun Hükmünde Kararname,https://www.resmigazete.gov.tr/eskiler/2000/08/20000804.htm#1
2000-08-04,2000/1011 2000 Dönemi Haşhaş Kapsülü ve Tohumu Destekleme Alımı ve Satımı Hakkında Karar,https://www.resmigazete.gov.tr/eskiler/2000/08/20000804.htm#2
2000-08-04,2000/979 Radyo ve Televizyon Üst Kurulu Tarafından Teklif Edilen 12 Aday Arasından 6 Kişinin Türkiye Radyo-Televizyon Kurumu Yönetim Kurulu Üyeliklerine Atanmaları Hakkında Karar,https://www.resmigazete.gov.tr/eskiler/2000/08/20000804.htm#3
2000-08-04,— Milli Savunma Bakanlığına Ait Atama Kararı,https://www.resmigazete.gov.tr/eskiler/2000/08/20000804.htm#4
2000-08-04,— Sınır Tespitine Dair Bir Adet Karar,https://www.resmigazete.gov.tr/eskiler/2000/08/20000804.htm#5
2000-08-04,"— Mobil Telekomünikasyon Şebekelerine Ait Baz İstasyonlarının Kuruluş Yeri, Ölçümleri, İşletilmesi ve Denetlenmesi Hakkında Yönetmelik",https://www.resmigazete.gov.tr/eskiler/2000/08/20000804.htm#6
2000-08-04,— Turizm Bakanlığı Personeli Görevde Yükselme Yönetmeliğinin Bir Maddesinde Değişiklik Yapılması Hakkında Yönetmelik,https://www.resmigazete.gov.tr/eskiler/2000/08/20000804.htm#7
2000-08-04,— Atatürk Üniversitesi Sağlık Bilimleri Enstitüsü Lisansüstü Eğitim ve Öğretim Yönetmeliğinin 24 üncü Maddesinin Değiştirilmesine Dair Yönetmelik,https://www.resmigazete.gov.tr/eskiler/2000/08/20000804.htm#8
2000-08-04,— Akdeniz Üniversitesi Eğitim-Öğretim ve Sınav Yönetmeliğinin 18 inci Maddesinde Değişiklik Yapılmasına İlişkin Yönetmelik,https://www.resmigazete.gov.tr/eskiler/2000/08/20000804.htm#9
2000-08-04,— Petrol Ürünlerine Uygulanacak Akaryakıt Fiyat İstikrar Fonu Payları Hakkında Tebliğ (PİGM/AFİF 2000-38),https://www.resmigazete.gov.tr/eskiler/2000/08/20000804.htm#10
2000-08-05,"2000/1004 “Telekominikasyon Kurulu Başkan ve Üyelerinin, Ücret ve Diğer Mali Haklarının Yeniden Tespiti Hakkında Karar",https://www.resmigazete.gov.tr/eskiler/2000/08/20000805.htm#1
2000-08-05,2000/1005 Bankacılık Düzenleme ve Denetleme Kurumu Personelinin Ücret ve Diğer Mali Haklarının Yeniden Tespiti Hakkında Karar,https://www.resmigazete.gov.tr/eskiler/2000/08/20000805.htm#2
2000-08-05,"2000/1006 Telekomünikasyon Kurumu Kadrolarında Çalıştırılacakların Unvan, Sayı ve Nitelikleri, Hizmet Sözleşmesi ve Sözleşme Usul ve Esasları Hakkında Karar",https://www.resmigazete.gov.tr/eskiler/2000/08/20000805.htm#3
2000-08-05,"2000/1007 Bankacılık Düzenleme ve Denetleme Kurulu Başkanı, İkinci Başkan ve Üyelerinin Aylık Ücretlerinin Tespit Edilmesi Hakkında Karar",https://www.resmigazete.gov.tr/eskiler/2000/08/20000805.htm#4
2000-08-05,— Türk Parası Kıymetini Koruma Hakkında 32 Sayılı Karar ile Başbakanlık Hazine ve Dış Ticaret Müsteşarlığının 91-32/5 Sayılı Tebliğine İlişkin Türkiye Cumhuriyet Merkez Bankası Genelgesi,https://www.resmigazete.gov.tr/eskiler/2000/08/20000805.htm#5
2000-08-05,— Gelirler Vergisi Genel Tebliği (Seri No: 236),https://www.resmigazete.gov.tr/eskiler/2000/08/20000805.htm#6
2000-08-05,— Yurt Dışında Fuar Düzenlenmesine ve Değerlendirilmesine İlişkin Tebliğ,https://www.resmigazete.gov.tr/eskiler/2000/08/20000805.htm#7
2000-08-06,2000/987 225 Kişinin Türk Vatandaşlığına Alınması ve Çeşitli Kararnamelerle Türk Vatandaşlığına Alınan Bazı Kişiler Hakkındaki Hükümlerin İptali ile Emine HACIOĞLU’nun Soyadının “HOCAOĞLU” Olarak Düzeltilmesi Hakkında Karar,https://www.resmigazete.gov.tr/eskiler/2000/08/20000806.htm#1
2000-08-06,2000/975 Başbakanlık Yüksek Denetleme Kurulu Üyeliğine Ramazan ULUDAĞ’ın Atanmasına Dair Karar,https://www.resmigazete.gov.tr/eskiler/2000/08/20000806.htm#4
2000-08-06,— Halkın Sağlık Eğitimi Yönetmeliği,https://www.resmigazete.gov.tr/eskiler/2000/08/20000806.htm#2
2000-08-06,"— Mülki İdare Amirleri Atama, Değerlendirme ve Yerdeğiştirme Yönetmeliğinin İlçeSınıflarını Düzenleyen (Ek: I ve II) Sayılı Cetvellerde Değişiklik Yapılması Hakkında Tebliğ (No : 2000/2)",https://www.resmigazete.gov.tr/eskiler/2000/08/20000806.htm#3
2000-08-07,— Milli Savunma Bakanlığına Devlet Bakanı Prof. Dr. Abdul Haluk Mehmet ÇAY’ın Vekâlet Etmesine Dair Tezkere,https://www.resmigazete.gov.tr/eskiler/2000/08/20000807.htm#1
2000-08-07,2000/964 Orman Ürünlerinin Tahsisli Satışları Hakkında Esaslarda Değişik lik Yapılmasına Dair Esaslar Hakkında Karar,https://www.resmigazete.gov.tr/eskiler/2000/08/20000807.htm#2
2000-08-07,2000/993 Bazı Fakülte ve Yüksekokulların Kurulması Hakkında Karar,https://www.resmigazete.gov.tr/eskiler/2000/08/20000807.htm#3
2000-08-07,— Çankaya Üniversitesi Meslek Yüksekokulu Eğitim-Öğretim Süresiyle Sınav ve Değerlendirme Esaslarına İlişkin Yönetmeliğin 19 uncu Maddesinin Değiştirilmesine Dair Yönetmelik,https://www.resmigazete.gov.tr/eskiler/2000/08/20000807.htm#4
2000-08-07,— Çankaya Üniversitesi Lisans Eğitim-Öğretim Süresiyle Sınav ve Değerlendirme Esaslarına İlişkin Yönetmeliğin 18 inci Maddesinin Değiştirilmesine Dair Yönetmelik,https://www.resmigazete.gov.tr/eskiler/2000/08/20000807.htm#5
2000-08-07,— Çankaya Üniversitesi Lisanüstü Eğitim-Öğretim Yönetmeliğinin 32 ve 38 inci Maddelerinin Değiştirilmesine Dair Yönetmelik,https://www.resmigazete.gov.tr/eskiler/2000/08/20000807.htm#6
2000-08-07,— Çankaya Üniversitesi Yaz Öğretimi Yönetmeliğinin 10 uncu Maddesinin Değiştirilmesine Dair Yönetmelik,https://www.resmigazete.gov.tr/eskiler/2000/08/20000807.htm#7
2000-08-07,— Dokuz Eylül Üniversitesi Yabancı Diller Yüksekokulu Hazırlık Öğretimi Yönetmeliğinin Bir Maddesinin Değiştirilmesi Hakkında Yönetmelik,https://www.resmigazete.gov.tr/eskiler/2000/08/20000807.htm#8
2000-08-07,— Giresun Valiliği Mahalli Çevre Kurulu Kararı (N0: 2000/07),https://www.resmigazete.gov.tr/eskiler/2000/08/20000807.htm#9
2000-08-08,2000/9 88 Türkiye Cumhuriyeti ile Slovenya Cumhuriyeti Arasında Serbest Ticaret Anlaşması’nın Eki “Menşeli Ürünler” Kavramının Tanımı ve İdari İşbirliği Yöntemleri Hakkında Protokol 3’ün Değiştiril mesine Dair Ek Protokol ile Buna İlişkin Nota ve Mektubun Onaylanması Hakkında Karar,https://www.resmigazete.gov.tr/eskiler/2000/08/20000808.htm#1
2000-08-08,2000/1009 İthalat Rejimi Kararına Ek Karar,https://www.resmigazete.gov.tr/eskiler/2000/08/20000808.htm#2
2000-08-08,— Devlet Bakanlığı ile Milli Savunma Bakanlıklarına Ait 3 Adet Atama Kararı,https://www.resmigazete.gov.tr/eskiler/2000/08/20000808.htm#3
2000-08-08,— İstanbul Menkul Kıymetler Borsası Hisse Senetleri Piyasası Yönetmeli ğinde Değişiklik Yapılmasına Dair Yönetmelik,https://www.resmigazete.gov.tr/eskiler/2000/08/20000808.htm#4
2000-08-08,— İstanbul Menkul Kıymetler Borsası Tahvil ve Bono Piyasası Yönetmeli ğinde Değişiklik Yapılmasına Dair Yönetmelik,https://www.resmigazete.gov.tr/eskiler/2000/08/20000808.htm#5
2000-08-08,— Dış Ticarette Standardizasyon Tebliğinde Değişiklik Yapılması Hakkında Tebliğ (No: 2000/17),https://www.resmigazete.gov.tr/eskiler/2000/08/20000808.htm#6
2000-08-08,— Dış Ticarette Standardizasyon Tebliğinde Değişiklik Yapılması Hakkında Tebliğ (No: 2000/18,https://www.resmigazete.gov.tr/eskiler/2000/08/20000808.htm#7
2000-08-08,DÜZELTME (2000/1004 Sayılı Bakanlar Kurulu Kararı Eki Karar ile İlgili),https://www.resmigazete.gov.tr/eskiler/2000/08/20000808.htm#8
2000-08-08,DÜZELTME (Milli Eğitim Bakanlığı Personeli Görevde Yükselme Yönetmeliği ile İlgili),https://www.resmigazete.gov.tr/eskiler/2000/08/20000808.htm#9
2000-08-09,2000/986 Türkiye Cumhuriyeti Sağlık Bakanlığı ile Dünya Sağlık Örgütü Avrupa Bölge Ofisi Arasında Orta Dönem İşbirliği Programı’nın Onaylanması Hakkında Karar,https://www.resmigazete.gov.tr/eskiler/2000/08/20000809.htm#1
2000-08-09,"— Ulaştırma Bakanlığına, Devlet Bakanı Prof. Dr. Tunca TOSKAY’ın Vekâlet Etmesine DairTezkere",https://www.resmigazete.gov.tr/eskiler/2000/08/20000809.htm#2
2000-08-09,2000/1014 3096 Sayılı Kanuna Tabi Yukarı Akçay Hidroelektrik Santralı Projesine 3996 Sayılı Kanunun 4493 Sayılı Kanun ile Değişik 5 inci Maddesi Hükmünün Uygulanması Hakkında Karar,https://www.resmigazete.gov.tr/eskiler/2000/08/20000809.htm#3
2000-08-09,2000/1015 3096 Sayılı Kanuna Tabi Akköy II Hidroelektrik Santralı Projesine 3996 Sayılı Kanunun 4493 Sayılı Kanun ile Değişik 5 inci Maddesi Hükmünün Uygulanması Hakkında Karar,https://www.resmigazete.gov.tr/eskiler/2000/08/20000809.htm#4
2000-08-09,2000/1016 3096 Sayılı Kanuna Tabi 11 No.lu Görev Bölgesi İHDProjesine 3996 Sayılı Kanunun 4493 Sayılı Kanun ile Değişik 5 inci Maddesi Hükmünün Uygulanması Hakkında Karar,https://www.resmigazete.gov.tr/eskiler/2000/08/20000809.htm#5
2000-08-09,2000/1017 3096 Sayılı Kanuna Tabi 12 No.lu Görev Bölgesi İHDProjesine 3996 Sayılı Kanunun 4493 Sayılı Kanun ile Değişik 5 inci Maddesi Hükmünün Uygulanması Hakkında Karar,https://www.resmigazete.gov.tr/eskiler/2000/08/20000809.htm#6
2000-08-09,2000/1018 3096 Sayılı Kanuna Tabi 18 No.lu Görev Bölgesi İHDProjesine 3996 Sayılı Kanunun 4493 Sayılı Kanun ile Değişik 5 inci Maddesi Hükmünün Uygulanması Hakkında Karar,https://www.resmigazete.gov.tr/eskiler/2000/08/20000809.htm#7
2000-08-09,2000/1019 3096 Sayılı Kanuna Tabi 29 No.lu Görev Bölgesi İHDProjesine 3996 Sayılı Kanunun 4493 Sayılı Kanun ile Değişik 5 inci Maddesi Hükmünün Uygulanması Hakkında Karar,https://www.resmigazete.gov.tr/eskiler/2000/08/20000809.htm#8
2000-08-09,2000/1020 3096 Sayılı Kanuna Tabi Arıt Hidroelektrik Santralı Projesine 3996 Sayılı Kanunun 4493 Sayılı Kanun ile Değişik 5 inci Maddesi Hükmünün Uygulanması Hakkında Karar,https://www.resmigazete.gov.tr/eskiler/2000/08/20000809.htm#9
2000-08-09,2000/1021 3096 Sayılı Kanuna Tabi Soma-A ve B Termik Santralları İHDProjesine 3996 Sayılı Kanunun 4493 Sayılı Kanun ile Değişik 5 inci Maddesi Hükmünün Uygulanması Hakkında Karar,https://www.resmigazete.gov.tr/eskiler/2000/08/20000809.htm#10
2000-08-09,2000/1022 3096 Sayılı Kanuna Tabi Yatağan Termik Santralı ve Muğla GELİ-Linyitleri Güney Ege İşletmesi Maden Sahası İHDProjesine 3996 Sayılı Kanunun 4493 Sayılı Kanun ile Değişik 5 inci Maddesi Hükmünün Uygulanması Hakkında Karar,https://www.resmigazete.gov.tr/eskiler/2000/08/20000809.htm#11
2000-08-09,2000/1023 3096 Sayılı Kanuna Tabi Muğla Yeniköy Termik Santralı ve Muğla Kemerköy Termik Santralı ile Muğla YLİ-Yeniköy İşletmeleri (Sekköy-İkizköy-Hüsamlar Maden Sahası) İHDProjesine 3996 Sayılı Kanunun 4493 Sayılı Kanun ile Değişik 5 inci Maddesi Hükmünün Uygulanması Hakkında Karar,https://www.resmigazete.gov.tr/eskiler/2000/08/20000809.htm#12
2000-08-09,2000/1024 3096 Sayılı Kanuna Tabi Kangal Termik Santralı İHD Projesine 3996 Sayılı Kanunun 4493 Sayılı Kanun ile Değişik 5 inci Maddesi Hükmünün Uygulanması Hakkında Karar,https://www.resmigazete.gov.tr/eskiler/2000/08/20000809.htm#13
2000-08-09,2000/1025 3096 Sayılı Kanuna Tabi 19 No.lu Görev Bölgesi İHDProjesine 3996 Sayılı Kanunun 4493 Sayılı Kanun ile Değişik 5 inci Maddesi Hükmünün Uygulanması Hakkında Karar,https://www.resmigazete.gov.tr/eskiler/2000/08/20000809.htm#14
2000-08-09,"— Dış Ticarette Standardizasyon Denetmenlerinin Sınav, Görev, Yetki, Sorumluluk, Çalışma, Atama ve Yer Değiştirmeleri Usulüne İlişkin Yönetmelik",https://www.resmigazete.gov.tr/eskiler/2000/08/20000809.htm#15
2000-08-09,— Diş Protez Laboratuvarları Yönetmeliği,https://www.resmigazete.gov.tr/eskiler/2000/08/20000809.htm#16
2000-08-09,Enerji ve Tabii Kaynaklar Bakanlığı Personel Atama ve Görevde Yükselme Yönetmeliğinde Değişiklik Yapılmasına Dair Yönetmelik,https://www.resmigazete.gov.tr/eskiler/2000/08/20000809.htm#17
2000-08-09,— İhracat ve Yatırımlarda Damga Vergisi ve Harç İstisnası Uygulaması Hakkında Tebliğ (Seri No : 5),https://www.resmigazete.gov.tr/eskiler/2000/08/20000809.htm#18
2000-08-09,— Motorlu Taşıtların Asimetrik Uzun Huzme ve/veya Kısa Huzme Yayan ve R2 ve/veya HS1 Kategorilerindeki Filaman Lambaları İle Donatılmış Farlarının Onayı İle İlgili Teknik Düzenlemeye (R-1) İlişkin Tebliğ (No: SGM- 2000/64),https://www.resmigazete.gov.tr/eskiler/2000/08/20000809.htm#19
2000-08-09,— Motorlu Taşıtların Avrupa Tip Asimetrik Uzun Huzme veya Kısa Huzme veya Her İkisini Yayan (SB) Atom Farlarının Onayı İle İlgili Teknik Düzenlemeye (R-5) İlişkin Tebliğ (No: SGM- 2000/65),https://www.resmigazete.gov.tr/eskiler/2000/08/20000809.htm#20
2000-08-09,— Özelleştirme Yüksek Kurulunun 2000/65 Sayılı Kararı,https://www.resmigazete.gov.tr/eskiler/2000/08/20000809.htm#21
2000-08-09,— Hatay Valiliği İl Hıfzıssıhha Kurulu Kararı (No : 8),https://www.resmigazete.gov.tr/eskiler/2000/08/20000809.htm#22
2000-08-10,— Hükümlü Ömer AKTAŞ’ın Cezasının Kaldırılması Hakkında Karar,https://www.resmigazete.gov.tr/eskiler/2000/08/20000810.htm#1
2000-08-10,"— Başbakanlık, Devlet, Milli Savunma, Dışişleri, Maliye, Milli Eğitim, Bayındırlık ve İskan, Sağlık, Çalışma ve SosyalGüvenlik, Turizm ile Orman Bakanlıklarına Ait 15 Adet Atama Kararı",https://www.resmigazete.gov.tr/eskiler/2000/08/20000810.htm#2
2000-08-10,— Sınır Tespitine Dair1 Adet Karar,https://www.resmigazete.gov.tr/eskiler/2000/08/20000810.htm#3
2000-08-10,— Aydınlatma ve Işıklı Sinyal Cihazlarının Motorlu Araçlara ve Römorklarına Yerleştirilmesi ile İlgili Tip Onayı Yönetmeliği (76/756/AT),https://www.resmigazete.gov.tr/eskiler/2000/08/20000810.htm#4
2000-08-10,"— Osmangazi Üniversitesi Önlisans, Lisans Öğretim ve Sınav Yönetmeliği’nin 16 ve 17 nci Maddelerinin Değiştirilmesine Dair Yönetmelik",https://www.resmigazete.gov.tr/eskiler/2000/08/20000810.htm#5
2000-08-10,"— Os mangazi Üniversitesi Lisansüstü Eğitim, Öğretim ve Sınav Yönetmeliği’nin 25 inci Maddesinde DeğişiklikYapılmasına Dair Yönetmelik",https://www.resmigazete.gov.tr/eskiler/2000/08/20000810.htm#6
2000-08-11,"— Başbakanlık, Devlet Bakanlığı ile Bayındırlık ve İskan Bakanlığına Ait 3 Adet Atama Kararı",https://www.resmigazete.gov.tr/eskiler/2000/08/20000811.htm#1
2000-08-11,— Türk Standardları Enstitüsü Teftiş Kurulu Yönetmeliği,https://www.resmigazete.gov.tr/eskiler/2000/08/20000811.htm#2
2000-08-11,— Ufuk Üniversitesi Döner Sermaye İşletmesi Yönetmeliği,https://www.resmigazete.gov.tr/eskiler/2000/08/20000811.htm#3
2000-08-11,2000 Yılı SSK İlaç Listesi ve Uygulama Talimatında Değişiklik Yapılmasına Dair Talimat (Seri No : 2000/2),https://www.resmigazete.gov.tr/eskiler/2000/08/20000811.htm#4
2000-08-12,— Tababet Uzmanlık Yönetmeliğinin Bazı Maddelerinde Değişiklik Yapılmasına Dair Yönetmelik,https://www.resmigazete.gov.tr/eskiler/2000/08/20000812.htm#1
2000-08-12,— Kırıkkale Üniversitesi Döner Sermaye İşletmesi Yönetmeliği,https://www.resmigazete.gov.tr/eskiler/2000/08/20000812.htm#2
2000-08-13,— Özelleştirme İdaresi Başkanlığı Personel Atama ve Görevde Yükselme Yönetmeliği,https://www.resmigazete.gov.tr/eskiler/2000/08/20000813.htm#1
2000-08-13,— Atılım Üniversitesi Öğrenci Kayıt-Kabul Önlisans ve Lisans Eğitim-Öğretim Sınav Yönetmeliği,https://www.resmigazete.gov.tr/eskiler/2000/08/20000813.htm#2
2000-08-13,— Bilecik İli Sınırları Dahilinde Çözücü ve Yapıştırıcı Nitelik Taşıyan Uçucu Maddelerin18 Yaşından Küçüklere Satışının Yasaklanmasına Dair Karar,https://www.resmigazete.gov.tr/eskiler/2000/08/20000813.htm#3
2000-08-14,"— Devlet Bakanı Prof. Dr. Ramazan MİRZAOĞLU’na, Tarım ve Köyişleri Bakanı Prof. Dr. Hüsnü Yusuf GÖKALP’in Vekâlet Etmesine Dair Tezkere",https://www.resmigazete.gov.tr/eskiler/2000/08/20000814-1.pdf
2000-08-14,2000/962 2893 Kişinin Türk Vatandaşlığından Çıkmasına İzinVerilmesi Hakkında Karar,https://www.resmigazete.gov.tr/eskiler/2000/08/20000814-2.pdf
2000-08-14,— BalıkesirÜniversitesi Lisansüstü Eğitim ve ÖğretimYönetmeliği,https://www.resmigazete.gov.tr/eskiler/2000/08/20000814-3.pdf
2000-08-14,— Galatasaray Üniversitesi HukukFakültesi Lisans Öğretim ve Sınav Yönetmeliği’nin Bazı Maddelerinde DeğişiklikYapılmasına Dair Yönetmelik,https://www.resmigazete.gov.tr/eskiler/2000/08/20000814-4.pdf
2000-08-14,— Süleyman DemirelÜniversitesi Lisansüstü Eğitim ve Öğretim Yönetmeliği’nin Bazı Maddelerinin Değiştirilmesine Dair Yönetmelik,https://www.resmigazete.gov.tr/eskiler/2000/08/20000814-5.pdf
2000-08-14,— Motorlu AraçlarınÖn Sis Lambaları İle İlgili Tip Onayı Yönetmeliği (76/762/AT),https://www.resmigazete.gov.tr/eskiler/2000/08/20000814-6.pdf
2000-08-14,— Mecburi Standard: ÖSG-2000/95-96 Sayılı Tebliğ,https://www.resmigazete.gov.tr/eskiler/2000/08/20000814-7.pdf
2000-08-14,— Mecburi Standard: ÖSG-2000/96-97 Sayılı Tebliğ,https://www.resmigazete.gov.tr/eskiler/2000/08/20000814-8.pdf
2000-08-14,— Mecburi Standard: ÖSG-2000/97-98 Sayılı Tebliğ,https://www.resmigazete.gov.tr/eskiler/2000/08/20000814-9.pdf
2000-08-14,— 2000 Yılı TemmuzAyına Ait Yatırım Teşvik Belgelerinin Sektörel Dağılımı Hakkında Tebliğ,https://www.resmigazete.gov.tr/eskiler/2000/08/20000814-10.pdf
2000-08-14,— 2000 Yılı Temmuz Ayına Ait Yabancı Sermayeli Yatırım Teşvik Belgelerinin Sektörel Dağılımı Hakkında Tebliğ,https://www.resmigazete.gov.tr/eskiler/2000/08/20000814-11.pdf
2000-08-15,"- Ulaştırma Bakanlığına, Devlet Bakanı Prof. Dr. Tunca TOSKAY'ın Vekâlet Etmesine Dair Tezkere",https://www.resmigazete.gov.tr/eskiler/2000/08/20000815.htm#1
2000-08-15,"- Tütün, Tütün Mamulleri, Alkol ve Alkollü İçkilerin Toptan Satışı Hakkında Yönetmelikte Değişiklik Yapılmasına Dair Yönetmelik",https://www.resmigazete.gov.tr/eskiler/2000/08/20000815.htm#2
2000-08-15,- Adli Tıp Kurumu Görevde Yükselme Yönetmeliği,https://www.resmigazete.gov.tr/eskiler/2000/08/20000815.htm#3
2000-08-15,- Motorlu Araçlar ve Römorklarına Ait Geri Vites Lambaları İle İlgili Tip Onayı Yönetmeliği (77/539/AT),https://www.resmigazete.gov.tr/eskiler/2000/08/20000815.htm#4
2000-08-15,- Türk Gıda Kodeksi Yemekler Tuz Tebliğinde Değişiklik Yapılması Hakkında Tebliğ (No: 2000/29),https://www.resmigazete.gov.tr/eskiler/2000/08/20000815.htm#5
2000-08-15,- Gümrük Genel Tebliği (Tarife) (Seri No: 1),https://www.resmigazete.gov.tr/eskiler/2000/08/20000815.htm#6
2000-08-15,- Uluslararası Gözetim Şirketleri Statüsüne İlişkin Karar (Dış Ticarette Standardizasyon: 2000/6),https://www.resmigazete.gov.tr/eskiler/2000/08/20000815.htm#7
2000-08-15,- Dış Ticaret Sermaye Şirketlerine İlişkin Karar,https://www.resmigazete.gov.tr/eskiler/2000/08/20000815.htm#8
2000-08-16,- Sanayi ve Ticaret Bakanlığı ile Enerji ve Tabii Kaynaklar Bakanlığına Ait Beş Adet Atama Kararı,https://www.resmigazete.gov.tr/eskiler/2000/08/20000816.htm#1
2000-08-16,- Sınır Tespitine Dair İki Adet Karar,https://www.resmigazete.gov.tr/eskiler/2000/08/20000816.htm#2
2000-08-16,- Tekerlekli Tarım veya Orman Traktörlerinin Devrilmeye Karşı Koruma Çerçevesi İle İlgili Tip Onayı Yönetmeliği (77/536/AT),https://www.resmigazete.gov.tr/eskiler/2000/08/20000816.htm#3
2000-08-16,- Selçuk Üniversitesi Öğretim ve Sınav Yönetmeliğinin Bazı Maddelerinde Değişiklik Yapılmasına Dair Yönetmelik,https://www.resmigazete.gov.tr/eskiler/2000/08/20000816.htm#4
2000-08-16,"- Türk Gıda Kodeksi Devam Mamaları, Devam Formülleri Tebliği (No: 2000/30)",https://www.resmigazete.gov.tr/eskiler/2000/08/20000816.htm#5
2000-08-16,- İşkolu Tespit Kararı (No: 2000/18),https://www.resmigazete.gov.tr/eskiler/2000/08/20000816.htm#6
2000-08-17,"2000/1038 Tabii Afet Nedeniyle Hayatını Kaybeden, Sakat Kalan ve Fiilen Oturduğu Konutları veya Kullandıkları İş Yerleri Hasar Görenlere Yapılacak Yardımlara Dair Kararda Değişiklik Yapılmasına İlişkin Karar",https://www.resmigazete.gov.tr/eskiler/2000/08/20000817.htm#1
2000-08-17,2000/1041 Petrol Ürünlerinden Alınan Akaryakıt Tüketim Vergisi Miktarlarının Tespitine İlişkin Karar,https://www.resmigazete.gov.tr/eskiler/2000/08/20000817.htm#2
2000-08-17,Başbakanlığa Ait 1 Adet Atama Kararı,https://www.resmigazete.gov.tr/eskiler/2000/08/20000817.htm#3
2000-08-17,2000/1037 İlk Defa Devlet Kamu Hizmeti ve Görevlerine Devlet Memuru Olarak Atanacaklar İçin Mecburi Yeterlik ve Yarışma Sınavları Genel Yönetmeliğinde Değişiklik Yapılmasına Dair Yönetmelik,https://www.resmigazete.gov.tr/eskiler/2000/08/20000817.htm#4
2000-08-17,— Millî Eğitim Bakanlığı Taşımalı İlköğretim Yönetmeliği’nde Değişiklik Yapılmasına Dair Yönetmelik,https://www.resmigazete.gov.tr/eskiler/2000/08/20000817.htm#5
2000-08-17,"— Araçların İmal, Tadil ve Montajı Hakkında Yönetmelikte Değişiklik Yapılmasına Dair Yönetmelik",https://www.resmigazete.gov.tr/eskiler/2000/08/20000817.htm#6
2000-08-17,— Tekerlekli Tarım veya Orman Traktörlerinin Devrilmeye Karşı Koruma Çerçevesi ile İlgili Tip Onayı Yönetmeliği (79/622/AT) (Statik Deney),https://www.resmigazete.gov.tr/eskiler/2000/08/20000817.htm#7
2000-08-17,— Muhasebat Genel Müdürlüğü Genel Tebliği (Sıra No: 575),https://www.resmigazete.gov.tr/eskiler/2000/08/20000817.htm#8
2000-08-17,— Petrol Ürünlerine Uygulanacak Akaryakıt Fiyat İstikrar Fonu Payları Hakkında Tebliğ (PİGM/AFİF 2000-39),https://www.resmigazete.gov.tr/eskiler/2000/08/20000817.htm#9
2000-08-17,— Petrol Ürünlerine Uygulanacak Akaryakıt Fiyat İstikrar Fonu Payları Hakkında Tebliğ (PİGM/AFİF 2000-40),https://www.resmigazete.gov.tr/eskiler/2000/08/20000817.htm#10
2000-08-18,"- Devlet Bakanı ve Başbakan Yardımcısı Mesut YILMAZ'a, Enerji ve Tabii Kaynaklar Bakanı M.Cumhur ERSÜMER'in Vekalet Etmesine Dair Tezkere",https://www.resmigazete.gov.tr/eskiler/2000/08/20000818.htm#1
2000-08-18,"- Turizm Bakanlığına, Devlet Bakanı Kazım YÜCELEN'in Vekalet Etmesine Dair Tezkere",https://www.resmigazete.gov.tr/eskiler/2000/08/20000818.htm#2
2000-08-18,2000/1002 Bazı Mahalli İdare Birliklerinin Kurulmasına İzin Verilmesi Hakkında Karar,https://www.resmigazete.gov.tr/eskiler/2000/08/20000818.htm#3
2000-08-18,- Subay Sicil Yönetmeliğinin Bazı Maddelerinde Değişiklik Yapılmasına Dair Yönetmelik,https://www.resmigazete.gov.tr/eskiler/2000/08/20000818.htm#4
2000-08-18,- Astsubay Sicil Yönetmeliğinin Bazı Maddelerinde Değişiklik Yapılmasına Dair Yönetmelik,https://www.resmigazete.gov.tr/eskiler/2000/08/20000818.htm#5
2000-08-18,- Emniyet Teşkilatında Görevli Memurların Nitelikleri ve Atanma Usulleri ile Görevde Yükselme Esaslarına Dair Yönetmeliğe Bir Bent Eklenmesine Dair Yönetmelik,https://www.resmigazete.gov.tr/eskiler/2000/08/20000818.htm#6
2000-08-18,- İstanbul Üniversitesi İktisat Fakültesi Lisans Öğretim ve Sınav Yönetmeliğinin Bazı Maddelerinde Değişiklik Yapılmasına Dair Yönetmelik,https://www.resmigazete.gov.tr/eskiler/2000/08/20000818.htm#7
2000-08-18,- Turizm Tesisleri Yönetmeliğinin Uygulanmasına Dair 2000/1 No'lu Tebliğ,https://www.resmigazete.gov.tr/eskiler/2000/08/20000818.htm#8
2000-08-18,- Gümrük Genel Tebliğinde Değişiklik Yapılmasına Dair Tebliğ (Muafiyetler) (Seri No: 7),https://www.resmigazete.gov.tr/eskiler/2000/08/20000818.htm#9
2000-08-18,- 1 Seri No'lu Hariçte İşleme ve Geri Gelen Eşya Gümrük Genel Tebliğinde Değişiklik Yapılmasına Dair Tebliğ,https://www.resmigazete.gov.tr/eskiler/2000/08/20000818.htm#10
2000-08-18,- Hatay İli Sınırları Dahilinde Orman Yangınlarının Önlenmesi Amacıyla Alınması Gereken Tedbirler Hakkında Karar (No: 2000/1),https://www.resmigazete.gov.tr/eskiler/2000/08/20000818.htm#11
2000-08-18,- Yozgat Valiliği Mahalli Çevre Kurulu Kararı (No: 3),https://www.resmigazete.gov.tr/eskiler/2000/08/20000818.htm#12
2000-08-19,"- Bayındırlık ve İskan Bakanlığına, Tarım ve Köyişleri Bakanı Prof. Dr. Hüsnü Yusuf GÖKALP'in Vekalet Etmesine Dair Tezkere",https://www.resmigazete.gov.tr/eskiler/2000/08/20000819.htm#1
2000-08-19,"- Devlet Bakanı ve Başbakan Yardımcılığı, Devlet, İçişleri, Maliye, Milli Eğitim, Ulaştırma, Tarım ve Köyişleri, Çalışma ve Sosyal Güvenlik, Enerji ve Tabii Kaynaklar, Kültür, Turizm ve Çevre Bakanlıklarına Ait 25 Adet Atama Kararı",https://www.resmigazete.gov.tr/eskiler/2000/08/20000819.htm#2
2000-08-19,Devlet Personel Başkanlığı Atama ve Görevde Yükselme Yönetmeliğinde Değişiklik Yapılması Hakkında Yönetmelik,https://www.resmigazete.gov.tr/eskiler/2000/08/20000819.htm#3
2000-08-19,- İkrazatçılık Faaliyetleri Hakkında Yönetmelikte Değişiklik Yapılmasına Dair Yönetmelik,https://www.resmigazete.gov.tr/eskiler/2000/08/20000819.htm#4
2000-08-19,- Makina ve Kimya Endüstrisi Kurumu Hurda Sanayi İşletmeleri ve Ticaret A.Ş. Satın Alma ve İhale Yönetmeliği,https://www.resmigazete.gov.tr/eskiler/2000/08/20000819.htm#5
2000-08-19,Rekabet Kurulunun 99-21/171-90 sayılı Kararı,https://www.resmigazete.gov.tr/eskiler/2000/08/20000819.htm#6
2000-08-19,- Rekabet Kurulunun 99-24/444-278 sayılı Kararı,https://www.resmigazete.gov.tr/eskiler/2000/08/20000819.htm#7
2000-08-19,- Rekabet Kurulunun 99-56/599-381 sayılı Kararı,https://www.resmigazete.gov.tr/eskiler/2000/08/20000819.htm#8
2000-08-19,"- İstanbul Valiliğinin, Sokakta Yaşayan veya Sokakta Çalıştırılan Çocukların Korunması Suretiyle Kamu Esenliğinin Sağlanması ile İlgili Güvenlik Kararı (No: 2000/1)",https://www.resmigazete.gov.tr/eskiler/2000/08/20000819.htm#9
2000-08-20,2000/1028 Bazı Dışişleri Bakanlığı Mensuplarının Çeşitli Görevlere Atanmaları Hakkında Karar,https://www.resmigazete.gov.tr/eskiler/2000/08/20000820.htm#5
2000-08-20,"- Ordu evleri, Askeri Gazinolar ve Sosyal Tesisler Yönetmeliği",https://www.resmigazete.gov.tr/eskiler/2000/08/20000820.htm#1
2000-08-20,Rekabet Kurulunun 00-6/53-25 sayılı Kararı,https://www.resmigazete.gov.tr/eskiler/2000/08/20000820.htm#2
2000-08-20,- Rekabet Kurulunun 00-7/62-29 sayılı Kararı,https://www.resmigazete.gov.tr/eskiler/2000/08/20000820.htm#3
2000-08-20,- Aksaray Valiliği Mahalli Çevre Kurulu Kararı (No: 2000/3),https://www.resmigazete.gov.tr/eskiler/2000/08/20000820.htm#4
2000-08-21,"- Devlet Bakanı ve Başbakan Yardımcısı Mesut YILMAZ'a, Enerji ve Tabii Kaynaklar Bakanı M. Cumhur ERSÜMER'in Vekâlet Etmesine Dair Tezkere",https://www.resmigazete.gov.tr/eskiler/2000/08/20000821.htm#9
2000-08-21,- Motorlu Araçların ve Römorklarının Arka Sis Lambaları ile İlgili Tip Onayı Yönetmeliği (77/538/AT),https://www.resmigazete.gov.tr/eskiler/2000/08/20000821.htm#1
2000-08-21,- Hacettepe Üniversitesi Gençlik Araştırmaları ve Uygulama Merkezi Yönetmeliğinin Bazı Maddelerinin Değiştirilmesi Hakkında Yönetmelik,https://www.resmigazete.gov.tr/eskiler/2000/08/20000821.htm#2
2000-08-21,"- Sakarya Üniversitesi Fakülteler, Yüksekokullar ve Devlet Konservatuvarı Lisans Öğretim ve Sınav Yönetmeliğinde Değişiklik Yapılması Hakkında Yönetmelik",https://www.resmigazete.gov.tr/eskiler/2000/08/20000821.htm#3
2000-08-21,- Sakarya Üniversitesi Meslek Yüksekokulları Önlisans Öğretim ve Sınav Yönetmeliğinde Değişiklik Yapılması Hakkında Yönetmelik,https://www.resmigazete.gov.tr/eskiler/2000/08/20000821.htm#4
2000-08-21,- Yapı Kooperatiflerinin Düzenleyecekleri Denetim Formlarına İlişkin Tebliğ (Teşkilatlandırma Genel Müdürlüğü) (No: 2000/1),https://www.resmigazete.gov.tr/eskiler/2000/08/20000821.htm#5
2000-08-21,- Gemi Acenteliği Hizmetleri Ücret Tarifesi Tebliğde Değişiklik Yapılmasına Dair Tebliğ (İç Ticaret: 2000/1),https://www.resmigazete.gov.tr/eskiler/2000/08/20000821.htm#6
2000-08-21,"- 1997/1 sayılı Rekabet Kurulundan İzin Alınması Gereken Birleşme ve Devralmalar Hakkında Tebliğde ve 1997/2 sayılı Anlaşmaların, Uyumlu Eylemler ve Teşebbüs Birliği Kararlarının Kanunun 10 uncu Maddesine Göre Bildiriminin Usul ve Esasları Hakkında Rekabet Kurulu Tebliğinde Değişiklik Yapılmasına İlişkin Tebliğ",https://www.resmigazete.gov.tr/eskiler/2000/08/20000821.htm#7
2000-08-21,- İstanbul Valiliği Mahalli Çevre Kurulu Kararı (No: 7),https://www.resmigazete.gov.tr/eskiler/2000/08/20000821.htm#8
2000-08-22,- Galatasaray Üniversitesi İşletme Yönetimi Araştırma ve Uygulama Merkezi Yönetmeliği,https://www.resmigazete.gov.tr/eskiler/2000/08/20000822.htm#1
2000-08-22,"- İstanbul Teknik Üniversitesi Diploma, Diploma Defteri, Mezuniyet Belgesi ile Diğer Belgelerin Düzenlenmesine İlişkin Yönetmeliğin 2 nci Maddesinin Değiştirilmesi Hakkında Yönetmelik",https://www.resmigazete.gov.tr/eskiler/2000/08/20000822.htm#2
2000-08-22,- Proje ve Kontrolluk İşlerinde Uygulanacak Fiyat Artış Oranları Hakkında Tebliğ,https://www.resmigazete.gov.tr/eskiler/2000/08/20000822.htm#3
2000-08-22,- Marka Tescil Başvurularına Ait Mal ve Hizmetlerin Sınıflandırılmasına İlişkin Tebliğ (BİK/TPE: 2000/2),https://www.resmigazete.gov.tr/eskiler/2000/08/20000822.htm#4
2000-08-23,KHK/609 İçişleri Bakanlığı Teşkilat ve Görevleri Hakkında Kanunda Değişiklik Yapılmasına Dair Kanun Hükmünde Kararname,https://www.resmigazete.gov.tr/eskiler/2000/08/20000823.htm#1
2000-08-23,"2000/1056 Türkiye’de İrtibat Ofisinin Kurulmasına İlişkin Dünya Sağlık Örgütü, Avrupa Bölge Ofisi ve Türkiye Cumhuriyeti Hükümeti Arasında Yapılan Anlaşma’nın Onaylanması Hakkında Karar",https://www.resmigazete.gov.tr/eskiler/2000/08/20000823.htm#2
2000-08-23,"— Devlet Bakanı Hasan GEMİCİ’ye, Devlet Bakanı Mustafa YILMAZ’ın Vekâlet Etmesine Dair Tezkere",https://www.resmigazete.gov.tr/eskiler/2000/08/20000823.htm#3
2000-08-23,"— Devlet Bakanı Edip Safder GAYDALI’ya, Devlet Bakanı Yüksel YALOVA’nın Vekâlet Etmesine Dair Tezkere",https://www.resmigazete.gov.tr/eskiler/2000/08/20000823.htm#4
2000-08-23,"— Devlet Bakanı Fikret ÜNLÜ’ye, Devlet Bakanı Prof.Dr. Şükrü S. GÜREL’in Vekâlet Etmesine Dair Tezkere",https://www.resmigazete.gov.tr/eskiler/2000/08/20000823.htm#5
2000-08-23,"— Devlet Bakanı Prof. Dr. Abdulhaluk Mehmet ÇAY’a, Devlet Bakanı Prof. Dr. Ramazan MİRZAOĞLU’nun Vekâlet Etm esine Dair Tezkere",https://www.resmigazete.gov.tr/eskiler/2000/08/20000823.htm#6
2000-08-23,"— U laştırma Bakanlığına, Devlet Bakanı Faruk BAL’ın Vekâlet Etmesine Dair Tezkere",https://www.resmigazete.gov.tr/eskiler/2000/08/20000823.htm#7
2000-08-23,"— Turizm Bakanlığına, Devlet Bakanı Rüştü Kazım YÜCELEN’in Vekâlet Etmesine Dair Tezkere",https://www.resmigazete.gov.tr/eskiler/2000/08/20000823.htm#8
2000-08-23,"2000/1044 Tapu ve Kadastro Genel Müdürlüğü’nün Taşra Teşkilatında; Elazığ, Eskişehir, Kastamonu, Denizli, Sivas, Şanlıurfa ve Yozgat Bölge Müdürlüklerinde Üçer Adet Şube Müdürlüğü Kurulması Hakkında Karar",https://www.resmigazete.gov.tr/eskiler/2000/08/20000823.htm#9
2000-08-23,"2000/1065 Kahramanmaraş İli, Nurhak İlçesine Bağlı Kullar Belediyesi’nin Adının “Yeşilkent”Olarak Değiştirilmesinin Tasdiki Hakkında Karar",https://www.resmigazete.gov.tr/eskiler/2000/08/20000823.htm#10
2000-08-23,2000/1074 1999 Yılında İndirimli Orana Tabi İşlemlere İlişkin Olarak Yüklenilen ve İndirim Yoluyla Telafi Edilemeyen Vergilerden 1.000.000.000 (bir milyar) TL’yi Aşan Kısmın İade Edilmesi Hakkında Karar,https://www.resmigazete.gov.tr/eskiler/2000/08/20000823.htm#11
2000-08-23,2000/1118 Bankacılık Düzenleme ve Denetleme Kurumu Personelinin Ücret ve Diğer Mali Haklarına İlişkin Esasların Tespit Edilmesi Hakkında Karar,https://www.resmigazete.gov.tr/eskiler/2000/08/20000823.htm#12
2000-08-23,"Devlet , Maliye, Milli Eğitim, Çalışma ve Sosyal Güvenlik ile Kültür Bakanlıklarına ait Beş Adet Atama Kararı",https://www.resmigazete.gov.tr/eskiler/2000/08/20000823.htm#13
2000-08-23,2000/1057 Elektrik Enerjisi Fonu Yönetmeliğinde Değişiklik Yapılmasına Dair Yönetmelik,https://www.resmigazete.gov.tr/eskiler/2000/08/20000823.htm#14
2000-08-23,2000/1095 Milli Savunma Bakanlığına Bağlı İlmi İstişare ve Araştırma Kurulu (İLAR) Yönetmeliğinde Değişiklik Yapılmasına Dair Yönetmelik,https://www.resmigazete.gov.tr/eskiler/2000/08/20000823.htm#15
2000-08-23,— Özelleştirme Uygulamalarında Değer Tespiti ve İhale Yönetmeliği,https://www.resmigazete.gov.tr/eskiler/2000/08/20000823.htm#16
2000-08-23,— İstanbul Teknik Üniversitesi Lisans Eğitim ve Öğretim Yönetmeliğinin Bazı Maddelerinin Değiştirilmesi Hakkında Yönetmelik,https://www.resmigazete.gov.tr/eskiler/2000/08/20000823.htm#17
2000-08-23,— İstanbul Üniversitesi İstanbul Tıp Fakültesi ve Cerrahpaşa Tıp Fakültesi Yandal Uzmanlığı Eğitim ve Sınav Yönetmeliğinin 3 üncü Maddesinde Değişiklik Yapılması Hakkında Yönetmelik,https://www.resmigazete.gov.tr/eskiler/2000/08/20000823.htm#18
2000-08-23,"— Karadeniz Teknik Üniversitesi Önlisans ve Lisans Eğitim-Öğretim, Sınav, Değerlendirme ve Öğrenci İşleri Yönetmeliğinin 37 nci ve 46 ncı Maddelerinde Değişiklik Yapılmasına İlişkin Yönetmelik",https://www.resmigazete.gov.tr/eskiler/2000/08/20000823.htm#19
2000-08-23,— Niğde Üniversitesi Önlisans ve Lisans Eğitim-Öğretim ve Sınav Yönetmeliğinin 14 üncü Maddesinde Değişiklik Yapılması Hakkında Yönetmelik,https://www.resmigazete.gov.tr/eskiler/2000/08/20000823.htm#20
2000-08-23,— Slov enya Cumhuriyeti Menşeli Bazı Tarım ve İşlenmiş Tarım Ürünleri İthalatında Tarife Kontenjanı Uygulanmasına İlişkin Tebliğ,https://www.resmigazete.gov.tr/eskiler/2000/08/20000823.htm#21
2000-08-24,"2000/1048 Türkiye Cumhuriyeti Hükümeti ile Sudan Cumhuriyeti Hükümeti Arasında Tarım Alanında Teknik, Bilimsel ve Ekonomik İşbirliği Protokolu’nun Onaylanması Hakkında Karar",https://www.resmigazete.gov.tr/eskiler/2000/08/20000824.htm#1
2000-08-24,2000/1072 Türkiye Cumhuriyeti-U krayna Kara Ulaştırması Karma Komisyonu Toplantısı Protokolu’nun Onaylanması Hakkında Karar,https://www.resmigazete.gov.tr/eskiler/2000/08/20000824.htm#2
2000-08-24,"2000/1052 K ıyı Emniyeti ve Gemi Kurtarma İşletmeleri Genel Müdürlüğü’nün Kuzey Kıbrıs Türk Cumhuriyeti’nde Şube, İstasyon ve Sair Tesisler Açması, Şirket Kurması veya Kurulmuş Şirketlere Ortak Olabilmesine İlişkin Karar",https://www.resmigazete.gov.tr/eskiler/2000/08/20000824.htm#3
2000-08-24,2000/1069 Bazı Kararnamelerle Türk Vatandaşlığı Kaybettirilen 20 Kişiye Dair Hükümlerin İptali Hakkında Karar,https://www.resmigazete.gov.tr/eskiler/2000/08/20000824.htm#4
2000-08-24,2000/1082 Özellikle Su Kuşları Yaşama Ortamı Olarak Uluslararası Öne me Sahip Sulak Alanlar Hakkında Sözleşme (Ramsar Sözleşmesi)’nin Uygulanmasını Sağlamak Amacıyla Başta Ramsar Sözleşmesi Listesine Dahil Edilen Sulak Alanlar Olmak Üzere Uluslararası Öneme Sahip Sulak Alanların Korunması Hakkında Karar,https://www.resmigazete.gov.tr/eskiler/2000/08/20000824.htm#5
2000-08-24,"2000/1087 İçel İli, Tarsus İlçesine Bağlı Çiçekli Köyü’nün “Uygulama Alanı” Olarak Tespiti Hakkında Karar 2000/1088 Silahlı Kuvvetler İhtiyaç Fazlası Mal ve Hizmetlerin Satış, Hibe, Devir ve Elden Çıkarılması, Diğer Devletler Adına Yurt Dışı ve Yurt İçi Alımların Yapılması ve Eğitim Görecek Yabancı Personel Hakkında Kanun Hükümlerinin Uygulanmasına Dair Esaslarda Değişiklik Yapılmasına İlişkin Esaslar’ın Yürürlüğe Konulması Hakkında Karar",https://www.resmigazete.gov.tr/eskiler/2000/08/20000824.htm#6
2000-08-24,2000/1117 Bazı Valiliklere Yapılan Atamalar Hakkında Karar,https://www.resmigazete.gov.tr/eskiler/2000/08/20000824.htm#8
2000-08-24,— Çalışma ve Sosyal Güvenlik ile Sanayi ve Ticaret Bakanlıklarına Ait 2 Adet Atama Kararı,https://www.resmigazete.gov.tr/eskiler/2000/08/20000824.htm#9
2000-08-24,— Erciyes Üniversitesi Döner Sermaye İşletmesi Yönetmeliği,https://www.resmigazete.gov.tr/eskiler/2000/08/20000824.htm#10
2000-08-24,"— Maltepe Üniversitesi Hukuk Fakültesi Lisans, Öğretim ve Sınav Yönetmeliğinin 16 ve 23 üncü Maddelerinde Değişiklik Yapılmasına Dair Yönetmelik",https://www.resmigazete.gov.tr/eskiler/2000/08/20000824.htm#11
2000-08-24,İşkolu Tespit Kararı (No: 2000/19),https://www.resmigazete.gov.tr/eskiler/2000/08/20000824.htm#12
2000-08-24,İşkolu Tespit Kararı (No: 2000/20),https://www.resmigazete.gov.tr/eskiler/2000/08/20000824.htm#13
2000-08-24,— Basında Fikren veya Bedenen Çalışanlara Verilecek Borç Para ve Yapılacak Yardımlar Hakkındaki 18 Kasım 1977 Tarihli ve 68 Sayılı Genel Kurul Kararının Bazı Maddelerinin Değiştirilmesine Dair Genel Kurul Kararı (No: 152),https://www.resmigazete.gov.tr/eskiler/2000/08/20000824.htm#14
2000-08-25,"KHK 608 Gençlik ve Spor Genel Müdürlüğünün Teşkilat ve Görevleri Hakkında Kanun, Devlet Memurları Kanunu ve 190 Sayılı Kanun Hükmünde Kararnamede Değişiklik Yapılması Hakkında Kanun Hükmünde Kararname",https://www.resmigazete.gov.tr/eskiler/2000/08/20000825.htm#1
2000-08-25,"— Devlet Bakanı Edip Safder GAYDALI’ya, Devlet Bakanı Yüksel YALOVA’nın Vekâlet Etmesine Dair Tezkere",https://www.resmigazete.gov.tr/eskiler/2000/08/20000825.htm#2
2000-08-25,2000/1164 Bazı İşyerlerinde Uygulanmakta Olan Grevin Ertelenmesine Dair Karar,https://www.resmigazete.gov.tr/eskiler/2000/08/20000825.htm#3
2000-08-25,— Avrupa Birliği Genel Sekreterliği Teşkilat ve Görevleri Hakkında Yönetmelik,https://www.resmigazete.gov.tr/eskiler/2000/08/20000825.htm#4
2000-08-25,— Avrupa Birliği Genel Sekreterliği Avrupa Birliği Uzman Yardımcılığı ve Uzmanlığı Yarışma ve Yetenek Sınavları Yönetmeliği,https://www.resmigazete.gov.tr/eskiler/2000/08/20000825.htm#5
2000-08-25,— Avrupa Birliği Genel Sekreterliği İç Koordinasyon ve Uyum Komitesinin Çalışma Esas ve Usulleri Hakkında Yönetmelik,https://www.resmigazete.gov.tr/eskiler/2000/08/20000825.htm#6
2000-08-25,— Aikido Kuşak Sınav Yönetmeliği,https://www.resmigazete.gov.tr/eskiler/2000/08/20000825.htm#7
2000-08-25,"— Valilik ve Kaymakamlık Büroları Kuruluş, Görev ve Çalışma Yönetmeliğinde Değişiklik Yapılması Hakkında Yönetmelik",https://www.resmigazete.gov.tr/eskiler/2000/08/20000825.htm#8
2000-08-25,"— Maliye Bakanlığı Gelirler Genel Müdürlüğü Vergi Denetmenleri Görev, Yetki, Çalışma ve Atama Yönetmeliğinin Bazı Maddelerinde Değişiklik Yapılması Hakkında Yönetmelik",https://www.resmigazete.gov.tr/eskiler/2000/08/20000825.htm#9
2000-08-25,— 1972 Konteynerlerle İlgili Gümrük Sözleşmesinin Uygulanmasına Dair Yönetmelik,https://www.resmigazete.gov.tr/eskiler/2000/08/20000825.htm#10
2000-08-25,— Manisa Valiliği Mahalli Çevre Kurulu Kararı (No: 6),https://www.resmigazete.gov.tr/eskiler/2000/08/20000825.htm#11
2000-08-26,— Elektrik Tarifeleri Yönetmeliğinde Değişiklik Yapılması Hakkında Yönetmelik,https://www.resmigazete.gov.tr/eskiler/2000/08/20000826.htm#1
2000-08-26,— Tasarruf Mevduatı Sigorta Fonu Yönetmeliği,https://www.resmigazete.gov.tr/eskiler/2000/08/20000826.htm#2
2000-08-26,— Rekabet Kurulunun 99-57/614-391 Sayılı Kararı,https://www.resmigazete.gov.tr/eskiler/2000/08/20000826.htm#3
2000-08-26,— Samsun İli Sınırları Dahilinde Orman Yangınlarının Önlenmesi Amacıyla Alınması Gereken Tedbirler Hakkında Karar (No: 2000/1),https://www.resmigazete.gov.tr/eskiler/2000/08/20000826.htm#4
2000-08-27,2000/1066 Türkiye Cumhuriyeti Adalet Bakanlığı ile Moğolistan Adalet Bakanlığı Arasında İşbirliğine Dair Protokol’un Onaylanması Hakkında Karar,https://www.resmigazete.gov.tr/eskiler/2000/08/20000827.htm#1
2000-08-27,2000/1086 Türkiye-Vietnam Karma Ekonomik ve Ticaret Komitesi Birinci Dönem Toplantısı Mutabakat Zaptı’nın Onaylanması Hakkında Karar,https://www.resmigazete.gov.tr/eskiler/2000/08/20000827.htm#2
2000-08-27,"— Devlet Bakanı Recep ÖNAL’a, Kültür Bakanı M.İstemihan TALAY’ın Vekalet Etmesine Dair Tezkere",https://www.resmigazete.gov.tr/eskiler/2000/08/20000827.htm#3
2000-08-27,— Diyanet İşleri Başkanlığı Kur’an Kursları ile Öğrenci Yurt ve Pansiyonları Yönetmeliğinde Değişiklik Yapılması Hakkında Yönetmelik,https://www.resmigazete.gov.tr/eskiler/2000/08/20000827.htm#4
2000-08-27,— Eskrim Müsabaka ve Hakem Yönetmeliği,https://www.resmigazete.gov.tr/eskiler/2000/08/20000827.htm#5
2000-08-27,— Çevre Bakanlığı Döner Sermaye İşletmesi Yönetmeliği,https://www.resmigazete.gov.tr/eskiler/2000/08/20000827.htm#6
2000-08-27,"— Karadeniz Teknik Üniversitesi Çift Ana Dal, Yan Dal ve Yaz Dönemi Yönetmeliği’nde Değişiklik Yapılmasına İlişkin Yönetmelik",https://www.resmigazete.gov.tr/eskiler/2000/08/20000827.htm#7
2000-08-27,— Karadeniz Teknik Üniversitesi Tıp Fakültesi Eğitim-Öğretim ve Sınav Yönetmeliğinin Bazı Maddelerinin Değiştirilmesine ve Bu Yönetmeliğe Bir Geçici Madde Eklenmesine Dair Yönetmelik,https://www.resmigazete.gov.tr/eskiler/2000/08/20000827.htm#8
2000-08-27,— Adana Valiliği Mahalli Çevre Kurulu Kararı (No: 2000/5),https://www.resmigazete.gov.tr/eskiler/2000/08/20000827.htm#9
2000-08-27,— Zonguldak Valiliği Mahalli Çevre Kurulu Kararı (No: 6),https://www.resmigazete.gov.tr/eskiler/2000/08/20000827.htm#10
2000-08-28,2000/1068 Türkiye-Hırvatistan Karma Ekonomik Komisyonu III. Dönem Toplantısı Protokolu'nun Onaylanması Hakkında Karar,https://www.resmigazete.gov.tr/eskiler/2000/08/20000828.htm#1
2000-08-28,- Çalışma ve Sosyal Güvenlik Bakanlığına Ait Bir Adet Atama Kararı,https://www.resmigazete.gov.tr/eskiler/2000/08/20000828.htm#2
2000-08-29,2000/1165 Akaryakıt Tüketim Vergisi Tutarlarının Tespitine İlişkin Karar,https://www.resmigazete.gov.tr/eskiler/2000/08/20000829.htm#1
2000-08-29,"— Milli Savunma, Tarım ve Köyişleri ile Turizm Bakanlıklarına Ait 3 Adet Atama Kararı",https://www.resmigazete.gov.tr/eskiler/2000/08/20000829.htm#2
2000-08-29,— Milli Eğitim Bakanlığı Sicil Amirleri Yönetmeliğinde Değişiklik Yapılmasına Dair Yönetmelik,https://www.resmigazete.gov.tr/eskiler/2000/08/20000829.htm#3
2000-08-29,— Milli Eğitim Bakanlığı Disiplin Amirleri Yönetmeliğinde Değişiklik Yapılmasına Dair Yönetmelik,https://www.resmigazete.gov.tr/eskiler/2000/08/20000829.htm#4
2000-08-29,"— Ticaret ve Sanayi Odaları, Ticaret Odaları, Sanayi Odaları, Deniz Ticaret Odaları, Ticaret Borsaları ve Türkiye Odalar ve Borsalar Birliği Organ Seçimleri Hakkında Yönetmelikte Değişiklik Yapılmasına Dair Yönetmelik",https://www.resmigazete.gov.tr/eskiler/2000/08/20000829.htm#5
2000-08-29,— Cumhuriyet Üniversitesi Döner Sermaye İşletmesi Yönetmeliği,https://www.resmigazete.gov.tr/eskiler/2000/08/20000829.htm#6
2000-08-29,— Petrol Ürünlerine Uygulanacak Akaryakıt Fiyat İstikrar Fonu Payları Hakkında Tebliğ (PİGM/AFİF 2000-41),https://www.resmigazete.gov.tr/eskiler/2000/08/20000829.htm#7
2000-08-29,— Petrol Ürünlerine Uygulanacak Akaryakıt Fiyat İstikrar Fonu Payları Hakkında Tebliğ (PİGM/AFİF 2000-42),https://www.resmigazete.gov.tr/eskiler/2000/08/20000829.htm#8
2000-08-31,— Bankacılık Düzenleme ve Denetleme Kurumu İnsan Kaynakları Yönetmeliği,https://www.resmigazete.gov.tr/eskiler/2000/08/20000831.htm#6
2000-08-31,Karadeniz Teknik Üniversitesi Tıp Fakültesi Tıpta Uzmanlık ve Yan Dal Uzmanlık Öğrencileri Eğitim-Öğretim ve Sınav Yönetmeliğinin Bazı Maddelerinin Değiştirilmesine Dair Yönetmelik,https://www.resmigazete.gov.tr/eskiler/2000/08/20000831.htm#1
2000-08-31,— Ayakkabı Yapımında Kullanılan Malzemelere Ait Bilgilerin Tanıtma Kılavuzunda Yer Almasına İlişkin Tebliğ’de Değişiklik Yapılmasına Dair Tebliğ TRKGM: (2000/3),https://www.resmigazete.gov.tr/eskiler/2000/08/20000831.htm#2
2000-08-31,— Rekabet Kurulun un 99-21/167-86 Sayılı Kararı,https://www.resmigazete.gov.tr/eskiler/2000/08/20000831.htm#3
2000-08-31,— Rekabet Kurulunun 99-21/177-96 Sayılı Kararı,https://www.resmigazete.gov.tr/eskiler/2000/08/20000831.htm#4
2000-08-31,— Aksaray Valiliği Mahalli Çevre Kurulu Kararı (No: 2000/6),https://www.resmigazete.gov.tr/eskiler/2000/08/20000831.htm#5
2000-09-01,"— Çevre Bakanlığına, Orman Bakanı Prof. Dr. Nami ÇAĞAN’ın Vekâlet Etmesine Dair Tezkere",https://www.resmigazete.gov.tr/eskiler/2000/09/20000901.htm#1
2000-09-01,— Bayındırlık ve İskan Bakanlığına Ait Karar,https://www.resmigazete.gov.tr/eskiler/2000/09/20000901.htm#2
2000-09-01,— Eşyanın Tercihli Menşeinin Tespiti Hakkında Yönetmelikte Değişiklik Yapılmasına Dair Yönetmelik,https://www.resmigazete.gov.tr/eskiler/2000/09/20000901.htm#3
2000-09-01,— Orma n Ürünlerine Verilecek Tezkerelere Ait Yönetmeliğin 6 ncı Maddesinin (d) Bendinin Değiştirilmesine Dair Yönetmelik,https://www.resmigazete.gov.tr/eskiler/2000/09/20000901.htm#4
2000-09-01,— Üniversitelerarası Kurul Başkanlığı - Doçentlik Sınav Yönetmeliği,https://www.resmigazete.gov.tr/eskiler/2000/09/20000901.htm#5
2000-09-01,— 2000/467 Sayılı Hayvancılığın Desteklenmesi Hakkında Bakanlar Kurulu Kararı Uygulama Esasları Tebliği (Tebliğ No: 2000/22)’nde Değişiklik Yapılması Hakkında Tebliğ (No: 2000/31),https://www.resmigazete.gov.tr/eskiler/2000/09/20000901.htm#6
2000-09-01,"— Türkiye Cumhuriyet Merkez Bankasınca Belirlenen, Dış Krediler Kur Farkı Fonu Kapsamındaki Kredilere Uygulanacak Değişken Faiz Oranı",https://www.resmigazete.gov.tr/eskiler/2000/09/20000901.htm#7
2000-09-01,— Aksaray İli Sınırları Dahilinde Çözücü ve Yapıştırıcı Nitelik Taşıyan Uçucu Maddelerin 18 Yaşından Küçük Çocuklara Satışının Yasaklanmasına Dair Karar,https://www.resmigazete.gov.tr/eskiler/2000/09/20000901.htm#8
2000-09-01,İlanları Görmek İçin Tıklayanız.,https://www.resmigazete.gov.tr/eskiler/2000/09/20000901.pdf
2000-09-02,"— Tarım ve Köyişleri Bakanlığına, Sanayi ve Ticaret Bakanı Ahmet Kenan TANRIKULU’nun Vekâlet Etmesine Dair Tezkere",https://www.resmigazete.gov.tr/eskiler/2000/09/20000902.htm#1
2000-09-02,"— Kültür Bakanlığına, Devlet Bakanı Hasan GEMİCİ’nin Vekâlet Etmesine Dair Tezkere",https://www.resmigazete.gov.tr/eskiler/2000/09/20000902.htm#2
2000-09-02,2000/1163 İstanbul Üniversitesi Rektörlüğü’ne Bağlı Olarak Şişli Sağlık Yüksekokulu’nun Kurulması Hakkında Karar,https://www.resmigazete.gov.tr/eskiler/2000/09/20000902.htm#3
2000-09-02,— Ege Üniversitesi Lisansüstü Eğitim ve Öğretim Yönetmeliğinin İkinci Maddesinde Değişiklik Yapılmasına Dair Yönetmelik,https://www.resmigazete.gov.tr/eskiler/2000/09/20000902.htm#4
2000-09-02,— İşkolu Tespit Kararı (No: 2000 /21),https://www.resmigazete.gov.tr/eskiler/2000/09/20000902.htm#5
2000-09-02,İlanları Görmek İçin Tıklayanız.,https://www.resmigazete.gov.tr/eskiler/2000/09/20000902.pdf
2000-09-03,"Dışişleri Bakanlığına, Devlet Bakanı ve Başbakan Yardımcısı H. Hüsamettin ÖZKAN’ın Vekâlet Etmesine Dair Tezkere",https://www.resmigazete.gov.tr/eskiler/2000/09/20000903.htm#1
2000-09-03,— PTT Genel Müdürlüğü Yapı İşleri İhale Yönetmeliği,https://www.resmigazete.gov.tr/eskiler/2000/09/20000903.htm#2
2000-09-03,İlanları Görmek İçin Tıklayanız.,https://www.resmigazete.gov.tr/eskiler/2000/09/20000903.pdf
2000-09-04,"— C umhurbaşkanlığına, TBMM Başkan Vekili Ali ILIKSOY ve TBMM Başkanı Yıldırım AKBULUT'un Vekâlet Etmesine Dair Tezkere",https://www.resmigazete.gov.tr/eskiler/2000/09/20000904.htm#1
2000-09-04,— Özel Gıda Kontrol Laboratuvarlarının Kuruluş ve Faaliyetleri Hakkında Yönetmelik,https://www.resmigazete.gov.tr/eskiler/2000/09/20000904.htm#2
2000-09-04,İlanları Görmek İçin Tıklayanız.,https://www.resmigazete.gov.tr/eskiler/2000/09/20000904.pdf
2000-09-05,"- Milli Savunma Bakanlığına, Devlet Bakanı Prof. Dr. Ramazan MİRZAOĞLU'nun Vekalet Etmesine Dair Tezkere",https://www.resmigazete.gov.tr/eskiler/2000/09/20000905.htm#1
2000-09-05,"- Sivil Savunma Arama ve Kurtarma Birlikleri ve Ekiplerinin Kuruluşu, Görevleri, Çalışma Usul ve Esaslarına Dair Yönetmeliğin 7 nci Maddesine Bir Bent Eklenmesine Dair Yönetmelik",https://www.resmigazete.gov.tr/eskiler/2000/09/20000905.htm#2
2000-09-05,- Bağ-Kur Genel Müdürlüğü Teftiş Kurulu Yönetmeliğinde Değişiklik Yapılmasına Dair Yönetmelik,https://www.resmigazete.gov.tr/eskiler/2000/09/20000905.htm#3
2000-09-05,- İstanbul Teknik Üniversitesi Lisans Eğitim ve Öğretim Yönetmeliğinin 26 ncı Maddesinin Değiştirilmesi Hakkında Yönetmelik,https://www.resmigazete.gov.tr/eskiler/2000/09/20000905.htm#4
2000-09-05,İlanları Görmek İçin Tıklayanız.,https://www.resmigazete.gov.tr/eskiler/2000/09/20000905.pdf
2000-09-06,"2000/1101 Teşebbüs, Müessese ve Bağlı Ortaklıklara Konuları ile İlgili Görev Verilmesi Hakkındaki Karar’da Değişiklik Yapılmasına İlişkin Karar",https://www.resmigazete.gov.tr/eskiler/2000/09/20000906.htm#1
2000-09-06,"2000/1103 Tabii Afet Nedeniyle Zarar Gören Çiftçi, Esnaf ve Sanatkar, Serbest Meslek Mensubu ve Sanayi ve Ticaret Erbabı ile Menkul ve Gayrimenkul Malları Zarar Gören Gerçek ve Tüzel Kişilerin Kredi Borçlarının Ertelenmesi ve Bu Kişilere Yeni Kredi Açılması Hakkındaki 99/13233 Sayılı Kararnamenin Eki Karar’da Değişiklik Yapılmasına İlişkin Karar",https://www.resmigazete.gov.tr/eskiler/2000/09/20000906.htm#2
2000-09-06,"2000/1141 DevletSu İşleri Genel Müdürlüğü’nün Taşra Teşkilatında Yer Alan Bazı Müdürlük, Başmühendislik ve Şube Müdürlüklerinin Kaldırılması Hakkında Karar 2000/1148 Emekli Sandığı Genel Müdürlüğü’nün Doğrudan Merkeze Bağlı Taşra Teşkilatı Olarak, İzmir’de Narlıdere Dinlenme ve Bakımevi Müdürlüğü’nün Kurulması Hakkında Karar",https://www.resmigazete.gov.tr/eskiler/2000/09/20000906.htm#3
2000-09-06,"2000/1148 Emekli Sandığı Genel Müdürlüğü""nün Doğrudan Merkeze Bağlı Taşra Teşkilatı Olarak, İzmir""de Narlıdere Dinlenme ve Bakımevi Müdürlüğü""nün Kurulması Hakkında Karar",https://www.resmigazete.gov.tr/eskiler/2000/09/20000906.htm#4
2000-09-06,— Hakimler ve Savcılar Yüksek Kuruluna Ait Bir Adet Atama Kararı,https://www.resmigazete.gov.tr/eskiler/2000/09/20000906.htm#5
2000-09-06,2000/1112 Olağanüstü Hal Bölge Valiliği Tarafından Silah Taşıma ve Bulundurma Ruhsatı Verilmesinde Uyulacak Esaslar Hakkında Yönetmelikte Değişiklik Yapılmasına Dair Yönetmelik,https://www.resmigazete.gov.tr/eskiler/2000/09/20000906.htm#6
2000-09-06,2000/1122 Mülki İdare Amirleri Atama Değerlendirme ve Yerdeğiştirme Yönetmeliğinde Değişiklik Yapılmasına Dair Yönetmelik,https://www.resmigazete.gov.tr/eskiler/2000/09/20000906.htm#7
2000-09-06,— Menşe İspat Belgeleri Yönetmeliğinde Değişiklik Yapılmasına Dair Yönetmelik,https://www.resmigazete.gov.tr/eskiler/2000/09/20000906.htm#8
2000-09-06,— Eşyanın Tercihli Menşeinin Tespiti Hakkında Yönetmelikte Değişiklik Yapılmasına Dair Yönetmelik,https://www.resmigazete.gov.tr/eskiler/2000/09/20000906.htm#9
2000-09-06,— Milli Eğitim Bakanlığı Ortaöğretim Kurumları Sınıf Geçme Yönetmeli ğinde Değişiklik Yapılmasına Dair Yönetmelik,https://www.resmigazete.gov.tr/eskiler/2000/09/20000906.htm#10
2000-09-06,— Milli Eğitim Bakanlığı Anadolu Mesleki ve Teknik Orta Ögretim Kurumları Yönetmeliği,https://www.resmigazete.gov.tr/eskiler/2000/09/20000906.htm#11
2000-09-06,— 26/2/1999 Tarihli ve 99/12478 Sayılı Kararnamenin Uygulama Esaslarına İlişkin Tebliğ (No: 1),https://www.resmigazete.gov.tr/eskiler/2000/09/20000906.htm#12
2000-09-06,— Trabzon Valiliği Mahalli Çevre Kurulu Kararı (No: 7),https://www.resmigazete.gov.tr/eskiler/2000/09/20000906.htm#13
2000-09-06,İlanları Görmek İçin Tıklayanız.,https://www.resmigazete.gov.tr/eskiler/2000/09/20000906.pdf
2000-09-07,2000/1080 Türkiye Cumhuriyeti Hükümeti ile Güney Afrika Cumhuriyeti Hükümeti Arasındaki İstişarelere Dair Protokol’un Onaylanması Hakkında Karar,https://www.resmigazete.gov.tr/eskiler/2000/09/20000907.htm#1
2000-09-07,"2000/1126 Devlet Su İşleri Genel Müdürlüğü XVII nci Bölge Müdürlüğü’ne Doğrudan Bağlı Olarak, Görev Alanı Adı Geçen Bölge Müdürlüğü Görev Alanı ile Sınırlı, Merkezi Van İli Olmak Üzere “Erozyon ve Rüsubat Kontrolü Şube Müdürlüğü”nün Kurulması Hakkında Karar",https://www.resmigazete.gov.tr/eskiler/2000/09/20000907.htm#2
2000-09-07,"— Aracılık Faaliyetleri ve Aracı Kuruluşlara İlişkin Esaslar Hakkında Tebliğ (Seri: V, No: 46)",https://www.resmigazete.gov.tr/eskiler/2000/09/20000907.htm#3
2000-09-07,"— Yatırım Danışmanlığı ve Faaliyetine ve Bu Faaliyette Bulunacak Kurumlara İlişkin Esaslar Hakkında Tebliğ (Seri: V, No: 47)",https://www.resmigazete.gov.tr/eskiler/2000/09/20000907.htm#4
2000-09-07,"— Aracı Kurumların Sermayelerine ve Sermaye Yeterliliğine İlişkin Esaslar Tebliğinde Değişiklik Yapılmasına Dair Tebliğ (Seri: V, No: 48)",https://www.resmigazete.gov.tr/eskiler/2000/09/20000907.htm#5
2000-09-07,İlanları Görmek İçin Tıklayanız.,https://www.resmigazete.gov.tr/eskiler/2000/09/20000907.pdf
2000-09-08,2000/1114 Türkiye Cumhuriyeti Denizcilikten Sorumlu Devlet Bakanlığı ile Kuzey Kıbrıs Türk Cumhuriyeti Bayındırlık ve Ulaştırma Bakanlığı Arasında Denizciliğin Geliştirilmesine Yönelik İşbirliği Protokolü’nün Onaylanması Hakkında Karar,https://www.resmigazete.gov.tr/eskiler/2000/09/20000908.htm#1
2000-09-08,— Polis Koleji Sınıf Geçme Yönetmeliğinin 7 nci Maddesinin Değiştirilmesine Dair Yönetmelik,https://www.resmigazete.gov.tr/eskiler/2000/09/20000908.htm#2
2000-09-08,— Bayındırlık ve İskan Bakanlığına Ait Mecburi Standard Tebliği,https://www.resmigazete.gov.tr/eskiler/2000/09/20000908.htm#3
2000-09-08,— Zorunlu Deprem Sigortası Genel Şartları,https://www.resmigazete.gov.tr/eskiler/2000/09/20000908.htm#4
2000-09-08,— Zorunlu Deprem Sigortası Tarife ve Talimatı,https://www.resmigazete.gov.tr/eskiler/2000/09/20000908.htm#5
2000-09-08,— Letonya Cumhuriyeti Menşeli Bazı Tarım ve İşlenmiş Tarım Ürünleri İthalatında Tarife Kontenjanı Uygulanmasına İlişkin Tebliğ,https://www.resmigazete.gov.tr/eskiler/2000/09/20000908.htm#6
2000-09-08,— Çevrenin Korunması Yönünden Kontrol Altında Tutulan Madde ve Atıklara İlişkin Dış Ticarette Standardizasyon Tebliği’nde Değişiklik Yapılması Hakkında Teblig (Dış Ticarette Standardizasyon: 2000/19),https://www.resmigazete.gov.tr/eskiler/2000/09/20000908.htm#7
2000-09-08,İlanları Görmek İçin Tıklayanız.,https://www.resmigazete.gov.tr/eskiler/2000/09/20000908.pdf
2000-09-09,"— Devlet Bakanı Prof. Dr. Şükrü S. GÜREL’e, Milli Eğitim Bakanı Metin BOSTANCIOĞLU’nun Vekâlet Etmesine Dair Tezkere",https://www.resmigazete.gov.tr/eskiler/2000/09/20000909.htm#1
2000-09-09,— Çanakkale Onsekiz Mart Üniversitesi Çanakkale Seramikleri Araştırma Geliştirme ve Uygulama Merkezi Yönetmeliği,https://www.resmigazete.gov.tr/eskiler/2000/09/20000909.htm#2
2000-09-09,"— Yatırım Fonlarına İlişkin Esaslar Tebliğinde Değişiklik Yapılmasına Dair Tebliğ (Seri : VII, No: 16)",https://www.resmigazete.gov.tr/eskiler/2000/09/20000909.htm#3
2000-09-09,— 12/5/1988 Tarih ve 88/12944 Sayılı Kararnameye İlişkin Kaynak Kullanımını Destekleme Fonu Hakkında Tebliğde Değişiklik Yapılmasına İlişkin Tebliğ (Sıra No: 27),https://www.resmigazete.gov.tr/eskiler/2000/09/20000909.htm#4
2000-09-09,İlanları Görmek İçin Tıklayanız.,https://www.resmigazete.gov.tr/eskiler/2000/09/20000909.pdf
2000-09-10,"— Devlet Bakanı Fikret ÜNLÜ’ye, Kültür Bakanı M.İstemihan TALAY’ın Vekâlet Etmesine Dair Tezkere",https://www.resmigazete.gov.tr/eskiler/2000/09/20000910.htm#1
2000-09-10,"— Bayındırlık ve İskan Bakanlığına, Devlet Bakanı Prof. Dr. Şuayip ÜŞENMEZ’in Vekâlet Etmesine Dair Tezkere",https://www.resmigazete.gov.tr/eskiler/2000/09/20000910.htm#2
2000-09-10,"— Sağlık Bakanlığına, Tarım ve Köyişleri Bakanı Prof.Dr. Hüsnü Yusuf GÖKALP’in Vekâlet Etmesine Dair Tezkere",https://www.resmigazete.gov.tr/eskiler/2000/09/20000910.htm#3
2000-09-10,2000/1115 Uyumu Sağlanmış (Armonize) Mal Tanımı ve Kodlama Sistemi Hakkında Uluslararası Sözleşme Uyarınca Uygulanması Gereken Sınıflandırma Görüşlerinin Yürürlüğe Konulması ve 98/11204 sayılı Bakanlar Kurulu Kararının Yürürlükten Kaldırılması Hakkında Karar,https://www.resmigazete.gov.tr/eskiler/2000/09/20000910.htm#4
2000-09-10,İlanları Görmek İçin Tıklayanız.,https://www.resmigazete.gov.tr/eskiler/2000/09/20000910.pdf
2000-09-11,2000/1093 Japonya Hükümeti Tarafından Uygulanmakta Olan Yerel Projeler İçin Hibe Yardımı Programı Çerçevesinde Türkiye ile Japonya Arasında İşbirliğini Öngören Notaların Onaylanması Hakkında Karar,https://www.resmigazete.gov.tr/eskiler/2000/09/20000911.htm#1
2000-09-11,"— Ulaştırma Bakanlığına, Devlet Bakanı Prof. Dr. Abdulhaluk Mehmet ÇAY’ın Vekâlet Etmesine Dair Tezkere",https://www.resmigazete.gov.tr/eskiler/2000/09/20000911.htm#2
2000-09-11,"— Kırmızı Et ve Et Ürünleri Üretim Tesislerinin Kuruluş,Açılış, Çalışma ve Denetleme Usul ve Esaslarına Dair Yönetmelik",https://www.resmigazete.gov.tr/eskiler/2000/09/20000911.htm#3
2000-09-11,— Motorlu Araçların Uzun Huzme ve/veya Kısa Huzme Olarak Çalışan Farları ve Motorlu Araçlar ve Römorklarının Onaylanmış Lamba Ünitelerinde Kullanılan Işık Kaynakları (Filamanlı Lambalar ve Diğerleri) İle İlgili Tip Onayı Yönetmeliği (76/761/AT),https://www.resmigazete.gov.tr/eskiler/2000/09/20000911.htm#4
2000-09-11,— Başkent Üniversitesi Tıp Fakültesi Eğitim-Öğretim ve Sınav Yönetmeliği,https://www.resmigazete.gov.tr/eskiler/2000/09/20000911.htm#5
2000-09-11,İlanları Görmek İçin Tıklayanız.,https://www.resmigazete.gov.tr/eskiler/2000/09/20000911.pdf
2000-09-12,KHK/612 Yükseköğretim Kurumları Teşkilatı Kanununda Değişiklik Yapılmasına Dair Kanun Hükmünde Kararname,https://www.resmigazete.gov.tr/eskiler/2000/09/20000912.htm#1
2000-09-12,"— Devlet Bakanı Prof. Dr. Tunca TOSKAY’a, Milli Savunma Bakanı Sabahattin ÇAKMAKOĞLU’nun Vekâlet Etmesine Dair Tezkere",https://www.resmigazete.gov.tr/eskiler/2000/09/20000912.htm#2
2000-09-12,— Başbakanlık Devlet Personel Başkanlığı Döner Sermaye İşletmesi Yönetmeliği,https://www.resmigazete.gov.tr/eskiler/2000/09/20000912.htm#3
2000-09-12,— Sosyal Hizmetler ve Çocuk Esirgeme Kurumu Çocuk Yuvaları Yönetmeliğinde Değişiklik Yapılmasına Dair Yönetmelik,https://www.resmigazete.gov.tr/eskiler/2000/09/20000912.htm#4
2000-09-12,— Eti Holding A.Ş. Satınalma ve İhale Yönetmeliği,https://www.resmigazete.gov.tr/eskiler/2000/09/20000912.htm#5
2000-09-12,— Marmara Üniversitesi Önlisans ve Lisans Eğitim-Öğretim ve Sınav Yönetmeliğinin 4 üncü Maddesinin Değiştirilmesine ve Bir Madde Eklenmesine Dair Yönetmelik,https://www.resmigazete.gov.tr/eskiler/2000/09/20000912.htm#6
2000-09-12,İlanları Görmek İçin Tıklayanız.,https://www.resmigazete.gov.tr/eskiler/2000/09/20000912.pdf
2000-09-13,"— Devlet, Dışişleri, Tarım ve Köyişleri, Sanayi ve Ticaret ile Turizm Bakanlıklarına Ait 7 Adet Atama Kararı",https://www.resmigazete.gov.tr/eskiler/2000/09/20000913.htm#1
2000-09-13,— Türk Silâhlı Kuvvetlerine Mensup Subay ve Astsubayların Atanma ve Yer Değiştirmeleri Hakkında Yönetmeliğin Bazı Maddelerinin Değiştirilmesi Hakkında Yönetmelik,https://www.resmigazete.gov.tr/eskiler/2000/09/20000913.htm#2
2000-09-13,— Gülhane Askerî Tıp Akademisi Yönetmeliğinin Bazı Maddelerinde Değişiklik Yapılması Hakkında Yönetmelik,https://www.resmigazete.gov.tr/eskiler/2000/09/20000913.htm#3
2000-09-13,— Türk Gıda Kodeksi Yönetmeliğinde Değişiklik Yapılması Hakkında Yönetmelik,https://www.resmigazete.gov.tr/eskiler/2000/09/20000913.htm#4
2000-09-13,— Muğla Üniversitesi Önlisans ve Lisans Eğitim-Öğretim veSınav Yönet meliğinin 21 inci Maddesinde Değişiklik Yapılması Hakkında Yönetmelik,https://www.resmigazete.gov.tr/eskiler/2000/09/20000913.htm#5
2000-09-13,— Sabancı Üniversitesi TemelGeliştirme Yılı Yönetmeliğinin Bazı Maddelerinde Değişiklik Yapılmasına Dair Yönetmelik,https://www.resmigazete.gov.tr/eskiler/2000/09/20000913.htm#6
2000-09-13,— Sabancı Üniversitesi Lisans Öğrenimi Yönetmeliğinin Bazı Maddelerinde Değişiklik Yapılmasına DairYönetmelik,https://www.resmigazete.gov.tr/eskiler/2000/09/20000913.htm#7
2000-09-13,— Sabancı Üniversitesi Lisansüstü Öğrenimi Yönetmeliğinin Bazı Maddelerinde Değişiklik Yapılmasına DairYönetmelik,https://www.resmigazete.gov.tr/eskiler/2000/09/20000913.htm#8
2000-09-13,— Harcırah Kanunu Genel Tebliği (Seri No: 36),https://www.resmigazete.gov.tr/eskiler/2000/09/20000913.htm#9
2000-09-13,— Balıkesir Valiliği Mahalli Çevre Kurulu Kararı (No: 2000/6),https://www.resmigazete.gov.tr/eskiler/2000/09/20000913.htm#10
2000-09-13,— Niğde Valiliği Mahalli Çevre Kurulu Kararı (No: 4),https://www.resmigazete.gov.tr/eskiler/2000/09/20000913.htm#11
2000-09-13,İlanları Görmek İçin Tıklayanız.,https://www.resmigazete.gov.tr/eskiler/2000/09/20000913.pdf
2000-09-14,2000/1187 Kadir Has Üniversitesi Rektörlüğü’ne Bağlı Olarak İletişim Fakültesi Kurulması Hakkında Karar,https://www.resmigazete.gov.tr/eskiler/2000/09/20000914.htm#1
2000-09-14,"Başbakanlık ile Adalet, Dışişleri, Turizm ve Çevre Bakanlıklarına Ait 9 Adet Atama Kararı",https://www.resmigazete.gov.tr/eskiler/2000/09/20000914.htm#2
2000-09-14,— Hamitabat Elektrik Üretim ve Ticaret Anonim Şirketi (HEAŞ) GenelMüdürlüğü Personel Yönetmeliği,https://www.resmigazete.gov.tr/eskiler/2000/09/20000914.htm#3
2000-09-14,— Hamitabat Elektrik Üretim ve Ticaret Anonim Şirketi Genel Müdürlüğü Memurları Disiplin Kurulları ve Disiplin Amirleri Hakkında Yönetmelik,https://www.resmigazete.gov.tr/eskiler/2000/09/20000914.htm#4
2000-09-14,— HamitabatElektrik Üretim ve Ticaret Anonim Şirketi Genel Müdürlüğü Sözleşmeli Personeli Disiplin Kurulları ve Disiplin Amirleri Hakkında Yönetmelik,https://www.resmigazete.gov.tr/eskiler/2000/09/20000914.htm#5
2000-09-14,"— 4389 Sayılı Bankalar Kanununun Geçici 1 inci Maddesinin (f) Fıkrası Uyarınca Hazine Müsteşarlığı ile Merkez Bankasından Bankacılık Düzenleme ve Denetleme Kurumuna Naklen Atanacak Personelden, Bankacılık Uzman ve Uzman Yardımcısı Olarak Atanacaklarda Aranacak Yeterlilik Şartlarının Belirlenmesine İlişkin Yönetmelik",https://www.resmigazete.gov.tr/eskiler/2000/09/20000914.htm#6
2000-09-14,— Katma Değer Vergisi Genel Tebliği (Seri No: 74),https://www.resmigazete.gov.tr/eskiler/2000/09/20000914.htm#7
2000-09-14,— 2000/467 Sayılı Hayvancılığın Desteklenmesi Hakkında Bakanlar Kurulu Kararı Uygulama Esasları Tebliğinde Değişiklik Yapılması Hakkında Tebliğ (No: 2000/33),https://www.resmigazete.gov.tr/eskiler/2000/09/20000914.htm#8
2000-09-14,— Mecburi Standard : ÖSG-2000/98-99 Sayılı Tebliğ,https://www.resmigazete.gov.tr/eskiler/2000/09/20000914.htm#9
2000-09-14,— Mecburi Standard : ÖSG-2000/99-100 Sayılı Tebliğ,https://www.resmigazete.gov.tr/eskiler/2000/09/20000914.htm#10
2000-09-14,— Mecburi Standard : ÖSG-2000/100-101 Sayılı Tebliğ,https://www.resmigazete.gov.tr/eskiler/2000/09/20000914.htm#11
2000-09-14,— Spor Müsabakaları Nedeniyle Vukubulan Şiddet Olayları veya Kötü Tezahüratın Önlenmesi Suretiyle Kamu Düzeninin Sağlanmasına Dair Karar (2000/2),https://www.resmigazete.gov.tr/eskiler/2000/09/20000914.htm#12
2000-09-14,İlanları Görmek İçin Tıklayanız.,https://www.resmigazete.gov.tr/eskiler/2000/09/20000914.pdf
2000-09-15,KHK/615 Kamu İktisadi Teşebbüsleri Hakkında Kanun Hükmünde Kararnamede Değişiklik Yapılmasına Dair Kanun Hükmünde Kararname,https://www.resmigazete.gov.tr/eskiler/2000/09/20000915.htm#1
2000-09-15,"2000/1162 Dahilde İşleme veya Geçici Kabul İzin Belgesi Alan İmalatçı-İhracatçılardan Demirçelik, Otomotiv ve Otomotiv Yan Sanayii Sektörlerinde FaaliyetGösterenlere, Dahilde İşleme ve Geçici Kabul Rejimi Kapsamında İhraç Edilecek Malların Üretiminde Kullanılacak Maddelerin Tesliminde, 3065 Sayılı Kanunun 11 inci Maddesinin 1Numaralı Fıkrasının (c) Bendi Hükümlerine Göre İşlem Yapılması Hakkında Karar",https://www.resmigazete.gov.tr/eskiler/2000/09/20000915.htm#2
2000-09-15,2000/1167 99/13758 Sayılı Kararnamenin Eki Karar ile 2000/62 Sayılı Kararnamenin Eki Karar’da Değişiklik Yapılmasına Dair Karar,https://www.resmigazete.gov.tr/eskiler/2000/09/20000915.htm#3
2000-09-15,— Çankaya Üniversitesi Ana Yönetmeliğinin 16 ncı Maddesinin Değiştirilmesine Dair Yönetmelik,https://www.resmigazete.gov.tr/eskiler/2000/09/20000915.htm#4
2000-09-15,— Çankaya Üniversitesi Satınalma ve İhale Yönetmeliğinin 10 uncu Maddesinin Değiştirilmesine Dair Yönetmelik,https://www.resmigazete.gov.tr/eskiler/2000/09/20000915.htm#5
2000-09-15,— Gaziantep Üniversitesi LisansEğitim-Öğretim Süresi ile Sınav ve Değerlendirme Esaslarına İlişkinYönetmeliğin 17 nci Maddesinin Değiştirilmesine ve BirGeçici Madde Eklenmesine DairYönetmelik,https://www.resmigazete.gov.tr/eskiler/2000/09/20000915.htm#6
2000-09-15,— Hayvan Pazarlarının Ruhsatlandırılma ve Denetleme Usul ve Esasları HakkındaTebliğ (No: 2000/34),https://www.resmigazete.gov.tr/eskiler/2000/09/20000915.htm#7
2000-09-15,— Antalya Valiliği Mahalli Çevre Kurulu Kararı (No : 00/07),https://www.resmigazete.gov.tr/eskiler/2000/09/20000915.htm#8
2000-09-15,— Antalya Valiliği Mahalli Çevre Kurulu Kararı (No : 00/08),https://www.resmigazete.gov.tr/eskiler/2000/09/20000915.htm#9
2000-09-15,İlanları Görmek İçin Tıklayanız.,https://www.resmigazete.gov.tr/eskiler/2000/09/20000915.pdf
2000-09-16,"2000/1189 Emniyet Genel Müdürlüğü’ne Ait Bazı Dolu Kadroların Derecelerinin, Bazı Boş Kadroların Sınıf, Unvan ve Derecelerinin Değiştirilmesi Hakkında Karar",https://www.resmigazete.gov.tr/eskiler/2000/09/20000916.htm#1
2000-09-16,"2000/1190 Orman Bakanlığı’na ve Orman Genel Müdürlüğü’ne Ait Bazı Dolu Kadroların Derecelerinin, Bazı Boş Kadroların Sınıf, Unvan ve Derecelerinin Değiştirilmesi Hakkında Karar",https://www.resmigazete.gov.tr/eskiler/2000/09/20000916.htm#2
2000-09-16,"2000/1216 Hampetrol ve Petrol Ürünlerinin Alım, Satım, Fiyatlandırma Esasları ile Akaryakıt Fiyat İstikrar Fonu’nun İşleyişi Hakkında Karar’da Değişiklik Yapılmasına Dair Karar",https://www.resmigazete.gov.tr/eskiler/2000/09/20000916.htm#3
2000-09-16,2000/1212 İşsizlik Sigortası Fonu Yönetim Kurulunun Çalışmasına ve Fon Kaynaklarının Değerlendirilmesine İlişkin Usul ve Esaslar Hakkında Yönetmelik,https://www.resmigazete.gov.tr/eskiler/2000/09/20000916.htm#4
2000-09-16,İlanları Görmek İçin Tıklayanız.,https://www.resmigazete.gov.tr/eskiler/2000/09/20000916.pdf
2000-09-17,2000/1192 Türkiye Cumhuriyeti Hükümeti ile Tunus Cumhuriyeti Hükümeti Arasında Sağlık ve Tıp Alanında İşbirliğine Dair Anlaşma’nın Onaylanması Hakkında Karar,https://www.resmigazete.gov.tr/eskiler/2000/09/20000917.htm#1
2000-09-17,"— İçişleri Bakanlığına, Maliye Bakanı Sümer ORAL’ın Vekâlet Etmesine Dair Tezkere",https://www.resmigazete.gov.tr/eskiler/2000/09/20000917.htm#2
2000-09-17,"— Tarım ve Köyişleri Bakanlığına, Sanayi ve TicaretBakanı Ahmet Kenan TANRIKULU’nun Vekâlet Etmesine Dair Tezkere",https://www.resmigazete.gov.tr/eskiler/2000/09/20000917.htm#3
2000-09-17,2000/1179 Türk Vatandaşlığından Çıkmalarına İzin Verilen 243 Kişiyle İlgili Hükümlerin İptali Hakkında Karar,https://www.resmigazete.gov.tr/eskiler/2000/09/20000917.htm#4
2000-09-17,İlanları Görmek İçin Tıklayanız.,https://www.resmigazete.gov.tr/eskiler/2000/09/20000917.pdf
2000-09-18,2000/1184 Muhtelif Projelere Tahsis Edilmek Üzere Avrupa Konseyi Kalkınma Bankası’ndan Sağlanan Krediye İlişkin Anlaşma’nın Onaylanması Hakkında Karar,https://www.resmigazete.gov.tr/eskiler/2000/09/20000918-1.pdf
2000-09-18,"— Devlet Bakanı Yüksel YALOVA’ya, Devlet Bakanı Edip Safder GAYDALI’nın Vekâlet Etmesine Dair Tezkere",https://www.resmigazete.gov.tr/eskiler/2000/09/20000918-2.pdf
2000-09-18,"— Devlet Bakanı Hasan GEMİCİ’ye, Devlet Bakanı Mustafa YILMAZ’ın Vekâlet Etmesine Dair Tezkere",https://www.resmigazete.gov.tr/eskiler/2000/09/20000918-3.pdf
2000-09-18,2000/1193 2874 Kişinin Türk Vatandaşlığından Çıkmasına İzin Verilmesi ve Türk Vatandaşlığından Çıkmalarına İzin Verilen 31 Kişiyle İlgili Bazı Maddi Hataların Düzeltilmesi Hakkında Karar,https://www.resmigazete.gov.tr/eskiler/2000/09/20000918-4.pdf
2000-09-18,— Türkiye Cumhuriyeti ile Makedonya Cumhuriyeti Arasındaki Serbest TicaretAnlaşmasına İlişkin EUR.1 Dolaşım Sertifikaları Yönetmeliği,https://www.resmigazete.gov.tr/eskiler/2000/09/20000918-5.pdf
2000-09-18,— 2000 Yılı Ağustos Ayına Ait Yatırım Teşvik Belgelerinin Sektörel Dağılımı Hakkında Tebliğ,https://www.resmigazete.gov.tr/eskiler/2000/09/20000918-6.pdf
2000-09-18,— 2000 Yılı Ağustos Ayına Ait Yabancı Sermayeli Yatırım Teşvik Belgelerinin Sektörel Dağılımı Hakkında Tebliğ,https://www.resmigazete.gov.tr/eskiler/2000/09/20000918-7.pdf
2000-09-18,İlanları Görmek İçin Tıklayanız.,https://www.resmigazete.gov.tr/eskiler/2000/09/20000918.pdf
2000-09-19,"— Devlet Bakanı Prof. Dr. Abdulhaluk Mehmet ÇAY’a, Devlet Bakanı Faruk BAL’ın Vekâlet Etmesine Dair Tezkere",https://www.resmigazete.gov.tr/eskiler/2000/09/20000919.htm#1
2000-09-19,— Merkezi Sınav Kapsamındaki Özürlü ve Eski Hükümlüler ile Kapsam Dışındaki Özürlü ve Eski Hükümlülerin Kamu Kurum ve Kuru luşlarına İşçi Olarak Alınmalarına İlişkinTebliğ,https://www.resmigazete.gov.tr/eskiler/2000/09/20000919.htm#2
2000-09-19,— Solvent ve Bazı Petrol Ürünleri İthaline İlişkinTebliğde DeğişiklikYapılmasına Dair Tebliğ,https://www.resmigazete.gov.tr/eskiler/2000/09/20000919.htm#3
2000-09-19,— Anayasa Mahkemesinin E : 2000/14 (4498 Sayılı Kanunla ile İlgili) K : 2000/3 Sayılı Kararı,https://www.resmigazete.gov.tr/eskiler/2000/09/20000919.htm#4
2000-09-19,İlanları Görmek İçin Tıklayanız.,https://www.resmigazete.gov.tr/eskiler/2000/09/20000919.pdf
2000-09-20,"— Milli Savunma Bakanlığına, Devlet Bakanı Prof. Dr. Ramazan MİRZAOĞLU’nun Vekâlet Etmesine Dair Tezkere",https://www.resmigazete.gov.tr/eskiler/2000/09/20000920.htm#1
2000-09-20,"— İçişleri Bakanlığına, Maliye Bakanı Sümer ORAL’ın Vekâlet Etmesine Dair Tezkere",https://www.resmigazete.gov.tr/eskiler/2000/09/20000920.htm#2
2000-09-20,"— Ulaştırma Bakanlığına, Devlet Bakanı Prof. Dr. Tunca TOSKAY’ın Vekâlet Etmesine Dair Tezkere",https://www.resmigazete.gov.tr/eskiler/2000/09/20000920.htm#3
2000-09-20,2000/1219 Askerlik Kanununun Geçici 37 nci Maddesinin Uygulanmasına Dair Usul ve Esaslarda Değişiklik Yapılmasına İlişkin Usul ve Esaslar’ın Yürürlüğe Konulması Hakkında Karar,https://www.resmigazete.gov.tr/eskiler/2000/09/20000920.htm#4
2000-09-20,— Muğla Üniversitesi Lisansüstü Eğitim-Öğretim Yönetmeliği,https://www.resmigazete.gov.tr/eskiler/2000/09/20000920.htm#5
2000-09-20,— İşkolu Tespit Kararı (No : 2000/22),https://www.resmigazete.gov.tr/eskiler/2000/09/20000920.htm#6
2000-09-20,— Özelleştirme Yüksek Kurulunun 2000/67 Sayılı Kararı,https://www.resmigazete.gov.tr/eskiler/2000/09/20000920.htm#7
2000-09-20,İlanları Görmek İçin Tıklayanız.,https://www.resmigazete.gov.tr/eskiler/2000/09/20000920.pdf
2000-09-21,— Fatih Üniversitesi Tıp Fakültesi Tıpta Uzmanlık Eğitimi ve Sınav Yönetmeliği,https://www.resmigazete.gov.tr/eskiler/2000/09/20000921.htm#1
2000-09-21,— Niğde Üniversitesi Önlisans ve Lisans Eğitim-Öğretim ve Sınav Yönetmeliğinin 14 üncü Maddesinin Değiştirilmesine Dair Yönetmelik,https://www.resmigazete.gov.tr/eskiler/2000/09/20000921.htm#2
2000-09-21,İlanları Görmek İçin Tıklayanız.,https://www.resmigazete.gov.tr/eskiler/2000/09/20000921.pdf
2000-09-22,"— Devlet Bakanı Recep ÖNAL’a, Orman Bakanı Prof. Dr. Nami ÇAĞAN’ın Vekâlet Etmesine Dair Tezkere",https://www.resmigazete.gov.tr/eskiler/2000/09/20000922.htm#1
2000-09-22,2000/1221 Mal ve Hizmetlere Uygulanacak Katma Değer Vergisi Oranlarının Tespitine İlişkin Karar'da Değişiklik Yapılması Hakkında Karar,https://www.resmigazete.gov.tr/eskiler/2000/09/20000922.htm#2
2000-09-22,"— Anayasa Mahkemesi Yedek Üyeliğine, Yargıtay Beşinci Hukuk Dairesi Üyesi Mustafa Yaşar AYGÜN’ün Seçilmesi Hakkında Karar (No : 2000/58)",https://www.resmigazete.gov.tr/eskiler/2000/09/20000922.htm#3
2000-09-22,— Devlet Bakanlığına Atama Kararı,https://www.resmigazete.gov.tr/eskiler/2000/09/20000922.htm#4
2000-09-22,— Hakimler ve Savcılar Yüksek Kuruluna Ait Karar,https://www.resmigazete.gov.tr/eskiler/2000/09/20000922.htm#5
2000-09-22,"— Gemiadamlarının Eğitim, Belgelendirme, Sınav, Vardiya Tutma, Kütüklenme ve Donatılma Esasları Hakkında Yönetmelikte Değişiklik Yapılmasına Dair Yönetmelik",https://www.resmigazete.gov.tr/eskiler/2000/09/20000922.htm#6
2000-09-22,— Maliye Bakanlığı Personelinin Yer Değiştirme Suretiyle Atanmalarına İlişkin Yönetmelik,https://www.resmigazete.gov.tr/eskiler/2000/09/20000922.htm#7
2000-09-22,— Özelleştirme Fonu Yönetmeliğinde Değişiklik Yapılması ile Bu Yönetmeliğe Maddeler Eklenmesine Dair Yönetmelik,https://www.resmigazete.gov.tr/eskiler/2000/09/20000922.htm#8
2000-09-22,— Damızlık Harici Canlı Hayvanlar ile Hayvan Maddelerinin İthalatında Kontrol Belgesi Düzenlenmesi İçin Aranacak Belgeler Hakkında Tebliğ (No : 2000/32),https://www.resmigazete.gov.tr/eskiler/2000/09/20000922.htm#9
2000-09-22,"— İhracat, İhracat Sayılan Satış ve Teslimler ile Döviz Kazandırıcı Hizmet Faaliyetlerde Vergi, Resim ve Harç İstisnası Hakkında Tebliğde Değişiklik Yapılmasına Dair Tebliğ (İhracat 2000/14)",https://www.resmigazete.gov.tr/eskiler/2000/09/20000922.htm#10
2000-09-22,İlanları Görmek İçin Tıklayanız.,https://www.resmigazete.gov.tr/eskiler/2000/09/20000922.pdf
2000-09-23,— Gümrük Yönetmeliğinde Değişiklik Yapılmasına Dair Yönetmelik,https://www.resmigazete.gov.tr/eskiler/2000/09/20000923.htm#1
2000-09-23,— Sağlık Meslek Liseleri Yönetmeliğinde Değişiklik Yapılmasına Dair Yönetmelik,https://www.resmigazete.gov.tr/eskiler/2000/09/20000923.htm#2
2000-09-23,— Sağlık Bakanlığı Taşra Teşkilatı Yatak ve Kadro Standartları Yönetmeliğinde Değişiklik Yapılmasına Dair Yönetmelik,https://www.resmigazete.gov.tr/eskiler/2000/09/20000923.htm#3
2000-09-23,— Tarım Orman ve Köyişleri Bakanlığı Arşiv Yönetmeliğinde Değişiklik Yapılmasına Dair Yönetmelik,https://www.resmigazete.gov.tr/eskiler/2000/09/20000923.htm#4
2000-09-23,— Katma Değer Vergisi Genel Tebliği (Seri No : 75),https://www.resmigazete.gov.tr/eskiler/2000/09/20000923.htm#5
2000-09-23,— Katma Değer Vergisi Genel Tebliği (Seri No : 76),https://www.resmigazete.gov.tr/eskiler/2000/09/20000923.htm#6
2000-09-23,— Uluslararası Gözetim Şirketleri Statüsüne İlişkin Karar (Dış Ticarette Standardizasyon: 2000/7),https://www.resmigazete.gov.tr/eskiler/2000/09/20000923.htm#7
2000-09-23,İlanları Görmek İçin Tıklayanız.,https://www.resmigazete.gov.tr/eskiler/2000/09/20000923.pdf
2000-09-24,"— Turizm Bakanlığına, Devlet Bakanı Rüştü Kazım YÜCELEN’in Vekâlet Etmesine Dair Tezkere",https://www.resmigazete.gov.tr/eskiler/2000/09/20000924.htm#1
2000-09-24,"— Türk Veteriner Hekimleri Birliği Veteriner Hekim Odaları Soruşturma, Yargılama Yöntemleri ve Veteriner Hekimlik Disiplin Yönetmeliği",https://www.resmigazete.gov.tr/eskiler/2000/09/20000924.htm#2
2000-09-24,— Tarımsal Ürünlerde İhracat İadesi Yardımlarına İlişkin Para-Kredi ve Koordinasyon Kurulu Tebliği (Tebliğ No: 2000/7),https://www.resmigazete.gov.tr/eskiler/2000/09/20000924.htm#3
2000-09-24,İlanları Görmek İçin Tıklayanız.,https://www.resmigazete.gov.tr/eskiler/2000/09/20000924.pdf
2000-09-25,KHK/611 Emniyet Teşkilatı Kanununda Değişiklik Yapılması Hakkında Kanun Hükmünde Kararname,https://www.resmigazete.gov.tr/eskiler/2000/09/20000925.htm#1
2000-09-25,— Üniversitelerarası Kurul Başkanlığı-Lisansüstü Eğitim ve Öğretim Yönetmeliğinin 21 inci ve 29 uncu Maddelerinin Değiştirilmesine Dair Yönetmelik,https://www.resmigazete.gov.tr/eskiler/2000/09/20000925.htm#2
2000-09-25,— Gaziantep Üniversitesi Meslek Yüksekokulları Eğitim-Öğretim Süresi ile Sınav ve Değerlendirme Esaslarına İlişkinYönetmeliğin 17 nci Maddesinin Değiştirilmesine ve Bir Geçici Madde Eklenmesine Dair Yönetmelik,https://www.resmigazete.gov.tr/eskiler/2000/09/20000925.htm#3
2000-09-25,— İstanbul Valiliği Mahalli Çevre Kurulu Kararı (No: 8),https://www.resmigazete.gov.tr/eskiler/2000/09/20000925.htm#4
2000-09-25,İlanları Görmek İçin Tıklayanız.,https://www.resmigazete.gov.tr/eskiler/2000/09/20000925.pdf
2000-09-26,"— Devlet Bakanı Prof. Dr. Abdulhaluk Mehmet ÇAY’a, Sanayi ve Ticaret Bakanı Ahmet Kenan TANRIKULU’nun Vekâlet Etmesine Dair Tezkere",https://www.resmigazete.gov.tr/eskiler/2000/09/20000926.htm#1
2000-09-26,"— Devlet Bakanı Faruk BAL’a, Devlet Bakanı Prof. Dr. Şuayip ÜŞENMEZ’in Vekâlet Etmesine Dair Tezkere",https://www.resmigazete.gov.tr/eskiler/2000/09/20000926.htm#2
2000-09-26,"— Milli Savunma Bakanlığına, Devlet Bakanı Prof. Dr. Ramazan MİRZAOĞLU’nun Vekâlet Etmesine Dair Tezkere",https://www.resmigazete.gov.tr/eskiler/2000/09/20000926.htm#3
2000-09-26,"— Sağlık Bakanlığına, Tarım ve Köyişleri Bakanı Prof. Dr. Hüsnü Yusuf GÖKALP’in Vekâlet Etmesine Dair Tezkere",https://www.resmigazete.gov.tr/eskiler/2000/09/20000926.htm#4
2000-09-26,— Hakimler ve Savcılar Yüksek Kuruluna Ait Karar,https://www.resmigazete.gov.tr/eskiler/2000/09/20000926.htm#5
2000-09-26,— İşkolu Tespit Kararı (No: 2000/23),https://www.resmigazete.gov.tr/eskiler/2000/09/20000926.htm#6
2000-09-26,İlanları Görmek İçin Tıklayanız.,https://www.resmigazete.gov.tr/eskiler/2000/09/20000926.pdf
2000-09-27,"— Devlet Bakanı Prof. Dr. Şükrü S. GÜREL’e, Milli Eğitim Bakanı Metin BOSTANCIOĞLU’nun Vekâlet Etmesine Dair Tezkere",https://www.resmigazete.gov.tr/eskiler/2000/09/20000927.htm#1
2000-09-27,"— Devlet Bakanı Edip Safder GAYDALI’ya, Devlet Bakanı Yüksel YALOVA’nın Vekâlet Etmesine Dair Tezkere",https://www.resmigazete.gov.tr/eskiler/2000/09/20000927.htm#2
2000-09-27,— Hükümlü Hayrettin KÖSEMET’in Cezasının Kaldırılması Hakkında Karar (No: 2000/59),https://www.resmigazete.gov.tr/eskiler/2000/09/20000927.htm#3
2000-09-27,"— Hâkimler ve Savcılar Yüksek Kurulunca, Danıştay Üyeliklerine Seçilenler Hakkında Karar (Karar No: 738",https://www.resmigazete.gov.tr/eskiler/2000/09/20000927.htm#4
2000-09-27,— Devlet ve Millî Savunma Bakanlıklarına Ait 2 Adet Karar,https://www.resmigazete.gov.tr/eskiler/2000/09/20000927.htm#5
2000-09-27,— Dumlupınar Üniversitesi Lisans Eğitim-Öğretim ve Sınav Yönetmeliğinde Değişiklik Yapılmasına Dair Yönetmelik,https://www.resmigazete.gov.tr/eskiler/2000/09/20000927.htm#7
2000-09-27,— Dumlupınar Üniversitesi Meslek Yüksekokulları Eğitim-Öğretim ve Sınav Yönetmeliğinde Değişiklik Yapılmasına Dair Yönetmelik,https://www.resmigazete.gov.tr/eskiler/2000/09/20000927.htm#8
2000-09-27,— Uludağ Üniversitesi Sosyal Bilimler Enstitüsü Lisansüstü Öğretim Yönetmeliğinin Bazı Maddelerinde Değişiklik Yapılmasına Dair Yönetmelik,https://www.resmigazete.gov.tr/eskiler/2000/09/20000927.htm#9
2000-09-27,(Slovenya Cumhuriyeti Menşeli Bazı Tarım ve İşlenmiş Tarım Ürünleri İthalatında Tarife Kontenjanı Uygulanmasına İlişkin Tebliğ ile İlgili),https://www.resmigazete.gov.tr/eskiler/2000/09/20000927.htm#10
2000-09-27,İlanları Görmek İçin Tıklayanız.,https://www.resmigazete.gov.tr/eskiler/2000/09/20000927.pdf
2000-09-28,KHK/621 Hâkimler ve Savcılar Kanununda Değişiklik Yapılmasına Dair Kanun Hükmünde Kararname,https://www.resmigazete.gov.tr/eskiler/2000/09/20000928.htm#1
2000-09-28,"— Ulaştırma Bakanlığına, Devlet Bakanı Prof. Dr. Tunca TOSKAY’ın Vekâlet Etmesine Dair Tezkere",https://www.resmigazete.gov.tr/eskiler/2000/09/20000928.htm#2
2000-09-28,2000/1203 Merkezi Bursa İlinde Olmak Üzere “Tarihi Kentler Birliği” Adıyla Bir Mahalli İdare Birliğinin Kurulmasına İzin Verilmesi Hakkında Karar,https://www.resmigazete.gov.tr/eskiler/2000/09/20000928.htm#3
2000-09-28,"— Atatürk Kültür, Dil ve Tarih Yüksek Kurumu Başkanlığına Prof. Dr. Sadık TURAL'ın Atanmasına Dair Karar",https://www.resmigazete.gov.tr/eskiler/2000/09/20000928.htm#4
2000-09-28,— Sanayi ve Ticaret Bakanlığı Tüketici ve Rekabet Uzmanlığı Sınav ve Çalışma Esasları Yönetmeliğinde Değişiklik Yapılmasına İlişkin Yönetmelik,https://www.resmigazete.gov.tr/eskiler/2000/09/20000928.htm#5
2000-09-28,— Turizmi Teşvik Kanunu’nun Cezai Hükümlerinin Uygulanması Hakkında Yönetmeliğin Bir Maddesinde Değişiklik Yapılması Hakkında Yönetmelik,https://www.resmigazete.gov.tr/eskiler/2000/09/20000928.htm#6
2000-09-28,— Posta ve Telgraf Teşkilatı Genel Müdürlüğü Teftiş Kurulu Kontrolörleri Yönetmeliği,https://www.resmigazete.gov.tr/eskiler/2000/09/20000928.htm#7
2000-09-28,"— Gaziantep Üniversitesi Tıp Fakültesi Önlisans, Lisans ve Tıp Doktorluğu Eğitim-Öğretim ve Sınav Yönetmeliği",https://www.resmigazete.gov.tr/eskiler/2000/09/20000928.htm#8
2000-09-28,— Süleyman Demirel Üniversitesi Deneysel ve Gözlemsel Öğrenci Araştırma ve Uygulamaları Merkezi Yönetmeliği,https://www.resmigazete.gov.tr/eskiler/2000/09/20000928.htm#9
2000-09-28,— Süleyman Demirel Üniversitesi Seramik Araştırma ve Uygulama Merkezi Yönetmeliği,https://www.resmigazete.gov.tr/eskiler/2000/09/20000928.htm#10
2000-09-28,— Özelleştirme Yüksek Kurulunun 2000/72 Sayılı Kararı,https://www.resmigazete.gov.tr/eskiler/2000/09/20000928.htm#11
2000-09-28,— Özelleştirme Yüksek Kurulunun 2000/73 Sayılı Kararı,https://www.resmigazete.gov.tr/eskiler/2000/09/20000928.htm#12
2000-09-28,— Bankacılık Düzenleme ve Denetleme Kurulunun 59 Sayılı Kararı,https://www.resmigazete.gov.tr/eskiler/2000/09/20000928.htm#13
2000-09-28,— Kayseri Valiliği Mahalli Çevre Kurulu Kararı (No: 6),https://www.resmigazete.gov.tr/eskiler/2000/09/20000928.htm#14
2000-09-28,İlanları Görmek İçin Tıklayanız.,https://www.resmigazete.gov.tr/eskiler/2000/09/20000928.pdf
2000-09-29,2000/1209 1921 Kişiye Türk Vatandaşlığının Kaybettirilmesi Hakkında Karar,https://www.resmigazete.gov.tr/eskiler/2000/09/20000929.htm#1
2000-09-29,— Milli Eğitim Bakanlığına Ait Atama Kararı,https://www.resmigazete.gov.tr/eskiler/2000/09/20000929.htm#2
2000-09-29,— Gayri Sıhhi Müesseseler Yönetmeliği’ne Bir Geçici Madde İlavesine Dair Yönetmelik,https://www.resmigazete.gov.tr/eskiler/2000/09/20000929.htm#3
2000-09-29,— Çevresel Etki Değerlendirmesi Yönetmeliğine Geçici Madde Eklenmesine İlişkin Yönetmelik,https://www.resmigazete.gov.tr/eskiler/2000/09/20000929.htm#4
2000-09-29,— Su Kirliliği Kontrolu Yönetmeliğinde Değişiklik Yapılması Hakkında Yönetmelik,https://www.resmigazete.gov.tr/eskiler/2000/09/20000929.htm#5
2000-09-29,— Hava Kalitesinin Korunması Yönetmeliğinde Değişiklik Yapılması Hakkında Yönetmelik,https://www.resmigazete.gov.tr/eskiler/2000/09/20000929.htm#6
2000-09-29,(Türk Silahlı Kuvvetlerine Mensup Subay ve Astsubayların Atanma ve Yer Değiştirmeleri Hakkında Yönetmeliğin Bazı Maddelerinin Değiştirilmesi Hakkında Yönetmelik ile İlgili),https://www.resmigazete.gov.tr/eskiler/2000/09/20000929.htm#7
2000-09-29,İlanları Görmek İçin Tıklayanız.,https://www.resmigazete.gov.tr/eskiler/2000/09/20000929.pdf
2000-09-30,2000/1274 Akaryakıt Tüketim Vergisi Tutarlarının Tespitine İlişkin Karar,https://www.resmigazete.gov.tr/eskiler/2000/09/20000930.htm#1
2000-09-30,— Milli Savunma Bakanlığına Ait Atama Kararı,https://www.resmigazete.gov.tr/eskiler/2000/09/20000930.htm#2
2000-09-30,— Türkiye Cumhuriyeti ile Makedonya Cumhuriyeti Arasındaki Serbest TicaretAnlaşmasına İlişkin EUR.1 Dolaşım Sertifikaları Yönetmeliğinin 29 uncu Maddesine Bir Fıkra Eklenmesine Dair Yönetmelik,https://www.resmigazete.gov.tr/eskiler/2000/09/20000930.htm#3
2000-09-30,— Başbakanlık Basın-Yayın ve Enformasyon Genel Müdürlüğü Disiplin Amirleri Yönetmeliği,https://www.resmigazete.gov.tr/eskiler/2000/09/20000930.htm#4
2000-09-30,"— Gıda Maddeleri Üretenİşyerlerine ve Ürünlerine VerilenGıda Sicili,Tescil ve Üretimİznine Ait İşlemler İçinAlınacak Ücretlerin Tahsil ve Harcama Usul ve Esaslarına Dair Yönetmelikte Değişiklik Yapılmasına Dair Yönetmelik",https://www.resmigazete.gov.tr/eskiler/2000/09/20000930.htm#5
2000-09-30,— Türk Gıda Kodeksi Baharat Tebliğinde Değişiklik Yapılması Hakkında Tebliğ (No: 2000/35),https://www.resmigazete.gov.tr/eskiler/2000/09/20000930.htm#6
2000-09-30,— Petrol Ürünlerine Uygulanacak Akaryakıt Fiyat İstikrar Fonu Payları Hakkında Tebliğ (PİGM/AFİF 2000-43),https://www.resmigazete.gov.tr/eskiler/2000/09/20000930.htm#7
2000-09-30,— İthalatta Haksız Rekabetin Önlenmesine İlişkin Tebliğ (2000/8),https://www.resmigazete.gov.tr/eskiler/2000/09/20000930.htm#8
2000-09-30,İlanları Görmek İçin Tıklayanız.,https://www.resmigazete.gov.tr/eskiler/2000/09/20000930.pdf
2000-10-01,"— Dışişleri Bakanlığına, Devlet Bakanı Prof. Dr. Şükrü S. GÜREL’in Vekâlet Etmesine Dair Tezkere",https://www.resmigazete.gov.tr/eskiler/2000/10/20001001.htm#1
2000-10-01,— İnönü Üniversitesi Lisansüstü Eğitim-Öğretim Yönetmeliğine Bir Geçici Madde Eklenmesine Dair Yönetmelik,https://www.resmigazete.gov.tr/eskiler/2000/10/20001001.htm#2
2000-10-01,Bursa Valiliği Mahalli Çevre Kurulu Kararı (No: 9),https://www.resmigazete.gov.tr/eskiler/2000/10/20001001.htm#3
2000-10-02,"— Milli Savunma Bakanlığına, Devlet Bakanı Prof. Dr. Ramazan MİRZAOĞLU’nun Vekâlet Etmesine Dair Tezkere",https://www.resmigazete.gov.tr/eskiler/2000/10/20001002.htm#1
2000-10-02,"— Sağlık Bakanlığına, Ulaştırma Bakanı Prof. Dr. Enis ÖKSÜZ’ün Vekâlet Etmesine Dair Tezkere",https://www.resmigazete.gov.tr/eskiler/2000/10/20001002.htm#2
2000-10-02,— Zonguldak Karaelmas Üniversitesi Tıp Fakültesi Yandal Uzmanlığı Eğitim ve Sınav Yönetmeliği,https://www.resmigazete.gov.tr/eskiler/2000/10/20001002.htm#3
2000-10-02,— Zonguldak Karaelmas Üniversitesi Öğretim Üyelerinin Akademik Giysileri Hakkında Yönetmeliğin Bir Maddesinin Değiştirilmesine İlişkin Yönetmelik,https://www.resmigazete.gov.tr/eskiler/2000/10/20001002.htm#4
2000-10-02,"— Türkiye Cumhuriyet Merkez Bankasınca Belirlenen, Dış Krediler Kur Farkı Fonu Kapsamındaki Kredilere Uygulanacak Değişken Faiz Oranı Hakkında Tebliğ",https://www.resmigazete.gov.tr/eskiler/2000/10/20001002.htm#5
2000-10-03,— İçişleri Bakanlığına Ait Atama Kararı,https://www.resmigazete.gov.tr/eskiler/2000/10/20001003.htm#1
2000-10-03,2000/1228 Devlet Memurlarının Yer Değiştirme Suretiyle Atanmalarına İlişkin Yönetmelikte Değişiklik Yapılmasına Dair Yönetmelik,https://www.resmigazete.gov.tr/eskiler/2000/10/20001003.htm#2
2000-10-03,— Zonguldak Karaelmas Üniversitesi Tıp Fakültesi Tıpta Uzmanlık Eğitimi ve Sınav Yönetmeliği,https://www.resmigazete.gov.tr/eskiler/2000/10/20001003.htm#3
2000-10-04,"— Sanayi ve Ticaret Bakanlığına, Tarım ve Köyişleri Bakanı Prof. Dr. Hüsnü Yusuf GÖKALP’in Vekâlet Etmesine Dair Tezkere",https://www.resmigazete.gov.tr/eskiler/2000/10/20001004.htm#1
2000-10-04,— 1998/3 Sayılı Motorlu Taşıtlar Dağıtım ve Servis Anlaşmalarına İlişkin Grup Muafiyeti Tebliğinde Değişiklik Yapılmasına İlişkin Tebliğ (No : 2000/3),https://www.resmigazete.gov.tr/eskiler/2000/10/20001004.htm#2
2000-10-04,— Rekabet Kurulunun 99-49/536-337 (a) Sayılı Kararı,https://www.resmigazete.gov.tr/eskiler/2000/10/20001004.htm#3
2000-10-04,— Rekabet Kurulunun 00-26/289-160 Sayılı Kararı,https://www.resmigazete.gov.tr/eskiler/2000/10/20001004.htm#4
2000-10-04,DÜZELTME (30/6/2000 tarihli ve 2000/871 Sayılı Bakanlar Kurulu Kararı ile İlgili),https://www.resmigazete.gov.tr/eskiler/2000/10/20001004.htm#5
2000-10-05,KHK/626 Başbakanlık Teşkilatı Hakkında Kanun Hükmünde Kararnamenin Değiştirilerek Kabulü Hakkında Kanunda Değişiklik Yapılmasına Dair Kanun Hükmünde Kararname,https://www.resmigazete.gov.tr/eskiler/2000/10/20001005.htm#1
2000-10-05,"KHK/629 Türk Silahlı Kuvvetleri Personel Kanunu ile Jandarma Teşkilat, Görev ve Yetkileri Kanununda Değişiklik Yapılması Hakkında Kanun Hükmünde Kararname",https://www.resmigazete.gov.tr/eskiler/2000/10/20001005.htm#2
2000-10-05,"— Devlet Bakanı ve Başbakan Yardımcısı Mesut YILMAZ’a, Enerji ve Tabii Kaynaklar Bakanı M. Cumhur ERSÜMER’in Vekâlet Etmesine Dair Tezkere",https://www.resmigazete.gov.tr/eskiler/2000/10/20001005.htm#3
2000-10-05,"— Devlet Bakanı Prof. Dr. Şükrü S.GÜREL’e, Devlet Bakanı Fikret ÜNLÜ’nün Vekâlet Etmesine Dair Tezkere",https://www.resmigazete.gov.tr/eskiler/2000/10/20001005.htm#4
2000-10-05,"2000/1236 Çeşitli Tarım Ürünlerinin Desteklenmesi, İç Talebin Karşılanmasıyla Birlikte Üreticilerin Fiyat Hareketlerinden Korunması Amacıyla Destekleme ve Fiyat İstikrar Fonu’ndan Tarım Satış Kooperatifleri Birlikleri ve Tarımsal KİT’lere Kredi Kullandırılmasına İlişkin Karar",https://www.resmigazete.gov.tr/eskiler/2000/10/20001005.htm#5
2000-10-05,— Özel Kreş ve Gündüz Bakımevleri ile Özel Çocuk Kulüpleri Kuruluş ve İşleyiş Esasları Hakkında Yönetmelikte Değişiklik Yapılmasına Dair Yönetmelik,https://www.resmigazete.gov.tr/eskiler/2000/10/20001005.htm#6
2000-10-05,— Ereğli Kömür Havzası Amelebirliği Biriktirme ve Yardımlaşma Sandığı İhale Yönetmeliği,https://www.resmigazete.gov.tr/eskiler/2000/10/20001005.htm#7
2000-10-05,— Yıldız Teknik Üniversitesi İnsan Kaynaklarını Geliştirme Merkezi Yönetmeliğinin 9 uncu Maddesinin Değiştirilmesi Hakkında Yönetmelik,https://www.resmigazete.gov.tr/eskiler/2000/10/20001005.htm#8
2000-10-05,"— Yüzüncü Yıl Üniversitesi Önlisans, Lisans Öğretim ve Sınav Yönetmeliğinin 6 ncı Maddesinin Değiştirilmesi Hakkında Yönetmelik",https://www.resmigazete.gov.tr/eskiler/2000/10/20001005.htm#9
2000-10-05,— Zonguldak Karaelmas Üniversitesi Tıp Fakültesi Eğitim-Öğretim ve Sınav Yönetmeliği,https://www.resmigazete.gov.tr/eskiler/2000/10/20001005.htm#10
2000-10-05,Zonguldak Karaelmas Üniversitesi Hazırlık Eğitimi Yönetmeliği,https://www.resmigazete.gov.tr/eskiler/2000/10/20001005.htm#11
2000-10-06,"704 (10/139, 14, 126, 132, 133) Esas Numaralı Meclis Araştırması Komisyonunun Görev Süresinin Uzatılmasına İlişkin Karar",https://www.resmigazete.gov.tr/eskiler/2000/10/20001006.htm#1
2000-10-06,2000/1251 Türk Vatandaşlığı Kaybettirilen 3 Kişi Hakkındaki Hükmün İptali Hakkında Karar,https://www.resmigazete.gov.tr/eskiler/2000/10/20001006.htm#2
2000-10-06,— Tarımsal Ürünlerde İhracat İadesi Yardımlarına İlişkin Para-Kredi ve Koordinasyon Kurulu Tebliğinde Değişiklik Yapılması Hakkında Tebliğ (No: 2000/9),https://www.resmigazete.gov.tr/eskiler/2000/10/20001006.htm#3
2000-10-06,— Rekabet Kurulunun 99-30/276-166 (a) Sayılı Kararı,https://www.resmigazete.gov.tr/eskiler/2000/10/20001006.htm#4
2000-10-06,— Osmaniye Valiliği Mahalli Çevre Kurulu Kararı (No : 2000/9),https://www.resmigazete.gov.tr/eskiler/2000/10/20001006.htm#5
2000-10-06,DÜZELTME (Zonguldak Karaelmas Üniversitesi Tıp Fakültesi Eğitim-Öğretim ve Sınav Yönetmeliği ile İlgili),https://www.resmigazete.gov.tr/eskiler/2000/10/20001006.htm#6
2000-10-07,"2000/1255 Fiskobirlik Stoklarında Bulunan 1999 Yılı Ürünü Fındığın Yağlığa Ayrılması Sonucu Oluşacak Zararların, Fiskobirlik’in Destekleme ve Fiyat İstikrar Fonu’na Olan Kredi Borçlarına Mahsup Edilmesi Hakkında Karar",https://www.resmigazete.gov.tr/eskiler/2000/10/20001007.htm#1
2000-10-07,— Maliye Bakanlığına Ait Atama Kararı,https://www.resmigazete.gov.tr/eskiler/2000/10/20001007.htm#2
2000-10-07,— İstanbul Teknik Üniversitesi (İTÜ) Yaz Öğretimi Yönetmeliği,https://www.resmigazete.gov.tr/eskiler/2000/10/20001007.htm#3
2000-10-07,— Elektromanyetik Uyumluluk Konusunda Motorlu Taşıtların Onayı ile İlgili Teknik Düzenlemeye (R-10) İlişkin Tebliğ (No: SGM-2000/66),https://www.resmigazete.gov.tr/eskiler/2000/10/20001007.htm#4
2000-10-07,— Çarpışma Durumunda Direksiyon Tertibatına Karşı Sürücünün Korunması Konusunda Motorlu Taşıtların Onayı ile İlgili Teknik Düzenlemeye (R-12) İlişkin Tebliğ (No: SGM-2000/67),https://www.resmigazete.gov.tr/eskiler/2000/10/20001007.htm#5
2000-10-07,— Emniyet Kemeri Bağlantıları Konusunda Motorlu Taşıtların Onayı ile İlgili Teknik Düzenlemeye (R-14) İlişkin Tebliğ (No: SGM-2000/68),https://www.resmigazete.gov.tr/eskiler/2000/10/20001007.htm#6
2000-10-07,"— Koltuklar, Bağlantıları ve Koltuk Başlıkları Konusunda Motorlu Taşıtların Onayı ile İlgili Teknik Düzenlemeye (R-17) İlişkin Tebliğ (No: SGM-2000/69)",https://www.resmigazete.gov.tr/eskiler/2000/10/20001007.htm#7
2000-10-07,— İç Donanım Konusunda Motorlu Taşıtların Onayı ile İlgili Teknik Düzenlemeye (R-21) İlişkin Tebliğ (No: SGM-2000/70),https://www.resmigazete.gov.tr/eskiler/2000/10/20001007.htm#8
2000-10-07,— Hız Ölçer Donanımı ve Yerleştirilmesi Konusunda Motorlu Taşıtların Onayı ile İlgili Teknik Düzenlemeye (R-39) İlişkin Tebliğ (No: SGM-2000/71),https://www.resmigazete.gov.tr/eskiler/2000/10/20001007.htm#9
2000-10-07,— Üst Yapısının Dayanıklılığı Konusunda Büyük Yolcu Taşıtlarının Onayı ile İlgili Teknik Düzenlemeye (R-66) İlişkin Tebliğ (No: SGM-2000/72),https://www.resmigazete.gov.tr/eskiler/2000/10/20001007.htm#10
2000-10-07,"— Yan Koruma Konusunda Yük Taşıtlarının, Römorkların ve Yarı-Römorkların Onayı ile İlgili Teknik Düzenlemeye (R-73) İlişkin Tebliğ (No: SGM-2000/73)",https://www.resmigazete.gov.tr/eskiler/2000/10/20001007.htm#11
2000-10-07,— Alarm Sistemlerinin ve Alarm Sistemleri Konusunda Motorlu Taşıtların Onayı ile İlgili Teknik Düzenlemeye (R-97) İlişkin Tebliğ (No: SGM-2000/74),https://www.resmigazete.gov.tr/eskiler/2000/10/20001007.htm#12
2000-10-07,— Yargıtay 2. Hukuk Dairesine Ait Bir Adet Karar,https://www.resmigazete.gov.tr/eskiler/2000/10/20001007.htm#13
2000-10-08,"— Devlet Bakanı Edip Safder GAYDALI’ya,Devlet Bakanı Rüştü Kazım YÜCELEN’in Vekâlet Etmesine Dair Tezkere",https://www.resmigazete.gov.tr/eskiler/2000/10/20001008.htm#1
2000-10-08,"— Milli Savunma Bakanlığına, Devlet Bakanı Prof.Dr. Ramazan MİRZAOĞLU’nun Vekâlet Etmesine Dair Tezkere",https://www.resmigazete.gov.tr/eskiler/2000/10/20001008.htm#2
2000-10-08,"— Çalışma ve Sosyal Güvenlik Bakanlığına, Turizm Bakanı Erkan MUMCU’nun Vekâlet Etmesine Dair Tezkere",https://www.resmigazete.gov.tr/eskiler/2000/10/20001008.htm#3
2000-10-08,"— Çevre Bakanlığına,Orman Bakanı Prof. Dr. Nami ÇAĞAN’ın Vekâlet Etmesine Dair Tezkere",https://www.resmigazete.gov.tr/eskiler/2000/10/20001008.htm#4
2000-10-08,2000/1306 Birincil Yakıtı Doğal Gaz İkincil Yakıtı Akaryakıt Olan Elektrik Santrallarında Kullanılan Yakıtlara Uygulanacak Akaryakıt Tüketim Vergisi Hakkında Karar,https://www.resmigazete.gov.tr/eskiler/2000/10/20001008.htm#5
2000-10-08,2000/1308 2000 Yılında Kuraklık Nedeniyle Köy Tüzel Kişiliğine veya Şahıslarına Ait Çayır ve Meralar ile Yem Bitkisi Ekilişleri Zarar Gören Hayvan Yetiştiricilerinin Hayvancılıkla İlgili Kredi Borçlarının Ertelenmesi Hakkında Karar,https://www.resmigazete.gov.tr/eskiler/2000/10/20001008.htm#6
2000-10-08,2000/1311 Akaryakıt Tüketim Vergisi Tutarlarının Tespitine İlişkin Karar,https://www.resmigazete.gov.tr/eskiler/2000/10/20001008.htm#7
2000-10-08,"2000/1312 Türkiye Elektrik Üretim, İletim Anonim Şirketi’nin; Türkiye Elektrik İletim Anonim Şirketi, Elektrik Üretim Anonim Şirketi ve Türkiye Elektrik Ticaret ve Taahhüt Anonim Şirketi Unvanlı Üç Ayrı İktisadi Devlet Teşekkülü Şeklinde Teşkilatlandırılmasına İlişkin Karar",https://www.resmigazete.gov.tr/eskiler/2000/10/20001008.htm#8
2000-10-08,2000/1273 Merkez Valisi Turan GENÇ’in Emniyet Genel Müdürü (Vali) Kadrosuna Atanması Hakkında Karar,https://www.resmigazete.gov.tr/eskiler/2000/10/20001008.htm#9
2000-10-08,"— Devlet Bakanı ve Başbakan Yardımcılığı ile Devlet, Maliye, Bayındırlık ve İskan, Sağlık, Tarım ve Köyişleri, Çalışma ve Sosyal Güvenlik, Sanayi ve Ticaret, Enerji ve Tabii Kaynaklar, Turizm ve Orman Bakanlıklarına Ait Atama Kararları",https://www.resmigazete.gov.tr/eskiler/2000/10/20001008.htm#10
2000-10-08,2000/1307 Türkiye Elektrik Üretim İletim Anonim Şirketi ve Türkiye Elektrik Dağıtım Anonim Şirketi Dışındaki Kuruluşlara Elektrik Enerjisi Üretim Tesisi Kurma ve İşletme İzni Verilmesi Esaslarını Belirleyen Yönetmelikte Değişiklik Yapılması Hakkında Yönetmelik,https://www.resmigazete.gov.tr/eskiler/2000/10/20001008.htm#11
2000-10-08,— Anadolu Tapu ve Kadastro Meslek Lisesi Yönetmeliği,https://www.resmigazete.gov.tr/eskiler/2000/10/20001008.htm#12
2000-10-08,— Kimyevi Gübre Denetim Yönetmeliğinde Değişiklik Yapılmasına Dair Yönetmelik,https://www.resmigazete.gov.tr/eskiler/2000/10/20001008.htm#13
2000-10-09,- Sanayi ve Ticaret Bakanlığı Tüketicinin ve Rekabetin Korunması Genel Müdürlüğü Kontrolörler Yönetmeliği,https://www.resmigazete.gov.tr/eskiler/2000/10/20001009.htm#1
2000-10-10,2000/1260 Bazı Ticari Mahiyette Eşyanın Bedelsiz İthaline İlişkin Karar,https://www.resmigazete.gov.tr/eskiler/2000/10/20001010.htm#1
2000-10-10,2000/1310 Merkezde Günlük Çalışma Saatlerinin Tesbitine İlişkin Karar’da Değişiklik Yapılmasına Dair Karar,https://www.resmigazete.gov.tr/eskiler/2000/10/20001010.htm#2
2000-10-10,"2000/1257 Basın-İlan Kurumu Genel Kurulu’nda Boşalan Sanayi ve Ticaret Bakanlığı Temsilciliğinde, Kalan Süreyi Tamamlamak Üzere, Adı Geçen Bakanlık Müsteşar Yardımcısı Doç. Dr. Adem ŞAHİN’in Görevlendirilmesi Hakkında Karar",https://www.resmigazete.gov.tr/eskiler/2000/10/20001010.htm#3
2000-10-10,— Çalışma ve Sosyal Güvenlik Bakanlığına Ait Bir Adet Atama Kararı,https://www.resmigazete.gov.tr/eskiler/2000/10/20001010.htm#4
2000-10-10,— T.C. Emekli Sandığı Genel Müdürlüğü Dinlenme ve Bakımevleri (Huzurevleri) İşletme Yönetmeliği,https://www.resmigazete.gov.tr/eskiler/2000/10/20001010.htm#5
2000-10-10,— İstanbul Teknik Üniversitesi Lisans İngilizce Hazırlık Eğitim ve Öğretim Yönetmeliği,https://www.resmigazete.gov.tr/eskiler/2000/10/20001010.htm#6
2000-10-10,— 87/13 Sıra No’lu Para-Kredi ve Koordinasyon Kurulu Tebliğinde Değişiklik Yapılması Hakkında Tebliğ (No: 2000/8),https://www.resmigazete.gov.tr/eskiler/2000/10/20001010.htm#7
2000-10-10,— Ege Halı İhracatçıları Birliğininin Kapatılmasına İlişkin Tebliğ (İhracat :2000/16),https://www.resmigazete.gov.tr/eskiler/2000/10/20001010.htm#8
2000-10-10,— Uluslararası Gözetim Şirketleri Statüsüne İlişkin Karar (Dış Ticarette Standardizasyon : 2000/8),https://www.resmigazete.gov.tr/eskiler/2000/10/20001010.htm#9
2000-10-10,— Bazı Ticari Mahiyette Eşyanın Bedelsiz İthaline İlişkin Tebliğ (Bedelsiz İthalat Seri No : 2),https://www.resmigazete.gov.tr/eskiler/2000/10/20001010.htm#10
2000-10-11,"— İçişleri Bakanlığına, Maliye Bakanı Sümer ORAL’ın Vekâlet Etmesine Dair Tezkere",https://www.resmigazete.gov.tr/eskiler/2000/10/20001011.htm#1
2000-10-11,2000/1225 Bazı Mahalli İdare Birliklerinin Kurulmasına İzin Verilmesi Hakkında Karar,https://www.resmigazete.gov.tr/eskiler/2000/10/20001011.htm#2
2000-10-11,2000/1305 Bazı Yerlerde Arazi Toplulaştırması Yapılması Hakkında Karar,https://www.resmigazete.gov.tr/eskiler/2000/10/20001011.htm#3
2000-10-11,— Tarımsal Mekanizasyon Araçlarının Kredili Satışına Esas Deney ve Denetimlerle İlgili Tebliğ (No : 2000/37),https://www.resmigazete.gov.tr/eskiler/2000/10/20001011.htm#4
2000-10-11,"— Anayasa Mahkemesinin E : 1996/57 (4161) Sayılı Kanun ile İlgili), K : 1997/3 Sayılı Kararı",https://www.resmigazete.gov.tr/eskiler/2000/10/20001011.htm#5
2000-10-12,2000/1259 Marmara Depremi Nedeniyle Oluşan Hasarların Giderilmesini Teminen Kalıcı Konutlara Tahsis Edilmek Üzere Avrupa Konseyi Kalkınma Bankası’ndan Sağlanan Kredinin 63 Milyon ABD Doları Tutarındaki İlk Dilimi İçin Türkiye Cumhuriyeti ile Adı Geçen Banka Arasında İmzalanan Anlaşma’nın Onaylanması Hakkında Karar,https://www.resmigazete.gov.tr/eskiler/2000/10/20001012.htm#1
2000-10-12,"— Adalet Bakanlığına, Devlet Bakanı ve Başbakan Yardımcısı H. Hüsamettin ÖZKAN’ın Vekâlet Etmesine Dair Tezkere",https://www.resmigazete.gov.tr/eskiler/2000/10/20001012.htm#2
2000-10-12,"2000/1230 “Telekomünikasyon Kurumu Kadrolarında Çalıştırılacakların Unvan, Sayı ve Nitelikleri, Hizmet Sözleşmesi ve Sözleşme Usul ve Esaslarında Değişiklik Yapılmasına Dair Esaslar”ın Yürürlüğe Konulması Hakkında Karar",https://www.resmigazete.gov.tr/eskiler/2000/10/20001012.htm#3
2000-10-12,— Maden İhale Yönetmeliğinde Değişiklik Yapılması Hakkında Yönetmelik,https://www.resmigazete.gov.tr/eskiler/2000/10/20001012.htm#4
2000-10-12,— Selçuk Üniversitesi Döner Sermaye İşletmesi Yönetmeliği,https://www.resmigazete.gov.tr/eskiler/2000/10/20001012.htm#5
2000-10-12,— Avrupa Topluluğu veya İkili ve Çok Taraflı Serbest Ticaret/Tercihli Ticaret Anlaşmaları Çerçevesinde Bazı Gıda Maddelerine İlişkin Açılan Tarife Kontenjanlarından Faydalanabilmek İçin Tarım ve Köyişleri Bakanlığından Uygunluk Belgesi Alınması Aşamasında Aranacak Şartlara İlişkin Tebliğde Değişiklik Yapılması Hakkında Tebliğ (No: 2000/38),https://www.resmigazete.gov.tr/eskiler/2000/10/20001012.htm#6
2000-10-12,— Dış Ticarette Standardizasyon Tebliğinde Değişiklik Yapılması Hakkında Tebliğ (No: 2000/21),https://www.resmigazete.gov.tr/eskiler/2000/10/20001012.htm#7
2000-10-12,"— Antalya İli Sınırları Dahilinde, Sokakta Yaşayan veya Sokakta Çalıştırılan Çocukların Korunması Suretiyle Kamu Esenliğinin Sağlanması ile İlgili Güvenlik Kararı (No: 2000/1)",https://www.resmigazete.gov.tr/eskiler/2000/10/20001012.htm#8
2000-10-12,— Balıkesir Valiliği Mahalli Çevre Kurulu Kararı (No: 2000/8),https://www.resmigazete.gov.tr/eskiler/2000/10/20001012.htm#9
2000-10-12,— Kilis Valiliği Mahalli Çevre Kurulu Kararı (No: 1),https://www.resmigazete.gov.tr/eskiler/2000/10/20001012.htm#10
2000-10-12,"Anayasa Mahkemesinin E:1999/10 (213 Sayılı Vergi Usul Kanunu ile İlgili), K: 1999/23 Sayılı Kararı",https://www.resmigazete.gov.tr/eskiler/2000/10/20001012.htm#11
2000-10-12,"Anayasa Mahkemesinin E:1999/39 (4454 Basın ve Yayın Yoluyla İşlenen Suçlarla ile İlgili), K: 2000/23 Sayılı Kararı",https://www.resmigazete.gov.tr/eskiler/2000/10/20001012.htm#12
2000-10-13,"2000/1227 Türkiye-Arnavutluk Ekonomik, Ticari, Sanayi ve Teknik İşbirliği Karma Komisyonu Altıncı Dönem Toplantısı Protokolu’nun Onaylanması Hakkında Karar",https://www.resmigazete.gov.tr/eskiler/2000/10/20001013.htm#1
2000-10-13,"— Devlet Bakanı Yüksel YALOVA’ya, Enerji ve Tabii Kaynaklar Bakanı M. Cumhur ERSÜMER’in Vekâlet Etmesine Dair Tezkere",https://www.resmigazete.gov.tr/eskiler/2000/10/20001013.htm#2
2000-10-13,— Fatih Üniversitesi Hazırlık Sınıfı Yönetmeliğinin Bazı Maddelerinde Değişiklik Yapılmasına Dair Yönetmelik,https://www.resmigazete.gov.tr/eskiler/2000/10/20001013.htm#3
2000-10-13,— Fatih Üniversitesi Yaz Dönemi Öğretim Yönetmeliğinin Bazı Maddelerinde Değişiklik Yapılmasına Dair Yönetmelik,https://www.resmigazete.gov.tr/eskiler/2000/10/20001013.htm#4
2000-10-13,"— Mülki İdare Amirleri Atama, Değerlendirme ve Yerdeğiştirme Yönetmeliğinin İlçe Sınıflarını Düzenleyen (Ek: II) Sayılı Cetvelde Değişiklik Yapılması Hakkında Tebliğ (No: 2000/3)",https://www.resmigazete.gov.tr/eskiler/2000/10/20001013.htm#5
2000-10-13,— İşkolu Tespit Kararı (No: 2000/24),https://www.resmigazete.gov.tr/eskiler/2000/10/20001013.htm#6
2000-10-13,"— Anayasa Mahkemesinin E: 1999/7 (Siyasi Parti Malî Denetimi), K: 2000/6 Sayılı Kararı",https://www.resmigazete.gov.tr/eskiler/2000/10/20001013.htm#7
2000-10-13,"— Anayasa Mahkemesinin E: 1999/12 (Siyasi Parti Malî Denetimi), K: 2000/7 Sayılı Kararı",https://www.resmigazete.gov.tr/eskiler/2000/10/20001013.htm#8
2000-10-13,"— Anayasa Mahkemesinin E: 1999/21 (Siyasi Parti Malî Denetimi), K: 2000/8 Sayılı Kararı",https://www.resmigazete.gov.tr/eskiler/2000/10/20001013.htm#9
2000-10-13,"— Anayasa Mahkemesinin E: 1999/19 (Siyasi Parti Malî Denetimi), K: 2000/9 Sayılı Kararı",https://www.resmigazete.gov.tr/eskiler/2000/10/20001013.htm#10
2000-10-13,"— Anayasa Mahkemesinin E: 1999/23 (Siyasi Parti Malî Denetimi), K: 2000/10 Sayılı Kararı",https://www.resmigazete.gov.tr/eskiler/2000/10/20001013.htm#11
2000-10-13,"Anayasa Mahkemesinin E: 1999/17 (Siyasi Parti Malî Denetimi), K: 2000/11 Sayılı Kararı",https://www.resmigazete.gov.tr/eskiler/2000/10/20001013.htm#12
2000-10-13,"— Anayasa Mahkemesinin E: 1999/9 (Siyasi Parti Malî Denetimi), K: 2000/12 Sayılı Kararı",https://www.resmigazete.gov.tr/eskiler/2000/10/20001013.htm#13
2000-10-14,"— Milli Eğitim Bakanlığına, Devlet Bakanı Fikret ÜNLÜ’nün Vekâlet Etmesine Dair Tezkere",https://www.resmigazete.gov.tr/eskiler/2000/10/20001014.htm#1
2000-10-14,"— Fatih Üniversitesi Lisans Öğretim ve Sınav Yönetmeliğinin Bazı Maddelerinde Değişiklik Yapılmasına, 18 ve 29 uncu Maddelerinin Bazı Bentlerinin Yürürlükten Kaldırılmasına Dair Yönetmelik",https://www.resmigazete.gov.tr/eskiler/2000/10/20001014.htm#2
2000-10-14,— Fatih Üniversitesi Meslek Yüksek Okulları Öğretim ve Sınav Yönetmeliğinin Bazı Maddelerinde Değişiklik Yapılmasına ve 18 inci Maddesinin Bir Bendinin Yürürlükten Kaldırılmasına Dair Yönetmelik,https://www.resmigazete.gov.tr/eskiler/2000/10/20001014.htm#3
2000-10-15,"— Devlet Bakanı Prof. Dr. Tunca TOSKAY’a, Tarım ve Köyişleri Bakanı Prof. Dr. Hüsnü Yusuf GÖKALP’in Vekâlet Etmesine Dair Tezkere",https://www.resmigazete.gov.tr/eskiler/2000/10/20001015.htm#1
2000-10-15,"— Devlet Bakanı Prof. Dr. Ramazan MİRZAOĞLU’na, Milli Savunma Bakanı Sabahattin ÇAKMAKOĞLU’nun Vekâlet Etmesine Dair Tezkere",https://www.resmigazete.gov.tr/eskiler/2000/10/20001015.htm#2
2000-10-15,"— Dışişleri Bakanlığına, Devlet Bakanı Prof. Dr. Şükrü S. GÜREL’in Vekâlet Etmesine Dair Tezkere",https://www.resmigazete.gov.tr/eskiler/2000/10/20001015.htm#3
2000-10-15,"— Ulaştırma Bakanlığı’na, Devlet Bakanı Prof. Dr. Şuayip ÜŞENMEZ’in Vekâlet Etmesine Dair Tezkere",https://www.resmigazete.gov.tr/eskiler/2000/10/20001015.htm#4
2000-10-15,— Başkent Üniversitesi Burs Yönetmeliği,https://www.resmigazete.gov.tr/eskiler/2000/10/20001015.htm#5
2000-10-15,— Erciyes Üniversitesi Sürekli Eğitim Merkezi (ERSEM) Yönetmeliği,https://www.resmigazete.gov.tr/eskiler/2000/10/20001015.htm#6
2000-10-15,— 2000 Yılı Eylül Ayına Ait Yatırım Teşvik Belgelerinin Sektörel Dağılımı Hakkında Tebliğ,https://www.resmigazete.gov.tr/eskiler/2000/10/20001015.htm#7
2000-10-15,— 2000 Yılı Eylül Ayına Ait Yabancı Sermayeli Teşvik ve Yatırım İzin Belgelerinin Sektörel Dağılımı Hakkında Tebliğ,https://www.resmigazete.gov.tr/eskiler/2000/10/20001015.htm#8
2000-10-16,2000/1249 Türkiye-Slovenya Kara Taşımacılığı Toplantısı Protokolu'nun Onaylanması Hakkında Karar,https://www.resmigazete.gov.tr/eskiler/2000/10/20001016.htm#1
2000-10-16,"- Cumhurbaşkanlığına, Yeni TBMM Başkanı Seçilene Kadar TBMM Başkanvekili Vecdi GÖNÜL'ün, TBMM Başkanı Seçildikten Sonra da, Yeni Seçilen TBMM Başkanı'nın Vekâlet Etmesine Dair Tezkere",https://www.resmigazete.gov.tr/eskiler/2000/10/20001016.htm#2
2000-10-16,"- Devlet Bakanı Prof. Dr. Abdulhaluk Mehmet ÇAY'a, Devlet Bakanı Faruk BAL'ın Vekâlet Etmesine Dair Tezkere",https://www.resmigazete.gov.tr/eskiler/2000/10/20001016.htm#3
2000-10-16,- Denizcilik Müsteşarlığı Merkez Teşkilatı Sicil Amirleri Yönetmeliğinde Değişiklik Yapılmasına İlişkin Yönetmelik,https://www.resmigazete.gov.tr/eskiler/2000/10/20001016.htm#4
2000-10-16,- Denizcilik Müsteşarlığı Disiplin Amirleri Yönetmeliğinde Değişiklik Yapılmasına İlişkin Yönetmelik,https://www.resmigazete.gov.tr/eskiler/2000/10/20001016.htm#5
2000-10-16,- Cumhuriyet Üniversitesi Lisansüstü Eğitim ve Öğretim Yönetmeliği,https://www.resmigazete.gov.tr/eskiler/2000/10/20001016.htm#6
2000-10-17,"2000/1390 Tabii Afet Nedeniyle Zarar Gören Çiftçi, Esnaf ve Sanatkar, Küçük ve Orta Boy İşletmeler, Serbest Meslek Mensubu ve Sanayi ve Ticaret Erbabı ile Menkul ve Gayrimenkul Malları Zarar Gören Gerçek ve Tüzel Kişilerin Kredi Borçlarının Ertelenmesi ve Bu Kişilere Yeni Kredi Açılması Hakkında Karar",https://www.resmigazete.gov.tr/eskiler/2000/10/20001017.htm#1
2000-10-17,"2000/1400 2001 Yılı Programı ile 2001 Yılı Programının Uygulanması, Koordinasyonu ve İzlenmesine Dair Kara",https://www.resmigazete.gov.tr/eskiler/2000/10/20001017.htm#2
2000-10-17,"2000/1401 Kamu İktisadi Teşebbüsleri ve Bağlı Ortaklıklarının, 2001 Yılına Ait Genel Yatırım ve Finansman Programı’na İlişkin Karar",https://www.resmigazete.gov.tr/eskiler/2000/10/20001017.htm#3
2000-10-17,"— Sağlık Bakanlığına, Bayındırlık ve İskan Bakanı Koray AYDIN’ın, Vekâlet Etmesine Dair Tezkere",https://www.resmigazete.gov.tr/eskiler/2000/10/20001017.htm#4
2000-10-17,"— Kültür Bakanlığına, Devlet Bakanı Mustafa YILMAZ’ın, Vekâlet Etmesine Dair Tezkere",https://www.resmigazete.gov.tr/eskiler/2000/10/20001017.htm#5
2000-10-17,— Hükümlü İhsan TUNÇER’in Cezasının Kaldırılması Hakkında Karar (No: 2000/61),https://www.resmigazete.gov.tr/eskiler/2000/10/20001017.htm#6
2000-10-17,— Adalet Bakanlığı Memur Sınav-Atama ve Nakil Yönetmeliğinde Değişiklik Yapılmasına Dair Yönetmelik,https://www.resmigazete.gov.tr/eskiler/2000/10/20001017.htm#7
2000-10-17,— Petrol Ürünlerine Uygulanacak Akaryakıt Fiyat İstikrar Fonu Payları Hakkında Tebliğ (PİGM/AFİF 2000-45),https://www.resmigazete.gov.tr/eskiler/2000/10/20001017.htm#8
2000-10-17,— Antalya Valiliğine Ait “Spor Müsabakaları Nedeniyle Vukubulan Şiddet Olayları veya Kötü Tezahüratın Önlenmesi Suretiyle Kamu Düzeninin Sağlanmasına Dair” Karar (No: 2000/1),https://www.resmigazete.gov.tr/eskiler/2000/10/20001017.htm#9
2000-10-17,— Eskişehir Valiliği Mahalli Çevre Kurulu Kararı (No: 8),https://www.resmigazete.gov.tr/eskiler/2000/10/20001017.htm#10
2000-10-18,"— Devlet Bakanı ve Başbakan Yardımcısı Mesut YILMAZ’a, Enerji ve Tabii Kaynaklar Bakanı M.Cumhur ERSÜMER’in Vekâlet Etmesine Dair Tezkere",https://www.resmigazete.gov.tr/eskiler/2000/10/20001018.htm#1
2000-10-18,"2000/1301 İhracatçı Birliklerinin Kuruluşu,İşleyişi, İştigal Sahaları, Organları, Üyelerin Hak ve Yükümlülüklerine Dair Kararda Değişiklik Yapılması Hakkında Karar",https://www.resmigazete.gov.tr/eskiler/2000/10/20001018.htm#2
2000-10-18,2000/1302 İthalat Rejimi Kararına Ek Karar,https://www.resmigazete.gov.tr/eskiler/2000/10/20001018.htm#3
2000-10-18,— Milli Savunma ile Enerji ve Tabii Kaynaklar Bakanlıklarına Ait 3 Adet Atama Kararı,https://www.resmigazete.gov.tr/eskiler/2000/10/20001018.htm#4
2000-10-18,2000/1391 Güvenlik Soruşturması ve Arşiv Araştırması Yönetmeliğinde Değişiklik Yapılması Hakkında Yönetmelik,https://www.resmigazete.gov.tr/eskiler/2000/10/20001018.htm#5
2000-10-18,— Türkiye Radyo-Televizyon Kurumunun Teşkilatlanmasına İlişkin Usul Hakkında Yönetmelik,https://www.resmigazete.gov.tr/eskiler/2000/10/20001018.htm#6
2000-10-18,— Çankaya Üniversitesi Satın Alma ve İhale Yönetmeliğinin 46 ncı Maddesinin Değiştirilmesine Dair Yönetmelik,https://www.resmigazete.gov.tr/eskiler/2000/10/20001018.htm#7
2000-10-18,— Özelleştirme Yüksek Kurulunun 2000/76 Sayılı Kararı,https://www.resmigazete.gov.tr/eskiler/2000/10/20001018.htm#8
2000-10-19,— Türkiye Büyük Millet Meclisi Başkanlığına Konya Milletvekili Ömer İZGİ’nin Seçildiğine Dair Karar,https://www.resmigazete.gov.tr/eskiler/2000/10/20001019.htm#1
2000-10-19,"— Çevre Bakanlığına, Orman Bakanı Prof. Dr. Nami ÇAĞAN’ın Vekâlet Etmesine Dair Tezkere",https://www.resmigazete.gov.tr/eskiler/2000/10/20001019.htm#2
2000-10-19,2000/1291 1918 Sayılı Kaçakçılığın Men ve Takibine Dair Kanunun Değişik 27 nci Maddesinin Dördüncü Fıkrasında Belirtilen Miktarın Yükseltilmesi Hakkında Karar,https://www.resmigazete.gov.tr/eskiler/2000/10/20001019.htm#3
2000-10-19,"2000/1303 3017 Kişinin Türk Vatandaşlığından Çıkmasına İzin Verilmesi, Bazı Kararnameler ile Türk Vatandaşlığından Çıkmalarına İzin Verilen 9 Kişiyle İlgili Bazı Maddi Hataların Düzeltilmesi ve 61 Kişi Hakkındaki Hükümlerin İptaline Dair Karar",https://www.resmigazete.gov.tr/eskiler/2000/10/20001019.htm#4
2000-10-19,— Hakimler ve Savcılar Yüksek Kuruluna Ait Atama Kararı,https://www.resmigazete.gov.tr/eskiler/2000/10/20001019.htm#5
2000-10-19,— Hakimler ve Savcılar Yüksek Kuruluna Ait Karar,https://www.resmigazete.gov.tr/eskiler/2000/10/20001019.htm#6
2000-10-19,— Konut Edindirme Yardımı Hesaplarının Tasfiyesi Hakkında Tebliğ (Tebliğ No: 2000/1),https://www.resmigazete.gov.tr/eskiler/2000/10/20001019.htm#7
2000-10-19,— Vergi Usul Kanunu Genel Tebliği (Sıra No: 287),https://www.resmigazete.gov.tr/eskiler/2000/10/20001019.htm#8
2000-10-20,"— Turizm Bakanlığına, Devlet Bakanı Rüştü Kazım YÜCELEN’in Vekâlet Etmesine Dair Tezkere",https://www.resmigazete.gov.tr/eskiler/2000/10/20001020.htm#1
2000-10-20,— Hakimler ve Savcılar Yüksek Kuruluna Ait Atama Kararı,https://www.resmigazete.gov.tr/eskiler/2000/10/20001020.htm#2
2000-10-20,— Millî Eğitim Bakanlığı Kurumlarında Sözleşmeli veya Ek Ders Görevi İle Görevlendirilecek Uzman ve Usta Öğreticiler Hakkında Yönetmelikte Değişiklik Yapılmasına Dair Yönetmelik,https://www.resmigazete.gov.tr/eskiler/2000/10/20001020.htm#3
2000-10-20,— Millî Eğitim Bakanlığı Anadolu Öğretmen Liseleri Yönetmeliğinde Değişiklik Yapılması Hakkında Yönetmelik,https://www.resmigazete.gov.tr/eskiler/2000/10/20001020.htm#4
2000-10-20,— Millî Eğitim Bakanlığına Bağlı Okul Pansiyonları Yönetmeliğinin 10 uncu Maddesinde Değişiklik Yapılmasına İlişkin Yönetmelik,https://www.resmigazete.gov.tr/eskiler/2000/10/20001020.htm#5
2000-10-20,— Hacettepe Üniversitesi Döner Sermaye İşletmesi Yönetmeliği,https://www.resmigazete.gov.tr/eskiler/2000/10/20001020.htm#6
2000-10-20,— İşkolu Tespit Kararı (No: 2000/25),https://www.resmigazete.gov.tr/eskiler/2000/10/20001020.htm#7
2000-10-20,"— Anayasa Mahkemesinin E: 1997/62 (4306 Sayılı Kanun İle İlgili), K: 1998/52 Sayılı Kararı",https://www.resmigazete.gov.tr/eskiler/2000/10/20001020.htm#8
2000-10-20,— Yargıtay 1. Hukuk Dairesine Ait Bir Adet Karar,https://www.resmigazete.gov.tr/eskiler/2000/10/20001020.htm#9
2000-10-21,"— Devlet Bakanı Prof. Dr. Şuayip ÜŞENMEZ'e, Ulaştırma Bakanı Prof. Dr. Enis ÖKSÜZ’ün Vekâlet Etmesine Dair Tezkere",https://www.resmigazete.gov.tr/eskiler/2000/10/20001021.htm#1
2000-10-21,— Dokuz Eylül Üniversitesi Yabancı Diller Yüksek Okulu Hazırlık Öğretim Yönetmeliğine Geçici 2 nci Madde Eklenmesi Hakkında Yönetmelik,https://www.resmigazete.gov.tr/eskiler/2000/10/20001021.htm#2
2000-10-21,— Mersin Üniversitesi Tıp Fakültesi Öğretim ve Sınav Yönetmeliğinin Bazı Maddelerinin Değiştirilmesi ve Bu Yönetmeliğe Bir Madde Eklenmesine Dair Yönetmelik,https://www.resmigazete.gov.tr/eskiler/2000/10/20001021.htm#3
2000-10-21,— Dış Ticarette Standardizasyon Tebliğinde Değişiklik Yapılması Hakkında Tebliğ (No: 2000/22) — Dış Ticarette Standardizasyon Tebliğinde Değişiklik Yapılması Hakkında Tebliğ (No: 2000/23),https://www.resmigazete.gov.tr/eskiler/2000/10/20001021.htm#4
2000-10-21,— Türk Medeni Kanunu Hükümlerine Göre Kurulan Vakıflar Hakkında Tebliğde Değişiklik Yapılması Hakkında Tebliğ,https://www.resmigazete.gov.tr/eskiler/2000/10/20001021.htm#6
2000-10-21,— Rekabet Kurulunun 00-8/70-32 sayılı Kararı,https://www.resmigazete.gov.tr/eskiler/2000/10/20001021.htm#7
2000-10-21,— Rekabet Kurulunun 00-25/258-140 sayılı Kararı,https://www.resmigazete.gov.tr/eskiler/2000/10/20001021.htm#8
2000-10-21,— Rekabet Kurulunun 00-27/293-163 sayılı Kararı,https://www.resmigazete.gov.tr/eskiler/2000/10/20001021.htm#9
2000-10-21,— Niğde Valiliği Umumi Hıfzısıhha Kurulu Kararı (No: 5),https://www.resmigazete.gov.tr/eskiler/2000/10/20001021.htm#10
2000-10-21,"— Anayasa Mahkemesinin E: 2000/27 (657 Sayılı Kanunda Değişiklik Yapan 527 Sayılı KHK ile İlgili), K: 2000/24 Sayılı Kararı",https://www.resmigazete.gov.tr/eskiler/2000/10/20001021.htm#11
2000-10-22,"2000/1290 Türkiye-Küba Ticaret, Ekonomik ve Sınai İşbirliği Karma Komisyonu III. Dönem Toplantısı Protokolu’nun Onaylanması Hakkında Karar",https://www.resmigazete.gov.tr/eskiler/2000/10/20001022.htm#1
2000-10-22,"— Maliye Bakanlığına, İçişleri Bakanı Sadettin TANTAN’ın Vekâlet Etmesine Dair Tezkere",https://www.resmigazete.gov.tr/eskiler/2000/10/20001022.htm#2
2000-10-22,— Orta Doğu Teknik Üniversitesi Döner Sermaye İşletmesi Yönetmeliği,https://www.resmigazete.gov.tr/eskiler/2000/10/20001022.htm#3
2000-10-22,— Türk Gıda Kodeksi Bal Tebliği (No: 2000/39),https://www.resmigazete.gov.tr/eskiler/2000/10/20001022.htm#4
2000-10-23,2000/1282 Türkiye-Bulgaristan Ulaştırma Karma Komisyon 17. Toplantısı Protokolu’nun Onaylanması Hakkında Karar,https://www.resmigazete.gov.tr/eskiler/2000/10/20001023.htm#1
2000-10-23,"— Devlet Bakanı Hasan GEMİCİ'ye, Devlet Bakanı Fikret ÜNLÜ’nün Vekâlet Etmesine Dair Tezkere",https://www.resmigazete.gov.tr/eskiler/2000/10/20001023.htm#2
2000-10-23,"— Milli Eğitim Bakanlığına, Devlet Bakanı Recep ÖNAL’ın Vekâlet Etmesine Dair Tezkere",https://www.resmigazete.gov.tr/eskiler/2000/10/20001023.htm#3
2000-10-23,"— Çalışma ve Sosyal Güvenlik Bakanlığına, Enerji ve Tabii Kaynaklar Bakanı M. Cumhur ERSÜMER'in Vekâlet Etmesine Dair Tezkere",https://www.resmigazete.gov.tr/eskiler/2000/10/20001023.htm#4
2000-10-23,— İstanbul Üniversitesi Lisansüstü Eğitim ve Öğretim Yönetmeliğinin Bazı Maddelerinin Değiştirilmesine Dair Yönetmelik,https://www.resmigazete.gov.tr/eskiler/2000/10/20001023.htm#5
2000-10-24,"— Adalet Bakanlığına, Devlet Bakanı ve Başbakan Yardımcısı H. Hüsamettin ÖZKAN’ın Vekâlet Etmesine Dair Tezkere",https://www.resmigazete.gov.tr/eskiler/2000/10/20001024.htm#1
2000-10-24,"— Tapu ve Kadastro Denetmenlerinin Mesleğe Giriş ve Yeterlik Sınavları ile Çalışma, Görev, Yetki ve Sorumluluklarına İlişkin Usul ve Esasları Hakkında Yönetmelik",https://www.resmigazete.gov.tr/eskiler/2000/10/20001024.htm#2
2000-10-24,— Gümrük Kontrolörleri Yönetmeliğinde Değişiklik Yapılmasına Dair Yönetmelik,https://www.resmigazete.gov.tr/eskiler/2000/10/20001024.htm#3
2000-10-25,"— Başbakanlığa, Devlet Bakanı ve Başbakan Yardımcısı Dr. Devlet BAHÇELİ’nin Vekâlet Etmesine Dair Tezkere",https://www.resmigazete.gov.tr/eskiler/2000/10/20001025.htm#1
2000-10-25,"— Devlet Bakanı Faruk BAL’a, Devlet Bakanı Prof. Dr. Tunca TOSKAY’ın Vekâlet Etmesine Dair Tezkere",https://www.resmigazete.gov.tr/eskiler/2000/10/20001025.htm#2
2000-10-25,"— Dışişleri Bakanlığına, Devlet Bakanı Prof. Dr. Şükrü S. GÜREL’in Vekâlet Etmesine Dair Tezkere",https://www.resmigazete.gov.tr/eskiler/2000/10/20001025.htm#3
2000-10-25,— Hâkimler ve Savcılar Yüksek Kuruluna Ait Karar,https://www.resmigazete.gov.tr/eskiler/2000/10/20001025.htm#4
2000-10-25,— Sosyal Güvenlik Kurumu Sosyal Güvenlik Yüksek Danışma Kurulu Çalışma Usul ve Esaslarına Dair Yönetmelik,https://www.resmigazete.gov.tr/eskiler/2000/10/20001025.htm#5
2000-10-25,— Üniversitelerarası Kurul Başkanlığı-Doçentlik Sınav Yönetmeliğine Geçici Bir Madde Eklenmesine Dair Yönetmelik,https://www.resmigazete.gov.tr/eskiler/2000/10/20001025.htm#6
2000-10-25,— Iğdır İlinde Egzoz Gazı Ölçümü Konusunda Uygulanacak Esaslarla İlgili Tebliğ,https://www.resmigazete.gov.tr/eskiler/2000/10/20001025.htm#7
2000-10-26,"— Devlet Bakanı Prof. Dr. Abdulhaluk Mehmet ÇAY’a, Devlet Bakanı Prof. Dr. Ramazan MİRZAOĞLU’nun Vekâlet Etmesine Dair Tezkere",https://www.resmigazete.gov.tr/eskiler/2000/10/20001026.htm#1
2000-10-26,"— Turizm Bakanlığına, Devlet Bakanı Yüksel YALOVA’nın Vekâlet Etmesine Dair Tezkere",https://www.resmigazete.gov.tr/eskiler/2000/10/20001026.htm#2
2000-10-26,— Hükümlü Cengaver AKÇAY’ın Cezasının Kaldırılması Hakkında Karar (No: 2000/62),https://www.resmigazete.gov.tr/eskiler/2000/10/20001026.htm#3
2000-10-26,"— Devlet, Adalet, Dışişleri, Maliye, Bayındırlık ve İskan, Tarım ve Köyişleri, Sanayi ve Ticaret, Turizm ile Orman Bakanlıklarına Ait Atama Kararları",https://www.resmigazete.gov.tr/eskiler/2000/10/20001026.htm#4
2000-10-26,"— İçişleri Bakanlığı Sivil Savunma Genel Müdürlüğü, Genel Müdür Yardımcısı Kadrosunun İki’den Üç’e Çıkarılması Hakkında Karar",https://www.resmigazete.gov.tr/eskiler/2000/10/20001026.htm#5
2000-10-26,— Ulaştırma Bakanlığı Personeli Görevde Yükselme Yönetmeliği,https://www.resmigazete.gov.tr/eskiler/2000/10/20001026.htm#6
2000-10-26,— Çevresel Etki Değerlendirmesi Yönetmeliğinde Değişiklik Yapılmasına Dair Yönetmelik,https://www.resmigazete.gov.tr/eskiler/2000/10/20001026.htm#7
2000-10-26,— Sakarya Üniversitesi Yabancı Dille Eğitim-Öğretim Yönetmeliği,https://www.resmigazete.gov.tr/eskiler/2000/10/20001026.htm#8
2000-10-26,— Uluslararası Gözetim Şirketleri Statüsüne İlişkin Karar (Dış Ticarette Standardizasyon: 2000/9),https://www.resmigazete.gov.tr/eskiler/2000/10/20001026.htm#9
2000-10-26,— İhracat 96/39 Sayılı Sektörel Dış Ticaret Şirketleri Statüsüne İlişkin Tebliğ’de Değişiklik Yapılmasına Dair Tebliğ (İhracat 2000/17),https://www.resmigazete.gov.tr/eskiler/2000/10/20001026.htm#10
2000-10-26,"— Anayasa Mahkemesinin E: 1999/7 (2004 sayılı Kanun ile İlgili), K: 1999/31 sayılı Kararı",https://www.resmigazete.gov.tr/eskiler/2000/10/20001026.htm#11
2000-10-27,2000/1324 Çay İşletmeleri Genel Müdürlüğü’ne Ait Bazı Kadro ve Pozisyonlarda Değişiklik Yapılması Hakkında Karar,https://www.resmigazete.gov.tr/eskiler/2000/10/20001027.htm#1
2000-10-27,"2000/1399 Bankacılık Düzenleme ve Denetleme Kurulu Başkanı,İkinci Başkan ve Üyelerinin Aylık Ücretlerinin Belirlenmesine İlişkin 2000/1007 sayılı Bakanlar Kurulu Kararı’nın Eki Karar’a Ek Maddeler Eklenmesine Dair Karar",https://www.resmigazete.gov.tr/eskiler/2000/10/20001027.htm#2
2000-10-27,— Ulaştırma Bakanlığına Ait Bir Adet Atama Kararı,https://www.resmigazete.gov.tr/eskiler/2000/10/20001027.htm#3
2000-10-27,— Sosyal Hizmetler ve Çocuk Esirgeme Kurumu Genel Müdürlüğü Görevde Yükselme Yönetmeliği,https://www.resmigazete.gov.tr/eskiler/2000/10/20001027.htm#4
2000-10-27,"— Galatasaray Üniversitesi, Fen-Edebiyat Fakültesi Lisans Öğretim ve Sınav Yönetmeliği",https://www.resmigazete.gov.tr/eskiler/2000/10/20001027.htm#5
2000-10-27,— Çin Halk Cumhuriyeti Menşeli Belirli Ürünlere Ait 2001 Yılı Kotalarının Dağıtımına İlişkin Tebliğ (No: 2000/2),https://www.resmigazete.gov.tr/eskiler/2000/10/20001027.htm#6
2000-10-27,— Çin Halk Cumhuriyeti Menşeli Gözetime Tabi Ürünlere İlişkin Tebliğ (No: 2000/3),https://www.resmigazete.gov.tr/eskiler/2000/10/20001027.htm#7
2000-10-27,— 95/11 Sıra No’lu Para-Kredi ve Koordinasyon Kurulu Tebliğinde Değişiklik Yapılması Hakkında Tebliğ (Tebliğ No: 2000/10),https://www.resmigazete.gov.tr/eskiler/2000/10/20001027.htm#8
2000-10-27,"— Anayasa Mahkemesinin E: 2000/55 (213 sayılı Kanunda Değişiklik Yapan 4369 sayılı Kanun ile ilgili), K: 2000/26 sayılı Kararı",https://www.resmigazete.gov.tr/eskiler/2000/10/20001027.htm#9
2000-10-28,706 Türkiye Büyük Millet Meclisi Başkanlık Divanı Üyelikleri İçin Yapılan Seçime Dair Karar,https://www.resmigazete.gov.tr/eskiler/2000/10/20001028.htm#1
2000-10-28,"— Devlet Bakanı Prof. Dr. Şükrü GÜREL’e, Devlet Bakanı Fikret ÜNLÜ’nün Vekâlet Etmesine Dair Tezkere",https://www.resmigazete.gov.tr/eskiler/2000/10/20001028.htm#2
2000-10-28,"— Kültür Bakanlığına, Devlet Bakanı Hasan GEMİCİ’nin Vekâlet Etmesine Dair Tezkere",https://www.resmigazete.gov.tr/eskiler/2000/10/20001028.htm#3
2000-10-28,2000/1313 Başbakanlık Basımevi Döner Sermaye İşletmesi’nin Sermayesinin Artırılması Hakkında Karar,https://www.resmigazete.gov.tr/eskiler/2000/10/20001028.htm#4
2000-10-28,"2000/1317 4046 Sayılı Kanun ile İhdas Edilen Bazı Kadroların Sınıf, Unvan ve Derecelerinin Değiştirilerek Bazı Kurumlara Tahsis Edilmesi ve 190 Sayılı Kanun Hükmünde Kararnameye Bağlı Cetvellerin İlgili Bölümlerine Eklenmesi Hakkında Karar",https://www.resmigazete.gov.tr/eskiler/2000/10/20001028.htm#5
2000-10-28,2000/1336 Makedonya Cumhuriyeti Menşeli Bazı Tarım Ürünleri İthalatınd a Tarife Kontenjanı Uygulanması Hakkında Karar,https://www.resmigazete.gov.tr/eskiler/2000/10/20001028.htm#6
2000-10-28,2000/1397 3096 Sayılı Kanuna Tabi Karadeniz-Ereğlisi Kombine Çevrim Doğalgaz Santralı Projesine 3996 Sayılı Kanunun 4493 Sayılı Kanun ile Değişik 5 inci Maddesi Hükmünün Uygulanması Hakkında Karar,https://www.resmigazete.gov.tr/eskiler/2000/10/20001028.htm#7
2000-10-28,2000/1398 Türkiye Petrolleri Anonim Ortaklığının Yurt Dışında Şirketler Kurması ve Kurulmuş Şirketlere İştirak Etmesi Hakkında Karar,https://www.resmigazete.gov.tr/eskiler/2000/10/20001028.htm#8
2000-10-28,— Yeni Yerleşmeler Kredi Fonunun Kullanılması Hakkında Yönetmeliğin Yürürlü kten Kaldırılmasına İlişkin Yönetmelik,https://www.resmigazete.gov.tr/eskiler/2000/10/20001028.htm#9
2000-10-28,— Sosyal Sigortalar Kurumu Yönetim Kurulu Çalışma Yönetmeliği,https://www.resmigazete.gov.tr/eskiler/2000/10/20001028.htm#10
2000-10-28,— Sosyal Sigortalar Kurumu Başkanlığı İhale İşlemleri Yönetmeliği,https://www.resmigazete.gov.tr/eskiler/2000/10/20001028.htm#11
2000-10-28,"— Anayasa Mahkemesinin E: 2000/45 (4588 Sayılı Kanun i le ilgili), K: 2000/27 sayılı Kararı",https://www.resmigazete.gov.tr/eskiler/2000/10/20001028.htm#12
2000-10-30,4592 Türkiye Cumhuriyeti Hükümeti ile Azerbaycan Cumhuriyeti Hükümeti Arasında Denizcilik Anlaşmasının Onaylanmasının Uygun Bulunduğuna Dair Kanun,https://www.resmigazete.gov.tr/eskiler/2000/10/20001030.htm#1
2000-10-30,"— Devlet Bakanı Prof. Dr. Tunca TOSKAY'a, Sanayi ve Ticaret Bakanı Ahmet Kenan TANRIKULU’nun Vekâlet Etmesine Dair Tezkere",https://www.resmigazete.gov.tr/eskiler/2000/10/20001030.htm#2
2000-10-30,"— Dışişleri Bakanlığına, Devlet Bakanı ve Başbakan Yardımcısı H. Hüsamettin ÖZKAN’ın Vekâlet Etmesine Dair Tezkere",https://www.resmigazete.gov.tr/eskiler/2000/10/20001030.htm#3
2000-10-30,— Devlet Bakanlığına Ait 3 Adet Atama Kararı,https://www.resmigazete.gov.tr/eskiler/2000/10/20001030.htm#4
2000-10-30,— Çalışma ve Sosyal Güvenlik Bakanlığı Sicil Amirleri Yönetmeliğinin Üçüncü Maddesinin Değiştirilmesine Hakkında Yönetmelik,https://www.resmigazete.gov.tr/eskiler/2000/10/20001030.htm#5
2000-10-30,— Çalışma ve Sosyal Güvenlik Bakanlığı Disiplin Amirleri Yönetmeliğinin Bir Maddesinin Değiştirilmesi Hakkında Yönetmelik,https://www.resmigazete.gov.tr/eskiler/2000/10/20001030.htm#6
2000-10-30,— Çalışma ve Sosyal Güvenlik Bakanlığı Yurtdışı İşçi Hizmetleri Uzman Yardımcılığı ve Uzmanlığı ile Yurtdışı Teşkilatı Kadrolarına Yapılacak Atamaların Esas ve Usullerine Dair Yönetmelik,https://www.resmigazete.gov.tr/eskiler/2000/10/20001030.htm#7
2000-10-30,— Motorlu Araçların Çekme Tertibatları ile İlgili Tip Onayı Yönetmeliği (77/389/AT),https://www.resmigazete.gov.tr/eskiler/2000/10/20001030.htm#8
2000-10-30,— Akdeniz Üniversitesi Eğitim-Öğretim ve Sınav Yönetmeliğinin Bazı Maddelerinde Değişiklik Yapılmasına İlişkin Yönetmelik,https://www.resmigazete.gov.tr/eskiler/2000/10/20001030.htm#9
2000-10-30,— Akdeniz Üniversitesi Sosyal Bilimler Enstitüsü Lisansüstü Eğitim ve Öğretim Yönetmeliğinin 20 nci Maddesine Bir Fıkra Eklenmesine İlişkin Yönetmelik,https://www.resmigazete.gov.tr/eskiler/2000/10/20001030.htm#10
2000-10-30,— Anadolu Üniversitesi Lisansüstü Eğitim-Öğretim ve Sınav Yönetmeliğinin 26 ncı ve 34 üncü Maddelerinde Değişiklik Yapılmasına Dair Yönetmelik,https://www.resmigazete.gov.tr/eskiler/2000/10/20001030.htm#11
2000-10-30,— Karadeniz Teknik Üniversitesi Lisansüstü Eğitim -Öğretim Yönetmeliğinin Bazı Maddelerinde Değişiklik Yapılmasına İlişkin Yönetmelik,https://www.resmigazete.gov.tr/eskiler/2000/10/20001030.htm#12
2000-10-30,— Mimar Sinan Üniversitesi Fen Bilimleri ve Sosyal Bilimler Enstitüleri Lisansüstü Eğitim ve Öğretim Yönetmeliğinin 7 nci Maddesinin (c) Bendinin Yürürlükten Kaldırılması Hakkında Yönetmelik,https://www.resmigazete.gov.tr/eskiler/2000/10/20001030.htm#13
2000-10-30,— Spor Müsabakaları Nedeniyle Vukubulan Şiddet Olayları ve Kötü Tezahüratın Önlenmesi Suretiyle Kamu Düzeninin Sağlanmasına Dair Karar,https://www.resmigazete.gov.tr/eskiler/2000/10/20001030.htm#14
2000-10-31,2000/1318 Tekerlekli Araçlar ve Bu Araçlara Takılan ve/veya Bu Araçlarda Kullanılan Aksam ve Parçalarla İlgili Küresel Teknik Düzenlemelerin Kabulüne Dair Anlaşma’ya Katılmamız Hakkında Karar,https://www.resmigazete.gov.tr/eskiler/2000/10/20001031.htm#1
2000-10-31,2000/1337 Makedonya Cumhuriyeti Menşeli Bazı Sanayi Ürünleri İthalatında Tarife Kontenjanı Uygulanması Hakkında Karar,https://www.resmigazete.gov.tr/eskiler/2000/10/20001031.htm#2
2000-10-31,"— Çalışma Genel Müdürlüğü Çalışma Uzman Yardımcılığı ve Uzmanlığı Atama, Görev ve Çalışma Yönetmeliği",https://www.resmigazete.gov.tr/eskiler/2000/10/20001031.htm#3
2000-10-31,"— İş Sağlığı ve Güvenliği Genel Müdürlüğü İş Sağlığı ve Güvenliği Uzman Yardımcılığı ve Uzmanlığı Atama, Görev ve Çalışma Yönetmeliği",https://www.resmigazete.gov.tr/eskiler/2000/10/20001031.htm#4
2000-10-31,"— Sosyal Güvenlik Kurumu Başkanlığı Sosyal Güvenlik Uzman Yardımcılığı ve Uzmanlığı Atama, Görev ve Çalışma Yönetmeliği",https://www.resmigazete.gov.tr/eskiler/2000/10/20001031.htm#5
2000-10-31,— Sosyal Sigortalar Kurumu Başkanlığı Taşınmaz Mallar Yönetmeliği,https://www.resmigazete.gov.tr/eskiler/2000/10/20001031.htm#6
2000-10-31,— Sosyal Sigortalar Kurumu Başkanlığı Alım-Satım İşlemleri Yönetmeliği,https://www.resmigazete.gov.tr/eskiler/2000/10/20001031.htm#7
2000-10-31,— Sosyal Sigortalar Kurumu Başkanlığı Sağlık İşleri Genel Müdürlüğü Sağlık İşletmeleri Yönetmeliği,https://www.resmigazete.gov.tr/eskiler/2000/10/20001031.htm#8
2000-10-31,"— Serbest Muhasebecilik, Serbest Muhasebeci Mali Müşavirlik ve Yeminli Mali Müşavirlik Disiplin Yönetmeliği",https://www.resmigazete.gov.tr/eskiler/2000/10/20001031.htm#9
2000-10-31,— İzmir Yüksek Teknoloji Enstitüsü Lisans Eğitim-Öğretim Süresi ile Sınav ve Değerlendirme Esaslarına İlişkin Yönetmelikte Değişiklik Yapılmasına Dair Yönetmelik,https://www.resmigazete.gov.tr/eskiler/2000/10/20001031.htm#10
2000-10-31,— İzmir Yüksek Teknoloji Enstitüsü Öğrenci Kayıt-Kabul İşleri Yönetmeliğinde Değişiklik Yapılmasına Dair Yönetmelik,https://www.resmigazete.gov.tr/eskiler/2000/10/20001031.htm#11
2000-10-31,— 2001 Yılı Fuar Takvimi (İçticaret 2000/2),https://www.resmigazete.gov.tr/eskiler/2000/10/20001031.htm#12
2000-10-31,"— Anayasa Mahkemesinin E: 2000/52 (606 Sayılı Kanun ile İlgili), K: 2000/29 Sayılı Kararı",https://www.resmigazete.gov.tr/eskiler/2000/10/20001031.htm#13
2000-11-01,2000/1341 Türkiye Cumhuriyeti ile Kuzey Kıbrıs Türk Cumhuriyeti Arasında Yatırımlarda Devlet Yardımları Anlaşması’nın Onaylanması Hakkında Karar,https://www.resmigazete.gov.tr/eskiler/2000/11/20001101.htm#1
2000-11-01,— Devlet Bakanlığına Ait Bir Adet Atama Kararı,https://www.resmigazete.gov.tr/eskiler/2000/11/20001101.htm#2
2000-11-01,— Sigorta ve Reasürans Brokerleri Yönetmeliği,https://www.resmigazete.gov.tr/eskiler/2000/11/20001101.htm#3
2000-11-01,— Çankaya Üniversitesi Lisans Eğitim-Öğretim Süreleriyle Sınav ve Değerlendirme Esaslarına İlişkin Yönetmeliğin 19 uncu Maddesinin Değiştirilmesine Dair Yönetmelik,https://www.resmigazete.gov.tr/eskiler/2000/11/20001101.htm#4
2000-11-01,— Çankaya Üniversitesi Lisansüstü Eğitim-Öğretim Yönetmeliğinin 32 ve 38 inci Maddelerinin Değiştirilmesine Dair Yönetmelik,https://www.resmigazete.gov.tr/eskiler/2000/11/20001101.htm#5
2000-11-01,— İthalatta Haksız Rekabetin Önlenmesine İlişkin Tebliğ (2000/9),https://www.resmigazete.gov.tr/eskiler/2000/11/20001101.htm#6
2000-11-01,— Sektörel Dış Ticaret Şirketi Statüsünün Geri Alınmasına İlişkin Karar,https://www.resmigazete.gov.tr/eskiler/2000/11/20001101.htm#7
2000-11-01,"— Türkiye Cumhuriyet Merkez Bankasınca Belirlenen, Dış Krediler Kur Farkı Fonu Kapsamındaki Kredilere Uygulanacak Değişken Faiz Oranı Hakkında Tebliğ",https://www.resmigazete.gov.tr/eskiler/2000/11/20001101.htm#8
2000-11-02,"2000/1340 Türkiye Cumhuriyeti Hükümeti ile Yunanistan Cumhuriyeti Hükümeti Arasında Tarım Alanında Teknik, Bilimsel ve Ekonomik İşbirliği Protokolu’nun Onaylanması Hakkında Karar",https://www.resmigazete.gov.tr/eskiler/2000/11/20001102.htm#1
2000-11-02,"— Devlet Bakanı ve Başbakan Yardımcısı MesutYILMAZ’a, Enerji ve Tabii Kaynaklar Bakanı M. Cumhur ERSÜMER’in Vekâlet Etmesine Dair Tezkere",https://www.resmigazete.gov.tr/eskiler/2000/11/20001102.htm#2
2000-11-02,"— Devlet Bakanı Rüştü Kazım YÜCELEN’e, Devlet Bakanı Edip Safder GAYDALI’nın Vekâlet Etmesine Dair Tezkere",https://www.resmigazete.gov.tr/eskiler/2000/11/20001102.htm#3
2000-11-02,"— Devlet Bakanı Hasan GEMİCİ’ye, Devlet Bakanı Mustafa YILMAZ’ın Vekêlet Etmesine Dair Tezkere",https://www.resmigazete.gov.tr/eskiler/2000/11/20001102.htm#4
2000-11-02,"2000/1375 İstanbul İli Ümraniye Belediyesi’ne Bağlı İş Yerlerinde Belediye – İş Sendikasınca Uygulanmakta Olan Grevin, Genel Sağlığı Bozucu Nitelikte Görüldüğünden 60 Gün Süreyle Ertelenmesi Hakkında Karar",https://www.resmigazete.gov.tr/eskiler/2000/11/20001102.htm#5
2000-11-02,2000/1381 Tuz Gölü’nün Özel Çevre Koruma Bölgesi Olarak Tespit ve İlanına İlişkin Karar,https://www.resmigazete.gov.tr/eskiler/2000/11/20001102.htm#6
2000-11-02,"2000/1465 Tabii Afet Nedeniyle Hayatını Kaybeden, Sakat Kalan ve Fiilen Oturduğu Konutları veya Kullandıkları İş Yerleri Hasar Görenlere Yapılacak Yardımlara Dair Kararda Değişiklik Yapılmasına İlişkin Karar",https://www.resmigazete.gov.tr/eskiler/2000/11/20001102.htm#7
2000-11-02,"— İnsan Hakları Kurullarının Görev, Kuruluş ve Çalışma Esasları Hakkında Yönetmelik",https://www.resmigazete.gov.tr/eskiler/2000/11/20001102.htm#8
2000-11-02,— Karayolları Trafik Yönetmeliğinde Değişiklik Yapılması Hakkında Yönetmelik,https://www.resmigazete.gov.tr/eskiler/2000/11/20001102.htm#9
2000-11-02,— Sosyal Sigortalar Kurumu Başkanlığı Sicil Yönetmeliği,https://www.resmigazete.gov.tr/eskiler/2000/11/20001102.htm#10
2000-11-02,— Tekerlekli Tarım veya Orman Traktörlerinin Kuyruk Milli ve Koruyucusu ile İlgili Tip Onayı Yönetmeliği (86/297/AT),https://www.resmigazete.gov.tr/eskiler/2000/11/20001102.htm#11
2000-11-03,2000/1359 3096 Sayılı Kanuna Tabi Yalova Kojenerasyon Termik Santralı Projesine 3996 Sayılı Kanunun 4493 Sayılı Kanun ile Değişik 5 inci Maddesi Hükmünün Uygulanması Hakkında Karar,https://www.resmigazete.gov.tr/eskiler/2000/11/20001103.htm#1
2000-11-03,2000/1361 3096 Sayılı Kanuna Tabi Eskişehir Kombine Çevrim Doğalgaz Santralı Projesine 3996 Sayılı Kanunun 4493 Sayılı Ka nun ile Değişik 5 inci Maddesi Hükmünün Uygulanması Hakkında Karar,https://www.resmigazete.gov.tr/eskiler/2000/11/20001103.htm#2
2000-11-03,2000/1362 3096 Sayılı Kanuna Tabi Tunçbilek A-B Termik Santralı İşletme Hakkı Devri Projesine 3996 Sayılı Kanunun 4493 Sayılı Kanun ile Değişik 5 inci Maddesi Hükmünün Uygulanması Hakkında Karar,https://www.resmigazete.gov.tr/eskiler/2000/11/20001103.htm#3
2000-11-03,2000/1364 Bazı Kurumlarda Görevli Personele Fazla Çalışma Yaptırılması ve Saat Başına Ödenecek Ücretin Tespiti Hakkında Karar,https://www.resmigazete.gov.tr/eskiler/2000/11/20001103.htm#4
2000-11-03,2000/1432 Dahilde İşleme Rejimi Kararında Değişiklik Yapılması Hakkında Karar,https://www.resmigazete.gov.tr/eskiler/2000/11/20001103.htm#5
2000-11-03,"— Hâkimler ve Savcılar Yüksek Kurulu Asıl Üyeliğine, Danıştay Üyesi A. Cengiz DİVANLIOĞLU'nun Seçilmesine Dair Karar",https://www.resmigazete.gov.tr/eskiler/2000/11/20001103.htm#6
2000-11-03,"— Başbakanlık ile Devlet, Milli Savunma, Maliye, Milli Eğitim, Bayındırlık ve İskan, Ulaştırma, Tarım ve Köyişleri, Sanayi ve",https://www.resmigazete.gov.tr/eskiler/2000/11/20001103.htm#7
2000-11-03,— Kurumlar Vergisi Genel Tebl iği (Seri No: 69),https://www.resmigazete.gov.tr/eskiler/2000/11/20001103.htm#8
2000-11-03,— Rekabet Kurulunun 99-31/277-167 Sayılı Kararı,https://www.resmigazete.gov.tr/eskiler/2000/11/20001103.htm#9
2000-11-03,— Rekabet Kurulunun 99-41/435-274 (a) Sayılı Kararı,https://www.resmigazete.gov.tr/eskiler/2000/11/20001103.htm#10
2000-11-03,— Rekabet Kurulunun 00-25/260-142 Sayılı Kararı,https://www.resmigazete.gov.tr/eskiler/2000/11/20001103.htm#11
2000-11-04,2000/1330 Türkiye Cumhuriyeti Adalet Bakanlığı ile Romanya Adalet Bakanlığı Arasında İşbirliğine İlişkin Protokol’ün Onaylanması Hakkında Karar,https://www.resmigazete.gov.tr/eskiler/2000/11/20001104.htm#1
2000-11-04,2000/1366 Türkiye Cumhuriyeti Hükümeti ile Güney Afrika Cumhuriyeti Hükümeti Arasında Turizm Alanında İşbirliği Anlaşması’nın Onaylanması Hakkında Karar,https://www.resmigazete.gov.tr/eskiler/2000/11/20001104.htm#2
2000-11-04,"— Dışişleri Bakanlığına, Devlet Bakanı ve Başbakan Yardımcısı H. Hüsamettin ÖZKAN’ın Vekâlet Etmesine Dair Tezkere",https://www.resmigazete.gov.tr/eskiler/2000/11/20001104.htm#3
2000-11-04,2000/1358 Çatalağzı-B Termik Santralı İşletme Hakkı Devri Projesine 3996 sayılı Kanunun 4493 sayılı Kanun ile değişik 5 inci Maddesi Hükmünün Uygulanması Hakkında Karar,https://www.resmigazete.gov.tr/eskiler/2000/11/20001104.htm#4
2000-11-04,2000/1387 Kaynak Kullanımını Destekleme Fonu Hakkında Kararda Değişiklik Yapılmasına Dair Karar,https://www.resmigazete.gov.tr/eskiler/2000/11/20001104.htm#5
2000-11-04,2000/1468 Akaryakıt Tüketim Vergisi Tutarlarının Tespitine İlişkin Kararın Yürürlüğe Konulması Hakkında Karar,https://www.resmigazete.gov.tr/eskiler/2000/11/20001104.htm#6
2000-11-04,— Denizlerde ve Yurt Yüzeyinde Görülen Patlayıcı Madde ve Şüpheli Cisimlere Uygulanacak Esaslara İlişkin Yönetmelik,https://www.resmigazete.gov.tr/eskiler/2000/11/20001104.htm#7
2000-11-04,— Geri Kalmış Yörelerde Yapılacak Halk Konutu Yapımı Uygulamaları ve Bu Uygulamaların Gerektirdiği Alt Yapı ve Kamulaştırılmalarına Ait Sarf ve Tahsis Yönetmeliğinde Değişiklik Yapılmasına Dair Yönetmelik,https://www.resmigazete.gov.tr/eskiler/2000/11/20001104.htm#8
2000-11-04,— Çevre Düzeni Planlarının Yapılması Esaslarına Dair Yönetmelik,https://www.resmigazete.gov.tr/eskiler/2000/11/20001104.htm#9
2000-11-04,— Gemi ve Deniz Araçlarına Verilecek Cezalarda Suçun Tespiti ve Cezanın Kesilmesi Usulleri ile Kullanılacak Makbuzlara Dair Yönetmeliğin Bir Maddesinin Değiştirilmesine Dair Yönetmelik,https://www.resmigazete.gov.tr/eskiler/2000/11/20001104.htm#10
2000-11-04,— Yüzüncü Yıl Üniversitesi Veteriner Fakültesi Eğitim-Öğretim ve Sınav Yönetmeliğinin 8 inci Maddesinin Değiştirilmesi Hakkında Yönetmelik,https://www.resmigazete.gov.tr/eskiler/2000/11/20001104.htm#11
2000-11-04,— Petrol Ürünlerine Uygulanacak Akaryakıt Fiyat İstikrar Fonu Payları Hakkında Tebliğ (PİGM/AFİF 2000-44),https://www.resmigazete.gov.tr/eskiler/2000/11/20001104.htm#12
2000-11-04,— Petrol Ürünlerine Uygulanacak Akaryakıt Fiyat İstikrar Fonu Payları Hakkında Tebliğ (PİGM/AFİF 2000-46),https://www.resmigazete.gov.tr/eskiler/2000/11/20001104.htm#13
2000-11-04,— Petrol Ürünlerine Uygulanacak Akaryakıt Fiyat İstikrar Fonu Payları Hakkında Tebliğ (PİGM/AFİF 2000-47),https://www.resmigazete.gov.tr/eskiler/2000/11/20001104.htm#14
2000-11-04,— Petrol Ürünlerine Uygulanacak Akaryakıt Fiyat İstikrar Fonu Payları Hakkında Tebliğ (PİGM/AFİF 2000-48),https://www.resmigazete.gov.tr/eskiler/2000/11/20001104.htm#15
2000-11-04,"— Anayasa Mahkemesinin 1999/1 (1086 Sayılı Kanun ile İlgili), K : 1999/33 Sayılı Kararı",https://www.resmigazete.gov.tr/eskiler/2000/11/20001104.htm#16
2000-11-05,2000/1368 Hebron’da Geçici Uluslararası Mevcudiyet (TIPH) Faaliyetlerinin Uzatılması Hakkında Anlaşma'nın Onaylanmasına İlişkin Karar,https://www.resmigazete.gov.tr/eskiler/2000/11/20001105.htm#1
2000-11-05,2000/1373 Sınır Aşan Suçları Önleme ve Mücadele Etmeye İlişkin İşbirliği Anlaşması’nın Onaylanması Hakkında Karar,https://www.resmigazete.gov.tr/eskiler/2000/11/20001105.htm#2
2000-11-05,"— Devlet, Enerji ve Tabii Kaynaklar ile Kültür Bakanlıklarına Ait 7 Adet Atama Kararı",https://www.resmigazete.gov.tr/eskiler/2000/11/20001105.htm#3
2000-11-05,— Bankacılık Düzenleme ve Denetleme Kuruluna Ait Bir Adet Karar,https://www.resmigazete.gov.tr/eskiler/2000/11/20001105.htm#4
2000-11-05,— Petrol Ürünlerine Uygulanacak Akaryakıt Fiyat İstikrar Fonu Payları Hakkında Tebliğ (PİGM/AFİF 2000-49),https://www.resmigazete.gov.tr/eskiler/2000/11/20001105.htm#5
2000-11-05,— Çalışma ve Sosyal Güvenlik Bakanlığına Ait İşkolu Tespit Kararı (No: 2000/26),https://www.resmigazete.gov.tr/eskiler/2000/11/20001105.htm#6
2000-11-05,— Yargıtay 14. Hukuk Dairesine Ait 8 Adet Karar,https://www.resmigazete.gov.tr/eskiler/2000/11/20001105.htm#7
2000-11-06,"2000/1369 Türkiye Cumhuriyeti ile Polonya Cumhuriyeti Arasındaki Serbest Ticaret Anlaşması Çerçevesinde Tesis Edilen Ortak Komite’nin, 2 Sayılı Protokolün B Eki’nde Değinilen Canlı Sığırlar İçin Geçici Telafi Sağlanmasına Dair 2/2000 Sayılı Karar’ın Onaylanması Hakkında Karar",https://www.resmigazete.gov.tr/eskiler/2000/11/20001106.htm#1
2000-11-06,— İstanbul Teknik Üniversitesi Döner Sermaye İşletmesi Yönetmeliği,https://www.resmigazete.gov.tr/eskiler/2000/11/20001106.htm#2
2000-11-06,"— Türk Silahlı Kuvvetleri Mensuplarından Malül Olanlara ve Şehit Olanların Mirasçılarına “Devlet Övünç Madalyası” Verilmesi ile Çeşitli Kararnamelerde “Devlet Övünç Madalyası” Verilen, Bazı Kişilerle İlgili Maddi Hataların Düzeltilmesi ve Bazı Kişilere İlişkin Hükümlerin İptali Hakkında Tebliğ",https://www.resmigazete.gov.tr/eskiler/2000/11/20001106.htm#3
2000-11-06,— Kütahya İlinde Hava Kirliliğinin Önlenmesi Amacıyla Alınması Gereken Tedbirler Hakkında Tebliğ,https://www.resmigazete.gov.tr/eskiler/2000/11/20001106.htm#4
2000-11-07,"— Dışişleri Bakanlığına, DevletBakanı Prof. Dr. Şükrü S. GÜREL’in Vekâlet Etmesine Dair Tezkere",https://www.resmigazete.gov.tr/eskiler/2000/11/20001107.htm#1
2000-11-07,"— Mülki İdare Amirleri Atama, Değerlendirme ve Yerdeğiştirme Yönetmeliğinin İlçe Sınıflarını Düzenleyen (Ek : II) Sayılı Cetvelde Değişiklik Yapılması Hakkında Tebliğ (No : 2000/4)",https://www.resmigazete.gov.tr/eskiler/2000/11/20001107.htm#2
2000-11-07,— Mecburi Standard : ÖSG-2000/101-102 Sayılı Tebliğ,https://www.resmigazete.gov.tr/eskiler/2000/11/20001107.htm#3
2000-11-07,— Uluslararası Gözetim Şirketleri Statüsüne İlişkin Karar (Dış Ticarette Standardizasyon : 2000/10),https://www.resmigazete.gov.tr/eskiler/2000/11/20001107.htm#4
2000-11-07,— Gümrük Genel Tebliği’nde Değişiklik Yapılmasına Dair Tebliğ (Muafiyetler) Seri No : 8,https://www.resmigazete.gov.tr/eskiler/2000/11/20001107.htm#5
2000-11-07,— Anayasa Mahkemesinin E : 2000/69 (611 Sayılı KHKile İlgili) K : 2000/42) Sayılı Kararı,https://www.resmigazete.gov.tr/eskiler/2000/11/20001107.htm#6
2000-11-08,2000/1450 3096 Sayılı Kanuna Tabi Yedigöze Barajı ve Hidro Elektrik Santralı Projesine 3996 Sayılı Kanunun 4493 Sayılı Kanun ile Değişik 5 inci Maddesi Hükmünün Uygulanması Hakkında Karar,https://www.resmigazete.gov.tr/eskiler/2000/11/20001108.htm#1
2000-11-08,2000/1467 Yağlık Ayçiçeği Tohumu ve Ham Ayçiçeği Yağı İthalatında Tarife Kontenjanı Uygulanması Hakkında Karar,https://www.resmigazete.gov.tr/eskiler/2000/11/20001108.htm#2
2000-11-08,2000/1404 TEK Dışındaki Kuruluşların Görevlendirilecekleri Bölgeleri Gösterir Yönetmelikte Değişiklik Yapılmasına Dair Yönetmelik,https://www.resmigazete.gov.tr/eskiler/2000/11/20001108.htm#3
2000-11-08,2000/1418 Hayvan Sağlığı ve Zabıtası Yönetmeliğinde Değişiklik Yapılmasına Dair Yönetmelik,https://www.resmigazete.gov.tr/eskiler/2000/11/20001108.htm#4
2000-11-08,— Özelleştirme Uygulamalarında Değer Tespiti ve İhale Yönetmeliği’nin Bazı Maddelerinin Değiştirilmesine Dair Yönetmelik,https://www.resmigazete.gov.tr/eskiler/2000/11/20001108.htm#5
2000-11-08,— Mecburi Standard Tebliği (Tebliğ No : ÖSG-2000/102-103),https://www.resmigazete.gov.tr/eskiler/2000/11/20001108.htm#6
2000-11-08,— Anayasa Mahkemesinin E : 2000/57 (628 Sayılı KHK ile İlgili) K : 2000/30 Sayılı Kararı,https://www.resmigazete.gov.tr/eskiler/2000/11/20001108.htm#7
2000-11-08,— Anayasa Mahkemesinin E : 2000/58 (629 Sayılı KHK ile İlgili) K : 2000/31 Sayılı Kararı,https://www.resmigazete.gov.tr/eskiler/2000/11/20001108.htm#8
2000-11-08,— Anayasa Mahkemesinin E : 2000/59 (626 Sayılı KHK ile İlgili) K : 2000/32 Sayılı Kararı,https://www.resmigazete.gov.tr/eskiler/2000/11/20001108.htm#9
2000-11-08,— Anayasa Mahkemesinin E : 2000/60 (624 Sayılı KHK ile İlgili) K : 2000/33 Sayılı Kararı,https://www.resmigazete.gov.tr/eskiler/2000/11/20001108.htm#10
2000-11-08,— Anayasa Mahkemesinin E : 2000/61 (619 Sayılı KHK ile İlgili) K : 2000/34 Sayılı Kararı,https://www.resmigazete.gov.tr/eskiler/2000/11/20001108.htm#11
2000-11-08,— Anayasa Mahkemesinin E : 2000/62 (618 Sayılı KHK ile İlgili) K : 2000/35 Sayılı Kararı,https://www.resmigazete.gov.tr/eskiler/2000/11/20001108.htm#12
2000-11-08,— Anayasa Mahkemesinin E : 2000/63 (617 Sayılı KHK ile İlgili) K : 2000/36 Sayılı Kararı,https://www.resmigazete.gov.tr/eskiler/2000/11/20001108.htm#13
2000-11-08,— Anayasa Mahkemesinin E : 2000/64 (609 Sayılı KHK ile İlgili) K : 2000/37 Sayılı Kararı,https://www.resmigazete.gov.tr/eskiler/2000/11/20001108.htm#14
2000-11-08,DÜZELTME : (Orta Doğu Teknik Üniversitesi Döner Sermaye İşletmesi Yönetmeliği ile İlgili),https://www.resmigazete.gov.tr/eskiler/2000/11/20001108.htm#15
2000-11-09,4593 Türkiye Cumhuriyeti ve İsveç Krallığı Arasında 30 Haziran 1978 Tarihinde İmzalanan Sosyal Güvenlik Sözleşmesine Ek Anlaşmanın Onaylanmasının Uygun Bulunduğuna Dair Kanun,https://www.resmigazete.gov.tr/eskiler/2000/11/20001109.htm#1
2000-11-09,4594 Türkiye Cumhuriyeti Hükümeti ile Kanada Hükümeti Arasında Sosyal Güvenlik Anlaşmasının Onaylanmasının Uygun Bulunduğuna Dair Kanun,https://www.resmigazete.gov.tr/eskiler/2000/11/20001109.htm#2
2000-11-09,4595 Türkiye Cumhuriyeti Hükümeti ile Arnavutluk Cumhuriyeti Hükümeti Arasında Sosyal Güvenlik özleşmesinin Onaylanmasının Uygun Bulunduğuna Dair Kanun,https://www.resmigazete.gov.tr/eskiler/2000/11/20001109.htm#3
2000-11-09,4596 Türkiye Cumhuriyeti Hükümeti ile Azerbaycan Cumhuriyeti Hükümeti Arasında Sosyal Güvenlik Sözleşmesinin Onaylanmasının Uygun Bulunduğuna Dair Kanun,https://www.resmigazete.gov.tr/eskiler/2000/11/20001109.htm#4
2000-11-09,4597 Türkiye Cumhuriyeti Hükümeti ile Slovenya Cumhuriyeti Hükümeti Arasında Hava Taşımacılığı Anlaşmasının Onaylanmasının Uygun Bulunduğuna Dair Kanun,https://www.resmigazete.gov.tr/eskiler/2000/11/20001109.htm#5
2000-11-09,4598 Türkiye Cumhuriyeti Hükümeti ile Çin Halk Cumhuriyeti Hong Kong Özel İdari Bölgesi Hükümeti Arasında Hava Taşımacılığı Anlaşmasının Onaylanmasının Uygun Bulunduğuna Dair Kanun,https://www.resmigazete.gov.tr/eskiler/2000/11/20001109.htm#6
2000-11-09,4599 Türkiye Cumhuriyeti Hükümeti ile Slovakya Cumhuriyeti Hükümeti Arasında Hava Taşımacılığı Anlaşmasının Onaylanmasının Uygun Bulunduğuna Dair Kanun,https://www.resmigazete.gov.tr/eskiler/2000/11/20001109.htm#7
2000-11-09,4600 Türkiye Cumhuriyeti Hükümeti ile Federal Almanya Cumhuriyeti Hükümeti Arasındaki Hava Ulaştırma Anlaşmasında Değişiklik Yapılmasına Dair Mutabakat Zaptının Onaylanmasının Uygun Bulunduğu Hakkında Kanun,https://www.resmigazete.gov.tr/eskiler/2000/11/20001109.htm#8
2000-11-09,2000/1420 Türkiye Cumhuriyeti ile Hindistan Cumhuriyeti Dışişleri Bakanlıkları Arasında Siyasi İstişare Mekanizması Kurulmasına İlişkin Mutabakat Muhtırası’nın Onaylanması Hakkında Karar,https://www.resmigazete.gov.tr/eskiler/2000/11/20001109.htm#9
2000-11-09,— Hükümlü Mehmet Turgut TUĞ’un Cezasının Kaldırılması Hakkında Karar,https://www.resmigazete.gov.tr/eskiler/2000/11/20001109.htm#10
2000-11-09,— Uyuşmazlık Mahkemesi Üyeliğine Dr. Dz. Hâk. Kd. Alb. Serdar ÖZGÜLDÜR’ün Seçilmesi Hakkında Karar,https://www.resmigazete.gov.tr/eskiler/2000/11/20001109.htm#11
2000-11-09,— Devlet Bakanlığına Ait Bir Adet Atama Kararı,https://www.resmigazete.gov.tr/eskiler/2000/11/20001109.htm#12
2000-11-09,— Devlet Malzeme Ofisi Teftiş Kurulu Yönetmeliğinin 19 uncu Maddesinin Değiştirilmesi Hakkında Yönetmelik,https://www.resmigazete.gov.tr/eskiler/2000/11/20001109.htm#13
2000-11-09,— İstanbul Üniversitesi Tıpta Uzmanlık Eğitimi ve Sınav Yönetmeliğinin 7 ve 10 uncu Maddelerinde Değişiklik Yapılmasına Dair Yönetmelik,https://www.resmigazete.gov.tr/eskiler/2000/11/20001109.htm#14
2000-11-09,— Küspe Normları Tebliği,https://www.resmigazete.gov.tr/eskiler/2000/11/20001109.htm#15
2000-11-09,— Erzurum Valiliği Mahalli Çevre Kurulu Kararı (No : 5),https://www.resmigazete.gov.tr/eskiler/2000/11/20001109.htm#16
2000-11-09,— Zonguldak Valiliği Mahalli Çevre Kurulu Kararı (No : 8),https://www.resmigazete.gov.tr/eskiler/2000/11/20001109.htm#17
2000-11-10,"— Devlet Bakanı Mehmet KEÇECİLER’e, Devlet Bakanı Yüksel YALOVA’nın Vekalet Etmesine Dair Tezkere",https://www.resmigazete.gov.tr/eskiler/2000/11/20001110.htm#1
2000-11-10,"— Dışişleri Bakanlığına, Devlet Bakanı Prof. Dr. Şükrü S. GÜREL’in Vekalet Etmesine Dair Tezkere",https://www.resmigazete.gov.tr/eskiler/2000/11/20001110.htm#2
2000-11-10,— Hakimler ve Savcılar Yüksek Kurulunca Yargıtay Üyeliklerine Seçilenler Hakkında Karar,https://www.resmigazete.gov.tr/eskiler/2000/11/20001110.htm#3
2000-11-10,2000/1466 Devlet Memurlarının Yer Değiştirme Suretiyle Atanmalarına İlişkin Yönetmelikte Değişiklik Yapılması Hakkında Yönetmelik,https://www.resmigazete.gov.tr/eskiler/2000/11/20001110.htm#4
2000-11-10,— Basınçlı Kaplar ve Bu Kapların Muayene Yöntemlerinin Ortak Hükümlerine Dair Yönetmelik,https://www.resmigazete.gov.tr/eskiler/2000/11/20001110.htm#5
2000-11-10,"— Dikişsiz, Çelikten Mamul Basınçlı Gaz Tüplerine Dair Yönetmelik",https://www.resmigazete.gov.tr/eskiler/2000/11/20001110.htm#6
2000-11-10,— BOTAŞ Boru Hatları ile Petrol Taşıma A.Ş.Genel Müdürlüğü İhale Yönetmeliği,https://www.resmigazete.gov.tr/eskiler/2000/11/20001110.htm#7
2000-11-10,"— Mülki İdare Amirleri Atama, Değerlendirme ve Yerdeğiştirme Yönetmeliğinin İlçe Sınıflarını Düzenleyen (Ek : II) Sayılı Cetvelde Değişiklik Yapılması Hakkında Tebliğ",https://www.resmigazete.gov.tr/eskiler/2000/11/20001110.htm#8
2000-11-10,— İthalatta Haksız Rekabetin Önlenmesine İlişkin Tebliğ (No: 2000/10),https://www.resmigazete.gov.tr/eskiler/2000/11/20001110.htm#9
2000-11-10,— Rekabet Kurulunun 00-11/119-58 Sayılı Kararı,https://www.resmigazete.gov.tr/eskiler/2000/11/20001110.htm#10
2000-11-10,— Rekabet Kurulunun 00-16/160-82 Sayılı Kararı,https://www.resmigazete.gov.tr/eskiler/2000/11/20001110.htm#11
2000-11-10,— Rekabet Kurulunun 00-19/188-100 Sayılı Kararı,https://www.resmigazete.gov.tr/eskiler/2000/11/20001110.htm#12
2000-11-10,— Umumi Disponibilite Hakkında 96/1 Sıra No.lu Tebliğde Değişiklik Yapılması Hakkında Tebliğ Sıra No: 2000/2,https://www.resmigazete.gov.tr/eskiler/2000/11/20001110.htm#13
2000-11-10,— 12/5/1988 Tarih ve 88/12944 Sayılı Kararnameye İlişkin Kaynak Kullanımı Destekleme Fonu Hakkında Tebliğde Değişiklik Yapılmasına İlişkin Tebliğ (Sıra No: 28),https://www.resmigazete.gov.tr/eskiler/2000/11/20001110.htm#14
2000-11-10,"— Anayasa Mahkemesinin E:2000/65(616 Sayılı KHK ile İlgili), K: 2000/38 Sayılı Kararı",https://www.resmigazete.gov.tr/eskiler/2000/11/20001110.htm#15
2000-11-10,"— Anayasa Mahkemesinin E:2000/66(613 Sayılı KHK ile İlgili), K: 2000/39 Sayılı Kararı",https://www.resmigazete.gov.tr/eskiler/2000/11/20001110.htm#16
2000-11-10,"— Anayasa Mahkemesinin E:2000/67(610 Sayılı KHK ile İlgili), K: 2000/40 Sayılı Kararı",https://www.resmigazete.gov.tr/eskiler/2000/11/20001110.htm#17
2000-11-10,"— Anayasa Mahkemesinin E:2000/68(623 Sayılı KHK ile İlgili), K: 2000/41 Sayılı Kararı",https://www.resmigazete.gov.tr/eskiler/2000/11/20001110.htm#18
2000-11-10,"— Anayasa Mahkemesinin E:2000/70(621 Sayılı KHK ile İlgili), K: 2000/43 Sayılı Kararı",https://www.resmigazete.gov.tr/eskiler/2000/11/20001110.htm#19
2000-11-10,"— Anayasa Mahkemesinin E:2000/71(612 Sayılı KHK ile İlgili), K: 2000/44 Sayılı Kararı",https://www.resmigazete.gov.tr/eskiler/2000/11/20001110.htm#20
2000-11-10,"— Anayasa Mahkemesinin E:2000/73(608 Sayılı KHK ile İlgili), K: 2000/45 Sayılı Kararı",https://www.resmigazete.gov.tr/eskiler/2000/11/20001110.htm#21
2000-11-10,"— Anayasa Mahkemesinin E:2000/72(615 Sayılı KHK ile İlgili), K: 2000/46 Sayılı Kararı",https://www.resmigazete.gov.tr/eskiler/2000/11/20001110.htm#22
2000-11-10,— Uyuşmazlık Mahkemesine Ait 12 Adet Karar,https://www.resmigazete.gov.tr/eskiler/2000/11/20001110.htm#23
2000-11-11,4601 Türkiye Cumhuriyeti Hükümeti ve Moğolistan Hükümeti Arasında Hava Taşımacılığı Anlaşmasının Onaylanmasının Uygun Bulunduğuna Dair Kanun,https://www.resmigazete.gov.tr/eskiler/2000/11/20001111.htm#1
2000-11-11,— Cumhurbaşkanlığına Türkiye Büyük Millet Meclisi Başkanı Ömer İZGİ’nin Vekâlet Etmesine Dair Tezkere,https://www.resmigazete.gov.tr/eskiler/2000/11/20001111.htm#2
2000-11-11,— Yüzüncü Yıl Üniversitesi Yeşil Alan Müdürlüğü Kuruluş ve İşleyiş Yönetmeliği,https://www.resmigazete.gov.tr/eskiler/2000/11/20001111.htm#3
2000-11-11,— Petrol Ürünlerine Uygulanacak Akaryakıt Fiyat İstikrar Fonu Payları Hakkında Tebliğ (PİGM/AFİF 2000-50),https://www.resmigazete.gov.tr/eskiler/2000/11/20001111.htm#4
2000-11-11,— Sektörel Dış Ticaret Şirketi Statüsünün Sona Ermesine İlişkin Tebliğ İhracat 2000/19),https://www.resmigazete.gov.tr/eskiler/2000/11/20001111.htm#5
2000-11-11,— Dış Ticaret Sermaye Şirketlerine İlişkin Karar,https://www.resmigazete.gov.tr/eskiler/2000/11/20001111.htm#6
2000-11-11,— Yalova Valili Mahalli Çevre Kurulu Kararı (No: 2000/10),https://www.resmigazete.gov.tr/eskiler/2000/11/20001111.htm#7
2000-11-12,"— Devlet Bakanı Prof. Dr. Tunca TOSKAY’a, Tarım ve Köyişleri Bakanı Prof. Dr. Hüsnü Yusuf GÖKALP’in Vekâlet Etmesine Dair Tezkere",https://www.resmigazete.gov.tr/eskiler/2000/11/20001112.htm#1
2000-11-12,"— Turizm Bakanlığına, Devlet Bakanı Rüştü Kazım YÜCELEN’in Vekâlet Etmesine Dair Tezkere",https://www.resmigazete.gov.tr/eskiler/2000/11/20001112.htm#2
2000-11-12,— Anadolu Üniversitesi Yabancı Diller Yüksekokulu Temel Yabancı Diller Bölümü Öğretim ve Sınav Yönetmeliği,https://www.resmigazete.gov.tr/eskiler/2000/11/20001112.htm#3
2000-11-13,"— Devlet Bakanı Prof. Dr. Ramazan MİRZAOĞLU’na, Devlet Bakanı Prof. Dr. Şuayip ÜŞENMEZ’in Vekâlet Etmesine Dair Tezkere",https://www.resmigazete.gov.tr/eskiler/2000/11/20001113.htm#1
2000-11-13,"— Devlet Bakanı Hasan GEMİCİ’ye, Devlet Bakanı Mustafa YILMAZ’ın Vekâlet Etmesine Dair Tezkere",https://www.resmigazete.gov.tr/eskiler/2000/11/20001113.htm#2
2000-11-13,"— Ulaştırma Bakanlığına, Devlet Bakanı Prof. Dr. Abdulhaluk Mehmet ÇAY’ın Vekâlet Etmesine Dair Tezkere",https://www.resmigazete.gov.tr/eskiler/2000/11/20001113.htm#3
2000-11-13,— Çanakkale Onsekiz Mart Üniversitesi Atatürk ve Çanakkale Savaşlarını Araştırma Merkezi Yönetmeliğinin Bazı Maddelerinin Değiştirilmesi ve Bir Maddesinin Yürürlükten Kaldırılması Hakkında Yönetmelik,https://www.resmigazete.gov.tr/eskiler/2000/11/20001113.htm#4
2000-11-14,"— Devlet Bakanı Prof. Dr. Şükrü S.GÜREL’e, Devlet Bakanı Fikret ÜNLÜ’nün Vekâlet Etmesine Dair Tezkere",https://www.resmigazete.gov.tr/eskiler/2000/11/20001114.htm#1
2000-11-14,"— Dışişleri Bakanlığına, Devlet Bakanı ve Başbakan Yardımcısı H. Hüsamettin ÖZKAN’ın Vekâlet Etmesine Dair Tezkere",https://www.resmigazete.gov.tr/eskiler/2000/11/20001114.htm#2
2000-11-14,"— Milli Eğitim Bakanlığına, Kültür Bakanı M.İstemihan TALAY’ın Vekâlet Etmesine Dair Tezkere",https://www.resmigazete.gov.tr/eskiler/2000/11/20001114.htm#3
2000-11-14,— İşkolu Tespit Kararı (No: 2000/27),https://www.resmigazete.gov.tr/eskiler/2000/11/20001114.htm#4
2000-11-14,— İşkolu Tespit Kararı (No: 2000/28),https://www.resmigazete.gov.tr/eskiler/2000/11/20001114.htm#5
2000-11-14,— Bolu İli Sınırları Dahilinde Çözücü ve Yapıştırıcı Nitelik Taşıyan Uçucu ve Bağımlılık Yapan Maddelerin 18 Yaşından Küçüklere Satışının Yasaklanmasına Dair Karar,https://www.resmigazete.gov.tr/eskiler/2000/11/20001114.htm#6
2000-11-14,— Bolu İli Sınırları Dahilinde 18 Yaşından Küçüklerin Sigara ve Benzeri Kötü Alışkanlıklardan Korunması ve Ganyan Bayilerine Girmelerinin Yasaklanmasına Dair Karar,https://www.resmigazete.gov.tr/eskiler/2000/11/20001114.htm#7
2000-11-14,— Zonguldak Valiliği Mahalli Çevre Kurulu Kararı (No: 7),https://www.resmigazete.gov.tr/eskiler/2000/11/20001114.htm#8
2000-11-14,— Yargıtay18. Hukuk Dairesine Ait 5 Adet Karar,https://www.resmigazete.gov.tr/eskiler/2000/11/20001114.htm#9
2000-11-15,"Çevre Bakanlığına, Orman Bakanı Prof. Dr. Nami ÇAĞAN’ın Vekâlet Etmesine Dair Tezkere",https://www.resmigazete.gov.tr/eskiler/2000/11/20001115.htm#1
2000-11-15,"2000/1407 Türkiye Çimse-İş Sendikası ile T. Toprak, Seramik, Çimento ve Cam Sanayii İşverenleri Sendikası Arasında Eczacıbaşı Yapı Gereçleri Sanayi ve Ticaret A.Ş. Bozüyük Tesisleri İçin Akdedilen Toplu İş Sözleşmesinin, Aynı İşkolunda Faaliyette Bulunan Bazı İşyerlerine Teşmili Hakkında Karar",https://www.resmigazete.gov.tr/eskiler/2000/11/20001115.htm#2
2000-11-15,— Sektörel Dış Ticaret Şirketi Statüsünün Geri Alınmasına İlişkin Karar,https://www.resmigazete.gov.tr/eskiler/2000/11/20001115.htm#3
2000-11-15,— Antalya Valiliği Mahalli Çevre Kurulu Kararı (No: 11),https://www.resmigazete.gov.tr/eskiler/2000/11/20001115.htm#4
2000-11-15,"— Anayasa Mahkemesinin E: 1999/37, K: 1999/49 S ayılı Kararı",https://www.resmigazete.gov.tr/eskiler/2000/11/20001115.htm#5
2000-11-15,— Yargıtay 14. Hukuk Dairesine Ait Bir Adet Karar,https://www.resmigazete.gov.tr/eskiler/2000/11/20001115.htm#6
2000-11-16,— Bankacılık Düzenleme ve Denetleme Kurulunun 78 sayılı Kararı,https://www.resmigazete.gov.tr/eskiler/2000/11/20001116.htm#1
2000-11-16,— Düzce Valiliği Mahalli Çevre Kurulu Kararı (No: 2000/6),https://www.resmigazete.gov.tr/eskiler/2000/11/20001116.htm#2
2000-11-16,"— Anayasa Mahkemesinin E: 1998/36 (3096 sayılı Kanun ile İlgili), K: 1998/49 sayılı Kararı",https://www.resmigazete.gov.tr/eskiler/2000/11/20001116.htm#3
2000-11-16,DÜZELTME (Başkent Üniversitesi Burs Yönetmeliği ile İlgili),https://www.resmigazete.gov.tr/eskiler/2000/11/20001116.htm#4
2000-11-17,"— Enerji ve Tabii Kaynaklar Bakanlığına, Çalışma ve Sosyal Güvenlik Bakanı Yaşar OKUYAN’ın Vekâlet Etmesine Dair Tezkere",https://www.resmigazete.gov.tr/eskiler/2000/11/20001117.htm#1
2000-11-17,— Tababet Uzmanlık Yönetmeliğinin Bazı Maddelerinde Değişiklik Yapılmasına Dair Yönetmelik,https://www.resmigazete.gov.tr/eskiler/2000/11/20001117.htm#2
2000-11-17,— İhracat Sayılan Satış ve Teslimler Hakkında Tebliğinde Değişiklik Yapılmasına Dair Tebliğ (İhracat: 2000/15),https://www.resmigazete.gov.tr/eskiler/2000/11/20001117.htm#3
2000-11-17,— TS 1253 Hıyar Standardının Revizyonuna İlişkin Tebliğ (Dış Ticarette Standardizasyon: 2000/24),https://www.resmigazete.gov.tr/eskiler/2000/11/20001117.htm#4
2000-11-17,— Rekabet Kurulunun 00-11/109-54 sayılı Kararı,https://www.resmigazete.gov.tr/eskiler/2000/11/20001117.htm#5
2000-11-17,— Rekabet Kurulunun 00-19/189-101 sayılı Kararı,https://www.resmigazete.gov.tr/eskiler/2000/11/20001117.htm#6
2000-11-17,— Rekabet Kurulunun 00-29/314-181 sayılı Kararı,https://www.resmigazete.gov.tr/eskiler/2000/11/20001117.htm#7
2000-11-17,— Rekabet Kurulunun 00-29/330-186 sayılı Kararı,https://www.resmigazete.gov.tr/eskiler/2000/11/20001117.htm#8
2000-11-18,"— Devlet Bakanı Prof. Dr. Ramazan MİRZAOĞLU’na, Devlet Bakanı Prof. Dr. Şuayip ÜŞENMEZ’in Vekâlet Etmesine Dair Tezkere",https://www.resmigazete.gov.tr/eskiler/2000/11/20001118.htm#1
2000-11-18,"— Dışişleri Bakanlığına, Devlet Bakanı Prof. Dr. Şükrü S.GÜREL’in Vekâlet Etmesine Dair Tezkere",https://www.resmigazete.gov.tr/eskiler/2000/11/20001118.htm#2
2000-11-18,"2000/1519 Sermaye Piyasası Kurulu Başkan ve Üyeliklerine, Yapılan Atamalarla İlgili Karar",https://www.resmigazete.gov.tr/eskiler/2000/11/20001118.htm#3
2000-11-18,— İşkolu Tespit Kararı (No: 2000/29),https://www.resmigazete.gov.tr/eskiler/2000/11/20001118.htm#4
2000-11-18,— Petrol Ürünlerine Uygulanacak Akaryakıt Fiyat İstikrar Fonu Payları Hakkında Tebliğ (PİGM/AFİF 2000-51),https://www.resmigazete.gov.tr/eskiler/2000/11/20001118.htm#5
2000-11-18,— Özelleştirme İdaresi Başkanlığının ÖİB-K-13 Sayılı Kararı,https://www.resmigazete.gov.tr/eskiler/2000/11/20001118.htm#6
2000-11-18,— Bilecik Valiliği Mahalli Çevre Kurulu Kararı (No: 5290/10),https://www.resmigazete.gov.tr/eskiler/2000/11/20001118.htm#7
2000-11-19,"2000/1438 Milli Eğitim Bakanlığı Taşra Teşkilatında, Temel Yapısal Değişim Projeleri Kapsamında Yer Alan Eğitim Reformu ile Öngörülen Sekiz Yıllık Kesintisiz İlköğretim Uygulaması Çerçevesinde, İngilizce Dil Öğreticiliği Görevinde Kısmi Zamanlı Geçici Personel İstihdamı ile Bu Personele Ödenecek Ücretlere İlişkin Kararı",https://www.resmigazete.gov.tr/eskiler/2000/11/20001119.htm#1
2000-11-19,Bankaların Kuruluşu ve Hisse Devirleri İçin Yapılacak İzin Başvurularının Usul ve Esasları Hakkında Yönetmelik,https://www.resmigazete.gov.tr/eskiler/2000/11/20001119.htm#2
2000-11-19,— 2000 Yılı Ekim Ayına Ait Yatırım Teşvik Belgelerinin Sektörel Dağılımı Hakkında Tebliğ,https://www.resmigazete.gov.tr/eskiler/2000/11/20001119.htm#3
2000-11-19,— 2000 Yılı Ekim Ayına Ait Yabancı Sermayeli Teşvik ve Yatırım İzin Belgelerinin Sektörel Dağılımı Hakkında Tebliğ,https://www.resmigazete.gov.tr/eskiler/2000/11/20001119.htm#4
2000-11-20,"— Milli Savunma Bakanlığına, Devlet Bakanı Prof. Dr. Abdulhaluk Mehmet ÇAY’ın Vekâlet Etmesine Dair Tezkere",https://www.resmigazete.gov.tr/eskiler/2000/11/20001120.htm#1
2000-11-20,"— Çevre Bakanlığına, Orman Bakanı Prof. Dr. Nami ÇAĞAN’ın Vekâlet Etmesine Dair Tezkere",https://www.resmigazete.gov.tr/eskiler/2000/11/20001120.htm#2
2000-11-20,2000/1463 Merkezde Günlük Çalışma Saatlerinin Tesbitine İlişkin Karar’da Değişiklik Yapılmasına Dair Karar,https://www.resmigazete.gov.tr/eskiler/2000/11/20001120.htm#3
2000-11-20,— Kırıkkale Üniversitesi Tıp Fakültesi Eğitim-Öğretim ve Sınav Yönetmeliği,https://www.resmigazete.gov.tr/eskiler/2000/11/20001120.htm#4
2000-11-21,— Profesyonel Turist Rehberliği Yönetmeliğinde Değişiklik Yapılmasına Dair Yönetmelik,https://www.resmigazete.gov.tr/eskiler/2000/11/20001121.htm#1
2000-11-21,— Zonguldak Karaelmas Üniversitesi Lisansüstü Eğitim-Öğretim ve Sınav Yönetmeliğinin Bazı Maddelerinde Değişiklik Yapılmasına İlişkin Yönetmelik,https://www.resmigazete.gov.tr/eskiler/2000/11/20001121.htm#2
2000-11-21,— Türkiye’de İkamet Etmeyenlere Özel Fatura ile Yapılan Satışlar Hakkında Tebliğde Değişiklik Yapılmasına Dair Tebliğ (İhracat: 2000/12),https://www.resmigazete.gov.tr/eskiler/2000/11/20001121.htm#3
2000-11-21,DÜZELTME (Bankaların Kuruluşu ve Hisse Devirleri İçin Yapılacak İzin Başvurularının Usul ve Esasları Hakkında Yönetmelik ile İlgili),https://www.resmigazete.gov.tr/eskiler/2000/11/20001121.htm#4
2000-11-22,4602 Türkiye Cumhuriyeti Hükümeti ile Ukrayna Bakanlar Kabinesi Arasında Savunma Sanayii İşbirliği Anlaşmasının Onaylanmasının Uygun Bulunduğuna Dair Kanun,https://www.resmigazete.gov.tr/eskiler/2000/11/20001122.htm#1
2000-11-22,4604 Türkiye Vakıflar Bankası Türk Anonim Ortaklığı Kanununda Değişiklik Yapılmasına Dair Kanun,https://www.resmigazete.gov.tr/eskiler/2000/11/20001122.htm#2
2000-11-22,"— Dışişleri Bakanlığına, Devlet Bakanı Prof. Dr. Şükrü S.GÜREL’in Vekâlet Etmesine Dair Tezkere",https://www.resmigazete.gov.tr/eskiler/2000/11/20001122.htm#3
2000-11-22,— Uzman Mühendis veya Uzman Mimar Belge Yönetmeliği,https://www.resmigazete.gov.tr/eskiler/2000/11/20001122.htm#4
2000-11-22,— Milli Piyango İdaresi Genel Müdürlüğü Disiplin Amirleri Yönetmeliği,https://www.resmigazete.gov.tr/eskiler/2000/11/20001122.htm#5
2000-11-22,— Milli Piyango İdaresi Genel Müdürlüğü Sicil Amirleri Yönetmeliği,https://www.resmigazete.gov.tr/eskiler/2000/11/20001122.htm#6
2000-11-22,— Telekomünikasyon Kurumu İhale Yönetmeliği,https://www.resmigazete.gov.tr/eskiler/2000/11/20001122.htm#7
2000-11-22,— Doçentlik Sınav Yönetmeliğinin 12 nci Maddesinin Birinci Fıkrasının Değiştirilmesine Dair Yönetmelik,https://www.resmigazete.gov.tr/eskiler/2000/11/20001122.htm#8
2000-11-22,— Basın İlân Kurumu Genel Kurulu Prensip Kararı (Karar No: 153),https://www.resmigazete.gov.tr/eskiler/2000/11/20001122.htm#9
2000-11-22,— Danıştay Başkanlık Kurulu Kararı (No: 2000/28),https://www.resmigazete.gov.tr/eskiler/2000/11/20001122.htm#10
2000-11-23,707 Olağanüstü Halin 4 İlde Uzatılmasına Dair Karar,https://www.resmigazete.gov.tr/eskiler/2000/11/20001123.htm#1
2000-11-23,"— Milli Savunma Bakanlığına, Devlet Bakanı Prof. Dr. Abdulhaluk Mehmet ÇAY’ın Vekâlet Etmesine Dair Tezkere",https://www.resmigazete.gov.tr/eskiler/2000/11/20001123.htm#2
2000-11-23,"— Dışişleri Bakanlığına, Devlet Bakanı Prof. Dr. Şükrü S. GÜREL’in Vekâlet Etmesine Dair Tezkere",https://www.resmigazete.gov.tr/eskiler/2000/11/20001123.htm#3
2000-11-23,— Bayındırlık ve İskan Bakanlığına Ait 2 Adet Atama Kararı,https://www.resmigazete.gov.tr/eskiler/2000/11/20001123.htm#4
2000-11-23,— Bayındırlık ve İskan Bakanlığı Personeli Görevde Yükselme Yönetmeliğinde Değişiklik Yapılması Hakkında Yönetmelik,https://www.resmigazete.gov.tr/eskiler/2000/11/20001123.htm#5
2000-11-23,— Kastamonu Valiliği Mahalli Çevre Kurulu Kararı (No: 10),https://www.resmigazete.gov.tr/eskiler/2000/11/20001123.htm#6
2000-11-24,— Turizm ve Orman Bakanlığına Ait 2 Adet Atama Kararı,https://www.resmigazete.gov.tr/eskiler/2000/11/20001124.htm#1
2000-11-24,— Çevre Bakanlığı Personeli Görevde Yükselme Yönetmeliğinde Değişiklik Yapılması Hakkında Yönetmelik,https://www.resmigazete.gov.tr/eskiler/2000/11/20001124.htm#2
2000-11-24,— Atatürk Üniversitesi Veteriner Fakültesi Eğitim-Öğretim ve Sınav Yönetmeliği,https://www.resmigazete.gov.tr/eskiler/2000/11/20001124.htm#3
2000-11-24,"— Atatürk Üniversitesi Fen Bilimleri Enstitüsü Lisansüstü Eğitimi, Öğretim ve Sınav Yönetmeliğinin Bazı Maddelerinin Değiştirilmesine Dair Yönetmelik",https://www.resmigazete.gov.tr/eskiler/2000/11/20001124.htm#4
2000-11-24,— Atatürk Üniversitesi Oltu Meslek Yüksekokulunun Önlisans Eğitim-Öğretim ve Sınav Yönetmeliğinin 41 inci Maddesinin Değiştirilmesine Dair Yönetmelik,https://www.resmigazete.gov.tr/eskiler/2000/11/20001124.htm#5
2000-11-24,— SGM/109-110 Sayılı Sanayi Sicil Tebliğinin 2 nci Maddesinin Değiştirilmesine Dair Tebliğ (SGM/75),https://www.resmigazete.gov.tr/eskiler/2000/11/20001124.htm#6
2000-11-24,— Elazığ Valiliği Mahalli Çevre Kurulu Kararı (Karar No: 10),https://www.resmigazete.gov.tr/eskiler/2000/11/20001124.htm#7
2000-11-25,"4603 Türkiye Cumhuriyeti Ziraat Bankası, Türkiye Halk Bankası A.Ş. ve Türkiye Emlak Bankası A.Ş. Hakkında Kanun",https://www.resmigazete.gov.tr/eskiler/2000/11/20001125.htm#1
2000-11-25,"— Devlet Bakanı Recep ÖNAL’a, Orman Bakanı Prof. Dr. Nami ÇAĞAN’ın Vekâlet Etmesine Dair Tezkere",https://www.resmigazete.gov.tr/eskiler/2000/11/20001125.htm#2
2000-11-25,2000/1464 Hayvancılığın Desteklenmesi Hakkında Kararda Değişiklik Yapılmasına İlişkin Karar’ın Yürürlüğe Konulması Hakkında Karar,https://www.resmigazete.gov.tr/eskiler/2000/11/20001125.htm#3
2000-11-25,— Bir Adet Sınır Tespit Kararı,https://www.resmigazete.gov.tr/eskiler/2000/11/20001125.htm#4
2000-11-25,— Eşyanın Tercihli Menşeinin Tespiti Hakkında Yönetmeliğin 16 ncı Maddesinde Değişiklik Yapılmasına Dair Yönetmelik,https://www.resmigazete.gov.tr/eskiler/2000/11/20001125.htm#5
2000-11-25,— Emekli Sandığı Genel Müdürlüğüne Ait Dış Genelge (144),https://www.resmigazete.gov.tr/eskiler/2000/11/20001125.htm#6
2000-11-25,2000/467 Sayılı Hayvancılığın Desteklenmesi Hakkında Bakanlar Kurulu Kararı Uygulama Esasları Tebliğinde Değişiklik Yapılmasına Dair Tebliğ (Tebliğ No: 2000/40),https://www.resmigazete.gov.tr/eskiler/2000/11/20001125.htm#7
2000-11-25,Petrol Ürünlerine Uygulanacak Akaryakıt Fiyat İstikrar Fonu Payları Hakkında Tebliğ (PİGM/AFİF 2000-52),https://www.resmigazete.gov.tr/eskiler/2000/11/20001125.htm#8
2000-11-25,Petrol Ürünlerine Uygulanacak Akaryakıt Fiyat İstikrar Fonu Payları Hakkında Tebliğ (PİGM/AFİF 2000-53),https://www.resmigazete.gov.tr/eskiler/2000/11/20001125.htm#9
2000-11-25,— Yağlık Ayçiçeği Tohumu ve Ham Ayçiçeği Yağı İthalatında Tarife Kontenjanı Uygulanması Hakkında Tebliğ,https://www.resmigazete.gov.tr/eskiler/2000/11/20001125.htm#10
2000-11-25,— Pan-Avrupa Menşe Kümülasyonu Sisteminin Uygulanması Hakkında Gümrük Genel Tebliği (Avrupa Menşe Kümülasyonu) (Sıra No: 4),https://www.resmigazete.gov.tr/eskiler/2000/11/20001125.htm#11
2000-11-25,Mevduat Munzam Karşılıkları Hakkında 96/1 Sayılı Tebliğde Değişiklik Yapılması Hakkında Tebliğ (Sayı: 2000/1),https://www.resmigazete.gov.tr/eskiler/2000/11/20001125.htm#12
2000-11-25,Umumi Disponibilite Hakkında 96/1 Sıra No.lu Tebliğde Değişiklik Yapılması Hakkında Tebliğ (Sıra No: 2000/3),https://www.resmigazete.gov.tr/eskiler/2000/11/20001125.htm#13
2000-11-25,— Özel Finans Kurumları Hakkında Tebliğde Değişiklik Yapılması Hakkında Tebliğ (Sıra No: 9),https://www.resmigazete.gov.tr/eskiler/2000/11/20001125.htm#14
2000-11-25,— 12/5/1988 Tarih ve 88/12944 Sayılı Kararnameye İlişkin Kaynak Kullanımını Destekleme Fonu Hakkında Tebliğde Değişiklik Yapılmasına İlişkin Tebliğ (Sıra No:29),https://www.resmigazete.gov.tr/eskiler/2000/11/20001125.htm#15
2000-11-26,"— Dışişleri Bakanlığına, Devlet Bakanı Prof. Dr. Şükrü S. GÜREL’in Vekâlet Etmesine Dair Tezkere",https://www.resmigazete.gov.tr/eskiler/2000/11/20001126.htm#1
2000-11-26,"— Çalışma ve Sosyal Güvenlik Bakanlığına, Enerji ve Tabii Kaynaklar Bakanı M. Cumhur ERSÜMER’in Vekâlet Etmesine Dair Tezkere",https://www.resmigazete.gov.tr/eskiler/2000/11/20001126.htm#2
2000-11-26,— Bazı Kurum ve Kuruluşların Korunması ve Güvenliklerinin Sağlanması Hakkında Kanunun Uygulanmasına İlişkin Yönetmeliğin 60 ıncı Maddesine Dört Fıkra Eklenmesine Dair Yönetmelik,https://www.resmigazete.gov.tr/eskiler/2000/11/20001126.htm#3
2000-11-26,— Üniversitelerde Akademik Teşkilat Yönetmeliğinde Değişiklik Yapılması Hakkında Yönetmelik,https://www.resmigazete.gov.tr/eskiler/2000/11/20001126.htm#4
2000-11-26,— Yükseköğretim Kurulu Teşkilatı ve Çalışma Usulleri Yönetmeliğinde Değişiklik Yapılması Hakkında Yönetmelik,https://www.resmigazete.gov.tr/eskiler/2000/11/20001126.htm#5
2000-11-26,"— Kamu İktisadi Teşebbüsleri ve Bağlı Ortaklıkları ile Özelleştirme Kapsam ve Programında Bulunan Kuruluşlarda Çalışan Sözleşmeli ve Kapsam Dışı Personel ile Yönetim Kurulu Başkan ve Üyeleri, Denetçi ve Tasfiye Kurulu Üyelerine 2000 Yılının İkinci Yarısında Ödenecek Ücretlerin Tespitine İlişkin Tebliğ (2000/4)",https://www.resmigazete.gov.tr/eskiler/2000/11/20001126.htm#6
2000-11-27,"— Gemi Adamlarının Eğitim Belgelendirme, Sınav, Vardiya Tutma, Kütüklenme ve Donatılma Esasları Hakkında Yönetmelikte Değişiklik Yapılmasına Dair Yönetmelik",https://www.resmigazete.gov.tr/eskiler/2000/11/20001127.htm#1
2000-11-27,— Türk Silâhlı Kuvvetleri Stratejik Hedef Plânının Gerçekleştirilmesi Maksadıyla Yapılacak Harcamalar İçin Verilen Avans ve Kredi İşlemlerine İlişkin Yönetmeliğin 9 uncu Maddesine Bir Fıkra Eklenmesine Dair Yönetmelik,https://www.resmigazete.gov.tr/eskiler/2000/11/20001127.htm#2
2000-11-27,— Muhasebat Genel Müdürlüğü Genel Tebliği (Sıra No: 576),https://www.resmigazete.gov.tr/eskiler/2000/11/20001127.htm#3
2000-11-27,— Doğal Çiçek Soğanlarının 2001 Yılı İhracat Listesi Hakkında Tebliğ (No: 2000/46),https://www.resmigazete.gov.tr/eskiler/2000/11/20001127.htm#4
2000-11-27,— Denizli Valiliği Mahalli Çevre Kurulu Kararı (No: 7),https://www.resmigazete.gov.tr/eskiler/2000/11/20001127.htm#5
2000-11-28,"— Devlet Bakanı Prof. Dr. Şuayip ÜŞENMEZ’e, Devlet Bakanı Prof. Dr. Ramazan MİRZAOĞLU’nun Vekâlet Etmesine Dair Tezkere",https://www.resmigazete.gov.tr/eskiler/2000/11/20001128.htm#1
2000-11-28,2000/1461 Merkezi Tekirdağ İlinde Olmak Üzere “Doğu-Batı Trakya Belediyeler Birliği (TRAKYAKENT)” Adıyla Bir Mahalli İdare Birliğinin Kurulmasına İzin Verilmesi Hakkında Karar,https://www.resmigazete.gov.tr/eskiler/2000/11/20001128.htm#2
2000-11-28,2000/1527 588 Sayılı Konut Edindirme Yardımı Hesaplarının Tasfiyesine Dair Kanun Hükmünde Kararnamenin Uygulanmasına İlişkin Kararda Değişiklik Yapılmasına Dair Karar,https://www.resmigazete.gov.tr/eskiler/2000/11/20001128.htm#3
2000-11-28,"— Devlet, Adalet, Milli Savunma, Maliye, Milli Eğitim, Bayındırlık ve İskan, Sağlık, Tarım ve Köyişleri, Çalışma ve Sosyal Güvenlik, Sanayi ve Ticaret, Kültür, Turizm ile Orman Bakanlıklarına Ait 48 Adet Atama Kararı",https://www.resmigazete.gov.tr/eskiler/2000/11/20001128.htm#4
2000-11-28,2000/1501 Karayoluyla Uluslararası Yolcu ve Eşya Taşımaları Hakkında Yönetmelikte Değişiklik Yapılmasına Dair Yönetmelik,https://www.resmigazete.gov.tr/eskiler/2000/11/20001128.htm#5
2000-11-28,— Umumi Disponibilite Hakkında 96/1 Sıra No.lu Tebliğde Değişiklik Yapılması Hakkında Tebliğ (Sıra No : 2000/4),https://www.resmigazete.gov.tr/eskiler/2000/11/20001128.htm#6
2000-11-29,"— Milli Eğitim Bakanlığına, Devlet Bakanı Fikret ÜNLÜ’nün Vekâlet Etmesine Dair Tezkere",https://www.resmigazete.gov.tr/eskiler/2000/11/20001129.htm#1
2000-11-29,2000/1470 Tabii Afetten Zarar Gören Yatırımların (Küçük ve Orta Boy İşletmeler Dahil) Ekonomiye Kazandırılması Hakkında Kararda Değişiklik Yapılmasına İlişkin Karar,https://www.resmigazete.gov.tr/eskiler/2000/11/20001129.htm#2
2000-11-29,"2000/1507 7 No.lu Görev Bölgesinde Görevli Şirket Statüsünde Bulunan AYDEM Güneybatı Anadolu Enerji Sanayi ve Ticaret Anonim Şirketi’ne, Anılan Görev Bölgesinde Kamu Kurum ve Kuruluşlarınca Yapılmış veya Yapılacak Dağıtım Tesislerinin İşletme Haklarının Devredilmesi ve Adı Geçen Şirket ile Enerji Satacak Kuruluş Arasında 30 Yıl Süreli Enerji Satış Anlaşması Yapılması Hakkında Karar",https://www.resmigazete.gov.tr/eskiler/2000/11/20001129.htm#3
2000-11-29,— Tarım ve Köyişleri ile Çalışma ve Sosyal Güvenlik Bakanlıklarına Ait 2 Adet Atama Kararı,https://www.resmigazete.gov.tr/eskiler/2000/11/20001129.htm#4
2000-11-29,— Polis Kolejine Giriş Yönetmeliğinin Bir Maddesinin Değiştirilmesine Dair Yönetmelik,https://www.resmigazete.gov.tr/eskiler/2000/11/20001129.htm#5
2000-11-29,— Rekabet Kurulunun 00-24/255-138 Sayılı Kararı,https://www.resmigazete.gov.tr/eskiler/2000/11/20001129.htm#6
2000-11-29,"— Anayasa Mahkemesinin E:2000/21 (213 Sayılı Kanunda Değişiklik Yapan 4369 Sayılı Kanun ile İlgili), K:2000/16 Sayılı Kararı",https://www.resmigazete.gov.tr/eskiler/2000/11/20001129.htm#7
2000-11-29,— Yargıtay 18. Hukuk Dairesine Ait Bir Adet Karar,https://www.resmigazete.gov.tr/eskiler/2000/11/20001129.htm#8
2000-11-30,2000/1504 Türkiye Cumhuriyeti Hükümeti ile Kuzey Kıbrıs Türk Cumhuriyeti Hükümeti Arasında Askeri Personel Kıdem Sırasını Düzenleyen Protokol’un Onaylanması Hakkında Karar,https://www.resmigazete.gov.tr/eskiler/2000/11/20001130.htm#1
2000-11-30,2000/1454 Kamu İktisadi Teşebbüsleri ve Bağlı Ortaklıklarına Ait Bazı Kadro ve Pozisyonlarda Değişiklik Yapılması Hakkında Karar,https://www.resmigazete.gov.tr/eskiler/2000/11/20001130.htm#2
2000-11-30,"2000/1512 3063 Kişinin Türk Vatandaşlığından Çıkmasına İzin Verilmesi, Türk Vatandaşlığından Çıkmalarına İzin Verilen 5 Kişiyle İlgili Bazı Maddi Hataların Düzeltilmesi ve 37 Kişiyle İlgili Hükmün İptali Hakkında Karar",https://www.resmigazete.gov.tr/eskiler/2000/11/20001130.htm#3
2000-11-30,2000/1517 Milli Eğitim Bakanlığına Bağlı Eğitim Kurumları Yöneticilerinin Atama ve Yer Değiştirmelerine İlişkin Yönetmelikte Değişiklik Yapılmasına Dair Yönetmelik,https://www.resmigazete.gov.tr/eskiler/2000/11/20001130.htm#4
2000-11-30,"2000/1518 Milli Eğitim Bakanlığı Yönetici Atama, Değerlendirme, Görevde Yükselme ve Yer Değiştirme Yönetmeliğinde Değişiklik Yapılmasına Dair Yönetmelik",https://www.resmigazete.gov.tr/eskiler/2000/11/20001130.htm#5
2000-11-30,— Özelleştirme İdaresi Başkanlığı İhale Yönetmeliği (İdari Bütçe),https://www.resmigazete.gov.tr/eskiler/2000/11/20001130.htm#6
2000-11-30,"— TCDD Alım, Satım ve İhale Yönetmeliğinde Değişiklik Yapılmasına Dair Yönetmelik",https://www.resmigazete.gov.tr/eskiler/2000/11/20001130.htm#7
2000-11-30,— Motorlu Araçların Dış Gürültü Emisyonları ve Egzoz Sistemleri ile İlgili Tip Onayı Yönetmeliği (70/157/AT),https://www.resmigazete.gov.tr/eskiler/2000/11/20001130.htm#8
2000-11-30,— Motorlu Araçların Çamurlukları ile İlgili Tip Onayı Yönetmeliği (78/549/AT),https://www.resmigazete.gov.tr/eskiler/2000/11/20001130.htm#9
2000-11-30,— Tekerlekli Tarım veya Orman Traktörlerinin Sürücü Koltuğu ile İlgili Tip Onayı Yönetmeliği (78/764/AT),https://www.resmigazete.gov.tr/eskiler/2000/11/20001130.htm#10
2000-11-30,— Aerosol Kaplar Yönetmeliği,https://www.resmigazete.gov.tr/eskiler/2000/11/20001130.htm#11
2000-11-30,— Elektrik Kuvvetli Akım Tesisleri Yönetmeliği,https://www.resmigazete.gov.tr/eskiler/2000/11/20001130.htm#12
2000-11-30,— Orman Sayılmayan Yerlerdeki Ağaç ve Ağaçcıklardan Sahiplerinin Faydalanma Şekil ve Esasları Hakkında Yönetmelikte Değişiklik Yapılmasına Dair Yönetmelik,https://www.resmigazete.gov.tr/eskiler/2000/11/20001130.htm#13
2000-11-30,— Petrol Ürünlerine Uygulanacak Akaryakıt Fiyat İstikrar Fonu Payları Hakkında Tebliğ (PİGM/AFİF-2000/54),https://www.resmigazete.gov.tr/eskiler/2000/11/20001130.htm#14
2000-12-01,2000/1472 Türkiye-İtalya Kara Ulaştırması Karma Komisyon Toplantısı Protokolu’nun Onaylanması Hakkında Karar,https://www.resmigazete.gov.tr/eskiler/2000/12/20001201.htm#1
2000-12-01,— Hükümlü Alaattin KARAKAŞ’ın Cezasının Kaldırılması Hakkında Karar No : 2000/66,https://www.resmigazete.gov.tr/eskiler/2000/12/20001201.htm#2
2000-12-01,"— Devlet, Maliye, Bayındırlık ve İskan, Tarım ve Köyişleri, Çalışma ve Sosyal Güvenlik, Sanayi ve Ticaret, Kültür, Orman ve Çevre Bakanlıklarına Ait 14 Adet Atama Kararı",https://www.resmigazete.gov.tr/eskiler/2000/12/20001201.htm#3
2000-12-01,— Türk Musikisi Devlet Konservatuarı Lisans Eğitim ve Öğretim Yönetmeliği,https://www.resmigazete.gov.tr/eskiler/2000/12/20001201.htm#4
2000-12-01,— Katma Değer Vergisi Genel Tebliği (Seri No: 77),https://www.resmigazete.gov.tr/eskiler/2000/12/20001201.htm#5
2000-12-01,— Türk Gıda Kodeksi Yemeklik Zeytinyağı ve Yemeklik Prina Yağı Tebliğinde Değişiklik Yapılması Hakkında Tebliğ (No: 2000/45),https://www.resmigazete.gov.tr/eskiler/2000/12/20001201.htm#6
2000-12-01,— İthalinde Tek Taraflı Kontrol Sistemi Kapsamında Kota Uygulanan Tekstil Ürünlerine Ait Kotaların İlk Bölümünün Dağıtımı ve Yönetimine İlişkin Tebliğ (2000/9),https://www.resmigazete.gov.tr/eskiler/2000/12/20001201.htm#7
2000-12-01,— Dış Ticarette Standardizasyon Tebliği (No: 2000/25),https://www.resmigazete.gov.tr/eskiler/2000/12/20001201.htm#8
2000-12-01,"— Türkiye Cumhuriyet Merkez Bankasınca Belirlenen, Dış Krediler Kur Farkı Fonu Kapsamındaki Kredilere Uygulanacak Değişken Faiz Oranı Hakkında Tebliğ",https://www.resmigazete.gov.tr/eskiler/2000/12/20001201.htm#9
2000-12-01,— Eskişehir Valiliği Mahalli Çevre Kurulu Kararı (No : 10),https://www.resmigazete.gov.tr/eskiler/2000/12/20001201.htm#10
2000-12-02,4606 Uydular Aracılığı ile Haberleşme Avrupa Teşkilâtı Sözleşmesinde Yapılan Değişikliklerin Onaylanmasının Uygun Bulunduğuna Dair Kanun,https://www.resmigazete.gov.tr/eskiler/2000/12/20001202.htm#1
2000-12-02,4607 Uydular Aracılığı ile Mobil Haberleşme Uluslararası Teşkilâtı Sözleşmesi ve İşletme Anlaşmasında Yapılan Değişikliklerin Onaylanmasının Uygun Bulunduğuna Dair Kanun,https://www.resmigazete.gov.tr/eskiler/2000/12/20001202.htm#2
2000-12-02,4608 3414 Sayılı Kanunda Değişiklik Yapılmasına Dair Kanun,https://www.resmigazete.gov.tr/eskiler/2000/12/20001202.htm#3
2000-12-02,4609 Seçimlerin Temel Hükümleri ve Seçmen Kütükleri Hakkında Kanunun 47 nci Maddesinde Değişiklik Yapılması Hakkında Kanun,https://www.resmigazete.gov.tr/eskiler/2000/12/20001202.htm#4
2000-12-02,2000/1473 Ekonomik İşbirliği Teşkilatı Ticari İşbirliği Çerçeve Anlaşması’nın Onaylanması Hakkında Karar,https://www.resmigazete.gov.tr/eskiler/2000/12/20001202.htm#5
2000-12-02,2000/1555 6183 Sayılı Amme Alacaklarının Tahsil Usulü Hakkında Kanunun 51 inci Maddesine Göre Uygulanmakta Olan Gecikme Zammı Nispeti ile İlgili Karar,https://www.resmigazete.gov.tr/eskiler/2000/12/20001202.htm#6
2000-12-02,2000/1591 193 Sayılı Gelir Vergisi Kanunu Hükümlerine Göre Basit Usulde Vergilendirilen Mükelleflerle İlgili 95/6430 Sayılı Karar'da Değişiklik Yapılmasına İlişkin Karar,https://www.resmigazete.gov.tr/eskiler/2000/12/20001202.htm#7
2000-12-02,"2000/1644 Basın-İlan Kurumu Genel Kurulu’nda Maliye Bakanlığı Temsilcisi Olarak, Adı Geçen Bakanlık Müsteşarı Ertan Dikmen’in Görevlendirilmesi Hakkında Karar",https://www.resmigazete.gov.tr/eskiler/2000/12/20001202.htm#8
2000-12-02,2000/1433 Kamu Kurum ve Kuruluşlarının Yurt Dışında Sürekli Görevlendireceği Personel Hakkında Yönetmelikte Değişiklik Yapılmasına Dair Yönetmelik,https://www.resmigazete.gov.tr/eskiler/2000/12/20001202.htm#9
2000-12-02,— Yurtdışında Görevlendirilecek Memurların Seçim Esaslarına Dair Yönetmelikte Değişiklik Yapılmasına Dair Yönetmelik,https://www.resmigazete.gov.tr/eskiler/2000/12/20001202.htm#10
2000-12-02,— Sosyal Hizmetler ve Çocuk Esirgeme Kurumu Koruyucu Aile Yönetmeliğinin Bazı Maddelerinin Değiştirilmesi Hakkında Yönetmelik,https://www.resmigazete.gov.tr/eskiler/2000/12/20001202.htm#11
2000-12-02,— Dış Ticarette Teknik Düzenlemeler ve Standardizasyon Yönetmeliğinde Değişiklik Yapılmasına İlişkin Yönetmelik,https://www.resmigazete.gov.tr/eskiler/2000/12/20001202.htm#12
2000-12-02,— Gelir Vergisi Genel Tebliği (Seri No : 237),https://www.resmigazete.gov.tr/eskiler/2000/12/20001202.htm#13
2000-12-02,— Dış Ticarette Standardizasyon Tebliğinde Değişiklik Yapılması Hakkında Tebliğ (No: 2000/26),https://www.resmigazete.gov.tr/eskiler/2000/12/20001202.htm#14
2000-12-02,"— Anayasa Mahkemesinin E : 1996/49 (193 Sayılı Kanunda Değişiklik Yapan 4108 Sayılı Yasa ile İlgili), K : 1996/46 Sayılı Kararı",https://www.resmigazete.gov.tr/eskiler/2000/12/20001202.htm#15
2000-12-03,2000/1495 Türkiye Cumhuriyeti Milli Savunma Bakanlığı ile Almanya Federal Cumhuriyeti Federal Savunma Bakanlığı Arasında Askeri Alanda ve Savunma Sanayii Alanında Gizlilik Dereceli Bilgi ve Malzemelerin Karşılıklı Mübadelesi ve Korunması Anlaşması'nın Onaylanması Hakkında Karar,https://www.resmigazete.gov.tr/eskiler/2000/12/20001203.htm#1
2000-12-03,- Motorlu Araçların Koltuk Başlıkları ile İlgili Tip Onayı Yönetmeliği (78/932/AT),https://www.resmigazete.gov.tr/eskiler/2000/12/20001203.htm#2
2000-12-03,- Trafiğe İlk Defa Çıkacak Motorlu Araçlar İçin Havayı Kirletici Gazların Emisyon Değerleri Uygulama Usul ve Esasları Hakkında Tebliğ,https://www.resmigazete.gov.tr/eskiler/2000/12/20001203.htm#3
2000-12-03,- Petrol Ürünlerine Uygulanacak Akaryakıt Fiyat İstikrar Fonu Payları Hakkında Tebliğ (PİGM/AFİF 2000-55),https://www.resmigazete.gov.tr/eskiler/2000/12/20001203.htm#4
2000-12-04,2000/1493 Türkiye Cumhuriyeti ile Bosna Hersek Arasındaki Ticarette Tercihli Rejimden Yararlanacak Eşyanın Menşeinin Tespitine İlişkin Karar,https://www.resmigazete.gov.tr/eskiler/2000/12/20001204.htm#1
2000-12-04,"- Devlet Bakanı Faruk BAL'a, Devlet Bakanı Prof. Dr. Tunca TOSKAY'ın Vekâlet Etmesine Dair Tezkere",https://www.resmigazete.gov.tr/eskiler/2000/12/20001204.htm#2
2000-12-04,"- Milli Savunma Bakanlığına, Tarım ve Köyişleri Bakanı Prof. Dr. Hüsnü Yusuf GÖKALP'in Vekâlet Etmesine Dair Tezkere",https://www.resmigazete.gov.tr/eskiler/2000/12/20001204.htm#3
2000-12-05,2000/1528 Türkiye Cumhuriyeti Hazine Müsteşarlığı ile Kuzey Kıbrıs Türk Cumhuriyeti Merkez Bankası Arasında İmzalanan Protokol’un Onaylanması Hakkında Karar,https://www.resmigazete.gov.tr/eskiler/2000/12/20001205.htm#1
2000-12-05,"— Orman Bakanlığına, Kültür Bakanı M. İstemihan TALAY’ın Vekâlet Etmesine Dair Tezkere",https://www.resmigazete.gov.tr/eskiler/2000/12/20001205.htm#2
2000-12-05,"2000/1534 Devlet Su İşleri Genel Müdürlüğü Van XVII nci Bölge Müdürlüğü’ne Bağlı Hakkari Şube Başmühendisliği’nin, Görev Sınırları ve Merkezi Aynı Olmak Üzere Şube Müdürlüğü’ne Dönüştürülmesi Hakkında Karar",https://www.resmigazete.gov.tr/eskiler/2000/12/20001205.htm#3
2000-12-05,"2000/1561 Kütlü Pamuk, Yağlık Ayçiçeği, Soya Fasulyesi, Kanola ve Zeytinyağı Üreticilerine Destekleme Primi Ödenmesine Dair Karar",https://www.resmigazete.gov.tr/eskiler/2000/12/20001205.htm#4
2000-12-05,"2000/1563 Şanlıurfa İli, Bozova İlçesine Bağlı Kanlıavşar Belediyesi’nin Adının “Şanlıavşar” Olarak Değiştirilmesinin Tasdiki Hakkında Karar",https://www.resmigazete.gov.tr/eskiler/2000/12/20001205.htm#5
2000-12-05,2000/1571 Bazı Mahalli İdare Birliklerinin Kurulmasına İzin Verilmesi Hakkında Karar,https://www.resmigazete.gov.tr/eskiler/2000/12/20001205.htm#6
2000-12-05,"2000/1592 3083 Sayılı Kanun Uyarınca, 86/10730 Sayılı Kararname ile Uygulama Alanı İlan Edilmiş Bulunan Şanlıurfa İli, Hilvan İlçesi, Gölcük Bucağı, Aranık Köyü, Gölebakan (Mamdun)Bağlısının, Ana Köyden Ayrılarak GÖLEBAKAN Adıyla Bağımsız Bir Köy Haline Getirilmesi ve Kurulan Bu Köyün “Uygulama Alanı” Olarak Tespiti Hakkında Karar",https://www.resmigazete.gov.tr/eskiler/2000/12/20001205.htm#7
2000-12-05,"— Hâkimler ve Savcılar Yüksek Kurulu Asıl Üyeliğine, Danıştay Üyesi Ali GÜVEN’in Seçilmesine Dair Karar",https://www.resmigazete.gov.tr/eskiler/2000/12/20001205.htm#8
2000-12-05,— Hakimler ve Savcılar Yüksek Kuruluna Ait Atama Kararı,https://www.resmigazete.gov.tr/eskiler/2000/12/20001205.htm#9
2000-12-05,— İstanbul Üniversitesi Su Ürünleri Fakültesi Lisans Öğretim ve Sınav Yönetmeliğinin 24 ve 34 üncü Maddelerinin Değiştirilmesine Dair Yönetmelik,https://www.resmigazete.gov.tr/eskiler/2000/12/20001205.htm#10
2000-12-05,— Anayasa Mahkemesi İçtüzüğünün Değiştirilmesine İlişkin İçtüzük,https://www.resmigazete.gov.tr/eskiler/2000/12/20001205.htm#11
2000-12-05,— Petrol Ürünlerine Uygulanacak Akaryakıt Fiyat İstikrar Fonu Payları Hakkında Tebliğ (PİGM/AFİF 2000-56),https://www.resmigazete.gov.tr/eskiler/2000/12/20001205.htm#12
2000-12-05,— Hampetrol ve Petrol Ürünleri İthalinde Uygulanacak Esaslar Hakkında Tebliğ (PİGM - 2000/3),https://www.resmigazete.gov.tr/eskiler/2000/12/20001205.htm#13
2000-12-05,— 10.000 Liralık Madeni Paraların Tedavülden Kaldırılması ile İlgili Tebliğ,https://www.resmigazete.gov.tr/eskiler/2000/12/20001205.htm#14
2000-12-05,— Rekabet Kurulunun 99-21/173-92 Sayılı Kararı,https://www.resmigazete.gov.tr/eskiler/2000/12/20001205.htm#15
2000-12-05,— Rekabet Kurulunun 00-29/311-178 Sayılı Kararı,https://www.resmigazete.gov.tr/eskiler/2000/12/20001205.htm#16
2000-12-05,— Rekabet Kurulunun 00-29/313-180 Sayılı Kararı,https://www.resmigazete.gov.tr/eskiler/2000/12/20001205.htm#17
2000-12-06,"— Başbakanlığa, Devlet Bakanı ve Başbakan Yardımcısı Dr. Devlet BAHÇELİ’nin Vekâlet Etmesine Dair Tezkrere",https://www.resmigazete.gov.tr/eskiler/2000/12/20001206.htm#1
2000-12-06,"— Devlet Bakanı Prof. Dr. Abdulhaluk Mehmet ÇAY’a, Devlet Bakanı Prof. Dr. Şuayip ÜŞENMEZ’in Vekâlet Etmesine Dair Tezkrere",https://www.resmigazete.gov.tr/eskiler/2000/12/20001206.htm#2
2000-12-06,"— Dışişleri Bakanlığına, Devlet Bakanı Prof. Dr. Şükrü S. GÜREL’in Vekâlet Etmesine Dair Tezkere",https://www.resmigazete.gov.tr/eskiler/2000/12/20001206.htm#3
2000-12-06,— Danıştay Üyeliğine Seçilenler ile İlgili 3 Adet Karar,https://www.resmigazete.gov.tr/eskiler/2000/12/20001206.htm#4
2000-12-06,2000/1550 Ateşli Silahlar ve Bıçaklar ile Diğer Aletler Hakkında Yönetmelikte Değişiklik Yapılmasına Dair Yönetmelik,https://www.resmigazete.gov.tr/eskiler/2000/12/20001206.htm#5
2000-12-06,2000/1590 Ereğli Kömür Havzası Amelebirliği Biriktirme ve Yardımlaşma Sandığı Yönetmeliğinde DeğişiklikYapılmasına DairYönetmelik,https://www.resmigazete.gov.tr/eskiler/2000/12/20001206.htm#6
2000-12-06,— Milli Eğitim Bakanlığına Bağlı Eğitim Kurumları Öğretmenlerinin Atama ve Yer Değiştirme Yönetmeliği Ekindeki EK-1 Çizelgenin Değiştirilmesine İlişkinYönetmelik,https://www.resmigazete.gov.tr/eskiler/2000/12/20001206.htm#7
2000-12-06,"— Serbest Muhasebecilik, Serbest Muhasebeci Mali Müşavirlik ve Yeminli Mali Müşavirlik Kanunu Genel Tebliği (Sıra No : 27)",https://www.resmigazete.gov.tr/eskiler/2000/12/20001206.htm#8
2000-12-06,"— Serbest Muhasebecilik, Serbest Muhasebeci Mali Müşavirlik ve Yeminli Mali Müşavirlik Kanunu GenelTebliği (Sıra No : 28)",https://www.resmigazete.gov.tr/eskiler/2000/12/20001206.htm#9
2000-12-06,— Tahsilat Genel Tebliği Seri No : 411,https://www.resmigazete.gov.tr/eskiler/2000/12/20001206.htm#10
2000-12-06,"— Anayasa Mahkemesinin E : 1997/18 (506 Sayılı Kanunda Değişiklik Yapan 3395 Sayılı Kanun ile İlgili), K : 1998/42 Sayılı Kararı",https://www.resmigazete.gov.tr/eskiler/2000/12/20001206.htm#11
2000-12-07,"— Devlet Bakanı Edip Safder GAYDALI’ya, Devlet Bakanı Rüştü Kazım YÜCELEN’in Vekâlet Etmesine Dair Tezkere",https://www.resmigazete.gov.tr/eskiler/2000/12/20001207.htm#1
2000-12-07,"— Ulaştırma Bakanlığına, Sağlık Bakanı Doç. Dr. Osman DURMUŞ’un Vekâlet Etmesine Dair Tezk ere",https://www.resmigazete.gov.tr/eskiler/2000/12/20001207.htm#2
2000-12-07,— Sanayi ve Ticaret Bakanlığına AitBir Adet Atama Kararı,https://www.resmigazete.gov.tr/eskiler/2000/12/20001207.htm#3
2000-12-07,— Bilgisayar Sistemi Bulunan Gümrük İdarelerinde Yürütülecek İşlemlere İlişkin Yönetmelikte Değişiklik Yapılmasına Dair Yönetmelik,https://www.resmigazete.gov.tr/eskiler/2000/12/20001207.htm#4
2000-12-07,— Gümrük Yönetmeliğinde Değişiklik Yapılmasına Dair Yönetmelik,https://www.resmigazete.gov.tr/eskiler/2000/12/20001207.htm#5
2000-12-07,"2521 sayılı Avda ve Sporda Kullanılan Tüfekler, Nişan Tabancaları ve Av Bıçaklarının Yapımı, Alımı, Satımı ve Bulundurulmasına Dair Kanunun Uygulanmasına İlişkin Yönetmelikte DeğişiklikYapılmasına Dair Yönetmelik",https://www.resmigazete.gov.tr/eskiler/2000/12/20001207.htm#6
2000-12-08,708 Türkiye Büyük Millet Meclisi Komisyonları Üyeliklerine Yapılan Seçime Dair Karar,https://www.resmigazete.gov.tr/eskiler/2000/12/20001208.htm#1
2000-12-08,2000/1572 Türkiye Cumhuriyeti Tarım ve Köyişleri Bakanlığı ve Çek Cumhuriyeti Tarım Bakanlığı Arasında Tarım ve Gıda Sanayii Alanında İşbirliği Anlaşması’nın Onaylanması Hakkında Karar,https://www.resmigazete.gov.tr/eskiler/2000/12/20001208.htm#2
2000-12-08,2000/1514 Geçici Vergi Dönemleri ile Beyan ve Ödeme Sürelerine İlişkin Karar,https://www.resmigazete.gov.tr/eskiler/2000/12/20001208.htm#3
2000-12-08,"2000/1580 Tabii Afet Nedeniyle Zarar Gören Çiftçi, Esnaf ve Sanatkar , Küçük ve Orta Boy İşletmeler, Serbest Meslek Mensubu ve Sanayi ve Ticaret Erbabı ile Menkul ve Gayrimenkul Malları Zarar Gören Gerçek ve Tüzel Kişilerin Kredi Borçlarının Ertelenmesi ve Bu Kişilere Yeni Kredi Açılmasına İlişkin 2000/1390 sayılı Kararnamenin Eki Karar’da Değişiklik Yapılmasına Dair Karar",https://www.resmigazete.gov.tr/eskiler/2000/12/20001208.htm#4
2000-12-08,2000/1689 Gelir Vergisi Kanununun Bazı Maddelerinde Yer Alan Tevkifat Nispetleri Hakkında 93/5148 Sayılı Kararnamenin Eki Karar’da Değişiklik Yapılmasına İlişkin Karar,https://www.resmigazete.gov.tr/eskiler/2000/12/20001208.htm#5
2000-12-08,2000/1691 Özel İşlem Vergisi Tutarlarının Artırılmasına İlişkin Karar,https://www.resmigazete.gov.tr/eskiler/2000/12/20001208.htm#6
2000-12-08,"2000/1692 2000 Yılında Uygulanmakta Olan Taşıt Alım Vergisi Miktarlarının, 1/1/2001 Tarihinden İtibaren % 60 Oranında Artırılması Hakkında Karar",https://www.resmigazete.gov.tr/eskiler/2000/12/20001208.htm#7
2000-12-08,"2000/1694 2001 Yılı Bina, Arsa ve Arazi Vergisi Matrahlarının Hesabında Esas Alınacak Artış Oranı Hakkında Karar",https://www.resmigazete.gov.tr/eskiler/2000/12/20001208.htm#8
2000-12-08,"2000/1695 Türkiye Sınırları İçinde Tek Meskeni Olup, Gelirleri Münhasıran Kanunla Kurulan Sosyal Güvenlik Kurumlarından Aldıkları Aylıklardan İbaret Bulananların veya Bunlardan Kendileri Üzerine Kayıtlı Meskeni Olmayanların Anılan Kurumlardan Aylık Almayan ve Herhangi Bir Geliri de Bulunmayan Eşleri ile Şehitlerin Dul ve Yetimlerine ve Gazilere Ait Tek Meskenin Bina Vergisi Oranının 2001 Yılı İçin Sıfıra İndirilmesi Hakkında Karar",https://www.resmigazete.gov.tr/eskiler/2000/12/20001208.htm#9
2000-12-08,"2000/1696 49 2 Sayılı Harçlar Kanununa Bağlı Tarifelerde Yer Alan Nispi Harçlar ile Aynı Kanuna Bağlı (6) Sayılı Tarifenin Pasaport Harçları, Vize Harçları, İkamet Tezkeresi ve Dışişleri Bakanlığı Tasdik Harçları ile (9) sayılı Tarifenin Trafik Harçları Başlıklı Bölümlerinde Yer Alan Maktu Harç Tutarlarının Artırılmasına İlişkin Karar",https://www.resmigazete.gov.tr/eskiler/2000/12/20001208.htm#10
2000-12-08,2000/1699 197 sayılı Motorlu Taşıtlar Vergisi Kanununun 5 ve 6 ncı Maddelerinde Yer Alan Tarifelerdeki Vergi Miktarlarının Artırılmasına İlişkin Karar,https://www.resmigazete.gov.tr/eskiler/2000/12/20001208.htm#11
2000-12-08,"2000/1690 Nüfus Hiz metlerine Ait Kuruluş, Görev ve Çalışma Yönetmeliğinde Değişiklik Yapılmasına Dair Yönetmelik",https://www.resmigazete.gov.tr/eskiler/2000/12/20001208.htm#12
2000-12-08,— Elektrik İç Tesisleri Yönetmeliğinde Değişiklik Yapılmasına Dair Yönetmelik,https://www.resmigazete.gov.tr/eskiler/2000/12/20001208.htm#13
2000-12-08,— Yargıtay Yayınları Döner Sermaye İşletmesi Yönetmeliğinin 5 inci Maddesine İki Ben t Eklenmesine Dair Yönetmelik,https://www.resmigazete.gov.tr/eskiler/2000/12/20001208.htm#14
2000-12-08,— Vergi Usul Kanunu Genel Tebliği (Sıra No:288),https://www.resmigazete.gov.tr/eskiler/2000/12/20001208.htm#15
2000-12-08,— Petrol Ürünlerine Uygulanacak Akaryakıt Fiyat İstikrar Fonu Payları Hakkında Tebliğ (PİGM/AFİF 2000/57),https://www.resmigazete.gov.tr/eskiler/2000/12/20001208.htm#16
2000-12-08,— Petrol Ürünlerine Uygulanacak Akaryakıt Fiyat İstikrar Fonu Payları Hakkında Tebliğ (PİGM/AFİF 2000/58),https://www.resmigazete.gov.tr/eskiler/2000/12/20001208.htm#17
2000-12-08,— Sektörel Dış Ticaret Şirketi Statüsü Verilmesine İlişkin Karar,https://www.resmigazete.gov.tr/eskiler/2000/12/20001208.htm#18
2000-12-09,2000/1515 Geçici Vergi Oranına İlişkinKarar,https://www.resmigazete.gov.tr/eskiler/2000/12/20001209.htm#1
2000-12-09,"2000/1530 Sivil Savunma Arama ve Kurtarma Birlik Müdürlükleri ile Ekiplerinde Sözleşmeli Olarak İstihdam Edilecek Personelin Nitelikleri, Çalıştırılmaları ile Ücret ve Diğer Mali Haklarına İlişkin Usul ve Esasların Yürürlüğe Konulması Hakkında Karar",https://www.resmigazete.gov.tr/eskiler/2000/12/20001209.htm#2
2000-12-09,"2000/1598 Telekomünikasyon Kurulu Başkan ve Üyelerinin, Ücret ve Diğer Mali Haklarının Belirlenmesine İlişkin",https://www.resmigazete.gov.tr/eskiler/2000/12/20001209.htm#3
2000-12-09,26/5/2000 Tarihli ve 2000/1004 Sayılı BakanlarKurulu Kararı’nın Eki Karar’a Ek Madde Eklenmesine Dair Karar — Milli Savunma Bakanlığına Ait İki Adet Atama Kararı,https://www.resmigazete.gov.tr/eskiler/2000/12/20001209.htm#4
2000-12-09,Sanayi ve TicaretBakanlığı Teşkilatlandırma Genel Müdürlüğü Kooperatifler Kontrolörleri Yönetmeliği,https://www.resmigazete.gov.tr/eskiler/2000/12/20001209.htm#5
2000-12-09,— Fırat Üniversitesi Lisansüstü Eğitim-Öğretim ve Sınav Yönetmeliğinin Bazı Maddelerinin Değiştirilmesine Dair Yönetmelik,https://www.resmigazete.gov.tr/eskiler/2000/12/20001209.htm#6
2000-12-09,Rekabet Kurumunun 93/750-159 Sayılı Kararı,https://www.resmigazete.gov.tr/eskiler/2000/12/20001209.htm#7
2000-12-09,Rekabet Kurumunun 99-21/169-88 Sayılı Kararı,https://www.resmigazete.gov.tr/eskiler/2000/12/20001209.htm#8
2000-12-09,Rekabet Kurumunun 99-59/639-406 Sayılı Kararı,https://www.resmigazete.gov.tr/eskiler/2000/12/20001209.htm#9
2000-12-10,"— Devlet Bakanı Edip Safder GAYDALI’ya, Devlet Bakanı Yüksel YALOVA’nın Vekâlet Etmesine Dair Tezkere",https://www.resmigazete.gov.tr/eskiler/2000/12/20001210.htm#1
2000-12-10,"— Ulaştırma Bakanlığına, Sağlık Bakanı Doç. Dr. Osman DURMUŞ’un Vekâlet Etmesine Dair Tezkere",https://www.resmigazete.gov.tr/eskiler/2000/12/20001210.htm#2
2000-12-10,"— KültürBakanlığına, Milli EğitimBakanı Metin BOSTANCIOĞLU’nun Vekâlet Etmesine Dair Tezkere",https://www.resmigazete.gov.tr/eskiler/2000/12/20001210.htm#3
2000-12-10,2000/1536 3594 Kişinin Türk Vatandaşlığından Çıkmasına İzin Verilmesi ve Bazı Kararnameler ile Türk Vatandaşlığından Çıkmalarına İzin Verilen 85 Kişi Hakkındaki Hükmün İptaline İlişkinKarar,https://www.resmigazete.gov.tr/eskiler/2000/12/20001210.htm#4
2000-12-10,— İstanbul Üniversitesi Veteriner Fakültesi Öğretim ve Sınav Yönetmeliğinin 17 nci Maddesinin Değiştirilmesine Dair Yönetmelik,https://www.resmigazete.gov.tr/eskiler/2000/12/20001210.htm#5
2000-12-10,— Değerli Kağıtlar Kanunu Genel Tebliği (Seri No : 18),https://www.resmigazete.gov.tr/eskiler/2000/12/20001210.htm#6
2000-12-11,"2000/1573 Türkiye Cumhuriyeti Tarım ve Köyişleri Bakanlığı ile Hollanda Tarım, Doğa Yönetimi ve Balıkçılık Bakanlığı Arasında İmzalanan Mutabakat Zaptı’nın Onaylanması Hakkında Karar",https://www.resmigazete.gov.tr/eskiler/2000/12/20001211.htm#1
2000-12-11,2000/1616 Türkiye Cumhuriyeti Hükümeti ile Macaristan Cumhuriyeti Hükümeti Arasında İmzalanan Veterinerlik Alanında İşbirliği Anlaşması’nın Onaylanması Hakkında Karar,https://www.resmigazete.gov.tr/eskiler/2000/12/20001211.htm#2
2000-12-11,2000/1693 Mal ve Hizmetlere Uygulanacak Katma Değer Vergisi OranlarınınTespitine İlişkin Karar’da Değişiklik Yapılması Hakkında Karar,https://www.resmigazete.gov.tr/eskiler/2000/12/20001211.htm#7
2000-12-11,"2000/1697 213 sayılı Vergi Usul Kanununun 104, Mükerrer 115, 232, 313, 343, 352 (Kanuna Bağlı Cetvel), 353, Mükerrer 355 ve 356 ncı Maddeleri ile İlgili Karar’ın Yürürlüğe Konulması Hakkında Karar",https://www.resmigazete.gov.tr/eskiler/2000/12/20001211.htm#8
2000-12-11,— Hacettepe Üniversitesi Geriatrik Bilimler Uygulama ve Araştırma Merkezi (HÜ-GEBAM)Yönetmeliğinin 5 inci ve 6 ncı Maddelerinin Değiştirilmesi Hakkında Yönetmelik,https://www.resmigazete.gov.tr/eskiler/2000/12/20001211.htm#3
2000-12-11,— İstanbul Teknik Üniversitesi (İTÜ) Yaz Öğretimi Yönetmeliğinin 18 inci Maddesinin Değiştirilmesine Dair Yönetmelik,https://www.resmigazete.gov.tr/eskiler/2000/12/20001211.htm#4
2000-12-11,— Mustafa Kemal Üniversitesi Yaz Öğretimi Yönetmeliğinde Değişiklik Yapılmasına Dair Yönetmelik,https://www.resmigazete.gov.tr/eskiler/2000/12/20001211.htm#5
2000-12-11,— Samsun Valiliği Mahalli Çevre Kurulu Kararı (No : 2000/10),https://www.resmigazete.gov.tr/eskiler/2000/12/20001211.htm#6
2000-12-12,2000/1265 Karadeniz Bölgesi Liman Devleti Kontrolü Mutabakatı Muhtırası'nın Onaylanması Hakkında Karar,https://www.resmigazete.gov.tr/eskiler/2000/12/20001212.htm#1
2000-12-12,Trafiğe İlk Defa Çıkacak Motorlu Araçlar İçin Müsaade Edilebilir Azami Dış Gürültü Seviyeleri Uygulama Usul ve Esasları Hakkında Tebliğ Sanayi Genel Müdürlüğü (Tebliğ No: SGM-2000/76),https://www.resmigazete.gov.tr/eskiler/2000/12/20001212.htm#2
2000-12-13,2000/1620 Türkiye Cumhuriyeti ile Estonya Cumhuriyeti Arasındaki Serbest Ticaret Anlaşması’nın II Sayılı Eki’nde Değişiklik Yapılmasına İlişkin 2/2000 Sayılı Ortak Komite Kararı’nın Onaylanması Hakkında Karar,https://www.resmigazete.gov.tr/eskiler/2000/12/20001213.htm#1
2000-12-13,"— Devlet Bakanı ve Başbakan Yardımcılığına, Enerji ve Tabii Kaynaklar Bakanı M. Cumhur ERSÜMER’in Vekâlet Etmesine Dair Tezkere",https://www.resmigazete.gov.tr/eskiler/2000/12/20001213.htm#2
2000-12-13,"— Devlet Bakanı Rüştü Kazım YÜCELEN’e, Devlet Bakanı Mehmet KEÇECİLER’in Vekâlet Etmesine Dair Tezkere",https://www.resmigazete.gov.tr/eskiler/2000/12/20001213.htm#3
2000-12-13,"— Devlet Bakanı Fikret ÜNLÜ’ye, Devlet Bakanı Hasan GEMİCİ’nin Vekâlet Etmesine Dair Tezkere",https://www.resmigazete.gov.tr/eskiler/2000/12/20001213.htm#4
2000-12-13,"— Dışişleri Bakanlığına, Devlet Bakanı Prof. Dr. Şükrü S. GÜREL’in Vekâlet Etmesine Dair Tezkere",https://www.resmigazete.gov.tr/eskiler/2000/12/20001213.htm#5
2000-12-13,"— Turizm Bakanlığına, Çalışma ve Sosyal Güvenlik Bakanı Yaşar OKUYAN’ın Vekâlet Etmesine Daiz Tezkere",https://www.resmigazete.gov.tr/eskiler/2000/12/20001213.htm#6
2000-12-13,"2000/1698 Türkiye Cumhuriyeti Ziraat Bankası Anonim Şirketi, Türkiye Halk Bankası Anonim Şirketi ve Türkiye Emlak Bankası Anonim Şirketi'nin Yeniden Yapılandırılmalarına İlişkin Usul ve Esaslar'ın Yürürlüğe Konulması Hakkında Karar",https://www.resmigazete.gov.tr/eskiler/2000/12/20001213.htm#7
2000-12-13,"— Devlet, Maliye, Bayındırlık, Ulaştırma, Çalışma ve Sosyal Güvenlik, Sanayi ve Ticaret, Kültür ve Turizm Bakanlıklarına Ait 18 Adet Atama Kararı",https://www.resmigazete.gov.tr/eskiler/2000/12/20001213.htm#8
2000-12-13,2000/1700 Gençlik ve Spor Hizmet ve Faaliyetlerinde Üstün Başarı Gösterenlerin Ödüllendirilmesine Dair Yönetmelik,https://www.resmigazete.gov.tr/eskiler/2000/12/20001213.htm#9
2000-12-13,— Yurt Dışı Tebligat ve İstinabe Taleplerinde Uyulması Gereken Usul ve Esaslara Dair Tebliğ,https://www.resmigazete.gov.tr/eskiler/2000/12/20001213.htm#10
2000-12-13,"— Aşı, Serum, Sulandırma Sıvısı ve Biyolojik Madde Gibi Veteriner Sağlık Ürünlerinden Numune Alma Esasları Hakkındaki Tebliğ (No: 2000/44)",https://www.resmigazete.gov.tr/eskiler/2000/12/20001213.htm#11
2000-12-13,— Petrol Ürünlerine Uygulanacak Akaryakıt Fiyat İstikrar Fonu Payları Hakkında Tebliğ (PİGM/AFİF 2000-59),https://www.resmigazete.gov.tr/eskiler/2000/12/20001213.htm#12
2000-12-13,— Özelleştirme İdaresi Başkanlığının ÖİB-K-14 sayılı Kararı,https://www.resmigazete.gov.tr/eskiler/2000/12/20001213.htm#13
2000-12-14,709 (10/8) Esas Numaralı Meclis Araştırması Komisyonunun Görev Süresinin Uzatılmasına İlişkin Karar,https://www.resmigazete.gov.tr/eskiler/2000/12/20001214.htm#1
2000-12-14,"Milli Savunma, Maliye, Bayındırlık ve İskan, Ulaştırma ile Sanayi ve Ticaret Bakanlıklarına Ait 9 Adet Atama Kararı",https://www.resmigazete.gov.tr/eskiler/2000/12/20001214.htm#2
2000-12-14,— Gümrük Yönetmeliğinin Bazı Maddelerinde Değişiklik Yapılmasına Dair Yönetmelik,https://www.resmigazete.gov.tr/eskiler/2000/12/20001214.htm#3
2000-12-14,— Futbolda Müşterek Bahis Oyunları Hasılatının Oluşumu ve Dağıtım Şekli Hakkında Yönetmelikte Değişiklik Yapılmasına Dair Yönetmelik,https://www.resmigazete.gov.tr/eskiler/2000/12/20001214.htm#4
2000-12-14,— Kanser Erken Teşhis ve Tarama Merkezleri Yönetmeliği,https://www.resmigazete.gov.tr/eskiler/2000/12/20001214.htm#5
2000-12-14,— KanserKayıt Merkezi Yönetmeliği,https://www.resmigazete.gov.tr/eskiler/2000/12/20001214.htm#6
2000-12-14,— Tarım ve Köyişleri Bakanlığı Tarım Reformu Genel Müdürlüğü Personeli Görevde Yükselme Yönetmeliği,https://www.resmigazete.gov.tr/eskiler/2000/12/20001214.htm#7
2000-12-14,— Sanayi Dışı Yeni veya Mevcut Binalarda Sıcak Su Üretimi ve Ortam Isıtması İçin Kullanılan Isı Jeneratörlerinin Performansı ve Sanayi Dışı Yeni Binalarda Dahili Sıcak Su Dağıtımı ve Isı Yalıtımına Dair Yönetmelik,https://www.resmigazete.gov.tr/eskiler/2000/12/20001214.htm#8
2000-12-14,— Türk Patent Enstitüsü Personeli Görevde Yükselme Yönetmeliği,https://www.resmigazete.gov.tr/eskiler/2000/12/20001214.htm#9
2000-12-14,— Profesyonel Turist Rehberliği Yönetmeliğine Bir Ek Madde Eklenmesine Dair Yönetmelik,https://www.resmigazete.gov.tr/eskiler/2000/12/20001214.htm#10
2000-12-14,— Marmara Üniversitesi Sürekli Eğitim Merkezi (MÜSEM) Yönetmeliği,https://www.resmigazete.gov.tr/eskiler/2000/12/20001214.htm#11
2000-12-14,— TS 2410 Sebzeler-Yemeklik Kültür Mantarı Standardının Revizyonuna İlişkin Tebliğ (Dış Ticarette Standardizasyon: 2000/27),https://www.resmigazete.gov.tr/eskiler/2000/12/20001214.htm#12
2000-12-14,— Ankara Valiliğinin 2000/1 sayılı Kararı,https://www.resmigazete.gov.tr/eskiler/2000/12/20001214.htm#13
2000-12-14,"DÜZELTME (13/12/2000 tarihli ve 24259 sayılı Resmî Gazete’de yayımlanan, Maliye Bakanlığına ait 2000/1197 sayılı Atama Kararı ile İlgili)",https://www.resmigazete.gov.tr/eskiler/2000/12/20001214.htm#14
2000-12-15,— Hakimler ve Savcılar Yüksek Kuruluna Ait Karar,https://www.resmigazete.gov.tr/eskiler/2000/12/20001215.htm#1
2000-12-15,— Motorlu Araçların ve Römorkların Yönlendirme (Direksiyon) Tertibatı ile İlgili Tip Onayı Yönetmeliği (70/311/AT),https://www.resmigazete.gov.tr/eskiler/2000/12/20001215.htm#2
2000-12-15,— Yargıtay 2. Hukuk Dairesine Ait 10 Adet Karar,https://www.resmigazete.gov.tr/eskiler/2000/12/20001215.htm#3
2000-12-15,DÜZELTME (Anayasa Mahkemesi İçtüzüğünün Değiştirilmesine İlişkin İçtüzük ile İlgili,https://www.resmigazete.gov.tr/eskiler/2000/12/20001215.htm#4
2000-12-16,2000/1621 Türkiye Devlet Meteoroloji İşleri Genel Müdürlüğü ile Bosna-Hersek Meteoroloji Enstitüsü Müdürlüğü Arasında İmzalanan Protokol’un Onaylanması Hakkında Karar,https://www.resmigazete.gov.tr/eskiler/2000/12/20001216.htm#1
2000-12-16,2000/1680 Türkiye Cumhuriyeti Hükümeti ile Azerbaycan Cumhuriyeti Hükümeti Arasında İmzalanan Denizcilik Anlaşması’nın Onaylanması Hakkında Karar,https://www.resmigazete.gov.tr/eskiler/2000/12/20001216.htm#2
2000-12-16,2000/1659 Dahilde İşleme Rejimi Kararında Değişiklik Yapılması Hakkında Karar,https://www.resmigazete.gov.tr/eskiler/2000/12/20001216.htm#3
2000-12-16,2000/1664 Kafkas Üniversitesi Rektörlüğüne Bağlı Olarak Tıp Fakültesi Kurulması Hakkında Karar,https://www.resmigazete.gov.tr/eskiler/2000/12/20001216.htm#4
2000-12-16,2000/1711 İstanbul Üniversitesi Rektörlüğü’ne Bağlı Ulaştırma Yüksekokulunun Adının Ulaştırma ve Lojistik Yüksekokulu Olarak Değiştirilmesi Hakkında Karar,https://www.resmigazete.gov.tr/eskiler/2000/12/20001216.htm#5
2000-12-16,— Petrol Ürünlerine Uygulanacak Akaryakıt Fiyat İstikrar Fonu Payları Hakkında Tebliğ (PİGM/AFİF 2000-60),https://www.resmigazete.gov.tr/eskiler/2000/12/20001216.htm#6
2000-12-17,2000/1614 Türk-Rus Hükümetlerarası Karma Ekonomik Komisyonu Beşinci Dönem Toplantısı Protokolu'nun Onaylanması Hakkında Karar,https://www.resmigazete.gov.tr/eskiler/2000/12/20001217.htm#1
2000-12-17,— Bilkent Üniversitesi Müzik ve Sahne Sanatları Fakültesi Müzik Hazırlık Okulu (Lise Devresi) Yönetmeliğinde Değişiklik Yapılmasına Dair Yönetmelik,https://www.resmigazete.gov.tr/eskiler/2000/12/20001217.htm#2
2000-12-18,2000/1717 2901 Kişinin Türk Vatandaşlığından Çıkmasına İzin Verilmesi Hakkında Karar,https://www.resmigazete.gov.tr/eskiler/2000/12/20001218.htm#1
2000-12-18,— Gazi Üniversitesi Döner Sermaye İşletmesi Yönetmeliğinin 2 ve 6 ncı Maddelerinde Değişiklik Yapılmasına Dair Yönetmelik,https://www.resmigazete.gov.tr/eskiler/2000/12/20001218.htm#2
2000-12-19,710 “Kuzeyden Keşif Harekatı”nın Görev Süresinin Uzatılmasına Dair Karar,https://www.resmigazete.gov.tr/eskiler/2000/12/20001219.htm#1
2000-12-19,2000/1718 Türkiye-Yeni Zelanda Ekonomik ve Teknik İşbirliği Karma Komisyonu V. Dönem Toplantısı Mutabakat Zaptı’nın Onaylanması Hakkında Karar,https://www.resmigazete.gov.tr/eskiler/2000/12/20001219.htm#2
2000-12-19,"2000/1671 Tütün, Tütün Mamulleri, Tuz ve Alkol İşletmeleri (TEKEL) Genel Müdürlüğü’nce Hiç İşletilmemiş veya İşletilmesinden Vazgeçilmiş Bazı Kaya ve Kaynak Tuzlalarının İşletilmelerine İzin Verilmesi Hakkında Karar",https://www.resmigazete.gov.tr/eskiler/2000/12/20001219.htm#3
2000-12-19,Yargıtay Cumhuriyet Başsavcılığına Yargıtay 11. Ceza Dairesi Başkanı Sabih KANADOĞLU'nun Seçilmesi Hakkında Karar (No: 2000/72),https://www.resmigazete.gov.tr/eskiler/2000/12/20001219.htm#4
2000-12-19,— Gümrük Yönetmeliğinde Değişiklik Yapılmasına Dair Yönetmelik,https://www.resmigazete.gov.tr/eskiler/2000/12/20001219.htm#5
2000-12-19,— Gençlik ve Spor Genel Müdürlüğü Merkez İhale Yönetmeliğinde Değişiklik Yapılmasına Dair Yönetmelik,https://www.resmigazete.gov.tr/eskiler/2000/12/20001219.htm#6
2000-12-19,— Bağ-Kur Genel Müdürlüğü İhale Yönetmeliğinde Değişiklik Yapılmasına Dair Yönetmelik,https://www.resmigazete.gov.tr/eskiler/2000/12/20001219.htm#7
2000-12-19,— Elektrik İşleri Etüd İdaresi Genel Müdürlüğü Personeli Atama ve Görevde Yükselme Yönetmeliğinde Değişiklik Yapılmasına Dair Yönetmelik,https://www.resmigazete.gov.tr/eskiler/2000/12/20001219.htm#8
2000-12-19,— Yüksek Öğrenim Kredi ve Yurtlar Kurumu Genel Müdürlüğü Görevde Yükselme Yönetmeliğinde Değişiklik Yapılmasına Dair Yönetmelik,https://www.resmigazete.gov.tr/eskiler/2000/12/20001219.htm#9
2000-12-19,— Süleyman Demirel Üniversitesi Lisansüstü Eğitim ve Öğretim Yönetmeliğinin Bazı Maddelerinin Değiştirilmesine Dair Yönetmelik,https://www.resmigazete.gov.tr/eskiler/2000/12/20001219.htm#10
2000-12-19,— Muhasebe Sistemi Uygulama Genel Tebliği (Sıra No: 10),https://www.resmigazete.gov.tr/eskiler/2000/12/20001219.htm#13
2000-12-19,— Vergi Usul Kanunu Genel Tebliği (Sıra No: 289),https://www.resmigazete.gov.tr/eskiler/2000/12/20001219.htm#14
2000-12-19,— Petrol Ürünlerine Uygulanacak Akaryakıt Fiyat İstikrar Fonu Payları Hakkında Tebliğ (PİGM/AFİF 2000-61),https://www.resmigazete.gov.tr/eskiler/2000/12/20001219.htm#15
2000-12-19,— Muğla-Yatağan Termik Santralının Oluşturduğu Hava Kirliliğinin Önlenmesine Dair Karar,https://www.resmigazete.gov.tr/eskiler/2000/12/20001219.htm#11
2000-12-19,— Yargıtay 18. Hukuk Dairesine Ait 11 Adet Karar,https://www.resmigazete.gov.tr/eskiler/2000/12/20001219.htm#12
2000-12-20,2000/1658 Kamu Kurum ve Kuruluşlarınca Yapılacak Norm Kadro Çalışmalarında Uyulacak Usul ve Esaslar’ın Yürürlüğe Konulması Hakkında Karar,https://www.resmigazete.gov.tr/eskiler/2000/12/20001220.htm#1
2000-12-20,2000/1712 Dar Mükellefiyete Tabi Kurumların Tevkifata Tabi Kazanç ve İratlarından Yapılacak Tevkifat Nispetleri Hakkında Karar,https://www.resmigazete.gov.tr/eskiler/2000/12/20001220.htm#12
2000-12-20,2000/1713 193 Sayılı Gelir Vergisi Kanununun Değişik 94 üncü Maddesinde Yer Alan Tevkifat Nispetleri Hakkında Karar,https://www.resmigazete.gov.tr/eskiler/2000/12/20001220.htm#13
2000-12-20,2000/1716 Resmî İlân Fiyatlarının Tespiti Hakkında Karar,https://www.resmigazete.gov.tr/eskiler/2000/12/20001220.htm#14
2000-12-20,Hükümlü Yüksel AKYÜZ'ün Cezasının Kaldırılması Hakkında Karar No: 2000/71,https://www.resmigazete.gov.tr/eskiler/2000/12/20001220.htm#2
2000-12-20,Belirli Tekstil Ürünleri İthalatında Gözetim ve Korunma Önlemleri Hakkında Yönetmelikte Değişiklik Yapılmasına Dair Yönetmelik,https://www.resmigazete.gov.tr/eskiler/2000/12/20001220.htm#3
2000-12-20,"— İkili Anlaşmalar, Protokoller veya Diğer Düzenlemeler Kapsamı Dışında, Belirli Ülkeler Menşeli Tekstil Ürünleri İthalatında Gözetim ve Korunma Önlemleri Hakkında Yönetmelikte Değişiklik Yapılmasına Dair Yönetmelik",https://www.resmigazete.gov.tr/eskiler/2000/12/20001220.htm#4
2000-12-20,— Niğde Üniversitesi Önlisans ve Lisans Eğitim-Öğretim ve Sınav Yönetmeliğinin 10 uncu Maddesinin Değiştirilmesine Dair Yönetmelik,https://www.resmigazete.gov.tr/eskiler/2000/12/20001220.htm#5
2000-12-20,— Mecburi Standard ÖSG-2000/106-107 Sayılı Tebliğ,https://www.resmigazete.gov.tr/eskiler/2000/12/20001220.htm#6
2000-12-20,— Mecburi Standard ÖSG-2000 /109-110 Sayılı Tebliğ,https://www.resmigazete.gov.tr/eskiler/2000/12/20001220.htm#7
2000-12-20,— Mecburi Standard ÖSG-2000/111-112 Sayılı Tebliğ,https://www.resmigazete.gov.tr/eskiler/2000/12/20001220.htm#8
2000-12-20,— Zorunlu Karayolları Mali Sorumluluk Sigortası Tarife ve Talimatı,https://www.resmigazete.gov.tr/eskiler/2000/12/20001220.htm#15
2000-12-20,— Zorunlu Otobüs Koltuk Ferdi Kaza Sigortası Tarife ve Talimatı,https://www.resmigazete.gov.tr/eskiler/2000/12/20001220.htm#16
2000-12-20,— Antalya Valiliği Mahalli Çevre Kurulu Kararı (No: 00/12),https://www.resmigazete.gov.tr/eskiler/2000/12/20001220.htm#9
2000-12-20,— Malatya Valiliği Mahalli Çevre Kurulu Kararı (No: 2000/11),https://www.resmigazete.gov.tr/eskiler/2000/12/20001220.htm#10
2000-12-20,— Malatya Valiliği Mahalli Çevre Kurulu Kararı (No: 2000/12),https://www.resmigazete.gov.tr/eskiler/2000/12/20001220.htm#11
2000-12-21,"Yükseköğretim Kurulu Üyeliğine, Erdoğan ÖZNAL’ın Yeniden Seçilmesi Hakkında Karar (No:2000/73)",https://www.resmigazete.gov.tr/eskiler/2000/12/20001221.htm#1
2000-12-21,"Devlet Bakanı ve Başbakan Yardımcılığı ile Devlet, Milli Savunma, Maliye, Sağlık, Tarım ve Köyişleri, Enerji ve Tabii Kaynaklar ile Kültür Bakanlıklarına Ait 17 Adet Atama Kararı",https://www.resmigazete.gov.tr/eskiler/2000/12/20001221.htm#2
2000-12-21,Hakimler ve Savcılar Yüksek Kuruluna Ait Karar,https://www.resmigazete.gov.tr/eskiler/2000/12/20001221.htm#3
2000-12-21,2000/1231 Devlet Memurlarının Görevde Yükselme Esaslarına Dair Genel Yönetmelikte Değişiklik Yapılması Hakkında Yönetmelik,https://www.resmigazete.gov.tr/eskiler/2000/12/20001221.htm#4
2000-12-21,"- Ordu Evleri, Askeri Gazinolar ve Sosyal Tesisler Yönetm eliğinde Değişiklik Yapılmasına Dair Yönetmelik",https://www.resmigazete.gov.tr/eskiler/2000/12/20001221.htm#5
2000-12-21,İdari Yargı Hakim ve Savcıları Hakkında Uygulanacak Atama Yönetmeliğinde Değişiklik Yapılmasına Dair Yönetmelik,https://www.resmigazete.gov.tr/eskiler/2000/12/20001221.htm#6
2000-12-21,"- Telekomünikasyon Kurumu Telekomünikasyon Uzman Yar dımcılığı ve Telekomünikasyon Uzmanlığı Sınav, Görev, Çalışma Usul ve Esasları Hakkında Yönetmelik",https://www.resmigazete.gov.tr/eskiler/2000/12/20001221.htm#7
2000-12-21,Akdeniz Üniversitesi Eğitim-Öğretim ve Sınav Yönetmeliğinin Bazı Maddelerinin Değiştirilmesine ve Bir Geçici Madde Eklenmesine Dair Yönetmelik,https://www.resmigazete.gov.tr/eskiler/2000/12/20001221.htm#8
2000-12-21,- Vergi Usul Kanu nu Genel Tebliği (Sıra No:290),https://www.resmigazete.gov.tr/eskiler/2000/12/20001221.htm#9
2000-12-21,Vergi Usul Kanunu Genel Tebliği (Sıra No:291),https://www.resmigazete.gov.tr/eskiler/2000/12/20001221.htm#10
2000-12-21,Tahsilat Genel Tebliği (Seri No:412),https://www.resmigazete.gov.tr/eskiler/2000/12/20001221.htm#11
2000-12-21,Belediye Gelirleri Kanunu Genel Tebliği (Seri No:27),https://www.resmigazete.gov.tr/eskiler/2000/12/20001221.htm#12
2000-12-21,Emlak Vergisi Kanunu Genel Tebliği (Seri No:29),https://www.resmigazete.gov.tr/eskiler/2000/12/20001221.htm#13
2000-12-21,Veraset ve İntikal Vergisi Kanunu Genel Tebliği (Seri No:31),https://www.resmigazete.gov.tr/eskiler/2000/12/20001221.htm#14
2000-12-21,İşkolu Tespit Kararı (No:2000/30),https://www.resmigazete.gov.tr/eskiler/2000/12/20001221.htm#15
2000-12-21,İşkolu Tespit Kararı (No:2000/31),https://www.resmigazete.gov.tr/eskiler/2000/12/20001221.htm#16
2000-12-21,Mecburi Standard:ÖSG-2000/103-104 sayılı Tebliğ,https://www.resmigazete.gov.tr/eskiler/2000/12/20001221.htm#17
2000-12-21,- Mecburi Standard:ÖSG-2000/104-105 s ayılı Tebliğ,https://www.resmigazete.gov.tr/eskiler/2000/12/20001221.htm#18
2000-12-21,Mecburi Standard:ÖSG-2000/105-106 sayılı Tebliğ,https://www.resmigazete.gov.tr/eskiler/2000/12/20001221.htm#19
2000-12-21,Mecburi Standard:ÖSG-2000/107-108 sayılı Tebliğ,https://www.resmigazete.gov.tr/eskiler/2000/12/20001221.htm#20
2000-12-21,Mecburi Standard:ÖSG-2000/108-109 sayılı Tebliğ,https://www.resmigazete.gov.tr/eskiler/2000/12/20001221.htm#21
2000-12-21,Mecburi Standard:ÖSG-2000/110-111 sayılı Tebliğ,https://www.resmigazete.gov.tr/eskiler/2000/12/20001221.htm#22
2000-12-21,- Mecburi Standard:ÖS G-2000/112-113 sayılı Tebliğ,https://www.resmigazete.gov.tr/eskiler/2000/12/20001221.htm#23
2000-12-21,- Mecburi Standard:ÖSG-2000/116-117 sa yılı Tebliğ,https://www.resmigazete.gov.tr/eskiler/2000/12/20001221.htm#24
2000-12-21,Çift Taraflı Kontrol Sistemi Kapsamında Kota Uygulanan Tekstil Ürünlerinin İthaline İlişkin Tebliğ (2001/1),https://www.resmigazete.gov.tr/eskiler/2000/12/20001221.htm#25
2000-12-21,Çift Taraflı Kontrol Sistemi Kapsamında Gözetime Tabi Tekstil Ürünlerinin İthaline İlişkin Tebliğ (2001/2),https://www.resmigazete.gov.tr/eskiler/2000/12/20001221.htm#26
2000-12-21,Tek Taraflı Kontrol Sistemi Kapsamında Gözetime Tabi Tekstil Ürünlerinin İthaline İlişkin Tebliğ (2001/3),https://www.resmigazete.gov.tr/eskiler/2000/12/20001221.htm#27
2000-12-21,Tek Taraflı Kontrol Sistemi Kapsamında Kotaya Tabi Tekstil Ürünlerine Ait Kotaların Dağıtımı ve Yönetimine İlişkin Tebliğ (2001/4),https://www.resmigazete.gov.tr/eskiler/2000/12/20001221.htm#28
2000-12-21,Belirli Üçüncü Ülkelerde İşlem Gördükten Sonra Geri İthal Edilen Belirli Tekstil Ürünlerine Ve Giyim Eşyasına Uygulanan Ekonomik Etkili Hariçte İşleme Rejimi Tebliği (2001/5),https://www.resmigazete.gov.tr/eskiler/2000/12/20001221.htm#29
2000-12-21,Sektörel Dış Ticaret Şirketi Statüsünün Sona Ermesine İlişkin Tebliğ (İhracat:2000/20),https://www.resmigazete.gov.tr/eskiler/2000/12/20001221.htm#30
2000-12-21,- D ış Ticaret Sermaye Şirketlerine İlişkin Karar,https://www.resmigazete.gov.tr/eskiler/2000/12/20001221.htm#31
2000-12-21,Diş Hekimlerinin Yapacakları Muayene ve Tedavilere Uygulanacak Ücretlerin Asgari Hadleri Hakkında Tebliğ,https://www.resmigazete.gov.tr/eskiler/2000/12/20001221.htm#32
2000-12-21,DÜZELTME (Belirli Tekstil Ürünleri İthalatında Gözetim ve Korunma Önlemleri Hakkında Yönetmelikte Değişiklik Yapılmasına Dair Yönetmelik ile İlgili),https://www.resmigazete.gov.tr/eskiler/2000/12/20001221.htm#33
2000-12-22,4615 Memurlar ve Diğer Kamu Görevlileri Hakkındaki Bazı Kanunlarda Değişiklik Yapılmasına Dair Yetki Kanunu,https://www.resmigazete.gov.tr/eskiler/2000/12/20001222.htm#1
2000-12-22,"4616 23 Nisan 1999 Tarihine Kadar İşlenen Suçlardan Dolayı Şartla Salıverilmeye, Dava ve Cezaların Ertelenmesine Dair Kanun",https://www.resmigazete.gov.tr/eskiler/2000/12/20001222.htm#2
2000-12-22,2000/1801 Türkiye Cumhuriyeti ile Uluslararası İmar ve Kalkınma Bankası Arasında Sağlanan Mali Sektör Uyum Kredisine İlişkin Hükümetimiz ile Adıgeçen Banka Arasında İmzalanan İkraz Anlaşması ile Ek Mektupların Onaylanması Hakkında Karar,https://www.resmigazete.gov.tr/eskiler/2000/12/20001222-3.pdf
2000-12-22,2000/1802 Türkiye Cumhuriyeti ile Uluslararası İmar ve Kalkınma Bankası Arasında Sağlanan Özelleştirme Sosyal Destek Projesi Kredisine İlişkin Hükümetimiz ile Adıgeçen Banka Arasında İmzalanan İkraz Anlaşması ve Ek Mektubun Onaylanması Hakkında Karar,https://www.resmigazete.gov.tr/eskiler/2000/12/20001222-4.pdf
2000-12-22,"— Devlet Bakanı Prof. Dr. Abdulhaluk MehmetÇAY’a, DevletBakanı Prof. Dr.Ramazan MİRZAOĞLU’nun Vekâlet Etmesine Dair Tezkere",https://www.resmigazete.gov.tr/eskiler/2000/12/20001222-5.pdf
2000-12-22,"— Sağlık Bakanlığına, Ulaştırma Bakanı Prof. Dr.Enis ÖKSÜZ’ün Vekâlet Et mesine Dair Tezkere",https://www.resmigazete.gov.tr/eskiler/2000/12/20001222-6.pdf
2000-12-22,"2000/1648 Sosyal Hizmetler ve Çocuk Esirgeme Kurumu Genel Müdürlüğünün Merkez ve Taşra Teşkilatı ile Sosyal Hizmet Kuruluşlarında Okutulacak Ders Saatlerinin Sayısı, DersGörevi Alacakların Nitelikleri ve Benzeri Diğer Hususların Tespitine Dair Esaslar Hakkında Karar",https://www.resmigazete.gov.tr/eskiler/2000/12/20001222-7.pdf
2000-12-22,2000/1656 Yükseköğretim Kurumlarına Bağlı Devlet Konservatuvarlarında Sanatçı Öğretim Elemanlarının Sözleşmeli Olarak Çalıştırılmasına Dair Kararda DeğişiklikYapılmasına Dair Karar,https://www.resmigazete.gov.tr/eskiler/2000/12/20001222-8.pdf
2000-12-22,— Mill i Eğitim Bakanlığına Ait Bir Adet Atama Kararı,https://www.resmigazete.gov.tr/eskiler/2000/12/20001222-9.pdf
2000-12-22,— Harp Akademileri Yönetmeliğinin 39 uncu Maddesinde Değişiklik Yapılmasına Dair Yönetmelik,https://www.resmigazete.gov.tr/eskiler/2000/12/20001222-10.pdf
2000-12-22,— Fatih Üniversitesi Ana Yönetmeliğinin 8 inci Maddesinde Değişiklik Yapılmasına Dair Yönetmelik,https://www.resmigazete.gov.tr/eskiler/2000/12/20001222-11.pdf
2000-12-22,"— Türk Parasının Kıymetini Koruma Hakkında 32 Sayılı Karar ile T.C. Başbakanlık, Hazine Müsteşarlığı’nın 91-32/5 Sayılı Tebliğine İlişkin Türkiye Cumhuriyet MerkezBankası Genelgesi (Sayı: 2000/2)",https://www.resmigazete.gov.tr/eskiler/2000/12/20001222-12.pdf
2000-12-22,— Motorlu Taşıtlar Vergisi Genel Tebliği (Seri N o: 17),https://www.resmigazete.gov.tr/eskiler/2000/12/20001222-13.pdf
2000-12-22,— Taşıt Alım Vergisi GenelTebliği (Seri No: 23),https://www.resmigazete.gov.tr/eskiler/2000/12/20001222-14.pdf
2000-12-22,— Harçlar Kanunu Genel Tebliği (Seri No: 37),https://www.resmigazete.gov.tr/eskiler/2000/12/20001222-15.pdf
2000-12-22,— Damga Vergisi Kanunu Genel Tebliği (Seri No: 38),https://www.resmigazete.gov.tr/eskiler/2000/12/20001222-16.pdf
2000-12-22,— Katma Değer Vergisi Genel Tebliği (Seri No: 78),https://www.resmigazete.gov.tr/eskiler/2000/12/20001222-17.pdf
2000-12-22,— Gelir Vergisi Genel Tebliği (Seri No: 238),https://www.resmigazete.gov.tr/eskiler/2000/12/20001222-18.pdf
2000-12-22,— Gelir Vergis i Genel Tebliği (Seri No: 239),https://www.resmigazete.gov.tr/eskiler/2000/12/20001222-19.pdf
2000-12-22,— Muhasebat Genel Müdürlüğü Genel Tebliği (Sıra No: 577),https://www.resmigazete.gov.tr/eskiler/2000/12/20001222-20.pdf
2000-12-22,— Emlak Vergisi Kanunu Genel Tebliği (Seri No: 30),https://www.resmigazete.gov.tr/eskiler/2000/12/20001222-21.pdf
2000-12-22,— Asgari Ücret Tespit Komisyonu Kararı (No: 2000/1),https://www.resmigazete.gov.tr/eskiler/2000/12/20001222-22.pdf
2000-12-22,— Asgari Ücret Tespit Komisyonu Kararı (No: 2000/2),https://www.resmigazete.gov.tr/eskiler/2000/12/20001222-23.pdf
2000-12-22,— 4077 sayılı Tüketicinin Korunması Hakkında Kanunun 8 inci ve 22 nci Maddelerinde Yer Alan Parasal Sınırların Artırılmasına İlişkin Tebliğ (TRKGM-2000/4),https://www.resmigazete.gov.tr/eskiler/2000/12/20001222-24.pdf
2000-12-22,— Petrol Ürünlerine Uygulanacak Akaryakıt Fiyat İstikrar Fonu Payları Hakkında Tebliğ (PİGM/AFİF 2000-62),https://www.resmigazete.gov.tr/eskiler/2000/12/20001222-25.pdf
2000-12-22,— Gümrük T arife Cetveli İzahnamesinde Değişiklik Yapılması Hakkında Tebliğ,https://www.resmigazete.gov.tr/eskiler/2000/12/20001222-26.pdf
2000-12-22,— Ankara Valiliği Mahalli Çevre Kurulu Kararı (No: 2000/9),https://www.resmigazete.gov.tr/eskiler/2000/12/20001222-27.pdf
2000-12-22,"— Sivas İli Sınırları Dahilinde, Uçucu Maddelerin 18 Yaşından Küçük Çocuklara Satışının Yasaklanmasına Dair Karar",https://www.resmigazete.gov.tr/eskiler/2000/12/20001222-28.pdf
2000-12-22,"— Anayasa Mahkemesinin E: 2000/86 (2820 sayılı Kanunda Değişiklik Yapan 4445 sayılı Yasa ile İlgili), K: 2000/50 sayılı Kararı",https://www.resmigazete.gov.tr/eskiler/2000/12/20001222-29.pdf
2000-12-23,"— Devlet Bakanı Prof. Dr. Tunca TOSKAY’a, Tarım ve Köyişleri Bakanı Prof. Dr. Hüsnü Yusuf GÖKALP’in Vekâlet Etmesine Dair Tezkere",https://www.resmigazete.gov.tr/eskiler/2000/12/20001223.htm#1
2000-12-23,2000/1647 İş Teftişi Tüzüğünün Bazı Maddelerinin Değiştirilmesine Dair Tüzük,https://www.resmigazete.gov.tr/eskiler/2000/12/20001223.htm#2
2000-12-23,2000/1726 Türkiye Kızılay Derneği Tüzüğünde Değişiklik Yapılmasına Dair Tüzük,https://www.resmigazete.gov.tr/eskiler/2000/12/20001223.htm#3
2000-12-23,2000/1667 Sıcak ve Soğuk Haddelenmiş Sac İthalatında Tarife Kontenjanı Uygulanması Hakkında Karar,https://www.resmigazete.gov.tr/eskiler/2000/12/20001223.htm#4
2000-12-23,Hükümlü İbrahim ŞEVİK'in Cezasının Kaldırılması Hakkında Karar (No: 2000/74),https://www.resmigazete.gov.tr/eskiler/2000/12/20001223.htm#5
2000-12-23,2000/1657 Olağanüstü Hal Bölge Valiliği TarafındanSilah Taşıma Ve Bulundurma Ruhsatı Verilmesinde Uyulacak Esaslar Hakkında Yönetmelikte Değişiklik Yapılmasına DairYönetmelik,https://www.resmigazete.gov.tr/eskiler/2000/12/20001223.htm#6
2000-12-23,2000/1714 Ulusal ve Resmî Bayramlarda Yapılacak Törenler Yönetmeliğinde Değişiklik Yapılması Hakkında Yönetmelik,https://www.resmigazete.gov.tr/eskiler/2000/12/20001223.htm#7
2000-12-23,"İşsizlik Ödeneği Alan Sigortalı İşsizlerin Meslek Geliştirme, Değiştirme ve Edindirme Eğitimi Yönetmeliği",https://www.resmigazete.gov.tr/eskiler/2000/12/20001223.htm#8
2000-12-23,— Akaryakıt Tüketim Vergisi Genel Tebliği (Seri No: 5),https://www.resmigazete.gov.tr/eskiler/2000/12/20001223.htm#9
2000-12-23,— Katma Değer Vergisi Genel Tebliği (Seri No: 79),https://www.resmigazete.gov.tr/eskiler/2000/12/20001223.htm#10
2000-12-23,— Gelir Vergisi Genel Tebliği (Seri No: 240),https://www.resmigazete.gov.tr/eskiler/2000/12/20001223.htm#11
2000-12-23,"Koyun, Keçi, Sığır Gövde Yağı ve İç Yağı İthalatında Kontrol Belgesi Alınabilmesi İçin Gerekli Şartlar Hakkında Tebliğ’in Değiştirilmesine Dair Tebliğ (Tebliğ No: 2000/47)",https://www.resmigazete.gov.tr/eskiler/2000/12/20001223.htm#12
2000-12-23,— Sıvılaştırılmış Petrol Gazları (LPG) Dağıtım Şirketleri ile Yetikili Bayilerin ve Tüketicilerin Uymaları Gereken Usul ve Esaslara İlişkin Tebliğ (TRKGM-2000/5),https://www.resmigazete.gov.tr/eskiler/2000/12/20001223.htm#13
2000-12-23,— Makedonya Cumhur iyeti Menşeli Bazı Tarım Ürünleri İthalatında Tarife Kontenjanı Uygulanmasına İlişkinTebliğ,https://www.resmigazete.gov.tr/eskiler/2000/12/20001223.htm#14
2000-12-24,2000/1068 Tarım Satış Kooperatifleri Birliği Örnek Anasözleşmesi ile Tarım Satış Kooperatifleri Örnek Anasözleşmesi’nin Kabülü Hakında Karar,https://www.resmigazete.gov.tr/eskiler/2000/12/20001224.htm#1
2000-12-24,— Çevre Bakanlığı İhtisas Komisyonları Yönetmeliği,https://www.resmigazete.gov.tr/eskiler/2000/12/20001224.htm#2
2000-12-24,— Telekomünikasyon Kurumu Bü tçe ve Muhasebe Yönetmeliği,https://www.resmigazete.gov.tr/eskiler/2000/12/20001224.htm#3
2000-12-24,— Mecburi Standard Tebliği (Tebliğ No: ÖSG-2000/115-116),https://www.resmigazete.gov.tr/eskiler/2000/12/20001224.htm#4
2000-12-24,— Mecburi Standard Tebliği (Tebliğ No: ÖSG-2000/117-118),https://www.resmigazete.gov.tr/eskiler/2000/12/20001224.htm#5
2000-12-24,— Mecburi Standard Tebliği (Tebliğ No: ÖSG-2000/123-124),https://www.resmigazete.gov.tr/eskiler/2000/12/20001224.htm#6
2000-12-24,— Mecburi Standard Tebliği (Tebliğ No: ÖSG-200 0/124-125),https://www.resmigazete.gov.tr/eskiler/2000/12/20001224.htm#7
2000-12-25,2000/1722 Türkiye Cumhuriyeti Hükümeti ve Çek Cumhuriyeti Hükümeti Arasında Gümrük Konularında İşbirliği ve Karşılıklı Yardım Anlaşması’nın Onaylanması Hakkında Karar,https://www.resmigazete.gov.tr/eskiler/2000/12/20001225.htm#1
2000-12-25,"— Devlet Bakanı ve Başbakan Yardımcısı Mesut YILMAZ’a, Enerji ve Tabii Kaynaklar Bakanı M. Cumhur ERSÜMER’in Vekâlet Etmesine Dair Tezkere",https://www.resmigazete.gov.tr/eskiler/2000/12/20001225.htm#2
2000-12-25,"2000/1721 Yarım Kalmış, İşletme Sermayesi Yetersizliği Nedeniyle İşletmeye Geçememiş veya Kısmen İşletmeye Geçmiş Yatırımların Ekonomiye Kazandırılmasına Dair Karar’ın Yürürlüğe Konulması Hakkında Karar",https://www.resmigazete.gov.tr/eskiler/2000/12/20001225.htm#3
2000-12-25,"— Devlet, Milli Savunma, İçişleri, Bayındırlık ve İskan, Ulaştırma, Tarım ve Köyişleri, Sanayi ve Ticaret, Enerji ve Tabii Kaynaklar Bakanlıkları ile Orman Bakanlığına Ait 16 Adet Atama Kararı",https://www.resmigazete.gov.tr/eskiler/2000/12/20001225.htm#4
2000-12-25,— Yabancı Sermaye Çerçeve Kararının Uygulanmasına İlişkin Genelge (Genelge No: 2000/1),https://www.resmigazete.gov.tr/eskiler/2000/12/20001225.htm#5
2000-12-25,— Mecburi Standard: ÖSG-2000/125-126 sayılı Tebliğ,https://www.resmigazete.gov.tr/eskiler/2000/12/20001225.htm#6
2000-12-25,— Mecburi Standard: ÖSG-2000/126-127 sayılı Tebliğ,https://www.resmigazete.gov.tr/eskiler/2000/12/20001225.htm#7
2000-12-25,— Ankara İlinde Toplantı ve Gösteri Yürüyüşü Yerlerinin Tespitine Dair Karar,https://www.resmigazete.gov.tr/eskiler/2000/12/20001225.htm#8
2000-12-26,"- Ticari İthalat Maksadı Dışında Yurt Dışından Getirilecek Renkli Televizyon, Siyah-beyaz Televizyon, Radyo, Video, Televizyon Uydu Alıcıları, Birleşik Cihazlar ile Bunların Dışında Kalan Radyo Televizyon Yayını Almaya Yarayan Her Türlü Cihazlar İçin Bir Defaya Mahsus ve 2001 Yılı İçin Geçerli Olmak Üzere Alınacak Ücretler Hakkında Karar",https://www.resmigazete.gov.tr/eskiler/2000/12/20001226.htm#1
2000-12-26,Hükümlü Emin KIZIL'ın Cezasının Kaldırılması Hakkında Karar (No: 2000/75),https://www.resmigazete.gov.tr/eskiler/2000/12/20001226.htm#2
2000-12-26,- Hükümlü Bülent DAKAK'ın Cezasının Kaldırılması Hakkında Karar (No: 2000/76),https://www.resmigazete.gov.tr/eskiler/2000/12/20001226.htm#3
2000-12-26,- İzmit Liman Yönetmeliğinin Bir Maddesinde Değişiklik Yapılmasına Dair Yönetmelik,https://www.resmigazete.gov.tr/eskiler/2000/12/20001226.htm#4
2000-12-26,- Mecburi Standard Tebliği (No: ÖSG-2000/128-129) - Mecburi Standard Tebliği (No: ÖSG-2000/129-130),https://www.resmigazete.gov.tr/eskiler/2000/12/20001226.htm#5
2000-12-26,- Mecburi Standard Tebliği (No: ÖSG-2000/130-131),https://www.resmigazete.gov.tr/eskiler/2000/12/20001226.htm#6
2000-12-26,- Mecburi Standard Tebliği (No: ÖSG-2000/133-134) - Mecburi Standard Tebliği (No: ÖSG-2000/134-135),https://www.resmigazete.gov.tr/eskiler/2000/12/20001226.htm#7
2000-12-26,- Mecburi Standard Tebliği (No: ÖSG-2000/135-136),https://www.resmigazete.gov.tr/eskiler/2000/12/8#8
2000-12-26,- 2000 Yılı Kasım Ayına Ait Yatırım Teşvik Belgelerinin Sektörel Dağılımı Hakkında Tebliğ,https://www.resmigazete.gov.tr/eskiler/2000/12/20001226.htm#9
2000-12-26,- 2000 Yılı Kasım Ayına Ait Yabancı Sermayeli Yatırım Teşvik Belgelerinin Sektörel Dağılımı Hakkında Tebliğ,https://www.resmigazete.gov.tr/eskiler/2000/12/20001226.htm#10
2000-12-30,2000/1730 Türkiye Cumhuriyeti ile Bulgaristan Cumhuriyeti Arasındaki Serbest Ticaret Anlaşması’nın Eki “Menşeli Ürünler” Kavramının Tanımı ve İdari İşbirliği Yöntemleri Hakkında Protokol B’nin Değiştirilmesine İlişkin 99/2 sayılı OrtakKomite Kararının Onaylanması Hakkında Karar,https://www.resmigazete.gov.tr/eskiler/2000/12/20001230.htm#1
2000-12-30,Sınır Tespitine Dair Üç Adet Karar,https://www.resmigazete.gov.tr/eskiler/2000/12/20001230.htm#2
2000-12-30,Mecburi Standard: ÖSG-2000/113-114 Sayılı Tebliğ,https://www.resmigazete.gov.tr/eskiler/2000/12/20001230.htm#3
2000-12-30,— Mecburi Standard: ÖSG-2000/114-115 Sayılı Tebliğ,https://www.resmigazete.gov.tr/eskiler/2000/12/20001230.htm#4
2000-12-30,— Mecburi Standard: ÖSG-2000/118-119 Sayılı Tebliğ,https://www.resmigazete.gov.tr/eskiler/2000/12/20001230.htm#5
2000-12-30,— Mecburi Standard: ÖSG-2000/119-120 Sayılı Tebliğ,https://www.resmigazete.gov.tr/eskiler/2000/12/20001230.htm#6
2000-12-30,— Mecburi Standard: ÖSG-2000/120-121 Sayılı Tebliğ,https://www.resmigazete.gov.tr/eskiler/2000/12/20001230.htm#7
2000-12-30,Mecburi Standard: ÖSG-2000/121-122 Sayılı Tebliğ,https://www.resmigazete.gov.tr/eskiler/2000/12/20001230.htm#8
2000-12-31,— Türkiye Elektrik Dağıtım AŞ. Genel Müdürlüğü Satınalma ve İhale Yönetmeliğinin Bazı Maddelerinin Değiştirilmesi Hakkında Yönetmelik,https://www.resmigazete.gov.tr/eskiler/2000/12/20001231.htm#1
2000-12-31,— Mecburi Standard: ÖSG-2000/122-123 sayılı Tebliğ,https://www.resmigazete.gov.tr/eskiler/2000/12/20001231.htm#2
2000-12-31,— Mecburi Standard: ÖSG- 2000/127-128 sayılı Tebliğ,https://www.resmigazete.gov.tr/eskiler/2000/12/20001231.htm#3
