Datetime,Text,Hyperlink
2023-01-01,"15/7/2018 tarihli ve 30479 sayılı Resmî Gazete'de yayımlanan ""Resmî Gazete Hakkında Cumhurbaşkanlığı Kararnamesi (Kararname Numarası: 10)"" uyarınca bugün Resmî Gazete yayımlanmamaktadır.",https://www.resmigazete.gov.tr/eskiler/2023/01/20110101-1.htm
2023-01-02,–– Millî Eğitim Bakanlığı Denklik Yönetmeliğinde Değişiklik Yapılmasına Dair Yönetmelik,https://www.resmigazete.gov.tr/eskiler/2023/01/20230102-1.htm
2023-01-02,–– Bilecik Şeyh Edebali Üniversitesi Ağız ve Diş Sağlığı Uygulama ve Araştırma Merkezi Yönetmeliği,https://www.resmigazete.gov.tr/eskiler/2023/01/20230102-2.htm
2023-01-02,–– Mal ve Hizmet Tedarikinde Geç Ödemelerde Uygulanacak Temerrüt Faiz Oranı ve Alacağın Tahsili Masrafları İçin Talep Edilebilecek Asgari Giderim Tutarı Hakkında Tebliğ,https://www.resmigazete.gov.tr/eskiler/2023/01/20230102-3.pdf
2023-01-02,"a - Artırma, Eksiltme ve İhale İlânları",http://www.resmigazete.gov.tr/main.aspx?home=http://www.resmigazete.gov.tr/ilanlar/eskiilanlar/2023/01/20230102.htm&main=http://www.resmigazete.gov.tr/ilanlar/eskiilanlar/2023/01/20230102-3.htm
2023-01-02,b - Çeşitli İlânlar,http://www.resmigazete.gov.tr/main.aspx?home=http://www.resmigazete.gov.tr/ilanlar/eskiilanlar/2023/01/20230102.htm&main=http://www.resmigazete.gov.tr/ilanlar/eskiilanlar/2023/01/20230102-4.htm
2023-01-02,– T.C. Merkez Bankasınca Belirlenen Devlet İç Borçlanma Senetlerinin Günlük Değerleri,http://www.resmigazete.gov.tr/main.aspx?home=http://www.resmigazete.gov.tr/ilanlar/eskiilanlar/2023/01/20230102.htm&main=http://www.resmigazete.gov.tr/ilanlar/eskiilanlar/2023/01/20230102-5.htm
2023-01-03,–– Gümrük Yönetmeliğinde Değişiklik Yapılmasına Dair Yönetmelik,https://www.resmigazete.gov.tr/eskiler/2023/01/20230103-1.htm
2023-01-03,–– İstanbul Arel Üniversitesi Gençlik Çalışmaları Uygulama ve Araştırma Merkezi Yönetmeliğinde Değişiklik Yapılmasına Dair Yönetmelik,https://www.resmigazete.gov.tr/eskiler/2023/01/20230103-2.htm
2023-01-03,–– Bazı Ödeme ve Elektronik Para Kuruluşlarının Faaliyet İzni Kapsamlarının Tespitine İlişkin Karar,https://www.resmigazete.gov.tr/eskiler/2023/01/20230103-3.pdf
2023-01-03,"–– Anayasa Mahkemesinin 28/9/2022 Tarihli ve E: 2021/90, K: 2022/108 Sayılı Kararı",https://www.resmigazete.gov.tr/eskiler/2023/01/20230103-4.pdf
2023-01-03,–– Anayasa Mahkemesinin 13/9/2022 Tarihli ve 2018/19950 Başvuru Numaralı Kararı,https://www.resmigazete.gov.tr/eskiler/2023/01/20230103-5.pdf
2023-01-03,a - Yargı İlânları,http://www.resmigazete.gov.tr/main.aspx?home=http://www.resmigazete.gov.tr/ilanlar/eskiilanlar/2023/01/20230103.htm&main=http://www.resmigazete.gov.tr/ilanlar/eskiilanlar/2023/01/20230103-2.htm
2023-01-03,"b - Artırma, Eksiltme ve İhale İlânları",http://www.resmigazete.gov.tr/main.aspx?home=http://www.resmigazete.gov.tr/ilanlar/eskiilanlar/2023/01/20230103.htm&main=http://www.resmigazete.gov.tr/ilanlar/eskiilanlar/2023/01/20230103-3.htm
2023-01-03,c - Çeşitli İlânlar,http://www.resmigazete.gov.tr/main.aspx?home=http://www.resmigazete.gov.tr/ilanlar/eskiilanlar/2023/01/20230103.htm&main=http://www.resmigazete.gov.tr/ilanlar/eskiilanlar/2023/01/20230103-4.htm
2023-01-03,– T.C. Merkez Bankasınca Belirlenen Döviz Kurları ve Devlet İç Borçlanma Senetlerinin Günlük Değerleri,http://www.resmigazete.gov.tr/main.aspx?home=http://www.resmigazete.gov.tr/ilanlar/eskiilanlar/2023/01/20230103.htm&main=http://www.resmigazete.gov.tr/ilanlar/eskiilanlar/2023/01/20230103-5.htm
2023-01-04,–– Aydın Adnan Menderes Üniversitesi Psikolojik Danışma ve Rehberlik Uygulama ve Araştırma Merkezi Yönetmeliği,https://www.resmigazete.gov.tr/eskiler/2023/01/20230104-1.htm
2023-01-04,–– Harran Üniversitesi Önlisans ve Lisans Eğitim-Öğretim ve Sınav Yönetmeliğinde Değişiklik Yapılmasına Dair Yönetmelik,https://www.resmigazete.gov.tr/eskiler/2023/01/20230104-2.htm
2023-01-04,–– Anayasa Mahkemesinin 10/11/2022 Tarihli ve 2019/1255 Başvuru Numaralı Kararı,https://www.resmigazete.gov.tr/eskiler/2023/01/20230104-3.pdf
2023-01-04,–– Anayasa Mahkemesinin 10/11/2022 Tarihli ve 2019/13258 Başvuru Numaralı Kararı,https://www.resmigazete.gov.tr/eskiler/2023/01/20230104-4.pdf
2023-01-04,"a - Artırma, Eksiltme ve İhale İlânları",http://www.resmigazete.gov.tr/main.aspx?home=http://www.resmigazete.gov.tr/ilanlar/eskiilanlar/2023/01/20230104.htm&main=http://www.resmigazete.gov.tr/ilanlar/eskiilanlar/2023/01/20230104-3.htm
2023-01-04,b - Çeşitli İlânlar,http://www.resmigazete.gov.tr/main.aspx?home=http://www.resmigazete.gov.tr/ilanlar/eskiilanlar/2023/01/20230104.htm&main=http://www.resmigazete.gov.tr/ilanlar/eskiilanlar/2023/01/20230104-4.htm
2023-01-04,– T.C. Merkez Bankasınca Belirlenen Döviz Kurları ve Devlet İç Borçlanma Senetlerinin Günlük Değerleri,http://www.resmigazete.gov.tr/main.aspx?home=http://www.resmigazete.gov.tr/ilanlar/eskiilanlar/2023/01/20230104.htm&main=http://www.resmigazete.gov.tr/ilanlar/eskiilanlar/2023/01/20230104-5.htm
2023-01-05,"–– Şırnak İli, Cizre İlçesine Bağlı Dirsekli, Kurtuluş, Kuştepe ve Çatalköy Köylerinin Tüzel Kişiliklerinin Kaldırılarak Bağlıları (Mezra) ile Birlikte Cizre Belediyesine Katılmaları Hakkında Karar (Karar Sayısı: 6630)",https://www.resmigazete.gov.tr/eskiler/2023/01/20230105-8.pdf
2023-01-05,–– 5300 Sayılı Tarım Ürünleri Lisanslı Depoculuk Kanununun 24 üncü Maddesinin Üçüncü Fıkrasının (b) ve (c) Bentlerinde Belirtilen Lisanlı Depoculuk Tazmin Fonu Gelir Oranlarının Türkiye Ürün İhtisas Borsası Anonim Şirketi Nezdinde Oluşturulan Teverruk Piyasasında Gerçekleştirilecek İşlemlerde Sıfıra İndirilmesi Hakkında Karar (Karar Sayısı: 6631),https://www.resmigazete.gov.tr/eskiler/2023/01/20230105-9.pdf
2023-01-05,"–– İstanbul İli, Beykoz İlçesi Sınırları İçerisinde Bulunan Beykoz Kuzey Kesimi Karadeniz Kuşağı Doğal Sit Alanının Koruma Statüsünün Yeniden Değerlendirilmesi Sonucunda, Bazı Alanların Kesin Korunacak Hassas Alan Olarak Tescil ve İlan Edilmesi Hakkında Karar (Karar Sayısı: 6632)",https://www.resmigazete.gov.tr/eskiler/2023/01/20230105-10.pdf
2023-01-05,–– Karaman ve Mersin İllerinde Tesis Edilecek Akyel-1 RES Elektrik Üretim Tesisi İçin Gerekli Olan Bazı Taşınmazların Enerji Piyasası Düzenleme Kurumu Tarafından Acele Kamulaştırılması Hakkında Karar (Karar Sayısı: 6633),https://www.resmigazete.gov.tr/eskiler/2023/01/20230105-11.pdf
2023-01-05,–– Meteoroloji Genel Müdürlüğü Teftiş Kurulu Yönetmeliğinde Değişiklik Yapılmasına Dair Yönetmelik,https://www.resmigazete.gov.tr/eskiler/2023/01/20230105-1.htm
2023-01-05,–– Türkiye Taşkömürü Kurumu Genel Müdürlüğüne Ait Taşınmazların İdaresine İlişkin Yönetmelikte Değişiklik Yapılmasına Dair Yönetmelik,https://www.resmigazete.gov.tr/eskiler/2023/01/20230105-2.htm
2023-01-05,"–– Anayasa Mahkemesinin 13/12/2022 Tarihli ve E: 2021/35, K: 2022/161 Sayılı Kararı",https://www.resmigazete.gov.tr/eskiler/2023/01/20230105-7.pdf
2023-01-05,–– Anayasa Mahkemesinin 5/10/2022 Tarihli ve 2019/35232 Başvuru Numaralı Kararı,https://www.resmigazete.gov.tr/eskiler/2023/01/20230105-3.pdf
2023-01-05,–– Anayasa Mahkemesinin 19/10/2022 Tarihli ve 2019/12075 Başvuru Numaralı Kararı,https://www.resmigazete.gov.tr/eskiler/2023/01/20230105-4.pdf
2023-01-05,–– Anayasa Mahkemesinin 19/10/2022 Tarihli ve 2019/12210 Başvuru Numaralı Kararı,https://www.resmigazete.gov.tr/eskiler/2023/01/20230105-5.pdf
2023-01-05,–– Anayasa Mahkemesinin 2/11/2022 Tarihli ve 2018/36650 Başvuru Numaralı Kararı,https://www.resmigazete.gov.tr/eskiler/2023/01/20230105-6.pdf
2023-01-05,a - Yargı İlânları,http://www.resmigazete.gov.tr/main.aspx?home=http://www.resmigazete.gov.tr/ilanlar/eskiilanlar/2023/01/20230105.htm&main=http://www.resmigazete.gov.tr/ilanlar/eskiilanlar/2023/01/20230105-2.htm
2023-01-05,"b - Artırma, Eksiltme ve İhale İlânları",http://www.resmigazete.gov.tr/main.aspx?home=http://www.resmigazete.gov.tr/ilanlar/eskiilanlar/2023/01/20230105.htm&main=http://www.resmigazete.gov.tr/ilanlar/eskiilanlar/2023/01/20230105-3.htm
2023-01-05,c - Çeşitli İlânlar,http://www.resmigazete.gov.tr/main.aspx?home=http://www.resmigazete.gov.tr/ilanlar/eskiilanlar/2023/01/20230105.htm&main=http://www.resmigazete.gov.tr/ilanlar/eskiilanlar/2023/01/20230105-4.htm
2023-01-05,– T.C. Merkez Bankasınca Belirlenen Döviz Kurları ve Devlet İç Borçlanma Senetlerinin Günlük Değerleri,http://www.resmigazete.gov.tr/main.aspx?home=http://www.resmigazete.gov.tr/ilanlar/eskiilanlar/2023/01/20230105.htm&main=http://www.resmigazete.gov.tr/ilanlar/eskiilanlar/2023/01/20230105-5.htm
2023-01-05,"05/01/2023 tarihli ve 32064 mükerrer sayılı Resmî Gazete’de, Malvarlığının Dondurulması Kararı yayımlanmıştır.",http://www.resmigazete.gov.tr/eskiler/2023/01/20230105M1.htm
2023-01-06,1351 Altı Yaşındaki Bir Kız Çocuğunun Evlilik Adı Altında Cinsel İstismara Maruz Bırakılması Olayının Araştırılarak Benzer Olayların Yaşanmaması ve Her Türlü Çocuk İstismarının Önlenmesi İçin Alınması Gereken Tedbirlerin Belirlenmesi Amacıyla Bir Meclis Araştırması Komisyonu Kurulmasına Dair Karar,https://www.resmigazete.gov.tr/eskiler/2023/01/20230106-12.pdf
2023-01-06,–– Türkiye Cumhuriyeti Hükümeti ile Kuzey Kıbrıs Türk Cumhuriyeti Hükümeti Arasında Geçitkale Hava Meydanı Enerji Nakil Hatlarının Deplase Edilmesine İlişkin Protokolün Onaylanması Hakkında Karar (Karar Sayısı: 6647),https://www.resmigazete.gov.tr/eskiler/2023/01/20230106-1.pdf
2023-01-06,–– Türkiye Cumhuriyeti Hükümeti ile Nijerya Federal Cumhuriyeti Hükümeti Arasında Madencilik Alanında İşbirliğine İlişkin Mutabakat Zaptının Onaylanması Hakkında Karar (Karar Sayısı: 6648),https://www.resmigazete.gov.tr/eskiler/2023/01/20230106-2.pdf
2023-01-06,"–– 4/7/1956 Tarihli ve 6772 Sayılı Kanun Kapsamına Giren Kurumlarda Çalışan İşçilere, 2023 Yılında Verilecek İlave Tediyenin Sürelerinin Belirlenmesi Hakkında Karar (Karar Sayısı: 6649)",https://www.resmigazete.gov.tr/eskiler/2023/01/20230106-13.pdf
2023-01-06,–– 6306 Sayılı Kanunun Uygulama Yönetmeliğinde Değişiklik Yapılmasına Dair Yönetmelik,https://www.resmigazete.gov.tr/eskiler/2023/01/20230106-3.htm
2023-01-06,–– Millî Eğitim Bakanlığı Özel Öğretim Kurumları Yönetmeliğinde Değişiklik Yapılmasına Dair Yönetmelik,https://www.resmigazete.gov.tr/eskiler/2023/01/20230106-4.htm
2023-01-06,–– Türkiye Radyo-Televizyon Kurumu Elektronik Bandrol Uygulaması Yönetmeliğinde Değişiklik Yapılmasına Dair Yönetmelik,https://www.resmigazete.gov.tr/eskiler/2023/01/20230106-5.htm
2023-01-06,–– Kamu Sosyal Tesislerine İlişkin Tebliğ (No: 2023-1),https://www.resmigazete.gov.tr/eskiler/2023/01/20230106-6.htm
2023-01-06,–– İthalatta Haksız Rekabetin Önlenmesine İlişkin Tebliğ (No: 2023/1),https://www.resmigazete.gov.tr/eskiler/2023/01/20230106-7.htm
2023-01-06,–– Enerji Piyasası Düzenleme Kurulunun 05/01/2023 Tarihli ve 11540 Sayılı Kararı,https://www.resmigazete.gov.tr/eskiler/2023/01/20230106-8.pdf
2023-01-06,–– Anayasa Mahkemesinin 27/10/2022 Tarihli ve 2018/9214 Başvuru Numaralı Kararı,https://www.resmigazete.gov.tr/eskiler/2023/01/20230106-9.pdf
2023-01-06,–– Anayasa Mahkemesinin 27/10/2022 Tarihli ve 2018/25252 Başvuru Numaralı Kararı,https://www.resmigazete.gov.tr/eskiler/2023/01/20230106-10.pdf
2023-01-06,–– Anayasa Mahkemesinin 18/10/2022 Tarihli ve 2019/20791 Başvuru Numaralı Kararı,https://www.resmigazete.gov.tr/eskiler/2023/01/20230106-11.pdf
2023-01-06,a - Yargı İlânları,http://www.resmigazete.gov.tr/main.aspx?home=http://www.resmigazete.gov.tr/ilanlar/eskiilanlar/2023/01/20230106.htm&main=http://www.resmigazete.gov.tr/ilanlar/eskiilanlar/2023/01/20230106-2.htm
2023-01-06,"b - Artırma, Eksiltme ve İhale İlânları",http://www.resmigazete.gov.tr/main.aspx?home=http://www.resmigazete.gov.tr/ilanlar/eskiilanlar/2023/01/20230106.htm&main=http://www.resmigazete.gov.tr/ilanlar/eskiilanlar/2023/01/20230106-3.htm
2023-01-06,c - Çeşitli İlânlar,http://www.resmigazete.gov.tr/main.aspx?home=http://www.resmigazete.gov.tr/ilanlar/eskiilanlar/2023/01/20230106.htm&main=http://www.resmigazete.gov.tr/ilanlar/eskiilanlar/2023/01/20230106-4.htm
2023-01-06,– T.C. Merkez Bankasınca Belirlenen Döviz Kurları ve Devlet İç Borçlanma Senetlerinin Günlük Değerleri,http://www.resmigazete.gov.tr/main.aspx?home=http://www.resmigazete.gov.tr/ilanlar/eskiilanlar/2023/01/20230106.htm&main=http://www.resmigazete.gov.tr/ilanlar/eskiilanlar/2023/01/20230106-5.htm
2023-01-07,–– Cumhurbaşkanlığı Tarafından Yapılan Atama Hakkında Karar (Karar: 2023/2),https://www.resmigazete.gov.tr/eskiler/2023/01/20230107-12.pdf
2023-01-07,–– Ayakta Teşhis ve Tedavi Yapılan Özel Sağlık Kuruluşları Hakkında Yönetmelikte Değişiklik Yapılmasına Dair Yönetmelik,https://www.resmigazete.gov.tr/eskiler/2023/01/20230107-1.htm
2023-01-07,–– Özel Hastaneler Yönetmeliğinde Değişiklik Yapılmasına Dair Yönetmelik,https://www.resmigazete.gov.tr/eskiler/2023/01/20230107-2.htm
2023-01-07,–– Öğretim Üyesi Dışındaki Öğretim Elemanı Kadrolarına Yapılacak Atamalarda Uygulanacak Merkezi Sınav ile Giriş Sınavlarına İlişkin Usul ve Esaslar Hakkında Yönetmelikte Değişiklik Yapılmasına Dair Yönetmelik,https://www.resmigazete.gov.tr/eskiler/2023/01/20230107-3.htm
2023-01-07,–– Yükseköğretim Kurumlarında Döner Sermaye Gelirlerinden Yapılacak Ek Ödemenin Dağıtılmasında Uygulanacak Usul ve Esaslara İlişkin Yönetmelikte Değişiklik Yapılmasına Dair Yönetmelik,https://www.resmigazete.gov.tr/eskiler/2023/01/20230107-4.htm
2023-01-07,–– 2023 Yılı Özel Eğitime İhtiyaç Duyan Bireylere Verilecek Eğitim Desteği Tutarlarına İlişkin Tebliğ,https://www.resmigazete.gov.tr/eskiler/2023/01/20230107-5.htm
2023-01-07,–– Devlet Memurları Yiyecek Yardımı Yönetmeliği Uygulama Tebliği (Sıra No: 2),https://www.resmigazete.gov.tr/eskiler/2023/01/20230107-6.htm
2023-01-07,–– Tekerlekli Araçlar ve Bu Araçlara Takılan ve/veya Araçlarda Kullanılan Aksam ve Parçalar ile İlgili Birleşmiş Milletler Avrupa Ekonomik Komisyonu Teknik Düzenlemelerinin Uygulamaya Konulmasına ve Bazı Tebliğlerin Yürürlükten Kaldırılmasına Dair Tebliğ (SGM-2009/1)'de Değişiklik Yapılmasına Dair Tebliğ (SGM-2022/41),https://www.resmigazete.gov.tr/eskiler/2023/01/20230107-7.htm
2023-01-07,–– Devlet Destekli Ticari Alacak Sigortası Sisteminin Tarife ve Talimatları ile Çalışma Usul ve Esaslarına Dair Tebliğ,https://www.resmigazete.gov.tr/eskiler/2023/01/20230107-8.htm
2023-01-07,–– Özelleştirme İdaresi Başkanlığının 04/01/2023 Tarihli ve 2023/ÖİB-K-01 ve 02 Sayılı Kararları,https://www.resmigazete.gov.tr/eskiler/2023/01/20230107-9.pdf
2023-01-07,–– Menkul Kıymet Tesisi Hakkında Tebliğde Değişiklik Yapılmasına Dair Tebliğ (Sayı: 2023/1),https://www.resmigazete.gov.tr/eskiler/2023/01/20230107-11.htm
2023-01-07,–– Bankacılık Düzenleme ve Denetleme Kurulunun 29/12/2022 Tarihli ve 10463 Sayılı Kararı,https://www.resmigazete.gov.tr/eskiler/2023/01/20230107-10.pdf
2023-01-07,a - Yargı İlânları,http://www.resmigazete.gov.tr/main.aspx?home=http://www.resmigazete.gov.tr/ilanlar/eskiilanlar/2023/01/20230107.htm&main=http://www.resmigazete.gov.tr/ilanlar/eskiilanlar/2023/01/20230107-2.htm
2023-01-07,"b - Artırma, Eksiltme ve İhale İlânları",http://www.resmigazete.gov.tr/main.aspx?home=http://www.resmigazete.gov.tr/ilanlar/eskiilanlar/2023/01/20230107.htm&main=http://www.resmigazete.gov.tr/ilanlar/eskiilanlar/2023/01/20230107-3.htm
2023-01-07,c - Çeşitli İlânlar,http://www.resmigazete.gov.tr/main.aspx?home=http://www.resmigazete.gov.tr/ilanlar/eskiilanlar/2023/01/20230107.htm&main=http://www.resmigazete.gov.tr/ilanlar/eskiilanlar/2023/01/20230107-4.htm
2023-01-07,– T.C. Merkez Bankasınca Belirlenen Döviz Kurları ve Devlet İç Borçlanma Senetlerinin Günlük Değerleri,http://www.resmigazete.gov.tr/main.aspx?home=http://www.resmigazete.gov.tr/ilanlar/eskiilanlar/2023/01/20230107.htm&main=http://www.resmigazete.gov.tr/ilanlar/eskiilanlar/2023/01/20230107-5.htm
2023-01-08,–– Fenerbahçe Üniversitesi Lisansüstü Eğitim-Öğretim Yönetmeliği,https://www.resmigazete.gov.tr/eskiler/2023/01/20230108-1.htm
2023-01-08,–– Okan Üniversitesi Sağlık Uygulama ve Araştırma Merkezi Yönetmeliğinde Değişiklik Yapılmasına Dair Yönetmelik,https://www.resmigazete.gov.tr/eskiler/2023/01/20230108-2.htm
2023-01-08,a - Yargı İlânları,http://www.resmigazete.gov.tr/main.aspx?home=http://www.resmigazete.gov.tr/ilanlar/eskiilanlar/2023/01/20230108.htm&main=http://www.resmigazete.gov.tr/ilanlar/eskiilanlar/2023/01/20230108-2.htm
2023-01-08,"b - Artırma, Eksiltme ve İhale İlânları",http://www.resmigazete.gov.tr/main.aspx?home=http://www.resmigazete.gov.tr/ilanlar/eskiilanlar/2023/01/20230108.htm&main=http://www.resmigazete.gov.tr/ilanlar/eskiilanlar/2023/01/20230108-3.htm
2023-01-08,c - Çeşitli İlânlar,http://www.resmigazete.gov.tr/main.aspx?home=http://www.resmigazete.gov.tr/ilanlar/eskiilanlar/2023/01/20230108.htm&main=http://www.resmigazete.gov.tr/ilanlar/eskiilanlar/2023/01/20230108-4.htm
2023-01-08,– T.C. Merkez Bankasınca Belirlenen Devlet İç Borçlanma Senetlerinin Günlük Değerleri,http://www.resmigazete.gov.tr/main.aspx?home=http://www.resmigazete.gov.tr/ilanlar/eskiilanlar/2023/01/20230108.htm&main=http://www.resmigazete.gov.tr/ilanlar/eskiilanlar/2023/01/20230108-5.htm
2023-01-09,–– Boğaziçi Üniversitesi Finans Uygulama ve Araştırma Merkezi Yönetmeliğinde Değişiklik Yapılmasına Dair Yönetmelik,https://www.resmigazete.gov.tr/eskiler/2023/01/20230109-1.htm
2023-01-09,–– Boğaziçi Üniversitesi Kurumsal Yönetim ve Finansal Düzenleme Uygulama ve Araştırma Merkezi Yönetmeliğinin Yürürlükten Kaldırılmasına Dair Yönetmelik,https://www.resmigazete.gov.tr/eskiler/2023/01/20230109-2.htm
2023-01-09,–– Boğaziçi Üniversitesi Sürdürülebilir Kalkınma ve Temiz Üretim Uygulama ve Araştırma Merkezi Yönetmeliğinin Yürürlükten Kaldırılmasına Dair Yönetmelik,https://www.resmigazete.gov.tr/eskiler/2023/01/20230109-3.htm
2023-01-09,a - Yargı İlânları,http://www.resmigazete.gov.tr/main.aspx?home=http://www.resmigazete.gov.tr/ilanlar/eskiilanlar/2023/01/20230109.htm&main=http://www.resmigazete.gov.tr/ilanlar/eskiilanlar/2023/01/20230109-2.htm
2023-01-09,"b - Artırma, Eksiltme ve İhale İlânları",http://www.resmigazete.gov.tr/main.aspx?home=http://www.resmigazete.gov.tr/ilanlar/eskiilanlar/2023/01/20230109.htm&main=http://www.resmigazete.gov.tr/ilanlar/eskiilanlar/2023/01/20230109-3.htm
2023-01-09,c - Çeşitli İlânlar,http://www.resmigazete.gov.tr/main.aspx?home=http://www.resmigazete.gov.tr/ilanlar/eskiilanlar/2023/01/20230109.htm&main=http://www.resmigazete.gov.tr/ilanlar/eskiilanlar/2023/01/20230109-4.htm
2023-01-09,– T.C. Merkez Bankasınca Belirlenen Devlet İç Borçlanma Senetlerinin Günlük Değerleri,http://www.resmigazete.gov.tr/main.aspx?home=http://www.resmigazete.gov.tr/ilanlar/eskiilanlar/2023/01/20230109.htm&main=http://www.resmigazete.gov.tr/ilanlar/eskiilanlar/2023/01/20230109-5.htm
2023-01-10,7430 Antalya Diplomasi Forumu Vakfı Kanunu,https://www.resmigazete.gov.tr/eskiler/2023/01/20230110-1.htm
2023-01-10,–– Ar-Ge veya Tasarım Merkezlerinde Ar-Ge ve Yenilik veya Tasarım Harcamalarının Kazancın Tespitinde İndirim Konusu Yapılması Hakkında Karar (Karar Sayısı: 6652),https://www.resmigazete.gov.tr/eskiler/2023/01/20230110-2.pdf
2023-01-10,–– Sosyal Güvenlik Kurumu Başkanlığı Emeklilik Hizmetleri Genel Müdürlüğü ve Sigorta Primleri Genel Müdürlüğü ile Taşra Teşkilatının 657 Sayılı Devlet Memurları Kanununa Tabi Personeline Fazla Çalışma Ücreti Ödenmesine İlişkin Karar (Karar Sayısı: 6653),https://www.resmigazete.gov.tr/eskiler/2023/01/20230110-3.pdf
2023-01-10,–– Millî Eğitim Bakanlığı Yönetici ve Öğretmenlerinin Ders ve Ek Ders Saatlerine İlişkin Kararda Değişiklik Yapılmasına Dair Karar (Karar Sayısı: 6654),https://www.resmigazete.gov.tr/eskiler/2023/01/20230110-4.pdf
2023-01-10,–– 2023-2024 Yıllarında Yapılacak Çiğ Süt Desteği ve Süt Piyasasının Düzenlenmesine İlişkin Karar (Karar Sayısı: 6655),https://www.resmigazete.gov.tr/eskiler/2023/01/20230110-5.pdf
2023-01-10,–– Kuzey Kıbrıs Türk Cumhuriyeti’ne Yapılacak Yolculuklarda Verilecek Gündeliklere Dair Karar ile Yurtdışı Gündeliklerine Dair Karar (Karar Sayısı: 6656),https://www.resmigazete.gov.tr/eskiler/2023/01/20230110-6.pdf
2023-01-10,–– Kaynak Kullanımını Destekleme Fonu Kesintisi Hakkında Karar (Karar Sayısı: 6657),https://www.resmigazete.gov.tr/eskiler/2023/01/20230110-7.pdf
2023-01-10,–– İthalatta İlave Gümrük Vergisi Uygulanmasına İlişkin Kararda Değişiklik Yapılmasına Dair Karar (Karar Sayısı: 6658),https://www.resmigazete.gov.tr/eskiler/2023/01/20230110-8.pdf
2023-01-10,–– İller Bankası Anonim Şirketinin Sermayesinin 45.000.000.000 Türk Lirasına Çıkarılmasına Dair Karar (Karar Sayısı: 6659),https://www.resmigazete.gov.tr/eskiler/2023/01/20230110-9.pdf
2023-01-10,–– Özelleştirme İdaresi Başkanlığına Ait Karar (Karar Sayısı: 6660),https://www.resmigazete.gov.tr/eskiler/2023/01/20230110-10.pdf
2023-01-10,–– Turizm Tesislerinin Niteliklerine İlişkin Yönetmelikte Değişiklik Yapılmasına Dair Yönetmelik (Karar Sayısı: 6661),https://www.resmigazete.gov.tr/eskiler/2023/01/20230110-11.pdf
2023-01-10,"–– Aksaray Üniversitesi Ön Lisans, Lisans Eğitim-Öğretim ve Sınav Yönetmeliğinde Değişiklik Yapılmasına Dair Yönetmelik",https://www.resmigazete.gov.tr/eskiler/2023/01/20230110-12.htm
2023-01-10,–– Türk Lirası Mevduat ve Katılma Hesaplarına Dönüşümün Desteklenmesi Hakkında Tebliğ (Sayı: 2021/14)’de Değişiklik Yapılmasına Dair Tebliğ (Sayı: 2023/2),https://www.resmigazete.gov.tr/eskiler/2023/01/20230110-13.htm
2023-01-10,a - Yargı İlânları,http://www.resmigazete.gov.tr/main.aspx?home=http://www.resmigazete.gov.tr/ilanlar/eskiilanlar/2023/01/20230110.htm&main=http://www.resmigazete.gov.tr/ilanlar/eskiilanlar/2023/01/20230110-2.htm
2023-01-10,"b - Artırma, Eksiltme ve İhale İlânları",http://www.resmigazete.gov.tr/main.aspx?home=http://www.resmigazete.gov.tr/ilanlar/eskiilanlar/2023/01/20230110.htm&main=http://www.resmigazete.gov.tr/ilanlar/eskiilanlar/2023/01/20230110-3.htm
2023-01-10,c - Çeşitli İlânlar,http://www.resmigazete.gov.tr/main.aspx?home=http://www.resmigazete.gov.tr/ilanlar/eskiilanlar/2023/01/20230110.htm&main=http://www.resmigazete.gov.tr/ilanlar/eskiilanlar/2023/01/20230110-4.htm
2023-01-10,– T.C. Merkez Bankasınca Belirlenen Döviz Kurları ve Devlet İç Borçlanma Senetlerinin Günlük Değerleri,http://www.resmigazete.gov.tr/main.aspx?home=http://www.resmigazete.gov.tr/ilanlar/eskiilanlar/2023/01/20230110.htm&main=http://www.resmigazete.gov.tr/ilanlar/eskiilanlar/2023/01/20230110-5.htm
2023-01-11,–– Türkiye Cumhuriyeti Hükümeti ile Kuzey Kıbrıs Türk Cumhuriyeti Hükümeti Arasında Turizm İşbirliği Eylem Planının Onaylanması Hakkında Karar (Karar Sayısı: 6670),https://www.resmigazete.gov.tr/eskiler/2023/01/20230111-1.pdf
2023-01-11,–– Türkiye Cumhuriyeti Hükümeti ile Kuzey Kıbrıs Türk Cumhuriyeti Hükümeti Arasında Gençlik ve Spor Alanında İşbirliği Protokolünün Onaylanması Hakkında Karar (Karar Sayısı: 6671),https://www.resmigazete.gov.tr/eskiler/2023/01/20230111-2.pdf
2023-01-11,–– Türkiye Cumhuriyeti Hükümeti ile Moldova Cumhuriyeti Hükümeti Arasında Karşılıklı Kültür Merkezlerinin Kuruluşu ve Faaliyetlerine İlişkin Anlaşmanın İlişik Notalarla Birlikte Onaylanması Hakkında Karar (Karar Sayısı: 6672),https://www.resmigazete.gov.tr/eskiler/2023/01/20230111-3.pdf
2023-01-11,"–– Hatay İli, Antakya İlçesi, Odabaşı/Kavaslı Mahallesinde Bulunan Taşınmazın, Yapımı Devam Etmekte Olan Polisevi Hizmet Binası İçin Güvenlik Zafiyeti Oluşmaması Amacıyla, İçişleri Bakanlığı (Emniyet Genel Müdürlüğü) Tarafından Acele Kamulaştırılması Hakkında Karar (Karar Sayısı: 6673)",https://www.resmigazete.gov.tr/eskiler/2023/01/20230111-4.pdf
2023-01-11,–– Narman 1. Merhale Projesi (DAP) Kapsamındaki Narman Şehitler Barajı İkmali İşinin Yapımı Amacıyla Bazı Taşınmazların Devlet Su İşleri Genel Müdürlüğü Tarafından Acele Kamulaştırılması Hakkında Karar (Karar Sayısı: 6674),https://www.resmigazete.gov.tr/eskiler/2023/01/20230111-5.pdf
2023-01-11,"–– Çanakkale İli, Merkez İlçesinde Kurulacak Hasanoba RES (Yardımcı Kaynak GES) Elektrik Üretim Tesisi İçin Gerekli Olan Bazı Taşınmazların Enerji Piyasası Düzenleme Kurumu Tarafından Acele Kamulaştırılması Hakkında Karar (Karar Sayısı: 6675)",https://www.resmigazete.gov.tr/eskiler/2023/01/20230111-6.pdf
2023-01-11,–– Kamulaştırma Bilgileri ve Güzergâhları Gösterilen Enerji Nakil Hatlarının Yapımı Amacıyla Bazı Taşınmazların Türkiye Elektrik Dağıtım Anonim Şirketi Genel Müdürlüğü Tarafından Acele Kamulaştırılması Hakkında Karar (Karar Sayısı: 6676),https://www.resmigazete.gov.tr/eskiler/2023/01/20230111-7.pdf
2023-01-11,–– Çanakkale İlinde Kurulacak Üçpınar RES Elektrik Üretim Tesisi Ana Kaynak RES ile Yardımcı Kaynak GES İçin Gerekli Olan Bazı Taşınmazların Enerji Piyasası Düzenleme Kurumu Tarafından Acele Kamulaştırılması Hakkında Karar (Karar Sayısı: 6677),https://www.resmigazete.gov.tr/eskiler/2023/01/20230111-8.pdf
2023-01-11,–– Kırklareli İlinde Kurulacak Yeni RES (Yardımcı Kaynak GES) Elektrik Üretim Tesisi İçin Gerekli Olan Bazı Taşınmazların Enerji Piyasası Düzenleme Kurumu Tarafından Acele Kamulaştırılması Hakkında Karar (Karar Sayısı: 6678),https://www.resmigazete.gov.tr/eskiler/2023/01/20230111-9.pdf
2023-01-11,"–– Çorum İli, Kargı, Dodurga ve Osmancık İlçelerinde Bulunan Bazı Yerlerde Arazi Toplulaştırması ve Tarla İçi Geliştirme Hizmetleri Yapılması Hakkında Karar (Karar Sayısı: 6679)",https://www.resmigazete.gov.tr/eskiler/2023/01/20230111-10.pdf
2023-01-11,"–– Cumhurbaşkanlığı Tarafından Yapılan Atamalar Hakkında Kararlar (Karar: 2023/9, 10, 11, 12, 13, 14, 15, 16, 17, 18, 19, 20, 21, 22, 23, 24)",https://www.resmigazete.gov.tr/eskiler/2023/01/20230111-11.pdf
2023-01-11,–– Noterler Tarafından Düzenlenen Taşınmaz Satış Sözleşmelerine Uygulanacak Usul ve Esaslar Hakkında Yönetmelik,https://www.resmigazete.gov.tr/eskiler/2023/01/20230111-12.htm
2023-01-11,"–– Yağlı, Lifli, Tıbbi ve Aromatik Bitki Tohumu Sertifikasyonu ve Pazarlaması Yönetmeliğinde Değişiklik Yapılmasına Dair Yönetmelik",https://www.resmigazete.gov.tr/eskiler/2023/01/20230111-13.htm
2023-01-11,–– Perakende Ticarette Uygulanacak İlke ve Kurallar Hakkında Yönetmelikte Değişiklik Yapılmasına Dair Yönetmelik,https://www.resmigazete.gov.tr/eskiler/2023/01/20230111-14.htm
2023-01-11,"–– Yükseköğretim Kurumlarında Önlisans ve Lisans Düzeyindeki Programlar Arasında Geçiş, Çift Anadal, Yan Dal ile Kurumlar Arası Kredi Transferi Yapılması Esaslarına İlişkin Yönetmelikte Değişiklik Yapılmasına Dair Yönetmelik",https://www.resmigazete.gov.tr/eskiler/2023/01/20230111-15.htm
2023-01-11,–– Anayasa Mahkemesinin 19/10/2022 Tarihli ve 2019/28641 Başvuru Numaralı Kararı,https://www.resmigazete.gov.tr/eskiler/2023/01/20230111-16.pdf
2023-01-11,–– Anayasa Mahkemesinin 20/10/2022 Tarihli ve 2018/34950 Başvuru Numaralı Kararı,https://www.resmigazete.gov.tr/eskiler/2023/01/20230111-17.pdf
2023-01-11,–– Anayasa Mahkemesinin 3/11/2022 Tarihli ve 2019/14060 Başvuru Numaralı Kararı,https://www.resmigazete.gov.tr/eskiler/2023/01/20230111-18.pdf
2023-01-11,a - Yargı İlânları,http://www.resmigazete.gov.tr/main.aspx?home=http://www.resmigazete.gov.tr/ilanlar/eskiilanlar/2023/01/20230111.htm&main=http://www.resmigazete.gov.tr/ilanlar/eskiilanlar/2023/01/20230111-2.htm
2023-01-11,"b - Artırma, Eksiltme ve İhale İlânları",http://www.resmigazete.gov.tr/main.aspx?home=http://www.resmigazete.gov.tr/ilanlar/eskiilanlar/2023/01/20230111.htm&main=http://www.resmigazete.gov.tr/ilanlar/eskiilanlar/2023/01/20230111-3.htm
2023-01-11,c - Çeşitli İlânlar,http://www.resmigazete.gov.tr/main.aspx?home=http://www.resmigazete.gov.tr/ilanlar/eskiilanlar/2023/01/20230111.htm&main=http://www.resmigazete.gov.tr/ilanlar/eskiilanlar/2023/01/20230111-4.htm
2023-01-11,– T.C. Merkez Bankasınca Belirlenen Döviz Kurları ve Devlet İç Borçlanma Senetlerinin Günlük Değerleri,http://www.resmigazete.gov.tr/main.aspx?home=http://www.resmigazete.gov.tr/ilanlar/eskiilanlar/2023/01/20230111.htm&main=http://www.resmigazete.gov.tr/ilanlar/eskiilanlar/2023/01/20230111-5.htm
2023-01-12,–– Atık Yağların Yönetimi Yönetmeliğinde Değişiklik Yapılmasına Dair Yönetmelik,https://www.resmigazete.gov.tr/eskiler/2023/01/20230112-1.htm
2023-01-12,–– Türkiye Gelişmekte Olan Spor Branşları Federasyonu Ana Statüsü,https://www.resmigazete.gov.tr/eskiler/2023/01/20230112-2.htm
2023-01-12,"–– Anayasa Mahkemesinin 30/6/2022 Tarihli ve E: 2018/137, K: 2022/86 Sayılı Kararı",https://www.resmigazete.gov.tr/eskiler/2023/01/20230112-3.pdf
2023-01-12,–– Yargıtay 3. Hukuk Dairesine Ait Kararlar,https://www.resmigazete.gov.tr/eskiler/2023/01/20230112-4.pdf
2023-01-12,a - Yargı İlânları,http://www.resmigazete.gov.tr/main.aspx?home=http://www.resmigazete.gov.tr/ilanlar/eskiilanlar/2023/01/20230112.htm&main=http://www.resmigazete.gov.tr/ilanlar/eskiilanlar/2023/01/20230112-2.htm
2023-01-12,"b - Artırma, Eksiltme ve İhale İlânları",http://www.resmigazete.gov.tr/main.aspx?home=http://www.resmigazete.gov.tr/ilanlar/eskiilanlar/2023/01/20230112.htm&main=http://www.resmigazete.gov.tr/ilanlar/eskiilanlar/2023/01/20230112-3.htm
2023-01-12,c - Çeşitli İlânlar,http://www.resmigazete.gov.tr/main.aspx?home=http://www.resmigazete.gov.tr/ilanlar/eskiilanlar/2023/01/20230112.htm&main=http://www.resmigazete.gov.tr/ilanlar/eskiilanlar/2023/01/20230112-4.htm
2023-01-12,– T.C. Merkez Bankasınca Belirlenen Döviz Kurları ve Devlet İç Borçlanma Senetlerinin Günlük Değerleri,http://www.resmigazete.gov.tr/main.aspx?home=http://www.resmigazete.gov.tr/ilanlar/eskiilanlar/2023/01/20230112.htm&main=http://www.resmigazete.gov.tr/ilanlar/eskiilanlar/2023/01/20230112-5.htm
2023-01-13,7431 Sosyal Sigortalar ve Genel Sağlık Sigortası Kanunu ile Bazı Kanunlarda ve 375 Sayılı Kanun Hükmünde Kararnamede Değişiklik Yapılmasına Dair Kanun,https://www.resmigazete.gov.tr/eskiler/2023/01/20230113-1.htm
2023-01-13,1352 Altı Yaşındaki Bir Kız Çocuğunun Evlilik Adı Altında Cinsel İstismara Maruz Bırakılması Olayının Araştırılarak Benzer Olayların Yaşanmaması ve Her Türlü Çocuk İstismarının Önlenmesi İçin Alınması Gereken Tedbirlerin Belirlenmesi Amacıyla Kurulan Meclis Araştırması Komisyonuna Üye Seçimine Dair Karar,https://www.resmigazete.gov.tr/eskiler/2023/01/20230113-2.pdf
2023-01-13,–– İzmir Yüksek Teknoloji Enstitüsü Yaz Öğretimi Yönetmeliğinde Değişiklik Yapılmasına Dair Yönetmelik,https://www.resmigazete.gov.tr/eskiler/2023/01/20230113-3.htm
2023-01-13,–– Küçük Ölçekli Balıkçılığın Desteklenmesi Tebliği (No: 2022/56),https://www.resmigazete.gov.tr/eskiler/2023/01/20230113-4.htm
2023-01-13,–– Danıştay Onuncu Dairesine Ait Kararlar,https://www.resmigazete.gov.tr/eskiler/2023/01/20230113-5.pdf
2023-01-13,a - Yargı İlânları,http://www.resmigazete.gov.tr/main.aspx?home=http://www.resmigazete.gov.tr/ilanlar/eskiilanlar/2023/01/20230113.htm&main=http://www.resmigazete.gov.tr/ilanlar/eskiilanlar/2023/01/20230113-2.htm
2023-01-13,"b - Artırma, Eksiltme ve İhale İlânları",http://www.resmigazete.gov.tr/main.aspx?home=http://www.resmigazete.gov.tr/ilanlar/eskiilanlar/2023/01/20230113.htm&main=http://www.resmigazete.gov.tr/ilanlar/eskiilanlar/2023/01/20230113-3.htm
2023-01-13,c - Çeşitli İlânlar,http://www.resmigazete.gov.tr/main.aspx?home=http://www.resmigazete.gov.tr/ilanlar/eskiilanlar/2023/01/20230113.htm&main=http://www.resmigazete.gov.tr/ilanlar/eskiilanlar/2023/01/20230113-4.htm
2023-01-13,– T.C. Merkez Bankasınca Belirlenen Döviz Kurları ve Devlet İç Borçlanma Senetlerinin Günlük Değerleri,http://www.resmigazete.gov.tr/main.aspx?home=http://www.resmigazete.gov.tr/ilanlar/eskiilanlar/2023/01/20230113.htm&main=http://www.resmigazete.gov.tr/ilanlar/eskiilanlar/2023/01/20230113-5.htm
2023-01-14,–– Sakarya İlinde Yapılacak Olan İleri Teknoloji Kaynak Malzemeleri Üretim Tesisi Yatırımına Proje Bazlı Devlet Yardımı Verilmesine İlişkin Ekli Kararın Yürürlüğe Konulması Hakkında Karar (Karar Sayısı: 6684),https://www.resmigazete.gov.tr/eskiler/2023/01/20230114-1.pdf
2023-01-14,–– Kocaeli İlinde Yapılacak Olan Amonyak ve Üre Gübresi Üretim Tesisi Yatırımına Proje Bazlı Devlet Yardımı Verilmesine İlişkin Ekli Kararın Yürürlüğe Konulması Hakkında Karar (Karar Sayısı: 6685),https://www.resmigazete.gov.tr/eskiler/2023/01/20230114-2.pdf
2023-01-14,"–– Düzce İlinde Yapılacak Olan Mühimmat Tasarımı, Askeri Tüfek ve Yarı Otomatik Tabanca Üretim Tesisi Yatırımına Proje Bazlı Devlet Yardımı Verilmesine İlişkin Ekli Kararın Yürürlüğe Konulması Hakkında Karar (Karar Sayısı: 6686)",https://www.resmigazete.gov.tr/eskiler/2023/01/20230114-3.pdf
2023-01-14,–– Bursa İlinde Yapılacak Olan Elektrik Tahrikli Kompresör Üretim Tesisi Yatırımına Proje Bazlı Devlet Yardımı Verilmesine İlişkin Ekli Kararın Yürürlüğe Konulması Hakkında Karar (Karar Sayısı: 6687),https://www.resmigazete.gov.tr/eskiler/2023/01/20230114-4.pdf
2023-01-14,–– Bursa İlinde Yapılacak Olan Geri Dönüşümden Elde Edilmiş Polimer Cisp ve POY Üretim Tesisi Yatırımına Proje Bazlı Devlet Yardımı Verilmesine İlişkin Ekli Kararın Yürürlüğe Konulması Hakkında Karar (Karar Sayısı: 6688),https://www.resmigazete.gov.tr/eskiler/2023/01/20230114-5.pdf
2023-01-14,–– Gaziantep İlinde Yapılacak Olan Polimer Cips Üretim Tesisi Yatırımına Proje Bazlı Devlet Yardımı Verilmesine İlişkin Ekli Kararın Yürürlüğe Konulması Hakkında Karar (Karar Sayısı: 6689),https://www.resmigazete.gov.tr/eskiler/2023/01/20230114-6.pdf
2023-01-14,–– Ankara İlinde Yapılacak Olan Fotovoltaik Güneş Paneli Üretim Tesisi Yatırımına Proje Bazlı Devlet Yardımı Verilmesine İlişkin 4/9/2019 Tarihli ve 1507 Sayılı Cumhurbaşkanı Kararının Eki Kararda Değişiklik Yapılmasına Dair Ekli Kararın Yürürlüğe Konulması Hakkında Karar (Karar Sayısı: 6690),https://www.resmigazete.gov.tr/eskiler/2023/01/20230114-7.pdf
2023-01-14,–– Kırsal Kalkınma Destekleri Kapsamında Kırsal Kalkınmada Uzman Ellerin Desteklenmesine İlişkin Kararda Değişiklik Yapılması Hakkında Karar (Karar Sayısı: 6691),https://www.resmigazete.gov.tr/eskiler/2023/01/20230114-8.pdf
2023-01-14,"–– Özelleştirme İdaresi Başkanlığı ile İlgili Kararlar (Karar Sayısı: 6692, 6693, 6694, 6695, 6696, 6697, 6698, 6699, 6700, 6701)",https://www.resmigazete.gov.tr/eskiler/2023/01/20230114-9.pdf
2023-01-14,"–– Cumhurbaşkanlığı Tarafından Yapılan Atamalar Hakkında Kararlar (Karar: 2023/25, 26, 27, 28, 29, 30, 31, 32, 33, 34, 35)",https://www.resmigazete.gov.tr/eskiler/2023/01/20230114-10.pdf
2023-01-14,–– Suç Gelirlerinin Aklanmasının ve Terörün Finansmanının Önlenmesine Dair Tedbirler Hakkında Yönetmelikte Değişiklik Yapılmasına Dair Yönetmelik (Karar Sayısı: 6702),https://www.resmigazete.gov.tr/eskiler/2023/01/20230114-11.pdf
2023-01-14,–– Karayolu Taşıma Yönetmeliğinde Değişiklik Yapılmasına Dair Yönetmelik,https://www.resmigazete.gov.tr/eskiler/2023/01/20230114-12.htm
2023-01-14,–– Mali Suçları Araştırma Kurulu Genel Tebliği (Sıra No: 5)’nde Değişiklik Yapılmasına Dair Tebliğ (Sıra No: 22),https://www.resmigazete.gov.tr/eskiler/2023/01/20230114-13.htm
2023-01-14,–– Vergi Usul Kanunu Genel Tebliği (Sıra No: 545),https://www.resmigazete.gov.tr/eskiler/2023/01/20230114-14.htm
2023-01-14,–– Vergi Usul Kanunu Genel Tebliği (Sıra No: 537)’nde Değişiklik Yapılmasına Dair Tebliğ (Sıra No: 547),https://www.resmigazete.gov.tr/eskiler/2023/01/20230114-15.htm
2023-01-14,–– 2872 Sayılı Çevre Kanununun 20 nci Maddesinin Birinci Fıkrasının (k) Bendi Uyarınca Verilecek İdari Para Cezalarına İlişkin Tebliğ (No: 2023/2),https://www.resmigazete.gov.tr/eskiler/2023/01/20230114-16.htm
2023-01-14,–– Enerji Piyasası Düzenleme Kurulunun 12/01/2023 Tarihli ve 11568 Sayılı Kararı,https://www.resmigazete.gov.tr/eskiler/2023/01/20230114-17.pdf
2023-01-14,–– Enerji Piyasası Düzenleme Kurulunun 12/01/2023 Tarihli ve 11569 Sayılı Kararı,https://www.resmigazete.gov.tr/eskiler/2023/01/20230114-18.pdf
2023-01-14,a - Yargı İlânları,http://www.resmigazete.gov.tr/main.aspx?home=http://www.resmigazete.gov.tr/ilanlar/eskiilanlar/2023/01/20230114.htm&main=http://www.resmigazete.gov.tr/ilanlar/eskiilanlar/2023/01/20230114-2.htm
2023-01-14,"b - Artırma, Eksiltme ve İhale İlânları",http://www.resmigazete.gov.tr/main.aspx?home=http://www.resmigazete.gov.tr/ilanlar/eskiilanlar/2023/01/20230114.htm&main=http://www.resmigazete.gov.tr/ilanlar/eskiilanlar/2023/01/20230114-3.htm
2023-01-14,c - Çeşitli İlânlar,http://www.resmigazete.gov.tr/main.aspx?home=http://www.resmigazete.gov.tr/ilanlar/eskiilanlar/2023/01/20230114.htm&main=http://www.resmigazete.gov.tr/ilanlar/eskiilanlar/2023/01/20230114-4.htm
2023-01-14,– T.C. Merkez Bankasınca Belirlenen Döviz Kurları ve Devlet İç Borçlanma Senetlerinin Günlük Değerleri,http://www.resmigazete.gov.tr/main.aspx?home=http://www.resmigazete.gov.tr/ilanlar/eskiilanlar/2023/01/20230114.htm&main=http://www.resmigazete.gov.tr/ilanlar/eskiilanlar/2023/01/20230114-5.htm
2023-01-15,–– Türk Mühendis ve Mimar Odaları Birliği Orman Mühendisleri Odası Ana Yönetmeliğinde Değişiklik Yapılmasına Dair Yönetmelik,https://www.resmigazete.gov.tr/eskiler/2023/01/20230115-1.htm
2023-01-15,–– Devlet Yükseköğretim Kurumlarında Öğretim Elemanı Norm Kadrolarının Belirlenmesine ve Kullanılmasına İlişkin Yönetmelikte Değişiklik Yapılmasına Dair Yönetmelik,https://www.resmigazete.gov.tr/eskiler/2023/01/20230115-2.htm
2023-01-15,–– Lisans Üstü Eğitim Öğretim Enstitülerinin Teşkilât ve İşleyiş Yönetmeliğinde Değişiklik Yapılmasına Dair Yönetmelik,https://www.resmigazete.gov.tr/eskiler/2023/01/20230115-3.htm
2023-01-15,–– Lisansüstü Eğitim ve Öğretim Yönetmeliğinde Değişiklik Yapılmasına Dair Yönetmelik,https://www.resmigazete.gov.tr/eskiler/2023/01/20230115-4.htm
2023-01-15,–– Yurtiçinde ve Yurtdışında Görevlendirmelerde Uyulacak Esaslara İlişkin Yönetmelikte Değişiklik Yapılmasına Dair Yönetmelik,https://www.resmigazete.gov.tr/eskiler/2023/01/20230115-5.htm
2023-01-15,–– Zorunlu Karşılıklar Hakkında Tebliğ (Sayı: 2013/15)’de Değişiklik Yapılmasına Dair Tebliğ (Sayı: 2023/4),https://www.resmigazete.gov.tr/eskiler/2023/01/20230115-6.htm
2023-01-15,a - Yargı İlânları,http://www.resmigazete.gov.tr/main.aspx?home=http://www.resmigazete.gov.tr/ilanlar/eskiilanlar/2023/01/20230115.htm&main=http://www.resmigazete.gov.tr/ilanlar/eskiilanlar/2023/01/20230115-2.htm
2023-01-15,"b - Artırma, Eksiltme ve İhale İlânları",http://www.resmigazete.gov.tr/main.aspx?home=http://www.resmigazete.gov.tr/ilanlar/eskiilanlar/2023/01/20230115.htm&main=http://www.resmigazete.gov.tr/ilanlar/eskiilanlar/2023/01/20230115-3.htm
2023-01-15,c - Çeşitli İlânlar,http://www.resmigazete.gov.tr/main.aspx?home=http://www.resmigazete.gov.tr/ilanlar/eskiilanlar/2023/01/20230115.htm&main=http://www.resmigazete.gov.tr/ilanlar/eskiilanlar/2023/01/20230115-4.htm
2023-01-15,– T.C. Merkez Bankasınca Belirlenen Devlet İç Borçlanma Senetlerinin Günlük Değerleri,http://www.resmigazete.gov.tr/main.aspx?home=http://www.resmigazete.gov.tr/ilanlar/eskiilanlar/2023/01/20230115.htm&main=http://www.resmigazete.gov.tr/ilanlar/eskiilanlar/2023/01/20230115-5.htm
2023-01-15,"15/01/2023 tarihli ve 32074 mükerrer sayılı Resmî Gazete’de, 2023 Yılı Yatırım Programının Kabulü ve Uygulanmasına Dair Karar yayımlanmıştır.",http://www.resmigazete.gov.tr/eskiler/2023/01/20230115M1.htm
2023-01-16,–– Afyonkarahisar Sağlık Bilimleri Üniversitesi Önlisans ve Lisans Eğitim-Öğretim ve Sınav Yönetmeliğinde Değişiklik Yapılmasına Dair Yönetmelik,https://www.resmigazete.gov.tr/eskiler/2023/01/20230116-1.htm
2023-01-16,–– Aydın Adnan Menderes Üniversitesi Lisansüstü Eğitim-Öğretim Yönetmeliğinde Değişiklik Yapılmasına Dair Yönetmelik,https://www.resmigazete.gov.tr/eskiler/2023/01/20230116-2.htm
2023-01-16,–– Dokuz Eylül Üniversitesi Kozmetoloji Uygulama ve Araştırma Merkezi Yönetmeliği,https://www.resmigazete.gov.tr/eskiler/2023/01/20230116-3.htm
2023-01-16,a - Yargı İlânları,http://www.resmigazete.gov.tr/main.aspx?home=http://www.resmigazete.gov.tr/ilanlar/eskiilanlar/2023/01/20230116.htm&main=http://www.resmigazete.gov.tr/ilanlar/eskiilanlar/2023/01/20230116-2.htm
2023-01-16,"b - Artırma, Eksiltme ve İhale İlânları",http://www.resmigazete.gov.tr/main.aspx?home=http://www.resmigazete.gov.tr/ilanlar/eskiilanlar/2023/01/20230116.htm&main=http://www.resmigazete.gov.tr/ilanlar/eskiilanlar/2023/01/20230116-3.htm
2023-01-16,c - Çeşitli İlânlar,http://www.resmigazete.gov.tr/main.aspx?home=http://www.resmigazete.gov.tr/ilanlar/eskiilanlar/2023/01/20230116.htm&main=http://www.resmigazete.gov.tr/ilanlar/eskiilanlar/2023/01/20230116-4.htm
2023-01-16,– T.C. Merkez Bankasınca Belirlenen Devlet İç Borçlanma Senetlerinin Günlük Değerleri,http://www.resmigazete.gov.tr/main.aspx?home=http://www.resmigazete.gov.tr/ilanlar/eskiilanlar/2023/01/20230116.htm&main=http://www.resmigazete.gov.tr/ilanlar/eskiilanlar/2023/01/20230116-5.htm
2023-01-16,"16/01/2023 tarihli ve 32075 mükerrer sayılı Resmî Gazete’de, Kurul Kararları yayımlanmıştır.",http://www.resmigazete.gov.tr/eskiler/2023/01/20230116M1.htm
2023-01-17,"–– Lice İlçesi Doğal Gaz Boru Hattı Projesi, Hani İlçesi Doğal Gaz Boru Hattı Projesi ve Çınar İlçesi Doğal Gaz Boru Hattı Projesinin Yapımı Amacıyla Bazı Taşınmazların Boru Hatları ile Petrol Taşıma Anonim Şirketi Genel Müdürlüğü Tarafından Acele Kamulaştırılması Hakkında Karar (Karar Sayısı: 6712)",https://www.resmigazete.gov.tr/eskiler/2023/01/20230117-1.pdf
2023-01-17,–– Çanakkale İlinde Kurulacak İntepe RES (Yardımcı Kaynak GES) Elektrik Üretim Tesisi İçin Gerekli Olan Bazı Taşınmazların Enerji Piyasası Düzenleme Kurumu Tarafından Acele Kamulaştırılması Hakkında Karar (Karar Sayısı: 6713),https://www.resmigazete.gov.tr/eskiler/2023/01/20230117-2.pdf
2023-01-17,"–– Denizli İli, Acıpayam İlçesinde Bulunan Bazı Yerlerde Arazi Toplulaştırması ve Tarla İçi Geliştirme Hizmetleri Yapılması Hakkında Karar (Karar Sayısı: 6714)",https://www.resmigazete.gov.tr/eskiler/2023/01/20230117-3.pdf
2023-01-17,"–– Denizli İli, Bozkurt ve Çardak İlçelerinde Bulunan Bazı Yerlerde Arazi Toplulaştırması ve Tarla İçi Geliştirme Hizmetleri Yapılması Hakkında Karar (Karar Sayısı: 6715)",https://www.resmigazete.gov.tr/eskiler/2023/01/20230117-4.pdf
2023-01-17,"–– Erzurum İli, Pasinler, Horasan ve Köprüköy İlçelerinde Bulunan Bazı Yerlerde Arazi Toplulaştırması ve Tarla İçi Geliştirme Hizmetleri Yapılması Hakkında Karar (Karar Sayısı: 6716)",https://www.resmigazete.gov.tr/eskiler/2023/01/20230117-5.pdf
2023-01-17,–– Güneş Enerjisine Dayalı Elektrik Üretimi Başvurularının Teknik Değerlendirmesi Hakkında Yönetmelikte Değişiklik Yapılmasına Dair Yönetmelik,https://www.resmigazete.gov.tr/eskiler/2023/01/20230117-6.htm
2023-01-17,–– Hizmet Alımı İhaleleri Uygulama Yönetmeliğinde Değişiklik Yapılmasına Dair Yönetmelik,https://www.resmigazete.gov.tr/eskiler/2023/01/20230117-7.htm
2023-01-17,–– Yapım İşleri İhaleleri Uygulama Yönetmeliğinde Değişiklik Yapılmasına Dair Yönetmelik,https://www.resmigazete.gov.tr/eskiler/2023/01/20230117-8.htm
2023-01-17,–– Anayasa Mahkemesinin 22/9/2022 Tarihli ve 2019/14460 Başvuru Numaralı Kararı,https://www.resmigazete.gov.tr/eskiler/2023/01/20230117-9.pdf
2023-01-17,–– Anayasa Mahkemesinin 2/11/2022 Tarihli ve 2016/2250 Başvuru Numaralı Kararı,https://www.resmigazete.gov.tr/eskiler/2023/01/20230117-10.pdf
2023-01-17,–– Anayasa Mahkemesinin 3/11/2022 Tarihli ve 2018/35662 Başvuru Numaralı Kararı,https://www.resmigazete.gov.tr/eskiler/2023/01/20230117-11.pdf
2023-01-17,a - Yargı İlânları,http://www.resmigazete.gov.tr/main.aspx?home=http://www.resmigazete.gov.tr/ilanlar/eskiilanlar/2023/01/20230117.htm&main=http://www.resmigazete.gov.tr/ilanlar/eskiilanlar/2023/01/20230117-2.htm
2023-01-17,"b - Artırma, Eksiltme ve İhale İlânları",http://www.resmigazete.gov.tr/main.aspx?home=http://www.resmigazete.gov.tr/ilanlar/eskiilanlar/2023/01/20230117.htm&main=http://www.resmigazete.gov.tr/ilanlar/eskiilanlar/2023/01/20230117-3.htm
2023-01-17,c - Çeşitli İlânlar,http://www.resmigazete.gov.tr/main.aspx?home=http://www.resmigazete.gov.tr/ilanlar/eskiilanlar/2023/01/20230117.htm&main=http://www.resmigazete.gov.tr/ilanlar/eskiilanlar/2023/01/20230117-4.htm
2023-01-17,– T.C. Merkez Bankasınca Belirlenen Döviz Kurları ve Devlet İç Borçlanma Senetlerinin Günlük Değerleri,http://www.resmigazete.gov.tr/main.aspx?home=http://www.resmigazete.gov.tr/ilanlar/eskiilanlar/2023/01/20230117.htm&main=http://www.resmigazete.gov.tr/ilanlar/eskiilanlar/2023/01/20230117-5.htm
2023-01-18,"–– Birleşmiş Milletler Güvenlik Konseyinin 1267 (1999), 1988 (2011) ve 1989 (2011) Sayılı Kararlarıyla Listelenen Kişi, Kuruluş veya Organizasyonların Tasarrufunda Bulunan Malvarlığının Dondurulması Hakkındaki 30/9/2013 Tarihli ve 2013/5428 Sayılı Bakanlar Kurulu Kararının Eki (1) Sayılı Listede Değişiklik Yapılmasına İlişkin Karar (Karar Sayısı: 6717)",https://www.resmigazete.gov.tr/eskiler/2023/01/20230118-1.pdf
2023-01-18,–– Millî Eğitim Bakanlığı Eğitim Kurumları Sosyal Etkinlikler Yönetmeliğinde Değişiklik Yapılmasına Dair Yönetmelik,https://www.resmigazete.gov.tr/eskiler/2023/01/20230118-2.htm
2023-01-18,–– Özel Teknelerin Donatımı ve Özel Tekneleri Kullanacak Kişilerin Yeterlikleri Hakkında Yönetmelik,https://www.resmigazete.gov.tr/eskiler/2023/01/20230118-3.htm
2023-01-18,–– Türkiye Radyo-Televizyon Kurumu Disiplin Kurulları ve Amirleri Hakkında Yönetmelik,https://www.resmigazete.gov.tr/eskiler/2023/01/20230118-4.htm
2023-01-18,–– Türkiye Radyo-Televizyon Kurumu Yönetim Kurulunun Çalışma Esasları Hakkında Yönetmelikte Değişiklik Yapılmasına Dair Yönetmelik,https://www.resmigazete.gov.tr/eskiler/2023/01/20230118-5.htm
2023-01-18,–– Darülaceze Başkanlığı Disiplin Amirleri Yönetmeliği,https://www.resmigazete.gov.tr/eskiler/2023/01/20230118-6.htm
2023-01-18,–– Vergi Usul Kanunu Genel Tebliği (Sıra No: 546),https://www.resmigazete.gov.tr/eskiler/2023/01/20230118-7.htm
2023-01-18,–– Yargıtay 3. Hukuk Dairesine Ait Karar,https://www.resmigazete.gov.tr/eskiler/2023/01/20230118-8.pdf
2023-01-18,a - Yargı İlânları,http://www.resmigazete.gov.tr/main.aspx?home=http://www.resmigazete.gov.tr/ilanlar/eskiilanlar/2023/01/20230118.htm&main=http://www.resmigazete.gov.tr/ilanlar/eskiilanlar/2023/01/20230118-2.htm
2023-01-18,"b - Artırma, Eksiltme ve İhale İlânları",http://www.resmigazete.gov.tr/main.aspx?home=http://www.resmigazete.gov.tr/ilanlar/eskiilanlar/2023/01/20230118.htm&main=http://www.resmigazete.gov.tr/ilanlar/eskiilanlar/2023/01/20230118-3.htm
2023-01-18,c - Çeşitli İlânlar,http://www.resmigazete.gov.tr/main.aspx?home=http://www.resmigazete.gov.tr/ilanlar/eskiilanlar/2023/01/20230118.htm&main=http://www.resmigazete.gov.tr/ilanlar/eskiilanlar/2023/01/20230118-4.htm
2023-01-18,– T.C. Merkez Bankasınca Belirlenen Döviz Kurları ve Devlet İç Borçlanma Senetlerinin Günlük Değerleri,http://www.resmigazete.gov.tr/main.aspx?home=http://www.resmigazete.gov.tr/ilanlar/eskiilanlar/2023/01/20230118.htm&main=http://www.resmigazete.gov.tr/ilanlar/eskiilanlar/2023/01/20230118-5.htm
2023-01-19,–– Afyon Kocatepe Üniversitesi Önlisans ve Lisans Eğitim-Öğretim ve Sınav Yönetmeliğinde Değişiklik Yapılmasına Dair Yönetmelik,https://www.resmigazete.gov.tr/eskiler/2023/01/20230119-1.htm
2023-01-19,–– İstanbul Sağlık ve Sosyal Bilimler Meslek Yüksekokulu Lonca Sürekli Eğitim Uygulama ve Araştırma Merkezi Yönetmeliği,https://www.resmigazete.gov.tr/eskiler/2023/01/20230119-2.htm
2023-01-19,–– Toros Üniversitesi Sürekli Eğitim Uygulama ve Araştırma Merkezi Yönetmeliğinde Değişiklik Yapılmasına Dair Yönetmelik,https://www.resmigazete.gov.tr/eskiler/2023/01/20230119-3.htm
2023-01-19,–– 6356 Sayılı Sendikalar ve Toplu İş Sözleşmesi Kanunu Gereğince; İşkollarındaki İşçi Sayıları ve Sendikaların Üye Sayılarına İlişkin 2023 Ocak Ayı İstatistikleri Hakkında Tebliğ,https://www.resmigazete.gov.tr/eskiler/2023/01/20230119-4.pdf
2023-01-19,–– Anayasa Mahkemesinin 1/12/2022 Tarihli ve 2017/17428 Başvuru Numaralı Kararı,https://www.resmigazete.gov.tr/eskiler/2023/01/20230119-5.pdf
2023-01-19,–– Anayasa Mahkemesinin 23/11/2022 Tarihli ve 2019/721 Başvuru Numaralı Kararı,https://www.resmigazete.gov.tr/eskiler/2023/01/20230119-6.pdf
2023-01-19,–– Anayasa Mahkemesinin 23/11/2022 Tarihli ve 2019/37577 Başvuru Numaralı Kararı,https://www.resmigazete.gov.tr/eskiler/2023/01/20230119-7.pdf
2023-01-19,a - Yargı İlânları,http://www.resmigazete.gov.tr/main.aspx?home=http://www.resmigazete.gov.tr/ilanlar/eskiilanlar/2023/01/20230119.htm&main=http://www.resmigazete.gov.tr/ilanlar/eskiilanlar/2023/01/20230119-2.htm
2023-01-19,"b - Artırma, Eksiltme ve İhale İlânları",http://www.resmigazete.gov.tr/main.aspx?home=http://www.resmigazete.gov.tr/ilanlar/eskiilanlar/2023/01/20230119.htm&main=http://www.resmigazete.gov.tr/ilanlar/eskiilanlar/2023/01/20230119-3.htm
2023-01-19,c - Çeşitli İlânlar,http://www.resmigazete.gov.tr/main.aspx?home=http://www.resmigazete.gov.tr/ilanlar/eskiilanlar/2023/01/20230119.htm&main=http://www.resmigazete.gov.tr/ilanlar/eskiilanlar/2023/01/20230119-4.htm
2023-01-19,– T.C. Merkez Bankasınca Belirlenen Döviz Kurları ve Devlet İç Borçlanma Senetlerinin Günlük Değerleri,http://www.resmigazete.gov.tr/main.aspx?home=http://www.resmigazete.gov.tr/ilanlar/eskiilanlar/2023/01/20230119.htm&main=http://www.resmigazete.gov.tr/ilanlar/eskiilanlar/2023/01/20230119-5.htm
2023-01-20,1353 Bartın’ın Amasra İlçesinde Meydana Gelen Maden Kazasının Tüm Yönleriyle Araştırılarak Benzer Kazaların Önlenmesine Yönelik Tedbirlerin Belirlenmesi Amacıyla Kurulan Meclis Araştırması Komisyonunun Görev Süresinin Uzatılmasına Dair Karar,https://www.resmigazete.gov.tr/eskiler/2023/01/20230120-1.pdf
2023-01-20,–– Hâkimler ve Savcılar Kuruluna Ait Kararlar,https://www.resmigazete.gov.tr/eskiler/2023/01/20230120-2.pdf
2023-01-20,–– Elektrik Piyasasında Üretim Faaliyetinde Bulunmak Üzere Su Kullanım Hakkı Anlaşması İmzalanmasına İlişkin Usul ve Esaslar Hakkında Yönetmelikte Değişiklik Yapılmasına Dair Yönetmelik,https://www.resmigazete.gov.tr/eskiler/2023/01/20230120-3.htm
2023-01-20,–– Veteriner Sınır Kontrol Noktası Müdürlüklerinin Görev ve Çalışma Esaslarına Dair Yönetmelikte Değişiklik Yapılmasına Dair Yönetmelik,https://www.resmigazete.gov.tr/eskiler/2023/01/20230120-4.htm
2023-01-20,–– Türkiye İhracatçılar Meclisi ve İhracatçı Birlikleri İnsan Kaynakları Yönetmeliğinde Değişiklik Yapılmasına Dair Yönetmelik,https://www.resmigazete.gov.tr/eskiler/2023/01/20230120-5.htm
2023-01-20,–– Türkiye İhracatçılar Meclisi ve İhracatçı Birlikleri İnsan Kaynakları Sınav Yönetmeliğinde Değişiklik Yapılmasına Dair Yönetmelik,https://www.resmigazete.gov.tr/eskiler/2023/01/20230120-6.htm
2023-01-20,–– Kırsal Kalkınma Destekleri Kapsamında Bireysel Sulama Sistemlerinin Desteklenmesi Hakkında Tebliğ (Tebliğ No: 2021/7)’de Değişiklik Yapılmasına Dair Tebliğ (No: 2023/1),https://www.resmigazete.gov.tr/eskiler/2023/01/20230120-7.htm
2023-01-20,–– İthalatta Gözetim Uygulanmasına İlişkin Tebliğ (Tebliğ No: 2008/5)’de Değişiklik Yapılmasına Dair Tebliğ,https://www.resmigazete.gov.tr/eskiler/2023/01/20230120-8.htm
2023-01-20,–– İthalatta Haksız Rekabetin Önlenmesine İlişkin Tebliğ (No: 2023/5),https://www.resmigazete.gov.tr/eskiler/2023/01/20230120-9.htm
2023-01-20,–– Anayasa Mahkemesinin 27/10/2022 Tarihli ve 2018/1878 Başvuru Numaralı Kararı,https://www.resmigazete.gov.tr/eskiler/2023/01/20230120-10.pdf
2023-01-20,–– Anayasa Mahkemesinin 19/10/2022 Tarihli ve 2019/18583 Başvuru Numaralı Kararı,https://www.resmigazete.gov.tr/eskiler/2023/01/20230120-11.pdf
2023-01-20,–– Anayasa Mahkemesinin 19/10/2022 Tarihli ve 2019/20330 Başvuru Numaralı Kararı,https://www.resmigazete.gov.tr/eskiler/2023/01/20230120-12.pdf
2023-01-20,a - Yargı İlânları,http://www.resmigazete.gov.tr/main.aspx?home=http://www.resmigazete.gov.tr/ilanlar/eskiilanlar/2023/01/20230120.htm&main=http://www.resmigazete.gov.tr/ilanlar/eskiilanlar/2023/01/20230120-2.htm
2023-01-20,"b - Artırma, Eksiltme ve İhale İlânları",http://www.resmigazete.gov.tr/main.aspx?home=http://www.resmigazete.gov.tr/ilanlar/eskiilanlar/2023/01/20230120.htm&main=http://www.resmigazete.gov.tr/ilanlar/eskiilanlar/2023/01/20230120-3.htm
2023-01-20,c - Çeşitli İlânlar,http://www.resmigazete.gov.tr/main.aspx?home=http://www.resmigazete.gov.tr/ilanlar/eskiilanlar/2023/01/20230120.htm&main=http://www.resmigazete.gov.tr/ilanlar/eskiilanlar/2023/01/20230120-4.htm
2023-01-20,– T.C. Merkez Bankasınca Belirlenen Döviz Kurları ve Devlet İç Borçlanma Senetlerinin Günlük Değerleri,http://www.resmigazete.gov.tr/main.aspx?home=http://www.resmigazete.gov.tr/ilanlar/eskiilanlar/2023/01/20230120.htm&main=http://www.resmigazete.gov.tr/ilanlar/eskiilanlar/2023/01/20230120-5.htm
2023-01-21,–– Gaziantep İlinde Yapılacak Olan Polimer Cips ve POY Üretim Tesisi Yatırımına Proje Bazlı Devlet Yardımı Verilmesine İlişkin Ekli Kararın Yürürlüğe Konulması Hakkında Karar (Karar Sayısı: 6718),https://www.resmigazete.gov.tr/eskiler/2023/01/20230121-1.pdf
2023-01-21,"–– Sakarya İli, Karasu İlçesinde Bulunan Bazı Alanların Sakarya Endüstri Bölgesi Olarak İlan Edilmesi Hakkındaki Ekli Kararın Yürürlüğe Konulması Hakkında Karar (Karar Sayısı: 6719)",https://www.resmigazete.gov.tr/eskiler/2023/01/20230121-2.pdf
2023-01-21,–– Bingöl İlinde Gerçekleştirilecek Entegre Teknik Büyükbaş Hayvancılık Yatırımına Proje Bazlı Devlet Yardımı Verilmesine İlişkin 18/5/2018 Tarihli ve 2018/11829 Sayılı Bakanlar Kurulu Kararının Eki Kararda Değişiklik Yapılmasına Dair Ekli Kararın Yürürlüğe Konulması Hakkında Karar (Karar Sayısı: 6720),https://www.resmigazete.gov.tr/eskiler/2023/01/20230121-3.pdf
2023-01-21,–– Konya İlinde Yapılacak Olan Direkt Soğutmalı Slab Döküm ve Sıcak Haddeleme Yöntemi ile Alüminyum Yassı Mamul Üretim Tesisi Yatırımına Proje Bazlı Devlet Yardımı Verilmesine İlişkin Ekli Kararın Yürürlüğe Konulması Hakkında Karar (Karar Sayısı: 6721),https://www.resmigazete.gov.tr/eskiler/2023/01/20230121-4.pdf
2023-01-21,–– Hatay İlinde Yapılacak Olan Polipropilen Üretim Tesisi Yatırımına Proje Bazlı Devlet Yardımı Verilmesine İlişkin Ekli Kararın Yürürlüğe Konulması Hakkında Karar (Karar Sayısı: 6722),https://www.resmigazete.gov.tr/eskiler/2023/01/20230121-5.pdf
2023-01-21,–– Bursa İlinde Yapılacak Olan Yüksek Karbonlu Ferrokrom Üretim Tesisi Yatırımına Proje Bazlı Devlet Yardımı Verilmesine İlişkin Ekli Kararın Yürürlüğe Konulması Hakkında Karar (Karar Sayısı: 6723),https://www.resmigazete.gov.tr/eskiler/2023/01/20230121-6.pdf
2023-01-21,–– Cumhurbaşkanlığı Tarafından Yapılan Atama Hakkında Karar (Karar: 2023/48),https://www.resmigazete.gov.tr/eskiler/2023/01/20230121-7.pdf
2023-01-21,–– Hâkimler ve Savcılar Kuruluna Ait Karar,https://www.resmigazete.gov.tr/eskiler/2023/01/20230121-8.pdf
2023-01-21,–– Bingöl Üniversitesi Önlisans ve Lisans Eğitim-Öğretim ve Sınav Yönetmeliğinde Değişiklik Yapılmasına Dair Yönetmelik,https://www.resmigazete.gov.tr/eskiler/2023/01/20230121-9.htm
2023-01-21,–– 2023 Yılının Mevlâna Yılı Olarak Kutlanması ile İlgili 2023/1 Sayılı Cumhurbaşkanlığı Genelgesi,https://www.resmigazete.gov.tr/eskiler/2023/01/20230121-10.pdf
2023-01-21,–– Roman Vatandaşlara Yönelik Strateji Belgesi (2023-2030) ve I. Aşama Eylem Planı (2023-2025) ile İlgili 2023/2 Sayılı Cumhurbaşkanlığı Genelgesi,https://www.resmigazete.gov.tr/eskiler/2023/01/20230121-11.pdf
2023-01-21,–– Enerji Piyasası Düzenleme Kurulunun 19/01/2023 Tarihli ve 11579 Sayılı Kararı,https://www.resmigazete.gov.tr/eskiler/2023/01/20230121-12.pdf
2023-01-21,–– Enerji Piyasası Düzenleme Kurulunun 19/01/2023 Tarihli ve 11580 Sayılı Kararı,https://www.resmigazete.gov.tr/eskiler/2023/01/20230121-13.pdf
2023-01-21,–– Yargıtay 2. Hukuk Dairesine Ait Karar,https://www.resmigazete.gov.tr/eskiler/2023/01/20230121-14.pdf
2023-01-21,a - Yargı İlânları,http://www.resmigazete.gov.tr/main.aspx?home=http://www.resmigazete.gov.tr/ilanlar/eskiilanlar/2023/01/20230121.htm&main=http://www.resmigazete.gov.tr/ilanlar/eskiilanlar/2023/01/20230121-2.htm
2023-01-21,"b - Artırma, Eksiltme ve İhale İlânları",http://www.resmigazete.gov.tr/main.aspx?home=http://www.resmigazete.gov.tr/ilanlar/eskiilanlar/2023/01/20230121.htm&main=http://www.resmigazete.gov.tr/ilanlar/eskiilanlar/2023/01/20230121-3.htm
2023-01-21,c - Çeşitli İlânlar,http://www.resmigazete.gov.tr/main.aspx?home=http://www.resmigazete.gov.tr/ilanlar/eskiilanlar/2023/01/20230121.htm&main=http://www.resmigazete.gov.tr/ilanlar/eskiilanlar/2023/01/20230121-4.htm
2023-01-21,– T.C. Merkez Bankasınca Belirlenen Döviz Kurları ve Devlet İç Borçlanma Senetlerinin Günlük Değerleri,http://www.resmigazete.gov.tr/main.aspx?home=http://www.resmigazete.gov.tr/ilanlar/eskiilanlar/2023/01/20230121.htm&main=http://www.resmigazete.gov.tr/ilanlar/eskiilanlar/2023/01/20230121-5.htm
2023-01-22,–– Gebze Teknik Üniversitesi Marmara Afetlerle Baş Edebilir Yapılar İçin Uygulama ve Araştırma Merkezi Yönetmeliği,https://www.resmigazete.gov.tr/eskiler/2023/01/20230122-1.htm
2023-01-22,–– İstanbul Arel Üniversitesi Tıp Fakültesi Eğitim-Öğretim ve Sınav Yönetmeliği,https://www.resmigazete.gov.tr/eskiler/2023/01/20230122-2.htm
2023-01-22,–– 2022 Yılı Aralık Ayına Ait Dahilde İşleme İzin Belgelerinin (D1) Listesi,https://www.resmigazete.gov.tr/eskiler/2023/01/20230122-3.pdf
2023-01-22,–– 2022 Yılı Aralık Ayına Ait Yurt İçi Satış ve Teslim Belgelerinin (D3) Listesi,https://www.resmigazete.gov.tr/eskiler/2023/01/20230122-4.pdf
2023-01-22,–– 2022 Yılı Aralık Ayına Ait Hariçte İşleme İzin Belgelerinin (H1) Listesi,https://www.resmigazete.gov.tr/eskiler/2023/01/20230122-5.pdf
2023-01-22,–– Firma Talebine İstinaden İptal Edilen Dahilde İşleme İzin Belgeleri Listesi,https://www.resmigazete.gov.tr/eskiler/2023/01/20230122-6.pdf
2023-01-22,a - Yargı İlânları,http://www.resmigazete.gov.tr/main.aspx?home=http://www.resmigazete.gov.tr/ilanlar/eskiilanlar/2023/01/20230122.htm&main=http://www.resmigazete.gov.tr/ilanlar/eskiilanlar/2023/01/20230122-2.htm
2023-01-22,"b - Artırma, Eksiltme ve İhale İlânları",http://www.resmigazete.gov.tr/main.aspx?home=http://www.resmigazete.gov.tr/ilanlar/eskiilanlar/2023/01/20230122.htm&main=http://www.resmigazete.gov.tr/ilanlar/eskiilanlar/2023/01/20230122-3.htm
2023-01-22,c - Çeşitli İlânlar,http://www.resmigazete.gov.tr/main.aspx?home=http://www.resmigazete.gov.tr/ilanlar/eskiilanlar/2023/01/20230122.htm&main=http://www.resmigazete.gov.tr/ilanlar/eskiilanlar/2023/01/20230122-4.htm
2023-01-22,– T.C. Merkez Bankasınca Belirlenen Devlet İç Borçlanma Senetlerinin Günlük Değerleri,http://www.resmigazete.gov.tr/main.aspx?home=http://www.resmigazete.gov.tr/ilanlar/eskiilanlar/2023/01/20230122.htm&main=http://www.resmigazete.gov.tr/ilanlar/eskiilanlar/2023/01/20230122-5.htm
2023-01-23,–– Bitlis Eren Üniversitesi Çevre Sorunları Uygulama ve Araştırma Merkezi Yönetmeliği,https://www.resmigazete.gov.tr/eskiler/2023/01/20230123-1.htm
2023-01-23,–– Marmara Üniversitesi Diş Hekimliği Uygulama ve Araştırma Merkezi Yönetmeliğinde Değişiklik Yapılmasına Dair Yönetmelik,https://www.resmigazete.gov.tr/eskiler/2023/01/20230123-2.htm
2023-01-23,–– Üsküdar Üniversitesi Ön Lisans ve Lisans Eğitim-Öğretim ve Sınav Yönetmeliğinde Değişiklik Yapılmasına Dair Yönetmelik,https://www.resmigazete.gov.tr/eskiler/2023/01/20230123-3.htm
2023-01-23,a - Yargı İlânları,http://www.resmigazete.gov.tr/main.aspx?home=http://www.resmigazete.gov.tr/ilanlar/eskiilanlar/2023/01/20230123.htm&main=http://www.resmigazete.gov.tr/ilanlar/eskiilanlar/2023/01/20230123-2.htm
2023-01-23,"b - Artırma, Eksiltme ve İhale İlânları",http://www.resmigazete.gov.tr/main.aspx?home=http://www.resmigazete.gov.tr/ilanlar/eskiilanlar/2023/01/20230123.htm&main=http://www.resmigazete.gov.tr/ilanlar/eskiilanlar/2023/01/20230123-3.htm
2023-01-23,c - Çeşitli İlânlar,http://www.resmigazete.gov.tr/main.aspx?home=http://www.resmigazete.gov.tr/ilanlar/eskiilanlar/2023/01/20230123.htm&main=http://www.resmigazete.gov.tr/ilanlar/eskiilanlar/2023/01/20230123-4.htm
2023-01-23,– T.C. Merkez Bankasınca Belirlenen Devlet İç Borçlanma Senetlerinin Günlük Değerleri,http://www.resmigazete.gov.tr/main.aspx?home=http://www.resmigazete.gov.tr/ilanlar/eskiilanlar/2023/01/20230123.htm&main=http://www.resmigazete.gov.tr/ilanlar/eskiilanlar/2023/01/20230123-5.htm
2023-01-24,"–– Schneider Enerji Endüstrisi Sanayi ve Ticaret Anonim Şirketinin Kocaeli İli, Çayırova İlçesinde Yer Alan İşyerinde Birleşik Metal-İş Sendikası Tarafından Alınmış Olan Grev Kararının, Millî Güvenliği Bozucu Nitelikte Görüldüğünden 60 Gün Süreyle Ertelenmesi Hakkında Karar (Karar Sayısı: 6724)",https://www.resmigazete.gov.tr/eskiler/2023/01/20230124-1.pdf
2023-01-24,–– Nükleer Düzenleme Kurumu İdari Yaptırımlar Yönetmeliği,https://www.resmigazete.gov.tr/eskiler/2023/01/20230124-2.htm
2023-01-24,–– İthalatta Gözetim Uygulanmasına İlişkin Tebliğ (No: 2023/1),https://www.resmigazete.gov.tr/eskiler/2023/01/20230124-3.htm
2023-01-24,–– İthalatta Gözetim Uygulanmasına İlişkin Tebliğ (Tebliğ No: 2020/1)'de Değişiklik Yapılmasına Dair Tebliğ,https://www.resmigazete.gov.tr/eskiler/2023/01/20230124-4.htm
2023-01-24,–– İthalatta Haksız Rekabetin Önlenmesine İlişkin Tebliğ (No: 2023/2),https://www.resmigazete.gov.tr/eskiler/2023/01/20230124-5.htm
2023-01-24,–– İthalatta Haksız Rekabetin Önlenmesine İlişkin Tebliğ (No: 2023/3),https://www.resmigazete.gov.tr/eskiler/2023/01/20230124-6.htm
2023-01-24,–– Kooperatiflerin Kuruluş ve Anasözleşme Değişiklik İşlemleri ile Kurucu Ortak Sayıları ve Çalışma Bölgelerinin Belirlenmesi Hakkında Tebliğde Değişiklik Yapılmasına Dair Tebliğ,https://www.resmigazete.gov.tr/eskiler/2023/01/20230124-7.htm
2023-01-24,–– Yargıtay 4. Hukuk Dairesine Ait Karar,https://www.resmigazete.gov.tr/eskiler/2023/01/20230124-8.pdf
2023-01-24,a - Yargı İlânları,http://www.resmigazete.gov.tr/main.aspx?home=http://www.resmigazete.gov.tr/ilanlar/eskiilanlar/2023/01/20230124.htm&main=http://www.resmigazete.gov.tr/ilanlar/eskiilanlar/2023/01/20230124-2.htm
2023-01-24,"b - Artırma, Eksiltme ve İhale İlânları",http://www.resmigazete.gov.tr/main.aspx?home=http://www.resmigazete.gov.tr/ilanlar/eskiilanlar/2023/01/20230124.htm&main=http://www.resmigazete.gov.tr/ilanlar/eskiilanlar/2023/01/20230124-3.htm
2023-01-24,c - Çeşitli İlânlar,http://www.resmigazete.gov.tr/main.aspx?home=http://www.resmigazete.gov.tr/ilanlar/eskiilanlar/2023/01/20230124.htm&main=http://www.resmigazete.gov.tr/ilanlar/eskiilanlar/2023/01/20230124-4.htm
2023-01-24,– T.C. Merkez Bankasınca Belirlenen Döviz Kurları ve Devlet İç Borçlanma Senetlerinin Günlük Değerleri,http://www.resmigazete.gov.tr/main.aspx?home=http://www.resmigazete.gov.tr/ilanlar/eskiilanlar/2023/01/20230124.htm&main=http://www.resmigazete.gov.tr/ilanlar/eskiilanlar/2023/01/20230124-5.htm
2023-01-25,–– Bahçeşehir Üniversitesi Ön Lisans ve Lisans Eğitim-Öğretim ve Sınav Yönetmeliğinde Değişiklik Yapılmasına Dair Yönetmelik,https://www.resmigazete.gov.tr/eskiler/2023/01/20230125-1.htm
2023-01-25,–– 7420 Sayılı Gelir Vergisi Kanunu ile Bazı Kanun ve Kanun Hükmünde Kararnamelerde Değişiklik Yapılmasına Dair Kanunun Geçici 2 nci Maddesinin Uygulanmasına İlişkin Usul ve Esaslar Hakkında Tebliğ,https://www.resmigazete.gov.tr/eskiler/2023/01/20230125-2.htm
2023-01-25,–– İthalatta Haksız Rekabetin Önlenmesine İlişkin Tebliğ (No: 2023/4),https://www.resmigazete.gov.tr/eskiler/2023/01/20230125-3.htm
2023-01-25,–– Kamu İhale Tebliği (No: 2023/1),https://www.resmigazete.gov.tr/eskiler/2023/01/20230125-4.htm
2023-01-25,–– Anayasa Mahkemesinin 2/11/2022 Tarihli ve 2015/18831 Başvuru Numaralı Kararı,https://www.resmigazete.gov.tr/eskiler/2023/01/20230125-5.pdf
2023-01-25,–– Anayasa Mahkemesinin 2/11/2022 Tarihli ve 2017/39239 Başvuru Numaralı Kararı,https://www.resmigazete.gov.tr/eskiler/2023/01/20230125-6.pdf
2023-01-25,–– Anayasa Mahkemesinin 23/11/2022 Tarihli ve 2018/36513 Başvuru Numaralı Kararı,https://www.resmigazete.gov.tr/eskiler/2023/01/20230125-7.pdf
2023-01-25,–– Anayasa Mahkemesinin 23/11/2022 Tarihli ve 2019/9769 Başvuru Numaralı Kararı,https://www.resmigazete.gov.tr/eskiler/2023/01/20230125-8.pdf
2023-01-25,–– Anayasa Mahkemesinin 23/11/2022 Tarihli ve 2019/24604 Başvuru Numaralı Kararı,https://www.resmigazete.gov.tr/eskiler/2023/01/20230125-9.pdf
2023-01-25,a - Yargı İlânları,http://www.resmigazete.gov.tr/main.aspx?home=http://www.resmigazete.gov.tr/ilanlar/eskiilanlar/2023/01/20230125.htm&main=http://www.resmigazete.gov.tr/ilanlar/eskiilanlar/2023/01/20230125-2.htm
2023-01-25,"b - Artırma, Eksiltme ve İhale İlânları",http://www.resmigazete.gov.tr/main.aspx?home=http://www.resmigazete.gov.tr/ilanlar/eskiilanlar/2023/01/20230125.htm&main=http://www.resmigazete.gov.tr/ilanlar/eskiilanlar/2023/01/20230125-3.htm
2023-01-25,c - Çeşitli İlânlar,http://www.resmigazete.gov.tr/main.aspx?home=http://www.resmigazete.gov.tr/ilanlar/eskiilanlar/2023/01/20230125.htm&main=http://www.resmigazete.gov.tr/ilanlar/eskiilanlar/2023/01/20230125-4.htm
2023-01-25,– T.C. Merkez Bankasınca Belirlenen Döviz Kurları ve Devlet İç Borçlanma Senetlerinin Günlük Değerleri,http://www.resmigazete.gov.tr/main.aspx?home=http://www.resmigazete.gov.tr/ilanlar/eskiilanlar/2023/01/20230125.htm&main=http://www.resmigazete.gov.tr/ilanlar/eskiilanlar/2023/01/20230125-5.htm
2023-01-26,7432 Uludağ Alanı Hakkında Kanun,https://www.resmigazete.gov.tr/eskiler/2023/01/20230126-1.htm
2023-01-26,7433 Devlet Memurları Kanunu ve Bazı Kanunlar ile 663 Sayılı Kanun Hükmünde Kararnamede Değişiklik Yapılmasına Dair Kanun,https://www.resmigazete.gov.tr/eskiler/2023/01/20230126-2.htm
2023-01-26,–– Uludağ Alan Başkanlığı Hakkında Cumhurbaşkanlığı Kararnamesi (Kararname Numarası: 117),https://www.resmigazete.gov.tr/eskiler/2023/01/20230126-3.pdf
2023-01-26,"–– Cezanın Kaldırılması ile İlgili Kararlar (Karar Sayısı: 6725, 6726, 6727)",https://www.resmigazete.gov.tr/eskiler/2023/01/20230126-4.pdf
2023-01-26,"–– 5520 Sayılı Kurumlar Vergisi Kanununun Geçici 14 üncü Maddesinin Dördüncü Fıkrasında Yer Alan İstisnanın, Kurumların 31/12/2022 Tarihli Bilançolarında Yer Alan Yabancı Paralar İtibarıyla da Uygulanması Hakkında Karar (Karar Sayısı: 6728)",https://www.resmigazete.gov.tr/eskiler/2023/01/20230126-5.pdf
2023-01-26,–– İthalatta Korunma Önlemleri Hakkında Kararda Değişiklik Yapılmasına Dair Karar (Karar Sayısı: 6729),https://www.resmigazete.gov.tr/eskiler/2023/01/20230126-6.pdf
2023-01-26,–– Manisa Gürdük Barajı ve Sulaması İnşaatı Bünyesindeki Manisa Akhisar Gürdük Şehit Piyade Teğmen Osman Alp Göleti İkmali ve Karayolu Rölekasyonu İşinin Yapımı Amacıyla Bazı Taşınmazların Devlet Su İşleri Genel Müdürlüğü Tarafından Acele Kamulaştırılması Hakkında Karar (Karar Sayısı: 6730),https://www.resmigazete.gov.tr/eskiler/2023/01/20230126-7.pdf
2023-01-26,"–– Baklan İlçesi Doğal Gaz Boru Hattı Projesinin Gerçekleştirilmesi Amacıyla Bazı Taşınmazlar ile Söz Konusu Proje Kapsamında İnşa Edilecek Sabit Tesisler, Ulaşım Yolları, Enerji Nakil Hatları, Katodik Koruma Hatları ve Anot Yataklarının Yapımı Amacıyla İhtiyaç Duyulan Taşınmazların Boru Hatları ile Petrol Taşıma Anonim Şirketi Genel Müdürlüğü Tarafından Acele Kamulaştırılması Hakkında Karar (Karar Sayısı: 6731)",https://www.resmigazete.gov.tr/eskiler/2023/01/20230126-8.pdf
2023-01-26,"–– Mardin İli, Savur İlçesi, Devlet Mahallesi, 212 Ada 1 Parselde Kayıtlı Taşınmazın, 2863 Sayılı Kültür ve Tabiat Varlıklarını Koruma Kanunu Hükümleri Çerçevesinde Müze/Kültür Evi Olarak Değerlendirilmek Üzere Özel Mülkiyete Ait Kısmının Kültür ve Turizm Bakanlığı Tarafından Acele Kamulaştırılması Hakkında Karar (Karar Sayısı: 6732)",https://www.resmigazete.gov.tr/eskiler/2023/01/20230126-9.pdf
2023-01-26,–– Enerji Nakil Hatlarının Yapımı Amacıyla Bazı Taşınmazların Türkiye Elektrik Dağıtım Anonim Şirketi Genel Müdürlüğü Tarafından Acele Kamulaştırılması Hakkında Karar (Karar Sayısı: 6733),https://www.resmigazete.gov.tr/eskiler/2023/01/20230126-10.pdf
2023-01-26,"–– Konya İli, Meram İlçesi, Durunday Mahallesinde Bulunan 27624 Ada 1 Parsel Numaralı Taşınmazın, Savunma ve Güvenlik Amaçlı Bina Tesisi ve Eğitim Atış Tatbikat Sahası Yapılmak Üzere İçişleri Bakanlığına (Emniyet Genel Müdürlüğü) Tahsis Edilmiş Bulunan Alan İçerisinde Kalmasından Dolayı Tesis Güvenliği ile Can ve Mal Güvenliği Açısından Risk Teşkil Etmesi Nedeniyle Anılan Bakanlık Tarafından Acele Kamulaştırılması Hakkında Karar (Karar Sayısı: 6734)",https://www.resmigazete.gov.tr/eskiler/2023/01/20230126-11.pdf
2023-01-26,–– 380 kV İçdaş-Lapseki-3 Enerji İletim Hattı Projesi Kapsamında Bazı Taşınmazların Türkiye Elektrik İletim Anonim Şirketi Genel Müdürlüğü Tarafından Acele Kamulaştırılması Hakkında Karar (Karar Sayısı: 6735),https://www.resmigazete.gov.tr/eskiler/2023/01/20230126-12.pdf
2023-01-26,–– Gümüşhane ve Bayburt İllerinde Bulunan ve Ekli Listede İsimleri Belirtilen Yerlerde Arazi Toplulaştırması ve Tarla İçi Geliştirme Hizmetleri Yapılması Hakkında Karar (Karar Sayısı: 6736),https://www.resmigazete.gov.tr/eskiler/2023/01/20230126-13.pdf
2023-01-26,"–– Çanakkale İli, Ayvacık İlçesinde Bulunan ve Ekli Listede İsimleri Belirtilen Yerlerde Arazi Toplulaştırması ve Tarla İçi Geliştirme Hizmetleri Yapılması Hakkında Karar (Karar Sayısı: 6737)",https://www.resmigazete.gov.tr/eskiler/2023/01/20230126-14.pdf
2023-01-26,"–– Balıkesir İli, Ayvalık İlçesi Sınırları İçerisinde Bulunan Lale Adası Kuzeyi Mevkii Doğal Sit Alanının Koruma Statüsünün Yeniden Değerlendirilmesi Sonucunda Bazı Alanın Kesin Korunacak Hassas Alan Olarak Tescil ve İlan Edilmesi Hakkında Karar (Karar Sayısı: 6738)",https://www.resmigazete.gov.tr/eskiler/2023/01/20230126-15.pdf
2023-01-26,–– Muğla İlinde Bulunan Bazı Alanların Orman Sınırları Dışına Çıkartılması Hakkındaki Ekli Kararın Yürürlüğe Konulması Hakkında Karar (Karar Sayısı: 6739),https://www.resmigazete.gov.tr/eskiler/2023/01/20230126-16.pdf
2023-01-26,–– Kurtuluş Savaşındaki Hizmetleri Tespit Edilen Ekli Listede Adları Yazılı Şehit ve Gazilerin Aynı Listede Belirtilen Mirasçılarına “İstiklal Madalyası” Verilmesi Hakkında Karar (Karar Sayısı: 6740),https://www.resmigazete.gov.tr/eskiler/2023/01/20230126-17.pdf
2023-01-26,–– Mardin Havalimanının İsminin “Mardin Prof. Dr. Aziz Sancar Havalimanı” Olarak Değiştirilmesi Hakkında Karar (Karar Sayısı: 6741),https://www.resmigazete.gov.tr/eskiler/2023/01/20230126-18.pdf
2023-01-26,–– Özelleştirme İdaresi Başkanlığı ile İlgili Karar (Karar Sayısı: 6742),https://www.resmigazete.gov.tr/eskiler/2023/01/20230126-19.pdf
2023-01-26,–– Kamu Kurum ve Kuruluşlarına İşçi Alınmasında Uygulanacak Usul ve Esaslar Hakkında Yönetmelikte Değişiklik Yapılmasına Dair Yönetmelik (Karar Sayısı: 6743),https://www.resmigazete.gov.tr/eskiler/2023/01/20230126-20.pdf
2023-01-26,–– Biyokütle Enerjisine Dayalı Elektrik Üretimi Başvurularının Teknik Değerlendirmesine Dair Yönetmelik,https://www.resmigazete.gov.tr/eskiler/2023/01/20230126-21.htm
2023-01-26,–– Galatasaray Üniversitesi Stratejik Araştırmalar Uygulama ve Araştırma Merkezi Yönetmeliği,https://www.resmigazete.gov.tr/eskiler/2023/01/20230126-22.htm
2023-01-26,–– Firmaların Yurt Dışı Kaynaklı Dövizlerinin Türk Lirasına Dönüşümünün Desteklenmesi Hakkında Tebliğ (Sayı: 2023/5),https://www.resmigazete.gov.tr/eskiler/2023/01/20230126-23.htm
2023-01-26,–– Yargıtay 10. Hukuk Dairesine Ait Karar,https://www.resmigazete.gov.tr/eskiler/2023/01/20230126-24.pdf
2023-01-26,a - Yargı İlânları,http://www.resmigazete.gov.tr/main.aspx?home=http://www.resmigazete.gov.tr/ilanlar/eskiilanlar/2023/01/20230126.htm&main=http://www.resmigazete.gov.tr/ilanlar/eskiilanlar/2023/01/20230126-2.htm
2023-01-26,"b - Artırma, Eksiltme ve İhale İlânları",http://www.resmigazete.gov.tr/main.aspx?home=http://www.resmigazete.gov.tr/ilanlar/eskiilanlar/2023/01/20230126.htm&main=http://www.resmigazete.gov.tr/ilanlar/eskiilanlar/2023/01/20230126-3.htm
2023-01-26,c - Çeşitli İlânlar,http://www.resmigazete.gov.tr/main.aspx?home=http://www.resmigazete.gov.tr/ilanlar/eskiilanlar/2023/01/20230126.htm&main=http://www.resmigazete.gov.tr/ilanlar/eskiilanlar/2023/01/20230126-4.htm
2023-01-26,– T.C. Merkez Bankasınca Belirlenen Döviz Kurları ve Devlet İç Borçlanma Senetlerinin Günlük Değerleri,http://www.resmigazete.gov.tr/main.aspx?home=http://www.resmigazete.gov.tr/ilanlar/eskiilanlar/2023/01/20230126.htm&main=http://www.resmigazete.gov.tr/ilanlar/eskiilanlar/2023/01/20230126-5.htm
2023-01-27,"–– İş Hijyeni Ölçüm, Test ve Analizleri Hakkında Yönetmelik",https://www.resmigazete.gov.tr/eskiler/2023/01/20230127-1.htm
2023-01-27,–– Korunması Gerekli Kültür Varlıklarının Onarımları ve Restorasyonları ile Çevre Düzenlemesine İlişkin Mal ve Hizmet Alımlarına Dair Usul ve Esaslar Kapsamındaki Parasal Limitlerin Güncellenmesi Hakkında Tebliğ (No: 2023/1),https://www.resmigazete.gov.tr/eskiler/2023/01/20230127-2.htm
2023-01-27,–– Taşınmaz Kültür Varlıklarına Yardım Sağlanmasına Dair Yönetmelik Kapsamındaki Parasal Limitlerin Güncellenmesi Hakkında Tebliğ (No: 2023/2),https://www.resmigazete.gov.tr/eskiler/2023/01/20230127-3.htm
2023-01-27,–– İthalatta Gözetim Uygulanmasına İlişkin Tebliğ (No: 2023/2),https://www.resmigazete.gov.tr/eskiler/2023/01/20230127-4.htm
2023-01-27,–– İthalatta Gözetim Uygulanmasına İlişkin Tebliğ (No: 2023/4),https://www.resmigazete.gov.tr/eskiler/2023/01/20230127-5.htm
2023-01-27,–– İthalatta Haksız Rekabetin Önlenmesine İlişkin Tebliğ (No: 2023/6),https://www.resmigazete.gov.tr/eskiler/2023/01/20230127-6.htm
2023-01-27,"–– Enerji Piyasası Düzenleme Kurulunun 26/01/2023 Tarihli ve 11588, 11589-1, 11589-2 Sayılı Kararları",https://www.resmigazete.gov.tr/eskiler/2023/01/20230127-7.pdf
2023-01-27,"–– 38 Mülki İdare Amirinin, Birinci Sınıf Mülki İdare Amirliğine Yükseltilmesi Hakkında Karar",https://www.resmigazete.gov.tr/eskiler/2023/01/20230127-8.pdf
2023-01-27,"–– Anayasa Mahkemesinin 13/10/2022 Tarihli ve E: 2021/95, K: 2022/118 Sayılı Kararı",https://www.resmigazete.gov.tr/eskiler/2023/01/20230127-9.pdf
2023-01-27,"–– Anayasa Mahkemesinin 13/10/2022 Tarihli ve E: 2021/99, K: 2022/119 Sayılı Kararı",https://www.resmigazete.gov.tr/eskiler/2023/01/20230127-10.pdf
2023-01-27,"–– Anayasa Mahkemesinin 30/11/2022 Tarihli ve E: 2022/103, K: 2022/150 Sayılı Kararı",https://www.resmigazete.gov.tr/eskiler/2023/01/20230127-11.pdf
2023-01-27,"–– Anayasa Mahkemesinin 30/11/2022 Tarihli ve E: 2022/122, K: 2022/151 Sayılı Kararı",https://www.resmigazete.gov.tr/eskiler/2023/01/20230127-12.pdf
2023-01-27,–– Anayasa Mahkemesinin 19/10/2022 Tarihli ve 2019/37721 Başvuru Numaralı Kararı,https://www.resmigazete.gov.tr/eskiler/2023/01/20230127-13.pdf
2023-01-27,–– Yargıtay Büyük Genel Kurulunun 25/01/2023 Tarihli ve 2023/1 Sayılı Kararı,https://www.resmigazete.gov.tr/eskiler/2023/01/20230127-14.pdf
2023-01-27,–– Yargıtay 4. Hukuk Dairesine Ait Karar,https://www.resmigazete.gov.tr/eskiler/2023/01/20230127-15.pdf
2023-01-27,a - Yargı İlânları,http://www.resmigazete.gov.tr/main.aspx?home=http://www.resmigazete.gov.tr/ilanlar/eskiilanlar/2023/01/20230127.htm&main=http://www.resmigazete.gov.tr/ilanlar/eskiilanlar/2023/01/20230127-2.htm
2023-01-27,"b - Artırma, Eksiltme ve İhale İlânları",http://www.resmigazete.gov.tr/main.aspx?home=http://www.resmigazete.gov.tr/ilanlar/eskiilanlar/2023/01/20230127.htm&main=http://www.resmigazete.gov.tr/ilanlar/eskiilanlar/2023/01/20230127-3.htm
2023-01-27,c - Çeşitli İlânlar,http://www.resmigazete.gov.tr/main.aspx?home=http://www.resmigazete.gov.tr/ilanlar/eskiilanlar/2023/01/20230127.htm&main=http://www.resmigazete.gov.tr/ilanlar/eskiilanlar/2023/01/20230127-4.htm
2023-01-27,– T.C. Merkez Bankasınca Belirlenen Döviz Kurları ve Devlet İç Borçlanma Senetlerinin Günlük Değerleri,http://www.resmigazete.gov.tr/main.aspx?home=http://www.resmigazete.gov.tr/ilanlar/eskiilanlar/2023/01/20230127.htm&main=http://www.resmigazete.gov.tr/ilanlar/eskiilanlar/2023/01/20230127-5.htm
2023-01-28,7434 Kamu Finansmanı ve Borç Yönetiminin Düzenlenmesi Hakkında Kanunda Değişiklik Yapılmasına Dair Kanun,https://www.resmigazete.gov.tr/eskiler/2023/01/20230128-15.htm
2023-01-28,–– Cumhurbaşkanlığı Teşkilatı Hakkında Cumhurbaşkanlığı Kararnamesinde Değişiklik Yapılmasına Dair Cumhurbaşkanlığı Kararnamesi (Kararname Numarası: 118),https://www.resmigazete.gov.tr/eskiler/2023/01/20230128-16.pdf
2023-01-28,–– Bazı Kamu Kurum ve Kuruluşlarına Kadro İhdas Edilmesine İlişkin Cumhurbaşkanlığı Kararnamesi (Kararname Numarası: 119),https://www.resmigazete.gov.tr/eskiler/2023/01/20230128-17.pdf
2023-01-28,–– Hazinenin Katılım Finans Kefalet Anonim Şirketine İştirak Etmesine İlişkin Karar (Karar Sayısı: 6772),https://www.resmigazete.gov.tr/eskiler/2023/01/20230128-18.pdf
2023-01-28,–– Tarım Arazilerinin Kullanımının Etkinleştirilmesinin Desteklenmesine İlişkin Karar (Karar Sayısı: 6773),https://www.resmigazete.gov.tr/eskiler/2023/01/20230128-19.pdf
2023-01-28,"–– Büyükşehir Belediyeleri, İl Özel İdareleri, Belediyeler ve Bunların Bağlı Kuruluşlarının Borçlarına Karşılık Genel Bütçe Vergi Gelirleri Tahsilat Toplamı Üzerinden Ayrılacak Paylardan Yapılacak Kesintilere İlişkin Esaslarda Değişiklik Yapılmasına Dair Esaslar (Karar Sayısı: 6774)",https://www.resmigazete.gov.tr/eskiler/2023/01/20230128-20.pdf
2023-01-28,–– Katma Değer Vergisinin İade Talebinde Bulunulabilecek Asgari Tutarının Belirlenmesi ile 6/2/2019 Tarihli ve 718 Sayılı Cumhurbaşkanı Kararının Eki Kararda Değişiklik Yapılmasına İlişkin Ekli Kararın Yürürlüğe Konulması Hakkında Karar (Karar Sayısı: 6775),https://www.resmigazete.gov.tr/eskiler/2023/01/20230128-21.pdf
2023-01-28,–– İthalat Rejimi Kararında Değişiklik Yapılmasına İlişkin Karar (Karar Sayısı: 6776),https://www.resmigazete.gov.tr/eskiler/2023/01/20230128-22.pdf
2023-01-28,–– Çorum İlinde Yapılacak Olan Küresel Barut Üretim Tesisi Yatırımına Proje Bazlı Devlet Yardımı Verilmesine İlişkin Ekli Kararın Yürürlüğe Konulması Hakkında Karar (Karar Sayısı: 6777),https://www.resmigazete.gov.tr/eskiler/2023/01/20230128-23.pdf
2023-01-28,"–– İçişleri Bakanlığı (Jandarma Genel Komutanlığı ve Sahil Güvenlik Komutanlığı) Tarafından, 30/5/1985 Tarihli ve 3212 Sayılı Kanun Kapsamında 2023 Yılında Anlaşma Akdedilmeksizin Verilebilecek Mal veya Hizmetlerin Parasal Limiti ile Cinsinin Belirlenmesine İlişkin Ekli Kararın Yürürlüğe Konulması Hakkında Karar (Karar Sayısı: 6778)",https://www.resmigazete.gov.tr/eskiler/2023/01/20230128-24.pdf
2023-01-28,"–– Cumhurbaşkanlığı Tarafından Yapılan Atamalar Hakkında Kararlar (Karar: 2023/49, 50, 51, 52, 53, 54, 55, 56, 57, 58)",https://www.resmigazete.gov.tr/eskiler/2023/01/20230128-25.pdf
2023-01-28,–– Bazı Zararlı Kimyasalların İhracatı ve İthalatı Hakkında Yönetmelik,https://www.resmigazete.gov.tr/eskiler/2023/01/20230128-1.htm
2023-01-28,–– Petrol Piyasası Lisans Yönetmeliğinde Değişiklik Yapılmasına Dair Yönetmelik,https://www.resmigazete.gov.tr/eskiler/2023/01/20230128-2.htm
2023-01-28,–– Petrol Piyasasında Ulusal Marker Uygulamasına İlişkin Yönetmelikte Değişiklik Yapılmasına Dair Yönetmelik,https://www.resmigazete.gov.tr/eskiler/2023/01/20230128-3.htm
2023-01-28,–– Petrol Piyasasında Uygulanacak Teknik Kriterler Hakkında Yönetmelikte Değişiklik Yapılmasına Dair Yönetmelik,https://www.resmigazete.gov.tr/eskiler/2023/01/20230128-4.htm
2023-01-28,–– Petrol Piyasasında Yapılacak Denetimler ile Ön Araştırma ve Soruşturmalarda Takip Edilecek Usul ve Esaslar Hakkında Yönetmelikte Değişiklik Yapılmasına Dair Yönetmelik,https://www.resmigazete.gov.tr/eskiler/2023/01/20230128-5.htm
2023-01-28,–– Kapadokya Alan Başkanlığı Ücrete Tabi Başvurular ve Sunulacak Hizmetler Karşılığı Alınacak Ücretlere İlişkin Usul ve Esaslar Hakkında Yönetmelikte Değişiklik Yapılmasına Dair Yönetmelik,https://www.resmigazete.gov.tr/eskiler/2023/01/20230128-6.htm
2023-01-28,–– Özel Tıbbi Amaçlı Gıdalar Ruhsatlandırma Yönetmeliği,https://www.resmigazete.gov.tr/eskiler/2023/01/20230128-7.htm
2023-01-28,–– Türk Patent ve Marka Kurumu Personeli Görevde Yükselme ve Unvan Değişikliği Yönetmeliğinde Değişiklik Yapılmasına Dair Yönetmelik,https://www.resmigazete.gov.tr/eskiler/2023/01/20230128-8.htm
2023-01-28,–– 2053 Ulaştırma ve Lojistik Ana Planı ile İlgili 2023/3 Sayılı Cumhurbaşkanlığı Genelgesi,https://www.resmigazete.gov.tr/eskiler/2023/01/20230128-26.pdf
2023-01-28,–– İthalatta Gözetim Uygulanmasına İlişkin Tebliğ (No:2023/3),https://www.resmigazete.gov.tr/eskiler/2023/01/20230128-9.htm
2023-01-28,–– Madeni Yağların Ambalajlanması ve Piyasaya Sunumu Hakkında Tebliğde Değişiklik Yapılmasına Dair Tebliğ,https://www.resmigazete.gov.tr/eskiler/2023/01/20230128-10.htm
2023-01-28,–– Çek Defterlerinin Baskı Şekline ve Bankaların Hamile Ödemekle Yükümlü Olduğu Miktarın Belirlenmesine İlişkin Tebliğ (Sayı: 2010/2)’de Değişiklik Yapılmasına Dair Tebliğ (Sayı: 2023/3),https://www.resmigazete.gov.tr/eskiler/2023/01/20230128-11.htm
2023-01-28,–– Ödeme ve Elektronik Para Kuruluşlarının Asgari Özkaynak Miktarlarının Yeniden Belirlenmesi ile İlgili Tebliğ,https://www.resmigazete.gov.tr/eskiler/2023/01/20230128-12.pdf
2023-01-28,"–– Enerji Piyasası Düzenleme Kurulunun 12/01/2023 Tarihli ve 11561, 11562, 11563, 11564, 11565, 11566 Sayılı Kararları",https://www.resmigazete.gov.tr/eskiler/2023/01/20230128-13.pdf
2023-01-28,"–– Enerji Piyasası Düzenleme Kurulunun 26 /01/2023 Tarihli ve 11591, 11595, 11596, 11597, 11598, 11599, 11600, 11601, 11602, 11603, 11607 Sayılı Kararları",https://www.resmigazete.gov.tr/eskiler/2023/01/20230128-14.pdf
2023-01-28,a - Yargı İlânları,http://www.resmigazete.gov.tr/main.aspx?home=http://www.resmigazete.gov.tr/ilanlar/eskiilanlar/2023/01/20230128.htm&main=http://www.resmigazete.gov.tr/ilanlar/eskiilanlar/2023/01/20230128-2.htm
2023-01-28,"b - Artırma, Eksiltme ve İhale İlânları",http://www.resmigazete.gov.tr/main.aspx?home=http://www.resmigazete.gov.tr/ilanlar/eskiilanlar/2023/01/20230128.htm&main=http://www.resmigazete.gov.tr/ilanlar/eskiilanlar/2023/01/20230128-3.htm
2023-01-28,c - Çeşitli İlânlar,http://www.resmigazete.gov.tr/main.aspx?home=http://www.resmigazete.gov.tr/ilanlar/eskiilanlar/2023/01/20230128.htm&main=http://www.resmigazete.gov.tr/ilanlar/eskiilanlar/2023/01/20230128-4.htm
2023-01-28,– T.C. Merkez Bankasınca Belirlenen Döviz Kurları ve Devlet İç Borçlanma Senetlerinin Günlük Değerleri,http://www.resmigazete.gov.tr/main.aspx?home=http://www.resmigazete.gov.tr/ilanlar/eskiilanlar/2023/01/20230128.htm&main=http://www.resmigazete.gov.tr/ilanlar/eskiilanlar/2023/01/20230128-5.htm
2023-01-29,–– Ondokuz Mayıs Üniversitesi Ön Lisans ve Lisans Eğitim-Öğretim Yönetmeliği,https://www.resmigazete.gov.tr/eskiler/2023/01/20230129-1.htm
2023-01-29,–– Sabancı Üniversitesi Lisans Eğitim ve Öğretim Yönetmeliğinde Değişiklik Yapılmasına Dair Yönetmelik,https://www.resmigazete.gov.tr/eskiler/2023/01/20230129-2.htm
2023-01-29,–– Sabancı Üniversitesi Lisansüstü Eğitim ve Öğretim Yönetmeliğinde Değişiklik Yapılmasına Dair Yönetmelik,https://www.resmigazete.gov.tr/eskiler/2023/01/20230129-3.htm
2023-01-29,–– Sabancı Üniversitesi Temel Geliştirme Yılı Eğitim ve Öğretim Yönetmeliğinde Değişiklik Yapılmasına Dair Yönetmelik,https://www.resmigazete.gov.tr/eskiler/2023/01/20230129-4.htm
2023-01-29,–– 2022 Yılı Aralık Ayına Ait Yatırım Teşvik Belgeleri Listesi,https://www.resmigazete.gov.tr/eskiler/2023/01/20230129-5.pdf
2023-01-29,–– 2022 Yılı Aralık Ayına Ait Tamamlama Vizesi Yapılan Yatırım Teşvik Belgeleri Listesi,https://www.resmigazete.gov.tr/eskiler/2023/01/20230129-6.pdf
2023-01-29,–– 2022 Yılı Aralık Ayına Ait İptal Edilen Yatırım Teşvik Belgeleri Listesi,https://www.resmigazete.gov.tr/eskiler/2023/01/20230129-7.pdf
2023-01-29,a - Yargı İlânları,http://www.resmigazete.gov.tr/main.aspx?home=http://www.resmigazete.gov.tr/ilanlar/eskiilanlar/2023/01/20230129.htm&main=http://www.resmigazete.gov.tr/ilanlar/eskiilanlar/2023/01/20230129-2.htm
2023-01-29,"b - Artırma, Eksiltme ve İhale İlânları",http://www.resmigazete.gov.tr/main.aspx?home=http://www.resmigazete.gov.tr/ilanlar/eskiilanlar/2023/01/20230129.htm&main=http://www.resmigazete.gov.tr/ilanlar/eskiilanlar/2023/01/20230129-3.htm
2023-01-29,c - Çeşitli İlânlar,http://www.resmigazete.gov.tr/main.aspx?home=http://www.resmigazete.gov.tr/ilanlar/eskiilanlar/2023/01/20230129.htm&main=http://www.resmigazete.gov.tr/ilanlar/eskiilanlar/2023/01/20230129-4.htm
2023-01-29,– T.C. Merkez Bankasınca Belirlenen Devlet İç Borçlanma Senetlerinin Günlük Değerleri,http://www.resmigazete.gov.tr/main.aspx?home=http://www.resmigazete.gov.tr/ilanlar/eskiilanlar/2023/01/20230129.htm&main=http://www.resmigazete.gov.tr/ilanlar/eskiilanlar/2023/01/20230129-5.htm
2023-01-30,–– Adana Bilim ve Teknoloji Üniversitesi Sürekli Eğitim Uygulama ve Araştırma Merkezi Yönetmeliğinde Değişiklik Yapılmasına Dair Yönetmelik,https://www.resmigazete.gov.tr/eskiler/2023/01/20230130-1.htm
2023-01-30,–– Bülent Ecevit Üniversitesi Atatürk İlkeleri ve İnkılap Tarihi Araştırma ve Uygulama Merkezi Yönetmeliğinde Değişiklik Yapılmasına Dair Yönetmelik,https://www.resmigazete.gov.tr/eskiler/2023/01/20230130-2.htm
2023-01-30,–– Erzincan Binali Yıldırım Üniversitesi Diş Hekimliği Fakültesi Eğitim-Öğretim ve Sınav Yönetmeliği,https://www.resmigazete.gov.tr/eskiler/2023/01/20230130-3.htm
2023-01-30,a - Yargı İlânları,http://www.resmigazete.gov.tr/main.aspx?home=http://www.resmigazete.gov.tr/ilanlar/eskiilanlar/2023/01/20230130.htm&main=http://www.resmigazete.gov.tr/ilanlar/eskiilanlar/2023/01/20230130-2.htm
2023-01-30,"b - Artırma, Eksiltme ve İhale İlânları",http://www.resmigazete.gov.tr/main.aspx?home=http://www.resmigazete.gov.tr/ilanlar/eskiilanlar/2023/01/20230130.htm&main=http://www.resmigazete.gov.tr/ilanlar/eskiilanlar/2023/01/20230130-3.htm
2023-01-30,c - Çeşitli İlânlar,http://www.resmigazete.gov.tr/main.aspx?home=http://www.resmigazete.gov.tr/ilanlar/eskiilanlar/2023/01/20230130.htm&main=http://www.resmigazete.gov.tr/ilanlar/eskiilanlar/2023/01/20230130-4.htm
2023-01-30,– T.C. Merkez Bankasınca Belirlenen Devlet İç Borçlanma Senetlerinin Günlük Değerleri,http://www.resmigazete.gov.tr/main.aspx?home=http://www.resmigazete.gov.tr/ilanlar/eskiilanlar/2023/01/20230130.htm&main=http://www.resmigazete.gov.tr/ilanlar/eskiilanlar/2023/01/20230130-5.htm
2023-01-31,–– Ceza İnfaz Kurumlarında Bulundurulabilecek Eşya ve Maddeler Hakkında Yönetmelikte Değişiklik Yapılmasına Dair Yönetmelik,https://www.resmigazete.gov.tr/eskiler/2023/01/20230131-1.htm
2023-01-31,–– Anayasa Mahkemesinin 28/12/2022 Tarihli ve 2019/10514 Başvuru Numaralı Kararı,https://www.resmigazete.gov.tr/eskiler/2023/01/20230131-2.pdf
2023-01-31,–– Anayasa Mahkemesinin 28/12/2022 Tarihli ve 2022/73725 Başvuru Numaralı Kararı,https://www.resmigazete.gov.tr/eskiler/2023/01/20230131-3.pdf
2023-01-31,–– Yargıtay 4. Hukuk Dairesine Ait Karar,https://www.resmigazete.gov.tr/eskiler/2023/01/20230131-4.pdf
2023-01-31,–– Danıştay İkinci Dairesine Ait Kararlar,https://www.resmigazete.gov.tr/eskiler/2023/01/20230131-5.pdf
2023-01-31,a - Yargı İlânları,http://www.resmigazete.gov.tr/main.aspx?home=http://www.resmigazete.gov.tr/ilanlar/eskiilanlar/2023/01/20230131.htm&main=http://www.resmigazete.gov.tr/ilanlar/eskiilanlar/2023/01/20230131-2.htm
2023-01-31,"b - Artırma, Eksiltme ve İhale İlânları",http://www.resmigazete.gov.tr/main.aspx?home=http://www.resmigazete.gov.tr/ilanlar/eskiilanlar/2023/01/20230131.htm&main=http://www.resmigazete.gov.tr/ilanlar/eskiilanlar/2023/01/20230131-3.htm
2023-01-31,c - Çeşitli İlânlar,http://www.resmigazete.gov.tr/main.aspx?home=http://www.resmigazete.gov.tr/ilanlar/eskiilanlar/2023/01/20230131.htm&main=http://www.resmigazete.gov.tr/ilanlar/eskiilanlar/2023/01/20230131-4.htm
2023-01-31,– T.C. Merkez Bankasınca Belirlenen Döviz Kurları ve Devlet İç Borçlanma Senetlerinin Günlük Değerleri,http://www.resmigazete.gov.tr/main.aspx?home=http://www.resmigazete.gov.tr/ilanlar/eskiilanlar/2023/01/20230131.htm&main=http://www.resmigazete.gov.tr/ilanlar/eskiilanlar/2023/01/20230131-5.htm
2023-01-31,"31/01/2023 tarihli ve 32090 mükerrer sayılı Resmî Gazete’de, Cumhurbaşkanı Kararı yayımlanmıştır.",http://www.resmigazete.gov.tr/eskiler/2023/01/20230131M1.htm
2023-02-01,7435 Türkiye Odalar ve Borsalar Birliği ile Odalar ve Borsalar Kanunu ile Bazı Kanunlarda ve 640 Sayılı Kanun Hükmünde Kararnamede Değişiklik Yapılmasına Dair Kanun,https://www.resmigazete.gov.tr/eskiler/2023/02/20230201-1.htm
2023-02-01,7436 Türkiye Cumhuriyeti Hükümeti ile Pakistan İslam Cumhuriyeti Hükümeti Arasında Mal Ticareti Anlaşmasının Onaylanmasının Uygun Bulunduğuna Dair Kanun,https://www.resmigazete.gov.tr/eskiler/2023/02/20230201-2.htm
2023-02-01,–– Sözleşmeli Personele Ek Ödeme Yapılmasına Dair Kararda Değişiklik Yapılmasına Dair Karar (Karar Sayısı: 6781),https://www.resmigazete.gov.tr/eskiler/2023/02/20230201-3.pdf
2023-02-01,–– Yerüstü Su Kalitesi Yönetmeliğinde Değişiklik Yapılmasına Dair Yönetmelik,https://www.resmigazete.gov.tr/eskiler/2023/02/20230201-4.htm
2023-02-01,–– Basın İlân Kurumu İlân Portalı Yönetmeliğinde Değişiklik Yapılmasına Dair Yönetmelik,https://www.resmigazete.gov.tr/eskiler/2023/02/20230201-5.htm
2023-02-01,–– Basın İlân Kurumu Yönetmeliğinde Değişiklik Yapılmasına Dair Yönetmelik,https://www.resmigazete.gov.tr/eskiler/2023/02/20230201-6.htm
2023-02-01,–– Resmî İlan ve Reklam Yönetmeliği,https://www.resmigazete.gov.tr/eskiler/2023/02/20230201-7.htm
2023-02-01,–– Resmî İlân ve Reklâmların Elektronik Ortamda Alınıp Dağıtılmasına Dair Yönetmelikte Değişiklik Yapılması Hakkında Yönetmelik,https://www.resmigazete.gov.tr/eskiler/2023/02/20230201-8.htm
2023-02-01,–– Durgun Yerüstü Kara İç Sularının Ötrofikasyona Karşı Korunmasına İlişkin Tebliğde Değişiklik Yapılmasına Dair Tebliğ (No: 2023/7),https://www.resmigazete.gov.tr/eskiler/2023/02/20230201-9.htm
2023-02-01,–– Dahilde İşleme Rejimi Tebliği (İhracat: 2006/12)'nde Değişiklik Yapılmasına Dair Tebliğ (İhracat: 2023/1),https://www.resmigazete.gov.tr/eskiler/2023/02/20230201-10.htm
2023-02-01,–– Anayasa Mahkemesinin 14/12/2022 Tarihli ve 2019/35114 Başvuru Numaralı Kararı,https://www.resmigazete.gov.tr/eskiler/2023/02/20230201-11.pdf
2023-02-01,–– Anayasa Mahkemesinin 3/11/2022 Tarihli ve 2018/21380 Başvuru Numaralı Kararı,https://www.resmigazete.gov.tr/eskiler/2023/02/20230201-12.pdf
2023-02-01,–– Anayasa Mahkemesinin 16/11/2022 Tarihli ve 2019/7314 Başvuru Numaralı Kararı,https://www.resmigazete.gov.tr/eskiler/2023/02/20230201-13.pdf
2023-02-01,–– Anayasa Mahkemesinin 17/11/2022 Tarihli ve 2019/26238 Başvuru Numaralı Kararı,https://www.resmigazete.gov.tr/eskiler/2023/02/20230201-14.pdf
2023-02-01,–– Anayasa Mahkemesinin 23/11/2022 Tarihli ve 2019/18481 Başvuru Numaralı Kararı,https://www.resmigazete.gov.tr/eskiler/2023/02/20230201-15.pdf
2023-02-01,a - Yargı İlânları,http://www.resmigazete.gov.tr/main.aspx?home=http://www.resmigazete.gov.tr/ilanlar/eskiilanlar/2023/02/20230201.htm&main=http://www.resmigazete.gov.tr/ilanlar/eskiilanlar/2023/02/20230201-2.htm
2023-02-01,"b - Artırma, Eksiltme ve İhale İlânları",http://www.resmigazete.gov.tr/main.aspx?home=http://www.resmigazete.gov.tr/ilanlar/eskiilanlar/2023/02/20230201.htm&main=http://www.resmigazete.gov.tr/ilanlar/eskiilanlar/2023/02/20230201-3.htm
2023-02-01,c - Çeşitli İlânlar,http://www.resmigazete.gov.tr/main.aspx?home=http://www.resmigazete.gov.tr/ilanlar/eskiilanlar/2023/02/20230201.htm&main=http://www.resmigazete.gov.tr/ilanlar/eskiilanlar/2023/02/20230201-4.htm
2023-02-01,– T.C. Merkez Bankasınca Belirlenen Döviz Kurları ve Devlet İç Borçlanma Senetlerinin Günlük Değerleri,http://www.resmigazete.gov.tr/main.aspx?home=http://www.resmigazete.gov.tr/ilanlar/eskiilanlar/2023/02/20230201.htm&main=http://www.resmigazete.gov.tr/ilanlar/eskiilanlar/2023/02/20230201-5.htm
2023-02-02,"–– Alkol ve Alkollü İçki Tesislerinin Haiz Olmaları Gereken Teknik Şartlar, Kurulmaları, İşletilmeleri ve Denetlenmelerine İlişkin Usul ve Esaslar Hakkında Yönetmelikte Değişiklik Yapılmasına Dair Yönetmelik",https://www.resmigazete.gov.tr/eskiler/2023/02/20230202-1.htm
2023-02-02,–– Alkol ve Alkollü İçkilerin İç ve Dış Ticaretine İlişkin Usul ve Esaslar Hakkında Yönetmelikte Değişiklik Yapılmasına Dair Yönetmelik,https://www.resmigazete.gov.tr/eskiler/2023/02/20230202-2.htm
2023-02-02,–– İhsan Doğramacı Vakfı Özel Bilkent Laboratuvar Okulları Yönetmeliği,https://www.resmigazete.gov.tr/eskiler/2023/02/20230202-3.htm
2023-02-02,"–– Özelleştirme İdaresi Başkanlığının 31/01/2023 Tarihli ve 2023/ÖİB-K-03, 04, 05 ve 06 Sayılı Kararları",https://www.resmigazete.gov.tr/eskiler/2023/02/20230202-4.pdf
2023-02-02,"–– Anayasa Mahkemesinin 13/10/2022 Tarihli ve E: 2022/87, K: 2022/121 Sayılı Kararı",https://www.resmigazete.gov.tr/eskiler/2023/02/20230202-5.pdf
2023-02-02,"–– Anayasa Mahkemesinin 26/10/2022 Tarihli ve E: 2022/75, K: 2022/128 Sayılı Kararı",https://www.resmigazete.gov.tr/eskiler/2023/02/20230202-6.pdf
2023-02-02,a - Yargı İlânları,http://www.resmigazete.gov.tr/main.aspx?home=http://www.resmigazete.gov.tr/ilanlar/eskiilanlar/2023/02/20230202.htm&main=http://www.resmigazete.gov.tr/ilanlar/eskiilanlar/2023/02/20230202-2.htm
2023-02-02,"b - Artırma, Eksiltme ve İhale İlânları",http://www.resmigazete.gov.tr/main.aspx?home=http://www.resmigazete.gov.tr/ilanlar/eskiilanlar/2023/02/20230202.htm&main=http://www.resmigazete.gov.tr/ilanlar/eskiilanlar/2023/02/20230202-3.htm
2023-02-02,c - Çeşitli İlânlar,http://www.resmigazete.gov.tr/main.aspx?home=http://www.resmigazete.gov.tr/ilanlar/eskiilanlar/2023/02/20230202.htm&main=http://www.resmigazete.gov.tr/ilanlar/eskiilanlar/2023/02/20230202-4.htm
2023-02-02,– T.C. Merkez Bankasınca Belirlenen Döviz Kurları ve Devlet İç Borçlanma Senetlerinin Günlük Değerleri,http://www.resmigazete.gov.tr/main.aspx?home=http://www.resmigazete.gov.tr/ilanlar/eskiilanlar/2023/02/20230202.htm&main=http://www.resmigazete.gov.tr/ilanlar/eskiilanlar/2023/02/20230202-5.htm
2023-02-03,–– Anayasa Mahkemesi Başkanlığına Prof. Dr. Zühtü ARSLAN’ın Seçilmesine Dair Karar,https://www.resmigazete.gov.tr/eskiler/2023/02/20230203-1.pdf
2023-02-03,"–– Cumhurbaşkanlığı Tarafından Yapılan Atamalar Hakkında Kararlar (Karar: 2023/60, 61, 62, 63, 64, 65, 66, 67, 68, 69, 70, 71, 72, 73)",https://www.resmigazete.gov.tr/eskiler/2023/02/20230203-10.pdf
2023-02-03,–– Türkiye İhracatçılar Meclisi ve İhracatçı Birlikleri İnsan Kaynakları Yönetmeliğinde Değişiklik Yapılmasına Dair Yönetmelik,https://www.resmigazete.gov.tr/eskiler/2023/02/20230203-2.htm
2023-02-03,–– Denizcilik Koordinasyon Komisyonu Yönetmeliğinde Değişiklik Yapılmasına Dair Yönetmelik,https://www.resmigazete.gov.tr/eskiler/2023/02/20230203-3.htm
2023-02-03,–– Tehlikeli Maddelerin Demiryolu ile Taşınması Hakkında Yönetmelikte Değişiklik Yapılmasına Dair Yönetmelik,https://www.resmigazete.gov.tr/eskiler/2023/02/20230203-4.htm
2023-02-03,–– Geleneksel Bitkisel Tıbbi Ürünler Ruhsatlandırma Yönetmeliği,https://www.resmigazete.gov.tr/eskiler/2023/02/20230203-5.htm
2023-02-03,–– Yurt Dışından İlaç Temini Yönetmeliği,https://www.resmigazete.gov.tr/eskiler/2023/02/20230203-6.htm
2023-02-03,–– Engelli Hakları Ulusal Eylem Planı (2023-2025) ile İlgili 2023/4 Sayılı Cumhurbaşkanlığı Genelgesi,https://www.resmigazete.gov.tr/eskiler/2023/02/20230203-11.pdf
2023-02-03,–– Anayasa Mahkemesinin 27/10/2022 Tarihli ve 2019/21279 Başvuru Numaralı Kararı,https://www.resmigazete.gov.tr/eskiler/2023/02/20230203-7.pdf
2023-02-03,–– Anayasa Mahkemesinin 1/12/2022 Tarihli ve 2019/12998 Başvuru Numaralı Kararı,https://www.resmigazete.gov.tr/eskiler/2023/02/20230203-8.pdf
2023-02-03,–– Danıştay Onikinci Dairesine Ait Karar,https://www.resmigazete.gov.tr/eskiler/2023/02/20230203-9.pdf
2023-02-03,a - Yargı İlânları,http://www.resmigazete.gov.tr/main.aspx?home=http://www.resmigazete.gov.tr/ilanlar/eskiilanlar/2023/02/20230203.htm&main=http://www.resmigazete.gov.tr/ilanlar/eskiilanlar/2023/02/20230203-2.htm
2023-02-03,"b - Artırma, Eksiltme ve İhale İlânları",http://www.resmigazete.gov.tr/main.aspx?home=http://www.resmigazete.gov.tr/ilanlar/eskiilanlar/2023/02/20230203.htm&main=http://www.resmigazete.gov.tr/ilanlar/eskiilanlar/2023/02/20230203-3.htm
2023-02-03,c - Çeşitli İlânlar,http://www.resmigazete.gov.tr/main.aspx?home=http://www.resmigazete.gov.tr/ilanlar/eskiilanlar/2023/02/20230203.htm&main=http://www.resmigazete.gov.tr/ilanlar/eskiilanlar/2023/02/20230203-4.htm
2023-02-03,– T.C. Merkez Bankasınca Belirlenen Döviz Kurları ve Devlet İç Borçlanma Senetlerinin Günlük Değerleri,http://www.resmigazete.gov.tr/main.aspx?home=http://www.resmigazete.gov.tr/ilanlar/eskiilanlar/2023/02/20230203.htm&main=http://www.resmigazete.gov.tr/ilanlar/eskiilanlar/2023/02/20230203-5.htm
2023-02-04,"–– Cumhurbaşkanlığı Tarafından Yapılan Atamalar Hakkında Kararlar (Karar: 2023/80, 81)",https://www.resmigazete.gov.tr/eskiler/2023/02/20230204-1.pdf
2023-02-04,–– İstanbul Kültür Üniversitesi Yabancı Diller Bölümü Eğitim ve Öğretim Yönetmeliğinde Değişiklik Yapılmasına Dair Yönetmelik,https://www.resmigazete.gov.tr/eskiler/2023/02/20230204-2.htm
2023-02-04,"–– Enerji Piyasası Düzenleme Kurulunun 02/02/2023 Tarihli ve 11618, 11619, 11620, 11621 Sayılı Kararları",https://www.resmigazete.gov.tr/eskiler/2023/02/20230204-3.pdf
2023-02-04,a - Yargı İlânı,http://www.resmigazete.gov.tr/main.aspx?home=http://www.resmigazete.gov.tr/ilanlar/eskiilanlar/2023/02/20230204.htm&main=http://www.resmigazete.gov.tr/ilanlar/eskiilanlar/2023/02/20230204-2.htm
2023-02-04,"b - Artırma, Eksiltme ve İhale İlânları",http://www.resmigazete.gov.tr/main.aspx?home=http://www.resmigazete.gov.tr/ilanlar/eskiilanlar/2023/02/20230204.htm&main=http://www.resmigazete.gov.tr/ilanlar/eskiilanlar/2023/02/20230204-3.htm
2023-02-04,c - Çeşitli İlânlar,http://www.resmigazete.gov.tr/main.aspx?home=http://www.resmigazete.gov.tr/ilanlar/eskiilanlar/2023/02/20230204.htm&main=http://www.resmigazete.gov.tr/ilanlar/eskiilanlar/2023/02/20230204-4.htm
2023-02-04,– T.C. Merkez Bankasınca Belirlenen Döviz Kurları ve Devlet İç Borçlanma Senetlerinin Günlük Değerleri,http://www.resmigazete.gov.tr/main.aspx?home=http://www.resmigazete.gov.tr/ilanlar/eskiilanlar/2023/02/20230204.htm&main=http://www.resmigazete.gov.tr/ilanlar/eskiilanlar/2023/02/20230204-5.htm
2023-02-05,–– Dokuz Eylül Üniversitesi Kadın ve Aile Çalışmaları Uygulama ve Araştırma Merkezi Yönetmeliği,https://www.resmigazete.gov.tr/eskiler/2023/02/20230205-1.htm
2023-02-05,–– Dokuz Eylül Üniversitesi Türk Dünyası Uygulama ve Araştırma Merkezi Yönetmeliği,https://www.resmigazete.gov.tr/eskiler/2023/02/20230205-2.htm
2023-02-05,–– Ostim Teknik Üniversitesi Ön Lisans ve Lisans Eğitim-Öğretim ve Sınav Yönetmeliğinde Değişiklik Yapılmasına Dair Yönetmelik,https://www.resmigazete.gov.tr/eskiler/2023/02/20230205-3.htm
2023-02-05,a - Yargı İlânları,http://www.resmigazete.gov.tr/main.aspx?home=http://www.resmigazete.gov.tr/ilanlar/eskiilanlar/2023/02/20230205.htm&main=http://www.resmigazete.gov.tr/ilanlar/eskiilanlar/2023/02/20230205-2.htm
2023-02-05,"b - Artırma, Eksiltme ve İhale İlânları",http://www.resmigazete.gov.tr/main.aspx?home=http://www.resmigazete.gov.tr/ilanlar/eskiilanlar/2023/02/20230205.htm&main=http://www.resmigazete.gov.tr/ilanlar/eskiilanlar/2023/02/20230205-3.htm
2023-02-05,c - Çeşitli İlânlar,http://www.resmigazete.gov.tr/main.aspx?home=http://www.resmigazete.gov.tr/ilanlar/eskiilanlar/2023/02/20230205.htm&main=http://www.resmigazete.gov.tr/ilanlar/eskiilanlar/2023/02/20230205-4.htm
2023-02-05,– T.C. Merkez Bankasınca Belirlenen Devlet İç Borçlanma Senetlerinin Günlük Değerleri,http://www.resmigazete.gov.tr/main.aspx?home=http://www.resmigazete.gov.tr/ilanlar/eskiilanlar/2023/02/20230205.htm&main=http://www.resmigazete.gov.tr/ilanlar/eskiilanlar/2023/02/20230205-5.htm
2023-02-06,–– Beykoz Üniversitesi Lisans ve Önlisans Eğitim-Öğretim Yönetmeliğinde Değişiklik Yapılmasına Dair Yönetmelik,https://www.resmigazete.gov.tr/eskiler/2023/02/20230206-1.htm
2023-02-06,–– Karamanoğlu Mehmetbey Üniversitesi Deney Hayvanları Uygulama ve Araştırma Merkezi Yönetmeliği,https://www.resmigazete.gov.tr/eskiler/2023/02/20230206-2.htm
2023-02-06,–– Kütahya Dumlupınar Üniversitesi İş Sağlığı ve Güvenliği Eğitimi Uygulama ve Araştırma Merkezi Yönetmeliğinde Değişiklik Yapılmasına Dair Yönetmelik,https://www.resmigazete.gov.tr/eskiler/2023/02/20230206-3.htm
2023-02-06,a - Yargı İlânları,http://www.resmigazete.gov.tr/main.aspx?home=http://www.resmigazete.gov.tr/ilanlar/eskiilanlar/2023/02/20230206.htm&main=http://www.resmigazete.gov.tr/ilanlar/eskiilanlar/2023/02/20230206-2.htm
2023-02-06,"b - Artırma, Eksiltme ve İhale İlânları",http://www.resmigazete.gov.tr/main.aspx?home=http://www.resmigazete.gov.tr/ilanlar/eskiilanlar/2023/02/20230206.htm&main=http://www.resmigazete.gov.tr/ilanlar/eskiilanlar/2023/02/20230206-3.htm
2023-02-06,c - Çeşitli İlânlar,http://www.resmigazete.gov.tr/main.aspx?home=http://www.resmigazete.gov.tr/ilanlar/eskiilanlar/2023/02/20230206.htm&main=http://www.resmigazete.gov.tr/ilanlar/eskiilanlar/2023/02/20230206-4.htm
2023-02-06,– T.C. Merkez Bankasınca Belirlenen Devlet İç Borçlanma Senetlerinin Günlük Değerleri,http://www.resmigazete.gov.tr/main.aspx?home=http://www.resmigazete.gov.tr/ilanlar/eskiilanlar/2023/02/20230206.htm&main=http://www.resmigazete.gov.tr/ilanlar/eskiilanlar/2023/02/20230206-5.htm
2023-02-07,–– Kooperatifçilik Eğitimi Yönetmeliğinde Değişiklik Yapılmasına Dair Yönetmelik,https://www.resmigazete.gov.tr/eskiler/2023/02/20230207-1.htm
2023-02-07,–– İstanbul Rumeli Üniversitesi Ön Lisans ve Lisans Eğitim-Öğretim ve Sınav Yönetmeliğinde Değişiklik Yapılmasına Dair Yönetmelik,https://www.resmigazete.gov.tr/eskiler/2023/02/20230207-2.htm
2023-02-07,"a - Artırma, Eksiltme ve İhale İlânları",http://www.resmigazete.gov.tr/main.aspx?home=http://www.resmigazete.gov.tr/ilanlar/eskiilanlar/2023/02/20230207.htm&main=http://www.resmigazete.gov.tr/ilanlar/eskiilanlar/2023/02/20230207-3.htm
2023-02-07,- Çeşitli İlânlar,http://www.resmigazete.gov.tr/main.aspx?home=http://www.resmigazete.gov.tr/ilanlar/eskiilanlar/2023/02/20230207.htm&main=http://www.resmigazete.gov.tr/ilanlar/eskiilanlar/2023/02/20230207-4.htm
2023-02-07,– T.C. Merkez Bankasınca Belirlenen Döviz Kurları ve Devlet İç Borçlanma Senetlerinin Günlük Değerleri,http://www.resmigazete.gov.tr/main.aspx?home=http://www.resmigazete.gov.tr/ilanlar/eskiilanlar/2023/02/20230207.htm&main=http://www.resmigazete.gov.tr/ilanlar/eskiilanlar/2023/02/20230207-5.htm
2023-02-08,"–– Anayasanın 119 uncu Maddesi ile 2935 Sayılı Olağanüstü Hal Kanununun 3 üncü Maddesinin Birinci Fıkrasının (a) Bendine Göre Adana, Adıyaman, Diyarbakır, Gaziantep, Hatay, Kahramanmaraş, Kilis, Malatya, Osmaniye ve Şanlıurfa İllerinde 8/2/2023 Çarşamba Günü Saat 01.00’dan İtibaren Üç Ay Süreyle Olağanüstü Hal İlan Edilmesi Hakkında Karar (Karar Sayısı: 6785)",https://www.resmigazete.gov.tr/eskiler/2023/02/20230208-1.pdf
2023-02-08,–– 351 Sayılı Yüksek Öğrenim Kredi ve Yurtlar Kurumu Kanununun Uygulanmasına Ait Yönetmeliğin Yürürlükten Kaldırılmasına Dair Yönetmelik,https://www.resmigazete.gov.tr/eskiler/2023/02/20230208-2.htm
2023-02-08,–– Gençlik ve Spor Genel Müdürlüğü Merkez İhale Yönetmeliğinin Yürürlükten Kaldırılmasına Dair Yönetmelik,https://www.resmigazete.gov.tr/eskiler/2023/02/20230208-3.htm
2023-02-08,–– Gençlik ve Spor Genel Müdürlüğü Merkez ve Taşra Teşkilatı Ayniyat Yönetmeliğinin Yürürlükten Kaldırılmasına Dair Yönetmelik,https://www.resmigazete.gov.tr/eskiler/2023/02/20230208-4.htm
2023-02-08,–– Spor Genel Müdürlüğü Sözleşmeli Spor Uzmanı ve Antrenör Çalıştırılması Hakkında Yönetmeliğin Yürürlükten Kaldırılmasına Dair Yönetmelik,https://www.resmigazete.gov.tr/eskiler/2023/02/20230208-5.htm
2023-02-08,–– Spor Genel Müdürlüğü Spor Kontrolörlüğü Yönetmeliğinin Yürürlükten Kaldırılmasına Dair Yönetmelik,https://www.resmigazete.gov.tr/eskiler/2023/02/20230208-6.htm
2023-02-08,–– Spor Müsabakalarında Şiddet ve Düzensizliğin Önlenmesine Dair Kanunun Mali Hükümlerinin Uygulanmasına Dair Yönetmeliğin Yürürlükten Kaldırılmasına Dair Yönetmelik,https://www.resmigazete.gov.tr/eskiler/2023/02/20230208-7.htm
2023-02-08,–– Yüksek Öğrenim Kredi ve Yurtlar Kurumu Personel Yönetmeliğinin Yürürlükten Kaldırılmasına Dair Yönetmelik,https://www.resmigazete.gov.tr/eskiler/2023/02/20230208-8.htm
2023-02-08,–– Yüksek Öğrenim Kredi ve Yurtlar Kurumu Sigorta Yönetmeliğinin Yürürlükten Kaldırılmasına Dair Yönetmelik,https://www.resmigazete.gov.tr/eskiler/2023/02/20230208-9.htm
2023-02-08,–– Millî Eğitim Bakanlığına Bağlı Özel Program ve Proje Uygulayan Eğitim Kurumlarına Öğretmen Atama ve Yönetici Görevlendirme Yönetmeliği,https://www.resmigazete.gov.tr/eskiler/2023/02/20230208-10.htm
2023-02-08,–– Vergi Usul Kanunu Genel Tebliği (Sıra No: 548),https://www.resmigazete.gov.tr/eskiler/2023/02/20230208-11.htm
2023-02-08,a - Yargı İlânları,http://www.resmigazete.gov.tr/main.aspx?home=http://www.resmigazete.gov.tr/ilanlar/eskiilanlar/2023/02/20230208.htm&main=http://www.resmigazete.gov.tr/ilanlar/eskiilanlar/2023/02/20230208-2.htm
2023-02-08,"b - Artırma, Eksiltme ve İhale İlânları",http://www.resmigazete.gov.tr/main.aspx?home=http://www.resmigazete.gov.tr/ilanlar/eskiilanlar/2023/02/20230208.htm&main=http://www.resmigazete.gov.tr/ilanlar/eskiilanlar/2023/02/20230208-3.htm
2023-02-08,c - Çeşitli İlânlar,http://www.resmigazete.gov.tr/main.aspx?home=http://www.resmigazete.gov.tr/ilanlar/eskiilanlar/2023/02/20230208.htm&main=http://www.resmigazete.gov.tr/ilanlar/eskiilanlar/2023/02/20230208-4.htm
2023-02-08,– T.C. Merkez Bankasınca Belirlenen Döviz Kurları ve Devlet İç Borçlanma Senetlerinin Günlük Değerleri,http://www.resmigazete.gov.tr/main.aspx?home=http://www.resmigazete.gov.tr/ilanlar/eskiilanlar/2023/02/20230208.htm&main=http://www.resmigazete.gov.tr/ilanlar/eskiilanlar/2023/02/20230208-5.htm
2023-02-09,7437 Yükseköğretim Kanunu ile Bazı Kanunlarda Değişiklik Yapılmasına Dair Kanun,https://www.resmigazete.gov.tr/eskiler/2023/02/20230209-1.htm
2023-02-09,"–– Birleşmiş Milletler Güvenlik Konseyinin 1267 (1999), 1988 (2011) ve 1989 (2011) Sayılı Kararlarıyla Listelenen Kişi, Kuruluş veya Organizasyonların Tasarrufunda Bulunan Malvarlığının Dondurulması Hakkındaki 30/9/2013 Tarihli ve 2013/5428 Sayılı Bakanlar Kurulu Kararının Eki (1) Sayılı Listede Değişiklik Yapılmasına İlişkin Karar (Karar Sayısı: 6786)",https://www.resmigazete.gov.tr/eskiler/2023/02/20230209-2.pdf
2023-02-09,–– Serbest Bölgeler Uygulama Yönetmeliğinde Değişiklik Yapılmasına Dair Yönetmelik,https://www.resmigazete.gov.tr/eskiler/2023/02/20230209-3.htm
2023-02-09,–– Türkiye İlaç ve Tıbbi Cihaz Kurumu Bilimsel Danışma Komisyonlarının Teşkili ve Görevleri Hakkında Yönetmelikte Değişiklik Yapılmasına Dair Yönetmelik,https://www.resmigazete.gov.tr/eskiler/2023/02/20230209-4.htm
2023-02-09,–– Uluslararası Gözetim Şirketinin Faaliyetten Süreli Men'i Hakkında Tebliğ (Ürün Güvenliği ve Denetimi: 2023/26),https://www.resmigazete.gov.tr/eskiler/2023/02/20230209-5.htm
2023-02-09,a - Yargı İlânları,http://www.resmigazete.gov.tr/main.aspx?home=http://www.resmigazete.gov.tr/ilanlar/eskiilanlar/2023/02/20230209.htm&main=http://www.resmigazete.gov.tr/ilanlar/eskiilanlar/2023/02/20230209-2.htm
2023-02-09,"b - Artırma, Eksiltme ve İhale İlânları",http://www.resmigazete.gov.tr/main.aspx?home=http://www.resmigazete.gov.tr/ilanlar/eskiilanlar/2023/02/20230209.htm&main=http://www.resmigazete.gov.tr/ilanlar/eskiilanlar/2023/02/20230209-3.htm
2023-02-09,c - Çeşitli İlânlar,http://www.resmigazete.gov.tr/main.aspx?home=http://www.resmigazete.gov.tr/ilanlar/eskiilanlar/2023/02/20230209.htm&main=http://www.resmigazete.gov.tr/ilanlar/eskiilanlar/2023/02/20230209-4.htm
2023-02-09,– T.C. Merkez Bankasınca Belirlenen Döviz Kurları ve Devlet İç Borçlanma Senetlerinin Günlük Değerleri,http://www.resmigazete.gov.tr/main.aspx?home=http://www.resmigazete.gov.tr/ilanlar/eskiilanlar/2023/02/20230209.htm&main=http://www.resmigazete.gov.tr/ilanlar/eskiilanlar/2023/02/20230209-5.htm
2023-02-09,"09/02/2023 tarihli ve 32099 mükerrer sayılı Resmî Gazete’de, Cumhurbaşkanı Kararı yayımlanmıştır.",https://www.resmigazete.gov.tr/eskiler/2023/02/20230209M1.htm
2023-02-10,"1354 Adana, Adıyaman, Diyarbakır, Gaziantep, Hatay, Kahramanmaraş, Kilis, Malatya, Osmaniye ve Şanlıurfa İllerinde Üç Ay Süreyle Olağanüstü Hal İlan Edilmesine Dair Karar",https://www.resmigazete.gov.tr/eskiler/2023/02/20230210-1.pdf
2023-02-10,"1355 Gereği, Kapsamı ve Zamanı Cumhurbaşkanınca Takdir ve Tayin Olunacak Şekilde, Türk Silahlı Kuvvetleri Deniz Unsurlarının Bölge Ülkelerinin Karasuları Dışında Olmak Üzere Aden Körfezi, Somali Açıkları, Arap Denizi ve Mücavir Bölgelerde Deniz Haydutluğu, Silahlı Soygun Eylemleri ve Denizde Terörizmle Mücadele Amacıyla Görevlendirilmesi ve Bununla İlgili Gerekli Düzenlemelerin Cumhurbaşkanı Tarafından Belirlenecek Esaslara Göre Yapılması İçin Anayasa’nın 92’nci Maddesi Uyarınca 10/2/2023 Tarihinden İtibaren Bir Yıl Süreyle İzin Verilmesine Dair Karar",https://www.resmigazete.gov.tr/eskiler/2023/02/20230210-2.pdf
2023-02-10,–– Sağlık Bakanlığı 4924 Sayılı Kanuna Tabi Sözleşmeli Sağlık Personeli Atama ve Yer Değiştirme Yönetmeliğinde Değişiklik Yapılmasına Dair Yönetmelik,https://www.resmigazete.gov.tr/eskiler/2023/02/20230210-3.htm
2023-02-10,–– Asansör İşletme ve Bakım Yönetmeliğinde Değişiklik Yapılmasına Dair Yönetmelik,https://www.resmigazete.gov.tr/eskiler/2023/02/20230210-4.htm
2023-02-10,"–– Enerji Piyasası Düzenleme Kurulunun 09/02/2023 Tarihli ve 11629, 11632, 11644, 11646,11648 Sayılı Kararları",https://www.resmigazete.gov.tr/eskiler/2023/02/20230210-5.pdf
2023-02-10,a - Yargı İlânları,http://www.resmigazete.gov.tr/main.aspx?home=http://www.resmigazete.gov.tr/ilanlar/eskiilanlar/2023/02/20230210.htm&main=http://www.resmigazete.gov.tr/ilanlar/eskiilanlar/2023/02/20230210-2.htm
2023-02-10,"b - Artırma, Eksiltme ve İhale İlânları",http://www.resmigazete.gov.tr/main.aspx?home=http://www.resmigazete.gov.tr/ilanlar/eskiilanlar/2023/02/20230210.htm&main=http://www.resmigazete.gov.tr/ilanlar/eskiilanlar/2023/02/20230210-3.htm
2023-02-10,c - Çeşitli İlânlar,http://www.resmigazete.gov.tr/main.aspx?home=http://www.resmigazete.gov.tr/ilanlar/eskiilanlar/2023/02/20230210.htm&main=http://www.resmigazete.gov.tr/ilanlar/eskiilanlar/2023/02/20230210-4.htm
2023-02-10,– T.C. Merkez Bankasınca Belirlenen Döviz Kurları ve Devlet İç Borçlanma Senetlerinin Günlük Değerleri,http://www.resmigazete.gov.tr/main.aspx?home=http://www.resmigazete.gov.tr/ilanlar/eskiilanlar/2023/02/20230210.htm&main=http://www.resmigazete.gov.tr/ilanlar/eskiilanlar/2023/02/20230210-5.htm
2023-02-11,–– Su Ürünleri Üretiminde Kiralama Yönetmeliğinde Değişiklik Yapılmasına Dair Yönetmelik,https://www.resmigazete.gov.tr/eskiler/2023/02/20230211-1.htm
2023-02-11,–– Demiryolu Hemzemin Geçitlerinde Alınacak Tedbirler ve Uygulama Esaslarına Dair Yönetmelik,https://www.resmigazete.gov.tr/eskiler/2023/02/20230211-2.htm
2023-02-11,–– Mimarlık ve Mühendislik Hizmet Bedellerinin Hesabında Kullanılacak 2023 Yılı Yapı Yaklaşık Birim Maliyetleri Hakkında Tebliğ,https://www.resmigazete.gov.tr/eskiler/2023/02/20230211-3.htm
2023-02-11,–– Proje ve Kontrolluk İşlerinde Uygulanacak Fiyat Artış Oranları Hakkında Tebliğ,https://www.resmigazete.gov.tr/eskiler/2023/02/20230211-4.htm
2023-02-11,"–– Yapı, Tesis ve Onarım İşleri İhalelerinde Kullanılan Müteahhitlik Karneleri ve İş Bitirme Belgelerinin 2023 Yılına Ait Değerlendirme Katsayıları Hakkında Tebliğ",https://www.resmigazete.gov.tr/eskiler/2023/02/20230211-5.htm
2023-02-11,–– Mali Suçları Araştırma Kurulu Genel Tebliği (Sıra No: 5)’nde Değişiklik Yapılmasına Dair Tebliğ (Sıra No: 23),https://www.resmigazete.gov.tr/eskiler/2023/02/20230211-6.htm
2023-02-11,"–– Yargıtay 3, 4 ve 10. Hukuk Dairelerine Ait Kararlar",https://www.resmigazete.gov.tr/eskiler/2023/02/20230211-7.pdf
2023-02-11,a - Yargı İlânları,http://www.resmigazete.gov.tr/main.aspx?home=http://www.resmigazete.gov.tr/ilanlar/eskiilanlar/2023/02/20230211.htm&main=http://www.resmigazete.gov.tr/ilanlar/eskiilanlar/2023/02/20230211-2.htm
2023-02-11,"b - Artırma, Eksiltme ve İhale İlânları",http://www.resmigazete.gov.tr/main.aspx?home=http://www.resmigazete.gov.tr/ilanlar/eskiilanlar/2023/02/20230211.htm&main=http://www.resmigazete.gov.tr/ilanlar/eskiilanlar/2023/02/20230211-3.htm
2023-02-11,c - Çeşitli İlânlar,http://www.resmigazete.gov.tr/main.aspx?home=http://www.resmigazete.gov.tr/ilanlar/eskiilanlar/2023/02/20230211.htm&main=http://www.resmigazete.gov.tr/ilanlar/eskiilanlar/2023/02/20230211-4.htm
2023-02-11,– T.C. Merkez Bankasınca Belirlenen Döviz Kurları ve Devlet İç Borçlanma Senetlerinin Günlük Değerleri,http://www.resmigazete.gov.tr/main.aspx?home=http://www.resmigazete.gov.tr/ilanlar/eskiilanlar/2023/02/20230211.htm&main=http://www.resmigazete.gov.tr/ilanlar/eskiilanlar/2023/02/20230211-5.htm
2023-02-11,"11/02/2023 tarihli ve 32101 mükerrer sayılı Resmî Gazete’de, Cumhurbaşkanlığı Kararnamesi yayımlanmıştır.",http://www.resmigazete.gov.tr/eskiler/2023/02/20230211M1.htm
2023-02-12,–– Resmî İstatistik Programı Hazırlama ve Uygulama Usul ve Esasları Hakkında Yönetmelik,https://www.resmigazete.gov.tr/eskiler/2023/02/20230212-1.htm
2023-02-12,"a - Artırma, Eksiltme ve İhale İlânları",http://www.resmigazete.gov.tr/main.aspx?home=http://www.resmigazete.gov.tr/ilanlar/eskiilanlar/2023/02/20230212.htm&main=http://www.resmigazete.gov.tr/ilanlar/eskiilanlar/2023/02/20230212-3.htm
2023-02-12,- Çeşitli İlânlar,http://www.resmigazete.gov.tr/main.aspx?home=http://www.resmigazete.gov.tr/ilanlar/eskiilanlar/2023/02/20230212.htm&main=http://www.resmigazete.gov.tr/ilanlar/eskiilanlar/2023/02/20230212-4.htm
2023-02-12,– T.C. Merkez Bankasınca Belirlenen Devlet İç Borçlanma Senetlerinin Günlük Değerleri,http://www.resmigazete.gov.tr/main.aspx?home=http://www.resmigazete.gov.tr/ilanlar/eskiilanlar/2023/02/20230212.htm&main=http://www.resmigazete.gov.tr/ilanlar/eskiilanlar/2023/02/20230212-5.htm
2023-02-13,–– Olağanüstü Hal Kapsamında Sağlık Alanında Alınan Tedbirlere İlişkin Cumhurbaşkanlığı Kararnamesi (Kararname Numarası: 121),https://www.resmigazete.gov.tr/eskiler/2023/02/20230213-1.pdf
2023-02-13,–– Dokuz Eylül Üniversitesi Sağlık Uygulama ve Araştırma Merkezi Yönetmeliği,https://www.resmigazete.gov.tr/eskiler/2023/02/20230213-2.htm
2023-02-13,a - Yargı İlânları,http://www.resmigazete.gov.tr/main.aspx?home=http://www.resmigazete.gov.tr/ilanlar/eskiilanlar/2023/02/20230213.htm&main=http://www.resmigazete.gov.tr/ilanlar/eskiilanlar/2023/02/20230213-2.htm
2023-02-13,"b - Artırma, Eksiltme ve İhale İlânları",http://www.resmigazete.gov.tr/main.aspx?home=http://www.resmigazete.gov.tr/ilanlar/eskiilanlar/2023/02/20230213.htm&main=http://www.resmigazete.gov.tr/ilanlar/eskiilanlar/2023/02/20230213-3.htm
2023-02-13,c - Çeşitli İlânlar,http://www.resmigazete.gov.tr/main.aspx?home=http://www.resmigazete.gov.tr/ilanlar/eskiilanlar/2023/02/20230213.htm&main=http://www.resmigazete.gov.tr/ilanlar/eskiilanlar/2023/02/20230213-4.htm
2023-02-13,– T.C. Merkez Bankasınca Belirlenen Devlet İç Borçlanma Senetlerinin Günlük Değerleri,http://www.resmigazete.gov.tr/main.aspx?home=http://www.resmigazete.gov.tr/ilanlar/eskiilanlar/2023/02/20230213.htm&main=http://www.resmigazete.gov.tr/ilanlar/eskiilanlar/2023/02/20230213-5.htm
2023-02-14,–– Radyoaktif Atık Yönetimi Özel Hesabı ve İşletmeden Çıkarma Özel Hesabı ile Hesaplar Yönetim Kuruluna İlişkin Yönetmelik,https://www.resmigazete.gov.tr/eskiler/2023/02/20230214-1.htm
2023-02-14,–– Bireysel Emeklilik Sisteminde Devlet Katkısı Hakkında Yönetmelikte Değişiklik Yapılmasına Dair Yönetmelik,https://www.resmigazete.gov.tr/eskiler/2023/02/20230214-2.htm
2023-02-14,–– İstanbul Esenyurt Üniversitesi Önlisans ve Lisans Eğitim-Öğretim ve Sınav Yönetmeliğinde Değişiklik Yapılmasına Dair Yönetmelik,https://www.resmigazete.gov.tr/eskiler/2023/02/20230214-3.htm
2023-02-14,–– Kırsal Kalkınma Destekleri Kapsamında Tarıma Dayalı Ekonomik Yatırımların Desteklenmesi Hakkında Tebliğ (Tebliğ No: 2020/24)’de Değişiklik Yapılmasına Dair Tebliğ (No: 2023/8),https://www.resmigazete.gov.tr/eskiler/2023/02/20230214-4.htm
2023-02-14,–– Kırsal Kalkınma Destekleri Kapsamında Kırsal Ekonomik Altyapı Yatırımlarının Desteklenmesi Hakkında Tebliğ (Tebliğ No: 2020/25)’de Değişiklik Yapılmasına Dair Tebliğ (No: 2023/9),https://www.resmigazete.gov.tr/eskiler/2023/02/20230214-5.htm
2023-02-14,"–– Enerji Piyasası Düzenleme Kurulunun 09/02/2023 Tarihli ve 11633, 11634, 11639, 11640,11641 Sayılı Kararları",https://www.resmigazete.gov.tr/eskiler/2023/02/20230214-6.pdf
2023-02-14,"–– Anayasa Mahkemesinin 29/12/2022 Tarihli ve E: 2021/82, K: 2022/167 Sayılı Kararı",https://www.resmigazete.gov.tr/eskiler/2023/02/20230214-7.pdf
2023-02-14,"–– Anayasa Mahkemesinin 5/1/2023 Tarihli ve E: 2022/72, K: 2023/3 Sayılı Kararı",https://www.resmigazete.gov.tr/eskiler/2023/02/20230214-8.pdf
2023-02-14,a - Yargı İlânları,http://www.resmigazete.gov.tr/main.aspx?home=http://www.resmigazete.gov.tr/ilanlar/eskiilanlar/2023/02/20230214.htm&main=http://www.resmigazete.gov.tr/ilanlar/eskiilanlar/2023/02/20230214-2.htm
2023-02-14,"b - Artırma, Eksiltme ve İhale İlânları",http://www.resmigazete.gov.tr/main.aspx?home=http://www.resmigazete.gov.tr/ilanlar/eskiilanlar/2023/02/20230214.htm&main=http://www.resmigazete.gov.tr/ilanlar/eskiilanlar/2023/02/20230214-3.htm
2023-02-14,c - Çeşitli İlânlar,http://www.resmigazete.gov.tr/main.aspx?home=http://www.resmigazete.gov.tr/ilanlar/eskiilanlar/2023/02/20230214.htm&main=http://www.resmigazete.gov.tr/ilanlar/eskiilanlar/2023/02/20230214-4.htm
2023-02-14,– T.C. Merkez Bankasınca Belirlenen Döviz Kurları ve Devlet İç Borçlanma Senetlerinin Günlük Değerleri,http://www.resmigazete.gov.tr/main.aspx?home=http://www.resmigazete.gov.tr/ilanlar/eskiilanlar/2023/02/20230214.htm&main=http://www.resmigazete.gov.tr/ilanlar/eskiilanlar/2023/02/20230214-5.htm
2023-02-14,"14/02/2023 tarihli ve 32104 mükerrer sayılı Resmî Gazete’de, Cumhurbaşkanı Kararları yayımlanmıştır.",http://www.resmigazete.gov.tr/eskiler/2023/02/20230214M1.htm
2023-02-15,1356 Türkiye Büyük Millet Meclisinin Çalışmalarına Ara Vermesine Dair Karar,https://www.resmigazete.gov.tr/eskiler/2023/02/20230215-1.pdf
2023-02-15,–– Olağanüstü Hal Kapsamında Kamu Personeline İlişkin Alınan Tedbirlere Dair Cumhurbaşkanlığı Kararnamesi (Kararname Numarası: 122),https://www.resmigazete.gov.tr/eskiler/2023/02/20230215-2.pdf
2023-02-15,–– Bazı Kamu Kurum ve Kuruluşlarına Kadro İhdas Edilmesi ve İhdas Edilen Kadrolara Emsal Belirlenmesi Hakkında Cumhurbaşkanlığı Kararnamesi (Kararname Numarası: 123),https://www.resmigazete.gov.tr/eskiler/2023/02/20230215-3.pdf
2023-02-15,–– Kamu Kurum ve Kuruluşlarının Merkez ve Taşra Teşkilatları ile Bunlara Bağlı Döner Sermayeli Kuruluşlarda Sözleşmeli Personel Pozisyonlarında Çalışmakta Olanların Atanabilecekleri Memur Kadrolarına Dair Kararın Yürürlüğe Konulması Hakkında Karar (Karar Sayısı: 6792),https://www.resmigazete.gov.tr/eskiler/2023/02/20230215-4.pdf
2023-02-15,–– Millî Eğitim Bakanlığı Yönetici ve Öğretmenlerinin Ders ve Ek Ders Saatlerine İlişkin Kararda Değişiklik Yapılmasına Dair Karar (Karar Sayısı: 6793),https://www.resmigazete.gov.tr/eskiler/2023/02/20230215-5.pdf
2023-02-15,–– Diyanet İşleri Başkanlığınca Düzenlenen Eğitim Faaliyetlerinde Uygulanacak Ders ve Ek Ders Saatlerine İlişkin Kararda Değişiklik Yapılmasına Dair Karar (Karar Sayısı: 6794),https://www.resmigazete.gov.tr/eskiler/2023/02/20230215-6.pdf
2023-02-15,–– Çiftçi Kayıt Sistemi Yönetmeliğinde Değişiklik Yapılmasına Dair Yönetmelik,https://www.resmigazete.gov.tr/eskiler/2023/02/20230215-7.htm
2023-02-15,–– Orman Kanununun 17 nci Maddesinin Üçüncü Fıkrasının Uygulanması Hakkında Yönetmelikte Değişiklik Yapılmasına Dair Yönetmelik,https://www.resmigazete.gov.tr/eskiler/2023/02/20230215-8.htm
2023-02-15,–– Ankara Hacı Bayram Veli Üniversitesi İş ve Sosyal Güvenlik Hukuku Uygulama ve Araştırma Merkezi Yönetmeliğinde Değişiklik Yapılmasına Dair Yönetmelik,https://www.resmigazete.gov.tr/eskiler/2023/02/20230215-9.htm
2023-02-15,–– Gaziantep Üniversitesi Hukuk Fakültesi Eğitim-Öğretim ve Sınav Yönetmeliğinde Değişiklik Yapılmasına Dair Yönetmelik,https://www.resmigazete.gov.tr/eskiler/2023/02/20230215-10.htm
2023-02-15,–– Afet Bölgesindeki Kamu Çalışanlarına Yönelik Tedbirler ile İlgili 2023/5 Sayılı Cumhurbaşkanlığı Genelgesi,https://www.resmigazete.gov.tr/eskiler/2023/02/20230215-11.pdf
2023-02-15,–– Kırsal Kalkınma Destekleri Kapsamında Bireysel Sulama Sistemlerinin Desteklenmesi Hakkında Tebliğ (Tebliğ No: 2021/7)’de Değişiklik Yapılmasına Dair Tebliğ (No: 2023/11),https://www.resmigazete.gov.tr/eskiler/2023/02/20230215-12.htm
2023-02-15,"–– Anayasa Mahkemesinin 5/1/2023 Tarihli ve E: 2022/117, K: 2023/4 Sayılı Kararı",https://www.resmigazete.gov.tr/eskiler/2023/02/20230215-13.pdf
2023-02-15,a - Yargı İlânları,http://www.resmigazete.gov.tr/main.aspx?home=http://www.resmigazete.gov.tr/ilanlar/eskiilanlar/2023/02/20230215.htm&main=http://www.resmigazete.gov.tr/ilanlar/eskiilanlar/2023/02/20230215-2.htm
2023-02-15,"b - Artırma, Eksiltme ve İhale İlânları",http://www.resmigazete.gov.tr/main.aspx?home=http://www.resmigazete.gov.tr/ilanlar/eskiilanlar/2023/02/20230215.htm&main=http://www.resmigazete.gov.tr/ilanlar/eskiilanlar/2023/02/20230215-3.htm
2023-02-15,c - Çeşitli İlânlar,http://www.resmigazete.gov.tr/main.aspx?home=http://www.resmigazete.gov.tr/ilanlar/eskiilanlar/2023/02/20230215.htm&main=http://www.resmigazete.gov.tr/ilanlar/eskiilanlar/2023/02/20230215-4.htm
2023-02-15,– T.C. Merkez Bankasınca Belirlenen Döviz Kurları ve Devlet İç Borçlanma Senetlerinin Günlük Değerleri,http://www.resmigazete.gov.tr/main.aspx?home=http://www.resmigazete.gov.tr/ilanlar/eskiilanlar/2023/02/20230215.htm&main=http://www.resmigazete.gov.tr/ilanlar/eskiilanlar/2023/02/20230215-5.htm
2023-02-16,–– 154 kV (Çankırı-Kurşunlu) Brş.N.-Korgun OSB Enerji İletim Hattı Projesi Kapsamında Bazı Taşınmazların Türkiye Elektrik İletim Anonim Şirketi Genel Müdürlüğü Tarafından Acele Kamulaştırılması Hakkında Karar (Karar Sayısı: 6800),https://www.resmigazete.gov.tr/eskiler/2023/02/20230216-1.pdf
2023-02-16,–– Kamulaştırma Bilgileri ve Güzergâhları Gösterilen Enerji Nakil Hatlarının Yapımı Amacıyla Bazı Taşınmazların Türkiye Elektrik Dağıtım Anonim Şirketi Genel Müdürlüğü Tarafından Acele Kamulaştırılması Hakkında Karar (Karar Sayısı: 6801),https://www.resmigazete.gov.tr/eskiler/2023/02/20230216-2.pdf
2023-02-16,–– Konya İlinde Yapılacak Olan Direkt Soğutmalı Slab Döküm Yöntemi ile Sıcak ve/veya Soğuk Haddelenmiş Alüminyum Yassı Mamul Üretim Tesisi Yatırımına Proje Bazlı Devlet Yardımı Verilmesine İlişkin Karar (Karar Sayısı: 6802),https://www.resmigazete.gov.tr/eskiler/2023/02/20230216-3.pdf
2023-02-16,"–– Karaman İli, Merkez İlçesinde Bulunan Bazı Alanların Karaman Enerji İhtisas Endüstri Bölgesi Olarak İlan Edilmesi Hakkında Karar (Karar Sayısı: 6803)",https://www.resmigazete.gov.tr/eskiler/2023/02/20230216-4.pdf
2023-02-16,"–– Mardin İli, Artuklu İlçesi, Acar, Nur ve Yalım Mahalleleri Sınırları İçerisinde Yer Alan Bazı Alanların Kentsel Dönüşüm ve Gelişim Proje Alanı İlan Edilmesine İlişkin Karar (Karar Sayısı: 6804)",https://www.resmigazete.gov.tr/eskiler/2023/02/20230216-5.pdf
2023-02-16,–– Resmi İlan Fiyatlarının Ekli Tarifede Gösterildiği Şekilde Tespit Edilmesi ile 12/12/2022 Tarihli ve 6538 Sayılı Cumhurbaşkanı Kararının Yürürlükten Kaldırılması Hakkında Karar (Karar Sayısı: 6805),https://www.resmigazete.gov.tr/eskiler/2023/02/20230216-6.pdf
2023-02-16,–– 2023 Yılında Kalkınma Ajanslarına Kullandırılacak Transfer Ödeneklerinin Belirlenmesine İlişkin Karar (Karar Sayısı: 6806),https://www.resmigazete.gov.tr/eskiler/2023/02/20230216-7.pdf
2023-02-16,–– Hazine ve Maliye Bakanlığı Tarafından 4734 Sayılı Kamu İhale Kanununun 3 üncü Maddesinin (b) Bendi Kapsamında Yapılacak İhalelere İlişkin Usul ve Esaslar (Karar Sayısı: 6807),https://www.resmigazete.gov.tr/eskiler/2023/02/20230216-8.pdf
2023-02-16,–– Diyanet İşleri Başkanlığı Görev ve Çalışma Yönetmeliğinde Değişiklik Yapılmasına Dair Yönetmelik,https://www.resmigazete.gov.tr/eskiler/2023/02/20230216-9.pdf
2023-02-16,–– Mali İstatistik Yönetmeliğinde Değişiklik Yapılmasına Dair Yönetmelik,https://www.resmigazete.gov.tr/eskiler/2023/02/20230216-10.htm
2023-02-16,"–– Anayasa Mahkemesinin 30/11/2022 Tarihli ve E: 2022/73, K: 2022/149 Sayılı Kararı",https://www.resmigazete.gov.tr/eskiler/2023/02/20230216-11.pdf
2023-02-16,a - Yargı İlânları,http://www.resmigazete.gov.tr/main.aspx?home=http://www.resmigazete.gov.tr/ilanlar/eskiilanlar/2023/02/20230216.htm&main=http://www.resmigazete.gov.tr/ilanlar/eskiilanlar/2023/02/20230216-2.htm
2023-02-16,"b - Artırma, Eksiltme ve İhale İlânları",http://www.resmigazete.gov.tr/main.aspx?home=http://www.resmigazete.gov.tr/ilanlar/eskiilanlar/2023/02/20230216.htm&main=http://www.resmigazete.gov.tr/ilanlar/eskiilanlar/2023/02/20230216-3.htm
2023-02-16,c - Çeşitli İlânlar,http://www.resmigazete.gov.tr/main.aspx?home=http://www.resmigazete.gov.tr/ilanlar/eskiilanlar/2023/02/20230216.htm&main=http://www.resmigazete.gov.tr/ilanlar/eskiilanlar/2023/02/20230216-4.htm
2023-02-16,– T.C. Merkez Bankasınca Belirlenen Döviz Kurları ve Devlet İç Borçlanma Senetlerinin Günlük Değerleri,http://www.resmigazete.gov.tr/main.aspx?home=http://www.resmigazete.gov.tr/ilanlar/eskiilanlar/2023/02/20230216.htm&main=http://www.resmigazete.gov.tr/ilanlar/eskiilanlar/2023/02/20230216-5.htm
2023-02-17,–– Olağanüstü Hal Kapsamında Bankalar ve Konsolide Denetime Tâbi Kuruluşlarca Yapılacak Bağış ve Yardımlara İlişkin Cumhurbaşkanlığı Kararnamesi (Kararname Numarası: 124),https://www.resmigazete.gov.tr/eskiler/2023/02/20230217-1.pdf
2023-02-17,–– 6/2/2023 Tarihinde Meydana Gelen Depremler Nedeniyle Zarar Gören İllerdeki Yetiştiricilere Yem Desteği Verilmesine İlişkin Karar (Karar Sayısı: 6808),https://www.resmigazete.gov.tr/eskiler/2023/02/20230217-2.pdf
2023-02-17,–– 2022 Yılında Yapılacak Tarımsal Desteklemeler ve 2023 Yılında Uygulanacak Sertifikalı Tohum Kullanım Desteğine İlişkin Kararda Değişiklik Yapılmasına Dair Karar (Karar Sayısı: 6809),https://www.resmigazete.gov.tr/eskiler/2023/02/20230217-3.pdf
2023-02-17,–– Gençlik ve Spor Bakanlığı Ek Ders Saatlerine İlişkin Esaslar Hakkında Kararda Değişiklik Yapılmasına Dair Karar (Karar Sayısı: 6810),https://www.resmigazete.gov.tr/eskiler/2023/02/20230217-4.pdf
2023-02-17,–– Orman ve Su İşleri Bakanlığı Çalışma Grupları Yönetmeliğinin Yürürlükten Kaldırılmasına Dair Yönetmelik,https://www.resmigazete.gov.tr/eskiler/2023/02/20230217-5.htm
2023-02-17,–– Orman ve Su İşleri Bakanlığı Hukuk Müşavirliği ve Avukatlık Sınavı ve Atama Yönetmeliğinin Yürürlükten Kaldırılmasına Dair Yönetmelik,https://www.resmigazete.gov.tr/eskiler/2023/02/20230217-6.htm
2023-02-17,–– Toplum Yararına Programların Yürütülmesine İlişkin Usul ve Esaslar Hakkında Yönetmelikte Değişiklik Yapılmasına Dair Yönetmelik,https://www.resmigazete.gov.tr/eskiler/2023/02/20230217-7.htm
2023-02-17,–– Koç Üniversitesi Hesaplamalı Sosyal Bilimler Uygulama ve Araştırma Merkezi Yönetmeliği,https://www.resmigazete.gov.tr/eskiler/2023/02/20230217-8.htm
2023-02-17,–– Tahsilat Genel Tebliği Seri: A Sıra No: 1’de Değişiklik Yapılmasına Dair Tebliğ (Seri: A Sıra No: 15),https://www.resmigazete.gov.tr/eskiler/2023/02/20230217-9.htm
2023-02-17,–– Bitkisel Üretime Destekleme Ödemesi Yapılmasına Dair Tebliğ (Tebliğ No: 2022/37)’de Değişiklik Yapılmasına Dair Tebliğ (No: 2023/10),https://www.resmigazete.gov.tr/eskiler/2023/02/20230217-10.htm
2023-02-17,–– Yargıtay 9 ve 11. Hukuk Dairelerine Ait Kararlar,https://www.resmigazete.gov.tr/eskiler/2023/02/20230217-11.pdf
2023-02-17,–– Danıştay Onuncu Dairesine Ait Karar,https://www.resmigazete.gov.tr/eskiler/2023/02/20230217-12.pdf
2023-02-17,a - Yargı İlânları,http://www.resmigazete.gov.tr/main.aspx?home=http://www.resmigazete.gov.tr/ilanlar/eskiilanlar/2023/02/20230217.htm&main=http://www.resmigazete.gov.tr/ilanlar/eskiilanlar/2023/02/20230217-2.htm
2023-02-17,"b - Artırma, Eksiltme ve İhale İlânları",http://www.resmigazete.gov.tr/main.aspx?home=http://www.resmigazete.gov.tr/ilanlar/eskiilanlar/2023/02/20230217.htm&main=http://www.resmigazete.gov.tr/ilanlar/eskiilanlar/2023/02/20230217-3.htm
2023-02-17,c - Çeşitli İlânlar,http://www.resmigazete.gov.tr/main.aspx?home=http://www.resmigazete.gov.tr/ilanlar/eskiilanlar/2023/02/20230217.htm&main=http://www.resmigazete.gov.tr/ilanlar/eskiilanlar/2023/02/20230217-4.htm
2023-02-17,– T.C. Merkez Bankasınca Belirlenen Döviz Kurları ve Devlet İç Borçlanma Senetlerinin Günlük Değerleri,http://www.resmigazete.gov.tr/main.aspx?home=http://www.resmigazete.gov.tr/ilanlar/eskiilanlar/2023/02/20230217.htm&main=http://www.resmigazete.gov.tr/ilanlar/eskiilanlar/2023/02/20230217-5.htm
2023-02-18,"–– Cumhurbaşkanlığı Tarafından Yapılan Atamalar Hakkında Kararlar (Karar: 2023/82, 83, 84)",https://www.resmigazete.gov.tr/eskiler/2023/02/20230218-1.pdf
2023-02-18,–– Türk-Alman Üniversitesi Dijital Dönüşüm Uygulama ve Araştırma Merkezi Yönetmeliği,https://www.resmigazete.gov.tr/eskiler/2023/02/20230218-2.htm
2023-02-18,–– Türk-Alman Üniversitesi Teknoloji Transferi Uygulama ve Araştırma Merkezi Yönetmeliği,https://www.resmigazete.gov.tr/eskiler/2023/02/20230218-3.htm
2023-02-18,–– Portföy Yönetim Şirketleri ve Bu Şirketlerin Faaliyetlerine İlişkin Esaslar Tebliği (III-55.1)’nde Değişiklik Yapılmasına Dair Tebliğ (III-55.1.d),https://www.resmigazete.gov.tr/eskiler/2023/02/20230218-4.htm
2023-02-18,"–– Enerji Piyasası Düzenleme Kurulunun 16/02/2023 Tarihli ve 11650, 11651, 11652, 11659, 11665, 11661-1, 11661-2, 11655 Sayılı Kararları",https://www.resmigazete.gov.tr/eskiler/2023/02/20230218-5.pdf
2023-02-18,a - Yargı İlânları,http://www.resmigazete.gov.tr/main.aspx?home=http://www.resmigazete.gov.tr/ilanlar/eskiilanlar/2023/02/20230218.htm&main=http://www.resmigazete.gov.tr/ilanlar/eskiilanlar/2023/02/20230218-2.htm
2023-02-18,"b - Artırma, Eksiltme ve İhale İlânları",http://www.resmigazete.gov.tr/main.aspx?home=http://www.resmigazete.gov.tr/ilanlar/eskiilanlar/2023/02/20230218.htm&main=http://www.resmigazete.gov.tr/ilanlar/eskiilanlar/2023/02/20230218-3.htm
2023-02-18,c - Çeşitli İlânlar,http://www.resmigazete.gov.tr/main.aspx?home=http://www.resmigazete.gov.tr/ilanlar/eskiilanlar/2023/02/20230218.htm&main=http://www.resmigazete.gov.tr/ilanlar/eskiilanlar/2023/02/20230218-4.htm
2023-02-18,– T.C. Merkez Bankasınca Belirlenen Döviz Kurları ve Devlet İç Borçlanma Senetlerinin Günlük Değerleri,http://www.resmigazete.gov.tr/main.aspx?home=http://www.resmigazete.gov.tr/ilanlar/eskiilanlar/2023/02/20230218.htm&main=http://www.resmigazete.gov.tr/ilanlar/eskiilanlar/2023/02/20230218-5.htm
2023-02-19,–– Bahçeşehir Üniversitesi Sosyal Sorumluluk Uygulama ve Araştırma Merkezi Yönetmeliğinde Değişiklik Yapılmasına Dair Yönetmelik,https://www.resmigazete.gov.tr/eskiler/2023/02/20230219-1.htm
2023-02-19,–– İstinye Üniversitesi Lisansüstü Eğitim ve Öğretim Yönetmeliği,https://www.resmigazete.gov.tr/eskiler/2023/02/20230219-2.htm
2023-02-19,a - Yargı İlânları,http://www.resmigazete.gov.tr/main.aspx?home=http://www.resmigazete.gov.tr/ilanlar/eskiilanlar/2023/02/20230219.htm&main=http://www.resmigazete.gov.tr/ilanlar/eskiilanlar/2023/02/20230219-2.htm
2023-02-19,"b - Artırma, Eksiltme ve İhale İlânları",http://www.resmigazete.gov.tr/main.aspx?home=http://www.resmigazete.gov.tr/ilanlar/eskiilanlar/2023/02/20230219.htm&main=http://www.resmigazete.gov.tr/ilanlar/eskiilanlar/2023/02/20230219-3.htm
2023-02-19,c - Çeşitli İlânlar,http://www.resmigazete.gov.tr/main.aspx?home=http://www.resmigazete.gov.tr/ilanlar/eskiilanlar/2023/02/20230219.htm&main=http://www.resmigazete.gov.tr/ilanlar/eskiilanlar/2023/02/20230219-4.htm
2023-02-19,– T.C. Merkez Bankasınca Belirlenen Devlet İç Borçlanma Senetlerinin Günlük Değerleri,http://www.resmigazete.gov.tr/main.aspx?home=http://www.resmigazete.gov.tr/ilanlar/eskiilanlar/2023/02/20230219.htm&main=http://www.resmigazete.gov.tr/ilanlar/eskiilanlar/2023/02/20230219-5.htm
2023-02-20,–– İzmir Demokrasi Üniversitesi Lisansüstü Eğitim-Öğretim Yönetmeliğinde Değişiklik Yapılmasına Dair Yönetmelik,https://www.resmigazete.gov.tr/eskiler/2023/02/20230220-1.htm
2023-02-20,–– Uşak Üniversitesi Eğitim-Öğretim ve Sınav Yönetmeliğinde Değişiklik Yapılmasına Dair Yönetmelik,https://www.resmigazete.gov.tr/eskiler/2023/02/20230220-2.htm
2023-02-20,a - Yargı İlânları,http://www.resmigazete.gov.tr/main.aspx?home=http://www.resmigazete.gov.tr/ilanlar/eskiilanlar/2023/02/20230220.htm&main=http://www.resmigazete.gov.tr/ilanlar/eskiilanlar/2023/02/20230220-2.htm
2023-02-20,"b - Artırma, Eksiltme ve İhale İlânları",http://www.resmigazete.gov.tr/main.aspx?home=http://www.resmigazete.gov.tr/ilanlar/eskiilanlar/2023/02/20230220.htm&main=http://www.resmigazete.gov.tr/ilanlar/eskiilanlar/2023/02/20230220-3.htm
2023-02-20,c - Çeşitli İlânlar,http://www.resmigazete.gov.tr/main.aspx?home=http://www.resmigazete.gov.tr/ilanlar/eskiilanlar/2023/02/20230220.htm&main=http://www.resmigazete.gov.tr/ilanlar/eskiilanlar/2023/02/20230220-4.htm
2023-02-20,– T.C. Merkez Bankasınca Belirlenen Devlet İç Borçlanma Senetlerinin Günlük Değerleri,http://www.resmigazete.gov.tr/main.aspx?home=http://www.resmigazete.gov.tr/ilanlar/eskiilanlar/2023/02/20230220.htm&main=http://www.resmigazete.gov.tr/ilanlar/eskiilanlar/2023/02/20230220-5.htm
2023-02-21,–– Çankaya Üniversitesi Akustik Uygulama ve Araştırma Merkezi Yönetmeliği,https://www.resmigazete.gov.tr/eskiler/2023/02/20230221-1.htm
2023-02-21,–– MEF Üniversitesi Lisans ve Önlisans Eğitim-Öğretim Yönetmeliğinde Değişiklik Yapılmasına Dair Yönetmelik,https://www.resmigazete.gov.tr/eskiler/2023/02/20230221-2.htm
2023-02-21,–– Enerji Piyasası Düzenleme Kurulunun 16/02/2023 Tarihli ve 11662 Sayılı Kararı,https://www.resmigazete.gov.tr/eskiler/2023/02/20230221-3.pdf
2023-02-21,"–– Anayasa Mahkemesinin 10/1/2023 Tarihli ve E: 2022/160, K: 2023/5 Sayılı Kararı",https://www.resmigazete.gov.tr/eskiler/2023/02/20230221-4.pdf
2023-02-21,–– Anayasa Mahkemesinin 14/12/2022 Tarihli ve 2018/10482 Başvuru Numaralı Kararı,https://www.resmigazete.gov.tr/eskiler/2023/02/20230221-5.pdf
2023-02-21,a - Yargı İlânları,http://www.resmigazete.gov.tr/main.aspx?home=http://www.resmigazete.gov.tr/ilanlar/eskiilanlar/2023/02/20230221.htm&main=http://www.resmigazete.gov.tr/ilanlar/eskiilanlar/2023/02/20230221-2.htm
2023-02-21,"b - Artırma, Eksiltme ve İhale İlânları",http://www.resmigazete.gov.tr/main.aspx?home=http://www.resmigazete.gov.tr/ilanlar/eskiilanlar/2023/02/20230221.htm&main=http://www.resmigazete.gov.tr/ilanlar/eskiilanlar/2023/02/20230221-3.htm
2023-02-21,c - Çeşitli İlânlar,http://www.resmigazete.gov.tr/main.aspx?home=http://www.resmigazete.gov.tr/ilanlar/eskiilanlar/2023/02/20230221.htm&main=http://www.resmigazete.gov.tr/ilanlar/eskiilanlar/2023/02/20230221-4.htm
2023-02-21,– T.C. Merkez Bankasınca Belirlenen Döviz Kurları ve Devlet İç Borçlanma Senetlerinin Günlük Değerleri,http://www.resmigazete.gov.tr/main.aspx?home=http://www.resmigazete.gov.tr/ilanlar/eskiilanlar/2023/02/20230221.htm&main=http://www.resmigazete.gov.tr/ilanlar/eskiilanlar/2023/02/20230221-5.htm
2023-02-22,–– Olağanüstü Hal Kapsamında Çalışma ve Sosyal Güvenlik Alanına İlişkin Alınan Tedbirlere Dair Cumhurbaşkanlığı Kararnamesi (Kararname Numarası: 125),https://www.resmigazete.gov.tr/eskiler/2023/02/20230222-7.pdf
2023-02-22,"–– 6/2/2023 Tarihinde Meydana Gelen Depremler Nedeniyle Zarar Gören Bazı İllerdeki Tarımsal Üreticilerin, T.C. Ziraat Bankası A.Ş. ve Tarım Kredi Kooperatiflerince Düşük Faizli Kredi Kullandırılmasına İlişkin Kararlar Kapsamındaki Kredi Borçlarının Ertelenmesine Dair Karar (Karar Sayısı: 6816)",https://www.resmigazete.gov.tr/eskiler/2023/02/20230222-8.pdf
2023-02-22,–– Kamu Kurum ve Kuruluşlarının Ürettikleri Bazı Mal ve Hizmetlerden Ücretsiz veya İndirimli Olarak Faydalanacakların Tespitine İlişkin Karar (Karar Sayısı: 6817),https://www.resmigazete.gov.tr/eskiler/2023/02/20230222-9.pdf
2023-02-22,–– Zonguldak İlinde “Filyos Vadisi İçme Suyu ve Altyapı Hizmet Birliği”nin Kurulması Hakkında Karar (Karar Sayısı: 6818),https://www.resmigazete.gov.tr/eskiler/2023/02/20230222-10.pdf
2023-02-22,"–– Özelleştirme İdaresi Başkanlığı ile İlgili Kararlar (Karar Sayısı: 6819, 6820, 6821, 6822, 6823, 6824)",https://www.resmigazete.gov.tr/eskiler/2023/02/20230222-11.pdf
2023-02-22,–– İşyeri Açma ve Çalışma Ruhsatlarına İlişkin Yönetmelikte Değişiklik Yapılmasına Dair Yönetmelik (Karar Sayısı: 6825),https://www.resmigazete.gov.tr/eskiler/2023/02/20230222-12.pdf
2023-02-22,–– Taşınır Mal Yönetmeliğinde Değişiklik Yapılmasına Dair Yönetmelik (Karar Sayısı: 6826),https://www.resmigazete.gov.tr/eskiler/2023/02/20230222-13.pdf
2023-02-22,–– Genel Aydınlatma Yönetmeliğinde Değişiklik Yapılmasına Dair Yönetmelik,https://www.resmigazete.gov.tr/eskiler/2023/02/20230222-1.htm
2023-02-22,–– Tütün Mamulleri ve Alkollü İçkilerin Satışına ve Sunumuna İlişkin Usul ve Esaslar Hakkında Yönetmelikte Değişiklik Yapılmasına Dair Yönetmelik,https://www.resmigazete.gov.tr/eskiler/2023/02/20230222-2.htm
2023-02-22,–– Kırsal Kalkınma Destekleri Kapsamında Kırsal Kalkınmada Uzman Eller Projelerinin Desteklenmesi Hakkında Tebliğ (No: 2023/5),https://www.resmigazete.gov.tr/eskiler/2023/02/20230222-3.htm
2023-02-22,–– Anayasa Mahkemesinin 14/12/2022 Tarihli ve 2018/36485 Başvuru Numaralı Kararı,https://www.resmigazete.gov.tr/eskiler/2023/02/20230222-6.pdf
2023-02-22,–– Anayasa Mahkemesinin 8/12/2022 Tarihli ve 2019/19826 Başvuru Numaralı Kararı,https://www.resmigazete.gov.tr/eskiler/2023/02/20230222-4.pdf
2023-02-22,–– Anayasa Mahkemesinin 11/1/2023 Tarihli ve 2019/18367 Başvuru Numaralı Kararı,https://www.resmigazete.gov.tr/eskiler/2023/02/20230222-5.pdf
2023-02-22,a - Yargı İlânları,http://www.resmigazete.gov.tr/main.aspx?home=http://www.resmigazete.gov.tr/ilanlar/eskiilanlar/2023/02/20230222.htm&main=http://www.resmigazete.gov.tr/ilanlar/eskiilanlar/2023/02/20230222-2.htm
2023-02-22,"b - Artırma, Eksiltme ve İhale İlânları",http://www.resmigazete.gov.tr/main.aspx?home=http://www.resmigazete.gov.tr/ilanlar/eskiilanlar/2023/02/20230222.htm&main=http://www.resmigazete.gov.tr/ilanlar/eskiilanlar/2023/02/20230222-3.htm
2023-02-22,c - Çeşitli İlânlar,http://www.resmigazete.gov.tr/main.aspx?home=http://www.resmigazete.gov.tr/ilanlar/eskiilanlar/2023/02/20230222.htm&main=http://www.resmigazete.gov.tr/ilanlar/eskiilanlar/2023/02/20230222-4.htm
2023-02-22,– T.C. Merkez Bankasınca Belirlenen Döviz Kurları ve Devlet İç Borçlanma Senetlerinin Günlük Değerleri,http://www.resmigazete.gov.tr/main.aspx?home=http://www.resmigazete.gov.tr/ilanlar/eskiilanlar/2023/02/20230222.htm&main=http://www.resmigazete.gov.tr/ilanlar/eskiilanlar/2023/02/20230222-5.htm
2023-02-23,–– Kamu Kurum ve Kuruluşlarının Ürettikleri Bazı Mal ve Hizmetlerden Ücretsiz veya İndirimli Olarak Faydalanacakların Tespitine İlişkin Karar (Karar Sayısı: 6828),https://www.resmigazete.gov.tr/eskiler/2023/02/20230223-12.pdf
2023-02-23,"–– 6563 Sayılı Elektronik Ticaretin Düzenlenmesi Hakkında Kanunun Ek 2 nci, Ek 3 üncü ve Ek 4 üncü Maddelerinde Belirtilen Parasal Eşiklerin Yarısı Oranında Artırılmasına İlişkin Karar (Karar Sayısı: 6829)",https://www.resmigazete.gov.tr/eskiler/2023/02/20230223-13.pdf
2023-02-23,–– Mal ve Hizmetlere Uygulanacak Katma Değer Vergisi Oranlarının Tespitine İlişkin Kararda Değişiklik Yapılmasına Dair Karar (Karar Sayısı: 6830),https://www.resmigazete.gov.tr/eskiler/2023/02/20230223-14.pdf
2023-02-23,"–– 6/2/2023 Tarihinde Kahramanmaraş İlinde Meydana Gelen Depremler Nedeniyle Adana, Adıyaman, Diyarbakır, Elazığ, Gaziantep, Hatay, Kahramanmaraş, Kilis, Malatya, Osmaniye ve Şanlıurfa İlleri ile Sivas İlinin Gürün İlçesinde Oluşan Mücbir Sebebe İstinaden, 7256 Sayılı Bazı Alacakların Yeniden Yapılandırılması ile Bazı Kanunlarda Değişiklik Yapılması Hakkında Kanun ve 7326 Sayılı Bazı Alacakların Yeniden Yapılandırılması ile Bazı Kanunlarda Değişiklik Yapılmasına İlişkin Kanunda Yer Alan Taksit Ödeme Sürelerinin Yeniden Belirlenmesine Dair Karar (Karar Sayısı: 6831)",https://www.resmigazete.gov.tr/eskiler/2023/02/20230223-15.pdf
2023-02-23,–– Ziraat Katılım Bankası A.Ş. Tarafından Tarımsal Üretime Dair Düşük Kâr Payı Oranlı Yatırım ve İşletme Finansmanı Kullandırılmasına İlişkin Karar (Karar Sayısı: 6832),https://www.resmigazete.gov.tr/eskiler/2023/02/20230223-16.pdf
2023-02-23,–– Türk Parası Kıymetini Koruma Hakkında 32 Sayılı Kararda Değişiklik Yapılmasına Dair Karar (Karar Sayısı: 6833),https://www.resmigazete.gov.tr/eskiler/2023/02/20230223-17.pdf
2023-02-23,–– Türkiye Petrolleri Anonim Ortaklığı Ana Statüsünde Değişiklik Yapılmasına Dair Karar (Karar Sayısı: 6834),https://www.resmigazete.gov.tr/eskiler/2023/02/20230223-18.pdf
2023-02-23,"–– Ekli (1), (2) ve (3) Sayılı Haritalarda Adları ve Sınırları Belirtilen Turizm Merkezi ile Kültür ve Turizm Koruma ve Gelişim Bölgelerinin Tespit ve İlan Edilmesine, Giresun Yavuzkemal Yaylası Turizm Merkezinin, Sınırları Ekli (4) Sayılı Haritada Gösterildiği Şekilde Değiştirilerek Giresun Yavuzkemal Yaylası Kültür ve Turizm Koruma ve Gelişim Bölgesi Olarak Tespit ve İlan Edilmesi Hakkında Karar (Karar Sayısı: 6835)",https://www.resmigazete.gov.tr/eskiler/2023/02/20230223-19.pdf
2023-02-23,–– Göksun İlçesi Doğal Gaz Boru Hattı Projesinin Gerçekleştirilmesi Amacıyla Bazı Taşınmazların Boru Hatları ile Petrol Taşıma Anonim Şirketi Genel Müdürlüğü Tarafından Acele Kamulaştırılması Hakkında Karar (Karar Sayısı: 6836),https://www.resmigazete.gov.tr/eskiler/2023/02/20230223-20.pdf
2023-02-23,"–– Cumhurbaşkanlığı Tarafından Yapılan Atamalar Hakkında Kararlar (Karar: 2023/85, 86, 87, 88, 89, 90, 91, 92, 93, 94, 95, 96)",https://www.resmigazete.gov.tr/eskiler/2023/02/20230223-21.pdf
2023-02-23,–– Çevre İzin ve Lisans Yönetmeliğinde Değişiklik Yapılmasına Dair Yönetmelik,https://www.resmigazete.gov.tr/eskiler/2023/02/20230223-1.htm
2023-02-23,–– Kıymetli Madenler Borsası Aracı Kuruluşlarının Faaliyet Esasları ile Kıymetli Madenler Aracı Kurumlarının Kuruluşu Hakkında Yönetmelikte Değişiklik Yapılmasına Dair Yönetmelik,https://www.resmigazete.gov.tr/eskiler/2023/02/20230223-22.htm
2023-02-23,–– 1567 Sayılı Türk Parasının Kıymetini Koruma Hakkında Kanun Kapsamında Alınacak Ücretlere İlişkin Yönetmelikte Değişiklik Yapılmasına Dair Yönetmelik,https://www.resmigazete.gov.tr/eskiler/2023/02/20230223-23.htm
2023-02-23,"–– Türkiye Turizm Tanıtım ve Geliştirme Ajansının Bütçesinin Hazırlanması, Uy gulanması, Harcamaların Yapılması ve Muhasebeleştirilmesi ile Turizm Payının Alınmasına İlişkin Yönetmelikte Değişiklik Yapılmasına Dair Yönetmelik",https://www.resmigazete.gov.tr/eskiler/2023/02/20230223-2.htm
2023-02-23,–– Perakende Ticarette Uygulanacak İlke ve Kurallar Hakkında Yönetmelikte Değişiklik Yapılmasına Dair Yönetmelik,https://www.resmigazete.gov.tr/eskiler/2023/02/20230223-3.htm
2023-02-23,–– Türkiye Denizcilik İşletmeleri A.Ş. Kapsam Dışı Personel Yönetmeliğinde Değişiklik Yapılmasına Dair Yönetmelik,https://www.resmigazete.gov.tr/eskiler/2023/02/20230223-4.htm
2023-02-23,–– Orman Köylülerinin Kalkındırılmalarının Desteklenmesi Faaliyetlerine İlişkin Yönetmelikte Değişiklik Yapılmasına Dair Yönetmelik,https://www.resmigazete.gov.tr/eskiler/2023/02/20230223-5.htm
2023-02-23,–– Kıymetli Maden Standartları ve Rafinerileri Hakkında Tebliğ (No: 2023/1),https://www.resmigazete.gov.tr/eskiler/2023/02/20230223-24.htm
2023-02-23,–– Türk Parası Kıymetini Koruma Hakkında 32 Sayılı Karara İlişkin Tebliğ (Tebliğ No: 2008-32/34)’de Değişiklik Yapılmasına Dair Tebliğ (No: 2023-32/67),https://www.resmigazete.gov.tr/eskiler/2023/02/20230223-25.htm
2023-02-23,–– Bitkisel Üretime Destekleme Ödemesi Yapılmasına Dair Tebliğ (Tebliğ No: 2022/37)'de Değişiklik Yapılmasına Dair Tebliğ (No: 2023/16),https://www.resmigazete.gov.tr/eskiler/2023/02/20230223-6.htm
2023-02-23,–– Kırsal Kalkınma Destekleri Kapsamında Bireysel Sulama Sistemlerinin Desteklenmesi Hakkında Tebliğ (Tebliğ No: 2021/7)'de Değişiklik Yapılmasına Dair Tebliğ (No: 2023/17),https://www.resmigazete.gov.tr/eskiler/2023/02/20230223-7.htm
2023-02-23,–– Kırsal Kalkınma Destekleri Kapsamında Kırsal Ekonomik Altyapı Yatırımlarının Desteklenmesi Hakkında Tebliğ (Tebliğ No: 2020/25)'de Değişiklik Yapılmasına Dair Tebliğ (No: 2023/18),https://www.resmigazete.gov.tr/eskiler/2023/02/20230223-8.htm
2023-02-23,–– İthalatta Gözetim Uygulanmasına İlişkin Tebliğ (No: 2023/6),https://www.resmigazete.gov.tr/eskiler/2023/02/20230223-9.htm
2023-02-23,–– Anayasa Mahkemesinin 16/11/2022 Tarihli ve 2019/21721 Başvuru Numaralı Kararı,https://www.resmigazete.gov.tr/eskiler/2023/02/20230223-10.pdf
2023-02-23,–– Anayasa Mahkemesinin 20/12/2022 Tarihli ve 2018/24539 Başvuru Numaralı Kararı,https://www.resmigazete.gov.tr/eskiler/2023/02/20230223-11.pdf
2023-02-23,a - Yargı İlânları,http://www.resmigazete.gov.tr/main.aspx?home=http://www.resmigazete.gov.tr/ilanlar/eskiilanlar/2023/02/20230223.htm&main=http://www.resmigazete.gov.tr/ilanlar/eskiilanlar/2023/02/20230223-2.htm
2023-02-23,"b - Artırma, Eksiltme ve İhale İlânları",http://www.resmigazete.gov.tr/main.aspx?home=http://www.resmigazete.gov.tr/ilanlar/eskiilanlar/2023/02/20230223.htm&main=http://www.resmigazete.gov.tr/ilanlar/eskiilanlar/2023/02/20230223-3.htm
2023-02-23,c - Çeşitli İlânlar,http://www.resmigazete.gov.tr/main.aspx?home=http://www.resmigazete.gov.tr/ilanlar/eskiilanlar/2023/02/20230223.htm&main=http://www.resmigazete.gov.tr/ilanlar/eskiilanlar/2023/02/20230223-4.htm
2023-02-23,– T.C. Merkez Bankasınca Belirlenen Döviz Kurları ve Devlet İç Borçlanma Senetlerinin Günlük Değerleri,http://www.resmigazete.gov.tr/main.aspx?home=http://www.resmigazete.gov.tr/ilanlar/eskiilanlar/2023/02/20230223.htm&main=http://www.resmigazete.gov.tr/ilanlar/eskiilanlar/2023/02/20230223-5.htm
2023-02-24,–– Olağanüstü Hal Kapsamında Yerleşme ve Yapılaşmaya İlişkin Cumhurbaşkanlığı Kararnamesi (Kararname Numarası: 126),https://www.resmigazete.gov.tr/eskiler/2023/02/20230224-9.pdf
2023-02-24,"–– Aksaray İli, Merkez İlçesi, Hamidiye Mahallesinde İlan Edilen Rezerv Yapı Alanı İçerisinde Bulunan Bazı Taşınmazların, Çoğunluğu İmar Mevzuatına Aykırı Olan, Afet Riski Taşıyan, Genel Asayiş ve Güvenlik Yönünden Sakınca Teşkil Eden Yapıların Tasfiye Edilerek Ulaşım ve Altyapısıyla Birlikte Fen ve Sanat Kurallarına Uygun, Sağlıklı ve Güvenli Yaşam Alanlarının Oluşturulması Amacıyla Aksaray Belediyesi Tarafından Acele Kamulaştırılması Hakkında Karar (Karar Sayısı: 6855)",https://www.resmigazete.gov.tr/eskiler/2023/02/20230224-1.pdf
2023-02-24,–– Kuzey Marmara Otoyolu (3. Boğaz Köprüsü Dahil) Projesi Odayeri-Paşaköy (Bağlantı Yolları Dahil) Kesimi Sarıyer-Kilyos Karayolu Tüneli 0+000.00-0+468.11 ve 7+126.82-7+603.95 Kilometreleri Arasındaki Yol Yapım Çalışmaları Kapsamında Bazı Taşınmazların Karayolları Genel Müdürlüğü Tarafından Acele Kamulaştırılması Hakkında Karar (Karar Sayısı: 6856),https://www.resmigazete.gov.tr/eskiler/2023/02/20230224-2.pdf
2023-02-24,"–– Amasya İli, Merzifon İlçesi, Ortaova Köyü Sınırları İçerisinde Bulunan Taşınmazın, Söz Konusu Alanda Bulunan Jeotermal Kaynağın Kullanımına Yönelik Çeşitli Tesislerin Yapılabilmesi İçin Amasya İl Özel İdaresi Tarafından Acele Kamulaştırılması Hakkında Karar (Karar Sayısı: 6857)",https://www.resmigazete.gov.tr/eskiler/2023/02/20230224-3.pdf
2023-02-24,"–– Artvin İli, Yusufeli İlçesi, Yeniköy ve Çeltikdüzü Köyleri Halkının, Mezkûr Yerleşim Yerlerinin Yusufeli Barajı ve Hidroelektrik Santrali Projesi Kapsamında Kalmaları Nedeniyle Sınır ve Koordinatları Gösterilen Yerlere Nakli ve Yerleştirilmeleri Hakkında Karar (Karar Sayısı: 6858)",https://www.resmigazete.gov.tr/eskiler/2023/02/20230224-4.pdf
2023-02-24,–– Özelleştirme İdaresi Başkanlığı ile İlgili Karar (Karar Sayısı: 6859),https://www.resmigazete.gov.tr/eskiler/2023/02/20230224-5.pdf
2023-02-24,"–– 6/2/2023 Tarihinde Meydana Gelen Deprem Afetleri Nedeniyle Ortaya Çıkan İhtiyaçların Karışlanmasına Yönelik Olarak, 4734 Sayılı Kamu İhale Kanununun 22 nci Maddesi Kapsamında Doğrudan Temin Yoluyla Yapılacak Alımlarda Uygulanacak Parasal Limitlerin Artırılması Hakkındaki Kararda Değişiklik Yapılmasına Dair Karar (Karar Sayısı: 6862)",https://www.resmigazete.gov.tr/eskiler/2023/02/20230224-10.pdf
2023-02-24,"–– Aile, Çalışma ve Sosyal Hizmetler Bakanlığı Ders ve Ek Ders Saatlerine İlişkin Esaslarda Değişiklik Yapılmasına Dair Esaslar (Karar Sayısı: 6863)",https://www.resmigazete.gov.tr/eskiler/2023/02/20230224-14.pdf
2023-02-24,–– Çevre ve Şehircilik Bakanlığında Afet Riski Altındaki Alanların Dönüştürülmesi Uygulamalarında Sözleşmeli Personel Çalıştırılmasına Dair Esaslarda Değişiklik Yapılması Hakkında Esaslar (Karar Sayısı: 6864),https://www.resmigazete.gov.tr/eskiler/2023/02/20230224-12.pdf
2023-02-24,–– Yeni Konut Finansman Programına İlişkin Karar (Karar Sayısı: 6865),https://www.resmigazete.gov.tr/eskiler/2023/02/20230224-13.pdf
2023-02-24,"–– Cumhurbaşkanlığı Tarafından Yapılan Atamalar Hakkında Kararlar (Karar: 2023/97, 98, 99, 100, 101, 102, 103, 104, 105)",https://www.resmigazete.gov.tr/eskiler/2023/02/20230224-15.pdf
2023-02-24,–– Deniz Turizmi Yönetmeliğinde Değişiklik Yapılmasına Dair Yönetmelik (Karar Sayısı: 6860),https://www.resmigazete.gov.tr/eskiler/2023/02/20230224-6.pdf
2023-02-24,"–– Türk Silahlı Kuvvetleri, Jandarma Genel Komutanlığı ve Sahil Güvenlik Komutanlığı Sağlık Yeteneği Yönetmeliğinde Değişiklik Yapılmasına Dair Yönetmelik (Karar Sayısı: 6861)",https://www.resmigazete.gov.tr/eskiler/2023/02/20230224-7.pdf
2023-02-24,–– Kapadokya Alan Başkanlığı Satın Alma ve İhale Usul ve Esasları Hakkında Yönetmelik Kapsamındaki Parasal Limitlerin Güncellenmesi Hakkında Tebliğ (No: 2023/1),https://www.resmigazete.gov.tr/eskiler/2023/02/20230224-8.htm
2023-02-24,a - Yargı İlânları,http://www.resmigazete.gov.tr/main.aspx?home=http://www.resmigazete.gov.tr/ilanlar/eskiilanlar/2023/02/20230224.htm&main=http://www.resmigazete.gov.tr/ilanlar/eskiilanlar/2023/02/20230224-2.htm
2023-02-24,"b - Artırma, Eksiltme ve İhale İlânları",http://www.resmigazete.gov.tr/main.aspx?home=http://www.resmigazete.gov.tr/ilanlar/eskiilanlar/2023/02/20230224.htm&main=http://www.resmigazete.gov.tr/ilanlar/eskiilanlar/2023/02/20230224-3.htm
2023-02-24,c - Çeşitli İlânlar,http://www.resmigazete.gov.tr/main.aspx?home=http://www.resmigazete.gov.tr/ilanlar/eskiilanlar/2023/02/20230224.htm&main=http://www.resmigazete.gov.tr/ilanlar/eskiilanlar/2023/02/20230224-4.htm
2023-02-24,– T.C. Merkez Bankasınca Belirlenen Döviz Kurları ve Devlet İç Borçlanma Senetlerinin Günlük Değerleri,http://www.resmigazete.gov.tr/main.aspx?home=http://www.resmigazete.gov.tr/ilanlar/eskiilanlar/2023/02/20230224.htm&main=http://www.resmigazete.gov.tr/ilanlar/eskiilanlar/2023/02/20230224-5.htm
2023-02-25,–– Cumhurbaşkanlığı Tarafından Yapılan Atama Hakkında Karar (Karar: 2023/110),https://www.resmigazete.gov.tr/eskiler/2023/02/20230225-1.pdf
2023-02-25,–– Asma Fidanı ve Üretim Materyali Sertifikasyonu ile Pazarlaması Yönetmeliğinde Değişiklik Yapılmasına Dair Yönetmelik,https://www.resmigazete.gov.tr/eskiler/2023/02/20230225-2.htm
2023-02-25,"–– Çilek Fidesi Üretimi, Sertifikasyonu ve Pazarlaması Yönetmeliğinde Değişiklik Yapılmasına Dair Yönetmelik",https://www.resmigazete.gov.tr/eskiler/2023/02/20230225-3.htm
2023-02-25,–– Meyve Fidanı ve Üretim Materyali Sertifikasyonu ile Pazarlaması Yönetmeliğinde Değişiklik Yapılmasına Dair Yönetmelik,https://www.resmigazete.gov.tr/eskiler/2023/02/20230225-4.htm
2023-02-25,–– Pancar Tohumluğu Sertifikasyonu ve Pazarlaması Yönetmeliğinde Değişiklik Yapılmasına Dair Yönetmelik,https://www.resmigazete.gov.tr/eskiler/2023/02/20230225-5.htm
2023-02-25,–– Sebze Tohum Sertifikasyonu ve Pazarlaması Yönetmeliğinde Değişiklik Yapılmasına Dair Yönetmelik,https://www.resmigazete.gov.tr/eskiler/2023/02/20230225-6.htm
2023-02-25,–– Tahıl Tohumu Sertifikasyonu ve Pazarlaması Yönetmeliğinde Değişiklik Yapılmasına Dair Yönetmelik,https://www.resmigazete.gov.tr/eskiler/2023/02/20230225-7.htm
2023-02-25,–– Tohumculuk Sektöründe Yetkilendirme ve Denetleme Yönetmeliğinde Değişiklik Yapılmasına Dair Yönetmelik,https://www.resmigazete.gov.tr/eskiler/2023/02/20230225-8.htm
2023-02-25,–– Tohumluk Patates Sertifikasyonu ve Pazarlaması Yönetmeliğinde Değişiklik Yapılmasına Dair Yönetmelik,https://www.resmigazete.gov.tr/eskiler/2023/02/20230225-9.htm
2023-02-25,"–– Yağlı, Lifli, Tıbbi ve Aromatik Bitki Tohumu Sertifikasyonu ve Pazarlaması Yönetmeliğinde Değişiklik Yapılmasına Dair Yönetmelik",https://www.resmigazete.gov.tr/eskiler/2023/02/20230225-10.htm
2023-02-25,–– Yem Bitkileri ve Yemeklik Tane Baklagil Tohumluğu Yönetmeliğinde Değişiklik Yapılmasına Dair Yönetmelik,https://www.resmigazete.gov.tr/eskiler/2023/02/20230225-11.htm
2023-02-25,–– Alışveriş Merkezleri Hakkında Yönetmelikte Değişiklik Yapılmasına Dair Yönetmelik,https://www.resmigazete.gov.tr/eskiler/2023/02/20230225-12.htm
2023-02-25,–– Katma Değer Vergisi Genel Uygulama Tebliğinde Değişiklik Yapılmasına Dair Tebliğ (Seri No: 45),https://www.resmigazete.gov.tr/eskiler/2023/02/20230225-15.htm
2023-02-25,–– Tahsilat Genel Tebliği (Seri: B Sıra No: 17),https://www.resmigazete.gov.tr/eskiler/2023/02/20230225-16.htm
2023-02-25,–– İthalatta Gözetim Uygulanmasına İlişkin Tebliğ (No: 2023/5),https://www.resmigazete.gov.tr/eskiler/2023/02/20230225-13.htm
2023-02-25,–– İthalatta Haksız Rekabetin Önlenmesine İlişkin Tebliğ (No: 2023/7),https://www.resmigazete.gov.tr/eskiler/2023/02/20230225-14.htm
2023-02-25,a - Yargı İlânları,http://www.resmigazete.gov.tr/main.aspx?home=http://www.resmigazete.gov.tr/ilanlar/eskiilanlar/2023/02/20230225.htm&main=http://www.resmigazete.gov.tr/ilanlar/eskiilanlar/2023/02/20230225-2.htm
2023-02-25,"b - Artırma, Eksiltme ve İhale İlânları",http://www.resmigazete.gov.tr/main.aspx?home=http://www.resmigazete.gov.tr/ilanlar/eskiilanlar/2023/02/20230225.htm&main=http://www.resmigazete.gov.tr/ilanlar/eskiilanlar/2023/02/20230225-3.htm
2023-02-25,c - Çeşitli İlânlar,http://www.resmigazete.gov.tr/main.aspx?home=http://www.resmigazete.gov.tr/ilanlar/eskiilanlar/2023/02/20230225.htm&main=http://www.resmigazete.gov.tr/ilanlar/eskiilanlar/2023/02/20230225-4.htm
2023-02-25,– T.C. Merkez Bankasınca Belirlenen Döviz Kurları ve Devlet İç Borçlanma Senetlerinin Günlük Değerleri,http://www.resmigazete.gov.tr/main.aspx?home=http://www.resmigazete.gov.tr/ilanlar/eskiilanlar/2023/02/20230225.htm&main=http://www.resmigazete.gov.tr/ilanlar/eskiilanlar/2023/02/20230225-5.htm
2023-02-26,–– 27/1/2023 Tarihli ve 6776 Sayılı Cumhurbaşkanı Kararı ile Yürürlüğe Konulan İthalat Rejimi Kararında Değişiklik Yapılmasına İlişkin Kararda Değişiklik Yapılmasına Dair Karar (Karar Sayısı: 6872),https://www.resmigazete.gov.tr/eskiler/2023/02/20230226-5.pdf
2023-02-26,–– Emniyet Hizmetleri Sınıfı Mensupları Atama ve Yer Değiştirme Yönetmeliğinde Değişiklik Yapılmasına Dair Yönetmelik (Karar Sayısı: 6873),https://www.resmigazete.gov.tr/eskiler/2023/02/20230226-6.pdf
2023-02-26,–– Ankara Hacı Bayram Veli Üniversitesi Sürekli Eğitim Uygulama ve Araştırma Merkezi Yönetmeliğinde Değişiklik Yapılmasına Dair Yönetmelik,https://www.resmigazete.gov.tr/eskiler/2023/02/20230226-1.htm
2023-02-26,–– Çukurova Üniversitesi Ağız ve Diş Sağlığı Uygulama ve Araştırma Merkezi Yönetmeliği,https://www.resmigazete.gov.tr/eskiler/2023/02/20230226-2.htm
2023-02-26,–– Dokuz Eylül Üniversitesi Öğrenci Yurtlar Yönetmeliğinin Yürürlükten Kaldırılmasına Dair Yönetmelik,https://www.resmigazete.gov.tr/eskiler/2023/02/20230226-3.htm
2023-02-26,–– Ege Üniversitesi Girişimsel Anatomi ve Plastinasyon Uygulama ve Araştırma Merkezi Yönetmeliği,https://www.resmigazete.gov.tr/eskiler/2023/02/20230226-4.htm
2023-02-26,a - Yargı İlânları,http://www.resmigazete.gov.tr/main.aspx?home=http://www.resmigazete.gov.tr/ilanlar/eskiilanlar/2023/02/20230226.htm&main=http://www.resmigazete.gov.tr/ilanlar/eskiilanlar/2023/02/20230226-2.htm
2023-02-26,"b - Artırma, Eksiltme ve İhale İlânları",http://www.resmigazete.gov.tr/main.aspx?home=http://www.resmigazete.gov.tr/ilanlar/eskiilanlar/2023/02/20230226.htm&main=http://www.resmigazete.gov.tr/ilanlar/eskiilanlar/2023/02/20230226-3.htm
2023-02-26,c - Çeşitli İlânlar,http://www.resmigazete.gov.tr/main.aspx?home=http://www.resmigazete.gov.tr/ilanlar/eskiilanlar/2023/02/20230226.htm&main=http://www.resmigazete.gov.tr/ilanlar/eskiilanlar/2023/02/20230226-4.htm
2023-02-26,– T.C. Merkez Bankasınca Belirlenen Devlet İç Borçlanma Senetlerinin Günlük Değerleri,http://www.resmigazete.gov.tr/main.aspx?home=http://www.resmigazete.gov.tr/ilanlar/eskiilanlar/2023/02/20230226.htm&main=http://www.resmigazete.gov.tr/ilanlar/eskiilanlar/2023/02/20230226-5.htm
2023-02-27,–– Burdur Mehmet Akif Ersoy Üniversitesi Lisansüstü Eğitim-Öğretim ve Sınav Yönetmeliğinde Değişiklik Yapılmasına Dair Yönetmelik,https://www.resmigazete.gov.tr/eskiler/2023/02/20230227-1.htm
2023-02-27,–– Gaziantep İslam Bilim ve Teknoloji Üniversitesi Tıp Fakültesi Eğitim-Öğretim ve Sınav Yönetmeliği,https://www.resmigazete.gov.tr/eskiler/2023/02/20230227-2.htm
2023-02-27,–– İstanbul Sabahattin Zaim Üniversitesi İslam Dünyası ve Küresel İlişkiler Uygulama ve Araştırma Merkezi Yönetmeliği,https://www.resmigazete.gov.tr/eskiler/2023/02/20230227-3.htm
2023-02-27,–– Mimar Sinan Güzel Sanatlar Üniversitesi Kadın Araştırmaları Uygulama ve Araştırma Merkezi Yönetmeliğinde Değişiklik Yapılmasına Dair Yönetmelik,https://www.resmigazete.gov.tr/eskiler/2023/02/20230227-4.htm
2023-02-27,–– Üsküdar Üniversitesi Ön Lisans ve Lisans Eğitim-Öğretim ve Sınav Yönetmeliğinde Değişiklik Yapılmasına Dair Yönetmelik,https://www.resmigazete.gov.tr/eskiler/2023/02/20230227-5.htm
2023-02-27,a - Yargı İlânları,http://www.resmigazete.gov.tr/main.aspx?home=http://www.resmigazete.gov.tr/ilanlar/eskiilanlar/2023/02/20230227.htm&main=http://www.resmigazete.gov.tr/ilanlar/eskiilanlar/2023/02/20230227-2.htm
2023-02-27,"b - Artırma, Eksiltme ve İhale İlânları",http://www.resmigazete.gov.tr/main.aspx?home=http://www.resmigazete.gov.tr/ilanlar/eskiilanlar/2023/02/20230227.htm&main=http://www.resmigazete.gov.tr/ilanlar/eskiilanlar/2023/02/20230227-3.htm
2023-02-27,c - Çeşitli İlânlar,http://www.resmigazete.gov.tr/main.aspx?home=http://www.resmigazete.gov.tr/ilanlar/eskiilanlar/2023/02/20230227.htm&main=http://www.resmigazete.gov.tr/ilanlar/eskiilanlar/2023/02/20230227-4.htm
2023-02-27,– T.C. Merkez Bankasınca Belirlenen Devlet İç Borçlanma Senetlerinin Günlük Değerleri,http://www.resmigazete.gov.tr/main.aspx?home=http://www.resmigazete.gov.tr/ilanlar/eskiilanlar/2023/02/20230227.htm&main=http://www.resmigazete.gov.tr/ilanlar/eskiilanlar/2023/02/20230227-5.htm
2023-02-28,–– Esnaf ve Sanatkarlar Meslek Kuruluşlarının Genel Kurul Toplantıları ve Bu Toplantılarda Bulundurulacak Bakanlık Temsilcileri veya Hükümet Komiserleri Yönetmeliğinde Değişiklik Yapılmasına Dair Yönetmelik,https://www.resmigazete.gov.tr/eskiler/2023/02/20230228-1.htm
2023-02-28,–– Kooperatif Bilgi Sistemi Yönetmeliğinde Değişiklik Yapılmasına Dair Yönetmelik,https://www.resmigazete.gov.tr/eskiler/2023/02/20230228-2.htm
2023-02-28,–– Kooperatif ve Üst Kuruluşlarının Genel Kurul Toplantılarının Usul ve Esasları ile Bu Toplantılarda Bulundurulacak Bakanlık Temsilcisinin Nitelik ve Görevleri Hakkında Yönetmelikte Değişiklik Yapılmasına Dair Yönetmelik,https://www.resmigazete.gov.tr/eskiler/2023/02/20230228-3.htm
2023-02-28,–– Ödeme Hizmetleri ve Elektronik Para İhracı ile Ödeme Hizmeti Sağlayıcıları Hakkında Yönetmelikte Değişiklik Yapılmasına Dair Yönetmelik,https://www.resmigazete.gov.tr/eskiler/2023/02/20230228-14.htm
2023-02-28,–– Elektrik Piyasası Dengeleme ve Uzlaştırma Yönetmeliğinde Değişiklik Yapılmasına Dair Yönetmelik,https://www.resmigazete.gov.tr/eskiler/2023/02/20230228-4.htm
2023-02-28,–– Basın İlân Kurumu Yönetmeliğinde Değişiklik Yapılmasına Dair Yönetmelik,https://www.resmigazete.gov.tr/eskiler/2023/02/20230228-5.htm
2023-02-28,–– Resmî İlan ve Reklam Yönetmeliğinde Değişiklik Yapılmasına Dair Yönetmelik,https://www.resmigazete.gov.tr/eskiler/2023/02/20230228-6.htm
2023-02-28,–– Çiğ Süt Desteği ve Süt Piyasasının Düzenlenmesi Uygulama Tebliği (No: 2023/8),https://www.resmigazete.gov.tr/eskiler/2023/02/20230228-7.htm
2023-02-28,–– Dahilde İşleme Rejimi Tebliği (İhracat: 2006/12)’nde Değişiklik Yapılmasına Dair Tebliğ (İhracat: 2023/2),https://www.resmigazete.gov.tr/eskiler/2023/02/20230228-15.htm
2023-02-28,"–– İhracat, Transit Ticaret, İhracat Sayılan Satış ve Teslimler ile Döviz Kazandırıcı Hizmet ve Faaliyetlerde Vergi, Resim ve Harç İstisnası Hakkında Tebliğ (İhracat: 2017/4)’de Değişiklik Yapılmasına Dair Tebliğ (İhracat: 2023/3)",https://www.resmigazete.gov.tr/eskiler/2023/02/20230228-16.htm
2023-02-28,–– İthalatta Gözetim Uygulanmasına İlişkin Tebliğ (Tebliğ No: 2016/4)’de Değişiklik Yapılmasına Dair Tebliğ,https://www.resmigazete.gov.tr/eskiler/2023/02/20230228-17.htm
2023-02-28,–– İthalatta Gözetim Uygulanmasına İlişkin Tebliğ (Tebliğ No: 2020/6)’de Değişiklik Yapılmasına Dair Tebliğ,https://www.resmigazete.gov.tr/eskiler/2023/02/20230228-18.htm
2023-02-28,–– İthalatta Haksız Rekabetin Önlenmesine İlişkin Tebliğ (No: 2023/8),https://www.resmigazete.gov.tr/eskiler/2023/02/20230228-8.htm
2023-02-28,–– İthalatta Haksız Rekabetin Önlenmesine İlişkin Tebliğ (No: 2023/9),https://www.resmigazete.gov.tr/eskiler/2023/02/20230228-19.htm
2023-02-28,–– Ödeme ve Elektronik Para Kuruluşlarının Bilgi Sistemleri ile Ödeme Hizmeti Sağlayıcılarının Ödeme Hizmetleri Alanındaki Veri Paylaşım Servislerine İlişkin Tebliğde Değişiklik Yapılmasına Dair Tebliğ,https://www.resmigazete.gov.tr/eskiler/2023/02/20230228-20.htm
2023-02-28,–– Sigortacılık Kanununun 30 uncu Maddesinin On İkinci ve On Beşinci Fıkralarında Yer Alan Parasal Sınırların Artırılmasına İlişkin Tebliğde Değişiklik Yapılmasına Dair Tebliğ,https://www.resmigazete.gov.tr/eskiler/2023/02/20230228-9.htm
2023-02-28,–– Enerji Piyasası Düzenleme Kurulunun 23/02/2023 Tarihli ve 11669 Sayılı Kararı,https://www.resmigazete.gov.tr/eskiler/2023/02/20230228-10.pdf
2023-02-28,–– Basında Fikren veya Bedenen Çalışanlara Verilecek Borç Para ve Yapılacak Yardımlar Hakkında 18 Kasım 1977 Tarih ve 68 Sayılı Genel Kurul Kararının 10 uncu Maddesinin Tadiline Dair Genel Kurul Kararı (No: 217),https://www.resmigazete.gov.tr/eskiler/2023/02/20230228-11.pdf
2023-02-28,"–– Anayasa Mahkemesinin 13/12/2022 Tarihli ve E: 2022/125, K: 2022/162 Sayılı Kararı",https://www.resmigazete.gov.tr/eskiler/2023/02/20230228-12.pdf
2023-02-28,–– Anayasa Mahkemesinin 17/1/2023 Tarihli ve 2018/30235 Başvuru Numaralı Kararı,https://www.resmigazete.gov.tr/eskiler/2023/02/20230228-21.pdf
2023-02-28,–– Anayasa Mahkemesinin 17/1/2023 Tarihli ve 2020/34781 Başvuru Numaralı Kararı,https://www.resmigazete.gov.tr/eskiler/2023/02/20230228-22.pdf
2023-02-28,–– Danıştay İkinci Dairesine Ait Karar,https://www.resmigazete.gov.tr/eskiler/2023/02/20230228-13.pdf
2023-02-28,a - Yargı İlânları,http://www.resmigazete.gov.tr/main.aspx?home=http://www.resmigazete.gov.tr/ilanlar/eskiilanlar/2023/02/20230228.htm&main=http://www.resmigazete.gov.tr/ilanlar/eskiilanlar/2023/02/20230228-2.htm
2023-02-28,"b - Artırma, Eksiltme ve İhale İlânları",http://www.resmigazete.gov.tr/main.aspx?home=http://www.resmigazete.gov.tr/ilanlar/eskiilanlar/2023/02/20230228.htm&main=http://www.resmigazete.gov.tr/ilanlar/eskiilanlar/2023/02/20230228-3.htm
2023-02-28,c - Çeşitli İlânlar,http://www.resmigazete.gov.tr/main.aspx?home=http://www.resmigazete.gov.tr/ilanlar/eskiilanlar/2023/02/20230228.htm&main=http://www.resmigazete.gov.tr/ilanlar/eskiilanlar/2023/02/20230228-4.htm
2023-02-28,– T.C. Merkez Bankasınca Belirlenen Döviz Kurları ve Devlet İç Borçlanma Senetlerinin Günlük Değerleri,http://www.resmigazete.gov.tr/main.aspx?home=http://www.resmigazete.gov.tr/ilanlar/eskiilanlar/2023/02/20230228.htm&main=http://www.resmigazete.gov.tr/ilanlar/eskiilanlar/2023/02/20230228-5.htm
2023-03-01,–– Kadir Has Üniversitesi Toplumsal Cinsiyet ve Kadın Çalışmaları Uygulama ve Araştırma Merkezi Yönetmeliğinde Değişiklik Yapılmasına Dair Yönetmelik,https://www.resmigazete.gov.tr/eskiler/2023/03/20230301-1.htm
2023-03-01,–– Kurumlar Vergisi Genel Tebliği (Seri No: 1)'nde Değişiklik Yapılmasına Dair Tebliğ (Seri No: 21),https://www.resmigazete.gov.tr/eskiler/2023/03/20230301-3.htm
2023-03-01,–– 2022-2023 Eğitim Öğretim Yılında Organize Sanayi Bölgeleri İçinde ve Organize Sanayi Bölgeleri Dışında Açılan Özel Meslekî ve Teknik Anadolu Liselerinde Öğrenim Gören/Görecek Öğrenciler İçin Eğitim ve Öğretim Desteği Verilmesine İlişkin Tebliğde Değişiklik Yapılmasına Dair Tebliğ,https://www.resmigazete.gov.tr/eskiler/2023/03/20230301-2.htm
2023-03-01,–– Enerji Piyasası Düzenleme Kurulunun 28/02/2023 Tarihli ve 11682 Sayılı Kararı,https://www.resmigazete.gov.tr/eskiler/2023/03/20230301-4.pdf
2023-03-01,–– Anayasa Mahkemesinin 16/11/2022 Tarihli ve 2019/14623 Başvuru Numaralı Kararı,https://www.resmigazete.gov.tr/eskiler/2023/03/20230301-5.pdf
2023-03-01,–– Anayasa Mahkemesinin 22/11/2022 Tarihli ve 2019/41772 Başvuru Numaralı Kararı,https://www.resmigazete.gov.tr/eskiler/2023/03/20230301-6.pdf
2023-03-01,–– Anayasa Mahkemesinin 22/11/2022 Tarihli ve 2020/15593 Başvuru Numaralı Kararı,https://www.resmigazete.gov.tr/eskiler/2023/03/20230301-7.pdf
2023-03-01,–– Anayasa Mahkemesinin 19/1/2023 Tarihli ve 2019/37354 Başvuru Numaralı Kararı,https://www.resmigazete.gov.tr/eskiler/2023/03/20230301-8.pdf
2023-03-01,–– Anayasa Mahkemesinin 19/1/2023 Tarihli ve 2019/41608 Başvuru Numaralı Kararı,https://www.resmigazete.gov.tr/eskiler/2023/03/20230301-9.pdf
2023-03-01,–– Yargıtay 3. Hukuk Dairesine Ait Karar,https://www.resmigazete.gov.tr/eskiler/2023/03/20230301-10.pdf
2023-03-01,–– Danıştay İkinci Dairesine Ait Karar,https://www.resmigazete.gov.tr/eskiler/2023/03/20230301-11.pdf
2023-03-01,a - Yargı İlânları,http://www.resmigazete.gov.tr/main.aspx?home=http://www.resmigazete.gov.tr/ilanlar/eskiilanlar/2023/03/20230301.htm&main=http://www.resmigazete.gov.tr/ilanlar/eskiilanlar/2023/03/20230301-2.htm
2023-03-01,"b - Artırma, Eksiltme ve İhale İlânları",http://www.resmigazete.gov.tr/main.aspx?home=http://www.resmigazete.gov.tr/ilanlar/eskiilanlar/2023/03/20230301.htm&main=http://www.resmigazete.gov.tr/ilanlar/eskiilanlar/2023/03/20230301-3.htm
2023-03-01,c - Çeşitli İlânlar,http://www.resmigazete.gov.tr/main.aspx?home=http://www.resmigazete.gov.tr/ilanlar/eskiilanlar/2023/03/20230301.htm&main=http://www.resmigazete.gov.tr/ilanlar/eskiilanlar/2023/03/20230301-4.htm
2023-03-01,– T.C. Merkez Bankasınca Belirlenen Döviz Kurları ve Devlet İç Borçlanma Senetlerinin Günlük Değerleri,http://www.resmigazete.gov.tr/main.aspx?home=http://www.resmigazete.gov.tr/ilanlar/eskiilanlar/2023/03/20230301.htm&main=http://www.resmigazete.gov.tr/ilanlar/eskiilanlar/2023/03/20230301-5.htm
2023-03-02,–– Elektrik Piyasasında Lisanssız Elektrik Üretim Yönetmeliğinde Değişiklik Yapılmasına Dair Yönetmelik,https://www.resmigazete.gov.tr/eskiler/2023/03/20230302-1.htm
2023-03-02,–– Boğaziçi Üniversitesi Yurtlar Yönetmeliğinin Yürürlükten Kaldırılmasına Dair Yönetmelik,https://www.resmigazete.gov.tr/eskiler/2023/03/20230302-2.htm
2023-03-02,"–– İstanbul Gedik Üniversitesi Ön Lisans, Lisans Eğitim-Öğretim ve Sınav Yönetmeliğinde Değişiklik Yapılmasına Dair Yönetmelik",https://www.resmigazete.gov.tr/eskiler/2023/03/20230302-3.htm
2023-03-02,"–– Anayasa Mahkemesinin 13/10/2022 Tarihli ve E: 2018/78, K: 2022/114 Sayılı Kararı",https://www.resmigazete.gov.tr/eskiler/2023/03/20230302-5.pdf
2023-03-02,"–– Anayasa Mahkemesinin 26/10/2022 Tarihli ve E: 2018/76, K: 2022/125 Sayılı Kararı",https://www.resmigazete.gov.tr/eskiler/2023/03/20230302-6.pdf
2023-03-02,a - Yargı İlânları,http://www.resmigazete.gov.tr/main.aspx?home=http://www.resmigazete.gov.tr/ilanlar/eskiilanlar/2023/03/20230302.htm&main=http://www.resmigazete.gov.tr/ilanlar/eskiilanlar/2023/03/20230302-2.htm
2023-03-02,"b - Artırma, Eksiltme ve İhale İlânları",http://www.resmigazete.gov.tr/main.aspx?home=http://www.resmigazete.gov.tr/ilanlar/eskiilanlar/2023/03/20230302.htm&main=http://www.resmigazete.gov.tr/ilanlar/eskiilanlar/2023/03/20230302-3.htm
2023-03-02,c - Çeşitli İlânlar,http://www.resmigazete.gov.tr/main.aspx?home=http://www.resmigazete.gov.tr/ilanlar/eskiilanlar/2023/03/20230302.htm&main=http://www.resmigazete.gov.tr/ilanlar/eskiilanlar/2023/03/20230302-4.htm
2023-03-02,– T.C. Merkez Bankasınca Belirlenen Döviz Kurları ve Devlet İç Borçlanma Senetlerinin Günlük Değerleri,http://www.resmigazete.gov.tr/main.aspx?home=http://www.resmigazete.gov.tr/ilanlar/eskiilanlar/2023/03/20230302.htm&main=http://www.resmigazete.gov.tr/ilanlar/eskiilanlar/2023/03/20230302-5.htm
2023-03-03,7438 Sosyal Sigortalar ve Genel Sağlık Sigortası Kanunu ile 375 Sayılı Kanun Hükmünde Kararnamede Değişiklik Yapılmasına Dair Kanun,https://www.resmigazete.gov.tr/eskiler/2023/03/20230303-8.htm
2023-03-03,"1357 Kahramanmaraş Merkezli Depremlerin Sonuçlarının Tüm Yönleriyle Araştırılması, Depreme Dirençli Yapı Stokunun Oluşturulması ve Kentsel Dönüşüm Uygulamalarının Etkinliğinin Artırılması İçin Alınması Gereken Tedbirlerin Belirlenmesi Amacıyla Bir Meclis Araştırması Komisyonu Kurulmasına Dair Karar",https://www.resmigazete.gov.tr/eskiler/2023/03/20230303-7.pdf
2023-03-03,"–– Olağanüstü Hal Kapsamında Kamu Alımları, Alacakları ve Sosyal Tesislerine İlişkin Bazı Tedbirlerin Alınması Hakkında Cumhurbaşkanlığı Kararnamesi (Kararname Numarası: 127)",https://www.resmigazete.gov.tr/eskiler/2023/03/20230303-9.pdf
2023-03-03,–– Olağanüstü Hal Kapsamında Bazı Tedbirlerin Alınması Hakkında Cumhurbaşkanlığı Kararnamesi (Kararname Numarası: 128),https://www.resmigazete.gov.tr/eskiler/2023/03/20230303-10.pdf
2023-03-03,–– Olağanüstü Hal Kapsamında Yükseköğretim Alanında Alınan Tedbirlere İlişkin Cumhurbaşkanlığı Kararnamesi (Kararname Numarası: 129),https://www.resmigazete.gov.tr/eskiler/2023/03/20230303-11.pdf
2023-03-03,–– Olağanüstü Hal Kapsamında Sosyal Hizmetler Alanında Alınan Tedbirlere İlişkin Cumhurbaşkanlığı Kararnamesi (Kararname Numarası: 130),https://www.resmigazete.gov.tr/eskiler/2023/03/20230303-12.pdf
2023-03-03,–– Olağanüstü Hal Kapsamında Eğitim Alanında Alınan Tedbirlere İlişkin Cumhurbaşkanlığı Kararnamesi (Kararname Numarası: 131),https://www.resmigazete.gov.tr/eskiler/2023/03/20230303-13.pdf
2023-03-03,"–– Cezanın Kaldırılması ile İlgili Kararlar (Karar Sayısı: 6879, 6880, 6881)",https://www.resmigazete.gov.tr/eskiler/2023/03/20230303-5.pdf
2023-03-03,–– Kredi Garanti Kurumlarına Sağlanan Hazine Desteğine İlişkin Kararda Değişiklik Yapılmasına Dair Karar (Karar Sayısı: 6882),https://www.resmigazete.gov.tr/eskiler/2023/03/20230303-14.pdf
2023-03-03,–– Türkiye Halk Bankası Anonim Şirketince Esnaf ve Sanatkârlara Kredi Kullandırılmasına Dair Kararda Değişiklik Yapılmasına İlişkin Karar (Karar Sayısı: 6883),https://www.resmigazete.gov.tr/eskiler/2023/03/20230303-15.pdf
2023-03-03,"–– 6/2/2023 Tarihinde Meydana Gelen Depremler Nedeniyle Zarar Gören Bazı İllerdeki Esnaf ve Sanatkârların, Türkiye Halk Bankası Anonim Şirketince Düşük Faizli Kredi Kullandırılmasına İlişkin Kararlar Kapsamındaki Kredi Borçlarının Ertelenmesine Dair 14/2/2023 Tarihli ve 6789 Sayılı Cumhurbaşkanı Kararında Değişiklik Yapılmasına Dair Karar (Karar Sayısı: 6884)",https://www.resmigazete.gov.tr/eskiler/2023/03/20230303-16.pdf
2023-03-03,–– 4760 Sayılı Özel Tüketim Vergisi Kanununa ekli (II) Sayılı Listede Yer Alan Bazı Malların Özel Tüketim Vergisi Oranlarına Esas Özel Tüketim Vergisi Matrahlarının Yeniden Tespiti Hakkında Karar (Karar Sayısı: 6885),https://www.resmigazete.gov.tr/eskiler/2023/03/20230303-17.pdf
2023-03-03,–– İthalatta İlave Gümrük Vergisi Uygulanmasına İlişkin Kararda Değişiklik Yapılmasına Dair Karar (Karar Sayısı: 6886),https://www.resmigazete.gov.tr/eskiler/2023/03/20230303-18.pdf
2023-03-03,"–– Özelleştirme İdaresi Başkanlığı ile İlgili Kararlar (Karar Sayısı: 6887, 6888)",https://www.resmigazete.gov.tr/eskiler/2023/03/20230303-19.pdf
2023-03-03,–– Kömür ve Linyit Madenlerinin Yer Altı İşlerinde Meydana Gelen İş Kazası Sonucunda Hayatını Kaybeden Sigortalıların Yakınlarının Kamuda İstihdamına İlişkin Usul ve Esaslar Hakkında Yönetmelik,https://www.resmigazete.gov.tr/eskiler/2023/03/20230303-1.htm
2023-03-03,–– 7420 Sayılı Gelir Vergisi Kanunu ile Bazı Kanun ve Kanun Hükmünde Kararnamelerde Değişiklik Yapılmasına Dair Kanunun Geçici 3 üncü Maddesinin Uygulanmasına İlişkin Usul ve Esaslar Hakkında Tebliğ,https://www.resmigazete.gov.tr/eskiler/2023/03/20230303-2.htm
2023-03-03,"–– Enerji Piyasası Düzenleme Kurulunun 02/03/2023 Tarihli ve 11685, 11691, 11694 Sayılı Kararları",https://www.resmigazete.gov.tr/eskiler/2023/03/20230303-3.pdf
2023-03-03,"–– Anayasa Mahkemesinin 13/12/2022 Tarihli ve E: 2022/98, K: 2022/157 Sayılı Kararı",https://www.resmigazete.gov.tr/eskiler/2023/03/20230303-4.pdf
2023-03-03,–– Yüksek Seçim Kurulunun 02/03/2023 Tarihli ve 71 Sayılı Kararı,https://www.resmigazete.gov.tr/eskiler/2023/03/20230303-6.pdf
2023-03-03,a - Yargı İlânları,http://www.resmigazete.gov.tr/main.aspx?home=http://www.resmigazete.gov.tr/ilanlar/eskiilanlar/2023/03/20230303.htm&main=http://www.resmigazete.gov.tr/ilanlar/eskiilanlar/2023/03/20230303-2.htm
2023-03-03,"b - Artırma, Eksiltme ve İhale İlânları",http://www.resmigazete.gov.tr/main.aspx?home=http://www.resmigazete.gov.tr/ilanlar/eskiilanlar/2023/03/20230303.htm&main=http://www.resmigazete.gov.tr/ilanlar/eskiilanlar/2023/03/20230303-3.htm
2023-03-03,c - Çeşitli İlânlar,http://www.resmigazete.gov.tr/main.aspx?home=http://www.resmigazete.gov.tr/ilanlar/eskiilanlar/2023/03/20230303.htm&main=http://www.resmigazete.gov.tr/ilanlar/eskiilanlar/2023/03/20230303-4.htm
2023-03-03,– T.C. Merkez Bankasınca Belirlenen Döviz Kurları ve Devlet İç Borçlanma Senetlerinin Günlük Değerleri,http://www.resmigazete.gov.tr/main.aspx?home=http://www.resmigazete.gov.tr/ilanlar/eskiilanlar/2023/03/20230303.htm&main=http://www.resmigazete.gov.tr/ilanlar/eskiilanlar/2023/03/20230303-5.htm
2023-03-04,"–– Cumhurbaşkanlığı Tarafından Yapılan Atamalar Hakkında Kararlar (Karar: 2023/111, 112, 113)",https://www.resmigazete.gov.tr/eskiler/2023/03/20230304-4.pdf
2023-03-04,–– Haliç Üniversitesi Lisansüstü Eğitim ve Öğretim Yönetmeliğinde Değişiklik Yapılmasına Dair Yönetmelik,https://www.resmigazete.gov.tr/eskiler/2023/03/20230304-3.htm
2023-03-04,–– Pamukkale Üniversitesi Lisansüstü Eğitim ve Öğretim Yönetmeliğinde Değişiklik Yapılmasına Dair Yönetmelik,https://www.resmigazete.gov.tr/eskiler/2023/03/20230304-1.htm
2023-03-04,–– Pamukkale Üniversitesi Tıp Fakültesi Eğitim-Öğretim ve Sınav Yönetmeliğinde Değişiklik Yapılmasına Dair Yönetmelik,https://www.resmigazete.gov.tr/eskiler/2023/03/20230304-2.htm
2023-03-04,"a - Artırma, Eksiltme ve İhale İlânı",http://www.resmigazete.gov.tr/main.aspx?home=http://www.resmigazete.gov.tr/ilanlar/eskiilanlar/2023/03/20230304.htm&main=http://www.resmigazete.gov.tr/ilanlar/eskiilanlar/2023/03/20230304-3.htm
2023-03-04,b - Çeşitli İlânlar,http://www.resmigazete.gov.tr/main.aspx?home=http://www.resmigazete.gov.tr/ilanlar/eskiilanlar/2023/03/20230304.htm&main=http://www.resmigazete.gov.tr/ilanlar/eskiilanlar/2023/03/20230304-4.htm
2023-03-04,– T.C. Merkez Bankasınca Belirlenen Döviz Kurları ve Devlet İç Borçlanma Senetlerinin Günlük Değerleri,http://www.resmigazete.gov.tr/main.aspx?home=http://www.resmigazete.gov.tr/ilanlar/eskiilanlar/2023/03/20230304.htm&main=http://www.resmigazete.gov.tr/ilanlar/eskiilanlar/2023/03/20230304-5.htm
2023-03-05,–– Ağrı İbrahim Çeçen Üniversitesi Tıp Fakültesi Eğitim-Öğretim ve Sınav Yönetmeliği,https://www.resmigazete.gov.tr/eskiler/2023/03/20230305-1.htm
2023-03-05,–– 2023 Yılı Ocak Ayına Ait Dahilde İşleme İzin Belgelerinin (D1) Listesi,https://www.resmigazete.gov.tr/eskiler/2023/03/20230305-2.pdf
2023-03-05,–– 2023 Yılı Ocak Ayına Ait Yurt İçi Satış ve Teslim Belgelerinin (D3) Listesi,https://www.resmigazete.gov.tr/eskiler/2023/03/20230305-3.pdf
2023-03-05,–– 2023 Yılı Ocak Ayına Ait Hariçte İşleme İzin Belgelerinin (H1) Listesi,https://www.resmigazete.gov.tr/eskiler/2023/03/20230305-4.pdf
2023-03-05,–– Firma Talebine İstinaden İptal Edilen Dahilde İşleme İzin Belgeleri Listesi,https://www.resmigazete.gov.tr/eskiler/2023/03/20230305-5.pdf
2023-03-05,–– 2023 Yılı Ocak Ayına Ait Resen İptal Edilen Belgelerin Listesi,https://www.resmigazete.gov.tr/eskiler/2023/03/20230305-6.pdf
2023-03-05,a -,http://www.resmigazete.gov.tr/main.aspx?home=http://www.resmigazete.gov.tr/ilanlar/eskiilanlar/2023/03/20230305.htm&main=http://www.resmigazete.gov.tr/ilanlar/eskiilanlar/2023/03/20230305-2.htm
2023-03-05,"Artırma, Eksiltme ve İhale İlânları b -",http://www.resmigazete.gov.tr/main.aspx?home=http://www.resmigazete.gov.tr/ilanlar/eskiilanlar/2023/03/20230305.htm&main=http://www.resmigazete.gov.tr/ilanlar/eskiilanlar/2023/03/20230305-3.htm
2023-03-05,Çeşitli İlânlar,http://www.resmigazete.gov.tr/main.aspx?home=http://www.resmigazete.gov.tr/ilanlar/eskiilanlar/2023/03/20230305.htm&main=http://www.resmigazete.gov.tr/ilanlar/eskiilanlar/2023/03/20230305-4.htm
2023-03-05,– T.C. Merkez Bankasınca Belirlenen Devlet İç Borçlanma Senetlerinin Günlük Değerleri,http://www.resmigazete.gov.tr/main.aspx?home=http://www.resmigazete.gov.tr/ilanlar/eskiilanlar/2023/03/20230305.htm&main=http://www.resmigazete.gov.tr/ilanlar/eskiilanlar/2023/03/20230305-5.htm
2023-03-06,–– Atatürk Üniversitesi Toplumsal Duyarlılık Projeleri Uygulama ve Araştırma Merkezi Yönetmeliği,https://www.resmigazete.gov.tr/eskiler/2023/03/20230306-1.htm
2023-03-06,–– 2023 Yılı Ocak Ayına Ait Yatırım Teşvik Belgeleri Listesi,https://www.resmigazete.gov.tr/eskiler/2023/03/20230306-2.pdf
2023-03-06,–– 2023 Yılı Ocak Ayına Ait Tamamlama Vizesi Yapılan Yatırım Teşvik Belgeleri Listesi,https://www.resmigazete.gov.tr/eskiler/2023/03/20230306-3.pdf
2023-03-06,–– 2023 Yılı Ocak Ayına Ait İptal Edilen Yatırım Teşvik Belgeleri Listesi,https://www.resmigazete.gov.tr/eskiler/2023/03/20230306-4.pdf
2023-03-06,a - Yargı İlânları,http://www.resmigazete.gov.tr/main.aspx?home=http://www.resmigazete.gov.tr/ilanlar/eskiilanlar/2023/03/20230306.htm&main=http://www.resmigazete.gov.tr/ilanlar/eskiilanlar/2023/03/20230306-2.htm
2023-03-06,"b - Artırma, Eksiltme ve İhale İlânları",http://www.resmigazete.gov.tr/main.aspx?home=http://www.resmigazete.gov.tr/ilanlar/eskiilanlar/2023/03/20230306.htm&main=http://www.resmigazete.gov.tr/ilanlar/eskiilanlar/2023/03/20230306-3.htm
2023-03-06,c - Çeşitli İlânlar,http://www.resmigazete.gov.tr/main.aspx?home=http://www.resmigazete.gov.tr/ilanlar/eskiilanlar/2023/03/20230306.htm&main=http://www.resmigazete.gov.tr/ilanlar/eskiilanlar/2023/03/20230306-4.htm
2023-03-06,– T.C. Merkez Bankasınca Belirlenen Döviz Kurları ve Devlet İç Borçlanma Senetlerinin Günlük Değerleri,http://www.resmigazete.gov.tr/main.aspx?home=http://www.resmigazete.gov.tr/ilanlar/eskiilanlar/2023/03/20230306.htm&main=http://www.resmigazete.gov.tr/ilanlar/eskiilanlar/2023/03/20230306-5.htm
2023-03-07,–– Tarımsal Ürünlerin 5300 Sayılı Tarım Ürünleri Lisanslı Depoculuk Kanunu Çerçevesinde Faaliyet Gösteren Lisanslı Depolarda Muhafaza Edilmesi Halinde Destekleme Ödemesi Yapılmasına İlişkin Kararda Değişiklik Yapılması Hakkında Karar (Karar Sayısı: 6893),https://www.resmigazete.gov.tr/eskiler/2023/03/20230307-1.pdf
2023-03-07,–– Tarım Sigortaları Havuzuna Devlet Tarafından Taahhüt Edilecek Hasar Fazlası Desteğine İlişkin Karar (Karar Sayısı: 6894),https://www.resmigazete.gov.tr/eskiler/2023/03/20230307-2.pdf
2023-03-07,"–– Iğdır İli, Karakoyunlu İlçesinde Bulunan ve Ekli Listede İsimleri Belirtilen Yerlerde Arazi Toplulaştırması ve Tarla İçi Geliştirme Hizmetleri Yapılması Hakkında Karar (Karar Sayısı: 6895)",https://www.resmigazete.gov.tr/eskiler/2023/03/20230307-3.pdf
2023-03-07,"–– Ankara İli, Beypazarı İlçesinde Bulunan ve Ekli Listede İsimleri Belirtilen Yerlerin, Aynı Listede Yer Alan Bazı Yerlerde Arazi Toplulaştırması Yapılmasına İlişkin Bakanlar Kurulu Kararları Kapsamından Çıkarılması Hakkında Karar (Karar Sayısı: 6896)",https://www.resmigazete.gov.tr/eskiler/2023/03/20230307-4.pdf
2023-03-07,"–– Bandırma-Bursa-Yenişehir-Osmaneli Yüksek Standartlı Demiryolu Projesinin Belirlenen İş Programına ve Taahhüt Edilen Sürelere Uygun Şekilde Tamamlanması ve Dış Kaynaklı Kredi Temininde Aksama Yaşanmaması Amacıyla, Bazı Taşınmazlar ile Muhdesatın, Ulaştırma ve Altyapı Bakanlığı (Altyapı Yatırımları Genel Müdürlüğü) Tarafından Acele Kamulaştırılması Hakkında Karar (Karar Sayısı: 6897)",https://www.resmigazete.gov.tr/eskiler/2023/03/20230307-5.pdf
2023-03-07,–– 154 kV Çaykara Havza-Soğanlı RES-Bayburt TM Enerji İletim Hattı Yenileme Projesi Kapsamında Bazı Taşınmazların Türkiye Elektrik İletim Anonim Şirketi Genel Müdürlüğü Tarafından Acele Kamulaştırılması Hakkında Karar (Karar Sayısı: 6898),https://www.resmigazete.gov.tr/eskiler/2023/03/20230307-6.pdf
2023-03-07,–– 154 kV Denizli Batı 380-Kızıldere-3 JES Enerji İletim Hattı Projesi Kapsamında Bazı Taşınmazların Türkiye Elektrik İletim Anonim Şirketi Genel Müdürlüğü Tarafından Acele Kamulaştırılması Hakkında Karar (Karar Sayısı: 6899),https://www.resmigazete.gov.tr/eskiler/2023/03/20230307-7.pdf
2023-03-07,–– 154 kV (Artvin-Tortum) Brş.N.-Barhal Havza TM Enerji İletim Hattı Projesi Kapsamında Bazı Taşınmazların Türkiye Elektrik İletim Anonim Şirketi Genel Müdürlüğü Tarafından Acele Kamulaştırılması Hakkında Karar (Karar Sayısı: 6900),https://www.resmigazete.gov.tr/eskiler/2023/03/20230307-8.pdf
2023-03-07,"–– Muş İli, Malazgirt İlçesine Doğal Gaz Ulaştırılabilmesi İçin İhtiyaç Duyulan RMS-A Şehir Giriş İstasyonunun Yapımı Amacıyla, Mengüçgazi Mahallesi Sınırları İçerisindeki 212 Ada, 17 Parsel Numaralı Taşınmazın, Enerji Piyasası Düzenleme Kurumu Tarafından Acele Kamulaştırılması Hakkında Karar (Karar Sayısı: 6901)",https://www.resmigazete.gov.tr/eskiler/2023/03/20230307-9.pdf
2023-03-07,–– 4734 Sayılı Kamu İhale Kanununa Göre İhale Edilen Mal Alımlarında Uygulanacak Fiyat Farkına İlişkin Esaslarda Değişiklik Yapılmasına Dair Esaslar ile 4734 Sayılı Kamu İhale Kanununa Göre İhale Edilen Hizmet Alımlarında Uygulanacak Fiyat Farkına İlişkin Esaslarda Değişiklik Yapılmasına Dair Esaslar (Karar Sayısı: 6902),https://www.resmigazete.gov.tr/eskiler/2023/03/20230307-10.pdf
2023-03-07,–– Türkiye İnsan Hakları ve Eşitlik Kurumu Tarafından Gaziantep İlinde Bağlı Büro Kurulması Hakkında Karar (Karar Sayısı: 6903),https://www.resmigazete.gov.tr/eskiler/2023/03/20230307-11.pdf
2023-03-07,–– KTO-Karatay Üniversitesi Rektörlüğü Bünyesinde Yer Alan Sosyal ve Beşeri Bilimler Fakültesinin Kapatılması Hakkında Karar (Karar Sayısı: 6904),https://www.resmigazete.gov.tr/eskiler/2023/03/20230307-12.pdf
2023-03-07,–– Bursa Uludağ Üniversitesi Önlisans ve Lisans Eğitim Öğretim Yönetmeliğinde Değişiklik Yapılmasına Dair Yönetmelik,https://www.resmigazete.gov.tr/eskiler/2023/03/20230307-13.htm
2023-03-07,–– İstanbul Gelişim Üniversitesi Lisansüstü Eğitim-Öğretim ve Sınav Yönetmeliğinde Değişiklik Yapılmasına Dair Yönetmelik,https://www.resmigazete.gov.tr/eskiler/2023/03/20230307-14.htm
2023-03-07,–– Kullanılmış veya Yenileştirilmiş Eşya İthalatına İlişkin Tebliğ (İthalat: 2023/9)’de Değişiklik Yapılmasına Dair Tebliğ,https://www.resmigazete.gov.tr/eskiler/2023/03/20230307-15.htm
2023-03-07,–– Anayasa Mahkemesinin 7/12/2022 Tarihli ve 2019/10802 Başvuru Numaralı Kararı,https://www.resmigazete.gov.tr/eskiler/2023/03/20230307-16.pdf
2023-03-07,–– Anayasa Mahkemesinin 20/12/2022 Tarihli ve 2019/8025 Başvuru Numaralı Kararı,https://www.resmigazete.gov.tr/eskiler/2023/03/20230307-17.pdf
2023-03-07,–– Anayasa Mahkemesinin 20/12/2022 Tarihli ve 2019/19019 Başvuru Numaralı Kararı,https://www.resmigazete.gov.tr/eskiler/2023/03/20230307-18.pdf
2023-03-07,–– Anayasa Mahkemesinin 11/1/2023 Tarihli ve 2019/1001 Başvuru Numaralı Kararı,https://www.resmigazete.gov.tr/eskiler/2023/03/20230307-19.pdf
2023-03-07,–– Anayasa Mahkemesinin 11/1/2023 Tarihli ve 2019/38252 Başvuru Numaralı Kararı,https://www.resmigazete.gov.tr/eskiler/2023/03/20230307-20.pdf
2023-03-07,–– Anayasa Mahkemesinin 19/1/2023 Tarihli ve 2019/10793 Başvuru Numaralı Kararı,https://www.resmigazete.gov.tr/eskiler/2023/03/20230307-21.pdf
2023-03-07,a - Yargı İlânları,http://www.resmigazete.gov.tr/main.aspx?home=http://www.resmigazete.gov.tr/ilanlar/eskiilanlar/2023/03/20230307.htm&main=http://www.resmigazete.gov.tr/ilanlar/eskiilanlar/2023/03/20230307-2.htm
2023-03-07,"b - Artırma, Eksiltme ve İhale İlânları",http://www.resmigazete.gov.tr/main.aspx?home=http://www.resmigazete.gov.tr/ilanlar/eskiilanlar/2023/03/20230307.htm&main=http://www.resmigazete.gov.tr/ilanlar/eskiilanlar/2023/03/20230307-3.htm
2023-03-07,c - Çeşitli İlânlar,http://www.resmigazete.gov.tr/main.aspx?home=http://www.resmigazete.gov.tr/ilanlar/eskiilanlar/2023/03/20230307.htm&main=http://www.resmigazete.gov.tr/ilanlar/eskiilanlar/2023/03/20230307-4.htm
2023-03-07,– T.C. Merkez Bankasınca Belirlenen Döviz Kurları ve Devlet İç Borçlanma Senetlerinin Günlük Değerleri,http://www.resmigazete.gov.tr/main.aspx?home=http://www.resmigazete.gov.tr/ilanlar/eskiilanlar/2023/03/20230307.htm&main=http://www.resmigazete.gov.tr/ilanlar/eskiilanlar/2023/03/20230307-5.htm
2023-03-08,7439 Türk Arkeoloji ve Kültürel Miras Vakfı Kanunu,https://www.resmigazete.gov.tr/eskiler/2023/03/20230308-1.htm
2023-03-08,–– Gaziantep İlinde Yapılacak Olan Selülozik Elyaf Üretim Tesisi Yatırımına Proje Bazlı Devlet Yardımı Verilmesine İlişkin Kararın Yürürlüğe Konulması Hakkında Karar (Karar Sayısı: 6908),https://www.resmigazete.gov.tr/eskiler/2023/03/20230308-2.pdf
2023-03-08,–– Veteriner Hekim Muayenehane ve Poliklinik Yönetmeliğinde Değişiklik Yapılmasına Dair Yönetmelik,https://www.resmigazete.gov.tr/eskiler/2023/03/20230308-3.htm
2023-03-08,–– Satış Giderleri Tarifesi,https://www.resmigazete.gov.tr/eskiler/2023/03/20230308-4.htm
2023-03-08,–– Bazı Tarım Ürünlerinin İhracatına İlişkin Tebliğ (İhracat: 2022/1)’in Yürürlükten Kaldırılmasına Dair Tebliğ (İhracat: 2023/5),https://www.resmigazete.gov.tr/eskiler/2023/03/20230308-5.htm
2023-03-08,–– Kamu Özel İş Birliği Projeleri ile Lisanslı İşler Kapsamında Gerçekleştirilen Yapım İşlerine İlişkin İş Deneyim Belgeleri Hakkında Tebliğde Değişiklik Yapılmasına Dair Tebliğ,https://www.resmigazete.gov.tr/eskiler/2023/03/20230308-6.htm
2023-03-08,–– Gemi Adamları İaşe Bedeli Tespit Kurulu Kararı,https://www.resmigazete.gov.tr/eskiler/2023/03/20230308-7.pdf
2023-03-08,"–– Anayasa Mahkemesinin 25/1/2023 Tarihli ve E: 2022/130, K: 2023/14 Sayılı Kararı",https://www.resmigazete.gov.tr/eskiler/2023/03/20230308-8.pdf
2023-03-08,–– Yargıtay 4. Hukuk Dairesine Ait Karar,https://www.resmigazete.gov.tr/eskiler/2023/03/20230308-9.pdf
2023-03-08,–– Danıştay İkinci Dairesine Ait Karar,https://www.resmigazete.gov.tr/eskiler/2023/03/20230308-10.pdf
2023-03-08,a - Yargı İlânları,http://www.resmigazete.gov.tr/main.aspx?home=http://www.resmigazete.gov.tr/ilanlar/eskiilanlar/2023/03/20230308.htm&main=http://www.resmigazete.gov.tr/ilanlar/eskiilanlar/2023/03/20230308-2.htm
2023-03-08,"b - Artırma, Eksiltme ve İhale İlânları",http://www.resmigazete.gov.tr/main.aspx?home=http://www.resmigazete.gov.tr/ilanlar/eskiilanlar/2023/03/20230308.htm&main=http://www.resmigazete.gov.tr/ilanlar/eskiilanlar/2023/03/20230308-3.htm
2023-03-08,c - Çeşitli İlânlar,http://www.resmigazete.gov.tr/main.aspx?home=http://www.resmigazete.gov.tr/ilanlar/eskiilanlar/2023/03/20230308.htm&main=http://www.resmigazete.gov.tr/ilanlar/eskiilanlar/2023/03/20230308-4.htm
2023-03-08,– T.C. Merkez Bankasınca Belirlenen Döviz Kurları ve Devlet İç Borçlanma Senetlerinin Günlük Değerleri,http://www.resmigazete.gov.tr/main.aspx?home=http://www.resmigazete.gov.tr/ilanlar/eskiilanlar/2023/03/20230308.htm&main=http://www.resmigazete.gov.tr/ilanlar/eskiilanlar/2023/03/20230308-5.htm
2023-03-09,–– Bitki Koruma Ürünlerinin Toptan ve Perakende Satılması ile Depolanması Hakkında Yönetmelikte Değişiklik Yapılmasına Dair Yönetmelik,https://www.resmigazete.gov.tr/eskiler/2023/03/20230309-1.htm
2023-03-09,–– Tasarruf Mevduatı Sigorta Fonu Alacaklarının Takip ve Tahsiline İlişkin Esas ve Usuller Hakkında Yönetmelikte Değişiklik Yapılmasına Dair Yönetmelik,https://www.resmigazete.gov.tr/eskiler/2023/03/20230309-2.htm
2023-03-09,–– Yapı Sahipleri ile Yapı Denetimi Hizmet Sözleşmesi İmzalayacak Yapı Denetim Kuruluşlarının Elektronik Ortamda Belirlenmesine İlişkin Usul ve Esaslara Dair Tebliğde Değişiklik Yapılmasına Dair Tebliğ,https://www.resmigazete.gov.tr/eskiler/2023/03/20230309-3.htm
2023-03-09,–– Muhasebat Genel Müdürlüğü Genel Tebliği (Sıra No: 80) (Parasal Sınırlar ve Oranlar),https://www.resmigazete.gov.tr/eskiler/2023/03/20230309-4.htm
2023-03-09,–– İthalatta Gözetim Uygulanmasına İlişkin Tebliğ (Tebliğ No: 2020/9)’de Değişiklik Yapılmasına Dair Tebliğ,https://www.resmigazete.gov.tr/eskiler/2023/03/20230309-5.htm
2023-03-09,"–– Anayasa Mahkemesinin 16/2/2023 Tarihli ve E: 2022/126, K: 2023/29 Sayılı Kararı",https://www.resmigazete.gov.tr/eskiler/2023/03/20230309-6.pdf
2023-03-09,–– Danıştay İkinci Dairesine Ait Kararlar,https://www.resmigazete.gov.tr/eskiler/2023/03/20230309-7.pdf
2023-03-09,a - Yargı İlânları,http://www.resmigazete.gov.tr/main.aspx?home=http://www.resmigazete.gov.tr/ilanlar/eskiilanlar/2023/03/20230309.htm&main=http://www.resmigazete.gov.tr/ilanlar/eskiilanlar/2023/03/20230309-2.htm
2023-03-09,"b - Artırma, Eksiltme ve İhale İlânları",http://www.resmigazete.gov.tr/main.aspx?home=http://www.resmigazete.gov.tr/ilanlar/eskiilanlar/2023/03/20230309.htm&main=http://www.resmigazete.gov.tr/ilanlar/eskiilanlar/2023/03/20230309-3.htm
2023-03-09,c - Çeşitli İlânlar,http://www.resmigazete.gov.tr/main.aspx?home=http://www.resmigazete.gov.tr/ilanlar/eskiilanlar/2023/03/20230309.htm&main=http://www.resmigazete.gov.tr/ilanlar/eskiilanlar/2023/03/20230309-4.htm
2023-03-09,– T.C. Merkez Bankasınca Belirlenen Döviz Kurları ve Devlet İç Borçlanma Senetlerinin Günlük Değerleri,http://www.resmigazete.gov.tr/main.aspx?home=http://www.resmigazete.gov.tr/ilanlar/eskiilanlar/2023/03/20230309.htm&main=http://www.resmigazete.gov.tr/ilanlar/eskiilanlar/2023/03/20230309-5.htm
2023-03-09,"09/03/2023 tarihli ve 32127 mükerrer sayılı Resmî Gazete’de, Milletlerarası Andlaşmalar yayımlanmıştır.",http://www.resmigazete.gov.tr/eskiler/2023/03/20230309M1.htm
2023-03-10,–– Olağanüstü Hal Kapsamında Bazı Tedbirlerin Alınması Hakkında Cumhurbaşkanlığı Kararnamesi (Kararname Numarası: 132),https://www.resmigazete.gov.tr/eskiler/2023/03/20230310-1.pdf
2023-03-10,–– Olağanüstü Hal Kapsamında Deprem Sebebiyle Yerleşim Yerini Değiştiren Kişilerin Haklarının Korunmasına Dair Cumhurbaşkanlığı Kararnamesi (Kararname Numarası: 133),https://www.resmigazete.gov.tr/eskiler/2023/03/20230310-2.pdf
2023-03-10,"–– 6/2/2023 Tarihinde Meydana Gelen Depremler Nedeniyle Zarar Gören Bazı İllerdeki Tarımsal Üreticilerin, T.C. Ziraat Bankası A.Ş. ve Tarım Kredi Kooperatiflerince Düşük Faizli Kredi Kullandırılmasına İlişkin Kararlar Kapsamındaki Kredi Borçlarının Ertelenmesine Dair 21/2/2023 Tarihli ve 6816 Sayılı Cumhurbaşkanı Kararında Değişiklik Yapılması Hakkında Karar (Karar Sayısı: 6920)",https://www.resmigazete.gov.tr/eskiler/2023/03/20230310-3.pdf
2023-03-10,–– İthalat Rejimi Kararında Değişiklik Yapılmasına İlişkin Karar (Karar Sayısı: 6921),https://www.resmigazete.gov.tr/eskiler/2023/03/20230310-4.pdf
2023-03-10,–– İthalatta İlave Gümrük Vergisi Uygulanmasına İlişkin Kararda Değişiklik Yapılmasına Dair Karar (Karar Sayısı: 6922),https://www.resmigazete.gov.tr/eskiler/2023/03/20230310-5.pdf
2023-03-10,–– Yatırımlarda Devlet Yardımları Hakkında Kararda Değişiklik Yapılmasına Dair Karar (Karar Sayısı: 6923),https://www.resmigazete.gov.tr/eskiler/2023/03/20230310-6.pdf
2023-03-10,–– Elektrik Üretim Anonim Şirketi Genel Müdürlüğü Mal ve Hizmet Satışı ile Araç Gereç Kira Yönetmeliğinde Değişiklik Yapılmasına Dair Yönetmelik,https://www.resmigazete.gov.tr/eskiler/2023/03/20230310-7.htm
2023-03-10,–– Emeklilik Yatırım Fonlarının Kuruluş ve Faaliyetlerine İlişkin Esaslar Hakkında Yönetmelikte Değişiklik Yapılmasına Dair Yönetmelik,https://www.resmigazete.gov.tr/eskiler/2023/03/20230310-8.htm
2023-03-10,–– Milli Emlak Genel Tebliği (Sıra No: 414),https://www.resmigazete.gov.tr/eskiler/2023/03/20230310-9.htm
2023-03-10,–– Kıymetli Maden Standartları ve Rafinerileri Hakkında Tebliğ (Tebliğ No: 2023/1)’de Değişiklik Yapılmasına Dair Tebliğ (No: 2023/2),https://www.resmigazete.gov.tr/eskiler/2023/03/20230310-10.htm
2023-03-10,–– Türk Parası Kıymetini Koruma Hakkında 32 Sayılı Karara İlişkin Tebliğ (Tebliğ No: 2008-32/34)’de Değişiklik Yapılmasına Dair Tebliğ (No: 2023-32/68),https://www.resmigazete.gov.tr/eskiler/2023/03/20230310-11.htm
2023-03-10,–– Gümrük Genel Tebliği (Tarife-Sınıflandırma Kararları) (Seri No: 18)’nde Değişiklik Yapılmasına Dair Tebliğ (Seri No: 37),https://www.resmigazete.gov.tr/eskiler/2023/03/20230310-12.htm
2023-03-10,–– Enerji Piyasası Düzenleme Kurulunun 09/03/2023 Tarihli ve 11698 Sayılı Kararı,https://www.resmigazete.gov.tr/eskiler/2023/03/20230310-13.pdf
2023-03-10,–– Anayasa Mahkemesinin 26/1/2023 Tarihli ve 2018/35713 Başvuru Numaralı Kararı,https://www.resmigazete.gov.tr/eskiler/2023/03/20230310-14.pdf
2023-03-10,a - Yargı İlânları,http://www.resmigazete.gov.tr/main.aspx?home=http://www.resmigazete.gov.tr/ilanlar/eskiilanlar/2023/03/20230310.htm&main=http://www.resmigazete.gov.tr/ilanlar/eskiilanlar/2023/03/20230310-2.htm
2023-03-10,"b - Artırma, Eksiltme ve İhale İlânları",http://www.resmigazete.gov.tr/main.aspx?home=http://www.resmigazete.gov.tr/ilanlar/eskiilanlar/2023/03/20230310.htm&main=http://www.resmigazete.gov.tr/ilanlar/eskiilanlar/2023/03/20230310-3.htm
2023-03-10,c - Çeşitli İlânlar,http://www.resmigazete.gov.tr/main.aspx?home=http://www.resmigazete.gov.tr/ilanlar/eskiilanlar/2023/03/20230310.htm&main=http://www.resmigazete.gov.tr/ilanlar/eskiilanlar/2023/03/20230310-4.htm
2023-03-10,– T.C. Merkez Bankasınca Belirlenen Döviz Kurları ve Devlet İç Borçlanma Senetlerinin Günlük Değerleri,http://www.resmigazete.gov.tr/main.aspx?home=http://www.resmigazete.gov.tr/ilanlar/eskiilanlar/2023/03/20230310.htm&main=http://www.resmigazete.gov.tr/ilanlar/eskiilanlar/2023/03/20230310-5.htm
2023-03-10,"10/03/2023 tarihli ve 32128 mükerrer sayılı Resmî Gazete’de, Cumhurbaşkanı Kararı yayımlanmıştır.",http://www.resmigazete.gov.tr/eskiler/2023/03/20230310M1.htm
2023-03-10,"10/03/2023 tarihli ve 32128 2. mükerrer sayılı Resmî Gazete’de, Yüksek Seçim Kurulu Kararları yayımlanmıştır.",http://www.resmigazete.gov.tr/eskiler/2023/03/20230310M2.htm
2023-03-11,"–– Cumhurbaşkanlığı Tarafından Yapılan Atamalar Hakkında Kararlar (Karar: 2023/122, 123, 124)",https://www.resmigazete.gov.tr/eskiler/2023/03/20230311-1.pdf
2023-03-11,–– Yeni Binek Otomobillerin Yakıt Ekonomisi ve CO2 Emisyonu Konusunda Tüketicilerin Bilgilendirilmesine İlişkin Yönetmelikte Değişiklik Yapılmasına Dair Yönetmelik,https://www.resmigazete.gov.tr/eskiler/2023/03/20230311-2.htm
2023-03-11,–– Basın İlân Kurumu Yönetmeliğinde Değişiklik Yapılmasına Dair Yönetmelik,https://www.resmigazete.gov.tr/eskiler/2023/03/20230311-3.htm
2023-03-11,–– Yükseköğretim Kurumları Öğrenci Disiplin Yönetmeliğinin Yürürlükten Kaldırılmasına Dair Yönetmelik,https://www.resmigazete.gov.tr/eskiler/2023/03/20230311-4.htm
2023-03-11,–– Milletlerarası Tahkim Ücret Tarifesi Hakkında Tebliğ,https://www.resmigazete.gov.tr/eskiler/2023/03/20230311-5.htm
2023-03-11,"–– Enerji Piyasası Düzenleme Kurulunun 09/03/2023 Tarihli ve 11708, 11709, 11710, 11711, 11712, 11713 Sayılı Kararları",https://www.resmigazete.gov.tr/eskiler/2023/03/20230311-6.pdf
2023-03-11,"- Artırma, Eksiltme ve İhale İlânları",http://www.resmigazete.gov.tr/main.aspx?home=http://www.resmigazete.gov.tr/ilanlar/eskiilanlar/2023/03/20230311.htm&main=http://www.resmigazete.gov.tr/ilanlar/eskiilanlar/2023/03/20230311-3.htm
2023-03-11,- Çeşitli İlânlar,http://www.resmigazete.gov.tr/main.aspx?home=http://www.resmigazete.gov.tr/ilanlar/eskiilanlar/2023/03/20230311.htm&main=http://www.resmigazete.gov.tr/ilanlar/eskiilanlar/2023/03/20230311-4.htm
2023-03-11,– T.C. Merkez Bankasınca Belirlenen Döviz Kurları ve Devlet İç Borçlanma Senetlerinin Günlük Değerleri,http://www.resmigazete.gov.tr/main.aspx?home=http://www.resmigazete.gov.tr/ilanlar/eskiilanlar/2023/03/20230311.htm&main=http://www.resmigazete.gov.tr/ilanlar/eskiilanlar/2023/03/20230311-5.htm
2023-03-12,7440 Bazı Alacakların Yeniden Yapılandırılması ile Bazı Kanunlarda Değişiklik Yapılmasına Dair Kanun,https://www.resmigazete.gov.tr/eskiler/2023/03/20230312-14.htm
2023-03-12,–– Olağanüstü Hal Kapsamında Bölgesel Kalkınma ile Yatırım Teşviklerine İlişkin Alınan Tedbirlere Dair Cumhurbaşkanlığı Kararnamesi (Kararname Numarası: 134),https://www.resmigazete.gov.tr/eskiler/2023/03/20230312-2.pdf
2023-03-12,–– Olağanüstü Hal Kapsamında Tarım Alanında Alınan Tedbirlere İlişkin Cumhurbaşkanlığı Kararnamesi (Kararname Numarası: 135),https://www.resmigazete.gov.tr/eskiler/2023/03/20230312-3.pdf
2023-03-12,–– Olağanüstü Hal Kapsamında Sanayi İşyerlerine İlişkin Cumhurbaşkanlığı Kararnamesi (Kararname Numarası: 136),https://www.resmigazete.gov.tr/eskiler/2023/03/20230312-4.pdf
2023-03-12,"–– Cumhurbaşkanlığı Tarafından Yapılan Atamalar Hakkında Kararlar (Karar: 2023/129, 130, 131)",https://www.resmigazete.gov.tr/eskiler/2023/03/20230312-5.pdf
2023-03-12,–– Boğaziçi Üniversitesi Lisansüstü Eğitim ve Öğretim Yönetmeliğinde Değişiklik Yapılmasına Dair Yönetmelik,https://www.resmigazete.gov.tr/eskiler/2023/03/20230312-6.htm
2023-03-12,–– Eskişehir Osmangazi Üniversitesi Türkçe Öğretimi Uygulama ve Araştırma Merkezi Yönetmeliğinde Değişiklik Yapılmasına Dair Yönetmelik,https://www.resmigazete.gov.tr/eskiler/2023/03/20230312-7.htm
2023-03-12,"–– Kamu Gözetimi, Muhasebe ve Denetim Standartları Kurulunun 13/02/2023 Tarihli ve 75935942-050.01.04-[01/15219] Sayılı Kararı",https://www.resmigazete.gov.tr/eskiler/2023/03/20230312-8.pdf
2023-03-12,–– Yüksek Seçim Kurulunun 11/03/2023 Tarihli ve 2023/92 Sayılı Kararı,https://www.resmigazete.gov.tr/eskiler/2023/03/20230312-9.pdf
2023-03-12,–– Yüksek Seçim Kurulunun 11/03/2023 Tarihli ve 2023/93 Sayılı Kararı,https://www.resmigazete.gov.tr/eskiler/2023/03/20230312-10.pdf
2023-03-12,–– Yüksek Seçim Kurulunun 11/03/2023 Tarihli ve 2023/94 Sayılı Kararı,https://www.resmigazete.gov.tr/eskiler/2023/03/20230312-11.pdf
2023-03-12,–– Yüksek Seçim Kurulunun 11/03/2023 Tarihli ve 2023/95 Sayılı Kararı,https://www.resmigazete.gov.tr/eskiler/2023/03/20230312-12.pdf
2023-03-12,–– Yüksek Seçim Kurulunun 11/03/2023 Tarihli ve 2023/96 Sayılı Kararı,https://www.resmigazete.gov.tr/eskiler/2023/03/20230312-13.pdf
2023-03-12,a - Yargı İlânları,http://www.resmigazete.gov.tr/main.aspx?home=http://www.resmigazete.gov.tr/ilanlar/eskiilanlar/2023/03/20230312.htm&main=http://www.resmigazete.gov.tr/ilanlar/eskiilanlar/2023/03/20230312-2.htm
2023-03-12,"b - Artırma, Eksiltme ve İhale İlânları",http://www.resmigazete.gov.tr/main.aspx?home=http://www.resmigazete.gov.tr/ilanlar/eskiilanlar/2023/03/20230312.htm&main=http://www.resmigazete.gov.tr/ilanlar/eskiilanlar/2023/03/20230312-3.htm
2023-03-12,c - Çeşitli İlânlar,http://www.resmigazete.gov.tr/main.aspx?home=http://www.resmigazete.gov.tr/ilanlar/eskiilanlar/2023/03/20230312.htm&main=http://www.resmigazete.gov.tr/ilanlar/eskiilanlar/2023/03/20230312-4.htm
2023-03-12,– T.C. Merkez Bankasınca Belirlenen Devlet İç Borçlanma Senetlerinin Günlük Değerleri,http://www.resmigazete.gov.tr/main.aspx?home=http://www.resmigazete.gov.tr/ilanlar/eskiilanlar/2023/03/20230312.htm&main=http://www.resmigazete.gov.tr/ilanlar/eskiilanlar/2023/03/20230312-5.htm
2023-03-13,–– Bilecik Şeyh Edebali Üniversitesi Lisansüstü Eğitim-Öğretim ve Sınav Yönetmeliğinde Değişiklik Yapılmasına Dair Yönetmelik,https://www.resmigazete.gov.tr/eskiler/2023/03/20230313-1.htm
2023-03-13,–– MEF Üniversitesi Lisansüstü Eğitim ve Öğretim Yönetmeliğinde Değişiklik Yapılmasına Dair Yönetmelik,https://www.resmigazete.gov.tr/eskiler/2023/03/20230313-2.htm
2023-03-13,–– 2023 Yılı Şubat Ayına Ait Dahilde İşleme İzin Belgelerinin (D1) Listesi,https://www.resmigazete.gov.tr/eskiler/2023/03/20230313-3.pdf
2023-03-13,–– 2023 Yılı Şubat Ayına Ait Yurt İçi Satış ve Teslim Belgelerinin (D3) Listesi,https://www.resmigazete.gov.tr/eskiler/2023/03/20230313-4.pdf
2023-03-13,–– 2023 Yılı Şubat Ayına Ait Hariçte İşleme İzin Belgelerinin (H1) Listesi,https://www.resmigazete.gov.tr/eskiler/2023/03/20230313-5.pdf
2023-03-13,–– Firma Talebine İstinaden İptal Edilen Dahilde İşleme İzin Belgeleri Listesi,https://www.resmigazete.gov.tr/eskiler/2023/03/20230313-6.pdf
2023-03-13,a - Yargı İlânları,http://www.resmigazete.gov.tr/main.aspx?home=http://www.resmigazete.gov.tr/ilanlar/eskiilanlar/2023/03/20230313.htm&main=http://www.resmigazete.gov.tr/ilanlar/eskiilanlar/2023/03/20230313-2.htm
2023-03-13,"b - Artırma, Eksiltme ve İhale İlânları",http://www.resmigazete.gov.tr/main.aspx?home=http://www.resmigazete.gov.tr/ilanlar/eskiilanlar/2023/03/20230313.htm&main=http://www.resmigazete.gov.tr/ilanlar/eskiilanlar/2023/03/20230313-3.htm
2023-03-13,c - Çeşitli İlânlar,http://www.resmigazete.gov.tr/main.aspx?home=http://www.resmigazete.gov.tr/ilanlar/eskiilanlar/2023/03/20230313.htm&main=http://www.resmigazete.gov.tr/ilanlar/eskiilanlar/2023/03/20230313-4.htm
2023-03-13,– T.C. Merkez Bankasınca Belirlenen Devlet İç Borçlanma Senetlerinin Günlük Değerleri,http://www.resmigazete.gov.tr/main.aspx?home=http://www.resmigazete.gov.tr/ilanlar/eskiilanlar/2023/03/20230313.htm&main=http://www.resmigazete.gov.tr/ilanlar/eskiilanlar/2023/03/20230313-5.htm
2023-03-14,–– Beşeri Tıbbi Ürünlerin Fiyatlandırılmasına Dair Kararda Değişiklik Yapılması Hakkında Karar (Karar Sayısı: 6932),https://www.resmigazete.gov.tr/eskiler/2023/03/20230314-1.pdf
2023-03-14,–– Yapı Malzemeleri ve Zemin Laboratuvarları Uygulama Yönetmeliğinde Değişiklik Yapılmasına Dair Yönetmelik,https://www.resmigazete.gov.tr/eskiler/2023/03/20230314-2.htm
2023-03-14,–– Ticaret Bakanlığı Yer Değiştirme Yönetmeliğinde Değişiklik Yapılmasına Dair Yönetmelik,https://www.resmigazete.gov.tr/eskiler/2023/03/20230314-3.htm
2023-03-14,–– Eczacılar ve Eczaneler Hakkında Yönetmelikte Değişiklik Yapılmasına Dair Yönetmelik,https://www.resmigazete.gov.tr/eskiler/2023/03/20230314-4.htm
2023-03-14,–– Laboratuvar İzin Belgesi Almak İçin Yapılan Müracaatların Değerlendirilmesi ve Sıralamaya Alınmasına Dair Tebliğde Değişiklik Yapılmasına Dair Tebliğ,https://www.resmigazete.gov.tr/eskiler/2023/03/20230314-5.htm
2023-03-14,"–– Laboratuvar Kuruluşlarının Faaliyetlerinin Denetlenmesi, İdari Müeyyide Uygulanması ve İdari Para Cezalarının Tahsil Edilmesinin Usûl ve Esaslarına Dair Tebliğ",https://www.resmigazete.gov.tr/eskiler/2023/03/20230314-6.htm
2023-03-14,"–– Yapı Denetim Kuruluşlarının Faaliyetlerinin Denetlenmesi, İdari Müeyyide Uygulanması ve İdari Para Cezalarının Tahsil Edilmesinin Usûl ve Esaslarına Dair Tebliğ",https://www.resmigazete.gov.tr/eskiler/2023/03/20230314-7.htm
2023-03-14,"–– Özelleştirme İdaresi Başkanlığının 13/03/2023 Tarihli ve 2023/ÖİB-K-09, 10, 11, 12, 13, 14, 15, 16, 17, 18, 19, 20 ve 21 Sayılı Kararları",https://www.resmigazete.gov.tr/eskiler/2023/03/20230314-8.pdf
2023-03-14,–– Anayasa Mahkemesinin 17/1/2023 Tarihli ve 2019/3189 Başvuru Numaralı Kararı,https://www.resmigazete.gov.tr/eskiler/2023/03/20230314-9.pdf
2023-03-14,–– Anayasa Mahkemesinin 18/1/2023 Tarihli ve 2019/15877 Başvuru Numaralı Kararı,https://www.resmigazete.gov.tr/eskiler/2023/03/20230314-10.pdf
2023-03-14,–– Anayasa Mahkemesinin 19/1/2023 Tarihli ve 2020/14769 Başvuru Numaralı Kararı,https://www.resmigazete.gov.tr/eskiler/2023/03/20230314-11.pdf
2023-03-14,–– Yargıtay 5. Hukuk Dairesine Ait Karar,https://www.resmigazete.gov.tr/eskiler/2023/03/20230314-12.pdf
2023-03-14,–– Yüksek Seçim Kurulunun 13/03/2023 Tarihli ve 2023/99 Sayılı Kararı ve Eki 14 Mayıs 2023 Pazar Günü Birlikte Yapılacak Olan Cumhurbaşkanı Seçimi ile 28. Dönem Milletvekili Genel Seçiminde Uygulanacak Seçim Takvimi,https://www.resmigazete.gov.tr/eskiler/2023/03/20230314-13.pdf
2023-03-14,–– Yüksek Seçim Kurulunun 13/03/2023 Tarihli ve 2023/100 Sayılı Kararı ve Eki 140/I Sayılı Genelge Yurt İçi Seçmen Kütüğünün Güncelleştirilmesi Usul ve Esasları,https://www.resmigazete.gov.tr/eskiler/2023/03/20230314-14.pdf
2023-03-14,–– Yüksek Seçim Kurulunun 13/03/2023 Tarihli ve 2023/101 Sayılı Kararı ve Eki 140/II Sayılı Genelge Yurt Dışı Seçmen Kütüğünün Güncelleştirilmesi Usul ve Esasları,https://www.resmigazete.gov.tr/eskiler/2023/03/20230314-15.pdf
2023-03-14,–– Yüksek Seçim Kurulunun 13/03/2023 Tarihli ve 2023/107 Sayılı Kararı,https://www.resmigazete.gov.tr/eskiler/2023/03/20230314-16.pdf
2023-03-14,–– Yüksek Seçim Kurulunun 13/03/2023 Tarihli ve 2023/109 Sayılı Kararı,https://www.resmigazete.gov.tr/eskiler/2023/03/20230314-17.pdf
2023-03-14,–– Yüksek Seçim Kurulunun 13/03/2023 Tarihli ve 2023/110 Sayılı Kararı,https://www.resmigazete.gov.tr/eskiler/2023/03/20230314-18.pdf
2023-03-14,a - Yargı İlânları,http://www.resmigazete.gov.tr/main.aspx?home=http://www.resmigazete.gov.tr/ilanlar/eskiilanlar/2023/03/20230314.htm&main=http://www.resmigazete.gov.tr/ilanlar/eskiilanlar/2023/03/20230314-2.htm
2023-03-14,"b - Artırma, Eksiltme ve İhale İlânları",http://www.resmigazete.gov.tr/main.aspx?home=http://www.resmigazete.gov.tr/ilanlar/eskiilanlar/2023/03/20230314.htm&main=http://www.resmigazete.gov.tr/ilanlar/eskiilanlar/2023/03/20230314-3.htm
2023-03-14,c - Çeşitli İlânlar,http://www.resmigazete.gov.tr/main.aspx?home=http://www.resmigazete.gov.tr/ilanlar/eskiilanlar/2023/03/20230314.htm&main=http://www.resmigazete.gov.tr/ilanlar/eskiilanlar/2023/03/20230314-4.htm
2023-03-14,– T.C. Merkez Bankasınca Belirlenen Döviz Kurları ve Devlet İç Borçlanma Senetlerinin Günlük Değerleri,http://www.resmigazete.gov.tr/main.aspx?home=http://www.resmigazete.gov.tr/ilanlar/eskiilanlar/2023/03/20230314.htm&main=http://www.resmigazete.gov.tr/ilanlar/eskiilanlar/2023/03/20230314-5.htm
2023-03-15,"–– Balıkesir İli, Erdek İlçesi Sınırları İçerisinde Bulunan Seyitgazi Tepesi Doğal Sit Alanının Koruma Statüsünün Yeniden Değerlendirilmesi Sonucunda, Gösterilen Alanın Kesin Korunacak Hassas Alan Olarak Tescil ve İlan Edilmesi Hakkında Karar (Karar Sayısı: 6933)",https://www.resmigazete.gov.tr/eskiler/2023/03/20230315-1.pdf
2023-03-15,"–– Balıkesir İli, Ayvalık İlçesi Sınırları İçerisinde Bulunan Yumurta Adası Doğal Sit Alanının Koruma Statüsünün Yeniden Değerlendirilmesi Sonucunda, Gösterilen Alanın Kesin Korunacak Hassas Alan Olarak Tescil ve İlan Edilmesi Hakkında Karar (Karar Sayısı: 6934)",https://www.resmigazete.gov.tr/eskiler/2023/03/20230315-2.pdf
2023-03-15,"–– Balıkesir İli, Ayvalık İlçesi Sınırları İçerisinde Bulunan Güneş Adası Doğal Sit Alanının Koruma Statüsünün Yeniden Değerlendirilmesi Sonucunda, Gösterilen Alanın Kesin Korunacak Hassas Alan Olarak Tescil ve İlan Edilmesi Hakkında Karar (Karar Sayısı: 6935)",https://www.resmigazete.gov.tr/eskiler/2023/03/20230315-3.pdf
2023-03-15,"–– Balıkesir İli, Ayvalık İlçesi Sınırları İçerisinde Bulunan Lale Adası Mevkii Doğal Sit Alanının Koruma Statüsünün Yeniden Değerlendirilmesi Sonucunda, Gösterilen Alanın Kesin Korunacak Hassas Alan Olarak Tescil ve İlan Edilmesi Hakkında Karar (Karar Sayısı: 6936)",https://www.resmigazete.gov.tr/eskiler/2023/03/20230315-4.pdf
2023-03-15,"–– Mersin İli, Silifke İlçesi Sınırları İçerisinde Bulunan Taşucu Adası ve Boğsak Adası Doğal Sit Alanının Koruma Statüsünün Yeniden Değerlendirilmesi Sonucunda, Gösterilen Alanların Kesin Korunacak Hassas Alan Olarak Tescil ve İlan Edilmesi Hakkında Karar (Karar Sayısı: 6937)",https://www.resmigazete.gov.tr/eskiler/2023/03/20230315-5.pdf
2023-03-15,"–– Mersin İli, Gülnar İlçesi Sınırları İçerisinde Bulunan Beşparmak Adası Doğal Sit Alanının Koruma Statüsünün Yeniden Değerlendirilmesi Sonucunda, Gösterilen Alanın Kesin Korunacak Hassas Alan Olarak Tescil ve İlan Edilmesi Hakkında Karar (Karar Sayısı: 6938)",https://www.resmigazete.gov.tr/eskiler/2023/03/20230315-6.pdf
2023-03-15,"–– Erzurum İli, İspir İlçesi Sınırları İçerisinde Bulunan Yedigöller Potansiyel Doğal Sit Alanının Koruma Statüsünün Değerlendirilmesi Sonucunda, Gösterilen Alanın Kesin Korunacak Hassas Alan Olarak Tescil ve İlan Edilmesi Hakkında Karar (Karar Sayısı: 6939)",https://www.resmigazete.gov.tr/eskiler/2023/03/20230315-7.pdf
2023-03-15,"–– Antalya İli, Kaş İlçesi Sınırları İçerisinde Bulunan Likya Orkidesi Yayılış Alanı Potansiyel Doğal Sit Alanının Koruma Statüsünün Değerlendirilmesi Sonucunda, Gösterilen Alanın Kesin Korunacak Hassas Alan Olarak Tescil ve İlan Edilmesi Hakkında Karar (Karar Sayısı: 6940)",https://www.resmigazete.gov.tr/eskiler/2023/03/20230315-8.pdf
2023-03-15,"–– Antalya İli, Manavgat İlçesi Sınırları İçerisinde Bulunan Manavgat Şelalesi Potansiyel Doğal Sit Alanının Koruma Statüsünün Değerlendirilmesi Sonucunda, Gösterilen Alanın Kesin Korunacak Hassas Alan Olarak Tescil ve İlan Edilmesi Hakkında Karar (Karar Sayısı: 6941)",https://www.resmigazete.gov.tr/eskiler/2023/03/20230315-9.pdf
2023-03-15,"–– Kırklareli İli, Demirköy İlçesi Sınırları İçerisinde Bulunan Erikli Gölü ve Longoz Ormanları Doğal Sit Alanının Koruma Statüsünün Yeniden Değerlendirilmesi Sonucunda, Gösterilen Alanın Kesin Korunacak Hassas Alan Olarak Tescil ve İlan Edilmesi Hakkında Karar (Karar Sayısı: 6942)",https://www.resmigazete.gov.tr/eskiler/2023/03/20230315-10.pdf
2023-03-15,"–– Samsun İli, Terme İlçesi Sınırları İçerisinde Bulunan Akgöl ve Simenit Gölleri Doğal Sit Alanının Koruma Statüsünün Yeniden Değerlendirilmesi Sonucunda, Gösterilen Alanın Kesin Korunacak Hassas Alan Olarak Tescil ve İlan Edilmesi Hakkında Karar (Karar Sayısı: 6943)",https://www.resmigazete.gov.tr/eskiler/2023/03/20230315-11.pdf
2023-03-15,"–– Manisa İli, Kula İlçesi Sınırları İçerisinde Bulunan 8. Grup Doğal Sit Alanının Koruma Statüsünün Yeniden Değerlendirilmesi Sonucunda, Gösterilen Alanın Kesin Korunacak Hassas Alan Olarak Tescil ve İlan Edilmesi Hakkında Karar (Karar Sayısı: 6944)",https://www.resmigazete.gov.tr/eskiler/2023/03/20230315-12.pdf
2023-03-15,"–– Bolu İli, Seben İlçesi Sınırları İçerisinde Bulunan Kabak Köyü Doğal Sit Alanının Koruma Statüsünün Yeniden Değerlendirilmesi Sonucunda, Gösterilen Alanların Kesin Korunacak Hassas Alan Olarak Tescil ve İlan Edilmesi Hakkında Karar (Karar Sayısı: 6945)",https://www.resmigazete.gov.tr/eskiler/2023/03/20230315-13.pdf
2023-03-15,"–– Kocaeli İli, Gölcük ve Başiskele İlçeleri Sınırları İçerisinde Bulunan Yuvacık Kanyonları-Beşkayalar Doğal Sit Alanının Koruma Statüsünün Yeniden Değerlendirilmesi Sonucunda, Gösterilen Alanın Kesin Korunacak Hassas Alan Olarak Tescil ve İlan Edilmesi Hakkında Karar (Karar Sayısı: 6946)",https://www.resmigazete.gov.tr/eskiler/2023/03/20230315-14.pdf
2023-03-15,–– Gümüşhane ve Bayburt İllerinde Bulunan ve Listede İsimleri Belirtilen Yerlerde Arazi Toplulaştırması ve Tarla İçi Geliştirme Hizmetleri Yapılması Hakkında Karar (Karar Sayısı: 6947),https://www.resmigazete.gov.tr/eskiler/2023/03/20230315-15.pdf
2023-03-15,"–– Konya İli, Karatay ve Meram İlçelerinde Bulunan ve Listede İsimleri Belirtilen Yerlerde Arazi Toplulaştırması ve Tarla İçi Geliştirme Hizmetleri Yapılması Hakkında Karar (Karar Sayısı: 6948)",https://www.resmigazete.gov.tr/eskiler/2023/03/20230315-16.pdf
2023-03-15,–– Karapınar Enerji İhtisas Endüstri Bölgesi (II. Kısım) Sınırlarının Haritada Gösterildiği Şekilde Değiştirilmesi Hakkında Karar (Karar Sayısı: 6949),https://www.resmigazete.gov.tr/eskiler/2023/03/20230315-17.pdf
2023-03-15,–– Bursa-Kayapa-Hasanağa-Mustafakemalpaşa İl Yolu Projesi Kapsamında Bazı Taşınmazların Karayolları Genel Müdürlüğü Tarafından Acele Kamulaştırılmasına İlişkin Kararın Yürürlüğe Konulması Hakkında Karar (Karar Sayısı: 6950),https://www.resmigazete.gov.tr/eskiler/2023/03/20230315-18.pdf
2023-03-15,"–– İzmir-Aliağa Devlet Yolu, Nemport ve TCDD Lojistik Saha Bağlantı Kavşağı Projesi Kapsamında Bazı Taşınmazların Karayolları Genel Müdürlüğü Tarafından Acele Kamulaştırılmasına İlişkin Kararın Yürürlüğe Konulması Hakkında Karar (Karar Sayısı: 6951)",https://www.resmigazete.gov.tr/eskiler/2023/03/20230315-19.pdf
2023-03-15,–– Kamulaştırma Bilgileri ve Güzergâhları Gösterilen Enerji Nakil Hatlarının Yapımı Amacıyla Söz Konusu Güzergâhlara İsabet Eden Taşınmazların Türkiye Elektrik Dağıtım Anonim Şirketi Genel Müdürlüğü Tarafından Acele Kamulaştırılması Hakkında Karar (Karar Sayısı: 6952),https://www.resmigazete.gov.tr/eskiler/2023/03/20230315-20.pdf
2023-03-15,–– 154 kV Barhal Havza Transformatör Merkezi Sahası ve Bağlantı Yolu Projesi Kapsamında Gösterilen Sahaya İsabet Eden Bazı Taşınmazların Türkiye Elektrik İletim Anonim Şirketi Genel Müdürlüğü Tarafından Acele Kamulaştırılması Hakkında Karar (Karar Sayısı: 6953),https://www.resmigazete.gov.tr/eskiler/2023/03/20230315-21.pdf
2023-03-15,"–– Birecik-Halfeti İlçeleri Sahil Yolu Islah Projesi Kapsamında Toprak Kayması ve Kaya Düşmesi Olaylarının Önüne Geçilmesi ile Can ve Mal Güvenliğinin Sağlanması Amacıyla Şanlıurfa İli, Birecik İlçesi, Saha Mahallesi Sınırları İçerisinde Bulunan ve Listede Ada/Parsel Numaraları Belirtilen Taşınmazların Şanlıurfa Büyükşehir Belediye Başkanlığı Tarafından Acele Kamulaştırılması Hakkında Karar (Karar Sayısı: 6954)",https://www.resmigazete.gov.tr/eskiler/2023/03/20230315-22.pdf
2023-03-15,"–– “Çınarcık İçmesuyu Tesisleri Projesi” Kapsamındaki İçme Suyu Arıtma Tesisi ve Depo Yerleri ile İsale Hattının Yapımı Amacıyla, Bursa İli, Nilüfer İlçesinde Bulunan ve Kroki ile Listede Bulundukları Yer ve Ada/Parsel Numaraları Belirtilen Özel Mülkiyete Konu Taşınmazların, Bursa Su ve Kanalizasyon İdaresi Genel Müdürlüğü Tarafından Acele Kamulaştırılması Hakkında Karar (Karar Sayısı: 6955)",https://www.resmigazete.gov.tr/eskiler/2023/03/20230315-23.pdf
2023-03-15,"–– Cumhurbaşkanlığı Tarafından Yapılan Atamalar Hakkında Kararlar (Karar: 2023/134, 135, 136, 137, 138, 139, 140, 141, 142, 143, 144, 145, 146, 147, 148, 149, 150, 151, 152, 153)",https://www.resmigazete.gov.tr/eskiler/2023/03/20230315-24.pdf
2023-03-15,–– Kalkınma Ajansları Proje ve Faaliyet Destekleme Yönetmeliğinde Değişiklik Yapılmasına Dair Yönetmelik,https://www.resmigazete.gov.tr/eskiler/2023/03/20230315-25.htm
2023-03-15,–– Tarımda Kullanılan Gübrelerin Piyasa Gözetimi ve Denetimi Yönetmeliğinde Değişiklik Yapılmasına Dair Yönetmelik,https://www.resmigazete.gov.tr/eskiler/2023/03/20230315-26.htm
2023-03-15,–– Haksız Fiyat Değerlendirme Kurulu Yönetmeliğinde Değişiklik Yapılmasına Dair Yönetmelik,https://www.resmigazete.gov.tr/eskiler/2023/03/20230315-27.htm
2023-03-15,–– Sosyal Sigorta İşlemleri Yönetmeliğinde Değişiklik Yapılmasına Dair Yönetmelik,https://www.resmigazete.gov.tr/eskiler/2023/03/20230315-28.htm
2023-03-15,–– Cumhurbaşkanlığı Seçimi ve 28. Dönem Milletvekili Genel Seçimi ile İlgili 2023/6 Sayılı Cumhurbaşkanlığı Genelgesi,https://www.resmigazete.gov.tr/eskiler/2023/03/20230315-29.pdf
2023-03-15,"–– Anayasa Mahkemesinin 29/12/2022 Tarihli ve E: 2019/12, K: 2022/164 Sayılı Kararı",https://www.resmigazete.gov.tr/eskiler/2023/03/20230315-30.pdf
2023-03-15,"–– Anayasa Mahkemesinin 29/12/2022 Tarihli ve E: 2021/6, K: 2022/166 Sayılı Kararı",https://www.resmigazete.gov.tr/eskiler/2023/03/20230315-31.pdf
2023-03-15,–– Danıştay İkinci Dairesine Ait Kararlar,https://www.resmigazete.gov.tr/eskiler/2023/03/20230315-32.pdf
2023-03-15,–– Yüksek Seçim Kurulunun 14/03/2023 Tarihli ve 2023/111 Sayılı Kararı,https://www.resmigazete.gov.tr/eskiler/2023/03/20230315-33.pdf
2023-03-15,–– Yüksek Seçim Kurulunun 14/03/2023 Tarihli ve 2023/112 Sayılı Kararı,https://www.resmigazete.gov.tr/eskiler/2023/03/20230315-34.pdf
2023-03-15,"a - Artırma, Eksiltme ve İhale İlânları",http://www.resmigazete.gov.tr/main.aspx?home=http://www.resmigazete.gov.tr/ilanlar/eskiilanlar/2023/03/20230315.htm&main=http://www.resmigazete.gov.tr/ilanlar/eskiilanlar/2023/03/20230315-3.htm
2023-03-15,- Çeşitli İlânlar,http://www.resmigazete.gov.tr/main.aspx?home=http://www.resmigazete.gov.tr/ilanlar/eskiilanlar/2023/03/20230315.htm&main=http://www.resmigazete.gov.tr/ilanlar/eskiilanlar/2023/03/20230315-4.htm
2023-03-15,– T.C. Merkez Bankasınca Belirlenen Döviz Kurları ve Devlet İç Borçlanma Senetlerinin Günlük Değerleri,http://www.resmigazete.gov.tr/main.aspx?home=http://www.resmigazete.gov.tr/ilanlar/eskiilanlar/2023/03/20230315.htm&main=http://www.resmigazete.gov.tr/ilanlar/eskiilanlar/2023/03/20230315-5.htm
2023-03-16,"1358 Kahramanmaraş Merkezli Depremlerin Sonuçlarının Tüm Yönleriyle Araştırılması, Depreme Dirençli Yapı Stokunun Oluşturulması ve Kentsel Dönüşüm Uygulamalarının Etkinliğinin Artırılması İçin Alınması Gereken Tedbirlerin Belirlenmesi Amacıyla Kurulan Meclis Araştırması Komisyonuna Üye Seçimine Dair Karar",https://www.resmigazete.gov.tr/eskiler/2023/03/20230316-1.pdf
2023-03-16,–– 154 kV (Kocaeli 380 TM-Köseköy TM) Brş.N.- Kartepe Sınai TM Enerji İletim Hattı Projesi Kapsamında Gösterilen Taşınmazların Türkiye Elektrik İletim Anonim Şirketi Genel Müdürlüğü Tarafından Acele Kamulaştırılması Hakkında Karar (Karar Sayısı: 6960),https://www.resmigazete.gov.tr/eskiler/2023/03/20230316-2.pdf
2023-03-16,"–– Erzincan İli, Merkez İlçesi, Hocabey Mahallesi Sınırları İçerisinde Bulunan Bazı Taşınmazların, Bölgede Yürütülen Kentsel Dönüşüm ve Gelişim Projesi Kapsamında Erzincan Belediye Başkanlığı Tarafından Acele Kamulaştırılması Hakkında Karar (Karar Sayısı: 6961)",https://www.resmigazete.gov.tr/eskiler/2023/03/20230316-3.pdf
2023-03-16,"–– Malatya İli, Battalgazi İlçesi, Hidayet ve Hanımınçiftliği Mahalleleri Sınırları İçerisinde Bulunan Bazı Taşınmazların, Bölgede Yürütülen Kentsel Dönüşüm ve Gelişim Projesi Kapsamında Malatya Büyükşehir Belediye Başkanlığı Tarafından Acele Kamulaştırılması Hakkında Karar (Karar Sayısı: 6962)",https://www.resmigazete.gov.tr/eskiler/2023/03/20230316-4.pdf
2023-03-16,–– 2023 Yılı Sulama Tesisleri İşletme ve Bakım Ücret Tarifelerine İlişkin Kararın Yürürlüğe Konulması Hakkında Karar (Karar Sayısı: 6963),https://www.resmigazete.gov.tr/eskiler/2023/03/20230316-5.pdf
2023-03-16,"–– Bazı Alanların Turizm Merkezi ile Kültür ve Turizm Koruma ve Gelişim Bölgesi Olarak Tespit ve İlan Edilmesine İlişkin 22/2/2023 Tarihli ve 6835 Sayılı Cumhurbaşkanı Kararının Eki 2, 3 ve 4 Sayılı Haritaların Değiştirilmesi Hakkında Karar (Karar Sayısı: 6964)",https://www.resmigazete.gov.tr/eskiler/2023/03/20230316-6.pdf
2023-03-16,–– Sınır ve Koordinatları Gösterilen Alanın “Iğdır Üniversitesi Serhat Teknoloji Geliştirme Bölgesi” Olarak Tespit Edilmesi Hakkında Karar (Karar Sayısı: 6965),https://www.resmigazete.gov.tr/eskiler/2023/03/20230316-7.pdf
2023-03-16,–– Sözleşmeli Personel Çalıştırılmasına İlişkin Esaslarda Değişiklik Yapılmasına Dair Esaslar (Karar Sayısı: 6966),https://www.resmigazete.gov.tr/eskiler/2023/03/20230316-8.pdf
2023-03-16,–– Bazı Anlaşmaların Yürürlüğe Girdiği Tarihlerin Tespit Edilmesi Hakkında Karar (Karar Sayısı: 6967),https://www.resmigazete.gov.tr/eskiler/2023/03/20230316-9.pdf
2023-03-16,–– Devlet Memurlarının Yer Değiştirme Suretiyle Atanmalarına İlişkin Yönetmelikte Değişiklik Yapılmasına Dair Yönetmelik (Karar Sayısı: 6968),https://www.resmigazete.gov.tr/eskiler/2023/03/20230316-10.pdf
2023-03-16,–– Turizm Tesislerinin Niteliklerine İlişkin Yönetmelikte Değişiklik Yapılmasına Dair Yönetmelik (Karar Sayısı: 6969),https://www.resmigazete.gov.tr/eskiler/2023/03/20230316-11.pdf
2023-03-16,–– Yüksek İhtisas Üniversitesi Sağlık Uygulama ve Araştırma Merkezi Yönetmeliği,https://www.resmigazete.gov.tr/eskiler/2023/03/20230316-12.htm
2023-03-16,–– İnşaat Demiri İzleme Sistemi Uygulama Genel Tebliği,https://www.resmigazete.gov.tr/eskiler/2023/03/20230316-13.htm
2023-03-16,–– Anayasa Mahkemesinin 20/10/2022 Tarihli ve 2016/11193 Başvuru Numaralı Kararı,https://www.resmigazete.gov.tr/eskiler/2023/03/20230316-14.pdf
2023-03-16,–– Anayasa Mahkemesinin 20/10/2022 Tarihli ve 2018/20035 Başvuru Numaralı Kararı,https://www.resmigazete.gov.tr/eskiler/2023/03/20230316-15.pdf
2023-03-16,–– Anayasa Mahkemesinin 17/1/2023 Tarihli ve 2017/18826 Başvuru Numaralı Kararı,https://www.resmigazete.gov.tr/eskiler/2023/03/20230316-16.pdf
2023-03-16,–– Yüksek Seçim Kurulunun 15/03/2023 Tarihli ve 2023/123 Sayılı Kararı,https://www.resmigazete.gov.tr/eskiler/2023/03/20230316-17.pdf
2023-03-16,–– Yüksek Seçim Kurulunun 15/03/2023 Tarihli ve 2023/124 Sayılı Kararı,https://www.resmigazete.gov.tr/eskiler/2023/03/20230316-18.pdf
2023-03-16,–– Yüksek Seçim Kurulunun 15/03/2023 Tarihli ve 2023/125 Sayılı Kararı,https://www.resmigazete.gov.tr/eskiler/2023/03/20230316-19.pdf
2023-03-16,–– Yüksek Seçim Kurulunun 15/03/2023 Tarihli ve 2023/126 Sayılı Kararı,https://www.resmigazete.gov.tr/eskiler/2023/03/20230316-20.pdf
2023-03-16,–– Yüksek Seçim Kurulunun 15/03/2023 Tarihli ve 2023/127 Sayılı Kararı,https://www.resmigazete.gov.tr/eskiler/2023/03/20230316-21.pdf
2023-03-16,–– Yüksek Seçim Kurulunun 15/03/2023 Tarihli ve 2023/128 Sayılı Kararı,https://www.resmigazete.gov.tr/eskiler/2023/03/20230316-22.pdf
2023-03-16,a - Yargı İlânları,http://www.resmigazete.gov.tr/main.aspx?home=http://www.resmigazete.gov.tr/ilanlar/eskiilanlar/2023/03/20230316.htm&main=http://www.resmigazete.gov.tr/ilanlar/eskiilanlar/2023/03/20230316-2.htm
2023-03-16,"b - Artırma, Eksiltme ve İhale İlânları",http://www.resmigazete.gov.tr/main.aspx?home=http://www.resmigazete.gov.tr/ilanlar/eskiilanlar/2023/03/20230316.htm&main=http://www.resmigazete.gov.tr/ilanlar/eskiilanlar/2023/03/20230316-3.htm
2023-03-16,c - Çeşitli İlânlar,http://www.resmigazete.gov.tr/main.aspx?home=http://www.resmigazete.gov.tr/ilanlar/eskiilanlar/2023/03/20230316.htm&main=http://www.resmigazete.gov.tr/ilanlar/eskiilanlar/2023/03/20230316-4.htm
2023-03-16,– T.C. Merkez Bankasınca Belirlenen Döviz Kurları ve Devlet İç Borçlanma Senetlerinin Günlük Değerleri,http://www.resmigazete.gov.tr/main.aspx?home=http://www.resmigazete.gov.tr/ilanlar/eskiilanlar/2023/03/20230316.htm&main=http://www.resmigazete.gov.tr/ilanlar/eskiilanlar/2023/03/20230316-5.htm
2023-03-16,"16/03/2023 tarihli ve 32134 mükerrer sayılı Resmî Gazete’de, Yönetmelik ve Tebliğler yayımlanmıştır.",http://www.resmigazete.gov.tr/eskiler/2023/03/20230316M1.htm
2023-03-17,–– Bazı Büyük Ova Koruma Alanlarının Sınırlarına İlişkin Haritalarda Düzeltme Yapılması Hakkında Karar (Karar Sayısı: 6972),https://www.resmigazete.gov.tr/eskiler/2023/03/20230317-1.pdf
2023-03-17,–– Nükleer Tesislere Lisans Verilmesine İlişkin Tüzüğünün Yürürlükten Kaldırılmasına Dair Karar (Karar Sayısı: 6973),https://www.resmigazete.gov.tr/eskiler/2023/03/20230317-2.pdf
2023-03-17,–– Çarşı ve Mahalle Bekçiliğine Giriş ve Eğitim-Öğretim Yönetmeliği,https://www.resmigazete.gov.tr/eskiler/2023/03/20230317-3.htm
2023-03-17,–– Kamu Taşınmazlarının Turizm Yatırımlarına Tahsisi Hakkında Yönetmelikte Değişiklik Yapılmasına Dair Yönetmelik,https://www.resmigazete.gov.tr/eskiler/2023/03/20230317-4.htm
2023-03-17,–– Nükleer Güvenlik Danışma Komitesinin Kuruluş ve Çalışma Yöntemleri Yönetmeliğinin Yürürlükten Kaldırılmasına Dair Yönetmelik,https://www.resmigazete.gov.tr/eskiler/2023/03/20230317-5.htm
2023-03-17,–– Nükleer Tesislere İlişkin Yetkilendirmeler Yönetmeliği,https://www.resmigazete.gov.tr/eskiler/2023/03/20230317-6.htm
2023-03-17,"–– Enerji Piyasası Düzenleme Kurulunun 16/03/2023 Tarihli ve 11727, 11728 Sayılı Kararları",https://www.resmigazete.gov.tr/eskiler/2023/03/20230317-7.pdf
2023-03-17,"–– Anayasa Mahkemesinin 26/10/2022 Tarihli ve E: 2018/82, K: 2022/126 Sayılı Kararı",https://www.resmigazete.gov.tr/eskiler/2023/03/20230317-14.pdf
2023-03-17,"–– Anayasa Mahkemesinin 26/10/2022 Tarihli ve E: 2018/85, K: 2022/127 Sayılı Kararı",https://www.resmigazete.gov.tr/eskiler/2023/03/20230317-15.pdf
2023-03-17,–– Anayasa Mahkemesinin 7/12/2022 Tarihli ve 2019/9545 Başvuru Numaralı Kararı,https://www.resmigazete.gov.tr/eskiler/2023/03/20230317-8.pdf
2023-03-17,–– Anayasa Mahkemesinin 18/1/2023 Tarihli ve 2019/1419 Başvuru Numaralı Kararı,https://www.resmigazete.gov.tr/eskiler/2023/03/20230317-9.pdf
2023-03-17,"–– Yüksek Seçim Kurulunun 15/03/2023 Tarihli ve 2023/129 Sayılı Kararı ve Eki Sandık Kurullarının Oluşumu, Görev ve Yetkilerini Gösterir 135 Sayılı Genelge",https://www.resmigazete.gov.tr/eskiler/2023/03/20230317-10.pdf
2023-03-17,–– Yüksek Seçim Kurulunun 15/03/2023 Tarihli ve 2023/130 Sayılı Kararı,https://www.resmigazete.gov.tr/eskiler/2023/03/20230317-11.pdf
2023-03-17,–– Yüksek Seçim Kurulunun 15/03/2023 Tarihli ve 2023/131 Sayılı Kararı ve Eki Seyyar Sandık Kurullarının Oluşumu ile Görev ve Yetkilerini Gösterir 135/II Sayılı Genelge,https://www.resmigazete.gov.tr/eskiler/2023/03/20230317-12.pdf
2023-03-17,"–– Yüksek Seçim Kurulunun 15/03/2023 Tarihli ve 2023/132 Sayılı Kararı ve Eki İl, İlçe ve Geçici İlçe Seçim Kurullarının Görev ve Yetkilerini Gösterir 139 Sayılı Genelge",https://www.resmigazete.gov.tr/eskiler/2023/03/20230317-13.pdf
2023-03-17,a - Yargı İlânları,http://www.resmigazete.gov.tr/main.aspx?home=http://www.resmigazete.gov.tr/ilanlar/eskiilanlar/2023/03/20230317.htm&main=http://www.resmigazete.gov.tr/ilanlar/eskiilanlar/2023/03/20230317-2.htm
2023-03-17,"b - Artırma, Eksiltme ve İhale İlânları",http://www.resmigazete.gov.tr/main.aspx?home=http://www.resmigazete.gov.tr/ilanlar/eskiilanlar/2023/03/20230317.htm&main=http://www.resmigazete.gov.tr/ilanlar/eskiilanlar/2023/03/20230317-3.htm
2023-03-17,c - Çeşitli İlânlar,http://www.resmigazete.gov.tr/main.aspx?home=http://www.resmigazete.gov.tr/ilanlar/eskiilanlar/2023/03/20230317.htm&main=http://www.resmigazete.gov.tr/ilanlar/eskiilanlar/2023/03/20230317-4.htm
2023-03-17,– T.C. Merkez Bankasınca Belirlenen Döviz Kurları ve Devlet İç Borçlanma Senetlerinin Günlük Değerleri,http://www.resmigazete.gov.tr/main.aspx?home=http://www.resmigazete.gov.tr/ilanlar/eskiilanlar/2023/03/20230317.htm&main=http://www.resmigazete.gov.tr/ilanlar/eskiilanlar/2023/03/20230317-5.htm
2023-03-18,–– Elektronik Ürün Senedi Yönetmeliğinde Değişiklik Yapılmasına Dair Yönetmelik,https://www.resmigazete.gov.tr/eskiler/2023/03/20230318-1.htm
2023-03-18,–– Tarım Ürünleri Lisanslı Depoculuk Yönetmeliğinde Değişiklik Yapılmasına Dair Yönetmelik,https://www.resmigazete.gov.tr/eskiler/2023/03/20230318-2.htm
2023-03-18,"–– Yetkili Sınıflandırıcıların Lisans Alma, Faaliyet ve Denetimi Hakkında Yönetmelikte Değişiklik Yapılmasına Dair Yönetmelik",https://www.resmigazete.gov.tr/eskiler/2023/03/20230318-3.htm
2023-03-18,–– Beykent Üniversitesi Lisansüstü Eğitim ve Öğretim Yönetmeliğinde Değişiklik Yapılmasına Dair Yönetmelik,https://www.resmigazete.gov.tr/eskiler/2023/03/20230318-4.htm
2023-03-18,–– Dış Ticaret Sermaye Şirketlerine İlişkin Karar,https://www.resmigazete.gov.tr/eskiler/2023/03/20230318-5.pdf
2023-03-18,–– Danıştay İkinci Dairesine Ait Kararlar,https://www.resmigazete.gov.tr/eskiler/2023/03/20230318-6.pdf
2023-03-18,–– Yüksek Seçim Kurulunun 16/03/2023 Tarihli ve 2023/145 Sayılı Kararı ve Eki Yurt Dışı Seçim İş ve İşlemleri Harcamalarında Uygulanacak Usul ve Esaslara Dair 200 Sayılı Genelge,https://www.resmigazete.gov.tr/eskiler/2023/03/20230318-7.pdf
2023-03-18,–– Yüksek Seçim Kurulunun 16/03/2023 Tarihli ve 2023/146 Sayılı Kararı ve Eki Cumhurbaşkanı Seçiminde Cumhurbaşkanı Adaylarına Yapılacak Yardım ve Bağışlar ile Adayların Mal Bildirimine İlişkin Usul ve Esasları Gösterir 201 Sayılı Genelge,https://www.resmigazete.gov.tr/eskiler/2023/03/20230318-8.pdf
2023-03-18,a - Yargı İlânları,http://www.resmigazete.gov.tr/main.aspx?home=http://www.resmigazete.gov.tr/ilanlar/eskiilanlar/2023/03/20230318.htm&main=http://www.resmigazete.gov.tr/ilanlar/eskiilanlar/2023/03/20230318-2.htm
2023-03-18,"b - Artırma, Eksiltme ve İhale İlânları",http://www.resmigazete.gov.tr/main.aspx?home=http://www.resmigazete.gov.tr/ilanlar/eskiilanlar/2023/03/20230318.htm&main=http://www.resmigazete.gov.tr/ilanlar/eskiilanlar/2023/03/20230318-3.htm
2023-03-18,c - Çeşitli İlânlar,http://www.resmigazete.gov.tr/main.aspx?home=http://www.resmigazete.gov.tr/ilanlar/eskiilanlar/2023/03/20230318.htm&main=http://www.resmigazete.gov.tr/ilanlar/eskiilanlar/2023/03/20230318-4.htm
2023-03-18,– T.C. Merkez Bankasınca Belirlenen Döviz Kurları ve Devlet İç Borçlanma Senetlerinin Günlük Değerleri,http://www.resmigazete.gov.tr/main.aspx?home=http://www.resmigazete.gov.tr/ilanlar/eskiilanlar/2023/03/20230318.htm&main=http://www.resmigazete.gov.tr/ilanlar/eskiilanlar/2023/03/20230318-5.htm
2023-03-19,–– Ankara Sosyal Bilimler Üniversitesi Lisansüstü Eğitim-Öğretim Yönetmeliğinde Değişiklik Yapılmasına Dair Yönetmelik,https://www.resmigazete.gov.tr/eskiler/2023/03/20230319-1.htm
2023-03-19,–– Araştırma ve Geliştirme Destek Programına İlişkin Tebliğ (No: 2023/6),https://www.resmigazete.gov.tr/eskiler/2023/03/20230319-2.htm
2023-03-19,–– Yüksek Seçim Kurulunun 17/03/2023 Tarihli ve 2023/151 Sayılı Kararı ve Eki Gümrük Kapılarında Görev Yapacak Gümrük Kapısı Geçici Seçim Kurulları ve Sandık Kurullarının Görev ve Yetkileri ile Gümrük Kapılarındaki Oy Verme İşlemlerine İlişkin 145 Sayılı Genelge,https://www.resmigazete.gov.tr/eskiler/2023/03/20230319-3.pdf
2023-03-19,a - Yargı İlânları,http://www.resmigazete.gov.tr/main.aspx?home=http://www.resmigazete.gov.tr/ilanlar/eskiilanlar/2023/03/20230319.htm&main=http://www.resmigazete.gov.tr/ilanlar/eskiilanlar/2023/03/20230319-2.htm
2023-03-19,"b - Artırma, Eksiltme ve İhale İlânları",http://www.resmigazete.gov.tr/main.aspx?home=http://www.resmigazete.gov.tr/ilanlar/eskiilanlar/2023/03/20230319.htm&main=http://www.resmigazete.gov.tr/ilanlar/eskiilanlar/2023/03/20230319-3.htm
2023-03-19,c - Çeşitli İlânlar,http://www.resmigazete.gov.tr/main.aspx?home=http://www.resmigazete.gov.tr/ilanlar/eskiilanlar/2023/03/20230319.htm&main=http://www.resmigazete.gov.tr/ilanlar/eskiilanlar/2023/03/20230319-4.htm
2023-03-19,– T.C. Merkez Bankasınca Belirlenen Devlet İç Borçlanma Senetlerinin Günlük Değerleri,http://www.resmigazete.gov.tr/main.aspx?home=http://www.resmigazete.gov.tr/ilanlar/eskiilanlar/2023/03/20230319.htm&main=http://www.resmigazete.gov.tr/ilanlar/eskiilanlar/2023/03/20230319-5.htm
2023-03-20,–– Atılım Üniversitesi Metal Şekillendirme Mükemmeliyet Uygulama ve Araştırma Merkezi Yönetmeliği,https://www.resmigazete.gov.tr/eskiler/2023/03/20230320-1.htm
2023-03-20,"–– Yüksek Seçim Kurulunun 18/03/2023 Tarihli ve 2023/152 Sayılı Kararı ve Eki Yurt Dışında Kullanılacak Seçim Malzemelerinin Mahalline Gönderilmesi, Kullanılan Oy Pusulalarının Yurt Dışı İlçe Seçim Kuruluna Ulaştırılması, Kargo İşlemleri ve Süreci ile Sınır Ülkelerden Diplomatik Kurye Aracılığıyla Getirilecek Malzemelerin Tesliminin Usul ve Esaslarına Dair 203 Sayılı Genelge",https://www.resmigazete.gov.tr/eskiler/2023/03/20230320-2.pdf
2023-03-20,–– Yüksek Seçim Kurulunun 19/03/2023 Tarihli ve 2023/153 Sayılı Kararı ve Eki SEÇSİS - SSPS Sandık Sonuçları Paylaşım Sistemi Kullanımına İlişkin Usul ve Esasları Gösterir Genelge,https://www.resmigazete.gov.tr/eskiler/2023/03/20230320-3.pdf
2023-03-20,a - Yargı İlânları,http://www.resmigazete.gov.tr/main.aspx?home=http://www.resmigazete.gov.tr/ilanlar/eskiilanlar/2023/03/20230320.htm&main=http://www.resmigazete.gov.tr/ilanlar/eskiilanlar/2023/03/20230320-2.htm
2023-03-20,"b - Artırma, Eksiltme ve İhale İlânları",http://www.resmigazete.gov.tr/main.aspx?home=http://www.resmigazete.gov.tr/ilanlar/eskiilanlar/2023/03/20230320.htm&main=http://www.resmigazete.gov.tr/ilanlar/eskiilanlar/2023/03/20230320-3.htm
2023-03-20,c - Çeşitli İlânlar,http://www.resmigazete.gov.tr/main.aspx?home=http://www.resmigazete.gov.tr/ilanlar/eskiilanlar/2023/03/20230320.htm&main=http://www.resmigazete.gov.tr/ilanlar/eskiilanlar/2023/03/20230320-4.htm
2023-03-20,– T.C. Merkez Bankasınca Belirlenen Devlet İç Borçlanma Senetlerinin Günlük Değerleri,http://www.resmigazete.gov.tr/main.aspx?home=http://www.resmigazete.gov.tr/ilanlar/eskiilanlar/2023/03/20230320.htm&main=http://www.resmigazete.gov.tr/ilanlar/eskiilanlar/2023/03/20230320-5.htm
2023-03-21,7441 Afet Yeniden İmar Fonunun Kurulması Hakkında Kanun,https://www.resmigazete.gov.tr/eskiler/2023/03/20230321-11.htm
2023-03-21,1359 Balıkçılık ve Su Ürünleri Sektöründe Yaşanan Sorunların Araştırılarak Alınması Gereken Tedbirlerin Belirlenmesi Amacıyla Bir Meclis Araştırması Komisyonu Kurulmasına Dair Karar,https://www.resmigazete.gov.tr/eskiler/2023/03/20230321-9.pdf
2023-03-21,–– Olağanüstü Hal Kapsamında Enerji Tüketim Bedellerinin Terkinine Dair Cumhurbaşkanlığı Kararnamesi (Kararname Numarası: 137),https://www.resmigazete.gov.tr/eskiler/2023/03/20230321-12.pdf
2023-03-21,–– 6/2/2023 Tarihinde Meydana Gelen Depremler Nedeniyle Zarar Gören Bazı İllerdeki Tüketicilerin Elektrik ve Doğal Gaz Tüketimlerine Yönelik Tahakkuk ve Tahsilat İşlemlerinin Ertelenmesine Dair Karar (Karar Sayısı: 6974),https://www.resmigazete.gov.tr/eskiler/2023/03/20230321-13.pdf
2023-03-21,–– Mersin Üniversitesi Tıp Fakültesi Öğretim ve Sınav Yönetmeliğinde Değişiklik Yapılmasına Dair Yönetmelik,https://www.resmigazete.gov.tr/eskiler/2023/03/20230321-1.htm
2023-03-21,–– Anayasa Mahkemesinin 1/12/2022 Tarihli ve 2018/15851 Başvuru Numaralı Kararı,https://www.resmigazete.gov.tr/eskiler/2023/03/20230321-10.pdf
2023-03-21,–– Anayasa Mahkemesinin 17/11/2022 Tarihli ve 2018/12653 Başvuru Numaralı Kararı,https://www.resmigazete.gov.tr/eskiler/2023/03/20230321-2.pdf
2023-03-21,–– Anayasa Mahkemesinin 8/12/2022 Tarihli ve 2019/39998 Başvuru Numaralı Kararı,https://www.resmigazete.gov.tr/eskiler/2023/03/20230321-3.pdf
2023-03-21,–– Anayasa Mahkemesinin 21/12/2022 Tarihli ve 2019/14001 Başvuru Numaralı Kararı,https://www.resmigazete.gov.tr/eskiler/2023/03/20230321-4.pdf
2023-03-21,–– Anayasa Mahkemesinin 19/1/2023 Tarihli ve 2019/37305 Başvuru Numaralı Kararı,https://www.resmigazete.gov.tr/eskiler/2023/03/20230321-5.pdf
2023-03-21,–– Anayasa Mahkemesinin 19/1/2023 Tarihli ve 2020/5353 Başvuru Numaralı Kararı,https://www.resmigazete.gov.tr/eskiler/2023/03/20230321-6.pdf
2023-03-21,–– Anayasa Mahkemesinin 1/2/2023 Tarihli ve 2019/38336 Başvuru Numaralı Kararı,https://www.resmigazete.gov.tr/eskiler/2023/03/20230321-7.pdf
2023-03-21,–– Anayasa Mahkemesinin 1/2/2023 Tarihli ve 2020/2395 Başvuru Numaralı Kararı,https://www.resmigazete.gov.tr/eskiler/2023/03/20230321-8.pdf
2023-03-21,a - Yargı İlânları,http://www.resmigazete.gov.tr/main.aspx?home=http://www.resmigazete.gov.tr/ilanlar/eskiilanlar/2023/03/20230321.htm&main=http://www.resmigazete.gov.tr/ilanlar/eskiilanlar/2023/03/20230321-2.htm
2023-03-21,"b - Artırma, Eksiltme ve İhale İlânları",http://www.resmigazete.gov.tr/main.aspx?home=http://www.resmigazete.gov.tr/ilanlar/eskiilanlar/2023/03/20230321.htm&main=http://www.resmigazete.gov.tr/ilanlar/eskiilanlar/2023/03/20230321-3.htm
2023-03-21,c - Çeşitli İlânlar,http://www.resmigazete.gov.tr/main.aspx?home=http://www.resmigazete.gov.tr/ilanlar/eskiilanlar/2023/03/20230321.htm&main=http://www.resmigazete.gov.tr/ilanlar/eskiilanlar/2023/03/20230321-4.htm
2023-03-21,– T.C. Merkez Bankasınca Belirlenen Döviz Kurları ve Devlet İç Borçlanma Senetlerinin Günlük Değerleri,http://www.resmigazete.gov.tr/main.aspx?home=http://www.resmigazete.gov.tr/ilanlar/eskiilanlar/2023/03/20230321.htm&main=http://www.resmigazete.gov.tr/ilanlar/eskiilanlar/2023/03/20230321-5.htm
2023-03-21,"21/03/2023 tarihli ve 32139 mükerrer sayılı Resmî Gazete’de, Yüksek Seçim Kurulu Kararı yayımlanmıştır.",http://www.resmigazete.gov.tr/eskiler/2023/03/20230321M1.htm
2023-03-22,–– Silahlı Kuvvetler Uzmanlığı Yönetmeliğinde Değişiklik Yapılmasına Dair Yönetmelik,https://www.resmigazete.gov.tr/eskiler/2023/03/20230322-1.htm
2023-03-22,–– Sosyal Güvenlik Kurumu Asgari İşçilik Tespit Komisyonunca Belirlenen Çeşitli İşkollarına Ait Asgari İşçilik Oranlarını Gösterir Tebliğde Değişiklik Yapılmasına Dair Tebliğ,https://www.resmigazete.gov.tr/eskiler/2023/03/20230322-2.htm
2023-03-22,–– Turkonay Elektronik Para ve Ödeme Hizmetleri A.Ş.’ye Elektronik Para Kuruluşu Olarak Faaliyet Göstermek Üzere Faaliyet İzni Verilmesine İlişkin Karar,https://www.resmigazete.gov.tr/eskiler/2023/03/20230322-3.pdf
2023-03-22,–– Anayasa Mahkemesinin 1/12/2022 Tarihli ve 2018/2540 Başvuru Numaralı Kararı,https://www.resmigazete.gov.tr/eskiler/2023/03/20230322-4.pdf
2023-03-22,a - Yargı İlânları,http://www.resmigazete.gov.tr/main.aspx?home=http://www.resmigazete.gov.tr/ilanlar/eskiilanlar/2023/03/20230322.htm&main=http://www.resmigazete.gov.tr/ilanlar/eskiilanlar/2023/03/20230322-2.htm
2023-03-22,"b - Artırma, Eksiltme ve İhale İlânları",http://www.resmigazete.gov.tr/main.aspx?home=http://www.resmigazete.gov.tr/ilanlar/eskiilanlar/2023/03/20230322.htm&main=http://www.resmigazete.gov.tr/ilanlar/eskiilanlar/2023/03/20230322-3.htm
2023-03-22,c - Çeşitli İlânlar,http://www.resmigazete.gov.tr/main.aspx?home=http://www.resmigazete.gov.tr/ilanlar/eskiilanlar/2023/03/20230322.htm&main=http://www.resmigazete.gov.tr/ilanlar/eskiilanlar/2023/03/20230322-4.htm
2023-03-22,– T.C. Merkez Bankasınca Belirlenen Döviz Kurları ve Devlet İç Borçlanma Senetlerinin Günlük Değerleri,http://www.resmigazete.gov.tr/main.aspx?home=http://www.resmigazete.gov.tr/ilanlar/eskiilanlar/2023/03/20230322.htm&main=http://www.resmigazete.gov.tr/ilanlar/eskiilanlar/2023/03/20230322-5.htm
2023-03-23,"–– Cumhurbaşkanlığı Tarafından Yapılan Atamalar Hakkında Kararlar (Karar: 2023/158, 159, 160, 161, 162, 163)",https://www.resmigazete.gov.tr/eskiler/2023/03/20230323-8.pdf
2023-03-23,–– 7440 Sayılı Kanun Kapsamında Gümrük Alacaklarının Yeniden Yapılandırılmasına İlişkin Tebliğ,https://www.resmigazete.gov.tr/eskiler/2023/03/20230323-1.htm
2023-03-23,–– İthalatta Gözetim Uygulanmasına İlişkin Tebliğ (No: 2023/7),https://www.resmigazete.gov.tr/eskiler/2023/03/20230323-2.htm
2023-03-23,"–– Anayasa Mahkemesinin 28/9/2022 Tarihli ve E: 2022/59, K: 2022/111 Sayılı Kararı",https://www.resmigazete.gov.tr/eskiler/2023/03/20230323-3.pdf
2023-03-23,"–– Anayasa Mahkemesinin 16/2/2023 Tarihli ve E: 2023/21, K: 2023/22 Sayılı Kararı",https://www.resmigazete.gov.tr/eskiler/2023/03/20230323-4.pdf
2023-03-23,"–– Anayasa Mahkemesinin 16/2/2023 Tarihli ve E: 2023/1, K: 2023/33 Sayılı Kararı",https://www.resmigazete.gov.tr/eskiler/2023/03/20230323-5.pdf
2023-03-23,–– Anayasa Mahkemesinin 18/1/2023 Tarihli ve 2020/3264 Başvuru Numaralı Kararı,https://www.resmigazete.gov.tr/eskiler/2023/03/20230323-6.pdf
2023-03-23,–– Anayasa Mahkemesinin 31/1/2023 Tarihli ve 2020/6926 Başvuru Numaralı Kararı,https://www.resmigazete.gov.tr/eskiler/2023/03/20230323-7.pdf
2023-03-23,a - Yargı İlânları,http://www.resmigazete.gov.tr/main.aspx?home=http://www.resmigazete.gov.tr/ilanlar/eskiilanlar/2023/03/20230323.htm&main=http://www.resmigazete.gov.tr/ilanlar/eskiilanlar/2023/03/20230323-2.htm
2023-03-23,"b - Artırma, Eksiltme ve İhale İlânları",http://www.resmigazete.gov.tr/main.aspx?home=http://www.resmigazete.gov.tr/ilanlar/eskiilanlar/2023/03/20230323.htm&main=http://www.resmigazete.gov.tr/ilanlar/eskiilanlar/2023/03/20230323-3.htm
2023-03-23,c - Çeşitli İlânlar,http://www.resmigazete.gov.tr/main.aspx?home=http://www.resmigazete.gov.tr/ilanlar/eskiilanlar/2023/03/20230323.htm&main=http://www.resmigazete.gov.tr/ilanlar/eskiilanlar/2023/03/20230323-4.htm
2023-03-23,– T.C. Merkez Bankasınca Belirlenen Döviz Kurları ve Devlet İç Borçlanma Senetlerinin Günlük Değerleri,http://www.resmigazete.gov.tr/main.aspx?home=http://www.resmigazete.gov.tr/ilanlar/eskiilanlar/2023/03/20230323.htm&main=http://www.resmigazete.gov.tr/ilanlar/eskiilanlar/2023/03/20230323-5.htm
2023-03-24,–– Türkiye Cumhuriyeti Hükümeti ve İsviçre Federal Konseyi Arasında Arkeolojik Kültür Varlıklarının Yasadışı İthali ve Transit Geçişinin Önlenmesi ile İadesine İlişkin Anlaşmanın Onaylanması Hakkında Karar (Karar Sayısı: 6988),https://www.resmigazete.gov.tr/eskiler/2023/03/20230324-1.pdf
2023-03-24,"–– Kahramanmaraş İli, Afşin İlçesinde Bulunan Alanın Afşin Sanayi Alanı Olarak Belirlenmesi Hakkında Karar (Karar Sayısı: 6989)",https://www.resmigazete.gov.tr/eskiler/2023/03/20230324-2.pdf
2023-03-24,–– İstanbul-Şile-Ağva Yolu ve Kavşak Bağlantı Yolu Projesi Kapsamında Araziye Girilebilmesi ve Yol Yapım Çalışmalarının Tamamlanabilmesi Amacıyla Bazı Taşınmazlar ile Üzerlerindeki Müştemilatın Karayolları Genel Müdürlüğü Tarafından Acele Kamulaştırılması Hakkında Karar (Karar Sayısı: 6990),https://www.resmigazete.gov.tr/eskiler/2023/03/20230324-3.pdf
2023-03-24,–– Sınır ve Koordinatları Gösterilen Alanın Hacettepe Üniversitesi Teknoloji Geliştirme Bölgesi Ek Alanı Olarak Tespit Edilmesi Hakkında Karar (Karar Sayısı: 6991),https://www.resmigazete.gov.tr/eskiler/2023/03/20230324-4.pdf
2023-03-24,–– Milli Eğitim Bakanlığına Bağlı Okul ve Kurumlara 2023-2024 Eğitim Öğretim Yılı İçin Isınma Amaçlı Kömür Dağıtımına İlişkin Karar (Karar Sayısı: 6992),https://www.resmigazete.gov.tr/eskiler/2023/03/20230324-5.pdf
2023-03-24,–– Vakıf Kültür Varlıklarının Onarımları ve Restorasyonları ile Çevre Düzenlemesine İlişkin Mal ve Hizmet Alımlarına Dair Usul ve Esaslarda Değişiklik Yapılması Hakkında Usul ve Esaslar (Karar Sayısı: 6993),https://www.resmigazete.gov.tr/eskiler/2023/03/20230324-6.pdf
2023-03-24,–– Türk Gıda Kodeksi Yönetmeliğinde Değişiklik Yapılmasına Dair Yönetmelik,https://www.resmigazete.gov.tr/eskiler/2023/03/20230324-7.htm
2023-03-24,–– Engelli Bireylere Yönelik Sınav Uygulamalarında ve Engelli Kontenjanında Aranacak Sağlık Şartlarına Dair Yönetmelikte Değişiklik Yapılmasına Dair Yönetmelik,https://www.resmigazete.gov.tr/eskiler/2023/03/20230324-8.htm
2023-03-24,–– Lisanslı Depolarda Muhafaza Edilen Tarımsal Ürünler İçin Destekleme Ödemesi Yapılması Hakkında Tebliğ (Tebliğ No: 2021/30)'de Değişiklik Yapılmasına Dair Tebliğ (No: 2023/21),https://www.resmigazete.gov.tr/eskiler/2023/03/20230324-9.htm
2023-03-24,"–– Anayasa Mahkemesinin 13/12/2022 Tarihli ve E: 2020/72, K: 2022/160 Sayılı Kararı",https://www.resmigazete.gov.tr/eskiler/2023/03/20230324-10.pdf
2023-03-24,–– Anayasa Mahkemesinin 28/12/2022 Tarihli ve 2016/14513 Başvuru Numaralı Kararı,https://www.resmigazete.gov.tr/eskiler/2023/03/20230324-11.pdf
2023-03-24,–– Yüksek Seçim Kurulunun 23/03/2023 Tarihli ve 2023/224 Sayılı Kararı ve Eki İlçe ve İl Seçim Kurullarının Seçim Sonuçlarına İlişkin Görevleri ile Yurt Düzeyi Seçim Sonuçlarının Belirlenmesinde Uygulanacak Usul ve Esaslara Dair 136 Sayılı Genelge,https://www.resmigazete.gov.tr/eskiler/2023/03/20230324-12.pdf
2023-03-24,–– Yüksek Seçim Kurulunun 23/03/2023 Tarihli ve 2023/225 Sayılı Kararı ve Eki 14 Mayıs 2023 Tarihinde Birlikte Yapılacak Olan Cumhurbaşkanı Seçimi ve 28. Dönem Milletvekili Genel Seçiminde Kullanılacak Birleşik Oy Pusulaları ile Görme Engelli Oy Kullanma Şablonu Üretimi İşinde Uygulanacak Usul ve Esasları Gösterir Şartname,https://www.resmigazete.gov.tr/eskiler/2023/03/20230324-13.pdf
2023-03-24,a - Yargı İlânları,http://www.resmigazete.gov.tr/main.aspx?home=http://www.resmigazete.gov.tr/ilanlar/eskiilanlar/2023/03/20230324.htm&main=http://www.resmigazete.gov.tr/ilanlar/eskiilanlar/2023/03/20230324-2.htm
2023-03-24,"b - Artırma, Eksiltme ve İhale İlânları",http://www.resmigazete.gov.tr/main.aspx?home=http://www.resmigazete.gov.tr/ilanlar/eskiilanlar/2023/03/20230324.htm&main=http://www.resmigazete.gov.tr/ilanlar/eskiilanlar/2023/03/20230324-3.htm
2023-03-24,c - Çeşitli İlânlar,http://www.resmigazete.gov.tr/main.aspx?home=http://www.resmigazete.gov.tr/ilanlar/eskiilanlar/2023/03/20230324.htm&main=http://www.resmigazete.gov.tr/ilanlar/eskiilanlar/2023/03/20230324-4.htm
2023-03-24,– T.C. Merkez Bankasınca Belirlenen Döviz Kurları ve Devlet İç Borçlanma Senetlerinin Günlük Değerleri,http://www.resmigazete.gov.tr/main.aspx?home=http://www.resmigazete.gov.tr/ilanlar/eskiilanlar/2023/03/20230324.htm&main=http://www.resmigazete.gov.tr/ilanlar/eskiilanlar/2023/03/20230324-5.htm
2023-03-24,"24/03/2023 tarihli ve 32142 mükerrer sayılı Resmî Gazete’de, Milletlerarası Andlaşma yayımlanmıştır.",http://www.resmigazete.gov.tr/eskiler/2023/03/20230324M1.htm
2023-03-25,"–– Çevre, Şehircilik ve İklim Değişikliği Bakanlığı Personeli Görevde Yükselme ve Unvan Değişikliği Yönetmeliğinde Değişiklik Yapılmasına Dair Yönetmelik",https://www.resmigazete.gov.tr/eskiler/2023/03/20230325-1.htm
2023-03-25,–– Ulaştırma ve Altyapı Bakanlığı Personeli Görevde Yükselme ve Unvan Değişikliği Yönetmeliğinde Değişiklik Yapılmasına Dair Yönetmelik,https://www.resmigazete.gov.tr/eskiler/2023/03/20230325-2.htm
2023-03-25,"–– Türkiye Enerji, Nükleer ve Maden Araştırma Kurumu Sözleşmeli Personel Yönetmeliğinde Değişiklik Yapılmasına Dair Yönetmelik",https://www.resmigazete.gov.tr/eskiler/2023/03/20230325-3.htm
2023-03-25,–– Bazı Alacakların Yeniden Yapılandırılmasına Dair 7440 Sayılı Kanun Genel Tebliği (Seri No: 1),https://www.resmigazete.gov.tr/eskiler/2023/03/20230325-4.pdf
2023-03-25,–– Bazı Alacakların Yeniden Yapılandırılmasına Dair 7440 Sayılı Kanun Genel Tebliği (Seri No: 2),https://www.resmigazete.gov.tr/eskiler/2023/03/20230325-5.htm
2023-03-25,–– Vakıflara Vergi Muafiyeti Tanınması Hakkında Genel Tebliğ (Seri No: 5),https://www.resmigazete.gov.tr/eskiler/2023/03/20230325-7.htm
2023-03-25,–– 7440 Sayılı Kanunun 10 uncu Maddesinin Yedinci Fıkrasına (Araç Muayenelerine) Dair Tebliğ (Seri No: 1),https://www.resmigazete.gov.tr/eskiler/2023/03/20230325-6.htm
2023-03-25,–– İhracı Kayda Bağlı Mallara İlişkin Tebliğ (Tebliğ No: İhracat 2006/7)’de Değişiklik Yapılmasına Dair Tebliğ (İhracat: 2023/6),https://www.resmigazete.gov.tr/eskiler/2023/03/20230325-8.htm
2023-03-25,"–– Enerji Piyasası Düzenleme Kurulunun 23/03/2023 Tarihli ve 11743, 11744, 11745, 11746 Sayılı Kararları",https://www.resmigazete.gov.tr/eskiler/2023/03/20230325-9.pdf
2023-03-25,"–– Bankacılık Düzenleme ve Denetleme Kurulunun 23/03/2023 Tarihli ve 10541, 10542, 10543 Sayılı Kararları",https://www.resmigazete.gov.tr/eskiler/2023/03/20230325-10.pdf
2023-03-25,a - Yargı İlânları,http://www.resmigazete.gov.tr/main.aspx?home=http://www.resmigazete.gov.tr/ilanlar/eskiilanlar/2023/03/20230325.htm&main=http://www.resmigazete.gov.tr/ilanlar/eskiilanlar/2023/03/20230325-2.htm
2023-03-25,"b - Artırma, Eksiltme ve İhale İlânları",http://www.resmigazete.gov.tr/main.aspx?home=http://www.resmigazete.gov.tr/ilanlar/eskiilanlar/2023/03/20230325.htm&main=http://www.resmigazete.gov.tr/ilanlar/eskiilanlar/2023/03/20230325-3.htm
2023-03-25,c - Çeşitli İlânlar,http://www.resmigazete.gov.tr/main.aspx?home=http://www.resmigazete.gov.tr/ilanlar/eskiilanlar/2023/03/20230325.htm&main=http://www.resmigazete.gov.tr/ilanlar/eskiilanlar/2023/03/20230325-4.htm
2023-03-25,– T.C. Merkez Bankasınca Belirlenen Döviz Kurları ve Devlet İç Borçlanma Senetlerinin Günlük Değerleri,http://www.resmigazete.gov.tr/main.aspx?home=http://www.resmigazete.gov.tr/ilanlar/eskiilanlar/2023/03/20230325.htm&main=http://www.resmigazete.gov.tr/ilanlar/eskiilanlar/2023/03/20230325-5.htm
2023-03-26,–– TED Üniversitesi Lisansüstü Eğitim-Öğretim Yönetmeliğinde Değişiklik Yapılmasına Dair Yönetmelik,https://www.resmigazete.gov.tr/eskiler/2023/03/20230326-1.htm
2023-03-26,–– 2023 Yılı Şubat Ayına Ait Yatırım Teşvik Belgeleri Listesi,https://www.resmigazete.gov.tr/eskiler/2023/03/20230326-2.pdf
2023-03-26,–– 2023 Yılı Şubat Ayına Ait Tamamlama Vizesi Yapılan Yatırım Teşvik Belgeleri Listesi,https://www.resmigazete.gov.tr/eskiler/2023/03/20230326-3.pdf
2023-03-26,–– 2023 Yılı Şubat Ayına Ait İptal Edilen Yatırım Teşvik Belgeleri,https://www.resmigazete.gov.tr/eskiler/2023/03/20230326-4.pdf
2023-03-26,a - Yargı İlânları,http://www.resmigazete.gov.tr/main.aspx?home=http://www.resmigazete.gov.tr/ilanlar/eskiilanlar/2023/03/20230326.htm&main=http://www.resmigazete.gov.tr/ilanlar/eskiilanlar/2023/03/20230326-2.htm
2023-03-26,"b - Artırma, Eksiltme ve İhale İlânları",http://www.resmigazete.gov.tr/main.aspx?home=http://www.resmigazete.gov.tr/ilanlar/eskiilanlar/2023/03/20230326.htm&main=http://www.resmigazete.gov.tr/ilanlar/eskiilanlar/2023/03/20230326-3.htm
2023-03-26,c - Çeşitli İlânlar,http://www.resmigazete.gov.tr/main.aspx?home=http://www.resmigazete.gov.tr/ilanlar/eskiilanlar/2023/03/20230326.htm&main=http://www.resmigazete.gov.tr/ilanlar/eskiilanlar/2023/03/20230326-4.htm
2023-03-26,– T.C. Merkez Bankasınca Belirlenen Devlet İç Borçlanma Senetlerinin Günlük Değerleri,http://www.resmigazete.gov.tr/main.aspx?home=http://www.resmigazete.gov.tr/ilanlar/eskiilanlar/2023/03/20230326.htm&main=http://www.resmigazete.gov.tr/ilanlar/eskiilanlar/2023/03/20230326-5.htm
2023-03-27,–– Düzce Üniversitesi Yaşamboyu Eğitim Uygulama ve Araştırma Merkezi Yönetmeliğinde Değişiklik Yapılmasına Dair Yönetmelik,https://www.resmigazete.gov.tr/eskiler/2023/03/20230327-1.htm
2023-03-27,–– Kapadokya Üniversitesi Lisansüstü Eğitim-Öğretim Yönetmeliğinde Değişiklik Yapılmasına Dair Yönetmelik,https://www.resmigazete.gov.tr/eskiler/2023/03/20230327-2.htm
2023-03-27,a - Yargı İlânları,http://www.resmigazete.gov.tr/main.aspx?home=http://www.resmigazete.gov.tr/ilanlar/eskiilanlar/2023/03/20230327.htm&main=http://www.resmigazete.gov.tr/ilanlar/eskiilanlar/2023/03/20230327-2.htm
2023-03-27,"b - Artırma, Eksiltme ve İhale İlânları",http://www.resmigazete.gov.tr/main.aspx?home=http://www.resmigazete.gov.tr/ilanlar/eskiilanlar/2023/03/20230327.htm&main=http://www.resmigazete.gov.tr/ilanlar/eskiilanlar/2023/03/20230327-3.htm
2023-03-27,c - Çeşitli İlânlar,http://www.resmigazete.gov.tr/main.aspx?home=http://www.resmigazete.gov.tr/ilanlar/eskiilanlar/2023/03/20230327.htm&main=http://www.resmigazete.gov.tr/ilanlar/eskiilanlar/2023/03/20230327-4.htm
2023-03-27,– T.C. Merkez Bankasınca Belirlenen Devlet İç Borçlanma Senetlerinin Günlük Değerleri,http://www.resmigazete.gov.tr/main.aspx?home=http://www.resmigazete.gov.tr/ilanlar/eskiilanlar/2023/03/20230327.htm&main=http://www.resmigazete.gov.tr/ilanlar/eskiilanlar/2023/03/20230327-5.htm
2023-03-28,–– Bireysel Emeklilik Sistemi Hakkında Yönetmelikte Değişiklik Yapılmasına Dair Yönetmelik,https://www.resmigazete.gov.tr/eskiler/2023/03/20230328-1.htm
2023-03-28,–– Türkiye Barolar Birliği Avukatlık Kanunu Yönetmeliğinde Değişiklik Yapılmasına Dair Yönetmelik,https://www.resmigazete.gov.tr/eskiler/2023/03/20230328-2.htm
2023-03-28,–– Asansörlerin Tasarımına İlişkin Usul ve Esaslara Dair Tebliğ (SGM: 2017/18)’de Değişiklik Yapılmasına Dair Tebliğ (SGM: 2023/1),https://www.resmigazete.gov.tr/eskiler/2023/03/20230328-3.htm
2023-03-28,"–– Anayasa Mahkemesinin 16/2/2023 Tarihli ve E: 2023/31, K: 2023/24 Sayılı Kararı",https://www.resmigazete.gov.tr/eskiler/2023/03/20230328-4.pdf
2023-03-28,–– Anayasa Mahkemesinin 14/12/2022 Tarihli ve 2018/21866 Başvuru Numaralı Kararı,https://www.resmigazete.gov.tr/eskiler/2023/03/20230328-5.pdf
2023-03-28,–– Anayasa Mahkemesinin 19/1/2023 Tarihli ve 2019/24582 Başvuru Numaralı Kararı,https://www.resmigazete.gov.tr/eskiler/2023/03/20230328-6.pdf
2023-03-28,–– Anayasa Mahkemesinin 19/1/2023 Tarihli ve 2021/9387 Başvuru Numaralı Kararı,https://www.resmigazete.gov.tr/eskiler/2023/03/20230328-7.pdf
2023-03-28,–– Yüksek Seçim Kurulunun 27/03/2023 Tarihli ve 2023/280 Sayılı Kararı ve Eki Cumhurbaşkanı Seçimi Geçici Aday Listesi,https://www.resmigazete.gov.tr/eskiler/2023/03/20230328-8.pdf
2023-03-28,a - Yargı İlânları,http://www.resmigazete.gov.tr/main.aspx?home=http://www.resmigazete.gov.tr/ilanlar/eskiilanlar/2023/03/20230328.htm&main=http://www.resmigazete.gov.tr/ilanlar/eskiilanlar/2023/03/20230328-2.htm
2023-03-28,"b - Artırma, Eksiltme ve İhale İlânları",http://www.resmigazete.gov.tr/main.aspx?home=http://www.resmigazete.gov.tr/ilanlar/eskiilanlar/2023/03/20230328.htm&main=http://www.resmigazete.gov.tr/ilanlar/eskiilanlar/2023/03/20230328-3.htm
2023-03-28,c - Çeşitli İlânlar,http://www.resmigazete.gov.tr/main.aspx?home=http://www.resmigazete.gov.tr/ilanlar/eskiilanlar/2023/03/20230328.htm&main=http://www.resmigazete.gov.tr/ilanlar/eskiilanlar/2023/03/20230328-4.htm
2023-03-28,– T.C. Merkez Bankasınca Belirlenen Döviz Kurları ve Devlet İç Borçlanma Senetlerinin Günlük Değerleri,http://www.resmigazete.gov.tr/main.aspx?home=http://www.resmigazete.gov.tr/ilanlar/eskiilanlar/2023/03/20230328.htm&main=http://www.resmigazete.gov.tr/ilanlar/eskiilanlar/2023/03/20230328-5.htm
2023-03-29,–– Çevre ve Şehircilik Bakanlığı Personelinin Atama ve Yer Değiştirme Yönetmeliğinde Değişiklik Yapılmasına Dair Yönetmelik,https://www.resmigazete.gov.tr/eskiler/2023/03/20230329-1.htm
2023-03-29,–– Serbest Muhasebeci Mali Müşavirlik Staj Yönetmeliğinde Değişiklik Yapılmasına Dair Yönetmelik,https://www.resmigazete.gov.tr/eskiler/2023/03/20230329-2.htm
2023-03-29,–– Türkiye Serbest Muhasebeci Mali Müşavirler ve Yeminli Mali Müşavirler Odaları Birliği Sürekli Mesleki Geliştirme Eğitimi Yönetmeliğinde Değişiklik Yapılmasına Dair Yönetmelik,https://www.resmigazete.gov.tr/eskiler/2023/03/20230329-3.htm
2023-03-29,–– İthalatta Gözetim Uygulanmasına İlişkin Tebliğ (Tebliğ No: 2020/6)’de Değişiklik Yapılmasına Dair Tebliğin Yürürlükten Kaldırılmasına Dair Tebliğ,https://www.resmigazete.gov.tr/eskiler/2023/03/20230329-4.htm
2023-03-29,–– İthalatta Gözetim Uygulanmasına İlişkin Tebliğ (Tebliğ No: 2023/7)’de Değişiklik Yapılmasına Dair Tebliğ,https://www.resmigazete.gov.tr/eskiler/2023/03/20230329-5.htm
2023-03-29,–– Posta ve Hızlı Kargo Yoluyla Taşınan Eşyanın Gümrük İşlemlerine İlişkin Tebliğ (Seri No: 1)’de Değişiklik Yapılmasına Dair Tebliğ (Seri No: 2),https://www.resmigazete.gov.tr/eskiler/2023/03/20230329-6.htm
2023-03-29,"–– Anayasa Mahkemesinin 25/1/2023 Tarihli ve E: 2022/136, K: 2023/16 Sayılı Kararı",https://www.resmigazete.gov.tr/eskiler/2023/03/20230329-11.pdf
2023-03-29,"–– Anayasa Mahkemesinin 25/1/2023 Tarihli ve E: 2022/141, K: 2023/17 Sayılı Kararı",https://www.resmigazete.gov.tr/eskiler/2023/03/20230329-12.pdf
2023-03-29,"–– Anayasa Mahkemesinin 16/2/2023 Tarihli ve E: 2022/104, K: 2023/28 Sayılı Kararı",https://www.resmigazete.gov.tr/eskiler/2023/03/20230329-13.pdf
2023-03-29,–– Yargıtay 9. Hukuk Dairesine Ait Karar,https://www.resmigazete.gov.tr/eskiler/2023/03/20230329-10.pdf
2023-03-29,a - Yargı İlânları,http://www.resmigazete.gov.tr/main.aspx?home=http://www.resmigazete.gov.tr/ilanlar/eskiilanlar/2023/03/20230329.htm&main=http://www.resmigazete.gov.tr/ilanlar/eskiilanlar/2023/03/20230329-2.htm
2023-03-29,"b - Artırma, Eksiltme ve İhale İlânları",http://www.resmigazete.gov.tr/main.aspx?home=http://www.resmigazete.gov.tr/ilanlar/eskiilanlar/2023/03/20230329.htm&main=http://www.resmigazete.gov.tr/ilanlar/eskiilanlar/2023/03/20230329-3.htm
2023-03-29,c - Çeşitli İlânlar,http://www.resmigazete.gov.tr/main.aspx?home=http://www.resmigazete.gov.tr/ilanlar/eskiilanlar/2023/03/20230329.htm&main=http://www.resmigazete.gov.tr/ilanlar/eskiilanlar/2023/03/20230329-4.htm
2023-03-29,– T.C. Merkez Bankasınca Belirlenen Döviz Kurları ve Devlet İç Borçlanma Senetlerinin Günlük Değerleri,http://www.resmigazete.gov.tr/main.aspx?home=http://www.resmigazete.gov.tr/ilanlar/eskiilanlar/2023/03/20230329.htm&main=http://www.resmigazete.gov.tr/ilanlar/eskiilanlar/2023/03/20230329-5.htm
2023-03-30,–– Cumhurbaşkanlığı Tarafından Yapılan Atama Hakkında Karar (Karar: 2023/164),https://www.resmigazete.gov.tr/eskiler/2023/03/20230330-8.pdf
2023-03-30,–– Genel Aydınlatma Yönetmeliğinde Değişiklik Yapılmasına Dair Yönetmelik,https://www.resmigazete.gov.tr/eskiler/2023/03/20230330-1.htm
2023-03-30,–– Genel Aydınlatma Tebliğinde Değişiklik Yapılmasına Dair Tebliğ,https://www.resmigazete.gov.tr/eskiler/2023/03/20230330-2.htm
2023-03-30,–– Serbest Muhasebeci Mali Müşavirlik ve Yeminli Mali Müşavirlik Kanunu Genel Tebliği (Sıra No: 47),https://www.resmigazete.gov.tr/eskiler/2023/03/20230330-3.htm
2023-03-30,–– Döviz Yükümlülüğü Olan Tüzel Kişilerin Döviz veya Türk Lirası Cinsinden Mevduat ve Katılma Hesaplarına Sağlanacak Destek Hakkında Tebliğ (Sayı: 2023/6),https://www.resmigazete.gov.tr/eskiler/2023/03/20230330-4.htm
2023-03-30,"–– Anayasa Mahkemesinin 9/11/2022 Tarihli ve E: 2020/67, K: 2022/139 Sayılı Kararı",https://www.resmigazete.gov.tr/eskiler/2023/03/20230330-5.pdf
2023-03-30,–– Anayasa Mahkemesinin 8/2/2023 Tarihli ve 2019/39608 Başvuru Numaralı Kararı,https://www.resmigazete.gov.tr/eskiler/2023/03/20230330-6.pdf
2023-03-30,–– Danıştay İkinci Dairesine Ait Karar,https://www.resmigazete.gov.tr/eskiler/2023/03/20230330-7.pdf
2023-03-30,a - Yargı İlânları,http://www.resmigazete.gov.tr/main.aspx?home=http://www.resmigazete.gov.tr/ilanlar/eskiilanlar/2023/03/20230330.htm&main=http://www.resmigazete.gov.tr/ilanlar/eskiilanlar/2023/03/20230330-2.htm
2023-03-30,"b - Artırma, Eksiltme ve İhale İlânları",http://www.resmigazete.gov.tr/main.aspx?home=http://www.resmigazete.gov.tr/ilanlar/eskiilanlar/2023/03/20230330.htm&main=http://www.resmigazete.gov.tr/ilanlar/eskiilanlar/2023/03/20230330-3.htm
2023-03-30,c - Çeşitli İlânlar,http://www.resmigazete.gov.tr/main.aspx?home=http://www.resmigazete.gov.tr/ilanlar/eskiilanlar/2023/03/20230330.htm&main=http://www.resmigazete.gov.tr/ilanlar/eskiilanlar/2023/03/20230330-4.htm
2023-03-30,– T.C. Merkez Bankasınca Belirlenen Döviz Kurları ve Devlet İç Borçlanma Senetlerinin Günlük Değerleri,http://www.resmigazete.gov.tr/main.aspx?home=http://www.resmigazete.gov.tr/ilanlar/eskiilanlar/2023/03/20230330.htm&main=http://www.resmigazete.gov.tr/ilanlar/eskiilanlar/2023/03/20230330-5.htm
2023-03-31,1360 Balıkçılık ve Su Ürünleri Sektöründe Yaşanan Sorunların Araştırılarak Alınması Gereken Tedbirlerin Belirlenmesi Amacıyla Kurulan Meclis Araştırması Komisyonuna Üye Seçimine Dair Karar,https://www.resmigazete.gov.tr/eskiler/2023/03/20230331-1.pdf
2023-03-31,–– Olağanüstü Hal Kapsamında Bazı Tedbirlerin Alınması Hakkında Cumhurbaşkanlığı Kararnamesi (Kararname Numarası: 138),https://www.resmigazete.gov.tr/eskiler/2023/03/20230331-10.pdf
2023-03-31,–– Devlet Destekli Ticari Alacak Sigortası Sistemine Dair Karar (Karar Sayısı: 7012),https://www.resmigazete.gov.tr/eskiler/2023/03/20230331-11.pdf
2023-03-31,"–– Antalya İli, Kaş İlçesi, Kemer Mahallesinde Antalya-Kaş Kasaba Projesi Kıbrıs Barajı Yapımından Etkilenen Ailelerin İskânlarının Temini İçin Yeniden Yapılacak İskân Etütleri ve Devamında İskân Edilecek Ailelerin Yeni Yerleşim Alanına Nakilleri, Hak Sahipliği Duyuruları, Hak Sahiplikleri ve Borçlandırılmalarına İlişkin Usul ve Esasların Belirlenmesi Hakkında Karar (Karar Sayısı: 7013)",https://www.resmigazete.gov.tr/eskiler/2023/03/20230331-12.pdf
2023-03-31,–– 27/1/2023 Tarihli ve 6776 Sayılı Cumhurbaşkanı Kararı ile Yürürlüğe Konulan İthalat Rejimi Kararında Değişiklik Yapılmasına İlişkin Kararda Değişiklik Yapılmasına Dair Karar (Karar Sayısı: 7014),https://www.resmigazete.gov.tr/eskiler/2023/03/20230331-13.pdf
2023-03-31,"–– 4691 Sayılı Teknoloji Geliştirme Bölgeleri Kanununun Geçici 2 nci Maddesinin Üçüncü Fıkrası ile 5746 Sayılı Araştırma, Geliştirme ve Tasarım Faaliyetlerinin Desteklenmesi Hakkında Kanunun 3 üncü Maddesinin İkinci Fıkrasında Yer Alan Gelir Vergisi Stopajı Teşviki Kapsamında, Teknoloji Geliştirme Bölgeleri ile Ar-Ge veya Tasarım Merkezlerinde Çalışan Personelin Toplam Sayısına veya Teşvike Konu Edilen Toplam Çalışma Sürelerine Uygulanmak Üzere Söz Konusu Bölge ve Merkezler Dışında Geçirilen Süreler Bakımından Belirlenmiş Olan Oranın, 8/2/2023 Tarihli ve 6785 Sayılı Cumhurbaşkanı Kararı ile Olağanüstü Hal İlan Edilen İllerde 6/2/2023 Tarihinden İtibaren (Bu Tarih Dâhil) Olağanüstü Hal Süresince Yüzde Yüz Olarak Uygulanması Hakkında Karar (Karar Sayısı: 7015)",https://www.resmigazete.gov.tr/eskiler/2023/03/20230331-14.pdf
2023-03-31,–– Mevduat ve Katılma Hesaplarının Kur Artışlarına Karşı Desteklenmesine İlişkin Kararda Değişiklik Yapılması Hakkında Karar (Karar Sayısı: 7016),https://www.resmigazete.gov.tr/eskiler/2023/03/20230331-15.pdf
2023-03-31,"–– Malatya İli, Battalgazi İlçesi, Şehitfevzi (Sancaktar) Mahallesi Sınırları İçerisinde Bulunan Alanın Riskli Alan İlan Edilmesi Hakkında Karar (Karar Sayısı: 7017)",https://www.resmigazete.gov.tr/eskiler/2023/03/20230331-16.pdf
2023-03-31,"–– Malatya İli, Darende İlçesi, Beybağı, Günpınar, Kılıçbağ, Mehmet Paşa, Nadir ve Sayfiye Mahalleleri Sınırları İçerisinde Bulunan Bazı Taşınmazların, Aşudu Deresi Taşkın Koruma ve Altyapı Projesi Kapsamında Darende Belediye Başkanlığı Tarafından Acele Kamulaştırılması Hakkında Karar (Karar Sayısı: 7018)",https://www.resmigazete.gov.tr/eskiler/2023/03/20230331-17.pdf
2023-03-31,–– 154 kV (Zeytinli TM-Sasa TM) Brş.N.-Zafer TM Enerji İletim Hattı Projesi Kapsamında Gösterilen Taşınmazların Türkiye Elektrik İletim Anonim Şirketi Genel Müdürlüğü Tarafından Acele Kamulaştırılması Hakkında Karar (Karar Sayısı: 7019),https://www.resmigazete.gov.tr/eskiler/2023/03/20230331-18.pdf
2023-03-31,–– Dikili İlçesi Doğal Gaz Boru Hattı Projesinin Gerçekleştirilmesi Amacıyla Ekli Haritada Gösterilen Taşınmazların Boru Hatları ile Petrol Taşıma Anonim Şirketi Genel Müdürlüğü Tarafından Acele Kamulaştırılması Hakkında Karar (Karar Sayısı: 7020),https://www.resmigazete.gov.tr/eskiler/2023/03/20230331-19.pdf
2023-03-31,–– Duru Regülatörü ve HES Elektrik Üretim Tesisinin Yapımı Amacıyla Amasya İlinde Bulunan Bazı Taşınmazların Hazine Adına Tescil Edilmek Üzere Enerji Piyasası Düzenleme Kurumu Tarafından Acele Kamulaştırılması Hakkında Karar (Karar Sayısı: 7021),https://www.resmigazete.gov.tr/eskiler/2023/03/20230331-20.pdf
2023-03-31,–– Sarıtepe Rüzgâr Enerji Santralinin Yapımı Amacıyla Osmaniye ve Gaziantep İllerinde Bulunan Bazı Taşınmazların Hazine Adına Tescil Edilmek Üzere Enerji Piyasası Düzenleme Kurumu Tarafından Acele Kamulaştırılması Hakkında Karar (Karar Sayısı: 7022),https://www.resmigazete.gov.tr/eskiler/2023/03/20230331-21.pdf
2023-03-31,"–– Devlet Yardımlarının Uygulanması, Koordinasyonu, İzlenmesi ve Değerlendirilmesine İlişkin Usul ve Esaslar Hakkında Yönetmelik (Karar Sayısı: 7023)",https://www.resmigazete.gov.tr/eskiler/2023/03/20230331-22.pdf
2023-03-31,–– İcra ve İflâs Kanunu Uyarınca Elektronik Ortamda Yapılacak Satışların Usulü Hakkında Yönetmelikte Değişiklik Yapılmasına Dair Yönetmelik,https://www.resmigazete.gov.tr/eskiler/2023/03/20230331-2.htm
2023-03-31,–– Coğrafi Bilgi Sistemlerine İlişkin Oluşturulan Kurullar ve Çalışma Heyetleri Hakkında Yönetmelikte Değişiklik Yapılmasına Dair Yönetmelik,https://www.resmigazete.gov.tr/eskiler/2023/03/20230331-3.htm
2023-03-31,–– Coğrafi Veri İzinleri Yönetmeliğinde Değişiklik Yapılmasına Dair Yönetmelik,https://www.resmigazete.gov.tr/eskiler/2023/03/20230331-4.htm
2023-03-31,–– Coğrafi Veri Lisans Yönetmeliğinde Değişiklik Yapılmasına Dair Yönetmelik,https://www.resmigazete.gov.tr/eskiler/2023/03/20230331-5.htm
2023-03-31,"–– Türkiye İstatistik Kurumu Başkanlığı Hizmet Birimlerinin Kuruluş, Görev ve Yetkilerine Dair Yönetmelikte Değişiklik Yapılmasına Dair Yönetmelik",https://www.resmigazete.gov.tr/eskiler/2023/03/20230331-6.htm
2023-03-31,"–– Enerji Piyasası Düzenleme Kurulunun 30/03/2023 Tarihli ve 11769, 11770, 11771, 11772, 11773, 11775, 11776, 11777 ve 11778 Sayılı Kararları",https://www.resmigazete.gov.tr/eskiler/2023/03/20230331-7.pdf
2023-03-31,–– Bankacılık Düzenleme ve Denetleme Kurulunun 30/03/2023 Tarihli ve 10561 Sayılı Kararı,https://www.resmigazete.gov.tr/eskiler/2023/03/20230331-8.pdf
2023-03-31,"–– Anayasa Mahkemesinin 9/11/2022 Tarihli ve E: 2018/86, K: 2022/133 Sayılı Kararı",https://www.resmigazete.gov.tr/eskiler/2023/03/20230331-9.pdf
2023-03-31,–– Yüksek Seçim Kurulunun 27/03/2023 Tarihli ve 2023/282 Sayılı Kararı,https://www.resmigazete.gov.tr/eskiler/2023/03/20230331-23.pdf
2023-03-31,–– Yüksek Seçim Kurulunun 30/03/2023 Tarihli ve 2023/321 Sayılı Kararı ve Eki Cumhurbaşkanı Seçimi Kesin Aday Listesi,https://www.resmigazete.gov.tr/eskiler/2023/03/20230331-24.pdf
2023-03-31,a - Yargı İlânları,http://www.resmigazete.gov.tr/main.aspx?home=http://www.resmigazete.gov.tr/ilanlar/eskiilanlar/2023/03/20230331.htm&main=http://www.resmigazete.gov.tr/ilanlar/eskiilanlar/2023/03/20230331-2.htm
2023-03-31,"b - Artırma, Eksiltme ve İhale İlânları",http://www.resmigazete.gov.tr/main.aspx?home=http://www.resmigazete.gov.tr/ilanlar/eskiilanlar/2023/03/20230331.htm&main=http://www.resmigazete.gov.tr/ilanlar/eskiilanlar/2023/03/20230331-3.htm
2023-03-31,c - Çeşitli İlânlar,http://www.resmigazete.gov.tr/main.aspx?home=http://www.resmigazete.gov.tr/ilanlar/eskiilanlar/2023/03/20230331.htm&main=http://www.resmigazete.gov.tr/ilanlar/eskiilanlar/2023/03/20230331-4.htm
2023-03-31,– T.C. Merkez Bankasınca Belirlenen Döviz Kurları ve Devlet İç Borçlanma Senetlerinin Günlük Değerleri,http://www.resmigazete.gov.tr/main.aspx?home=http://www.resmigazete.gov.tr/ilanlar/eskiilanlar/2023/03/20230331.htm&main=http://www.resmigazete.gov.tr/ilanlar/eskiilanlar/2023/03/20230331-5.htm
2023-04-01,7448 Kuzey Atlantik Antlaşmasına Finlandiya Cumhuriyetinin Katılımına İlişkin Protokolün Onaylanmasının Uygun Bulunduğuna Dair Kanun,https://www.resmigazete.gov.tr/eskiler/2023/04/20230401-14.htm
2023-04-01,"–– Cumhurbaşkanlığı Tarafından Yapılan Atamalar Hakkında Kararlar (Karar: 2023/165, 166, 167, 168, 169, 170, 171, 172, 173, 174, 175, 176, 177, 178, 179, 180, 181, 182, 183, 184)",https://www.resmigazete.gov.tr/eskiler/2023/04/20230401-15.pdf
2023-04-01,–– Ücretsiz Seyahat Kapsamında Yapılacak Gelir Desteği Ödemesine İlişkin Usul ve Esaslar Hakkında Yönetmelikte Değişiklik Yapılmasına Dair Yönetmelik,https://www.resmigazete.gov.tr/eskiler/2023/04/20230401-1.htm
2023-04-01,–– Hazine Taşınmazlarının İdaresi Hakkında Yönetmelikte Değişiklik Yapılmasına Dair Yönetmelik,https://www.resmigazete.gov.tr/eskiler/2023/04/20230401-2.htm
2023-04-01,–– Çerçeve Anlaşma İhaleleri Uygulama Yönetmeliğinde Değişiklik Yapılmasına Dair Yönetmelik,https://www.resmigazete.gov.tr/eskiler/2023/04/20230401-3.htm
2023-04-01,–– İhalelere Yönelik Başvurular Hakkında Yönetmelikte Değişiklik Yapılmasına Dair Yönetmelik,https://www.resmigazete.gov.tr/eskiler/2023/04/20230401-4.htm
2023-04-01,–– Çocuk Hakları İzleme ve Değerlendirme Kurulu ile İlgili 2023/7 Sayılı Cumhurbaşkanlığı Genelgesi,https://www.resmigazete.gov.tr/eskiler/2023/04/20230401-16.pdf
2023-04-01,–– Katma Değer Vergisi Genel Uygulama Tebliğinde Değişiklik Yapılmasına Dair Tebliğ (Seri No: 46),https://www.resmigazete.gov.tr/eskiler/2023/04/20230401-5.htm
2023-04-01,"–– İmalatçı-İhracatçıların, C Şekeri Taleplerinin Yurt İçinden Karşılanması Şartları ve Uygulama Esaslarına Dair Tebliğ (Tebliğ No: 2018/34)’de Değişiklik Yapılması Hakkında Tebliğ (No: 2023/4)",https://www.resmigazete.gov.tr/eskiler/2023/04/20230401-6.htm
2023-04-01,–– İhalelere Yönelik Başvurular Hakkında Tebliğde Değişiklik Yapılmasına Dair Tebliğ,https://www.resmigazete.gov.tr/eskiler/2023/04/20230401-7.htm
2023-04-01,–– Kamu İhale Genel Tebliğinde Değişiklik Yapılmasına Dair Tebliğ,https://www.resmigazete.gov.tr/eskiler/2023/04/20230401-8.htm
2023-04-01,–– Özelleştirme İdaresi Başkanlığının 30/03/2023 Tarihli ve 2023/ÖİB-K-22 Sayılı Kararı,https://www.resmigazete.gov.tr/eskiler/2023/04/20230401-9.pdf
2023-04-01,–– Türk Lirası Mevduat ve Katılma Hesaplarına Dönüşümün Desteklenmesi Hakkında Tebliğ (Sayı: 2021/14)’de Değişiklik Yapılmasına Dair Tebliğ (Sayı: 2023/7),https://www.resmigazete.gov.tr/eskiler/2023/04/20230401-10.htm
2023-04-01,–– Altın Hesaplarından Türk Lirası Mevduat ve Katılma Hesaplarına Dönüşümün Desteklenmesi Hakkında Tebliğ (Sayı: 2021/16)’de Değişiklik Yapılmasına Dair Tebliğ (Sayı: 2023/8),https://www.resmigazete.gov.tr/eskiler/2023/04/20230401-11.htm
2023-04-01,"–– Enerji Piyasası Düzenleme Kurulunun 30/03/2023 Tarihli ve 11755, 11757, 11758, 11759, 11760, 11761, 11762, 11763, 11764 ve 11765 Sayılı Kararları",https://www.resmigazete.gov.tr/eskiler/2023/04/20230401-12.pdf
2023-04-01,–– Bilgi Teknolojileri ve İletişim Kurulunun 28/03/2023 Tarihli ve 2023/DK-İD/119 Sayılı Kararı,https://www.resmigazete.gov.tr/eskiler/2023/04/20230401-13.pdf
2023-04-01,a - Yargı İlânları,http://www.resmigazete.gov.tr/main.aspx?home=http://www.resmigazete.gov.tr/ilanlar/eskiilanlar/2023/04/20230401.htm&main=http://www.resmigazete.gov.tr/ilanlar/eskiilanlar/2023/03/20230401-2.htm
2023-04-01,"b - Artırma, Eksiltme ve İhale İlânları",http://www.resmigazete.gov.tr/main.aspx?home=http://www.resmigazete.gov.tr/ilanlar/eskiilanlar/2023/04/20230401.htm&main=http://www.resmigazete.gov.tr/ilanlar/eskiilanlar/2023/03/20230401-3.htm
2023-04-01,c - Çeşitli İlânlar,http://www.resmigazete.gov.tr/main.aspx?home=http://www.resmigazete.gov.tr/ilanlar/eskiilanlar/2023/04/20230401.htm&main=http://www.resmigazete.gov.tr/ilanlar/eskiilanlar/2023/03/20230401-4.htm
2023-04-01,– T.C. Merkez Bankasınca Belirlenen Döviz Kurları ve Devlet İç Borçlanma Senetlerinin Günlük Değerleri,http://www.resmigazete.gov.tr/main.aspx?home=http://www.resmigazete.gov.tr/ilanlar/eskiilanlar/2023/04/20230401.htm&main=http://www.resmigazete.gov.tr/ilanlar/eskiilanlar/2023/03/20230401-5.htm
2023-04-02,–– Kuzey Atlantik Antlaşmasına Finlandiya Cumhuriyetinin Katılımına İlişkin Protokolün Onaylanması Hakkında Karar (Karar Sayısı: 7025),https://www.resmigazete.gov.tr/eskiler/2023/04/20230402-6.pdf
2023-04-02,–– İn Vitro Tanı Amaçlı Tıbbi Cihaz Yönetmeliğinde Değişiklik Yapılmasına Dair Yönetmelik,https://www.resmigazete.gov.tr/eskiler/2023/04/20230402-1.htm
2023-04-02,–– Tıbbi Cihaz Yönetmeliğinde Değişiklik Yapılmasına Dair Yönetmelik,https://www.resmigazete.gov.tr/eskiler/2023/04/20230402-2.htm
2023-04-02,–– Atatürk Üniversitesi Lisansüstü Eğitim ve Öğretim Yönetmeliğinde Değişiklik Yapılmasına Dair Yönetmelik,https://www.resmigazete.gov.tr/eskiler/2023/04/20230402-3.htm
2023-04-02,–– Atatürk Üniversitesi Ön Lisans ve Lisans Eğitim-Öğretim ve Sınav Yönetmeliğinde Değişiklik Yapılmasına Dair Yönetmelik,https://www.resmigazete.gov.tr/eskiler/2023/04/20230402-4.htm
2023-04-02,–– Atatürk Üniversitesi Yaz Okulu Yönetmeliğinde Değişiklik Yapılmasına Dair Yönetmelik,https://www.resmigazete.gov.tr/eskiler/2023/04/20230402-5.htm
2023-04-02,a - Yargı İlânları,http://www.resmigazete.gov.tr/main.aspx?home=http://www.resmigazete.gov.tr/ilanlar/eskiilanlar/2023/04/20230402.htm&main=http://www.resmigazete.gov.tr/ilanlar/eskiilanlar/2023/04/20230402-2.htm
2023-04-02,"b - Artırma, Eksiltme ve İhale İlânları",http://www.resmigazete.gov.tr/main.aspx?home=http://www.resmigazete.gov.tr/ilanlar/eskiilanlar/2023/04/20230402.htm&main=http://www.resmigazete.gov.tr/ilanlar/eskiilanlar/2023/04/20230402-3.htm
2023-04-02,c - Çeşitli İlânlar,http://www.resmigazete.gov.tr/main.aspx?home=http://www.resmigazete.gov.tr/ilanlar/eskiilanlar/2023/04/20230402.htm&main=http://www.resmigazete.gov.tr/ilanlar/eskiilanlar/2023/04/20230402-4.htm
2023-04-02,– T.C. Merkez Bankasınca Belirlenen Devlet İç Borçlanma Senetlerinin Günlük Değerleri,http://www.resmigazete.gov.tr/main.aspx?home=http://www.resmigazete.gov.tr/ilanlar/eskiilanlar/2023/04/20230402.htm&main=http://www.resmigazete.gov.tr/ilanlar/eskiilanlar/2023/04/20230402-5.htm
2023-04-03,–– Afyonkarahisar Sağlık Bilimleri Üniversitesi Lisansüstü Eğitim-Öğretim ve Sınav Yönetmeliğinde Değişiklik Yapılmasına Dair Yönetmelik,https://www.resmigazete.gov.tr/eskiler/2023/04/20230403-1.htm
2023-04-03,–– Ankara Bilim Üniversitesi Ön Lisans ve Lisans Eğitim-Öğretim ve Sınav Yönetmeliğinde Değişiklik Yapılmasına Dair Yönetmelik,https://www.resmigazete.gov.tr/eskiler/2023/04/20230403-2.htm
2023-04-03,–– İstanbul Topkapı Üniversitesi Ana Yönetmeliğinde Değişiklik Yapılmasına Dair Yönetmelik,https://www.resmigazete.gov.tr/eskiler/2023/04/20230403-3.htm
2023-04-03,–– İstanbul Topkapı Üniversitesi Lisansüstü Eğitim ve Öğretim Yönetmeliğinde Değişiklik Yapılmasına Dair Yönetmelik,https://www.resmigazete.gov.tr/eskiler/2023/04/20230403-4.htm
2023-04-03,a - Yargı İlânları,http://www.resmigazete.gov.tr/main.aspx?home=http://www.resmigazete.gov.tr/ilanlar/eskiilanlar/2023/04/20230403.htm&main=http://www.resmigazete.gov.tr/ilanlar/eskiilanlar/2023/04/20230403-2.htm
2023-04-03,"b - Artırma, Eksiltme ve İhale İlânları",http://www.resmigazete.gov.tr/main.aspx?home=http://www.resmigazete.gov.tr/ilanlar/eskiilanlar/2023/04/20230403.htm&main=http://www.resmigazete.gov.tr/ilanlar/eskiilanlar/2023/04/20230403-3.htm
2023-04-03,c - Çeşitli İlânlar,http://www.resmigazete.gov.tr/main.aspx?home=http://www.resmigazete.gov.tr/ilanlar/eskiilanlar/2023/04/20230403.htm&main=http://www.resmigazete.gov.tr/ilanlar/eskiilanlar/2023/04/20230403-4.htm
2023-04-03,– T.C. Merkez Bankasınca Belirlenen Devlet İç Borçlanma Senetlerinin Günlük Değerleri,http://www.resmigazete.gov.tr/main.aspx?home=http://www.resmigazete.gov.tr/ilanlar/eskiilanlar/2023/04/20230403.htm&main=http://www.resmigazete.gov.tr/ilanlar/eskiilanlar/2023/04/20230403-5.htm
2023-04-04,–– Hazine ve Maliye Bakanlığı Hazine Kontrolörleri Kurulu Başkanlığı Hakkında Yönetmelik,https://www.resmigazete.gov.tr/eskiler/2023/04/20230404-1.htm
2023-04-04,–– Karayolları Motorlu Araçlar Zorunlu Mali Sorumluluk Sigortasında Tarife Uygulama Esasları Hakkında Yönetmelikte Değişiklik Yapılmasına Dair Yönetmelik,https://www.resmigazete.gov.tr/eskiler/2023/04/20230404-2.htm
2023-04-04,–– Aksaray Üniversitesi Ağız ve Diş Sağlığı Uygulama ve Araştırma Merkezi Yönetmeliği,https://www.resmigazete.gov.tr/eskiler/2023/04/20230404-3.htm
2023-04-04,–– Türkiye Tarım Havzaları Üretim ve Destekleme Modeline Göre Yaş Çay Üreticilerine 2022 Yılı Yaş Çay Ürünü İçin Fark Ödemesi Desteği Yapılmasına Dair Tebliğ (Tebliğ No: 2022/46)’de Değişiklik Yapılmasına Dair Tebliğ (No: 2023/24),https://www.resmigazete.gov.tr/eskiler/2023/04/20230404-4.htm
2023-04-04,–– Malvarlığının Dondurulması Kararı (Karar Sayısı: 2023/1),https://www.resmigazete.gov.tr/eskiler/2023/04/20230404-5.pdf
2023-04-04,–– Anayasa Mahkemesinin 21/12/2022 Tarihli ve 2018/10550 Başvuru Numaralı Kararı,https://www.resmigazete.gov.tr/eskiler/2023/04/20230404-6.pdf
2023-04-04,–– Anayasa Mahkemesinin 21/12/2022 Tarihli ve 2019/793 Başvuru Numaralı Kararı,https://www.resmigazete.gov.tr/eskiler/2023/04/20230404-7.pdf
2023-04-04,–– Anayasa Mahkemesinin 21/12/2022 Tarihli ve 2019/10081 Başvuru Numaralı Kararı,https://www.resmigazete.gov.tr/eskiler/2023/04/20230404-8.pdf
2023-04-04,–– Anayasa Mahkemesinin 12/1/2023 Tarihli ve 2019/26463 Başvuru Numaralı Kararı,https://www.resmigazete.gov.tr/eskiler/2023/04/20230404-9.pdf
2023-04-04,–– Anayasa Mahkemesinin 18/1/2023 Tarihli ve 2019/5137 Başvuru Numaralı Kararı,https://www.resmigazete.gov.tr/eskiler/2023/04/20230404-10.pdf
2023-04-04,–– Anayasa Mahkemesinin 8/2/2023 Tarihli ve 2019/11810 Başvuru Numaralı Kararı,https://www.resmigazete.gov.tr/eskiler/2023/04/20230404-11.pdf
2023-04-04,a - Yargı İlânları,http://www.resmigazete.gov.tr/main.aspx?home=http://www.resmigazete.gov.tr/ilanlar/eskiilanlar/2023/04/20230404.htm&main=http://www.resmigazete.gov.tr/ilanlar/eskiilanlar/2023/04/20230404-2.htm
2023-04-04,"b - Artırma, Eksiltme ve İhale İlânları",http://www.resmigazete.gov.tr/main.aspx?home=http://www.resmigazete.gov.tr/ilanlar/eskiilanlar/2023/04/20230404.htm&main=http://www.resmigazete.gov.tr/ilanlar/eskiilanlar/2023/04/20230404-3.htm
2023-04-04,c - Çeşitli İlânlar,http://www.resmigazete.gov.tr/main.aspx?home=http://www.resmigazete.gov.tr/ilanlar/eskiilanlar/2023/04/20230404.htm&main=http://www.resmigazete.gov.tr/ilanlar/eskiilanlar/2023/04/20230404-4.htm
2023-04-04,– T.C. Merkez Bankasınca Belirlenen Döviz Kurları ve Devlet İç Borçlanma Senetlerinin Günlük Değerleri,http://www.resmigazete.gov.tr/main.aspx?home=http://www.resmigazete.gov.tr/ilanlar/eskiilanlar/2023/04/20230404.htm&main=http://www.resmigazete.gov.tr/ilanlar/eskiilanlar/2023/04/20230404-5.htm
2023-04-05,7442 Orman Kanunu ve Bazı Kanunlarda Değişiklik Yapılmasına Dair Kanun,https://www.resmigazete.gov.tr/eskiler/2023/04/20230405-1.htm
2023-04-05,7444 Türkiye Cumhuriyeti ile Gürcistan Arasındaki Serbest Ticaret Anlaşmasının Karşılıklı Tarım Tavizlerine İlişkin Protokol I’ini Tadil Eden 1/2022 Sayılı Türkiye-Gürcistan Ortak Komitesi Kararı ve Anlaşmanın III Nolu Protokolünün Onaylanmasının Uygun Bulunduğuna Dair Kanun,https://www.resmigazete.gov.tr/eskiler/2023/04/20230405-2.htm
2023-04-05,7445 İcra ve İflas Kanunu ile Bazı Kanunlarda Değişiklik Yapılmasına Dair Kanun,https://www.resmigazete.gov.tr/eskiler/2023/04/20230405-3.htm
2023-04-05,7446 Çevre Kanunu ile Bazı Kanunlarda ve 375 Sayılı Kanun Hükmünde Kararnamede Değişiklik Yapılmasına Dair Kanun,https://www.resmigazete.gov.tr/eskiler/2023/04/20230405-4.htm
2023-04-05,7447 İstiklal Madalyası Verilmiş Bulunanlara Vatani Hizmet Tertibinden Şeref Aylığı Bağlanması Hakkında Kanun ile Bazı Kanunlarda ve Kanun Hükmünde Kararnamelerde Değişiklik Yapılmasına Dair Kanun,https://www.resmigazete.gov.tr/eskiler/2023/04/20230405-5.htm
2023-04-05,7449 Türkiye Cumhuriyeti ile Birleşik Arap Emirlikleri Arasında Kapsamlı Ekonomik Ortaklık Anlaşması ve Anlaşmada Değişiklik Yapılmasına Dair Notaların Onaylanmasının Uygun Bulunduğuna Dair Kanun,https://www.resmigazete.gov.tr/eskiler/2023/04/20230405-6.htm
2023-04-05,7450 Milletlerarası Finansman Kurumu Ana Anlaşmasının Tadil Edilmesine İlişkin 16/4/2020 Tarihli ve 273 Sayılı “Guvernörler Kurulu Kararı”nın Onaylanmasının Uygun Bulunduğuna ve Milletlerarası Finansman Kurumuna Katılmak İçin Hükümete Salâhiyet Verilmesine Dair Kanunda Değişiklik Yapılmasına İlişkin Kanun,https://www.resmigazete.gov.tr/eskiler/2023/04/20230405-7.htm
2023-04-05,–– Olağanüstü Hal Kapsamında Yargı Alanında Alınan Tedbirlere İlişkin Cumhurbaşkanlığı Kararnamesinde Değişiklik Yapılmasına Dair Cumhurbaşkanlığı Kararnamesi (Kararname Numarası: 139),https://www.resmigazete.gov.tr/eskiler/2023/04/20230405-8.pdf
2023-04-05,–– Cazibe Merkezleri Programı Kapsamında Yatırımların Desteklenmesi Hakkında Kararda Değişiklik Yapılmasına Dair Karar (Karar Sayısı: 7028),https://www.resmigazete.gov.tr/eskiler/2023/04/20230405-9.pdf
2023-04-05,–– 2022 Yılında Yapılacak Tarımsal Desteklemeler ve 2023 Yılında Uygulanacak Sertifikalı Tohum Kullanım Desteğine İlişkin Kararda Değişiklik Yapılmasına Dair Karar (Karar Sayısı: 7029),https://www.resmigazete.gov.tr/eskiler/2023/04/20230405-10.pdf
2023-04-05,–– Türkiye Maarif Vakfına Kaynak Aktarılması Hakkındaki Kararın Yürürlüğe Konulması Hakkında Karar (Karar Sayısı: 7030),https://www.resmigazete.gov.tr/eskiler/2023/04/20230405-11.pdf
2023-04-05,"–– Hatay İli, Antakya İlçesi, Aşağıekinci Mahallesi Sınırları İçerisinde Bulunan 19 Parsel Numaralı Taşınmazın, Yeni Devlet Hastanesinin Yapımı Amacıyla Çevre, Şehircilik ve İklim Değişikliği Bakanlığı Tarafından Acele Kamulaştırılması Hakkında Karar (Karar Sayısı: 7031)",https://www.resmigazete.gov.tr/eskiler/2023/04/20230405-12.pdf
2023-04-05,"–– Hatay İli, Defne İlçesi, Bostancık Mahallesi Sınırları İçerisinde Bulunan 4564 Ada, 10-11-12-13 Parsel Numaralı Taşınmazların, Yeni Devlet Hastanesinin Yapımı Amacıyla Çevre, Şehircilik ve İklim Değişikliği Bakanlığı Tarafından Acele Kamulaştırılması Hakkında Karar (Karar Sayısı: 7032)",https://www.resmigazete.gov.tr/eskiler/2023/04/20230405-13.pdf
2023-04-05,"–– Hatay İli, Antakya İlçesinde Bulunan ve Kroki ile Listede Sınır ve Koordinatları Gösterilen Alanın Riskli Alan İlan Edilmesi Hakkında Karar (Karar Sayısı: 7033)",https://www.resmigazete.gov.tr/eskiler/2023/04/20230405-14.pdf
2023-04-05,"–– Özelleştirme İdaresi Başkanlığı ile İlgili Kararlar (Karar Sayısı: 7034, 7035)",https://www.resmigazete.gov.tr/eskiler/2023/04/20230405-15.pdf
2023-04-05,–– Aile Hekimliği Sözleşme ve Ödeme Yönetmeliğinde Değişiklik Yapılmasına Dair Yönetmelik (Karar Sayısı: 7036),https://www.resmigazete.gov.tr/eskiler/2023/04/20230405-16.pdf
2023-04-05,–– Suç Gelirlerinin Aklanmasının ve Terörün Finansmanının Önlenmesine Dair Tedbirler Hakkında Yönetmelikte Değişiklik Yapılmasına Dair Yönetmelik (Karar Sayısı: 7037),https://www.resmigazete.gov.tr/eskiler/2023/04/20230405-17.pdf
2023-04-05,–– Çarşı ve Mahalle Bekçilerinin Çalışma Usul ve Esasları ile Kıyafetlerine Dair Yönetmelik,https://www.resmigazete.gov.tr/eskiler/2023/04/20230405-18.htm
2023-04-05,–– Millî Eğitim Bakanlığı Denklik Yönetmeliği,https://www.resmigazete.gov.tr/eskiler/2023/04/20230405-19.htm
2023-04-05,–– İthalat İşlemlerinde Elektronik Başvuru İçin Yetkilendirme Tebliği (İthalat: 2023/21)’nde Değişiklik Yapılmasına Dair Tebliğ,https://www.resmigazete.gov.tr/eskiler/2023/04/20230405-20.htm
2023-04-05,"–– Anayasa Mahkemesinin 9/11/2022 Tarihli ve E: 2018/123, K: 2022/138 Sayılı Kararı",https://www.resmigazete.gov.tr/eskiler/2023/04/20230405-21.pdf
2023-04-05,"–– Anayasa Mahkemesinin 16/2/2023 Tarihli ve E: 2022/135, K: 2023/30 Sayılı Kararı",https://www.resmigazete.gov.tr/eskiler/2023/04/20230405-22.pdf
2023-04-05,a - Yargı İlânları,http://www.resmigazete.gov.tr/main.aspx?home=http://www.resmigazete.gov.tr/ilanlar/eskiilanlar/2023/04/20230405.htm&main=http://www.resmigazete.gov.tr/ilanlar/eskiilanlar/2023/04/20230405-2.htm
2023-04-05,"b - Artırma, Eksiltme ve İhale İlânları",http://www.resmigazete.gov.tr/main.aspx?home=http://www.resmigazete.gov.tr/ilanlar/eskiilanlar/2023/04/20230405.htm&main=http://www.resmigazete.gov.tr/ilanlar/eskiilanlar/2023/04/20230405-3.htm
2023-04-05,c - Çeşitli İlânlar,http://www.resmigazete.gov.tr/main.aspx?home=http://www.resmigazete.gov.tr/ilanlar/eskiilanlar/2023/04/20230405.htm&main=http://www.resmigazete.gov.tr/ilanlar/eskiilanlar/2023/04/20230405-4.htm
2023-04-05,– T.C. Merkez Bankasınca Belirlenen Döviz Kurları ve Devlet İç Borçlanma Senetlerinin Günlük Değerleri,http://www.resmigazete.gov.tr/main.aspx?home=http://www.resmigazete.gov.tr/ilanlar/eskiilanlar/2023/04/20230405.htm&main=http://www.resmigazete.gov.tr/ilanlar/eskiilanlar/2023/04/20230405-5.htm
2023-04-06,7443 Türkiye Cumhuriyeti ile Özbekistan Cumhuriyeti Arasındaki Tercihli Ticaret Anlaşmasının Onaylanmasının Uygun Bulunduğuna Dair Kanun,https://www.resmigazete.gov.tr/eskiler/2023/04/20230406-15.htm
2023-04-06,1361 Dilekçe Komisyonunun Türkiye Büyük Millet Meclisinin Tatili ve Aravermesi Sırasında Çalışabilmesine İlişkin Karar,https://www.resmigazete.gov.tr/eskiler/2023/04/20230406-1.pdf
2023-04-06,1362 Kadın Erkek Fırsat Eşitliği Komisyonunun Türkiye Büyük Millet Meclisinin Tatili ve Aravermesi Sırasında Çalışabilmesine İlişkin Karar,https://www.resmigazete.gov.tr/eskiler/2023/04/20230406-2.pdf
2023-04-06,1363 İnsan Haklarını İnceleme Komisyonunun Türkiye Büyük Millet Meclisinin Tatili ve Aravermesi Sırasında Çalışabilmesine İlişkin Karar,https://www.resmigazete.gov.tr/eskiler/2023/04/20230406-3.pdf
2023-04-06,"1364 Kahramanmaraş Merkezli Depremlerin Sonuçlarının Tüm Yönleriyle Araştırılması, Depreme Dirençli Yapı Stokunun Oluşturulması ve Kentsel Dönüşüm Uygulamalarının Etkinliğinin Artırılması İçin Alınması Gereken Tedbirlerin Belirlenmesi Amacıyla Kurulan Meclis Araştırması Komisyonunun Türkiye Büyük Millet Meclisinin Tatili ve Aravermesi Sırasında Çalışabilmesine İlişkin Karar",https://www.resmigazete.gov.tr/eskiler/2023/04/20230406-4.pdf
2023-04-06,–– Olağanüstü Hal Kapsamında Elektronik Haberleşme Alanı ile Su Yapıları Denetim Hizmetlerine İlişkin Cumhurbaşkanlığı Kararnamesi (Kararname Numarası: 140),https://www.resmigazete.gov.tr/eskiler/2023/04/20230406-5.pdf
2023-04-06,–– Muş Alparslan Üniversitesi Lisansüstü Eğitim ve Öğretim Yönetmeliğinde Değişiklik Yapılmasına Dair Yönetmelik,https://www.resmigazete.gov.tr/eskiler/2023/04/20230406-6.htm
2023-04-06,–– İthalatta Haksız Rekabetin Önlenmesine İlişkin Tebliğ (No: 2023/10),https://www.resmigazete.gov.tr/eskiler/2023/04/20230406-7.htm
2023-04-06,–– İthalatta Haksız Rekabetin Önlenmesine İlişkin Tebliğ (No: 2023/11),https://www.resmigazete.gov.tr/eskiler/2023/04/20230406-8.htm
2023-04-06,–– İthalatta Haksız Rekabetin Önlenmesine İlişkin Tebliğ (No: 2023/12),https://www.resmigazete.gov.tr/eskiler/2023/04/20230406-9.htm
2023-04-06,–– Tıbbi Cihazların Elektronik Kullanım Talimatlarına İlişkin Tebliğ,https://www.resmigazete.gov.tr/eskiler/2023/04/20230406-10.htm
2023-04-06,–– Malvarlığının Dondurulması Kararlarının Kaldırılması Kararı (Karar Sayısı: 2023/4),https://www.resmigazete.gov.tr/eskiler/2023/04/20230406-11.pdf
2023-04-06,"–– Anayasa Mahkemesinin 30/11/2022 Tarihli ve E: 2019/17, K: 2022/145 Sayılı Kararı",https://www.resmigazete.gov.tr/eskiler/2023/04/20230406-12.pdf
2023-04-06,"–– Anayasa Mahkemesinin 25/1/2023 Tarihli ve E: 2022/133, K: 2023/15 Sayılı Kararı",https://www.resmigazete.gov.tr/eskiler/2023/04/20230406-13.pdf
2023-04-06,–– Anayasa Mahkemesinin 15/2/2023 Tarihli ve 2018/36174 Başvuru Numaralı Kararı,https://www.resmigazete.gov.tr/eskiler/2023/04/20230406-14.pdf
2023-04-06,a - Yargı İlânları,http://www.resmigazete.gov.tr/main.aspx?home=http://www.resmigazete.gov.tr/ilanlar/eskiilanlar/2023/04/20230406.htm&main=http://www.resmigazete.gov.tr/ilanlar/eskiilanlar/2023/04/20230406-2.htm
2023-04-06,"b - Artırma, Eksiltme ve İhale İlânları",http://www.resmigazete.gov.tr/main.aspx?home=http://www.resmigazete.gov.tr/ilanlar/eskiilanlar/2023/04/20230406.htm&main=http://www.resmigazete.gov.tr/ilanlar/eskiilanlar/2023/04/20230406-3.htm
2023-04-06,c - Çeşitli İlânlar,http://www.resmigazete.gov.tr/main.aspx?home=http://www.resmigazete.gov.tr/ilanlar/eskiilanlar/2023/04/20230406.htm&main=http://www.resmigazete.gov.tr/ilanlar/eskiilanlar/2023/04/20230406-4.htm
2023-04-06,– T.C. Merkez Bankasınca Belirlenen Döviz Kurları ve Devlet İç Borçlanma Senetlerinin Günlük Değerleri,http://www.resmigazete.gov.tr/main.aspx?home=http://www.resmigazete.gov.tr/ilanlar/eskiilanlar/2023/04/20230406.htm&main=http://www.resmigazete.gov.tr/ilanlar/eskiilanlar/2023/04/20230406-5.htm
2023-04-07,1366 Altı Yaşındaki Bir Kız Çocuğunun Evlilik Adı Altında Cinsel İstismara Maruz Bırakılması Olayının Araştırılarak Benzer Olayların Yaşanmaması ve Her Türlü Çocuk İstismarının Önlenmesi İçin Alınması Gereken Tedbirlerin Belirlenmesi Amacıyla Kurulan Meclis Araştırması Komisyonunun Görev Süresinin Uzatılmasına Dair Karar,https://www.resmigazete.gov.tr/eskiler/2023/04/20230407-1.pdf
2023-04-07,1367 Altı Yaşındaki Bir Kız Çocuğunun Evlilik Adı Altında Cinsel İstismara Maruz Bırakılması Olayının Araştırılarak Benzer Olayların Yaşanmaması ve Her Türlü Çocuk İstismarının Önlenmesi İçin Alınması Gereken Tedbirlerin Belirlenmesi Amacıyla Kurulan Meclis Araştırması Komisyonunun Türkiye Büyük Millet Meclisinin Tatili ve Aravermesi Sırasında Çalışabilmesine İlişkin Karar,https://www.resmigazete.gov.tr/eskiler/2023/04/20230407-2.pdf
2023-04-07,1368 Balıkçılık ve Su Ürünleri Sektöründe Yaşanan Sorunların Araştırılarak Alınması Gereken Tedbirlerin Belirlenmesi Amacıyla Kurulan Meclis Araştırması Komisyonunun Türkiye Büyük Millet Meclisinin Tatili ve Aravermesi Sırasında Çalışabilmesine İlişkin Karar,https://www.resmigazete.gov.tr/eskiler/2023/04/20230407-3.pdf
2023-04-07,–– Türkiye Cumhuriyeti Hükümeti ve Avrupa Komisyonu Arasında Katılım Öncesi Yardım Aracı (IPARD III) Kırsal Kalkınma Programı Kapsamında Türkiye Cumhuriyeti’ne Yapılacak Birlik Mali Yardımının Yönetimi ve Uygulanmasına İlişkin Hükümleri Tesis Eden Sektörel Anlaşmanın Onaylanması Hakkında Karar (Karar Sayısı: 7048),https://www.resmigazete.gov.tr/eskiler/2023/04/20230407-4.pdf
2023-04-07,"–– Anayasa Mahkemesi Başkanvekilliğine, Hasan Tahsin GÖKCAN’ın Yeniden Seçilmesi Hakkında Karar",https://www.resmigazete.gov.tr/eskiler/2023/04/20230407-5.pdf
2023-04-07,–– Adalet Bakanlığı Personeli Görevde Yükselme ve Unvan Değişikliği Yönetmeliğinde Değişiklik Yapılmasına Dair Yönetmelik,https://www.resmigazete.gov.tr/eskiler/2023/04/20230407-6.htm
2023-04-07,–– Ayakta Teşhis ve Tedavi Yapılan Özel Sağlık Kuruluşları Hakkında Yönetmelikte Değişiklik Yapılmasına Dair Yönetmelik,https://www.resmigazete.gov.tr/eskiler/2023/04/20230407-7.htm
2023-04-07,–– Özel Hastaneler Yönetmeliğinde Değişiklik Yapılmasına Dair Yönetmelik,https://www.resmigazete.gov.tr/eskiler/2023/04/20230407-8.htm
2023-04-07,–– Kurumlar Vergisi Genel Tebliği (Seri No: 1)’nde Değişiklik Yapılmasına Dair Tebliğ (Seri No: 22),https://www.resmigazete.gov.tr/eskiler/2023/04/20230407-9.htm
2023-04-07,–– Menkul Kıymet Tesisi Hakkında Tebliğde Değişiklik Yapılmasına Dair Tebliğ (Sayı: 2023/9),https://www.resmigazete.gov.tr/eskiler/2023/04/20230407-10.htm
2023-04-07,–– Zorunlu Karşılıklar Hakkında Tebliğ (Sayı: 2013/15)’de Değişiklik Yapılmasına Dair Tebliğ (Sayı: 2023/10),https://www.resmigazete.gov.tr/eskiler/2023/04/20230407-11.htm
2023-04-07,–– Nükleer Düzenleme Kurulunun 22/3/2023 Tarihli ve 2023-19/5 Sayılı Kararı,https://www.resmigazete.gov.tr/eskiler/2023/04/20230407-12.pdf
2023-04-07,"–– Anayasa Mahkemesinin 22/2/2023 Tarihli ve E: 2021/3, K: 2023/37 Sayılı Kararı",https://www.resmigazete.gov.tr/eskiler/2023/04/20230407-13.pdf
2023-04-07,a - Yargı İlânları,http://www.resmigazete.gov.tr/main.aspx?home=http://www.resmigazete.gov.tr/ilanlar/eskiilanlar/2023/04/20230407.htm&main=http://www.resmigazete.gov.tr/ilanlar/eskiilanlar/2023/04/20230407-2.htm
2023-04-07,"b - Artırma, Eksiltme ve İhale İlânları",http://www.resmigazete.gov.tr/main.aspx?home=http://www.resmigazete.gov.tr/ilanlar/eskiilanlar/2023/04/20230407.htm&main=http://www.resmigazete.gov.tr/ilanlar/eskiilanlar/2023/04/20230407-3.htm
2023-04-07,c - Çeşitli İlânlar,http://www.resmigazete.gov.tr/main.aspx?home=http://www.resmigazete.gov.tr/ilanlar/eskiilanlar/2023/04/20230407.htm&main=http://www.resmigazete.gov.tr/ilanlar/eskiilanlar/2023/04/20230407-4.htm
2023-04-07,– T.C. Merkez Bankasınca Belirlenen Döviz Kurları ve Devlet İç Borçlanma Senetlerinin Günlük Değerleri,http://www.resmigazete.gov.tr/main.aspx?home=http://www.resmigazete.gov.tr/ilanlar/eskiilanlar/2023/04/20230407.htm&main=http://www.resmigazete.gov.tr/ilanlar/eskiilanlar/2023/04/20230407-5.htm
2023-04-08,1369 Türkiye Büyük Millet Meclisinin Tatile Girmesine İlişkin Karar,https://www.resmigazete.gov.tr/eskiler/2023/04/20230408-1.pdf
2023-04-08,1370 Kişisel Verileri Koruma Kurulu Üyeliği İçin Yapılan Seçime Dair Karar,https://www.resmigazete.gov.tr/eskiler/2023/04/20230408-2.pdf
2023-04-08,1371 Radyo ve Televizyon Üst Kurulu Üyeliği İçin Yapılan Seçime Dair Karar,https://www.resmigazete.gov.tr/eskiler/2023/04/20230408-3.pdf
2023-04-08,–– Millî Savunma Bakanlığı Personeli Yer Değiştirme Yönetmeliğinde Değişiklik Yapılmasına Dair Yönetmelik,https://www.resmigazete.gov.tr/eskiler/2023/04/20230408-4.htm
2023-04-08,–– Muhasebat Genel Müdürlüğü Genel Tebliği (Sıra No: 81) (Emanet İşlemlerinin Elektronik Ortamda Gerçekleştirilmesine İlişkin Usul ve Esaslar),https://www.resmigazete.gov.tr/eskiler/2023/04/20230408-5.htm
2023-04-08,–– Yataklı Sağlık Tesislerinde Yoğun Bakım Hizmetlerinin Uygulama Usul ve Esasları Hakkında Tebliğde Değişiklik Yapılmasına Dair Tebliğ,https://www.resmigazete.gov.tr/eskiler/2023/04/20230408-6.htm
2023-04-08,–– Türk Gıda Kodeksi Zeytinyağı ve Pirina Yağı Tebliği (Tebliğ No: 2017/26)’nde Değişiklik Yapılmasına Dair Tebliğ (No: 2023/23),https://www.resmigazete.gov.tr/eskiler/2023/04/20230408-7.htm
2023-04-08,–– İthalatta Haksız Rekabetin Önlenmesine İlişkin Tebliğ (No: 2023/13),https://www.resmigazete.gov.tr/eskiler/2023/04/20230408-8.htm
2023-04-08,–– İthalatta Haksız Rekabetin Önlenmesine İlişkin Tebliğ (No: 2023/14),https://www.resmigazete.gov.tr/eskiler/2023/04/20230408-9.htm
2023-04-08,–– Enerji Piyasası Düzenleme Kurulunun 06/04/2023 Tarihli ve 11783 Sayılı Kararı,https://www.resmigazete.gov.tr/eskiler/2023/04/20230408-10.pdf
2023-04-08,–– İdare Mahkemesinin Kurulmasına ve Yargı Çevresinin Belirlenmesine İlişkin Karar,https://www.resmigazete.gov.tr/eskiler/2023/04/20230408-11.pdf
2023-04-08,a - Yargı İlânları,http://www.resmigazete.gov.tr/main.aspx?home=http://www.resmigazete.gov.tr/ilanlar/eskiilanlar/2023/04/20230408.htm&main=http://www.resmigazete.gov.tr/ilanlar/eskiilanlar/2023/04/20230408-2.htm
2023-04-08,"b - Artırma, Eksiltme ve İhale İlânları",http://www.resmigazete.gov.tr/main.aspx?home=http://www.resmigazete.gov.tr/ilanlar/eskiilanlar/2023/04/20230408.htm&main=http://www.resmigazete.gov.tr/ilanlar/eskiilanlar/2023/04/20230408-3.htm
2023-04-08,c - Çeşitli İlânlar,http://www.resmigazete.gov.tr/main.aspx?home=http://www.resmigazete.gov.tr/ilanlar/eskiilanlar/2023/04/20230408.htm&main=http://www.resmigazete.gov.tr/ilanlar/eskiilanlar/2023/04/20230408-4.htm
2023-04-08,– T.C. Merkez Bankasınca Belirlenen Döviz Kurları ve Devlet İç Borçlanma Senetlerinin Günlük Değerleri,http://www.resmigazete.gov.tr/main.aspx?home=http://www.resmigazete.gov.tr/ilanlar/eskiilanlar/2023/04/20230408.htm&main=http://www.resmigazete.gov.tr/ilanlar/eskiilanlar/2023/04/20230408-5.htm
2023-04-09,–– Belediye ve Bağlı Kuruluşları ile Mahalli İdare Birlikleri Norm Kadro İlke ve Standartlarına Dair Yönetmelikte Değişiklik Yapılmasına Dair Yönetmelik,https://www.resmigazete.gov.tr/eskiler/2023/04/20230409-1.htm
2023-04-09,–– Aydın Adnan Menderes Üniversitesi Akdeniz Dilleri ve Kültürleri Uygulama ve Araştırma Merkezi Yönetmeliği,https://www.resmigazete.gov.tr/eskiler/2023/04/20230409-2.htm
2023-04-09,a - Yargı İlânları,http://www.resmigazete.gov.tr/main.aspx?home=http://www.resmigazete.gov.tr/ilanlar/eskiilanlar/2023/04/20230409.htm&main=http://www.resmigazete.gov.tr/ilanlar/eskiilanlar/2023/04/20230409-2.htm
2023-04-09,"b - Artırma, Eksiltme ve İhale İlânları",http://www.resmigazete.gov.tr/main.aspx?home=http://www.resmigazete.gov.tr/ilanlar/eskiilanlar/2023/04/20230409.htm&main=http://www.resmigazete.gov.tr/ilanlar/eskiilanlar/2023/04/20230409-3.htm
2023-04-09,c - Çeşitli İlânlar,http://www.resmigazete.gov.tr/main.aspx?home=http://www.resmigazete.gov.tr/ilanlar/eskiilanlar/2023/04/20230409.htm&main=http://www.resmigazete.gov.tr/ilanlar/eskiilanlar/2023/04/20230409-4.htm
2023-04-09,– T.C. Merkez Bankasınca Belirlenen Devlet İç Borçlanma Senetlerinin Günlük Değerleri,http://www.resmigazete.gov.tr/main.aspx?home=http://www.resmigazete.gov.tr/ilanlar/eskiilanlar/2023/04/20230409.htm&main=http://www.resmigazete.gov.tr/ilanlar/eskiilanlar/2023/04/20230409-5.htm
2023-04-10,7451 Organize Sanayi Bölgeleri Kanunu ile Bazı Kanunlarda Değişiklik Yapılmasına Dair Kanun,https://www.resmigazete.gov.tr/eskiler/2023/04/20230410-1.htm
2023-04-10,7452 Olağanüstü Hal Kapsamında Yerleşme ve Yapılaşmaya İlişkin Cumhurbaşkanlığı Kararnamesinin Kabul Edilmesine Dair Kanun,https://www.resmigazete.gov.tr/eskiler/2023/04/20230410-2.htm
2023-04-10,7453 Türkiye Cumhuriyeti Hükûmeti ile Etiyopya Federal Demokratik Cumhuriyeti Hükûmeti Arasında Askerî Çerçeve Anlaşmasının Onaylanmasının Uygun Bulunduğuna Dair Kanun,https://www.resmigazete.gov.tr/eskiler/2023/04/20230410-3.htm
2023-04-10,7454 Sürücü Belgelerinin Karşılıklı Olarak Tanınması ve Değişimine İlişkin Türkiye Cumhuriyeti Hükümeti ile İtalyan Cumhuriyeti Hükümeti Arasında Anlaşmanın Onaylanmasının Uygun Bulunduğuna Dair Kanun,https://www.resmigazete.gov.tr/eskiler/2023/04/20230410-4.htm
2023-04-10,–– Olağanüstü Hal Kapsamında Yargı Alanında Alınan Tedbirlere İlişkin Cumhurbaşkanlığı Kararnamesinde Değişiklik Yapılmasına Dair Cumhurbaşkanlığı Kararnamesi (Kararname Numarası: 141),https://www.resmigazete.gov.tr/eskiler/2023/04/20230410-5.pdf
2023-04-10,"–– Mersin İli, Tarsus İlçesinde Bulunan Alanın Koluman Otomotiv Endüstri Anonim Şirketi Mersin Özel Endüstri Bölgesi Olarak İlan Edilmesi Hakkında Karar (Karar Sayısı: 7049)",https://www.resmigazete.gov.tr/eskiler/2023/04/20230410-6.pdf
2023-04-10,"–– Cumhurbaşkanlığı Tarafından Yapılan Atamalar Hakkında Kararlar (Karar: 2023/193, 194, 195, 196, 197, 198, 199, 200, 201, 202, 203, 204, 205, 206, 207)",https://www.resmigazete.gov.tr/eskiler/2023/04/20230410-7.pdf
2023-04-10,"–– Türk Silahlı Kuvvetleri, Millî İstihbarat Teşkilatı, Emniyet Genel Müdürlüğü, Jandarma Genel Komutanlığı ve Sahil Güvenlik Komutanlığı Taşınır Mal Yönetmeliğinde Değişiklik Yapılmasına Dair Yönetmelik (Karar Sayısı: 7050)",https://www.resmigazete.gov.tr/eskiler/2023/04/20230410-8.pdf
2023-04-10,–– Basın Kartı Yönetmeliği (Karar Sayısı: 7051),https://www.resmigazete.gov.tr/eskiler/2023/04/20230410-9.pdf
2023-04-10,–– Kastamonu Üniversitesi Kariyer Geliştirme Uygulama ve Araştırma Merkezi Yönetmeliği,https://www.resmigazete.gov.tr/eskiler/2023/04/20230410-10.htm
2023-04-10,–– Kilis 7 Aralık Üniversitesi Lisansüstü Eğitim-Öğretim ve Sınav Yönetmeliğinde Değişiklik Yapılmasına Dair Yönetmelik,https://www.resmigazete.gov.tr/eskiler/2023/04/20230410-11.htm
2023-04-10,–– Muğla Sıtkı Koçman Üniversitesi Ön Lisans ve Lisans Eğitim-Öğretim Yönetmeliğinde Değişiklik Yapılmasına Dair Yönetmelik,https://www.resmigazete.gov.tr/eskiler/2023/04/20230410-12.htm
2023-04-10,a - Yargı İlânları,http://www.resmigazete.gov.tr/main.aspx?home=http://www.resmigazete.gov.tr/ilanlar/eskiilanlar/2023/04/20230410.htm&main=http://www.resmigazete.gov.tr/ilanlar/eskiilanlar/2023/04/20230410-2.htm
2023-04-10,"b - Artırma, Eksiltme ve İhale İlânları",http://www.resmigazete.gov.tr/main.aspx?home=http://www.resmigazete.gov.tr/ilanlar/eskiilanlar/2023/04/20230410.htm&main=http://www.resmigazete.gov.tr/ilanlar/eskiilanlar/2023/04/20230410-3.htm
2023-04-10,c - Çeşitli İlânlar,http://www.resmigazete.gov.tr/main.aspx?home=http://www.resmigazete.gov.tr/ilanlar/eskiilanlar/2023/04/20230410.htm&main=http://www.resmigazete.gov.tr/ilanlar/eskiilanlar/2023/04/20230410-4.htm
2023-04-10,– T.C. Merkez Bankasınca Belirlenen Devlet İç Borçlanma Senetlerinin Günlük Değerleri,http://www.resmigazete.gov.tr/main.aspx?home=http://www.resmigazete.gov.tr/ilanlar/eskiilanlar/2023/04/20230410.htm&main=http://www.resmigazete.gov.tr/ilanlar/eskiilanlar/2023/04/20230410-5.htm
2023-04-10,"10/04/2023 tarihli ve 32159 mükerrer sayılı Resmî Gazete’de, Uyuşmazlık Mahkemesi Kararları yayımlanmıştır.",http://www.resmigazete.gov.tr/eskiler/2023/04/20230410M1.htm
2023-04-11,–– Millî Eğitim Bakanlığı Teftiş Kurulu Yönetmeliği,https://www.resmigazete.gov.tr/eskiler/2023/04/20230411-1.htm
2023-04-11,–– Türkiye Cumhuriyeti Devlet Demiryolları İşletmesi Genel Müdürlüğü Teftiş Kurulu Yönetmeliğinde Değişiklik Yapılmasına Dair Yönetmelik,https://www.resmigazete.gov.tr/eskiler/2023/04/20230411-2.htm
2023-04-11,–– Gümrük Muafiyeti Tebliği (Seri No: 2)'nde Değişiklik Yapılmasına Dair Tebliğ (Seri No: 1),https://www.resmigazete.gov.tr/eskiler/2023/04/20230411-3.htm
2023-04-11,–– Gümrük Genel Tebliği (Uluslararası Anlaşmalar) (Seri No: 10),https://www.resmigazete.gov.tr/eskiler/2023/04/20230411-4.htm
2023-04-11,–– Avukatlık Asgari Ücret Tarifesinde Değişiklik Yapılmasına Dair Tarife,https://www.resmigazete.gov.tr/eskiler/2023/04/20230411-5.htm
2023-04-11,–– Avukatlık Asgari Ücret Tarifesinde Değişiklik Yapılmasına Dair Tarife,https://www.resmigazete.gov.tr/eskiler/2023/04/20230411-6.htm
2023-04-11,a - Yargı İlânları,http://www.resmigazete.gov.tr/main.aspx?home=http://www.resmigazete.gov.tr/ilanlar/eskiilanlar/2023/04/20230411.htm&main=http://www.resmigazete.gov.tr/ilanlar/eskiilanlar/2023/04/20230411-2.htm
2023-04-11,"b - Artırma, Eksiltme ve İhale İlânları",http://www.resmigazete.gov.tr/main.aspx?home=http://www.resmigazete.gov.tr/ilanlar/eskiilanlar/2023/04/20230411.htm&main=http://www.resmigazete.gov.tr/ilanlar/eskiilanlar/2023/04/20230411-3.htm
2023-04-11,c - Çeşitli İlânlar,http://www.resmigazete.gov.tr/main.aspx?home=http://www.resmigazete.gov.tr/ilanlar/eskiilanlar/2023/04/20230411.htm&main=http://www.resmigazete.gov.tr/ilanlar/eskiilanlar/2023/04/20230411-4.htm
2023-04-11,– T.C. Merkez Bankasınca Belirlenen Döviz Kurları ve Devlet İç Borçlanma Senetlerinin Günlük Değerleri,http://www.resmigazete.gov.tr/main.aspx?home=http://www.resmigazete.gov.tr/ilanlar/eskiilanlar/2023/04/20230411.htm&main=http://www.resmigazete.gov.tr/ilanlar/eskiilanlar/2023/04/20230411-5.htm
2023-04-11,"11/04/2023 tarihli ve 32160 mükerrer sayılı Resmî Gazete’de, Yüksek Seçim Kurulu Kararı yayımlanmıştır.",http://www.resmigazete.gov.tr/eskiler/2023/04/20230411M1.htm
2023-04-12,–– Bitkisel Üretime Destekleme Ödemesi Yapılmasına Dair Tebliğ (Tebliğ No: 2022/37)’de Değişiklik Yapılmasına Dair Tebliğ (No: 2023/25),https://www.resmigazete.gov.tr/eskiler/2023/04/20230412-1.htm
2023-04-12,–– Bankacılık Düzenleme ve Denetleme Kurulunun 07/04/2023 Tarihli ve 10569 Sayılı Kararı,https://www.resmigazete.gov.tr/eskiler/2023/04/20230412-2.pdf
2023-04-12,–– Anayasa Mahkemesinin 11/1/2023 Tarihli ve 2019/4055 Başvuru Numaralı Kararı,https://www.resmigazete.gov.tr/eskiler/2023/04/20230412-3.pdf
2023-04-12,a - Yargı İlânı,http://www.resmigazete.gov.tr/main.aspx?home=http://www.resmigazete.gov.tr/ilanlar/eskiilanlar/2023/04/20230412.htm&main=http://www.resmigazete.gov.tr/ilanlar/eskiilanlar/2023/04/20230412-2.htm
2023-04-12,"b - Artırma, Eksiltme ve İhale İlânları",http://www.resmigazete.gov.tr/main.aspx?home=http://www.resmigazete.gov.tr/ilanlar/eskiilanlar/2023/04/20230412.htm&main=http://www.resmigazete.gov.tr/ilanlar/eskiilanlar/2023/04/20230412-3.htm
2023-04-12,c - Çeşitli İlânlar,http://www.resmigazete.gov.tr/main.aspx?home=http://www.resmigazete.gov.tr/ilanlar/eskiilanlar/2023/04/20230412.htm&main=http://www.resmigazete.gov.tr/ilanlar/eskiilanlar/2023/04/20230412-4.htm
2023-04-12,– T.C. Merkez Bankasınca Belirlenen Döviz Kurları ve Devlet İç Borçlanma Senetlerinin Günlük Değerleri,http://www.resmigazete.gov.tr/main.aspx?home=http://www.resmigazete.gov.tr/ilanlar/eskiilanlar/2023/04/20230412.htm&main=http://www.resmigazete.gov.tr/ilanlar/eskiilanlar/2023/04/20230412-5.htm
2023-04-13,–– Olağanüstü Hal Kapsamında Afet ve Acil Durum Yönetimi Alanında Alınan Bazı Tedbirlere Dair Cumhurbaşkanlığı Kararnamesi (Kararname Numarası: 142),https://www.resmigazete.gov.tr/eskiler/2023/04/20230413-1.pdf
2023-04-13,"–– Trabzon İli, Of İlçesi, Eskipazar Mahallesi Sınırları İçerisinde Bulunan Sınır ve Koordinatları Gösterilen Sahada Yer Alan Özel Mülkiyete Konu Taşınmazların, “İlk İşyerim Projesi” Kapsamında İhtiyaç Duyulan Yapılaşmanın İvedilikle Sağlanması Amacıyla Toplu Konut İdaresi Başkanlığı Tarafından Acele Kamulaştırılması Hakkında Karar (Karar Sayısı: 7056)",https://www.resmigazete.gov.tr/eskiler/2023/04/20230413-2.pdf
2023-04-13,"–– Sivas İli, Zara İlçesi, Ahmet Başyurt Mahallesi Sınırları İçerisinde Bulunan Sınır ve Koordinatları Gösterilen Sahada Yer Alan Özel Mülkiyete Konu Taşınmazların, “100.000 Sosyal Konut Projesi” Kapsamında İhtiyaç Duyulan Yapılaşmanın İvedilikle Sağlanması Amacıyla Toplu Konut İdaresi Başkanlığı Tarafından Acele Kamulaştırılması Hakkında Karar (Karar Sayısı: 7057)",https://www.resmigazete.gov.tr/eskiler/2023/04/20230413-3.pdf
2023-04-13,"–– İzmir İlinde Kurulacak Örlemiş RES (Yardımcı Kaynak GES) Elektrik Üretim Tesisi İçin Gerekli Olan Taşınmazların, Enerji Piyasası Düzenleme Kurumu Tarafından Acele Kamulaştırılması Hakkında Karar (Karar Sayısı: 7058)",https://www.resmigazete.gov.tr/eskiler/2023/04/20230413-4.pdf
2023-04-13,"–– Adıyaman İli, Besni İlçesi, Ciritmeydanı Mahallesinde İlan Edilen Riskli Alan İçerisinde Bulunan Taşınmazların, Çoğunluğu İmar Mevzuatına Aykırı Olan, Afet Riski Taşıyan, Genel Asayiş ve Güvenlik Yönünden Sakınca Teşkil Eden Yapıların Tasfiye Edilerek Ulaşım ve Altyapısıyla Birlikte Fen ve Sanat Kurallarına Uygun, Sağlıklı ve Güvenli Yaşam Alanlarının Oluşturulması Amacıyla Besni Belediye Başkanlığı Tarafından Acele Kamulaştırılması Hakkında Karar (Karar Sayısı: 7059)",https://www.resmigazete.gov.tr/eskiler/2023/04/20230413-5.pdf
2023-04-13,–– Kınalı-Tekirdağ-Çanakkale-Savaştepe Otoyolu (Kınalı-Malkara Otoyolu Kesimi) Projesi Kapsamında Bazı Taşınmazların Karayolları Genel Müdürlüğü Tarafından Acele Kamulaştırılması Hakkında Karar (Karar Sayısı: 7060),https://www.resmigazete.gov.tr/eskiler/2023/04/20230413-6.pdf
2023-04-13,"–– Balıkesir İli, Ayvalık İlçesi Sınırları İçerisinde Bulunan Cunda Adası Doğal Sit Alanının Koruma Statüsünün Yeniden Değerlendirilmesi Sonucunda, Gösterilen Alanın Kesin Korunacak Hassas Alan Olarak Tescil ve İlan Edilmesi Hakkında Karar (Karar Sayısı: 7061)",https://www.resmigazete.gov.tr/eskiler/2023/04/20230413-7.pdf
2023-04-13,–– Kocaeli Şehir Hastanesi Tramvay Hattı Projesi Kapsamında İhtiyaç Duyulan Taşınmazların Ulaştırma ve Altyapı Bakanlığı (Altyapı Yatırımları Genel Müdürlüğü) Tarafından Acele Kamulaştırılması Hakkında Karar (Karar Sayısı: 7062),https://www.resmigazete.gov.tr/eskiler/2023/04/20230413-8.pdf
2023-04-13,"–– Bazı Taşınmazların, Konya Organize Sanayi Bölgesi VI. İlave 1. Kısım Genişleme Alanında Her Türlü Alt ve Üst Yapıların İvedilikle Tamamlanarak Yatırımcıların Acil Parsel Tahsisi Taleplerinin Karşılanması Amacıyla Konya Yatırım İzleme ve Koordinasyon Başkanlığı Tarafından Acele Kamulaştırılması Hakkında Karar (Karar Sayısı: 7063)",https://www.resmigazete.gov.tr/eskiler/2023/04/20230413-9.pdf
2023-04-13,–– Kolludere Barajı ve Sulaması Projesi Kapsamında Belirtilen Taşınmazların Devlet Su İşleri Genel Müdürlüğü Tarafından Acele Kamulaştırılması Hakkında Karar (Karar Sayısı: 7064),https://www.resmigazete.gov.tr/eskiler/2023/04/20230413-10.pdf
2023-04-13,–– 6306 Sayılı Kanun Kapsamında Hak Sahiplerince Bankalardan Kullanılacak Kredilere Sağlanacak Faiz Desteğine İlişkin Kararda Değişiklik Yapılmasına Dair Karar (Karar Sayısı: 7065),https://www.resmigazete.gov.tr/eskiler/2023/04/20230413-11.pdf
2023-04-13,"–– Tekirdağ İli, Çorlu İlçesinde Bulunan ve Ekli Haritada Sınırları Gösterilen Alanların Kutes Metal Sanayi ve Ticaret Anonim Şirketi Tekirdağ Özel Endüstri Bölgesi Olarak İlan Edilmesi Hakkında Karar (Karar Sayısı: 7066)",https://www.resmigazete.gov.tr/eskiler/2023/04/20230413-12.pdf
2023-04-13,–– Afyonkarahisar İli Çay ve Bolvadin İçme Suyu Arıtma Tesisi Birliği’nin Kurulması Hakkında Karar (Karar Sayısı: 7067),https://www.resmigazete.gov.tr/eskiler/2023/04/20230413-13.pdf
2023-04-13,"–– Merkezi Balıkesir İli, Sındırgı İlçesinde Olmak Üzere “Doğal Şehirler Birliği”nin Kurulması Hakkında Karar (Karar Sayısı: 7068)",https://www.resmigazete.gov.tr/eskiler/2023/04/20230413-14.pdf
2023-04-13,–– Sakarya İlinde Yapılacak Olan Aktif Karbon Üretim Tesisi Yatırımına Proje Bazlı Devlet Yardımı Verilmesine İlişkin Kararın Yürürlüğe Konulması Hakkında Karar (Karar Sayısı: 7069),https://www.resmigazete.gov.tr/eskiler/2023/04/20230413-15.pdf
2023-04-13,–– Sınır Ticaretinin Düzenlenmesine İlişkin Kararda Değişiklik Yapılmasına Dair Karar (Karar Sayısı: 7070),https://www.resmigazete.gov.tr/eskiler/2023/04/20230413-16.pdf
2023-04-13,"–– Özelleştirme İdaresi Başkanlığı ile İlgili Kararlar (Karar Sayısı: 7071, 7072, 7073, 7074, 7075, 7076)",https://www.resmigazete.gov.tr/eskiler/2023/04/20230413-17.pdf
2023-04-13,"–– Hâkimler ve Savcılar Kurulu Birinci Dairesinin 12/04/2023 Tarihli ve 868, 869 Sayılı Kararları",https://www.resmigazete.gov.tr/eskiler/2023/04/20230413-18.pdf
2023-04-13,–– İyonlaştırıcı Radyasyon ve Radyonüklit Kullanılarak Sunulan Sağlık Hizmetleri Hakkında Yönetmelik (Karar Sayısı: 7077),https://www.resmigazete.gov.tr/eskiler/2023/04/20230413-19.pdf
2023-04-13,–– Turizm Tesislerinin Niteliklerine İlişkin Yönetmelikte Değişiklik Yapılmasına Dair Yönetmelik (Karar Sayısı: 7078),https://www.resmigazete.gov.tr/eskiler/2023/04/20230413-20.pdf
2023-04-13,–– İthalatta Korunma Önlemlerine İlişkin Tebliğ (No: 2023/1),https://www.resmigazete.gov.tr/eskiler/2023/04/20230413-21.htm
2023-04-13,"- Artırma, Eksiltme ve İhale İlânları",http://www.resmigazete.gov.tr/main.aspx?home=http://www.resmigazete.gov.tr/ilanlar/eskiilanlar/2023/04/20230413.htm&main=http://www.resmigazete.gov.tr/ilanlar/eskiilanlar/2023/04/20230413-3.htm
2023-04-13,b - Çeşitli İlânlar,http://www.resmigazete.gov.tr/main.aspx?home=http://www.resmigazete.gov.tr/ilanlar/eskiilanlar/2023/04/20230413.htm&main=http://www.resmigazete.gov.tr/ilanlar/eskiilanlar/2023/04/20230413-4.htm
2023-04-13,– T.C. Merkez Bankasınca Belirlenen Döviz Kurları ve Devlet İç Borçlanma Senetlerinin Günlük Değerleri,http://www.resmigazete.gov.tr/main.aspx?home=http://www.resmigazete.gov.tr/ilanlar/eskiilanlar/2023/04/20230413.htm&main=http://www.resmigazete.gov.tr/ilanlar/eskiilanlar/2023/04/20230413-5.htm
2023-04-13,"13/04/2023 tarihli ve 32162 mükerrer sayılı Resmî Gazete’de, TBMM Kamu İktisadi Teşebbüsleri Komisyonu Kararları yayımlanmıştır.",http://www.resmigazete.gov.tr/eskiler/2023/04/20230413M1.htm
2023-04-14,–– Kamu Kurum ve Kuruluşlarının Ürettikleri Bazı Mal ve Hizmetlerden Ücretsiz veya İndirimli Olarak Faydalanacakların Tespitine İlişkin Karar (Karar Sayısı: 7085),https://www.resmigazete.gov.tr/eskiler/2023/04/20230414-1.pdf
2023-04-14,–– İthalat Rejimi Kararında Değişiklik Yapılmasına İlişkin Karar (Karar Sayısı: 7086),https://www.resmigazete.gov.tr/eskiler/2023/04/20230414-2.pdf
2023-04-14,–– İthalatta İlave Gümrük Vergisi Uygulanmasına İlişkin Kararda Değişiklik Yapılmasına Dair Karar (Karar Sayısı: 7087),https://www.resmigazete.gov.tr/eskiler/2023/04/20230414-3.pdf
2023-04-14,–– Gelir İdaresi Başkanlığı Merkez ve Taşra Teşkilatının 657 Sayılı Devlet Memurları Kanununa Tabi Personeline Fazla Çalışma Ücreti Ödenmesine İlişkin Ekli Kararın Yürürlüğe Konulması Hakkında Karar (Karar Sayısı: 7088),https://www.resmigazete.gov.tr/eskiler/2023/04/20230414-4.pdf
2023-04-14,"–– Hatay İli, İskenderun İlçesi, Cebike Mahallesi Sınırları İçerisinde Bulunan ve Ekli Listede Ada ve Parsel Numaraları Belirtilen Taşınmazların, Yeni Devlet Hastanesinin Yapımı Amacıyla Çevre, Şehircilik ve İklim Değişikliği Bakanlığı Tarafından Acele Kamulaştırılması Hakkında Karar (Karar Sayısı: 7089)",https://www.resmigazete.gov.tr/eskiler/2023/04/20230414-5.pdf
2023-04-14,"–– Hatay İli, Antakya İlçesi, Gülderen Mahallesi Sınırları İçerisinde Bulunan ve Ekli Listede Ada ve Parsel Numaraları Belirtilen Taşınmazların, Yeni Şehir Hastanesinin Yapımı Amacıyla Çevre, Şehircilik ve İklim Değişikliği Bakanlığı Tarafından Acele Kamulaştırılması Hakkında Karar (Karar Sayısı: 7090)",https://www.resmigazete.gov.tr/eskiler/2023/04/20230414-6.pdf
2023-04-14,"–– Hatay İli, Defne İlçesi, Bostancık Mahallesi Sınırları İçerisinde Bulunan 4564 Ada, 23 Parsel Numaralı Taşınmazın, Yeni Devlet Hastanesinin Yapımı Amacıyla Çevre, Şehircilik ve İklim Değişikliği Bakanlığı Tarafından Acele Kamulaştırılması Hakkında Karar (Karar Sayısı: 7091)",https://www.resmigazete.gov.tr/eskiler/2023/04/20230414-7.pdf
2023-04-14,–– Kamulaştırma Bilgileri ve Güzergâhları Gösterilen Enerji Nakil Hatlarının Yapımı Amacıyla Söz Konusu Güzergâhlara İsabet Eden Taşınmazların Türkiye Elektrik Dağıtım Anonim Şirketi Genel Müdürlüğü Tarafından Acele Kamulaştırılması Hakkında Karar (Karar Sayısı: 7092),https://www.resmigazete.gov.tr/eskiler/2023/04/20230414-8.pdf
2023-04-14,–– Türk Silâhlı Kuvvetleri Dalgıçlık Yönetmeliğinde Değişiklik Yapılmasına Dair Yönetmelik,https://www.resmigazete.gov.tr/eskiler/2023/04/20230414-9.htm
2023-04-14,–– Su Dışındaki Sıvılar İçin Ölçme Sistemleri ile Bazı Ölçü ve Tartı Aletlerinin Muayene Yönetmeliğinde Değişiklik Yapılmasına Dair Yönetmelik,https://www.resmigazete.gov.tr/eskiler/2023/04/20230414-10.htm
2023-04-14,–– Ticaret Bakanlığı Yer Değiştirme Yönetmeliğinde Değişiklik Yapılmasına Dair Yönetmelik,https://www.resmigazete.gov.tr/eskiler/2023/04/20230414-11.htm
2023-04-14,–– Gemiler İçin Yetkilendirilmiş Kuruluşlar Yönetmeliğinde Değişiklik Yapılmasına Dair Yönetmelik,https://www.resmigazete.gov.tr/eskiler/2023/04/20230414-12.htm
2023-04-14,–– İthalatta Haksız Rekabetin Önlenmesine İlişkin Tebliğ (No: 2023/15),https://www.resmigazete.gov.tr/eskiler/2023/04/20230414-13.htm
2023-04-14,–– İthalatta Haksız Rekabetin Önlenmesine İlişkin Tebliğ (No: 2023/16),https://www.resmigazete.gov.tr/eskiler/2023/04/20230414-14.htm
2023-04-14,–– Ulusal Meslek Standartlarına Dair Tebliğde Değişiklik Yapılmasına Dair Tebliğ (No: 2023/1),https://www.resmigazete.gov.tr/eskiler/2023/04/20230414-15.htm
2023-04-14,–– Enerji Piyasası Düzenleme Kurulunun 13/04/2023 Tarihli ve 11799 Sayılı Kararı,https://www.resmigazete.gov.tr/eskiler/2023/04/20230414-16.pdf
2023-04-14,–– Anayasa Mahkemesinin 26/1/2023 Tarihli ve 2021/34231 Başvuru Numaralı Kararı,https://www.resmigazete.gov.tr/eskiler/2023/04/20230414-17.pdf
2023-04-14,–– Anayasa Mahkemesinin 15/2/2023 Tarihli ve 2016/6815 Başvuru Numaralı Kararı,https://www.resmigazete.gov.tr/eskiler/2023/04/20230414-18.pdf
2023-04-14,–– Anayasa Mahkemesinin 1/2/2023 Tarihli ve 2020/6731 Başvuru Numaralı Kararı,https://www.resmigazete.gov.tr/eskiler/2023/04/20230414-19.pdf
2023-04-14,–– Anayasa Mahkemesinin 2/3/2023 Tarihli ve 2020/215 Başvuru Numaralı Kararı,https://www.resmigazete.gov.tr/eskiler/2023/04/20230414-20.pdf
2023-04-14,"a - Artırma, Eksiltme ve İhale İlânları",http://www.resmigazete.gov.tr/main.aspx?home=http://www.resmigazete.gov.tr/ilanlar/eskiilanlar/2023/04/20230414.htm&main=http://www.resmigazete.gov.tr/ilanlar/eskiilanlar/2023/04/20230414-3.htm
2023-04-14,- Çeşitli İlânlar,http://www.resmigazete.gov.tr/main.aspx?home=http://www.resmigazete.gov.tr/ilanlar/eskiilanlar/2023/04/20230414.htm&main=http://www.resmigazete.gov.tr/ilanlar/eskiilanlar/2023/04/20230414-4.htm
2023-04-14,– T.C. Merkez Bankasınca Belirlenen Döviz Kurları ve Devlet İç Borçlanma Senetlerinin Günlük Değerleri,http://www.resmigazete.gov.tr/main.aspx?home=http://www.resmigazete.gov.tr/ilanlar/eskiilanlar/2023/04/20230414.htm&main=http://www.resmigazete.gov.tr/ilanlar/eskiilanlar/2023/04/20230414-5.htm
2023-04-14,"14/04/2023 tarihli ve 32163 mükerrer sayılı Resmî Gazete’de, TBMM Kararı ile Yönetmelikler yayımlanmıştır.",http://www.resmigazete.gov.tr/eskiler/2023/04/20230414M1.htm
2023-04-15,–– Avrupa Birliği Başkanlığı Personeli Görevde Yükselme ve Unvan Değişikliği Yönetmeliğinde Değişiklik Yapılmasına Dair Yönetmelik,https://www.resmigazete.gov.tr/eskiler/2023/04/20230415-1.htm
2023-04-15,–– Uzman Erbaş Yönetmeliğinde Değişiklik Yapılmasına Dair Yönetmelik,https://www.resmigazete.gov.tr/eskiler/2023/04/20230415-2.htm
2023-04-15,–– Türk Akreditasyon Kurumu Disiplin Amirleri Yönetmeliği,https://www.resmigazete.gov.tr/eskiler/2023/04/20230415-3.htm
2023-04-15,–– Sosyal Güvenlik Kurumu Taşınmazlarının Elektronik Ortamda Yapılacak Satışlarına İlişkin Yönetmelik,https://www.resmigazete.gov.tr/eskiler/2023/04/20230415-4.htm
2023-04-15,–– Vergi ve Diğer Bazı Alacakların Yeniden Yapılandırılmasına İlişkin 7440 Sayılı Kanun Genel Tebliği (Seri No: 3),https://www.resmigazete.gov.tr/eskiler/2023/04/20230415-5.htm
2023-04-15,a - Yargı İlânları,http://www.resmigazete.gov.tr/main.aspx?home=http://www.resmigazete.gov.tr/ilanlar/eskiilanlar/2023/04/20230415.htm&main=http://www.resmigazete.gov.tr/ilanlar/eskiilanlar/2023/04/20230415-2.htm
2023-04-15,"b - Artırma, Eksiltme ve İhale İlânları",http://www.resmigazete.gov.tr/main.aspx?home=http://www.resmigazete.gov.tr/ilanlar/eskiilanlar/2023/04/20230415.htm&main=http://www.resmigazete.gov.tr/ilanlar/eskiilanlar/2023/04/20230415-3.htm
2023-04-15,c - Çeşitli İlânlar,http://www.resmigazete.gov.tr/main.aspx?home=http://www.resmigazete.gov.tr/ilanlar/eskiilanlar/2023/04/20230415.htm&main=http://www.resmigazete.gov.tr/ilanlar/eskiilanlar/2023/04/20230415-4.htm
2023-04-15,– T.C. Merkez Bankasınca Belirlenen Döviz Kurları ve Devlet İç Borçlanma Senetlerinin Günlük Değerleri,http://www.resmigazete.gov.tr/main.aspx?home=http://www.resmigazete.gov.tr/ilanlar/eskiilanlar/2023/04/20230415.htm&main=http://www.resmigazete.gov.tr/ilanlar/eskiilanlar/2023/04/20230415-5.htm
2023-04-15,"15/04/2023 tarihli ve 32164 mükerrer sayılı Resmî Gazete’de, Yüksek Seçim Kurulu Kararları yayımlanmıştır.",http://www.resmigazete.gov.tr/eskiler/2023/04/20230415M1.htm
2023-04-16,–– İstanbul Ticaret Üniversitesi Çift Anadal ve Yan Dal Programları Yönetmeliğinde Değişiklik Yapılmasına Dair Yönetmelik,https://www.resmigazete.gov.tr/eskiler/2023/04/20230416-1.htm
2023-04-16,–– Ulusal Meslek Standartlarına Dair Tebliğde Değişiklik Yapılmasına Dair Tebliğ (No: 2023/2),https://www.resmigazete.gov.tr/eskiler/2023/04/20230416-2.htm
2023-04-16,–– Ulusal Meslek Standartlarına Dair Tebliğde Değişiklik Yapılmasına Dair Tebliğ (No: 2023/3),https://www.resmigazete.gov.tr/eskiler/2023/04/20230416-3.htm
2023-04-16,–– Ulusal Meslek Standartlarına Dair Tebliğ (Tebliğ No: 2014/3)'de Değişiklik Yapılmasına Dair Tebliğ (No: 2023/4),https://www.resmigazete.gov.tr/eskiler/2023/04/20230416-4.htm
2023-04-16,a - Yargı İlânları,http://www.resmigazete.gov.tr/main.aspx?home=http://www.resmigazete.gov.tr/ilanlar/eskiilanlar/2023/04/20230416.htm&main=http://www.resmigazete.gov.tr/ilanlar/eskiilanlar/2023/04/20230416-2.htm
2023-04-16,"b - Artırma, Eksiltme ve İhale İlânları",http://www.resmigazete.gov.tr/main.aspx?home=http://www.resmigazete.gov.tr/ilanlar/eskiilanlar/2023/04/20230416.htm&main=http://www.resmigazete.gov.tr/ilanlar/eskiilanlar/2023/04/20230416-3.htm
2023-04-16,c - Çeşitli İlânlar,http://www.resmigazete.gov.tr/main.aspx?home=http://www.resmigazete.gov.tr/ilanlar/eskiilanlar/2023/04/20230416.htm&main=http://www.resmigazete.gov.tr/ilanlar/eskiilanlar/2023/04/20230416-4.htm
2023-04-16,– T.C. Merkez Bankasınca Belirlenen Devlet İç Borçlanma Senetlerinin Günlük Değerleri,http://www.resmigazete.gov.tr/main.aspx?home=http://www.resmigazete.gov.tr/ilanlar/eskiilanlar/2023/04/20230416.htm&main=http://www.resmigazete.gov.tr/ilanlar/eskiilanlar/2023/04/20230416-5.htm
2023-04-17,–– Dokuz Eylül Üniversitesi İş Sağlığı Araştırma ve Uygulama Merkezi Yönetmeliğinde Değişiklik Yapılmasına Dair Yönetmelik,https://www.resmigazete.gov.tr/eskiler/2023/04/20230417-1.htm
2023-04-17,–– Dokuz Eylül Üniversitesi Lisansüstü Eğitim ve Öğretim Yönetmeliğinde Değişiklik Yapılmasına Dair Yönetmelik,https://www.resmigazete.gov.tr/eskiler/2023/04/20230417-2.htm
2023-04-17,–– Kafkas Üniversitesi Lisansüstü Eğitim-Öğretim ve Sınav Yönetmeliğinde Değişiklik Yapılmasına Dair Yönetmelik,https://www.resmigazete.gov.tr/eskiler/2023/04/20230417-3.htm
2023-04-17,–– 2023 Yılı Mart Ayına Ait Dahilde İşleme İzin Belgelerinin (D1) Listesi,https://www.resmigazete.gov.tr/eskiler/2023/04/20230417-4.pdf
2023-04-17,–– 2023 Yılı Mart Ayına Ait Yurt İçi Satış ve Teslim Belgelerinin (D3) Listesi,https://www.resmigazete.gov.tr/eskiler/2023/04/20230417-5.pdf
2023-04-17,–– 2023 Yılı Mart Ayına Ait Hariçte İşleme İzin Belgelerinin (H1) Listesi,https://www.resmigazete.gov.tr/eskiler/2023/04/20230417-6.pdf
2023-04-17,–– Firma Talebine İstinaden İptal Edilen Dahilde İşleme İzin Belgeleri Listesi,https://www.resmigazete.gov.tr/eskiler/2023/04/20230417-7.pdf
2023-04-17,a - Yargı İlânları,http://www.resmigazete.gov.tr/main.aspx?home=http://www.resmigazete.gov.tr/ilanlar/eskiilanlar/2023/04/20230417.htm&main=http://www.resmigazete.gov.tr/ilanlar/eskiilanlar/2023/04/20230417-2.htm
2023-04-17,"b - Artırma, Eksiltme ve İhale İlânları",http://www.resmigazete.gov.tr/main.aspx?home=http://www.resmigazete.gov.tr/ilanlar/eskiilanlar/2023/04/20230417.htm&main=http://www.resmigazete.gov.tr/ilanlar/eskiilanlar/2023/04/20230417-3.htm
2023-04-17,c - Çeşitli İlânlar,http://www.resmigazete.gov.tr/main.aspx?home=http://www.resmigazete.gov.tr/ilanlar/eskiilanlar/2023/04/20230417.htm&main=http://www.resmigazete.gov.tr/ilanlar/eskiilanlar/2023/04/20230417-4.htm
2023-04-17,– T.C. Merkez Bankasınca Belirlenen Devlet İç Borçlanma Senetlerinin Günlük Değerleri,http://www.resmigazete.gov.tr/main.aspx?home=http://www.resmigazete.gov.tr/ilanlar/eskiilanlar/2023/04/20230417.htm&main=http://www.resmigazete.gov.tr/ilanlar/eskiilanlar/2023/04/20230417-5.htm
2023-04-18,–– Bazı Kamu Kurum ve Kuruluşlarına Ait Dolu ve Boş Kadrolarda Değişiklik Yapılması Hakkında Karar (Karar: 2023/218),https://www.resmigazete.gov.tr/eskiler/2023/04/20230418-1.pdf
2023-04-18,–– Hâkimler ve Savcılar Kuruluna Ait Kararlar,https://www.resmigazete.gov.tr/eskiler/2023/04/20230418-2.pdf
2023-04-18,–– Millî Eğitim Bakanlığı Eğitim Müfettişleri Yönetmeliğinde Değişiklik Yapılmasına Dair Yönetmelik,https://www.resmigazete.gov.tr/eskiler/2023/04/20230418-3.htm
2023-04-18,–– Yenilenmiş Ürünlerin Satışı Hakkında Yönetmelikte Değişiklik Yapılmasına Dair Yönetmelik,https://www.resmigazete.gov.tr/eskiler/2023/04/20230418-4.htm
2023-04-18,–– Vakıflar Yönetmeliğinde Değişiklik Yapılmasına Dair Yönetmelik,https://www.resmigazete.gov.tr/eskiler/2023/04/20230418-5.htm
2023-04-18,–– Doğuş Üniversitesi Türkçe Öğretimi Uygulama ve Araştırma Merkezi Yönetmeliği,https://www.resmigazete.gov.tr/eskiler/2023/04/20230418-6.htm
2023-04-18,–– Türkiye Çocuk Hakları Strateji Belgesi ve Eylem Planı (2023-2028) ile İlgili 2023/8 Sayılı Cumhurbaşkanlığı Genelgesi,https://www.resmigazete.gov.tr/eskiler/2023/04/20230418-7.pdf
2023-04-18,–– Milli Emlak Genel Tebliği (Sıra No: 415),https://www.resmigazete.gov.tr/eskiler/2023/04/20230418-8.htm
2023-04-18,a - Yargı İlânları,http://www.resmigazete.gov.tr/main.aspx?home=http://www.resmigazete.gov.tr/ilanlar/eskiilanlar/2023/04/20230418.htm&main=http://www.resmigazete.gov.tr/ilanlar/eskiilanlar/2023/04/20230418-2.htm
2023-04-18,"b - Artırma, Eksiltme ve İhale İlânları",http://www.resmigazete.gov.tr/main.aspx?home=http://www.resmigazete.gov.tr/ilanlar/eskiilanlar/2023/04/20230418.htm&main=http://www.resmigazete.gov.tr/ilanlar/eskiilanlar/2023/04/20230418-3.htm
2023-04-18,c - Çeşitli İlânlar,http://www.resmigazete.gov.tr/main.aspx?home=http://www.resmigazete.gov.tr/ilanlar/eskiilanlar/2023/04/20230418.htm&main=http://www.resmigazete.gov.tr/ilanlar/eskiilanlar/2023/04/20230418-4.htm
2023-04-18,– T.C. Merkez Bankasınca Belirlenen Döviz Kurları ve Devlet İç Borçlanma Senetlerinin Günlük Değerleri,http://www.resmigazete.gov.tr/main.aspx?home=http://www.resmigazete.gov.tr/ilanlar/eskiilanlar/2023/04/20230418.htm&main=http://www.resmigazete.gov.tr/ilanlar/eskiilanlar/2023/04/20230418-5.htm
2023-04-19,–– Bitlis Eren Üniversitesi Bilim ve Teknoloji Uygulama ve Araştırma Merkezi Yönetmeliğinde Değişiklik Yapılmasına Dair Yönetmelik,https://www.resmigazete.gov.tr/eskiler/2023/04/20230419-1.htm
2023-04-19,–– Kırşehir Ahi Evran Üniversitesi Yabancı Dil ve Hazırlık Eğitim-Öğretim ve Sınav Yönetmeliği,https://www.resmigazete.gov.tr/eskiler/2023/04/20230419-2.htm
2023-04-19,–– Niğde Ömer Halisdemir Üniversitesi Ayhan Şahenk Tarımsal Araştırmalar Uygulama ve Araştırma Merkezi Yönetmeliğinde Değişiklik Yapılmasına Dair Yönetmelik,https://www.resmigazete.gov.tr/eskiler/2023/04/20230419-3.htm
2023-04-19,–– Anayasa Mahkemesinin 28/12/2022 Tarihli ve 2017/36186 Başvuru Numaralı Kararı,https://www.resmigazete.gov.tr/eskiler/2023/04/20230419-4.pdf
2023-04-19,–– Anayasa Mahkemesinin 8/3/2023 Tarihli ve 2019/5577 Başvuru Numaralı Kararı,https://www.resmigazete.gov.tr/eskiler/2023/04/20230419-6.pdf
2023-04-19,–– Anayasa Mahkemesinin 8/3/2023 Tarihli ve 2019/11417 Başvuru Numaralı Kararı,https://www.resmigazete.gov.tr/eskiler/2023/04/20230419-7.pdf
2023-04-19,–– Anayasa Mahkemesinin 11/1/2023 Tarihli ve 2018/11836 Başvuru Numaralı Kararı,https://www.resmigazete.gov.tr/eskiler/2023/04/20230419-5.pdf
2023-04-19,a - Yargı İlânları,http://www.resmigazete.gov.tr/main.aspx?home=http://www.resmigazete.gov.tr/ilanlar/eskiilanlar/2023/04/20230419.htm&main=http://www.resmigazete.gov.tr/ilanlar/eskiilanlar/2023/04/20230419-2.htm
2023-04-19,"b - Artırma, Eksiltme ve İhale İlânları",http://www.resmigazete.gov.tr/main.aspx?home=http://www.resmigazete.gov.tr/ilanlar/eskiilanlar/2023/04/20230419.htm&main=http://www.resmigazete.gov.tr/ilanlar/eskiilanlar/2023/04/20230419-3.htm
2023-04-19,c - Çeşitli İlânlar,http://www.resmigazete.gov.tr/main.aspx?home=http://www.resmigazete.gov.tr/ilanlar/eskiilanlar/2023/04/20230419.htm&main=http://www.resmigazete.gov.tr/ilanlar/eskiilanlar/2023/04/20230419-4.htm
2023-04-19,– T.C. Merkez Bankasınca Belirlenen Döviz Kurları ve Devlet İç Borçlanma Senetlerinin Günlük Değerleri,http://www.resmigazete.gov.tr/main.aspx?home=http://www.resmigazete.gov.tr/ilanlar/eskiilanlar/2023/04/20230419.htm&main=http://www.resmigazete.gov.tr/ilanlar/eskiilanlar/2023/04/20230419-5.htm
2023-04-19,"19/04/2023 tarihli ve 32168 mükerrer sayılı Resmî Gazete’de, Yüksek Seçim Kurulu Kararı yayımlanmıştır.",http://www.resmigazete.gov.tr/eskiler/2023/04/20230419M1.htm
2023-04-20,–– Olağanüstü Hal Kapsamında Yenilenebilir Enerji Kaynak Alanları Yatırımlarına Dair Cumhurbaşkanlığı Kararnamesi (Kararname Numarası: 143),https://www.resmigazete.gov.tr/eskiler/2023/04/20230420-18.pdf
2023-04-20,"–– Batman Üniversitesi Rektörlüğü Bünyesinde Yer Alan Teknoloji Fakültesinin Kapatılmasına, Muş Alparslan Üniversitesi Rektörlüğüne Bağlı Olarak Yabancı Diller Yüksekokulu Kurulması Hakkında Karar (Karar Sayısı: 7101)",https://www.resmigazete.gov.tr/eskiler/2023/04/20230420-19.pdf
2023-04-20,–– Adana İlinde Yapılacak Olan Selüloz Üretim Tesisi Yatırımına Proje Bazlı Devlet Yardımı Verilmesi Hakkında Karar (Karar Sayısı: 7102),https://www.resmigazete.gov.tr/eskiler/2023/04/20230420-20.pdf
2023-04-20,–– Teknoloji Geliştirme Bölgeleri ile Ar-Ge veya Tasarım Merkezlerinde Çalışan Personelin Gelir Vergisi Stopajı Teşvikine Konu Edilmek Üzere Söz Konusu Bölge ve Merkezler Dışında Geçirebilecekleri Süreler Hakkında Karar (Karar Sayısı: 7103),https://www.resmigazete.gov.tr/eskiler/2023/04/20230420-21.pdf
2023-04-20,"–– Ankara İli, Beypazarı İlçesinde Bulunan Sınırları Gösterilen Alanın Beypazarı İçecek Pazarlama Dağıtım Ambalaj Turizm Petrol İnşaat Sanayi ve Ticaret Anonim Şirketi Ankara Özel Endüstri Bölgesi Olarak İlan Edilmesi Hakkında Karar (Karar Sayısı: 7104)",https://www.resmigazete.gov.tr/eskiler/2023/04/20230420-22.pdf
2023-04-20,"–– Diyarbakır İli, Bismil İlçesi, Esentepe, Şentepe ve Tezekli Mahalleleri Sınırları İçerisinde Bulunan Bazı Alanların Kentsel Dönüşüm ve Gelişim Proje Alanı İlan Edilmesi Hakkında Karar (Karar Sayısı: 7105)",https://www.resmigazete.gov.tr/eskiler/2023/04/20230420-23.pdf
2023-04-20,"–– Konya İli, Meram İlçesi, Şükran, 18 ve 21 Mahalleleri Sınırları İçerisinde Bulunan Alanın Riskli Alan İlan Edilmesi Hakkında Karar (Karar Sayısı: 7106)",https://www.resmigazete.gov.tr/eskiler/2023/04/20230420-24.pdf
2023-04-20,–– 4458 Sayılı Gümrük Kanununun Bazı Maddelerinin Uygulanması Hakkında Kararda Değişiklik Yapılmasına Dair Karar (Karar Sayısı: 7107),https://www.resmigazete.gov.tr/eskiler/2023/04/20230420-25.pdf
2023-04-20,–– Yatırımlarda Devlet Yardımları Hakkında Kararda Değişiklik Yapılmasına Dair Karar (Karar Sayısı: 7108),https://www.resmigazete.gov.tr/eskiler/2023/04/20230420-26.pdf
2023-04-20,–– Kömür İthalatına Ek Mali Yükümlülük Konulması Hakkında Kararda Değişiklik Yapılmasına Dair Karar (Karar Sayısı: 7109),https://www.resmigazete.gov.tr/eskiler/2023/04/20230420-27.pdf
2023-04-20,–– Amerika Birleşik Devletleri Menşeli Bazı Ürünlerin İthalatında Ek Mali Yükümlülük Uygulanmasına Dair Kararda Değişiklik Yapılmasına İlişkin Karar (Karar Sayısı: 7110),https://www.resmigazete.gov.tr/eskiler/2023/04/20230420-28.pdf
2023-04-20,–– Bitlis İlinde Bulunan Bazı Alanların Orman Sınırları Dışına Çıkartılması Hakkında Karar (Karar Sayısı: 7111),https://www.resmigazete.gov.tr/eskiler/2023/04/20230420-29.pdf
2023-04-20,–– Siirt İlinde Bulunan Bazı Alanların Orman Sınırları Dışına Çıkartılması Hakkında Karar (Karar Sayısı: 7112),https://www.resmigazete.gov.tr/eskiler/2023/04/20230420-30.pdf
2023-04-20,"–– Amasya, Bursa, Kütahya, Mersin ve Osmaniye İllerinde Bulunan Bazı Alanların Orman Sınırları Dışına Çıkartılması Hakkında Karar (Karar Sayısı: 7113)",https://www.resmigazete.gov.tr/eskiler/2023/04/20230420-31.pdf
2023-04-20,–– Orman Genel Müdürlüğünün Taşra Teşkilatında Belirtilen Orman İşletme Müdürlükleri ile Orman Fidanlık Müdürlüklerinin Kurulması Hakkında Karar (Karar Sayısı: 7114),https://www.resmigazete.gov.tr/eskiler/2023/04/20230420-32.pdf
2023-04-20,"–– Muğla İli, Bodrum İlçesi Sınırları İçerisinde Bulunan Torba-Çamlık-Kızılağaç Doğal Sit Alanının Koruma Statüsünün Yeniden Değerlendirilmesi Sonucunda, Gösterilen Alanların Kesin Korunacak Hassas Alan Olarak Tescil ve İlan Edilmesi Hakkında Karar (Karar Sayısı: 7115)",https://www.resmigazete.gov.tr/eskiler/2023/04/20230420-33.pdf
2023-04-20,–– Sivas ve Kayseri İllerinde Bulunan ve Listede İsimleri Belirtilen Yerlerde Arazi Toplulaştırması ve Tarla İçi Geliştirme Hizmetleri Yapılması Hakkında Karar (Karar Sayısı: 7116),https://www.resmigazete.gov.tr/eskiler/2023/04/20230420-34.pdf
2023-04-20,"–– Burdur İli, Kemer, Merkez ve Yeşilova İlçelerinde Bulunan ve Listede İsimleri Belirtilen Yerlerde Arazi Toplulaştırması ve Tarla İçi Geliştirme Hizmetleri Yapılması Hakkında Karar (Karar Sayısı: 7117)",https://www.resmigazete.gov.tr/eskiler/2023/04/20230420-35.pdf
2023-04-20,–– Afyonkarahisar ve Eskişehir İllerinde Bulunan ve Listede İsimleri Belirtilen Yerlerde Arazi Toplulaştırması ve Tarla İçi Geliştirme Hizmetleri Yapılması Hakkında Karar (Karar Sayısı: 7118),https://www.resmigazete.gov.tr/eskiler/2023/04/20230420-36.pdf
2023-04-20,"–– Isparta İli, Şarkikaraağaç İlçesinde Bulunan ve Listede İsimleri Belirtilen Yerlerde Arazi Toplulaştırması ve Tarla İçi Geliştirme Hizmetleri Yapılması Hakkında Karar (Karar Sayısı: 7119)",https://www.resmigazete.gov.tr/eskiler/2023/04/20230420-37.pdf
2023-04-20,"–– Afyonkarahisar İli, Çay, Şuhut ve Sultandağı İlçelerinde Bulunan ve Listede İsimleri Belirtilen Yerlerde Arazi Toplulaştırması ve Tarla İçi Geliştirme Hizmetleri Yapılması Hakkında Karar (Karar Sayısı: 7120)",https://www.resmigazete.gov.tr/eskiler/2023/04/20230420-38.pdf
2023-04-20,–– Aydın-Denizli Otoyolu ve Bağlantı Yolları Projesi Kapsamında Ödemiş-Köşk Devlet Yolu Trafiğinin Otoyola Bağlanması Amacıyla Bazı Taşınmazların Karayolları Genel Müdürlüğü Tarafından Acele Kamulaştırılması Hakkında Karar (Karar Sayısı: 7121),https://www.resmigazete.gov.tr/eskiler/2023/04/20230420-39.pdf
2023-04-20,–– Denizli Rüzgâr Enerji Santralinin Yapımı Amacıyla Bazı Taşınmazların Tapuda Hazine Adına Tescil Edilmek Üzere Enerji Piyasası Düzenleme Kurumu Tarafından Acele Kamulaştırılması Hakkında Karar (Karar Sayısı: 7122),https://www.resmigazete.gov.tr/eskiler/2023/04/20230420-40.pdf
2023-04-20,–– 400 kV Diyarbakır 3 (Beyhan 1)-Çınar Brş.N. Enerji İletim Hattı Projesi Kapsamında Gösterilen Taşınmazların Türkiye Elektrik İletim Anonim Şirketi Genel Müdürlüğü Tarafından Acele Kamulaştırılması Hakkında Karar (Karar Sayısı: 7123),https://www.resmigazete.gov.tr/eskiler/2023/04/20230420-41.pdf
2023-04-20,–– Kamulaştırma Bilgileri ve Güzergâhları Gösterilen Enerji Nakil Hatlarının Yapımı Amacıyla Söz Konusu Güzergâhlara İsabet Eden Taşınmazların Türkiye Elektrik Dağıtım Anonim Şirketi Genel Müdürlüğü Tarafından Acele Kamulaştırılması Hakkında Karar (Karar Sayısı: 7124),https://www.resmigazete.gov.tr/eskiler/2023/04/20230420-42.pdf
2023-04-20,"–– Şanlıurfa İli, Eyyübiye İlçesi, Gölbaşı ve Yusufpaşa Mahalleleri Sınırları İçerisinde Bulunan Bazı Taşınmazların, Şanlıurfa Büyükşehir Belediye Başkanlığı Tarafından Acele Kamulaştırılması Hakkında Karar (Karar Sayısı: 7125)",https://www.resmigazete.gov.tr/eskiler/2023/04/20230420-43.pdf
2023-04-20,–– Bölgede Yaşanan Kuraklık ile Gıda Arz ve Güvenliği Hususları Dikkate Alındığında Önemli ve İvedi Yatırımlardan Olan Akdağmadeni-Bahçecik Projesi (KOP) Kapsamında Bazı Taşınmazların Devlet Su İşleri Genel Müdürlüğü Tarafından Acele Kamulaştırılması Hakkında Karar (Karar Sayısı: 7126),https://www.resmigazete.gov.tr/eskiler/2023/04/20230420-44.pdf
2023-04-20,–– 154 kV Emirdağ-2 Transformatör Merkezi Sahası ve Bağlantı Yolu Güzergâhı Projesi Kapsamında Bazı Taşınmazların Türkiye Elektrik İletim Anonim Şirketi Genel Müdürlüğü Tarafından Acele Kamulaştırılması Hakkında Karar (Karar Sayısı: 7127),https://www.resmigazete.gov.tr/eskiler/2023/04/20230420-45.pdf
2023-04-20,–– 154 kV (Kozan-Kadirli) Brş.N-Kadirli OSB Enerji İletim Hattı Projesi Kapsamında Bazı Taşınmazların Türkiye Elektrik İletim Anonim Şirketi Genel Müdürlüğü Tarafından Acele Kamulaştırılması Hakkında Karar (Karar Sayısı: 7128),https://www.resmigazete.gov.tr/eskiler/2023/04/20230420-46.pdf
2023-04-20,–– Demirciler Rüzgâr Enerji Santralinin Yapımı Amacıyla Osmaniye İlinde Bulunan Bazı Taşınmazların Tapuda Hazine Adına Tescil Edilmek Üzere Enerji Piyasası Düzenleme Kurumu Tarafından Acele Kamulaştırılması Hakkında Karar (Karar Sayısı: 7129),https://www.resmigazete.gov.tr/eskiler/2023/04/20230420-47.pdf
2023-04-20,–– Çanakkale İlinde Kurulacak Kocalar RES Elektrik Üretim Tesisi İçin Gerekli Olan Bazı Taşınmazların Tapuda Hazine Adına Tescil Edilmek Üzere Enerji Piyasası Düzenleme Kurumu Tarafından Acele Kamulaştırılması Hakkında Karar (Karar Sayısı: 7130),https://www.resmigazete.gov.tr/eskiler/2023/04/20230420-48.pdf
2023-04-20,"–– Özelleştirme İdaresi Başkanlığı ile İlgili Kararlar (Karar Sayısı: 7131, 7132, 7133, 7134, 7135, 7136, 7137)",https://www.resmigazete.gov.tr/eskiler/2023/04/20230420-49.pdf
2023-04-20,–– Sözleşmeli Personel Çalıştırılmasına İlişkin Esaslarda Değişiklik Yapılmasına Dair Esaslar (Karar Sayısı: 7138),https://www.resmigazete.gov.tr/eskiler/2023/04/20230420-50.pdf
2023-04-20,–– Ekli Listede Belirten Enstitülerin Kurulması ile Ankara Sosyal Bilimler Üniversitesi Rektörlüğüne Bağlı İslami İlimler Fakültesinin Adının İlahiyat Fakültesi Olarak Değiştirilmesi Hakkında Karar (Karar Sayısı: 7139),https://www.resmigazete.gov.tr/eskiler/2023/04/20230420-51.pdf
2023-04-20,"–– Cumhurbaşkanlığı Tarafından Yapılan Atamalar Hakkında Kararlar (Karar: 2023/219, 220, 221, 222, 223, 224, 225, 226, 227, 228, 229, 230, 231, 232, 233, 234, 235, 236, 237, 238, 239, 240, 241, 242, 243, 244, 245, 246, 247, 248, 249, 250, 251, 252, 253)",https://www.resmigazete.gov.tr/eskiler/2023/04/20230420-52.pdf
2023-04-20,–– Kamu Hizmeti Yükümlülüğü Kapsamında Desteklenecek Demiryolu Yolcu Taşıma Hatları ile Kamu Hizmeti Yükümlüsü Tren İşletmecisinin Belirlenmesine İlişkin Yönetmelik (Karar Sayısı: 7140),https://www.resmigazete.gov.tr/eskiler/2023/04/20230420-53.pdf
2023-04-20,–– Gençlik ve Spor Bakanlığı Yurt Hizmetleri Yönetmeliğinde Değişiklik Yapılmasına Dair Yönetmelik,https://www.resmigazete.gov.tr/eskiler/2023/04/20230420-1.htm
2023-04-20,–– Türk Gıda Kodeksi Beslenme Beyanları Yönetmeliği,https://www.resmigazete.gov.tr/eskiler/2023/04/20230420-2.htm
2023-04-20,–– Gümrüksüz Satış Mağazaları Yönetmeliğinde Değişiklik Yapılmasına Dair Yönetmelik,https://www.resmigazete.gov.tr/eskiler/2023/04/20230420-3.htm
2023-04-20,–– Nükleer Tesisler İçin Ekipman Tedarik Sürecine ve İmalatçıların Onaylanmasına İlişkin Yönetmelikte Değişiklik Yapılmasına Dair Yönetmelik,https://www.resmigazete.gov.tr/eskiler/2023/04/20230420-4.htm
2023-04-20,–– Gıda ve Takviye Edici Gıdalarda Sağlık Beyanı Kullanımı Hakkında Yönetmelik,https://www.resmigazete.gov.tr/eskiler/2023/04/20230420-5.htm
2023-04-20,–– Sağlık Beyanı ile Satışa Sunulan Ürünlerin Sağlık Beyanları Hakkında Yönetmelikte Değişiklik Yapılmasına Dair Yönetmelik,https://www.resmigazete.gov.tr/eskiler/2023/04/20230420-6.htm
2023-04-20,–– Gümrük Genel Tebliği (Gümrük İşlemleri) (Seri No: 104)’nde Değişiklik Yapılmasına Dair Tebliğ (Gümrük İşlemleri) (Seri No: 190),https://www.resmigazete.gov.tr/eskiler/2023/04/20230420-7.htm
2023-04-20,–– Özelleştirme İdaresi Başkanlığının 18/04/2023 Tarihli ve 2023/ÖİB-K-23 Sayılı Kararı,https://www.resmigazete.gov.tr/eskiler/2023/04/20230420-8.pdf
2023-04-20,–– Anayasa Mahkemesinin 31/1/2023 Tarihli ve 2020/21844 Başvuru Numaralı Kararı,https://www.resmigazete.gov.tr/eskiler/2023/04/20230420-9.pdf
2023-04-20,–– Anayasa Mahkemesinin 8/2/2023 Tarihli ve 2021/8574 Başvuru Numaralı Kararı,https://www.resmigazete.gov.tr/eskiler/2023/04/20230420-10.pdf
2023-04-20,–– Anayasa Mahkemesinin 9/2/2023 Tarihli ve 2018/9808 Başvuru Numaralı Kararı,https://www.resmigazete.gov.tr/eskiler/2023/04/20230420-10-1.pdf
2023-04-20,–– Anayasa Mahkemesinin 1/3/2023 Tarihli ve 2019/6668 Başvuru Numaralı Kararı,https://www.resmigazete.gov.tr/eskiler/2023/04/20230420-11.pdf
2023-04-20,–– Anayasa Mahkemesinin 1/3/2023 Tarihli ve 2019/15788 Başvuru Numaralı Kararı,https://www.resmigazete.gov.tr/eskiler/2023/04/20230420-12.pdf
2023-04-20,–– Anayasa Mahkemesinin 1/3/2023 Tarihli ve 2019/17469 Başvuru Numaralı Kararı,https://www.resmigazete.gov.tr/eskiler/2023/04/20230420-13.pdf
2023-04-20,–– Anayasa Mahkemesinin 1/3/2023 Tarihli ve 2019/20425 Başvuru Numaralı Kararı,https://www.resmigazete.gov.tr/eskiler/2023/04/20230420-14.pdf
2023-04-20,–– Anayasa Mahkemesinin 15/3/2023 Tarihli ve 2019/38387 Başvuru Numaralı Kararı,https://www.resmigazete.gov.tr/eskiler/2023/04/20230420-15.pdf
2023-04-20,–– Anayasa Mahkemesinin 16/3/2023 Tarihli ve 2019/1603 Başvuru Numaralı Kararı,https://www.resmigazete.gov.tr/eskiler/2023/04/20230420-16.pdf
2023-04-20,–– Danıştay Dokuzuncu Dairesine Ait Karar,https://www.resmigazete.gov.tr/eskiler/2023/04/20230420-17.pdf
2023-04-20,a - Yargı İlânları,http://www.resmigazete.gov.tr/main.aspx?home=http://www.resmigazete.gov.tr/ilanlar/eskiilanlar/2023/04/20230420.htm&main=http://www.resmigazete.gov.tr/ilanlar/eskiilanlar/2023/04/20230420-2.htm
2023-04-20,"b - Artırma, Eksiltme ve İhale İlânları",http://www.resmigazete.gov.tr/main.aspx?home=http://www.resmigazete.gov.tr/ilanlar/eskiilanlar/2023/04/20230420.htm&main=http://www.resmigazete.gov.tr/ilanlar/eskiilanlar/2023/04/20230420-3.htm
2023-04-20,c - Çeşitli İlânlar,http://www.resmigazete.gov.tr/main.aspx?home=http://www.resmigazete.gov.tr/ilanlar/eskiilanlar/2023/04/20230420.htm&main=http://www.resmigazete.gov.tr/ilanlar/eskiilanlar/2023/04/20230420-4.htm
2023-04-20,– T.C. Merkez Bankasınca Belirlenen Döviz Kurları ve Devlet İç Borçlanma Senetlerinin Günlük Değerleri,http://www.resmigazete.gov.tr/main.aspx?home=http://www.resmigazete.gov.tr/ilanlar/eskiilanlar/2023/04/20230420.htm&main=http://www.resmigazete.gov.tr/ilanlar/eskiilanlar/2023/04/20230420-5.htm
2023-04-20,"20/4/2023 tarihli ve 32169 mükerrer sayılı Resmî Gazete’de, Yüksek Seçim Kurulu Kararları ile Düzeltme yayımlanmıştır.",http://www.resmigazete.gov.tr/eskiler/2023/04/20230420M1.htm
2023-04-21,"15/7/2018 tarihli ve 30479 sayılı Resmî Gazete'de yayımlanan ""Resmî Gazete Hakkında Cumhurbaşkanlığı Kararnamesi (Kararname Numarası: 10)"" uyarınca bugün Resmî Gazete yayımlanmamaktadır.",https://www.resmigazete.gov.tr/eskiler/2023/04/20110101-1.htm
2023-04-22,"15/7/2018 tarihli ve 30479 sayılı Resmî Gazete'de yayımlanan ""Resmî Gazete Hakkında Cumhurbaşkanlığı Kararnamesi (Kararname Numarası: 10)"" uyarınca bugün Resmî Gazete yayımlanmamaktadır.",https://www.resmigazete.gov.tr/eskiler/2023/04/20110101-1.htm
2023-04-23,"15/7/2018 tarihli ve 30479 sayılı Resmî Gazete'de yayımlanan ""Resmî Gazete Hakkında Cumhurbaşkanlığı Kararnamesi (Kararname Numarası: 10)"" uyarınca bugün Resmî Gazete yayımlanmamaktadır.",https://www.resmigazete.gov.tr/eskiler/2023/04/20110101-1.htm
2023-04-24,–– Türkiye Cumhuriyeti ile Pakistan İslam Cumhuriyeti Arasında Mal Ticareti Anlaşması Çerçevesindeki Ticarette Eşyanın Tercihli Menşeinin Tespiti Hakkında Yönetmelik,https://www.resmigazete.gov.tr/eskiler/2023/04/20230424-1.htm
2023-04-24,"–– İşkolu Tespit Kararları (No: 2023/1, 2, 3, 4, 5, 6, 7, 8, 9, 10, 11, 12, 13, 14, 15, 16, 17, 18, 19, 20, 21, 22, 23)",https://www.resmigazete.gov.tr/eskiler/2023/04/20230424-2.pdf
2023-04-24,–– Türkiye - Avrupa Birliği Katılım Öncesi Yardım Aracı (IPA III) Mali Çerçeve Ortaklık Anlaşması Genel Tebliği (Sıra No:1),https://www.resmigazete.gov.tr/eskiler/2023/04/20230424-3.htm
2023-04-24,a - Yargı İlânları,http://www.resmigazete.gov.tr/main.aspx?home=http://www.resmigazete.gov.tr/ilanlar/eskiilanlar/2023/04/20230424.htm&main=http://www.resmigazete.gov.tr/ilanlar/eskiilanlar/2023/04/20230424-2.htm
2023-04-24,"b - Artırma, Eksiltme ve İhale İlânları",http://www.resmigazete.gov.tr/main.aspx?home=http://www.resmigazete.gov.tr/ilanlar/eskiilanlar/2023/04/20230424.htm&main=http://www.resmigazete.gov.tr/ilanlar/eskiilanlar/2023/04/20230424-3.htm
2023-04-24,c - Çeşitli İlânlar,http://www.resmigazete.gov.tr/main.aspx?home=http://www.resmigazete.gov.tr/ilanlar/eskiilanlar/2023/04/20230424.htm&main=http://www.resmigazete.gov.tr/ilanlar/eskiilanlar/2023/04/20230424-4.htm
2023-04-24,– T.C. Merkez Bankasınca Belirlenen Devlet İç Borçlanma Senetlerinin Günlük Değerleri,http://www.resmigazete.gov.tr/main.aspx?home=http://www.resmigazete.gov.tr/ilanlar/eskiilanlar/2023/04/20230424.htm&main=http://www.resmigazete.gov.tr/ilanlar/eskiilanlar/2023/04/20230424-5.htm
2023-04-25,–– Türkiye Cumhuriyeti Milli Eğitim Bakanlığı ile Alman Kalkınma Bankası (KfW) Arasındaki Temiz Enerji ve Enerji Verimliliği Önlemleri Projesine Dair 19/3/2018 Tarihli Finansman Anlaşması Hakkında Ayrı Anlaşmaya İlişkin Ekli Tadilat Mektubunun Onaylanması Hakkında Karar (Karar Sayısı: 7158),https://www.resmigazete.gov.tr/eskiler/2023/04/20230425-1.pdf
2023-04-25,–– Türkiye Cumhuriyeti Hükümeti ile Somali Federal Cumhuriyeti Hükümeti Arasında Enerji ve Madencilik Alanında İşbirliğine Dair Mutabakat Zaptı ile Mutabakat Zaptında Değişiklik Yapılmasına Dair Notaların Onaylanması Hakkında Karar (Karar Sayısı: 7159),https://www.resmigazete.gov.tr/eskiler/2023/04/20230425-2.pdf
2023-04-25,–– Türk-Çek Kara Ulaştırması Karma Komisyon Toplantısı Protokolünün Onaylanması Hakkında Karar (Karar Sayısı: 7160),https://www.resmigazete.gov.tr/eskiler/2023/04/20230425-3.pdf
2023-04-25,–– Türkiye Cumhuriyeti Hükümeti ile Slovenya Cumhuriyeti Hükümeti Arasında Türkiye Cumhuriyeti Hükümeti ile Slovenya Cumhuriyeti Hükümeti Arasındaki Bilim ve Teknoloji İşbirliği Anlaşmasını Tadil Eden Protokolün Onaylanması Hakkında Karar (Karar Sayısı: 7161),https://www.resmigazete.gov.tr/eskiler/2023/04/20230425-4.pdf
2023-04-25,"–– Türkiye Cumhuriyeti Hükümeti ile Macaristan Hükümeti Arasında Bilim, Sanayi ve Teknoloji Alanlarında İş Birliğine Yönelik Anlaşmanın Onaylanması Hakkında Karar (Karar Sayısı: 7162)",https://www.resmigazete.gov.tr/eskiler/2023/04/20230425-5.pdf
2023-04-25,–– Türkiye Cumhuriyeti Hükümeti ve Panama Cumhuriyeti Hükümeti Arasında Turizm Alanında İşbirliği Anlaşmasının Onaylanması Hakkında Karar (Karar Sayısı: 7163),https://www.resmigazete.gov.tr/eskiler/2023/04/20230425-6.pdf
2023-04-25,–– Bazı Anlaşmaların Yürürlüğe Girdiği Tarihlerin Tespit Edilmesi Hakkında Karar (Karar Sayısı: 7164),https://www.resmigazete.gov.tr/eskiler/2023/04/20230425-6-1.pdf
2023-04-25,"–– 5520 Sayılı Kurumlar Vergisi Kanununun Geçici 14 üncü Maddesinin Dördüncü Fıkrasında Yer Alan İstisnanın, Kurumların 31/3/2023 Tarihli Bilançolarında Yer Alan Yabancı Paralar İtibarıyla da Uygulanmasına İlişkin Karar (Karar Sayısı: 7165)",https://www.resmigazete.gov.tr/eskiler/2023/04/20230425-13.pdf
2023-04-25,–– 193 Sayılı Gelir Vergisi Kanunu Hükümlerine Göre Basit Usulde Vergilendirilen Mükelleflerle İlgili 12/1/1995 Tarihli ve 95/6430 Sayılı Bakanlar Kurulu Kararının Eki Kararda Değişiklik Yapılmasına İlişkin Karar (Karar Sayısı: 7166),https://www.resmigazete.gov.tr/eskiler/2023/04/20230425-14.pdf
2023-04-25,–– İthalat Rejimi Kararında Değişiklik Yapılmasına İlişkin Karar (Karar Sayısı: 7167),https://www.resmigazete.gov.tr/eskiler/2023/04/20230425-15.pdf
2023-04-25,–– Kamu Kurum ve Kuruluşlarının Ürettikleri Bazı Mal ve Hizmetlerden Ücretsiz veya İndirimli Olarak Faydalanacakların Tespitine İlişkin Karar (Karar Sayısı: 7168),https://www.resmigazete.gov.tr/eskiler/2023/04/20230425-16.pdf
2023-04-25,–– 400 kV (Batman 2-Diyarbakır 3) Brş.N-Çınar Enerji İletim Hattı Projesi Kapsamında Bazı Taşınmazların Türkiye Elektrik İletim Anonim Şirketi Genel Müdürlüğü Tarafından Acele Kamulaştırılması Hakkında Karar (Karar Sayısı: 7169),https://www.resmigazete.gov.tr/eskiler/2023/04/20230425-17.pdf
2023-04-25,–– Aile ve Sosyal Hizmetler Bakanlığı Personeli Görevde Yükselme ve Unvan Değişikliği Yönetmeliğinde Değişiklik Yapılmasına Dair Yönetmelik,https://www.resmigazete.gov.tr/eskiler/2023/04/20230425-7.htm
2023-04-25,–– Nükleer Tıp Hizmetleri Yönetmeliği,https://www.resmigazete.gov.tr/eskiler/2023/04/20230425-8.htm
2023-04-25,–– Radyasyon Onkolojisi Hizmetleri Yönetmeliği,https://www.resmigazete.gov.tr/eskiler/2023/04/20230425-9.htm
2023-04-25,–– Radyoloji Hizmetleri Yönetmeliğinde Değişiklik Yapılmasına Dair Yönetmelik,https://www.resmigazete.gov.tr/eskiler/2023/04/20230425-10.htm
2023-04-25,–– Havalimanları/Havaalanları Yer Hizmetleri Yönetmeliği (SHY-22)’nde Değişiklik Yapılmasına Dair Yönetmelik,https://www.resmigazete.gov.tr/eskiler/2023/04/20230425-11.htm
2023-04-25,–– Hidromorfolojik İzleme Tebliği (No: 2023/19),https://www.resmigazete.gov.tr/eskiler/2023/04/20230425-12.htm
2023-04-25,a - Yargı İlânları,http://www.resmigazete.gov.tr/main.aspx?home=http://www.resmigazete.gov.tr/ilanlar/eskiilanlar/2023/04/20230425.htm&main=http://www.resmigazete.gov.tr/ilanlar/eskiilanlar/2023/04/20230425-2.htm
2023-04-25,"b - Artırma, Eksiltme ve İhale İlânları",http://www.resmigazete.gov.tr/main.aspx?home=http://www.resmigazete.gov.tr/ilanlar/eskiilanlar/2023/04/20230425.htm&main=http://www.resmigazete.gov.tr/ilanlar/eskiilanlar/2023/04/20230425-3.htm
2023-04-25,c - Çeşitli İlânlar,http://www.resmigazete.gov.tr/main.aspx?home=http://www.resmigazete.gov.tr/ilanlar/eskiilanlar/2023/04/20230425.htm&main=http://www.resmigazete.gov.tr/ilanlar/eskiilanlar/2023/04/20230425-4.htm
2023-04-25,– T.C. Merkez Bankasınca Belirlenen Döviz Kurları ve Devlet İç Borçlanma Senetlerinin Günlük Değerleri,http://www.resmigazete.gov.tr/main.aspx?home=http://www.resmigazete.gov.tr/ilanlar/eskiilanlar/2023/04/20230425.htm&main=http://www.resmigazete.gov.tr/ilanlar/eskiilanlar/2023/04/20230425-5.htm
2023-04-26,–– Türkiye Cumhuriyeti Hükümeti ve Azerbaycan Cumhuriyeti Hükümeti Arasında Tohumculuk Konusunda İşbirliği Anlaşmasının Onaylanması Hakkında Karar (Karar Sayısı: 7173),https://www.resmigazete.gov.tr/eskiler/2023/04/20230426-1.pdf
2023-04-26,–– Türkiye Cumhuriyeti Hükümeti ile Azerbaycan Cumhuriyeti Hükümeti Arasında Bitki Koruma ve Karantinası Alanında İşbirliği Anlaşmasının Onaylanması Hakkında Karar (Karar Sayısı: 7174),https://www.resmigazete.gov.tr/eskiler/2023/04/20230426-2.pdf
2023-04-26,–– Türkiye Cumhuriyeti Hükümeti ile Azerbaycan Cumhuriyeti Hükümeti Arasında Gençlik ve Spor Alanlarında İşbirliği Anlaşmasının İlişik Notalarla Birlikte Onaylanması Hakkında Karar (Karar Sayısı: 7175),https://www.resmigazete.gov.tr/eskiler/2023/04/20230426-3.pdf
2023-04-26,–– Türk-Macar Kara Ulaştırması Karma Komisyon Toplantısı Protokolünün Onaylanması Hakkında Karar (Karar Sayısı: 7176),https://www.resmigazete.gov.tr/eskiler/2023/04/20230426-4.pdf
2023-04-26,–– Türkiye Cumhuriyeti ile Karadağ Arasında Uluslararası Karayolu Taşımacılığı Karma Komisyon Toplantısı Protokolünün Onaylanması Hakkında Karar (Karar Sayısı: 7177),https://www.resmigazete.gov.tr/eskiler/2023/04/20230426-5.pdf
2023-04-26,–– Türkiye Cumhuriyeti Hükümeti ile Cezayir Demokratik Halk Cumhuriyeti Hükümeti Arasında Medya ve İletişim Alanlarında İş Birliği Protokolünün Onaylanması Hakkında Karar (Karar Sayısı: 7178),https://www.resmigazete.gov.tr/eskiler/2023/04/20230426-6.pdf
2023-04-26,–– Tarımsal Sulama Amaçlı Su Kullanım Hizmet Bedelinin Desteklenmesine İlişkin Karar (Karar Sayısı: 7179),https://www.resmigazete.gov.tr/eskiler/2023/04/20230426-10.pdf
2023-04-26,–– Millî Eğitim Bakanlığı Taşıma Yoluyla Eğitime Erişim Yönetmeliğinde Değişiklik Yapılmasına Dair Yönetmelik,https://www.resmigazete.gov.tr/eskiler/2023/04/20230426-7.htm
2023-04-26,–– Dış Ticaret Sermaye Şirketlerine İlişkin Karar,https://www.resmigazete.gov.tr/eskiler/2023/04/20230426-8.pdf
2023-04-26,–– Birinci Sınıfa Ayrılan ve Birinci Sınıf Olan Hâkim ve Savcıların Çalışmalarının Değerlendirilmesi Esaslarına İlişkin İlke Kararında Değişiklik Yapılmasına Dair İlke Kararı,https://www.resmigazete.gov.tr/eskiler/2023/04/20230426-9.pdf
2023-04-26,a - Yargı İlânları,http://www.resmigazete.gov.tr/main.aspx?home=http://www.resmigazete.gov.tr/ilanlar/eskiilanlar/2023/04/20230426.htm&main=http://www.resmigazete.gov.tr/ilanlar/eskiilanlar/2023/04/20230426-2.htm
2023-04-26,"b - Artırma, Eksiltme ve İhale İlânları",http://www.resmigazete.gov.tr/main.aspx?home=http://www.resmigazete.gov.tr/ilanlar/eskiilanlar/2023/04/20230426.htm&main=http://www.resmigazete.gov.tr/ilanlar/eskiilanlar/2023/04/20230426-3.htm
2023-04-26,c - Çeşitli İlânlar,http://www.resmigazete.gov.tr/main.aspx?home=http://www.resmigazete.gov.tr/ilanlar/eskiilanlar/2023/04/20230426.htm&main=http://www.resmigazete.gov.tr/ilanlar/eskiilanlar/2023/04/20230426-4.htm
2023-04-26,– T.C. Merkez Bankasınca Belirlenen Döviz Kurları ve Devlet İç Borçlanma Senetlerinin Günlük Değerleri,http://www.resmigazete.gov.tr/main.aspx?home=http://www.resmigazete.gov.tr/ilanlar/eskiilanlar/2023/04/20230426.htm&main=http://www.resmigazete.gov.tr/ilanlar/eskiilanlar/2023/04/20230426-5.htm
2023-04-27,–– Limanlar Yönetmeliğinde Değişiklik Yapılmasına Dair Yönetmelik,https://www.resmigazete.gov.tr/eskiler/2023/04/20230427-1.htm
2023-04-27,–– Ankara Yıldırım Beyazıt Üniversitesi Kariyer Planlaması ve Yönetimi Uygulama ve Araştırma Merkezi Yönetmeliğinde Değişiklik Yapılmasına Dair Yönetmelik,https://www.resmigazete.gov.tr/eskiler/2023/04/20230427-2.htm
2023-04-27,–– İstanbul Gedik Üniversitesi Lisansüstü Eğitim ve Öğretim Yönetmeliğinde Değişiklik Yapılmasına Dair Yönetmelik,https://www.resmigazete.gov.tr/eskiler/2023/04/20230427-3.htm
2023-04-27,"–– Anayasa Mahkemesinin 30/11/2022 Tarihli ve E: 2018/83, K: 2022/144 Sayılı Kararı",https://www.resmigazete.gov.tr/eskiler/2023/04/20230427-4.pdf
2023-04-27,"–– Anayasa Mahkemesinin 22/3/2023 Tarihli ve E: 2023/6, K: 2023/56 Sayılı Kararı",https://www.resmigazete.gov.tr/eskiler/2023/04/20230427-5.pdf
2023-04-27,–– Anayasa Mahkemesinin 9/2/2023 Tarihli ve 2020/24527 Başvuru Numaralı Kararı,https://www.resmigazete.gov.tr/eskiler/2023/04/20230427-6.pdf
2023-04-27,–– Anayasa Mahkemesinin 16/3/2023 Tarihli ve 2019/2923 Başvuru Numaralı Kararı,https://www.resmigazete.gov.tr/eskiler/2023/04/20230427-7.pdf
2023-04-27,a - Yargı İlânları,http://www.resmigazete.gov.tr/main.aspx?home=http://www.resmigazete.gov.tr/ilanlar/eskiilanlar/2023/04/20230427.htm&main=http://www.resmigazete.gov.tr/ilanlar/eskiilanlar/2023/04/20230427-2.htm
2023-04-27,"b - Artırma, Eksiltme ve İhale İlânları",http://www.resmigazete.gov.tr/main.aspx?home=http://www.resmigazete.gov.tr/ilanlar/eskiilanlar/2023/04/20230427.htm&main=http://www.resmigazete.gov.tr/ilanlar/eskiilanlar/2023/04/20230427-3.htm
2023-04-27,c - Çeşitli İlânlar,http://www.resmigazete.gov.tr/main.aspx?home=http://www.resmigazete.gov.tr/ilanlar/eskiilanlar/2023/04/20230427.htm&main=http://www.resmigazete.gov.tr/ilanlar/eskiilanlar/2023/04/20230427-4.htm
2023-04-27,– T.C. Merkez Bankasınca Belirlenen Döviz Kurları ve Devlet İç Borçlanma Senetlerinin Günlük Değerleri,http://www.resmigazete.gov.tr/main.aspx?home=http://www.resmigazete.gov.tr/ilanlar/eskiilanlar/2023/04/20230427.htm&main=http://www.resmigazete.gov.tr/ilanlar/eskiilanlar/2023/04/20230427-5.htm
2023-04-27,"27/04/2023 tarihli ve 32173 mükerrer sayılı Resmî Gazete’de, Milletlerarası Andlaşma yayımlanmıştır.",http://www.resmigazete.gov.tr/eskiler/2023/04/20230427M1.htm
2023-04-28,–– Eğitim Aile Sağlığı Merkezleri Yönetmeliği,https://www.resmigazete.gov.tr/eskiler/2023/04/20230428-1.htm
2023-04-28,"–– Araç Muayene İstasyonlarının Açılması, İşletilmesi ve Araç Muayenesi Hakkında Yönetmelikte Değişiklik Yapılmasına Dair Yönetmelik",https://www.resmigazete.gov.tr/eskiler/2023/04/20230428-2.htm
2023-04-28,–– Helal Uygunluk Belgeli Ürünlerin İthalatına İlişkin Yönetmelik,https://www.resmigazete.gov.tr/eskiler/2023/04/20230428-3.htm
2023-04-28,–– İthalatta Gözetim Uygulanmasına İlişkin Tebliğ (No: 2023/9),https://www.resmigazete.gov.tr/eskiler/2023/04/20230428-4.htm
2023-04-28,–– Ozon Tabakasını İncelten Maddelerin ve Florlu Sera Gazlarının İhracına İlişkin Tebliğ (İhracat: 2023/4),https://www.resmigazete.gov.tr/eskiler/2023/04/20230428-5.htm
2023-04-28,–– Bankacılık Düzenleme ve Denetleme Kurulunun 27/04/2023 Tarihli ve 10585 Sayılı Kararı,https://www.resmigazete.gov.tr/eskiler/2023/04/20230428-6.pdf
2023-04-28,"–– Anayasa Mahkemesinin 22/2/2023 Tarihli ve E: 2022/155, K: 2023/38 Sayılı Kararı",https://www.resmigazete.gov.tr/eskiler/2023/04/20230428-9.pdf
2023-04-28,–– Yargıtay 2 ve 9. Hukuk Dairelerine Ait Kararlar,https://www.resmigazete.gov.tr/eskiler/2023/04/20230428-7.pdf
2023-04-28,"–– Danıştay Vergi Dava Daireleri Kurulu Kararı (E: 2022/14, K: 2023/2)",https://www.resmigazete.gov.tr/eskiler/2023/04/20230428-8.pdf
2023-04-28,a - Yargı İlânları,http://www.resmigazete.gov.tr/main.aspx?home=http://www.resmigazete.gov.tr/ilanlar/eskiilanlar/2023/04/20230428.htm&main=http://www.resmigazete.gov.tr/ilanlar/eskiilanlar/2023/04/20230428-2.htm
2023-04-28,"b - Artırma, Eksiltme ve İhale İlânları",http://www.resmigazete.gov.tr/main.aspx?home=http://www.resmigazete.gov.tr/ilanlar/eskiilanlar/2023/04/20230428.htm&main=http://www.resmigazete.gov.tr/ilanlar/eskiilanlar/2023/04/20230428-3.htm
2023-04-28,c - Çeşitli İlânlar,http://www.resmigazete.gov.tr/main.aspx?home=http://www.resmigazete.gov.tr/ilanlar/eskiilanlar/2023/04/20230428.htm&main=http://www.resmigazete.gov.tr/ilanlar/eskiilanlar/2023/04/20230428-4.htm
2023-04-28,– T.C. Merkez Bankasınca Belirlenen Döviz Kurları ve Devlet İç Borçlanma Senetlerinin Günlük Değerleri,http://www.resmigazete.gov.tr/main.aspx?home=http://www.resmigazete.gov.tr/ilanlar/eskiilanlar/2023/04/20230428.htm&main=http://www.resmigazete.gov.tr/ilanlar/eskiilanlar/2023/04/20230428-5.htm
2023-04-29,–– İhtiyaç Sahibi Hanelere Isınma Amaçlı Kömür Yardımı Yapılmasına İlişkin Karar (Karar Sayısı: 7183),https://www.resmigazete.gov.tr/eskiler/2023/04/20230429-1.pdf
2023-04-29,–– Okul Servis Araçları Yönetmeliğinde Değişiklik Yapılmasına Dair Yönetmelik,https://www.resmigazete.gov.tr/eskiler/2023/04/20230429-2.htm
2023-04-29,–– Sebze ve Meyve Ticareti ve Toptancı Halleri Hakkında Yönetmelikte Değişiklik Yapılmasına Dair Yönetmelik,https://www.resmigazete.gov.tr/eskiler/2023/04/20230429-3.htm
2023-04-29,–– Ödeme Hizmetleri ve Elektronik Para İhracı ile Ödeme Hizmeti Sağlayıcıları Hakkında Yönetmelikte Değişiklik Yapılmasına Dair Yönetmelik,https://www.resmigazete.gov.tr/eskiler/2023/04/20230429-4.htm
2023-04-29,–– Ankara Bilim Üniversitesi Türkçe Öğretim Uygulama ve Araştırma Merkezi Yönetmeliği,https://www.resmigazete.gov.tr/eskiler/2023/04/20230429-5.htm
2023-04-29,–– Dokuz Eylül Üniversitesi Sürekli Eğitim Merkezi Yönetmeliği,https://www.resmigazete.gov.tr/eskiler/2023/04/20230429-6.htm
2023-04-29,–– Damızlık ve Damızlık Harici Hayvanlar ile Üreme Ürünleri İthalatı Hakkında Tebliğ (No: 2023/22),https://www.resmigazete.gov.tr/eskiler/2023/04/20230429-7.htm
2023-04-29,–– Ödeme ve Elektronik Para Kuruluşlarının Bilgi Sistemleri ile Ödeme Hizmeti Sağlayıcılarının Ödeme Hizmetleri Alanındaki Veri Paylaşım Servislerine İlişkin Tebliğde Değişiklik Yapılmasına Dair Tebliğ,https://www.resmigazete.gov.tr/eskiler/2023/04/20230429-8.htm
2023-04-29,a - Yargı İlânları,http://www.resmigazete.gov.tr/main.aspx?home=http://www.resmigazete.gov.tr/ilanlar/eskiilanlar/2023/04/20230429.htm&main=http://www.resmigazete.gov.tr/ilanlar/eskiilanlar/2023/04/20230429-2.htm
2023-04-29,"b - Artırma, Eksiltme ve İhale İlânları",http://www.resmigazete.gov.tr/main.aspx?home=http://www.resmigazete.gov.tr/ilanlar/eskiilanlar/2023/04/20230429.htm&main=http://www.resmigazete.gov.tr/ilanlar/eskiilanlar/2023/04/20230429-3.htm
2023-04-29,c - Çeşitli İlânlar,http://www.resmigazete.gov.tr/main.aspx?home=http://www.resmigazete.gov.tr/ilanlar/eskiilanlar/2023/04/20230429.htm&main=http://www.resmigazete.gov.tr/ilanlar/eskiilanlar/2023/04/20230429-4.htm
2023-04-29,– T.C. Merkez Bankasınca Belirlenen Döviz Kurları ve Devlet İç Borçlanma Senetlerinin Günlük Değerleri,http://www.resmigazete.gov.tr/main.aspx?home=http://www.resmigazete.gov.tr/ilanlar/eskiilanlar/2023/04/20230429.htm&main=http://www.resmigazete.gov.tr/ilanlar/eskiilanlar/2023/04/20230429-5.htm
2023-04-30,–– Karadeniz Teknik Üniversitesi Lisansüstü Eğitim-Öğretim Yönetmeliğinde Değişiklik Yapılmasına Dair Yönetmelik,https://www.resmigazete.gov.tr/eskiler/2023/04/20230430-1.htm
2023-04-30,–– Türk Hava Kurumu Üniversitesi İnsansız Hava Aracı Sistemleri Uygulama ve Araştırma Merkezi Yönetmeliği,https://www.resmigazete.gov.tr/eskiler/2023/04/20230430-2.htm
2023-04-30,–– Türk Hava Kurumu Üniversitesi Lisansüstü Eğitim-Öğretim ve Sınav Yönetmeliği,https://www.resmigazete.gov.tr/eskiler/2023/04/20230430-3.htm
2023-04-30,a - Yargı İlânları,http://www.resmigazete.gov.tr/main.aspx?home=http://www.resmigazete.gov.tr/ilanlar/eskiilanlar/2023/04/20230430.htm&main=http://www.resmigazete.gov.tr/ilanlar/eskiilanlar/2023/04/20230430-2.htm
2023-04-30,"b - Artırma, Eksiltme ve İhale İlânları",http://www.resmigazete.gov.tr/main.aspx?home=http://www.resmigazete.gov.tr/ilanlar/eskiilanlar/2023/04/20230430.htm&main=http://www.resmigazete.gov.tr/ilanlar/eskiilanlar/2023/04/20230430-3.htm
2023-04-30,c - Çeşitli İlânlar,http://www.resmigazete.gov.tr/main.aspx?home=http://www.resmigazete.gov.tr/ilanlar/eskiilanlar/2023/04/20230430.htm&main=http://www.resmigazete.gov.tr/ilanlar/eskiilanlar/2023/04/20230430-4.htm
2023-04-30,– T.C. Merkez Bankasınca Belirlenen Devlet İç Borçlanma Senetlerinin Günlük Değerleri,http://www.resmigazete.gov.tr/main.aspx?home=http://www.resmigazete.gov.tr/ilanlar/eskiilanlar/2023/04/20230430.htm&main=http://www.resmigazete.gov.tr/ilanlar/eskiilanlar/2023/04/20230430-5.htm
2023-05-01,–– Doğal Gaz Tüketimine İlişkin Sistem Kullanım Bedelleri Hakkında Cumhurbaşkanlığı Kararnamesi (Kararname Numarası: 144),https://www.resmigazete.gov.tr/eskiler/2023/05/20230501-1.pdf
2023-05-01,"–– Konut, İbadethane ve Cemevi Abonelerinin Tüketeceği Doğal Gazın Bir Kısmının veya Tamamının Ücretsiz Olarak Temin Edilmesine İlişkin Karar (Karar Sayısı: 7184)",https://www.resmigazete.gov.tr/eskiler/2023/05/20230501-2.pdf
2023-05-01,–– Pakistan İslam Cumhuriyeti Menşeli Bazı Ürünlerin İthalatında Tarife Kontenjanı Uygulanması Hakkında Karar (Karar Sayısı: 7185),https://www.resmigazete.gov.tr/eskiler/2023/05/20230501-3.pdf
2023-05-01,–– İthalat Rejimi Kararında Değişiklik Yapılmasına İlişkin Karar (Karar Sayısı: 7186),https://www.resmigazete.gov.tr/eskiler/2023/05/20230501-4.pdf
2023-05-01,–– İthalatta İlave Gümrük Vergisi Uygulanmasına İlişkin Kararda Değişiklik Yapılmasına Dair Karar (Karar Sayısı: 7187),https://www.resmigazete.gov.tr/eskiler/2023/05/20230501-5.pdf
2023-05-01,"–– Birleşmiş Milletler Güvenlik Konseyinin 1267 (1999), 1988 (2011) ve 1989 (2011) Sayılı Kararlarıyla Listelenen Kişi, Kuruluş veya Organizasyonların Tasarrufunda Bulunan Malvarlığının Dondurulması Hakkındaki 30/9/2013 Tarihli ve 2013/5428 Sayılı Bakanlar Kurulu Kararının Eki (1) Sayılı Listede Değişiklik Yapılmasına İlişkin Karar (Karar Sayısı: 7188)",https://www.resmigazete.gov.tr/eskiler/2023/05/20230501-6.pdf
2023-05-01,–– 1/7/2021 Tarihinden 31/12/2030 Tarihine Kadar İşletmeye Giren/Girecek YEK Belgeli Yenilenebilir Enerji Kaynaklarına Dayalı Elektrik Üretim Tesisleri İçin Uygulanacak Fiyatlar ve Süreler ile Fiyatların Güncellenmesine İlişkin Karar (Karar Sayısı: 7189),https://www.resmigazete.gov.tr/eskiler/2023/05/20230501-7.pdf
2023-05-01,–– 6 Şubat 2023 Tarihinde Meydana Gelen Depremler Sebebiyle Olağanüstü Hal İlan Edilen İllerdeki Tabip ve Uzman Tabiplerin Devlet Memuru Olarak Devlet Hizmeti Yapma Yükümlülükleri ile İlgili Süreler Hakkında Karar (Karar Sayısı: 7190),https://www.resmigazete.gov.tr/eskiler/2023/05/20230501-8.pdf
2023-05-01,–– Edirne ve Kırklareli İllerinde Bulunan ve Listede İsimleri Belirtilen Yerlerde Arazi Toplulaştırması ve Tarla İçi Geliştirme Hizmetleri Yapılması Hakkında Karar (Karar Sayısı: 7191),https://www.resmigazete.gov.tr/eskiler/2023/05/20230501-9.pdf
2023-05-01,"–– Edirne İli, İpsala ve Keşan İlçelerinde Bulunan ve Listede İsimleri Belirtilen Yerlerde Arazi Toplulaştırması ve Tarla İçi Geliştirme Hizmetleri Yapılması Hakkında Karar (Karar Sayısı: 7192)",https://www.resmigazete.gov.tr/eskiler/2023/05/20230501-10.pdf
2023-05-01,"–– Konya İli, Meram İlçesi, Çarıklar Mahallesinde Arazi Toplulaştırması ve Tarla İçi Geliştirme Hizmetleri Yapılması Hakkında Karar (Karar Sayısı: 7193)",https://www.resmigazete.gov.tr/eskiler/2023/05/20230501-11.pdf
2023-05-01,"–– Erzurum İli, Karayazı İlçesi, Merkez Mahallesi Sınırları İçerisinde Bulunan Bazı Alanların Kentsel Dönüşüm ve Gelişim Proje Alanı İlan Edilmesi Hakkında Karar (Karar Sayısı: 7194)",https://www.resmigazete.gov.tr/eskiler/2023/05/20230501-12.pdf
2023-05-01,"–– Gaziantep İli, Şahinbey İlçesinde Yer Alan Bazı Alanların Gaziantep Büyükşehir Belediye Başkanlığı Tarafından Acele Kamulaştırılması Hakkında Karar (Karar Sayısı: 7195)",https://www.resmigazete.gov.tr/eskiler/2023/05/20230501-13.pdf
2023-05-01,"–– Ağrı İli, Eleşkirt İlçesine Doğal Gaz Ulaştırılabilmesi İçin İhtiyaç Duyulan RMA Şehir Giriş İstasyonunun Yapımı Amacıyla, Esentepe Köyü Sınırları İçerisinde 202 Ada, 25 Parsel Numaralı Taşınmazın, Tapuda Hazine Adına Tescil Edilmek Üzere Enerji Piyasası Düzenleme Kurumu Tarafından Acele Kamulaştırılması Hakkında Karar (Karar Sayısı: 7196)",https://www.resmigazete.gov.tr/eskiler/2023/05/20230501-14.pdf
2023-05-01,"–– Trabzon İli, Ortahisar İlçesi, Kaymaklı Mahallesinde İlan Edilen Riskli Alan İçerisinde Yer Alan Bazı Alanların Trabzon Büyükşehir Belediye Başkanlığı Tarafından Acele Kamulaştırılması Hakkında Karar (Karar Sayısı: 7197)",https://www.resmigazete.gov.tr/eskiler/2023/05/20230501-15.pdf
2023-05-01,"–– Yerköy-Kayseri Yüksek Standartlı Demiryolu Hattı Projesinin Belirlenen İş Programına ve Taahhüt Edilen Sürelere Uygun Şekilde Tamamlanması ve Dış Kaynaklı Kredi Temininde Aksama Yaşanmaması Amacıyla, Bazı Alanların Ulaştırma ve Altyapı Bakanlığı (Altyapı Yatırımları Genel Müdürlüğü) Tarafından Acele Kamulaştırılması Hakkında Karar (Karar Sayısı: 7198)",https://www.resmigazete.gov.tr/eskiler/2023/05/20230501-16.pdf
2023-05-01,–– Adana Yumurtalık Serbest Bölgesinin Sınırlarının Ekli Kroki ve Koordinat Listesinde Gösterildiği Şekilde Değiştirilmesi Hakkında Karar (Karar Sayısı: 7199),https://www.resmigazete.gov.tr/eskiler/2023/05/20230501-17.pdf
2023-05-01,–– Ege Serbest Bölgesinin Sınırlarının Ekli Kroki ve Koordinat Listesinde Gösterildiği Şekilde Değiştirilmesi Hakkında Karar (Karar Sayısı: 7200),https://www.resmigazete.gov.tr/eskiler/2023/05/20230501-18.pdf
2023-05-01,–– Orta Karadeniz Serbest Bölgesinin Kurulmasına Dair Karar (Karar Sayısı: 7201),https://www.resmigazete.gov.tr/eskiler/2023/05/20230501-19.pdf
2023-05-01,–– Ekli I Sayılı Listede Belirtilen Fakülte ve Enstitünün Kurulması ile Ekli II Sayılı Listede Belirtilen Fakülte ve Enstitünün Adlarının Karşılarında Gösterildiği Şekilde Değiştirilmesi Hakkında Karar (Karar Sayısı: 7202),https://www.resmigazete.gov.tr/eskiler/2023/05/20230501-20.pdf
2023-05-01,–– Pakistan İslam Cumhuriyeti Menşeli Bazı Ürünlerin İthalatında Tarife Kontenjanı Uygulanmasına İlişkin Tebliğ,https://www.resmigazete.gov.tr/eskiler/2023/05/20230501-21.htm
2023-05-01,a - Yargı İlânları,http://www.resmigazete.gov.tr/main.aspx?home=http://www.resmigazete.gov.tr/ilanlar/eskiilanlar/2023/05/20230501.htm&main=http://www.resmigazete.gov.tr/ilanlar/eskiilanlar/2023/05/20230501-2.htm
2023-05-01,- Çeşitli İlânlar,http://www.resmigazete.gov.tr/main.aspx?home=http://www.resmigazete.gov.tr/ilanlar/eskiilanlar/2023/05/20230501.htm&main=http://www.resmigazete.gov.tr/ilanlar/eskiilanlar/2023/05/20230501-4.htm
2023-05-01,– T.C. Merkez Bankasınca Belirlenen Devlet İç Borçlanma Senetlerinin Günlük Değerleri,http://www.resmigazete.gov.tr/main.aspx?home=http://www.resmigazete.gov.tr/ilanlar/eskiilanlar/2023/05/20230501.htm&main=http://www.resmigazete.gov.tr/ilanlar/eskiilanlar/2023/05/20230501-5.htm
2023-05-02,–– Antalya AKEV Üniversitesi Çocuk Eğitimi Uygulama ve Araştırma Merkezi Yönetmeliğinde Değişiklik Yapılmasına Dair Yönetmelik,https://www.resmigazete.gov.tr/eskiler/2023/05/20230502-1.htm
2023-05-02,–– Antalya AKEV Üniversitesi Gastronomi ve Mutfak Sanatları Uygulama ve Araştırma Merkezi Yönetmeliğinde Değişiklik Yapılmasına Dair Yönetmelik,https://www.resmigazete.gov.tr/eskiler/2023/05/20230502-2.htm
2023-05-02,–– Antalya AKEV Üniversitesi Kariyer Planlama ve Mezunlarla İletişim Uygulama ve Araştırma Merkezi Yönetmeliğinde Değişiklik Yapılmasına Dair Yönetmelik,https://www.resmigazete.gov.tr/eskiler/2023/05/20230502-3.htm
2023-05-02,–– Antalya AKEV Üniversitesi Sürekli Eğitim Uygulama ve Araştırma Merkezi Yönetmeliğinde Değişiklik Yapılmasına Dair Yönetmelik,https://www.resmigazete.gov.tr/eskiler/2023/05/20230502-4.htm
2023-05-02,–– Antalya AKEV Üniversitesi Türkçe Öğretimi Uygulama ve Araştırma Merkezi Yönetmeliğinde Değişiklik Yapılmasına Dair Yönetmelik,https://www.resmigazete.gov.tr/eskiler/2023/05/20230502-5.htm
2023-05-02,–– Antalya AKEV Üniversitesi Uzaktan Eğitim Uygulama ve Araştırma Merkezi Yönetmeliğinde Değişiklik Yapılmasına Dair Yönetmelik,https://www.resmigazete.gov.tr/eskiler/2023/05/20230502-6.htm
2023-05-02,–– Çanakkale Onsekiz Mart Üniversitesi Atatürk ve Çanakkale Savaşlarını Araştırma Merkezi Yönetmeliği,https://www.resmigazete.gov.tr/eskiler/2023/05/20230502-7.htm
2023-05-02,"a - Artırma, Eksiltme ve İhale İlânları",http://www.resmigazete.gov.tr/main.aspx?home=http://www.resmigazete.gov.tr/ilanlar/eskiilanlar/2023/05/20230502.htm&main=http://www.resmigazete.gov.tr/ilanlar/eskiilanlar/2023/05/20230502-3.htm
2023-05-02,- Çeşitli İlânlar,http://www.resmigazete.gov.tr/main.aspx?home=http://www.resmigazete.gov.tr/ilanlar/eskiilanlar/2023/05/20230502.htm&main=http://www.resmigazete.gov.tr/ilanlar/eskiilanlar/2023/05/20230502-4.htm
2023-05-02,– T.C. Merkez Bankasınca Belirlenen Devlet İç Borçlanma Senetlerinin Günlük Değerleri,http://www.resmigazete.gov.tr/main.aspx?home=http://www.resmigazete.gov.tr/ilanlar/eskiilanlar/2023/05/20230502.htm&main=http://www.resmigazete.gov.tr/ilanlar/eskiilanlar/2023/05/20230502-5.htm
2023-05-02,"02/05/2023 tarihli ve 32178 mükerrer sayılı Resmî Gazete’de, Malvarlığının Dondurulması Kararı yayımlanmıştır.",http://www.resmigazete.gov.tr/eskiler/2023/05/20230502M1.htm
2023-05-03,–– Olağanüstü Hal Kapsamında Yargı Alanında Alınan Tedbirlere İlişkin Cumhurbaşkanlığı Kararnamesinde Değişiklik Yapılmasına Dair Cumhurbaşkanlığı Kararnamesi (Kararname Numarası: 145),https://www.resmigazete.gov.tr/eskiler/2023/05/20230503-1.pdf
2023-05-03,"–– Cezanın Kaldırılması ile İlgili Kararlar (Karar Sayısı: 7216, 7217, 7218, 7219)",https://www.resmigazete.gov.tr/eskiler/2023/05/20230503-2.pdf
2023-05-03,–– Depremden Zarar Gören İllerde Deniz ve İç Sularda Avcılık Yapan Balıkçıların Desteklenmesine İlişkin Karar (Karar Sayısı: 7220),https://www.resmigazete.gov.tr/eskiler/2023/05/20230503-3.pdf
2023-05-03,–– Depremden Zarar Gören Su Ürünleri Yetiştiricilik İşletmelerinin Desteklenmesine İlişkin Karar (Karar Sayısı: 7221),https://www.resmigazete.gov.tr/eskiler/2023/05/20230503-4.pdf
2023-05-03,–– Kamu Kurum ve Kuruluşlarının Ürettikleri Bazı Mal ve Hizmetlerden Ücretsiz veya İndirimli Olarak Faydalanacakların Tespitine İlişkin Karar (Karar Sayısı: 7222),https://www.resmigazete.gov.tr/eskiler/2023/05/20230503-5.pdf
2023-05-03,–– Kamu İktisadi Teşebbüsleri ve Bağlı Ortaklıklarının 2023 Yılına Ait Genel Yatırım ve Finansman Programında Değişiklik Yapılmasına İlişkin Karar (Karar Sayısı: 7223),https://www.resmigazete.gov.tr/eskiler/2023/05/20230503-6.pdf
2023-05-03,"–– Cumhurbaşkanlığı Tarafından Yapılan Atamalar Hakkında Kararlar (Karar: 2023/257, 258, 259, 260, 261, 262, 263, 264)",https://www.resmigazete.gov.tr/eskiler/2023/05/20230503-7.pdf
2023-05-03,–– Gümrük Yönetmeliğinde Değişiklik Yapılmasına Dair Yönetmelik,https://www.resmigazete.gov.tr/eskiler/2023/05/20230503-8.htm
2023-05-03,–– Türk Gıda Kodeksi Zeytinyağı ve Pirina Yağı Tebliği (Tebliğ No: 2017/26)’nde Değişiklik Yapılmasına Dair Tebliğ (No: 2023/26),https://www.resmigazete.gov.tr/eskiler/2023/05/20230503-9.htm
2023-05-03,–– İhracı Kayda Bağlı Mallara İlişkin Tebliğ (Tebliğ No: İhracat 2006/7)’de Değişiklik Yapılmasına Dair Tebliğ (İhracat: 2023/7),https://www.resmigazete.gov.tr/eskiler/2023/05/20230503-10.htm
2023-05-03,–– Anayasa Mahkemesinin 26/1/2023 Tarihli ve 2021/30753 Başvuru Numaralı Kararı,https://www.resmigazete.gov.tr/eskiler/2023/05/20230503-11.pdf
2023-05-03,–– Anayasa Mahkemesinin 26/1/2023 Tarihli ve 2021/32082 Başvuru Numaralı Kararı,https://www.resmigazete.gov.tr/eskiler/2023/05/20230503-12.pdf
2023-05-03,–– Anayasa Mahkemesinin 15/2/2023 Tarihli ve 2021/30714 Başvuru Numaralı Kararı,https://www.resmigazete.gov.tr/eskiler/2023/05/20230503-13.pdf
2023-05-03,–– Anayasa Mahkemesinin 11/1/2023 Tarihli ve 2019/39236 Başvuru Numaralı Kararı,https://www.resmigazete.gov.tr/eskiler/2023/05/20230503-14.pdf
2023-05-03,–– Anayasa Mahkemesinin 12/1/2023 Tarihli ve 2020/2316 Başvuru Numaralı Kararı,https://www.resmigazete.gov.tr/eskiler/2023/05/20230503-15.pdf
2023-05-03,–– Anayasa Mahkemesinin 1/2/2023 Tarihli ve 2020/1066 Başvuru Numaralı Kararı,https://www.resmigazete.gov.tr/eskiler/2023/05/20230503-16.pdf
2023-05-03,–– Anayasa Mahkemesinin 1/3/2023 Tarihli ve 2017/26835 Başvuru Numaralı Kararı,https://www.resmigazete.gov.tr/eskiler/2023/05/20230503-17.pdf
2023-05-03,–– Anayasa Mahkemesinin 2/3/2023 Tarihli ve 2019/19455 Başvuru Numaralı Kararı,https://www.resmigazete.gov.tr/eskiler/2023/05/20230503-18.pdf
2023-05-03,–– Yargıtay 3. Hukuk Dairesine Ait Karar,https://www.resmigazete.gov.tr/eskiler/2023/05/20230503-19.pdf
2023-05-03,"a - Artırma, Eksiltme ve İhale İlânları",http://www.resmigazete.gov.tr/main.aspx?home=http://www.resmigazete.gov.tr/ilanlar/eskiilanlar/2023/05/20230503.htm&main=http://www.resmigazete.gov.tr/ilanlar/eskiilanlar/2023/05/20230503-3.htm
2023-05-03,b - Çeşitli İlânlar,http://www.resmigazete.gov.tr/main.aspx?home=http://www.resmigazete.gov.tr/ilanlar/eskiilanlar/2023/05/20230503.htm&main=http://www.resmigazete.gov.tr/ilanlar/eskiilanlar/2023/05/20230503-4.htm
2023-05-03,– T.C. Merkez Bankasınca Belirlenen Döviz Kurları ve Devlet İç Borçlanma Senetlerinin Günlük Değerleri,http://www.resmigazete.gov.tr/main.aspx?home=http://www.resmigazete.gov.tr/ilanlar/eskiilanlar/2023/05/20230503.htm&main=http://www.resmigazete.gov.tr/ilanlar/eskiilanlar/2023/05/20230503-5.htm
2023-05-04,"–– Cumhurbaşkanlığı Tarafından Yapılan Atamalar Hakkında Kararlar (Karar: 2023/267, 268)",https://www.resmigazete.gov.tr/eskiler/2023/05/20230504-1.pdf
2023-05-04,–– Türk Gıda Kodeksi Hayvansal Gıdalarda Bulunabilecek Farmakolojik Aktif Maddelerin Sınıflandırılması ve Maksimum Kalıntı Limitleri Yönetmeliğinde Değişiklik Yapılmasına Dair Yönetmelik,https://www.resmigazete.gov.tr/eskiler/2023/05/20230504-2.htm
2023-05-04,–– Türk Mühendis ve Mimar Odaları Birliği İçmimarlar Odası Ana Yönetmeliğinde Değişiklik Yapılmasına İlişkin Yönetmelik,https://www.resmigazete.gov.tr/eskiler/2023/05/20230504-3.htm
2023-05-04,–– Işık Üniversitesi Lisansüstü Eğitim ve Öğretim Yönetmeliğinde Değişiklik Yapılmasına Dair Yönetmelik,https://www.resmigazete.gov.tr/eskiler/2023/05/20230504-4.htm
2023-05-04,–– Sakarya Üniversitesi Türk Dili Öğretimi Uygulama ve Araştırma Merkezi Yönetmeliğinde Değişiklik Yapılmasına Dair Yönetmelik,https://www.resmigazete.gov.tr/eskiler/2023/05/20230504-5.htm
2023-05-04,–– Su Verimliliği Strateji Belgesi ve Eylem Planı (2023-2033) ile İlgili 2023/9 Sayılı Cumhurbaşkanlığı Genelgesi,https://www.resmigazete.gov.tr/eskiler/2023/05/20230504-6.pdf
2023-05-04,–– Gediz Havzası Eylem Planı ile İlgili 2023/10 Sayılı Cumhurbaşkanlığı Genelgesi,https://www.resmigazete.gov.tr/eskiler/2023/05/20230504-7.pdf
2023-05-04,"–– Anayasa Mahkemesinin 16/2/2023 Tarihli ve E: 2022/142, K: 2023/32 Sayılı Kararı",https://www.resmigazete.gov.tr/eskiler/2023/05/20230504-8.pdf
2023-05-04,"–– Anayasa Mahkemesinin 9/3/2023 Tarihli ve E: 2022/140, K: 2023/46 Sayılı Kararı",https://www.resmigazete.gov.tr/eskiler/2023/05/20230504-9.pdf
2023-05-04,"–– Anayasa Mahkemesinin 22/3/2023 Tarihli ve E: 2023/53, K: 2023/49 Sayılı Kararı",https://www.resmigazete.gov.tr/eskiler/2023/05/20230504-10.pdf
2023-05-04,"–– Anayasa Mahkemesinin 22/3/2023 Tarihli ve E: 2023/18, K: 2023/57 Sayılı Kararı",https://www.resmigazete.gov.tr/eskiler/2023/05/20230504-11.pdf
2023-05-04,"–– Anayasa Mahkemesinin 22/3/2023 Tarihli ve E: 2022/156, K: 2023/58 Sayılı Kararı",https://www.resmigazete.gov.tr/eskiler/2023/05/20230504-12.pdf
2023-05-04,"–– Anayasa Mahkemesinin 5/4/2023 Tarihli ve E: 2023/48, K: 2023/72 Sayılı Kararı",https://www.resmigazete.gov.tr/eskiler/2023/05/20230504-13.pdf
2023-05-04,"–– Yargıtay 2, 4, 7 ve 9. Hukuk Dairelerine Ait Kararlar",https://www.resmigazete.gov.tr/eskiler/2023/05/20230504-14.pdf
2023-05-04,DÜZELTME: 30/4/2023 Tarihli ve 7189 Sayılı Cumhurbaşkanı Kararı ile İlgili,https://www.resmigazete.gov.tr/eskiler/2023/05/20230504-15.htm
2023-05-04,a - Yargı İlânları,http://www.resmigazete.gov.tr/main.aspx?home=http://www.resmigazete.gov.tr/ilanlar/eskiilanlar/2023/05/20230504.htm&main=http://www.resmigazete.gov.tr/ilanlar/eskiilanlar/2023/05/20230504-2.htm
2023-05-04,"b - Artırma, Eksiltme ve İhale İlânları",http://www.resmigazete.gov.tr/main.aspx?home=http://www.resmigazete.gov.tr/ilanlar/eskiilanlar/2023/05/20230504.htm&main=http://www.resmigazete.gov.tr/ilanlar/eskiilanlar/2023/05/20230504-3.htm
2023-05-04,c - Çeşitli İlânlar,http://www.resmigazete.gov.tr/main.aspx?home=http://www.resmigazete.gov.tr/ilanlar/eskiilanlar/2023/05/20230504.htm&main=http://www.resmigazete.gov.tr/ilanlar/eskiilanlar/2023/05/20230504-4.htm
2023-05-04,– T.C. Merkez Bankasınca Belirlenen Döviz Kurları ve Devlet İç Borçlanma Senetlerinin Günlük Değerleri,http://www.resmigazete.gov.tr/main.aspx?home=http://www.resmigazete.gov.tr/ilanlar/eskiilanlar/2023/05/20230504.htm&main=http://www.resmigazete.gov.tr/ilanlar/eskiilanlar/2023/05/20230504-5.htm
2023-05-05,–– BOTAŞ Boru Hatları ile Petrol Taşıma A.Ş. İhale ve Alım Yönetmeliği,https://www.resmigazete.gov.tr/eskiler/2023/05/20230505-1.htm
2023-05-05,–– Nükleer Tesislerde Yangın Güvenliği Yönetmeliği,https://www.resmigazete.gov.tr/eskiler/2023/05/20230505-2.htm
2023-05-05,–– Gümrük Genel Tebliği (Gümrük İşlemleri) (Seri No: 114)’nde Değişiklik Yapılmasına Dair Tebliğ (Gümrük İşlemleri) (Seri No: 191),https://www.resmigazete.gov.tr/eskiler/2023/05/20230505-3.htm
2023-05-05,–– Enerji Piyasası Düzenleme Kurulunun 04/05/2023 Tarihli ve 11827 Sayılı Kararı,https://www.resmigazete.gov.tr/eskiler/2023/05/20230505-4.pdf
2023-05-05,–– Enerji Piyasası Düzenleme Kurulunun 04/05/2023 Tarihli ve 11835 Sayılı Kararı,https://www.resmigazete.gov.tr/eskiler/2023/05/20230505-5.pdf
2023-05-05,–– Bankacılık Düzenleme ve Denetleme Kurulunun 04/05/2023 Tarihli ve 10594 Sayılı Kararı,https://www.resmigazete.gov.tr/eskiler/2023/05/20230505-6.pdf
2023-05-05,"–– Anayasa Mahkemesinin 25/1/2023 Tarihli ve E: 2022/97, K: 2023/13 Sayılı Kararı",https://www.resmigazete.gov.tr/eskiler/2023/05/20230505-7.pdf
2023-05-05,–– Anayasa Mahkemesinin 14/12/2022 Tarihli ve 2018/26955 Başvuru Numaralı Kararı,https://www.resmigazete.gov.tr/eskiler/2023/05/20230505-8.pdf
2023-05-05,–– Anayasa Mahkemesinin 17/1/2023 Tarihli ve 2017/20526 Başvuru Numaralı Kararı,https://www.resmigazete.gov.tr/eskiler/2023/05/20230505-9.pdf
2023-05-05,–– Anayasa Mahkemesinin 26/1/2023 Tarihli ve 2019/33281 Başvuru Numaralı Kararı,https://www.resmigazete.gov.tr/eskiler/2023/05/20230505-10.pdf
2023-05-05,–– Anayasa Mahkemesinin 23/3/2023 Tarihli ve 2016/5002 Başvuru Numaralı Kararı,https://www.resmigazete.gov.tr/eskiler/2023/05/20230505-11.pdf
2023-05-05,–– Anayasa Mahkemesinin 1/3/2023 Tarihli ve 2019/19160 Başvuru Numaralı Kararı,https://www.resmigazete.gov.tr/eskiler/2023/05/20230505-12.pdf
2023-05-05,–– Anayasa Mahkemesinin 15/3/2023 Tarihli ve 2019/8391 Başvuru Numaralı Kararı,https://www.resmigazete.gov.tr/eskiler/2023/05/20230505-13.pdf
2023-05-05,–– Anayasa Mahkemesinin 15/3/2023 Tarihli ve 2020/23006 Başvuru Numaralı Kararı,https://www.resmigazete.gov.tr/eskiler/2023/05/20230505-14.pdf
2023-05-05,a -,http://www.resmigazete.gov.tr/main.aspx?home=http://www.resmigazete.gov.tr/ilanlar/eskiilanlar/2023/05/20230505.htm&main=http://www.resmigazete.gov.tr/ilanlar/eskiilanlar/2023/05/20230505-2.htm
2023-05-05,"Artırma, Eksiltme ve İhale İlânları",http://www.resmigazete.gov.tr/main.aspx?home=http://www.resmigazete.gov.tr/ilanlar/eskiilanlar/2023/05/20230505.htm&main=http://www.resmigazete.gov.tr/ilanlar/eskiilanlar/2023/05/20230505-3.htm
2023-05-05,- Çeşitli İlânlar,http://www.resmigazete.gov.tr/main.aspx?home=http://www.resmigazete.gov.tr/ilanlar/eskiilanlar/2023/05/20230505.htm&main=http://www.resmigazete.gov.tr/ilanlar/eskiilanlar/2023/05/20230505-4.htm
2023-05-05,– T.C. Merkez Bankasınca Belirlenen Döviz Kurları ve Devlet İç Borçlanma Senetlerinin Günlük Değerleri,http://www.resmigazete.gov.tr/main.aspx?home=http://www.resmigazete.gov.tr/ilanlar/eskiilanlar/2023/05/20230505.htm&main=http://www.resmigazete.gov.tr/ilanlar/eskiilanlar/2023/05/20230505-5.htm
2023-05-06,–– Olağanüstü Hal Kapsamında Mülkiyeti Vakıflar Genel Müdürlüğüne ve Mazbut Vakıflara Ait Taşınmazlar Hakkında Alınan Tedbirlere Dair Cumhurbaşkanlığı Kararnamesi (Kararname Numarası: 146),https://www.resmigazete.gov.tr/eskiler/2023/05/20230506-1.pdf
2023-05-06,"–– Malatya İli, Yeşilyurt İlçesinde Bulunan Sınırları Gösterilen Alanın Yeşilyurt Sanayi Alanı Olarak Belirlenmesi Hakkında Karar (Karar Sayısı: 7225)",https://www.resmigazete.gov.tr/eskiler/2023/05/20230506-2.pdf
2023-05-06,"–– Gaziantep İli, Nurdağı İlçesinde Bulunan Sınırları Gösterilen Alanın Nurdağı Sanayi Alanı Olarak Belirlenmesi Hakkında Karar (Karar Sayısı: 7226)",https://www.resmigazete.gov.tr/eskiler/2023/05/20230506-3.pdf
2023-05-06,"–– Gaziantep İli, İslahiye İlçesinde Bulunan Sınırları Gösterilen Alanın İslahiye Sanayi Alanı Olarak Belirlenmesi Hakkında Karar (Karar Sayısı: 7227)",https://www.resmigazete.gov.tr/eskiler/2023/05/20230506-4.pdf
2023-05-06,"–– Hatay İli, Kırıkhan İlçesinde Bulunan Sınırları Gösterilen Alanın Hatay Kırıkhan (Roketsan) Sanayi Alanı Olarak Belirlenmesi Hakkında Karar (Karar Sayısı: 7228)",https://www.resmigazete.gov.tr/eskiler/2023/05/20230506-5.pdf
2023-05-06,"–– Sakarya İli, Akyazı ve Karapürçek İlçelerinde Bulunan Sınırları Gösterilen Alanın ASAŞ Alüminyum Sanayi ve Ticaret Anonim Şirketi Sakarya Özel Endüstri Bölgesi Olarak İlan Edilmesi Hakkında Karar (Karar Sayısı: 7229)",https://www.resmigazete.gov.tr/eskiler/2023/05/20230506-6.pdf
2023-05-06,"–– Kamu Kurum ve Kuruluşlarının Yurtdışı Teşkilatını Oluşturan Birimlerin Nitelik, Kurulduğu Şehir ve Ülke, Görev Alanı, Akredite Edildiği Ülkeler ve Bağlı Bulunduğu Misyonlar Hakkındaki 13/4/1999 Tarihli ve 99/12770 Sayılı Bakanlar Kurulu Kararında Değişiklik Yapılmasına İlişkin Karar (Karar Sayısı: 7230)",https://www.resmigazete.gov.tr/eskiler/2023/05/20230506-7.pdf
2023-05-06,"–– Cumhurbaşkanlığı Tarafından Yapılan Atamalar Hakkında Kararlar (Karar: 2023/269, 270, 271)",https://www.resmigazete.gov.tr/eskiler/2023/05/20230506-8.pdf
2023-05-06,–– Taşınmaz Kültür Varlıklarına Yardım Sağlanmasına Dair Yönetmelikte Değişiklik Yapılmasına Dair Yönetmelik,https://www.resmigazete.gov.tr/eskiler/2023/05/20230506-9.htm
2023-05-06,–– Obezite Merkezleri ve Obezite Cerrahi Uygulamaları Hakkında Yönetmelik,https://www.resmigazete.gov.tr/eskiler/2023/05/20230506-10.htm
2023-05-06,–– Saç Ekimi Birimleri Hakkında Yönetmelik,https://www.resmigazete.gov.tr/eskiler/2023/05/20230506-11.htm
2023-05-06,–– İkinci El Motorlu Kara Taşıtlarının Ticareti Hakkında Yönetmelikte Değişiklik Yapılmasına Dair Yönetmelik,https://www.resmigazete.gov.tr/eskiler/2023/05/20230506-12.htm
2023-05-06,–– Devlet Tiyatroları Genel Müdürlüğü Disiplin Amirleri Yönetmeliği,https://www.resmigazete.gov.tr/eskiler/2023/05/20230506-13.htm
2023-05-06,–– Türk Hava Kurumu Üniversitesi Havacılık ve Uzay Bilimleri Uygulama ve Araştırma Merkezi Yönetmeliği,https://www.resmigazete.gov.tr/eskiler/2023/05/20230506-14.htm
2023-05-06,–– Tarımsal Sulama Amaçlı Su Kullanım Hizmet Bedelinin Desteklenmesine İlişkin Uygulama Tebliği (No: 2023/29),https://www.resmigazete.gov.tr/eskiler/2023/05/20230506-15.htm
2023-05-06,a - Yargı İlânı,http://www.resmigazete.gov.tr/main.aspx?home=http://www.resmigazete.gov.tr/ilanlar/eskiilanlar/2023/05/20230506.htm&main=http://www.resmigazete.gov.tr/ilanlar/eskiilanlar/2023/05/20230506-2.htm
2023-05-06,"b - Artırma, Eksiltme ve İhale İlânları",http://www.resmigazete.gov.tr/main.aspx?home=http://www.resmigazete.gov.tr/ilanlar/eskiilanlar/2023/05/20230506.htm&main=http://www.resmigazete.gov.tr/ilanlar/eskiilanlar/2023/05/20230506-3.htm
2023-05-06,c - Çeşitli İlânlar,http://www.resmigazete.gov.tr/main.aspx?home=http://www.resmigazete.gov.tr/ilanlar/eskiilanlar/2023/05/20230506.htm&main=http://www.resmigazete.gov.tr/ilanlar/eskiilanlar/2023/05/20230506-4.htm
2023-05-06,– T.C. Merkez Bankasınca Belirlenen Döviz Kurları ve Devlet İç Borçlanma Senetlerinin Günlük Değerleri,http://www.resmigazete.gov.tr/main.aspx?home=http://www.resmigazete.gov.tr/ilanlar/eskiilanlar/2023/05/20230506.htm&main=http://www.resmigazete.gov.tr/ilanlar/eskiilanlar/2023/05/20230506-5.htm
2023-05-07,–– Selçuk Üniversitesi Ön Lisans ve Lisans Eğitim-Öğretim ve Sınav Yönetmeliği,https://www.resmigazete.gov.tr/eskiler/2023/05/20230507-1.htm
2023-05-07,–– Trabzon Üniversitesi Kariyer Geliştirme Uygulama ve Araştırma Merkezi Yönetmeliğinde Değişiklik Yapılmasına Dair Yönetmelik,https://www.resmigazete.gov.tr/eskiler/2023/05/20230507-2.htm
2023-05-07,–– 2023 Yılı Mart Ayına Ait Yatırım Teşvik Belgeleri Listesi,https://www.resmigazete.gov.tr/eskiler/2023/05/20230507-3.pdf
2023-05-07,–– 2023 Yılı Mart Ayına Ait Tamamlama Vizesi Yapılan Yatırım Teşvik Belgeleri Listesi,https://www.resmigazete.gov.tr/eskiler/2023/05/20230507-4.pdf
2023-05-07,–– 2023 Yılı Mart Ayına Ait İptal Edilen Yatırım Teşvik Belgeleri Listesi,https://www.resmigazete.gov.tr/eskiler/2023/05/20230507-5.pdf
2023-05-07,a - Yargı İlânları,http://www.resmigazete.gov.tr/main.aspx?home=http://www.resmigazete.gov.tr/ilanlar/eskiilanlar/2023/05/20230507.htm&main=http://www.resmigazete.gov.tr/ilanlar/eskiilanlar/2023/05/20230507-2.htm
2023-05-07,"b - Artırma, Eksiltme ve İhale İlânları",http://www.resmigazete.gov.tr/main.aspx?home=http://www.resmigazete.gov.tr/ilanlar/eskiilanlar/2023/05/20230507.htm&main=http://www.resmigazete.gov.tr/ilanlar/eskiilanlar/2023/05/20230507-3.htm
2023-05-07,c - Çeşitli İlânlar,http://www.resmigazete.gov.tr/main.aspx?home=http://www.resmigazete.gov.tr/ilanlar/eskiilanlar/2023/05/20230507.htm&main=http://www.resmigazete.gov.tr/ilanlar/eskiilanlar/2023/05/20230507-4.htm
2023-05-07,– T.C. Merkez Bankasınca Belirlenen Devlet İç Borçlanma Senetlerinin Günlük Değerleri,http://www.resmigazete.gov.tr/main.aspx?home=http://www.resmigazete.gov.tr/ilanlar/eskiilanlar/2023/05/20230507.htm&main=http://www.resmigazete.gov.tr/ilanlar/eskiilanlar/2023/05/20230507-5.htm
2023-05-08,–– Batman Üniversitesi Ağız ve Diş Sağlığı Uygulama ve Araştırma Merkezi Yönetmeliği,https://www.resmigazete.gov.tr/eskiler/2023/05/20230508-1.htm
2023-05-08,–– Ordu Üniversitesi Tıp Fakültesi Eğitim-Öğretim ve Sınav Yönetmeliğinde Değişiklik Yapılmasına Dair Yönetmelik,https://www.resmigazete.gov.tr/eskiler/2023/05/20230508-2.htm
2023-05-08,–– Sivas Cumhuriyet Üniversitesi Yabancı Diller Yüksekokulu Yabancı Dil Eğitim-Öğretim ve Sınav Yönetmeliği,https://www.resmigazete.gov.tr/eskiler/2023/05/20230508-3.htm
2023-05-08,"a - Artırma, Eksiltme ve İhale İlânları",http://www.resmigazete.gov.tr/main.aspx?home=http://www.resmigazete.gov.tr/ilanlar/eskiilanlar/2023/05/20230508.htm&main=http://www.resmigazete.gov.tr/ilanlar/eskiilanlar/2023/05/20230508-3.htm
2023-05-08,- Çeşitli İlânlar,http://www.resmigazete.gov.tr/main.aspx?home=http://www.resmigazete.gov.tr/ilanlar/eskiilanlar/2023/05/20230508.htm&main=http://www.resmigazete.gov.tr/ilanlar/eskiilanlar/2023/05/20230508-4.htm
2023-05-08,– T.C. Merkez Bankasınca Belirlenen Devlet İç Borçlanma Senetlerinin Günlük Değerleri,http://www.resmigazete.gov.tr/main.aspx?home=http://www.resmigazete.gov.tr/ilanlar/eskiilanlar/2023/05/20230508.htm&main=http://www.resmigazete.gov.tr/ilanlar/eskiilanlar/2023/05/20230508-5.htm
2023-05-08,"08/05/2023 tarihli ve 32184 mükerrer sayılı Resmî Gazete’de, Yönetmelik ile Tebliğler yayımlanmıştır.",http://www.resmigazete.gov.tr/eskiler/2023/05/20230508M1.htm
2023-05-09,–– Türk Devletleri Teşkilatı Hükümetleri Arasında Basitleştirilmiş Gümrük Hattı Kurulmasına İlişkin Anlaşmanın Onaylanması Hakkında Karar (Karar Sayısı: 7237),https://www.resmigazete.gov.tr/eskiler/2023/05/20230509-1.pdf
2023-05-09,"–– Türkiye Cumhuriyeti Hükümeti, Azerbaycan Cumhuriyeti Hükümeti ve Türkmenistan Hükümeti Arasında Gümrük İşbirliği Konusunda Ortak İstişare Komisyonu Kurulmasına İlişkin Mutabakat Zaptının Onaylanması Hakkında Karar (Karar Sayısı: 7238)",https://www.resmigazete.gov.tr/eskiler/2023/05/20230509-2.pdf
2023-05-09,–– Türkiye Cumhuriyeti Hükümeti ile Katar Devleti Hükümeti Arasında Gıda Güvenliği Alanında Mutabakat Zaptının Onaylanması Hakkında Karar (Karar Sayısı: 7239),https://www.resmigazete.gov.tr/eskiler/2023/05/20230509-3.pdf
2023-05-09,–– Türkiye Cumhuriyeti Hükümeti ile Katar Devleti Hükümeti Arasında Medya ve İletişim Alanlarında İş Birliği Protokolünün Onaylanması Hakkında Karar (Karar Sayısı: 7240),https://www.resmigazete.gov.tr/eskiler/2023/05/20230509-4.pdf
2023-05-09,–– Türkiye Cumhuriyeti Hükûmeti ile Sırbistan Cumhuriyeti Hükûmeti Arasında Kültür Varlıklarının Yasadışı Trafiğiyle Mücadele Anlaşmasının Onaylanması Hakkında Karar (Karar Sayısı: 7241),https://www.resmigazete.gov.tr/eskiler/2023/05/20230509-5.pdf
2023-05-09,–– Türkiye Barolar Birliği Avukatlık Staj Yönetmeliğinde Değişiklik Yapılmasına Dair Yönetmelik,https://www.resmigazete.gov.tr/eskiler/2023/05/20230509-6.htm
2023-05-09,–– Borsa Muamelat Yönetmeliğinde Değişiklik Yapılmasına Dair Yönetmelik,https://www.resmigazete.gov.tr/eskiler/2023/05/20230509-7.htm
2023-05-09,–– Oda Muamelat Yönetmeliğinde Değişiklik Yapılmasına Dair Yönetmelik,https://www.resmigazete.gov.tr/eskiler/2023/05/20230509-8.htm
2023-05-09,–– Türkiye Odalar ve Borsalar Birliği Genel Kurul Çalışma Esasları Yönetmeliğinde Değişiklik Yapılmasına Dair Yönetmelik,https://www.resmigazete.gov.tr/eskiler/2023/05/20230509-9.htm
2023-05-09,–– Türkiye Odalar ve Borsalar Birliği ile Odalar ve Borsalar Bütçe ve Muhasebe Yönetmeliğinde Değişiklik Yapılmasına Dair Yönetmelik,https://www.resmigazete.gov.tr/eskiler/2023/05/20230509-10.htm
2023-05-09,–– Malvarlığının Dondurulması Kararı (Karar Sayısı: 2023/2),https://www.resmigazete.gov.tr/eskiler/2023/05/20230509-11.pdf
2023-05-09,"–– Anayasa Mahkemesinin 9/11/2022 Tarihli ve E: 2018/164, K: 2022/134 Sayılı Kararı",https://www.resmigazete.gov.tr/eskiler/2023/05/20230509-12.pdf
2023-05-09,"–– Anayasa Mahkemesinin 9/11/2022 Tarihli ve E: 2018/79, K: 2022/135 Sayılı Kararı",https://www.resmigazete.gov.tr/eskiler/2023/05/20230509-13.pdf
2023-05-09,"–– Anayasa Mahkemesinin 29/12/2022 Tarihli ve E: 2021/83, K: 2022/168 Sayılı Kararı",https://www.resmigazete.gov.tr/eskiler/2023/05/20230509-14.pdf
2023-05-09,"a - Artırma, Eksiltme ve İhale İlânları",http://www.resmigazete.gov.tr/main.aspx?home=http://www.resmigazete.gov.tr/ilanlar/eskiilanlar/2023/05/20230509.htm&main=http://www.resmigazete.gov.tr/ilanlar/eskiilanlar/2023/05/20230509-3.htm
2023-05-09,- Çeşitli İlânlar,http://www.resmigazete.gov.tr/main.aspx?home=http://www.resmigazete.gov.tr/ilanlar/eskiilanlar/2023/05/20230509.htm&main=http://www.resmigazete.gov.tr/ilanlar/eskiilanlar/2023/05/20230509-4.htm
2023-05-09,– T.C. Merkez Bankasınca Belirlenen Döviz Kurları ve Devlet İç Borçlanma Senetlerinin Günlük Değerleri,http://www.resmigazete.gov.tr/main.aspx?home=http://www.resmigazete.gov.tr/ilanlar/eskiilanlar/2023/05/20230509.htm&main=http://www.resmigazete.gov.tr/ilanlar/eskiilanlar/2023/05/20230509-5.htm
2023-05-10,–– Uludağ Alan Başkanlığı Danışma Kurulu Yönetmeliği,https://www.resmigazete.gov.tr/eskiler/2023/05/20230510-1.htm
2023-05-10,–– Uludağ Alan Başkanlığı Hizmet Birimleri Çalışma Usul ve Esasları Hakkında Yönetmelik,https://www.resmigazete.gov.tr/eskiler/2023/05/20230510-2.htm
2023-05-10,–– Makina ve Kimya Endüstrisi Kurumu Genel Müdürlüğü Avukatlık Sınav ve Atama Yönetmeliğinin Yürürlükten Kaldırılmasına Dair Yönetmelik,https://www.resmigazete.gov.tr/eskiler/2023/05/20230510-3.htm
2023-05-10,–– Makina ve Kimya Endüstrisi Kurumu Genel Müdürlüğü Hurda İşletmesi Müdürlüğü Yurtiçi Pazarlama ve Satış Yönetmeliğinin Yürürlükten Kaldırılmasına Dair Yönetmelik,https://www.resmigazete.gov.tr/eskiler/2023/05/20230510-4.htm
2023-05-10,–– Makina ve Kimya Endüstrisi Kurumu Genel Müdürlüğü Merkez ve Taşra Teşkilatı Sözleşmeli Personeli Disiplin Amirleri Hakkında Yönetmeliğin Yürürlükten Kaldırılmasına Dair Yönetmelik,https://www.resmigazete.gov.tr/eskiler/2023/05/20230510-5.htm
2023-05-10,–– Makina ve Kimya Endüstrisi Kurumu Genel Müdürlüğü Personeli Görevde Yükselme ve Unvan Değişikliği Yönetmeliğinin Yürürlükten Kaldırılmasına Dair Yönetmelik,https://www.resmigazete.gov.tr/eskiler/2023/05/20230510-6.htm
2023-05-10,–– Makina ve Kimya Endüstrisi Kurumu Genel Müdürlüğü Sözleşmeli Personel Sicil Amirleri Yönetmeliğinin Yürürlükten Kaldırılmasına Dair Yönetmelik,https://www.resmigazete.gov.tr/eskiler/2023/05/20230510-7.htm
2023-05-10,–– Makina ve Kimya Endüstrisi Kurumu Genel Müdürlüğünün 4734 Sayılı Kamu İhale Kanununun 3 üncü Maddesinin (G) Bendi Kapsamında Yapacağı Mal ve Hizmet Alımları Hakkında Yönetmeliğin Yürürlükten Kaldırılmasına Dair Yönetmelik,https://www.resmigazete.gov.tr/eskiler/2023/05/20230510-8.htm
2023-05-10,–– Makina ve Kimya Endüstrisi Kurumu Sigorta İşleri Yönetmeliğinin Yürürlükten Kaldırılmasına Dair Yönetmelik,https://www.resmigazete.gov.tr/eskiler/2023/05/20230510-9.htm
2023-05-10,–– M.K.E. Kurumu Teftiş Kurulu Yönetmeliğinin Yürürlükten Kaldırılmasına Dair Yönetmelik,https://www.resmigazete.gov.tr/eskiler/2023/05/20230510-10.htm
2023-05-10,–– Doçentlik Yönetmeliğinde Değişiklik Yapılmasına Dair Yönetmelik,https://www.resmigazete.gov.tr/eskiler/2023/05/20230510-11.htm
2023-05-10,–– Milli Emlak Genel Tebliği (Sıra No: 412)’nde Değişiklik Yapılmasına Dair Tebliğ (Sıra No: 416),https://www.resmigazete.gov.tr/eskiler/2023/05/20230510-12.htm
2023-05-10,–– Tahsilat Genel Tebliği (Seri: B Sıra No: 18),https://www.resmigazete.gov.tr/eskiler/2023/05/20230510-13.htm
2023-05-10,"–– Anayasa Mahkemesinin 22/3/2023 Tarihli ve E: 2022/145, K: 2023/59 Sayılı Kararı",https://www.resmigazete.gov.tr/eskiler/2023/05/20230510-14.pdf
2023-05-10,–– Anayasa Mahkemesinin 31/1/2023 Tarihli ve 2019/28665 Başvuru Numaralı Kararı,https://www.resmigazete.gov.tr/eskiler/2023/05/20230510-15.pdf
2023-05-10,"a - Artırma, Eksiltme ve İhale İlânları",http://www.resmigazete.gov.tr/main.aspx?home=http://www.resmigazete.gov.tr/ilanlar/eskiilanlar/2023/05/20230510.htm&main=http://www.resmigazete.gov.tr/ilanlar/eskiilanlar/2023/05/20230510-3.htm
2023-05-10,- Çeşitli İlânlar,http://www.resmigazete.gov.tr/main.aspx?home=http://www.resmigazete.gov.tr/ilanlar/eskiilanlar/2023/05/20230510.htm&main=http://www.resmigazete.gov.tr/ilanlar/eskiilanlar/2023/05/20230510-4.htm
2023-05-10,– T.C. Merkez Bankasınca Belirlenen Döviz Kurları ve Devlet İç Borçlanma Senetlerinin Günlük Değerleri,http://www.resmigazete.gov.tr/main.aspx?home=http://www.resmigazete.gov.tr/ilanlar/eskiilanlar/2023/05/20230510.htm&main=http://www.resmigazete.gov.tr/ilanlar/eskiilanlar/2023/05/20230510-5.htm
2023-05-11,–– Hâkimler ve Savcılar Kuruluna Ait Kararlar,https://www.resmigazete.gov.tr/eskiler/2023/05/20230511-1.pdf
2023-05-11,–– Mekânsal Planlar Yapım Yönetmeliğinde Değişiklik Yapılmasına Dair Yönetmelik,https://www.resmigazete.gov.tr/eskiler/2023/05/20230511-2.htm
2023-05-11,–– Elektrik Kuvvetli Akım Tesisleri Yönetmeliğinde Değişiklik Yapılmasına Dair Yönetmelik,https://www.resmigazete.gov.tr/eskiler/2023/05/20230511-3.htm
2023-05-11,–– Mecburi Uygulamada Olan Bazı Türk Standardlarına Ait Tebliğlerin ve Standardların Yürürlükten Kaldırılmasına Dair Tebliğ (No: SGM 2022/39),https://www.resmigazete.gov.tr/eskiler/2023/05/20230511-4.htm
2023-05-11,–– Mecburi Uygulamaya Alınan Ürünlere İlişkin Türk Standartlarına Dair Tebliğ (No: SGM 2022/40),https://www.resmigazete.gov.tr/eskiler/2023/05/20230511-5.htm
2023-05-11,–– İthalatta Gözetim Uygulanmasına İlişkin Tebliğ (Tebliğ No: 2004/15)’de Değişiklik Yapılmasına Dair Tebliğ,https://www.resmigazete.gov.tr/eskiler/2023/05/20230511-6.htm
2023-05-11,–– İthalatta Haksız Rekabetin Önlenmesine İlişkin Tebliğ (No: 2023/17),https://www.resmigazete.gov.tr/eskiler/2023/05/20230511-7.htm
2023-05-11,–– İthalatta Haksız Rekabetin Önlenmesine İlişkin Tebliğ (No: 2023/18),https://www.resmigazete.gov.tr/eskiler/2023/05/20230511-8.htm
2023-05-11,–– İthalatta Haksız Rekabetin Önlenmesine İlişkin Tebliğ (No: 2023/19),https://www.resmigazete.gov.tr/eskiler/2023/05/20230511-9.htm
2023-05-11,–– İthalatta Haksız Rekabetin Önlenmesine İlişkin Tebliğ (Tebliğ No: 2018/29)’de Değişiklik Yapılmasına Dair Tebliğ,https://www.resmigazete.gov.tr/eskiler/2023/05/20230511-10.htm
2023-05-11,–– İthalatta Korunma Önlemlerine İlişkin Tebliğ (No: 2023/2),https://www.resmigazete.gov.tr/eskiler/2023/05/20230511-11.htm
2023-05-11,–– İthalatta Korunma Önlemlerine İlişkin Tebliğ (No: 2023/3),https://www.resmigazete.gov.tr/eskiler/2023/05/20230511-12.htm
2023-05-11,–– Anayasa Mahkemesinin 15/2/2023 Tarihli ve 2021/2831 Başvuru Numaralı Kararı,https://www.resmigazete.gov.tr/eskiler/2023/05/20230511-13.pdf
2023-05-11,a - Yargı İlânları,http://www.resmigazete.gov.tr/main.aspx?home=http://www.resmigazete.gov.tr/ilanlar/eskiilanlar/2023/05/20230511.htm&main=http://www.resmigazete.gov.tr/ilanlar/eskiilanlar/2023/05/20230511-2.htm
2023-05-11,"b - Artırma, Eksiltme ve İhale İlânları",http://www.resmigazete.gov.tr/main.aspx?home=http://www.resmigazete.gov.tr/ilanlar/eskiilanlar/2023/05/20230511.htm&main=http://www.resmigazete.gov.tr/ilanlar/eskiilanlar/2023/05/20230511-3.htm
2023-05-11,c - Çeşitli İlânlar,http://www.resmigazete.gov.tr/main.aspx?home=http://www.resmigazete.gov.tr/ilanlar/eskiilanlar/2023/05/20230511.htm&main=http://www.resmigazete.gov.tr/ilanlar/eskiilanlar/2023/05/20230511-4.htm
2023-05-11,– T.C. Merkez Bankasınca Belirlenen Döviz Kurları ve Devlet İç Borçlanma Senetlerinin Günlük Değerleri,http://www.resmigazete.gov.tr/main.aspx?home=http://www.resmigazete.gov.tr/ilanlar/eskiilanlar/2023/05/20230511.htm&main=http://www.resmigazete.gov.tr/ilanlar/eskiilanlar/2023/05/20230511-5.htm
2023-05-12,–– Sigortacılık ve Özel Emeklilik Düzenleme ve Denetleme Kurumunun Teşkilat ve Görevleri Hakkında Cumhurbaşkanlığı Kararnamesinde Değişiklik Yapılmasına Dair Cumhurbaşkanlığı Kararnamesi (Kararname Numarası: 147),https://www.resmigazete.gov.tr/eskiler/2023/05/20230512-1.pdf
2023-05-12,–– 6/2/2023 Tarihinde Meydana Gelen Depremler Nedeniyle Söz Konusu Depremlerden Etkilenen Yerlerde Kamu Personeline Tazminat ve Fazla Çalışma Ücreti Ödenmesine İlişkin Karar (Karar Sayısı: 7267),https://www.resmigazete.gov.tr/eskiler/2023/05/20230512-2.pdf
2023-05-12,–– Devlet Memurlarına Ödenecek Zam ve Tazminatlara İlişkin Kararda Değişiklik Yapılmasına Dair Karar (Karar Sayısı: 7268),https://www.resmigazete.gov.tr/eskiler/2023/05/20230512-3.pdf
2023-05-12,"–– Gaziantep İli, Şehitkâmil İlçesi, Taşlıca Mahallesinde (4182 Parsel) Bulunan Alanın Gaziantep Sanayi Alanı Olarak Belirlenmesi ile Gaziantep İli, İslahiye İlçesi, Esenler (118 Ada, 46 Parsel) ve Yolbaşı (143 Ada, 42 Parsel) Mahallelerinde Bulunan Alanların İslahiye 2. OSB Genişleme Sanayi Alanı Olarak Belirlenmesi Hakkında Karar (Karar Sayısı: 7269)",https://www.resmigazete.gov.tr/eskiler/2023/05/20230512-4.pdf
2023-05-12,"–– Büyükşehir Belediyeleri, İl Özel İdareleri, Belediyeler ve Bunların Bağlı Kuruluşlarının Borçlarına Karşılık Genel Bütçe Vergi Gelirleri Tahsilat Toplamı Üzerinden Ayrılacak Paylardan Yapılacak Kesintilere İlişkin Esaslarda Değişiklik Yapılmasına Dair Esaslar (Karar Sayısı: 7270)",https://www.resmigazete.gov.tr/eskiler/2023/05/20230512-5.pdf
2023-05-12,"–– Kırklareli İli, Demirköy İlçesi Sınırları İçerisinde Bulunan Mert Gölü, Mert Gölü Yerleşimi ve Longoz Ormanları Doğal Sit Alanının Koruma Statüsünün Yeniden Değerlendirilmesi Sonucunda, Bazı Alanların Kesin Korunacak Hassas Alan Olarak Tescil ve İlan Edilmesi Hakkında Karar (Karar Sayısı: 7271)",https://www.resmigazete.gov.tr/eskiler/2023/05/20230512-6.pdf
2023-05-12,"–– Hatay İli, Payas İlçesi, Yakacık Mahallesi Sınırları İçerisinde Bulunan Bazı Taşınmazların, Yeni Devlet Hastanesinin Yapımı Amacıyla Payas Belediye Başkanlığı Tarafından Acele Kamulaştırılması Hakkında Karar (Karar Sayısı: 7272)",https://www.resmigazete.gov.tr/eskiler/2023/05/20230512-7.pdf
2023-05-12,"–– Trabzon İli, Dernekpazarı İlçesi, Merkez ve Zincirlitaş Mahalleleri Sınırları İçerisinde Bulunan Bazı Taşınmazların, Kentsel Dönüşüm ve Gelişim Projesi Kapsamında Trabzon Büyükşehir Belediye Başkanlığı Tarafından Acele Kamulaştırılması Hakkında Karar (Karar Sayısı: 7273)",https://www.resmigazete.gov.tr/eskiler/2023/05/20230512-8.pdf
2023-05-12,"–– Sivas İli, Gürün ve Kangal İlçeleri ile Malatya İli, Kuluncak İlçesinde Bulunan Bazı Taşınmazların, Kuluncak İlçesinin İçme ve Kullanma Suyu İhtiyacının Karşılanmasına Yönelik “Sarıca İçme Suyu İsale Hattı Projesi”nin Yapımı Amacıyla Çevre, Şehircilik ve İklim Değişikliği Bakanlığı Tarafından Acele Kamulaştırılması Hakkında Karar (Karar Sayısı: 7274)",https://www.resmigazete.gov.tr/eskiler/2023/05/20230512-9.pdf
2023-05-12,–– Alanya 2. Merhale Projesi Kapsamındaki Dim Barajı Sulama İnşaatı İşinin Yapımı Amacıyla Bazı Taşınmazların Devlet Su İşleri Genel Müdürlüğü Tarafından Acele Kamulaştırılması Hakkında Karar (Karar Sayısı: 7275),https://www.resmigazete.gov.tr/eskiler/2023/05/20230512-10.pdf
2023-05-12,–– 154 kV İskenderun II TM-Antakya III TM Enerji İletim Hattının 169-173 Numaralı Direkleri Arasının Sağlık Bakanlığı Tarafından Yapılan Hastane İnşaatı Kapsamında Deplase Edilecek Olması Nedeniyle Bazı Taşınmazların Türkiye Elektrik İletim Anonim Şirketi Genel Müdürlüğü Tarafından Acele Kamulaştırılması Hakkında Karar (Karar Sayısı: 7276),https://www.resmigazete.gov.tr/eskiler/2023/05/20230512-11.pdf
2023-05-12,–– 154 kV G4-Bor-3 GES TM-Bor TM Enerji İletim Hattı Projesi Kapsamında Bazı Taşınmazların Türkiye Elektrik İletim Anonim Şirketi Genel Müdürlüğü Tarafından Acele Kamulaştırılması Hakkında Karar (Karar Sayısı: 7277),https://www.resmigazete.gov.tr/eskiler/2023/05/20230512-12.pdf
2023-05-12,–– Buldan İlçesi Doğal Gaz Boru Hattı Projesi ve Derik İlçesi Doğal Gaz Boru Hattı Projesinin Yapımı Amacıyla Bazı Taşınmazların Boru Hatları ile Petrol Taşıma Anonim Şirketi Genel Müdürlüğü Tarafından Acele Kamulaştırılması Hakkında Karar (Karar Sayısı: 7278),https://www.resmigazete.gov.tr/eskiler/2023/05/20230512-13.pdf
2023-05-12,"–– Ordu İli, Kabadüz İlçesinde Tesis Edilecek Doğal Gaz Dağıtım Sistemi Kapsamında İhtiyaç Duyulan Bazı Taşınmazların Enerji Piyasası Düzenleme Kurumu Tarafından Acele Kamulaştırılması Hakkında Karar (Karar Sayısı: 7279)",https://www.resmigazete.gov.tr/eskiler/2023/05/20230512-14.pdf
2023-05-12,–– Ateşli Silahlar ve Bıçaklar ile Diğer Aletler Hakkında Yönetmelikte Değişiklik Yapılmasına Dair Yönetmelik (Karar Sayısı: 7280),https://www.resmigazete.gov.tr/eskiler/2023/05/20230512-15.pdf
2023-05-12,–– Emniyet Hizmetleri Sınıfı Mensupları Atama ve Yer Değiştirme Yönetmeliğinde Değişiklik Yapılmasına Dair Yönetmelik (Karar Sayısı: 7281),https://www.resmigazete.gov.tr/eskiler/2023/05/20230512-16.pdf
2023-05-12,–– Memurlara Yapılacak Giyecek Yardımı Yönetmeliğinde Değişiklik Yapılmasına Dair Yönetmelik (Karar Sayısı: 7282),https://www.resmigazete.gov.tr/eskiler/2023/05/20230512-17.pdf
2023-05-12,–– Gemi Sicil Yönetmeliği (Karar Sayısı: 7283),https://www.resmigazete.gov.tr/eskiler/2023/05/20230512-18.pdf
2023-05-12,–– Engelli Bireylere Kimlik Kartı Verilmesine ve Ulusal Engelli Veri Sistemi Oluşturulmasına Dair Yönetmelik,https://www.resmigazete.gov.tr/eskiler/2023/05/20230512-19.htm
2023-05-12,–– İşkolları Yönetmeliğinde Değişiklik Yapılmasına Dair Yönetmelik,https://www.resmigazete.gov.tr/eskiler/2023/05/20230512-20.htm
2023-05-12,–– Planlı Alanlar İmar Yönetmeliğinde Değişiklik Yapılmasına Dair Yönetmelik,https://www.resmigazete.gov.tr/eskiler/2023/05/20230512-21.htm
2023-05-12,–– Su Kirliliği Kontrolü Yönetmeliğinde Değişiklik Yapılmasına Dair Yönetmelik,https://www.resmigazete.gov.tr/eskiler/2023/05/20230512-22.htm
2023-05-12,–– İçişleri Bakanlığı Disiplin Amirleri Yönetmeliği,https://www.resmigazete.gov.tr/eskiler/2023/05/20230512-23.htm
2023-05-12,–– Polis Meslek Eğitim Merkezleri Giriş Yönetmeliğinde Değişiklik Yapılmasına Dair Yönetmelik,https://www.resmigazete.gov.tr/eskiler/2023/05/20230512-24.htm
2023-05-12,–– Uludağ Alan Planlarının Hazırlanması ve Yürürlüğe Konulmasına İlişkin Usul ve Esaslar Hakkında Yönetmelik,https://www.resmigazete.gov.tr/eskiler/2023/05/20230512-25.htm
2023-05-12,–– Millî Eğitim Bakanlığı Okul Öncesi Eğitim ve İlköğretim Kurumları Yönetmeliğinde Değişiklik Yapılmasına Dair Yönetmelik,https://www.resmigazete.gov.tr/eskiler/2023/05/20230512-26.htm
2023-05-12,–– Sözleşmeli Erbaş ve Erlerin Kamu Kurum ve Kuruluşlarında İstihdamına Dair Yönetmelik,https://www.resmigazete.gov.tr/eskiler/2023/05/20230512-27.htm
2023-05-12,"–– Araçların İmal, Tadil ve Montajı Hakkında Yönetmelikte Değişiklik Yapılmasına Dair Yönetmelik",https://www.resmigazete.gov.tr/eskiler/2023/05/20230512-28.htm
2023-05-12,–– Yeraltı Sularının Kirlenmeye ve Bozulmaya Karşı Korunması Hakkında Yönetmelikte Değişiklik Yapılmasına Dair Yönetmelik,https://www.resmigazete.gov.tr/eskiler/2023/05/20230512-29.htm
2023-05-12,–– Gümrük Yönetmeliğinde Değişiklik Yapılmasına Dair Yönetmelik,https://www.resmigazete.gov.tr/eskiler/2023/05/20230512-30.htm
2023-05-12,–– Ticaret Bakanlığı Taşra Teşkilatı Personeli Kılık ve Kıyafet Yönetmeliğinde Değişiklik Yapılmasına Dair Yönetmelik,https://www.resmigazete.gov.tr/eskiler/2023/05/20230512-31.htm
2023-05-12,–– Sosyal Güvenlik Kurumu Genel Sağlık Sigortası Alternatif Geri Ödeme Yönetmeliği,https://www.resmigazete.gov.tr/eskiler/2023/05/20230512-32.htm
2023-05-12,"–– Patent Vekilliği ve Marka Vekilliği Sınav, Sicil ve Disiplin Yönetmeliğinde Değişiklik Yapılmasına Dair Yönetmelik",https://www.resmigazete.gov.tr/eskiler/2023/05/20230512-33.htm
2023-05-12,–– Engelli Bireylere Yönelik Sınav Uygulamalarında ve Engelli Kontenjanında Aranacak Sağlık Şartlarına Dair Yönetmelikte Değişiklik Yapılmasına Dair Yönetmelik,https://www.resmigazete.gov.tr/eskiler/2023/05/20230512-34.htm
2023-05-12,–– Yurtdışı Yükseköğretim Diplomaları Tanıma ve Denklik Yönetmeliğinde Değişiklik Yapılmasına Dair Yönetmelik,https://www.resmigazete.gov.tr/eskiler/2023/05/20230512-35.htm
2023-05-12,–– Enerji Piyasası Düzenleme Kurulunun 11/05/2023 Tarihli ve 11846 Sayılı Kararı,https://www.resmigazete.gov.tr/eskiler/2023/05/20230512-36.pdf
2023-05-12,"–– Anayasa Mahkemesinin 13/12/2022 Tarihli ve E: 2019/88, K: 2022/159 Sayılı Kararı",https://www.resmigazete.gov.tr/eskiler/2023/05/20230512-37.pdf
2023-05-12,"–– Anayasa Mahkemesinin 16/2/2023 Tarihli ve E: 2022/146, K: 2023/31 Sayılı Kararı",https://www.resmigazete.gov.tr/eskiler/2023/05/20230512-38.pdf
2023-05-12,–– Yargıtay 7. Hukuk Dairesine Ait Karar,https://www.resmigazete.gov.tr/eskiler/2023/05/20230512-39.pdf
2023-05-12,a - Yargı İlânları,http://www.resmigazete.gov.tr/main.aspx?home=http://www.resmigazete.gov.tr/ilanlar/eskiilanlar/2023/05/20230512.htm&main=http://www.resmigazete.gov.tr/ilanlar/eskiilanlar/2023/05/20230512-2.htm
2023-05-12,"b - Artırma, Eksiltme ve İhale İlânları",http://www.resmigazete.gov.tr/main.aspx?home=http://www.resmigazete.gov.tr/ilanlar/eskiilanlar/2023/05/20230512.htm&main=http://www.resmigazete.gov.tr/ilanlar/eskiilanlar/2023/05/20230512-3.htm
2023-05-12,c - Çeşitli İlânlar,http://www.resmigazete.gov.tr/main.aspx?home=http://www.resmigazete.gov.tr/ilanlar/eskiilanlar/2023/05/20230512.htm&main=http://www.resmigazete.gov.tr/ilanlar/eskiilanlar/2023/05/20230512-4.htm
2023-05-12,– T.C. Merkez Bankasınca Belirlenen Döviz Kurları ve Devlet İç Borçlanma Senetlerinin Günlük Değerleri,http://www.resmigazete.gov.tr/main.aspx?home=http://www.resmigazete.gov.tr/ilanlar/eskiilanlar/2023/05/20230512.htm&main=http://www.resmigazete.gov.tr/ilanlar/eskiilanlar/2023/05/20230512-5.htm
2023-05-12,"12/5/2023 tarihli ve 32188 mükerrer sayılı Resmî Gazete’de, Milletlerarası Andlaşmalar ile Cumhurbaşkanı Kararı yayımlanmıştır.",http://www.resmigazete.gov.tr/eskiler/2023/05/20230512M1.htm
2023-05-13,–– Ordu İli Sınırları İçerisinde Bulunan Sınır ve Koordinatları Gösterilen Alanın Ordu Serbest Bölgesi Olarak Tespit Edilmesi Hakkında Karar (Karar Sayısı: 7288),https://www.resmigazete.gov.tr/eskiler/2023/05/20230513-1.pdf
2023-05-13,"–– Cumhurbaşkanlığı Tarafından Yapılan Atamalar Hakkında Kararlar (Karar: 2023/278, 279, 280)",https://www.resmigazete.gov.tr/eskiler/2023/05/20230513-2.pdf
2023-05-13,–– Ayakta Teşhis ve Tedavi Yapılan Özel Sağlık Kuruluşları Hakkında Yönetmelikte Değişiklik Yapılmasına Dair Yönetmelik,https://www.resmigazete.gov.tr/eskiler/2023/05/20230513-3.htm
2023-05-13,–– Özel Hastaneler Yönetmeliğinde Değişiklik Yapılmasına Dair Yönetmelik,https://www.resmigazete.gov.tr/eskiler/2023/05/20230513-4.htm
2023-05-13,–– Türkiye İş Kurumu Hukuk Müşavirliği Yönetmeliğinin Yürürlükten Kaldırılmasına Dair Yönetmelik,https://www.resmigazete.gov.tr/eskiler/2023/05/20230513-5.htm
2023-05-13,–– Türkiye İstatistik Kurumu Eğitim ve Araştırma Merkezinin Kuruluşu Görevleri ve Çalışma Esaslarına İlişkin Yönetmelikte Değişiklik Yapılmasına Dair Yönetmelik,https://www.resmigazete.gov.tr/eskiler/2023/05/20230513-6.htm
2023-05-13,–– Sigorta ve Reasürans Şirketleri ile Emeklilik Şirketlerinin Finansal Raporlamaları Hakkında Yönetmelikte Değişiklik Yapılmasına Dair Yönetmelik,https://www.resmigazete.gov.tr/eskiler/2023/05/20230513-7.htm
2023-05-13,–– Yataklı Sağlık Tesislerinde Acil Servis Hizmetlerinin Uygulama Usul ve Esasları Hakkında Tebliğde Değişiklik Yapılmasına Dair Tebliğ,https://www.resmigazete.gov.tr/eskiler/2023/05/20230513-8.htm
2023-05-13,–– 2023 Yılı Nisan Ayına Ait Dahilde İşleme İzin Belgelerinin (D1) Listesi,https://www.resmigazete.gov.tr/eskiler/2023/05/20230513-9.pdf
2023-05-13,–– 2023 Yılı Nisan Ayına Ait Yurt İçi Satış ve Teslim Belgelerinin (D3) Listesi,https://www.resmigazete.gov.tr/eskiler/2023/05/20230513-10.pdf
2023-05-13,–– 2023 Yılı Nisan Ayına Ait Hariçte İşleme İzin Belgelerinin (H1) Listesi,https://www.resmigazete.gov.tr/eskiler/2023/05/20230513-11.pdf
2023-05-13,–– 2023 Yılı Nisan Ayına Ait Firma Talebine İstinaden İptal Edilen Dahilde İşleme İzin Belgeleri Listesi,https://www.resmigazete.gov.tr/eskiler/2023/05/20230513-12.pdf
2023-05-13,–– Paypole Ödeme Hizmetleri ve Elektronik Para A.Ş.’ye Elektronik Para Kuruluşu Olarak Faaliyet Göstermek Üzere Faaliyet İzni Verilmesine İlişkin Karar,https://www.resmigazete.gov.tr/eskiler/2023/05/20230513-13.pdf
2023-05-13,–– Paytrek Ödeme Kuruluşu Hizmetleri A.Ş.’nin Faaliyet İzninin İptal Edilmesine İlişkin Karar,https://www.resmigazete.gov.tr/eskiler/2023/05/20230513-14.pdf
2023-05-13,a - Yargı İlânı,http://www.resmigazete.gov.tr/main.aspx?home=http://www.resmigazete.gov.tr/ilanlar/eskiilanlar/2023/05/20230513.htm&main=http://www.resmigazete.gov.tr/ilanlar/eskiilanlar/2023/05/20230513-2.htm
2023-05-13,"b - Artırma, Eksiltme ve İhale İlânları",http://www.resmigazete.gov.tr/main.aspx?home=http://www.resmigazete.gov.tr/ilanlar/eskiilanlar/2023/05/20230513.htm&main=http://www.resmigazete.gov.tr/ilanlar/eskiilanlar/2023/05/20230513-3.htm
2023-05-13,c - Çeşitli İlânlar,http://www.resmigazete.gov.tr/main.aspx?home=http://www.resmigazete.gov.tr/ilanlar/eskiilanlar/2023/05/20230513.htm&main=http://www.resmigazete.gov.tr/ilanlar/eskiilanlar/2023/05/20230513-4.htm
2023-05-13,– T.C. Merkez Bankasınca Belirlenen Döviz Kurları ve Devlet İç Borçlanma Senetlerinin Günlük Değerleri,http://www.resmigazete.gov.tr/main.aspx?home=http://www.resmigazete.gov.tr/ilanlar/eskiilanlar/2023/05/20230513.htm&main=http://www.resmigazete.gov.tr/ilanlar/eskiilanlar/2023/05/20230513-5.htm
2023-05-14,–– Gazi Üniversitesi Afet Yönetimi ve Deprem Mühendisliği Uygulama ve Araştırma Merkezi Yönetmeliği,https://www.resmigazete.gov.tr/eskiler/2023/05/20230514-1.htm
2023-05-14,–– İstanbul Beykent Üniversitesi Sürekli Eğitim Uygulama ve Araştırma Merkezi Yönetmeliği,https://www.resmigazete.gov.tr/eskiler/2023/05/20230514-2.htm
2023-05-14,a - Yargı İlânları,http://www.resmigazete.gov.tr/main.aspx?home=http://www.resmigazete.gov.tr/ilanlar/eskiilanlar/2023/05/20230514.htm&main=http://www.resmigazete.gov.tr/ilanlar/eskiilanlar/2023/05/20230514-2.htm
2023-05-14,"b - Artırma, Eksiltme ve İhale İlânları",http://www.resmigazete.gov.tr/main.aspx?home=http://www.resmigazete.gov.tr/ilanlar/eskiilanlar/2023/05/20230514.htm&main=http://www.resmigazete.gov.tr/ilanlar/eskiilanlar/2023/05/20230514-3.htm
2023-05-14,c - Çeşitli İlânlar,http://www.resmigazete.gov.tr/main.aspx?home=http://www.resmigazete.gov.tr/ilanlar/eskiilanlar/2023/05/20230514.htm&main=http://www.resmigazete.gov.tr/ilanlar/eskiilanlar/2023/05/20230514-4.htm
2023-05-14,– T.C. Merkez Bankasınca Belirlenen Devlet İç Borçlanma Senetlerinin Günlük Değerleri,http://www.resmigazete.gov.tr/main.aspx?home=http://www.resmigazete.gov.tr/ilanlar/eskiilanlar/2023/05/20230514.htm&main=http://www.resmigazete.gov.tr/ilanlar/eskiilanlar/2023/05/20230514-5.htm
2023-05-15,–– Dicle Üniversitesi Diş Hekimliği Fakültesi Eğitim-Öğretim ve Sınav Yönetmeliği,https://www.resmigazete.gov.tr/eskiler/2023/05/20230515-1.htm
2023-05-15,–– Yozgat Bozok Üniversitesi Ön Lisans ve Lisans Eğitim-Öğretim ve Sınav Yönetmeliğinde Değişiklik Yapılmasına Dair Yönetmelik,https://www.resmigazete.gov.tr/eskiler/2023/05/20230515-2.htm
2023-05-15,a - Yargı İlânları,http://www.resmigazete.gov.tr/main.aspx?home=http://www.resmigazete.gov.tr/ilanlar/eskiilanlar/2023/05/20230515.htm&main=http://www.resmigazete.gov.tr/ilanlar/eskiilanlar/2023/05/20230515-2.htm
2023-05-15,"b - Artırma, Eksiltme ve İhale İlânları",http://www.resmigazete.gov.tr/main.aspx?home=http://www.resmigazete.gov.tr/ilanlar/eskiilanlar/2023/05/20230515.htm&main=http://www.resmigazete.gov.tr/ilanlar/eskiilanlar/2023/05/20230515-3.htm
2023-05-15,c - Çeşitli İlânlar,http://www.resmigazete.gov.tr/main.aspx?home=http://www.resmigazete.gov.tr/ilanlar/eskiilanlar/2023/05/20230515.htm&main=http://www.resmigazete.gov.tr/ilanlar/eskiilanlar/2023/05/20230515-4.htm
2023-05-15,– T.C. Merkez Bankasınca Belirlenen Devlet İç Borçlanma Senetlerinin Günlük Değerleri,http://www.resmigazete.gov.tr/main.aspx?home=http://www.resmigazete.gov.tr/ilanlar/eskiilanlar/2023/05/20230515.htm&main=http://www.resmigazete.gov.tr/ilanlar/eskiilanlar/2023/05/20230515-5.htm
2023-05-16,–– İstanbul Üniversitesi-Cerrahpaşa Lisansüstü Eğitim ve Öğretim Yönetmeliğinde Değişiklik Yapılmasına Dair Yönetmelik,https://www.resmigazete.gov.tr/eskiler/2023/05/20230516-1.htm
2023-05-16,–– Efix Ödeme Hizmetleri A.Ş.’nin Faaliyet İzni Kapsamının Genişletilmesine İlişkin Karar,https://www.resmigazete.gov.tr/eskiler/2023/05/20230516-2.pdf
2023-05-16,–– İstanbul Ödeme ve Elektronik Para A.Ş.’nin Faaliyet İzni Kapsamının Genişletilmesine İlişkin Karar,https://www.resmigazete.gov.tr/eskiler/2023/05/20230516-3.pdf
2023-05-16,–– Paragram Ödeme Kuruluşu A.Ş.’nin Faaliyet İzni Kapsamının Genişletilmesine İlişkin Karar,https://www.resmigazete.gov.tr/eskiler/2023/05/20230516-4.pdf
2023-05-16,–– Sipay Elektronik Para ve Ödeme Hizmetleri A.Ş.’nin Faaliyet İzni Kapsamının Genişletilmesine İlişkin Karar,https://www.resmigazete.gov.tr/eskiler/2023/05/20230516-5.pdf
2023-05-16,–– Anayasa Mahkemesinin 8/3/2023 Tarihli ve 2019/13338 Başvuru Numaralı Kararı,https://www.resmigazete.gov.tr/eskiler/2023/05/20230516-6.pdf
2023-05-16,a - Yargı İlânları,http://www.resmigazete.gov.tr/main.aspx?home=http://www.resmigazete.gov.tr/ilanlar/eskiilanlar/2023/05/20230516.htm&main=http://www.resmigazete.gov.tr/ilanlar/eskiilanlar/2023/05/20230516-2.htm
2023-05-16,"b - Artırma, Eksiltme ve İhale İlânları",http://www.resmigazete.gov.tr/main.aspx?home=http://www.resmigazete.gov.tr/ilanlar/eskiilanlar/2023/05/20230516.htm&main=http://www.resmigazete.gov.tr/ilanlar/eskiilanlar/2023/05/20230516-3.htm
2023-05-16,c - Çeşitli İlânlar,http://www.resmigazete.gov.tr/main.aspx?home=http://www.resmigazete.gov.tr/ilanlar/eskiilanlar/2023/05/20230516.htm&main=http://www.resmigazete.gov.tr/ilanlar/eskiilanlar/2023/05/20230516-4.htm
2023-05-16,– T.C. Merkez Bankasınca Belirlenen Döviz Kurları ve Devlet İç Borçlanma Senetlerinin Günlük Değerleri,http://www.resmigazete.gov.tr/main.aspx?home=http://www.resmigazete.gov.tr/ilanlar/eskiilanlar/2023/05/20230516.htm&main=http://www.resmigazete.gov.tr/ilanlar/eskiilanlar/2023/05/20230516-5.htm
2023-05-17,–– Mersin Üniversitesi Devlet Konservatuvarı Lisans Eğitim-Öğretim ve Sınav Yönetmeliği,https://www.resmigazete.gov.tr/eskiler/2023/05/20230517-1.htm
2023-05-17,–– Mimar Sinan Güzel Sanatlar Üniversitesi Ön Lisans ve Lisans Öğretim Yönetmeliğinde Değişiklik Yapılmasına Dair Yönetmelik,https://www.resmigazete.gov.tr/eskiler/2023/05/20230517-2.htm
2023-05-17,–– Menkul Kıymet Tesisi Hakkında Tebliğde Değişiklik Yapılmasına Dair Tebliğ (Sayı: 2023/11),https://www.resmigazete.gov.tr/eskiler/2023/05/20230517-5.htm
2023-05-17,"–– Anayasa Mahkemesinin 9/11/2022 Tarihli ve E: 2018/87, K: 2022/137 Sayılı Kararı",https://www.resmigazete.gov.tr/eskiler/2023/05/20230517-3.pdf
2023-05-17,–– Anayasa Mahkemesinin 30/3/2023 Tarihli ve 2018/27450 Başvuru Numaralı Kararı,https://www.resmigazete.gov.tr/eskiler/2023/05/20230517-4.pdf
2023-05-17,a - Yargı İlânları,http://www.resmigazete.gov.tr/main.aspx?home=http://www.resmigazete.gov.tr/ilanlar/eskiilanlar/2023/05/20230517.htm&main=http://www.resmigazete.gov.tr/ilanlar/eskiilanlar/2023/05/20230517-2.htm
2023-05-17,"b - Artırma, Eksiltme ve İhale İlânları",http://www.resmigazete.gov.tr/main.aspx?home=http://www.resmigazete.gov.tr/ilanlar/eskiilanlar/2023/05/20230517.htm&main=http://www.resmigazete.gov.tr/ilanlar/eskiilanlar/2023/05/20230517-3.htm
2023-05-17,c - Çeşitli İlânlar,http://www.resmigazete.gov.tr/main.aspx?home=http://www.resmigazete.gov.tr/ilanlar/eskiilanlar/2023/05/20230517.htm&main=http://www.resmigazete.gov.tr/ilanlar/eskiilanlar/2023/05/20230517-4.htm
2023-05-17,– T.C. Merkez Bankasınca Belirlenen Döviz Kurları ve Devlet İç Borçlanma Senetlerinin Günlük Değerleri,http://www.resmigazete.gov.tr/main.aspx?home=http://www.resmigazete.gov.tr/ilanlar/eskiilanlar/2023/05/20230517.htm&main=http://www.resmigazete.gov.tr/ilanlar/eskiilanlar/2023/05/20230517-5.htm
2023-05-18,–– Ekli Listede Belirtilen Fakültelerin Kurulması ile İzmir Kâtip Çelebi Üniversitesi Rektörlüğüne Bağlı İslami İlimler Fakültesinin Adının İlahiyat Fakültesi Olarak Değiştirilmesi Hakkında Karar (Karar Sayısı: 7290),https://www.resmigazete.gov.tr/eskiler/2023/05/20230518-4.pdf
2023-05-18,"–– Niğde İli, Ulukışla İlçesinde Bulunan Alanın Anadolu Uluslararası Özel Endüstri Bölgesi Olarak İlan Edilmesi Hakkında Karar (Karar Sayısı: 7291)",https://www.resmigazete.gov.tr/eskiler/2023/05/20230518-5.pdf
2023-05-18,–– Cumhurbaşkanlığı Tarafından Yapılan Atama Hakkında Karar (Karar: 2023/281),https://www.resmigazete.gov.tr/eskiler/2023/05/20230518-6.pdf
2023-05-18,–– Payları Girişim Sermayesi Pazarında İşlem Görecek Ortaklıklara İlişkin Esaslar Tebliği (II-16.3),https://www.resmigazete.gov.tr/eskiler/2023/05/20230518-1.htm
2023-05-18,–– Pay Tebliği (VII-128.1)'nde Değişiklik Yapılmasına Dair Tebliğ (VII-128.1.e),https://www.resmigazete.gov.tr/eskiler/2023/05/20230518-2.htm
2023-05-18,"–– Anayasa Mahkemesinin 5/4/2023 Tarihli ve E: 2022/148, K: 2023/70 Sayılı Kararı",https://www.resmigazete.gov.tr/eskiler/2023/05/20230518-3.pdf
2023-05-18,a - Yargı İlânları,http://www.resmigazete.gov.tr/main.aspx?home=http://www.resmigazete.gov.tr/ilanlar/eskiilanlar/2023/05/20230518.htm&main=http://www.resmigazete.gov.tr/ilanlar/eskiilanlar/2023/05/20230518-2.htm
2023-05-18,"b - Artırma, Eksiltme ve İhale İlânları",http://www.resmigazete.gov.tr/main.aspx?home=http://www.resmigazete.gov.tr/ilanlar/eskiilanlar/2023/05/20230518.htm&main=http://www.resmigazete.gov.tr/ilanlar/eskiilanlar/2023/05/20230518-3.htm
2023-05-18,c - Çeşitli İlânlar,http://www.resmigazete.gov.tr/main.aspx?home=http://www.resmigazete.gov.tr/ilanlar/eskiilanlar/2023/05/20230518.htm&main=http://www.resmigazete.gov.tr/ilanlar/eskiilanlar/2023/05/20230518-4.htm
2023-05-18,– T.C. Merkez Bankasınca Belirlenen Döviz Kurları ve Devlet İç Borçlanma Senetlerinin Günlük Değerleri,http://www.resmigazete.gov.tr/main.aspx?home=http://www.resmigazete.gov.tr/ilanlar/eskiilanlar/2023/05/20230518.htm&main=http://www.resmigazete.gov.tr/ilanlar/eskiilanlar/2023/05/20230518-5.htm
2023-05-19,–– İstanbul Üniversitesi Lisansüstü Eğitim ve Öğretim Yönetmeliğinde Değişiklik Yapılmasına Dair Yönetmelik,https://www.resmigazete.gov.tr/eskiler/2023/05/20230519-1.htm
2023-05-19,a - Yargı İlânları,http://www.resmigazete.gov.tr/main.aspx?home=http://www.resmigazete.gov.tr/ilanlar/eskiilanlar/2023/05/20230519.htm&main=http://www.resmigazete.gov.tr/ilanlar/eskiilanlar/2023/05/20230519-2.htm
2023-05-19,"b - Artırma, Eksiltme ve İhale İlânları",http://www.resmigazete.gov.tr/main.aspx?home=http://www.resmigazete.gov.tr/ilanlar/eskiilanlar/2023/05/20230519.htm&main=http://www.resmigazete.gov.tr/ilanlar/eskiilanlar/2023/05/20230519-3.htm
2023-05-19,c - Çeşitli İlânlar,http://www.resmigazete.gov.tr/main.aspx?home=http://www.resmigazete.gov.tr/ilanlar/eskiilanlar/2023/05/20230519.htm&main=http://www.resmigazete.gov.tr/ilanlar/eskiilanlar/2023/05/20230519-4.htm
2023-05-19,– T.C. Merkez Bankasınca Belirlenen Döviz Kurları ve Devlet İç Borçlanma Senetlerinin Günlük Değerleri,http://www.resmigazete.gov.tr/main.aspx?home=http://www.resmigazete.gov.tr/ilanlar/eskiilanlar/2023/05/20230519.htm&main=http://www.resmigazete.gov.tr/ilanlar/eskiilanlar/2023/05/20230519-5.htm
2023-05-19,"19/5/2023 tarihli ve 32195 mükerrer sayılı Resmî Gazete’de, Yüksek Seçim Kurulu Kararı yayımlanmıştır.",http://www.resmigazete.gov.tr/eskiler/2023/05/20230519M1.htm
2023-05-20,–– İstanbul Okan Üniversitesi Lisansüstü Eğitim-Öğretim ve Sınav Yönetmeliğinde Değişiklik Yapılmasına Dair Yönetmelik,https://www.resmigazete.gov.tr/eskiler/2023/05/20230520-1.htm
2023-05-20,a - Yargı İlânları,http://www.resmigazete.gov.tr/main.aspx?home=http://www.resmigazete.gov.tr/ilanlar/eskiilanlar/2023/05/20230520.htm&main=http://www.resmigazete.gov.tr/ilanlar/eskiilanlar/2023/05/20230520-2.htm
2023-05-20,"b - Artırma, Eksiltme ve İhale İlânları",http://www.resmigazete.gov.tr/main.aspx?home=http://www.resmigazete.gov.tr/ilanlar/eskiilanlar/2023/05/20230520.htm&main=http://www.resmigazete.gov.tr/ilanlar/eskiilanlar/2023/05/20230520-3.htm
2023-05-20,c - Çeşitli İlânlar,http://www.resmigazete.gov.tr/main.aspx?home=http://www.resmigazete.gov.tr/ilanlar/eskiilanlar/2023/05/20230520.htm&main=http://www.resmigazete.gov.tr/ilanlar/eskiilanlar/2023/05/20230520-4.htm
2023-05-20,– T.C. Merkez Bankasınca Belirlenen Devlet İç Borçlanma Senetlerinin Günlük Değerleri,http://www.resmigazete.gov.tr/main.aspx?home=http://www.resmigazete.gov.tr/ilanlar/eskiilanlar/2023/05/20230520.htm&main=http://www.resmigazete.gov.tr/ilanlar/eskiilanlar/2023/05/20230520-5.htm
2023-05-21,–– Yalova Üniversitesi Önlisans Eğitim ve Öğretim Yönetmeliğinde Değişiklik Yapılmasına Dair Yönetmelik,https://www.resmigazete.gov.tr/eskiler/2023/05/20230521-1.htm
2023-05-21,"–– Enerji Piyasası Düzenleme Kurulunun 18/05/2023 Tarihli ve 11853, 11855 ve 11856 Sayılı Kararları",https://www.resmigazete.gov.tr/eskiler/2023/05/20230521-2.pdf
2023-05-21,"- Artırma, Eksiltme ve İhale İlânları",http://www.resmigazete.gov.tr/main.aspx?home=http://www.resmigazete.gov.tr/ilanlar/eskiilanlar/2023/05/20230521.htm&main=http://www.resmigazete.gov.tr/ilanlar/eskiilanlar/2023/05/20230521-3.htm
2023-05-21,- Çeşitli İlân,http://www.resmigazete.gov.tr/main.aspx?home=http://www.resmigazete.gov.tr/ilanlar/eskiilanlar/2023/05/20230521.htm&main=http://www.resmigazete.gov.tr/ilanlar/eskiilanlar/2023/05/20230521-4.htm
2023-05-21,– T.C. Merkez Bankasınca Belirlenen Devlet İç Borçlanma Senetlerinin Günlük Değerleri,http://www.resmigazete.gov.tr/main.aspx?home=http://www.resmigazete.gov.tr/ilanlar/eskiilanlar/2023/05/20230521.htm&main=http://www.resmigazete.gov.tr/ilanlar/eskiilanlar/2023/05/20230521-5.htm
2023-05-22,–– Yalova Üniversitesi Lisans Eğitim ve Öğretim Yönetmeliğinde Değişiklik Yapılmasına Dair Yönetmelik,https://www.resmigazete.gov.tr/eskiler/2023/05/20230522-1.htm
2023-05-22,a - Yargı İlânları,http://www.resmigazete.gov.tr/main.aspx?home=http://www.resmigazete.gov.tr/ilanlar/eskiilanlar/2023/05/20230522.htm&main=http://www.resmigazete.gov.tr/ilanlar/eskiilanlar/2023/05/20230522-2.htm
2023-05-22,"b - Artırma, Eksiltme ve İhale İlânları",http://www.resmigazete.gov.tr/main.aspx?home=http://www.resmigazete.gov.tr/ilanlar/eskiilanlar/2023/05/20230522.htm&main=http://www.resmigazete.gov.tr/ilanlar/eskiilanlar/2023/05/20230522-3.htm
2023-05-22,c - Çeşitli İlânlar,http://www.resmigazete.gov.tr/main.aspx?home=http://www.resmigazete.gov.tr/ilanlar/eskiilanlar/2023/05/20230522.htm&main=http://www.resmigazete.gov.tr/ilanlar/eskiilanlar/2023/05/20230522-4.htm
2023-05-22,– T.C. Merkez Bankasınca Belirlenen Devlet İç Borçlanma Senetlerinin Günlük Değerleri,http://www.resmigazete.gov.tr/main.aspx?home=http://www.resmigazete.gov.tr/ilanlar/eskiilanlar/2023/05/20230522.htm&main=http://www.resmigazete.gov.tr/ilanlar/eskiilanlar/2023/05/20230522-5.htm
2023-05-23,–– Abant İzzet Baysal Üniversitesi Öğrenci Yurtları Yönetmeliğinin Yürürlükten Kaldırılmasına Dair Yönetmelik,https://www.resmigazete.gov.tr/eskiler/2023/05/20230523-1.htm
2023-05-23,–– Anayasa Mahkemesinin 15/2/2023 Tarihli ve 2019/23977 Başvuru Numaralı Kararı,https://www.resmigazete.gov.tr/eskiler/2023/05/20230523-3.pdf
2023-05-23,–– Anayasa Mahkemesinin 8/3/2023 Tarihli ve 2020/16168 Başvuru Numaralı Kararı,https://www.resmigazete.gov.tr/eskiler/2023/05/20230523-4.pdf
2023-05-23,–– Anayasa Mahkemesinin 23/3/2023 Tarihli ve 2019/430 Başvuru Numaralı Kararı,https://www.resmigazete.gov.tr/eskiler/2023/05/20230523-5.pdf
2023-05-23,–– Yargıtay 3. Hukuk Dairesine Ait Karar,https://www.resmigazete.gov.tr/eskiler/2023/05/20230523-2.pdf
2023-05-23,a - Yargı İlânları,http://www.resmigazete.gov.tr/main.aspx?home=http://www.resmigazete.gov.tr/ilanlar/eskiilanlar/2023/05/20230523.htm&main=http://www.resmigazete.gov.tr/ilanlar/eskiilanlar/2023/05/20230523-2.htm
2023-05-23,"b - Artırma, Eksiltme ve İhale İlânları",http://www.resmigazete.gov.tr/main.aspx?home=http://www.resmigazete.gov.tr/ilanlar/eskiilanlar/2023/05/20230523.htm&main=http://www.resmigazete.gov.tr/ilanlar/eskiilanlar/2023/05/20230523-3.htm
2023-05-23,c - Çeşitli İlânlar,http://www.resmigazete.gov.tr/main.aspx?home=http://www.resmigazete.gov.tr/ilanlar/eskiilanlar/2023/05/20230523.htm&main=http://www.resmigazete.gov.tr/ilanlar/eskiilanlar/2023/05/20230523-4.htm
2023-05-23,– T.C. Merkez Bankasınca Belirlenen Döviz Kurları ve Devlet İç Borçlanma Senetlerinin Günlük Değerleri,http://www.resmigazete.gov.tr/main.aspx?home=http://www.resmigazete.gov.tr/ilanlar/eskiilanlar/2023/05/20230523.htm&main=http://www.resmigazete.gov.tr/ilanlar/eskiilanlar/2023/05/20230523-5.htm
2023-05-24,–– Ücretsiz Seyahat Kapsamında Yapılacak Gelir Desteği Ödemesine İlişkin Usul ve Esaslar Hakkında Yönetmelikte Değişiklik Yapılmasına Dair Yönetmelik,https://www.resmigazete.gov.tr/eskiler/2023/05/20230524-1.htm
2023-05-24,"–– Anayasa Mahkemesinin 16/2/2023 Tarihli ve E: 2021/92, K: 2023/27 Sayılı Kararı",https://www.resmigazete.gov.tr/eskiler/2023/05/20230524-2.pdf
2023-05-24,"–– Anayasa Mahkemesinin 5/4/2023 Tarihli ve E: 2023/44, K: 2023/71 Sayılı Kararı",https://www.resmigazete.gov.tr/eskiler/2023/05/20230524-6.pdf
2023-05-24,–– Anayasa Mahkemesinin 27/10/2022 Tarihli ve 2018/466 Başvuru Numaralı Kararı,https://www.resmigazete.gov.tr/eskiler/2023/05/20230524-3.pdf
2023-05-24,–– Anayasa Mahkemesinin 12/4/2023 Tarihli ve 2018/5640 Başvuru Numaralı Kararı,https://www.resmigazete.gov.tr/eskiler/2023/05/20230524-4.pdf
2023-05-24,–– Anayasa Mahkemesinin 12/4/2023 Tarihli ve 2019/6722 Başvuru Numaralı Kararı,https://www.resmigazete.gov.tr/eskiler/2023/05/20230524-5.pdf
2023-05-24,a - Yargı İlânları,http://www.resmigazete.gov.tr/main.aspx?home=http://www.resmigazete.gov.tr/ilanlar/eskiilanlar/2023/05/20230524.htm&main=http://www.resmigazete.gov.tr/ilanlar/eskiilanlar/2023/05/20230524-2.htm
2023-05-24,"b - Artırma, Eksiltme ve İhale İlânları",http://www.resmigazete.gov.tr/main.aspx?home=http://www.resmigazete.gov.tr/ilanlar/eskiilanlar/2023/05/20230524.htm&main=http://www.resmigazete.gov.tr/ilanlar/eskiilanlar/2023/05/20230524-3.htm
2023-05-24,c - Çeşitli İlânlar,http://www.resmigazete.gov.tr/main.aspx?home=http://www.resmigazete.gov.tr/ilanlar/eskiilanlar/2023/05/20230524.htm&main=http://www.resmigazete.gov.tr/ilanlar/eskiilanlar/2023/05/20230524-4.htm
2023-05-24,– T.C. Merkez Bankasınca Belirlenen Döviz Kurları ve Devlet İç Borçlanma Senetlerinin Günlük Değerleri,http://www.resmigazete.gov.tr/main.aspx?home=http://www.resmigazete.gov.tr/ilanlar/eskiilanlar/2023/05/20230524.htm&main=http://www.resmigazete.gov.tr/ilanlar/eskiilanlar/2023/05/20230524-5.htm
2023-05-25,–– Küçük ve Orta Büyüklükteki İşletmeler Yönetmeliği (Karar Sayısı: 7297),https://www.resmigazete.gov.tr/eskiler/2023/05/20230525-6.pdf
2023-05-25,–– Bankalarca Kullanılacak Uzaktan Kimlik Tespiti Yöntemlerine ve Elektronik Ortamda Sözleşme İlişkisinin Kurulmasına İlişkin Yönetmelikte Değişiklik Yapılmasına Dair Yönetmelik,https://www.resmigazete.gov.tr/eskiler/2023/05/20230525-1.htm
2023-05-25,–– 2023 Yılı Kurban Hizmetlerinin Uygulanmasına Dair Tebliğ,https://www.resmigazete.gov.tr/eskiler/2023/05/20230525-7.pdf
2023-05-25,–– Olağanüstü Hal Kapsamında Enerji Tüketim Bedellerinin Terkinine İlişkin Usul ve Esaslar Hakkında Tebliğ,https://www.resmigazete.gov.tr/eskiler/2023/05/20230525-2.htm
2023-05-25,–– Depremden Zarar Gören İllerde Deniz ve İçsularda Avcılık Yapan Balıkçıların Desteklenmesi Hakkında Tebliğ (No: 2023/30),https://www.resmigazete.gov.tr/eskiler/2023/05/20230525-3.htm
2023-05-25,–– Anayasa Mahkemesinin 23/2/2023 Tarihli ve 2020/20854 Başvuru Numaralı Kararı,https://www.resmigazete.gov.tr/eskiler/2023/05/20230525-5.pdf
2023-05-25,"–– Danıştay İçtihatları Birleştirme Kurulu Kararı (E: 2021/4, K: 2023/1)",https://www.resmigazete.gov.tr/eskiler/2023/05/20230525-4.pdf
2023-05-25,a - Yargı İlânları,http://www.resmigazete.gov.tr/main.aspx?home=http://www.resmigazete.gov.tr/ilanlar/eskiilanlar/2023/05/20230525.htm&main=http://www.resmigazete.gov.tr/ilanlar/eskiilanlar/2023/05/20230525-2.htm
2023-05-25,"b - Artırma, Eksiltme ve İhale İlânları",http://www.resmigazete.gov.tr/main.aspx?home=http://www.resmigazete.gov.tr/ilanlar/eskiilanlar/2023/05/20230525.htm&main=http://www.resmigazete.gov.tr/ilanlar/eskiilanlar/2023/05/20230525-3.htm
2023-05-25,c - Çeşitli İlânlar,http://www.resmigazete.gov.tr/main.aspx?home=http://www.resmigazete.gov.tr/ilanlar/eskiilanlar/2023/05/20230525.htm&main=http://www.resmigazete.gov.tr/ilanlar/eskiilanlar/2023/05/20230525-4.htm
2023-05-25,– T.C. Merkez Bankasınca Belirlenen Döviz Kurları ve Devlet İç Borçlanma Senetlerinin Günlük Değerleri,http://www.resmigazete.gov.tr/main.aspx?home=http://www.resmigazete.gov.tr/ilanlar/eskiilanlar/2023/05/20230525.htm&main=http://www.resmigazete.gov.tr/ilanlar/eskiilanlar/2023/05/20230525-5.htm
2023-05-26,–– 7440 Sayılı Bazı Alacakların Yeniden Yapılandırılması ile Bazı Kanunlarda Değişiklik Yapılmasına Dair Kanunda Yer Alan Başvuru ve İlk Taksit Ödeme Sürelerinin Uzatılması Hakkında Karar (Karar Sayısı: 7300),https://www.resmigazete.gov.tr/eskiler/2023/05/20230526-1.pdf
2023-05-26,–– Evde Bakım Yardımı Yönetmeliği,https://www.resmigazete.gov.tr/eskiler/2023/05/20230526-2.htm
2023-05-26,"–– Uludağ Alan Komisyonunun Kuruluşu, Görevleri, Çalışma Usul ve Esasları Hakkında Yönetmelik",https://www.resmigazete.gov.tr/eskiler/2023/05/20230526-2-1.htm
2023-05-26,–– Sağlıkta Kalitenin Geliştirilmesi ve Değerlendirilmesine Dair Yönetmelikte Değişiklik Yapılmasına Dair Yönetmelik,https://www.resmigazete.gov.tr/eskiler/2023/05/20230526-3.htm
2023-05-26,–– Bankaların Net İstikrarlı Fonlama Oranı Hesaplamasına İlişkin Yönetmelik,https://www.resmigazete.gov.tr/eskiler/2023/05/20230526-4.htm
2023-05-26,–– Sigorta ve Reasürans ile Emeklilik Şirketlerinin Sermaye Yeterliliklerinin Ölçülmesine ve Değerlendirilmesine İlişkin Yönetmelikte Değişiklik Yapılmasına Dair Yönetmelik,https://www.resmigazete.gov.tr/eskiler/2023/05/20230526-5.htm
2023-05-26,–– Sağlık Hizmet Sunumu Kapsamında Kullanılan Tıbbi Cihazların Teknik Servis Hizmetlerine Dair Yönetmelik,https://www.resmigazete.gov.tr/eskiler/2023/05/20230526-8.htm
2023-05-26,"–– Tıbbi Cihaz Satış, Reklam ve Tanıtım Yönetmeliğinde Değişiklik Yapılmasına Dair Yönetmelik",https://www.resmigazete.gov.tr/eskiler/2023/05/20230526-9.htm
2023-05-26,–– Bankalarca Kamuya Açıklanacak Finansal Tablolar ile Bunlara İlişkin Açıklama ve Dipnotlar Hakkında Tebliğde Değişiklik Yapılmasına Dair Tebliğ,https://www.resmigazete.gov.tr/eskiler/2023/05/20230526-6.htm
2023-05-26,–– Yargıtay 2. Hukuk Dairesine Ait Kararlar,https://www.resmigazete.gov.tr/eskiler/2023/05/20230526-7.pdf
2023-05-26,a - Yargı İlânları,http://www.resmigazete.gov.tr/main.aspx?home=http://www.resmigazete.gov.tr/ilanlar/eskiilanlar/2023/05/20230526.htm&main=http://www.resmigazete.gov.tr/ilanlar/eskiilanlar/2023/05/20230526-2.htm
2023-05-26,"b - Artırma, Eksiltme ve İhale İlânları",http://www.resmigazete.gov.tr/main.aspx?home=http://www.resmigazete.gov.tr/ilanlar/eskiilanlar/2023/05/20230526.htm&main=http://www.resmigazete.gov.tr/ilanlar/eskiilanlar/2023/05/20230526-3.htm
2023-05-26,c - Çeşitli İlânlar,http://www.resmigazete.gov.tr/main.aspx?home=http://www.resmigazete.gov.tr/ilanlar/eskiilanlar/2023/05/20230526.htm&main=http://www.resmigazete.gov.tr/ilanlar/eskiilanlar/2023/05/20230526-4.htm
2023-05-26,– T.C. Merkez Bankasınca Belirlenen Döviz Kurları ve Devlet İç Borçlanma Senetlerinin Günlük Değerleri,http://www.resmigazete.gov.tr/main.aspx?home=http://www.resmigazete.gov.tr/ilanlar/eskiilanlar/2023/05/20230526.htm&main=http://www.resmigazete.gov.tr/ilanlar/eskiilanlar/2023/05/20230526-5.htm
2023-05-27,–– Mali Suçları Araştırma Kurulu Başkanlığı Elektronik Tebligat Sistemine İlişkin Usul ve Esaslar Hakkında Yönetmelikte Değişiklik Yapılmasına Dair Yönetmelik,https://www.resmigazete.gov.tr/eskiler/2023/05/20230527-11.htm
2023-05-27,–– Suç Gelirlerinin Aklanmasının ve Terörün Finansmanının Önlenmesine İlişkin Yükümlülüklere Uyum Programı Hakkında Yönetmelikte Değişiklik Yapılmasına Dair Yönetmelik,https://www.resmigazete.gov.tr/eskiler/2023/05/20230527-1.htm
2023-05-27,–– Üremeye Yardımcı Tedavi Uygulamaları ve Üremeye Yardımcı Tedavi Merkezleri Hakkında Yönetmelikte Değişiklik Yapılmasına Dair Yönetmelik,https://www.resmigazete.gov.tr/eskiler/2023/05/20230527-2.htm
2023-05-27,–– Doğal Gaz Piyasası Tarifeler Yönetmeliğinde Değişiklik Yapılmasına İlişkin Yönetmelik,https://www.resmigazete.gov.tr/eskiler/2023/05/20230527-3.htm
2023-05-27,–– Yurtdışı Türkler ve Akraba Topluluklar Başkanlığında Çalıştırılacak Yerli Sözleşmeli Personel Hakkında Yönetmeliğin Yürürlükten Kaldırılmasına Dair Yönetmelik,https://www.resmigazete.gov.tr/eskiler/2023/05/20230527-4.htm
2023-05-27,–– Beşeri Tıbbi Ürünlerin Klinik Araştırmaları Hakkında Yönetmelik,https://www.resmigazete.gov.tr/eskiler/2023/05/20230527-5.htm
2023-05-27,–– Beşeri Tıbbi Ürünler Ruhsatlandırma Yönetmeliğinde Değişiklik Yapılmasına Dair Yönetmelik,https://www.resmigazete.gov.tr/eskiler/2023/05/20230527-12.htm
2023-05-27,–– Eczacılar ve Eczaneler Hakkında Yönetmelikte Değişiklik Yapılmasına Dair Yönetmelik,https://www.resmigazete.gov.tr/eskiler/2023/05/20230527-6.htm
2023-05-27,–– İleri Tedavi Tıbbi Ürünler Ruhsatlandırma Yönetmeliği,https://www.resmigazete.gov.tr/eskiler/2023/05/20230527-7.htm
2023-05-27,"–– Vakıf Yükseköğretim Kurumlarında Teminat Hesabının Açılması, İşletilmesi, İzlenmesi ve Denetimi Hakkında Yönetmelikte Değişiklik Yapılmasına Dair Yönetmelik",https://www.resmigazete.gov.tr/eskiler/2023/05/20230527-8.htm
2023-05-27,–– Enerji Piyasası Düzenleme Kurulunun 25/05/2023 Tarihli ve 11866 Sayılı Kararı,https://www.resmigazete.gov.tr/eskiler/2023/05/20230527-9.pdf
2023-05-27,–– İdare Mahkemelerinin Kurulmasına İlişkin Karar,https://www.resmigazete.gov.tr/eskiler/2023/05/20230527-10.pdf
2023-05-27,a - Yargı İlânları,http://www.resmigazete.gov.tr/main.aspx?home=http://www.resmigazete.gov.tr/ilanlar/eskiilanlar/2023/05/20230527.htm&main=http://www.resmigazete.gov.tr/ilanlar/eskiilanlar/2023/05/20230527-2.htm
2023-05-27,"b - Artırma, Eksiltme ve İhale İlânları",http://www.resmigazete.gov.tr/main.aspx?home=http://www.resmigazete.gov.tr/ilanlar/eskiilanlar/2023/05/20230527.htm&main=http://www.resmigazete.gov.tr/ilanlar/eskiilanlar/2023/05/20230527-3.htm
2023-05-27,c - Çeşitli İlânlar,http://www.resmigazete.gov.tr/main.aspx?home=http://www.resmigazete.gov.tr/ilanlar/eskiilanlar/2023/05/20230527.htm&main=http://www.resmigazete.gov.tr/ilanlar/eskiilanlar/2023/05/20230527-4.htm
2023-05-27,– T.C. Merkez Bankasınca Belirlenen Döviz Kurları ve Devlet İç Borçlanma Senetlerinin Günlük Değerleri,http://www.resmigazete.gov.tr/main.aspx?home=http://www.resmigazete.gov.tr/ilanlar/eskiilanlar/2023/05/20230527.htm&main=http://www.resmigazete.gov.tr/ilanlar/eskiilanlar/2023/05/20230527-5.htm
2023-05-28,"–– Anadolu Üniversitesi Açıköğretim, İktisat ve İşletme Fakülteleri Yaz Okulu Yönetmeliğinde Değişiklik Yapılmasına Dair Yönetmelik",https://www.resmigazete.gov.tr/eskiler/2023/05/20230528-1.htm
2023-05-28,–– Bilecik Şeyh Edebali Üniversitesi Lisansüstü Eğitim-Öğretim ve Sınav Yönetmeliğinde Değişiklik Yapılmasına Dair Yönetmelik,https://www.resmigazete.gov.tr/eskiler/2023/05/20230528-2.htm
2023-05-28,a - Yargı İlânları,http://www.resmigazete.gov.tr/main.aspx?home=http://www.resmigazete.gov.tr/ilanlar/eskiilanlar/2023/05/20230528.htm&main=http://www.resmigazete.gov.tr/ilanlar/eskiilanlar/2023/05/20230528-2.htm
2023-05-28,"b - Artırma, Eksiltme ve İhale İlânları",http://www.resmigazete.gov.tr/main.aspx?home=http://www.resmigazete.gov.tr/ilanlar/eskiilanlar/2023/05/20230528.htm&main=http://www.resmigazete.gov.tr/ilanlar/eskiilanlar/2023/05/20230528-3.htm
2023-05-28,c - Çeşitli İlânlar,http://www.resmigazete.gov.tr/main.aspx?home=http://www.resmigazete.gov.tr/ilanlar/eskiilanlar/2023/05/20230528.htm&main=http://www.resmigazete.gov.tr/ilanlar/eskiilanlar/2023/05/20230528-4.htm
2023-05-28,– T.C. Merkez Bankasınca Belirlenen Devlet İç Borçlanma Senetlerinin Günlük Değerleri,http://www.resmigazete.gov.tr/main.aspx?home=http://www.resmigazete.gov.tr/ilanlar/eskiilanlar/2023/05/20230528.htm&main=http://www.resmigazete.gov.tr/ilanlar/eskiilanlar/2023/05/20230528-5.htm
2023-05-29,–– Ankara Üniversitesi Ön Lisans ve Lisans Eğitim-Öğretim Yönetmeliğinde Değişiklik Yapılmasına Dair Yönetmelik,https://www.resmigazete.gov.tr/eskiler/2023/05/20230529-1.htm
2023-05-29,–– İthalatta Gözetim Uygulanmasına İlişkin Tebliğ (No: 2023/8),https://www.resmigazete.gov.tr/eskiler/2023/05/20230529-2.htm
2023-05-29,–– İthalatta Gözetim Uygulanmasına İlişkin Tebliğ (Tebliğ No: 2023/7)'de Değişiklik Yapılmasına Dair Tebliğ,https://www.resmigazete.gov.tr/eskiler/2023/05/20230529-3.htm
2023-05-29,–– İthalatta Gözetim Uygulanmasına İlişkin Tebliğ (Tebliğ No: 2017/9)'de Değişiklik Yapılmasına Dair Tebliğ,https://www.resmigazete.gov.tr/eskiler/2023/05/20230529-4.htm
2023-05-29,a - Yargı İlânları,http://www.resmigazete.gov.tr/main.aspx?home=http://www.resmigazete.gov.tr/ilanlar/eskiilanlar/2023/05/20230529.htm&main=http://www.resmigazete.gov.tr/ilanlar/eskiilanlar/2023/05/20230529-2.htm
2023-05-29,"b - Artırma, Eksiltme ve İhale İlânları",http://www.resmigazete.gov.tr/main.aspx?home=http://www.resmigazete.gov.tr/ilanlar/eskiilanlar/2023/05/20230529.htm&main=http://www.resmigazete.gov.tr/ilanlar/eskiilanlar/2023/05/20230529-3.htm
2023-05-29,c - Çeşitli İlânlar,http://www.resmigazete.gov.tr/main.aspx?home=http://www.resmigazete.gov.tr/ilanlar/eskiilanlar/2023/05/20230529.htm&main=http://www.resmigazete.gov.tr/ilanlar/eskiilanlar/2023/05/20230529-4.htm
2023-05-29,– T.C. Merkez Bankasınca Belirlenen Devlet İç Borçlanma Senetlerinin Günlük Değerleri,http://www.resmigazete.gov.tr/main.aspx?home=http://www.resmigazete.gov.tr/ilanlar/eskiilanlar/2023/05/20230529.htm&main=http://www.resmigazete.gov.tr/ilanlar/eskiilanlar/2023/05/20230529-5.htm
2023-05-30,–– Eskişehir Osmangazi Üniversitesi Kütüphane ve Dokümantasyon Merkezi Yönetmeliğinin Yürürlükten Kaldırılmasına Dair Yönetmelik,https://www.resmigazete.gov.tr/eskiler/2023/05/20230530-1.htm
2023-05-30,–– İstanbul Arel Üniversitesi Lisansüstü Eğitim-Öğretim ve Sınav Yönetmeliğinde Değişiklik Yapılmasına Dair Yönetmelik,https://www.resmigazete.gov.tr/eskiler/2023/05/20230530-2.htm
2023-05-30,–– Anayasa Mahkemesinin 23/2/2023 Tarihli ve 2019/7991 Başvuru Numaralı Kararı,https://www.resmigazete.gov.tr/eskiler/2023/05/20230530-3.pdf
2023-05-30,–– Anayasa Mahkemesinin 23/2/2023 Tarihli ve 2021/17663 Başvuru Numaralı Kararı,https://www.resmigazete.gov.tr/eskiler/2023/05/20230530-4.pdf
2023-05-30,–– Anayasa Mahkemesinin 23/2/2023 Tarihli ve 2021/33759 Başvuru Numaralı Kararı,https://www.resmigazete.gov.tr/eskiler/2023/05/20230530-5.pdf
2023-05-30,a - Yargı İlânları,http://www.resmigazete.gov.tr/main.aspx?home=http://www.resmigazete.gov.tr/ilanlar/eskiilanlar/2023/05/20230530.htm&main=http://www.resmigazete.gov.tr/ilanlar/eskiilanlar/2023/05/20230530-2.htm
2023-05-30,"b - Artırma, Eksiltme ve İhale İlânları",http://www.resmigazete.gov.tr/main.aspx?home=http://www.resmigazete.gov.tr/ilanlar/eskiilanlar/2023/05/20230530.htm&main=http://www.resmigazete.gov.tr/ilanlar/eskiilanlar/2023/05/20230530-3.htm
2023-05-30,c - Çeşitli İlânlar,http://www.resmigazete.gov.tr/main.aspx?home=http://www.resmigazete.gov.tr/ilanlar/eskiilanlar/2023/05/20230530.htm&main=http://www.resmigazete.gov.tr/ilanlar/eskiilanlar/2023/05/20230530-4.htm
2023-05-30,– T.C. Merkez Bankasınca Belirlenen Döviz Kurları ve Devlet İç Borçlanma Senetlerinin Günlük Değerleri,http://www.resmigazete.gov.tr/main.aspx?home=http://www.resmigazete.gov.tr/ilanlar/eskiilanlar/2023/05/20230530.htm&main=http://www.resmigazete.gov.tr/ilanlar/eskiilanlar/2023/05/20230530-5.htm
2023-05-30,"30/5/2023 tarihli ve 32206 mükerrer sayılı Resmî Gazete’de, Yüksek Seçim Kurulu Kararı yayımlanmıştır.",http://www.resmigazete.gov.tr/eskiler/2023/05/20230530M1.htm
2023-05-31,–– Diyanet Akademisi Görev ve Çalışma Yönetmeliği,https://www.resmigazete.gov.tr/eskiler/2023/05/20230531-1.pdf
2023-05-31,–– Diyanet Akademisi Mesleki Eğitim Yönetmeliği,https://www.resmigazete.gov.tr/eskiler/2023/05/20230531-2.pdf
2023-05-31,–– Diyanet Akademisi Hizmet İçi Eğitim Yönetmeliği,https://www.resmigazete.gov.tr/eskiler/2023/05/20230531-3.pdf
2023-05-31,–– Diyanet Akademisi Aday Din Görevlileri Disiplin Yönetmeliği,https://www.resmigazete.gov.tr/eskiler/2023/05/20230531-4.pdf
2023-05-31,–– Diyanet Akademisi Aday Din Görevlileri İstihkak Yönetmeliği,https://www.resmigazete.gov.tr/eskiler/2023/05/20230531-5.pdf
2023-05-31,–– Necmettin Erbakan Üniversitesi KONÜDAM Deneysel Tıp Uygulama ve Araştırma Merkezi Yönetmeliği,https://www.resmigazete.gov.tr/eskiler/2023/05/20230531-6.htm
2023-05-31,–– Anayasa Mahkemesinin 16/3/2023 Tarihli ve 2019/24350 Başvuru Numaralı Kararı,https://www.resmigazete.gov.tr/eskiler/2023/05/20230531-7.pdf
2023-05-31,a - Yargı İlânları,http://www.resmigazete.gov.tr/main.aspx?home=http://www.resmigazete.gov.tr/ilanlar/eskiilanlar/2023/05/20230531.htm&main=http://www.resmigazete.gov.tr/ilanlar/eskiilanlar/2023/05/20230531-2.htm
2023-05-31,"b - Artırma, Eksiltme ve İhale İlânları",http://www.resmigazete.gov.tr/main.aspx?home=http://www.resmigazete.gov.tr/ilanlar/eskiilanlar/2023/05/20230531.htm&main=http://www.resmigazete.gov.tr/ilanlar/eskiilanlar/2023/05/20230531-3.htm
2023-05-31,c - Çeşitli İlânlar,http://www.resmigazete.gov.tr/main.aspx?home=http://www.resmigazete.gov.tr/ilanlar/eskiilanlar/2023/05/20230531.htm&main=http://www.resmigazete.gov.tr/ilanlar/eskiilanlar/2023/05/20230531-4.htm
2023-05-31,– T.C. Merkez Bankasınca Belirlenen Döviz Kurları ve Devlet İç Borçlanma Senetlerinin Günlük Değerleri,http://www.resmigazete.gov.tr/main.aspx?home=http://www.resmigazete.gov.tr/ilanlar/eskiilanlar/2023/05/20230531.htm&main=http://www.resmigazete.gov.tr/ilanlar/eskiilanlar/2023/05/20230531-5.htm
2023-06-01,–– Türkiye İhracatçılar Meclisi ve İhracatçı Birlikleri İnsan Kaynakları Sınav Yönetmeliğinde Değişiklik Yapılmasına Dair Yönetmelik,https://www.resmigazete.gov.tr/eskiler/2023/06/20230601-1.htm
2023-06-01,–– Türkiye İhracatçılar Meclisi ve İhracatçı Birlikleri İnsan Kaynakları Yönetmeliğinde Değişiklik Yapılmasına Dair Yönetmelik,https://www.resmigazete.gov.tr/eskiler/2023/06/20230601-2.htm
2023-06-01,–– Türkiye İhracatçılar Meclisi ile İhracatçı Birliklerinin Kuruluş ve Görevleri Hakkında Yönetmelikte Değişiklik Yapılmasına Dair Yönetmelik,https://www.resmigazete.gov.tr/eskiler/2023/06/20230601-3.htm
2023-06-01,–– Türkiye Bankalar Birliği Risk Merkezi Üyelerinin Müşterilerinin Risk Merkezi Nezdindeki Bilgilerinin Kendilerine ya da Onay Vermeleri Koşuluyla Belirledikleri Gerçek veya Tüzel Kişilere Verilmesine İlişkin Esas ve Usuller Hakkında Yönetmelikte Değişiklik Yapılmasına Dair Yönetmelik,https://www.resmigazete.gov.tr/eskiler/2023/06/20230601-4.htm
2023-06-01,–– Beşeri Tıbbi Ürünlerin Piyasa Kontrolü Yönetmeliği,https://www.resmigazete.gov.tr/eskiler/2023/06/20230601-5.htm
2023-06-01,–– Ecza Ticarethaneleri ve Ecza Ticarethanelerinde Bulundurulan Ürünler Hakkında Yönetmelikte Değişiklik Yapılmasına Dair Yönetmelik,https://www.resmigazete.gov.tr/eskiler/2023/06/20230601-6.htm
2023-06-01,–– Ulusal Seri Serbest Bırakma Yönetmeliği,https://www.resmigazete.gov.tr/eskiler/2023/06/20230601-7.htm
2023-06-01,–– Piri Reis Üniversitesi Lisansüstü Eğitim ve Öğretim Yönetmeliğinde Değişiklik Yapılmasına Dair Yönetmelik,https://www.resmigazete.gov.tr/eskiler/2023/06/20230601-8.htm
2023-06-01,–– İthalatta Haksız Rekabetin Önlenmesine İlişkin Tebliğ (No: 2023/20),https://www.resmigazete.gov.tr/eskiler/2023/06/20230601-9.htm
2023-06-01,"–– Anayasa Mahkemesinin 22/3/2023 Tarihli ve E: 2020/59, K: 2023/53 Sayılı Kararı",https://www.resmigazete.gov.tr/eskiler/2023/06/20230601-10.pdf
2023-06-01,"–– Anayasa Mahkemesinin 5/4/2023 Tarihli ve E: 2022/71, K: 2023/65 Sayılı Kararı",https://www.resmigazete.gov.tr/eskiler/2023/06/20230601-11.pdf
2023-06-01,"–– Anayasa Mahkemesinin 5/4/2023 Tarihli ve E: 2019/39, K: 2023/67 Sayılı Kararı",https://www.resmigazete.gov.tr/eskiler/2023/06/20230601-12.pdf
2023-06-01,–– Anayasa Mahkemesinin 30/3/2023 Tarihli ve 2020/4999 Başvuru Numaralı Kararı,https://www.resmigazete.gov.tr/eskiler/2023/06/20230601-13.pdf
2023-06-01,–– Anayasa Mahkemesinin 30/3/2023 Tarihli ve 2020/33373 Başvuru Numaralı Kararı,https://www.resmigazete.gov.tr/eskiler/2023/06/20230601-14.pdf
2023-06-01,"a - Artırma, Eksiltme ve İhale İlânları",http://www.resmigazete.gov.tr/main.aspx?home=http://www.resmigazete.gov.tr/ilanlar/eskiilanlar/2023/06/20230601.htm&main=http://www.resmigazete.gov.tr/ilanlar/eskiilanlar/2023/06/20230601-3.htm
2023-06-01,- Çeşitli İlânlar,http://www.resmigazete.gov.tr/main.aspx?home=http://www.resmigazete.gov.tr/ilanlar/eskiilanlar/2023/06/20230601.htm&main=http://www.resmigazete.gov.tr/ilanlar/eskiilanlar/2023/06/20230601-4.htm
2023-06-01,– T.C. Merkez Bankasınca Belirlenen Döviz Kurları ve Devlet İç Borçlanma Senetlerinin Günlük Değerleri,http://www.resmigazete.gov.tr/main.aspx?home=http://www.resmigazete.gov.tr/ilanlar/eskiilanlar/2023/06/20230601.htm&main=http://www.resmigazete.gov.tr/ilanlar/eskiilanlar/2023/06/20230601-5.htm
2023-06-01,"1/6/2023 tarihli ve 32208 mükerrer sayılı Resmî Gazete’de, Yüksek Seçim Kurulu Kararı yayımlanmıştır.",http://www.resmigazete.gov.tr/eskiler/2023/06/20230601M1.htm
2023-06-02,–– Evde Sağlık Hizmeti Sunumu Hakkında Yönetmelik,https://www.resmigazete.gov.tr/eskiler/2023/06/20230602-1.htm
2023-06-02,–– İstanbul Gedik Üniversitesi Lisansüstü Eğitim ve Öğretim Yönetmeliğinde Değişiklik Yapılmasına Dair Yönetmelik,https://www.resmigazete.gov.tr/eskiler/2023/06/20230602-2.htm
2023-06-02,"–– Anayasa Mahkemesinin 30/11/2022 Tarihli ve E: 2020/4, K: 2022/147 Sayılı Kararı",https://www.resmigazete.gov.tr/eskiler/2023/06/20230602-3.pdf
2023-06-02,"–– Anayasa Mahkemesinin 13/12/2022 Tarihli ve E: 2020/28, K: 2022/156 Sayılı Kararı",https://www.resmigazete.gov.tr/eskiler/2023/06/20230602-4.pdf
2023-06-02,–– Anayasa Mahkemesinin 23/2/2023 Tarihli ve 2018/5126 Başvuru Numaralı Kararı,https://www.resmigazete.gov.tr/eskiler/2023/06/20230602-5.pdf
2023-06-02,–– Anayasa Mahkemesinin 23/2/2023 Tarihli ve 2018/13551 Başvuru Numaralı Kararı,https://www.resmigazete.gov.tr/eskiler/2023/06/20230602-6.pdf
2023-06-02,a - Yargı İlânları,http://www.resmigazete.gov.tr/main.aspx?home=http://www.resmigazete.gov.tr/ilanlar/eskiilanlar/2023/06/20230602.htm&main=http://www.resmigazete.gov.tr/ilanlar/eskiilanlar/2023/06/20230602-2.htm
2023-06-02,"b - Artırma, Eksiltme ve İhale İlânları",http://www.resmigazete.gov.tr/main.aspx?home=http://www.resmigazete.gov.tr/ilanlar/eskiilanlar/2023/06/20230602.htm&main=http://www.resmigazete.gov.tr/ilanlar/eskiilanlar/2023/06/20230602-3.htm
2023-06-02,c - Çeşitli İlânlar,http://www.resmigazete.gov.tr/main.aspx?home=http://www.resmigazete.gov.tr/ilanlar/eskiilanlar/2023/06/20230602.htm&main=http://www.resmigazete.gov.tr/ilanlar/eskiilanlar/2023/06/20230602-4.htm
2023-06-02,– T.C. Merkez Bankasınca Belirlenen Döviz Kurları ve Devlet İç Borçlanma Senetlerinin Günlük Değerleri,http://www.resmigazete.gov.tr/main.aspx?home=http://www.resmigazete.gov.tr/ilanlar/eskiilanlar/2023/06/20230602.htm&main=http://www.resmigazete.gov.tr/ilanlar/eskiilanlar/2023/06/20230602-5.htm
2023-06-03,–– Yurt Dışından İlaç Temini Yönetmeliğinde Değişiklik Yapılmasına Dair Yönetmelik,https://www.resmigazete.gov.tr/eskiler/2023/06/20230603-1.htm
2023-06-03,–– Kocaeli Sağlık ve Teknoloji Üniversitesi Ağız ve Diş Sağlığı Uygulama ve Araştırma Merkezi Yönetmeliği,https://www.resmigazete.gov.tr/eskiler/2023/06/20230603-2.htm
2023-06-03,–– Bankacılık Düzenleme ve Denetleme Kurulunun 01/06/2023 Tarihli ve 10620 Sayılı Kararı,https://www.resmigazete.gov.tr/eskiler/2023/06/20230603-3.pdf
2023-06-03,a - Yargı İlânları,http://www.resmigazete.gov.tr/main.aspx?home=http://www.resmigazete.gov.tr/ilanlar/eskiilanlar/2023/06/20230603.htm&main=http://www.resmigazete.gov.tr/ilanlar/eskiilanlar/2023/06/20230603-2.htm
2023-06-03,"b - Artırma, Eksiltme ve İhale İlânları",http://www.resmigazete.gov.tr/main.aspx?home=http://www.resmigazete.gov.tr/ilanlar/eskiilanlar/2023/06/20230603.htm&main=http://www.resmigazete.gov.tr/ilanlar/eskiilanlar/2023/06/20230603-3.htm
2023-06-03,c - Çeşitli İlânlar,http://www.resmigazete.gov.tr/main.aspx?home=http://www.resmigazete.gov.tr/ilanlar/eskiilanlar/2023/06/20230603.htm&main=http://www.resmigazete.gov.tr/ilanlar/eskiilanlar/2023/06/20230603-4.htm
2023-06-03,– T.C. Merkez Bankasınca Belirlenen Döviz Kurları ve Devlet İç Borçlanma Senetlerinin Günlük Değerleri,http://www.resmigazete.gov.tr/main.aspx?home=http://www.resmigazete.gov.tr/ilanlar/eskiilanlar/2023/06/20230603.htm&main=http://www.resmigazete.gov.tr/ilanlar/eskiilanlar/2023/06/20230603-5.htm
2023-06-04,–– Cumhurbaşkanlığı Tarafından Yapılan Atamalar Hakkında Karar (Karar: 2023/284),https://www.resmigazete.gov.tr/eskiler/2023/06/20230604-1.pdf
2023-06-04,–– Tekirdağ Namık Kemal Üniversitesi Tıp Fakültesi Lisans Eğitim ve Öğretim Yönetmeliğinde Değişiklik Yapılmasına Dair Yönetmelik,https://www.resmigazete.gov.tr/eskiler/2023/06/20230604-2.htm
2023-06-04,–– 2023 Yılı Nisan Ayına Ait Yatırım Teşvik Belgeleri Listesi,https://www.resmigazete.gov.tr/eskiler/2023/06/20230604-3.pdf
2023-06-04,–– 2023 Yılı Nisan Ayına Ait Tamamlama Vizesi Yapılan Yatırım Teşvik Belgeleri Listesi,https://www.resmigazete.gov.tr/eskiler/2023/06/20230604-4.pdf
2023-06-04,–– 2023 Yılı Nisan Ayına Ait İptal Edilen Yatırım Teşvik Belgeleri Listesi,https://www.resmigazete.gov.tr/eskiler/2023/06/20230604-5.pdf
2023-06-04,a - Yargı İlânları,http://www.resmigazete.gov.tr/main.aspx?home=http://www.resmigazete.gov.tr/ilanlar/eskiilanlar/2023/06/20230604.htm&main=http://www.resmigazete.gov.tr/ilanlar/eskiilanlar/2023/06/20230604-2.htm
2023-06-04,"b - Artırma, Eksiltme ve İhale İlânları",http://www.resmigazete.gov.tr/main.aspx?home=http://www.resmigazete.gov.tr/ilanlar/eskiilanlar/2023/06/20230604.htm&main=http://www.resmigazete.gov.tr/ilanlar/eskiilanlar/2023/06/20230604-3.htm
2023-06-04,c - Çeşitli İlânlar,http://www.resmigazete.gov.tr/main.aspx?home=http://www.resmigazete.gov.tr/ilanlar/eskiilanlar/2023/06/20230604.htm&main=http://www.resmigazete.gov.tr/ilanlar/eskiilanlar/2023/06/20230604-4.htm
2023-06-04,– T.C. Merkez Bankasınca Belirlenen Devlet İç Borçlanma Senetlerinin Günlük Değerleri,http://www.resmigazete.gov.tr/main.aspx?home=http://www.resmigazete.gov.tr/ilanlar/eskiilanlar/2023/06/20230604.htm&main=http://www.resmigazete.gov.tr/ilanlar/eskiilanlar/2023/06/20230604-5.htm
2023-06-05,–– Çağ Üniversitesi Ön Lisans ve Lisans Eğitim-Öğretim ve Sınav Yönetmeliğinde Değişiklik Yapılmasına Dair Yönetmelik,https://www.resmigazete.gov.tr/eskiler/2023/06/20230605-1.htm
2023-06-05,–– Eskişehir Teknik Üniversitesi Lisansüstü Eğitim Enstitüsü Eğitim-Öğretim ve Sınav Yönetmeliği,https://www.resmigazete.gov.tr/eskiler/2023/06/20230605-2.htm
2023-06-05,a - Yargı İlânları,http://www.resmigazete.gov.tr/main.aspx?home=http://www.resmigazete.gov.tr/ilanlar/eskiilanlar/2023/06/20230605.htm&main=http://www.resmigazete.gov.tr/ilanlar/eskiilanlar/2023/06/20230605-2.htm
2023-06-05,"b - Artırma, Eksiltme ve İhale İlânları",http://www.resmigazete.gov.tr/main.aspx?home=http://www.resmigazete.gov.tr/ilanlar/eskiilanlar/2023/06/20230605.htm&main=http://www.resmigazete.gov.tr/ilanlar/eskiilanlar/2023/06/20230605-3.htm
2023-06-05,c - Çeşitli İlânlar,http://www.resmigazete.gov.tr/main.aspx?home=http://www.resmigazete.gov.tr/ilanlar/eskiilanlar/2023/06/20230605.htm&main=http://www.resmigazete.gov.tr/ilanlar/eskiilanlar/2023/06/20230605-4.htm
2023-06-05,– T.C. Merkez Bankasınca Belirlenen Devlet İç Borçlanma Senetlerinin Günlük Değerleri,http://www.resmigazete.gov.tr/main.aspx?home=http://www.resmigazete.gov.tr/ilanlar/eskiilanlar/2023/06/20230605.htm&main=http://www.resmigazete.gov.tr/ilanlar/eskiilanlar/2023/06/20230605-5.htm
2023-06-06,"–– Cumhurbaşkanlığı Tarafından Yapılan Atamalar Hakkında Kararlar (Karar: 2023/285, 286, 287, 288, 289, 290, 291, 292, 293, 294, 295, 296, 297, 298, 299, 300)",https://www.resmigazete.gov.tr/eskiler/2023/06/20230606-1.pdf
2023-06-06,–– Enerji Sektöründe Siber Güvenlik Yetkinlik Modeli Yönetmeliği,https://www.resmigazete.gov.tr/eskiler/2023/06/20230606-2.htm
2023-06-06,"–– Anayasa Mahkemesinin 30/11/2022 Tarihli ve E: 2020/7, K: 2022/146 Sayılı Kararı",https://www.resmigazete.gov.tr/eskiler/2023/06/20230606-3.pdf
2023-06-06,"–– Anayasa Mahkemesinin 22/2/2023 Tarihli ve E: 2021/86, K: 2023/34 Sayılı Kararı",https://www.resmigazete.gov.tr/eskiler/2023/06/20230606-4.pdf
2023-06-06,"–– Anayasa Mahkemesinin 9/3/2023 Tarihli ve E: 2023/39, K: 2023/40 Sayılı Kararı",https://www.resmigazete.gov.tr/eskiler/2023/06/20230606-5.pdf
2023-06-06,a - Yargı İlânları,http://www.resmigazete.gov.tr/main.aspx?home=http://www.resmigazete.gov.tr/ilanlar/eskiilanlar/2023/06/20230606.htm&main=http://www.resmigazete.gov.tr/ilanlar/eskiilanlar/2023/06/20230606-2.htm
2023-06-06,"b - Artırma, Eksiltme ve İhale İlânları",http://www.resmigazete.gov.tr/main.aspx?home=http://www.resmigazete.gov.tr/ilanlar/eskiilanlar/2023/06/20230606.htm&main=http://www.resmigazete.gov.tr/ilanlar/eskiilanlar/2023/06/20230606-3.htm
2023-06-06,c - Çeşitli İlânlar,http://www.resmigazete.gov.tr/main.aspx?home=http://www.resmigazete.gov.tr/ilanlar/eskiilanlar/2023/06/20230606.htm&main=http://www.resmigazete.gov.tr/ilanlar/eskiilanlar/2023/06/20230606-4.htm
2023-06-06,– T.C. Merkez Bankasınca Belirlenen Döviz Kurları ve Devlet İç Borçlanma Senetlerinin Günlük Değerleri,http://www.resmigazete.gov.tr/main.aspx?home=http://www.resmigazete.gov.tr/ilanlar/eskiilanlar/2023/06/20230606.htm&main=http://www.resmigazete.gov.tr/ilanlar/eskiilanlar/2023/06/20230606-5.htm
2023-06-07,–– 2023 Yılı Türkiye Cumhuriyeti Hükümeti ile Kuzey Kıbrıs Türk Cumhuriyeti Hükümeti Arasında İktisadi ve Mali İşbirliği Anlaşmasının Onaylanması Hakkında Karar (Karar Sayısı: 7302),https://www.resmigazete.gov.tr/eskiler/2023/06/20230607-1.pdf
2023-06-07,–– Sigortacılıkta Tahkime İlişkin Yönetmelikte Değişiklik Yapılmasına Dair Yönetmelik,https://www.resmigazete.gov.tr/eskiler/2023/06/20230607-2.htm
2023-06-07,–– Yargıtay 9. Hukuk Dairesine Ait Kararlar,https://www.resmigazete.gov.tr/eskiler/2023/06/20230607-3.pdf
2023-06-07,a - Yargı İlânları,http://www.resmigazete.gov.tr/main.aspx?home=http://www.resmigazete.gov.tr/ilanlar/eskiilanlar/2023/06/20230607.htm&main=http://www.resmigazete.gov.tr/ilanlar/eskiilanlar/2023/06/20230607-2.htm
2023-06-07,"b - Artırma, Eksiltme ve İhale İlânları",http://www.resmigazete.gov.tr/main.aspx?home=http://www.resmigazete.gov.tr/ilanlar/eskiilanlar/2023/06/20230607.htm&main=http://www.resmigazete.gov.tr/ilanlar/eskiilanlar/2023/06/20230607-3.htm
2023-06-07,c - Çeşitli İlânlar,http://www.resmigazete.gov.tr/main.aspx?home=http://www.resmigazete.gov.tr/ilanlar/eskiilanlar/2023/06/20230607.htm&main=http://www.resmigazete.gov.tr/ilanlar/eskiilanlar/2023/06/20230607-4.htm
2023-06-07,– T.C. Merkez Bankasınca Belirlenen Döviz Kurları ve Devlet İç Borçlanma Senetlerinin Günlük Değerleri,http://www.resmigazete.gov.tr/main.aspx?home=http://www.resmigazete.gov.tr/ilanlar/eskiilanlar/2023/06/20230607.htm&main=http://www.resmigazete.gov.tr/ilanlar/eskiilanlar/2023/06/20230607-5.htm
2023-06-08,1372 Türkiye Büyük Millet Meclisi Başkanlığına İstanbul Milletvekili Numan KURTULMUŞ’un Seçildiğine Dair Karar,https://www.resmigazete.gov.tr/eskiler/2023/06/20230608-1.pdf
2023-06-08,–– Karadeniz Teknik Üniversitesi Deprem ve Yapı Sağlığı Uygulama ve Araştırma Merkezi Yönetmeliği,https://www.resmigazete.gov.tr/eskiler/2023/06/20230608-2.htm
2023-06-08,–– Turizm Tesislerinin Niteliklerine İlişkin Yönetmeliğin Uygulanmasına Dair Tebliğ (Tebliğ No:2019/1)’de Değişiklik Yapılmasına Dair Tebliğ,https://www.resmigazete.gov.tr/eskiler/2023/06/20230608-3.htm
2023-06-08,–– Danıştay Başkanlar Kurulunun 2023/3 Sayılı Kararı,https://www.resmigazete.gov.tr/eskiler/2023/06/20230608-4.pdf
2023-06-08,"- Artırma, Eksiltme ve İhale İlânları",http://www.resmigazete.gov.tr/main.aspx?home=http://www.resmigazete.gov.tr/ilanlar/eskiilanlar/2023/06/20230608.htm&main=http://www.resmigazete.gov.tr/ilanlar/eskiilanlar/2023/06/20230608-3.htm
2023-06-08,- Çeşitli İlânlar,http://www.resmigazete.gov.tr/main.aspx?home=http://www.resmigazete.gov.tr/ilanlar/eskiilanlar/2023/06/20230608.htm&main=http://www.resmigazete.gov.tr/ilanlar/eskiilanlar/2023/06/20230608-4.htm
2023-06-08,– T.C. Merkez Bankasınca Belirlenen Döviz Kurları ve Devlet İç Borçlanma Senetlerinin Günlük Değerleri,http://www.resmigazete.gov.tr/main.aspx?home=http://www.resmigazete.gov.tr/ilanlar/eskiilanlar/2023/06/20230608.htm&main=http://www.resmigazete.gov.tr/ilanlar/eskiilanlar/2023/06/20230608-5.htm
2023-06-09,–– Türkiye Okul Sporları Federasyonunun Kapatılması Hakkında Cumhurbaşkanlığı Kararnamesi (Kararname Numarası: 148),https://www.resmigazete.gov.tr/eskiler/2023/06/20230609-1.pdf
2023-06-09,"–– Cumhurbaşkanlığı Tarafından Yapılan Atamalar Hakkında Kararlar (Karar: 2023/302, 303, 304, 305, 306)",https://www.resmigazete.gov.tr/eskiler/2023/06/20230609-2.pdf
2023-06-09,–– Niğde Ömer Halisdemir Üniversitesi Diş Hekimliği Fakültesi Eğitim-Öğretim ve Sınav Yönetmeliğinde Değişiklik Yapılmasına Dair Yönetmelik,https://www.resmigazete.gov.tr/eskiler/2023/06/20230609-3.htm
2023-06-09,"–– Enerji Piyasası Düzenleme Kurulunun 08/06/2023 Tarihli ve 11894, 11898 Sayılı Kararları",https://www.resmigazete.gov.tr/eskiler/2023/06/20230609-4.pdf
2023-06-09,–– Yargıtay 9 ve 11. Hukuk Dairelerine Ait Kararlar,https://www.resmigazete.gov.tr/eskiler/2023/06/20230609-5.pdf
2023-06-09,a - Yargı İlânları,http://www.resmigazete.gov.tr/main.aspx?home=http://www.resmigazete.gov.tr/ilanlar/eskiilanlar/2023/06/20230609.htm&main=http://www.resmigazete.gov.tr/ilanlar/eskiilanlar/2023/06/20230609-2.htm
2023-06-09,"b - Artırma, Eksiltme ve İhale İlânları",http://www.resmigazete.gov.tr/main.aspx?home=http://www.resmigazete.gov.tr/ilanlar/eskiilanlar/2023/06/20230609.htm&main=http://www.resmigazete.gov.tr/ilanlar/eskiilanlar/2023/06/20230609-3.htm
2023-06-09,c - Çeşitli İlânlar,http://www.resmigazete.gov.tr/main.aspx?home=http://www.resmigazete.gov.tr/ilanlar/eskiilanlar/2023/06/20230609.htm&main=http://www.resmigazete.gov.tr/ilanlar/eskiilanlar/2023/06/20230609-4.htm
2023-06-09,– T.C. Merkez Bankasınca Belirlenen Döviz Kurları ve Devlet İç Borçlanma Senetlerinin Günlük Değerleri,http://www.resmigazete.gov.tr/main.aspx?home=http://www.resmigazete.gov.tr/ilanlar/eskiilanlar/2023/06/20230609.htm&main=http://www.resmigazete.gov.tr/ilanlar/eskiilanlar/2023/06/20230609-5.htm
2023-06-10,–– Hasan Kalyoncu Üniversitesi İslam Medeniyeti Uygulama ve Araştırma Merkezi Yönetmeliği,https://www.resmigazete.gov.tr/eskiler/2023/06/20230610-1.htm
2023-06-10,–– Deniz Turizmi Yönetmeliği Uygulama Tebliği,https://www.resmigazete.gov.tr/eskiler/2023/06/20230610-2.htm
2023-06-10,–– İnternet Alan Adları Tebliğinde Değişiklik Yapılmasına Dair Tebliğ,https://www.resmigazete.gov.tr/eskiler/2023/06/20230610-3.htm
2023-06-10,"–– Kamu Gözetimi, Muhasebe ve Denetim Standartları Kurulunun 07/06/2023 Tarihli ve 75935942-050.01.04-[01/17345] Sayılı Kararı",https://www.resmigazete.gov.tr/eskiler/2023/06/20230610-4.pdf
2023-06-10,–– Devlet İhale Kanunu Uyarınca Yayınlanacak İlânlar Hakkında Genel Kurul Kararının Yürürlükten Kaldırılmasına Dair Genel Kurul Kararı (No: 218),https://www.resmigazete.gov.tr/eskiler/2023/06/20230610-5.pdf
2023-06-10,a - Yargı İlânları,http://www.resmigazete.gov.tr/main.aspx?home=http://www.resmigazete.gov.tr/ilanlar/eskiilanlar/2023/06/20230610.htm&main=http://www.resmigazete.gov.tr/ilanlar/eskiilanlar/2023/06/20230610-2.htm
2023-06-10,"b - Artırma, Eksiltme ve İhale İlânları",http://www.resmigazete.gov.tr/main.aspx?home=http://www.resmigazete.gov.tr/ilanlar/eskiilanlar/2023/06/20230610.htm&main=http://www.resmigazete.gov.tr/ilanlar/eskiilanlar/2023/06/20230610-3.htm
2023-06-10,c - Çeşitli İlânlar,http://www.resmigazete.gov.tr/main.aspx?home=http://www.resmigazete.gov.tr/ilanlar/eskiilanlar/2023/06/20230610.htm&main=http://www.resmigazete.gov.tr/ilanlar/eskiilanlar/2023/06/20230610-4.htm
2023-06-10,– T.C. Merkez Bankasınca Belirlenen Döviz Kurları ve Devlet İç Borçlanma Senetlerinin Günlük Değerleri,http://www.resmigazete.gov.tr/main.aspx?home=http://www.resmigazete.gov.tr/ilanlar/eskiilanlar/2023/06/20230610.htm&main=http://www.resmigazete.gov.tr/ilanlar/eskiilanlar/2023/06/20230610-5.htm
2023-06-11,–– Gebze Teknik Üniversitesi Uzaktan Eğitim Uygulama ve Araştırma Merkezi Yönetmeliğinde Değişiklik Yapılmasına Dair Yönetmelik,https://www.resmigazete.gov.tr/eskiler/2023/06/20230611-1.htm
2023-06-11,–– Üsküdar Üniversitesi Lisansüstü Eğitim-Öğretim ve Sınav Yönetmeliğinde Değişiklik Yapılmasına Dair Yönetmelik,https://www.resmigazete.gov.tr/eskiler/2023/06/20230611-2.htm
2023-06-11,"a - Artırma, Eksiltme ve İhale İlânları",http://www.resmigazete.gov.tr/main.aspx?home=http://www.resmigazete.gov.tr/ilanlar/eskiilanlar/2023/06/20230611.htm&main=http://www.resmigazete.gov.tr/ilanlar/eskiilanlar/2023/06/20230611-3.htm
2023-06-11,- Çeşitli İlânlar,http://www.resmigazete.gov.tr/main.aspx?home=http://www.resmigazete.gov.tr/ilanlar/eskiilanlar/2023/06/20230611.htm&main=http://www.resmigazete.gov.tr/ilanlar/eskiilanlar/2023/06/20230611-4.htm
2023-06-11,– T.C. Merkez Bankasınca Belirlenen Devlet İç Borçlanma Senetlerinin Günlük Değerleri,http://www.resmigazete.gov.tr/main.aspx?home=http://www.resmigazete.gov.tr/ilanlar/eskiilanlar/2023/06/20230611.htm&main=http://www.resmigazete.gov.tr/ilanlar/eskiilanlar/2023/06/20230611-5.htm
2023-06-11,"11/6/2023 tarihli ve 32218 mükerrer sayılı Resmî Gazete’de, Cumhurbaşkanı Kararları yayımlanmıştır.",http://www.resmigazete.gov.tr/eskiler/2023/06/20230611M1.htm
2023-06-12,"–– Cumhurbaşkanlığına, Cumhurbaşkanı Yardımcısı Cevdet YILMAZ’ın Vekâlet Etmesine Dair Tezkere",https://www.resmigazete.gov.tr/eskiler/2023/06/20230612-1.pdf
2023-06-12,–– İzmir Kâtip Çelebi Üniversitesi Lisansüstü Eğitim-Öğretim ve Sınav Yönetmeliğinde Değişiklik Yapılmasına Dair Yönetmelik,https://www.resmigazete.gov.tr/eskiler/2023/06/20230612-2.htm
2023-06-12,"–– Mersin Üniversitesi İleri Teknoloji Eğitim, Araştırma ve Uygulama Merkezi Yönetmeliğinde Değişiklik Yapılmasına Dair Yönetmelik",https://www.resmigazete.gov.tr/eskiler/2023/06/20230612-3.htm
2023-06-12,a - Yargı İlânları,http://www.resmigazete.gov.tr/main.aspx?home=http://www.resmigazete.gov.tr/ilanlar/eskiilanlar/2023/06/20230612.htm&main=http://www.resmigazete.gov.tr/ilanlar/eskiilanlar/2023/06/20230612-2.htm
2023-06-12,"b - Artırma, Eksiltme ve İhale İlânları",http://www.resmigazete.gov.tr/main.aspx?home=http://www.resmigazete.gov.tr/ilanlar/eskiilanlar/2023/06/20230612.htm&main=http://www.resmigazete.gov.tr/ilanlar/eskiilanlar/2023/06/20230612-3.htm
2023-06-12,c - Çeşitli İlânlar,http://www.resmigazete.gov.tr/main.aspx?home=http://www.resmigazete.gov.tr/ilanlar/eskiilanlar/2023/06/20230612.htm&main=http://www.resmigazete.gov.tr/ilanlar/eskiilanlar/2023/06/20230612-4.htm
2023-06-12,– T.C. Merkez Bankasınca Belirlenen Devlet İç Borçlanma Senetlerinin Günlük Değerleri,http://www.resmigazete.gov.tr/main.aspx?home=http://www.resmigazete.gov.tr/ilanlar/eskiilanlar/2023/06/20230612.htm&main=http://www.resmigazete.gov.tr/ilanlar/eskiilanlar/2023/06/20230612-5.htm
2023-06-13,–– Sağlık Beyanı Denetimi Hakkında Yönetmelik,https://www.resmigazete.gov.tr/eskiler/2023/06/20230613-1.htm
2023-06-13,"a - Artırma, Eksiltme ve İhale İlânları",http://www.resmigazete.gov.tr/main.aspx?home=http://www.resmigazete.gov.tr/ilanlar/eskiilanlar/2023/06/20230613.htm&main=http://www.resmigazete.gov.tr/ilanlar/eskiilanlar/2023/06/20230613-3.htm
2023-06-13,b - Çeşitli İlânlar,http://www.resmigazete.gov.tr/main.aspx?home=http://www.resmigazete.gov.tr/ilanlar/eskiilanlar/2023/06/20230613.htm&main=http://www.resmigazete.gov.tr/ilanlar/eskiilanlar/2023/06/20230613-4.htm
2023-06-13,– T.C. Merkez Bankasınca Belirlenen Döviz Kurları ve Devlet İç Borçlanma Senetlerinin Günlük Değerleri,http://www.resmigazete.gov.tr/main.aspx?home=http://www.resmigazete.gov.tr/ilanlar/eskiilanlar/2023/06/20230613.htm&main=http://www.resmigazete.gov.tr/ilanlar/eskiilanlar/2023/06/20230613-5.htm
2023-06-14,–– Çankaya Üniversitesi Ön Lisans ve Lisans Eğitim ve Öğretim Yönetmeliğinde Değişiklik Yapılmasına Dair Yönetmelik,https://www.resmigazete.gov.tr/eskiler/2023/06/20230614-1.htm
2023-06-14,"–– İstanbul Bilgi Üniversitesi Çift Anadal, Yan Dal ve Üstün Başarı Programları Yönetmeliğinde Değişiklik Yapılmasına Dair Yönetmelik",https://www.resmigazete.gov.tr/eskiler/2023/06/20230614-2.htm
2023-06-14,"–– Anayasa Mahkemesinin 30/11/2022 Tarihli ve E: 2019/38, K: 2022/148 Sayılı Kararı",https://www.resmigazete.gov.tr/eskiler/2023/06/20230614-3.pdf
2023-06-14,"–– Anayasa Mahkemesinin 13/12/2022 Tarihli ve E: 2020/29, K: 2022/155 Sayılı Kararı",https://www.resmigazete.gov.tr/eskiler/2023/06/20230614-4.pdf
2023-06-14,"–– Anayasa Mahkemesinin 4/5/2023 Tarihli ve E: 2020/90, K: 2023/88 Sayılı Kararı",https://www.resmigazete.gov.tr/eskiler/2023/06/20230614-5.pdf
2023-06-14,"–– Anayasa Mahkemesinin 4/5/2023 Tarihli ve E: 2021/62, K: 2023/89 Sayılı Kararı",https://www.resmigazete.gov.tr/eskiler/2023/06/20230614-6.pdf
2023-06-14,a - Yargı İlânları,http://www.resmigazete.gov.tr/main.aspx?home=http://www.resmigazete.gov.tr/ilanlar/eskiilanlar/2023/06/20230614.htm&main=http://www.resmigazete.gov.tr/ilanlar/eskiilanlar/2023/06/20230614-2.htm
2023-06-14,"b - Artırma, Eksiltme ve İhale İlânları",http://www.resmigazete.gov.tr/main.aspx?home=http://www.resmigazete.gov.tr/ilanlar/eskiilanlar/2023/06/20230614.htm&main=http://www.resmigazete.gov.tr/ilanlar/eskiilanlar/2023/06/20230614-3.htm
2023-06-14,c - Çeşitli İlânlar,http://www.resmigazete.gov.tr/main.aspx?home=http://www.resmigazete.gov.tr/ilanlar/eskiilanlar/2023/06/20230614.htm&main=http://www.resmigazete.gov.tr/ilanlar/eskiilanlar/2023/06/20230614-4.htm
2023-06-14,– T.C. Merkez Bankasınca Belirlenen Döviz Kurları ve Devlet İç Borçlanma Senetlerinin Günlük Değerleri,http://www.resmigazete.gov.tr/main.aspx?home=http://www.resmigazete.gov.tr/ilanlar/eskiilanlar/2023/06/20230614.htm&main=http://www.resmigazete.gov.tr/ilanlar/eskiilanlar/2023/06/20230614-5.htm
2023-06-15,–– Ardahan Üniversitesi Sürekli Eğitim Uygulama ve Araştırma Merkezi Yönetmeliğinde Değişiklik Yapılmasına Dair Yönetmelik,https://www.resmigazete.gov.tr/eskiler/2023/06/20230615-1.htm
2023-06-15,–– İzmir Kâtip Çelebi Üniversitesi Önlisans ve Lisans Eğitim Öğretim ve Sınav Yönetmeliğinde Değişiklik Yapılmasına Dair Yönetmelik,https://www.resmigazete.gov.tr/eskiler/2023/06/20230615-2.htm
2023-06-15,"–– Anayasa Mahkemesinin 5/4/2023 Tarihli ve E: 2022/99, K: 2023/64 Sayılı Kararı",https://www.resmigazete.gov.tr/eskiler/2023/06/20230615-3.pdf
2023-06-15,"–– Anayasa Mahkemesinin 5/4/2023 Tarihli ve E: 2022/152, K: 2023/66 Sayılı Kararı",https://www.resmigazete.gov.tr/eskiler/2023/06/20230615-4.pdf
2023-06-15,"–– Anayasa Mahkemesinin 4/5/2023 Tarihli ve E: 2023/54, K: 2023/90 Sayılı Kararı",https://www.resmigazete.gov.tr/eskiler/2023/06/20230615-5.pdf
2023-06-15,a - Yargı İlânları,http://www.resmigazete.gov.tr/main.aspx?home=http://www.resmigazete.gov.tr/ilanlar/eskiilanlar/2023/06/20230615.htm&main=http://www.resmigazete.gov.tr/ilanlar/eskiilanlar/2023/06/20230615-2.htm
2023-06-15,"b - Artırma, Eksiltme ve İhale İlânları",http://www.resmigazete.gov.tr/main.aspx?home=http://www.resmigazete.gov.tr/ilanlar/eskiilanlar/2023/06/20230615.htm&main=http://www.resmigazete.gov.tr/ilanlar/eskiilanlar/2023/06/20230615-3.htm
2023-06-15,c - Çeşitli İlânlar,http://www.resmigazete.gov.tr/main.aspx?home=http://www.resmigazete.gov.tr/ilanlar/eskiilanlar/2023/06/20230615.htm&main=http://www.resmigazete.gov.tr/ilanlar/eskiilanlar/2023/06/20230615-4.htm
2023-06-15,– T.C. Merkez Bankasınca Belirlenen Döviz Kurları ve Devlet İç Borçlanma Senetlerinin Günlük Değerleri,http://www.resmigazete.gov.tr/main.aspx?home=http://www.resmigazete.gov.tr/ilanlar/eskiilanlar/2023/06/20230615.htm&main=http://www.resmigazete.gov.tr/ilanlar/eskiilanlar/2023/06/20230615-5.htm
2023-06-16,1373 Türkiye Büyük Millet Meclisinin Çalışma Süresinin Uzatılmasına İlişkin Karar,https://www.resmigazete.gov.tr/eskiler/2023/06/20230616-1.pdf
2023-06-16,1374 Türkiye Büyük Millet Meclisi Başkanlık Divanı Üyelikleri İçin Yapılan Seçime Dair Karar,https://www.resmigazete.gov.tr/eskiler/2023/06/20230616-2.pdf
2023-06-16,–– Emniyet Genel Müdürlüğüne Kadro İhdas Edilmesine İlişkin Cumhurbaşkanlığı Kararnamesi (Kararname Numarası: 149),https://www.resmigazete.gov.tr/eskiler/2023/06/20230616-8.pdf
2023-06-16,–– Kamu Kurum ve Kuruluşlarının Ürettikleri Bazı Mal ve Hizmetlerden Ücretsiz veya İndirimli Olarak Faydalanacakların Tespitine İlişkin Karar (Karar Sayısı: 7315),https://www.resmigazete.gov.tr/eskiler/2023/06/20230616-9.pdf
2023-06-16,"–– 4/7/1956 Tarihli ve 6772 Sayılı Kanun Kapsamına Giren Kurumlarda Çalışan İşçilere, 2023 Yılında Verilecek İlave Tediyenin Sürelerinin Belirlenmesi Hakkında Karar (Karar Sayısı: 7316)",https://www.resmigazete.gov.tr/eskiler/2023/06/20230616-10.pdf
2023-06-16,–– Hac ve Umre Seyahatleri ile İlgili İşlerin Diyanet İşleri Başkanlığınca Yürütülmesine Dair Yönetmelikte Değişiklik Yapılması Hakkında Yönetmelik,https://www.resmigazete.gov.tr/eskiler/2023/06/20230616-11.pdf
2023-06-16,–– Radyasyon Acil Durumlarının Yönetimi Hakkında Yönetmelik,https://www.resmigazete.gov.tr/eskiler/2023/06/20230616-3.htm
2023-06-16,–– Sigorta Eksperleri Atama Yönetmeliğinde Değişiklik Yapılmasına Dair Yönetmelik,https://www.resmigazete.gov.tr/eskiler/2023/06/20230616-4.htm
2023-06-16,–– Anayasa Mahkemesinin 15/3/2023 Tarihli ve 2019/19839 Başvuru Numaralı Kararı,https://www.resmigazete.gov.tr/eskiler/2023/06/20230616-5.pdf
2023-06-16,–– Anayasa Mahkemesinin 27/4/2023 Tarihli ve 2018/32667 Başvuru Numaralı Kararı,https://www.resmigazete.gov.tr/eskiler/2023/06/20230616-6.pdf
2023-06-16,–– Anayasa Mahkemesinin 27/4/2023 Tarihli ve 2022/100837 Başvuru Numaralı Kararı,https://www.resmigazete.gov.tr/eskiler/2023/06/20230616-7.pdf
2023-06-16,a - Yargı İlânları,http://www.resmigazete.gov.tr/main.aspx?home=http://www.resmigazete.gov.tr/ilanlar/eskiilanlar/2023/06/20230616.htm&main=http://www.resmigazete.gov.tr/ilanlar/eskiilanlar/2023/06/20230616-2.htm
2023-06-16,"b - Artırma, Eksiltme ve İhale İlânları",http://www.resmigazete.gov.tr/main.aspx?home=http://www.resmigazete.gov.tr/ilanlar/eskiilanlar/2023/06/20230616.htm&main=http://www.resmigazete.gov.tr/ilanlar/eskiilanlar/2023/06/20230616-3.htm
2023-06-16,c - Çeşitli İlânlar,http://www.resmigazete.gov.tr/main.aspx?home=http://www.resmigazete.gov.tr/ilanlar/eskiilanlar/2023/06/20230616.htm&main=http://www.resmigazete.gov.tr/ilanlar/eskiilanlar/2023/06/20230616-4.htm
2023-06-16,– T.C. Merkez Bankasınca Belirlenen Döviz Kurları ve Devlet İç Borçlanma Senetlerinin Günlük Değerleri,http://www.resmigazete.gov.tr/main.aspx?home=http://www.resmigazete.gov.tr/ilanlar/eskiilanlar/2023/06/20230616.htm&main=http://www.resmigazete.gov.tr/ilanlar/eskiilanlar/2023/06/20230616-5.htm
2023-06-17,–– Ankara Hacı Bayram Veli Üniversitesi Kadın Çalışmaları Uygulama ve Araştırma Merkezi Yönetmeliğinde Değişiklik Yapılmasına Dair Yönetmelik,https://www.resmigazete.gov.tr/eskiler/2023/06/20230617-1.htm
2023-06-17,–– Enerji Piyasası Düzenleme Kurulunun 15/06/2023 Tarihli ve 11906 Sayılı Kararı,https://www.resmigazete.gov.tr/eskiler/2023/06/20230617-2.pdf
2023-06-17,–– Yargıtay 12. Hukuk Dairesine Ait Karar,https://www.resmigazete.gov.tr/eskiler/2023/06/20230617-3.pdf
2023-06-17,a - Yargı İlânları,http://www.resmigazete.gov.tr/main.aspx?home=http://www.resmigazete.gov.tr/ilanlar/eskiilanlar/2023/06/20230617.htm&main=http://www.resmigazete.gov.tr/ilanlar/eskiilanlar/2023/06/20230617-2.htm
2023-06-17,"b - Artırma, Eksiltme ve İhale İlânları",http://www.resmigazete.gov.tr/main.aspx?home=http://www.resmigazete.gov.tr/ilanlar/eskiilanlar/2023/06/20230617.htm&main=http://www.resmigazete.gov.tr/ilanlar/eskiilanlar/2023/06/20230617-3.htm
2023-06-17,c - Çeşitli İlânlar,http://www.resmigazete.gov.tr/main.aspx?home=http://www.resmigazete.gov.tr/ilanlar/eskiilanlar/2023/06/20230617.htm&main=http://www.resmigazete.gov.tr/ilanlar/eskiilanlar/2023/06/20230617-4.htm
2023-06-17,– T.C. Merkez Bankasınca Belirlenen Döviz Kurları ve Devlet İç Borçlanma Senetlerinin Günlük Değerleri,http://www.resmigazete.gov.tr/main.aspx?home=http://www.resmigazete.gov.tr/ilanlar/eskiilanlar/2023/06/20230617.htm&main=http://www.resmigazete.gov.tr/ilanlar/eskiilanlar/2023/06/20230617-5.htm
2023-06-18,–– Millî Eğitim Bakanlığı Öğretmen Atama ve Yer Değiştirme Yönetmeliğinde Değişiklik Yapılmasına Dair Yönetmelik,https://www.resmigazete.gov.tr/eskiler/2023/06/20230618-5.htm
2023-06-18,–– Hitit Üniversitesi Tıp Fakültesi Eğitim-Öğretim ve Sınav Yönetmeliği,https://www.resmigazete.gov.tr/eskiler/2023/06/20230618-1.htm
2023-06-18,–– Kütahya Dumlupınar Üniversitesi Lisansüstü Eğitim ve Öğretim Yönetmeliğinde Değişiklik Yapılmasına Dair Yönetmelik,https://www.resmigazete.gov.tr/eskiler/2023/06/20230618-2.htm
2023-06-18,–– Kütahya Dumlupınar Üniversitesi Ön Lisans ve Lisans Eğitim-Öğretim Yönetmeliğinde Değişiklik Yapılmasına Dair Yönetmelik,https://www.resmigazete.gov.tr/eskiler/2023/06/20230618-3.htm
2023-06-18,–– Kütahya Dumlupınar Üniversitesi Yabancı Dil Hazırlık Sınıfı Eğitim-Öğretim ve Sınav Yönetmeliğinde Değişiklik Yapılmasına Dair Yönetmelik,https://www.resmigazete.gov.tr/eskiler/2023/06/20230618-4.htm
2023-06-18,"- Artırma, Eksiltme ve İhale İlânları",http://www.resmigazete.gov.tr/main.aspx?home=http://www.resmigazete.gov.tr/ilanlar/eskiilanlar/2023/06/20230618.htm&main=http://www.resmigazete.gov.tr/ilanlar/eskiilanlar/2023/06/20230618-3.htm
2023-06-18,- Çeşitli İlânlar,http://www.resmigazete.gov.tr/main.aspx?home=http://www.resmigazete.gov.tr/ilanlar/eskiilanlar/2023/06/20230618.htm&main=http://www.resmigazete.gov.tr/ilanlar/eskiilanlar/2023/06/20230618-4.htm
2023-06-18,– T.C. Merkez Bankasınca Belirlenen Devlet İç Borçlanma Senetlerinin Günlük Değerleri,http://www.resmigazete.gov.tr/main.aspx?home=http://www.resmigazete.gov.tr/ilanlar/eskiilanlar/2023/06/20230618.htm&main=http://www.resmigazete.gov.tr/ilanlar/eskiilanlar/2023/06/20230618-5.htm
2023-06-19,–– Amasya Üniversitesi Lisansüstü Eğitim ve Öğretim Yönetmeliğinde Değişiklik Yapılmasına Dair Yönetmelik,https://www.resmigazete.gov.tr/eskiler/2023/06/20230619-1.htm
2023-06-19,–– Maltepe Üniversitesi Yaz Öğretimi Yönetmeliği,https://www.resmigazete.gov.tr/eskiler/2023/06/20230619-2.htm
2023-06-19,"- Artırma, Eksiltme ve İhale İlânları",http://www.resmigazete.gov.tr/main.aspx?home=http://www.resmigazete.gov.tr/ilanlar/eskiilanlar/2023/06/20230619.htm&main=http://www.resmigazete.gov.tr/ilanlar/eskiilanlar/2023/06/20230619-3.htm
2023-06-19,- Çeşitli İlânlar,http://www.resmigazete.gov.tr/main.aspx?home=http://www.resmigazete.gov.tr/ilanlar/eskiilanlar/2023/06/20230619.htm&main=http://www.resmigazete.gov.tr/ilanlar/eskiilanlar/2023/06/20230619-4.htm
2023-06-19,– T.C. Merkez Bankasınca Belirlenen Devlet İç Borçlanma Senetlerinin Günlük Değerleri,http://www.resmigazete.gov.tr/main.aspx?home=http://www.resmigazete.gov.tr/ilanlar/eskiilanlar/2023/06/20230619.htm&main=http://www.resmigazete.gov.tr/ilanlar/eskiilanlar/2023/06/20230619-5.htm
2023-06-20,–– Ulusal Meslek Standartlarına Dair Tebliğ (Tebliğ No: 2014/5)'de Değişiklik Yapılmasına Dair Tebliğ (No: 2023/10),https://www.resmigazete.gov.tr/eskiler/2023/06/20230620-1.htm
2023-06-20,–– Ulusal Meslek Standartlarına Dair Tebliğ (Tebliğ No: 2016/12)'de Değişiklik Yapılmasına Dair Tebliğ (No: 2023/14),https://www.resmigazete.gov.tr/eskiler/2023/06/20230620-2.htm
2023-06-20,–– Ulusal Meslek Standartlarına Dair Tebliğde Değişiklik Yapılmasına Dair Tebliğ (No: 2023/15),https://www.resmigazete.gov.tr/eskiler/2023/06/20230620-3.htm
2023-06-20,"–– Anayasa Mahkemesinin 9/3/2023 Tarihli ve E: 2023/5, K: 2023/45 Sayılı Kararı",https://www.resmigazete.gov.tr/eskiler/2023/06/20230620-4.pdf
2023-06-20,–– Anayasa Mahkemesinin 23/3/2023 Tarihli ve 2019/40991 Başvuru Numaralı Kararı,https://www.resmigazete.gov.tr/eskiler/2023/06/20230620-5.pdf
2023-06-20,a - Yargı İlânları,http://www.resmigazete.gov.tr/main.aspx?home=http://www.resmigazete.gov.tr/ilanlar/eskiilanlar/2023/06/20230620.htm&main=http://www.resmigazete.gov.tr/ilanlar/eskiilanlar/2023/06/20230620-2.htm
2023-06-20,"b - Artırma, Eksiltme ve İhale İlânları",http://www.resmigazete.gov.tr/main.aspx?home=http://www.resmigazete.gov.tr/ilanlar/eskiilanlar/2023/06/20230620.htm&main=http://www.resmigazete.gov.tr/ilanlar/eskiilanlar/2023/06/20230620-3.htm
2023-06-20,c - Çeşitli İlânlar,http://www.resmigazete.gov.tr/main.aspx?home=http://www.resmigazete.gov.tr/ilanlar/eskiilanlar/2023/06/20230620.htm&main=http://www.resmigazete.gov.tr/ilanlar/eskiilanlar/2023/06/20230620-4.htm
2023-06-20,– T.C. Merkez Bankasınca Belirlenen Döviz Kurları ve Devlet İç Borçlanma Senetlerinin Günlük Değerleri,http://www.resmigazete.gov.tr/main.aspx?home=http://www.resmigazete.gov.tr/ilanlar/eskiilanlar/2023/06/20230620.htm&main=http://www.resmigazete.gov.tr/ilanlar/eskiilanlar/2023/06/20230620-5.htm
2023-06-21,–– Tokat Gaziosmanpaşa Üniversitesi Tıp Fakültesi Eğitim-Öğretim ve Sınav Yönetmeliğinde Değişiklik Yapılmasına Dair Yönetmelik,https://www.resmigazete.gov.tr/eskiler/2023/06/20230621-1.htm
2023-06-21,–– Yüksek İhtisas Üniversitesi Ana Yönetmeliğinde Değişiklik Yapılmasına Dair Yönetmelik,https://www.resmigazete.gov.tr/eskiler/2023/06/20230621-2.htm
2023-06-21,–– Anayasa Mahkemesinin 29/3/2023 Tarihli ve 2019/28535 Başvuru Numaralı Kararı,https://www.resmigazete.gov.tr/eskiler/2023/06/20230621-3.pdf
2023-06-21,–– Anayasa Mahkemesinin 29/3/2023 Tarihli ve 2020/18132 Başvuru Numaralı Kararı,https://www.resmigazete.gov.tr/eskiler/2023/06/20230621-4.pdf
2023-06-21,a - Yargı İlânları,http://www.resmigazete.gov.tr/main.aspx?home=http://www.resmigazete.gov.tr/ilanlar/eskiilanlar/2023/06/20230621.htm&main=http://www.resmigazete.gov.tr/ilanlar/eskiilanlar/2023/06/20230621-2.htm
2023-06-21,"b - Artırma, Eksiltme ve İhale İlânları",http://www.resmigazete.gov.tr/main.aspx?home=http://www.resmigazete.gov.tr/ilanlar/eskiilanlar/2023/06/20230621.htm&main=http://www.resmigazete.gov.tr/ilanlar/eskiilanlar/2023/06/20230621-3.htm
2023-06-21,c - Çeşitli İlânlar,http://www.resmigazete.gov.tr/main.aspx?home=http://www.resmigazete.gov.tr/ilanlar/eskiilanlar/2023/06/20230621.htm&main=http://www.resmigazete.gov.tr/ilanlar/eskiilanlar/2023/06/20230621-4.htm
2023-06-21,– T.C. Merkez Bankasınca Belirlenen Döviz Kurları ve Devlet İç Borçlanma Senetlerinin Günlük Değerleri,http://www.resmigazete.gov.tr/main.aspx?home=http://www.resmigazete.gov.tr/ilanlar/eskiilanlar/2023/06/20230621.htm&main=http://www.resmigazete.gov.tr/ilanlar/eskiilanlar/2023/06/20230621-5.htm
2023-06-22,–– İthalat Rejimi Kararında Değişiklik Yapılmasına İlişkin Karar (Karar Sayısı: 7318),https://www.resmigazete.gov.tr/eskiler/2023/06/20230622-13.pdf
2023-06-22,–– Özbekistan Cumhuriyeti Menşeli Bazı Ürünlerin İthalatında Tarife Kontenjanı Uygulanması Hakkında Karar (Karar Sayısı: 7319),https://www.resmigazete.gov.tr/eskiler/2023/06/20230622-14.pdf
2023-06-22,–– Kamu Kurum ve Kuruluşlarının Ürettikleri Bazı Mal ve Hizmetlerden Ücretsiz veya İndirimli Olarak Faydalanacakların Tespitine İlişkin Karar (Karar Sayısı: 7320),https://www.resmigazete.gov.tr/eskiler/2023/06/20230622-15.pdf
2023-06-22,–– Cumhurbaşkanlığı Tarafından Yapılan Atama Hakkında Karar (Karar: 2023/308),https://www.resmigazete.gov.tr/eskiler/2023/06/20230622-17.pdf
2023-06-22,–– Basın İlan Kurumu Yönetmeliğinde Değişiklik Yapılmasına Dair Yönetmelik,https://www.resmigazete.gov.tr/eskiler/2023/06/20230622-1.htm
2023-06-22,–– Pamukkale Üniversitesi Yabancı Diller Yüksekokulu Ön Lisans ve Lisans Yabancı Dil Hazırlık ve Yabancı Dil Eğitim ve Öğretim Yönetmeliğinde Değişiklik Yapılmasına Dair Yönetmelik,https://www.resmigazete.gov.tr/eskiler/2023/06/20230622-2.htm
2023-06-22,–– Özbekistan Cumhuriyeti Menşeli Bazı Ürünlerin İthalatında Tarife Kontenjanı Uygulanmasına İlişkin Tebliğ,https://www.resmigazete.gov.tr/eskiler/2023/06/20230622-16.htm
2023-06-22,"–– Anayasa Mahkemesinin 9/3/2023 Tarihli ve E: 2019/6 (Siyasi Parti Mali Denetimi), K: 2023/3 Sayılı Kararı",https://www.resmigazete.gov.tr/eskiler/2023/06/20230622-3.pdf
2023-06-22,"–– Anayasa Mahkemesinin 9/3/2023 Tarihli ve E: 2020/9 (Siyasi Parti Mali Denetimi), K: 2023/4 Sayılı Kararı",https://www.resmigazete.gov.tr/eskiler/2023/06/20230622-4.pdf
2023-06-22,"–– Anayasa Mahkemesinin 9/3/2023 Tarihli ve E: 2019/42 (Siyasi Parti Mali Denetimi), K: 2023/5 Sayılı Kararı",https://www.resmigazete.gov.tr/eskiler/2023/06/20230622-5.pdf
2023-06-22,"–– Anayasa Mahkemesinin 9/3/2023 Tarihli ve E: 2020/12 (Siyasi Parti Mali Denetimi), K: 2023/6 Sayılı Kararı",https://www.resmigazete.gov.tr/eskiler/2023/06/20230622-6.pdf
2023-06-22,"–– Anayasa Mahkemesinin 9/3/2023 Tarihli ve E: 2020/14 (Siyasi Parti Mali Denetimi), K: 2023/7 Sayılı Kararı",https://www.resmigazete.gov.tr/eskiler/2023/06/20230622-7.pdf
2023-06-22,"–– Anayasa Mahkemesinin 9/3/2023 Tarihli ve E: 2020/17 (Siyasi Parti Mali Denetimi), K: 2023/8 Sayılı Kararı",https://www.resmigazete.gov.tr/eskiler/2023/06/20230622-8.pdf
2023-06-22,"–– Anayasa Mahkemesinin 9/3/2023 Tarihli ve E: 2020/22 (Siyasi Parti Mali Denetimi), K: 2023/9 Sayılı Kararı",https://www.resmigazete.gov.tr/eskiler/2023/06/20230622-9.pdf
2023-06-22,"–– Anayasa Mahkemesinin 9/3/2023 Tarihli ve E: 2020/27 (Siyasi Parti Mali Denetimi), K: 2023/10 Sayılı Kararı",https://www.resmigazete.gov.tr/eskiler/2023/06/20230622-10.pdf
2023-06-22,"–– Anayasa Mahkemesinin 9/3/2023 Tarihli ve E: 2020/38 (Siyasi Parti Mali Denetimi), K: 2023/11 Sayılı Kararı",https://www.resmigazete.gov.tr/eskiler/2023/06/20230622-11.pdf
2023-06-22,"–– Anayasa Mahkemesinin 9/3/2023 Tarihli ve E: 2020/39 (Siyasi Parti Mali Denetimi), K: 2023/12 Sayılı Kararı",https://www.resmigazete.gov.tr/eskiler/2023/06/20230622-12.pdf
2023-06-22,a - Yargı İlânları,http://www.resmigazete.gov.tr/main.aspx?home=http://www.resmigazete.gov.tr/ilanlar/eskiilanlar/2023/06/20230622.htm&main=http://www.resmigazete.gov.tr/ilanlar/eskiilanlar/2023/06/20230622-2.htm
2023-06-22,"b - Artırma, Eksiltme ve İhale İlânları",http://www.resmigazete.gov.tr/main.aspx?home=http://www.resmigazete.gov.tr/ilanlar/eskiilanlar/2023/06/20230622.htm&main=http://www.resmigazete.gov.tr/ilanlar/eskiilanlar/2023/06/20230622-3.htm
2023-06-22,c - Çeşitli İlânlar,http://www.resmigazete.gov.tr/main.aspx?home=http://www.resmigazete.gov.tr/ilanlar/eskiilanlar/2023/06/20230622.htm&main=http://www.resmigazete.gov.tr/ilanlar/eskiilanlar/2023/06/20230622-4.htm
2023-06-22,– T.C. Merkez Bankasınca Belirlenen Döviz Kurları ve Devlet İç Borçlanma Senetlerinin Günlük Değerleri,http://www.resmigazete.gov.tr/main.aspx?home=http://www.resmigazete.gov.tr/ilanlar/eskiilanlar/2023/06/20230622.htm&main=http://www.resmigazete.gov.tr/ilanlar/eskiilanlar/2023/06/20230622-5.htm
2023-06-23,–– Bazı Sanayi Ürünlerinin İthalatında Tarife Kontenjanı Uygulanması Hakkında Karar (Karar Sayısı: 7322),https://www.resmigazete.gov.tr/eskiler/2023/06/20230623-1.pdf
2023-06-23,–– Kamuda Enerji Performans Sözleşmelerinin Uygulanmasına İlişkin Tebliğde Değişiklik Yapılmasına Dair Tebliğ,https://www.resmigazete.gov.tr/eskiler/2023/06/20230623-3.htm
2023-06-23,–– İthalatta Gözetim Uygulanmasına İlişkin Tebliğ (Tebliğ No: 2018/5)'de Değişiklik Yapılmasına Dair Tebliğ,https://www.resmigazete.gov.tr/eskiler/2023/06/20230623-4.htm
2023-06-23,–– İthalatta Kota ve Tarife Kontenjanı İdaresine İlişkin Tebliğ (No: 2023/4),https://www.resmigazete.gov.tr/eskiler/2023/06/20230623-5.htm
2023-06-23,–– İthalatta Kota ve Tarife Kontenjanı İdaresine İlişkin Tebliğ (No: 2023/5),https://www.resmigazete.gov.tr/eskiler/2023/06/20230623-6.htm
2023-06-23,–– Bankalarca Ticari Müşterilerden Alınabilecek Ücretlere İlişkin Usul ve Esaslar Hakkında Tebliğ (Sayı: 2020/4)’de Değişiklik Yapılmasına Dair Tebliğ (Sayı: 2023/12),https://www.resmigazete.gov.tr/eskiler/2023/06/20230623-10.htm
2023-06-23,–– Kredi Kartı İşlemlerinde Uygulanacak Azami Faiz Oranları Hakkında Tebliğ (Sayı: 2020/16)’de Değişiklik Yapılmasına Dair Tebliğ (Sayı: 2023/13),https://www.resmigazete.gov.tr/eskiler/2023/06/20230623-11.htm
2023-06-23,–– Ulusal Meslek Standartlarına Dair Tebliğde Değişiklik Yapılmasına Dair Tebliğ (No: 2023/11),https://www.resmigazete.gov.tr/eskiler/2023/06/20230623-2.htm
2023-06-23,"–– Anayasa Mahkemesinin 22/3/2023 Tarihli ve E: 2022/105, K: 2023/54 Sayılı Kararı",https://www.resmigazete.gov.tr/eskiler/2023/06/20230623-7.pdf
2023-06-23,"–– Anayasa Mahkemesinin 4/5/2023 Tarihli ve E: 2023/14, K: 2023/86 Sayılı Kararı",https://www.resmigazete.gov.tr/eskiler/2023/06/20230623-8.pdf
2023-06-23,"–– Anayasa Mahkemesinin 19/6/2023 Tarihli ve E: 2023/6 (Değişik İşler), K: 2023/2 Sayılı Kararı",https://www.resmigazete.gov.tr/eskiler/2023/06/20230623-9.pdf
2023-06-23,a - Yargı İlânları,http://www.resmigazete.gov.tr/main.aspx?home=http://www.resmigazete.gov.tr/ilanlar/eskiilanlar/2023/06/20230623.htm&main=http://www.resmigazete.gov.tr/ilanlar/eskiilanlar/2023/06/20230623-2.htm
2023-06-23,"b - Artırma, Eksiltme ve İhale İlânları",http://www.resmigazete.gov.tr/main.aspx?home=http://www.resmigazete.gov.tr/ilanlar/eskiilanlar/2023/06/20230623.htm&main=http://www.resmigazete.gov.tr/ilanlar/eskiilanlar/2023/06/20230623-3.htm
2023-06-23,c - Çeşitli İlânlar,http://www.resmigazete.gov.tr/main.aspx?home=http://www.resmigazete.gov.tr/ilanlar/eskiilanlar/2023/06/20230623.htm&main=http://www.resmigazete.gov.tr/ilanlar/eskiilanlar/2023/06/20230623-4.htm
2023-06-23,– T.C. Merkez Bankasınca Belirlenen Döviz Kurları ve Devlet İç Borçlanma Senetlerinin Günlük Değerleri,http://www.resmigazete.gov.tr/main.aspx?home=http://www.resmigazete.gov.tr/ilanlar/eskiilanlar/2023/06/20230623.htm&main=http://www.resmigazete.gov.tr/ilanlar/eskiilanlar/2023/06/20230623-5.htm
2023-06-24,1375 Türkiye Büyük Millet Meclisi Komisyonları Üyeliklerine Yapılan Seçime Dair Karar,https://www.resmigazete.gov.tr/eskiler/2023/06/20230624-1.pdf
2023-06-24,–– Türkiye Kömür İşletmeleri Kurumu (TKİ) Genel Müdürlüğü Uhdesinde Bulunan Tekirdağ İli Sınırları İçerisinde Bulunan Bazı Taşınmazların TKİ Genel Müdürlüğü Adına Tescil Edilmek Üzere Türkiye Kömür İşletmeleri Kurumu (TKİ) Genel Müdürlüğü Tarafından Acele Kamulaştırılması Hakkında Karar (Karar Sayısı: 7323),https://www.resmigazete.gov.tr/eskiler/2023/06/20230624-7.pdf
2023-06-24,"–– Balıkesir İli, Altıeylül İlçesinde Kurulacak RMS-A Şehir Giriş İstasyonunun Yapımı Amacıyla, Pamukçu Mahallesi Sınırları İçerisindeki Taşınmazın Enerji Piyasası Düzenleme Kurumu Tarafından Acele Kamulaştırılması Hakkında Karar (Karar Sayısı: 7324)",https://www.resmigazete.gov.tr/eskiler/2023/06/20230624-8.pdf
2023-06-24,"–– Yozgat İli, Sorgun İlçesinde S: 39502 Numaralı IV. Grup Maden (Linyit) İşletme Ruhsatlı Sahada, Ruhsata Konu Maden Üretimine Devam Edilebilmesi İçin İhtiyaç Duyulan Taşınmazın Maden ve Petrol İşleri Genel Müdürlüğü Tarafından Acele Kamulaştırılması Hakkında Karar (Karar Sayısı: 7325)",https://www.resmigazete.gov.tr/eskiler/2023/06/20230624-9.pdf
2023-06-24,–– Sınırları Gösterilen Alanın Cebelibereket Erzin Enerji İhtisas Endüstri Bölgesi Olarak İlan Edilmesi Hakkında Karar (Karar Sayısı: 7326),https://www.resmigazete.gov.tr/eskiler/2023/06/20230624-10.pdf
2023-06-24,"–– Kocaeli İli, Kartepe İlçesinde Bulunan Alanın Yıldızlar Yatırım Holding Anonim Şirketi Kocaeli Özel Endüstri Bölgesi Olarak İlan Edilmesi Hakkında Karar (Karar Sayısı: 7327)",https://www.resmigazete.gov.tr/eskiler/2023/06/20230624-11.pdf
2023-06-24,–– Kamu Kurum ve Kuruluşlarının Ürettikleri Bazı Mal ve Hizmetlerden Ücretsiz veya İndirimli Olarak Faydalanacakların Tespitine İlişkin Karar (Karar Sayısı: 7328),https://www.resmigazete.gov.tr/eskiler/2023/06/20230624-12.pdf
2023-06-24,–– Kamu Kurum ve Kuruluşlarının Ürettikleri Bazı Mal ve Hizmetlerden Ücretsiz veya İndirimli Olarak Faydalanacakların Tespitine İlişkin Karar (Karar Sayısı: 7329),https://www.resmigazete.gov.tr/eskiler/2023/06/20230624-13.pdf
2023-06-24,–– Ekli Listede Yer Alan Maddelerin 2313 Sayılı Uyuşturucu Maddelerin Murakabesi Hakkında Kanun Hükümlerine Tabi Tutulması Hakkında Karar (Karar Sayısı: 7330),https://www.resmigazete.gov.tr/eskiler/2023/06/20230624-14.pdf
2023-06-24,"–– Türkiye Cumhuriyeti Hazine ve Maliye Bakanlığı, Mali Suçları Araştırma Kurulu Başkanlığı (MASAK) ile Guatemala Cumhuriyeti Bankacılık Denetleme Kurumu Özel Soruşturma Birimi (IVE) Arasında Karapara ve Diğer Varlıkların Aklanması, Bağlantılı Öncül Suçlar ve Terörizmin Finansmanı Hakkında Bilgi Değişiminde İşbirliğine Dair Mutabakat Muhtırasının Onaylanması Hakkında Karar (Karar Sayısı: 7331)",https://www.resmigazete.gov.tr/eskiler/2023/06/20230624-15.pdf
2023-06-24,–– Türkiye Cumhuriyeti ile Özbekistan Cumhuriyeti Arasındaki Tercihli Ticaret Anlaşması Çerçevesindeki Ticarette Eşyanın Tercihli Menşeinin Tespiti Hakkında Yönetmelik,https://www.resmigazete.gov.tr/eskiler/2023/06/20230624-2.htm
2023-06-24,–– AB’den Sağlanacak Katılım Öncesi Fonların ve AB Programlarına Katılımın Yönetimi ile İlgili 2023/11 Sayılı Cumhurbaşkanlığı Genelgesi,https://www.resmigazete.gov.tr/eskiler/2023/06/20230624-3.pdf
2023-06-24,–– Asgari Ücret Tespit Komisyonu Kararı,https://www.resmigazete.gov.tr/eskiler/2023/06/20230624-4.pdf
2023-06-24,–– Reeskont ve Avans İşlemlerinde Uygulanacak Faiz Oranlarının Tespiti,https://www.resmigazete.gov.tr/eskiler/2023/06/20230624-5.pdf
2023-06-24,"–– Enerji Piyasası Düzenleme Kurulunun 22/06/2023 Tarihli ve 11917, 11923, 11928, 11929 ve 11930 Sayılı Kararları",https://www.resmigazete.gov.tr/eskiler/2023/06/20230624-6.pdf
2023-06-24,a - Yargı İlânları,http://www.resmigazete.gov.tr/main.aspx?home=http://www.resmigazete.gov.tr/ilanlar/eskiilanlar/2023/06/20230624.htm&main=http://www.resmigazete.gov.tr/ilanlar/eskiilanlar/2023/06/20230624-2.htm
2023-06-24,"b - Artırma, Eksiltme ve İhale İlânları",http://www.resmigazete.gov.tr/main.aspx?home=http://www.resmigazete.gov.tr/ilanlar/eskiilanlar/2023/06/20230624.htm&main=http://www.resmigazete.gov.tr/ilanlar/eskiilanlar/2023/06/20230624-3.htm
2023-06-24,c - Çeşitli İlânlar,http://www.resmigazete.gov.tr/main.aspx?home=http://www.resmigazete.gov.tr/ilanlar/eskiilanlar/2023/06/20230624.htm&main=http://www.resmigazete.gov.tr/ilanlar/eskiilanlar/2023/06/20230624-4.htm
2023-06-24,– T.C. Merkez Bankasınca Belirlenen Döviz Kurları ve Devlet İç Borçlanma Senetlerinin Günlük Değerleri,http://www.resmigazete.gov.tr/main.aspx?home=http://www.resmigazete.gov.tr/ilanlar/eskiilanlar/2023/06/20230624.htm&main=http://www.resmigazete.gov.tr/ilanlar/eskiilanlar/2023/06/20230624-5.htm
2023-06-25,–– Necmettin Erbakan Üniversitesi Lisansüstü Eğitim ve Öğretim Yönetmeliği,https://www.resmigazete.gov.tr/eskiler/2023/06/20230625-1.htm
2023-06-25,–– Necmettin Erbakan Üniversitesi Ön Lisans ve Lisans Eğitim-Öğretim ve Sınav Yönetmeliğinde Değişiklik Yapılmasına Dair Yönetmelik,https://www.resmigazete.gov.tr/eskiler/2023/06/20230625-2.htm
2023-06-25,–– Necmettin Erbakan Üniversitesi Sağlık Bilimleri Enstitüsü Lisansüstü Eğitim ve Öğretim Yönetmeliğinin Yürürlükten Kaldırılmasına Dair Yönetmelik,https://www.resmigazete.gov.tr/eskiler/2023/06/20230625-3.htm
2023-06-25,–– Menkul Kıymet Tesisi Hakkında Tebliğde Değişiklik Yapılmasına Dair Tebliğ (Sayı: 2023/14),https://www.resmigazete.gov.tr/eskiler/2023/06/20230625-4.htm
2023-06-25,–– Sosyal Güvenlik Kurumu Sağlık Uygulama Tebliğinde Değişiklik Yapılmasına Dair Tebliğ,https://www.resmigazete.gov.tr/eskiler/2023/06/20230625-5.pdf
2023-06-25,–– Sağlık Hizmetleri Fiyatlandırma Komisyonu Kararı,https://www.resmigazete.gov.tr/eskiler/2023/06/20230625-6.pdf
2023-06-25,a - Yargı İlânları,http://www.resmigazete.gov.tr/main.aspx?home=http://www.resmigazete.gov.tr/ilanlar/eskiilanlar/2023/06/20230625.htm&main=http://www.resmigazete.gov.tr/ilanlar/eskiilanlar/2023/06/20230625-2.htm
2023-06-25,"b - Artırma, Eksiltme ve İhale İlânları",http://www.resmigazete.gov.tr/main.aspx?home=http://www.resmigazete.gov.tr/ilanlar/eskiilanlar/2023/06/20230625.htm&main=http://www.resmigazete.gov.tr/ilanlar/eskiilanlar/2023/06/20230625-3.htm
2023-06-25,c - Çeşitli İlânlar,http://www.resmigazete.gov.tr/main.aspx?home=http://www.resmigazete.gov.tr/ilanlar/eskiilanlar/2023/06/20230625.htm&main=http://www.resmigazete.gov.tr/ilanlar/eskiilanlar/2023/06/20230625-4.htm
2023-06-25,– T.C. Merkez Bankasınca Belirlenen Devlet İç Borçlanma Senetlerinin Günlük Değerleri,http://www.resmigazete.gov.tr/main.aspx?home=http://www.resmigazete.gov.tr/ilanlar/eskiilanlar/2023/06/20230625.htm&main=http://www.resmigazete.gov.tr/ilanlar/eskiilanlar/2023/06/20230625-5.htm
2023-06-26,"–– Cumhurbaşkanlığı Tarafından Yapılan Atamalar Hakkında Kararlar (Karar: 2023/309, 310, 311, 312, 313, 314)",https://www.resmigazete.gov.tr/eskiler/2023/06/20230626-10.pdf
2023-06-26,–– Orta Doğu Teknik Üniversitesi Afet Yönetimi Uygulama ve Araştırma Merkezi Yönetmeliğinde Değişiklik Yapılmasına Dair Yönetmelik,https://www.resmigazete.gov.tr/eskiler/2023/06/20230626-1.htm
2023-06-26,"–– Orta Doğu Teknik Üniversitesi Bilgisayar Destekli Tasarım, İmalat ve Robotik Araştırma ve Uygulama Merkezi Yönetmeliğinde Değişiklik Yapılmasına Dair Yönetmelik",https://www.resmigazete.gov.tr/eskiler/2023/06/20230626-2.htm
2023-06-26,–– Orta Doğu Teknik Üniversitesi Görsel-İşitsel Sistemler Araştırma ve Uygulama Merkezi Yönetmeliğinde Değişiklik Yapılmasına Dair Yönetmelik,https://www.resmigazete.gov.tr/eskiler/2023/06/20230626-3.htm
2023-06-26,–– Orta Doğu Teknik Üniversitesi Karadeniz ve Orta Asya Ülkeleri Araştırma Merkezi Yönetmeliğinde Değişiklik Yapılmasına Dair Yönetmelik,https://www.resmigazete.gov.tr/eskiler/2023/06/20230626-4.htm
2023-06-26,–– Orta Doğu Teknik Üniversitesi Kaynak Teknolojisi ve Tahribatsız Muayene Araştırma ve Uygulama Merkezi Yönetmeliğinde Değişiklik Yapılmasına Dair Yönetmelik,https://www.resmigazete.gov.tr/eskiler/2023/06/20230626-5.htm
2023-06-26,–– Orta Doğu Teknik Üniversitesi Sürekli Eğitim Merkezi Yönetmeliğinde Değişiklik Yapılmasına Dair Yönetmelik,https://www.resmigazete.gov.tr/eskiler/2023/06/20230626-6.htm
2023-06-26,–– Orta Doğu Teknik Üniversitesi Tarihsel Çevre Değerlerini Araştırma Merkezi (TAÇDAM) Yönetmeliğinde Değişiklik Yapılmasına Dair Yönetmelik,https://www.resmigazete.gov.tr/eskiler/2023/06/20230626-7.htm
2023-06-26,–– Orta Doğu Teknik Üniversitesi Toplum ve Bilim Uygulama ve Araştırma Merkezi Yönetmeliğinde Değişiklik Yapılmasına Dair Yönetmelik,https://www.resmigazete.gov.tr/eskiler/2023/06/20230626-8.htm
2023-06-26,–– Orta Doğu Teknik Üniversitesi Yapılı Çevre ve Tasarım Uygulama ve Araştırma Merkezi Yönetmeliğinde Değişiklik Yapılmasına Dair Yönetmelik,https://www.resmigazete.gov.tr/eskiler/2023/06/20230626-9.htm
2023-06-26,"- Artırma, Eksiltme ve İhale İlânları",http://www.resmigazete.gov.tr/main.aspx?home=http://www.resmigazete.gov.tr/ilanlar/eskiilanlar/2023/06/20230626.htm&main=http://www.resmigazete.gov.tr/ilanlar/eskiilanlar/2023/06/20230626-3.htm
2023-06-26,- Çeşitli İlânlar,http://www.resmigazete.gov.tr/main.aspx?home=http://www.resmigazete.gov.tr/ilanlar/eskiilanlar/2023/06/20230626.htm&main=http://www.resmigazete.gov.tr/ilanlar/eskiilanlar/2023/06/20230626-4.htm
2023-06-26,– T.C. Merkez Bankasınca Belirlenen Devlet İç Borçlanma Senetlerinin Günlük Değerleri,http://www.resmigazete.gov.tr/main.aspx?home=http://www.resmigazete.gov.tr/ilanlar/eskiilanlar/2023/06/20230626.htm&main=http://www.resmigazete.gov.tr/ilanlar/eskiilanlar/2023/06/20230626-5.htm
2023-06-27,–– Millî Eğitim Bakanlığı Ortaöğretim Kurumları Yönetmeliğinde Değişiklik Yapılmasına Dair Yönetmelik,https://www.resmigazete.gov.tr/eskiler/2023/06/20230627-1.htm
2023-06-27,–– Millî Eğitim Bakanlığına Bağlı Özel Program ve Proje Uygulayan Eğitim Kurumlarına Öğretmen Atama ve Yönetici Görevlendirme Yönetmeliğinde Değişiklik Yapılmasına Dair Yönetmelik,https://www.resmigazete.gov.tr/eskiler/2023/06/20230627-2.htm
2023-06-27,–– Ödeme Hizmetleri ve Elektronik Para İhracı ile Ödeme Hizmeti Sağlayıcıları Hakkında Yönetmelikte Değişiklik Yapılmasına Dair Yönetmelik,https://www.resmigazete.gov.tr/eskiler/2023/06/20230627-3.htm
2023-06-27,–– İstanbul Sağlık ve Sosyal Bilimler Meslek Yüksekokulu Eğitim Öğretim ve Sınav Yönetmeliği,https://www.resmigazete.gov.tr/eskiler/2023/06/20230627-4.htm
2023-06-27,–– Ödeme ve Elektronik Para Kuruluşlarının Bilgi Sistemleri ile Ödeme Hizmeti Sağlayıcılarının Ödeme Hizmetleri Alanındaki Veri Paylaşım Servislerine İlişkin Tebliğde Değişiklik Yapılmasına Dair Tebliğ,https://www.resmigazete.gov.tr/eskiler/2023/06/20230627-5.htm
2023-06-27,"–– Anayasa Mahkemesinin 25/1/2023 Tarihli ve E: 2020/30, K: 2023/12 Sayılı Kararı",https://www.resmigazete.gov.tr/eskiler/2023/06/20230627-6.pdf
2023-06-27,"a - Artırma, Eksiltme ve İhale İlânları",http://www.resmigazete.gov.tr/main.aspx?home=http://www.resmigazete.gov.tr/ilanlar/eskiilanlar/2023/06/20230627.htm&main=http://www.resmigazete.gov.tr/ilanlar/eskiilanlar/2023/06/20230627-3.htm
2023-06-27,- Çeşitli İlânlar,http://www.resmigazete.gov.tr/main.aspx?home=http://www.resmigazete.gov.tr/ilanlar/eskiilanlar/2023/06/20230627.htm&main=http://www.resmigazete.gov.tr/ilanlar/eskiilanlar/2023/06/20230627-4.htm
2023-06-27,– T.C. Merkez Bankasınca Belirlenen Döviz Kurları ve Devlet İç Borçlanma Senetlerinin Günlük Değerleri,http://www.resmigazete.gov.tr/main.aspx?home=http://www.resmigazete.gov.tr/ilanlar/eskiilanlar/2023/06/20230627.htm&main=http://www.resmigazete.gov.tr/ilanlar/eskiilanlar/2023/06/20230627-5.htm
2023-06-28,–– 193 Sayılı Gelir Vergisi Kanununun Geçici 67 nci Maddesinde Yer Alan Tevkifat Oranları Hakkında Karar (Karar Sayısı: 7332),https://www.resmigazete.gov.tr/eskiler/2023/06/20230628-1.pdf
2023-06-28,"a - Artırma, Eksiltme ve İhale İlânları",http://www.resmigazete.gov.tr/main.aspx?home=http://www.resmigazete.gov.tr/ilanlar/eskiilanlar/2023/06/20230628.htm&main=http://www.resmigazete.gov.tr/ilanlar/eskiilanlar/2023/06/20230628-3.htm
2023-06-28,b - Çeşitli İlânlar,http://www.resmigazete.gov.tr/main.aspx?home=http://www.resmigazete.gov.tr/ilanlar/eskiilanlar/2023/06/20230628.htm&main=http://www.resmigazete.gov.tr/ilanlar/eskiilanlar/2023/06/20230628-4.htm
2023-06-28,– T.C. Merkez Bankasınca Belirlenen Devlet İç Borçlanma Senetlerinin Günlük Değerleri,http://www.resmigazete.gov.tr/main.aspx?home=http://www.resmigazete.gov.tr/ilanlar/eskiilanlar/2023/06/20230628.htm&main=http://www.resmigazete.gov.tr/ilanlar/eskiilanlar/2023/06/20230628-5.htm
2023-06-29,"15/7/2018 tarihli ve 30479 sayılı Resmî Gazete'de yayımlanan ""Resmî Gazete Hakkında Cumhurbaşkanlığı Kararnamesi (Kararname Numarası: 10)"" uyarınca bugün Resmî Gazete yayımlanmamaktadır.",https://www.resmigazete.gov.tr/eskiler/2023/06/20110101-1.htm
2023-06-30,"15/7/2018 tarihli ve 30479 sayılı Resmî Gazete'de yayımlanan ""Resmî Gazete Hakkında Cumhurbaşkanlığı Kararnamesi (Kararname Numarası: 10)"" uyarınca bugün Resmî Gazete yayımlanmamaktadır.",https://www.resmigazete.gov.tr/eskiler/2023/06/20110101-1.htm
2023-07-01,"15/7/2018 tarihli ve 30479 sayılı Resmî Gazete'de yayımlanan ""Resmî Gazete Hakkında Cumhurbaşkanlığı Kararnamesi (Kararname Numarası: 10)"" uyarınca bugün Resmî Gazete yayımlanmamaktadır.",https://www.resmigazete.gov.tr/eskiler/2023/07/20110101-1.htm
2023-07-02,–– Antalya AKEV Üniversitesi Lisansüstü Eğitim-Öğretim ve Sınav Yönetmeliğinde Değişiklik Yapılmasına Dair Yönetmelik,https://www.resmigazete.gov.tr/eskiler/2023/07/20230702-1.htm
2023-07-02,–– Antalya AKEV Üniversitesi Ön Lisans ve Lisans Eğitim-Öğretim ve Sınav Yönetmeliğinde Değişiklik Yapılmasına Dair Yönetmelik,https://www.resmigazete.gov.tr/eskiler/2023/07/20230702-2.htm
2023-07-02,a - Yargı İlânları,http://www.resmigazete.gov.tr/main.aspx?home=http://www.resmigazete.gov.tr/ilanlar/eskiilanlar/2023/07/20230702.htm&main=http://www.resmigazete.gov.tr/ilanlar/eskiilanlar/2023/07/20230702-2.htm
2023-07-02,"b - Artırma, Eksiltme ve İhale İlânları",http://www.resmigazete.gov.tr/main.aspx?home=http://www.resmigazete.gov.tr/ilanlar/eskiilanlar/2023/07/20230702.htm&main=http://www.resmigazete.gov.tr/ilanlar/eskiilanlar/2023/07/20230702-3.htm
2023-07-02,c - Çeşitli İlânlar,http://www.resmigazete.gov.tr/main.aspx?home=http://www.resmigazete.gov.tr/ilanlar/eskiilanlar/2023/07/20230702.htm&main=http://www.resmigazete.gov.tr/ilanlar/eskiilanlar/2023/07/20230702-4.htm
2023-07-02,– T.C. Merkez Bankasınca Belirlenen Devlet İç Borçlanma Senetlerinin Günlük Değerleri,http://www.resmigazete.gov.tr/main.aspx?home=http://www.resmigazete.gov.tr/ilanlar/eskiilanlar/2023/07/20230702.htm&main=http://www.resmigazete.gov.tr/ilanlar/eskiilanlar/2023/07/20230702-5.htm
2023-07-03,–– İstanbul Aydın Üniversitesi Ön Lisans ve Lisans Eğitim Öğretim ve Sınav Yönetmeliği,https://www.resmigazete.gov.tr/eskiler/2023/07/20230703-1.htm
2023-07-03,"- Artırma, Eksiltme ve İhale İlânları",http://www.resmigazete.gov.tr/main.aspx?home=http://www.resmigazete.gov.tr/ilanlar/eskiilanlar/2023/07/20230703.htm&main=http://www.resmigazete.gov.tr/ilanlar/eskiilanlar/2023/07/20230703-3.htm
2023-07-03,- Çeşitli İlânlar,http://www.resmigazete.gov.tr/main.aspx?home=http://www.resmigazete.gov.tr/ilanlar/eskiilanlar/2023/07/20230703.htm&main=http://www.resmigazete.gov.tr/ilanlar/eskiilanlar/2023/07/20230703-4.htm
2023-07-03,– T.C. Merkez Bankasınca Belirlenen Devlet İç Borçlanma Senetlerinin Günlük Değerleri,http://www.resmigazete.gov.tr/main.aspx?home=http://www.resmigazete.gov.tr/ilanlar/eskiilanlar/2023/07/20230703.htm&main=http://www.resmigazete.gov.tr/ilanlar/eskiilanlar/2023/07/20230703-5.htm
2023-07-04,"–– Türkiye Cumhuriyeti Hazine ve Maliye Bakanlığı, Türkiye Kalkınma ve Yatırım Bankası A.Ş. (TKYB) ve Alman Kalkınma Bankası (KfW) Arasında 6/4/2023 Tarihinde İmzalanan Hibe Anlaşması",https://www.resmigazete.gov.tr/eskiler/2023/07/20230704-1.pdf
2023-07-04,"–– Türkiye Cumhuriyeti Hazine ve Maliye Bakanlığı, Türkiye Sınai Kalkınma Bankası A.Ş. (TSKB) ve Alman Kalkınma Bankası (KfW) Arasında 6/4/2023 Tarihinde İmzalanan Hibe Anlaşması",https://www.resmigazete.gov.tr/eskiler/2023/07/20230704-2.pdf
2023-07-04,–– Bazı Kamu Kurum ve Kuruluşlarına Ait Dolu ve Boş Kadrolarda Değişiklik Yapılması Hakkında Karar (Karar: 2023/317),https://www.resmigazete.gov.tr/eskiler/2023/07/20230704-3.pdf
2023-07-04,–– Bazı Kamu İktisadi Teşebbüslerine Ait Kadro ve Pozisyonların İptali ve İhdası Hakkında Karar (Karar: 2023/318),https://www.resmigazete.gov.tr/eskiler/2023/07/20230704-4.pdf
2023-07-04,–– Kamu İktisadi Teşebbüslerinde Uygulanacak Ücretlerin Tespitine İlişkin Kararda Değişiklik Yapılmasına Dair Karar (Karar: 2023/319),https://www.resmigazete.gov.tr/eskiler/2023/07/20230704-5.pdf
2023-07-04,–– 4688 Sayılı Kamu Görevlileri Sendikaları ve Toplu Sözleşme Kanunu Gereğince Kamu Görevlileri Sendikaları ile Konfederasyonların Üye Sayılarına İlişkin 2023 Temmuz İstatistikleri Hakkında Tebliğ,https://www.resmigazete.gov.tr/eskiler/2023/07/20230704-6.pdf
2023-07-04,–– Enerji Piyasası Düzenleme Kurulunun 03/07/2023 Tarihli ve 11933 Sayılı Kararı,https://www.resmigazete.gov.tr/eskiler/2023/07/20230704-7.pdf
2023-07-04,"–– Anayasa Mahkemesinin 22/2/2023 Tarihli ve E: 2020/47, K: 2023/36 Sayılı Kararı",https://www.resmigazete.gov.tr/eskiler/2023/07/20230704-8.pdf
2023-07-04,–– Anayasa Mahkemesinin 23/3/2023 Tarihli ve 2019/23351 Başvuru Numaralı Kararı,https://www.resmigazete.gov.tr/eskiler/2023/07/20230704-9.pdf
2023-07-04,–– Anayasa Mahkemesinin 10/5/2023 Tarihli ve 2019/16719 Başvuru Numaralı Kararı,https://www.resmigazete.gov.tr/eskiler/2023/07/20230704-10.pdf
2023-07-04,a - Yargı İlânları,http://www.resmigazete.gov.tr/main.aspx?home=http://www.resmigazete.gov.tr/ilanlar/eskiilanlar/2023/07/20230704.htm&main=http://www.resmigazete.gov.tr/ilanlar/eskiilanlar/2023/07/20230704-2.htm
2023-07-04,"b - Artırma, Eksiltme ve İhale İlânları",http://www.resmigazete.gov.tr/main.aspx?home=http://www.resmigazete.gov.tr/ilanlar/eskiilanlar/2023/07/20230704.htm&main=http://www.resmigazete.gov.tr/ilanlar/eskiilanlar/2023/07/20230704-3.htm
2023-07-04,c - Çeşitli İlânlar,http://www.resmigazete.gov.tr/main.aspx?home=http://www.resmigazete.gov.tr/ilanlar/eskiilanlar/2023/07/20230704.htm&main=http://www.resmigazete.gov.tr/ilanlar/eskiilanlar/2023/07/20230704-4.htm
2023-07-04,– T.C. Merkez Bankasınca Belirlenen Döviz Kurları ve Devlet İç Borçlanma Senetlerinin Günlük Değerleri,http://www.resmigazete.gov.tr/main.aspx?home=http://www.resmigazete.gov.tr/ilanlar/eskiilanlar/2023/07/20230704.htm&main=http://www.resmigazete.gov.tr/ilanlar/eskiilanlar/2023/07/20230704-5.htm
2023-07-05,–– İstanbul Rumeli Üniversitesi Yaz Öğretimi Yönetmeliğinde Değişiklik Yapılmasına Dair Yönetmelik,https://www.resmigazete.gov.tr/eskiler/2023/07/20230705-1.htm
2023-07-05,–– İzmir Tınaztepe Üniversitesi Tıp Fakültesi Eğitim Öğretim ve Sınav Yönetmeliğinde Değişiklik Yapılmasına Dair Yönetmelik,https://www.resmigazete.gov.tr/eskiler/2023/07/20230705-2.htm
2023-07-05,a - Yargı İlânları,http://www.resmigazete.gov.tr/main.aspx?home=http://www.resmigazete.gov.tr/ilanlar/eskiilanlar/2023/07/20230705.htm&main=http://www.resmigazete.gov.tr/ilanlar/eskiilanlar/2023/07/20230705-2.htm
2023-07-05,"b - Artırma, Eksiltme ve İhale İlânları",http://www.resmigazete.gov.tr/main.aspx?home=http://www.resmigazete.gov.tr/ilanlar/eskiilanlar/2023/07/20230705.htm&main=http://www.resmigazete.gov.tr/ilanlar/eskiilanlar/2023/07/20230705-3.htm
2023-07-05,c - Çeşitli İlânlar,http://www.resmigazete.gov.tr/main.aspx?home=http://www.resmigazete.gov.tr/ilanlar/eskiilanlar/2023/07/20230705.htm&main=http://www.resmigazete.gov.tr/ilanlar/eskiilanlar/2023/07/20230705-4.htm
2023-07-05,– T.C. Merkez Bankasınca Belirlenen Döviz Kurları ve Devlet İç Borçlanma Senetlerinin Günlük Değerleri,http://www.resmigazete.gov.tr/main.aspx?home=http://www.resmigazete.gov.tr/ilanlar/eskiilanlar/2023/07/20230705.htm&main=http://www.resmigazete.gov.tr/ilanlar/eskiilanlar/2023/07/20230705-5.htm
2023-07-06,–– İkinci El Motorlu Kara Taşıtlarının Ticareti Hakkında Yönetmelikte Değişiklik Yapılmasına Dair Yönetmelik,https://www.resmigazete.gov.tr/eskiler/2023/07/20230706-1.htm
2023-07-06,–– Çukurova Üniversitesi Öğretim Elemanlarının Çukurova Teknoloji Geliştirme Bölgesinde Görevlendirilme ve Şirket Kurabilmelerine Dair Yönetmelikte Değişiklik Yapılmasına Dair Yönetmelik,https://www.resmigazete.gov.tr/eskiler/2023/07/20230706-2.htm
2023-07-06,a - Yargı İlânları,http://www.resmigazete.gov.tr/main.aspx?home=http://www.resmigazete.gov.tr/ilanlar/eskiilanlar/2023/07/20230706.htm&main=http://www.resmigazete.gov.tr/ilanlar/eskiilanlar/2023/07/20230706-2.htm
2023-07-06,"b - Artırma, Eksiltme ve İhale İlânları",http://www.resmigazete.gov.tr/main.aspx?home=http://www.resmigazete.gov.tr/ilanlar/eskiilanlar/2023/07/20230706.htm&main=http://www.resmigazete.gov.tr/ilanlar/eskiilanlar/2023/07/20230706-3.htm
2023-07-06,c - Çeşitli İlânlar,http://www.resmigazete.gov.tr/main.aspx?home=http://www.resmigazete.gov.tr/ilanlar/eskiilanlar/2023/07/20230706.htm&main=http://www.resmigazete.gov.tr/ilanlar/eskiilanlar/2023/07/20230706-4.htm
2023-07-06,– T.C. Merkez Bankasınca Belirlenen Döviz Kurları ve Devlet İç Borçlanma Senetlerinin Günlük Değerleri,http://www.resmigazete.gov.tr/main.aspx?home=http://www.resmigazete.gov.tr/ilanlar/eskiilanlar/2023/07/20230706.htm&main=http://www.resmigazete.gov.tr/ilanlar/eskiilanlar/2023/07/20230706-5.htm
2023-07-07,1376 Balıkçılık ve Su Ürünleri Sektöründe Yaşanan Sorunların Araştırılarak Alınması Gereken Tedbirlerin Belirlenmesi Amacıyla Bir Meclis Araştırması Komisyonu Kurulmasına Dair Karar,https://www.resmigazete.gov.tr/eskiler/2023/07/20230707-1.pdf
2023-07-07,1377 İçişleri Komisyonunun Türkiye Büyük Millet Meclisinin Tatili ve Aravermesi Sırasında Çalışabilmesine İlişkin Karar,https://www.resmigazete.gov.tr/eskiler/2023/07/20230707-2.pdf
2023-07-07,1378 Plan ve Bütçe Komisyonunun Türkiye Büyük Millet Meclisinin Tatili ve Aravermesi Sırasında Çalışabilmesine İlişkin Karar,https://www.resmigazete.gov.tr/eskiler/2023/07/20230707-3.pdf
2023-07-07,1379 İnsan Haklarını İnceleme Komisyonunun Türkiye Büyük Millet Meclisinin Tatili ve Aravermesi Sırasında Çalışabilmesine İlişkin Karar,https://www.resmigazete.gov.tr/eskiler/2023/07/20230707-4.pdf
2023-07-07,1380 Kamu İktisadi Teşebbüsleri Komisyonunun Türkiye Büyük Millet Meclisinin Tatili ve Aravermesi Sırasında Çalışabilmesine İlişkin Karar,https://www.resmigazete.gov.tr/eskiler/2023/07/20230707-5.pdf
2023-07-07,1381 Kadın Erkek Fırsat Eşitliği Komisyonunun Türkiye Büyük Millet Meclisinin Tatili ve Aravermesi Sırasında Çalışabilmesine İlişkin Karar,https://www.resmigazete.gov.tr/eskiler/2023/07/20230707-6.pdf
2023-07-07,–– 2023 Yılı Türkiye Cumhuriyeti Hükümeti ile Kuzey Kıbrıs Türk Cumhuriyeti Hükümeti Arasında İktisadi ve Mali İşbirliği Anlaşmasının Yürürlük Tarihinin 15 Haziran 2023 Olarak Tespit Edilmesi Hakkında Karar (Karar Sayısı: 7342),https://www.resmigazete.gov.tr/eskiler/2023/07/20230707-7.pdf
2023-07-07,–– 193 Sayılı Gelir Vergisi Kanununun 94 üncü Maddesinde Yer Alan Tevkifat Nispetlerine İlişkin 12/1/2009 Tarihli ve 2009/14592 Sayılı Bakanlar Kurulu Kararının Eki Kararda Değişiklik Yapılması Hakkında Karar (Karar Sayısı: 7343),https://www.resmigazete.gov.tr/eskiler/2023/07/20230707-8.pdf
2023-07-07,–– 492 Sayılı Harçlar Kanununa Bağlı Tarifelerde Yer Alan Maktu Harç Tutarlarının Yeniden Belirlenmesine Dair Karar (Karar Sayısı: 7344),https://www.resmigazete.gov.tr/eskiler/2023/07/20230707-9.pdf
2023-07-07,–– 6802 Sayılı Gider Vergileri Kanununun 33 üncü Maddesinde Yer Alan Banka ve Sigorta Muameleleri Vergisi Nispetlerinin Tespiti Hakkındaki 28/8/1998 Tarihli ve 98/11591 Sayılı Bakanlar Kurulu Kararının Eki Kararda Değişiklik Yapılmasına İlişkin Karar (Karar Sayısı: 7345),https://www.resmigazete.gov.tr/eskiler/2023/07/20230707-10.pdf
2023-07-07,–– Mal ve Hizmetlere Uygulanacak Katma Değer Vergisi Oranlarının Tespitine İlişkin Kararda Değişiklik Yapılmasına Dair Karar (Karar Sayısı: 7346),https://www.resmigazete.gov.tr/eskiler/2023/07/20230707-11.pdf
2023-07-07,"–– 5602 Sayılı Şans Oyunları Hasılatından Alınan Vergi, Fon ve Payların Düzenlenmesi Hakkında Kanunun 6 ncı Maddesinin Dördüncü Fıkrasındaki Oranların Yeniden Belirlenmesine İlişkin Karar (Karar Sayısı: 7347)",https://www.resmigazete.gov.tr/eskiler/2023/07/20230707-12.pdf
2023-07-07,"–– Bursa İlinde Yapılacak Olan Hibrid Araç İçin Motor, Batarya ve Alüminyum Motor Bloğu Döküm Üretim Tesisi Yatırımına Proje Bazlı Devlet Yardımı Verilmesine İlişkin 30/4/2018 Tarihli ve 2018/11715 Sayılı Bakanlar Kurulu Kararında Değişiklik Yapılmasına Dair Karar (Karar Sayısı: 7348)",https://www.resmigazete.gov.tr/eskiler/2023/07/20230707-13.pdf
2023-07-07,–– Kamu Kurum ve Kuruluşlarının Ürettikleri Bazı Mal ve Hizmetlerden Ücretsiz veya İndirimli Olarak Faydalanacakların Tespitine İlişkin Karar (Karar Sayısı: 7349),https://www.resmigazete.gov.tr/eskiler/2023/07/20230707-14.pdf
2023-07-07,"–– Hakkari İli, Yüksekova İlçesine Doğal Gaz Arzı Sağlanabilmesi Amacıyla Kurulacak RMS-A Şehir Giriş İstasyonunun Yapımı Amacıyla, İnanlı Köyü Sınırları İçerisindeki 101 Ada, 1 Parsel Numaralı Taşınmazın Enerji Piyasası Düzenleme Kurumu Tarafından Acele Kamulaştırılması Hakkında Karar (Karar Sayısı: 7350)",https://www.resmigazete.gov.tr/eskiler/2023/07/20230707-15.pdf
2023-07-07,–– Balıkesir İlinde Kurulacak Tatlıpınar RES Yardımcı Kaynak GES Elektrik Üretim Tesisi İçin Gerekli Olan ve Bulundukları Yer ile Ada ve Parsel Numaraları Belirtilen Taşınmazların Enerji Piyasası Düzenleme Kurumu Tarafından Acele Kamulaştırılması Hakkında Karar (Karar Sayısı: 7351),https://www.resmigazete.gov.tr/eskiler/2023/07/20230707-16.pdf
2023-07-07,–– Sinop İlinde Kurulacak Hamsi RES-Yardımcı Kaynak GES Elektrik Üretim Tesisi İçin Gerekli Olan ve Bulundukları Yer ile Ada ve Parsel Numaraları Belirtilen Taşınmazların Enerji Piyasası Düzenleme Kurumu Tarafından Acele Kamulaştırılması Hakkında Karar (Karar Sayısı: 7352),https://www.resmigazete.gov.tr/eskiler/2023/07/20230707-17.pdf
2023-07-07,–– Manisa İlinde Kurulacak Kuyucak RES Yardımcı Kaynak GES Elektrik Üretim Tesisi İçin Gerekli Olan ve Bulundukları Yer ile Ada ve Parsel Numaraları Belirtilen Taşınmazların Enerji Piyasası Düzenleme Kurumu Tarafından Acele Kamulaştırılması Hakkında Karar (Karar Sayısı: 7353),https://www.resmigazete.gov.tr/eskiler/2023/07/20230707-18.pdf
2023-07-07,"–– Ağrı İli, Taşlıçay İlçesine Doğal Gaz Arzı Ulaştırılabilmesi İçin İhtiyaç Duyulan RMS-A Şehir Giriş İstasyonunun Yapımı Amacıyla, Yassıkaya Köyü Sınırları İçerisindeki 461 Parsel Numaralı Taşınmazın Enerji Piyasası Düzenleme Kurumu Tarafından Acele Kamulaştırılması Hakkında Karar (Karar Sayısı: 7354)",https://www.resmigazete.gov.tr/eskiler/2023/07/20230707-19.pdf
2023-07-07,–– 154 kV (Nacarlı-Yeni Şehitlik) Brş.N. Tarsus OSB Enerji İletim Hattı Projesi Kapsamında Gösterilen Güzergâha İsabet Eden Taşınmazların Türkiye Elektrik İletim Anonim Şirketi Genel Müdürlüğü Tarafından Acele Kamulaştırılması Hakkında Karar (Karar Sayısı: 7355),https://www.resmigazete.gov.tr/eskiler/2023/07/20230707-20.pdf
2023-07-07,–– Bağlantı Anlaşması Uyarınca Tesis Edilecek “154 kV G4-Bor-2 GES TM-Bor OSB TM Enerji İletim Hattı Projesi” Kapsamında Bazı Taşınmazların Türkiye Elektrik İletim Anonim Şirketi Genel Müdürlüğü Tarafından Acele Kamulaştırılması Hakkında Karar (Karar Sayısı: 7356),https://www.resmigazete.gov.tr/eskiler/2023/07/20230707-21.pdf
2023-07-07,–– Bağlantı Anlaşması Uyarınca Tesis Edilecek Olan ve Güzergâhı Gösterilen “154 kV Kemerburgaz RES TM-Çerkezköy OSB TM Enerji İletim Hattı Projesi” Kapsamında Gösterilen Taşınmazın Türkiye Elektrik İletim Anonim Şirketi Genel Müdürlüğü Tarafından Acele Kamulaştırılması Hakkında Karar (Karar Sayısı: 7357),https://www.resmigazete.gov.tr/eskiler/2023/07/20230707-22.pdf
2023-07-07,–– Kamulaştırma Bilgileri ve Güzergâhları Gösterilen Enerji Nakil Hatlarının Yapımı Amacıyla Söz Konusu Güzergâhlara İsabet Eden Taşınmazların Türkiye Elektrik Dağıtım Anonim Şirketi Genel Müdürlüğü Tarafından Acele Kamulaştırılması Hakkında Karar (Karar Sayısı: 7358),https://www.resmigazete.gov.tr/eskiler/2023/07/20230707-23.pdf
2023-07-07,–– Kamulaştırma Bilgileri ve Güzergâhları Gösterilen Enerji Nakil Hatlarının Yapımı Amacıyla Söz Konusu Güzergâhlara İsabet Eden Taşınmazların Türkiye Elektrik Dağıtım Anonim Şirketi Genel Müdürlüğü Tarafından Acele Kamulaştırılması Hakkında Karar (Karar Sayısı: 7359),https://www.resmigazete.gov.tr/eskiler/2023/07/20230707-24.pdf
2023-07-07,–– Kamulaştırma Bilgileri ve Güzergâhları Gösterilen Enerji Nakil Hatlarının Yapımı Amacıyla Söz Konusu Güzergâhlara İsabet Eden Taşınmazların Türkiye Elektrik Dağıtım Anonim Şirketi Genel Müdürlüğü Tarafından Acele Kamulaştırılması Hakkında Karar (Karar Sayısı: 7360),https://www.resmigazete.gov.tr/eskiler/2023/07/20230707-25.pdf
2023-07-07,"–– Hatay İli, Antakya İlçesi Sınırları İçerisinde Bulunan ve Kamulaştırma Bilgileri Yer Alan Taşınmazın, Mevcut Hizmet Binasının 6/2/2023 Tarihinde Yaşanan Depremler Sonrasında Ağır Hasar Almış ve Kullanılamaz Duruma Gelmiş Olması Nedeniyle, Yeni Hizmet Binası Yapılmak Üzere Türkiye Elektrik Dağıtım Anonim Şirketi Genel Müdürlüğü Tarafından Acele Kamulaştırılması Hakkında Karar (Karar Sayısı: 7361)",https://www.resmigazete.gov.tr/eskiler/2023/07/20230707-26.pdf
2023-07-07,–– Kamulaştırma Bilgileri ve Güzergâhları Gösterilen Enerji Nakil Hatlarının Yapımı Amacıyla Söz Konusu Güzergâhlara İsabet Eden Taşınmazların Türkiye Elektrik Dağıtım Anonim Şirketi Genel Müdürlüğü Tarafından Acele Kamulaştırılması Hakkında Karar (Karar Sayısı: 7362),https://www.resmigazete.gov.tr/eskiler/2023/07/20230707-27.pdf
2023-07-07,–– Trabzon Güney Çevre Yolu Akçaabat Geçişi (Darıca-Yıldızlı Arası) Yolu Projesi Kapsamında Bazı Taşınmazların Karayolları Genel Müdürlüğü Tarafından Acele Kamulaştırılması Hakkında Karar (Karar Sayısı: 7363),https://www.resmigazete.gov.tr/eskiler/2023/07/20230707-28.pdf
2023-07-07,–– İstanbul Finans Merkezi Yönetmeliği (Karar Sayısı: 7364),https://www.resmigazete.gov.tr/eskiler/2023/07/20230707-29.pdf
2023-07-07,–– Maltepe Üniversitesi Önlisans ve Lisans Eğitim ve Öğretim ve Sınav Yönetmeliğinde Değişiklik Yapılmasına Dair Yönetmelik,https://www.resmigazete.gov.tr/eskiler/2023/07/20230707-30.htm
2023-07-07,–– Milli Emlak Genel Tebliği (Sıra No: 244)’nde Değişiklik Yapılmasına Dair Tebliğ (Sıra No: 417),https://www.resmigazete.gov.tr/eskiler/2023/07/20230707-31.htm
2023-07-07,–– Türk Lirası Mevduat ve Katılma Hesaplarına Dönüşümün Desteklenmesi Hakkında Tebliğ (Sayı: 2021/14)’de Değişiklik Yapılmasına Dair Tebliğ (Sayı: 2023/15),https://www.resmigazete.gov.tr/eskiler/2023/07/20230707-32.htm
2023-07-07,–– Anayasa Mahkemesinin 29/3/2023 Tarihli ve 2018/37665 Başvuru Numaralı Kararı,https://www.resmigazete.gov.tr/eskiler/2023/07/20230707-33.pdf
2023-07-07,–– Anayasa Mahkemesinin 29/3/2023 Tarihli ve 2019/1819 Başvuru Numaralı Kararı,https://www.resmigazete.gov.tr/eskiler/2023/07/20230707-34.pdf
2023-07-07,–– Anayasa Mahkemesinin 12/4/2023 Tarihli ve 2018/20407 Başvuru Numaralı Kararı,https://www.resmigazete.gov.tr/eskiler/2023/07/20230707-35.pdf
2023-07-07,–– Anayasa Mahkemesinin 10/5/2023 Tarihli ve 2019/14946 Başvuru Numaralı Kararı,https://www.resmigazete.gov.tr/eskiler/2023/07/20230707-36.pdf
2023-07-07,–– Anayasa Mahkemesinin 10/5/2023 Tarihli ve 2020/21148 Başvuru Numaralı Kararı,https://www.resmigazete.gov.tr/eskiler/2023/07/20230707-37.pdf
2023-07-07,a - Yargı İlânları,http://www.resmigazete.gov.tr/main.aspx?home=http://www.resmigazete.gov.tr/ilanlar/eskiilanlar/2023/07/20230707.htm&main=http://www.resmigazete.gov.tr/ilanlar/eskiilanlar/2023/07/20230707-2.htm
2023-07-07,"b - Artırma, Eksiltme ve İhale İlânları",http://www.resmigazete.gov.tr/main.aspx?home=http://www.resmigazete.gov.tr/ilanlar/eskiilanlar/2023/07/20230707.htm&main=http://www.resmigazete.gov.tr/ilanlar/eskiilanlar/2023/07/20230707-3.htm
2023-07-07,c - Çeşitli İlânlar,http://www.resmigazete.gov.tr/main.aspx?home=http://www.resmigazete.gov.tr/ilanlar/eskiilanlar/2023/07/20230707.htm&main=http://www.resmigazete.gov.tr/ilanlar/eskiilanlar/2023/07/20230707-4.htm
2023-07-07,– T.C. Merkez Bankasınca Belirlenen Döviz Kurları ve Devlet İç Borçlanma Senetlerinin Günlük Değerleri,http://www.resmigazete.gov.tr/main.aspx?home=http://www.resmigazete.gov.tr/ilanlar/eskiilanlar/2023/07/20230707.htm&main=http://www.resmigazete.gov.tr/ilanlar/eskiilanlar/2023/07/20230707-5.htm
2023-07-08,–– Homeopatik Tıbbi Ürünler Ruhsatlandırma Yönetmeliği,https://www.resmigazete.gov.tr/eskiler/2023/07/20230708-1.htm
2023-07-08,–– Lokman Hekim Üniversitesi Lisansüstü Eğitim-Öğretim Yönetmeliğinde Değişiklik Yapılmasına Dair Yönetmelik,https://www.resmigazete.gov.tr/eskiler/2023/07/20230708-2.htm
2023-07-08,–– Gümrük Genel Tebliği (Gümrük İşlemleri) (Seri No: 94)’nde Değişiklik Yapılmasına Dair Tebliğ (Gümrük İşlemleri) (Seri No: 192),https://www.resmigazete.gov.tr/eskiler/2023/07/20230708-3.htm
2023-07-08,–– Zorunlu Karşılıklar Hakkında Tebliğ (Sayı: 2013/15)’de Değişiklik Yapılmasına Dair Tebliğ (Sayı: 2023/16),https://www.resmigazete.gov.tr/eskiler/2023/07/20230708-4.htm
2023-07-08,–– Yargıtay 2. Hukuk Dairesine Ait Karar,https://www.resmigazete.gov.tr/eskiler/2023/07/20230708-5.pdf
2023-07-08,a - Yargı İlânları,http://www.resmigazete.gov.tr/main.aspx?home=http://www.resmigazete.gov.tr/ilanlar/eskiilanlar/2023/07/20230708.htm&main=http://www.resmigazete.gov.tr/ilanlar/eskiilanlar/2023/07/20230708-2.htm
2023-07-08,"b - Artırma, Eksiltme ve İhale İlânları",http://www.resmigazete.gov.tr/main.aspx?home=http://www.resmigazete.gov.tr/ilanlar/eskiilanlar/2023/07/20230708.htm&main=http://www.resmigazete.gov.tr/ilanlar/eskiilanlar/2023/07/20230708-3.htm
2023-07-08,c - Çeşitli İlânlar,http://www.resmigazete.gov.tr/main.aspx?home=http://www.resmigazete.gov.tr/ilanlar/eskiilanlar/2023/07/20230708.htm&main=http://www.resmigazete.gov.tr/ilanlar/eskiilanlar/2023/07/20230708-4.htm
2023-07-08,– T.C. Merkez Bankasınca Belirlenen Döviz Kurları ve Devlet İç Borçlanma Senetlerinin Günlük Değerleri,http://www.resmigazete.gov.tr/main.aspx?home=http://www.resmigazete.gov.tr/ilanlar/eskiilanlar/2023/07/20230708.htm&main=http://www.resmigazete.gov.tr/ilanlar/eskiilanlar/2023/07/20230708-5.htm
2023-07-09,–– Kırklareli Üniversitesi Tıp Fakültesi Eğitim ve Öğretim Yönetmeliği,https://www.resmigazete.gov.tr/eskiler/2023/07/20230709-1.htm
2023-07-09,–– Ulusal Meslek Standartlarına Dair Tebliğ (No: 2023/9),https://www.resmigazete.gov.tr/eskiler/2023/07/20230709-2.htm
2023-07-09,–– Ulusal Meslek Standartlarına Dair Tebliğde Değişiklik Yapılmasına Dair Tebliğ (No: 2023/12),https://www.resmigazete.gov.tr/eskiler/2023/07/20230709-3.htm
2023-07-09,–– Ulusal Meslek Standartlarına Dair Tebliğde Değişiklik Yapılmasına Dair Tebliğ (No: 2023/13),https://www.resmigazete.gov.tr/eskiler/2023/07/20230709-4.htm
2023-07-09,"- Artırma, Eksiltme ve İhale İlânları",http://www.resmigazete.gov.tr/main.aspx?home=http://www.resmigazete.gov.tr/ilanlar/eskiilanlar/2023/07/20230709.htm&main=http://www.resmigazete.gov.tr/ilanlar/eskiilanlar/2023/07/20230709-3.htm
2023-07-09,- Çeşitli İlânlar,http://www.resmigazete.gov.tr/main.aspx?home=http://www.resmigazete.gov.tr/ilanlar/eskiilanlar/2023/07/20230709.htm&main=http://www.resmigazete.gov.tr/ilanlar/eskiilanlar/2023/07/20230709-4.htm
2023-07-09,– T.C. Merkez Bankasınca Belirlenen Devlet İç Borçlanma Senetlerinin Günlük Değerleri,http://www.resmigazete.gov.tr/main.aspx?home=http://www.resmigazete.gov.tr/ilanlar/eskiilanlar/2023/07/20230709.htm&main=http://www.resmigazete.gov.tr/ilanlar/eskiilanlar/2023/07/20230709-5.htm
2023-07-10,"–– Cumhurbaşkanlığına, Cumhurbaşkanı Yardımcısı Cevdet YILMAZ’ın Vekâlet Etmesine Dair Tezkere",https://www.resmigazete.gov.tr/eskiler/2023/07/20230710-1.pdf
2023-07-10,–– Erzincan Binali Yıldırım Üniversitesi Tıp Fakültesi Eğitim-Öğretim ve Sınav Yönetmeliğinde Değişiklik Yapılmasına Dair Yönetmelik,https://www.resmigazete.gov.tr/eskiler/2023/07/20230710-2.htm
2023-07-10,–– Sakarya Üniversitesi Ön Lisans ve Lisans Eğitim-Öğretim ve Sınav Yönetmeliğinde Değişiklik Yapılmasına Dair Yönetmelik,https://www.resmigazete.gov.tr/eskiler/2023/07/20230710-3.htm
2023-07-10,–– 2023 Yılı Mayıs Ayına Ait Dahilde İşleme İzin Belgelerinin (D1) Listesi,https://www.resmigazete.gov.tr/eskiler/2023/07/20230710-4.pdf
2023-07-10,–– 2023 Yılı Mayıs Ayına Ait Yurt İçi Satış ve Teslim Belgelerinin (D3) Listesi,https://www.resmigazete.gov.tr/eskiler/2023/07/20230710-5.pdf
2023-07-10,–– 2023 Yılı Mayıs Ayına Ait Hariçte İşleme İzin Belgelerinin (H1) Listesi,https://www.resmigazete.gov.tr/eskiler/2023/07/20230710-6.pdf
2023-07-10,–– 2023 Yılı Mayıs Ayına Ait Firma Talebine İstinaden İptal Edilen Dahilde İşleme İzin Belgeleri Listesi,https://www.resmigazete.gov.tr/eskiler/2023/07/20230710-7.pdf
2023-07-10,a - Yargı İlânları,http://www.resmigazete.gov.tr/main.aspx?home=http://www.resmigazete.gov.tr/ilanlar/eskiilanlar/2023/07/20230710.htm&main=http://www.resmigazete.gov.tr/ilanlar/eskiilanlar/2023/07/20230710-2.htm
2023-07-10,"b - Artırma, Eksiltme ve İhale İlânları",http://www.resmigazete.gov.tr/main.aspx?home=http://www.resmigazete.gov.tr/ilanlar/eskiilanlar/2023/07/20230710.htm&main=http://www.resmigazete.gov.tr/ilanlar/eskiilanlar/2023/07/20230710-3.htm
2023-07-10,c - Çeşitli İlânlar,http://www.resmigazete.gov.tr/main.aspx?home=http://www.resmigazete.gov.tr/ilanlar/eskiilanlar/2023/07/20230710.htm&main=http://www.resmigazete.gov.tr/ilanlar/eskiilanlar/2023/07/20230710-4.htm
2023-07-10,– T.C. Merkez Bankasınca Belirlenen Devlet İç Borçlanma Senetlerinin Günlük Değerleri,http://www.resmigazete.gov.tr/main.aspx?home=http://www.resmigazete.gov.tr/ilanlar/eskiilanlar/2023/07/20230710.htm&main=http://www.resmigazete.gov.tr/ilanlar/eskiilanlar/2023/07/20230710-5.htm
2023-07-11,–– Enerji ve Tabii Kaynaklar Bakanlığı Personelinin Yetiştirilmek Amacıyla Yurt Dışına Gönderilmesi Hakkında Yönetmelikte Değişiklik Yapılmasına Dair Yönetmelik,https://www.resmigazete.gov.tr/eskiler/2023/07/20230711-1.htm
2023-07-11,–– Nadir Toprak Elementleri Araştırma Enstitüsü Hizmet Birimlerinin Görev ve Yetkileri Hakkında Yönetmeliğin Yürürlükten Kaldırılmasına Dair Yönetmelik,https://www.resmigazete.gov.tr/eskiler/2023/07/20230711-2.htm
2023-07-11,–– Nadir Toprak Elementleri Uzmanlığı Yönetmeliğinin Yürürlükten Kaldırılmasına Dair Yönetmelik,https://www.resmigazete.gov.tr/eskiler/2023/07/20230711-3.htm
2023-07-11,–– Türkiye Atom Enerjisi Kurumu Atom Enerjisi Komisyonu Çalışma Esasları Yönetmeliğinin Yürürlükten Kaldırılmasına Dair Yönetmelik,https://www.resmigazete.gov.tr/eskiler/2023/07/20230711-4.htm
2023-07-11,–– Türkiye Atom Enerjisi Kurumu Başkanlığı Mal ve Hizmet Üretimi ve Yayın Gelirleri Yönetmeliğinin Yürürlükten Kaldırılmasına Dair Yönetmelik,https://www.resmigazete.gov.tr/eskiler/2023/07/20230711-5.htm
2023-07-11,–– Türkiye Atom Enerjisi Kurumu Danışma Kurulunun Teşkili ve Çalışma Esaslarına Dair Yönetmeliğin Yürürlükten Kaldırılmasına Dair Yönetmelik,https://www.resmigazete.gov.tr/eskiler/2023/07/20230711-6.htm
2023-07-11,"–– Türkiye Atom Enerjisi Kurumu Nükleer Araştırma, Eğitim Merkezleri Kuruluş ve Çalışma Yönetmeliğinin Yürürlükten Kaldırılmasına Dair Yönetmelik",https://www.resmigazete.gov.tr/eskiler/2023/07/20230711-7.htm
2023-07-11,–– Türkiye Atom Enerjisi Kurumu Personeli Görevde Yükselme ve Unvan Değişikliği Yönetmeliğinin Yürürlükten Kaldırılmasına Dair Yönetmelik,https://www.resmigazete.gov.tr/eskiler/2023/07/20230711-8.htm
2023-07-11,–– KTO-Karatay Üniversitesi Sağlık Uygulama ve Araştırma Merkezi Yönetmeliği,https://www.resmigazete.gov.tr/eskiler/2023/07/20230711-9.htm
2023-07-11,–– Doğrudan Temin Yöntemiyle Yapılacak Alımlara İlişkin Tebliğ,https://www.resmigazete.gov.tr/eskiler/2023/07/20230711-10.htm
2023-07-11,–– Kamu İhale Genel Tebliğinde Değişiklik Yapılmasına Dair Tebliğ,https://www.resmigazete.gov.tr/eskiler/2023/07/20230711-11.htm
2023-07-11,"–– Anayasa Mahkemesinin 18/5/2023 Tarihli ve E: 2023/27, K: 2023/100 Sayılı Kararı",https://www.resmigazete.gov.tr/eskiler/2023/07/20230711-12.pdf
2023-07-11,"–– Anayasa Mahkemesinin 18/5/2023 Tarihli ve E: 2023/41, K: 2023/102 Sayılı Kararı",https://www.resmigazete.gov.tr/eskiler/2023/07/20230711-13.pdf
2023-07-11,a - Yargı İlânları,http://www.resmigazete.gov.tr/main.aspx?home=http://www.resmigazete.gov.tr/ilanlar/eskiilanlar/2023/07/20230711.htm&main=http://www.resmigazete.gov.tr/ilanlar/eskiilanlar/2023/07/20230711-2.htm
2023-07-11,"b - Artırma, Eksiltme ve İhale İlânları",http://www.resmigazete.gov.tr/main.aspx?home=http://www.resmigazete.gov.tr/ilanlar/eskiilanlar/2023/07/20230711.htm&main=http://www.resmigazete.gov.tr/ilanlar/eskiilanlar/2023/07/20230711-3.htm
2023-07-11,c - Çeşitli İlânlar,http://www.resmigazete.gov.tr/main.aspx?home=http://www.resmigazete.gov.tr/ilanlar/eskiilanlar/2023/07/20230711.htm&main=http://www.resmigazete.gov.tr/ilanlar/eskiilanlar/2023/07/20230711-4.htm
2023-07-11,– T.C. Merkez Bankasınca Belirlenen Döviz Kurları ve Devlet İç Borçlanma Senetlerinin Günlük Değerleri,http://www.resmigazete.gov.tr/main.aspx?home=http://www.resmigazete.gov.tr/ilanlar/eskiilanlar/2023/07/20230711.htm&main=http://www.resmigazete.gov.tr/ilanlar/eskiilanlar/2023/07/20230711-5.htm
2023-07-12,–– Millî Eğitim Bakanlığı Öğretmen Atama ve Yer Değiştirme Yönetmeliğinde Değişiklik Yapılmasına Dair Yönetmelik,https://www.resmigazete.gov.tr/eskiler/2023/07/20230712-1.htm
2023-07-12,–– Gümrük Müşavirliği ve Yetkilendirilmiş Gümrük Müşavirliği Asgari Ücret Tarifesine İlişkin Tebliğde Değişiklik Yapılmasına Dair Tebliğ,https://www.resmigazete.gov.tr/eskiler/2023/07/20230712-2.htm
2023-07-12,"–– Anayasa Mahkemesinin 25/1/2023 Tarihli ve E: 2018/94, K: 2023/10 Sayılı Kararı",https://www.resmigazete.gov.tr/eskiler/2023/07/20230712-3.pdf
2023-07-12,"–– Anayasa Mahkemesinin 22/2/2023 Tarihli ve E: 2022/35, K: 2023/35 Sayılı Kararı",https://www.resmigazete.gov.tr/eskiler/2023/07/20230712-4.pdf
2023-07-12,"–– Anayasa Mahkemesinin 9/3/2023 Tarihli ve E: 2022/37, K: 2023/44 Sayılı Kararı",https://www.resmigazete.gov.tr/eskiler/2023/07/20230712-5.pdf
2023-07-12,"–– Anayasa Mahkemesinin 9/3/2023 Tarihli ve E: 2017/46 (Siyasi Parti Mali Denetimi), K: 2023/1 Sayılı Kararı",https://www.resmigazete.gov.tr/eskiler/2023/07/20230712-6.pdf
2023-07-12,"–– Anayasa Mahkemesinin 9/3/2023 Tarihli ve E: 2018/7 (Siyasi Parti Mali Denetimi), K: 2023/2 Sayılı Kararı",https://www.resmigazete.gov.tr/eskiler/2023/07/20230712-7.pdf
2023-07-12,"–– Anayasa Mahkemesinin 9/3/2023 Tarihli ve E: 2020/40 (Siyasi Parti Mali Denetimi), K: 2023/13 Sayılı Kararı",https://www.resmigazete.gov.tr/eskiler/2023/07/20230712-8.pdf
2023-07-12,"–– Anayasa Mahkemesinin 9/3/2023 Tarihli ve E: 2020/48 (Siyasi Parti Mali Denetimi), K: 2023/14 Sayılı Kararı",https://www.resmigazete.gov.tr/eskiler/2023/07/20230712-9.pdf
2023-07-12,"–– Anayasa Mahkemesinin 9/3/2023 Tarihli ve E: 2020/63 (Siyasi Parti Mali Denetimi), K: 2023/15 Sayılı Kararı",https://www.resmigazete.gov.tr/eskiler/2023/07/20230712-10.pdf
2023-07-12,"–– Anayasa Mahkemesinin 9/3/2023 Tarihli ve E: 2020/65 (Siyasi Parti Mali Denetimi), K: 2023/16 Sayılı Kararı",https://www.resmigazete.gov.tr/eskiler/2023/07/20230712-11.pdf
2023-07-12,"–– Anayasa Mahkemesinin 9/3/2023 Tarihli ve E: 2020/71 (Siyasi Parti Mali Denetimi), K: 2023/17 Sayılı Kararı",https://www.resmigazete.gov.tr/eskiler/2023/07/20230712-12.pdf
2023-07-12,"–– Anayasa Mahkemesinin 9/3/2023 Tarihli ve E: 2020/76 (Siyasi Parti Mali Denetimi), K: 2023/18 Sayılı Kararı",https://www.resmigazete.gov.tr/eskiler/2023/07/20230712-13.pdf
2023-07-12,–– Yargıtay 2. Hukuk Dairesine Ait Karar,https://www.resmigazete.gov.tr/eskiler/2023/07/20230712-14.pdf
2023-07-12,a - Yargı İlânları,http://www.resmigazete.gov.tr/main.aspx?home=http://www.resmigazete.gov.tr/ilanlar/eskiilanlar/2023/07/20230712.htm&main=http://www.resmigazete.gov.tr/ilanlar/eskiilanlar/2023/07/20230712-2.htm
2023-07-12,"b - Artırma, Eksiltme ve İhale İlânları",http://www.resmigazete.gov.tr/main.aspx?home=http://www.resmigazete.gov.tr/ilanlar/eskiilanlar/2023/07/20230712.htm&main=http://www.resmigazete.gov.tr/ilanlar/eskiilanlar/2023/07/20230712-3.htm
2023-07-12,c - Çeşitli İlânlar,http://www.resmigazete.gov.tr/main.aspx?home=http://www.resmigazete.gov.tr/ilanlar/eskiilanlar/2023/07/20230712.htm&main=http://www.resmigazete.gov.tr/ilanlar/eskiilanlar/2023/07/20230712-4.htm
2023-07-12,– T.C. Merkez Bankasınca Belirlenen Döviz Kurları ve Devlet İç Borçlanma Senetlerinin Günlük Değerleri,http://www.resmigazete.gov.tr/main.aspx?home=http://www.resmigazete.gov.tr/ilanlar/eskiilanlar/2023/07/20230712.htm&main=http://www.resmigazete.gov.tr/ilanlar/eskiilanlar/2023/07/20230712-5.htm
2023-07-13,–– Kamu Kurum ve Kuruluşlarına Açıktan Kura ile Atanacak Sağlık Personelinin Atama Usûl ve Esaslarına İlişkin Yönetmelikte Değişiklik Yapılmasına Dair Yönetmelik,https://www.resmigazete.gov.tr/eskiler/2023/07/20230713-1.htm
2023-07-13,–– Elektrik Piyasası Lisans Yönetmeliğinde Değişiklik Yapılmasına Dair Yönetmelik,https://www.resmigazete.gov.tr/eskiler/2023/07/20230713-2.htm
2023-07-13,–– Elektrik Şebeke Yönetmeliğinde Değişiklik Yapılmasına Dair Yönetmelik,https://www.resmigazete.gov.tr/eskiler/2023/07/20230713-3.htm
2023-07-13,–– Yükseköğretim Kalite Güvencesi ve Yükseköğretim Kalite Kurulu Yönetmeliğinde Değişiklik Yapılmasına Dair Yönetmelik,https://www.resmigazete.gov.tr/eskiler/2023/07/20230713-4.htm
2023-07-13,–– Boğaziçi Üniversitesi Lisansüstü Eğitim ve Öğretim Yönetmeliğinde Değişiklik Yapılmasına Dair Yönetmelik,https://www.resmigazete.gov.tr/eskiler/2023/07/20230713-5.htm
2023-07-13,–– Harçlar Kanunu Genel Tebliği (Seri No: 93),https://www.resmigazete.gov.tr/eskiler/2023/07/20230713-6.htm
2023-07-13,"–– Anayasa Mahkemesinin 16/2/2023 Tarihli ve E: 2020/34, K: 2023/25 Sayılı Kararı",https://www.resmigazete.gov.tr/eskiler/2023/07/20230713-7.pdf
2023-07-13,a - Yargı İlânları,http://www.resmigazete.gov.tr/main.aspx?home=http://www.resmigazete.gov.tr/ilanlar/eskiilanlar/2023/07/20230713.htm&main=http://www.resmigazete.gov.tr/ilanlar/eskiilanlar/2023/07/20230713-2.htm
2023-07-13,"b - Artırma, Eksiltme ve İhale İlânları",http://www.resmigazete.gov.tr/main.aspx?home=http://www.resmigazete.gov.tr/ilanlar/eskiilanlar/2023/07/20230713.htm&main=http://www.resmigazete.gov.tr/ilanlar/eskiilanlar/2023/07/20230713-3.htm
2023-07-13,c - Çeşitli İlânlar,http://www.resmigazete.gov.tr/main.aspx?home=http://www.resmigazete.gov.tr/ilanlar/eskiilanlar/2023/07/20230713.htm&main=http://www.resmigazete.gov.tr/ilanlar/eskiilanlar/2023/07/20230713-4.htm
2023-07-13,– T.C. Merkez Bankasınca Belirlenen Döviz Kurları ve Devlet İç Borçlanma Senetlerinin Günlük Değerleri,http://www.resmigazete.gov.tr/main.aspx?home=http://www.resmigazete.gov.tr/ilanlar/eskiilanlar/2023/07/20230713.htm&main=http://www.resmigazete.gov.tr/ilanlar/eskiilanlar/2023/07/20230713-5.htm
2023-07-14,1382 Dilekçe Komisyonunun Türkiye Büyük Millet Meclisinin Tatili ve Aravermesi Sırasında Çalışabilmesine İlişkin Karar,https://www.resmigazete.gov.tr/eskiler/2023/07/20230714-1.pdf
2023-07-14,–– Hâkimler ve Savcılar Kuruluna Ait Kararlar,https://www.resmigazete.gov.tr/eskiler/2023/07/20230714-2.pdf
2023-07-14,–– Karadeniz Teknik Üniversitesi Önlisans ve Lisans Eğitim-Öğretim Yönetmeliğinde Değişiklik Yapılmasına Dair Yönetmelik,https://www.resmigazete.gov.tr/eskiler/2023/07/20230714-3.htm
2023-07-14,–– Karadeniz Teknik Üniversitesi Sağlık Bilimleri Fakültesi Lisans Eğitim-Öğretim Sınav Değerlendirme ve Öğrenci İşleri Yönetmeliğinde Değişiklik Yapılmasına Dair Yönetmelik,https://www.resmigazete.gov.tr/eskiler/2023/07/20230714-4.htm
2023-07-14,"–– Anayasa Mahkemesinin 13/12/2022 Tarihli ve E: 2019/87, K: 2022/158 Sayılı Kararı",https://www.resmigazete.gov.tr/eskiler/2023/07/20230714-5.pdf
2023-07-14,a - Yargı İlânları,http://www.resmigazete.gov.tr/main.aspx?home=http://www.resmigazete.gov.tr/ilanlar/eskiilanlar/2023/07/20230714.htm&main=http://www.resmigazete.gov.tr/ilanlar/eskiilanlar/2023/07/20230714-2.htm
2023-07-14,"b - Artırma, Eksiltme ve İhale İlânları",http://www.resmigazete.gov.tr/main.aspx?home=http://www.resmigazete.gov.tr/ilanlar/eskiilanlar/2023/07/20230714.htm&main=http://www.resmigazete.gov.tr/ilanlar/eskiilanlar/2023/07/20230714-3.htm
2023-07-14,c - Çeşitli İlânlar,http://www.resmigazete.gov.tr/main.aspx?home=http://www.resmigazete.gov.tr/ilanlar/eskiilanlar/2023/07/20230714.htm&main=http://www.resmigazete.gov.tr/ilanlar/eskiilanlar/2023/07/20230714-4.htm
2023-07-14,– T.C. Merkez Bankasınca Belirlenen Döviz Kurları ve Devlet İç Borçlanma Senetlerinin Günlük Değerleri,http://www.resmigazete.gov.tr/main.aspx?home=http://www.resmigazete.gov.tr/ilanlar/eskiilanlar/2023/07/20230714.htm&main=http://www.resmigazete.gov.tr/ilanlar/eskiilanlar/2023/07/20230714-5.htm
2023-07-15,7455 Türkiye Cumhuriyeti Hükümeti ile Kuzey Kıbrıs Türk Cumhuriyeti Hükümeti Arasında Ulusal Sürücü Belgelerinin/Sürüş Ehliyetlerinin Karşılıklı Olarak Tanınması ve Değişimi Anlaşmasında Değişiklik Yapılmasına Dair Anlaşmanın Onaylanmasının Uygun Bulunduğuna Dair Kanun,https://www.resmigazete.gov.tr/eskiler/2023/07/20230715-1.htm
2023-07-15,7456 6/2/2023 Tarihinde Meydana Gelen Depremlerin Yol Açtığı Ekonomik Kayıpların Telafisi İçin Ek Motorlu Taşıtlar Vergisi İhdası ile Bazı Kanunlarda ve 375 Sayılı Kanun Hükmünde Kararnamede Değişiklik Yapılması Hakkında Kanun,https://www.resmigazete.gov.tr/eskiler/2023/07/20230715-2.htm
2023-07-15,1383 Anayasa Komisyonunun Türkiye Büyük Millet Meclisinin Tatili ve Aravermesi Sırasında Çalışabilmesine İlişkin Karar,https://www.resmigazete.gov.tr/eskiler/2023/07/20230715-3.pdf
2023-07-15,1384 Anayasa ve Adalet Komisyonları Üyelerinden Kurulu Karma Komisyonun Türkiye Büyük Millet Meclisinin Tatili ve Aravermesi Sırasında Çalışabilmesine İlişkin Karar,https://www.resmigazete.gov.tr/eskiler/2023/07/20230715-4.pdf
2023-07-15,1385 Avrupa Birliği Uyum Komisyonunun Türkiye Büyük Millet Meclisinin Tatili ve Aravermesi Sırasında Çalışabilmesine İlişkin Karar,https://www.resmigazete.gov.tr/eskiler/2023/07/20230715-5.pdf
2023-07-15,1386 Dışişleri Komisyonunun Türkiye Büyük Millet Meclisinin Tatili ve Aravermesi Sırasında Çalışabilmesine İlişkin Karar,https://www.resmigazete.gov.tr/eskiler/2023/07/20230715-6.pdf
2023-07-15,"1387 Sanayi, Ticaret, Enerji, Tabii Kaynaklar, Bilgi ve Teknoloji Komisyonunun Türkiye Büyük Millet Meclisinin Tatili ve Aravermesi Sırasında Çalışabilmesine İlişkin Karar",https://www.resmigazete.gov.tr/eskiler/2023/07/20230715-7.pdf
2023-07-15,–– Türkiye Cumhuriyeti Adına 16 Haziran 2023 Tarihinde Ankara’da İmzalanan Ekli 2019 Yılı Türkiye İçin Yıllık Eylem Programına Ait Finansman Anlaşmalarına 1 No’lu Değişikliklerin Onaylanması Hakkında Karar (Karar Sayısı: 7383),https://www.resmigazete.gov.tr/eskiler/2023/07/20230715-8.pdf
2023-07-15,–– 2023-2024 Eğitim-Öğretim Yılında Yükseköğretim Kurumlarında Cari Hizmet Maliyetlerine Öğrenci Katkısı Olarak Alınacak Katkı Payları ve Öğrenim Ücretlerinin Tespitine Dair Karar (Karar Sayısı: 7384),https://www.resmigazete.gov.tr/eskiler/2023/07/20230715-9.pdf
2023-07-15,–– Mersin İli Sınırları İçerisinde Tesis Edilecek Olan Akhan Un GES Enerji Nakil Hattının Yapımı Amacıyla Bazı Taşınmazların Türkiye Elektrik Dağıtım Anonim Şirketi Genel Müdürlüğü Tarafından Acele Kamulaştırılması Hakkında Karar (Karar Sayısı: 7385),https://www.resmigazete.gov.tr/eskiler/2023/07/20230715-10.pdf
2023-07-15,–– Bozkurt-Çardak İlçeleri Doğal Gaz Boru Hattı Projesi ve Yunak RMS Doğal Gaz Bağlantı Hattı Projesinin Yapımı Amacıyla Bazı Taşınmazların Boru Hatları ile Petrol Taşıma Anonim Şirketi Genel Müdürlüğü Tarafından Acele Kamulaştırılması Hakkında Karar (Karar Sayısı: 7386),https://www.resmigazete.gov.tr/eskiler/2023/07/20230715-11.pdf
2023-07-15,"–– Şanlıurfa İli, Karaköprü İlçesi, Ayanlar Mahallesi, Ayanlar Höyüğü I. Derece Arkeolojik Sit Alanında Yürütülmekte Olan Taş Tepeler Projesi Kapsamında Arkeolojik Kazı Çalışmalarının Gerçekleştirilebilmesi Amacıyla Özel Mülkiyete Konu 101 Ada, 7 Parsel Numaralı Taşınmazın 1.871,86 m2’lik Kısmının, Kültür ve Turizm Bakanlığı Tarafından Acele Kamulaştırılması Hakkında Karar (Karar Sayısı: 7387)",https://www.resmigazete.gov.tr/eskiler/2023/07/20230715-12.pdf
2023-07-15,–– Birleşmiş Milletler Güvenlik Konseyinin 1718 (2006) Sayılı ve Müteakip Kararları ile 2231 (2015) Sayılı Kararının Uygulanması Hakkındaki 24/2/2021 Tarihli ve 3578 Sayılı Cumhurbaşkanı Kararının Eki EK-I Sayılı Listede Yer Alan Bazı Kişilere Ait Bilgilerin Güncellenmesi Hakkında Karar (Karar Sayısı: 7388),https://www.resmigazete.gov.tr/eskiler/2023/07/20230715-13.pdf
2023-07-15,–– Uludağ Milli Parkı Sınırlarının Uludağ Alanı Sınırları ile Çakışan Kısımlarının Milli Park Vasfının Kaldırılmasına ve Bu Alanda Milli Park İş ve İşlemlerini Yürütmek Üzere İlgili İdarelere Tahsis Edilmiş Olan Taşınmazların Uludağ Alan Başkanlığına Devredilmesi Hakkında Karar (Karar Sayısı: 7389),https://www.resmigazete.gov.tr/eskiler/2023/07/20230715-14.pdf
2023-07-15,"–– Cumhurbaşkanlığı Tarafından Yapılan Atamalar Hakkında Kararlar (Karar: 2023/324, 325, 326, 327, 328, 329)",https://www.resmigazete.gov.tr/eskiler/2023/07/20230715-15.pdf
2023-07-15,a - Yargı İlânları,http://www.resmigazete.gov.tr/main.aspx?home=http://www.resmigazete.gov.tr/ilanlar/eskiilanlar/2023/07/20230715.htm&main=http://www.resmigazete.gov.tr/ilanlar/eskiilanlar/2023/07/20230715-2.htm
2023-07-15,b - Çeşitli İlânlar,http://www.resmigazete.gov.tr/main.aspx?home=http://www.resmigazete.gov.tr/ilanlar/eskiilanlar/2023/07/20230715.htm&main=http://www.resmigazete.gov.tr/ilanlar/eskiilanlar/2023/07/20230715-4.htm
2023-07-15,– T.C. Merkez Bankasınca Belirlenen Döviz Kurları ve Devlet İç Borçlanma Senetlerinin Günlük Değerleri,http://www.resmigazete.gov.tr/main.aspx?home=http://www.resmigazete.gov.tr/ilanlar/eskiilanlar/2023/07/20230715.htm&main=http://www.resmigazete.gov.tr/ilanlar/eskiilanlar/2023/07/20230715-5.htm
2023-07-16,1388 Dijital Mecralar Komisyonunun Türkiye Büyük Millet Meclisinin Tatili ve Aravermesi Sırasında Çalışabilmesine İlişkin Karar,https://www.resmigazete.gov.tr/eskiler/2023/07/20230716-13.pdf
2023-07-16,1389 Çevre Komisyonunun Türkiye Büyük Millet Meclisinin Tatili ve Aravermesi Sırasında Çalışabilmesine İlişkin Karar,https://www.resmigazete.gov.tr/eskiler/2023/07/20230716-14.pdf
2023-07-16,1390 Türkiye Büyük Millet Meclisinin Tatile Girmesine İlişkin Karar,https://www.resmigazete.gov.tr/eskiler/2023/07/20230716-15.pdf
2023-07-16,–– 4760 Sayılı Özel Tüketim Vergisi Kanununa Ekli (I) Sayılı Listede Yer Alan Mallara İlişkin Özel Tüketim Vergisi Tutarlarının Yeniden Belirlenmesi Hakkında Karar (Karar Sayısı: 7390),https://www.resmigazete.gov.tr/eskiler/2023/07/20230716-12.pdf
2023-07-16,–– Karayolu Taşıma Yönetmeliğinde Değişiklik Yapılmasına Dair Yönetmelik,https://www.resmigazete.gov.tr/eskiler/2023/07/20230716-1.htm
2023-07-16,"–– Yükseköğretim Kurumlarında Önlisans ve Lisans Düzeyindeki Programlar Arasında Geçiş, Çift Anadal, Yan Dal ile Kurumlar Arası Kredi Transferi Yapılması Esaslarına İlişkin Yönetmelikte Değişiklik Yapılmasına Dair Yönetmelik",https://www.resmigazete.gov.tr/eskiler/2023/07/20230716-2.htm
2023-07-16,–– Selçuk Üniversitesi Ön Lisans ve Lisans Eğitim-Öğretim ve Sınav Yönetmeliğinde Değişiklik Yapılmasına Dair Yönetmelik,https://www.resmigazete.gov.tr/eskiler/2023/07/20230716-3.htm
2023-07-16,–– 2023 Yılı Mayıs Ayına Ait Yatırım Teşvik Belgeleri Listesi,https://www.resmigazete.gov.tr/eskiler/2023/07/20230716-4.pdf
2023-07-16,–– 2023 Yılı Mayıs Ayına Ait Tamamlama Vizesi Yapılan Yatırım Teşvik Belgeleri Listesi,https://www.resmigazete.gov.tr/eskiler/2023/07/20230716-5.pdf
2023-07-16,–– 2023 Yılı Mayıs Ayına Ait İptal Edilen Yatırım Teşvik Belgeleri Listesi,https://www.resmigazete.gov.tr/eskiler/2023/07/20230716-6.pdf
2023-07-16,–– İthalatta Korunma Önlemlerine İlişkin Tebliğ (No: 2023/4),https://www.resmigazete.gov.tr/eskiler/2023/07/20230716-7.htm
2023-07-16,–– Papel Elektronik Para ve Ödeme Hizmetleri A.Ş.’nin Faaliyet İzni Kapsamının Genişletilmesine İlişkin Karar,https://www.resmigazete.gov.tr/eskiler/2023/07/20230716-8.pdf
2023-07-16,–– Enerji Piyasası Düzenleme Kurulunun 13/07/2023 Tarihli ve 11952 Sayılı Kararı,https://www.resmigazete.gov.tr/eskiler/2023/07/20230716-9.pdf
2023-07-16,–– Enerji Piyasası Düzenleme Kurulunun 13/07/2023 Tarihli ve 11956 Sayılı Kararı,https://www.resmigazete.gov.tr/eskiler/2023/07/20230716-10.pdf
2023-07-16,"–– Yargıtay İçtihadı Birleştirme Büyük Genel Kurulunun 20/01/2023 Tarihli ve E: 2021/2, K: 2023/1 Sayılı Kararı",https://www.resmigazete.gov.tr/eskiler/2023/07/20230716-11.pdf
2023-07-16,a - Yargı İlânları,http://www.resmigazete.gov.tr/main.aspx?home=http://www.resmigazete.gov.tr/ilanlar/eskiilanlar/2023/07/20230716.htm&main=http://www.resmigazete.gov.tr/ilanlar/eskiilanlar/2023/07/20230716-2.htm
2023-07-16,"b - Artırma, Eksiltme ve İhale İlânları",http://www.resmigazete.gov.tr/main.aspx?home=http://www.resmigazete.gov.tr/ilanlar/eskiilanlar/2023/07/20230716.htm&main=http://www.resmigazete.gov.tr/ilanlar/eskiilanlar/2023/07/20230716-3.htm
2023-07-16,c - Çeşitli İlânlar,http://www.resmigazete.gov.tr/main.aspx?home=http://www.resmigazete.gov.tr/ilanlar/eskiilanlar/2023/07/20230716.htm&main=http://www.resmigazete.gov.tr/ilanlar/eskiilanlar/2023/07/20230716-4.htm
2023-07-16,– T.C. Merkez Bankasınca Belirlenen Devlet İç Borçlanma Senetlerinin Günlük Değerleri,http://www.resmigazete.gov.tr/main.aspx?home=http://www.resmigazete.gov.tr/ilanlar/eskiilanlar/2023/07/20230716.htm&main=http://www.resmigazete.gov.tr/ilanlar/eskiilanlar/2023/07/20230716-5.htm
2023-07-17,"–– Cumhurbaşkanlığına, Cumhurbaşkanı Yardımcısı Cevdet YILMAZ’ın Vekâlet Etmesine Dair Tezkere",https://www.resmigazete.gov.tr/eskiler/2023/07/20230717-1.pdf
2023-07-17,–– Bolu Abant İzzet Baysal Üniversitesi Diş Hekimliği Fakültesi Eğitim-Öğretim ve Sınav Yönetmeliği,https://www.resmigazete.gov.tr/eskiler/2023/07/20230717-2.htm
2023-07-17,–– Ege Üniversitesi Su Altı Araştırma ve Uygulama Merkezi Yönetmeliği,https://www.resmigazete.gov.tr/eskiler/2023/07/20230717-3.htm
2023-07-17,–– Eskişehir Osmangazi Üniversitesi Havacılık ve Uzay Teknolojileri Uygulama ve Araştırma Merkezi Yönetmeliği,https://www.resmigazete.gov.tr/eskiler/2023/07/20230717-4.htm
2023-07-17,–– Gazi Üniversitesi Yenilenebilir Enerji ve Akıllı Şebekeler Uygulama ve Araştırma Merkezi Yönetmeliği,https://www.resmigazete.gov.tr/eskiler/2023/07/20230717-5.htm
2023-07-17,–– Gaziantep Üniversitesi Önlisans ve Lisans Eğitim-Öğretim Yönetmeliğinde Değişiklik Yapılmasına Dair Yönetmelik,https://www.resmigazete.gov.tr/eskiler/2023/07/20230717-6.htm
2023-07-17,–– İstinye Üniversitesi Uçucu Yağ ve Koku Duyusu Geliştirme Uygulama ve Araştırma Merkezi Yönetmeliğinde Değişiklik Yapılmasına Dair Yönetmelik,https://www.resmigazete.gov.tr/eskiler/2023/07/20230717-7.htm
2023-07-17,a - Yargı İlânları,http://www.resmigazete.gov.tr/main.aspx?home=http://www.resmigazete.gov.tr/ilanlar/eskiilanlar/2023/07/20230717.htm&main=http://www.resmigazete.gov.tr/ilanlar/eskiilanlar/2023/07/20230717-2.htm
2023-07-17,"b - Artırma, Eksiltme ve İhale İlânları",http://www.resmigazete.gov.tr/main.aspx?home=http://www.resmigazete.gov.tr/ilanlar/eskiilanlar/2023/07/20230717.htm&main=http://www.resmigazete.gov.tr/ilanlar/eskiilanlar/2023/07/20230717-3.htm
2023-07-17,c - Çeşitli İlânlar,http://www.resmigazete.gov.tr/main.aspx?home=http://www.resmigazete.gov.tr/ilanlar/eskiilanlar/2023/07/20230717.htm&main=http://www.resmigazete.gov.tr/ilanlar/eskiilanlar/2023/07/20230717-4.htm
2023-07-17,– T.C. Merkez Bankasınca Belirlenen Devlet İç Borçlanma Senetlerinin Günlük Değerleri,http://www.resmigazete.gov.tr/main.aspx?home=http://www.resmigazete.gov.tr/ilanlar/eskiilanlar/2023/07/20230717.htm&main=http://www.resmigazete.gov.tr/ilanlar/eskiilanlar/2023/07/20230717-5.htm
2023-07-18,–– Özel Tiyatroların Projelerine Yapılacak Yardımlara İlişkin Yönetmelikte Değişiklik Yapılmasına Dair Yönetmelik,https://www.resmigazete.gov.tr/eskiler/2023/07/20230718-1.htm
2023-07-18,–– İstanbul Aydın Üniversitesi Lisansüstü Eğitim-Öğretim ve Sınav Yönetmeliğinde Değişiklik Yapılmasına Dair Yönetmelik,https://www.resmigazete.gov.tr/eskiler/2023/07/20230718-2.htm
2023-07-18,–– Anayasa Mahkemesinin 8/3/2023 Tarihli ve 2019/42687 Başvuru Numaralı Kararı,https://www.resmigazete.gov.tr/eskiler/2023/07/20230718-3.pdf
2023-07-18,a - Yargı İlânları,http://www.resmigazete.gov.tr/main.aspx?home=http://www.resmigazete.gov.tr/ilanlar/eskiilanlar/2023/07/20230718.htm&main=http://www.resmigazete.gov.tr/ilanlar/eskiilanlar/2023/07/20230718-2.htm
2023-07-18,"b - Artırma, Eksiltme ve İhale İlânları",http://www.resmigazete.gov.tr/main.aspx?home=http://www.resmigazete.gov.tr/ilanlar/eskiilanlar/2023/07/20230718.htm&main=http://www.resmigazete.gov.tr/ilanlar/eskiilanlar/2023/07/20230718-3.htm
2023-07-18,c - Çeşitli İlânlar,http://www.resmigazete.gov.tr/main.aspx?home=http://www.resmigazete.gov.tr/ilanlar/eskiilanlar/2023/07/20230718.htm&main=http://www.resmigazete.gov.tr/ilanlar/eskiilanlar/2023/07/20230718-4.htm
2023-07-18,– T.C. Merkez Bankasınca Belirlenen Döviz Kurları ve Devlet İç Borçlanma Senetlerinin Günlük Değerleri,http://www.resmigazete.gov.tr/main.aspx?home=http://www.resmigazete.gov.tr/ilanlar/eskiilanlar/2023/07/20230718.htm&main=http://www.resmigazete.gov.tr/ilanlar/eskiilanlar/2023/07/20230718-5.htm
2023-07-19,–– Destekleme ve Fiyat İstikrar Fonu Hakkında Kararda Değişiklik Yapılmasına Dair Karar (Karar Sayısı: 7391),https://www.resmigazete.gov.tr/eskiler/2023/07/20230719-1.pdf
2023-07-19,–– İstanbul Ticaret Üniversitesi Lisansüstü Eğitim ve Öğretim Yönetmeliğinde Değişiklik Yapılmasına Dair Yönetmelik,https://www.resmigazete.gov.tr/eskiler/2023/07/20230719-2.htm
2023-07-19,–– İstanbul Ticaret Üniversitesi Önlisans ve Lisans Eğitim-Öğretim ve Sınav Yönetmeliğinde Değişiklik Yapılmasına Dair Yönetmelik,https://www.resmigazete.gov.tr/eskiler/2023/07/20230719-3.htm
2023-07-19,"–– Anayasa Mahkemesinin 22/3/2023 Tarihli ve E: 2023/51, K: 2023/48 Sayılı Kararı",https://www.resmigazete.gov.tr/eskiler/2023/07/20230719-4.pdf
2023-07-19,"–– Anayasa Mahkemesinin 13/4/2023 Tarihli ve E: 2023/4 (Değişik İşler), K: 2023/1 Sayılı Kararı",https://www.resmigazete.gov.tr/eskiler/2023/07/20230719-5.pdf
2023-07-19,"–– Anayasa Mahkemesinin 4/5/2023 Tarihli ve E: 2023/24, K: 2023/91 Sayılı Kararı",https://www.resmigazete.gov.tr/eskiler/2023/07/20230719-6.pdf
2023-07-19,–– Anayasa Mahkemesinin 27/4/2023 Tarihli ve 2019/7923 Başvuru Numaralı Kararı,https://www.resmigazete.gov.tr/eskiler/2023/07/20230719-7.pdf
2023-07-19,–– Anayasa Mahkemesinin 2/3/2023 Tarihli ve 2017/37627 Başvuru Numaralı Kararı,https://www.resmigazete.gov.tr/eskiler/2023/07/20230719-8.pdf
2023-07-19,–– Anayasa Mahkemesinin 29/3/2023 Tarihli ve 2019/10203 Başvuru Numaralı Kararı,https://www.resmigazete.gov.tr/eskiler/2023/07/20230719-9.pdf
2023-07-19,–– Anayasa Mahkemesinin 12/4/2023 Tarihli ve 2018/24394 Başvuru Numaralı Kararı,https://www.resmigazete.gov.tr/eskiler/2023/07/20230719-10.pdf
2023-07-19,–– Anayasa Mahkemesinin 10/5/2023 Tarihli ve 2019/476 Başvuru Numaralı Kararı,https://www.resmigazete.gov.tr/eskiler/2023/07/20230719-11.pdf
2023-07-19,–– Anayasa Mahkemesinin 10/5/2023 Tarihli ve 2020/1329 Başvuru Numaralı Kararı,https://www.resmigazete.gov.tr/eskiler/2023/07/20230719-12.pdf
2023-07-19,–– Anayasa Mahkemesinin 23/5/2023 Tarihli ve 2019/33087 Başvuru Numaralı Kararı,https://www.resmigazete.gov.tr/eskiler/2023/07/20230719-13.pdf
2023-07-19,a - Yargı İlânları,http://www.resmigazete.gov.tr/main.aspx?home=http://www.resmigazete.gov.tr/ilanlar/eskiilanlar/2023/07/20230719.htm&main=http://www.resmigazete.gov.tr/ilanlar/eskiilanlar/2023/07/20230719-2.htm
2023-07-19,"b - Artırma, Eksiltme ve İhale İlânları",http://www.resmigazete.gov.tr/main.aspx?home=http://www.resmigazete.gov.tr/ilanlar/eskiilanlar/2023/07/20230719.htm&main=http://www.resmigazete.gov.tr/ilanlar/eskiilanlar/2023/07/20230719-3.htm
2023-07-19,c - Çeşitli İlânlar,http://www.resmigazete.gov.tr/main.aspx?home=http://www.resmigazete.gov.tr/ilanlar/eskiilanlar/2023/07/20230719.htm&main=http://www.resmigazete.gov.tr/ilanlar/eskiilanlar/2023/07/20230719-4.htm
2023-07-19,– T.C. Merkez Bankasınca Belirlenen Döviz Kurları ve Devlet İç Borçlanma Senetlerinin Günlük Değerleri,http://www.resmigazete.gov.tr/main.aspx?home=http://www.resmigazete.gov.tr/ilanlar/eskiilanlar/2023/07/20230719.htm&main=http://www.resmigazete.gov.tr/ilanlar/eskiilanlar/2023/07/20230719-5.htm
2023-07-20,–– Türkiye Elektrik Dağıtım Anonim Şirketi Genel Müdürlüğü Hizmet Satışı - Araç ve Gereç Kira Yönetmeliği,https://www.resmigazete.gov.tr/eskiler/2023/07/20230720-1.htm
2023-07-20,–– Beykent Üniversitesi Yaz Öğretimi Yönetmeliğinde Değişiklik Yapılmasına Dair Yönetmelik,https://www.resmigazete.gov.tr/eskiler/2023/07/20230720-2.htm
2023-07-20,–– İthalatta Haksız Rekabetin Önlenmesine İlişkin Tebliğ (No: 2023/21),https://www.resmigazete.gov.tr/eskiler/2023/07/20230720-3.htm
2023-07-20,"–– Anayasa Mahkemesinin 9/11/2022 Tarihli ve E: 2018/84, K: 2022/132 Sayılı Kararı",https://www.resmigazete.gov.tr/eskiler/2023/07/20230720-4.pdf
2023-07-20,"–– Anayasa Mahkemesinin 9/11/2022 Tarihli ve E: 2018/80, K: 2022/136 Sayılı Kararı",https://www.resmigazete.gov.tr/eskiler/2023/07/20230720-5.pdf
2023-07-20,"–– Anayasa Mahkemesinin 22/3/2023 Tarihli ve E: 2022/108, K: 2023/55 Sayılı Kararı",https://www.resmigazete.gov.tr/eskiler/2023/07/20230720-6.pdf
2023-07-20,–– Danıştay Başkanlık Kurulunun 2023/32 Sayılı Kararı,https://www.resmigazete.gov.tr/eskiler/2023/07/20230720-7.pdf
2023-07-20,–– Danıştay Başkanlık Kurulunun 2023/33 Sayılı Kararı,https://www.resmigazete.gov.tr/eskiler/2023/07/20230720-8.pdf
2023-07-20,a - Yargı İlânları,http://www.resmigazete.gov.tr/main.aspx?home=http://www.resmigazete.gov.tr/ilanlar/eskiilanlar/2023/07/20230720.htm&main=http://www.resmigazete.gov.tr/ilanlar/eskiilanlar/2023/07/20230720-2.htm
2023-07-20,"b - Artırma, Eksiltme ve İhale İlânları",http://www.resmigazete.gov.tr/main.aspx?home=http://www.resmigazete.gov.tr/ilanlar/eskiilanlar/2023/07/20230720.htm&main=http://www.resmigazete.gov.tr/ilanlar/eskiilanlar/2023/07/20230720-3.htm
2023-07-20,c - Çeşitli İlânlar,http://www.resmigazete.gov.tr/main.aspx?home=http://www.resmigazete.gov.tr/ilanlar/eskiilanlar/2023/07/20230720.htm&main=http://www.resmigazete.gov.tr/ilanlar/eskiilanlar/2023/07/20230720-4.htm
2023-07-20,– T.C. Merkez Bankasınca Belirlenen Döviz Kurları ve Devlet İç Borçlanma Senetlerinin Günlük Değerleri,http://www.resmigazete.gov.tr/main.aspx?home=http://www.resmigazete.gov.tr/ilanlar/eskiilanlar/2023/07/20230720.htm&main=http://www.resmigazete.gov.tr/ilanlar/eskiilanlar/2023/07/20230720-5.htm
2023-07-21,–– Anadolu Üniversitesi Sanat ve Tasarım Uygulama ve Araştırma Merkezi Yönetmeliği,https://www.resmigazete.gov.tr/eskiler/2023/07/20230721-1.htm
2023-07-21,–– Selçuk Üniversitesi Yabancı Diller Yüksekokulu Yabancı Diller Bölümü Eğitim-Öğretim ve Sınav Yönetmeliğinde Değişiklik Yapılmasına Dair Yönetmelik,https://www.resmigazete.gov.tr/eskiler/2023/07/20230721-2.htm
2023-07-21,–– Zorunlu Karşılıklar Hakkında Tebliğ (Sayı: 2013/15)’de Değişiklik Yapılmasına Dair Tebliğ (Sayı: 2023/17),https://www.resmigazete.gov.tr/eskiler/2023/07/20230721-3.htm
2023-07-21,"–– Anayasa Mahkemesinin 16/2/2023 Tarihli ve E: 2021/27, K: 2023/26 Sayılı Kararı",https://www.resmigazete.gov.tr/eskiler/2023/07/20230721-4.pdf
2023-07-21,a - Yargı İlânları,http://www.resmigazete.gov.tr/main.aspx?home=http://www.resmigazete.gov.tr/ilanlar/eskiilanlar/2023/07/20230721.htm&main=http://www.resmigazete.gov.tr/ilanlar/eskiilanlar/2023/07/20230721-2.htm
2023-07-21,"b - Artırma, Eksiltme ve İhale İlânları",http://www.resmigazete.gov.tr/main.aspx?home=http://www.resmigazete.gov.tr/ilanlar/eskiilanlar/2023/07/20230721.htm&main=http://www.resmigazete.gov.tr/ilanlar/eskiilanlar/2023/07/20230721-3.htm
2023-07-21,c - Çeşitli İlânlar,http://www.resmigazete.gov.tr/main.aspx?home=http://www.resmigazete.gov.tr/ilanlar/eskiilanlar/2023/07/20230721.htm&main=http://www.resmigazete.gov.tr/ilanlar/eskiilanlar/2023/07/20230721-4.htm
2023-07-21,– T.C. Merkez Bankasınca Belirlenen Döviz Kurları ve Devlet İç Borçlanma Senetlerinin Günlük Değerleri,http://www.resmigazete.gov.tr/main.aspx?home=http://www.resmigazete.gov.tr/ilanlar/eskiilanlar/2023/07/20230721.htm&main=http://www.resmigazete.gov.tr/ilanlar/eskiilanlar/2023/07/20230721-5.htm
2023-07-22,–– Türkiye Cumhuriyeti Hükümeti ile Cezayir Demokratik Halk Cumhuriyeti Hükümeti Arasında Balıkçılık ve Su Ürünleri Alanında İş Birliği Mutabakat Zaptının Onaylanması Hakkında Karar (Karar Sayısı: 7392),https://www.resmigazete.gov.tr/eskiler/2023/07/20230722-1.pdf
2023-07-22,–– Türkiye Cumhuriyeti Hükümeti ile Cezayir Demokratik Halk Cumhuriyeti Hükümeti Arasında Madencilik Alanında İşbirliğine İlişkin Mutabakat Zaptının Onaylanması Hakkında Karar (Karar Sayısı: 7393),https://www.resmigazete.gov.tr/eskiler/2023/07/20230722-2.pdf
2023-07-22,–– Türkiye Cumhuriyeti Hükûmeti ile Cezayir Demokratik Halk Cumhuriyeti Hükûmeti Arasında Eğitim ve Öğretim Alanında İşbirliği Mutabakat Zaptının Onaylanması Hakkında Karar (Karar Sayısı: 7394),https://www.resmigazete.gov.tr/eskiler/2023/07/20230722-3.pdf
2023-07-22,–– Türkiye Cumhuriyeti Hükûmeti ile Cezayir Demokratik Halk Cumhuriyeti Hükûmeti Arasında Mesleki Eğitim Alanında Mutabakat Zaptının Onaylanması Hakkında Karar (Karar Sayısı: 7395),https://www.resmigazete.gov.tr/eskiler/2023/07/20230722-4.pdf
2023-07-22,–– Türkiye Cumhuriyeti Hükümeti ve Cezayir Demokratik Halk Cumhuriyeti Hükümeti Arasında Küçük İşletmeler Alanında Mutabakat Zaptının Onaylanması Hakkında Karar (Karar Sayısı: 7396),https://www.resmigazete.gov.tr/eskiler/2023/07/20230722-5.pdf
2023-07-22,"–– 6/2/2023 Tarihinde Meydana Gelen Depremler Nedeniyle Zarar Gören Bazı İllerdeki Tarımsal Üreticilerin, T.C. Ziraat Bankası A.Ş. ve Tarım Kredi Kooperatiflerince Düşük Faizli Kredi Kullandırılmasına İlişkin Kararlar Kapsamındaki Kredi Borçlarının Ertelenmesine Dair 21/2/2023 Tarihli ve 6816 Sayılı Cumhurbaşkanı Kararının Eki Kararda Değişiklik Yapılması Hakkında Karar (Karar Sayısı: 7397)",https://www.resmigazete.gov.tr/eskiler/2023/07/20230722-6.pdf
2023-07-22,–– Yer Altı Maden İşletmelerinde Meydana Gelen Maliyet Artışlarının Karşılanması Amacıyla Destek Verilmesine İlişkin Kararda Değişiklik Yapılmasına Dair Karar (Karar Sayısı: 7398),https://www.resmigazete.gov.tr/eskiler/2023/07/20230722-7.pdf
2023-07-22,–– Cumhurbaşkanlığı Tarafından Yapılan Atama Hakkında Karar (Karar: 2023/331),https://www.resmigazete.gov.tr/eskiler/2023/07/20230722-8.pdf
2023-07-22,–– Hâkimler ve Savcılar Kuruluna Ait Atama Kararları,https://www.resmigazete.gov.tr/eskiler/2023/07/20230722-9.pdf
2023-07-22,–– Sporcu Ücretlerinden Tevkif Yoluyla Alınan Gelir Vergisinin İadesi Hakkında Yönetmelik,https://www.resmigazete.gov.tr/eskiler/2023/07/20230722-10.htm
2023-07-22,–– Uludağ Alan Başkanlığı Personel Yönetmeliği,https://www.resmigazete.gov.tr/eskiler/2023/07/20230722-11.htm
2023-07-22,–– Bandırma Onyedi Eylül Üniversitesi Lisansüstü Eğitim ve Öğretim Yönetmeliğinde Değişiklik Yapılmasına Dair Yönetmelik,https://www.resmigazete.gov.tr/eskiler/2023/07/20230722-12.htm
2023-07-22,–– Muhasebat Genel Müdürlüğü Genel Tebliği (Sıra No: 80) (Parasal Sınırlar ve Oranlar)’nde Değişiklik Yapılmasına Dair Tebliğ (Sıra No: 82),https://www.resmigazete.gov.tr/eskiler/2023/07/20230722-13.htm
2023-07-22,–– Yargıtay 7. Hukuk Dairesine Ait Karar,https://www.resmigazete.gov.tr/eskiler/2023/07/20230722-14.pdf
2023-07-22,"–– Danıştay Vergi Dava Daireleri Kurulu Kararı (E: 2023/1, K: 2023/3)",https://www.resmigazete.gov.tr/eskiler/2023/07/20230722-15.pdf
2023-07-22,"–– Danıştay Vergi Dava Daireleri Kurulu Kararı (E: 2023/2, K: 2023/4)",https://www.resmigazete.gov.tr/eskiler/2023/07/20230722-16.pdf
2023-07-22,a - Yargı İlânı,http://www.resmigazete.gov.tr/main.aspx?home=http://www.resmigazete.gov.tr/ilanlar/eskiilanlar/2023/07/20230722.htm&main=http://www.resmigazete.gov.tr/ilanlar/eskiilanlar/2023/07/20230722-2.htm
2023-07-22,"b - Artırma, Eksiltme ve İhale İlânları",http://www.resmigazete.gov.tr/main.aspx?home=http://www.resmigazete.gov.tr/ilanlar/eskiilanlar/2023/07/20230722.htm&main=http://www.resmigazete.gov.tr/ilanlar/eskiilanlar/2023/07/20230722-3.htm
2023-07-22,c - Çeşitli İlânlar,http://www.resmigazete.gov.tr/main.aspx?home=http://www.resmigazete.gov.tr/ilanlar/eskiilanlar/2023/07/20230722.htm&main=http://www.resmigazete.gov.tr/ilanlar/eskiilanlar/2023/07/20230722-4.htm
2023-07-22,– T.C. Merkez Bankasınca Belirlenen Döviz Kurları ve Devlet İç Borçlanma Senetlerinin Günlük Değerleri,http://www.resmigazete.gov.tr/main.aspx?home=http://www.resmigazete.gov.tr/ilanlar/eskiilanlar/2023/07/20230722.htm&main=http://www.resmigazete.gov.tr/ilanlar/eskiilanlar/2023/07/20230722-5.htm
2023-07-23,–– Beşeri Tıbbi Ürünlerin Fiyatlandırılmasına Dair Kararda Değişiklik Yapılması Hakkında Karar (Karar Sayısı: 7399),https://www.resmigazete.gov.tr/eskiler/2023/07/20230723-6.pdf
2023-07-23,–– Türkiye Cumhuriyeti ile Birleşik Arap Emirlikleri Arasında Kapsamlı Ekonomik Ortaklık Anlaşması Çerçevesindeki Ticarette Eşyanın Tercihli Menşeinin Tespiti Hakkında Yönetmelik,https://www.resmigazete.gov.tr/eskiler/2023/07/20230723-1.htm
2023-07-23,–– 2023 Yılı Haziran Ayına Ait Dahilde İşleme İzin Belgelerinin (D1) Listesi,https://www.resmigazete.gov.tr/eskiler/2023/07/20230723-2.pdf
2023-07-23,–– 2023 Yılı Haziran Ayına Ait Yurt İçi Satış ve Teslim Belgelerinin (D3) Listesi,https://www.resmigazete.gov.tr/eskiler/2023/07/20230723-3.pdf
2023-07-23,–– 2023 Yılı Haziran Ayına Ait Hariçte İşleme İzin Belgelerinin (H1) Listesi,https://www.resmigazete.gov.tr/eskiler/2023/07/20230723-4.pdf
2023-07-23,–– 2023 Yılı Haziran Ayına Ait Firma Talebine İstinaden İptal Edilen Dahilde İşleme İzin Belgeleri Listesi,https://www.resmigazete.gov.tr/eskiler/2023/07/20230723-5.pdf
2023-07-23,"a - Artırma, Eksiltme ve İhale İlânları",http://www.resmigazete.gov.tr/main.aspx?home=http://www.resmigazete.gov.tr/ilanlar/eskiilanlar/2023/07/20230723.htm&main=http://www.resmigazete.gov.tr/ilanlar/eskiilanlar/2023/07/20230723-3.htm
2023-07-23,- Çeşitli İlânlar,http://www.resmigazete.gov.tr/main.aspx?home=http://www.resmigazete.gov.tr/ilanlar/eskiilanlar/2023/07/20230723.htm&main=http://www.resmigazete.gov.tr/ilanlar/eskiilanlar/2023/07/20230723-4.htm
2023-07-23,– T.C. Merkez Bankasınca Belirlenen Devlet İç Borçlanma Senetlerinin Günlük Değerleri,http://www.resmigazete.gov.tr/main.aspx?home=http://www.resmigazete.gov.tr/ilanlar/eskiilanlar/2023/07/20230723.htm&main=http://www.resmigazete.gov.tr/ilanlar/eskiilanlar/2023/07/20230723-5.htm
2023-07-24,–– Ankara Sosyal Bilimler Üniversitesi Ön Lisans ve Lisans Eğitim-Öğretim Yönetmeliğinde Değişiklik Yapılmasına Dair Yönetmelik,https://www.resmigazete.gov.tr/eskiler/2023/07/20230724-1.htm
2023-07-24,–– Başkent Üniversitesi Ön Lisans ve Lisans Eğitim-Öğretim ve Sınav Yönetmeliğinde Değişiklik Yapılmasına Dair Yönetmelik,https://www.resmigazete.gov.tr/eskiler/2023/07/20230724-2.htm
2023-07-24,–– Dokuz Eylül Üniversitesi Beyin Dinamiği Multidisipliner Araştırma ve Uygulama Merkezi Yönetmeliğinin Yürürlükten Kaldırılmasına Dair Yönetmelik,https://www.resmigazete.gov.tr/eskiler/2023/07/20230724-3.htm
2023-07-24,–– Dokuz Eylül Üniversitesi Karın Zarı Kanserleri Uygulama ve Araştırma Merkezi Yönetmeliğinin Yürürlükten Kaldırılmasına Dair Yönetmelik,https://www.resmigazete.gov.tr/eskiler/2023/07/20230724-4.htm
2023-07-24,"–– Dokuz Eylül Üniversitesi Kemik, Kıkırdak, Doku Biyoteknolojisi Uygulama ve Araştırma Merkezi Yönetmeliğinin Yürürlükten Kaldırılmasına Dair Yönetmelik",https://www.resmigazete.gov.tr/eskiler/2023/07/20230724-5.htm
2023-07-24,–– Dokuz Eylül Üniversitesi Palyatif Bakım Uygulama ve Araştırma Merkezi Yönetmeliğinin Yürürlükten Kaldırılmasına Dair Yönetmelik,https://www.resmigazete.gov.tr/eskiler/2023/07/20230724-6.htm
2023-07-24,–– Dokuz Eylül Üniversitesi Sağlık Hukuku Uygulama ve Araştırma Merkezi Yönetmeliğinin Yürürlükten Kaldırılmasına Dair Yönetmelik,https://www.resmigazete.gov.tr/eskiler/2023/07/20230724-7.htm
2023-07-24,–– Dokuz Eylül Üniversitesi Ulaştırma Emniyeti ve Kaza İnceleme Uygulama ve Araştırma Merkezi Yönetmeliğinin Yürürlükten Kaldırılmasına Dair Yönetmelik,https://www.resmigazete.gov.tr/eskiler/2023/07/20230724-8.htm
2023-07-24,–– Eskişehir Osmangazi Üniversitesi Tıp Fakültesi Eğitim ve Öğretim Yönetmeliğinde Değişiklik Yapılmasına Dair Yönetmelik,https://www.resmigazete.gov.tr/eskiler/2023/07/20230724-9.htm
2023-07-24,–– Selçuk Üniversitesi Radyo-Televizyon Yapım ve Yayıncılık Araştırma ve Uygulama Merkezi Yönetmeliğinde Değişiklik Yapılmasına Dair Yönetmelik,https://www.resmigazete.gov.tr/eskiler/2023/07/20230724-10.htm
2023-07-24,a - Yargı İlânları,http://www.resmigazete.gov.tr/main.aspx?home=http://www.resmigazete.gov.tr/ilanlar/eskiilanlar/2023/07/20230724.htm&main=http://www.resmigazete.gov.tr/ilanlar/eskiilanlar/2023/07/20230724-2.htm
2023-07-24,"b - Artırma, Eksiltme ve İhale İlânları",http://www.resmigazete.gov.tr/main.aspx?home=http://www.resmigazete.gov.tr/ilanlar/eskiilanlar/2023/07/20230724.htm&main=http://www.resmigazete.gov.tr/ilanlar/eskiilanlar/2023/07/20230724-3.htm
2023-07-24,c - Çeşitli İlânlar,http://www.resmigazete.gov.tr/main.aspx?home=http://www.resmigazete.gov.tr/ilanlar/eskiilanlar/2023/07/20230724.htm&main=http://www.resmigazete.gov.tr/ilanlar/eskiilanlar/2023/07/20230724-4.htm
2023-07-24,– T.C. Merkez Bankasınca Belirlenen Devlet İç Borçlanma Senetlerinin Günlük Değerleri,http://www.resmigazete.gov.tr/main.aspx?home=http://www.resmigazete.gov.tr/ilanlar/eskiilanlar/2023/07/20230724.htm&main=http://www.resmigazete.gov.tr/ilanlar/eskiilanlar/2023/07/20230724-5.htm
2023-07-25,–– Düzce Üniversitesi Öğretim Elemanlarının Teknoloji Geliştirme Bölgelerinde Görevlendirilme ve Şirket Kurabilmelerine İlişkin Yönetmelikte Değişiklik Yapılmasına Dair Yönetmelik,https://www.resmigazete.gov.tr/eskiler/2023/07/20230725-1.htm
2023-07-25,–– Selçuk Üniversitesi Dilek Sabancı Devlet Konservatuvarı Eğitim-Öğretim ve Sınav Yönetmeliğinde Değişiklik Yapılmasına Dair Yönetmelik,https://www.resmigazete.gov.tr/eskiler/2023/07/20230725-2.htm
2023-07-25,–– Menkul Kıymet Tesisi Hakkında Tebliğde Değişiklik Yapılmasına Dair Tebliğ (Sayı: 2023/18),https://www.resmigazete.gov.tr/eskiler/2023/07/20230725-3.htm
2023-07-25,–– Kredi Kartı İşlemlerinde Uygulanacak Azami Faiz Oranları Hakkında Tebliğ (Sayı: 2020/16)’de Değişiklik Yapılmasına Dair Tebliğ (Sayı: 2023/19),https://www.resmigazete.gov.tr/eskiler/2023/07/20230725-4.htm
2023-07-25,–– Kişisel Verileri Koruma Kurulunun 06/07/2023 Tarihli ve 2023/1154 Sayılı Kararı,https://www.resmigazete.gov.tr/eskiler/2023/07/20230725-5.pdf
2023-07-25,–– Enerji Piyasası Düzenleme Kurulunun 20/07/2023 Tarihli ve 11960 Sayılı Kararı,https://www.resmigazete.gov.tr/eskiler/2023/07/20230725-6.pdf
2023-07-25,"–– Anayasa Mahkemesinin 5/4/2023 Tarihli ve E: 2020/103, K: 2023/68 Sayılı Kararı",https://www.resmigazete.gov.tr/eskiler/2023/07/20230725-7.pdf
2023-07-25,a - Yargı İlânları,http://www.resmigazete.gov.tr/main.aspx?home=http://www.resmigazete.gov.tr/ilanlar/eskiilanlar/2023/07/20230725.htm&main=http://www.resmigazete.gov.tr/ilanlar/eskiilanlar/2023/07/20230725-2.htm
2023-07-25,"b - Artırma, Eksiltme ve İhale İlânları",http://www.resmigazete.gov.tr/main.aspx?home=http://www.resmigazete.gov.tr/ilanlar/eskiilanlar/2023/07/20230725.htm&main=http://www.resmigazete.gov.tr/ilanlar/eskiilanlar/2023/07/20230725-3.htm
2023-07-25,c - Çeşitli İlânlar,http://www.resmigazete.gov.tr/main.aspx?home=http://www.resmigazete.gov.tr/ilanlar/eskiilanlar/2023/07/20230725.htm&main=http://www.resmigazete.gov.tr/ilanlar/eskiilanlar/2023/07/20230725-4.htm
2023-07-25,– T.C. Merkez Bankasınca Belirlenen Döviz Kurları ve Devlet İç Borçlanma Senetlerinin Günlük Değerleri,http://www.resmigazete.gov.tr/main.aspx?home=http://www.resmigazete.gov.tr/ilanlar/eskiilanlar/2023/07/20230725.htm&main=http://www.resmigazete.gov.tr/ilanlar/eskiilanlar/2023/07/20230725-5.htm
2023-07-26,–– Karadeniz Teknik Üniversitesi Kadın Çalışmaları Uygulama ve Araştırma Merkezi Yönetmeliğinde Değişiklik Yapılmasına Dair Yönetmelik,https://www.resmigazete.gov.tr/eskiler/2023/07/20230726-1.htm
2023-07-26,–– Türk-Alman Üniversitesi Lisans Eğitim-Öğretim ve Sınav Yönetmeliğinde Değişiklik Yapılmasına Dair Yönetmelik,https://www.resmigazete.gov.tr/eskiler/2023/07/20230726-2.htm
2023-07-26,–– Karma Ekonomik Komisyon Eşbaşkanlıkları ile İlgili 2023/12 Sayılı Cumhurbaşkanlığı Genelgesi,https://www.resmigazete.gov.tr/eskiler/2023/07/20230726-3.pdf
2023-07-26,"–– Anayasa Mahkemesinin 9/3/2023 Tarihli ve E: 2023/38, K: 2023/39 Sayılı Kararı",https://www.resmigazete.gov.tr/eskiler/2023/07/20230726-4.pdf
2023-07-26,"–– Anayasa Mahkemesinin 4/5/2023 Tarihli ve E: 2023/72, K: 2023/75 Sayılı Kararı",https://www.resmigazete.gov.tr/eskiler/2023/07/20230726-5.pdf
2023-07-26,"–– Anayasa Mahkemesinin 4/5/2023 Tarihli ve E: 2022/38, K: 2023/80 Sayılı Kararı",https://www.resmigazete.gov.tr/eskiler/2023/07/20230726-6.pdf
2023-07-26,"–– Anayasa Mahkemesinin 4/5/2023 Tarihli ve E: 2022/92, K: 2023/81 Sayılı Kararı",https://www.resmigazete.gov.tr/eskiler/2023/07/20230726-7.pdf
2023-07-26,"–– Anayasa Mahkemesinin 4/5/2023 Tarihli ve E: 2022/94, K: 2023/82 Sayılı Kararı",https://www.resmigazete.gov.tr/eskiler/2023/07/20230726-8.pdf
2023-07-26,"–– Anayasa Mahkemesinin 4/5/2023 Tarihli ve E: 2022/114, K: 2023/83 Sayılı Kararı",https://www.resmigazete.gov.tr/eskiler/2023/07/20230726-9.pdf
2023-07-26,a - Yargı İlânları,http://www.resmigazete.gov.tr/main.aspx?home=http://www.resmigazete.gov.tr/ilanlar/eskiilanlar/2023/07/20230726.htm&main=http://www.resmigazete.gov.tr/ilanlar/eskiilanlar/2023/07/20230726-2.htm
2023-07-26,"b - Artırma, Eksiltme ve İhale İlânları",http://www.resmigazete.gov.tr/main.aspx?home=http://www.resmigazete.gov.tr/ilanlar/eskiilanlar/2023/07/20230726.htm&main=http://www.resmigazete.gov.tr/ilanlar/eskiilanlar/2023/07/20230726-3.htm
2023-07-26,c - Çeşitli İlânlar,http://www.resmigazete.gov.tr/main.aspx?home=http://www.resmigazete.gov.tr/ilanlar/eskiilanlar/2023/07/20230726.htm&main=http://www.resmigazete.gov.tr/ilanlar/eskiilanlar/2023/07/20230726-4.htm
2023-07-26,– T.C. Merkez Bankasınca Belirlenen Döviz Kurları ve Devlet İç Borçlanma Senetlerinin Günlük Değerleri,http://www.resmigazete.gov.tr/main.aspx?home=http://www.resmigazete.gov.tr/ilanlar/eskiilanlar/2023/07/20230726.htm&main=http://www.resmigazete.gov.tr/ilanlar/eskiilanlar/2023/07/20230726-5.htm
2023-07-27,7457 2023 Yılı Merkezi Yönetim Bütçe Kanunu ile Bağlı Cetvellerinde Değişiklik Yapılmasına Dair Kanun,https://www.resmigazete.gov.tr/eskiler/2023/07/20230727-1.htm
2023-07-27,–– İthalat Rejimi Kararında Değişiklik Yapılmasına İlişkin Karar (Karar Sayısı: 7403),https://www.resmigazete.gov.tr/eskiler/2023/07/20230727-2.pdf
2023-07-27,–– İthalatta İlave Gümrük Vergisi Uygulanmasına İlişkin Kararda Değişiklik Yapılmasına Dair Karar (Karar Sayısı: 7404),https://www.resmigazete.gov.tr/eskiler/2023/07/20230727-3.pdf
2023-07-27,"–– 6/2/2023 Tarihinde Kahramanmaraş İlinde Meydana Gelen Depremler Nedeniyle Adıyaman, Hatay, Kahramanmaraş ve Malatya İlleri ile Gaziantep İlinin İslahiye ve Nurdağı İlçelerinde Devam Eden Mücbir Sebebe İstinaden, 7256 Sayılı Bazı Alacakların Yeniden Yapılandırılması ile Bazı Kanunlarda Değişiklik Yapılması Hakkında Kanun ve 7326 Sayılı Bazı Alacakların Yeniden Yapılandırılması ile Bazı Kanunlarda Değişiklik Yapılmasına İlişkin Kanunda Yer Alan Taksit Ödeme Sürelerinin Yeniden Belirlenmesi Hakkında Karar (Karar Sayısı: 7405)",https://www.resmigazete.gov.tr/eskiler/2023/07/20230727-4.pdf
2023-07-27,–– Hâkimler ve Savcılar Kurulu Genel Kurulunca Yargıtay Üyeliklerine Seçilenler Hakkında Karar (No: 1228),https://www.resmigazete.gov.tr/eskiler/2023/07/20230727-5.pdf
2023-07-27,–– Bandırma Onyedi Eylül Üniversitesi Tıp Fakültesi Eğitim-Öğretim ve Sınav Yönetmeliği,https://www.resmigazete.gov.tr/eskiler/2023/07/20230727-6.htm
2023-07-27,"–– Anayasa Mahkemesinin 29/12/2022 Tarihli ve E: 2020/54, K: 2022/165 Sayılı Kararı",https://www.resmigazete.gov.tr/eskiler/2023/07/20230727-7.pdf
2023-07-27,"–– Anayasa Mahkemesinin 4/5/2023 Tarihli ve E: 2020/89, K: 2023/85 Sayılı Kararı",https://www.resmigazete.gov.tr/eskiler/2023/07/20230727-8.pdf
2023-07-27,a - Yargı İlânları,http://www.resmigazete.gov.tr/main.aspx?home=http://www.resmigazete.gov.tr/ilanlar/eskiilanlar/2023/07/20230727.htm&main=http://www.resmigazete.gov.tr/ilanlar/eskiilanlar/2023/07/20230727-2.htm
2023-07-27,"b - Artırma, Eksiltme ve İhale İlânları",http://www.resmigazete.gov.tr/main.aspx?home=http://www.resmigazete.gov.tr/ilanlar/eskiilanlar/2023/07/20230727.htm&main=http://www.resmigazete.gov.tr/ilanlar/eskiilanlar/2023/07/20230727-3.htm
2023-07-27,c - Çeşitli İlânlar,http://www.resmigazete.gov.tr/main.aspx?home=http://www.resmigazete.gov.tr/ilanlar/eskiilanlar/2023/07/20230727.htm&main=http://www.resmigazete.gov.tr/ilanlar/eskiilanlar/2023/07/20230727-4.htm
2023-07-27,– T.C. Merkez Bankasınca Belirlenen Döviz Kurları ve Devlet İç Borçlanma Senetlerinin Günlük Değerleri,http://www.resmigazete.gov.tr/main.aspx?home=http://www.resmigazete.gov.tr/ilanlar/eskiilanlar/2023/07/20230727.htm&main=http://www.resmigazete.gov.tr/ilanlar/eskiilanlar/2023/07/20230727-5.htm
2023-07-28,–– Cumhurbaşkanlığı Tarafından Yapılan Atama Hakkında Karar (Karar: 2023/333),https://www.resmigazete.gov.tr/eskiler/2023/07/20230728-1.pdf
2023-07-28,–– Hâkimler ve Savcılar Kuruluna Ait Atama Kararı,https://www.resmigazete.gov.tr/eskiler/2023/07/20230728-2.pdf
2023-07-28,–– Coğrafi Veri İzinleri Yönetmeliğinde Değişiklik Yapılmasına Dair Yönetmelik,https://www.resmigazete.gov.tr/eskiler/2023/07/20230728-3.htm
2023-07-28,–– Basit Konaklama Tesisleri ile Plaj İşletmelerinin Belgelendirilmesine İlişkin Yönetmelikte Değişiklik Yapılmasına Dair Yönetmelik,https://www.resmigazete.gov.tr/eskiler/2023/07/20230728-4.htm
2023-07-28,–– Yükseköğretim Kurumları Devlet Konservatuvarları Müzik ve Bale İlköğretim Kurumları ile Müzik ve Sahne Sanatları Liseleri Yönetmeliğinde Değişiklik Yapılmasına Dair Yönetmelik,https://www.resmigazete.gov.tr/eskiler/2023/07/20230728-5.htm
2023-07-28,–– Şarj Hizmeti Yönetmeliğinde Değişiklik Yapılmasına Dair Yönetmelik,https://www.resmigazete.gov.tr/eskiler/2023/07/20230728-6.htm
2023-07-28,–– 7456 Sayılı Kanunun 1 inci Maddesiyle İhdas Edilen Ek Motorlu Taşıtlar Vergisine İlişkin Genel Tebliğ (Seri No: 1),https://www.resmigazete.gov.tr/eskiler/2023/07/20230728-7.htm
2023-07-28,"–– Anayasa Mahkemesinin 4/5/2023 Tarihli ve E: 2019/93, K: 2023/87 Sayılı Kararı",https://www.resmigazete.gov.tr/eskiler/2023/07/20230728-8.pdf
2023-07-28,"–– Anayasa Mahkemesinin 18/5/2023 Tarihli ve E: 2023/23, K: 2023/101 Sayılı Kararı",https://www.resmigazete.gov.tr/eskiler/2023/07/20230728-9.pdf
2023-07-28,–– Yargıtay 5. Hukuk Dairesine Ait Karar,https://www.resmigazete.gov.tr/eskiler/2023/07/20230728-10.pdf
2023-07-28,a - Yargı İlânları,http://www.resmigazete.gov.tr/main.aspx?home=http://www.resmigazete.gov.tr/ilanlar/eskiilanlar/2023/07/20230728.htm&main=http://www.resmigazete.gov.tr/ilanlar/eskiilanlar/2023/07/20230728-2.htm
2023-07-28,"b - Artırma, Eksiltme ve İhale İlânları",http://www.resmigazete.gov.tr/main.aspx?home=http://www.resmigazete.gov.tr/ilanlar/eskiilanlar/2023/07/20230728.htm&main=http://www.resmigazete.gov.tr/ilanlar/eskiilanlar/2023/07/20230728-3.htm
2023-07-28,c - Çeşitli İlânlar,http://www.resmigazete.gov.tr/main.aspx?home=http://www.resmigazete.gov.tr/ilanlar/eskiilanlar/2023/07/20230728.htm&main=http://www.resmigazete.gov.tr/ilanlar/eskiilanlar/2023/07/20230728-4.htm
2023-07-28,– T.C. Merkez Bankasınca Belirlenen Döviz Kurları ve Devlet İç Borçlanma Senetlerinin Günlük Değerleri,http://www.resmigazete.gov.tr/main.aspx?home=http://www.resmigazete.gov.tr/ilanlar/eskiilanlar/2023/07/20230728.htm&main=http://www.resmigazete.gov.tr/ilanlar/eskiilanlar/2023/07/20230728-5.htm
2023-07-28,"28/7/2023 tarihli ve 32262 mükerrer sayılı Resmî Gazete’de, Yönetmelik ve 2023-2024 Av Dönemi Merkez Av Komisyonu Kararı yayımlanmıştır.",http://www.resmigazete.gov.tr/eskiler/2023/07/20230728M1.htm
2023-07-29,–– Kültür ve Turizm Bakanlığına Kadro İhdas Edilmesine İlişkin Cumhurbaşkanlığı Kararnamesi (Kararname Numarası: 150),https://www.resmigazete.gov.tr/eskiler/2023/07/20230729-1.pdf
2023-07-29,"–– 5520 Sayılı Kurumlar Vergisi Kanununun Geçici 14 üncü Maddesinin Dördüncü Fıkrasında Yer Alan İstisnanın, Kurumların 30/6/2023 Tarihli Bilançolarında Yer Alan Yabancı Paralar İtibarıyla da Uygulanması Hakkında Karar (Karar Sayısı: 7408)",https://www.resmigazete.gov.tr/eskiler/2023/07/20230729-2.pdf
2023-07-29,"–– İşsizlik Sigortası Fonu Gelirlerinin, 4447 Sayılı İşsizlik Sigortası Kanununun 48 inci Maddesinin Yedinci Fıkrasında Belirtilen Amaçlar İçin Kullanılacak Oranının Artırılmasına İlişkin Karar (Karar Sayısı: 7409)",https://www.resmigazete.gov.tr/eskiler/2023/07/20230729-3.pdf
2023-07-29,–– 6/2/2023 Tarihinde Meydana Gelen Kahramanmaraş Merkezli Depremler Nedeniyle Bölgesel Kriz Gerekçesiyle Kısa Çalışma Uygulanan İşyerleri İçin Kısa Çalışma Ödeneğinin Süresinin Uzatılması Hakkında Karar (Karar Sayısı: 7410),https://www.resmigazete.gov.tr/eskiler/2023/07/20230729-4.pdf
2023-07-29,"–– Sahipsiz Hayvanların Kontrol Altına Alınması, Barındırılması, Gözetilmesi ve Bakımlarının Sağlanması Amacıyla “Aksaray İli Sahipsiz Hayvanları Koruma Birliği”nin Kurulması Hakkında Karar (Karar Sayısı: 7411)",https://www.resmigazete.gov.tr/eskiler/2023/07/20230729-5.pdf
2023-07-29,"–– Sahipsiz Hayvanların Kontrol Altına Alınması, Barındırılması, Gözetilmesi ve Bakımlarının Sağlanması Amacıyla “Niğde İli Sahipsiz Hayvanları Koruma Birliği”nin Kurulması Hakkında Karar (Karar Sayısı: 7412)",https://www.resmigazete.gov.tr/eskiler/2023/07/20230729-6.pdf
2023-07-29,"–– Bolu İli, Seben İlçesi Sınırları İçerisinde Bulunan Solaklar Köyü Kaya Yerleşimi Doğal Sit Alanının Koruma Statüsünün Yeniden Değerlendirilmesi Sonucunda Gösterilen Alanın Kesin Korunacak Hassas Alan Olarak Tescil ve İlan Edilmesi Hakkında Karar (Karar Sayısı: 7413)",https://www.resmigazete.gov.tr/eskiler/2023/07/20230729-7.pdf
2023-07-29,"–– Balıkesir İli, Marmara İlçesi Sınırları İçerisinde Bulunan Marmara Adası Merkez Mevkii Doğal Sit Alanının Koruma Statüsünün Yeniden Değerlendirilmesi Sonucunda Gösterilen Alanların Kesin Korunacak Hassas Alan Olarak Tescil ve İlan Edilmesi Hakkında Karar (Karar Sayısı: 7414)",https://www.resmigazete.gov.tr/eskiler/2023/07/20230729-8.pdf
2023-07-29,"–– Balıkesir İli, Marmara İlçesi Sınırları İçerisinde Bulunan Marmara Adası-Saraylar Mevkii Doğal Sit Alanının Koruma Statüsünün Yeniden Değerlendirilmesi Sonucunda Gösterilen Alanın Kesin Korunacak Hassas Alan Olarak Tescil ve İlan Edilmesi Hakkında Karar (Karar Sayısı: 7415)",https://www.resmigazete.gov.tr/eskiler/2023/07/20230729-9.pdf
2023-07-29,"–– Erzurum İli, Yakutiye İlçesi Sınırları İçerisinde Bulunan Erzurum Bataklıkları Potansiyel Doğal Sit Alanının Koruma Statüsünün Değerlendirilmesi Sonucunda Gösterilen Alanın Kesin Korunacak Hassas Alan Olarak Tescil ve İlan Edilmesi Hakkında Karar (Karar Sayısı: 7416)",https://www.resmigazete.gov.tr/eskiler/2023/07/20230729-10.pdf
2023-07-29,"–– Mersin İli, Anamur İlçesi Sınırları İçerisinde Bulunan Mamure Kalesi, Dragon Çayı ve Pullu Ormanı (MER 18) Doğal Sit Alanının Koruma Statüsünün Yeniden Değerlendirilmesi Sonucunda Gösterilen Alanın Kesin Korunacak Hassas Alan Olarak Tescil ve İlan Edilmesi Hakkında Karar (Karar Sayısı: 7417)",https://www.resmigazete.gov.tr/eskiler/2023/07/20230729-11.pdf
2023-07-29,"–– Mersin İli, Aydıncık İlçesi Sınırları İçerisinde Bulunan Gilindere Mağarası ve Aydıncık Adası Doğal Sit Alanının Koruma Statüsünün Yeniden Değerlendirilmesi Sonucunda Gösterilen Alanların Kesin Korunacak Hassas Alan Olan Tescil ve İlan Edilmesi Hakkında Karar (Karar Sayısı: 7418)",https://www.resmigazete.gov.tr/eskiler/2023/07/20230729-12.pdf
2023-07-29,"–– Mersin İli, Bozyazı İlçesi Sınırları İçerisinde Bulunan Arsinoe Antik Kenti (MER 12) Doğal Sit Alanının Koruma Statüsünün Yeniden Değerlendirilmesi Sonucunda Gösterilen Alanın Kesin Korunacak Hassas Alan Olarak Tescil ve İlan Edilmesi Hakkında Karar (Karar Sayısı: 7419)",https://www.resmigazete.gov.tr/eskiler/2023/07/20230729-13.pdf
2023-07-29,"–– Sakarya İli, Geyve İlçesi Sınırları İçerisinde Bulunan Beşiktaş Vadisi ve Sop Deresi Vadisi Potansiyel Doğal Sit Alanının Koruma Statüsünün Değerlendirilmesi Sonucunda Gösterilen Alanın Kesin Korunacak Hassas Alan Olarak Tescil ve İlan Edilmesi Hakkında Karar (Karar Sayısı: 7420)",https://www.resmigazete.gov.tr/eskiler/2023/07/20230729-14.pdf
2023-07-29,"–– Balıkesir İli, Edremit İlçesi Sınırları İçerisinde Bulunan Bazı Taşınmazların, Şehir İçi Trafik Yoğunluğunu Azaltmak ve Oluşabilecek Afet Durumlarında Alternatif Yol İmkânı Sağlamak Amacıyla Hazırlanan Edremit Ülkü Yolu Projesi Kapsamında Balıkesir Büyükşehir Belediye Başkanlığı Tarafından Acele Kamulaştırılması Hakkında Karar (Karar Sayısı: 7421)",https://www.resmigazete.gov.tr/eskiler/2023/07/20230729-15.pdf
2023-07-29,"–– Aydın İlinde Kurulacak Akköy RES Elektrik Üretim Tesisi İçin Gerekli Olan Bazı Taşınmazların, Enerji Piyasası Düzenleme Kurumu Tarafından Acele Kamulaştırılması Hakkında Karar (Karar Sayısı: 7422)",https://www.resmigazete.gov.tr/eskiler/2023/07/20230729-16.pdf
2023-07-29,"–– İzmir İli, Seferihisar İlçesinde Tesis Edilecek Doğal Gaz Dağıtım Sistemi Kapsamında İhtiyaç Duyulan Taşınmazın Enerji Piyasası Düzenleme Kurumu Tarafından Acele Kamulaştırılması Hakkında Karar (Karar Sayısı: 7423)",https://www.resmigazete.gov.tr/eskiler/2023/07/20230729-17.pdf
2023-07-29,"–– Malatya İli, Doğanşehir İlçesi, Savaklı ve Sürgü Mahalleleri Sınırları İçerisinde Bulunan Bazı Taşınmazların Doğanşehir İçmesuyu İsale Hattı Yapım İşi Kapsamında Çevre, Şehircilik ve İklim Değişikliği Bakanlığı Tarafından Acele Kamulaştırılması Hakkında Karar (Karar Sayısı: 7424)",https://www.resmigazete.gov.tr/eskiler/2023/07/20230729-18.pdf
2023-07-29,"–– Mardin İli, Midyat İlçesi, Ulucami Mahallesi, Estel Kentsel Sit Alanında Yer Alan ve 1. Grup Yapı Olarak Tescilli Olan Matiate Yeraltı Şehrine Yönelik, Mardin Kültür Varlıklarını Koruma Bölge Kurulunun 28/4/2023 Tarihli ve 158 Sayılı Kararıyla Uygun Bulunan Çevre Düzenleme Projesinin Uygulanabilmesi Amacıyla Bazı Taşınmazların Kültür ve Turizm Bakanlığı Tarafından Acele Kamulaştırılması Hakkında Karar (Karar Sayısı: 7425)",https://www.resmigazete.gov.tr/eskiler/2023/07/20230729-19.pdf
2023-07-29,"–– Trabzon İli, Akçaabat İlçesi, Çiçeklidüz, Özdemirci ve Tatlısu Mahallelerinde Bulunan Bazı Taşınmazların, Sanayi Sitesi Yapılması Amacıyla Akçaabat Belediye Başkanlığı Tarafından Acele Kamulaştırılması Hakkında Karar (Karar Sayısı: 7426)",https://www.resmigazete.gov.tr/eskiler/2023/07/20230729-20.pdf
2023-07-29,"–– Şanlıurfa İli, Eyyübiye İlçesi, Karakoyunlu Mahallesi Sınırları İçerisinde Bulunan Bazı Taşınmazların Bölgede Yürütülen Kentsel Dönüşüm ve Gelişim Projesi Kapsamında Şanlıurfa Büyükşehir Belediye Başkanlığı Tarafından Acele Kamulaştırılması Hakkında Karar (Karar Sayısı: 7427)",https://www.resmigazete.gov.tr/eskiler/2023/07/20230729-21.pdf
2023-07-29,–– Aydın İlinde Kurulacak Bafa RES Elektrik Üretim Tesisi İçin Gerekli Olan Taşınmazın Enerji Piyasası Düzenleme Kurumu Tarafından Acele Kamulaştırılması Hakkında Karar (Karar Sayısı: 7428),https://www.resmigazete.gov.tr/eskiler/2023/07/20230729-22.pdf
2023-07-29,"–– Samsun İli, Canik İlçesi, Teknepınar Mahallesinde İlan Edilen Riskli Alan İçerisinde Bulunan Taşınmazlar ve Üzerlerindeki Yapıların, Çoğunluğu İmar Mevzuatına Aykırı Olan, Afet Riski Taşıyan, Genel Asayiş ve Güvenlik Yönünden Sakınca Teşkil Eden Yapıların Tasfiye Edilerek Ulaşım ve Altyapısıyla Birlikte Fen ve Sanat Kurallarına Uygun, Sağlıklı ve Güvenli Yaşam Alanlarının Oluşturulması Amacıyla Çevre, Şehircilik ve İklim Değişikliği Bakanlığı Tarafından Acele Kamulaştırılması Hakkında Karar (Karar Sayısı: 7429)",https://www.resmigazete.gov.tr/eskiler/2023/07/20230729-23.pdf
2023-07-29,"–– Trabzon İli, Çaykara İlçesi, Uzungöl/Yenimahalle Sınırları İçerisinde Bulunan 506 Ada, 2 ve 3 Parsel Numaralı Taşınmazların, Millet Bahçesi Projesi Kapsamında Değerlendirilmek Üzere Çaykara Belediye Başkanlığı Tarafından Acele Kamulaştırılması Hakkında Karar (Karar Sayısı: 7430)",https://www.resmigazete.gov.tr/eskiler/2023/07/20230729-24.pdf
2023-07-29,–– Hâkimler ve Savcılar Kuruluna Ait Atama Kararları,https://www.resmigazete.gov.tr/eskiler/2023/07/20230729-25.pdf
2023-07-29,–– Sözleşmeli Personel Çalıştırılmasına İlişkin Esaslarda Değişiklik Yapılmasına Dair Esaslar (Karar Sayısı: 7431),https://www.resmigazete.gov.tr/eskiler/2023/07/20230729-26.pdf
2023-07-29,–– Aile Hekimliği Sözleşme ve Ödeme Yönetmeliğinde Değişiklik Yapılmasına Dair Yönetmelik (Karar Sayısı: 7432),https://www.resmigazete.gov.tr/eskiler/2023/07/20230729-27.pdf
2023-07-29,–– İşyeri Açma ve Çalışma Ruhsatlarına İlişkin Yönetmelikte Değişiklik Yapılmasına Dair Yönetmelik (Karar Sayısı: 7433),https://www.resmigazete.gov.tr/eskiler/2023/07/20230729-28.pdf
2023-07-29,–– Sağlık Hizmetlerinde Tanıtım ve Bilgilendirme Faaliyetleri Hakkında Yönetmelik,https://www.resmigazete.gov.tr/eskiler/2023/07/20230729-29.htm
2023-07-29,–– Elektrik Piyasası Bağlantı ve Sistem Kullanım Yönetmeliğinde Değişiklik Yapılmasına Dair Yönetmelik,https://www.resmigazete.gov.tr/eskiler/2023/07/20230729-30.htm
2023-07-29,–– Elektrik Piyasasında Lisanssız Elektrik Üretim Yönetmeliğinde Değişiklik Yapılmasına Dair Yönetmelik,https://www.resmigazete.gov.tr/eskiler/2023/07/20230729-31.htm
2023-07-29,–– Merkezi Takas Kuruluşlarının Kuruluş ve Çalışma Esasları Hakkında Genel Yönetmelikte Değişiklik Yapılmasına Dair Yönetmelik,https://www.resmigazete.gov.tr/eskiler/2023/07/20230729-32.htm
2023-07-29,–– Atatürk Üniversitesi Yaz Okulu Yönetmeliğinde Değişiklik Yapılmasına Dair Yönetmelik,https://www.resmigazete.gov.tr/eskiler/2023/07/20230729-33.htm
2023-07-29,–– Kamuda Açık Kaynak Kodlu Yazılım Kullanımı ile İlgili 2023/13 Sayılı Cumhurbaşkanlığı Genelgesi,https://www.resmigazete.gov.tr/eskiler/2023/07/20230729-34.pdf
2023-07-29,a - Yargı İlânları,http://www.resmigazete.gov.tr/main.aspx?home=http://www.resmigazete.gov.tr/ilanlar/eskiilanlar/2023/07/20230729.htm&main=http://www.resmigazete.gov.tr/ilanlar/eskiilanlar/2023/07/20230729-2.htm
2023-07-29,"b - Artırma, Eksiltme ve İhale İlânları",http://www.resmigazete.gov.tr/main.aspx?home=http://www.resmigazete.gov.tr/ilanlar/eskiilanlar/2023/07/20230729.htm&main=http://www.resmigazete.gov.tr/ilanlar/eskiilanlar/2023/07/20230729-3.htm
2023-07-29,c - Çeşitli İlânlar,http://www.resmigazete.gov.tr/main.aspx?home=http://www.resmigazete.gov.tr/ilanlar/eskiilanlar/2023/07/20230729.htm&main=http://www.resmigazete.gov.tr/ilanlar/eskiilanlar/2023/07/20230729-4.htm
2023-07-29,– T.C. Merkez Bankasınca Belirlenen Döviz Kurları ve Devlet İç Borçlanma Senetlerinin Günlük Değerleri,http://www.resmigazete.gov.tr/main.aspx?home=http://www.resmigazete.gov.tr/ilanlar/eskiilanlar/2023/07/20230729.htm&main=http://www.resmigazete.gov.tr/ilanlar/eskiilanlar/2023/07/20230729-5.htm
2023-07-30,"–– İzmir Kâtip Çelebi Üniversitesi İstatistik, Danışmanlık, Ölçme ve Değerlendirme Uygulama ve Araştırma Merkezi Yönetmeliğinde Değişiklik Yapılmasına Dair Yönetmelik",https://www.resmigazete.gov.tr/eskiler/2023/07/20230730-1.htm
2023-07-30,–– Van Yüzüncü Yıl Üniversitesi Lisansüstü Eğitim ve Öğretim Yönetmeliği,https://www.resmigazete.gov.tr/eskiler/2023/07/20230730-2.htm
2023-07-30,a - Yargı İlânları,http://www.resmigazete.gov.tr/main.aspx?home=http://www.resmigazete.gov.tr/ilanlar/eskiilanlar/2023/07/20230730.htm&main=http://www.resmigazete.gov.tr/ilanlar/eskiilanlar/2023/07/20230730-2.htm
2023-07-30,"b - Artırma, Eksiltme ve İhale İlânları",http://www.resmigazete.gov.tr/main.aspx?home=http://www.resmigazete.gov.tr/ilanlar/eskiilanlar/2023/07/20230730.htm&main=http://www.resmigazete.gov.tr/ilanlar/eskiilanlar/2023/07/20230730-3.htm
2023-07-30,c - Çeşitli İlânlar,http://www.resmigazete.gov.tr/main.aspx?home=http://www.resmigazete.gov.tr/ilanlar/eskiilanlar/2023/07/20230730.htm&main=http://www.resmigazete.gov.tr/ilanlar/eskiilanlar/2023/07/20230730-4.htm
2023-07-30,– T.C. Merkez Bankasınca Belirlenen Devlet İç Borçlanma Senetlerinin Günlük Değerleri,http://www.resmigazete.gov.tr/main.aspx?home=http://www.resmigazete.gov.tr/ilanlar/eskiilanlar/2023/07/20230730.htm&main=http://www.resmigazete.gov.tr/ilanlar/eskiilanlar/2023/07/20230730-5.htm
2023-07-31,–– Bursa Teknik Üniversitesi Lisans Eğitim-Öğretim ve Sınav Yönetmeliğinde Değişiklik Yapılmasına Dair Yönetmelik,https://www.resmigazete.gov.tr/eskiler/2023/07/20230731-1.htm
2023-07-31,–– Eskişehir Teknik Üniversitesi Yabancı Dil Hazırlık Programı Eğitim-Öğretim ve Sınav Yönetmeliği,https://www.resmigazete.gov.tr/eskiler/2023/07/20230731-2.htm
2023-07-31,–– Süleyman Demirel Üniversitesi Hukuk Fakültesi Eğitim-Öğretim ve Sınav Yönetmeliği,https://www.resmigazete.gov.tr/eskiler/2023/07/20230731-3.htm
2023-07-31,–– 6356 Sayılı Sendikalar ve Toplu İş Sözleşmesi Kanunu Gereğince; İşkollarındaki İşçi Sayıları ve Sendikaların Üye Sayılarına İlişkin 2023 Temmuz Ayı İstatistikleri Hakkında Tebliğ,https://www.resmigazete.gov.tr/eskiler/2023/07/20230731-4.pdf
2023-07-31,a - Yargı İlânları,http://www.resmigazete.gov.tr/main.aspx?home=http://www.resmigazete.gov.tr/ilanlar/eskiilanlar/2023/07/20230731.htm&main=http://www.resmigazete.gov.tr/ilanlar/eskiilanlar/2023/07/20230731-2.htm
2023-07-31,"b - Artırma, Eksiltme ve İhale İlânları",http://www.resmigazete.gov.tr/main.aspx?home=http://www.resmigazete.gov.tr/ilanlar/eskiilanlar/2023/07/20230731.htm&main=http://www.resmigazete.gov.tr/ilanlar/eskiilanlar/2023/07/20230731-3.htm
2023-07-31,c - Çeşitli İlânlar,http://www.resmigazete.gov.tr/main.aspx?home=http://www.resmigazete.gov.tr/ilanlar/eskiilanlar/2023/07/20230731.htm&main=http://www.resmigazete.gov.tr/ilanlar/eskiilanlar/2023/07/20230731-4.htm
2023-07-31,– T.C. Merkez Bankasınca Belirlenen Devlet İç Borçlanma Senetlerinin Günlük Değerleri,http://www.resmigazete.gov.tr/main.aspx?home=http://www.resmigazete.gov.tr/ilanlar/eskiilanlar/2023/07/20230731.htm&main=http://www.resmigazete.gov.tr/ilanlar/eskiilanlar/2023/07/20230731-5.htm
2023-08-01,"–– Cumhurbaşkanlığı Tarafından Yapılan Atamalar Hakkında Kararlar (Karar: 2023/334, 335, 336, 337, 338, 339, 340, 341, 342, 343, 344, 345, 346, 347, 348, 349, 350, 351, 352, 353, 354)",https://www.resmigazete.gov.tr/eskiler/2023/08/20230801-1.pdf
2023-08-01,–– Türk Dişhekimleri Birliği ve Dişhekimleri Odalarının Disiplin Yönetmeliğinde Değişiklik Yapılmasına Dair Yönetmelik,https://www.resmigazete.gov.tr/eskiler/2023/08/20230801-2.htm
2023-08-01,–– Atatürk Üniversitesi Ön Lisans ve Lisans Eğitim-Öğretim ve Sınav Yönetmeliğinde Değişiklik Yapılmasına Dair Yönetmelik,https://www.resmigazete.gov.tr/eskiler/2023/08/20230801-3.htm
2023-08-01,"–– Anayasa Mahkemesinin 5/4/2023 Tarihli ve E: 2022/83, K: 2023/69 Sayılı Kararı",https://www.resmigazete.gov.tr/eskiler/2023/08/20230801-4.pdf
2023-08-01,"–– Anayasa Mahkemesinin 1/6/2023 Tarihli ve E: 2022/120, K: 2023/107 Sayılı Kararı",https://www.resmigazete.gov.tr/eskiler/2023/08/20230801-5.pdf
2023-08-01,"–– Anayasa Mahkemesinin 1/6/2023 Tarihli ve E: 2020/56, K: 2023/108 Sayılı Kararı",https://www.resmigazete.gov.tr/eskiler/2023/08/20230801-6.pdf
2023-08-01,–– Anayasa Mahkemesinin 7/6/2023 Tarihli ve 2020/10269 Başvuru Numaralı Kararı,https://www.resmigazete.gov.tr/eskiler/2023/08/20230801-7.pdf
2023-08-01,a - Yargı İlânları,http://www.resmigazete.gov.tr/main.aspx?home=http://www.resmigazete.gov.tr/ilanlar/eskiilanlar/2023/08/20230801.htm&main=http://www.resmigazete.gov.tr/ilanlar/eskiilanlar/2023/08/20230801-2.htm
2023-08-01,"b - Artırma, Eksiltme ve İhale İlânları",http://www.resmigazete.gov.tr/main.aspx?home=http://www.resmigazete.gov.tr/ilanlar/eskiilanlar/2023/08/20230801.htm&main=http://www.resmigazete.gov.tr/ilanlar/eskiilanlar/2023/08/20230801-3.htm
2023-08-01,c - Çeşitli İlânlar,http://www.resmigazete.gov.tr/main.aspx?home=http://www.resmigazete.gov.tr/ilanlar/eskiilanlar/2023/08/20230801.htm&main=http://www.resmigazete.gov.tr/ilanlar/eskiilanlar/2023/08/20230801-4.htm
2023-08-01,– T.C. Merkez Bankasınca Belirlenen Döviz Kurları ve Devlet İç Borçlanma Senetlerinin Günlük Değerleri,http://www.resmigazete.gov.tr/main.aspx?home=http://www.resmigazete.gov.tr/ilanlar/eskiilanlar/2023/08/20230801.htm&main=http://www.resmigazete.gov.tr/ilanlar/eskiilanlar/2023/08/20230801-5.htm
2023-08-02,"–– Bazı Ürünlerden Tahsil Edilecek Geri Kazanım Katılım Payı Tutarlarının, 1/8/2023 Tarihinden İtibaren Geçerli Olmak Üzere Tespit Edilmesi Hakkında Karar (Karar Sayısı: 7449)",https://www.resmigazete.gov.tr/eskiler/2023/08/20230802-1.pdf
2023-08-02,–– 2023/2024 Pazarlama Yılı Şeker Kotalarının Belirlenmesine İlişkin Karar (Karar Sayısı: 7450),https://www.resmigazete.gov.tr/eskiler/2023/08/20230802-2.pdf
2023-08-02,"–– Trabzon İli, Düzköy İlçesi, Orta Mahallesi Sınırları İçerisinde Bulunan Bazı Taşınmazların, Küçük Sanayi Sitesi Projesi Kapsamında Değerlendirilmek Üzere Düzköy Belediye Başkanlığı Tarafından Acele Kamulaştırılması Hakkında Karar (Karar Sayısı: 7451)",https://www.resmigazete.gov.tr/eskiler/2023/08/20230802-3.pdf
2023-08-02,"–– Artvin İli, Şavşat İlçesi Sınırları İçerisinde Bulunan Meydancık Mevkii (1. Etap) Doğal Sit Alanının Koruma Statüsünün Yeniden Değerlendirilmesi Sonucunda, Sınır ve Koordinatları Gösterilen Alanın Kesin Korunacak Hassas Alan Olarak Tescil ve İlan Edilmesi Hakkında Karar (Karar Sayısı: 7452)",https://www.resmigazete.gov.tr/eskiler/2023/08/20230802-4.pdf
2023-08-02,"–– Artvin İli, Şavşat İlçesi Sınırları İçerisinde Bulunan Meydancık Mevkii (2. Etap) Doğal Sit Alanının Koruma Statüsünün Yeniden Değerlendirilmesi Sonucunda, Bazı Alanların Kesin Korunacak Hassas Alan Olarak Tescil ve İlan Edilmesi Hakkında Karar (Karar Sayısı: 7453)",https://www.resmigazete.gov.tr/eskiler/2023/08/20230802-5.pdf
2023-08-02,"–– Artvin İli, Şavşat İlçesi Sınırları İçerisinde Bulunan Meydancık Mevkii (3. Etap) Doğal Sit Alanının Koruma Statüsünün Yeniden Değerlendirilmesi Sonucunda, Bazı Alanların Kesin Korunacak Hassas Alan Olarak Tescil ve İlan Edilmesi Hakkında Karar (Karar Sayısı: 7454)",https://www.resmigazete.gov.tr/eskiler/2023/08/20230802-6.pdf
2023-08-02,"–– Van İli, Muradiye İlçesi Sınırları İçerisinde Bulunan Muradiye Şelalesi Doğal Sit Alanının Koruma Statüsünün Yeniden Değerlendirilmesi Sonucunda, Sınır ve Koordinatları Gösterilen Alanın Kesin Korunacak Hassas Alan Olarak Tescil ve İlan Edilmesi Hakkında Karar (Karar Sayısı: 7455)",https://www.resmigazete.gov.tr/eskiler/2023/08/20230802-7.pdf
2023-08-02,"–– Kayseri İli, İncesu ve Hacılar İlçeleri Sınırları İçerisinde Bulunan Hürmetçi Sazlığı Öneri Doğal Sit Alanının Koruma Statüsünün Değerlendirilmesi Sonucunda, Sınır ve Koordinatları Gösterilen Alanın Kesin Korunacak Hassas Alan Olarak Tescil ve İlan Edilmesi Hakkında Karar (Karar Sayısı: 7456)",https://www.resmigazete.gov.tr/eskiler/2023/08/20230802-8.pdf
2023-08-02,"–– Bartın İli, Kurucaşile İlçesi Sınırları İçerisinde Bulunan Tekkeönü Köyü Doğal Sit Alanının Koruma Statüsünün Yeniden Değerlendirilmesi Sonucunda, Sınır ve Koordinatları Gösterilen Alanın Kesin Korunacak Hassas Alan Olarak Tescil ve İlan Edilmesi Hakkında Karar (Karar Sayısı: 7457)",https://www.resmigazete.gov.tr/eskiler/2023/08/20230802-9.pdf
2023-08-02,"–– Cumhurbaşkanlığı Tarafından Yapılan Atamalar Hakkında Kararlar (Karar: 2023/355, 356, 357, 358)",https://www.resmigazete.gov.tr/eskiler/2023/08/20230802-10.pdf
2023-08-02,"–– Türkiye Radyo-Televizyon Kurumu Personelinin Konser, Festival ve Benzeri Sanat Faaliyetlerinde Görevlendirilme Usûl ve Esaslarına Dair Yönetmelikte Değişiklik Yapılmasına Dair Yönetmelik",https://www.resmigazete.gov.tr/eskiler/2023/08/20230802-11.htm
2023-08-02,–– Selçuk Üniversitesi Hukuk Fakültesi Eğitim-Öğretim ve Sınav Yönetmeliği,https://www.resmigazete.gov.tr/eskiler/2023/08/20230802-12.htm
2023-08-02,"–– Anayasa Mahkemesinin 22/3/2023 Tarihli ve E: 2019/90, K: 2023/51 Sayılı Kararı",https://www.resmigazete.gov.tr/eskiler/2023/08/20230802-13.pdf
2023-08-02,"–– Anayasa Mahkemesinin 31/5/2023 Tarihli ve E: 2021/25, K: 2023/104 Sayılı Kararı",https://www.resmigazete.gov.tr/eskiler/2023/08/20230802-14.pdf
2023-08-02,–– Anayasa Mahkemesinin 3/5/2023 Tarihli ve 2019/16060 Başvuru Numaralı Kararı,https://www.resmigazete.gov.tr/eskiler/2023/08/20230802-15.pdf
2023-08-02,a - Yargı İlânları,http://www.resmigazete.gov.tr/main.aspx?home=http://www.resmigazete.gov.tr/ilanlar/eskiilanlar/2023/08/20230802.htm&main=http://www.resmigazete.gov.tr/ilanlar/eskiilanlar/2023/08/20230802-2.htm
2023-08-02,"b - Artırma, Eksiltme ve İhale İlânları",http://www.resmigazete.gov.tr/main.aspx?home=http://www.resmigazete.gov.tr/ilanlar/eskiilanlar/2023/08/20230802.htm&main=http://www.resmigazete.gov.tr/ilanlar/eskiilanlar/2023/08/20230802-3.htm
2023-08-02,c - Çeşitli İlânlar,http://www.resmigazete.gov.tr/main.aspx?home=http://www.resmigazete.gov.tr/ilanlar/eskiilanlar/2023/08/20230802.htm&main=http://www.resmigazete.gov.tr/ilanlar/eskiilanlar/2023/08/20230802-4.htm
2023-08-02,– T.C. Merkez Bankasınca Belirlenen Döviz Kurları ve Devlet İç Borçlanma Senetlerinin Günlük Değerleri,http://www.resmigazete.gov.tr/main.aspx?home=http://www.resmigazete.gov.tr/ilanlar/eskiilanlar/2023/08/20230802.htm&main=http://www.resmigazete.gov.tr/ilanlar/eskiilanlar/2023/08/20230802-5.htm
2023-08-03,"–– Aydın İli, Didim ve Söke İlçeleri Sınırları İçerisinde Bulunan Büyük Menderes Deltası Doğal Sit Alanının Koruma Statüsünün Yeniden Değerlendirilmesi Sonucunda Gösterilen Alanın Kesin Korunacak Hassas Alan Olarak Tescil ve İlan Edilmesi Hakkında Karar (Karar Sayısı: 7463)",https://www.resmigazete.gov.tr/eskiler/2023/08/20230803-1.pdf
2023-08-03,–– İstanbul Medeniyet Üniversitesi Lisansüstü Eğitim Enstitüsü Eğitim ve Öğretim Yönetmeliği,https://www.resmigazete.gov.tr/eskiler/2023/08/20230803-2.htm
2023-08-03,–– İstanbul Üniversitesi Afrika Çalışmaları Uygulama ve Araştırma Merkezi Yönetmeliğinde Değişiklik Yapılmasına Dair Yönetmelik,https://www.resmigazete.gov.tr/eskiler/2023/08/20230803-3.htm
2023-08-03,"–– Anayasa Mahkemesinin 29/12/2022 Tarihli ve E: 2018/149, K: 2022/163 Sayılı Kararı",https://www.resmigazete.gov.tr/eskiler/2023/08/20230803-4.pdf
2023-08-03,"–– Yargıtay 2, 11 ve 12. Hukuk Dairelerine Ait Kararlar",https://www.resmigazete.gov.tr/eskiler/2023/08/20230803-5.pdf
2023-08-03,"- Artırma, Eksiltme ve İhale İlânları",http://www.resmigazete.gov.tr/main.aspx?home=http://www.resmigazete.gov.tr/ilanlar/eskiilanlar/2023/08/20230803.htm&main=http://www.resmigazete.gov.tr/ilanlar/eskiilanlar/2023/08/20230803-3.htm
2023-08-03,- Çeşitli İlânlar,http://www.resmigazete.gov.tr/main.aspx?home=http://www.resmigazete.gov.tr/ilanlar/eskiilanlar/2023/08/20230803.htm&main=http://www.resmigazete.gov.tr/ilanlar/eskiilanlar/2023/08/20230803-4.htm
2023-08-03,– T.C. Merkez Bankasınca Belirlenen Döviz Kurları ve Devlet İç Borçlanma Senetlerinin Günlük Değerleri,http://www.resmigazete.gov.tr/main.aspx?home=http://www.resmigazete.gov.tr/ilanlar/eskiilanlar/2023/08/20230803.htm&main=http://www.resmigazete.gov.tr/ilanlar/eskiilanlar/2023/08/20230803-5.htm
2023-08-04,–– Türkiye Cumhuriyeti Hükümeti ve Azerbaycan Cumhuriyeti Hükümeti Arasında Madencilik Alanında İşbirliği Anlaşmasının Onaylanması Hakkında Karar (Karar Sayısı: 7466),https://www.resmigazete.gov.tr/eskiler/2023/08/20230804-1.pdf
2023-08-04,–– 154 kV Türkeli Transformatör Merkezi Sahası Projesi Kapsamında Bazı Taşınmazların Türkiye Elektrik İletim Anonim Şirketi Genel Müdürlüğü Tarafından Acele Kamulaştırılması Hakkında Karar (Karar Sayısı: 7467),https://www.resmigazete.gov.tr/eskiler/2023/08/20230804-2.pdf
2023-08-04,–– Bazı Taşınmazların Gaziantep Organize Sanayi Bölgesi 7. İlave Alanında Her Türlü Alt ve Üst Yapıların İvedilikle Tamamlanarak Yatırımcıların Acil Parsel Tahsisi Taleplerinin Karşılanması Amacıyla Gaziantep Yatırım İzleme ve Koordinasyon Başkanlığı Tarafından Acele Kamulaştırılması Hakkında Karar (Karar Sayısı: 7468),https://www.resmigazete.gov.tr/eskiler/2023/08/20230804-3.pdf
2023-08-04,"–– BOTAŞ Tank Çiftliği Genişleme Projesinin Gerçekleştirilmesi Amacıyla Bazı Taşınmazlar ile Söz Konusu Proje Kapsamında İnşa Edilecek Sabit Tesisler, Ulaşım Yolları, Enerji Nakil Hatları, Katodik Koruma Hatları ve Anot Yataklarının Yapımı Amacıyla İhtiyaç Duyulan Taşınmazların, Boru Hatları ile Petrol Taşıma Anonim Şirketi Genel Müdürlüğü Tarafından Acele Kamulaştırılması Hakkında Karar (Karar Sayısı: 7469)",https://www.resmigazete.gov.tr/eskiler/2023/08/20230804-4.pdf
2023-08-04,"–– 6/2/2023 Tarihinde Meydana Gelen Depremler Nedeniyle Zarar Gören Bazı İllerdeki Esnaf ve Sanatkârların, Türkiye Halk Bankası Anonim Şirketince Düşük Faizli Kredi Kullandırılmasına İlişkin Kararlar Kapsamındaki Kredi Borçlarının Ertelenmesine Dair Karar (Karar Sayısı: 7470)",https://www.resmigazete.gov.tr/eskiler/2023/08/20230804-5.pdf
2023-08-04,–– Güneydoğu Anadolu Projesi Bölge Kalkınma İdaresi Başkanlığının Görev Süresinin 31/12/2028 Tarihine Kadar Uzatılması Hakkında Karar (Karar Sayısı: 7471),https://www.resmigazete.gov.tr/eskiler/2023/08/20230804-6.pdf
2023-08-04,–– Ekli Kroki ile Listede Sınır ve Koordinatları Gösterilen Alanın Ankara Teknopark Teknoloji Geliştirme Bölgesi Ek Alanı Olarak Tespit Edilmesi Hakkında Karar (Karar Sayısı: 7472),https://www.resmigazete.gov.tr/eskiler/2023/08/20230804-7.pdf
2023-08-04,–– Ekli Kroki ve Listede Sınır ve Koordinatları Gösterilen Alanın “TOBB Ekonomi ve Teknoloji Üniversitesi Teknoloji Geliştirme Bölgesi” Olarak Tespit Edilmesi Hakkında Karar (Karar Sayısı: 7473),https://www.resmigazete.gov.tr/eskiler/2023/08/20230804-8.pdf
2023-08-04,–– Ekli Kroki ve Listede Sınır ve Koordinatları Gösterilen Alanın Dokuz Eylül Teknoloji Geliştirme Bölgesi Ek Alanı (TGB-3) Olarak Tespit Edilmesi Hakkında Karar (Karar Sayısı: 7474),https://www.resmigazete.gov.tr/eskiler/2023/08/20230804-9.pdf
2023-08-04,–– Ekli Kroki ve Listede Sınır ve Koordinatları Gösterilen Alanın Selçuk Üniversitesi Teknoloji Geliştirme Bölgesi Ek Alanı Olarak Tespit Edilmesi Hakkında Karar (Karar Sayısı: 7475),https://www.resmigazete.gov.tr/eskiler/2023/08/20230804-10.pdf
2023-08-04,–– Ekli Kroki ile Listede Sınır ve Koordinatları Gösterilen Alanın “Ankara Bilim Üniversitesi Teknoloji Geliştirme Bölgesi” Olarak Tespit Edilmesi Hakkında Karar (Karar Sayısı: 7476),https://www.resmigazete.gov.tr/eskiler/2023/08/20230804-11.pdf
2023-08-04,"–– Bazı Enstitü, Fakülte ve Yüksekokulların Kurulması, Kapatılması ile Bazı Fakültelerin Adlarının Değiştirilmesi ve Sağlık Bilimleri Üniversitesi Rektörlüğü Bünyesinde Yer Alan Filipinler Bangsamoro Sultan Kudarat Sağlık Hizmetleri Meslek Yüksekokulunun Kapatılmasına ve Aynı Rektörlüğe Bağlı Olarak Filipinler Bangsamoro Sultan Kudarat Sağlık Bilimleri Fakültesi ile Özbekistan Taşkent’te Taşkent Hemşirelik Fakültesi Kurulması Hakkında Karar (Karar Sayısı: 7477)",https://www.resmigazete.gov.tr/eskiler/2023/08/20230804-12.pdf
2023-08-04,"–– Hacettepe Üniversitesi Teknoloji Geliştirme Bölgesinin Ankara İli, Çankaya İlçesi, Lodumu Mahallesinde (Beytepe Köyü) Bulunan 1 Numaralı Alanına Ait Sınırların Gösterildiği Şekilde Değiştirilmesi Hakkında Karar (Karar Sayısı: 7478)",https://www.resmigazete.gov.tr/eskiler/2023/08/20230804-13.pdf
2023-08-04,"–– Cumhurbaşkanlığı Tarafından Yapılan Atamalar Hakkında Kararlar (Karar: 2023/366, 367, 368, 369, 370, 371)",https://www.resmigazete.gov.tr/eskiler/2023/08/20230804-14.pdf
2023-08-04,–– Kırşehir Ahi Evran Üniversitesi Geleneksel ve Tamamlayıcı Tıp Uygulama ve Araştırma Merkezi Yönetmeliğinde Değişiklik Yapılmasına Dair Yönetmelik,https://www.resmigazete.gov.tr/eskiler/2023/08/20230804-15.htm
2023-08-04,–– Yaşar Üniversitesi Lisansüstü Eğitim ve Öğretim Yönetmeliğinde Değişiklik Yapılmasına Dair Yönetmelik,https://www.resmigazete.gov.tr/eskiler/2023/08/20230804-16.htm
2023-08-04,"a - Artırma, Eksiltme ve İhale İlânları",http://www.resmigazete.gov.tr/main.aspx?home=http://www.resmigazete.gov.tr/ilanlar/eskiilanlar/2023/08/20230804.htm&main=http://www.resmigazete.gov.tr/ilanlar/eskiilanlar/2023/08/20230804-3.htm
2023-08-04,- Çeşitli İlânlar,http://www.resmigazete.gov.tr/main.aspx?home=http://www.resmigazete.gov.tr/ilanlar/eskiilanlar/2023/08/20230804.htm&main=http://www.resmigazete.gov.tr/ilanlar/eskiilanlar/2023/08/20230804-4.htm
2023-08-04,– T.C. Merkez Bankasınca Belirlenen Döviz Kurları ve Devlet İç Borçlanma Senetlerinin Günlük Değerleri,http://www.resmigazete.gov.tr/main.aspx?home=http://www.resmigazete.gov.tr/ilanlar/eskiilanlar/2023/08/20230804.htm&main=http://www.resmigazete.gov.tr/ilanlar/eskiilanlar/2023/08/20230804-5.htm
2023-08-05,–– Dışişleri Bakanlığı Sınav Yönetmeliğinde Değişiklik Yapılmasına Dair Yönetmelik,https://www.resmigazete.gov.tr/eskiler/2023/08/20230805-1.htm
2023-08-05,–– Millî Eğitim Bakanlığı Özel Öğretim Kurumları Yönetmeliğinde Değişiklik Yapılmasına Dair Yönetmelik,https://www.resmigazete.gov.tr/eskiler/2023/08/20230805-2.htm
2023-08-05,–– Askeralma Yönetmeliğinde Değişiklik Yapılmasına Dair Yönetmelik,https://www.resmigazete.gov.tr/eskiler/2023/08/20230805-3.htm
2023-08-05,–– Ulaştırma ve Altyapı Bakanlığı Piyasa Gözetimi ve Denetimi Yönetmeliği,https://www.resmigazete.gov.tr/eskiler/2023/08/20230805-4.htm
2023-08-05,–– Tahsilat Genel Tebliği (Seri: B Sıra No: 19),https://www.resmigazete.gov.tr/eskiler/2023/08/20230805-5.htm
2023-08-05,–– Nükleer Düzenleme Kurulunun 3/8/2023 Tarihli ve 2023-62/3 Sayılı Kararı,https://www.resmigazete.gov.tr/eskiler/2023/08/20230805-6.pdf
2023-08-05,–– Bankacılık Düzenleme ve Denetleme Kurulunun 03/08/2023 Tarihli ve 10639 Sayılı Kararı,https://www.resmigazete.gov.tr/eskiler/2023/08/20230805-7.pdf
2023-08-05,–– Bankacılık Düzenleme ve Denetleme Kurulunun 03/08/2023 Tarihli ve 10640 Sayılı Kararı,https://www.resmigazete.gov.tr/eskiler/2023/08/20230805-8.pdf
2023-08-05,–– Bankacılık Düzenleme ve Denetleme Kurulunun 03/08/2023 Tarihli ve 10641 Sayılı Kararı,https://www.resmigazete.gov.tr/eskiler/2023/08/20230805-9.pdf
2023-08-05,"a - Artırma, Eksiltme ve İhale İlânları",http://www.resmigazete.gov.tr/main.aspx?home=http://www.resmigazete.gov.tr/ilanlar/eskiilanlar/2023/08/20230805.htm&main=http://www.resmigazete.gov.tr/ilanlar/eskiilanlar/2023/08/20230805-3.htm
2023-08-05,- Çeşitli İlânlar,http://www.resmigazete.gov.tr/main.aspx?home=http://www.resmigazete.gov.tr/ilanlar/eskiilanlar/2023/08/20230805.htm&main=http://www.resmigazete.gov.tr/ilanlar/eskiilanlar/2023/08/20230805-4.htm
2023-08-05,– T.C. Merkez Bankasınca Belirlenen Döviz Kurları ve Devlet İç Borçlanma Senetlerinin Günlük Değerleri,http://www.resmigazete.gov.tr/main.aspx?home=http://www.resmigazete.gov.tr/ilanlar/eskiilanlar/2023/08/20230805.htm&main=http://www.resmigazete.gov.tr/ilanlar/eskiilanlar/2023/08/20230805-5.htm
2023-08-06,–– Gaziantep Üniversitesi Lisansüstü Eğitim-Öğretim ve Sınav Yönetmeliği,https://www.resmigazete.gov.tr/eskiler/2023/08/20230806-1.htm
2023-08-06,–– İstanbul Atlas Üniversitesi Diş Hekimliği Fakültesi Eğitim-Öğretim ve Sınav Yönetmeliği,https://www.resmigazete.gov.tr/eskiler/2023/08/20230806-2.htm
2023-08-06,–– Konya Gıda ve Tarım Üniversitesi Ön Lisans ve Lisans Eğitim-Öğretim Yönetmeliği,https://www.resmigazete.gov.tr/eskiler/2023/08/20230806-3.htm
2023-08-06,a - Yargı İlânları,http://www.resmigazete.gov.tr/main.aspx?home=http://www.resmigazete.gov.tr/ilanlar/eskiilanlar/2023/08/20230806.htm&main=http://www.resmigazete.gov.tr/ilanlar/eskiilanlar/2023/08/20230806-2.htm
2023-08-06,"b - Artırma, Eksiltme ve İhale İlânları",http://www.resmigazete.gov.tr/main.aspx?home=http://www.resmigazete.gov.tr/ilanlar/eskiilanlar/2023/08/20230806.htm&main=http://www.resmigazete.gov.tr/ilanlar/eskiilanlar/2023/08/20230806-3.htm
2023-08-06,c - Çeşitli İlânlar,http://www.resmigazete.gov.tr/main.aspx?home=http://www.resmigazete.gov.tr/ilanlar/eskiilanlar/2023/08/20230806.htm&main=http://www.resmigazete.gov.tr/ilanlar/eskiilanlar/2023/08/20230806-4.htm
2023-08-06,– T.C. Merkez Bankasınca Belirlenen Devlet İç Borçlanma Senetlerinin Günlük Değerleri,http://www.resmigazete.gov.tr/main.aspx?home=http://www.resmigazete.gov.tr/ilanlar/eskiilanlar/2023/08/20230806.htm&main=http://www.resmigazete.gov.tr/ilanlar/eskiilanlar/2023/08/20230806-5.htm
2023-08-07,–– Ankara Müzik ve Güzel Sanatlar Üniversitesi Ön Lisans ve Lisans Eğitim-Öğretim Yönetmeliğinde Değişiklik Yapılmasına Dair Yönetmelik,https://www.resmigazete.gov.tr/eskiler/2023/08/20230807-1.htm
2023-08-07,–– Dokuz Eylül Üniversitesi Kozmetoloji Uygulama ve Araştırma Merkezi Yönetmeliğinde Değişiklik Yapılmasına Dair Yönetmelik,https://www.resmigazete.gov.tr/eskiler/2023/08/20230807-2.htm
2023-08-07,–– Fenerbahçe Üniversitesi Lisansüstü Eğitim-Öğretim Yönetmeliği,https://www.resmigazete.gov.tr/eskiler/2023/08/20230807-3.htm
2023-08-07,– Resmî Gazete İlan Ücret Tarifesinde Değişiklik Yapılmasına Dair Tarife,https://www.resmigazete.gov.tr/eskiler/2023/08/20230807-4.htm
2023-08-07,"- Artırma, Eksiltme ve İhale İlânları",http://www.resmigazete.gov.tr/main.aspx?home=http://www.resmigazete.gov.tr/ilanlar/eskiilanlar/2023/08/20230807.htm&main=http://www.resmigazete.gov.tr/ilanlar/eskiilanlar/2023/08/20230807-3.htm
2023-08-07,- Çeşitli İlânlar,http://www.resmigazete.gov.tr/main.aspx?home=http://www.resmigazete.gov.tr/ilanlar/eskiilanlar/2023/08/20230807.htm&main=http://www.resmigazete.gov.tr/ilanlar/eskiilanlar/2023/08/20230807-4.htm
2023-08-07,– T.C. Merkez Bankasınca Belirlenen Devlet İç Borçlanma Senetlerinin Günlük Değerleri,http://www.resmigazete.gov.tr/main.aspx?home=http://www.resmigazete.gov.tr/ilanlar/eskiilanlar/2023/08/20230807.htm&main=http://www.resmigazete.gov.tr/ilanlar/eskiilanlar/2023/08/20230807-5.htm
2023-08-08,–– Bazı Ürünlerin İthalatında Ek Mali Yükümlülük Uygulanmasına Dair Karar (Karar Sayısı: 7480),https://www.resmigazete.gov.tr/eskiler/2023/08/20230808-2.pdf
2023-08-08,–– Bolu Abant İzzet Baysal Üniversitesi Yabancı Diller Yüksekokulu Yabancı Dil Eğitim-Öğretim ve Sınav Yönetmeliği,https://www.resmigazete.gov.tr/eskiler/2023/08/20230808-1.htm
2023-08-08,"a - Artırma, Eksiltme ve İhale İlânları",http://www.resmigazete.gov.tr/main.aspx?home=http://www.resmigazete.gov.tr/ilanlar/eskiilanlar/2023/08/20230808.htm&main=http://www.resmigazete.gov.tr/ilanlar/eskiilanlar/2023/08/20230808-3.htm
2023-08-08,b - Çeşitli İlânlar,http://www.resmigazete.gov.tr/main.aspx?home=http://www.resmigazete.gov.tr/ilanlar/eskiilanlar/2023/08/20230808.htm&main=http://www.resmigazete.gov.tr/ilanlar/eskiilanlar/2023/08/20230808-4.htm
2023-08-08,– T.C. Merkez Bankasınca Belirlenen Döviz Kurları ve Devlet İç Borçlanma Senetlerinin Günlük Değerleri,http://www.resmigazete.gov.tr/main.aspx?home=http://www.resmigazete.gov.tr/ilanlar/eskiilanlar/2023/08/20230808.htm&main=http://www.resmigazete.gov.tr/ilanlar/eskiilanlar/2023/08/20230808-5.htm
2023-08-09,–– Şarj Hizmeti Yönetmeliğinde Değişiklik Yapılmasına Dair Yönetmelik,https://www.resmigazete.gov.tr/eskiler/2023/08/20230809-1.htm
2023-08-09,–– Bazı Alacakların Yeniden Yapılandırılmasına Dair 7440 Sayılı Kanun Genel Tebliği (Seri No: 4),https://www.resmigazete.gov.tr/eskiler/2023/08/20230809-2.htm
2023-08-09,a - Yargı İlânları,http://www.resmigazete.gov.tr/main.aspx?home=http://www.resmigazete.gov.tr/ilanlar/eskiilanlar/2023/08/20230809.htm&main=http://www.resmigazete.gov.tr/ilanlar/eskiilanlar/2023/08/20230809-2.htm
2023-08-09,"b - Artırma, Eksiltme ve İhale İlânları",http://www.resmigazete.gov.tr/main.aspx?home=http://www.resmigazete.gov.tr/ilanlar/eskiilanlar/2023/08/20230809.htm&main=http://www.resmigazete.gov.tr/ilanlar/eskiilanlar/2023/08/20230809-3.htm
2023-08-09,c - Çeşitli İlânlar,http://www.resmigazete.gov.tr/main.aspx?home=http://www.resmigazete.gov.tr/ilanlar/eskiilanlar/2023/08/20230809.htm&main=http://www.resmigazete.gov.tr/ilanlar/eskiilanlar/2023/08/20230809-4.htm
2023-08-09,– T.C. Merkez Bankasınca Belirlenen Döviz Kurları ve Devlet İç Borçlanma Senetlerinin Günlük Değerleri,http://www.resmigazete.gov.tr/main.aspx?home=http://www.resmigazete.gov.tr/ilanlar/eskiilanlar/2023/08/20230809.htm&main=http://www.resmigazete.gov.tr/ilanlar/eskiilanlar/2023/08/20230809-5.htm
2023-08-10,–– Bazı Kamu Kurum ve Kuruluşlarına Kadro İhdas Edilmesi ile Bazı Kadroların İptal Edilmesine İlişkin Cumhurbaşkanlığı Kararnamesi (Kararname Numarası: 151),https://www.resmigazete.gov.tr/eskiler/2023/08/20230810-3.pdf
2023-08-10,–– 154 kV Yakakent TM İrtibat Hatları Enerji İletim Hattı Projesi Kapsamında Bazı Taşınmazların Türkiye Elektrik İletim Anonim Şirketi Genel Müdürlüğü Tarafından Acele Kamulaştırılması Hakkında Karar (Karar Sayısı: 7482),https://www.resmigazete.gov.tr/eskiler/2023/08/20230810-4.pdf
2023-08-10,"–– Cumhurbaşkanlığı Tarafından Yapılan Atamalar Hakkında Kararlar (Karar: 2023/376, 377, 378)",https://www.resmigazete.gov.tr/eskiler/2023/08/20230810-5.pdf
2023-08-10,–– Hitit Üniversitesi Lisansüstü Eğitim-Öğretim Yönetmeliğinde Değişiklik Yapılmasına Dair Yönetmelik,https://www.resmigazete.gov.tr/eskiler/2023/08/20230810-1.htm
2023-08-10,–– İzmir Kâtip Çelebi Üniversitesi Sürekli Eğitim Uygulama ve Araştırma Merkezi Yönetmeliği,https://www.resmigazete.gov.tr/eskiler/2023/08/20230810-2.htm
2023-08-10,a - Yargı İlânları,http://www.resmigazete.gov.tr/main.aspx?home=http://www.resmigazete.gov.tr/ilanlar/eskiilanlar/2023/08/20230810.htm&main=http://www.resmigazete.gov.tr/ilanlar/eskiilanlar/2023/08/20230810-2.htm
2023-08-10,"b - Artırma, Eksiltme ve İhale İlânları",http://www.resmigazete.gov.tr/main.aspx?home=http://www.resmigazete.gov.tr/ilanlar/eskiilanlar/2023/08/20230810.htm&main=http://www.resmigazete.gov.tr/ilanlar/eskiilanlar/2023/08/20230810-3.htm
2023-08-10,c - Çeşitli İlânlar,http://www.resmigazete.gov.tr/main.aspx?home=http://www.resmigazete.gov.tr/ilanlar/eskiilanlar/2023/08/20230810.htm&main=http://www.resmigazete.gov.tr/ilanlar/eskiilanlar/2023/08/20230810-4.htm
2023-08-10,– T.C. Merkez Bankasınca Belirlenen Döviz Kurları ve Devlet İç Borçlanma Senetlerinin Günlük Değerleri,http://www.resmigazete.gov.tr/main.aspx?home=http://www.resmigazete.gov.tr/ilanlar/eskiilanlar/2023/08/20230810.htm&main=http://www.resmigazete.gov.tr/ilanlar/eskiilanlar/2023/08/20230810-5.htm
2023-08-10,"10/8/2023 tarihli ve 32275 mükerrer sayılı Resmî Gazete’de, Uyuşmazlık Mahkemesine Ait Kararlar yayımlanmıştır.",http://www.resmigazete.gov.tr/eskiler/2023/08/20230810M1.htm
2023-08-11,"–– Cumhurbaşkanlığı Tarafından Yapılan Atamalar Hakkında Kararlar (Karar: 2023/381, 382, 383, 384)",https://www.resmigazete.gov.tr/eskiler/2023/08/20230811-8.pdf
2023-08-11,–– Nükleer Enerji ve İyonlaştırıcı Radyasyona İlişkin Denetim ve Yerinde İncelemeler Yönetmeliği,https://www.resmigazete.gov.tr/eskiler/2023/08/20230811-1.htm
2023-08-11,–– Konkordato Gider Avansı Tarifesi,https://www.resmigazete.gov.tr/eskiler/2023/08/20230811-2.htm
2023-08-11,–– İş Sağlığı ve Güvenliğine İlişkin İşyeri Tehlike Sınıfları Tebliğinde Değişiklik Yapılmasına Dair Tebliğ,https://www.resmigazete.gov.tr/eskiler/2023/08/20230811-3.htm
2023-08-11,–– Mali Suçları Araştırma Kurulu Genel Tebliği (Sıra No: 19)'nde Değişiklik Yapılmasına İlişkin Tebliğ (Sıra No: 24),https://www.resmigazete.gov.tr/eskiler/2023/08/20230811-4.htm
2023-08-11,–– Uluslararası Gözetim Şirketlerinin Faaliyetten Süreli Men'i Hakkında Tebliğ (Ürün Güvenliği ve Denetimi: 2023/27),https://www.resmigazete.gov.tr/eskiler/2023/08/20230811-5.htm
2023-08-11,–– Yargıtay 11. Hukuk Dairesine Ait Karar,https://www.resmigazete.gov.tr/eskiler/2023/08/20230811-6.pdf
2023-08-11,DÜZELTME: 9/8/2023 Tarihli ve 151 Sayılı Cumhurbaşkanlığı Kararnamesi ile İlgili,https://www.resmigazete.gov.tr/eskiler/2023/08/20230811-7.htm
2023-08-11,a - Yargı İlânları,http://www.resmigazete.gov.tr/main.aspx?home=http://www.resmigazete.gov.tr/ilanlar/eskiilanlar/2023/08/20230811.htm&main=http://www.resmigazete.gov.tr/ilanlar/eskiilanlar/2023/08/20230811-2.htm
2023-08-11,"b - Artırma, Eksiltme ve İhale İlânları",http://www.resmigazete.gov.tr/main.aspx?home=http://www.resmigazete.gov.tr/ilanlar/eskiilanlar/2023/08/20230811.htm&main=http://www.resmigazete.gov.tr/ilanlar/eskiilanlar/2023/08/20230811-3.htm
2023-08-11,c - Çeşitli İlânlar,http://www.resmigazete.gov.tr/main.aspx?home=http://www.resmigazete.gov.tr/ilanlar/eskiilanlar/2023/08/20230811.htm&main=http://www.resmigazete.gov.tr/ilanlar/eskiilanlar/2023/08/20230811-4.htm
2023-08-11,– T.C. Merkez Bankasınca Belirlenen Döviz Kurları ve Devlet İç Borçlanma Senetlerinin Günlük Değerleri,http://www.resmigazete.gov.tr/main.aspx?home=http://www.resmigazete.gov.tr/ilanlar/eskiilanlar/2023/08/20230811.htm&main=http://www.resmigazete.gov.tr/ilanlar/eskiilanlar/2023/08/20230811-5.htm
2023-08-12,–– İhtiyaç Sahibi Hanelere Isınma Amaçlı Kömür Yardımı Yapılmasına İlişkin Karar (Karar Sayısı: 7486),https://www.resmigazete.gov.tr/eskiler/2023/08/20230812-9.pdf
2023-08-12,–– Kültür ve Turizm Bakanlığı ile Türkiye Turizm Tanıtım ve Geliştirme Ajansı Tarafından Tertiplenecek Uluslararası Organizasyonlar ve Toplantılardan Cumhurbaşkanı Tarafından Belirlenenlerin Yürütülmesine Yönelik 4734 Sayılı Kamu İhale Kanununun 3 üncü Maddesinin (z) Bendi Kapsamında Yapılacak Mal ve Hizmet Alımlarına İlişkin Usul ve Esaslar (Karar Sayısı: 7487),https://www.resmigazete.gov.tr/eskiler/2023/08/20230812-10.pdf
2023-08-12,–– Otopark Yönetmeliğinde Değişiklik Yapılmasına Dair Yönetmelik,https://www.resmigazete.gov.tr/eskiler/2023/08/20230812-1.htm
2023-08-12,–– Planlı Alanlar İmar Yönetmeliğinde Değişiklik Yapılmasına Dair Yönetmelik,https://www.resmigazete.gov.tr/eskiler/2023/08/20230812-2.htm
2023-08-12,–– Yurtdışı Türkler ve Akraba Topluluklar Uzmanlığı Yönetmeliğinde Değişiklik Yapılmasına Dair Yönetmelik,https://www.resmigazete.gov.tr/eskiler/2023/08/20230812-3.htm
2023-08-12,–– Yurtdışı Yükseköğretim Diplomaları Tanıma ve Denklik Yönetmeliğinde Değişiklik Yapılmasına Dair Yönetmelik,https://www.resmigazete.gov.tr/eskiler/2023/08/20230812-4.htm
2023-08-12,–– Mimarlık ve Mühendislik Hizmet Bedellerinin Hesabında Kullanılacak 2023/2 Yılı Yapı Yaklaşık Birim Maliyetleri Hakkında Tebliğ,https://www.resmigazete.gov.tr/eskiler/2023/08/20230812-5.htm
2023-08-12,–– Proje ve Kontrolluk İşlerinde Uygulanacak Fiyat Artış Oranları Hakkında Tebliğ,https://www.resmigazete.gov.tr/eskiler/2023/08/20230812-6.htm
2023-08-12,"–– Yapı, Tesis ve Onarım İşleri İhalelerinde Kullanılan Müteahhitlik Karneleri ve İş Bitirme Belgelerinin 2023/2 Yılına Ait Değerlendirme Katsayıları Hakkında Tebliğ",https://www.resmigazete.gov.tr/eskiler/2023/08/20230812-7.htm
2023-08-12,–– Enerji Piyasası Düzenleme Kurulunun 10/08/2023 Tarihli ve 12014 Sayılı Kararı,https://www.resmigazete.gov.tr/eskiler/2023/08/20230812-8.pdf
2023-08-12,a - Yargı İlânları,http://www.resmigazete.gov.tr/main.aspx?home=http://www.resmigazete.gov.tr/ilanlar/eskiilanlar/2023/08/20230812.htm&main=http://www.resmigazete.gov.tr/ilanlar/eskiilanlar/2023/08/20230812-2.htm
2023-08-12,"b - Artırma, Eksiltme ve İhale İlânları",http://www.resmigazete.gov.tr/main.aspx?home=http://www.resmigazete.gov.tr/ilanlar/eskiilanlar/2023/08/20230812.htm&main=http://www.resmigazete.gov.tr/ilanlar/eskiilanlar/2023/08/20230812-3.htm
2023-08-12,c - Çeşitli İlânlar,http://www.resmigazete.gov.tr/main.aspx?home=http://www.resmigazete.gov.tr/ilanlar/eskiilanlar/2023/08/20230812.htm&main=http://www.resmigazete.gov.tr/ilanlar/eskiilanlar/2023/08/20230812-4.htm
2023-08-12,– T.C. Merkez Bankasınca Belirlenen Döviz Kurları ve Devlet İç Borçlanma Senetlerinin Günlük Değerleri,http://www.resmigazete.gov.tr/main.aspx?home=http://www.resmigazete.gov.tr/ilanlar/eskiilanlar/2023/08/20230812.htm&main=http://www.resmigazete.gov.tr/ilanlar/eskiilanlar/2023/08/20230812-5.htm
2023-08-13,–– Afyonkarahisar Sağlık Bilimleri Üniversitesi Önlisans ve Lisans Eğitim-Öğretim ve Sınav Yönetmeliğinde Değişiklik Yapılmasına Dair Yönetmelik,https://www.resmigazete.gov.tr/eskiler/2023/08/20230813-1.htm
2023-08-13,–– Çanakkale Onsekiz Mart Üniversitesi El Sanatları Araştırma ve Uygulama Merkezi Yönetmeliği,https://www.resmigazete.gov.tr/eskiler/2023/08/20230813-2.htm
2023-08-13,"–– Erzincan Binali Yıldırım Üniversitesi Ön Lisans, Lisans Eğitim-Öğretim ve Sınav Yönetmeliğinde Değişiklik Yapılmasına Dair Yönetmelik",https://www.resmigazete.gov.tr/eskiler/2023/08/20230813-3.htm
2023-08-13,"–– Işık Üniversitesi Yatay Geçiş, Çift Anadal, Yan Dal ve Kredi Transferi Yönetmeliğinde Değişiklik Yapılmasına Dair Yönetmelik",https://www.resmigazete.gov.tr/eskiler/2023/08/20230813-4.htm
2023-08-13,–– Sivas Cumhuriyet Üniversitesi Veteriner Fakültesi Eğitim-Öğretim ve Sınav Yönetmeliği,https://www.resmigazete.gov.tr/eskiler/2023/08/20230813-5.htm
2023-08-13,–– Üsküdar Üniversitesi Ön Lisans ve Lisans Eğitim-Öğretim ve Sınav Yönetmeliğinde Değişiklik Yapılmasına Dair Yönetmelik,https://www.resmigazete.gov.tr/eskiler/2023/08/20230813-6.htm
2023-08-13,a - Yargı İlânları,http://www.resmigazete.gov.tr/main.aspx?home=http://www.resmigazete.gov.tr/ilanlar/eskiilanlar/2023/08/20230813.htm&main=http://www.resmigazete.gov.tr/ilanlar/eskiilanlar/2023/08/20230813-2.htm
2023-08-13,"b - Artırma, Eksiltme ve İhale İlânları",http://www.resmigazete.gov.tr/main.aspx?home=http://www.resmigazete.gov.tr/ilanlar/eskiilanlar/2023/08/20230813.htm&main=http://www.resmigazete.gov.tr/ilanlar/eskiilanlar/2023/08/20230813-3.htm
2023-08-13,c - Çeşitli İlânlar,http://www.resmigazete.gov.tr/main.aspx?home=http://www.resmigazete.gov.tr/ilanlar/eskiilanlar/2023/08/20230813.htm&main=http://www.resmigazete.gov.tr/ilanlar/eskiilanlar/2023/08/20230813-4.htm
2023-08-13,– T.C. Merkez Bankasınca Belirlenen Devlet İç Borçlanma Senetlerinin Günlük Değerleri,http://www.resmigazete.gov.tr/main.aspx?home=http://www.resmigazete.gov.tr/ilanlar/eskiilanlar/2023/08/20230813.htm&main=http://www.resmigazete.gov.tr/ilanlar/eskiilanlar/2023/08/20230813-5.htm
2023-08-14,–– Atatürk Üniversitesi Açık ve Uzaktan Öğretim Fakültesi Eğitim-Öğretim ve Sınav Yönetmeliğinde Değişiklik Yapılmasına Dair Yönetmelik,https://www.resmigazete.gov.tr/eskiler/2023/08/20230814-1.htm
2023-08-14,–– Erzurum Teknik Üniversitesi Lisans Eğitim-Öğretim ve Sınav Yönetmeliğinde Değişiklik Yapılmasına Dair Yönetmelik,https://www.resmigazete.gov.tr/eskiler/2023/08/20230814-2.htm
2023-08-14,–– Mersin Üniversitesi Öğrenci Gelişim Uygulama ve Araştırma Merkezi Yönetmeliğinin Yürürlükten Kaldırılmasına Dair Yönetmelik,https://www.resmigazete.gov.tr/eskiler/2023/08/20230814-3.htm
2023-08-14,–– Mudanya Üniversitesi İhale Yönetmeliği,https://www.resmigazete.gov.tr/eskiler/2023/08/20230814-4.htm
2023-08-14,"a - Artırma, Eksiltme ve İhale İlânları",http://www.resmigazete.gov.tr/main.aspx?home=http://www.resmigazete.gov.tr/ilanlar/eskiilanlar/2023/08/20230814.htm&main=http://www.resmigazete.gov.tr/ilanlar/eskiilanlar/2023/08/20230814-3.htm
2023-08-14,b - Çeşitli İlânlar,http://www.resmigazete.gov.tr/main.aspx?home=http://www.resmigazete.gov.tr/ilanlar/eskiilanlar/2023/08/20230814.htm&main=http://www.resmigazete.gov.tr/ilanlar/eskiilanlar/2023/08/20230814-4.htm
2023-08-14,– T.C. Merkez Bankasınca Belirlenen Devlet İç Borçlanma Senetlerinin Günlük Değerleri,http://www.resmigazete.gov.tr/main.aspx?home=http://www.resmigazete.gov.tr/ilanlar/eskiilanlar/2023/08/20230814.htm&main=http://www.resmigazete.gov.tr/ilanlar/eskiilanlar/2023/08/20230814-5.htm
2023-08-15,–– Gümüşhane Üniversitesi Yabancı Dil Hazırlık Sınıfı Yönetmeliğinde Değişiklik Yapılmasına Dair Yönetmelik,https://www.resmigazete.gov.tr/eskiler/2023/08/20230815-1.htm
2023-08-15,–– Mersin Üniversitesi Mersin Meslek Yüksekokulu Ön Lisans Öğretim ve Sınav Yönetmeliğinde Değişiklik Yapılmasına Dair Yönetmelik,https://www.resmigazete.gov.tr/eskiler/2023/08/20230815-2.htm
2023-08-15,–– Anayasa Mahkemesinin 14/6/2023 Tarihli ve 2019/39068 Başvuru Numaralı Kararı,https://www.resmigazete.gov.tr/eskiler/2023/08/20230815-3.pdf
2023-08-15,–– Anayasa Mahkemesinin 13/4/2023 Tarihli ve 2018/12161 Başvuru Numaralı Kararı,https://www.resmigazete.gov.tr/eskiler/2023/08/20230815-4.pdf
2023-08-15,–– Anayasa Mahkemesinin 2/5/2023 Tarihli ve 2018/15873 Başvuru Numaralı Kararı,https://www.resmigazete.gov.tr/eskiler/2023/08/20230815-5.pdf
2023-08-15,–– Anayasa Mahkemesinin 2/5/2023 Tarihli ve 2019/35842 Başvuru Numaralı Kararı,https://www.resmigazete.gov.tr/eskiler/2023/08/20230815-6.pdf
2023-08-15,"–– Yargıtay 7, 8, 10 ve 11. Hukuk Dairelerine Ait Kararlar",https://www.resmigazete.gov.tr/eskiler/2023/08/20230815-7.pdf
2023-08-15,"a - Artırma, Eksiltme ve İhale İlânları",http://www.resmigazete.gov.tr/main.aspx?home=http://www.resmigazete.gov.tr/ilanlar/eskiilanlar/2023/08/20230815.htm&main=http://www.resmigazete.gov.tr/ilanlar/eskiilanlar/2023/08/20230815-3.htm
2023-08-15,b - Çeşitli İlânlar,http://www.resmigazete.gov.tr/main.aspx?home=http://www.resmigazete.gov.tr/ilanlar/eskiilanlar/2023/08/20230815.htm&main=http://www.resmigazete.gov.tr/ilanlar/eskiilanlar/2023/08/20230815-4.htm
2023-08-15,– T.C. Merkez Bankasınca Belirlenen Döviz Kurları ve Devlet İç Borçlanma Senetlerinin Günlük Değerleri,http://www.resmigazete.gov.tr/main.aspx?home=http://www.resmigazete.gov.tr/ilanlar/eskiilanlar/2023/08/20230815.htm&main=http://www.resmigazete.gov.tr/ilanlar/eskiilanlar/2023/08/20230815-5.htm
2023-08-16,–– Dış Ticarette Teknik Düzenlemeler Yönetmeliği,https://www.resmigazete.gov.tr/eskiler/2023/08/20230816-1.htm
2023-08-16,–– Toplum Yararına Programların Yürütülmesine İlişkin Usul ve Esaslar Hakkında Yönetmelikte Değişiklik Yapılmasına Dair Yönetmelik,https://www.resmigazete.gov.tr/eskiler/2023/08/20230816-2.htm
2023-08-16,–– 2023 Yılı Özel Eğitime İhtiyaç Duyan Bireylere Verilecek Eğitim Desteği Tutarlarına İlişkin Tebliğde Değişiklik Yapılmasına Dair Tebliğ,https://www.resmigazete.gov.tr/eskiler/2023/08/20230816-3.htm
2023-08-16,–– Depremden Zarar Gören Su Ürünleri Yetiştiricilik İşletmelerinin Desteklenmesine İlişkin Tebliğ (No: 2023/31),https://www.resmigazete.gov.tr/eskiler/2023/08/20230816-4.htm
2023-08-16,"a - Artırma, Eksiltme ve İhale İlânları",http://www.resmigazete.gov.tr/main.aspx?home=http://www.resmigazete.gov.tr/ilanlar/eskiilanlar/2023/08/20230816.htm&main=http://www.resmigazete.gov.tr/ilanlar/eskiilanlar/2023/08/20230816-3.htm
2023-08-16,b - Çeşitli İlânlar,http://www.resmigazete.gov.tr/main.aspx?home=http://www.resmigazete.gov.tr/ilanlar/eskiilanlar/2023/08/20230816.htm&main=http://www.resmigazete.gov.tr/ilanlar/eskiilanlar/2023/08/20230816-4.htm
2023-08-16,– T.C. Merkez Bankasınca Belirlenen Döviz Kurları ve Devlet İç Borçlanma Senetlerinin Günlük Değerleri,http://www.resmigazete.gov.tr/main.aspx?home=http://www.resmigazete.gov.tr/ilanlar/eskiilanlar/2023/08/20230816.htm&main=http://www.resmigazete.gov.tr/ilanlar/eskiilanlar/2023/08/20230816-5.htm
2023-08-17,–– Elektrik Piyasasında Yenilenebilir Enerji Kaynak Garanti Belgesi Yönetmeliğinde Değişiklik Yapılmasına Dair Yönetmelik,https://www.resmigazete.gov.tr/eskiler/2023/08/20230817-1.htm
2023-08-17,–– Şarj Hizmeti Yönetmeliğinde Değişiklik Yapılmasına Dair Yönetmelik,https://www.resmigazete.gov.tr/eskiler/2023/08/20230817-2.htm
2023-08-17,"–– Tıbbi Cihaz Satış, Reklam ve Tanıtım Yönetmeliğinde Değişiklik Yapılmasına Dair Yönetmelik",https://www.resmigazete.gov.tr/eskiler/2023/08/20230817-3.htm
2023-08-17,–– Enerji Piyasası Düzenleme Kurulunun 10/08/2023 Tarihli ve 12006 Sayılı Kararı,https://www.resmigazete.gov.tr/eskiler/2023/08/20230817-4.pdf
2023-08-17,–– Anayasa Mahkemesinin 14/6/2023 Tarihli ve 2018/32269 Başvuru Numaralı Kararı,https://www.resmigazete.gov.tr/eskiler/2023/08/20230817-5.pdf
2023-08-17,–– Anayasa Mahkemesinin 13/4/2023 Tarihli ve 2019/29881 Başvuru Numaralı Kararı,https://www.resmigazete.gov.tr/eskiler/2023/08/20230817-6.pdf
2023-08-17,–– Anayasa Mahkemesinin 13/4/2023 Tarihli ve 2020/5094 Başvuru Numaralı Kararı,https://www.resmigazete.gov.tr/eskiler/2023/08/20230817-7.pdf
2023-08-17,–– Anayasa Mahkemesinin 13/4/2023 Tarihli ve 2020/20054 Başvuru Numaralı Kararı,https://www.resmigazete.gov.tr/eskiler/2023/08/20230817-8.pdf
2023-08-17,–– Anayasa Mahkemesinin 13/4/2023 Tarihli ve 2020/28007 Başvuru Numaralı Kararı,https://www.resmigazete.gov.tr/eskiler/2023/08/20230817-9.pdf
2023-08-17,–– Anayasa Mahkemesinin 10/5/2023 Tarihli ve 2019/13123 Başvuru Numaralı Kararı,https://www.resmigazete.gov.tr/eskiler/2023/08/20230817-10.pdf
2023-08-17,"a - Artırma, Eksiltme ve İhale İlânları",http://www.resmigazete.gov.tr/main.aspx?home=http://www.resmigazete.gov.tr/ilanlar/eskiilanlar/2023/08/20230817.htm&main=http://www.resmigazete.gov.tr/ilanlar/eskiilanlar/2023/08/20230817-3.htm
2023-08-17,b - Çeşitli İlânlar,http://www.resmigazete.gov.tr/main.aspx?home=http://www.resmigazete.gov.tr/ilanlar/eskiilanlar/2023/08/20230817.htm&main=http://www.resmigazete.gov.tr/ilanlar/eskiilanlar/2023/08/20230817-4.htm
2023-08-17,– T.C. Merkez Bankasınca Belirlenen Döviz Kurları ve Devlet İç Borçlanma Senetlerinin Günlük Değerleri,http://www.resmigazete.gov.tr/main.aspx?home=http://www.resmigazete.gov.tr/ilanlar/eskiilanlar/2023/08/20230817.htm&main=http://www.resmigazete.gov.tr/ilanlar/eskiilanlar/2023/08/20230817-5.htm
2023-08-18,–– 154 kV Gerze Transformatör Merkezi Sahası Projesi Kapsamında Bazı Taşınmazların Türkiye Elektrik İletim Anonim Şirketi Genel Müdürlüğü Tarafından Acele Kamulaştırılması Hakkında Karar (Karar Sayısı: 7500),https://www.resmigazete.gov.tr/eskiler/2023/08/20230818-1.pdf
2023-08-18,"–– Muş İli, Korkut İlçesinde Kurulacak RMS-A Şehir Giriş İstasyonunun Yapımı Amacıyla, Pınarüstü Köyü Sınırları İçerisindeki Taşınmazın Enerji Piyasası Düzenleme Kurumu Tarafından Acele Kamulaştırılması Hakkında Karar (Karar Sayısı: 7501)",https://www.resmigazete.gov.tr/eskiler/2023/08/20230818-2.pdf
2023-08-18,–– Ordu İlinde Kurulacak R3-Ordu-4 RES Elektrik Üretim Tesisi İçin Gerekli Olan Bazı Taşınmazların Enerji Piyasası Düzenleme Kurumu Tarafından Acele Kamulaştırılması Hakkında Karar (Karar Sayısı: 7502),https://www.resmigazete.gov.tr/eskiler/2023/08/20230818-3.pdf
2023-08-18,"–– Aydın İli Sınırları İçerisinde Bulunan S:5261 Numaralı IV. Grup Maden (Linyit) İşletme Ruhsatlı Sahada, Ruhsata Konu Maden Üretimine Devam Edilebilmesi İçin İhtiyaç Duyulan Bazı Taşınmazların Maden ve Petrol İşleri Genel Müdürlüğü Tarafından Acele Kamulaştırılması Hakkında Karar (Karar Sayısı: 7503)",https://www.resmigazete.gov.tr/eskiler/2023/08/20230818-4.pdf
2023-08-18,–– 154 kV Tavşanlı Transformatör Merkezi Sahası Projesi Kapsamında Bazı Taşınmazların Türkiye Elektrik İletim Anonim Şirketi Genel Müdürlüğü Tarafından Acele Kamulaştırılması Hakkında Karar (Karar Sayısı: 7504),https://www.resmigazete.gov.tr/eskiler/2023/08/20230818-5.pdf
2023-08-18,"–– Kamu Kurum ve Kuruluşlarının Yurtdışı Teşkilatını Oluşturan Birimlerin Nitelik, Kurulduğu Şehir ve Ülke, Görev Alanı, Akredite Edildiği Ülkeler ve Bağlı Bulunduğu Misyonlar Hakkındaki 13/4/1999 Tarihli ve 99/12770 Sayılı Bakanlar Kurulu Kararında Değişiklik Yapılmasına İlişkin Karar (Karar Sayısı: 7505)",https://www.resmigazete.gov.tr/eskiler/2023/08/20230818-6.pdf
2023-08-18,"–– 3713 Sayılı Terörle Mücadele Kanununun 1 inci, 3 üncü ve 4 üncü Maddeleri Kapsamına Giren Eylemler veya Terörle Mücadele Kapsamında Yürütülen Faaliyetler Nedeniyle Zarar Gören Gerçek Kişiler ile Özel Hukuk Tüzel Kişilerinin, 5233 Sayılı Terör ve Terörle Mücadeleden Doğan Zararların Karşılanması Hakkında Kanunun Geçici 1 inci ve Geçici 4 üncü Maddeleri ile 28/12/2005 Tarihli ve 5442 Sayılı Kanunun Geçici 1 inci Maddesine Dayanarak Yaptıkları Başvuruların Sonuçlandırılma Süresinin, 2/6/2022 Tarihli ve 5634 Sayılı Cumhurbaşkanı Kararı ile Uzatılan Sürenin Bitiminden İtibaren Bir Yıl Uzatılması Hakkında Karar (Karar Sayısı: 7506)",https://www.resmigazete.gov.tr/eskiler/2023/08/20230818-7.pdf
2023-08-18,"–– Türkiye Cumhuriyeti Hazine ve Maliye Bakanlığı Mali Suçları Araştırma Kurulu Başkanlığı (MASAK) ile Filistin Devleti Finansal İzleme Birimi (FFU) Arasında Karapara Aklama, Bağlantılı Öncül Suçlar ve Terörizmin Finansmanı Hakkında Finansal İstihbarat Değişiminde İşbirliğine Dair Mutabakat Muhtırasının Yürürlüğe Konulması Hakkında Karar (Karar Sayısı: 7507)",https://www.resmigazete.gov.tr/eskiler/2023/08/20230818-8.pdf
2023-08-18,"–– Millî Savunma Üniversitesi Öğretim Programları, Materyalleri, Ortamları, Araştırma ve Uygulama Geliştirme Merkezi Yönetmeliği",https://www.resmigazete.gov.tr/eskiler/2023/08/20230818-9.htm
2023-08-18,–– Eczacılar ve Eczaneler Hakkında Yönetmelikte Değişiklik Yapılmasına Dair Yönetmelik,https://www.resmigazete.gov.tr/eskiler/2023/08/20230818-10.htm
2023-08-18,–– Ismarlama Protez ve Ortez Merkezleri ile İşitme Cihazı Merkezleri Hakkında Yönetmelikte Değişiklik Yapılmasına Dair Yönetmelik,https://www.resmigazete.gov.tr/eskiler/2023/08/20230818-11.htm
2023-08-18,–– Optisyenlik Müesseseleri Hakkında Yönetmelikte Değişiklik Yapılmasına Dair Yönetmelik,https://www.resmigazete.gov.tr/eskiler/2023/08/20230818-12.htm
2023-08-18,–– Enerji Piyasası Düzenleme Kurulunun 17/08/2023 Tarihli ve 12031 Sayılı Kararı,https://www.resmigazete.gov.tr/eskiler/2023/08/20230818-13.pdf
2023-08-18,–– Anayasa Mahkemesinin 3/5/2023 Tarihli ve 2020/24924 Başvuru Numaralı Kararı,https://www.resmigazete.gov.tr/eskiler/2023/08/20230818-14.pdf
2023-08-18,–– Anayasa Mahkemesinin 7/6/2023 Tarihli ve 2020/22386 Başvuru Numaralı Kararı,https://www.resmigazete.gov.tr/eskiler/2023/08/20230818-15.pdf
2023-08-18,–– Anayasa Mahkemesinin 7/6/2023 Tarihli ve 2021/2754 Başvuru Numaralı Kararı,https://www.resmigazete.gov.tr/eskiler/2023/08/20230818-16.pdf
2023-08-18,–– Anayasa Mahkemesinin 7/6/2023 Tarihli ve 2021/14356 Başvuru Numaralı Kararı,https://www.resmigazete.gov.tr/eskiler/2023/08/20230818-17.pdf
2023-08-18,–– Anayasa Mahkemesinin 21/6/2023 Tarihli ve 2019/6906 Başvuru Numaralı Kararı,https://www.resmigazete.gov.tr/eskiler/2023/08/20230818-18.pdf
2023-08-18,–– Anayasa Mahkemesinin 21/6/2023 Tarihli ve 2020/12442 Başvuru Numaralı Kararı,https://www.resmigazete.gov.tr/eskiler/2023/08/20230818-19.pdf
2023-08-18,–– Anayasa Mahkemesinin 21/6/2023 Tarihli ve 2020/36865 Başvuru Numaralı Kararı,https://www.resmigazete.gov.tr/eskiler/2023/08/20230818-20.pdf
2023-08-18,–– Yargıtay 9. Hukuk Dairesine Ait Karar,https://www.resmigazete.gov.tr/eskiler/2023/08/20230818-21.pdf
2023-08-18,"a - Artırma, Eksiltme ve İhale İlânları",http://www.resmigazete.gov.tr/main.aspx?home=http://www.resmigazete.gov.tr/ilanlar/eskiilanlar/2023/08/20230818.htm&main=http://www.resmigazete.gov.tr/ilanlar/eskiilanlar/2023/08/20230818-3.htm
2023-08-18,b - Çeşitli İlânlar,http://www.resmigazete.gov.tr/main.aspx?home=http://www.resmigazete.gov.tr/ilanlar/eskiilanlar/2023/08/20230818.htm&main=http://www.resmigazete.gov.tr/ilanlar/eskiilanlar/2023/08/20230818-4.htm
2023-08-18,– T.C. Merkez Bankasınca Belirlenen Döviz Kurları ve Devlet İç Borçlanma Senetlerinin Günlük Değerleri,http://www.resmigazete.gov.tr/main.aspx?home=http://www.resmigazete.gov.tr/ilanlar/eskiilanlar/2023/08/20230818.htm&main=http://www.resmigazete.gov.tr/ilanlar/eskiilanlar/2023/08/20230818-5.htm
2023-08-19,–– Doğal Gaz Piyasası Dağıtım Lisanslarına İlişkin Tedbirler Yönetmeliği,https://www.resmigazete.gov.tr/eskiler/2023/08/20230819-1.htm
2023-08-19,–– Ankara Üniversitesi Bağımlılık ve Dopingle Mücadele Uygulama ve Araştırma Merkezi Yönetmeliğinin Yürürlükten Kaldırılmasına Dair Yönetmelik,https://www.resmigazete.gov.tr/eskiler/2023/08/20230819-2.htm
2023-08-19,"a - Artırma, Eksiltme ve İhale İlânları",http://www.resmigazete.gov.tr/main.aspx?home=http://www.resmigazete.gov.tr/ilanlar/eskiilanlar/2023/08/20230819.htm&main=http://www.resmigazete.gov.tr/ilanlar/eskiilanlar/2023/08/20230819-3.htm
2023-08-19,b - Çeşitli İlânlar,http://www.resmigazete.gov.tr/main.aspx?home=http://www.resmigazete.gov.tr/ilanlar/eskiilanlar/2023/08/20230819.htm&main=http://www.resmigazete.gov.tr/ilanlar/eskiilanlar/2023/08/20230819-4.htm
2023-08-19,– T.C. Merkez Bankasınca Belirlenen Döviz Kurları ve Devlet İç Borçlanma Senetlerinin Günlük Değerleri,http://www.resmigazete.gov.tr/main.aspx?home=http://www.resmigazete.gov.tr/ilanlar/eskiilanlar/2023/08/20230819.htm&main=http://www.resmigazete.gov.tr/ilanlar/eskiilanlar/2023/08/20230819-5.htm
2023-08-20,"–– Cumhurbaşkanlığına, Cumhurbaşkanı Yardımcısı Cevdet YILMAZ’ın Vekâlet Etmesine Dair Tezkere",https://www.resmigazete.gov.tr/eskiler/2023/08/20230820-3.pdf
2023-08-20,–– Ağrı İbrahim Çeçen Üniversitesi Yabancı Diller Yüksekokulu Eğitim-Öğretim ve Sınav Yönetmeliği,https://www.resmigazete.gov.tr/eskiler/2023/08/20230820-1.htm
2023-08-20,–– Selçuk Üniversitesi Güzel Sanatlar Fakültesi Eğitim-Öğretim ve Sınav Yönetmeliği,https://www.resmigazete.gov.tr/eskiler/2023/08/20230820-2.htm
2023-08-20,–– Menkul Kıymet Tesisi Hakkında Tebliğde Değişiklik Yapılmasına Dair Tebliğ (Sayı: 2023/20),https://www.resmigazete.gov.tr/eskiler/2023/08/20230820-4.htm
2023-08-20,–– Zorunlu Karşılıklar Hakkında Tebliğ (Sayı: 2013/15)’de Değişiklik Yapılmasına Dair Tebliğ (Sayı: 2023/21),https://www.resmigazete.gov.tr/eskiler/2023/08/20230820-5.htm
2023-08-20,–– Türk Lirası Mevduat ve Katılma Hesaplarına Dönüşümün Desteklenmesi Hakkında Tebliğ (Sayı: 2021/14)’de Değişiklik Yapılmasına Dair Tebliğ (Sayı: 2023/22),https://www.resmigazete.gov.tr/eskiler/2023/08/20230820-6.htm
2023-08-20,–– Altın Hesaplarından Türk Lirası Mevduat ve Katılma Hesaplarına Dönüşümün Desteklenmesi Hakkında Tebliğ (Sayı: 2021/16)’de Değişiklik Yapılmasına Dair Tebliğ (Sayı: 2023/23),https://www.resmigazete.gov.tr/eskiler/2023/08/20230820-7.htm
2023-08-20,a - Yargı İlânı,http://www.resmigazete.gov.tr/main.aspx?home=http://www.resmigazete.gov.tr/ilanlar/eskiilanlar/2023/08/20230820.htm&main=http://www.resmigazete.gov.tr/ilanlar/eskiilanlar/2023/08/20230820-2.htm
2023-08-20,"b - Artırma, Eksiltme ve İhale İlânları",http://www.resmigazete.gov.tr/main.aspx?home=http://www.resmigazete.gov.tr/ilanlar/eskiilanlar/2023/08/20230820.htm&main=http://www.resmigazete.gov.tr/ilanlar/eskiilanlar/2023/08/20230820-3.htm
2023-08-20,c - Çeşitli İlânlar,http://www.resmigazete.gov.tr/main.aspx?home=http://www.resmigazete.gov.tr/ilanlar/eskiilanlar/2023/08/20230820.htm&main=http://www.resmigazete.gov.tr/ilanlar/eskiilanlar/2023/08/20230820-4.htm
2023-08-20,– T.C. Merkez Bankasınca Belirlenen Devlet İç Borçlanma Senetlerinin Günlük Değerleri,http://www.resmigazete.gov.tr/main.aspx?home=http://www.resmigazete.gov.tr/ilanlar/eskiilanlar/2023/08/20230820.htm&main=http://www.resmigazete.gov.tr/ilanlar/eskiilanlar/2023/08/20230820-5.htm
2023-08-21,–– İstanbul Atlas Üniversitesi Tıp Fakültesi Eğitim-Öğretim ve Sınav Yönetmeliği,https://www.resmigazete.gov.tr/eskiler/2023/08/20230821-1.htm
2023-08-21,–– Sabancı Üniversitesi Lisansüstü Eğitim ve Öğretim Yönetmeliği,https://www.resmigazete.gov.tr/eskiler/2023/08/20230821-2.htm
2023-08-21,–– 2023 Yılı Haziran Ayına Ait Yatırım Teşvik Belgeleri Listesi,https://www.resmigazete.gov.tr/eskiler/2023/08/20230821-3.pdf
2023-08-21,–– 2023 Yılı Haziran Ayına Ait Tamamlama Vizesi Yapılan Yatırım Teşvik Belgeleri Listesi,https://www.resmigazete.gov.tr/eskiler/2023/08/20230821-4.pdf
2023-08-21,–– 2023 Yılı Haziran Ayına Ait İptal Edilen Yatırım Teşvik Belgeleri Listesi,https://www.resmigazete.gov.tr/eskiler/2023/08/20230821-5.pdf
2023-08-21,a - Yargı İlânı,http://www.resmigazete.gov.tr/main.aspx?home=http://www.resmigazete.gov.tr/ilanlar/eskiilanlar/2023/08/20230821.htm&main=http://www.resmigazete.gov.tr/ilanlar/eskiilanlar/2023/08/20230821-2.htm
2023-08-21,"b - Artırma, Eksiltme ve İhale İlânları",http://www.resmigazete.gov.tr/main.aspx?home=http://www.resmigazete.gov.tr/ilanlar/eskiilanlar/2023/08/20230821.htm&main=http://www.resmigazete.gov.tr/ilanlar/eskiilanlar/2023/08/20230821-3.htm
2023-08-21,c - Çeşitli İlânlar,http://www.resmigazete.gov.tr/main.aspx?home=http://www.resmigazete.gov.tr/ilanlar/eskiilanlar/2023/08/20230821.htm&main=http://www.resmigazete.gov.tr/ilanlar/eskiilanlar/2023/08/20230821-4.htm
2023-08-21,– T.C. Merkez Bankasınca Belirlenen Devlet İç Borçlanma Senetlerinin Günlük Değerleri,http://www.resmigazete.gov.tr/main.aspx?home=http://www.resmigazete.gov.tr/ilanlar/eskiilanlar/2023/08/20230821.htm&main=http://www.resmigazete.gov.tr/ilanlar/eskiilanlar/2023/08/20230821-5.htm
2023-08-22,–– İstanbul Okan Üniversitesi Ekonomik ve Finansal Araştırmalar Uygulama ve Araştırma Merkezi Yönetmeliği,https://www.resmigazete.gov.tr/eskiler/2023/08/20230822-1.htm
2023-08-22,–– Olağanüstü Hal Kapsamında Enerji Tüketim Bedellerinin Terkinine İlişkin Usul ve Esaslar Hakkında Tebliğde Değişiklik Yapılmasına Dair Tebliğ,https://www.resmigazete.gov.tr/eskiler/2023/08/20230822-2.htm
2023-08-22,–– Enerji Piyasası Düzenleme Kurulunun 17/08/2023 Tarihli ve 12022 Sayılı Kararı,https://www.resmigazete.gov.tr/eskiler/2023/08/20230822-3.pdf
2023-08-22,a - Yargı İlânları,http://www.resmigazete.gov.tr/main.aspx?home=http://www.resmigazete.gov.tr/ilanlar/eskiilanlar/2023/08/20230822.htm&main=http://www.resmigazete.gov.tr/ilanlar/eskiilanlar/2023/08/20230822-2.htm
2023-08-22,"b - Artırma, Eksiltme ve İhale İlânları",http://www.resmigazete.gov.tr/main.aspx?home=http://www.resmigazete.gov.tr/ilanlar/eskiilanlar/2023/08/20230822.htm&main=http://www.resmigazete.gov.tr/ilanlar/eskiilanlar/2023/08/20230822-3.htm
2023-08-22,c - Çeşitli İlânlar,http://www.resmigazete.gov.tr/main.aspx?home=http://www.resmigazete.gov.tr/ilanlar/eskiilanlar/2023/08/20230822.htm&main=http://www.resmigazete.gov.tr/ilanlar/eskiilanlar/2023/08/20230822-4.htm
2023-08-22,– T.C. Merkez Bankasınca Belirlenen Döviz Kurları ve Devlet İç Borçlanma Senetlerinin Günlük Değerleri,http://www.resmigazete.gov.tr/main.aspx?home=http://www.resmigazete.gov.tr/ilanlar/eskiilanlar/2023/08/20230822.htm&main=http://www.resmigazete.gov.tr/ilanlar/eskiilanlar/2023/08/20230822-5.htm
2023-08-23,–– Gıda ve Takviye Edici Gıdalarda Sağlık Beyanı Kullanımı Hakkında Yönetmelikte Değişiklik Yapılmasına Dair Yönetmelik,https://www.resmigazete.gov.tr/eskiler/2023/08/20230823-1.htm
2023-08-23,–– KTO-Karatay Üniversitesi Ana Yönetmeliğinde Değişiklik Yapılmasına Dair Yönetmelik,https://www.resmigazete.gov.tr/eskiler/2023/08/20230823-2.htm
2023-08-23,"- Artırma, Eksiltme ve İhale İlânları",http://www.resmigazete.gov.tr/main.aspx?home=http://www.resmigazete.gov.tr/ilanlar/eskiilanlar/2023/08/20230823.htm&main=http://www.resmigazete.gov.tr/ilanlar/eskiilanlar/2023/08/20230823-3.htm
2023-08-23,b - Çeşitli İlânlar,http://www.resmigazete.gov.tr/main.aspx?home=http://www.resmigazete.gov.tr/ilanlar/eskiilanlar/2023/08/20230823.htm&main=http://www.resmigazete.gov.tr/ilanlar/eskiilanlar/2023/08/20230823-4.htm
2023-08-23,– T.C. Merkez Bankasınca Belirlenen Döviz Kurları ve Devlet İç Borçlanma Senetlerinin Günlük Değerleri,http://www.resmigazete.gov.tr/main.aspx?home=http://www.resmigazete.gov.tr/ilanlar/eskiilanlar/2023/08/20230823.htm&main=http://www.resmigazete.gov.tr/ilanlar/eskiilanlar/2023/08/20230823-5.htm
2023-08-24,–– Birleşmiş Milletler Güvenlik Konseyinin 1718 (2006) Sayılı ve Müteakip Kararları ile 2231 (2015) Sayılı Kararının Uygulanması Hakkındaki 24/2/2021 Tarihli ve 3578 Sayılı Cumhurbaşkanı Kararının Eki EK-I Sayılı Listede Yer Alan Bazı Kişi ve Kuruluşlara Ait Bilgilerin İlişik Listede Belirtildiği Şekilde Güncellenmesi Hakkında Karar (Karar Sayısı: 7510),https://www.resmigazete.gov.tr/eskiler/2023/08/20230824-1.pdf
2023-08-24,"–– Cumhurbaşkanlığı Tarafından Yapılan Atamalar Hakkında Kararlar (Karar: 2023/388, 389, 390, 391, 392)",https://www.resmigazete.gov.tr/eskiler/2023/08/20230824-2.pdf
2023-08-24,–– 6306 Sayılı Kanunun Uygulama Yönetmeliğinde Değişiklik Yapılmasına Dair Yönetmelik,https://www.resmigazete.gov.tr/eskiler/2023/08/20230824-3.htm
2023-08-24,–– Pembekurt ile Mücadele Hakkında Yönetmelik,https://www.resmigazete.gov.tr/eskiler/2023/08/20230824-4.htm
2023-08-24,–– Dış Ticaret Sermaye Şirketlerine İlişkin Karar,https://www.resmigazete.gov.tr/eskiler/2023/08/20230824-5.pdf
2023-08-24,"–– Kamu Gözetimi, Muhasebe ve Denetim Standartları Kurulunun 22/08/2023 Tarihli ve 75935942-050.01.04-[01/18742] Sayılı Kararı",https://www.resmigazete.gov.tr/eskiler/2023/08/20230824-6.pdf
2023-08-24,"a - Artırma, Eksiltme ve İhale İlânları",http://www.resmigazete.gov.tr/main.aspx?home=http://www.resmigazete.gov.tr/ilanlar/eskiilanlar/2023/08/20230824.htm&main=http://www.resmigazete.gov.tr/ilanlar/eskiilanlar/2023/08/20230824-3.htm
2023-08-24,b - Çeşitli İlânlar,http://www.resmigazete.gov.tr/main.aspx?home=http://www.resmigazete.gov.tr/ilanlar/eskiilanlar/2023/08/20230824.htm&main=http://www.resmigazete.gov.tr/ilanlar/eskiilanlar/2023/08/20230824-4.htm
2023-08-24,– T.C. Merkez Bankasınca Belirlenen Döviz Kurları ve Devlet İç Borçlanma Senetlerinin Günlük Değerleri,http://www.resmigazete.gov.tr/main.aspx?home=http://www.resmigazete.gov.tr/ilanlar/eskiilanlar/2023/08/20230824.htm&main=http://www.resmigazete.gov.tr/ilanlar/eskiilanlar/2023/08/20230824-5.htm
2023-08-24,"24/8/2023 tarihli ve 32289 mükerrer sayılı Resmî Gazete’de, Sosyal Güvenlik Kurumu Sağlık Uygulama Tebliğinde Değişiklik Yapılmasına Dair Tebliğ ile Sağlık Hizmetleri Fiyatlandırma Komisyonu Kararları yayımlanmıştır.",http://www.resmigazete.gov.tr/eskiler/2023/08/20230824M1.htm
2023-08-25,–– Ticaret Bakanlığına Kadro İhdas Edilmesine İlişkin Cumhurbaşkanlığı Kararnamesi (Kararname Numarası: 152),https://www.resmigazete.gov.tr/eskiler/2023/08/20230825-1.pdf
2023-08-25,–– Hâkimler ve Savcılar Kurulu Genel Kurulunun 23/08/2023 Tarihli ve 1230 Sayılı Kararı,https://www.resmigazete.gov.tr/eskiler/2023/08/20230825-2.pdf
2023-08-25,–– Hâkimler ve Savcılar Kurulu Genel Kurulunun 23/08/2023 Tarihli ve 1231 Sayılı Kararı,https://www.resmigazete.gov.tr/eskiler/2023/08/20230825-3.pdf
2023-08-25,–– Hâkimler ve Savcılar Kurulu Genel Kurulunun 23/08/2023 Tarihli ve 1232 Sayılı Kararı,https://www.resmigazete.gov.tr/eskiler/2023/08/20230825-4.pdf
2023-08-25,"–– Mülki İdare Amirleri Atama, Değerlendirme ve Yerdeğiştirme Yönetmeliğinin Eki Cetvellerde Değişiklik Yapılması Hakkında Tebliğ (No: 2023/1)",https://www.resmigazete.gov.tr/eskiler/2023/08/20230825-5.pdf
2023-08-25,–– Aköde Elektronik Para ve Ödeme Hizmetleri A.Ş.'nin Faaliyet İzni Kapsamının Genişletilmesine İlişkin Karar,https://www.resmigazete.gov.tr/eskiler/2023/08/20230825-6.pdf
2023-08-25,–– Ceo Ödeme ve Elektronik Para Kuruluşu A.Ş.'nin Faaliyet İzni Kapsamının Genişletilmesine İlişkin Karar,https://www.resmigazete.gov.tr/eskiler/2023/08/20230825-7.pdf
2023-08-25,–– Pratik İşlem Ödeme ve Elektronik Para A.Ş.'nin Faaliyet İzni Kapsamının Genişletilmesine İlişkin Karar,https://www.resmigazete.gov.tr/eskiler/2023/08/20230825-8.pdf
2023-08-25,"DÜZELTME: Kamu Gözetimi, Muhasebe ve Denetim Standartları Kurulunun 22/08/2023 Tarihli ve 75935942-050.01.04-[01/18742] Sayılı Kararı ile İlgili",https://www.resmigazete.gov.tr/eskiler/2023/08/20230825-9.pdf
2023-08-25,"a - Artırma, Eksiltme ve İhale İlânları",http://www.resmigazete.gov.tr/main.aspx?home=http://www.resmigazete.gov.tr/ilanlar/eskiilanlar/2023/08/20230825.htm&main=http://www.resmigazete.gov.tr/ilanlar/eskiilanlar/2023/08/20230825-3.htm
2023-08-25,b - Çeşitli İlânlar,http://www.resmigazete.gov.tr/main.aspx?home=http://www.resmigazete.gov.tr/ilanlar/eskiilanlar/2023/08/20230825.htm&main=http://www.resmigazete.gov.tr/ilanlar/eskiilanlar/2023/08/20230825-4.htm
2023-08-25,– T.C. Merkez Bankasınca Belirlenen Döviz Kurları ve Devlet İç Borçlanma Senetlerinin Günlük Değerleri,http://www.resmigazete.gov.tr/main.aspx?home=http://www.resmigazete.gov.tr/ilanlar/eskiilanlar/2023/08/20230825.htm&main=http://www.resmigazete.gov.tr/ilanlar/eskiilanlar/2023/08/20230825-5.htm
2023-08-26,–– Boğaziçi Üniversitesi Lisans Programlarına Yatay Geçiş Yönetmeliğinde Değişiklik Yapılmasına Dair Yönetmelik,https://www.resmigazete.gov.tr/eskiler/2023/08/20230826-1.htm
2023-08-26,"–– Enerji Piyasası Düzenleme Kurulunun 24/08/2023 Tarihli ve 12036, 12037 Sayılı Kararları",https://www.resmigazete.gov.tr/eskiler/2023/08/20230826-2.pdf
2023-08-26,a - Yargı İlânları,http://www.resmigazete.gov.tr/main.aspx?home=http://www.resmigazete.gov.tr/ilanlar/eskiilanlar/2023/08/20230826.htm&main=http://www.resmigazete.gov.tr/ilanlar/eskiilanlar/2023/08/20230826-2.htm
2023-08-26,"b - Artırma, Eksiltme ve İhale İlânları",http://www.resmigazete.gov.tr/main.aspx?home=http://www.resmigazete.gov.tr/ilanlar/eskiilanlar/2023/08/20230826.htm&main=http://www.resmigazete.gov.tr/ilanlar/eskiilanlar/2023/08/20230826-3.htm
2023-08-26,c - Çeşitli İlânlar,http://www.resmigazete.gov.tr/main.aspx?home=http://www.resmigazete.gov.tr/ilanlar/eskiilanlar/2023/08/20230826.htm&main=http://www.resmigazete.gov.tr/ilanlar/eskiilanlar/2023/08/20230826-4.htm
2023-08-26,– T.C. Merkez Bankasınca Belirlenen Döviz Kurları ve Devlet İç Borçlanma Senetlerinin Günlük Değerleri,http://www.resmigazete.gov.tr/main.aspx?home=http://www.resmigazete.gov.tr/ilanlar/eskiilanlar/2023/08/20230826.htm&main=http://www.resmigazete.gov.tr/ilanlar/eskiilanlar/2023/08/20230826-5.htm
2023-08-27,–– Kırklareli Üniversitesi Ön Lisans ve Lisans Eğitim ve Öğretim Yönetmeliği,https://www.resmigazete.gov.tr/eskiler/2023/08/20230827-1.htm
2023-08-27,a - Yargı İlânı,http://www.resmigazete.gov.tr/main.aspx?home=http://www.resmigazete.gov.tr/ilanlar/eskiilanlar/2023/08/20230827.htm&main=http://www.resmigazete.gov.tr/ilanlar/eskiilanlar/2023/08/20230827-2.htm
2023-08-27,"b - Artırma, Eksiltme ve İhale İlânları",http://www.resmigazete.gov.tr/main.aspx?home=http://www.resmigazete.gov.tr/ilanlar/eskiilanlar/2023/08/20230827.htm&main=http://www.resmigazete.gov.tr/ilanlar/eskiilanlar/2023/08/20230827-3.htm
2023-08-27,c - Çeşitli İlânlar,http://www.resmigazete.gov.tr/main.aspx?home=http://www.resmigazete.gov.tr/ilanlar/eskiilanlar/2023/08/20230827.htm&main=http://www.resmigazete.gov.tr/ilanlar/eskiilanlar/2023/08/20230827-4.htm
2023-08-27,– T.C. Merkez Bankasınca Belirlenen Devlet İç Borçlanma Senetlerinin Günlük Değerleri,http://www.resmigazete.gov.tr/main.aspx?home=http://www.resmigazete.gov.tr/ilanlar/eskiilanlar/2023/08/20230827.htm&main=http://www.resmigazete.gov.tr/ilanlar/eskiilanlar/2023/08/20230827-5.htm
2023-08-28,–– İstanbul Atlas Üniversitesi Ön Lisans ve Lisans Eğitim-Öğretim ve Sınav Yönetmeliği,https://www.resmigazete.gov.tr/eskiler/2023/08/20230828-1.htm
2023-08-28,"a - Artırma, Eksiltme ve İhale İlânları",http://www.resmigazete.gov.tr/main.aspx?home=http://www.resmigazete.gov.tr/ilanlar/eskiilanlar/2023/08/20230828.htm&main=http://www.resmigazete.gov.tr/ilanlar/eskiilanlar/2023/08/20230828-3.htm
2023-08-28,b - Çeşitli İlânlar,http://www.resmigazete.gov.tr/main.aspx?home=http://www.resmigazete.gov.tr/ilanlar/eskiilanlar/2023/08/20230828.htm&main=http://www.resmigazete.gov.tr/ilanlar/eskiilanlar/2023/08/20230828-4.htm
2023-08-28,– T.C. Merkez Bankasınca Belirlenen Devlet İç Borçlanma Senetlerinin Günlük Değerleri,http://www.resmigazete.gov.tr/main.aspx?home=http://www.resmigazete.gov.tr/ilanlar/eskiilanlar/2023/08/20230828.htm&main=http://www.resmigazete.gov.tr/ilanlar/eskiilanlar/2023/08/20230828-5.htm
2023-08-29,–– Kurtuluş Savaşındaki Hizmetleri Tespit Edilen Gazilerin Mirasçılarına “İstiklal Madalyası” Verilmesi Hakkında Karar (Karar Sayısı: 7512),https://www.resmigazete.gov.tr/eskiler/2023/08/20230829-1.pdf
2023-08-29,–– Kamu Kurum ve Kuruluşlarının Ürettikleri Bazı Mal ve Hizmetlerden Ücretsiz veya İndirimli Olarak Faydalanacakların Tespitine İlişkin Karar (Karar Sayısı: 7513),https://www.resmigazete.gov.tr/eskiler/2023/08/20230829-2.pdf
2023-08-29,"–– Zonguldak İli, Devrek İlçesi, Kemerler Mahallesi Sınırları İçerisinde Bulunan Taşınmazın, Toplu Konut Projesi Kapsamında İhtiyaç Duyulan Yapılaşmanın İvedilikle Sağlanması Amacıyla Çaydeğirmeni Belediye Başkanlığı Tarafından Acele Kamulaştırılması Hakkında Karar (Karar Sayısı: 7514)",https://www.resmigazete.gov.tr/eskiler/2023/08/20230829-3.pdf
2023-08-29,"–– İstanbul İli, Zeytinburnu İlçesi, Merkezefendi Mahallesinde İlan Edilen Riskli Alan İçerisinde Bulunan Taşınmazlar ile Üzerlerindeki Yapıların, Çoğunluğu İmar Mevzuatına Aykırı Olan ve Afet Riski Taşıyan Yapıların Tasfiye Edilerek Ulaşım ve Altyapısıyla Birlikte Fen ve Sanat Kurallarına Uygun, Sağlıklı ve Güvenli Yaşam Alanlarının Oluşturulması Amacıyla Zeytinburnu Belediye Başkanlığı Tarafından Acele Kamulaştırılması Hakkında Karar (Karar Sayısı: 7515)",https://www.resmigazete.gov.tr/eskiler/2023/08/20230829-4.pdf
2023-08-29,"–– Balıkesir İli, Ayvalık İlçesi Sınırları İçerisinde Bulunan Sarımsaklı Mevkii (61 No.lu) Doğal Sit Alanının Koruma Statüsünün Yeniden Değerlendirilmesi Sonucunda, Sınır ve Koordinatları Gösterilen Alanın Kesin Korunacak Hassas Alan Olarak Tescil ve İlan Edilmesi Hakkında Karar (Karar Sayısı: 7516)",https://www.resmigazete.gov.tr/eskiler/2023/08/20230829-5.pdf
2023-08-29,"–– Tunceli İli, Pülümür, Merkez ve Ovacık İlçeleri Sınırları İçerisinde Bulunan Munzur ve Pülümür Vadileri Potansiyel Doğal Sit Alanının Koruma Statüsünün Değerlendirilmesi Sonucunda, Sınır ve Koordinatları Gösterilen Alanın Kesin Korunacak Hassas Alan Olarak Tescil ve İlan Edilmesi Hakkında Karar (Karar Sayısı: 7517)",https://www.resmigazete.gov.tr/eskiler/2023/08/20230829-6.pdf
2023-08-29,–– Kamu İhale Kurumu Teşkilatı ve Personelinin Çalışma Usul ve Esasları Hakkında Yönetmelikte Değişiklik Yapılmasına Dair Yönetmelik (Karar Sayısı: 7518),https://www.resmigazete.gov.tr/eskiler/2023/08/20230829-7.pdf
2023-08-29,–– Turizm Tesislerinin Niteliklerine İlişkin Yönetmelikte Değişiklik Yapılmasına Dair Yönetmelik (Karar Sayısı: 7519),https://www.resmigazete.gov.tr/eskiler/2023/08/20230829-8.pdf
2023-08-29,–– Madencilik Faaliyetleri İzin Yönetmeliğinde Değişiklik Yapılmasına Dair Yönetmelik (Karar Sayısı: 7520),https://www.resmigazete.gov.tr/eskiler/2023/08/20230829-9.pdf
2023-08-29,–– Mimar Sinan Güzel Sanatlar Üniversitesi Anadolu Kültürü ve Sanatı Araştırma ve Uygulama Merkezi Yönetmeliğinin Yürürlükten Kaldırılmasına Dair Yönetmelik,https://www.resmigazete.gov.tr/eskiler/2023/08/20230829-10.htm
2023-08-29,–– Mimar Sinan Güzel Sanatlar Üniversitesi Kuzey Ege Arkeoloji Araştırmaları Uygulama ve Araştırma Merkezi Yönetmeliğinin Yürürlükten Kaldırılmasına Dair Yönetmelik,https://www.resmigazete.gov.tr/eskiler/2023/08/20230829-11.htm
2023-08-29,–– Mimar Sinan Güzel Sanatlar Üniversitesi Sürdürülebilir Kentsel Dönüşüm Uygulama ve Araştırma Merkezi Yönetmeliğinin Yürürlükten Kaldırılmasına Dair Yönetmelik,https://www.resmigazete.gov.tr/eskiler/2023/08/20230829-12.htm
2023-08-29,–– Sermaye Piyasası Kurulunun 2023 Yılı Gayrimenkul Değerleme Asgari Ücret Tarifesinin Güncellenmesine İlişkin Kararı,https://www.resmigazete.gov.tr/eskiler/2023/08/20230829-13.pdf
2023-08-29,–– Anayasa Mahkemesinin 24/5/2023 Tarihli ve 2020/11279 Başvuru Numaralı Kararı,https://www.resmigazete.gov.tr/eskiler/2023/08/20230829-14.pdf
2023-08-29,"a - Artırma, Eksiltme ve İhale İlânları",http://www.resmigazete.gov.tr/main.aspx?home=http://www.resmigazete.gov.tr/ilanlar/eskiilanlar/2023/08/20230829.htm&main=http://www.resmigazete.gov.tr/ilanlar/eskiilanlar/2023/08/20230829-3.htm
2023-08-29,- Çeşitli İlânlar,http://www.resmigazete.gov.tr/main.aspx?home=http://www.resmigazete.gov.tr/ilanlar/eskiilanlar/2023/08/20230829.htm&main=http://www.resmigazete.gov.tr/ilanlar/eskiilanlar/2023/08/20230829-4.htm
2023-08-29,– T.C. Merkez Bankasınca Belirlenen Döviz Kurları ve Devlet İç Borçlanma Senetlerinin Günlük Değerleri,http://www.resmigazete.gov.tr/main.aspx?home=http://www.resmigazete.gov.tr/ilanlar/eskiilanlar/2023/08/20230829.htm&main=http://www.resmigazete.gov.tr/ilanlar/eskiilanlar/2023/08/20230829-5.htm
2023-08-30,"15/7/2018 tarihli ve 30479 sayılı Resmî Gazete'de yayımlanan ""Resmî Gazete Hakkında Cumhurbaşkanlığı Kararnamesi (Kararname Numarası: 10)"" uyarınca bugün Resmî Gazete yayımlanmamaktadır.",https://www.resmigazete.gov.tr/eskiler/2023/08/20110101-1.htm
2023-08-31,–– İthalat Rejimi Kararında Değişiklik Yapılmasına İlişkin Karar (Karar Sayısı: 7543),https://www.resmigazete.gov.tr/eskiler/2023/08/20230831-1.pdf
2023-08-31,–– İthalatta İlave Gümrük Vergisi Uygulanmasına İlişkin Kararda Değişiklik Yapılmasına Dair Karar (Karar Sayısı: 7544),https://www.resmigazete.gov.tr/eskiler/2023/08/20230831-2.pdf
2023-08-31,–– Birleşik Arap Emirlikleri Menşeli Bazı Tarım Ürünlerinin İthalatında Tarife Kontenjanı Uygulanması Hakkında Karar (Karar Sayısı: 7545),https://www.resmigazete.gov.tr/eskiler/2023/08/20230831-3.pdf
2023-08-31,–– Birleşik Arap Emirlikleri Menşeli Bazı Sanayi Ürünlerinin İthalatında Tarife Kontenjanı Uygulanması Hakkında Karar (Karar Sayısı: 7546),https://www.resmigazete.gov.tr/eskiler/2023/08/20230831-4.pdf
2023-08-31,–– İkinci El Motorlu Kara Taşıtlarının Ticareti Hakkında Yönetmelikte Değişiklik Yapılmasına Dair Yönetmelik,https://www.resmigazete.gov.tr/eskiler/2023/08/20230831-5.htm
2023-08-31,–– Taşınmaz Ticareti Hakkında Yönetmelikte Değişiklik Yapılmasına Dair Yönetmelik,https://www.resmigazete.gov.tr/eskiler/2023/08/20230831-6.htm
2023-08-31,–– KTO-Karatay Üniversitesi Yabancı Diller Yüksekokulu Hazırlık Sınıfı Eğitim-Öğretim ve Sınav Yönetmeliği,https://www.resmigazete.gov.tr/eskiler/2023/08/20230831-7.htm
2023-08-31,–– Emlak Vergisi Kanunu Genel Tebliği (Seri No: 83),https://www.resmigazete.gov.tr/eskiler/2023/08/20230831-8.htm
2023-08-31,–– Birleşik Arap Emirlikleri Menşeli Bazı Sanayi Ürünlerinin İthalatında Tarife Kontenjanı Uygulanmasına İlişkin Tebliğ,https://www.resmigazete.gov.tr/eskiler/2023/08/20230831-9.htm
2023-08-31,–– Birleşik Arap Emirlikleri Menşeli Bazı Tarım Ürünleri İthalatında Tarife Kontenjanı Uygulanmasına İlişkin Tebliğ,https://www.resmigazete.gov.tr/eskiler/2023/08/20230831-10.htm
2023-08-31,–– Moneyout Elektronik Para ve Ödeme Hizmetleri A.Ş.’ye Elektronik Para Kuruluşu Olarak Faaliyet Göstermek Üzere Faaliyet İzni Verilmesine İlişkin Karar,https://www.resmigazete.gov.tr/eskiler/2023/08/20230831-11.pdf
2023-08-31,a - Yargı İlânları,http://www.resmigazete.gov.tr/main.aspx?home=http://www.resmigazete.gov.tr/ilanlar/eskiilanlar/2023/08/20230831.htm&main=http://www.resmigazete.gov.tr/ilanlar/eskiilanlar/2023/08/20230831-2.htm
2023-08-31,"b - Artırma, Eksiltme ve İhale İlânları",http://www.resmigazete.gov.tr/main.aspx?home=http://www.resmigazete.gov.tr/ilanlar/eskiilanlar/2023/08/20230831.htm&main=http://www.resmigazete.gov.tr/ilanlar/eskiilanlar/2023/08/20230831-3.htm
2023-08-31,c - Çeşitli İlânlar,http://www.resmigazete.gov.tr/main.aspx?home=http://www.resmigazete.gov.tr/ilanlar/eskiilanlar/2023/08/20230831.htm&main=http://www.resmigazete.gov.tr/ilanlar/eskiilanlar/2023/08/20230831-4.htm
2023-08-31,– T.C. Merkez Bankasınca Belirlenen Döviz Kurları ve Devlet İç Borçlanma Senetlerinin Günlük Değerleri,http://www.resmigazete.gov.tr/main.aspx?home=http://www.resmigazete.gov.tr/ilanlar/eskiilanlar/2023/08/20230831.htm&main=http://www.resmigazete.gov.tr/ilanlar/eskiilanlar/2023/08/20230831-5.htm
2023-09-01,–– Tarımsal Üretim Sözleşmesinden Doğan Hukuk Uyuşmazlıklarına İlişkin Arabuluculuk Yönetmeliği,https://www.resmigazete.gov.tr/eskiler/2023/09/20230901-1.htm
2023-09-01,–– Gençlik ve Spor Bakanlığı Disiplin Amirleri Yönetmeliği,https://www.resmigazete.gov.tr/eskiler/2023/09/20230901-2.htm
2023-09-01,–– Serbest Bölgeler Uygulama Yönetmeliğinde Değişiklik Yapılmasına Dair Yönetmelik,https://www.resmigazete.gov.tr/eskiler/2023/09/20230901-3.htm
2023-09-01,–– Derecelendirme Kuruluşlarının Yetkilendirilmesine ve Faaliyetlerine İlişkin Esaslar Hakkında Yönetmelikte Değişiklik Yapılmasına Dair Yönetmelik,https://www.resmigazete.gov.tr/eskiler/2023/09/20230901-4.htm
2023-09-01,–– Radyoaktif Maddelerin Serbestleştirilmesi ve Salımına İlişkin Yönetmelik,https://www.resmigazete.gov.tr/eskiler/2023/09/20230901-5.htm
2023-09-01,–– Nesli Tehlike Altında Olan Yabani Hayvan ve Bitki Türlerinin Dış Ticaretine İlişkin Tebliğ (Dış Ticaret: 2011/1)’de Değişiklik Yapılmasına Dair Tebliğ,https://www.resmigazete.gov.tr/eskiler/2023/09/20230901-6.htm
2023-09-01,–– Reeskont ve Avans İşlemlerinde Uygulanacak Faiz Oranlarının Tespiti,https://www.resmigazete.gov.tr/eskiler/2023/09/20230901-7.pdf
2023-09-01,–– Gemi Adamları İaşe Bedeli Tespit Kurulu Kararı,https://www.resmigazete.gov.tr/eskiler/2023/09/20230901-8.pdf
2023-09-01,–– Yargıtay 9. Hukuk Dairesine Ait Karar,https://www.resmigazete.gov.tr/eskiler/2023/09/20230901-9.pdf
2023-09-01,a - Yargı İlânları,http://www.resmigazete.gov.tr/main.aspx?home=http://www.resmigazete.gov.tr/ilanlar/eskiilanlar/2023/09/20230901.htm&main=http://www.resmigazete.gov.tr/ilanlar/eskiilanlar/2023/09/20230901-2.htm
2023-09-01,"b - Artırma, Eksiltme ve İhale İlânları",http://www.resmigazete.gov.tr/main.aspx?home=http://www.resmigazete.gov.tr/ilanlar/eskiilanlar/2023/09/20230901.htm&main=http://www.resmigazete.gov.tr/ilanlar/eskiilanlar/2023/09/20230901-3.htm
2023-09-01,c - Çeşitli İlânlar,http://www.resmigazete.gov.tr/main.aspx?home=http://www.resmigazete.gov.tr/ilanlar/eskiilanlar/2023/09/20230901.htm&main=http://www.resmigazete.gov.tr/ilanlar/eskiilanlar/2023/09/20230901-4.htm
2023-09-01,– T.C. Merkez Bankasınca Belirlenen Döviz Kurları ve Devlet İç Borçlanma Senetlerinin Günlük Değerleri,http://www.resmigazete.gov.tr/main.aspx?home=http://www.resmigazete.gov.tr/ilanlar/eskiilanlar/2023/09/20230901.htm&main=http://www.resmigazete.gov.tr/ilanlar/eskiilanlar/2023/09/20230901-5.htm
2023-09-01,"1/9/2023 tarihli ve 32296 mükerrer sayılı Resmî Gazete’de, Milletlerarası Andlaşmalar yayımlanmıştır.",http://www.resmigazete.gov.tr/eskiler/2023/09/20230901M1.htm
2023-09-02,"–– Bayburt İli, Demirözü İlçesinde Bulunan ve Listede İsmi Belirtilen Yerde Arazi Toplulaştırması ve Tarla İçi Geliştirme Hizmetleri Yapılması Hakkında Karar (Karar Sayısı: 7547)",https://www.resmigazete.gov.tr/eskiler/2023/09/20230902-1.pdf
2023-09-02,"–– Eskişehir, Kütahya, Bilecik ve Muş İllerinde Bulunan ve Listede İsimleri Belirtilen Yerlerde Arazi Toplulaştırması ve Tarla İçi Geliştirme Hizmetleri Yapılması Hakkında Karar (Karar Sayısı: 7548)",https://www.resmigazete.gov.tr/eskiler/2023/09/20230902-2.pdf
2023-09-02,"–– Kastamonu İli, Tosya İlçesinde Bulunan ve Listede İsimleri Belirtilen Yerlerde Arazi Toplulaştırması ve Tarla İçi Geliştirme Hizmetleri Yapılması Hakkında Karar (Karar Sayısı: 7549)",https://www.resmigazete.gov.tr/eskiler/2023/09/20230902-3.pdf
2023-09-02,"–– 6831 Sayılı Orman Kanununun 31, 32 ve 33’ncü Maddelerinin Uygulanmasına Dair Yönetmelikte Değişiklik Yapılmasına Dair Yönetmelik",https://www.resmigazete.gov.tr/eskiler/2023/09/20230902-4.htm
2023-09-02,–– Kapadokya Üniversitesi Akıllı Malzemeler Uygulama ve Araştırma Merkezi Yönetmeliğinin Yürürlükten Kaldırılmasına Dair Yönetmelik,https://www.resmigazete.gov.tr/eskiler/2023/09/20230902-5.htm
2023-09-02,–– 2023-2024 Eğitim Öğretim Yılında Organize Sanayi Bölgeleri İçinde ve Organize Sanayi Bölgeleri Dışında Açılan Özel Meslekî ve Teknik Anadolu Liselerinde Öğrenim Gören/Görecek Öğrenciler İçin Eğitim ve Öğretim Desteği Verilmesine İlişkin Tebliğ,https://www.resmigazete.gov.tr/eskiler/2023/09/20230902-6.htm
2023-09-02,–– İthalatta Haksız Rekabetin Önlenmesine İlişkin Tebliğ (No: 2023/24),https://www.resmigazete.gov.tr/eskiler/2023/09/20230902-7.htm
2023-09-02,–– Yargıtay 9. Hukuk Dairesine Ait Kararlar,https://www.resmigazete.gov.tr/eskiler/2023/09/20230902-8.pdf
2023-09-02,a - Yargı İlânları,http://www.resmigazete.gov.tr/main.aspx?home=http://www.resmigazete.gov.tr/ilanlar/eskiilanlar/2023/09/20230902.htm&main=http://www.resmigazete.gov.tr/ilanlar/eskiilanlar/2023/09/20230902-2.htm
2023-09-02,"b - Artırma, Eksiltme ve İhale İlânları",http://www.resmigazete.gov.tr/main.aspx?home=http://www.resmigazete.gov.tr/ilanlar/eskiilanlar/2023/09/20230902.htm&main=http://www.resmigazete.gov.tr/ilanlar/eskiilanlar/2023/09/20230902-3.htm
2023-09-02,c - Çeşitli İlânlar,http://www.resmigazete.gov.tr/main.aspx?home=http://www.resmigazete.gov.tr/ilanlar/eskiilanlar/2023/09/20230902.htm&main=http://www.resmigazete.gov.tr/ilanlar/eskiilanlar/2023/09/20230902-4.htm
2023-09-02,– T.C. Merkez Bankasınca Belirlenen Döviz Kurları ve Devlet İç Borçlanma Senetlerinin Günlük Değerleri,http://www.resmigazete.gov.tr/main.aspx?home=http://www.resmigazete.gov.tr/ilanlar/eskiilanlar/2023/09/20230902.htm&main=http://www.resmigazete.gov.tr/ilanlar/eskiilanlar/2023/09/20230902-5.htm
2023-09-03,–– Kredi Garanti Kurumlarına Sağlanan Hazine Desteğine İlişkin Kararda Değişiklik Yapılmasına Dair Karar (Karar Sayısı: 7550),https://www.resmigazete.gov.tr/eskiler/2023/09/20230903-1.pdf
2023-09-03,"–– Bazı Kamu Kurum ve Kuruluşlarında Görevli Yönetim, Denetim ve Tasfiye Kurulu Üyelerinin Ücretleri ile Sözleşmeli ve Kapsam Dışı Personele Uygulanacak Taban ve Tavan Ücretlerin Tespitine İlişkin Karar (Karar Sayısı: 7551)",https://www.resmigazete.gov.tr/eskiler/2023/09/20230903-2.pdf
2023-09-03,"–– Ankara, İzmir ve Zonguldak İllerinde Bulunan Bazı Alanların Orman Sınırları Dışına Çıkartılması Hakkında Karar (Karar Sayısı: 7552)",https://www.resmigazete.gov.tr/eskiler/2023/09/20230903-3.pdf
2023-09-03,–– Yatağan 2. Merhale (Girme Barajı ve Sulaması) Projesi Kapsamında Belirtilen Taşınmazların Devlet Su İşleri Genel Müdürlüğü Tarafından Acele Kamulaştırılması Hakkında Karar (Karar Sayısı: 7553),https://www.resmigazete.gov.tr/eskiler/2023/09/20230903-4.pdf
2023-09-03,–– Çine Projesi Bünyesindeki Koçarlı Bağarası Sulaması 2. Kısım İnşaatı İşinin Gerçekleştirilmesi Amacıyla Bazı Taşınmazların Devlet Su İşleri Genel Müdürlüğü Tarafından Acele Kamulaştırılması Hakkında Karar (Karar Sayısı: 7554),https://www.resmigazete.gov.tr/eskiler/2023/09/20230903-5.pdf
2023-09-03,–– 154 kV Yeni Almus TM İrtibatları Enerji İletim Hattı Projesi Kapsamında Bazı Taşınmazların Türkiye Elektrik İletim Anonim Şirketi Genel Müdürlüğü Tarafından Acele Kamulaştırılması Hakkında Karar (Karar Sayısı: 7555),https://www.resmigazete.gov.tr/eskiler/2023/09/20230903-6.pdf
2023-09-03,–– İstanbul İlinde Kurulacak Gelgit RES Üretim Tesisi İçin Gerekli Olan ve Belirtilen Taşınmazların Enerji Piyasası Düzenleme Kurumu Tarafından Acele Kamulaştırılması Hakkında Karar (Karar Sayısı: 7556),https://www.resmigazete.gov.tr/eskiler/2023/09/20230903-7.pdf
2023-09-03,–– Çamur Barajı ve Sulaması Projesi (DOKAP) Kapsamında Belirtilen Taşınmazların Devlet Su İşleri Genel Müdürlüğü Tarafından Acele Kamulaştırılması Hakkında Karar (Karar Sayısı: 7557),https://www.resmigazete.gov.tr/eskiler/2023/09/20230903-8.pdf
2023-09-03,"–– Bazı Taşınmazların Gaziantep Organize Sanayi Bölgesinin İçme Suyu İhtiyacının Karşılanması İçin Projelendirilen Su Terfi/İsale Hattı, Enerji Nakil ve Üretim Hattı ve Yapıları ile Su Yapılarının İnşa Edilmesi Amacıyla Gaziantep Yatırım İzleme ve Koordinasyon Başkanlığı Tarafından Acele Kamulaştırılması Hakkında Karar (Karar Sayısı: 7558)",https://www.resmigazete.gov.tr/eskiler/2023/09/20230903-9.pdf
2023-09-03,"–– Millî Eğitim Bakanlığına Bağlı Resmî Okullarda Yatılılık, Bursluluk, Sosyal Yardımlar ve Okul Pansiyonları Yönetmeliğinde Değişiklik Yapılmasına Dair Yönetmelik (Karar Sayısı: 7559)",https://www.resmigazete.gov.tr/eskiler/2023/09/20230903-10.pdf
2023-09-03,–– İstanbul Gelişim Üniversitesi Önlisans ve Lisans Eğitim-Öğretim ve Sınav Yönetmeliğinde Değişiklik Yapılmasına Dair Yönetmelik,https://www.resmigazete.gov.tr/eskiler/2023/09/20230903-11.htm
2023-09-03,–– Hizmet Kollarına Yönelik Mali ve Sosyal Haklara İlişkin 2024 ve 2025 Yıllarını Kapsayan 7. Dönem Toplu Sözleşme,https://www.resmigazete.gov.tr/eskiler/2023/09/20230903-17.pdf
2023-09-03,–– 2023 Yılı Temmuz Ayına Ait Dahilde İşleme İzin Belgelerinin (D1) Listesi,https://www.resmigazete.gov.tr/eskiler/2023/09/20230903-12.pdf
2023-09-03,–– 2023 Yılı Temmuz Ayına Ait Yurt İçi Satış ve Teslim Belgelerinin (D3) Listesi,https://www.resmigazete.gov.tr/eskiler/2023/09/20230903-13.pdf
2023-09-03,–– 2023 Yılı Temmuz Ayına Ait Hariçte İşleme İzin Belgelerinin (H1) Listesi,https://www.resmigazete.gov.tr/eskiler/2023/09/20230903-14.pdf
2023-09-03,–– 2023 Yılı Temmuz Ayına Ait Firma Talebine İstinaden İptal Edilen Dahilde İşleme İzin Belgeleri Listesi,https://www.resmigazete.gov.tr/eskiler/2023/09/20230903-15.pdf
2023-09-03,–– 2023 Yılı Temmuz Ayına Ait Resen İptal Edilen Dahilde İşleme İzin Belgeleri Listesi,https://www.resmigazete.gov.tr/eskiler/2023/09/20230903-16.pdf
2023-09-03,— Kamu Görevlileri Hakem Kurulunun 31/8/2023 Tarihli ve 2023/1 Sayılı Kararı,https://www.resmigazete.gov.tr/eskiler/2023/09/20230903-18.pdf
2023-09-03,a - Yargı İlânları,http://www.resmigazete.gov.tr/main.aspx?home=http://www.resmigazete.gov.tr/ilanlar/eskiilanlar/2023/09/20230903.htm&main=http://www.resmigazete.gov.tr/ilanlar/eskiilanlar/2023/09/20230903-2.htm
2023-09-03,"b - Artırma, Eksiltme ve İhale İlânları",http://www.resmigazete.gov.tr/main.aspx?home=http://www.resmigazete.gov.tr/ilanlar/eskiilanlar/2023/09/20230903.htm&main=http://www.resmigazete.gov.tr/ilanlar/eskiilanlar/2023/09/20230903-3.htm
2023-09-03,c - Çeşitli İlânlar,http://www.resmigazete.gov.tr/main.aspx?home=http://www.resmigazete.gov.tr/ilanlar/eskiilanlar/2023/09/20230903.htm&main=http://www.resmigazete.gov.tr/ilanlar/eskiilanlar/2023/09/20230903-4.htm
2023-09-03,– T.C. Merkez Bankasınca Belirlenen Devlet İç Borçlanma Senetlerinin Günlük Değerleri,http://www.resmigazete.gov.tr/main.aspx?home=http://www.resmigazete.gov.tr/ilanlar/eskiilanlar/2023/09/20230903.htm&main=http://www.resmigazete.gov.tr/ilanlar/eskiilanlar/2023/09/20230903-5.htm
2023-09-04,"–– Cumhurbaşkanlığına, Cumhurbaşkanı Yardımcısı Cevdet YILMAZ’ın Vekâlet Etmesine Dair Tezkere",https://www.resmigazete.gov.tr/eskiler/2023/09/20230904-1.pdf
2023-09-04,–– İstanbul Atlas Üniversitesi Lisansüstü Eğitim-Öğretim ve Sınav Yönetmeliği,https://www.resmigazete.gov.tr/eskiler/2023/09/20230904-2.htm
2023-09-04,–– Kayseri Üniversitesi Kariyer Planlama Uygulama ve Araştırma Merkezi Yönetmeliğinde Değişiklik Yapılmasına Dair Yönetmelik,https://www.resmigazete.gov.tr/eskiler/2023/09/20230904-3.htm
2023-09-04,a - Yargı İlânları,http://www.resmigazete.gov.tr/main.aspx?home=http://www.resmigazete.gov.tr/ilanlar/eskiilanlar/2023/09/20230904.htm&main=http://www.resmigazete.gov.tr/ilanlar/eskiilanlar/2023/09/20230904-2.htm
2023-09-04,"b - Artırma, Eksiltme ve İhale İlânları",http://www.resmigazete.gov.tr/main.aspx?home=http://www.resmigazete.gov.tr/ilanlar/eskiilanlar/2023/09/20230904.htm&main=http://www.resmigazete.gov.tr/ilanlar/eskiilanlar/2023/09/20230904-3.htm
2023-09-04,c - Çeşitli İlânlar,http://www.resmigazete.gov.tr/main.aspx?home=http://www.resmigazete.gov.tr/ilanlar/eskiilanlar/2023/09/20230904.htm&main=http://www.resmigazete.gov.tr/ilanlar/eskiilanlar/2023/09/20230904-4.htm
2023-09-04,– T.C. Merkez Bankasınca Belirlenen Devlet İç Borçlanma Senetlerinin Günlük Değerleri,http://www.resmigazete.gov.tr/main.aspx?home=http://www.resmigazete.gov.tr/ilanlar/eskiilanlar/2023/09/20230904.htm&main=http://www.resmigazete.gov.tr/ilanlar/eskiilanlar/2023/09/20230904-5.htm
2023-09-05,–– Necmettin Erbakan Üniversitesi Diş Hekimliği Fakültesi Eğitim-Öğretim ve Sınav Yönetmeliği,https://www.resmigazete.gov.tr/eskiler/2023/09/20230905-1.htm
2023-09-05,–– İthalatta Haksız Rekabetin Önlenmesine İlişkin Tebliğ (No: 2023/23),https://www.resmigazete.gov.tr/eskiler/2023/09/20230905-2.htm
2023-09-05,–– İthalatta Haksız Rekabetin Önlenmesine İlişkin Tebliğ (No: 2023/25),https://www.resmigazete.gov.tr/eskiler/2023/09/20230905-3.htm
2023-09-05,"- Artırma, Eksiltme ve İhale İlânları",http://www.resmigazete.gov.tr/main.aspx?home=http://www.resmigazete.gov.tr/ilanlar/eskiilanlar/2023/09/20230905.htm&main=http://www.resmigazete.gov.tr/ilanlar/eskiilanlar/2023/09/20230905-3.htm
2023-09-05,b - Çeşitli İlânlar,http://www.resmigazete.gov.tr/main.aspx?home=http://www.resmigazete.gov.tr/ilanlar/eskiilanlar/2023/09/20230905.htm&main=http://www.resmigazete.gov.tr/ilanlar/eskiilanlar/2023/09/20230905-4.htm
2023-09-05,– T.C. Merkez Bankasınca Belirlenen Döviz Kurları ve Devlet İç Borçlanma Senetlerinin Günlük Değerleri,http://www.resmigazete.gov.tr/main.aspx?home=http://www.resmigazete.gov.tr/ilanlar/eskiilanlar/2023/09/20230905.htm&main=http://www.resmigazete.gov.tr/ilanlar/eskiilanlar/2023/09/20230905-5.htm
2023-09-06,–– Cezanın Kaldırılması ile İlgili Karar (Karar Sayısı: 7567),https://www.resmigazete.gov.tr/eskiler/2023/09/20230906-2.pdf
2023-09-06,–– Altınbaş Üniversitesi Ön Lisans ve Lisans Eğitim-Öğretim ve Sınav Yönetmeliği,https://www.resmigazete.gov.tr/eskiler/2023/09/20230906-1.htm
2023-09-06,a - Yargı İlânları,http://www.resmigazete.gov.tr/main.aspx?home=http://www.resmigazete.gov.tr/ilanlar/eskiilanlar/2023/09/20230906.htm&main=http://www.resmigazete.gov.tr/ilanlar/eskiilanlar/2023/09/20230906-2.htm
2023-09-06,"b - Artırma, Eksiltme ve İhale İlânları",http://www.resmigazete.gov.tr/main.aspx?home=http://www.resmigazete.gov.tr/ilanlar/eskiilanlar/2023/09/20230906.htm&main=http://www.resmigazete.gov.tr/ilanlar/eskiilanlar/2023/09/20230906-3.htm
2023-09-06,c - Çeşitli İlânlar,http://www.resmigazete.gov.tr/main.aspx?home=http://www.resmigazete.gov.tr/ilanlar/eskiilanlar/2023/09/20230906.htm&main=http://www.resmigazete.gov.tr/ilanlar/eskiilanlar/2023/09/20230906-4.htm
2023-09-06,– T.C. Merkez Bankasınca Belirlenen Döviz Kurları ve Devlet İç Borçlanma Senetlerinin Günlük Değerleri,http://www.resmigazete.gov.tr/main.aspx?home=http://www.resmigazete.gov.tr/ilanlar/eskiilanlar/2023/09/20230906.htm&main=http://www.resmigazete.gov.tr/ilanlar/eskiilanlar/2023/09/20230906-5.htm
2023-09-06,"6/9/2023 tarihli ve 32301 mükerrer sayılı Resmî Gazete’de, Orta Vadeli Program (2024-2026)’ın Onaylanması Hakkında Karar yayımlanmıştır.",http://www.resmigazete.gov.tr/eskiler/2023/09/20230906M1.htm
2023-09-07,–– Yapı Denetimi Uygulama Yönetmeliğinde Değişiklik Yapılmasına Dair Yönetmelik,https://www.resmigazete.gov.tr/eskiler/2023/09/20230907-1.htm
2023-09-07,–– Ankara Üniversitesi Ankara Keçisi ve Tiftik Uygulama ve Araştırma Merkezi Yönetmeliği,https://www.resmigazete.gov.tr/eskiler/2023/09/20230907-3.htm
2023-09-07,–– Katma Değer Vergisi Genel Uygulama Tebliğinde Değişiklik Yapılmasına Dair Tebliğ (Seri No: 47),https://www.resmigazete.gov.tr/eskiler/2023/09/20230907-2.htm
2023-09-07,a - Yargı İlânları,http://www.resmigazete.gov.tr/main.aspx?home=http://www.resmigazete.gov.tr/ilanlar/eskiilanlar/2023/09/20230907.htm&main=http://www.resmigazete.gov.tr/ilanlar/eskiilanlar/2023/09/20230907-2.htm
2023-09-07,"b - Artırma, Eksiltme ve İhale İlânları",http://www.resmigazete.gov.tr/main.aspx?home=http://www.resmigazete.gov.tr/ilanlar/eskiilanlar/2023/09/20230907.htm&main=http://www.resmigazete.gov.tr/ilanlar/eskiilanlar/2023/09/20230907-3.htm
2023-09-07,c - Çeşitli İlânlar,http://www.resmigazete.gov.tr/main.aspx?home=http://www.resmigazete.gov.tr/ilanlar/eskiilanlar/2023/09/20230907.htm&main=http://www.resmigazete.gov.tr/ilanlar/eskiilanlar/2023/09/20230907-4.htm
2023-09-07,– T.C. Merkez Bankasınca Belirlenen Döviz Kurları ve Devlet İç Borçlanma Senetlerinin Günlük Değerleri,http://www.resmigazete.gov.tr/main.aspx?home=http://www.resmigazete.gov.tr/ilanlar/eskiilanlar/2023/09/20230907.htm&main=http://www.resmigazete.gov.tr/ilanlar/eskiilanlar/2023/09/20230907-5.htm
2023-09-08,"–– Cumhurbaşkanlığına, Cumhurbaşkanı Yardımcısı Cevdet YILMAZ’ın Vekâlet Etmesine Dair Tezkere",https://www.resmigazete.gov.tr/eskiler/2023/09/20230908-1.pdf
2023-09-08,–– Millî Eğitim Bakanlığı Ortaöğretim Kurumları Yönetmeliğinde Değişiklik Yapılmasına Dair Yönetmelik,https://www.resmigazete.gov.tr/eskiler/2023/09/20230908-2.htm
2023-09-08,"–– Türkiye Cumhuriyeti Devlet Demiryolları İşletmesi Genel Müdürlüğünde İstihdam Edilecek Sözleşmeli Trafik Kontrolörü, Mühendis, Mimar, Tekniker, Sürveyan, Hareket Memurları Hakkında Sınav ve Atama Yönetmeliğinde Değişiklik Yapılmasına Dair Yönetmelik",https://www.resmigazete.gov.tr/eskiler/2023/09/20230908-3.htm
2023-09-08,–– Yapı Sahipleri ile Yapı Denetimi Hizmet Sözleşmesi İmzalayacak Yapı Denetim Kuruluşlarının Elektronik Ortamda Belirlenmesine İlişkin Usul ve Esaslara Dair Tebliğde Değişiklik Yapılmasına Dair Tebliğ,https://www.resmigazete.gov.tr/eskiler/2023/09/20230908-4.htm
2023-09-08,a - Yargı İlânları,http://www.resmigazete.gov.tr/main.aspx?home=http://www.resmigazete.gov.tr/ilanlar/eskiilanlar/2023/09/20230908.htm&main=http://www.resmigazete.gov.tr/ilanlar/eskiilanlar/2023/09/20230908-2.htm
2023-09-08,"b - Artırma, Eksiltme ve İhale İlânları",http://www.resmigazete.gov.tr/main.aspx?home=http://www.resmigazete.gov.tr/ilanlar/eskiilanlar/2023/09/20230908.htm&main=http://www.resmigazete.gov.tr/ilanlar/eskiilanlar/2023/09/20230908-3.htm
2023-09-08,c - Çeşitli İlânlar,http://www.resmigazete.gov.tr/main.aspx?home=http://www.resmigazete.gov.tr/ilanlar/eskiilanlar/2023/09/20230908.htm&main=http://www.resmigazete.gov.tr/ilanlar/eskiilanlar/2023/09/20230908-4.htm
2023-09-08,– T.C. Merkez Bankasınca Belirlenen Döviz Kurları ve Devlet İç Borçlanma Senetlerinin Günlük Değerleri,http://www.resmigazete.gov.tr/main.aspx?home=http://www.resmigazete.gov.tr/ilanlar/eskiilanlar/2023/09/20230908.htm&main=http://www.resmigazete.gov.tr/ilanlar/eskiilanlar/2023/09/20230908-5.htm
2023-09-09,–– Yapı Malzemeleri ve Zemin Laboratuvarları Uygulama Yönetmeliğinde Değişiklik Yapılmasına Dair Yönetmelik,https://www.resmigazete.gov.tr/eskiler/2023/09/20230909-1.htm
2023-09-09,–– Millî Eğitim Bakanlığı Ölçme ve Değerlendirme Yönetmeliği,https://www.resmigazete.gov.tr/eskiler/2023/09/20230909-2.htm
2023-09-09,–– Ambulanslar ve Acil Sağlık Araçları ile Ambulans Hizmetleri Yönetmeliğinde Değişiklik Yapılmasına Dair Yönetmelik,https://www.resmigazete.gov.tr/eskiler/2023/09/20230909-3.htm
2023-09-09,–– Bankalar ve Konsolide Denetime Tabi Kuruluşlarca Yapılabilecek Bağış ve Yardımlara İlişkin Yönetmelikte Değişiklik Yapılmasına Dair Yönetmelik,https://www.resmigazete.gov.tr/eskiler/2023/09/20230909-4.htm
2023-09-09,–– Teknik Öğretmenler İçin Düzenlenecek Mühendislik Programlarının Uygulama Esas ve Usulleri Yönetmeliğinde Değişiklik Yapılmasına Dair Yönetmelik,https://www.resmigazete.gov.tr/eskiler/2023/09/20230909-5.htm
2023-09-09,–– Ankara Hacı Bayram Veli Üniversitesi Lisansüstü Eğitim ve Öğretim Yönetmeliğinde Değişiklik Yapılmasına Dair Yönetmelik,https://www.resmigazete.gov.tr/eskiler/2023/09/20230909-6.htm
2023-09-09,–– Necmettin Erbakan Üniversitesi Yabancı Diller Yüksekokulu Yabancı Dil Öğretimi ve Yabancı Dil ile Öğretim Yönetmeliği,https://www.resmigazete.gov.tr/eskiler/2023/09/20230909-7.htm
2023-09-09,–– Türk Akreditasyon Kurumunca Uygulanacak Akreditasyon Kullanım Ücreti/Payına Dair Tebliğ (TÜRKAK: 2023/1),https://www.resmigazete.gov.tr/eskiler/2023/09/20230909-8.htm
2023-09-09,a - Yargı İlânları,http://www.resmigazete.gov.tr/main.aspx?home=http://www.resmigazete.gov.tr/ilanlar/eskiilanlar/2023/09/20230909.htm&main=http://www.resmigazete.gov.tr/ilanlar/eskiilanlar/2023/09/20230909-2.htm
2023-09-09,"b - Artırma, Eksiltme ve İhale İlânları",http://www.resmigazete.gov.tr/main.aspx?home=http://www.resmigazete.gov.tr/ilanlar/eskiilanlar/2023/09/20230909.htm&main=http://www.resmigazete.gov.tr/ilanlar/eskiilanlar/2023/09/20230909-3.htm
2023-09-09,c - Çeşitli İlânlar,http://www.resmigazete.gov.tr/main.aspx?home=http://www.resmigazete.gov.tr/ilanlar/eskiilanlar/2023/09/20230909.htm&main=http://www.resmigazete.gov.tr/ilanlar/eskiilanlar/2023/09/20230909-4.htm
2023-09-09,– T.C. Merkez Bankasınca Belirlenen Döviz Kurları ve Devlet İç Borçlanma Senetlerinin Günlük Değerleri,http://www.resmigazete.gov.tr/main.aspx?home=http://www.resmigazete.gov.tr/ilanlar/eskiilanlar/2023/09/20230909.htm&main=http://www.resmigazete.gov.tr/ilanlar/eskiilanlar/2023/09/20230909-5.htm
2023-09-10,–– Bilecik Şeyh Edebali Üniversitesi Ön Lisans ve Lisans Eğitim-Öğretim Yönetmeliğinde Değişiklik Yapılmasına Dair Yönetmelik,https://www.resmigazete.gov.tr/eskiler/2023/09/20230910-1.htm
2023-09-10,–– Burdur Mehmet Akif Ersoy Üniversitesi Ön Lisans ve Lisans Eğitim-Öğretim ve Sınav Yönetmeliğinde Değişiklik Yapılmasına Dair Yönetmelik,https://www.resmigazete.gov.tr/eskiler/2023/09/20230910-2.htm
2023-09-10,–– Dokuz Eylül Üniversitesi Akademik ve Kişisel Gelişimi Destekleme Uygulama ve Araştırma Merkezi Yönetmeliğinde Değişiklik Yapılmasına Dair Yönetmelik,https://www.resmigazete.gov.tr/eskiler/2023/09/20230910-3.htm
2023-09-10,–– Dumlupınar Üniversitesi Fotonik Teknolojiler Uygulama ve Araştırma Merkezi Yönetmeliğinde Değişiklik Yapılmasına Dair Yönetmelik,https://www.resmigazete.gov.tr/eskiler/2023/09/20230910-4.htm
2023-09-10,a - Yargı İlânları,http://www.resmigazete.gov.tr/main.aspx?home=http://www.resmigazete.gov.tr/ilanlar/eskiilanlar/2023/09/20230910.htm&main=http://www.resmigazete.gov.tr/ilanlar/eskiilanlar/2023/09/20230910-2.htm
2023-09-10,"b - Artırma, Eksiltme ve İhale İlânları",http://www.resmigazete.gov.tr/main.aspx?home=http://www.resmigazete.gov.tr/ilanlar/eskiilanlar/2023/09/20230910.htm&main=http://www.resmigazete.gov.tr/ilanlar/eskiilanlar/2023/09/20230910-3.htm
2023-09-10,c - Çeşitli İlânlar,http://www.resmigazete.gov.tr/main.aspx?home=http://www.resmigazete.gov.tr/ilanlar/eskiilanlar/2023/09/20230910.htm&main=http://www.resmigazete.gov.tr/ilanlar/eskiilanlar/2023/09/20230910-4.htm
2023-09-10,– T.C. Merkez Bankasınca Belirlenen Devlet İç Borçlanma Senetlerinin Günlük Değerleri,http://www.resmigazete.gov.tr/main.aspx?home=http://www.resmigazete.gov.tr/ilanlar/eskiilanlar/2023/09/20230910.htm&main=http://www.resmigazete.gov.tr/ilanlar/eskiilanlar/2023/09/20230910-5.htm
2023-09-11,–– Gazi Üniversitesi Öğrenme Gelişim Eğitim Uygulama ve Araştırma Merkezi Yönetmeliği,https://www.resmigazete.gov.tr/eskiler/2023/09/20230911-1.htm
2023-09-11,–– İstanbul Yeni Yüzyıl Üniversitesi Dil Okulu Eğitim-Öğretim ve Sınav Yönetmeliğinde Değişiklik Yapılmasına Dair Yönetmelik,https://www.resmigazete.gov.tr/eskiler/2023/09/20230911-2.htm
2023-09-11,–– Kafkas Üniversitesi Lisansüstü Eğitim-Öğretim ve Sınav Yönetmeliğinde Değişiklik Yapılmasına Dair Yönetmelik,https://www.resmigazete.gov.tr/eskiler/2023/09/20230911-3.htm
2023-09-11,–– Ondokuz Mayıs Üniversitesi Kadın ve Toplum Uygulama ve Araştırma Merkezi Yönetmeliğinde Değişiklik Yapılmasına Dair Yönetmelik,https://www.resmigazete.gov.tr/eskiler/2023/09/20230911-4.htm
2023-09-11,"a - Artırma, Eksiltme ve İhale İlânları",http://www.resmigazete.gov.tr/main.aspx?home=http://www.resmigazete.gov.tr/ilanlar/eskiilanlar/2023/09/20230911.htm&main=http://www.resmigazete.gov.tr/ilanlar/eskiilanlar/2023/09/20230911-3.htm
2023-09-11,- Çeşitli İlânlar,http://www.resmigazete.gov.tr/main.aspx?home=http://www.resmigazete.gov.tr/ilanlar/eskiilanlar/2023/09/20230911.htm&main=http://www.resmigazete.gov.tr/ilanlar/eskiilanlar/2023/09/20230911-4.htm
2023-09-11,– T.C. Merkez Bankasınca Belirlenen Devlet İç Borçlanma Senetlerinin Günlük Değerleri,http://www.resmigazete.gov.tr/main.aspx?home=http://www.resmigazete.gov.tr/ilanlar/eskiilanlar/2023/09/20230911.htm&main=http://www.resmigazete.gov.tr/ilanlar/eskiilanlar/2023/09/20230911-5.htm
2023-09-12,–– Elektrik Piyasasında Lisanssız Elektrik Üretim Yönetmeliğinde Değişiklik Yapılmasına Dair Yönetmelik,https://www.resmigazete.gov.tr/eskiler/2023/09/20230912-1.htm
2023-09-12,–– Mersin Üniversitesi Diş Hekimliği Fakültesi Eğitim-Öğretim ve Sınav Yönetmeliği,https://www.resmigazete.gov.tr/eskiler/2023/09/20230912-2.htm
2023-09-12,"–– Anayasa Mahkemesinin 18/5/2023 Tarihli ve E: 2020/11, K: 2023/98 Sayılı Kararı",https://www.resmigazete.gov.tr/eskiler/2023/09/20230912-3.pdf
2023-09-12,"–– Anayasa Mahkemesinin 22/6/2023 Tarihli ve E: 2023/5 (Değişik İşler), K: 2023/3 Sayılı Kararı",https://www.resmigazete.gov.tr/eskiler/2023/09/20230912-4.pdf
2023-09-12,"a - Artırma, Eksiltme ve İhale İlânları",http://www.resmigazete.gov.tr/main.aspx?home=http://www.resmigazete.gov.tr/ilanlar/eskiilanlar/2023/09/20230912.htm&main=http://www.resmigazete.gov.tr/ilanlar/eskiilanlar/2023/09/20230912-3.htm
2023-09-12,b - Çeşitli İlânlar,http://www.resmigazete.gov.tr/main.aspx?home=http://www.resmigazete.gov.tr/ilanlar/eskiilanlar/2023/09/20230912.htm&main=http://www.resmigazete.gov.tr/ilanlar/eskiilanlar/2023/09/20230912-4.htm
2023-09-12,– T.C. Merkez Bankasınca Belirlenen Döviz Kurları ve Devlet İç Borçlanma Senetlerinin Günlük Değerleri,http://www.resmigazete.gov.tr/main.aspx?home=http://www.resmigazete.gov.tr/ilanlar/eskiilanlar/2023/09/20230912.htm&main=http://www.resmigazete.gov.tr/ilanlar/eskiilanlar/2023/09/20230912-5.htm
2023-09-13,–– Diyanet İşleri Başkanlığı Atama ve Yer Değiştirme Yönetmeliğinde Değişiklik Yapılmasına Dair Yönetmelik,https://www.resmigazete.gov.tr/eskiler/2023/09/20230913-1.pdf
2023-09-13,"–– Av ve Yaban Hayvanlarının ve Yaşam Alanlarının Korunması, Zararlılarıyla Mücadele Usul ve Esasları Hakkında Yönetmelikte Değişiklik Yapılmasına Dair Yönetmelik",https://www.resmigazete.gov.tr/eskiler/2023/09/20230913-2.htm
2023-09-13,–– İthalatta Haksız Rekabetin Önlenmesine İlişkin Tebliğ (No: 2023/22),https://www.resmigazete.gov.tr/eskiler/2023/09/20230913-3.htm
2023-09-13,–– Kullanılmış veya Yenileştirilmiş Eşya İthalatına İlişkin Tebliğ (İthalat: 2023/9)'de Değişiklik Yapılmasına Dair Tebliğ,https://www.resmigazete.gov.tr/eskiler/2023/09/20230913-4.htm
2023-09-13,–– Anayasa Mahkemesinin 27/4/2023 Tarihli ve 2020/1554 Başvuru Numaralı Kararı,https://www.resmigazete.gov.tr/eskiler/2023/09/20230913-5.pdf
2023-09-13,–– Anayasa Mahkemesinin 2/5/2023 Tarihli ve 2019/24388 Başvuru Numaralı Kararı,https://www.resmigazete.gov.tr/eskiler/2023/09/20230913-6.pdf
2023-09-13,–– Sayıştay Genel Kurulunun 04/09/2023 Tarihli ve 5457/2 Sayılı Kararı,https://www.resmigazete.gov.tr/eskiler/2023/09/20230913-7.pdf
2023-09-13,a - Yargı İlânları,http://www.resmigazete.gov.tr/main.aspx?home=http://www.resmigazete.gov.tr/ilanlar/eskiilanlar/2023/09/20230913.htm&main=http://www.resmigazete.gov.tr/ilanlar/eskiilanlar/2023/09/20230913-2.htm
2023-09-13,"b - Artırma, Eksiltme ve İhale İlânları",http://www.resmigazete.gov.tr/main.aspx?home=http://www.resmigazete.gov.tr/ilanlar/eskiilanlar/2023/09/20230913.htm&main=http://www.resmigazete.gov.tr/ilanlar/eskiilanlar/2023/09/20230913-3.htm
2023-09-13,c - Çeşitli İlânlar,http://www.resmigazete.gov.tr/main.aspx?home=http://www.resmigazete.gov.tr/ilanlar/eskiilanlar/2023/09/20230913.htm&main=http://www.resmigazete.gov.tr/ilanlar/eskiilanlar/2023/09/20230913-4.htm
2023-09-13,– T.C. Merkez Bankasınca Belirlenen Döviz Kurları ve Devlet İç Borçlanma Senetlerinin Günlük Değerleri,http://www.resmigazete.gov.tr/main.aspx?home=http://www.resmigazete.gov.tr/ilanlar/eskiilanlar/2023/09/20230913.htm&main=http://www.resmigazete.gov.tr/ilanlar/eskiilanlar/2023/09/20230913-5.htm
2023-09-14,–– Cumhurbaşkanlığı Tarafından Yapılan Atama Hakkında Karar (Karar: 2023/395),https://www.resmigazete.gov.tr/eskiler/2023/09/20230914-5.pdf
2023-09-14,–– Diyanet İşleri Başkanlığı Görev ve Çalışma Yönetmeliğinde Değişiklik Yapılmasına Dair Yönetmelik,https://www.resmigazete.gov.tr/eskiler/2023/09/20230914-1.pdf
2023-09-14,–– Tarımsal Üretimin Planlanması Hakkında Yönetmelik,https://www.resmigazete.gov.tr/eskiler/2023/09/20230914-2.htm
2023-09-14,–– Harran Üniversitesi Sürekli Eğitim Uygulama ve Araştırma Merkezi Yönetmeliğinin Yürürlükten Kaldırılmasına Dair Yönetmelik,https://www.resmigazete.gov.tr/eskiler/2023/09/20230914-3.htm
2023-09-14,–– Zorunlu Karşılıklar Hakkında Tebliğ (Sayı: 2013/15)’de Değişiklik Yapılmasına Dair Tebliğ (Sayı: 2023/24),https://www.resmigazete.gov.tr/eskiler/2023/09/20230914-6.htm
2023-09-14,"–– Yargıtay İçtihatları Birleştirme Büyük Genel Kurulunun 28/04/2023 Tarihli ve E: 2021/5, K: 2023/2 Sayılı Kararı",https://www.resmigazete.gov.tr/eskiler/2023/09/20230914-4.pdf
2023-09-14,a - Yargı İlânları,http://www.resmigazete.gov.tr/main.aspx?home=http://www.resmigazete.gov.tr/ilanlar/eskiilanlar/2023/09/20230914.htm&main=http://www.resmigazete.gov.tr/ilanlar/eskiilanlar/2023/09/20230914-2.htm
2023-09-14,"b - Artırma, Eksiltme ve İhale İlânları",http://www.resmigazete.gov.tr/main.aspx?home=http://www.resmigazete.gov.tr/ilanlar/eskiilanlar/2023/09/20230914.htm&main=http://www.resmigazete.gov.tr/ilanlar/eskiilanlar/2023/09/20230914-3.htm
2023-09-14,c - Çeşitli İlânlar,http://www.resmigazete.gov.tr/main.aspx?home=http://www.resmigazete.gov.tr/ilanlar/eskiilanlar/2023/09/20230914.htm&main=http://www.resmigazete.gov.tr/ilanlar/eskiilanlar/2023/09/20230914-4.htm
2023-09-14,– T.C. Merkez Bankasınca Belirlenen Döviz Kurları ve Devlet İç Borçlanma Senetlerinin Günlük Değerleri,http://www.resmigazete.gov.tr/main.aspx?home=http://www.resmigazete.gov.tr/ilanlar/eskiilanlar/2023/09/20230914.htm&main=http://www.resmigazete.gov.tr/ilanlar/eskiilanlar/2023/09/20230914-5.htm
2023-09-15,–– Türkiye Cumhuriyeti Hükümeti ile Macaristan Hükümeti Arasında Spor Alanında İşbirliği Anlaşmasının Onaylanması Hakkında Karar (Karar Sayısı: 7611),https://www.resmigazete.gov.tr/eskiler/2023/09/20230915-1.pdf
2023-09-15,–– Türkiye Cumhuriyeti Hükûmeti ile Etiyopya Federal Demokratik Cumhuriyeti Hükûmeti Arasında Askerî Çerçeve Anlaşmasının Onaylanması Hakkında Karar (Karar Sayısı: 7612),https://www.resmigazete.gov.tr/eskiler/2023/09/20230915-2.pdf
2023-09-15,–– 2023 Yılında Yapılacak Tarımsal Desteklemeler ve 2024 Yılında Uygulanacak Sertifikalı Tohum Kullanım Desteğine İlişkin Karar (Karar Sayısı: 7613),https://www.resmigazete.gov.tr/eskiler/2023/09/20230915-3.pdf
2023-09-15,–– Sakarya İlinde Yapılacak Olan Savunma Sanayine Yönelik Muhtelif Sistemler ve Araçlar Üretim Tesisi Yatırımına Proje Bazlı Devlet Yardımı Verilmesine İlişkin 14/5/2018 Tarihli ve 2018/11814 Sayılı Bakanlar Kurulu Kararında Değişiklik Yapılmasına Dair Karar (Karar Sayısı: 7614),https://www.resmigazete.gov.tr/eskiler/2023/09/20230915-4.pdf
2023-09-15,–– İran Menşeli Polyester Elyaf İthalatında Korunma Önlemi Uygulanmasına İlişkin Karar (Karar Sayısı: 7615),https://www.resmigazete.gov.tr/eskiler/2023/09/20230915-5.pdf
2023-09-15,–– Türkiye Şeker Fabrikaları Anonim Şirketi Ana Statüsü Hakkında Karar (Karar Sayısı: 7616),https://www.resmigazete.gov.tr/eskiler/2023/09/20230915-6.pdf
2023-09-15,"–– Ağrı İli, Merkez İlçe, Aşağı Küpkıran, Murat ve Kurtuluş Mahalleleri Sınırları İçerisinde Bulunan Bazı Taşınmazların, Ağrı Murat Nehri Millet Bahçesi Projesi Kapsamında Toplu Konut İdaresi Başkanlığı Tarafından Acele Kamulaştırılması Hakkında Karar (Karar Sayısı: 7617)",https://www.resmigazete.gov.tr/eskiler/2023/09/20230915-7.pdf
2023-09-15,"–– Kayseri İli, İncesu İlçesi, Semerkent Mahallesi Sınırları İçerisinde Bulunan Bazı Taşınmazların, Kayseri İncesu Organize Sanayi Bölgesi İlave Alanında Yatırımcıların Acil Parsel Tahsisi Taleplerinin Karşılanması Amacıyla Kayseri Yatırım İzleme ve Koordinasyon Başkanlığı Tarafından Acele Kamulaştırılması Hakkında Karar (Karar Sayısı: 7618)",https://www.resmigazete.gov.tr/eskiler/2023/09/20230915-8.pdf
2023-09-15,–– Kamulaştırma Bilgileri ve Güzergâhları Gösterilen Enerji Nakil Hatlarının Yapımı Amacıyla Bazı Taşınmazların Türkiye Elektrik Dağıtım Anonim Şirketi Genel Müdürlüğü Tarafından Acele Kamulaştırılması Hakkında Karar (Karar Sayısı: 7619),https://www.resmigazete.gov.tr/eskiler/2023/09/20230915-9.pdf
2023-09-15,"–– Karaman-Ulukışla İstasyonları Arasının Çift Hatlı Hale Getirilmesi Projesi Kapsamında Karaman, Konya ve Niğde İlleri Sınırları İçerisinde Yer Alan Bazı Taşınmazlar ile Üzerlerindeki Muhdesatın Türkiye Cumhuriyeti Devlet Demiryolları İşletmesi Genel Müdürlüğü Tarafından Acele Kamulaştırılması Hakkında Karar (Karar Sayısı: 7620)",https://www.resmigazete.gov.tr/eskiler/2023/09/20230915-10.pdf
2023-09-15,–– Ekli Liste ve Haritalarda Bilgileri ile Sınırları Gösterilen Lojistik Merkezlerinin (Acil Durum Sahalarının) Yapımı Amacıyla Bazı Taşınmazların Boru Hatları ile Petrol Taşıma Anonim Şirketi Genel Müdürlüğü Tarafından Acele Kamulaştırılması Hakkında Karar (Karar Sayısı: 7621),https://www.resmigazete.gov.tr/eskiler/2023/09/20230915-11.pdf
2023-09-15,"–– Malatya İli, Hekimhan İlçesine Doğal Gaz Ulaştırılabilmesi İçin İhtiyaç Duyulan Doğal Gaz Dağıtım Tesisinin Yapımı Amacıyla, Bağyolu Mahallesi Sınırları İçerisindeki Bazı Taşınmazların Enerji Piyasası Düzenleme Kurumu Tarafından Acele Kamulaştırılması Hakkında Karar (Karar Sayısı: 7622)",https://www.resmigazete.gov.tr/eskiler/2023/09/20230915-12.pdf
2023-09-15,"–– Rize İli, Pazar İlçesi, Güzelyalı Mahallesi Sınırları İçerisinde Bulunan Bazı Taşınmazların, Muhtelif Tarihlerde Meydana Gelen Afetler Nedeniyle Hak Sahipleri İçin İhtiyaç Duyulan Konutların Yapımı Amacıyla Afet ve Acil Durum Yönetimi Başkanlığı Tarafından Acele Kamulaştırılması Hakkında Karar (Karar Sayısı: 7623)",https://www.resmigazete.gov.tr/eskiler/2023/09/20230915-13.pdf
2023-09-15,"–– Ekli I Sayılı Listede Belirtilen Yüksekokul ve Fakültelerin Kurulması, Ekli II Sayılı Listede Belirtilen Yüksekokul, Enstitü ve Fakültelerin Kapatılması ile Ekli III Sayılı Listede Belirtilen Fakültelerin Adlarının Değiştirilmesi Hakkında Karar (Karar Sayısı: 7624)",https://www.resmigazete.gov.tr/eskiler/2023/09/20230915-14.pdf
2023-09-15,"–– Şanlıurfa İli, Viranşehir ve Siverek İlçeleri ile Diyarbakır İli, Bağlar ve Çınar İlçeleri Sınırları İçerisinde Bulunan Karacadağ Potansiyel Doğal Sit Alanının Koruma Statüsünün Değerlendirilmesi Sonucunda, Bazı Alanların Kesin Korunacak Hassas Alan Olarak Tescil ve İlan Edilmesi Hakkında Karar (Karar Sayısı: 7625)",https://www.resmigazete.gov.tr/eskiler/2023/09/20230915-15.pdf
2023-09-15,"–– Samsun İli, Çarşamba İlçesi Sınırları İçerisinde Bulunan Yeşilırmak Deltası Potansiyel Doğal Sit Alanının Koruma Statüsünün Değerlendirilmesi Sonucunda, Sınır ve Koordinatları Gösterilen Alanın Kesin Korunacak Hassas Alan Olarak Tescil ve İlan Edilmesi Hakkında Karar (Karar Sayısı: 7626)",https://www.resmigazete.gov.tr/eskiler/2023/09/20230915-16.pdf
2023-09-15,–– Yukarı Afrin (Kilis) İçmesuyu Projesi (GAP) Kapsamındaki Yukarı Afrin Barajının Maden Ocağı ile Etkileşiminin Önlenmesi İşinin Yapımı Amacıyla Bazı Taşınmazların Devlet Su İşleri Genel Müdürlüğü Tarafından Acele Kamulaştırılması Hakkında Karar (Karar Sayısı: 7627),https://www.resmigazete.gov.tr/eskiler/2023/09/20230915-17.pdf
2023-09-15,"–– Cumhurbaşkanlığı Tarafından Yapılan Atamalar Hakkında Kararlar (Karar: 2023/397, 398, 399, 400, 401, 402, 403, 404, 405, 406, 407, 408, 409, 410, 411, 412, 413, 414, 415, 416, 417, 418, 419, 420, 421)",https://www.resmigazete.gov.tr/eskiler/2023/09/20230915-26.pdf
2023-09-15,–– Diyanet İşleri Başkanlığı Döner Sermaye İşletmesi Yönetmeliği,https://www.resmigazete.gov.tr/eskiler/2023/09/20230915-18.pdf
2023-09-15,–– Sözleşmeli Üretimin Usul ve Esasları Hakkında Yönetmelik,https://www.resmigazete.gov.tr/eskiler/2023/09/20230915-19.htm
2023-09-15,–– Hava Aracı Milliyeti ve Tescil İşaretleri Yönetmeliği (SHY-7)'nde Değişiklik Yapılmasına Dair Yönetmelik,https://www.resmigazete.gov.tr/eskiler/2023/09/20230915-20.htm
2023-09-15,–– İthalatta Korunma Önlemlerine İlişkin Tebliğ (No: 2023/5),https://www.resmigazete.gov.tr/eskiler/2023/09/20230915-21.htm
2023-09-15,–– İthalatta Haksız Rekabetin Önlenmesine İlişkin Tebliğ (No: 2023/26),https://www.resmigazete.gov.tr/eskiler/2023/09/20230915-22.htm
2023-09-15,"–– Anayasa Mahkemesinin 22/6/2023 Tarihli ve E: 2022/134, K: 2023/116 Sayılı Kararı",https://www.resmigazete.gov.tr/eskiler/2023/09/20230915-23.pdf
2023-09-15,"–– Anayasa Mahkemesinin 22/6/2023 Tarihli ve E: 2023/33, K: 2023/117 Sayılı Kararı",https://www.resmigazete.gov.tr/eskiler/2023/09/20230915-24.pdf
2023-09-15,"–– Anayasa Mahkemesinin 13/7/2023 Tarihli ve E: 2023/117, K: 2023/121 Sayılı Kararı",https://www.resmigazete.gov.tr/eskiler/2023/09/20230915-25.pdf
2023-09-15,a - Yargı İlânları,http://www.resmigazete.gov.tr/main.aspx?home=http://www.resmigazete.gov.tr/ilanlar/eskiilanlar/2023/09/20230915.htm&main=http://www.resmigazete.gov.tr/ilanlar/eskiilanlar/2023/09/20230915-2.htm
2023-09-15,"b - Artırma, Eksiltme ve İhale İlânları",http://www.resmigazete.gov.tr/main.aspx?home=http://www.resmigazete.gov.tr/ilanlar/eskiilanlar/2023/09/20230915.htm&main=http://www.resmigazete.gov.tr/ilanlar/eskiilanlar/2023/09/20230915-3.htm
2023-09-15,c - Çeşitli İlânlar,http://www.resmigazete.gov.tr/main.aspx?home=http://www.resmigazete.gov.tr/ilanlar/eskiilanlar/2023/09/20230915.htm&main=http://www.resmigazete.gov.tr/ilanlar/eskiilanlar/2023/09/20230915-4.htm
2023-09-15,– T.C. Merkez Bankasınca Belirlenen Döviz Kurları ve Devlet İç Borçlanma Senetlerinin Günlük Değerleri,http://www.resmigazete.gov.tr/main.aspx?home=http://www.resmigazete.gov.tr/ilanlar/eskiilanlar/2023/09/20230915.htm&main=http://www.resmigazete.gov.tr/ilanlar/eskiilanlar/2023/09/20230915-5.htm
2023-09-15,"15/9/2023 tarihli ve 32310 mükerrer sayılı Resmî Gazete’de, 2024-2026 Dönemi Yatırım Programı Hazırlıkları ile İlgili 2023/14 Sayılı Cumhurbaşkanlığı Genelgesi ile 2024-2026 Dönemi Bütçe Çağrısı ve Eki Bütçe Hazırlama Rehberi yayımlanmıştır.",http://www.resmigazete.gov.tr/eskiler/2023/09/20230915M1.htm
2023-09-16,–– Türkiye Cumhuriyeti Hükümeti ile Kuzey Kıbrıs Türk Cumhuriyeti Hükümeti Arasında Ulusal Sürücü Belgelerinin/Sürüş Ehliyetlerinin Karşılıklı Olarak Tanınması ve Değişimi Anlaşmasında Değişiklik Yapılmasına Dair Anlaşmanın Onaylanması Hakkında Karar (Karar Sayısı: 7634),https://www.resmigazete.gov.tr/eskiler/2023/09/20230916-1.pdf
2023-09-16,–– Türkiye Cumhuriyeti Hükümeti ile Kuzey Kıbrıs Türk Cumhuriyeti Hükümeti Arasında 8/8/2022 ve 2/9/2022 Tarihlerinde Ankara’da İmzalanan Sağlık Alanında Hibe Yapılmasına Dair Anlaşmaların Yürürlüğe Girmesi Hakkında Karar (Karar Sayısı: 7635),https://www.resmigazete.gov.tr/eskiler/2023/09/20230916-2.pdf
2023-09-16,–– Türkiye Cumhuriyeti Hükümeti ile Kuzey Kıbrıs Türk Cumhuriyeti Hükümeti Arasında BRTK Radyo Frekanslarının Güncellenmesi ve Güçlendirilmesi Projesinin Gerçekleştirilmesine İlişkin Protokolün Onaylanması Hakkında Karar (Karar Sayısı: 7636),https://www.resmigazete.gov.tr/eskiler/2023/09/20230916-3.pdf
2023-09-16,–– Türkiye Cumhuriyeti Hükümeti ile Guatemala Cumhuriyeti Hükümeti Arasında Kültürel İşbirliği Anlaşmasının Onaylanması Hakkında Karar (Karar Sayısı: 7637),https://www.resmigazete.gov.tr/eskiler/2023/09/20230916-4.pdf
2023-09-16,–– Türkiye Cumhuriyeti Hükümeti ile Endonezya Cumhuriyeti Hükümeti Arasında Çevre Alanında İşbirliğine İlişkin Mutabakat Zaptının Onaylanması Hakkında Karar (Karar Sayısı: 7638),https://www.resmigazete.gov.tr/eskiler/2023/09/20230916-5.pdf
2023-09-16,–– Türkiye Cumhuriyeti Hükümeti ile Gine-Bissau Cumhuriyeti Hükümeti Arasında Medya ve İletişim Alanlarında İş Birliği Protokolünün Onaylanması Hakkında Karar (Karar Sayısı: 7639),https://www.resmigazete.gov.tr/eskiler/2023/09/20230916-6.pdf
2023-09-16,–– Türkiye Cumhuriyeti Hükûmeti ile Kırgız Cumhuriyeti Hükûmeti Arasında Basın ve Enformasyon Alanlarında İşbirliği Protokolü ve Protokolde Değişiklik Yapılmasına Dair Notaların Onaylanması Hakkında Karar (Karar Sayısı: 7640),https://www.resmigazete.gov.tr/eskiler/2023/09/20230916-7.pdf
2023-09-16,–– Türkiye Cumhuriyeti ile Azerbaycan Cumhuriyeti Arasında Karma Ekonomik Komisyonu 10. Dönem Toplantısı Protokolünün Onaylanması Hakkında Karar (Karar Sayısı: 7641),https://www.resmigazete.gov.tr/eskiler/2023/09/20230916-8.pdf
2023-09-16,"–– Türkiye Cumhuriyeti Hükümeti ile Azerbaycan Cumhuriyeti Hükümeti Arasında Aile, Kadın ve Çocuk Politikaları Alanında İşbirliği Protokolüne İlişkin Faaliyet Planının Onaylanması Hakkında Karar (Karar Sayısı: 7642)",https://www.resmigazete.gov.tr/eskiler/2023/09/20230916-9.pdf
2023-09-16,–– Türkiye Cumhuriyeti Hükümeti ile Tunus Cumhuriyeti Hükümeti Arasında İmzalanan Sosyal Güvenlik Anlaşmasının Uygulanmasına Dair İdari Anlaşmanın Onaylanması Hakkında Karar (Karar Sayısı: 7643),https://www.resmigazete.gov.tr/eskiler/2023/09/20230916-10.pdf
2023-09-16,–– Türkiye Cumhuriyeti Hükümeti ile Moritanya İslam Cumhuriyeti Hükümeti Arasında Diplomatik Temsilcilikler İçin Arsa Takasına İlişkin Protokolün Onaylanması Hakkında Karar (Karar Sayısı: 7644),https://www.resmigazete.gov.tr/eskiler/2023/09/20230916-11.pdf
2023-09-16,–– Türkiye Cumhuriyeti Hükümeti ile Angola Cumhuriyeti Hükümeti Arasında Tarım Alanında İşbirliği Anlaşmasının Onaylanması Hakkında Karar (Karar Sayısı: 7645),https://www.resmigazete.gov.tr/eskiler/2023/09/20230916-12.pdf
2023-09-16,–– Türkiye Cumhuriyeti Hükümeti ile Macaristan Hükümeti Arasında Gençlik Alanında İşbirliği Anlaşmasının Onaylanması Hakkında Karar (Karar Sayısı: 7646),https://www.resmigazete.gov.tr/eskiler/2023/09/20230916-13.pdf
2023-09-16,"–– Türkiye Cumhuriyeti Hükûmeti ile Kazakistan Cumhuriyeti Hükûmeti Arasında Askerî Arşiv, Askerî Tarih, Müzecilik ve Askerî Yayın Alanlarında İş Birliği Protokolünün Onaylanması Hakkında Karar (Karar Sayısı: 7647)",https://www.resmigazete.gov.tr/eskiler/2023/09/20230916-14.pdf
2023-09-16,"–– Türkiye Cumhuriyeti Hükümeti ile Cezayir Demokratik Halk Cumhuriyeti Hükümeti Arasında Bilim, Teknoloji ve Yenilik Alanlarında İşbirliği Mutabakat Zaptının Onaylanması Hakkında Karar (Karar Sayısı: 7648)",https://www.resmigazete.gov.tr/eskiler/2023/09/20230916-15.pdf
2023-09-16,–– Türkiye Cumhuriyeti Hükümeti ile Sırbistan Cumhuriyeti Hükümeti Arasında İleri Teknolojilerde Yenilik Alanında İşbirliği Anlaşmasının Onaylanması Hakkında Karar (Karar Sayısı: 7649),https://www.resmigazete.gov.tr/eskiler/2023/09/20230916-16.pdf
2023-09-16,–– Türkiye Cumhuriyeti Hükümeti ile Zambiya Cumhuriyeti Hükümeti Arasında Balıkçılık ve Hayvancılık Alanında İşbirliği Konulu Mutabakat Zaptının Onaylanması Hakkında Karar (Karar Sayısı: 7650),https://www.resmigazete.gov.tr/eskiler/2023/09/20230916-17.pdf
2023-09-16,–– Bazı Yükseköğretim Kurumları ile Yükseköğretim Üst Kuruluşlarına Ait Dolu ve Boş Memur Kadrolarında Değişiklik Yapılması Hakkında Karar (Karar: 2023/441),https://www.resmigazete.gov.tr/eskiler/2023/09/20230916-18.pdf
2023-09-16,–– Bazı Yükseköğretim Kurumlarına Ait Dolu ve Boş Öğretim Elemanı Kadrolarında Değişiklik Yapılması Hakkında Karar (Karar: 2023/442),https://www.resmigazete.gov.tr/eskiler/2023/09/20230916-19.pdf
2023-09-16,"–– Cumhurbaşkanlığına, Cumhurbaşkanı Yardımcısı Cevdet YILMAZ’ın Vekâlet Etmesine Dair Tezkere",https://www.resmigazete.gov.tr/eskiler/2023/09/20230916-20.pdf
2023-09-16,–– Cumhurbaşkanlığı Tarafından Yapılan Atama Hakkında Karar (Karar: 2023/444),https://www.resmigazete.gov.tr/eskiler/2023/09/20230916-21.pdf
2023-09-16,–– Basın İlân Kurumu Yönetmeliğinde Değişiklik Yapılmasına Dair Yönetmelik,https://www.resmigazete.gov.tr/eskiler/2023/09/20230916-22.htm
2023-09-16,–– Recep Tayyip Erdoğan Üniversitesi Önlisans ve Lisans Eğitim-Öğretim ve Sınav Yönetmeliğinde Değişiklik Yapılmasına Dair Yönetmelik,https://www.resmigazete.gov.tr/eskiler/2023/09/20230916-23.htm
2023-09-16,–– Enerji Piyasası Düzenleme Kurulunun 14/09/2023 Tarihli ve 12069 Sayılı Kararı,https://www.resmigazete.gov.tr/eskiler/2023/09/20230916-24.pdf
2023-09-16,"a - Artırma, Eksiltme ve İhale İlânları",http://www.resmigazete.gov.tr/main.aspx?home=http://www.resmigazete.gov.tr/ilanlar/eskiilanlar/2023/09/20230916.htm&main=http://www.resmigazete.gov.tr/ilanlar/eskiilanlar/2023/09/20230916-3.htm
2023-09-16,b - Çeşitli İlânlar,http://www.resmigazete.gov.tr/main.aspx?home=http://www.resmigazete.gov.tr/ilanlar/eskiilanlar/2023/09/20230916.htm&main=http://www.resmigazete.gov.tr/ilanlar/eskiilanlar/2023/09/20230916-4.htm
2023-09-16,– T.C. Merkez Bankasınca Belirlenen Döviz Kurları ve Devlet İç Borçlanma Senetlerinin Günlük Değerleri,http://www.resmigazete.gov.tr/main.aspx?home=http://www.resmigazete.gov.tr/ilanlar/eskiilanlar/2023/09/20230916.htm&main=http://www.resmigazete.gov.tr/ilanlar/eskiilanlar/2023/09/20230916-5.htm
2023-09-17,–– Avrasya Üniversitesi Önlisans ve Lisans Eğitim-Öğretim ve Sınav Yönetmeliği,https://www.resmigazete.gov.tr/eskiler/2023/09/20230917-1.htm
2023-09-17,–– Dokuz Eylül Üniversitesi Ağız ve Diş Sağlığı Uygulama ve Araştırma Merkezi Yönetmeliğinde Değişiklik Yapılmasına Dair Yönetmelik,https://www.resmigazete.gov.tr/eskiler/2023/09/20230917-2.htm
2023-09-17,–– İstanbul Yeni Yüzyıl Üniversitesi Ön Lisans ve Lisans Eğitim-Öğretim ve Sınav Yönetmeliği,https://www.resmigazete.gov.tr/eskiler/2023/09/20230917-3.htm
2023-09-17,a - Yargı İlânları,http://www.resmigazete.gov.tr/main.aspx?home=http://www.resmigazete.gov.tr/ilanlar/eskiilanlar/2023/09/20230917.htm&main=http://www.resmigazete.gov.tr/ilanlar/eskiilanlar/2023/09/20230917-2.htm
2023-09-17,"b - Artırma, Eksiltme ve İhale İlânları",http://www.resmigazete.gov.tr/main.aspx?home=http://www.resmigazete.gov.tr/ilanlar/eskiilanlar/2023/09/20230917.htm&main=http://www.resmigazete.gov.tr/ilanlar/eskiilanlar/2023/09/20230917-3.htm
2023-09-17,c - Çeşitli İlânlar,http://www.resmigazete.gov.tr/main.aspx?home=http://www.resmigazete.gov.tr/ilanlar/eskiilanlar/2023/09/20230917.htm&main=http://www.resmigazete.gov.tr/ilanlar/eskiilanlar/2023/09/20230917-4.htm
2023-09-17,– T.C. Merkez Bankasınca Belirlenen Devlet İç Borçlanma Senetlerinin Günlük Değerleri,http://www.resmigazete.gov.tr/main.aspx?home=http://www.resmigazete.gov.tr/ilanlar/eskiilanlar/2023/09/20230917.htm&main=http://www.resmigazete.gov.tr/ilanlar/eskiilanlar/2023/09/20230917-5.htm
2023-09-18,–– Kocaeli Üniversitesi Lisansüstü Eğitim ve Öğretim Yönetmeliği,https://www.resmigazete.gov.tr/eskiler/2023/09/20230918-1.htm
2023-09-18,–– Kocaeli Üniversitesi Ön Lisans ve Lisans Eğitim-Öğretim Yönetmeliğinde Değişiklik Yapılmasına Dair Yönetmelik,https://www.resmigazete.gov.tr/eskiler/2023/09/20230918-2.htm
2023-09-18,–– Türk Lirası Mevduat ve Katılma Hesaplarına Dönüşümün Desteklenmesi Hakkında Tebliğ (Sayı: 2021/14)’de Değişiklik Yapılmasına Dair Tebliğ (Sayı: 2023/25),https://www.resmigazete.gov.tr/eskiler/2023/09/20230918-3.htm
2023-09-18,–– Altın Hesaplarından Türk Lirası Mevduat ve Katılma Hesaplarına Dönüşümün Desteklenmesi Hakkında Tebliğ (Sayı: 2021/16)’de Değişiklik Yapılmasına Dair Tebliğ (Sayı: 2023/26),https://www.resmigazete.gov.tr/eskiler/2023/09/20230918-4.htm
2023-09-18,a - Yargı İlânları,http://www.resmigazete.gov.tr/main.aspx?home=http://www.resmigazete.gov.tr/ilanlar/eskiilanlar/2023/09/20230918.htm&main=http://www.resmigazete.gov.tr/ilanlar/eskiilanlar/2023/09/20230918-2.htm
2023-09-18,"b - Artırma, Eksiltme ve İhale İlânları",http://www.resmigazete.gov.tr/main.aspx?home=http://www.resmigazete.gov.tr/ilanlar/eskiilanlar/2023/09/20230918.htm&main=http://www.resmigazete.gov.tr/ilanlar/eskiilanlar/2023/09/20230918-3.htm
2023-09-18,c - Çeşitli İlânlar,http://www.resmigazete.gov.tr/main.aspx?home=http://www.resmigazete.gov.tr/ilanlar/eskiilanlar/2023/09/20230918.htm&main=http://www.resmigazete.gov.tr/ilanlar/eskiilanlar/2023/09/20230918-4.htm
2023-09-18,– T.C. Merkez Bankasınca Belirlenen Devlet İç Borçlanma Senetlerinin Günlük Değerleri,http://www.resmigazete.gov.tr/main.aspx?home=http://www.resmigazete.gov.tr/ilanlar/eskiilanlar/2023/09/20230918.htm&main=http://www.resmigazete.gov.tr/ilanlar/eskiilanlar/2023/09/20230918-5.htm
2023-09-19,–– Hâkimler ve Savcılar Kuruluna Ait Kararlar,https://www.resmigazete.gov.tr/eskiler/2023/09/20230919-1.pdf
2023-09-19,–– Karayolları Motorlu Araçlar Zorunlu Mali Sorumluluk Sigortasında Tarife Uygulama Esasları Hakkında Yönetmelikte Değişiklik Yapılmasına Dair Yönetmelik,https://www.resmigazete.gov.tr/eskiler/2023/09/20230919-2.htm
2023-09-19,–– Gemi Acentelik Hizmetleri Ücret Tarifesine İlişkin Tebliğ,https://www.resmigazete.gov.tr/eskiler/2023/09/20230919-3.htm
2023-09-19,–– Uluslararası Gözetim Şirketinin Faaliyetten Süreli Men'i Hakkında Tebliğ (Ürün Güvenliği ve Denetimi: 2023/29),https://www.resmigazete.gov.tr/eskiler/2023/09/20230919-4.htm
2023-09-19,–– Bilgi Suistimali ve Piyasa Dolandırıcılığı İncelemelerinde Uygulanacak Tedbirler Tebliği (V-101.1)’nde Değişiklik Yapılmasına Dair Tebliğ (V-101.1.a),https://www.resmigazete.gov.tr/eskiler/2023/09/20230919-5.htm
2023-09-19,"–– Kamu Gözetimi, Muhasebe ve Denetim Standartları Kurulunun 13/09/2023 Tarihli ve 75935942-050.01.04-[01/19075] Sayılı Kararı",https://www.resmigazete.gov.tr/eskiler/2023/09/20230919-6.pdf
2023-09-19,"–– Kamu Gözetimi, Muhasebe ve Denetim Standartları Kurulunun 13/09/2023 Tarihli ve 75935942-050.01.04-[01/19078] Sayılı Kararı",https://www.resmigazete.gov.tr/eskiler/2023/09/20230919-7.pdf
2023-09-19,"–– Anayasa Mahkemesinin 22/6/2023 Tarihli ve E: 2022/100, K: 2023/114 Sayılı Kararı",https://www.resmigazete.gov.tr/eskiler/2023/09/20230919-8.pdf
2023-09-19,"–– Anayasa Mahkemesinin 22/6/2023 Tarihli ve E: 2022/110, K: 2023/115 Sayılı Kararı",https://www.resmigazete.gov.tr/eskiler/2023/09/20230919-9.pdf
2023-09-19,a - Yargı İlânları,http://www.resmigazete.gov.tr/main.aspx?home=http://www.resmigazete.gov.tr/ilanlar/eskiilanlar/2023/09/20230919.htm&main=http://www.resmigazete.gov.tr/ilanlar/eskiilanlar/2023/09/20230919-2.htm
2023-09-19,"b - Artırma, Eksiltme ve İhale İlânları",http://www.resmigazete.gov.tr/main.aspx?home=http://www.resmigazete.gov.tr/ilanlar/eskiilanlar/2023/09/20230919.htm&main=http://www.resmigazete.gov.tr/ilanlar/eskiilanlar/2023/09/20230919-3.htm
2023-09-19,c - Çeşitli İlânlar,http://www.resmigazete.gov.tr/main.aspx?home=http://www.resmigazete.gov.tr/ilanlar/eskiilanlar/2023/09/20230919.htm&main=http://www.resmigazete.gov.tr/ilanlar/eskiilanlar/2023/09/20230919-4.htm
2023-09-19,– T.C. Merkez Bankasınca Belirlenen Döviz Kurları ve Devlet İç Borçlanma Senetlerinin Günlük Değerleri,http://www.resmigazete.gov.tr/main.aspx?home=http://www.resmigazete.gov.tr/ilanlar/eskiilanlar/2023/09/20230919.htm&main=http://www.resmigazete.gov.tr/ilanlar/eskiilanlar/2023/09/20230919-5.htm
2023-09-20,–– Plân Yapımını Yükümlenecek Müelliflerin Yeterliliği Hakkında Yönetmelikte Değişiklik Yapılmasına Dair Yönetmelik,https://www.resmigazete.gov.tr/eskiler/2023/09/20230920-1.htm
2023-09-20,–– Millî Eğitim Bakanlığı Taşıma Yoluyla Eğitime Erişim Yönetmeliğinde Değişiklik Yapılmasına Dair Yönetmelik,https://www.resmigazete.gov.tr/eskiler/2023/09/20230920-2.htm
2023-09-20,–– Tütün Mamulleri ve Alkollü İçkilerin Satışına ve Sunumuna İlişkin Usul ve Esaslar Hakkında Yönetmelikte Değişiklik Yapılmasına Dair Yönetmelik,https://www.resmigazete.gov.tr/eskiler/2023/09/20230920-3.htm
2023-09-20,–– Çevrenin Korunması Yönünden Kontrol Altında Tutulan Katı Yakıtların İthalat Denetimi Tebliği (Ürün Güvenliği ve Denetimi: 2023/7)’nde Değişiklik Yapılmasına Dair Tebliğ (Ürün Güvenliği ve Denetimi: 2023/31),https://www.resmigazete.gov.tr/eskiler/2023/09/20230920-4.htm
2023-09-20,a - Yargı İlânları,http://www.resmigazete.gov.tr/main.aspx?home=http://www.resmigazete.gov.tr/ilanlar/eskiilanlar/2023/09/20230920.htm&main=http://www.resmigazete.gov.tr/ilanlar/eskiilanlar/2023/09/20230920-2.htm
2023-09-20,"b - Artırma, Eksiltme ve İhale İlânları",http://www.resmigazete.gov.tr/main.aspx?home=http://www.resmigazete.gov.tr/ilanlar/eskiilanlar/2023/09/20230920.htm&main=http://www.resmigazete.gov.tr/ilanlar/eskiilanlar/2023/09/20230920-3.htm
2023-09-20,c - Çeşitli İlânlar,http://www.resmigazete.gov.tr/main.aspx?home=http://www.resmigazete.gov.tr/ilanlar/eskiilanlar/2023/09/20230920.htm&main=http://www.resmigazete.gov.tr/ilanlar/eskiilanlar/2023/09/20230920-4.htm
2023-09-20,– T.C. Merkez Bankasınca Belirlenen Döviz Kurları ve Devlet İç Borçlanma Senetlerinin Günlük Değerleri,http://www.resmigazete.gov.tr/main.aspx?home=http://www.resmigazete.gov.tr/ilanlar/eskiilanlar/2023/09/20230920.htm&main=http://www.resmigazete.gov.tr/ilanlar/eskiilanlar/2023/09/20230920-5.htm
2023-09-21,–– Bayburt Üniversitesi Lisansüstü Eğitim ve Öğretim Yönetmeliğinde Değişiklik Yapılmasına Dair Yönetmelik,https://www.resmigazete.gov.tr/eskiler/2023/09/20230921-1.htm
2023-09-21,–– Konya Teknik Üniversitesi Lisansüstü Eğitim ve Öğretim Yönetmeliğinde Değişiklik Yapılmasına Dair Yönetmelik,https://www.resmigazete.gov.tr/eskiler/2023/09/20230921-2.htm
2023-09-21,–– 1416 Sayılı Kanun ve Buna Bağlı Yönetmelik Uyarınca Yurt Dışında Lisans ve Lisansüstü Öğrenim Gören Öğrencilere Yapılacak Ödemeler Hakkında Tebliğ,https://www.resmigazete.gov.tr/eskiler/2023/09/20230921-3.htm
2023-09-21,–– Avukatlık Asgari Ücret Tarifesi,https://www.resmigazete.gov.tr/eskiler/2023/09/20230921-4.htm
2023-09-21,a - Yargı İlânları,http://www.resmigazete.gov.tr/main.aspx?home=http://www.resmigazete.gov.tr/ilanlar/eskiilanlar/2023/09/20230921.htm&main=http://www.resmigazete.gov.tr/ilanlar/eskiilanlar/2023/09/20230921-2.htm
2023-09-21,"b - Artırma, Eksiltme ve İhale İlânları",http://www.resmigazete.gov.tr/main.aspx?home=http://www.resmigazete.gov.tr/ilanlar/eskiilanlar/2023/09/20230921.htm&main=http://www.resmigazete.gov.tr/ilanlar/eskiilanlar/2023/09/20230921-3.htm
2023-09-21,c - Çeşitli İlânlar,http://www.resmigazete.gov.tr/main.aspx?home=http://www.resmigazete.gov.tr/ilanlar/eskiilanlar/2023/09/20230921.htm&main=http://www.resmigazete.gov.tr/ilanlar/eskiilanlar/2023/09/20230921-4.htm
2023-09-21,– T.C. Merkez Bankasınca Belirlenen Döviz Kurları ve Devlet İç Borçlanma Senetlerinin Günlük Değerleri,http://www.resmigazete.gov.tr/main.aspx?home=http://www.resmigazete.gov.tr/ilanlar/eskiilanlar/2023/09/20230921.htm&main=http://www.resmigazete.gov.tr/ilanlar/eskiilanlar/2023/09/20230921-5.htm
2023-09-22,–– Kahramanmaraş İstiklal Üniversitesi Türkçe Öğretim Uygulama ve Araştırma Merkezi Yönetmeliği,https://www.resmigazete.gov.tr/eskiler/2023/09/20230922-1.htm
2023-09-22,–– Ostim Teknik Üniversitesi Lisansüstü Eğitim-Öğretim Yönetmeliğinde Değişiklik Yapılmasına Dair Yönetmelik,https://www.resmigazete.gov.tr/eskiler/2023/09/20230922-2.htm
2023-09-22,"–– Anayasa Mahkemesinin 13/7/2023 Tarihli ve E: 2022/109, K: 2023/125 Sayılı Kararı",https://www.resmigazete.gov.tr/eskiler/2023/09/20230922-3.pdf
2023-09-22,–– Anayasa Mahkemesinin 17/5/2023 Tarihli ve 2019/33972 Başvuru Numaralı Kararı,https://www.resmigazete.gov.tr/eskiler/2023/09/20230922-4.pdf
2023-09-22,"a - Artırma, Eksiltme ve İhale İlânları",http://www.resmigazete.gov.tr/main.aspx?home=http://www.resmigazete.gov.tr/ilanlar/eskiilanlar/2023/09/20230922.htm&main=http://www.resmigazete.gov.tr/ilanlar/eskiilanlar/2023/09/20230922-3.htm
2023-09-22,- Çeşitli İlânlar,http://www.resmigazete.gov.tr/main.aspx?home=http://www.resmigazete.gov.tr/ilanlar/eskiilanlar/2023/09/20230922.htm&main=http://www.resmigazete.gov.tr/ilanlar/eskiilanlar/2023/09/20230922-4.htm
2023-09-22,– T.C. Merkez Bankasınca Belirlenen Döviz Kurları ve Devlet İç Borçlanma Senetlerinin Günlük Değerleri,http://www.resmigazete.gov.tr/main.aspx?home=http://www.resmigazete.gov.tr/ilanlar/eskiilanlar/2023/09/20230922.htm&main=http://www.resmigazete.gov.tr/ilanlar/eskiilanlar/2023/09/20230922-5.htm
2023-09-23,–– Erciyes Üniversitesi Yabancı Diller Yüksekokulu Yabancı Dil Hazırlık Programı Eğitim-Öğretim Yönetmeliğinde Değişiklik Yapılmasına Dair Yönetmelik,https://www.resmigazete.gov.tr/eskiler/2023/09/20230923-1.htm
2023-09-23,–– Trakya Üniversitesi Kariyer Uygulama ve Araştırma Merkezi Yönetmeliğinde Değişiklik Yapılmasına Dair Yönetmelik,https://www.resmigazete.gov.tr/eskiler/2023/09/20230923-2.htm
2023-09-23,–– Enerji Piyasası Düzenleme Kurulunun 21/09/2023 Tarihli ve 12082 Sayılı Kararı,https://www.resmigazete.gov.tr/eskiler/2023/09/20230923-3.pdf
2023-09-23,–– Enerji Piyasası Düzenleme Kurulunun 21/09/2023 Tarihli ve 12083 Sayılı Kararı,https://www.resmigazete.gov.tr/eskiler/2023/09/20230923-4.pdf
2023-09-23,a - Yargı İlânları,http://www.resmigazete.gov.tr/main.aspx?home=http://www.resmigazete.gov.tr/ilanlar/eskiilanlar/2023/09/20230923.htm&main=http://www.resmigazete.gov.tr/ilanlar/eskiilanlar/2023/09/20230923-2.htm
2023-09-23,"b - Artırma, Eksiltme ve İhale İlânları",http://www.resmigazete.gov.tr/main.aspx?home=http://www.resmigazete.gov.tr/ilanlar/eskiilanlar/2023/09/20230923.htm&main=http://www.resmigazete.gov.tr/ilanlar/eskiilanlar/2023/09/20230923-3.htm
2023-09-23,c - Çeşitli İlânlar,http://www.resmigazete.gov.tr/main.aspx?home=http://www.resmigazete.gov.tr/ilanlar/eskiilanlar/2023/09/20230923.htm&main=http://www.resmigazete.gov.tr/ilanlar/eskiilanlar/2023/09/20230923-4.htm
2023-09-23,– T.C. Merkez Bankasınca Belirlenen Döviz Kurları ve Devlet İç Borçlanma Senetlerinin Günlük Değerleri,http://www.resmigazete.gov.tr/main.aspx?home=http://www.resmigazete.gov.tr/ilanlar/eskiilanlar/2023/09/20230923.htm&main=http://www.resmigazete.gov.tr/ilanlar/eskiilanlar/2023/09/20230923-5.htm
2023-09-24,–– İstanbul Kent Üniversitesi Ön Lisans ve Lisans Eğitim-Öğretim ve Sınav Yönetmeliği,https://www.resmigazete.gov.tr/eskiler/2023/09/20230924-1.htm
2023-09-24,–– Mersin Üniversitesi Lisansüstü Eğitim-Öğretim ve Sınav Yönetmeliği,https://www.resmigazete.gov.tr/eskiler/2023/09/20230924-2.htm
2023-09-24,–– 2023 Yılı Ağustos Ayına Ait Dahilde İşleme İzin Belgelerinin (D1) Listesi,https://www.resmigazete.gov.tr/eskiler/2023/09/20230924-3.pdf
2023-09-24,–– 2023 Yılı Ağustos Ayına Ait Yurt İçi Satış ve Teslim Belgelerinin (D3) Listesi,https://www.resmigazete.gov.tr/eskiler/2023/09/20230924-4.pdf
2023-09-24,–– 2023 Yılı Ağustos Ayına Ait Hariçte İşleme İzin Belgelerinin (H1) Listesi,https://www.resmigazete.gov.tr/eskiler/2023/09/20230924-5.pdf
2023-09-24,–– 2023 Yılı Ağustos Ayına Ait Firma Talebine İstinaden İptal Edilen Dahilde İşleme İzin Belgeleri Listesi,https://www.resmigazete.gov.tr/eskiler/2023/09/20230924-6.pdf
2023-09-24,–– Ulusal Meslek Standartlarına Dair Tebliğde Değişiklik Yapılmasına Dair Tebliğ (No: 2023/16),https://www.resmigazete.gov.tr/eskiler/2023/09/20230924-7.htm
2023-09-24,–– Ulusal Meslek Standartlarına Dair Tebliğde Değişiklik Yapılmasına Dair Tebliğ (No: 2023/17),https://www.resmigazete.gov.tr/eskiler/2023/09/20230924-8.htm
2023-09-24,–– Ulusal Meslek Standartlarına Dair Tebliğde Değişiklik Yapılmasına Dair Tebliğ (No: 2023/18),https://www.resmigazete.gov.tr/eskiler/2023/09/20230924-9.htm
2023-09-24,a - Yargı İlânları,http://www.resmigazete.gov.tr/main.aspx?home=http://www.resmigazete.gov.tr/ilanlar/eskiilanlar/2023/09/20230924.htm&main=http://www.resmigazete.gov.tr/ilanlar/eskiilanlar/2023/09/20230924-2.htm
2023-09-24,"b - Artırma, Eksiltme ve İhale İlânları",http://www.resmigazete.gov.tr/main.aspx?home=http://www.resmigazete.gov.tr/ilanlar/eskiilanlar/2023/09/20230924.htm&main=http://www.resmigazete.gov.tr/ilanlar/eskiilanlar/2023/09/20230924-3.htm
2023-09-24,c - Çeşitli İlânlar,http://www.resmigazete.gov.tr/main.aspx?home=http://www.resmigazete.gov.tr/ilanlar/eskiilanlar/2023/09/20230924.htm&main=http://www.resmigazete.gov.tr/ilanlar/eskiilanlar/2023/09/20230924-4.htm
2023-09-24,– T.C. Merkez Bankasınca Belirlenen Devlet İç Borçlanma Senetlerinin Günlük Değerleri,http://www.resmigazete.gov.tr/main.aspx?home=http://www.resmigazete.gov.tr/ilanlar/eskiilanlar/2023/09/20230924.htm&main=http://www.resmigazete.gov.tr/ilanlar/eskiilanlar/2023/09/20230924-5.htm
2023-09-25,"–– Cumhurbaşkanlığına, Cumhurbaşkanı Yardımcısı Cevdet YILMAZ’ın Vekâlet Etmesine Dair Tezkere",https://www.resmigazete.gov.tr/eskiler/2023/09/20230925-1.pdf
2023-09-25,–– Bitlis Eren Üniversitesi Arı ve Arı Ürünleri Geliştirme Uygulama ve Araştırma Merkezi Yönetmeliği,https://www.resmigazete.gov.tr/eskiler/2023/09/20230925-2.htm
2023-09-25,–– Ondokuz Mayıs Üniversitesi Ağız ve Diş Sağlığı Uygulama ve Araştırma Merkezi Yönetmeliğinde Değişiklik Yapılmasına Dair Yönetmelik,https://www.resmigazete.gov.tr/eskiler/2023/09/20230925-3.htm
2023-09-25,–– Ondokuz Mayıs Üniversitesi Yaz Dönemi Eğitim-Öğretim Yönetmeliğinde Değişiklik Yapılmasına Dair Yönetmelik,https://www.resmigazete.gov.tr/eskiler/2023/09/20230925-4.htm
2023-09-25,–– TED Üniversitesi Lisansüstü Eğitim-Öğretim Yönetmeliğinde Değişiklik Yapılmasına Dair Yönetmelik,https://www.resmigazete.gov.tr/eskiler/2023/09/20230925-5.htm
2023-09-25,a - Yargı İlânları,http://www.resmigazete.gov.tr/main.aspx?home=http://www.resmigazete.gov.tr/ilanlar/eskiilanlar/2023/09/20230925.htm&main=http://www.resmigazete.gov.tr/ilanlar/eskiilanlar/2023/09/20230925-2.htm
2023-09-25,"b - Artırma, Eksiltme ve İhale İlânları",http://www.resmigazete.gov.tr/main.aspx?home=http://www.resmigazete.gov.tr/ilanlar/eskiilanlar/2023/09/20230925.htm&main=http://www.resmigazete.gov.tr/ilanlar/eskiilanlar/2023/09/20230925-3.htm
2023-09-25,c - Çeşitli İlânlar,http://www.resmigazete.gov.tr/main.aspx?home=http://www.resmigazete.gov.tr/ilanlar/eskiilanlar/2023/09/20230925.htm&main=http://www.resmigazete.gov.tr/ilanlar/eskiilanlar/2023/09/20230925-4.htm
2023-09-25,– T.C. Merkez Bankasınca Belirlenen Devlet İç Borçlanma Senetlerinin Günlük Değerleri,http://www.resmigazete.gov.tr/main.aspx?home=http://www.resmigazete.gov.tr/ilanlar/eskiilanlar/2023/09/20230925.htm&main=http://www.resmigazete.gov.tr/ilanlar/eskiilanlar/2023/09/20230925-5.htm
2023-09-26,–– Kamu İhale Kurumu İnsan Kaynakları Yönetmeliğinde Değişiklik Yapılmasına Dair Yönetmelik,https://www.resmigazete.gov.tr/eskiler/2023/09/20230926-1.htm
2023-09-26,–– Bireysel Emeklilik Sisteminde Kısmen Ödeme Hakkında Yönetmelik,https://www.resmigazete.gov.tr/eskiler/2023/09/20230926-2.htm
2023-09-26,"–– Yükseköğretim Kurumlarında Önlisans ve Lisans Düzeyindeki Programlar Arasında Geçiş, Çift Anadal, Yan Dal ile Kurumlar Arası Kredi Transferi Yapılması Esaslarına İlişkin Yönetmelikte Değişiklik Yapılmasına Dair Yönetmelik",https://www.resmigazete.gov.tr/eskiler/2023/09/20230926-3.htm
2023-09-26,–– Anayasa Mahkemesinin 2/5/2023 Tarihli ve 2017/37403 Başvuru Numaralı Kararı,https://www.resmigazete.gov.tr/eskiler/2023/09/20230926-4.pdf
2023-09-26,–– Anayasa Mahkemesinin 2/5/2023 Tarihli ve 2019/21893 Başvuru Numaralı Kararı,https://www.resmigazete.gov.tr/eskiler/2023/09/20230926-5.pdf
2023-09-26,–– Anayasa Mahkemesinin 2/5/2023 Tarihli ve 2019/36513 Başvuru Numaralı Kararı,https://www.resmigazete.gov.tr/eskiler/2023/09/20230926-6.pdf
2023-09-26,a - Yargı İlânları,http://www.resmigazete.gov.tr/main.aspx?home=http://www.resmigazete.gov.tr/ilanlar/eskiilanlar/2023/09/20230926.htm&main=http://www.resmigazete.gov.tr/ilanlar/eskiilanlar/2023/09/20230926-2.htm
2023-09-26,"b - Artırma, Eksiltme ve İhale İlânları",http://www.resmigazete.gov.tr/main.aspx?home=http://www.resmigazete.gov.tr/ilanlar/eskiilanlar/2023/09/20230926.htm&main=http://www.resmigazete.gov.tr/ilanlar/eskiilanlar/2023/09/20230926-3.htm
2023-09-26,c - Çeşitli İlânlar,http://www.resmigazete.gov.tr/main.aspx?home=http://www.resmigazete.gov.tr/ilanlar/eskiilanlar/2023/09/20230926.htm&main=http://www.resmigazete.gov.tr/ilanlar/eskiilanlar/2023/09/20230926-4.htm
2023-09-26,– T.C. Merkez Bankasınca Belirlenen Döviz Kurları ve Devlet İç Borçlanma Senetlerinin Günlük Değerleri,http://www.resmigazete.gov.tr/main.aspx?home=http://www.resmigazete.gov.tr/ilanlar/eskiilanlar/2023/09/20230926.htm&main=http://www.resmigazete.gov.tr/ilanlar/eskiilanlar/2023/09/20230926-5.htm
2023-09-27,–– İzmir Tınaztepe Üniversitesi Ana Yönetmeliğinde Değişiklik Yapılmasına Dair Yönetmelik,https://www.resmigazete.gov.tr/eskiler/2023/09/20230927-1.htm
2023-09-27,–– Selçuk Üniversitesi Veteriner Fakültesi Eğitim-Öğretim ve Sınav Yönetmeliğinde Değişiklik Yapılmasına Dair Yönetmelik,https://www.resmigazete.gov.tr/eskiler/2023/09/20230927-2.htm
2023-09-27,"–– Anayasa Mahkemesinin 22/3/2023 Tarihli ve E: 2022/115, K: 2023/52 Sayılı Kararı",https://www.resmigazete.gov.tr/eskiler/2023/09/20230927-3.pdf
2023-09-27,"–– Anayasa Mahkemesinin 13/7/2023 Tarihli ve E: 2022/47, K: 2023/124 Sayılı Kararı",https://www.resmigazete.gov.tr/eskiler/2023/09/20230927-4.pdf
2023-09-27,–– Anayasa Mahkemesinin 11/5/2023 Tarihli ve 2018/14133 Başvuru Numaralı Kararı,https://www.resmigazete.gov.tr/eskiler/2023/09/20230927-5.pdf
2023-09-27,–– Anayasa Mahkemesinin 11/5/2023 Tarihli ve 2019/25202 Başvuru Numaralı Kararı,https://www.resmigazete.gov.tr/eskiler/2023/09/20230927-6.pdf
2023-09-27,–– Anayasa Mahkemesinin 11/5/2023 Tarihli ve 2020/5084 Başvuru Numaralı Kararı,https://www.resmigazete.gov.tr/eskiler/2023/09/20230927-7.pdf
2023-09-27,"a - Artırma, Eksiltme ve İhale İlânları",http://www.resmigazete.gov.tr/main.aspx?home=http://www.resmigazete.gov.tr/ilanlar/eskiilanlar/2023/09/20230927.htm&main=http://www.resmigazete.gov.tr/ilanlar/eskiilanlar/2023/09/20230927-3.htm
2023-09-27,- Çeşitli İlânlar,http://www.resmigazete.gov.tr/main.aspx?home=http://www.resmigazete.gov.tr/ilanlar/eskiilanlar/2023/09/20230927.htm&main=http://www.resmigazete.gov.tr/ilanlar/eskiilanlar/2023/09/20230927-4.htm
2023-09-27,– T.C. Merkez Bankasınca Belirlenen Döviz Kurları ve Devlet İç Borçlanma Senetlerinin Günlük Değerleri,http://www.resmigazete.gov.tr/main.aspx?home=http://www.resmigazete.gov.tr/ilanlar/eskiilanlar/2023/09/20230927.htm&main=http://www.resmigazete.gov.tr/ilanlar/eskiilanlar/2023/09/20230927-5.htm
2023-09-28,–– Demiryolu Altyapı Erişim ve Kapasite Tahsis Yönetmeliği,https://www.resmigazete.gov.tr/eskiler/2023/09/20230928-1.htm
2023-09-28,–– Puro ve Sigarillo Teknik Düzenleme Tebliği (No: 2023/12),https://www.resmigazete.gov.tr/eskiler/2023/09/20230928-2.htm
2023-09-28,–– Nargilelik Tütün Mamulü Teknik Düzenleme Tebliği (No: 2023/13),https://www.resmigazete.gov.tr/eskiler/2023/09/20230928-3.htm
2023-09-28,–– Sarmalık Kıyılmış Tütün Mamulü Teknik Düzenleme Tebliği (No: 2023/14),https://www.resmigazete.gov.tr/eskiler/2023/09/20230928-4.htm
2023-09-28,–– Pipoluk Tütün Mamulü Teknik Düzenleme Tebliği (No: 2023/15),https://www.resmigazete.gov.tr/eskiler/2023/09/20230928-5.htm
2023-09-28,–– Okul Gıdası Hakkında Tebliğ (Tebliğ No: 2020/23)’de Değişiklik Yapılmasına Dair Tebliğ (No: 2023/34),https://www.resmigazete.gov.tr/eskiler/2023/09/20230928-6.htm
2023-09-28,–– Reeskont ve Avans İşlemlerinde Uygulanacak Faiz Oranlarının Tespiti,https://www.resmigazete.gov.tr/eskiler/2023/09/20230928-7.pdf
2023-09-28,–– İşte Pay Ödeme Kuruluşu A.Ş.’ye Ödeme Kuruluşu Olarak Faaliyet Göstermek Üzere Faaliyet İzni Verilmesine İlişkin Karar,https://www.resmigazete.gov.tr/eskiler/2023/09/20230928-8.pdf
2023-09-28,–– Papara Elektronik Para A.Ş.’nin Faaliyet İzni Kapsamının Genişletilmesine İlişkin Karar,https://www.resmigazete.gov.tr/eskiler/2023/09/20230928-9.pdf
2023-09-28,"–– Anayasa Mahkemesinin 26/7/2023 Tarihli ve E: 2021/115, K: 2023/133 Sayılı Kararı",https://www.resmigazete.gov.tr/eskiler/2023/09/20230928-10.pdf
2023-09-28,–– Anayasa Mahkemesinin 23/3/2023 Tarihli ve 2019/24047 Başvuru Numaralı Kararı,https://www.resmigazete.gov.tr/eskiler/2023/09/20230928-11.pdf
2023-09-28,a - Yargı İlânları,http://www.resmigazete.gov.tr/main.aspx?home=http://www.resmigazete.gov.tr/ilanlar/eskiilanlar/2023/09/20230928.htm&main=http://www.resmigazete.gov.tr/ilanlar/eskiilanlar/2023/09/20230928-2.htm
2023-09-28,"b - Artırma, Eksiltme ve İhale İlânları",http://www.resmigazete.gov.tr/main.aspx?home=http://www.resmigazete.gov.tr/ilanlar/eskiilanlar/2023/09/20230928.htm&main=http://www.resmigazete.gov.tr/ilanlar/eskiilanlar/2023/09/20230928-3.htm
2023-09-28,c - Çeşitli İlânlar,http://www.resmigazete.gov.tr/main.aspx?home=http://www.resmigazete.gov.tr/ilanlar/eskiilanlar/2023/09/20230928.htm&main=http://www.resmigazete.gov.tr/ilanlar/eskiilanlar/2023/09/20230928-4.htm
2023-09-28,– T.C. Merkez Bankasınca Belirlenen Döviz Kurları ve Devlet İç Borçlanma Senetlerinin Günlük Değerleri,http://www.resmigazete.gov.tr/main.aspx?home=http://www.resmigazete.gov.tr/ilanlar/eskiilanlar/2023/09/20230928.htm&main=http://www.resmigazete.gov.tr/ilanlar/eskiilanlar/2023/09/20230928-5.htm
2023-09-29,–– Doğuş Üniversitesi Sürekli Eğitim Uygulama ve Araştırma Merkezi Yönetmeliği,https://www.resmigazete.gov.tr/eskiler/2023/09/20230929-1.htm
2023-09-29,"–– Anayasa Mahkemesinin 4/5/2023 Tarihli ve E: 2022/36, K: 2023/84 Sayılı Kararı",https://www.resmigazete.gov.tr/eskiler/2023/09/20230929-2.pdf
2023-09-29,"–– Anayasa Mahkemesinin 22/6/2023 Tarihli ve E: 2022/113, K: 2023/112 Sayılı Kararı",https://www.resmigazete.gov.tr/eskiler/2023/09/20230929-3.pdf
2023-09-29,–– Anayasa Mahkemesinin 2/5/2023 Tarihli ve 2018/24097 Başvuru Numaralı Kararı,https://www.resmigazete.gov.tr/eskiler/2023/09/20230929-4.pdf
2023-09-29,–– Anayasa Mahkemesinin 11/5/2023 Tarihli ve 2021/24596 Başvuru Numaralı Kararı,https://www.resmigazete.gov.tr/eskiler/2023/09/20230929-5.pdf
2023-09-29,–– Anayasa Mahkemesinin 24/5/2023 Tarihli ve 2021/8864 Başvuru Numaralı Kararı,https://www.resmigazete.gov.tr/eskiler/2023/09/20230929-6.pdf
2023-09-29,–– Yargıtay 7. Hukuk Dairesine Ait Karar,https://www.resmigazete.gov.tr/eskiler/2023/09/20230929-7.pdf
2023-09-29,a - Yargı İlânı,http://www.resmigazete.gov.tr/main.aspx?home=http://www.resmigazete.gov.tr/ilanlar/eskiilanlar/2023/09/20230929.htm&main=http://www.resmigazete.gov.tr/ilanlar/eskiilanlar/2023/09/20230929-2.htm
2023-09-29,"b - Artırma, Eksiltme ve İhale İlânları",http://www.resmigazete.gov.tr/main.aspx?home=http://www.resmigazete.gov.tr/ilanlar/eskiilanlar/2023/09/20230929.htm&main=http://www.resmigazete.gov.tr/ilanlar/eskiilanlar/2023/09/20230929-3.htm
2023-09-29,c - Çeşitli İlânlar,http://www.resmigazete.gov.tr/main.aspx?home=http://www.resmigazete.gov.tr/ilanlar/eskiilanlar/2023/09/20230929.htm&main=http://www.resmigazete.gov.tr/ilanlar/eskiilanlar/2023/09/20230929-4.htm
2023-09-29,– T.C. Merkez Bankasınca Belirlenen Döviz Kurları ve Devlet İç Borçlanma Senetlerinin Günlük Değerleri,http://www.resmigazete.gov.tr/main.aspx?home=http://www.resmigazete.gov.tr/ilanlar/eskiilanlar/2023/09/20230929.htm&main=http://www.resmigazete.gov.tr/ilanlar/eskiilanlar/2023/09/20230929-5.htm
2023-09-30,–– Ankara Üniversitesi Ön Lisans ve Lisans Eğitim-Öğretim Yönetmeliğinde Değişiklik Yapılmasına Dair Yönetmelik,https://www.resmigazete.gov.tr/eskiler/2023/09/20230930-1.htm
2023-09-30,–– Gebze Teknik Üniversitesi Akıllı Tarım Uygulama ve Araştırma Merkezi Yönetmeliğinde Değişiklik Yapılmasına Dair Yönetmelik,https://www.resmigazete.gov.tr/eskiler/2023/09/20230930-2.htm
2023-09-30,–– Gebze Teknik Üniversitesi Alüminyum Araştırma ve Uygulama Merkezi Yönetmeliği,https://www.resmigazete.gov.tr/eskiler/2023/09/20230930-3.htm
2023-09-30,–– Gebze Teknik Üniversitesi Kadın ve Aile Çalışmaları Uygulama ve Araştırma Merkezi Yönetmeliğinde Değişiklik Yapılmasına Dair Yönetmelik,https://www.resmigazete.gov.tr/eskiler/2023/09/20230930-4.htm
2023-09-30,–– Gebze Teknik Üniversitesi Kültürel Mirası Koruma Uygulama ve Araştırma Merkezi (KMA-BKM) Yönetmeliğinde Değişiklik Yapılmasına Dair Yönetmelik,https://www.resmigazete.gov.tr/eskiler/2023/09/20230930-5.htm
2023-09-30,–– Gebze Teknik Üniversitesi Marmara Afetlerle Baş Edebilir Yapılar İçin Uygulama ve Araştırma Merkezi Yönetmeliğinde Değişiklik Yapılmasına Dair Yönetmelik,https://www.resmigazete.gov.tr/eskiler/2023/09/20230930-6.htm
2023-09-30,–– Gebze Teknik Üniversitesi Merkez Araştırma Laboratuvarı Uygulama ve Araştırma Merkezi Yönetmeliğinde Değişiklik Yapılmasına Dair Yönetmelik,https://www.resmigazete.gov.tr/eskiler/2023/09/20230930-7.htm
2023-09-30,–– Gebze Teknik Üniversitesi Nanoteknoloji Araştırma ve Uygulama Merkezi Yönetmeliği,https://www.resmigazete.gov.tr/eskiler/2023/09/20230930-8.htm
2023-09-30,"–– Enerji Piyasası Düzenleme Kurulunun 28/09/2023 Tarihli ve 12095, 12096, 12097, 12101, 12102, 12103, 12104 ve 12108 Sayılı Kararları",https://www.resmigazete.gov.tr/eskiler/2023/09/20230930-9.pdf
2023-09-30,a - Yargı İlânları,http://www.resmigazete.gov.tr/main.aspx?home=http://www.resmigazete.gov.tr/ilanlar/eskiilanlar/2023/09/20230930.htm&main=http://www.resmigazete.gov.tr/ilanlar/eskiilanlar/2023/09/20230930-2.htm
2023-09-30,"b - Artırma, Eksiltme ve İhale İlânları",http://www.resmigazete.gov.tr/main.aspx?home=http://www.resmigazete.gov.tr/ilanlar/eskiilanlar/2023/09/20230930.htm&main=http://www.resmigazete.gov.tr/ilanlar/eskiilanlar/2023/09/20230930-3.htm
2023-09-30,c - Çeşitli İlânlar,http://www.resmigazete.gov.tr/main.aspx?home=http://www.resmigazete.gov.tr/ilanlar/eskiilanlar/2023/09/20230930.htm&main=http://www.resmigazete.gov.tr/ilanlar/eskiilanlar/2023/09/20230930-4.htm
2023-09-30,– T.C. Merkez Bankasınca Belirlenen Döviz Kurları ve Devlet İç Borçlanma Senetlerinin Günlük Değerleri,http://www.resmigazete.gov.tr/main.aspx?home=http://www.resmigazete.gov.tr/ilanlar/eskiilanlar/2023/09/20230930.htm&main=http://www.resmigazete.gov.tr/ilanlar/eskiilanlar/2023/09/20230930-5.htm
2023-10-01,–– Sigorta ve Reasürans ile Emeklilik Şirketlerinin Finansal Tablolarının Sunumu Hakkında Tebliğ,https://www.resmigazete.gov.tr/eskiler/2023/10/20231001-1.htm
2023-10-01,–– Sigortacılık Tekdüzen Hesap Planı ve İzahnamesi Hakkında Tebliğ,https://www.resmigazete.gov.tr/eskiler/2023/10/20231001-2.htm
2023-10-01,–– Yüksek Seçim Kurulunun 28/09/2023 Tarihli ve 2023/1429 Sayılı Kararı,https://www.resmigazete.gov.tr/eskiler/2023/10/20231001-3.pdf
2023-10-01,a - Yargı İlânları,http://www.resmigazete.gov.tr/main.aspx?home=http://www.resmigazete.gov.tr/ilanlar/eskiilanlar/2023/10/20231001.htm&main=http://www.resmigazete.gov.tr/ilanlar/eskiilanlar/2023/10/20231001-2.htm
2023-10-01,"b - Artırma, Eksiltme ve İhale İlânları",http://www.resmigazete.gov.tr/main.aspx?home=http://www.resmigazete.gov.tr/ilanlar/eskiilanlar/2023/10/20231001.htm&main=http://www.resmigazete.gov.tr/ilanlar/eskiilanlar/2023/10/20231001-3.htm
2023-10-01,c - Çeşitli İlânlar,http://www.resmigazete.gov.tr/main.aspx?home=http://www.resmigazete.gov.tr/ilanlar/eskiilanlar/2023/10/20231001.htm&main=http://www.resmigazete.gov.tr/ilanlar/eskiilanlar/2023/10/20231001-4.htm
2023-10-01,– T.C. Merkez Bankasınca Belirlenen Devlet İç Borçlanma Senetlerinin Günlük Değerleri,http://www.resmigazete.gov.tr/main.aspx?home=http://www.resmigazete.gov.tr/ilanlar/eskiilanlar/2023/10/20231001.htm&main=http://www.resmigazete.gov.tr/ilanlar/eskiilanlar/2023/10/20231001-5.htm
2023-10-02,–– Afyon Kocatepe Üniversitesi Lisansüstü Eğitim-Öğretim ve Sınav Yönetmeliği,https://www.resmigazete.gov.tr/eskiler/2023/10/20231002-1.htm
2023-10-02,–– 2023 Yılı Temmuz Ayına Ait Yatırım Teşvik Belgeleri Listesi,https://www.resmigazete.gov.tr/eskiler/2023/10/20231002-2.pdf
2023-10-02,–– 2023 Yılı Temmuz Ayına Ait Tamamlama Vizesi Yapılan Yatırım Teşvik Belgeleri Listesi,https://www.resmigazete.gov.tr/eskiler/2023/10/20231002-3.pdf
2023-10-02,–– 2023 Yılı Temmuz Ayına Ait İptal Edilen Yatırım Teşvik Belgeleri Listesi,https://www.resmigazete.gov.tr/eskiler/2023/10/20231002-4.pdf
2023-10-02,a - Yargı İlânları,http://www.resmigazete.gov.tr/main.aspx?home=http://www.resmigazete.gov.tr/ilanlar/eskiilanlar/2023/10/20231002.htm&main=http://www.resmigazete.gov.tr/ilanlar/eskiilanlar/2023/10/20231002-2.htm
2023-10-02,"b - Artırma, Eksiltme ve İhale İlânları",http://www.resmigazete.gov.tr/main.aspx?home=http://www.resmigazete.gov.tr/ilanlar/eskiilanlar/2023/10/20231002.htm&main=http://www.resmigazete.gov.tr/ilanlar/eskiilanlar/2023/10/20231002-3.htm
2023-10-02,c - Çeşitli İlânlar,http://www.resmigazete.gov.tr/main.aspx?home=http://www.resmigazete.gov.tr/ilanlar/eskiilanlar/2023/10/20231002.htm&main=http://www.resmigazete.gov.tr/ilanlar/eskiilanlar/2023/10/20231002-4.htm
2023-10-02,– T.C. Merkez Bankasınca Belirlenen Devlet İç Borçlanma Senetlerinin Günlük Değerleri,http://www.resmigazete.gov.tr/main.aspx?home=http://www.resmigazete.gov.tr/ilanlar/eskiilanlar/2023/10/20231002.htm&main=http://www.resmigazete.gov.tr/ilanlar/eskiilanlar/2023/10/20231002-5.htm
2023-10-02,"2/10/2023 tarihli ve 32327 mükerrer sayılı Resmî Gazete’de, Cumhurbaşkanı Kararı yayımlanmıştır.",http://www.resmigazete.gov.tr/eskiler/2023/10/20231002M1.htm
2023-10-03,–– Ilıcak Regülatörü ve HES Üretim Tesisinin Yapımı Amacıyla Şırnak İlinde Bulunan Bazı Taşınmazların Enerji Piyasası Düzenleme Kurumu Tarafından Acele Kamulaştırılması Hakkında Karar (Karar Sayısı: 7665),https://www.resmigazete.gov.tr/eskiler/2023/10/20231003-1.pdf
2023-10-03,"–– Mersin İli, Akdeniz İlçesinde İlan Edilen Rezerv Yapı Alanı İçerisinde Bulunan Bazı Taşınmazların, Çoğunluğu İmar Mevzuatına Aykırı Olan, Afet Riski Taşıyan, Genel Asayiş ve Güvenlik Yönünden Sakınca Teşkil Eden Yapıların Tasfiye Edilerek Ulaşım ve Altyapısıyla Birlikte Fen ve Sanat Kurallarına Uygun, Sağlıklı ve Güvenli Yaşam Alanlarının Oluşturulması Amacıyla Çevre, Şehircilik ve İklim Değişikliği Bakanlığı Tarafından Acele Kamulaştırılması Hakkında Karar (Karar Sayısı: 7666)",https://www.resmigazete.gov.tr/eskiler/2023/10/20231003-2.pdf
2023-10-03,"–– Samsun İli, Çarşamba İlçesi, Esençay Mahallesi Sınırları İçerisinde Yer Alan Abdioğlu Sokağı ile Poluçlar Sokağının Aynı İlin Tekkeköy İlçesi, Yağbasan Mahallesine Bağlanması Hakkında Karar (Karar Sayısı: 7667)",https://www.resmigazete.gov.tr/eskiler/2023/10/20231003-3.pdf
2023-10-03,"–– Adıyaman İli, Merkez İlçesinde Bulunan Alanın Adıyaman Kayaönü Sanayi Alanı Olarak Belirlenmesi Hakkında Karar (Karar Sayısı: 7668)",https://www.resmigazete.gov.tr/eskiler/2023/10/20231003-4.pdf
2023-10-03,"–– Kahramanmaraş İli, Dulkadiroğlu ve Pazarcık İlçelerinde Bulunan Bazı Alanların Sanayi Alanı Olarak Belirlenmesi Hakkında Karar (Karar Sayısı: 7669)",https://www.resmigazete.gov.tr/eskiler/2023/10/20231003-5.pdf
2023-10-03,"–– Malatya İli, Battalgazi İlçesinde Bulunan Alanın Malatya Battalgazi Fırıncı Sanayi Alanı Olarak Belirlenmesi Hakkında Karar (Karar Sayısı: 7670)",https://www.resmigazete.gov.tr/eskiler/2023/10/20231003-6.pdf
2023-10-03,–– Hububatta 2023 Üretim Yılı Mazot ve Gübre Desteklerinin 2023 Yılında Ödenebilmesine ve Bu Ödemelere İlişkin Finansman Maliyetlerinin Karşılanmasına İlişkin Karar (Karar Sayısı: 7671),https://www.resmigazete.gov.tr/eskiler/2023/10/20231003-7.pdf
2023-10-03,"–– Çevre, Şehircilik ve İklim Değişikliği Bakanlığı Tapu ve Kadastro Genel Müdürlüğü Tarafından 4734 Sayılı Kamu İhale Kanununun 3 üncü Maddesinin (b) Bendi Kapsamında Yapılacak Alımlara İlişkin Usul ve Esaslar (Karar Sayısı: 7672)",https://www.resmigazete.gov.tr/eskiler/2023/10/20231003-8.pdf
2023-10-03,–– Kamulaştırma Bilgileri ve Güzergâhları Gösterilen Enerji Nakil Hatlarının Yapımı Amacıyla Bazı Taşınmazların Türkiye Elektrik Dağıtım Anonim Şirketi Genel Müdürlüğü Tarafından Acele Kamulaştırılması Hakkında Karar (Karar Sayısı: 7674),https://www.resmigazete.gov.tr/eskiler/2023/10/20231003-14.pdf
2023-10-03,"–– Yozgat İli, Sorgun İlçesinde S:202001355 Numaralı IV. Grup Maden (Linyit) İşletme Ruhsatlı Sahada, Ruhsata Konu Maden Üretimine Devam Edilebilmesi İçin Bazı Taşınmazların Maden ve Petrol İşleri Genel Müdürlüğü Tarafından Acele Kamulaştırılması Hakkında Karar (Karar Sayısı: 7675)",https://www.resmigazete.gov.tr/eskiler/2023/10/20231003-15.pdf
2023-10-03,"–– Ağrı İli Sınırları İçerisinde Bulunan S:55411 Numaralı IV. Grup Maden (Altın+Gümüş) İşletme Ruhsatlı Sahada, Ruhsata Konu Maden Üretimine Devam Edilebilmesi İçin Bazı Taşınmazların Maden ve Petrol İşleri Genel Müdürlüğü Tarafından Acele Kamulaştırılması Hakkında Karar (Karar Sayısı: 7676)",https://www.resmigazete.gov.tr/eskiler/2023/10/20231003-16.pdf
2023-10-03,"–– Samsun İli, Canik İlçesinde İnşa Edilen Samsun Şehir Hastanesine Ulaşımı Sağlayacak Olan Yol Güzergâhında Kalan Bazı Taşınmazların Samsun Büyükşehir Belediye Başkanlığı Tarafından Acele Kamulaştırılması Hakkında Karar (Karar Sayısı: 7677)",https://www.resmigazete.gov.tr/eskiler/2023/10/20231003-17.pdf
2023-10-03,"–– Rize İli, Derepazarı İlçesi, Eriklimanı Mahallesi Sınırları İçerisinde Yer Alan Bazı Alanların Kentsel Dönüşüm ve Gelişim Proje Alanı İlan Edilmesi Hakkında Karar (Karar Sayısı: 7678)",https://www.resmigazete.gov.tr/eskiler/2023/10/20231003-18.pdf
2023-10-03,"–– Malatya İli, Battalgazi İlçesinde Bulunan ve Ekli Haritada Sınırları Gösterilen Alanların Eski Malatya Battalgazi Sanayi Alanı Olarak Belirlenmesi Hakkında Karar (Karar Sayısı: 7679)",https://www.resmigazete.gov.tr/eskiler/2023/10/20231003-19.pdf
2023-10-03,"–– Şanlıurfa İli, Akçakale İlçesinde Bulunan ve Ekli Haritada Sınırları Gösterilen Alanın Şanlıurfa Akçakale Sanayi Alanı Olarak Belirlenmesi Hakkında Karar (Karar Sayısı: 7680)",https://www.resmigazete.gov.tr/eskiler/2023/10/20231003-20.pdf
2023-10-03,–– Gençlik ve Spor Bakanlığı Spor Müşavirleri Yönetmeliği (Karar Sayısı: 7673),https://www.resmigazete.gov.tr/eskiler/2023/10/20231003-9.pdf
2023-10-03,"–– Anayasa Mahkemesinin 1/6/2023 Tarihli ve E: 2020/70, K: 2023/106 Sayılı Kararı",https://www.resmigazete.gov.tr/eskiler/2023/10/20231003-10.pdf
2023-10-03,–– Anayasa Mahkemesinin 24/5/2023 Tarihli ve 2020/442 Başvuru Numaralı Kararı,https://www.resmigazete.gov.tr/eskiler/2023/10/20231003-11.pdf
2023-10-03,–– Anayasa Mahkemesinin 24/5/2023 Tarihli ve 2020/31007 Başvuru Numaralı Kararı,https://www.resmigazete.gov.tr/eskiler/2023/10/20231003-12.pdf
2023-10-03,–– Anayasa Mahkemesinin 24/5/2023 Tarihli ve 2020/34667 Başvuru Numaralı Kararı,https://www.resmigazete.gov.tr/eskiler/2023/10/20231003-13.pdf
2023-10-03,a - Yargı İlânı,http://www.resmigazete.gov.tr/main.aspx?home=http://www.resmigazete.gov.tr/ilanlar/eskiilanlar/2023/10/20231003.htm&main=http://www.resmigazete.gov.tr/ilanlar/eskiilanlar/2023/10/20231003-2.htm
2023-10-03,"b - Artırma, Eksiltme ve İhale İlânları",http://www.resmigazete.gov.tr/main.aspx?home=http://www.resmigazete.gov.tr/ilanlar/eskiilanlar/2023/10/20231003.htm&main=http://www.resmigazete.gov.tr/ilanlar/eskiilanlar/2023/10/20231003-3.htm
2023-10-03,c - Çeşitli İlânlar,http://www.resmigazete.gov.tr/main.aspx?home=http://www.resmigazete.gov.tr/ilanlar/eskiilanlar/2023/10/20231003.htm&main=http://www.resmigazete.gov.tr/ilanlar/eskiilanlar/2023/10/20231003-4.htm
2023-10-03,– T.C. Merkez Bankasınca Belirlenen Döviz Kurları ve Devlet İç Borçlanma Senetlerinin Günlük Değerleri,http://www.resmigazete.gov.tr/main.aspx?home=http://www.resmigazete.gov.tr/ilanlar/eskiilanlar/2023/10/20231003.htm&main=http://www.resmigazete.gov.tr/ilanlar/eskiilanlar/2023/10/20231003-5.htm
2023-10-04,–– Tek Hazine Kurumlar Hesabı Uygulamasına İlişkin Yönetmelikte Değişiklik Yapılmasına Dair Yönetmelik,https://www.resmigazete.gov.tr/eskiler/2023/10/20231004-1.htm
2023-10-04,–– Fikir ve Sanat Eserlerini İçeren Taşıyıcı Materyaller ile Bu Eserlerin Çoğaltılmasına Yarayan Teknik Cihazların Bedellerinden Yapılan Kesintilerin Kullanımına İlişkin Usul ve Esaslar Hakkında Yönetmelikte Değişiklik Yapılmasına Dair Yönetmelik,https://www.resmigazete.gov.tr/eskiler/2023/10/20231004-2.htm
2023-10-04,–– Yükseköğretim Kurumlarının Yurt Dışı Yükseköğretim Kurumlarıyla Ortak Eğitim Öğretim Programlarına Dair Yönetmelikte Değişiklik Yapılmasına Dair Yönetmelik,https://www.resmigazete.gov.tr/eskiler/2023/10/20231004-3.htm
2023-10-04,"–– Anayasa Mahkemesinin 18/5/2023 Tarihli ve E: 2020/42, K: 2023/99 Sayılı Kararı",https://www.resmigazete.gov.tr/eskiler/2023/10/20231004-4.pdf
2023-10-04,"a - Artırma, Eksiltme ve İhale İlânları",http://www.resmigazete.gov.tr/main.aspx?home=http://www.resmigazete.gov.tr/ilanlar/eskiilanlar/2023/10/20231004.htm&main=http://www.resmigazete.gov.tr/ilanlar/eskiilanlar/2023/10/20231004-3.htm
2023-10-04,b - Çeşitli İlânlar,http://www.resmigazete.gov.tr/main.aspx?home=http://www.resmigazete.gov.tr/ilanlar/eskiilanlar/2023/10/20231004.htm&main=http://www.resmigazete.gov.tr/ilanlar/eskiilanlar/2023/10/20231004-4.htm
2023-10-04,– T.C. Merkez Bankasınca Belirlenen Döviz Kurları ve Devlet İç Borçlanma Senetlerinin Günlük Değerleri,http://www.resmigazete.gov.tr/main.aspx?home=http://www.resmigazete.gov.tr/ilanlar/eskiilanlar/2023/10/20231004.htm&main=http://www.resmigazete.gov.tr/ilanlar/eskiilanlar/2023/10/20231004-5.htm
2023-10-05,–– Boğaziçi Üniversitesi Teknoloji Geliştirme Bölgesinin Sınırlarının Değiştirilmesi Hakkında Karar (Karar Sayısı: 7687),https://www.resmigazete.gov.tr/eskiler/2023/10/20231005-1.pdf
2023-10-05,–– Sınır ve Koordinatları Gösterilen Alanın “Boğaziçi Üniversitesi Kandilli Teknoloji Geliştirme Bölgesi” Olarak Tespit Edilmesi Hakkında Karar (Karar Sayısı: 7688),https://www.resmigazete.gov.tr/eskiler/2023/10/20231005-2.pdf
2023-10-05,"–– Bolu Abant İzzet Baysal Üniversitesi Önlisans, Lisans Eğitim-Öğretim Yönetmeliğinde Değişiklik Yapılmasına Dair Yönetmelik",https://www.resmigazete.gov.tr/eskiler/2023/10/20231005-3.htm
2023-10-05,–– Ulusal Taşıt Tanıma Sistemi Uygulama Genel Tebliği (Sıra No: 1),https://www.resmigazete.gov.tr/eskiler/2023/10/20231005-4.htm
2023-10-05,–– TRPOS Ödeme Kuruluşu AŞ’ye Ödeme Kuruluşu Olarak Faaliyet Göstermek Üzere Faaliyet İzni Verilmesine İlişkin Karar,https://www.resmigazete.gov.tr/eskiler/2023/10/20231005-5.pdf
2023-10-05,a - Yargı İlânları,http://www.resmigazete.gov.tr/main.aspx?home=http://www.resmigazete.gov.tr/ilanlar/eskiilanlar/2023/10/20231005.htm&main=http://www.resmigazete.gov.tr/ilanlar/eskiilanlar/2023/10/20231005-2.htm
2023-10-05,"b - Artırma, Eksiltme ve İhale İlânları",http://www.resmigazete.gov.tr/main.aspx?home=http://www.resmigazete.gov.tr/ilanlar/eskiilanlar/2023/10/20231005.htm&main=http://www.resmigazete.gov.tr/ilanlar/eskiilanlar/2023/10/20231005-3.htm
2023-10-05,c - Çeşitli İlânlar,http://www.resmigazete.gov.tr/main.aspx?home=http://www.resmigazete.gov.tr/ilanlar/eskiilanlar/2023/10/20231005.htm&main=http://www.resmigazete.gov.tr/ilanlar/eskiilanlar/2023/10/20231005-4.htm
2023-10-05,– T.C. Merkez Bankasınca Belirlenen Döviz Kurları ve Devlet İç Borçlanma Senetlerinin Günlük Değerleri,http://www.resmigazete.gov.tr/main.aspx?home=http://www.resmigazete.gov.tr/ilanlar/eskiilanlar/2023/10/20231005.htm&main=http://www.resmigazete.gov.tr/ilanlar/eskiilanlar/2023/10/20231005-5.htm
2023-10-06,–– 7452 Sayılı Olağanüstü Hal Kapsamında Yerleşme ve Yapılaşmaya İlişkin Cumhurbaşkanlığı Kararnamesinin Kabul Edilmesine Dair Kanunun Ek 1 inci Maddesi Kapsamında Yapılacak Yeni Yapıların Bulunduğu Parsellerin Maliki Olan Gerçek veya Tüzel Kişilere Hibe ve Yapım Kredisi Verilmesine İlişkin Usul ve Esaslar Hakkında Karar (Karar Sayısı: 7700),https://www.resmigazete.gov.tr/eskiler/2023/10/20231006-1.pdf
2023-10-06,–– Adilcevaz İlçesi Doğal Gaz Boru Hattı Projesinin Gerçekleştirilmesi Amacıyla Bazı Taşınmazların Boru Hatları ile Petrol Taşıma Anonim Şirketi Genel Müdürlüğü Tarafından Acele Kamulaştırılması Hakkında Karar (Karar Sayısı: 7701),https://www.resmigazete.gov.tr/eskiler/2023/10/20231006-2.pdf
2023-10-06,–– 6461 Sayılı Türkiye Demiryolu Ulaştırmasının Serbestleştirilmesi Hakkında Kanunun Geçici 3 üncü Maddesinin Birinci Fıkrası ile Geçici 4 üncü Maddesinin Birinci ve İkinci Fıkralarında Yer Alan Sürelerin 31/12/2033 Tarihine Kadar Uzatılması Hakkında Karar (Karar Sayısı: 7702),https://www.resmigazete.gov.tr/eskiler/2023/10/20231006-3.pdf
2023-10-06,–– Kamu Hizmeti Yükümlülüğü Kapsamında Desteklenecek Demiryolu Yolcu Taşıma Hatları ile Kamu Hizmeti Yükümlüsü Tren İşletmecisinin Belirlenmesine İlişkin Yönetmelikte Değişiklik Yapılmasına Dair Yönetmelik (Karar Sayısı: 7703),https://www.resmigazete.gov.tr/eskiler/2023/10/20231006-4.pdf
2023-10-06,–– Yükseköğretim Kurulu Rektörler Komitesi Kurulması Hakkında Yönetmeliğin Yürürlükten Kaldırılmasına Dair Yönetmelik,https://www.resmigazete.gov.tr/eskiler/2023/10/20231006-5.htm
2023-10-06,–– Yükseköğretim Üst Kuruluşları ile Yükseköğretim Kurumları Sicil Yönetmeliğinin Yürürlükten Kaldırılmasına Dair Yönetmelik,https://www.resmigazete.gov.tr/eskiler/2023/10/20231006-6.htm
2023-10-06,"–– Anayasa Mahkemesinin 28/9/2023 Tarihli ve E: 2023/131, K: 2023/160 Sayılı Kararı",https://www.resmigazete.gov.tr/eskiler/2023/10/20231006-9.pdf
2023-10-06,–– Anayasa Mahkemesinin 8/6/2023 Tarihli ve 2019/17969 Başvuru Numaralı Kararı,https://www.resmigazete.gov.tr/eskiler/2023/10/20231006-7.pdf
2023-10-06,–– Anayasa Mahkemesinin 8/6/2023 Tarihli ve 2019/19717 Başvuru Numaralı Kararı,https://www.resmigazete.gov.tr/eskiler/2023/10/20231006-8.pdf
2023-10-06,"a - Artırma, Eksiltme ve İhale İlânları",http://www.resmigazete.gov.tr/main.aspx?home=http://www.resmigazete.gov.tr/ilanlar/eskiilanlar/2023/10/20231006.htm&main=http://www.resmigazete.gov.tr/ilanlar/eskiilanlar/2023/10/20231006-3.htm
2023-10-06,b - Çeşitli İlânlar,http://www.resmigazete.gov.tr/main.aspx?home=http://www.resmigazete.gov.tr/ilanlar/eskiilanlar/2023/10/20231006.htm&main=http://www.resmigazete.gov.tr/ilanlar/eskiilanlar/2023/10/20231006-4.htm
2023-10-06,– T.C. Merkez Bankasınca Belirlenen Döviz Kurları ve Devlet İç Borçlanma Senetlerinin Günlük Değerleri,http://www.resmigazete.gov.tr/main.aspx?home=http://www.resmigazete.gov.tr/ilanlar/eskiilanlar/2023/10/20231006.htm&main=http://www.resmigazete.gov.tr/ilanlar/eskiilanlar/2023/10/20231006-5.htm
2023-10-07,"–– Cumhurbaşkanlığı Tarafından Yapılan Atamalar Hakkında Kararlar (Karar: 2023/445, 446, 447, 448, 449, 450, 451, 452, 453, 454, 455)",https://www.resmigazete.gov.tr/eskiler/2023/10/20231007-13.pdf
2023-10-07,–– Dışişleri Bakanlığı Disiplin Amirleri Yönetmeliği,https://www.resmigazete.gov.tr/eskiler/2023/10/20231007-1.htm
2023-10-07,–– Tıpta ve Diş Hekimliğinde Uzmanlık Eğitimi Yönetmeliğinde Değişiklik Yapılmasına Dair Yönetmelik,https://www.resmigazete.gov.tr/eskiler/2023/10/20231007-2.htm
2023-10-07,–– Ödeme Hizmetleri ve Elektronik Para İhracı ile Ödeme Hizmeti Sağlayıcıları Hakkında Yönetmelikte Değişiklik Yapılmasına Dair Yönetmelik,https://www.resmigazete.gov.tr/eskiler/2023/10/20231007-3.htm
2023-10-07,–– Serbest Muhasebeci Mali Müşavirlik ve Yeminli Mali Müşavirlik Kanunu Disiplin Yönetmeliğinde Değişiklik Yapılmasına Dair Yönetmelik,https://www.resmigazete.gov.tr/eskiler/2023/10/20231007-4.htm
2023-10-07,–– Kütahya Sağlık Bilimleri Üniversitesi Ağız ve Diş Sağlığı Uygulama ve Araştırma Merkezi Yönetmeliğinde Değişiklik Yapılmasına Dair Yönetmelik,https://www.resmigazete.gov.tr/eskiler/2023/10/20231007-5.htm
2023-10-07,–– Vergi Usul Kanunu Genel Tebliği (Sıra No: 527)’nde Değişiklik Yapılmasına Dair Tebliğ (Sıra No: 549),https://www.resmigazete.gov.tr/eskiler/2023/10/20231007-6.htm
2023-10-07,–– Vergi Usul Kanunu Genel Tebliği (Sıra No: 509)’nde Değişiklik Yapılmasına Dair Tebliğ (Sıra No: 550),https://www.resmigazete.gov.tr/eskiler/2023/10/20231007-7.htm
2023-10-07,–– Vergi Usul Kanunu Genel Tebliği (Sıra No: 551),https://www.resmigazete.gov.tr/eskiler/2023/10/20231007-8.htm
2023-10-07,–– Vergi Usul Kanunu Genel Tebliği (Sıra No: 552),https://www.resmigazete.gov.tr/eskiler/2023/10/20231007-9.htm
2023-10-07,–– Vergi Usul Kanunu Genel Tebliği (Sıra No: 531)’nde Değişiklik Yapılmasına Dair Tebliğ (Sıra No: 553),https://www.resmigazete.gov.tr/eskiler/2023/10/20231007-10.htm
2023-10-07,–– İthalatta Haksız Rekabetin Önlenmesine İlişkin Tebliğ (No: 2023/30),https://www.resmigazete.gov.tr/eskiler/2023/10/20231007-11.htm
2023-10-07,–– Ödeme ve Elektronik Para Kuruluşlarının Bilgi Sistemleri ile Ödeme Hizmeti Sağlayıcılarının Ödeme Hizmetleri Alanındaki Veri Paylaşım Servislerine İlişkin Tebliğde Değişiklik Yapılmasına Dair Tebliğ,https://www.resmigazete.gov.tr/eskiler/2023/10/20231007-12.htm
2023-10-07,"a - Artırma, Eksiltme ve İhale İlânları",http://www.resmigazete.gov.tr/main.aspx?home=http://www.resmigazete.gov.tr/ilanlar/eskiilanlar/2023/10/20231007.htm&main=http://www.resmigazete.gov.tr/ilanlar/eskiilanlar/2023/10/20231007-3.htm
2023-10-07,b - Çeşitli İlânlar,http://www.resmigazete.gov.tr/main.aspx?home=http://www.resmigazete.gov.tr/ilanlar/eskiilanlar/2023/10/20231007.htm&main=http://www.resmigazete.gov.tr/ilanlar/eskiilanlar/2023/10/20231007-4.htm
2023-10-07,– T.C. Merkez Bankasınca Belirlenen Döviz Kurları ve Devlet İç Borçlanma Senetlerinin Günlük Değerleri,http://www.resmigazete.gov.tr/main.aspx?home=http://www.resmigazete.gov.tr/ilanlar/eskiilanlar/2023/10/20231007.htm&main=http://www.resmigazete.gov.tr/ilanlar/eskiilanlar/2023/10/20231007-5.htm
2023-10-08,–– Erciyes Üniversitesi Ön Lisans ve Lisans Eğitim-Öğretim Yönetmeliği,https://www.resmigazete.gov.tr/eskiler/2023/10/20231008-1.htm
2023-10-08,–– Piri Reis Üniversitesi İngilizce Hazırlık Bölümü Eğitim-Öğretim ve Sınav Yönetmeliği,https://www.resmigazete.gov.tr/eskiler/2023/10/20231008-2.htm
2023-10-08,–– Piri Reis Üniversitesi Ön Lisans ve Lisans Eğitim-Öğretim ve Sınav Yönetmeliği,https://www.resmigazete.gov.tr/eskiler/2023/10/20231008-3.htm
2023-10-08,a - Yargı İlânları,http://www.resmigazete.gov.tr/main.aspx?home=http://www.resmigazete.gov.tr/ilanlar/eskiilanlar/2023/10/20231008.htm&main=http://www.resmigazete.gov.tr/ilanlar/eskiilanlar/2023/10/20231008-2.htm
2023-10-08,"b - Artırma, Eksiltme ve İhale İlânları",http://www.resmigazete.gov.tr/main.aspx?home=http://www.resmigazete.gov.tr/ilanlar/eskiilanlar/2023/10/20231008.htm&main=http://www.resmigazete.gov.tr/ilanlar/eskiilanlar/2023/10/20231008-3.htm
2023-10-08,c - Çeşitli İlânlar,http://www.resmigazete.gov.tr/main.aspx?home=http://www.resmigazete.gov.tr/ilanlar/eskiilanlar/2023/10/20231008.htm&main=http://www.resmigazete.gov.tr/ilanlar/eskiilanlar/2023/10/20231008-4.htm
2023-10-08,– T.C. Merkez Bankasınca Belirlenen Devlet İç Borçlanma Senetlerinin Günlük Değerleri,http://www.resmigazete.gov.tr/main.aspx?home=http://www.resmigazete.gov.tr/ilanlar/eskiilanlar/2023/10/20231008.htm&main=http://www.resmigazete.gov.tr/ilanlar/eskiilanlar/2023/10/20231008-5.htm
2023-10-09,–– Selçuk Üniversitesi Tıp Fakültesi Eğitim-Öğretim ve Sınav Yönetmeliği,https://www.resmigazete.gov.tr/eskiler/2023/10/20231009-1.htm
2023-10-09,–– Tekirdağ Namık Kemal Üniversitesi Öğretim Elemanlarının Teknoloji Geliştirme Bölgelerinde Görevlendirilme ve Şirket Kurabilmelerine Dair Yönetmelik,https://www.resmigazete.gov.tr/eskiler/2023/10/20231009-2.htm
2023-10-09,"a - Artırma, Eksiltme ve İhale İlânları",http://www.resmigazete.gov.tr/main.aspx?home=http://www.resmigazete.gov.tr/ilanlar/eskiilanlar/2023/10/20231009.htm&main=http://www.resmigazete.gov.tr/ilanlar/eskiilanlar/2023/10/20231009-3.htm
2023-10-09,b - Çeşitli İlânlar,http://www.resmigazete.gov.tr/main.aspx?home=http://www.resmigazete.gov.tr/ilanlar/eskiilanlar/2023/10/20231009.htm&main=http://www.resmigazete.gov.tr/ilanlar/eskiilanlar/2023/10/20231009-4.htm
2023-10-09,– T.C. Merkez Bankasınca Belirlenen Devlet İç Borçlanma Senetlerinin Günlük Değerleri,http://www.resmigazete.gov.tr/main.aspx?home=http://www.resmigazete.gov.tr/ilanlar/eskiilanlar/2023/10/20231009.htm&main=http://www.resmigazete.gov.tr/ilanlar/eskiilanlar/2023/10/20231009-5.htm
2023-10-10,–– İthalatta Haksız Rekabetin Önlenmesine İlişkin Tebliğ (No: 2023/27),https://www.resmigazete.gov.tr/eskiler/2023/10/20231010-1.htm
2023-10-10,–– İthalatta Haksız Rekabetin Önlenmesine İlişkin Tebliğ (No: 2023/28),https://www.resmigazete.gov.tr/eskiler/2023/10/20231010-2.htm
2023-10-10,"–– Anayasa Mahkemesinin 5/4/2023 Tarihli ve E: 2019/111, K: 2023/63 Sayılı Kararı",https://www.resmigazete.gov.tr/eskiler/2023/10/20231010-5.pdf
2023-10-10,–– Anayasa Mahkemesinin 25/7/2023 Tarihli ve 2023/18536 Başvuru Numaralı Kararı,https://www.resmigazete.gov.tr/eskiler/2023/10/20231010-3.pdf
2023-10-10,–– Anayasa Mahkemesinin 30/3/2023 Tarihli ve 2019/5680 Başvuru Numaralı Kararı,https://www.resmigazete.gov.tr/eskiler/2023/10/20231010-4.pdf
2023-10-10,"a - Artırma, Eksiltme ve İhale İlânları",http://www.resmigazete.gov.tr/main.aspx?home=http://www.resmigazete.gov.tr/ilanlar/eskiilanlar/2023/10/20231010.htm&main=http://www.resmigazete.gov.tr/ilanlar/eskiilanlar/2023/10/20231010-3.htm
2023-10-10,b - Çeşitli İlânlar,http://www.resmigazete.gov.tr/main.aspx?home=http://www.resmigazete.gov.tr/ilanlar/eskiilanlar/2023/10/20231010.htm&main=http://www.resmigazete.gov.tr/ilanlar/eskiilanlar/2023/10/20231010-4.htm
2023-10-10,– T.C. Merkez Bankasınca Belirlenen Döviz Kurları ve Devlet İç Borçlanma Senetlerinin Günlük Değerleri,http://www.resmigazete.gov.tr/main.aspx?home=http://www.resmigazete.gov.tr/ilanlar/eskiilanlar/2023/10/20231010.htm&main=http://www.resmigazete.gov.tr/ilanlar/eskiilanlar/2023/10/20231010-5.htm
2023-10-11,–– Ankara Üniversitesi Bağımlılıkla Mücadele Uygulama ve Araştırma Merkezi Yönetmeliği,https://www.resmigazete.gov.tr/eskiler/2023/10/20231011-1.htm
2023-10-11,–– Ankara Üniversitesi Dopingle Mücadele Uygulama ve Araştırma Merkezi Yönetmeliği,https://www.resmigazete.gov.tr/eskiler/2023/10/20231011-2.htm
2023-10-11,–– Dahilde İşleme Rejimi Tebliği (İhracat: 2006/12)’nde Değişiklik Yapılmasına Dair Tebliğ (İhracat: 2023/8),https://www.resmigazete.gov.tr/eskiler/2023/10/20231011-3.htm
2023-10-11,"–– Anayasa Mahkemesinin 22/6/2023 Tarihli ve E: 2020/79, K: 2023/113 Sayılı Kararı",https://www.resmigazete.gov.tr/eskiler/2023/10/20231011-4.pdf
2023-10-11,–– Anayasa Mahkemesinin 8/6/2023 Tarihli ve 2019/29020 Başvuru Numaralı Kararı,https://www.resmigazete.gov.tr/eskiler/2023/10/20231011-5.pdf
2023-10-11,–– Anayasa Mahkemesinin 8/6/2023 Tarihli ve 2019/38575 Başvuru Numaralı Kararı,https://www.resmigazete.gov.tr/eskiler/2023/10/20231011-6.pdf
2023-10-11,–– Anayasa Mahkemesinin 20/6/2023 Tarihli ve 2020/22907 Başvuru Numaralı Kararı,https://www.resmigazete.gov.tr/eskiler/2023/10/20231011-7.pdf
2023-10-11,"a - Artırma, Eksiltme ve İhale İlânları",http://www.resmigazete.gov.tr/main.aspx?home=http://www.resmigazete.gov.tr/ilanlar/eskiilanlar/2023/10/20231011.htm&main=http://www.resmigazete.gov.tr/ilanlar/eskiilanlar/2023/10/20231011-3.htm
2023-10-11,b - Çeşitli İlânlar,http://www.resmigazete.gov.tr/main.aspx?home=http://www.resmigazete.gov.tr/ilanlar/eskiilanlar/2023/10/20231011.htm&main=http://www.resmigazete.gov.tr/ilanlar/eskiilanlar/2023/10/20231011-4.htm
2023-10-11,– T.C. Merkez Bankasınca Belirlenen Döviz Kurları ve Devlet İç Borçlanma Senetlerinin Günlük Değerleri,http://www.resmigazete.gov.tr/main.aspx?home=http://www.resmigazete.gov.tr/ilanlar/eskiilanlar/2023/10/20231011.htm&main=http://www.resmigazete.gov.tr/ilanlar/eskiilanlar/2023/10/20231011-5.htm
2023-10-12,1392 Radyo ve Televizyon Üst Kurulu Üyelikleri İçin Yapılan Seçime Dair Karar,https://www.resmigazete.gov.tr/eskiler/2023/10/20231012-4.pdf
2023-10-12,–– Elektronik Kimlik Bilgisini Haiz Cihazların Kayıt Altına Alınmasına Dair Yönetmelikte Değişiklik Yapılmasına İlişkin Yönetmelik,https://www.resmigazete.gov.tr/eskiler/2023/10/20231012-1.htm
2023-10-12,–– Bitkisel Üretimde Biyolojik ve/veya Biyoteknik Mücadele Desteklemelerine Dair Uygulama Tebliği (No: 2023/36),https://www.resmigazete.gov.tr/eskiler/2023/10/20231012-2.htm
2023-10-12,–– Elektronik Kimlik Bilgisini Haiz Cihazların Kayıt Altına Alınmasına Dair Tebliğde Değişiklik Yapılmasına İlişkin Tebliğ,https://www.resmigazete.gov.tr/eskiler/2023/10/20231012-3.htm
2023-10-12,"–– Anayasa Mahkemesinin 13/9/2023 Tarihli ve E: 2023/76, K: 2023/155 Sayılı Kararı",https://www.resmigazete.gov.tr/eskiler/2023/10/20231012-5.pdf
2023-10-12,a - Yargı İlânları,http://www.resmigazete.gov.tr/main.aspx?home=http://www.resmigazete.gov.tr/ilanlar/eskiilanlar/2023/10/20231012.htm&main=http://www.resmigazete.gov.tr/ilanlar/eskiilanlar/2023/10/20231012-2.htm
2023-10-12,"b - Artırma, Eksiltme ve İhale İlânları",http://www.resmigazete.gov.tr/main.aspx?home=http://www.resmigazete.gov.tr/ilanlar/eskiilanlar/2023/10/20231012.htm&main=http://www.resmigazete.gov.tr/ilanlar/eskiilanlar/2023/10/20231012-3.htm
2023-10-12,c - Çeşitli İlânlar,http://www.resmigazete.gov.tr/main.aspx?home=http://www.resmigazete.gov.tr/ilanlar/eskiilanlar/2023/10/20231012.htm&main=http://www.resmigazete.gov.tr/ilanlar/eskiilanlar/2023/10/20231012-4.htm
2023-10-12,– T.C. Merkez Bankasınca Belirlenen Döviz Kurları ve Devlet İç Borçlanma Senetlerinin Günlük Değerleri,http://www.resmigazete.gov.tr/main.aspx?home=http://www.resmigazete.gov.tr/ilanlar/eskiilanlar/2023/10/20231012.htm&main=http://www.resmigazete.gov.tr/ilanlar/eskiilanlar/2023/10/20231012-5.htm
2023-10-13,"1393 Hudut, Şümul ve Miktarı Cumhurbaşkanınca Belirlenecek Türk Silahlı Kuvvetleri Unsurlarının, 1701 (2006) Sayılı Birleşmiş Milletler Güvenlik Konseyi Kararı ve 880 Sayılı Türkiye Büyük Millet Meclisi Kararıyla Tespit Edilen İlkeler Kapsamında 31/10/2023 Tarihinden İtibaren Bir Yıl Daha UNIFIL’e İştirak Etmesi ve Bununla İlgili Gerekli Düzenlemelerin Cumhurbaşkanınca Yapılması İçin Anayasa’nın 92’nci Maddesi Uyarınca İzin Verilmesine Dair Karar",https://www.resmigazete.gov.tr/eskiler/2023/10/20231013-1.pdf
2023-10-13,"1394 Hudut, Şümul, Miktar ve Zamanı Cumhurbaşkanınca Takdir ve Tespit Edilmek Üzere, Türk Silahlı Kuvvetlerinin, Birleşmiş Milletlerin Orta Afrika Cumhuriyeti’nde İcra Ettiği Harekât ve Misyon Kapsamında Yurt Dışına Gönderilmesi ve Cumhurbaşkanınca Verilecek İzin ve Belirlenecek Esaslar Çerçevesinde Bu Kuvvetlerin Kullanılması İçin Verilen İznin Süresinin Anayasa’nın 92’nci Maddesi Uyarınca 31/10/2023 Tarihinden İtibaren Bir Yıl Uzatılmasına Dair Karar",https://www.resmigazete.gov.tr/eskiler/2023/10/20231013-2.pdf
2023-10-13,–– Bayburt Üniversitesi Türkçe Öğretimi Uygulama ve Araştırma Merkezi Yönetmeliği,https://www.resmigazete.gov.tr/eskiler/2023/10/20231013-3.htm
2023-10-13,–– Kadir Has Üniversitesi Lisans Eğitim ve Öğretim Yönetmeliğinde Değişiklik Yapılmasına Dair Yönetmelik,https://www.resmigazete.gov.tr/eskiler/2023/10/20231013-4.htm
2023-10-13,"–– Anayasa Mahkemesinin 13/7/2023 Tarihli ve E: 2022/1 (Değişik İşler), K: 2023/4 Sayılı Kararı",https://www.resmigazete.gov.tr/eskiler/2023/10/20231013-5.pdf
2023-10-13,"–– Anayasa Mahkemesinin 26/7/2023 Tarihli ve E: 2023/32, K: 2023/138 Sayılı Kararı",https://www.resmigazete.gov.tr/eskiler/2023/10/20231013-6.pdf
2023-10-13,"–– Anayasa Mahkemesinin 26/7/2023 Tarihli ve E: 2023/36, K: 2023/142 Sayılı Kararı",https://www.resmigazete.gov.tr/eskiler/2023/10/20231013-7.pdf
2023-10-13,"a - Artırma, Eksiltme ve İhale İlânları",http://www.resmigazete.gov.tr/main.aspx?home=http://www.resmigazete.gov.tr/ilanlar/eskiilanlar/2023/10/20231013.htm&main=http://www.resmigazete.gov.tr/ilanlar/eskiilanlar/2023/10/20231013-3.htm
2023-10-13,b - Çeşitli İlânlar,http://www.resmigazete.gov.tr/main.aspx?home=http://www.resmigazete.gov.tr/ilanlar/eskiilanlar/2023/10/20231013.htm&main=http://www.resmigazete.gov.tr/ilanlar/eskiilanlar/2023/10/20231013-4.htm
2023-10-13,– T.C. Merkez Bankasınca Belirlenen Döviz Kurları ve Devlet İç Borçlanma Senetlerinin Günlük Değerleri,http://www.resmigazete.gov.tr/main.aspx?home=http://www.resmigazete.gov.tr/ilanlar/eskiilanlar/2023/10/20231013.htm&main=http://www.resmigazete.gov.tr/ilanlar/eskiilanlar/2023/10/20231013-5.htm
2023-10-13,"13/10/2023 tarihli ve 32338 mükerrer sayılı Resmî Gazete’de, Türk Gıda Kodeksi Gıda Katkı Maddeleri Yönetmeliği yayımlanmıştır.",http://www.resmigazete.gov.tr/eskiler/2023/10/20231013M1.htm
2023-10-14,–– Millî Eğitim Bakanlığı Okul Öncesi Eğitim ve İlköğretim Kurumları Yönetmeliğinde Değişiklik Yapılmasına Dair Yönetmelik,https://www.resmigazete.gov.tr/eskiler/2023/10/20231014-1.htm
2023-10-14,–– Elektrik Piyasası Lisans Yönetmeliğinde Değişiklik Yapılmasına Dair Yönetmelik,https://www.resmigazete.gov.tr/eskiler/2023/10/20231014-2.htm
2023-10-14,–– Türkiye Cimnastik Federasyonu Ana Statüsünde Değişiklik Yapılmasına Dair Ana Statü,https://www.resmigazete.gov.tr/eskiler/2023/10/20231014-3.htm
2023-10-14,a - Yargı İlânları,http://www.resmigazete.gov.tr/main.aspx?home=http://www.resmigazete.gov.tr/ilanlar/eskiilanlar/2023/10/20231014.htm&main=http://www.resmigazete.gov.tr/ilanlar/eskiilanlar/2023/10/20231014-2.htm
2023-10-14,"b - Artırma, Eksiltme ve İhale İlânları",http://www.resmigazete.gov.tr/main.aspx?home=http://www.resmigazete.gov.tr/ilanlar/eskiilanlar/2023/10/20231014.htm&main=http://www.resmigazete.gov.tr/ilanlar/eskiilanlar/2023/10/20231014-3.htm
2023-10-14,c - Çeşitli İlânlar,http://www.resmigazete.gov.tr/main.aspx?home=http://www.resmigazete.gov.tr/ilanlar/eskiilanlar/2023/10/20231014.htm&main=http://www.resmigazete.gov.tr/ilanlar/eskiilanlar/2023/10/20231014-4.htm
2023-10-14,– T.C. Merkez Bankasınca Belirlenen Döviz Kurları ve Devlet İç Borçlanma Senetlerinin Günlük Değerleri,http://www.resmigazete.gov.tr/main.aspx?home=http://www.resmigazete.gov.tr/ilanlar/eskiilanlar/2023/10/20231014.htm&main=http://www.resmigazete.gov.tr/ilanlar/eskiilanlar/2023/10/20231014-5.htm
2023-10-15,–– Kafkas Üniversitesi Kalite Yönetimi Uygulama ve Araştırma Merkezi Yönetmeliğinin Yürürlükten Kaldırılmasına Dair Yönetmelik,https://www.resmigazete.gov.tr/eskiler/2023/10/20231015-1.htm
2023-10-15,–– Muğla Sıtkı Koçman Üniversitesi Tıp Fakültesi Eğitim-Öğretim ve Sınav Yönetmeliği,https://www.resmigazete.gov.tr/eskiler/2023/10/20231015-2.htm
2023-10-15,a - Yargı İlânları,http://www.resmigazete.gov.tr/main.aspx?home=http://www.resmigazete.gov.tr/ilanlar/eskiilanlar/2023/10/20231015.htm&main=http://www.resmigazete.gov.tr/ilanlar/eskiilanlar/2023/10/20231015-2.htm
2023-10-15,"b - Artırma, Eksiltme ve İhale İlânları",http://www.resmigazete.gov.tr/main.aspx?home=http://www.resmigazete.gov.tr/ilanlar/eskiilanlar/2023/10/20231015.htm&main=http://www.resmigazete.gov.tr/ilanlar/eskiilanlar/2023/10/20231015-3.htm
2023-10-15,c - Çeşitli İlânlar,http://www.resmigazete.gov.tr/main.aspx?home=http://www.resmigazete.gov.tr/ilanlar/eskiilanlar/2023/10/20231015.htm&main=http://www.resmigazete.gov.tr/ilanlar/eskiilanlar/2023/10/20231015-4.htm
2023-10-15,– T.C. Merkez Bankasınca Belirlenen Devlet İç Borçlanma Senetlerinin Günlük Değerleri,http://www.resmigazete.gov.tr/main.aspx?home=http://www.resmigazete.gov.tr/ilanlar/eskiilanlar/2023/10/20231015.htm&main=http://www.resmigazete.gov.tr/ilanlar/eskiilanlar/2023/10/20231015-5.htm
2023-10-16,–– Bazı Cumhurbaşkanlığı Kararnamelerinde Değişiklik Yapılması Hakkında Cumhurbaşkanlığı Kararnamesi (Kararname Numarası: 153),https://www.resmigazete.gov.tr/eskiler/2023/10/20231016-4.pdf
2023-10-16,–– İthalat Rejimi Kararında Değişiklik Yapılmasına İlişkin Karar (Karar Sayısı: 7708),https://www.resmigazete.gov.tr/eskiler/2023/10/20231016-5.pdf
2023-10-16,–– İthalatta İlave Gümrük Vergisi Uygulanmasına İlişkin Kararda Değişiklik Yapılmasına Dair Karar (Karar Sayısı: 7709),https://www.resmigazete.gov.tr/eskiler/2023/10/20231016-6.pdf
2023-10-16,–– İthalat Rejimi Kararında Değişiklik Yapılmasına İlişkin Karar (Karar Sayısı: 7710),https://www.resmigazete.gov.tr/eskiler/2023/10/20231016-7.pdf
2023-10-16,–– Bolu Abant İzzet Baysal Üniversitesi Tıp Fakültesi Eğitim-Öğretim ve Sınav Yönetmeliğinde Değişiklik Yapılmasına Dair Yönetmelik,https://www.resmigazete.gov.tr/eskiler/2023/10/20231016-1.htm
2023-10-16,–– Mimar Sinan Güzel Sanatlar Üniversitesi Prof. Sami Şekeroğlu Sinema-Televizyon Uygulama ve Araştırma Merkezi Yönetmeliğinde Değişiklik Yapılmasına Dair Yönetmelik,https://www.resmigazete.gov.tr/eskiler/2023/10/20231016-2.htm
2023-10-16,–– İthalatta Gözetim Uygulanmasına İlişkin Tebliğ (Tebliğ No: 2022/1)’de Değişiklik Yapılmasına Dair Tebliğ,https://www.resmigazete.gov.tr/eskiler/2023/10/20231016-3.htm
2023-10-16,"a - Artırma, Eksiltme ve İhale İlânları",http://www.resmigazete.gov.tr/main.aspx?home=http://www.resmigazete.gov.tr/ilanlar/eskiilanlar/2023/10/20231016.htm&main=http://www.resmigazete.gov.tr/ilanlar/eskiilanlar/2023/10/20231016-3.htm
2023-10-16,b - Çeşitli İlânlar,http://www.resmigazete.gov.tr/main.aspx?home=http://www.resmigazete.gov.tr/ilanlar/eskiilanlar/2023/10/20231016.htm&main=http://www.resmigazete.gov.tr/ilanlar/eskiilanlar/2023/10/20231016-4.htm
2023-10-16,– T.C. Merkez Bankasınca Belirlenen Devlet İç Borçlanma Senetlerinin Günlük Değerleri,http://www.resmigazete.gov.tr/main.aspx?home=http://www.resmigazete.gov.tr/ilanlar/eskiilanlar/2023/10/20231016.htm&main=http://www.resmigazete.gov.tr/ilanlar/eskiilanlar/2023/10/20231016-5.htm
2023-10-17,7458 Türk Dili Konuşan Ülkeler İşbirliği Konseyinin Kurulmasına İlişkin Nahçıvan Anlaşmasında Değişiklik Yapılmasına Dair Protokolün Onaylanmasının Uygun Bulunduğuna Dair Kanun,https://www.resmigazete.gov.tr/eskiler/2023/10/20231017-1.htm
2023-10-17,7459 Hükümetlerarası Kuru Limanlar Anlaşmasının Onaylanmasının Uygun Bulunduğuna Dair Kanun,https://www.resmigazete.gov.tr/eskiler/2023/10/20231017-2.htm
2023-10-17,7460 Dünya Ticaret Örgütünü Kuran Marakeş Anlaşmasını Tadil Eden Protokol ve Protokolün Eki Balıkçılık Sübvansiyonları Anlaşmasının Onaylanmasının Uygun Bulunduğuna Dair Kanun,https://www.resmigazete.gov.tr/eskiler/2023/10/20231017-3.htm
2023-10-17,7461 Spitsbergen ile İlgili Olarak 9 Şubat 1920 Tarihinde Paris’te İmzalanan Antlaşmaya Katılmamızın Uygun Bulunduğuna Dair Kanun,https://www.resmigazete.gov.tr/eskiler/2023/10/20231017-4.htm
2023-10-17,7462 Türkiye Cumhuriyeti Hükümeti ile Sierra Leone Cumhuriyeti Hükümeti Arasında Gelir Üzerinden Alınan Vergilerde Çifte Vergilendirmeyi Önleme ve Vergi Kaçakçılığı ile Vergiden Kaçınmaya Engel Olma Anlaşmasının Onaylanmasının Uygun Bulunduğuna Dair Kanun,https://www.resmigazete.gov.tr/eskiler/2023/10/20231017-5.htm
2023-10-17,7463 Türkiye Cumhuriyeti Hükümeti ile Nijerya Federal Cumhuriyeti Hükümeti Arasında Gelir Üzerinden Alınan Vergilerde Çifte Vergilendirmeyi Önleme ve Vergi Kaçakçılığı ile Vergiden Kaçınmaya Engel Olma Anlaşmasının Onaylanmasının Uygun Bulunduğuna Dair Kanun,https://www.resmigazete.gov.tr/eskiler/2023/10/20231017-6.htm
2023-10-17,–– Kamu Kurum ve Kuruluşlarının Ürettikleri Bazı Mal ve Hizmetlerden Ücretsiz veya İndirimli Olarak Faydalanacakların Tespitine İlişkin Karar (Karar Sayısı: 7721),https://www.resmigazete.gov.tr/eskiler/2023/10/20231017-7.pdf
2023-10-17,–– Ulaştırma ve Altyapı Bakanlığının Taşra Teşkilatında Bulunan Denizdibi Tarama Başmühendisliklerinin Sorumluluk Sahalarının Yeniden Belirlenmesi ile 15/7/1998 Tarihli ve 98/11496 Sayılı Bakanlar Kurulu Kararının Yürürlükten Kaldırılması Hakkında Karar (Karar Sayısı: 7722),https://www.resmigazete.gov.tr/eskiler/2023/10/20231017-8.pdf
2023-10-17,–– Kamu İktisadi Teşebbüsleri ve Bağlı Ortaklıklarının 2024 Yılına Ait Genel Yatırım ve Finansman Programının Tespit Edilmesi Hakkında Karar (Karar Sayısı: 7723),https://www.resmigazete.gov.tr/eskiler/2023/10/20231017-9.pdf
2023-10-17,"–– Şehir İçi Raylı Ulaşım Sistemleri, Metrolar ve Bunlarla İlgili Tesislerin Ulaştırma ve Altyapı Bakanlığınca Üstlenilmesi, Devralınması ve Tamamlanmasını Müteakip Devri ile İlgili Şartların Belirlenmesine İlişkin Kararda Değişiklik Yapılması Hakkında Karar (Karar Sayısı: 7724)",https://www.resmigazete.gov.tr/eskiler/2023/10/20231017-10.pdf
2023-10-17,"–– Rize İli, Merkez İlçesi ile Muradiye ve Salarha Beldelerinin Muhtemel Taşkınlardan Korunması Amacıyla Gerçekleştirilecek Rize-Merkez Andon Sel Kapanı Projesi Kapsamında Bazı Taşınmazların Devlet Su İşleri Genel Müdürlüğü Tarafından Acele Kamulaştırılması Hakkında Karar (Karar Sayısı: 7725)",https://www.resmigazete.gov.tr/eskiler/2023/10/20231017-11.pdf
2023-10-17,–– Enerji Piyasası Düzenleme Kurulunun 12/10/2023 Tarihli ve 12129 Sayılı Kararı,https://www.resmigazete.gov.tr/eskiler/2023/10/20231017-12.pdf
2023-10-17,–– Anayasa Mahkemesinin 25/7/2023 Tarihli ve 2019/34180 Başvuru Numaralı Kararı,https://www.resmigazete.gov.tr/eskiler/2023/10/20231017-13.pdf
2023-10-17,–– Anayasa Mahkemesinin 25/7/2023 Tarihli ve 2020/10490 Başvuru Numaralı Kararı,https://www.resmigazete.gov.tr/eskiler/2023/10/20231017-14.pdf
2023-10-17,a - Yargı İlânları,http://www.resmigazete.gov.tr/main.aspx?home=http://www.resmigazete.gov.tr/ilanlar/eskiilanlar/2023/10/20231017.htm&main=http://www.resmigazete.gov.tr/ilanlar/eskiilanlar/2023/10/20231017-2.htm
2023-10-17,"b - Artırma, Eksiltme ve İhale İlânları",http://www.resmigazete.gov.tr/main.aspx?home=http://www.resmigazete.gov.tr/ilanlar/eskiilanlar/2023/10/20231017.htm&main=http://www.resmigazete.gov.tr/ilanlar/eskiilanlar/2023/10/20231017-3.htm
2023-10-17,c - Çeşitli İlânlar,http://www.resmigazete.gov.tr/main.aspx?home=http://www.resmigazete.gov.tr/ilanlar/eskiilanlar/2023/10/20231017.htm&main=http://www.resmigazete.gov.tr/ilanlar/eskiilanlar/2023/10/20231017-4.htm
2023-10-17,– T.C. Merkez Bankasınca Belirlenen Döviz Kurları ve Devlet İç Borçlanma Senetlerinin Günlük Değerleri,http://www.resmigazete.gov.tr/main.aspx?home=http://www.resmigazete.gov.tr/ilanlar/eskiilanlar/2023/10/20231017.htm&main=http://www.resmigazete.gov.tr/ilanlar/eskiilanlar/2023/10/20231017-5.htm
2023-10-18,"–– Cumhurbaşkanlığı Tarafından Yapılan Atamalar Hakkında Kararlar (Karar: 2023/463, 464, 465, 466, 467, 468)",https://www.resmigazete.gov.tr/eskiler/2023/10/20231018-1.pdf
2023-10-18,–– Ankara Müzik ve Güzel Sanatlar Üniversitesi Ön Lisans ve Lisans Eğitim-Öğretim Yönetmeliğinde Değişiklik Yapılmasına Dair Yönetmelik,https://www.resmigazete.gov.tr/eskiler/2023/10/20231018-2.htm
2023-10-18,–– İcra ve İflâs Kanununun Geçici 20 nci Maddesinin Uygulanmasına İlişkin Usul ve Esaslar Hakkında Tebliğ,https://www.resmigazete.gov.tr/eskiler/2023/10/20231018-3.htm
2023-10-18,–– Faturakom Ödeme Hizmetleri A.Ş.’nin Faaliyet İzni Kapsamının Genişletilmesine İlişkin Karar,https://www.resmigazete.gov.tr/eskiler/2023/10/20231018-4.pdf
2023-10-18,–– Föy Fatura Ödeme Kuruluşu A.Ş.’nin Faaliyet İzni Kapsamının Genişletilmesine İlişkin Karar,https://www.resmigazete.gov.tr/eskiler/2023/10/20231018-5.pdf
2023-10-18,–– Paybull Ödeme Hizmetleri ve Elektronik Para A.Ş.’nin Faaliyet İzni Kapsamının Genişletilmesine İlişkin Karar,https://www.resmigazete.gov.tr/eskiler/2023/10/20231018-6.pdf
2023-10-18,–– Paynet Ödeme Hizmetleri A.Ş.’nin Faaliyet İzni Kapsamının Genişletilmesine İlişkin Karar,https://www.resmigazete.gov.tr/eskiler/2023/10/20231018-7.pdf
2023-10-18,–– Paytrek Ödeme Kuruluşu Hizmetleri A.Ş.’nin Faaliyet İzninin Geçici Olarak Durdurulmasına İlişkin Karar,https://www.resmigazete.gov.tr/eskiler/2023/10/20231018-8.pdf
2023-10-18,"–– Anayasa Mahkemesinin 1/6/2023 Tarihli ve E: 2021/5, K: 2023/109 Sayılı Kararı",https://www.resmigazete.gov.tr/eskiler/2023/10/20231018-9.pdf
2023-10-18,"–– Anayasa Mahkemesinin 26/7/2023 Tarihli ve E: 2023/43, K: 2023/141 Sayılı Kararı",https://www.resmigazete.gov.tr/eskiler/2023/10/20231018-10.pdf
2023-10-18,–– Anayasa Mahkemesinin 20/6/2023 Tarihli ve 2020/24822 Başvuru Numaralı Kararı,https://www.resmigazete.gov.tr/eskiler/2023/10/20231018-11.pdf
2023-10-18,"a - Artırma, Eksiltme ve İhale İlânları",http://www.resmigazete.gov.tr/main.aspx?home=http://www.resmigazete.gov.tr/ilanlar/eskiilanlar/2023/10/20231018.htm&main=http://www.resmigazete.gov.tr/ilanlar/eskiilanlar/2023/10/20231018-3.htm
2023-10-18,- Çeşitli İlânlar,http://www.resmigazete.gov.tr/main.aspx?home=http://www.resmigazete.gov.tr/ilanlar/eskiilanlar/2023/10/20231018.htm&main=http://www.resmigazete.gov.tr/ilanlar/eskiilanlar/2023/10/20231018-4.htm
2023-10-18,– T.C. Merkez Bankasınca Belirlenen Döviz Kurları ve Devlet İç Borçlanma Senetlerinin Günlük Değerleri,http://www.resmigazete.gov.tr/main.aspx?home=http://www.resmigazete.gov.tr/ilanlar/eskiilanlar/2023/10/20231018.htm&main=http://www.resmigazete.gov.tr/ilanlar/eskiilanlar/2023/10/20231018-5.htm
2023-10-19,1391 Balıkçılık ve Su Ürünleri Sektöründe Yaşanan Sorunların Araştırılarak Alınması Gereken Tedbirlerin Belirlenmesi Amacıyla Kurulan Meclis Araştırması Komisyonuna Üye Seçimine Dair Karar,https://www.resmigazete.gov.tr/eskiler/2023/10/20231019-1.pdf
2023-10-19,"1395 Türkiye’nin Millî Güvenliğine Yönelik Ayrılıkçı Hareketler, Terör Tehdidi ve Her Türlü Güvenlik Riskine Karşı Uluslararası Hukuk Çerçevesinde Gerekli Her Türlü Tedbiri Almak, Irak ve Suriye’deki Tüm Terör Örgütlerinden Ülkemize Bundan Sonra da Yönelebilecek Saldırıları Bertaraf Etmek ve Kitlesel Göç Gibi Diğer Muhtemel Risklere Karşı Millî Güvenliğimizin İdame Ettirilmesini Sağlamak, Türkiye’nin Güney Kara Sınırlarına Mücavir Bölgelerde Yaşanan ve Hiçbir Meşruiyeti Olmayan Tek Taraflı Bölücü Girişimler ve Bunlarla İlgili Olabilecek Gelişmeler İstikametinde Türkiye’nin Menfaatlerini Etkili Bir Şekilde Korumak ve Kollamak, Gelişmelerin Seyrine Göre İleride Telafisi Güç Bir Durumla Karşılaşmamak İçin Süratli ve Dinamik Bir Politika İzlenmesine Yardımcı Olmak Üzere Hudut, Şümul, Miktar ve Zamanı Cumhurbaşkanınca Takdir ve Tayin Olunacak Şekilde, Türk Silahlı Kuvvetlerinin Gerektiği Takdirde Sınır Ötesi Harekât ve Müdahalede Bulunmak Üzere Yabancı Ülkelere Gönderilmesi ve Aynı Amaçlara Matuf Olmak Üzere Yabancı Silahlı Kuvvetlerin Türkiye’de Bulunması, Bu Kuvvetlerin Cumhurbaşkanının Belirleyeceği Esaslara Göre Kullanılması ile Risk ve Tehditlerin Giderilebilmesi İçin Her Türlü Tedbirin Alınması ve Bunlara İmkân Sağlayacak Düzenlemelerin Cumhurbaşkanı Tarafından Belirlenecek Esaslara Göre Yapılması İçin Anayasa’nın 92’nci Maddesi Uyarınca Türkiye Büyük Millet Meclisinin 2/10/2014 Tarihli ve 1071 Sayılı Kararıyla Verilen ve Son Olarak 26/10/2021 Tarihli ve 1310 Sayılı Kararıyla 30/10/2023 Tarihine Kadar Uzatılan İznin Süresinin 30/10/2023 Tarihinden İtibaren İki Yıl Uzatılmasına Dair Karar",https://www.resmigazete.gov.tr/eskiler/2023/10/20231019-2.pdf
2023-10-19,–– Bazı Kamu Kurum ve Kuruluşlarına Ait Dolu ve Boş Kadrolarda Değişiklik Yapılması Hakkında Karar (Karar: 2023/471),https://www.resmigazete.gov.tr/eskiler/2023/10/20231019-3.pdf
2023-10-19,–– Nükleer Risklere İlişkin Sorumluluk Sigortasına ve Teminatına Dair Yönetmelik,https://www.resmigazete.gov.tr/eskiler/2023/10/20231019-4.htm
2023-10-19,–– Nükleer Sigorta Havuzunun Çalışma Usul ve Esasları Hakkında Yönetmelik,https://www.resmigazete.gov.tr/eskiler/2023/10/20231019-5.htm
2023-10-19,–– Sosyal Güvenlik Kurumu Sağlık Uygulama Tebliğinde Değişiklik Yapılmasına Dair Tebliğ,https://www.resmigazete.gov.tr/eskiler/2023/10/20231019-6.pdf
2023-10-19,"–– Anayasa Mahkemesinin 13/7/2023 Tarihli ve E: 2022/5 (Değişik İşler), K: 2023/5 Sayılı Kararı",https://www.resmigazete.gov.tr/eskiler/2023/10/20231019-7.pdf
2023-10-19,"–– Anayasa Mahkemesinin 13/7/2023 Tarihli ve E: 2022/6 (Değişik İşler), K: 2023/6 Sayılı Kararı",https://www.resmigazete.gov.tr/eskiler/2023/10/20231019-8.pdf
2023-10-19,"–– Anayasa Mahkemesinin 13/7/2023 Tarihli ve E: 2022/7 (Değişik İşler), K: 2023/7 Sayılı Kararı",https://www.resmigazete.gov.tr/eskiler/2023/10/20231019-9.pdf
2023-10-19,"–– Anayasa Mahkemesinin 13/7/2023 Tarihli ve E: 2022/116, K: 2023/126 Sayılı Kararı",https://www.resmigazete.gov.tr/eskiler/2023/10/20231019-10.pdf
2023-10-19,"–– Anayasa Mahkemesinin 26/7/2023 Tarihli ve E: 2023/120, K: 2023/128 Sayılı Kararı",https://www.resmigazete.gov.tr/eskiler/2023/10/20231019-11.pdf
2023-10-19,"–– Anayasa Mahkemesinin 26/7/2023 Tarihli ve E: 2022/128, K: 2023/136 Sayılı Kararı",https://www.resmigazete.gov.tr/eskiler/2023/10/20231019-12.pdf
2023-10-19,"–– Anayasa Mahkemesinin 26/7/2023 Tarihli ve E: 2023/3, K: 2023/139 Sayılı Kararı",https://www.resmigazete.gov.tr/eskiler/2023/10/20231019-13.pdf
2023-10-19,"a - Artırma, Eksiltme ve İhale İlânları",http://www.resmigazete.gov.tr/main.aspx?home=http://www.resmigazete.gov.tr/ilanlar/eskiilanlar/2023/10/20231019.htm&main=http://www.resmigazete.gov.tr/ilanlar/eskiilanlar/2023/10/20231019-3.htm
2023-10-19,- Çeşitli İlânlar,http://www.resmigazete.gov.tr/main.aspx?home=http://www.resmigazete.gov.tr/ilanlar/eskiilanlar/2023/10/20231019.htm&main=http://www.resmigazete.gov.tr/ilanlar/eskiilanlar/2023/10/20231019-4.htm
2023-10-19,– T.C. Merkez Bankasınca Belirlenen Döviz Kurları ve Devlet İç Borçlanma Senetlerinin Günlük Değerleri,http://www.resmigazete.gov.tr/main.aspx?home=http://www.resmigazete.gov.tr/ilanlar/eskiilanlar/2023/10/20231019.htm&main=http://www.resmigazete.gov.tr/ilanlar/eskiilanlar/2023/10/20231019-5.htm
2023-10-20,–– Kimyasal Maddelerle Çalışmalarda Sağlık ve Güvenlik Önlemleri Hakkında Yönetmelikte Değişiklik Yapılmasına Dair Yönetmelik,https://www.resmigazete.gov.tr/eskiler/2023/10/20231020-1.htm
2023-10-20,–– Yurtdışı Yükseköğretim Diplomaları Tanıma ve Denklik Yönetmeliğinde Değişiklik Yapılmasına Dair Yönetmelik,https://www.resmigazete.gov.tr/eskiler/2023/10/20231020-2.htm
2023-10-20,–– Dinamik Elektronik Para ve Ödeme Hizmetleri A.Ş.’ye Elektronik Para Kuruluşu Olarak Faaliyet Göstermek Üzere Faaliyet İzni Verilmesine İlişkin Karar,https://www.resmigazete.gov.tr/eskiler/2023/10/20231020-3.pdf
2023-10-20,"–– Anayasa Mahkemesinin 26/7/2023 Tarihli ve E: 2023/37, K: 2023/140 Sayılı Kararı",https://www.resmigazete.gov.tr/eskiler/2023/10/20231020-4.pdf
2023-10-20,–– Anayasa Mahkemesinin 3/5/2023 Tarihli ve 2018/19595 Başvuru Numaralı Kararı,https://www.resmigazete.gov.tr/eskiler/2023/10/20231020-5.pdf
2023-10-20,–– Anayasa Mahkemesinin 21/6/2023 Tarihli ve 2021/36373 Başvuru Numaralı Kararı,https://www.resmigazete.gov.tr/eskiler/2023/10/20231020-6.pdf
2023-10-20,–– Yargıtay 3 ve 11. Hukuk Dairelerine Ait Kararlar,https://www.resmigazete.gov.tr/eskiler/2023/10/20231020-7.pdf
2023-10-20,a - Yargı İlânları,http://www.resmigazete.gov.tr/main.aspx?home=http://www.resmigazete.gov.tr/ilanlar/eskiilanlar/2023/10/20231020.htm&main=http://www.resmigazete.gov.tr/ilanlar/eskiilanlar/2023/10/20231020-2.htm
2023-10-20,"b - Artırma, Eksiltme ve İhale İlânları",http://www.resmigazete.gov.tr/main.aspx?home=http://www.resmigazete.gov.tr/ilanlar/eskiilanlar/2023/10/20231020.htm&main=http://www.resmigazete.gov.tr/ilanlar/eskiilanlar/2023/10/20231020-3.htm
2023-10-20,c - Çeşitli İlânlar,http://www.resmigazete.gov.tr/main.aspx?home=http://www.resmigazete.gov.tr/ilanlar/eskiilanlar/2023/10/20231020.htm&main=http://www.resmigazete.gov.tr/ilanlar/eskiilanlar/2023/10/20231020-4.htm
2023-10-20,– T.C. Merkez Bankasınca Belirlenen Döviz Kurları ve Devlet İç Borçlanma Senetlerinin Günlük Değerleri,http://www.resmigazete.gov.tr/main.aspx?home=http://www.resmigazete.gov.tr/ilanlar/eskiilanlar/2023/10/20231020.htm&main=http://www.resmigazete.gov.tr/ilanlar/eskiilanlar/2023/10/20231020-5.htm
2023-10-21,–– Demiryolu Yolcu Taşımacılığı Kamu Hizmeti Yükümlülüğü Sözleşmelerinde Uygulanacak Usul ve Esaslar Hakkında Yönetmelik,https://www.resmigazete.gov.tr/eskiler/2023/10/20231021-1.htm
2023-10-21,–– Sakarya Üniversitesi Sağlık Hizmetleri Eğitim Uygulama ve Araştırma Merkezi Yönetmeliğinde Değişiklik Yapılmasına Dair Yönetmelik,https://www.resmigazete.gov.tr/eskiler/2023/10/20231021-2.htm
2023-10-21,–– Enerji Piyasası Düzenleme Kurulunun 19/10/2023 Tarihli ve 12145 Sayılı Kararı,https://www.resmigazete.gov.tr/eskiler/2023/10/20231021-3.pdf
2023-10-21,–– Bankacılık Düzenleme ve Denetleme Kurulunun 19/10/2023 Tarihli ve 10677 Sayılı Kararı,https://www.resmigazete.gov.tr/eskiler/2023/10/20231021-4.pdf
2023-10-21,"a - Artırma, Eksiltme ve İhale İlânları",http://www.resmigazete.gov.tr/main.aspx?home=http://www.resmigazete.gov.tr/ilanlar/eskiilanlar/2023/10/20231021.htm&main=http://www.resmigazete.gov.tr/ilanlar/eskiilanlar/2023/10/20231021-3.htm
2023-10-21,- Çeşitli İlânlar,http://www.resmigazete.gov.tr/main.aspx?home=http://www.resmigazete.gov.tr/ilanlar/eskiilanlar/2023/10/20231021.htm&main=http://www.resmigazete.gov.tr/ilanlar/eskiilanlar/2023/10/20231021-4.htm
2023-10-21,– T.C. Merkez Bankasınca Belirlenen Döviz Kurları ve Devlet İç Borçlanma Senetlerinin Günlük Değerleri,http://www.resmigazete.gov.tr/main.aspx?home=http://www.resmigazete.gov.tr/ilanlar/eskiilanlar/2023/10/20231021.htm&main=http://www.resmigazete.gov.tr/ilanlar/eskiilanlar/2023/10/20231021-5.htm
2023-10-22,–– Avrasya Üniversitesi Lisansüstü Eğitim-Öğretim ve Sınav Yönetmeliği,https://www.resmigazete.gov.tr/eskiler/2023/10/20231022-1.htm
2023-10-22,–– İstanbul Esenyurt Üniversitesi Önlisans ve Lisans Eğitim-Öğretim ve Sınav Yönetmeliğinde Değişiklik Yapılmasına Dair Yönetmelik,https://www.resmigazete.gov.tr/eskiler/2023/10/20231022-2.htm
2023-10-22,–– KTO-Karatay Üniversitesi Tıp Fakültesi Eğitim-Öğretim ve Sınav Yönetmeliği,https://www.resmigazete.gov.tr/eskiler/2023/10/20231022-3.htm
2023-10-22,–– Mudanya Üniversitesi Lisansüstü Eğitim-Öğretim ve Sınav Yönetmeliği,https://www.resmigazete.gov.tr/eskiler/2023/10/20231022-4.htm
2023-10-22,–– Ufuk Üniversitesi Önlisans ve Lisans Eğitim-Öğretim ve Sınav Yönetmeliğinde Değişiklik Yapılmasına Dair Yönetmelik,https://www.resmigazete.gov.tr/eskiler/2023/10/20231022-5.htm
2023-10-22,a - Yargı İlânları,http://www.resmigazete.gov.tr/main.aspx?home=http://www.resmigazete.gov.tr/ilanlar/eskiilanlar/2023/10/20231022.htm&main=http://www.resmigazete.gov.tr/ilanlar/eskiilanlar/2023/10/20231022-2.htm
2023-10-22,"b - Artırma, Eksiltme ve İhale İlânları",http://www.resmigazete.gov.tr/main.aspx?home=http://www.resmigazete.gov.tr/ilanlar/eskiilanlar/2023/10/20231022.htm&main=http://www.resmigazete.gov.tr/ilanlar/eskiilanlar/2023/10/20231022-3.htm
2023-10-22,c - Çeşitli İlânlar,http://www.resmigazete.gov.tr/main.aspx?home=http://www.resmigazete.gov.tr/ilanlar/eskiilanlar/2023/10/20231022.htm&main=http://www.resmigazete.gov.tr/ilanlar/eskiilanlar/2023/10/20231022-4.htm
2023-10-22,– T.C. Merkez Bankasınca Belirlenen Devlet İç Borçlanma Senetlerinin Günlük Değerleri,http://www.resmigazete.gov.tr/main.aspx?home=http://www.resmigazete.gov.tr/ilanlar/eskiilanlar/2023/10/20231022.htm&main=http://www.resmigazete.gov.tr/ilanlar/eskiilanlar/2023/10/20231022-5.htm
2023-10-23,–– Ankara Yıldırım Beyazıt Üniversitesi Ön Lisans ve Lisans Eğitim-Öğretim Yönetmeliğinde Değişiklik Yapılmasına Dair Yönetmelik,https://www.resmigazete.gov.tr/eskiler/2023/10/20231023-1.htm
2023-10-23,–– Eskişehir Teknik Üniversitesi Açık ve Uzaktan Eğitim Uygulama ve Araştırma Merkezi Yönetmeliğinde Değişiklik Yapılmasına Dair Yönetmelik,https://www.resmigazete.gov.tr/eskiler/2023/10/20231023-2.htm
2023-10-23,–– Eskişehir Teknik Üniversitesi Sürekli Eğitim Uygulama ve Araştırma Merkezi Yönetmeliği,https://www.resmigazete.gov.tr/eskiler/2023/10/20231023-3.htm
2023-10-23,–– İzmir Demokrasi Üniversitesi Ağız ve Diş Sağlığı Uygulama ve Araştırma Merkezi Yönetmeliği,https://www.resmigazete.gov.tr/eskiler/2023/10/20231023-4.htm
2023-10-23,–– Mimar Sinan Güzel Sanatlar Üniversitesi Mimar Sinan Uygulama ve Araştırma Merkezi Yönetmeliği,https://www.resmigazete.gov.tr/eskiler/2023/10/20231023-5.htm
2023-10-23,a - Yargı İlânları,http://www.resmigazete.gov.tr/main.aspx?home=http://www.resmigazete.gov.tr/ilanlar/eskiilanlar/2023/10/20231023.htm&main=http://www.resmigazete.gov.tr/ilanlar/eskiilanlar/2023/10/20231023-2.htm
2023-10-23,"b - Artırma, Eksiltme ve İhale İlânları",http://www.resmigazete.gov.tr/main.aspx?home=http://www.resmigazete.gov.tr/ilanlar/eskiilanlar/2023/10/20231023.htm&main=http://www.resmigazete.gov.tr/ilanlar/eskiilanlar/2023/10/20231023-3.htm
2023-10-23,c - Çeşitli İlânlar,http://www.resmigazete.gov.tr/main.aspx?home=http://www.resmigazete.gov.tr/ilanlar/eskiilanlar/2023/10/20231023.htm&main=http://www.resmigazete.gov.tr/ilanlar/eskiilanlar/2023/10/20231023-4.htm
2023-10-23,– T.C. Merkez Bankasınca Belirlenen Devlet İç Borçlanma Senetlerinin Günlük Değerleri,http://www.resmigazete.gov.tr/main.aspx?home=http://www.resmigazete.gov.tr/ilanlar/eskiilanlar/2023/10/20231023.htm&main=http://www.resmigazete.gov.tr/ilanlar/eskiilanlar/2023/10/20231023-5.htm
2023-10-24,–– Kültür ve Turizm Uzmanlığı Yönetmeliğinde Değişiklik Yapılmasına Dair Yönetmelik,https://www.resmigazete.gov.tr/eskiler/2023/10/20231024-1.htm
2023-10-24,–– Tarım ve Orman Bakanlığı Disiplin Amirleri Yönetmeliğinde Değişiklik Yapılmasına Dair Yönetmelik,https://www.resmigazete.gov.tr/eskiler/2023/10/20231024-2.htm
2023-10-24,–– Hukuk Muhakemeleri Kanunu Gider Avansı Tarifesi,https://www.resmigazete.gov.tr/eskiler/2023/10/20231024-3.htm
2023-10-24,–– Hukuk Muhakemeleri Kanunu Hakem Ücret Tarifesi,https://www.resmigazete.gov.tr/eskiler/2023/10/20231024-4.htm
2023-10-24,–– Hukuk Muhakemeleri Kanunu Tanık Ücret Tarifesi,https://www.resmigazete.gov.tr/eskiler/2023/10/20231024-5.htm
2023-10-24,–– Organik Arıcılık Yapan Yetiştiricilerin Desteklenmesine Dair Tebliğ (No: 2023/39),https://www.resmigazete.gov.tr/eskiler/2023/10/20231024-6.htm
2023-10-24,–– İthalatta Gözetim Uygulanmasına İlişkin Tebliğ (Tebliğ No: 2020/5)’de Değişiklik Yapılmasına Dair Tebliğ,https://www.resmigazete.gov.tr/eskiler/2023/10/20231024-7.htm
2023-10-24,–– Enerji Piyasası Düzenleme Kurulunun 19/10/2023 Tarihli ve 12138 Sayılı Kararı,https://www.resmigazete.gov.tr/eskiler/2023/10/20231024-8.pdf
2023-10-24,"–– Anayasa Mahkemesinin 26/7/2023 Tarihli ve E: 2022/144, K: 2023/137 Sayılı Kararı",https://www.resmigazete.gov.tr/eskiler/2023/10/20231024-9.pdf
2023-10-24,–– Anayasa Mahkemesinin 20/6/2023 Tarihli ve 2020/7697 Başvuru Numaralı Kararı,https://www.resmigazete.gov.tr/eskiler/2023/10/20231024-10.pdf
2023-10-24,–– Anayasa Mahkemesinin 11/7/2023 Tarihli ve 2019/345 Başvuru Numaralı Kararı,https://www.resmigazete.gov.tr/eskiler/2023/10/20231024-11.pdf
2023-10-24,–– Yargıtay 3 ve 4. Hukuk Dairelerine Ait Kararlar,https://www.resmigazete.gov.tr/eskiler/2023/10/20231024-12.pdf
2023-10-24,"- Artırma, Eksiltme ve İhale İlânları",http://www.resmigazete.gov.tr/main.aspx?home=http://www.resmigazete.gov.tr/ilanlar/eskiilanlar/2023/10/20231024.htm&main=http://www.resmigazete.gov.tr/ilanlar/eskiilanlar/2023/10/20231024-3.htm
2023-10-24,- Çeşitli İlânlar,http://www.resmigazete.gov.tr/main.aspx?home=http://www.resmigazete.gov.tr/ilanlar/eskiilanlar/2023/10/20231024.htm&main=http://www.resmigazete.gov.tr/ilanlar/eskiilanlar/2023/10/20231024-4.htm
2023-10-24,– T.C. Merkez Bankasınca Belirlenen Döviz Kurları ve Devlet İç Borçlanma Senetlerinin Günlük Değerleri,http://www.resmigazete.gov.tr/main.aspx?home=http://www.resmigazete.gov.tr/ilanlar/eskiilanlar/2023/10/20231024.htm&main=http://www.resmigazete.gov.tr/ilanlar/eskiilanlar/2023/10/20231024-5.htm
2023-10-25,–– Türkiye Cumhuriyeti Hükümeti ile Kuzey Kıbrıs Türk Cumhuriyeti Hükümeti Arasında Sosyal Yardım ve Sosyal Hizmet Alanında İşbirliği Yapılmasına Dair Protokolün Onaylanması Hakkında Karar (Karar Sayısı: 7731),https://www.resmigazete.gov.tr/eskiler/2023/10/20231025-1.pdf
2023-10-25,"–– Çevre, Şehircilik ve İklim Değişikliği Bakanlığı Tarafından Temsil Edilen Türkiye Cumhuriyeti Hükümeti ve Birleşmiş Milletler Çevre Programı Tarafından Temsil Edilen Birleşmiş Milletler Arasında Anlaşma Mektubunun Onaylanması Hakkında Karar (Karar Sayısı: 7732)",https://www.resmigazete.gov.tr/eskiler/2023/10/20231025-2.pdf
2023-10-25,–– Türkiye Cumhuriyeti Hükümeti ile Somali Federal Cumhuriyeti Hükümeti Arasında Hibe Anlaşmasının Yürürlüğe Girmesi Hakkında Karar (Karar Sayısı: 7733),https://www.resmigazete.gov.tr/eskiler/2023/10/20231025-3.pdf
2023-10-25,–– Yükseköğretim Öğrencilerine Teknolojik Cihaz ve İnternet Desteği Verilmesine İlişkin Karar (Karar Sayısı: 7734),https://www.resmigazete.gov.tr/eskiler/2023/10/20231025-4.pdf
2023-10-25,–– Strateji ve Bütçe Başkanlığı Strateji ve Bütçe Uzmanlığı Yönetmeliğinde Değişiklik Yapılmasına Dair Yönetmelik,https://www.resmigazete.gov.tr/eskiler/2023/10/20231025-5.pdf
2023-10-25,–– Trakya Üniversitesi Tıp Fakültesi Eğitim-Öğretim ve Sınav Yönetmeliğinde Değişiklik Yapılmasına Dair Yönetmelik,https://www.resmigazete.gov.tr/eskiler/2023/10/20231025-6.htm
2023-10-25,–– Anayasa Mahkemesinin 10/5/2023 Tarihli ve 2022/53952 Başvuru Numaralı Kararı,https://www.resmigazete.gov.tr/eskiler/2023/10/20231025-7.pdf
2023-10-25,a - Yargı İlânları,http://www.resmigazete.gov.tr/main.aspx?home=http://www.resmigazete.gov.tr/ilanlar/eskiilanlar/2023/10/20231025.htm&main=http://www.resmigazete.gov.tr/ilanlar/eskiilanlar/2023/10/20231025-2.htm
2023-10-25,"b - Artırma, Eksiltme ve İhale İlânları",http://www.resmigazete.gov.tr/main.aspx?home=http://www.resmigazete.gov.tr/ilanlar/eskiilanlar/2023/10/20231025.htm&main=http://www.resmigazete.gov.tr/ilanlar/eskiilanlar/2023/10/20231025-3.htm
2023-10-25,c - Çeşitli İlânlar,http://www.resmigazete.gov.tr/main.aspx?home=http://www.resmigazete.gov.tr/ilanlar/eskiilanlar/2023/10/20231025.htm&main=http://www.resmigazete.gov.tr/ilanlar/eskiilanlar/2023/10/20231025-4.htm
2023-10-25,– T.C. Merkez Bankasınca Belirlenen Döviz Kurları ve Devlet İç Borçlanma Senetlerinin Günlük Değerleri,http://www.resmigazete.gov.tr/main.aspx?home=http://www.resmigazete.gov.tr/ilanlar/eskiilanlar/2023/10/20231025.htm&main=http://www.resmigazete.gov.tr/ilanlar/eskiilanlar/2023/10/20231025-5.htm
2023-10-25,"25/10/2023 tarihli ve 32350 mükerrer sayılı Resmî Gazete’de, 2024 Yılı Cumhurbaşkanlığı Yıllık Programı yayımlanmıştır.",http://www.resmigazete.gov.tr/eskiler/2023/10/20231025M1.htm
2023-10-26,–– Türkiye Cumhuriyeti ile Uluslararası İmar ve Kalkınma Bankası Arasında Avrupa Birliği Katılım Öncesi Yardım Aracı (IPA) Enerji Sektörü Programı Faz IV-Deniz Üstü Rüzgar Enerjisini Destekleme Projesine İlişkin Hibe Anlaşmasının Onaylanması Hakkında Karar (Karar Sayısı: 7740),https://www.resmigazete.gov.tr/eskiler/2023/10/20231026-1.pdf
2023-10-26,–– 2023 Yılında Yapılacak Tarımsal Desteklemeler ve 2024 Yılında Uygulanacak Sertifikalı Tohum Kullanım Desteğine İlişkin Kararda Değişiklik Yapılmasına Dair Karar (Karar Sayısı: 7741),https://www.resmigazete.gov.tr/eskiler/2023/10/20231026-2.pdf
2023-10-26,–– Hâkimler ve Savcılar Kuruluna Ait Kararlar,https://www.resmigazete.gov.tr/eskiler/2023/10/20231026-3.pdf
2023-10-26,a - Yargı İlânları,http://www.resmigazete.gov.tr/main.aspx?home=http://www.resmigazete.gov.tr/ilanlar/eskiilanlar/2023/10/20231026.htm&main=http://www.resmigazete.gov.tr/ilanlar/eskiilanlar/2023/10/20231026-2.htm
2023-10-26,"b - Artırma, Eksiltme ve İhale İlânları",http://www.resmigazete.gov.tr/main.aspx?home=http://www.resmigazete.gov.tr/ilanlar/eskiilanlar/2023/10/20231026.htm&main=http://www.resmigazete.gov.tr/ilanlar/eskiilanlar/2023/10/20231026-3.htm
2023-10-26,c - Çeşitli İlânlar,http://www.resmigazete.gov.tr/main.aspx?home=http://www.resmigazete.gov.tr/ilanlar/eskiilanlar/2023/10/20231026.htm&main=http://www.resmigazete.gov.tr/ilanlar/eskiilanlar/2023/10/20231026-4.htm
2023-10-26,– T.C. Merkez Bankasınca Belirlenen Döviz Kurları ve Devlet İç Borçlanma Senetlerinin Günlük Değerleri,http://www.resmigazete.gov.tr/main.aspx?home=http://www.resmigazete.gov.tr/ilanlar/eskiilanlar/2023/10/20231026.htm&main=http://www.resmigazete.gov.tr/ilanlar/eskiilanlar/2023/10/20231026-5.htm
2023-10-27,–– Elektronik İhale Uygulama Yönetmeliğinde Değişiklik Yapılmasına Dair Yönetmelik,https://www.resmigazete.gov.tr/eskiler/2023/10/20231027-1.htm
2023-10-27,–– Hizmet Alımı İhaleleri Uygulama Yönetmeliğinde Değişiklik Yapılmasına Dair Yönetmelik,https://www.resmigazete.gov.tr/eskiler/2023/10/20231027-2.htm
2023-10-27,–– Mal Alımı İhaleleri Uygulama Yönetmeliğinde Değişiklik Yapılmasına Dair Yönetmelik,https://www.resmigazete.gov.tr/eskiler/2023/10/20231027-3.htm
2023-10-27,–– Balıkesir Üniversitesi Türkçe Öğretimi Uygulama ve Araştırma Merkezi Yönetmeliğinde Değişiklik Yapılmasına Dair Yönetmelik,https://www.resmigazete.gov.tr/eskiler/2023/10/20231027-4.htm
2023-10-27,–– Bilecik Şeyh Edebali Üniversitesi Ön Lisans ve Lisans Eğitim-Öğretim Yönetmeliğinde Değişiklik Yapılmasına Dair Yönetmelik,https://www.resmigazete.gov.tr/eskiler/2023/10/20231027-5.htm
2023-10-27,–– Marmara Üniversitesi Ön Lisans ve Lisans Eğitim-Öğretim ve Sınav Yönetmeliğinde Değişiklik Yapılmasına Dair Yönetmelik,https://www.resmigazete.gov.tr/eskiler/2023/10/20231027-6.htm
2023-10-27,–– Menkul Kıymet Tesisi Hakkında Tebliğde Değişiklik Yapılmasına Dair Tebliğ (Sayı: 2023/29),https://www.resmigazete.gov.tr/eskiler/2023/10/20231027-7.htm
2023-10-27,–– Su Ürünleri Tescil Komitesi Kararı,https://www.resmigazete.gov.tr/eskiler/2023/10/20231027-8.pdf
2023-10-27,"–– Anayasa Mahkemesinin 13/9/2023 Tarihli ve E: 2022/70, K: 2023/152 Sayılı Kararı",https://www.resmigazete.gov.tr/eskiler/2023/10/20231027-9.pdf
2023-10-27,"–– Anayasa Mahkemesinin 13/9/2023 Tarihli ve E: 2022/102, K: 2023/154 Sayılı Kararı",https://www.resmigazete.gov.tr/eskiler/2023/10/20231027-10.pdf
2023-10-27,–– Anayasa Mahkemesinin 25/10/2023 Tarihli ve 2023/53898 Başvuru Numaralı Kararı,https://www.resmigazete.gov.tr/eskiler/2023/10/20231027-11.pdf
2023-10-27,–– Anayasa Mahkemesinin 19/7/2023 Tarihli ve 2020/36248 Başvuru Numaralı Kararı,https://www.resmigazete.gov.tr/eskiler/2023/10/20231027-12.pdf
2023-10-27,–– Yüksek Seçim Kurulunun 19/10/2023 Tarihli ve 1460 Sayılı Kararı,https://www.resmigazete.gov.tr/eskiler/2023/10/20231027-13.pdf
2023-10-27,a - Yargı İlânları,http://www.resmigazete.gov.tr/main.aspx?home=http://www.resmigazete.gov.tr/ilanlar/eskiilanlar/2023/10/20231027.htm&main=http://www.resmigazete.gov.tr/ilanlar/eskiilanlar/2023/10/20231027-2.htm
2023-10-27,"b - Artırma, Eksiltme ve İhale İlânları",http://www.resmigazete.gov.tr/main.aspx?home=http://www.resmigazete.gov.tr/ilanlar/eskiilanlar/2023/10/20231027.htm&main=http://www.resmigazete.gov.tr/ilanlar/eskiilanlar/2023/10/20231027-3.htm
2023-10-27,c - Çeşitli İlânlar,http://www.resmigazete.gov.tr/main.aspx?home=http://www.resmigazete.gov.tr/ilanlar/eskiilanlar/2023/10/20231027.htm&main=http://www.resmigazete.gov.tr/ilanlar/eskiilanlar/2023/10/20231027-4.htm
2023-10-27,– T.C. Merkez Bankasınca Belirlenen Döviz Kurları ve Devlet İç Borçlanma Senetlerinin Günlük Değerleri,http://www.resmigazete.gov.tr/main.aspx?home=http://www.resmigazete.gov.tr/ilanlar/eskiilanlar/2023/10/20231027.htm&main=http://www.resmigazete.gov.tr/ilanlar/eskiilanlar/2023/10/20231027-5.htm
2023-10-28,–– Radyasyon Güvenliği Tüzüğünün Yürürlükten Kaldırılması Hakkında Karar (Karar Sayısı: 7742),https://www.resmigazete.gov.tr/eskiler/2023/10/20231028-1.pdf
2023-10-28,–– Kamu Kurum ve Kuruluşlarının Ürettikleri Bazı Mal ve Hizmetlerden Ücretsiz veya İndirimli Olarak Faydalanacakların Tespitine İlişkin 16/10/2023 Tarihli ve 7721 Sayılı Cumhurbaşkanı Kararında Değişiklik Yapılması Hakkında Karar (Karar Sayısı: 7743),https://www.resmigazete.gov.tr/eskiler/2023/10/20231028-2.pdf
2023-10-28,–– Radyasyon Güvenliği Yönetmeliğinde Değişiklik Yapılmasına Dair Yönetmelik,https://www.resmigazete.gov.tr/eskiler/2023/10/20231028-3.htm
2023-10-28,–– Radyasyon Tesislerine ve Radyasyon Uygulamalarına İlişkin Yetkilendirmeler Yönetmeliği,https://www.resmigazete.gov.tr/eskiler/2023/10/20231028-4.htm
2023-10-28,–– Anadolu Üniversitesi Türkçe Öğretimi Uygulama ve Araştırma Merkezi Yönetmeliğinde Değişiklik Yapılmasına Dair Yönetmelik,https://www.resmigazete.gov.tr/eskiler/2023/10/20231028-5.htm
2023-10-28,–– Harran Üniversitesi Yaşam Boyu Eğitim Uygulama ve Araştırma Merkezi Yönetmeliği,https://www.resmigazete.gov.tr/eskiler/2023/10/20231028-6.htm
2023-10-28,–– Olağanüstü Hal Kapsamında Enerji Tüketim Bedellerinin Terkinine İlişkin Usul ve Esaslar Hakkında Tebliğde Değişiklik Yapılmasına Dair Tebliğ,https://www.resmigazete.gov.tr/eskiler/2023/10/20231028-7.htm
2023-10-28,–– Türk Gıda Kodeksi Zeytinyağı ve Pirina Yağı Analiz Metotları Tebliği (No: 2023/20),https://www.resmigazete.gov.tr/eskiler/2023/10/20231028-8.htm
2023-10-28,–– İthalatta Gözetim Uygulanmasına İlişkin Tebliğ (No: 2023/10),https://www.resmigazete.gov.tr/eskiler/2023/10/20231028-9.htm
2023-10-28,"–– Enerji Piyasası Düzenleme Kurulunun 26/10/2023 Tarihli ve 12153-1, 12153-2, 12156, 12157 ve 12158 Sayılı Kararları",https://www.resmigazete.gov.tr/eskiler/2023/10/20231028-10.pdf
2023-10-28,"a - Artırma, Eksiltme ve İhale İlânları",http://www.resmigazete.gov.tr/main.aspx?home=http://www.resmigazete.gov.tr/ilanlar/eskiilanlar/2023/10/20231028.htm&main=http://www.resmigazete.gov.tr/ilanlar/eskiilanlar/2023/10/20231028-3.htm
2023-10-28,- Çeşitli İlânlar,http://www.resmigazete.gov.tr/main.aspx?home=http://www.resmigazete.gov.tr/ilanlar/eskiilanlar/2023/10/20231028.htm&main=http://www.resmigazete.gov.tr/ilanlar/eskiilanlar/2023/10/20231028-4.htm
2023-10-28,– T.C. Merkez Bankasınca Belirlenen Döviz Kurları ve Devlet İç Borçlanma Senetlerinin Günlük Değerleri,http://www.resmigazete.gov.tr/main.aspx?home=http://www.resmigazete.gov.tr/ilanlar/eskiilanlar/2023/10/20231028.htm&main=http://www.resmigazete.gov.tr/ilanlar/eskiilanlar/2023/10/20231028-5.htm
2023-10-29,"15/7/2018 tarihli ve 30479 sayılı Resmî Gazete'de yayımlanan ""Resmî Gazete Hakkında Cumhurbaşkanlığı Kararnamesi (Kararname Numarası: 10)"" uyarınca bugün Resmî Gazete yayımlanmamaktadır.",https://www.resmigazete.gov.tr/eskiler/2023/10/20110101-1.htm
2023-10-30,–– Tokat Gaziosmanpaşa Üniversitesi Sağlık Araştırma ve Uygulama Merkezi Yönetmeliği,https://www.resmigazete.gov.tr/eskiler/2023/10/20231030-1.htm
2023-10-30,–– Ulusal Meslek Standartlarına Dair Tebliğde Değişiklik Yapılmasına Dair Tebliğ (No: 2023/19),https://www.resmigazete.gov.tr/eskiler/2023/10/20231030-2.htm
2023-10-30,–– Ulusal Meslek Standartlarına Dair Tebliğ (Tebliğ No: 2016/12)’de Değişiklik Yapılmasına Dair Tebliğ (No: 2023/20),https://www.resmigazete.gov.tr/eskiler/2023/10/20231030-3.htm
2023-10-30,–– Ulusal Meslek Standartlarına Dair Tebliğde Değişiklik Yapılmasına Dair Tebliğ (No: 2023/21),https://www.resmigazete.gov.tr/eskiler/2023/10/20231030-4.htm
2023-10-30,–– Ulusal Meslek Standartlarına Dair Tebliğ (Tebliğ No: 2014/1)’de Değişiklik Yapılmasına Dair Tebliğ (No: 2023/23),https://www.resmigazete.gov.tr/eskiler/2023/10/20231030-5.htm
2023-10-30,–– Ulusal Meslek Standartlarına Dair Tebliğde Değişiklik Yapılmasına Dair Tebliğ (No: 2023/25),https://www.resmigazete.gov.tr/eskiler/2023/10/20231030-6.htm
2023-10-30,–– 2023 Yılı Eylül Ayına Ait Dahilde İşleme İzin Belgelerinin (D1) Listesi,https://www.resmigazete.gov.tr/eskiler/2023/10/20231030-7.pdf
2023-10-30,–– 2023 Yılı Eylül Ayına Ait Yurt İçi Satış ve Teslim Belgelerinin (D3) Listesi,https://www.resmigazete.gov.tr/eskiler/2023/10/20231030-8.pdf
2023-10-30,–– 2023 Yılı Eylül Ayına Ait Hariçte İşleme İzin Belgelerinin (H1) Listesi,https://www.resmigazete.gov.tr/eskiler/2023/10/20231030-9.pdf
2023-10-30,–– 2023 Yılı Eylül Ayına Ait Firma Talebine İstinaden İptal Edilen Dahilde İşleme İzin Belgeleri Listesi,https://www.resmigazete.gov.tr/eskiler/2023/10/20231030-10.pdf
2023-10-30,a - Yargı İlânları,http://www.resmigazete.gov.tr/main.aspx?home=http://www.resmigazete.gov.tr/ilanlar/eskiilanlar/2023/10/20231030.htm&main=http://www.resmigazete.gov.tr/ilanlar/eskiilanlar/2023/10/20231030-2.htm
2023-10-30,"b - Artırma, Eksiltme ve İhale İlânları",http://www.resmigazete.gov.tr/main.aspx?home=http://www.resmigazete.gov.tr/ilanlar/eskiilanlar/2023/10/20231030.htm&main=http://www.resmigazete.gov.tr/ilanlar/eskiilanlar/2023/10/20231030-3.htm
2023-10-30,c - Çeşitli İlânlar,http://www.resmigazete.gov.tr/main.aspx?home=http://www.resmigazete.gov.tr/ilanlar/eskiilanlar/2023/10/20231030.htm&main=http://www.resmigazete.gov.tr/ilanlar/eskiilanlar/2023/10/20231030-4.htm
2023-10-30,– T.C. Merkez Bankasınca Belirlenen Devlet İç Borçlanma Senetlerinin Günlük Değerleri,http://www.resmigazete.gov.tr/main.aspx?home=http://www.resmigazete.gov.tr/ilanlar/eskiilanlar/2023/10/20231030.htm&main=http://www.resmigazete.gov.tr/ilanlar/eskiilanlar/2023/10/20231030-5.htm
2023-10-31,"–– Boğaziçi Üniversitesi Yabancı Diller Yüksekokulu Hazırlık Sınıfı Eğitim, Öğretim ve Sınav Yönetmeliğinde Değişiklik Yapılmasına Dair Yönetmelik",https://www.resmigazete.gov.tr/eskiler/2023/10/20231031-1.htm
2023-10-31,–– Cumhuriyetin 100. Yılı Anısına 5 TL Değerindeki Madeni Hatıra Paraların Çıkarılmasına İlişkin Tebliğ,https://www.resmigazete.gov.tr/eskiler/2023/10/20231031-2.htm
2023-10-31,–– 6102 Sayılı Türk Ticaret Kanununun 376 ncı Maddesinin Uygulanmasına İlişkin Usul ve Esaslar Hakkında Tebliğde Değişiklik Yapılmasına Dair Tebliğ,https://www.resmigazete.gov.tr/eskiler/2023/10/20231031-3.htm
2023-10-31,–– İthalatta Haksız Rekabetin Önlenmesine İlişkin Tebliğ (No: 2023/29),https://www.resmigazete.gov.tr/eskiler/2023/10/20231031-4.htm
2023-10-31,–– İthalatta Haksız Rekabetin Önlenmesine İlişkin Tebliğ (No: 2023/31),https://www.resmigazete.gov.tr/eskiler/2023/10/20231031-5.htm
2023-10-31,a - Yargı İlânları,http://www.resmigazete.gov.tr/main.aspx?home=http://www.resmigazete.gov.tr/ilanlar/eskiilanlar/2023/10/20231031.htm&main=http://www.resmigazete.gov.tr/ilanlar/eskiilanlar/2023/10/20231031-2.htm
2023-10-31,"b - Artırma, Eksiltme ve İhale İlânları",http://www.resmigazete.gov.tr/main.aspx?home=http://www.resmigazete.gov.tr/ilanlar/eskiilanlar/2023/10/20231031.htm&main=http://www.resmigazete.gov.tr/ilanlar/eskiilanlar/2023/10/20231031-3.htm
2023-10-31,c - Çeşitli İlânlar,http://www.resmigazete.gov.tr/main.aspx?home=http://www.resmigazete.gov.tr/ilanlar/eskiilanlar/2023/10/20231031.htm&main=http://www.resmigazete.gov.tr/ilanlar/eskiilanlar/2023/10/20231031-4.htm
2023-10-31,– T.C. Merkez Bankasınca Belirlenen Döviz Kurları ve Devlet İç Borçlanma Senetlerinin Günlük Değerleri,http://www.resmigazete.gov.tr/main.aspx?home=http://www.resmigazete.gov.tr/ilanlar/eskiilanlar/2023/10/20231031.htm&main=http://www.resmigazete.gov.tr/ilanlar/eskiilanlar/2023/10/20231031-5.htm
2023-11-01,–– Gelir İdaresi Başkanlığı Personeli Yer Değiştirme Yönetmeliğinde Değişiklik Yapılmasına Dair Yönetmelik,https://www.resmigazete.gov.tr/eskiler/2023/11/20231101-1.htm
2023-11-01,–– Çanakkale Onsekiz Mart Üniversitesi Diş Hekimliği Fakültesi Eğitim-Öğretim ve Sınav Yönetmeliğinde Değişiklik Yapılmasına Dair Yönetmelik,https://www.resmigazete.gov.tr/eskiler/2023/11/20231101-2.htm
2023-11-01,–– Reeskont ve Avans İşlemlerinde Uygulanacak Faiz Oranlarının Tespiti,https://www.resmigazete.gov.tr/eskiler/2023/11/20231101-3.pdf
2023-11-01,"–– Anayasa Mahkemesinin 26/7/2023 Tarihli ve E: 2023/121, K: 2023/129 Sayılı Kararı",https://www.resmigazete.gov.tr/eskiler/2023/11/20231101-4.pdf
2023-11-01,"–– Anayasa Mahkemesinin 26/7/2023 Tarihli ve E: 2022/124, K: 2023/135 Sayılı Kararı",https://www.resmigazete.gov.tr/eskiler/2023/11/20231101-5.pdf
2023-11-01,"–– Anayasa Mahkemesinin 13/9/2023 Tarihli ve E: 2023/144, K: 2023/147 Sayılı Kararı",https://www.resmigazete.gov.tr/eskiler/2023/11/20231101-6.pdf
2023-11-01,"–– Anayasa Mahkemesinin 13/9/2023 Tarihli ve E: 2023/146, K: 2023/148 Sayılı Kararı",https://www.resmigazete.gov.tr/eskiler/2023/11/20231101-7.pdf
2023-11-01,"–– Anayasa Mahkemesinin 13/9/2023 Tarihli ve E: 2021/47, K: 2023/151 Sayılı Kararı",https://www.resmigazete.gov.tr/eskiler/2023/11/20231101-8.pdf
2023-11-01,"–– Anayasa Mahkemesinin 28/9/2023 Tarihli ve E: 2023/69, K: 2023/165 Sayılı Kararı",https://www.resmigazete.gov.tr/eskiler/2023/11/20231101-9.pdf
2023-11-01,a - Yargı İlânları,http://www.resmigazete.gov.tr/main.aspx?home=http://www.resmigazete.gov.tr/ilanlar/eskiilanlar/2023/11/20231101.htm&main=http://www.resmigazete.gov.tr/ilanlar/eskiilanlar/2023/11/20231101-2.htm
2023-11-01,"b - Artırma, Eksiltme ve İhale İlânları",http://www.resmigazete.gov.tr/main.aspx?home=http://www.resmigazete.gov.tr/ilanlar/eskiilanlar/2023/11/20231101.htm&main=http://www.resmigazete.gov.tr/ilanlar/eskiilanlar/2023/11/20231101-3.htm
2023-11-01,c - Çeşitli İlânlar,http://www.resmigazete.gov.tr/main.aspx?home=http://www.resmigazete.gov.tr/ilanlar/eskiilanlar/2023/11/20231101.htm&main=http://www.resmigazete.gov.tr/ilanlar/eskiilanlar/2023/11/20231101-4.htm
2023-11-01,– T.C. Merkez Bankasınca Belirlenen Döviz Kurları ve Devlet İç Borçlanma Senetlerinin Günlük Değerleri,http://www.resmigazete.gov.tr/main.aspx?home=http://www.resmigazete.gov.tr/ilanlar/eskiilanlar/2023/11/20231101.htm&main=http://www.resmigazete.gov.tr/ilanlar/eskiilanlar/2023/11/20231101-5.htm
2023-11-01,"1/11/2023 tarihli ve 32356 mükerrer sayılı Resmî Gazete’de, On İkinci Kalkınma Planının (2024-2028) Onaylandığına İlişkin Karar yayımlanmıştır.",http://www.resmigazete.gov.tr/eskiler/2023/11/20231101M1.htm
2023-11-02,7464 Konutların Turizm Amaçlı Kiralanmasına ve Bazı Kanunlarda Değişiklik Yapılmasına Dair Kanun,https://www.resmigazete.gov.tr/eskiler/2023/11/20231102-16.htm
2023-11-02,7465 Türkiye Cumhuriyeti Hükümeti ile Kırgız Cumhuriyeti Hükümeti Arasında 14 Ekim 1994 Tarihinde İmzalanan Hava Hizmetleri Anlaşmasını Tadil Eden Protokolün Notalarla Birlikte Onaylanmasının Uygun Bulunduğuna Dair Kanun,https://www.resmigazete.gov.tr/eskiler/2023/11/20231102-17.htm
2023-11-02,7466 Türkiye Cumhuriyeti Hükümeti ile Senegal Cumhuriyeti Hükümeti Arasında Gelir Üzerinden Alınan Vergilerde Çifte Vergilendirmeyi Önleme ve Vergi Kaçakçılığına Engel Olma Anlaşması ve Eki Protokolün Anlaşmada Değişiklik Yapılmasına Dair Notalarla Birlikte Onaylanmasının Uygun Bulunduğuna Dair Kanun,https://www.resmigazete.gov.tr/eskiler/2023/11/20231102-18.htm
2023-11-02,7467 Türkiye Cumhuriyeti ile Kongo Demokratik Cumhuriyeti Arasında Gelir Üzerinden Alınan Vergilerde Çifte Vergilendirmeyi Önleme ve Vergi Kaçakçılığı ile Vergiden Kaçınmaya Engel Olma Anlaşmasının Onaylanmasının Uygun Bulunduğuna Dair Kanun,https://www.resmigazete.gov.tr/eskiler/2023/11/20231102-19.htm
2023-11-02,7468 Türkiye Cumhuriyeti Hükümeti ile Sri Lanka Demokratik Sosyalist Cumhuriyeti Hükümeti Arasında Gelir Üzerinden Alınan Vergilerde Çifte Vergilendirmeyi Önleme ve Vergi Kaçakçılığı ile Vergiden Kaçınmaya Engel Olma Anlaşması ve Eki Protokolün Onaylanmasının Uygun Bulunduğuna Dair Kanun,https://www.resmigazete.gov.tr/eskiler/2023/11/20231102-20.htm
2023-11-02,7469 Türkiye Cumhuriyeti Hükümeti ile Kamboçya Krallığı Hükümeti Arasında Gelir Üzerinden Alınan Vergilerde Çifte Vergilendirmeyi Önleme ve Vergi Kaçakçılığına Engel Olma Anlaşmasının Notalarla Birlikte Onaylanmasının Uygun Bulunduğuna Dair Kanun,https://www.resmigazete.gov.tr/eskiler/2023/11/20231102-21.htm
2023-11-02,–– Türk Dili Konuşan Ülkeler İşbirliği Konseyinin Kurulmasına İlişkin Nahçıvan Anlaşmasında Değişiklik Yapılmasına Dair Protokolün Onaylanması Hakkında Karar (Karar Sayısı: 7744),https://www.resmigazete.gov.tr/eskiler/2023/11/20231102-23.pdf
2023-11-02,–– Türk Dili Konuşan Ülkeler İşbirliği Konseyi Sekretaryasının Mali Esaslarına İlişkin Anlaşmada Değişiklik Yapılmasına Dair Protokolün Onaylanması Hakkında Karar (Karar Sayısı: 7745),https://www.resmigazete.gov.tr/eskiler/2023/11/20231102-24.pdf
2023-11-02,–– Türkiye Cumhuriyeti Adına 31 Temmuz 2023 Tarihinde Ankara'da İmzalanan Ekli Türkiye Cumhuriyeti ve Avrupa Birliği Arasında Türkiye Cumhuriyeti'nin Birlik Programı Olan Dijital Avrupa Programına (2021-2027) Katılımı Konusunda Anlaşmanın 1 Ocak 2023 Tarihinden Geçerli Olmak Üzere Onaylanması Hakkında Karar (Karar Sayısı: 7746),https://www.resmigazete.gov.tr/eskiler/2023/11/20231102-25.pdf
2023-11-02,–– Türkiye Cumhuriyeti Hükümeti ile Azerbaycan Cumhuriyeti Hükümeti Arasında Hayvan Sağlığı Alanında Hibe Yapılmasına Dair Anlaşmanın Yürürlüğe Girmesi Hakkında Karar (Karar Sayısı: 7747),https://www.resmigazete.gov.tr/eskiler/2023/11/20231102-26.pdf
2023-11-02,"–– Aydın İlinde Kurulacak Dampınar RES Üretim Tesisi İçin Gerekli Olan Bazı Taşınmazların, Tapuda Hazine Adına Tescil Edilmek Üzere Enerji Piyasası Düzenleme Kurumu Tarafından Acele Kamulaştırılması Hakkında Karar (Karar Sayısı: 7748)",https://www.resmigazete.gov.tr/eskiler/2023/11/20231102-27.pdf
2023-11-02,"–– Kayseri İlinde Kurulacak Ovacık RES Üretim Tesisi İçin Gerekli Olan Bazı Taşınmazların, Tapuda Hazine Adına Tescil Edilmek Üzere Enerji Piyasası Düzenleme Kurumu Tarafından Acele Kamulaştırılması Hakkında Karar (Karar Sayısı: 7749)",https://www.resmigazete.gov.tr/eskiler/2023/11/20231102-28.pdf
2023-11-02,"–– Çanakkale İlinde Kurulacak Ovacık RES Üretim Tesisi İçin Gerekli Olan Bazı Taşınmazların, Tapuda Hazine Adına Tescil Edilmek Üzere Enerji Piyasası Düzenleme Kurumu Tarafından Acele Kamulaştırılması Hakkında Karar (Karar Sayısı: 7750)",https://www.resmigazete.gov.tr/eskiler/2023/11/20231102-29.pdf
2023-11-02,"–– Kestanederesi Rüzgâr Enerji Santralinin Yapımı Amacıyla İzmir ve Manisa İllerinde Bulunan Bazı Taşınmazların, Tapuda Hazine Adına Tescil Edilmek Üzere Enerji Piyasası Düzenleme Kurumu Tarafından Acele Kamulaştırılması Hakkında Karar (Karar Sayısı: 7751)",https://www.resmigazete.gov.tr/eskiler/2023/11/20231102-30.pdf
2023-11-02,"–– Kumarlı HES Üretim Tesisinin Yapımı Amacıyla Kahramanmaraş İlinde Bulunan Bazı Taşınmazların, Tapuda Hazine Adına Tescil Edilmek Üzere Enerji Piyasası Düzenleme Kurumu Tarafından Acele Kamulaştırılması Hakkında Karar (Karar Sayısı: 7752)",https://www.resmigazete.gov.tr/eskiler/2023/11/20231102-31.pdf
2023-11-02,–– 154 kV G4-Viranşehir 8 GES TM-Viranşehir TM Enerji İletim Hattı Projesi Kapsamında Bazı Taşınmazların Türkiye Elektrik İletim Anonim Şirketi Genel Müdürlüğü Tarafından Acele Kamulaştırılması Hakkında Karar (Karar Sayısı: 7753),https://www.resmigazete.gov.tr/eskiler/2023/11/20231102-32.pdf
2023-11-02,–– 154 kV Nevşehir-Derinkuyu Enerji İletim Hattı Projesi Kapsamında Bazı Taşınmazların Türkiye Elektrik İletim Anonim Şirketi Genel Müdürlüğü Tarafından Acele Kamulaştırılması Hakkında Karar (Karar Sayısı: 7754),https://www.resmigazete.gov.tr/eskiler/2023/11/20231102-33.pdf
2023-11-02,"–– Ekli Liste ve Haritalarda Güzergâhları Gösterilen Doğal Gaz Boru Hattı Projelerinin Yapımı Amacıyla Bazı Taşınmazların, Boru Hatları ile Petrol Taşıma Anonim Şirketi Genel Müdürlüğü Tarafından Acele Kamulaştırılması Hakkında Karar (Karar Sayısı: 7755)",https://www.resmigazete.gov.tr/eskiler/2023/11/20231102-34.pdf
2023-11-02,"–– Ekli Liste ve Haritada Bilgileri ile Güzergâhları Yer Alan Doğal Gaz Boru Hattı Deplasesi ve Bağlantı Hattı Projelerinin Yapımı Amacıyla Bazı Taşınmazların, Boru Hatları ile Petrol Taşıma Anonim Şirketi Genel Müdürlüğü Tarafından Acele Kamulaştırılması Hakkında Karar (Karar Sayısı: 7756)",https://www.resmigazete.gov.tr/eskiler/2023/11/20231102-35.pdf
2023-11-02,"–– Silvan Barajı Rölekasyon Yolları Projesi Kapsamında Kulp-Lice (Sarım Çayı Köprüsü Varyantı) İl Yolu, Kulp-Muş İl Yolu ve Kulp-Hamzalı İl Yolunun İlgili Kesimlerinde Araziye Girilerek Yol Yapım Çalışmalarının Tamamlanması Amacıyla Bazı Taşınmazlar ile Üzerlerindeki Müştemilatın Karayolları Genel Müdürlüğü Tarafından Acele Kamulaştırılması Hakkında Karar (Karar Sayısı: 7757)",https://www.resmigazete.gov.tr/eskiler/2023/11/20231102-36.pdf
2023-11-02,"–– Artvin İli, Merkez İlçe, Çayağzı Mahallesinde Bulunan Bazı Alanların Riskli Alan İlan Edilmesi Hakkındaki 19/8/2013 Tarihli ve 2013/5299 Sayılı Bakanlar Kurulu Kararının Yürürlükten Kaldırılması Hakkında Karar (Karar Sayısı: 7758)",https://www.resmigazete.gov.tr/eskiler/2023/11/20231102-37.pdf
2023-11-02,"–– Ekli I Sayılı Listede Belirtilen Enstitü ve Fakültelerin Kurulması, Ekli II Sayılı Listede Belirtilen Yüksekokul ve Fakültenin Kapatılması ile Ekli III Sayılı Listede Belirtilen Enstitü ve Fakültenin Adlarının Karşılarında Gösterildiği Şekilde Değiştirilmesi Hakkında Karar (Karar Sayısı: 7759)",https://www.resmigazete.gov.tr/eskiler/2023/11/20231102-38.pdf
2023-11-02,"–– Kamu Kurum ve Kuruluşlarının Yurtdışı Teşkilatını Oluşturan Birimlerin Nitelik, Kurulduğu Şehir ve Ülke, Görev Alanı, Akredite Edildiği Ülkeler ve Bağlı Bulunduğu Misyonlar Hakkındaki 13/4/1999 Tarihli ve 99/12770 Sayılı Bakanlar Kurulu Kararında Değişiklik Yapılmasına İlişkin Karar (Karar Sayısı: 7760)",https://www.resmigazete.gov.tr/eskiler/2023/11/20231102-39.pdf
2023-11-02,"–– İstanbul İli, Arnavutköy İlçesinde Bulunan ve Ekli Haritada Sınırları Gösterilen Alanın Kuzey Marmara Özel Endüstri Bölgesi Olarak İlan Edilmesi Hakkında Karar (Karar Sayısı: 7761)",https://www.resmigazete.gov.tr/eskiler/2023/11/20231102-40.pdf
2023-11-02,"–– İstanbul İli, Arnavutköy İlçesinde Bulunan ve Ekli Haritada Sınırları Gösterilen Alanın ASKOOP Özel Endüstri Bölgesi Olarak İlan Edilmesi Hakkında Karar (Karar Sayısı: 7762)",https://www.resmigazete.gov.tr/eskiler/2023/11/20231102-41.pdf
2023-11-02,"–– Cumhurbaşkanlığına, Cumhurbaşkanı Yardımcısı Cevdet YILMAZ’ın Vekâlet Etmesine Dair Tezkere",https://www.resmigazete.gov.tr/eskiler/2023/11/20231102-15.pdf
2023-11-02,–– Cumhurbaşkanlığı Tarafından Yapılan Atama Hakkında Karar (Karar: 2023/474),https://www.resmigazete.gov.tr/eskiler/2023/11/20231102-22.pdf
2023-11-02,–– Türk Gıda Kodeksi Bebek ve Küçük Çocuklara Yönelik Gıdalar ile Vücut Ağırlığı Kontrolü İçin Diyetin Yerini Alan Gıdalar Yönetmeliğinde Değişiklik Yapılmasına Dair Yönetmelik,https://www.resmigazete.gov.tr/eskiler/2023/11/20231102-1.htm
2023-11-02,–– İstanbul Rumeli Üniversitesi Ön Lisans ve Lisans Eğitim-Öğretim ve Sınav Yönetmeliğinde Değişiklik Yapılmasına Dair Yönetmelik,https://www.resmigazete.gov.tr/eskiler/2023/11/20231102-2.htm
2023-11-02,"–– Tütün Mamulleri, Makaron, Yaprak Sigara Kâğıdı ve Alkollü İçkilerde Ürün İzleme Sistemi Uygulama Genel Tebliğinde Değişiklik Yapılmasına Dair Tebliğ (Seri No: 1)",https://www.resmigazete.gov.tr/eskiler/2023/11/20231102-3.htm
2023-11-02,–– Türk Gıda Kodeksi Vücut Ağırlığı Kontrolü İçin Diyetin Yerini Alan Gıdalar Tebliği (Tebliğ No: 2019/15)’nde Değişiklik Yapılmasına Dair Tebliğ (No: 2023/27),https://www.resmigazete.gov.tr/eskiler/2023/11/20231102-4.htm
2023-11-02,–– Türk Gıda Kodeksi Bebek Formülleri ve Devam Formülleri Tebliği (Tebliğ No: 2019/14)’nde Değişiklik Yapılmasına Dair Tebliğ (No: 2023/28),https://www.resmigazete.gov.tr/eskiler/2023/11/20231102-5.htm
2023-11-02,–– Zorunlu Karşılıklar Hakkında Tebliğ (Sayı: 2013/15)’de Değişiklik Yapılmasına Dair Tebliğ (Sayı: 2023/30),https://www.resmigazete.gov.tr/eskiler/2023/11/20231102-42.htm
2023-11-02,"–– Anayasa Mahkemesinin 26/7/2023 Tarihli ve E: 2022/138, K: 2023/134 Sayılı Kararı",https://www.resmigazete.gov.tr/eskiler/2023/11/20231102-6.pdf
2023-11-02,"–– Anayasa Mahkemesinin 13/9/2023 Tarihli ve E: 2023/92, K: 2023/156 Sayılı Kararı",https://www.resmigazete.gov.tr/eskiler/2023/11/20231102-7.pdf
2023-11-02,"–– Anayasa Mahkemesinin 28/9/2023 Tarihli ve E: 2023/73, K: 2023/166 Sayılı Kararı",https://www.resmigazete.gov.tr/eskiler/2023/11/20231102-8.pdf
2023-11-02,"–– Anayasa Mahkemesinin 28/9/2023 Tarihli ve E: 2023/103, K: 2023/167 Sayılı Kararı",https://www.resmigazete.gov.tr/eskiler/2023/11/20231102-9.pdf
2023-11-02,–– Anayasa Mahkemesinin 8/6/2023 Tarihli ve 2019/8563 Başvuru Numaralı Kararı,https://www.resmigazete.gov.tr/eskiler/2023/11/20231102-10.pdf
2023-11-02,–– Anayasa Mahkemesinin 12/7/2023 Tarihli ve 2018/9222 Başvuru Numaralı Kararı,https://www.resmigazete.gov.tr/eskiler/2023/11/20231102-11.pdf
2023-11-02,–– Anayasa Mahkemesinin 12/7/2023 Tarihli ve 2019/19624 Başvuru Numaralı Kararı,https://www.resmigazete.gov.tr/eskiler/2023/11/20231102-12.pdf
2023-11-02,–– Anayasa Mahkemesinin 12/7/2023 Tarihli ve 2019/34119 Başvuru Numaralı Kararı,https://www.resmigazete.gov.tr/eskiler/2023/11/20231102-13.pdf
2023-11-02,–– Yargıtay 7. Hukuk Dairesine Ait Karar,https://www.resmigazete.gov.tr/eskiler/2023/11/20231102-14.pdf
2023-11-02,"- Artırma, Eksiltme ve İhale İlânları",http://www.resmigazete.gov.tr/main.aspx?home=http://www.resmigazete.gov.tr/ilanlar/eskiilanlar/2023/11/20231102.htm&main=http://www.resmigazete.gov.tr/ilanlar/eskiilanlar/2023/11/20231102-3.htm
2023-11-02,- Çeşitli İlânlar,http://www.resmigazete.gov.tr/main.aspx?home=http://www.resmigazete.gov.tr/ilanlar/eskiilanlar/2023/11/20231102.htm&main=http://www.resmigazete.gov.tr/ilanlar/eskiilanlar/2023/11/20231102-4.htm
2023-11-02,– T.C. Merkez Bankasınca Belirlenen Döviz Kurları ve Devlet İç Borçlanma Senetlerinin Günlük Değerleri,http://www.resmigazete.gov.tr/main.aspx?home=http://www.resmigazete.gov.tr/ilanlar/eskiilanlar/2023/11/20231102.htm&main=http://www.resmigazete.gov.tr/ilanlar/eskiilanlar/2023/11/20231102-5.htm
2023-11-03,–– Gençlik ve Spor Bakanlığı Burs Yönetmeliği,https://www.resmigazete.gov.tr/eskiler/2023/11/20231103-1.htm
2023-11-03,–– Gençlik ve Spor Bakanlığı Kredi Yönetmeliği,https://www.resmigazete.gov.tr/eskiler/2023/11/20231103-2.htm
2023-11-03,–– Saç Ekimi Birimleri Hakkında Yönetmelikte Değişiklik Yapılmasına Dair Yönetmelik,https://www.resmigazete.gov.tr/eskiler/2023/11/20231103-3.htm
2023-11-03,–– Makaron Üretimi ve Ticaretine İlişkin Usul ve Esaslar Hakkında Yönetmelikte Değişiklik Yapılmasına Dair Yönetmelik,https://www.resmigazete.gov.tr/eskiler/2023/11/20231103-4.htm
2023-11-03,–– Devlet Su İşleri Genel Müdürlüğü Personeli Görevde Yükselme ve Unvan Değişikliği Yönetmeliğinde Değişiklik Yapılmasına Dair Yönetmelik,https://www.resmigazete.gov.tr/eskiler/2023/11/20231103-5.htm
2023-11-03,–– Atılım Üniversitesi Sağlık Uygulama ve Araştırma Merkezi Yönetmeliği,https://www.resmigazete.gov.tr/eskiler/2023/11/20231103-6.htm
2023-11-03,–– İthalatta Korunma Önlemlerine İlişkin Tebliğ (No: 2023/6),https://www.resmigazete.gov.tr/eskiler/2023/11/20231103-13.htm
2023-11-03,–– Benzin Türlerine Etanol Harmanlanması Hakkında Tebliğde Değişiklik Yapılmasına Dair Tebliğ,https://www.resmigazete.gov.tr/eskiler/2023/11/20231103-7.htm
2023-11-03,–– Motorin Türlerine Biodizel Harmanlanması Hakkında Tebliğde Değişiklik Yapılmasına Dair Tebliğ,https://www.resmigazete.gov.tr/eskiler/2023/11/20231103-8.htm
2023-11-03,"–– Anayasa Mahkemesinin 28/9/2023 Tarihli ve E: 2020/33, K: 2023/161 Sayılı Kararı",https://www.resmigazete.gov.tr/eskiler/2023/11/20231103-9.pdf
2023-11-03,"–– Anayasa Mahkemesinin 28/9/2023 Tarihli ve E: 2022/12, K: 2023/162 Sayılı Kararı",https://www.resmigazete.gov.tr/eskiler/2023/11/20231103-10.pdf
2023-11-03,–– Anayasa Mahkemesinin 12/7/2023 Tarihli ve 2019/42961 Başvuru Numaralı Kararı,https://www.resmigazete.gov.tr/eskiler/2023/11/20231103-11.pdf
2023-11-03,–– Yargıtay 3. Hukuk Dairesine Ait Karar,https://www.resmigazete.gov.tr/eskiler/2023/11/20231103-12.pdf
2023-11-03,"a - Artırma, Eksiltme ve İhale İlânları",http://www.resmigazete.gov.tr/main.aspx?home=http://www.resmigazete.gov.tr/ilanlar/eskiilanlar/2023/11/20231103.htm&main=http://www.resmigazete.gov.tr/ilanlar/eskiilanlar/2023/11/20231103-3.htm
2023-11-03,b - Çeşitli İlânlar,http://www.resmigazete.gov.tr/main.aspx?home=http://www.resmigazete.gov.tr/ilanlar/eskiilanlar/2023/11/20231103.htm&main=http://www.resmigazete.gov.tr/ilanlar/eskiilanlar/2023/11/20231103-4.htm
2023-11-03,– T.C. Merkez Bankasınca Belirlenen Döviz Kurları ve Devlet İç Borçlanma Senetlerinin Günlük Değerleri,http://www.resmigazete.gov.tr/main.aspx?home=http://www.resmigazete.gov.tr/ilanlar/eskiilanlar/2023/11/20231103.htm&main=http://www.resmigazete.gov.tr/ilanlar/eskiilanlar/2023/11/20231103-5.htm
2023-11-04,"–– Cumhurbaşkanlığı Tarafından Yapılan Atamalar Hakkında Kararlar (Karar: 2023/475, 476, 477, 478, 479, 480, 481, 482, 483, 484, 485, 486, 487, 488)",https://www.resmigazete.gov.tr/eskiler/2023/11/20231104-3.pdf
2023-11-04,–– Mesafeli Sözleşmeler Yönetmeliğinde Değişiklik Yapılmasına Dair Yönetmelik,https://www.resmigazete.gov.tr/eskiler/2023/11/20231104-1.htm
2023-11-04,–– Batman Üniversitesi Diş Hekimliği Fakültesi Eğitim-Öğretim ve Sınav Yönetmeliği,https://www.resmigazete.gov.tr/eskiler/2023/11/20231104-2.htm
2023-11-04,–– Kamu Binalarında Enerji Tasarrufu ile İlgili 2023/15 Sayılı Cumhurbaşkanlığı Genelgesi,https://www.resmigazete.gov.tr/eskiler/2023/11/20231104-5.pdf
2023-11-04,–– Mali Suçları Araştırma Kurulu Genel Tebliği (Sıra No:19)’nde Değişiklik Yapılmasına İlişkin Tebliğ (Sıra No: 25),https://www.resmigazete.gov.tr/eskiler/2023/11/20231104-4.htm
2023-11-04,–– Bankacılık Düzenleme ve Denetleme Kurulunun 27/10/2023 Tarihli ve 10683 Sayılı Kararı,https://www.resmigazete.gov.tr/eskiler/2023/11/20231104-6.pdf
2023-11-04,a - Yargı İlânları,http://www.resmigazete.gov.tr/main.aspx?home=http://www.resmigazete.gov.tr/ilanlar/eskiilanlar/2023/11/20231104.htm&main=http://www.resmigazete.gov.tr/ilanlar/eskiilanlar/2023/11/20231104-2.htm
2023-11-04,"b - Artırma, Eksiltme ve İhale İlânları",http://www.resmigazete.gov.tr/main.aspx?home=http://www.resmigazete.gov.tr/ilanlar/eskiilanlar/2023/11/20231104.htm&main=http://www.resmigazete.gov.tr/ilanlar/eskiilanlar/2023/11/20231104-3.htm
2023-11-04,c - Çeşitli İlânlar,http://www.resmigazete.gov.tr/main.aspx?home=http://www.resmigazete.gov.tr/ilanlar/eskiilanlar/2023/11/20231104.htm&main=http://www.resmigazete.gov.tr/ilanlar/eskiilanlar/2023/11/20231104-4.htm
2023-11-04,– T.C. Merkez Bankasınca Belirlenen Döviz Kurları ve Devlet İç Borçlanma Senetlerinin Günlük Değerleri,http://www.resmigazete.gov.tr/main.aspx?home=http://www.resmigazete.gov.tr/ilanlar/eskiilanlar/2023/11/20231104.htm&main=http://www.resmigazete.gov.tr/ilanlar/eskiilanlar/2023/11/20231104-5.htm
2023-11-05,–– Türk Gıda Kodeksi Bulaşanlar Yönetmeliği,https://www.resmigazete.gov.tr/eskiler/2023/11/20231105-1.htm
2023-11-05,–– Çağ Üniversitesi Lisansüstü Eğitim Öğretim ve Sınav Yönetmeliği,https://www.resmigazete.gov.tr/eskiler/2023/11/20231105-2.htm
2023-11-05,–– Ege Üniversitesi Lisansüstü Eğitim-Öğretim Yönetmeliği,https://www.resmigazete.gov.tr/eskiler/2023/11/20231105-3.htm
2023-11-05,–– KTO-Karatay Üniversitesi Lisansüstü Eğitim-Öğretim ve Sınav Yönetmeliği,https://www.resmigazete.gov.tr/eskiler/2023/11/20231105-4.htm
2023-11-05,–– Ulusal Meslek Standartlarına Dair Tebliğ (No: 2023/22),https://www.resmigazete.gov.tr/eskiler/2023/11/20231105-5.htm
2023-11-05,–– Ulusal Meslek Standartlarına Dair Tebliğde Değişiklik Yapılmasına Dair Tebliğ (No: 2023/24),https://www.resmigazete.gov.tr/eskiler/2023/11/20231105-6.htm
2023-11-05,"a - Artırma, Eksiltme ve İhale İlânları",http://www.resmigazete.gov.tr/main.aspx?home=http://www.resmigazete.gov.tr/ilanlar/eskiilanlar/2023/11/20231105.htm&main=http://www.resmigazete.gov.tr/ilanlar/eskiilanlar/2023/11/20231105-3.htm
2023-11-05,b - Çeşitli İlânlar,http://www.resmigazete.gov.tr/main.aspx?home=http://www.resmigazete.gov.tr/ilanlar/eskiilanlar/2023/11/20231105.htm&main=http://www.resmigazete.gov.tr/ilanlar/eskiilanlar/2023/11/20231105-4.htm
2023-11-05,– T.C. Merkez Bankasınca Belirlenen Devlet İç Borçlanma Senetlerinin Günlük Değerleri,http://www.resmigazete.gov.tr/main.aspx?home=http://www.resmigazete.gov.tr/ilanlar/eskiilanlar/2023/11/20231105.htm&main=http://www.resmigazete.gov.tr/ilanlar/eskiilanlar/2023/11/20231105-5.htm
2023-11-06,–– Dokuz Eylül Üniversitesi Avrupa Çalışmaları Uygulama ve Araştırma Merkezi Yönetmeliği,https://www.resmigazete.gov.tr/eskiler/2023/11/20231106-1.htm
2023-11-06,–– Dokuz Eylül Üniversitesi Bölgesel Kalkınma ve İşletme Bilimleri Araştırma ve Uygulama Merkezi Yönetmeliği,https://www.resmigazete.gov.tr/eskiler/2023/11/20231106-2.htm
2023-11-06,–– Dokuz Eylül Üniversitesi Elektronik Malzemeler Üretimi ve Uygulama Merkezi Yönetmeliği,https://www.resmigazete.gov.tr/eskiler/2023/11/20231106-3.htm
2023-11-06,–– Dokuz Eylül Üniversitesi Lisansüstü Eğitim ve Öğretim Yönetmeliğinde Değişiklik Yapılmasına Dair Yönetmelik,https://www.resmigazete.gov.tr/eskiler/2023/11/20231106-4.htm
2023-11-06,–– İstanbul Üniversitesi Klinik Araştırmalar Mükemmeliyet Uygulama ve Araştırma Merkezi Yönetmeliğinde Değişiklik Yapılmasına Dair Yönetmelik,https://www.resmigazete.gov.tr/eskiler/2023/11/20231106-5.htm
2023-11-06,–– Zonguldak Bülent Ecevit Üniversitesi Lisansüstü Eğitim-Öğretim ve Sınav Yönetmeliği,https://www.resmigazete.gov.tr/eskiler/2023/11/20231106-6.htm
2023-11-06,a - Yargı İlânları,http://www.resmigazete.gov.tr/main.aspx?home=http://www.resmigazete.gov.tr/ilanlar/eskiilanlar/2023/11/20231106.htm&main=http://www.resmigazete.gov.tr/ilanlar/eskiilanlar/2023/11/20231106-2.htm
2023-11-06,"b - Artırma, Eksiltme ve İhale İlânları",http://www.resmigazete.gov.tr/main.aspx?home=http://www.resmigazete.gov.tr/ilanlar/eskiilanlar/2023/11/20231106.htm&main=http://www.resmigazete.gov.tr/ilanlar/eskiilanlar/2023/11/20231106-3.htm
2023-11-06,c - Çeşitli İlânlar,http://www.resmigazete.gov.tr/main.aspx?home=http://www.resmigazete.gov.tr/ilanlar/eskiilanlar/2023/11/20231106.htm&main=http://www.resmigazete.gov.tr/ilanlar/eskiilanlar/2023/11/20231106-4.htm
2023-11-06,– T.C. Merkez Bankasınca Belirlenen Devlet İç Borçlanma Senetlerinin Günlük Değerleri,http://www.resmigazete.gov.tr/main.aspx?home=http://www.resmigazete.gov.tr/ilanlar/eskiilanlar/2023/11/20231106.htm&main=http://www.resmigazete.gov.tr/ilanlar/eskiilanlar/2023/11/20231106-5.htm
2023-11-07,–– Yaya Yolları ve Kaldırımların Tasarım Kuralları Hakkında Yönetmelik,https://www.resmigazete.gov.tr/eskiler/2023/11/20231107-1.htm
2023-11-07,–– Radyoaktif Atık ve Kullanılmış Yakıt Yönetimi Yönetmeliği,https://www.resmigazete.gov.tr/eskiler/2023/11/20231107-2.htm
2023-11-07,–– Anayasa Mahkemesinin 14/9/2023 Tarihli ve 2019/11785 Başvuru Numaralı Kararı,https://www.resmigazete.gov.tr/eskiler/2023/11/20231107-3.pdf
2023-11-07,–– Anayasa Mahkemesinin 19/7/2023 Tarihli ve 2021/49219 Başvuru Numaralı Kararı,https://www.resmigazete.gov.tr/eskiler/2023/11/20231107-4.pdf
2023-11-07,a - Yargı İlânları,http://www.resmigazete.gov.tr/main.aspx?home=http://www.resmigazete.gov.tr/ilanlar/eskiilanlar/2023/11/20231107.htm&main=http://www.resmigazete.gov.tr/ilanlar/eskiilanlar/2023/11/20231107-2.htm
2023-11-07,"b - Artırma, Eksiltme ve İhale İlânları",http://www.resmigazete.gov.tr/main.aspx?home=http://www.resmigazete.gov.tr/ilanlar/eskiilanlar/2023/11/20231107.htm&main=http://www.resmigazete.gov.tr/ilanlar/eskiilanlar/2023/11/20231107-3.htm
2023-11-07,c - Çeşitli İlânlar,http://www.resmigazete.gov.tr/main.aspx?home=http://www.resmigazete.gov.tr/ilanlar/eskiilanlar/2023/11/20231107.htm&main=http://www.resmigazete.gov.tr/ilanlar/eskiilanlar/2023/11/20231107-4.htm
2023-11-07,– T.C. Merkez Bankasınca Belirlenen Döviz Kurları ve Devlet İç Borçlanma Senetlerinin Günlük Değerleri,http://www.resmigazete.gov.tr/main.aspx?home=http://www.resmigazete.gov.tr/ilanlar/eskiilanlar/2023/11/20231107.htm&main=http://www.resmigazete.gov.tr/ilanlar/eskiilanlar/2023/11/20231107-5.htm
2023-11-08,"–– Cumhurbaşkanlığına, Cumhurbaşkanı Yardımcısı Cevdet YILMAZ’ın Vekâlet Etmesine Dair Tezkere",https://www.resmigazete.gov.tr/eskiler/2023/11/20231108-6.pdf
2023-11-08,–– Dışişleri Bakanlığı Memurlarının Yurtdışına Sürekli Görevle Atanmasına İlişkin Usul ve Esaslar Hakkında Yönetmelik,https://www.resmigazete.gov.tr/eskiler/2023/11/20231108-1.htm
2023-11-08,–– Millî Savunma Bakanlığınca Yabancı Ülke ve Kuruluşlara Yapılacak Savunma ve Güvenlik Amaçlı Hibe ve Yardım Ödemelerine İlişkin Esaslar Hakkında Yönetmelik,https://www.resmigazete.gov.tr/eskiler/2023/11/20231108-2.htm
2023-11-08,–– Demiryolu Emniyet Kritik Görevler Yönetmeliğinde Değişiklik Yapılmasına Dair Yönetmelik,https://www.resmigazete.gov.tr/eskiler/2023/11/20231108-3.htm
2023-11-08,–– Döviz Pozisyonunu Etkileyen İşlemlerin Türkiye Cumhuriyet Merkez Bankası Tarafından İzlenmesine İlişkin Usul ve Esaslar Hakkında Yönetmelikte Değişiklik Yapılmasına Dair Yönetmelik,https://www.resmigazete.gov.tr/eskiler/2023/11/20231108-4.htm
2023-11-08,–– Doğal Afet Sigortaları Kurumu Çalışma Esasları Yönetmeliğinde Değişiklik Yapılmasına İlişkin Yönetmelik,https://www.resmigazete.gov.tr/eskiler/2023/11/20231108-5.htm
2023-11-08,–– Anayasa Mahkemesinin 17/5/2023 Tarihli ve 2019/26339 Başvuru Numaralı Kararı,https://www.resmigazete.gov.tr/eskiler/2023/11/20231108-7.pdf
2023-11-08,–– Anayasa Mahkemesinin 17/5/2023 Tarihli ve 2020/22192 Başvuru Numaralı Kararı,https://www.resmigazete.gov.tr/eskiler/2023/11/20231108-8.pdf
2023-11-08,–– Anayasa Mahkemesinin 14/6/2023 Tarihli ve 2018/25145 Başvuru Numaralı Kararı,https://www.resmigazete.gov.tr/eskiler/2023/11/20231108-9.pdf
2023-11-08,–– Anayasa Mahkemesinin 14/9/2023 Tarihli ve 2017/28711 Başvuru Numaralı Kararı,https://www.resmigazete.gov.tr/eskiler/2023/11/20231108-10.pdf
2023-11-08,–– Anayasa Mahkemesinin 14/9/2023 Tarihli ve 2019/40078 Başvuru Numaralı Kararı,https://www.resmigazete.gov.tr/eskiler/2023/11/20231108-11.pdf
2023-11-08,a - Yargı İlânları,http://www.resmigazete.gov.tr/main.aspx?home=http://www.resmigazete.gov.tr/ilanlar/eskiilanlar/2023/11/20231108.htm&main=http://www.resmigazete.gov.tr/ilanlar/eskiilanlar/2023/11/20231108-2.htm
2023-11-08,"b - Artırma, Eksiltme ve İhale İlânları",http://www.resmigazete.gov.tr/main.aspx?home=http://www.resmigazete.gov.tr/ilanlar/eskiilanlar/2023/11/20231108.htm&main=http://www.resmigazete.gov.tr/ilanlar/eskiilanlar/2023/11/20231108-3.htm
2023-11-08,c - Çeşitli İlânlar,http://www.resmigazete.gov.tr/main.aspx?home=http://www.resmigazete.gov.tr/ilanlar/eskiilanlar/2023/11/20231108.htm&main=http://www.resmigazete.gov.tr/ilanlar/eskiilanlar/2023/11/20231108-4.htm
2023-11-08,– T.C. Merkez Bankasınca Belirlenen Döviz Kurları ve Devlet İç Borçlanma Senetlerinin Günlük Değerleri,http://www.resmigazete.gov.tr/main.aspx?home=http://www.resmigazete.gov.tr/ilanlar/eskiilanlar/2023/11/20231108.htm&main=http://www.resmigazete.gov.tr/ilanlar/eskiilanlar/2023/11/20231108-5.htm
2023-11-09,7471 Afet Riski Altındaki Alanların Dönüştürülmesi Hakkında Kanun ile Bazı Kanunlarda ve 375 Sayılı Kanun Hükmünde Kararnamede Değişiklik Yapılmasına Dair Kanun,https://www.resmigazete.gov.tr/eskiler/2023/11/20231109-5.pdf
2023-11-09,–– Elektrik Piyasası Bağlantı ve Sistem Kullanım Yönetmeliğinde Değişiklik Yapılmasına Dair Yönetmelik,https://www.resmigazete.gov.tr/eskiler/2023/11/20231109-1.htm
2023-11-09,–– Dokuz Eylül Üniversitesi Çok Boyutlu Enfeksiyonlar ve Lyme Hastalığı Uygulama ve Araştırma Merkezi Yönetmeliğinde Değişiklik Yapılmasına Dair Yönetmelik,https://www.resmigazete.gov.tr/eskiler/2023/11/20231109-2.htm
2023-11-09,–– Selçuk Üniversitesi Hukuk Fakültesi Eğitim-Öğretim ve Sınav Yönetmeliğinde Değişiklik Yapılmasına Dair Yönetmelik,https://www.resmigazete.gov.tr/eskiler/2023/11/20231109-3.htm
2023-11-09,–– 2024 Yılına Ait Genel Yatırım ve Finansman Programının Uygulanmasına İlişkin Usul ve Esasların Belirlenmesine Dair Tebliğ,https://www.resmigazete.gov.tr/eskiler/2023/11/20231109-4.htm
2023-11-09,–– Bankacılık Düzenleme ve Denetleme Kurulunun 02/11/2023 Tarihli ve 10719 Sayılı Kararı,https://www.resmigazete.gov.tr/eskiler/2023/11/20231109-6.pdf
2023-11-09,"–– Anayasa Mahkemesinin 25/1/2023 Tarihli ve E: 2020/48, K: 2023/11 Sayılı Kararı",https://www.resmigazete.gov.tr/eskiler/2023/11/20231109-7.pdf
2023-11-09,–– Anayasa Mahkemesinin 14/9/2023 Tarihli ve 2018/27526 Başvuru Numaralı Kararı,https://www.resmigazete.gov.tr/eskiler/2023/11/20231109-8.pdf
2023-11-09,"a - Artırma, Eksiltme ve İhale İlânları",http://www.resmigazete.gov.tr/main.aspx?home=http://www.resmigazete.gov.tr/ilanlar/eskiilanlar/2023/11/20231109.htm&main=http://www.resmigazete.gov.tr/ilanlar/eskiilanlar/2023/11/20231109-3.htm
2023-11-09,b - Çeşitli İlânlar,http://www.resmigazete.gov.tr/main.aspx?home=http://www.resmigazete.gov.tr/ilanlar/eskiilanlar/2023/11/20231109.htm&main=http://www.resmigazete.gov.tr/ilanlar/eskiilanlar/2023/11/20231109-4.htm
2023-11-09,– T.C. Merkez Bankasınca Belirlenen Döviz Kurları ve Devlet İç Borçlanma Senetlerinin Günlük Değerleri,http://www.resmigazete.gov.tr/main.aspx?home=http://www.resmigazete.gov.tr/ilanlar/eskiilanlar/2023/11/20231109.htm&main=http://www.resmigazete.gov.tr/ilanlar/eskiilanlar/2023/11/20231109-5.htm
2023-11-10,–– Kahramanmaraş İstiklal Üniversitesi Ön Lisans ve Lisans Eğitim-Öğretim Yönetmeliğinde Değişiklik Yapılmasına Dair Yönetmelik,https://www.resmigazete.gov.tr/eskiler/2023/11/20231110-1.htm
2023-11-10,–– Tokat Gaziosmanpaşa Üniversitesi Ön Lisans ve Lisans Eğitim-Öğretim ve Sınav Yönetmeliğinde Değişiklik Yapılmasına Dair Yönetmelik,https://www.resmigazete.gov.tr/eskiler/2023/11/20231110-2.htm
2023-11-10,–– Bitki Karantinası Tazminatı Desteklemesine Dair Tebliğ (No: 2023/40),https://www.resmigazete.gov.tr/eskiler/2023/11/20231110-3.htm
2023-11-10,–– Enerji Piyasası Düzenleme Kurulunun 09/11/2023 Tarihli ve 12186 Sayılı Kararı,https://www.resmigazete.gov.tr/eskiler/2023/11/20231110-4.pdf
2023-11-10,"–– Anayasa Mahkemesinin 13/9/2023 Tarihli ve E: 2023/7, K: 2023/150 Sayılı Kararı",https://www.resmigazete.gov.tr/eskiler/2023/11/20231110-5.pdf
2023-11-10,–– Anayasa Mahkemesinin 7/6/2023 Tarihli ve 2018/15602 Başvuru Numaralı Kararı,https://www.resmigazete.gov.tr/eskiler/2023/11/20231110-6.pdf
2023-11-10,–– Anayasa Mahkemesinin 19/7/2023 Tarihli ve 2020/814 Başvuru Numaralı Kararı,https://www.resmigazete.gov.tr/eskiler/2023/11/20231110-7.pdf
2023-11-10,–– Anayasa Mahkemesinin 5/9/2023 Tarihli ve 2019/7218 Başvuru Numaralı Kararı,https://www.resmigazete.gov.tr/eskiler/2023/11/20231110-8.pdf
2023-11-10,"a - Artırma, Eksiltme ve İhale İlânları",http://www.resmigazete.gov.tr/main.aspx?home=http://www.resmigazete.gov.tr/ilanlar/eskiilanlar/2023/11/20231110.htm&main=http://www.resmigazete.gov.tr/ilanlar/eskiilanlar/2023/11/20231110-3.htm
2023-11-10,b - Çeşitli İlânlar,http://www.resmigazete.gov.tr/main.aspx?home=http://www.resmigazete.gov.tr/ilanlar/eskiilanlar/2023/11/20231110.htm&main=http://www.resmigazete.gov.tr/ilanlar/eskiilanlar/2023/11/20231110-4.htm
2023-11-10,– T.C. Merkez Bankasınca Belirlenen Döviz Kurları ve Devlet İç Borçlanma Senetlerinin Günlük Değerleri,http://www.resmigazete.gov.tr/main.aspx?home=http://www.resmigazete.gov.tr/ilanlar/eskiilanlar/2023/11/20231110.htm&main=http://www.resmigazete.gov.tr/ilanlar/eskiilanlar/2023/11/20231110-5.htm
2023-11-11,7470 Türk Yatırım Fonu Kuruluş Anlaşmasının Onaylanmasının Uygun Bulunduğuna Dair Kanun,https://www.resmigazete.gov.tr/eskiler/2023/11/20231111-1.htm
2023-11-11,"–– Türkiye Cumhuriyeti Hükümeti ile Azerbaycan Cumhuriyeti Hükümeti Arasında Kahramanmaraş İlinde Konut, İlköğretim Okulu, Anaokulu ve Kültür Merkezi Yapımı ile İlgili İşbirliği Anlaşmasının Onaylanması Hakkında Karar (Karar Sayısı: 7766)",https://www.resmigazete.gov.tr/eskiler/2023/11/20231111-8.pdf
2023-11-11,–– Aile ve Sosyal Hizmetler Bakanlığı Ders ve Ek Ders Saatlerine İlişkin Esaslarda Değişiklik Yapılmasına Dair Esaslar (Karar Sayısı: 7767),https://www.resmigazete.gov.tr/eskiler/2023/11/20231111-9.pdf
2023-11-11,–– Gençlik ve Spor Bakanlığı Ek Ders Saatlerine İlişkin Esaslar Hakkında Kararda Değişiklik Yapılmasına Dair Karar (Karar Sayısı: 7768),https://www.resmigazete.gov.tr/eskiler/2023/11/20231111-10.pdf
2023-11-11,–– Millî Eğitim Bakanlığı Yönetici ve Öğretmenlerinin Ders ve Ek Ders Saatlerine İlişkin Kararda Değişiklik Yapılmasına Dair Karar (Karar Sayısı: 7769),https://www.resmigazete.gov.tr/eskiler/2023/11/20231111-11.pdf
2023-11-11,–– Diyanet İşleri Başkanlığınca Düzenlenen Eğitim Faaliyetlerinde Uygulanacak Ders ve Ek Ders Saatlerine İlişkin Kararda Değişiklik Yapılmasına Dair Karar (Karar Sayısı: 7770),https://www.resmigazete.gov.tr/eskiler/2023/11/20231111-12.pdf
2023-11-11,"–– Cumhurbaşkanlığına, Cumhurbaşkanı Yardımcısı Cevdet YILMAZ’ın Vekâlet Etmesine Dair Tezkere",https://www.resmigazete.gov.tr/eskiler/2023/11/20231111-2.pdf
2023-11-11,–– Atıksu Arıtma Tesisi Enerji Teşviki Yönetmeliği,https://www.resmigazete.gov.tr/eskiler/2023/11/20231111-3.htm
2023-11-11,–– Ege Üniversitesi Ölçme ve Değerlendirme Uygulama ve Araştırma Merkezi Yönetmeliği,https://www.resmigazete.gov.tr/eskiler/2023/11/20231111-4.htm
2023-11-11,–– Enerji Piyasası Düzenleme Kurulunun 09/11/2023 Tarihli ve 12178 Sayılı Kararı,https://www.resmigazete.gov.tr/eskiler/2023/11/20231111-5.pdf
2023-11-11,–– Enerji Piyasası Düzenleme Kurulunun 09/11/2023 Tarihli ve 12179 Sayılı Kararı,https://www.resmigazete.gov.tr/eskiler/2023/11/20231111-6.pdf
2023-11-11,–– Bankacılık Düzenleme ve Denetleme Kurulunun 19/10/2023 Tarihli ve 10670 Sayılı Kararı,https://www.resmigazete.gov.tr/eskiler/2023/11/20231111-7.pdf
2023-11-11,a - Yargı İlânları,http://www.resmigazete.gov.tr/main.aspx?home=http://www.resmigazete.gov.tr/ilanlar/eskiilanlar/2023/11/20231111.htm&main=http://www.resmigazete.gov.tr/ilanlar/eskiilanlar/2023/11/20231111-2.htm
2023-11-11,"b - Artırma, Eksiltme ve İhale İlânları",http://www.resmigazete.gov.tr/main.aspx?home=http://www.resmigazete.gov.tr/ilanlar/eskiilanlar/2023/11/20231111.htm&main=http://www.resmigazete.gov.tr/ilanlar/eskiilanlar/2023/11/20231111-3.htm
2023-11-11,c - Çeşitli İlânlar,http://www.resmigazete.gov.tr/main.aspx?home=http://www.resmigazete.gov.tr/ilanlar/eskiilanlar/2023/11/20231111.htm&main=http://www.resmigazete.gov.tr/ilanlar/eskiilanlar/2023/11/20231111-4.htm
2023-11-11,– T.C. Merkez Bankasınca Belirlenen Döviz Kurları ve Devlet İç Borçlanma Senetlerinin Günlük Değerleri,http://www.resmigazete.gov.tr/main.aspx?home=http://www.resmigazete.gov.tr/ilanlar/eskiilanlar/2023/11/20231111.htm&main=http://www.resmigazete.gov.tr/ilanlar/eskiilanlar/2023/11/20231111-5.htm
2023-11-12,–– Başkent Üniversitesi Ön Lisans ve Lisans Eğitim-Öğretim ve Sınav Yönetmeliğinde Değişiklik Yapılmasına Dair Yönetmelik,https://www.resmigazete.gov.tr/eskiler/2023/11/20231112-1.htm
2023-11-12,–– Fatih Sultan Mehmet Vakıf Üniversitesi Ana Yönetmeliği,https://www.resmigazete.gov.tr/eskiler/2023/11/20231112-2.htm
2023-11-12,–– Karamanoğlu Mehmetbey Üniversitesi Ahmet Keleşoğlu Diş Hekimliği Fakültesi Eğitim-Öğretim ve Sınav Yönetmeliği,https://www.resmigazete.gov.tr/eskiler/2023/11/20231112-3.htm
2023-11-12,–– Siirt Üniversitesi Yabancı Diller Yüksekokulu Yabancı Dil Eğitim-Öğretim ve Sınav Yönetmeliğinin Yürürlükten Kaldırılmasına Dair Yönetmelik,https://www.resmigazete.gov.tr/eskiler/2023/11/20231112-4.htm
2023-11-12,–– 2023 Yılı Ağustos Ayına Ait Yatırım Teşvik Belgeleri Listesi,https://www.resmigazete.gov.tr/eskiler/2023/11/20231112-5.pdf
2023-11-12,–– 2023 Yılı Ağustos Ayına Ait Tamamlama Vizesi Yapılan Yatırım Teşvik Belgeleri Listesi,https://www.resmigazete.gov.tr/eskiler/2023/11/20231112-6.pdf
2023-11-12,–– 2023 Yılı Ağustos Ayına Ait İptal Edilen Yatırım Teşvik Belgeleri Listesi,https://www.resmigazete.gov.tr/eskiler/2023/11/20231112-7.pdf
2023-11-12,a - Yargı İlânları,http://www.resmigazete.gov.tr/main.aspx?home=http://www.resmigazete.gov.tr/ilanlar/eskiilanlar/2023/11/20231112.htm&main=http://www.resmigazete.gov.tr/ilanlar/eskiilanlar/2023/11/20231112-2.htm
2023-11-12,"b - Artırma, Eksiltme ve İhale İlânları",http://www.resmigazete.gov.tr/main.aspx?home=http://www.resmigazete.gov.tr/ilanlar/eskiilanlar/2023/11/20231112.htm&main=http://www.resmigazete.gov.tr/ilanlar/eskiilanlar/2023/11/20231112-3.htm
2023-11-12,c - Çeşitli İlânlar,http://www.resmigazete.gov.tr/main.aspx?home=http://www.resmigazete.gov.tr/ilanlar/eskiilanlar/2023/11/20231112.htm&main=http://www.resmigazete.gov.tr/ilanlar/eskiilanlar/2023/11/20231112-4.htm
2023-11-12,– T.C. Merkez Bankasınca Belirlenen Devlet İç Borçlanma Senetlerinin Günlük Değerleri,http://www.resmigazete.gov.tr/main.aspx?home=http://www.resmigazete.gov.tr/ilanlar/eskiilanlar/2023/11/20231112.htm&main=http://www.resmigazete.gov.tr/ilanlar/eskiilanlar/2023/11/20231112-5.htm
2023-11-13,–– Dokuz Eylül Üniversitesi Çevre Araştırma ve Uygulama Merkezi (ÇEVMER) Yönetmeliği,https://www.resmigazete.gov.tr/eskiler/2023/11/20231113-1.htm
2023-11-13,–– Dokuz Eylül Üniversitesi Hukuk Araştırmaları Merkezi (DEHAMER) Yönetmeliği,https://www.resmigazete.gov.tr/eskiler/2023/11/20231113-2.htm
2023-11-13,–– Dokuz Eylül Üniversitesi Üniversite-Sanayi Uygulama ve Araştırma Merkezi Yönetmeliği,https://www.resmigazete.gov.tr/eskiler/2023/11/20231113-3.htm
2023-11-13,–– İzmir Yüksek Teknoloji Enstitüsü Yabancı Diller Yüksekokulu Temel İngilizce Bölümü Hazırlık Sınıfı Yönetmeliğinde Değişiklik Yapılmasına Dair Yönetmelik,https://www.resmigazete.gov.tr/eskiler/2023/11/20231113-4.htm
2023-11-13,–– Üsküdar Üniversitesi Lisansüstü Eğitim-Öğretim ve Sınav Yönetmeliğinde Değişiklik Yapılmasına Dair Yönetmelik,https://www.resmigazete.gov.tr/eskiler/2023/11/20231113-5.htm
2023-11-13,a - Yargı İlânları,http://www.resmigazete.gov.tr/main.aspx?home=http://www.resmigazete.gov.tr/ilanlar/eskiilanlar/2023/11/20231113.htm&main=http://www.resmigazete.gov.tr/ilanlar/eskiilanlar/2023/11/20231113-2.htm
2023-11-13,"b - Artırma, Eksiltme ve İhale İlânları",http://www.resmigazete.gov.tr/main.aspx?home=http://www.resmigazete.gov.tr/ilanlar/eskiilanlar/2023/11/20231113.htm&main=http://www.resmigazete.gov.tr/ilanlar/eskiilanlar/2023/11/20231113-3.htm
2023-11-13,c - Çeşitli İlânlar,http://www.resmigazete.gov.tr/main.aspx?home=http://www.resmigazete.gov.tr/ilanlar/eskiilanlar/2023/11/20231113.htm&main=http://www.resmigazete.gov.tr/ilanlar/eskiilanlar/2023/11/20231113-4.htm
2023-11-13,– T.C. Merkez Bankasınca Belirlenen Devlet İç Borçlanma Senetlerinin Günlük Değerleri,http://www.resmigazete.gov.tr/main.aspx?home=http://www.resmigazete.gov.tr/ilanlar/eskiilanlar/2023/11/20231113.htm&main=http://www.resmigazete.gov.tr/ilanlar/eskiilanlar/2023/11/20231113-5.htm
2023-11-14,"–– Yozgat İli Sınırları İçerisinde Bulunan S:201800545 Numaralı IV. Grup Maden (Linyit) İşletme Ruhsatlı Sahada, Ruhsata Konu Maden Üretimine Devam Edilebilmesi İçin İhtiyaç Duyulan Bazı Taşınmazların Maden ve Petrol İşleri Genel Müdürlüğü Tarafından Acele Kamulaştırılması Hakkında Karar (Karar Sayısı: 7776)",https://www.resmigazete.gov.tr/eskiler/2023/11/20231114-1.pdf
2023-11-14,–– Silvan 1. Merhale Projesi (GAP) Kapsamındaki Kıbrıs Barajı İşinin Yapımı Amacıyla Bazı Taşınmazların Devlet Su İşleri Genel Müdürlüğü Tarafından Acele Kamulaştırılması Hakkında Karar (Karar Sayısı: 7777),https://www.resmigazete.gov.tr/eskiler/2023/11/20231114-2.pdf
2023-11-14,–– Türkiye Kömür İşletmeleri Kurumu (TKİ) Genel Müdürlüğü Uhdesinde Bulunan Bolu İli Sınırları İçerisindeki S:50428 Ruhsat Numaralı Sahada Kömür Üretim Faaliyetlerinin Devamı İçin İhtiyaç Duyulan Bazı Taşınmazların Türkiye Kömür İşletmeleri Kurumu Genel Müdürlüğü Tarafından Acele Kamulaştırılması Hakkında Karar (Karar Sayısı: 7778),https://www.resmigazete.gov.tr/eskiler/2023/11/20231114-3.pdf
2023-11-14,"–– Tekirdağ İli, Muratlı İlçesinde Bulunan Bazı Yerlerde Arazi Toplulaştırması ve Tarla İçi Geliştirme Hizmetleri Yapılması Hakkında Karar (Karar Sayısı: 7779)",https://www.resmigazete.gov.tr/eskiler/2023/11/20231114-4.pdf
2023-11-14,"–– İzmir İli, Aliağa İlçesinde Bulunan ve Sınırları Gösterilen Alanın Ege Çelik Endüstrisi Sanayi ve Ticaret Anonim Şirketi Aliağa Özel Endüstri Bölgesi Olarak İlan Edilmesi Hakkında Karar (Karar Sayısı: 7780)",https://www.resmigazete.gov.tr/eskiler/2023/11/20231114-5.pdf
2023-11-14,"–– Cebelibereket Erzin Enerji İhtisas Endüstri Bölgesinde Başvuruda Bulunan Yatırımcıların Yatırımda Kullanacakları Sabit Yatırım Tutarı Üzerinden Sanayi ve Teknoloji Bakanlığı Merkez Saymanlık Müdürlüğü Hesabına Yatıracakları Oranın, Binde Bir Olarak Belirlenmesi Hakkında Karar (Karar Sayısı: 7781)",https://www.resmigazete.gov.tr/eskiler/2023/11/20231114-6.pdf
2023-11-14,"–– 6183 Sayılı Amme Alacaklarının Tahsil Usulü Hakkında Kanunun 51 inci Maddesinin Birinci Fıkrasında Yer Alan Gecikme Zammı Oranının, Her Ay İçin Ayrı Ayrı Uygulanmak Üzere %3,5 Olarak Belirlenmesi Hakkında Karar (Karar Sayısı: 7782)",https://www.resmigazete.gov.tr/eskiler/2023/11/20231114-7.pdf
2023-11-14,–– Özelleştirme İdaresi Başkanlığı ile İlgili Karar (Karar Sayısı: 7783),https://www.resmigazete.gov.tr/eskiler/2023/11/20231114-8.pdf
2023-11-14,"–– Cumhurbaşkanlığı Tarafından Yapılan Atamalar Hakkında Kararlar (Karar: 2023/497, 498, 499, 500, 501, 502, 503)",https://www.resmigazete.gov.tr/eskiler/2023/11/20231114-9.pdf
2023-11-14,–– Yapı Müteahhitlerinin Sınıflandırılması ve Kayıtlarının Tutulması Hakkında Yönetmelikte Değişiklik Yapılmasına Dair Yönetmelik,https://www.resmigazete.gov.tr/eskiler/2023/11/20231114-10.htm
2023-11-14,–– Dışişleri Bakanlığı Diplomatik Kariyer Memurlarının Görevde Yükselme Usul ve Esasları Hakkında Yönetmelikte Değişiklik Yapılmasına Dair Yönetmelik,https://www.resmigazete.gov.tr/eskiler/2023/11/20231114-11.htm
2023-11-14,–– Tarım Makineleri ve Tarım Teknolojisi Araçlarının Deney ve Denetim Esaslarına İlişkin Yönetmelikte Değişiklik Yapılmasına Dair Yönetmelik,https://www.resmigazete.gov.tr/eskiler/2023/11/20231114-12.htm
2023-11-14,–– Yükseköğretim Öğrencilerine Teknolojik Cihaz ve İnternet Desteği Verilmesine İlişkin Usul ve Esaslar Hakkında Tebliğ,https://www.resmigazete.gov.tr/eskiler/2023/11/20231114-13.htm
2023-11-14,–– Tahsilat Genel Tebliği (Seri: C Sıra No:7),https://www.resmigazete.gov.tr/eskiler/2023/11/20231114-14.htm
2023-11-14,"–– Anayasa Mahkemesinin 28/9/2023 Tarihli ve E: 2023/35, K: 2023/163 Sayılı Kararı",https://www.resmigazete.gov.tr/eskiler/2023/11/20231114-15.pdf
2023-11-14,"a - Artırma, Eksiltme ve İhale İlânları",http://www.resmigazete.gov.tr/main.aspx?home=http://www.resmigazete.gov.tr/ilanlar/eskiilanlar/2023/11/20231114.htm&main=http://www.resmigazete.gov.tr/ilanlar/eskiilanlar/2023/11/20231114-3.htm
2023-11-14,b - Çeşitli İlânlar,http://www.resmigazete.gov.tr/main.aspx?home=http://www.resmigazete.gov.tr/ilanlar/eskiilanlar/2023/11/20231114.htm&main=http://www.resmigazete.gov.tr/ilanlar/eskiilanlar/2023/11/20231114-4.htm
2023-11-14,– T.C. Merkez Bankasınca Belirlenen Döviz Kurları ve Devlet İç Borçlanma Senetlerinin Günlük Değerleri,http://www.resmigazete.gov.tr/main.aspx?home=http://www.resmigazete.gov.tr/ilanlar/eskiilanlar/2023/11/20231114.htm&main=http://www.resmigazete.gov.tr/ilanlar/eskiilanlar/2023/11/20231114-5.htm
2023-11-15,–– Karadeniz Teknik Üniversitesi Teknoloji Transferi Uygulama ve Araştırma Merkezi Yönetmeliğinde Değişiklik Yapılmasına Dair Yönetmelik,https://www.resmigazete.gov.tr/eskiler/2023/11/20231115-1.htm
2023-11-15,–– Yıldız Teknik Üniversitesi Blokzincir ve Metaverse Teknolojileri Uygulama ve Araştırma Merkezi Yönetmeliği,https://www.resmigazete.gov.tr/eskiler/2023/11/20231115-2.htm
2023-11-15,a - Yargı İlânları,http://www.resmigazete.gov.tr/main.aspx?home=http://www.resmigazete.gov.tr/ilanlar/eskiilanlar/2023/11/20231115.htm&main=http://www.resmigazete.gov.tr/ilanlar/eskiilanlar/2023/11/20231115-2.htm
2023-11-15,"b - Artırma, Eksiltme ve İhale İlânları",http://www.resmigazete.gov.tr/main.aspx?home=http://www.resmigazete.gov.tr/ilanlar/eskiilanlar/2023/11/20231115.htm&main=http://www.resmigazete.gov.tr/ilanlar/eskiilanlar/2023/11/20231115-3.htm
2023-11-15,c - Çeşitli İlânlar,http://www.resmigazete.gov.tr/main.aspx?home=http://www.resmigazete.gov.tr/ilanlar/eskiilanlar/2023/11/20231115.htm&main=http://www.resmigazete.gov.tr/ilanlar/eskiilanlar/2023/11/20231115-4.htm
2023-11-15,– T.C. Merkez Bankasınca Belirlenen Döviz Kurları ve Devlet İç Borçlanma Senetlerinin Günlük Değerleri,http://www.resmigazete.gov.tr/main.aspx?home=http://www.resmigazete.gov.tr/ilanlar/eskiilanlar/2023/11/20231115.htm&main=http://www.resmigazete.gov.tr/ilanlar/eskiilanlar/2023/11/20231115-5.htm
2023-11-16,–– Erzincan Binali Yıldırım Üniversitesi Tıp Fakültesi Eğitim-Öğretim ve Sınav Yönetmeliğinde Değişiklik Yapılmasına Dair Yönetmelik,https://www.resmigazete.gov.tr/eskiler/2023/11/20231116-1.htm
2023-11-16,–– Vakıf Elektronik Para ve Ödeme Hizmetleri A.Ş.’ye Elektronik Para Kuruluşu Olarak Faaliyet Göstermek Üzere Faaliyet İzni Verilmesine İlişkin Karar,https://www.resmigazete.gov.tr/eskiler/2023/11/20231116-2.pdf
2023-11-16,–– Nükleer Düzenleme Kurulunun 9/11/2023 Tarihli ve 2023-88/1 Sayılı Kararı,https://www.resmigazete.gov.tr/eskiler/2023/11/20231116-3.pdf
2023-11-16,–– Anayasa Mahkemesinin 20/7/2023 Tarihli ve 2019/11652 Başvuru Numaralı Kararı,https://www.resmigazete.gov.tr/eskiler/2023/11/20231116-4.pdf
2023-11-16,–– Anayasa Mahkemesinin 20/7/2023 Tarihli ve 2020/38826 Başvuru Numaralı Kararı,https://www.resmigazete.gov.tr/eskiler/2023/11/20231116-5.pdf
2023-11-16,a - Yargı İlânları,http://www.resmigazete.gov.tr/main.aspx?home=http://www.resmigazete.gov.tr/ilanlar/eskiilanlar/2023/11/20231116.htm&main=http://www.resmigazete.gov.tr/ilanlar/eskiilanlar/2023/11/20231116-2.htm
2023-11-16,"b - Artırma, Eksiltme ve İhale İlânları",http://www.resmigazete.gov.tr/main.aspx?home=http://www.resmigazete.gov.tr/ilanlar/eskiilanlar/2023/11/20231116.htm&main=http://www.resmigazete.gov.tr/ilanlar/eskiilanlar/2023/11/20231116-3.htm
2023-11-16,c - Çeşitli İlânlar,http://www.resmigazete.gov.tr/main.aspx?home=http://www.resmigazete.gov.tr/ilanlar/eskiilanlar/2023/11/20231116.htm&main=http://www.resmigazete.gov.tr/ilanlar/eskiilanlar/2023/11/20231116-4.htm
2023-11-16,– T.C. Merkez Bankasınca Belirlenen Döviz Kurları ve Devlet İç Borçlanma Senetlerinin Günlük Değerleri,http://www.resmigazete.gov.tr/main.aspx?home=http://www.resmigazete.gov.tr/ilanlar/eskiilanlar/2023/11/20231116.htm&main=http://www.resmigazete.gov.tr/ilanlar/eskiilanlar/2023/11/20231116-5.htm
2023-11-17,"1397 Türkiye Cumhuriyeti ile Azerbaycan Cumhuriyeti Arasında Stratejik Ortaklık ve Karşılıklı Yardım Anlaşması Hükümlerinden Kaynaklanan Taahhütlerimizi Yerine Getirmek, Ateşkesin Gözlenmesi, İhlallerin Önlenmesi, Bölgede Barış ve İstikrarın Sağlanması Amacıyla, Türkiye’nin Yüksek Menfaatlerini Etkili Şekilde Korumak ve Kollamak Üzere, Hudut, Şümul, Miktar ve Zamanı Cumhurbaşkanınca Takdir ve Tayin Olunacak Şekilde, Türk Silahlı Kuvvetlerinin Ortak Merkezin Görevlerinin İfası Yönünde Hareket Etmek Üzere Yabancı Ülkelere Gönderilmesi, Bu Kuvvetlerin Cumhurbaşkanının Belirleyeceği Esaslara Göre Kullanılması ile Risk ve Tehditlerin Giderilmesi İçin Her Türlü Tedbirin Alınması ve Bunlara İmkân Sağlayacak Düzenlemelerin Cumhurbaşkanı Tarafından Belirlenecek Esaslara Göre Yapılması İçin Anayasa’nın 92’nci Maddesi Uyarınca 17 Kasım 2020 Tarihli ve 1272 Sayılı Türkiye Büyük Millet Meclisi Kararı ile Verilen ve Son Olarak 1 Kasım 2022 Tarihli ve 1348 Sayılı Türkiye Büyük Millet Meclisi Kararı ile Uzatılan İznin Süresinin 17 Kasım 2023 Tarihinden İtibaren Bir Yıl Uzatılmasına Dair Karar",https://www.resmigazete.gov.tr/eskiler/2023/11/20231117-1.pdf
2023-11-17,–– 2023-2024 Eğitim-Öğretim Yılında Yükseköğretim Kurumlarında Cari Hizmet Maliyetlerine Öğrenci Katkısı Olarak Alınacak Katkı Payları ve Öğrenim Ücretlerinin Tespitine Dair Kararda Değişiklik Yapılması Hakkında Karar (Karar Sayısı: 7788),https://www.resmigazete.gov.tr/eskiler/2023/11/20231117-2.pdf
2023-11-17,"–– Cumhurbaşkanlığına, Cumhurbaşkanı Yardımcısı Cevdet YILMAZ’ın Vekâlet Etmesine Dair Tezkere",https://www.resmigazete.gov.tr/eskiler/2023/11/20231117-3.pdf
2023-11-17,–– Sinema Sektörünün Desteklenmesi Hakkında Yönetmelikte Değişiklik Yapılmasına Dair Yönetmelik,https://www.resmigazete.gov.tr/eskiler/2023/11/20231117-4.htm
2023-11-17,–– Özel Hastaneler Yönetmeliğinde Değişiklik Yapılmasına Dair Yönetmelik,https://www.resmigazete.gov.tr/eskiler/2023/11/20231117-5.htm
2023-11-17,–– Özel Sağlık Tesislerinin Denetimi Hakkında Yönetmelik,https://www.resmigazete.gov.tr/eskiler/2023/11/20231117-6.htm
2023-11-17,–– Ankara Bilim Üniversitesi Lisansüstü Eğitim ve Öğretim Yönetmeliğinde Değişiklik Yapılmasına Dair Yönetmelik,https://www.resmigazete.gov.tr/eskiler/2023/11/20231117-7.htm
2023-11-17,"–– Anayasa Mahkemesinin 13/9/2023 Tarihli ve E: 2020/46, K: 2023/149 Sayılı Kararı",https://www.resmigazete.gov.tr/eskiler/2023/11/20231117-8.pdf
2023-11-17,a - Yargı İlânları,http://www.resmigazete.gov.tr/main.aspx?home=http://www.resmigazete.gov.tr/ilanlar/eskiilanlar/2023/11/20231117.htm&main=http://www.resmigazete.gov.tr/ilanlar/eskiilanlar/2023/11/20231117-2.htm
2023-11-17,"b - Artırma, Eksiltme ve İhale İlânları",http://www.resmigazete.gov.tr/main.aspx?home=http://www.resmigazete.gov.tr/ilanlar/eskiilanlar/2023/11/20231117.htm&main=http://www.resmigazete.gov.tr/ilanlar/eskiilanlar/2023/11/20231117-3.htm
2023-11-17,c - Çeşitli İlânlar,http://www.resmigazete.gov.tr/main.aspx?home=http://www.resmigazete.gov.tr/ilanlar/eskiilanlar/2023/11/20231117.htm&main=http://www.resmigazete.gov.tr/ilanlar/eskiilanlar/2023/11/20231117-4.htm
2023-11-17,– T.C. Merkez Bankasınca Belirlenen Döviz Kurları ve Devlet İç Borçlanma Senetlerinin Günlük Değerleri,http://www.resmigazete.gov.tr/main.aspx?home=http://www.resmigazete.gov.tr/ilanlar/eskiilanlar/2023/11/20231117.htm&main=http://www.resmigazete.gov.tr/ilanlar/eskiilanlar/2023/11/20231117-5.htm
2023-11-18,7472 Türkiye Cumhuriyeti Hükümeti ile Angola Cumhuriyeti Hükümeti Arasında Gümrük Konularında Karşılıklı İdari Yardım Anlaşmasının Onaylanmasının Uygun Bulunduğuna Dair Kanun,https://www.resmigazete.gov.tr/eskiler/2023/11/20231118-1.htm
2023-11-18,–– Devlet Denetleme Kurulu Hakkında Cumhurbaşkanlığı Kararnamesinde Değişiklik Yapılmasına Dair Cumhurbaşkanlığı Kararnamesi (Kararname Numarası: 154),https://www.resmigazete.gov.tr/eskiler/2023/11/20231118-2.pdf
2023-11-18,–– Dünya Ticaret Örgütünü Kuran Marakeş Anlaşmasını Tadil Eden Protokol ve Protokolün Eki Balıkçılık Sübvansiyonları Anlaşmasının Onaylanması Hakkında Karar (Karar Sayısı: 7791),https://www.resmigazete.gov.tr/eskiler/2023/11/20231118-3.pdf
2023-11-18,–– 154 kV (Kula-Alaşehir) Brş.N-İzdemir Arazi GES TM Enerji İletim Hattı Projesi Kapsamında Bazı Taşınmazların Türkiye Elektrik İletim Anonim Şirketi Genel Müdürlüğü Tarafından Acele Kamulaştırılması Hakkında Karar (Karar Sayısı: 7792),https://www.resmigazete.gov.tr/eskiler/2023/11/20231118-4.pdf
2023-11-18,–– 154 kV Çoruh Transformatör Merkezi Sahası ve İlave Yol Güzergâhı Projesi Kapsamında Bazı Taşınmazların Türkiye Elektrik İletim Anonim Şirketi Genel Müdürlüğü Tarafından Acele Kamulaştırılması Hakkında Karar (Karar Sayısı: 7793),https://www.resmigazete.gov.tr/eskiler/2023/11/20231118-5.pdf
2023-11-18,"–– Malatya İli, Yeşilyurt İlçesi, Cihadiye ve Fatih Mahalleleri Sınırları İçerisinde Bulunan Bazı Taşınmazların, Malatya Merkez I. Organize Sanayi Bölgesi İlave Alanında Yatırımcıların Acil Parsel Tahsisi Taleplerinin Karşılanması Amacıyla Malatya Büyükşehir Belediye Başkanlığı Tarafından Acele Kamulaştırılması Hakkında Karar (Karar Sayısı: 7794)",https://www.resmigazete.gov.tr/eskiler/2023/11/20231118-6.pdf
2023-11-18,"–– Bazı Doğal Gaz Boru Hattı ve Hot-Tap Noktası Projelerinin Yapımı Amacıyla İhtiyaç Duyulan Taşınmazların, Boru Hatları ile Petrol Taşıma Anonim Şirketi Genel Müdürlüğü Tarafından Acele Kamulaştırılması Hakkında Karar (Karar Sayısı: 7795)",https://www.resmigazete.gov.tr/eskiler/2023/11/20231118-7.pdf
2023-11-18,–– Zonguldak Teknoloji Geliştirme Bölgesinin Sınırlarının Değiştirilmesi Hakkında Karar (Karar Sayısı: 7796),https://www.resmigazete.gov.tr/eskiler/2023/11/20231118-8.pdf
2023-11-18,–– Sınırları Gösterilen Alanın Adana Yumurtalık Ceyhan Sanayi Alanı Olarak Belirlenmesi Hakkında Karar (Karar Sayısı: 7797),https://www.resmigazete.gov.tr/eskiler/2023/11/20231118-9.pdf
2023-11-18,–– Sınır ve Koordinatları Gösterilen Alanın Recep Tayyip Erdoğan Üniversitesi ve Türk-Alman Üniversitesi Teknoloji Geliştirme Bölgesi Ataşehir Ek Alanı Olarak Tespit Edilmesi Hakkında Karar (Karar Sayısı: 7798),https://www.resmigazete.gov.tr/eskiler/2023/11/20231118-10.pdf
2023-11-18,"–– Çanakkale İli, Ayvacık İlçesinde Bulunan Yerde Arazi Toplulaştırması ve Tarla İçi Geliştirme Hizmetleri Yapılması Hakkında Karar (Karar Sayısı: 7799)",https://www.resmigazete.gov.tr/eskiler/2023/11/20231118-11.pdf
2023-11-18,"–– Balıkesir İli, Susurluk İlçesinde Bulunan Yerde Arazi Toplulaştırması ve Tarla İçi Geliştirme Hizmetleri Yapılması Hakkında Karar (Karar Sayısı: 7800)",https://www.resmigazete.gov.tr/eskiler/2023/11/20231118-12.pdf
2023-11-18,"–– Kastamonu İli, Tosya İlçesinde Bulunan Bazı Yerlerde Arazi Toplulaştırması ve Tarla İçi Geliştirme Hizmetleri Yapılması Hakkında Karar (Karar Sayısı: 7801)",https://www.resmigazete.gov.tr/eskiler/2023/11/20231118-13.pdf
2023-11-18,–– Millî Savunma Bakanlığı Döner Sermaye İşletmelerine Tahsis Edilen Sermayenin 200.000.000 Türk Lirasına Çıkarılması Hakkında Karar (Karar Sayısı: 7802),https://www.resmigazete.gov.tr/eskiler/2023/11/20231118-14.pdf
2023-11-18,–– 4760 Sayılı Özel Tüketim Vergisi Kanununa ekli (II) Sayılı Listede Yer Alan Bazı Malların Özel Tüketim Vergisi Oranlarına Esas Özel Tüketim Vergisi Matrahlarının Yeniden Tespiti Hakkında Karar (Karar Sayısı: 7803),https://www.resmigazete.gov.tr/eskiler/2023/11/20231118-15.pdf
2023-11-18,–– Milli Savunma Bakanlığı Tarafından 4734 Sayılı Kamu İhale Kanununun 3 üncü Maddesinin (n) Bendi Kapsamında Yapılacak Mal ve Hizmet Alımlarına İlişkin Usul ve Esaslar (Karar Sayısı: 7804),https://www.resmigazete.gov.tr/eskiler/2023/11/20231118-16.pdf
2023-11-18,"–– Özelleştirme İdaresi Başkanlığı ile İlgili Kararlar (Karar Sayısı: 7805, 7806, 7807, 7808, 7809, 7810, 7811, 7812, 7813, 7814, 7815, 7816, 7817, 7818, 7819, 7820, 7821, 7822, 7823, 7824, 7825, 7826, 7827, 7828, 7829, 7830, 7831, 7832, 7833, 7834, 7835, 7836, 7837, 7838, 7839)",https://www.resmigazete.gov.tr/eskiler/2023/11/20231118-17.pdf
2023-11-18,–– 4734 Sayılı Kanunun 3-n Maddesi Kapsamında Yapılacak Mal ve Hizmet Alımlarına İlişkin Yönetmeliğin Yürürlükten Kaldırılmasına Dair Yönetmelik,https://www.resmigazete.gov.tr/eskiler/2023/11/20231118-18.htm
2023-11-18,–– Türk Silâhlı Kuvvetleri Subay Sınıflandırma Yönetmeliğinde Değişiklik Yapılmasına Dair Yönetmelik,https://www.resmigazete.gov.tr/eskiler/2023/11/20231118-19.htm
2023-11-18,–– Teknoloji Geliştirme Bölgeleri Uygulama Yönetmeliğinde Değişiklik Yapılmasına Dair Yönetmelik,https://www.resmigazete.gov.tr/eskiler/2023/11/20231118-20.htm
2023-11-18,–– Çiftçi Kayıt Sistemi Yönetmeliğinde Değişiklik Yapılmasına Dair Yönetmelik,https://www.resmigazete.gov.tr/eskiler/2023/11/20231118-21.htm
2023-11-18,–– Göçer Hayvanların Tanımlanması ve Nakilleri Hakkında Yönetmelikte Değişiklik Yapılmasına Dair Yönetmelik,https://www.resmigazete.gov.tr/eskiler/2023/11/20231118-22.htm
2023-11-18,"–– Koyun ve Keçi Türü Hayvanların Tanımlanması, Tescili ve İzlenmesi Yönetmeliğinde Değişiklik Yapılmasına Dair Yönetmelik",https://www.resmigazete.gov.tr/eskiler/2023/11/20231118-23.htm
2023-11-18,"–– Sığır Cinsi Hayvanların Tanımlanması, Tescili ve İzlenmesi Yönetmeliğinde Değişiklik Yapılmasına Dair Yönetmelik",https://www.resmigazete.gov.tr/eskiler/2023/11/20231118-24.htm
2023-11-18,–– Kıyı Tesislerine Yeşil Liman Sertifikası Düzenlenmesi Hakkında Yönetmelik,https://www.resmigazete.gov.tr/eskiler/2023/11/20231118-25.htm
2023-11-18,–– Türkiye Tarım Havzaları Üretim ve Destekleme Modeline Göre Yaş Çay Üreticilerine 2023 Yılı Yaş Çay Ürünü İçin Fark Ödemesi Desteği Yapılmasına Dair Tebliğ (No: 2023/45),https://www.resmigazete.gov.tr/eskiler/2023/11/20231118-26.htm
2023-11-18,–– Bankacılık Düzenleme ve Denetleme Kurulunun 09/11/2023 Tarihli ve 10721 Sayılı Kararı,https://www.resmigazete.gov.tr/eskiler/2023/11/20231118-27.pdf
2023-11-18,a - Yargı İlânları,http://www.resmigazete.gov.tr/main.aspx?home=http://www.resmigazete.gov.tr/ilanlar/eskiilanlar/2023/11/20231118.htm&main=http://www.resmigazete.gov.tr/ilanlar/eskiilanlar/2023/11/20231118-2.htm
2023-11-18,"b - Artırma, Eksiltme ve İhale İlânları",http://www.resmigazete.gov.tr/main.aspx?home=http://www.resmigazete.gov.tr/ilanlar/eskiilanlar/2023/11/20231118.htm&main=http://www.resmigazete.gov.tr/ilanlar/eskiilanlar/2023/11/20231118-3.htm
2023-11-18,c - Çeşitli İlânlar,http://www.resmigazete.gov.tr/main.aspx?home=http://www.resmigazete.gov.tr/ilanlar/eskiilanlar/2023/11/20231118.htm&main=http://www.resmigazete.gov.tr/ilanlar/eskiilanlar/2023/11/20231118-4.htm
2023-11-18,– T.C. Merkez Bankasınca Belirlenen Döviz Kurları ve Devlet İç Borçlanma Senetlerinin Günlük Değerleri,http://www.resmigazete.gov.tr/main.aspx?home=http://www.resmigazete.gov.tr/ilanlar/eskiilanlar/2023/11/20231118.htm&main=http://www.resmigazete.gov.tr/ilanlar/eskiilanlar/2023/11/20231118-5.htm
2023-11-19,–– Gümrük Genel Tebliği (Gümrük İşlemleri) (Seri No: 90)’nde Değişiklik Yapılmasına Dair Tebliğ (Gümrük İşlemleri) (Seri No: 193),https://www.resmigazete.gov.tr/eskiler/2023/11/20231119-1.htm
2023-11-19,–– Gümrük Genel Tebliği (Gümrük İşlemleri) (Seri No: 98)’nde Değişiklik Yapılmasına Dair Tebliğ (Gümrük İşlemleri) (Seri No: 196),https://www.resmigazete.gov.tr/eskiler/2023/11/20231119-2.htm
2023-11-19,–– Gümrük Genel Tebliği (Gümrük İşlemleri) (Seri No: 188)’nde Değişiklik Yapılmasına Dair Tebliğ (Gümrük İşlemleri) (Seri No: 200),https://www.resmigazete.gov.tr/eskiler/2023/11/20231119-3.htm
2023-11-19,–– 2023 Yılı Ekim Ayına Ait Dahilde İşleme İzin Belgelerinin (D1) Listesi,https://www.resmigazete.gov.tr/eskiler/2023/11/20231119-4.pdf
2023-11-19,–– 2023 Yılı Ekim Ayına Ait Yurt İçi Satış ve Teslim Belgelerinin (D3) Listesi,https://www.resmigazete.gov.tr/eskiler/2023/11/20231119-5.pdf
2023-11-19,–– 2023 Yılı Ekim Ayına Ait Hariçte İşleme İzin Belgelerinin (H1) Listesi,https://www.resmigazete.gov.tr/eskiler/2023/11/20231119-6.pdf
2023-11-19,–– 2023 Yılı Ekim Ayına Ait Firma Talebine İstinaden İptal Edilen Dahilde İşleme İzin Belgeleri Listesi,https://www.resmigazete.gov.tr/eskiler/2023/11/20231119-7.pdf
2023-11-19,a - Yargı İlânları,http://www.resmigazete.gov.tr/main.aspx?home=http://www.resmigazete.gov.tr/ilanlar/eskiilanlar/2023/11/20231119.htm&main=http://www.resmigazete.gov.tr/ilanlar/eskiilanlar/2023/11/20231119-2.htm
2023-11-19,"b - Artırma, Eksiltme ve İhale İlânları",http://www.resmigazete.gov.tr/main.aspx?home=http://www.resmigazete.gov.tr/ilanlar/eskiilanlar/2023/11/20231119.htm&main=http://www.resmigazete.gov.tr/ilanlar/eskiilanlar/2023/11/20231119-3.htm
2023-11-19,c - Çeşitli İlânlar,http://www.resmigazete.gov.tr/main.aspx?home=http://www.resmigazete.gov.tr/ilanlar/eskiilanlar/2023/11/20231119.htm&main=http://www.resmigazete.gov.tr/ilanlar/eskiilanlar/2023/11/20231119-4.htm
2023-11-19,– T.C. Merkez Bankasınca Belirlenen Devlet İç Borçlanma Senetlerinin Günlük Değerleri,http://www.resmigazete.gov.tr/main.aspx?home=http://www.resmigazete.gov.tr/ilanlar/eskiilanlar/2023/11/20231119.htm&main=http://www.resmigazete.gov.tr/ilanlar/eskiilanlar/2023/11/20231119-5.htm
2023-11-20,–– Tarım İşletmeleri Genel Müdürlüğü Alım-Satım ve İhale Yönetmeliğinde Değişiklik Yapılmasına Dair Yönetmelik,https://www.resmigazete.gov.tr/eskiler/2023/11/20231120-1.htm
2023-11-20,–– Çukurova Üniversitesi Biyoteknoloji Araştırma ve Uygulama Merkezi Yönetmeliği,https://www.resmigazete.gov.tr/eskiler/2023/11/20231120-2.htm
2023-11-20,a - Yargı İlânları,http://www.resmigazete.gov.tr/main.aspx?home=http://www.resmigazete.gov.tr/ilanlar/eskiilanlar/2023/11/20231120.htm&main=http://www.resmigazete.gov.tr/ilanlar/eskiilanlar/2023/11/20231120-2.htm
2023-11-20,"b - Artırma, Eksiltme ve İhale İlânları",http://www.resmigazete.gov.tr/main.aspx?home=http://www.resmigazete.gov.tr/ilanlar/eskiilanlar/2023/11/20231120.htm&main=http://www.resmigazete.gov.tr/ilanlar/eskiilanlar/2023/11/20231120-3.htm
2023-11-20,c - Çeşitli İlânlar,http://www.resmigazete.gov.tr/main.aspx?home=http://www.resmigazete.gov.tr/ilanlar/eskiilanlar/2023/11/20231120.htm&main=http://www.resmigazete.gov.tr/ilanlar/eskiilanlar/2023/11/20231120-4.htm
2023-11-20,– T.C. Merkez Bankasınca Belirlenen Devlet İç Borçlanma Senetlerinin Günlük Değerleri,http://www.resmigazete.gov.tr/main.aspx?home=http://www.resmigazete.gov.tr/ilanlar/eskiilanlar/2023/11/20231120.htm&main=http://www.resmigazete.gov.tr/ilanlar/eskiilanlar/2023/11/20231120-5.htm
2023-11-21,7473 Türkiye Cumhuriyeti Hükûmeti ile Cezayir Demokratik Halk Cumhuriyeti Hükûmeti Arasında Cezayir’de Uluslararası Bir Türk Okulu Açılmasına İlişkin Anlaşmanın Onaylanmasının Uygun Bulunduğuna Dair Kanun,https://www.resmigazete.gov.tr/eskiler/2023/11/20231121-1.htm
2023-11-21,–– Bazı Cumhurbaşkanlığı Kararnamelerinde Değişiklik Yapılmasına Dair Cumhurbaşkanlığı Kararnamesi (Kararname Numarası: 155),https://www.resmigazete.gov.tr/eskiler/2023/11/20231121-2.pdf
2023-11-21,–– Emniyet Genel Müdürlüğüne Kadro İhdas Edilmesine İlişkin Cumhurbaşkanlığı Kararnamesi (Kararname Numarası: 156),https://www.resmigazete.gov.tr/eskiler/2023/11/20231121-3.pdf
2023-11-21,"–– Cumhurbaşkanlığına, Cumhurbaşkanı Yardımcısı Cevdet YILMAZ’ın Vekâlet Etmesine Dair Tezkere",https://www.resmigazete.gov.tr/eskiler/2023/11/20231121-4.pdf
2023-11-21,–– Gebze Teknik Üniversitesi Ön Lisans ve Lisans Eğitim-Öğretim Yönetmeliği,https://www.resmigazete.gov.tr/eskiler/2023/11/20231121-5.htm
2023-11-21,–– Anayasa Mahkemesinin 27/9/2023 Tarihli ve 2018/25163 Başvuru Numaralı Kararı,https://www.resmigazete.gov.tr/eskiler/2023/11/20231121-6.pdf
2023-11-21,"a - Artırma, Eksiltme ve İhale İlânları",http://www.resmigazete.gov.tr/main.aspx?home=http://www.resmigazete.gov.tr/ilanlar/eskiilanlar/2023/11/20231121.htm&main=http://www.resmigazete.gov.tr/ilanlar/eskiilanlar/2023/11/20231121-3.htm
2023-11-21,- Çeşitli İlânlar,http://www.resmigazete.gov.tr/main.aspx?home=http://www.resmigazete.gov.tr/ilanlar/eskiilanlar/2023/11/20231121.htm&main=http://www.resmigazete.gov.tr/ilanlar/eskiilanlar/2023/11/20231121-4.htm
2023-11-21,– T.C. Merkez Bankasınca Belirlenen Döviz Kurları ve Devlet İç Borçlanma Senetlerinin Günlük Değerleri,http://www.resmigazete.gov.tr/main.aspx?home=http://www.resmigazete.gov.tr/ilanlar/eskiilanlar/2023/11/20231121.htm&main=http://www.resmigazete.gov.tr/ilanlar/eskiilanlar/2023/11/20231121-5.htm
2023-11-22,–– Millî Savunma Bakanlığı Personel ve Askerî Öğrenci Temin Faaliyetleri Yönetmeliğinde Değişiklik Yapılmasına Dair Yönetmelik,https://www.resmigazete.gov.tr/eskiler/2023/11/20231122-1.htm
2023-11-22,–– Reklam Konseyi Yönetmeliğinde Değişiklik Yapılmasına Dair Yönetmelik,https://www.resmigazete.gov.tr/eskiler/2023/11/20231122-2.htm
2023-11-22,–– Araştırma Geliştirme Projelerinin Desteklenmesine İlişkin Yönetmelikte Değişiklik Yapılmasına Dair Yönetmelik,https://www.resmigazete.gov.tr/eskiler/2023/11/20231122-3.htm
2023-11-22,–– Gemilerle Yapılan Düzenli Seferler Hakkında Yönetmelik,https://www.resmigazete.gov.tr/eskiler/2023/11/20231122-4.htm
2023-11-22,–– Yükseköğretim Kurumları Bilimsel Araştırma Projeleri Hakkında Yönetmelikte Değişiklik Yapılmasına Dair Yönetmelik,https://www.resmigazete.gov.tr/eskiler/2023/11/20231122-5.htm
2023-11-22,–– Gümrük Genel Tebliği (Gümrük İşlemleri) (Seri No: 95)’nde Değişiklik Yapılmasına Dair Tebliğ (Gümrük İşlemleri) (Seri No: 194),https://www.resmigazete.gov.tr/eskiler/2023/11/20231122-6.htm
2023-11-22,–– Gümrük Genel Tebliği (Gümrük İşlemleri) (Seri No: 97)’nde Değişiklik Yapılmasına Dair Tebliğ (Gümrük İşlemleri) (Seri No: 195),https://www.resmigazete.gov.tr/eskiler/2023/11/20231122-7.htm
2023-11-22,–– Gümrük Genel Tebliği (Gümrük İşlemleri) (Seri No: 99)’nde Değişiklik Yapılmasına Dair Tebliğ (Gümrük İşlemleri) (Seri No: 197),https://www.resmigazete.gov.tr/eskiler/2023/11/20231122-8.htm
2023-11-22,–– Gümrük Genel Tebliği (Gümrük İşlemleri) (Seri No: 100)’nde Değişiklik Yapılmasına Dair Tebliğ (Gümrük İşlemleri) (Seri No: 198),https://www.resmigazete.gov.tr/eskiler/2023/11/20231122-9.htm
2023-11-22,–– Gümrük Genel Tebliği (Gümrük İşlemleri) (Seri No: 105)’nde Değişiklik Yapılmasına Dair Tebliğ (Gümrük İşlemleri) (Seri No: 199),https://www.resmigazete.gov.tr/eskiler/2023/11/20231122-10.htm
2023-11-22,–– IQ Money Ödeme Hizmetleri ve Elektronik Para A.Ş.’nin Faaliyet İzninin İptal Edilmesine İlişkin Karar,https://www.resmigazete.gov.tr/eskiler/2023/11/20231122-11.pdf
2023-11-22,"–– Anayasa Mahkemesinin 31/5/2023 Tarihli ve E: 2018/77, K: 2023/105 Sayılı Kararı",https://www.resmigazete.gov.tr/eskiler/2023/11/20231122-12.pdf
2023-11-22,"–– Anayasa Mahkemesinin 26/7/2023 Tarihli ve E: 2023/113, K: 2023/127 Sayılı Kararı",https://www.resmigazete.gov.tr/eskiler/2023/11/20231122-13.pdf
2023-11-22,–– Anayasa Mahkemesinin 14/6/2023 Tarihli ve 2019/10975 Başvuru Numaralı Kararı,https://www.resmigazete.gov.tr/eskiler/2023/11/20231122-14.pdf
2023-11-22,a - Yargı İlânları,http://www.resmigazete.gov.tr/main.aspx?home=http://www.resmigazete.gov.tr/ilanlar/eskiilanlar/2023/11/20231122.htm&main=http://www.resmigazete.gov.tr/ilanlar/eskiilanlar/2023/11/20231122-2.htm
2023-11-22,"b - Artırma, Eksiltme ve İhale İlânları",http://www.resmigazete.gov.tr/main.aspx?home=http://www.resmigazete.gov.tr/ilanlar/eskiilanlar/2023/11/20231122.htm&main=http://www.resmigazete.gov.tr/ilanlar/eskiilanlar/2023/11/20231122-3.htm
2023-11-22,c - Çeşitli İlânlar,http://www.resmigazete.gov.tr/main.aspx?home=http://www.resmigazete.gov.tr/ilanlar/eskiilanlar/2023/11/20231122.htm&main=http://www.resmigazete.gov.tr/ilanlar/eskiilanlar/2023/11/20231122-4.htm
2023-11-22,– T.C. Merkez Bankasınca Belirlenen Döviz Kurları ve Devlet İç Borçlanma Senetlerinin Günlük Değerleri,http://www.resmigazete.gov.tr/main.aspx?home=http://www.resmigazete.gov.tr/ilanlar/eskiilanlar/2023/11/20231122.htm&main=http://www.resmigazete.gov.tr/ilanlar/eskiilanlar/2023/11/20231122-5.htm
2023-11-23,–– Toplu İş Sözleşmesinde Arabulucuya ve Hakeme Başvurma Yönetmeliğinde Değişiklik Yapılmasına Dair Yönetmelik,https://www.resmigazete.gov.tr/eskiler/2023/11/20231123-1.htm
2023-11-23,"–– Elektrik, Su ve Gaz Sayaçları Muayene Yönetmeliği",https://www.resmigazete.gov.tr/eskiler/2023/11/20231123-2.htm
2023-11-23,–– Ölçü ve Ölçü Aletleri Muayene Yönetmeliğinde Değişiklik Yapılmasına Dair Yönetmelik,https://www.resmigazete.gov.tr/eskiler/2023/11/20231123-3.htm
2023-11-23,–– Ölçü ve Ölçü Aletlerinin Tamir ve Ayarını Yapacak Kişilere Verilecek Yetki Belgesi Hakkında Yönetmelikte Değişiklik Yapılmasına Dair Yönetmelik,https://www.resmigazete.gov.tr/eskiler/2023/11/20231123-4.htm
2023-11-23,–– Özelleştirme İdaresi Başkanlığının 22/11/2023 Tarihli ve 2023/ÖİB-K-26 ve 27 Sayılı Kararları,https://www.resmigazete.gov.tr/eskiler/2023/11/20231123-5.pdf
2023-11-23,"–– Anayasa Mahkemesinin 28/9/2023 Tarihli ve E: 2023/59, K: 2023/164 Sayılı Kararı",https://www.resmigazete.gov.tr/eskiler/2023/11/20231123-6.pdf
2023-11-23,a - Yargı İlânları,http://www.resmigazete.gov.tr/main.aspx?home=http://www.resmigazete.gov.tr/ilanlar/eskiilanlar/2023/11/20231123.htm&main=http://www.resmigazete.gov.tr/ilanlar/eskiilanlar/2023/11/20231123-2.htm
2023-11-23,"b - Artırma, Eksiltme ve İhale İlânları",http://www.resmigazete.gov.tr/main.aspx?home=http://www.resmigazete.gov.tr/ilanlar/eskiilanlar/2023/11/20231123.htm&main=http://www.resmigazete.gov.tr/ilanlar/eskiilanlar/2023/11/20231123-3.htm
2023-11-23,c - Çeşitli İlânlar,http://www.resmigazete.gov.tr/main.aspx?home=http://www.resmigazete.gov.tr/ilanlar/eskiilanlar/2023/11/20231123.htm&main=http://www.resmigazete.gov.tr/ilanlar/eskiilanlar/2023/11/20231123-4.htm
2023-11-23,– T.C. Merkez Bankasınca Belirlenen Döviz Kurları ve Devlet İç Borçlanma Senetlerinin Günlük Değerleri,http://www.resmigazete.gov.tr/main.aspx?home=http://www.resmigazete.gov.tr/ilanlar/eskiilanlar/2023/11/20231123.htm&main=http://www.resmigazete.gov.tr/ilanlar/eskiilanlar/2023/11/20231123-5.htm
2023-11-24,"–– Birleşmiş Milletler Güvenlik Konseyinin 1267 (1999), 1988 (2011), 1989 (2011) ve 2253 (2015) Sayılı Kararlarıyla Listelenen Kişi, Kuruluş veya Organizasyonların Tasarrufunda Bulunan Malvarlığının Dondurulması Hakkındaki 30/9/2013 Tarihli ve 2013/5428 Sayılı Bakanlar Kurulu Kararının Eki (1) Sayılı Listede Değişiklik Yapılmasına İlişkin Karar (Karar Sayısı: 7845)",https://www.resmigazete.gov.tr/eskiler/2023/11/20231124-1.pdf
2023-11-24,–– İthalatta Gözetim ve Korunma Önlemi Uygulamaları Kapsamında Hesaplanan Katma Değer Vergisinin İndirim Hakkının Kaldırılmasına Dair Karar (Karar Sayısı: 7846),https://www.resmigazete.gov.tr/eskiler/2023/11/20231124-2.pdf
2023-11-24,— Türkiye Elektrik Dağıtım Anonim Şirketi Teftiş Kurulu Yönetmeliği,https://www.resmigazete.gov.tr/eskiler/2023/11/20231124-3.htm
2023-11-24,"–– Türkiye Şeker Fabrikaları Anonim Şirketi Genel Müdürlüğü Taşra Teşkilatında İstihdam Edilecek Sözleşmeli Mühendis, Mimar, Tekniker ve Teknisyenler Hakkında Sınav ve Atama Yönetmeliği",https://www.resmigazete.gov.tr/eskiler/2023/11/20231124-4.htm
2023-11-24,–– Türk Gıda Kodeksi Bal Tebliği (Tebliğ No: 2020/7)’nde Değişiklik Yapılmasına Dair Tebliğ (No: 2023/37),https://www.resmigazete.gov.tr/eskiler/2023/11/20231124-5.htm
2023-11-24,"–– Anayasa Mahkemesinin 11/10/2023 Tarihli ve E: 2022/96, K: 2023/174 Sayılı Kararı",https://www.resmigazete.gov.tr/eskiler/2023/11/20231124-6.pdf
2023-11-24,–– Anayasa Mahkemesinin 11/7/2023 Tarihli ve 2018/5552 Başvuru Numaralı Kararı,https://www.resmigazete.gov.tr/eskiler/2023/11/20231124-7.pdf
2023-11-24,–– Anayasa Mahkemesinin 19/7/2023 Tarihli ve 2019/6433 Başvuru Numaralı Kararı,https://www.resmigazete.gov.tr/eskiler/2023/11/20231124-8.pdf
2023-11-24,–– Anayasa Mahkemesinin 19/7/2023 Tarihli ve 2020/35181 Başvuru Numaralı Kararı,https://www.resmigazete.gov.tr/eskiler/2023/11/20231124-9.pdf
2023-11-24,–– Yargıtay 2 ve 10. Hukuk Dairelerine Ait Kararlar,https://www.resmigazete.gov.tr/eskiler/2023/11/20231124-10.pdf
2023-11-24,a - Yargı İlânları,http://www.resmigazete.gov.tr/main.aspx?home=http://www.resmigazete.gov.tr/ilanlar/eskiilanlar/2023/11/20231124.htm&main=http://www.resmigazete.gov.tr/ilanlar/eskiilanlar/2023/11/20231124-2.htm
2023-11-24,"b - Artırma, Eksiltme ve İhale İlânları",http://www.resmigazete.gov.tr/main.aspx?home=http://www.resmigazete.gov.tr/ilanlar/eskiilanlar/2023/11/20231124.htm&main=http://www.resmigazete.gov.tr/ilanlar/eskiilanlar/2023/11/20231124-3.htm
2023-11-24,c - Çeşitli İlânlar,http://www.resmigazete.gov.tr/main.aspx?home=http://www.resmigazete.gov.tr/ilanlar/eskiilanlar/2023/11/20231124.htm&main=http://www.resmigazete.gov.tr/ilanlar/eskiilanlar/2023/11/20231124-4.htm
2023-11-24,– T.C. Merkez Bankasınca Belirlenen Döviz Kurları ve Devlet İç Borçlanma Senetlerinin Günlük Değerleri,http://www.resmigazete.gov.tr/main.aspx?home=http://www.resmigazete.gov.tr/ilanlar/eskiilanlar/2023/11/20231124.htm&main=http://www.resmigazete.gov.tr/ilanlar/eskiilanlar/2023/11/20231124-5.htm
2023-11-25,"–– İstanbul İli, Pendik İlçesi, Bahçelievler Mahallesi Sınırları İçerisinde Bulunan ve Kamulaştırma Bilgileri Belirtilen Taşınmazların, Üzerlerindeki Ekili, Dikili ve Yapılı Unsurlarıyla Birlikte, Pendik Belediyesi Yeni Hizmet Binası ve Kent Meydanı Projesi Kapsamında Değerlendirilmek Üzere Pendik Belediye Başkanlığı Tarafından Acele Kamulaştırılması Hakkında Karar (Karar Sayısı: 7865)",https://www.resmigazete.gov.tr/eskiler/2023/11/20231125-1.pdf
2023-11-25,–– 154 kV G4-Viranşehir 2 GES TM-Dikmen TM Enerji İletim Hattı Projesi Kapsamında Bazı Taşınmazların Türkiye Elektrik İletim Anonim Şirketi Genel Müdürlüğü Tarafından Acele Kamulaştırılması Hakkında Karar (Karar Sayısı: 7866),https://www.resmigazete.gov.tr/eskiler/2023/11/20231125-2.pdf
2023-11-25,–– Burdur İlinde Kurulacak Gökbel I-II HES Yardımcı Kaynak GES Elektrik Üretim Tesisi İçin Gerekli Olan Bazı Taşınmazların Enerji Piyasası Düzenleme Kurumu Tarafından Acele Kamulaştırılması Hakkında Karar (Karar Sayısı: 7867),https://www.resmigazete.gov.tr/eskiler/2023/11/20231125-3.pdf
2023-11-25,–– Bursa İlinde Kurulacak Taşpınar RES Üretim Tesisine Ait Yardımcı Kaynak GES Projesi İçin Gerekli Olan Bazı Taşınmazların Enerji Piyasası Düzenleme Kurumu Tarafından Acele Kamulaştırılması Hakkında Karar (Karar Sayısı: 7868),https://www.resmigazete.gov.tr/eskiler/2023/11/20231125-4.pdf
2023-11-25,–– 154 kV Çivril GES TM-Çivril TM Enerji İletim Hattı Projesi Kapsamında Bazı Taşınmazların Türkiye Elektrik İletim Anonim Şirketi Genel Müdürlüğü Tarafından Acele Kamulaştırılması Hakkında Karar (Karar Sayısı: 7869),https://www.resmigazete.gov.tr/eskiler/2023/11/20231125-5.pdf
2023-11-25,–– 154 kV G4-Viranşehir 4 GES TM-Kırlık TM Enerji İletim Hattı Projesi Kapsamında Bazı Taşınmazların Türkiye Elektrik İletim Anonim Şirketi Genel Müdürlüğü Tarafından Acele Kamulaştırılması Hakkında Karar (Karar Sayısı: 7870),https://www.resmigazete.gov.tr/eskiler/2023/11/20231125-6.pdf
2023-11-25,–– 400/154 kV Bayramiç Havza TM Sahası ve Bağlantı Yolu Güzergâhı Projesi Kapsamında Bazı Taşınmazların Türkiye Elektrik İletim Anonim Şirketi Genel Müdürlüğü Tarafından Acele Kamulaştırılması Hakkında Karar (Karar Sayısı: 7871),https://www.resmigazete.gov.tr/eskiler/2023/11/20231125-7.pdf
2023-11-25,"–– Tokat İli, Merkez ve Almus İlçelerinde Kurulması Planlanan Doğal Gaz Dağıtım Tesislerinin Yapımı Amacıyla İhtiyaç Duyulan Bazı Taşınmazların Enerji Piyasası Düzenleme Kurumu Tarafından Acele Kamulaştırılması Hakkında Karar (Karar Sayısı: 7872)",https://www.resmigazete.gov.tr/eskiler/2023/11/20231125-8.pdf
2023-11-25,"–– Ağrı İli, Diyadin İlçesinde Kurulması Planlanan Doğal Gaz Dağıtım Tesislerinin Yapımı Amacıyla, Yeşildurak Köyü Sınırları İçerisindeki 197 ve 376 Parsel Numaralı Taşınmazların Enerji Piyasası Düzenleme Kurumu Tarafından Acele Kamulaştırılması Hakkında Karar (Karar Sayısı: 7873)",https://www.resmigazete.gov.tr/eskiler/2023/11/20231125-9.pdf
2023-11-25,"–– Hatay İli, Kumlu İlçesinde Kurulacak RMS-A Şehir Giriş İstasyonu Doğal Gaz Dağıtım Tesisinin Yapımı Amacıyla, Uzunkeli Mahallesi Sınırları İçerisindeki 6 Parsel Numaralı Taşınmazın Enerji Piyasası Düzenleme Kurumu Tarafından Acele Kamulaştırılması Hakkında Karar (Karar Sayısı: 7874)",https://www.resmigazete.gov.tr/eskiler/2023/11/20231125-10.pdf
2023-11-25,–– Hacıhıdırlar RES Elektrik Üretim Tesisinin Yapımı Amacıyla Aydın ve Denizli İllerinde Bulunan Bazı Taşınmazların Enerji Piyasası Düzenleme Kurumu Tarafından Acele Kamulaştırılması Hakkında Karar (Karar Sayısı: 7875),https://www.resmigazete.gov.tr/eskiler/2023/11/20231125-11.pdf
2023-11-25,–– Balıkesir İlinde Bulunan Tatlıpınar RES Elektrik Üretim Tesisinin Kapasite Artışı İçin Gerekli Olan Bazı Taşınmazların Enerji Piyasası Düzenleme Kurumu Tarafından Acele Kamulaştırılması Hakkında Karar (Karar Sayısı: 7876),https://www.resmigazete.gov.tr/eskiler/2023/11/20231125-12.pdf
2023-11-25,–– 154 kV Atares-2 RES TM-(Bandırma RES TM-Akçalar TM) Brş. N. Enerji İletim Hattı Projesi Kapsamında Bazı Taşınmazların Türkiye Elektrik İletim Anonim Şirketi Genel Müdürlüğü Tarafından Acele Kamulaştırılması Hakkında Karar (Karar Sayısı: 7877),https://www.resmigazete.gov.tr/eskiler/2023/11/20231125-13.pdf
2023-11-25,–– Kamulaştırma Bilgileri ve Güzergâhları Gösterilen Enerji Nakil Hatlarının Yapımı Amacıyla Bazı Taşınmazların Türkiye Elektrik Dağıtım Anonim Şirketi Genel Müdürlüğü Tarafından Acele Kamulaştırılması Hakkında Karar (Karar Sayısı: 7878),https://www.resmigazete.gov.tr/eskiler/2023/11/20231125-14.pdf
2023-11-25,–– Çanakkale İlinde Kurulacak Karatepe RES Yardımcı Kaynak GES Elektrik Üretim Tesisi İçin Gerekli Olan Taşınmazın Enerji Piyasası Düzenleme Kurumu Tarafından Acele Kamulaştırılması Hakkında Karar (Karar Sayısı: 7879),https://www.resmigazete.gov.tr/eskiler/2023/11/20231125-15.pdf
2023-11-25,–– Çanakkale İlinde Kurulacak Harmancık RES Elektrik Üretim Tesisi İçin Gerekli Olan Bazı Taşınmazların Enerji Piyasası Düzenleme Kurumu Tarafından Acele Kamulaştırılması Hakkında Karar (Karar Sayısı: 7880),https://www.resmigazete.gov.tr/eskiler/2023/11/20231125-16.pdf
2023-11-25,–– Çayhan 1 Regülatörü ve HES Elektrik Üretim Tesisinin Yapımı Amacıyla Rize İlinde Bulunan Bazı Taşınmazların Enerji Piyasası Düzenleme Kurumu Tarafından Acele Kamulaştırılması Hakkında Karar (Karar Sayısı: 7881),https://www.resmigazete.gov.tr/eskiler/2023/11/20231125-17.pdf
2023-11-25,"–– Sivas İli Sınırları İçerisinde Bulunan S:361 Numaralı IV. Grup Maden (Demir) İşletme Ruhsatlı Sahada, Ruhsata Konu Maden Üretimine Devam Edilebilmesi İçin İhtiyaç Duyulan Bazı Taşınmazların Maden ve Petrol İşleri Genel Müdürlüğü Tarafından Acele Kamulaştırılması Hakkında Karar (Karar Sayısı: 7882)",https://www.resmigazete.gov.tr/eskiler/2023/11/20231125-18.pdf
2023-11-25,"–– Türkiye Kömür İşletmeleri Kurumu (TKİ) Genel Müdürlüğü Uhdesinde Bulunan Şırnak İli, Silopi İlçesi Sınırları İçerisindeki S:88020 Ruhsat Numaralı Sahada Asfaltit Üretim Faaliyetlerinin Devamı İçin İhtiyaç Duyulan Bazı Taşınmazların Türkiye Kömür İşletmeleri Kurumu (TKİ) Genel Müdürlüğü Tarafından Acele Kamulaştırılması Hakkında Karar (Karar Sayısı: 7883)",https://www.resmigazete.gov.tr/eskiler/2023/11/20231125-19.pdf
2023-11-25,"–– Ordu-Fatsa Doğal Gaz Boru Hattı Projesinin Gerçekleştirilmesi Amacıyla Gösterilen Güzergâha İsabet Eden Taşınmazlar ile Söz Konusu Proje Kapsamında İnşa Edilecek Sabit Tesisler, Ulaşım Yolları, Enerji Nakil Hatları, Katodik Koruma Hatları ve Anot Yataklarının Yapımında İhtiyaç Duyulan Taşınmazların, Boru Hatları ile Petrol Taşıma Anonim Şirketi Genel Müdürlüğü Tarafından Acele Kamulaştırılması Hakkında Karar (Karar Sayısı: 7884)",https://www.resmigazete.gov.tr/eskiler/2023/11/20231125-20.pdf
2023-11-25,–– İzmir İlinde Yapılacak Olan Nafta İkamesi Geri Dönüşümden Piroliz Yağı Üretim Tesisi Yatırımına Proje Bazlı Devlet Yardımı Verilmesine İlişkin Karar (Karar Sayısı: 7885),https://www.resmigazete.gov.tr/eskiler/2023/11/20231125-21.pdf
2023-11-25,–– Isparta İlinde Bulunan “Gölcük Tabiat Parkı”nın Sınırlarının Değiştirilmesi Hakkında Karar (Karar Sayısı: 7886),https://www.resmigazete.gov.tr/eskiler/2023/11/20231125-22.pdf
2023-11-25,–– Anonim ve Limited Şirketler İçin En Az Sermaye Tutarının Artırılmasına İlişkin Karar (Karar Sayısı: 7887),https://www.resmigazete.gov.tr/eskiler/2023/11/20231125-23.pdf
2023-11-25,–– Denizli Serbest Bölgesinin Yer ve Sınırlarının Belirlenmesi ve Kurulup İşletilmesine Dair Kararda Değişiklik Yapılması Hakkında Karar (Karar Sayısı: 7888),https://www.resmigazete.gov.tr/eskiler/2023/11/20231125-24.pdf
2023-11-25,"–– Cumhurbaşkanlığı Tarafından Yapılan Atamalar Hakkında Kararlar (Karar: 2023/507, 508, 509, 510, 511, 512, 513, 514, 515, 516, 517, 518, 519, 520, 521, 522, 523)",https://www.resmigazete.gov.tr/eskiler/2023/11/20231125-25.pdf
2023-11-25,–– Kadına Yönelik Şiddetle Mücadele ile İlgili 2023/16 Sayılı Cumhurbaşkanlığı Genelgesi,https://www.resmigazete.gov.tr/eskiler/2023/11/20231125-26.pdf
2023-11-25,–– Vergi Usul Kanunu Genel Tebliği (Sıra No: 554),https://www.resmigazete.gov.tr/eskiler/2023/11/20231125-27.htm
2023-11-25,–– İthalatta Haksız Rekabetin Önlenmesine İlişkin Tebliğ (No: 2023/32),https://www.resmigazete.gov.tr/eskiler/2023/11/20231125-28.htm
2023-11-25,–– Mevduat ve Katılım Fonlarının Vadeleri ve Türleri Hakkında Tebliğ (Sayı: 2007/1)’de Değişiklik Yapılmasına Dair Tebliğ (Sayı: 2023/31),https://www.resmigazete.gov.tr/eskiler/2023/11/20231125-29.htm
2023-11-25,–– Bankalarca Ticari Müşterilerden Alınabilecek Ücretlere İlişkin Usul ve Esaslar Hakkında Tebliğ (Sayı: 2020/4)’de Değişiklik Yapılmasına Dair Tebliğ (Sayı: 2023/32),https://www.resmigazete.gov.tr/eskiler/2023/11/20231125-30.htm
2023-11-25,–– Finansal Tüketicilerden Alınacak Ücretlere İlişkin Usûl ve Esaslar Hakkında Tebliğ (Sayı: 2020/7)’de Değişiklik Yapılmasına Dair Tebliğ (Sayı: 2023/33),https://www.resmigazete.gov.tr/eskiler/2023/11/20231125-31.htm
2023-11-25,"–– Enerji Piyasası Düzenleme Kurulunun 23/11/2023 Tarihli ve 12206, 12207, 12210, 12211 ve 12212 Sayılı Kararları",https://www.resmigazete.gov.tr/eskiler/2023/11/20231125-32.pdf
2023-11-25,"a - Artırma, Eksiltme ve İhale İlânları",http://www.resmigazete.gov.tr/main.aspx?home=http://www.resmigazete.gov.tr/ilanlar/eskiilanlar/2023/11/20231125.htm&main=http://www.resmigazete.gov.tr/ilanlar/eskiilanlar/2023/11/20231125-3.htm
2023-11-25,b - Çeşitli İlânlar,http://www.resmigazete.gov.tr/main.aspx?home=http://www.resmigazete.gov.tr/ilanlar/eskiilanlar/2023/11/20231125.htm&main=http://www.resmigazete.gov.tr/ilanlar/eskiilanlar/2023/11/20231125-4.htm
2023-11-25,– T.C. Merkez Bankasınca Belirlenen Döviz Kurları ve Devlet İç Borçlanma Senetlerinin Günlük Değerleri,http://www.resmigazete.gov.tr/main.aspx?home=http://www.resmigazete.gov.tr/ilanlar/eskiilanlar/2023/11/20231125.htm&main=http://www.resmigazete.gov.tr/ilanlar/eskiilanlar/2023/11/20231125-5.htm
2023-11-26,–– Anadolu Üniversitesi Lisansüstü Eğitim-Öğretim ve Sınav Yönetmeliği,https://www.resmigazete.gov.tr/eskiler/2023/11/20231126-1.htm
2023-11-26,–– Yatırım Projelerinin Stratejik Öncelik ve Teknik Değerlendirmesine Dair Tebliğ,https://www.resmigazete.gov.tr/eskiler/2023/11/20231126-2.htm
2023-11-26,–– Hayvancılık Desteklemeleri Uygulama Tebliği (No: 2023/41),https://www.resmigazete.gov.tr/eskiler/2023/11/20231126-3.htm
2023-11-26,–– Bitkisel Üretime Destekleme Ödemesi Yapılmasına Dair Tebliğ (No: 2023/46),https://www.resmigazete.gov.tr/eskiler/2023/11/20231126-4.htm
2023-11-26,DÜZELTME: 24/11/2023 Tarihli ve 7887 Sayılı Cumhurbaşkanı Kararı ile İlgili,https://www.resmigazete.gov.tr/eskiler/2023/11/20231126-5.htm
2023-11-26,a - Yargı İlânları,http://www.resmigazete.gov.tr/main.aspx?home=http://www.resmigazete.gov.tr/ilanlar/eskiilanlar/2023/11/20231126.htm&main=http://www.resmigazete.gov.tr/ilanlar/eskiilanlar/2023/11/20231126-2.htm
2023-11-26,"b - Artırma, Eksiltme ve İhale İlânları",http://www.resmigazete.gov.tr/main.aspx?home=http://www.resmigazete.gov.tr/ilanlar/eskiilanlar/2023/11/20231126.htm&main=http://www.resmigazete.gov.tr/ilanlar/eskiilanlar/2023/11/20231126-3.htm
2023-11-26,c - Çeşitli İlânlar,http://www.resmigazete.gov.tr/main.aspx?home=http://www.resmigazete.gov.tr/ilanlar/eskiilanlar/2023/11/20231126.htm&main=http://www.resmigazete.gov.tr/ilanlar/eskiilanlar/2023/11/20231126-4.htm
2023-11-26,– T.C. Merkez Bankasınca Belirlenen Devlet İç Borçlanma Senetlerinin Günlük Değerleri,http://www.resmigazete.gov.tr/main.aspx?home=http://www.resmigazete.gov.tr/ilanlar/eskiilanlar/2023/11/20231126.htm&main=http://www.resmigazete.gov.tr/ilanlar/eskiilanlar/2023/11/20231126-5.htm
2023-11-27,"–– Milli Savunma Üniversitesi Akademik Personelin Seçimi, Atanması, Görevleri ve Görevde Yükseltilmesi Yönetmeliğinde Değişiklik Yapılmasına Dair Yönetmelik",https://www.resmigazete.gov.tr/eskiler/2023/11/20231127-1.htm
2023-11-27,–– Milli Savunma Üniversitesi Enstitüleri Teşkilat ve İşleyiş Yönetmeliğinde Değişiklik Yapılmasına Dair Yönetmelik,https://www.resmigazete.gov.tr/eskiler/2023/11/20231127-2.htm
2023-11-27,"–– Milli Savunma Üniversitesi Harp Enstitüleri, Milli Savunma ve Güvenlik Enstitüsü Yönetmeliğinde Değişiklik Yapılmasına Dair Yönetmelik",https://www.resmigazete.gov.tr/eskiler/2023/11/20231127-3.htm
2023-11-27,–– Milli Savunma Üniversitesi Lisansüstü Eğitim ve Öğretim Yönetmeliğinde Değişiklik Yapılmasına Dair Yönetmelik,https://www.resmigazete.gov.tr/eskiler/2023/11/20231127-4.htm
2023-11-27,–– Milli Savunma Üniversitesi Lisansüstü Ölçme ve Değerlendirme Yönetmeliğinde Değişiklik Yapılmasına Dair Yönetmelik,https://www.resmigazete.gov.tr/eskiler/2023/11/20231127-5.htm
2023-11-27,a - Yargı İlânları,http://www.resmigazete.gov.tr/main.aspx?home=http://www.resmigazete.gov.tr/ilanlar/eskiilanlar/2023/11/20231127.htm&main=http://www.resmigazete.gov.tr/ilanlar/eskiilanlar/2023/11/20231127-2.htm
2023-11-27,"b - Artırma, Eksiltme ve İhale İlânları",http://www.resmigazete.gov.tr/main.aspx?home=http://www.resmigazete.gov.tr/ilanlar/eskiilanlar/2023/11/20231127.htm&main=http://www.resmigazete.gov.tr/ilanlar/eskiilanlar/2023/11/20231127-3.htm
2023-11-27,c - Çeşitli İlânlar,http://www.resmigazete.gov.tr/main.aspx?home=http://www.resmigazete.gov.tr/ilanlar/eskiilanlar/2023/11/20231127.htm&main=http://www.resmigazete.gov.tr/ilanlar/eskiilanlar/2023/11/20231127-4.htm
2023-11-27,– T.C. Merkez Bankasınca Belirlenen Devlet İç Borçlanma Senetlerinin Günlük Değerleri,http://www.resmigazete.gov.tr/main.aspx?home=http://www.resmigazete.gov.tr/ilanlar/eskiilanlar/2023/11/20231127.htm&main=http://www.resmigazete.gov.tr/ilanlar/eskiilanlar/2023/11/20231127-5.htm
2023-11-28,–– Kalkınma Ajansları Personel Yönetmeliğinde Değişiklik Yapılmasına Dair Yönetmelik,https://www.resmigazete.gov.tr/eskiler/2023/11/20231128-1.htm
2023-11-28,–– Tarım ve Orman Uzmanlığı Yönetmeliği,https://www.resmigazete.gov.tr/eskiler/2023/11/20231128-2.htm
2023-11-28,–– Tarımsal Amaçlı Örgütlerin Derecelendirilmesine İlişkin Yönetmelik,https://www.resmigazete.gov.tr/eskiler/2023/11/20231128-3.htm
2023-11-28,–– Toprak Mahsulleri Ofisi Genel Müdürlüğünün 4734 Sayılı Kamu İhale Kanununun 3 üncü Maddesinin (aa) Bendi Kapsamında İthalat Yoluyla Yapacağı Tarımsal Ürün Alımları ile Buna İlişkin Hizmet Alımları İhalelerinde Uygulanacak Usul ve Esaslar Hakkında Yönetmeliğin Yürürlükten Kaldırılmasına Dair Yönetmelik,https://www.resmigazete.gov.tr/eskiler/2023/11/20231128-4.htm
2023-11-28,–– Yükseköğretim Kalite Kurulu Uzmanlığı Yönetmeliği,https://www.resmigazete.gov.tr/eskiler/2023/11/20231128-5.htm
2023-11-28,–– Muhasebat Genel Müdürlüğü Genel Tebliği (Sıra No: 83) (Fazla veya Yersiz Ödenen Aylıkların Geri Alınması),https://www.resmigazete.gov.tr/eskiler/2023/11/20231128-6.htm
2023-11-28,–– Muhasebat Genel Müdürlüğü Genel Tebliği (Sıra No: 84) (Kamu İdarelerince Yurt Dışına Gönderilenler İçin Yüklenme Senedi ile Muteber İmzalı Müteselsil Kefalet Senedinin Düzenlenmesi),https://www.resmigazete.gov.tr/eskiler/2023/11/20231128-7.htm
2023-11-28,–– Yatırımlarda Devlet Yardımları Hakkında Kararın Uygulanmasına İlişkin Tebliğ (Tebliğ No: 2012/1)'de Değişiklik Yapılmasına Dair Tebliğ (No: 2023/1),https://www.resmigazete.gov.tr/eskiler/2023/11/20231128-8.htm
2023-11-28,–– İthalatta Haksız Rekabetin Önlenmesine İlişkin Tebliğ (No: 2023/33),https://www.resmigazete.gov.tr/eskiler/2023/11/20231128-9.htm
2023-11-28,–– İthalatta Haksız Rekabetin Önlenmesine İlişkin Tebliğ (No: 2023/34),https://www.resmigazete.gov.tr/eskiler/2023/11/20231128-10.htm
2023-11-28,–– Portföy Yönetim Şirketleri ve Bu Şirketlerin Faaliyetlerine İlişkin Esaslar Tebliği (III-55.1)’nde Değişiklik Yapılmasına Dair Tebliğ (III-55.1.e),https://www.resmigazete.gov.tr/eskiler/2023/11/20231128-11.htm
2023-11-28,–– Bankacılık Düzenleme ve Denetleme Kurulunun 23/11/2023 Tarihli ve 10729 Sayılı Kararı,https://www.resmigazete.gov.tr/eskiler/2023/11/20231128-12.pdf
2023-11-28,–– Bankacılık Düzenleme ve Denetleme Kurulunun 23/11/2023 Tarihli ve 10730 Sayılı Kararı,https://www.resmigazete.gov.tr/eskiler/2023/11/20231128-13.pdf
2023-11-28,–– Anayasa Mahkemesinin 12/7/2023 Tarihli ve 2018/20423 Başvuru Numaralı Kararı,https://www.resmigazete.gov.tr/eskiler/2023/11/20231128-15.pdf
2023-11-28,–– Anayasa Mahkemesinin 6/9/2023 Tarihli ve 2019/13732 Başvuru Numaralı Kararı,https://www.resmigazete.gov.tr/eskiler/2023/11/20231128-16.pdf
2023-11-28,–– Anayasa Mahkemesinin 6/9/2023 Tarihli ve 2019/16530 Başvuru Numaralı Kararı,https://www.resmigazete.gov.tr/eskiler/2023/11/20231128-17.pdf
2023-11-28,–– Yargıtay 7. Hukuk Dairesine Ait Karar,https://www.resmigazete.gov.tr/eskiler/2023/11/20231128-14.pdf
2023-11-28,a - Yargı İlânları,http://www.resmigazete.gov.tr/main.aspx?home=http://www.resmigazete.gov.tr/ilanlar/eskiilanlar/2023/11/20231128.htm&main=http://www.resmigazete.gov.tr/ilanlar/eskiilanlar/2023/11/20231128-2.htm
2023-11-28,"b - Artırma, Eksiltme ve İhale İlânları",http://www.resmigazete.gov.tr/main.aspx?home=http://www.resmigazete.gov.tr/ilanlar/eskiilanlar/2023/11/20231128.htm&main=http://www.resmigazete.gov.tr/ilanlar/eskiilanlar/2023/11/20231128-3.htm
2023-11-28,c - Çeşitli İlânlar,http://www.resmigazete.gov.tr/main.aspx?home=http://www.resmigazete.gov.tr/ilanlar/eskiilanlar/2023/11/20231128.htm&main=http://www.resmigazete.gov.tr/ilanlar/eskiilanlar/2023/11/20231128-4.htm
2023-11-28,– T.C. Merkez Bankasınca Belirlenen Döviz Kurları ve Devlet İç Borçlanma Senetlerinin Günlük Değerleri,http://www.resmigazete.gov.tr/main.aspx?home=http://www.resmigazete.gov.tr/ilanlar/eskiilanlar/2023/11/20231128.htm&main=http://www.resmigazete.gov.tr/ilanlar/eskiilanlar/2023/11/20231128-5.htm
2023-11-29,7474 Aile ve Gençlik Fonu Kurulması Hakkında Kanun,https://www.resmigazete.gov.tr/eskiler/2023/11/20231129-11.htm
2023-11-29,7475 Türkiye Cumhuriyeti Hükümeti ile Cezayir Demokratik Halk Cumhuriyeti Hükümeti Arasında Sınıraşan Organize Suçlarla Mücadele Alanında İş Birliği Anlaşmasının Onaylanmasının Uygun Bulunduğuna Dair Kanun,https://www.resmigazete.gov.tr/eskiler/2023/11/20231129-12.htm
2023-11-29,7476 İslam İşbirliği Teşkilatı Çalışma Merkezi Tüzüğünün Onaylanmasının Uygun Bulunduğuna Dair Kanun,https://www.resmigazete.gov.tr/eskiler/2023/11/20231129-13.htm
2023-11-29,7477 Türkiye Cumhuriyeti Hükümeti ile Cezayir Demokratik Halk Cumhuriyeti Hükümeti Arasında Türkiye ve Cezayir’de Kültür Merkezleri Açılmasına ve Faaliyetine İlişkin Anlaşmanın Onaylanmasının Uygun Bulunduğuna Dair Kanun,https://www.resmigazete.gov.tr/eskiler/2023/11/20231129-14.htm
2023-11-29,7478 Türkiye Cumhuriyeti Hükümeti ve Maldivler Cumhuriyeti Hükümeti Arasında Hava Hizmetleri Anlaşmasının Onaylanmasının Uygun Bulunduğuna Dair Kanun,https://www.resmigazete.gov.tr/eskiler/2023/11/20231129-15.htm
2023-11-29,7479 Türkiye Cumhuriyeti Hükümeti ve Paraguay Cumhuriyeti Hükümeti Arasında Hava Ulaştırma Anlaşması ile Anlaşmada Değişiklik Yapılmasına Dair Notaların Onaylanmasının Uygun Bulunduğuna Dair Kanun,https://www.resmigazete.gov.tr/eskiler/2023/11/20231129-16.htm
2023-11-29,–– Cumhurbaşkanlığı Teşkilatı Hakkında Cumhurbaşkanlığı Kararnamesinde Değişiklik Yapılmasına Dair Cumhurbaşkanlığı Kararnamesi (Kararname Numarası: 157),https://www.resmigazete.gov.tr/eskiler/2023/11/20231129-17.pdf
2023-11-29,–– Elektronik Tebligat Yönetmeliğinde Değişiklik Yapılmasına Dair Yönetmelik,https://www.resmigazete.gov.tr/eskiler/2023/11/20231129-1.htm
2023-11-29,–– Nükleer Düzenleme Kurumu İnsan Kaynakları Yönetmeliği,https://www.resmigazete.gov.tr/eskiler/2023/11/20231129-2.htm
2023-11-29,–– Türkiye Elektrik Dağıtım Anonim Şirketi Genel Müdürlüğü Sözleşmeli Personel Sicil Amirleri Yönetmeliğinde Değişiklik Yapılmasına Dair Yönetmelik,https://www.resmigazete.gov.tr/eskiler/2023/11/20231129-3.htm
2023-11-29,"–– Atatürk Kültür, Dil ve Tarih Yüksek Kurumu ve Bünyesindeki Kurum Personelinin Görevde Yükselme ve Unvan Değişikliği Yönetmeliğinde Değişiklik Yapılmasına Dair Yönetmelik",https://www.resmigazete.gov.tr/eskiler/2023/11/20231129-4.htm
2023-11-29,"–– 2023-2024 Eğitim ve Öğretim Yılında Adıyaman, Hatay, Kahramanmaraş ve Malatya İlleri ile Gaziantep İlinin İslahiye ve Nurdağı İlçelerindeki Özel Okullarda Öğrenim Gören/Görecek Öğrenciler İçin Eğitim ve Öğretim Desteği Verilmesine İlişkin Tebliğ",https://www.resmigazete.gov.tr/eskiler/2023/11/20231129-5.htm
2023-11-29,–– Bazı Elektrikli Araçların İthaline İlişkin Tebliğ (İthalat: 2023/22),https://www.resmigazete.gov.tr/eskiler/2023/11/20231129-6.htm
2023-11-29,–– Malvarlığının Dondurulması Kararı (Karar Sayısı: 2023/5),https://www.resmigazete.gov.tr/eskiler/2023/11/20231129-7.pdf
2023-11-29,"–– Anayasa Mahkemesinin 13/9/2023 Tarihli ve E: 2022/81, K: 2023/153 Sayılı Kararı",https://www.resmigazete.gov.tr/eskiler/2023/11/20231129-18.pdf
2023-11-29,"–– Anayasa Mahkemesinin 26/10/2023 Tarihli ve E: 2023/71, K: 2023/182 Sayılı Kararı",https://www.resmigazete.gov.tr/eskiler/2023/11/20231129-19.pdf
2023-11-29,–– Anayasa Mahkemesinin 5/9/2023 Tarihli ve 2020/12623 Başvuru Numaralı Kararı,https://www.resmigazete.gov.tr/eskiler/2023/11/20231129-8.pdf
2023-11-29,–– Anayasa Mahkemesinin 5/9/2023 Tarihli ve 2020/13392 Başvuru Numaralı Kararı,https://www.resmigazete.gov.tr/eskiler/2023/11/20231129-9.pdf
2023-11-29,DÜZELTME: 24/11/2023 Tarihli ve 7869 Sayılı Cumhurbaşkanı Kararı ile İlgili,https://www.resmigazete.gov.tr/eskiler/2023/11/20231129-10.htm
2023-11-29,a - Yargı İlânları,http://www.resmigazete.gov.tr/main.aspx?home=http://www.resmigazete.gov.tr/ilanlar/eskiilanlar/2023/11/20231129.htm&main=http://www.resmigazete.gov.tr/ilanlar/eskiilanlar/2023/11/20231129-2.htm
2023-11-29,"b - Artırma, Eksiltme ve İhale İlânları",http://www.resmigazete.gov.tr/main.aspx?home=http://www.resmigazete.gov.tr/ilanlar/eskiilanlar/2023/11/20231129.htm&main=http://www.resmigazete.gov.tr/ilanlar/eskiilanlar/2023/11/20231129-3.htm
2023-11-29,c - Çeşitli İlânlar,http://www.resmigazete.gov.tr/main.aspx?home=http://www.resmigazete.gov.tr/ilanlar/eskiilanlar/2023/11/20231129.htm&main=http://www.resmigazete.gov.tr/ilanlar/eskiilanlar/2023/11/20231129-4.htm
2023-11-29,– T.C. Merkez Bankasınca Belirlenen Döviz Kurları ve Devlet İç Borçlanma Senetlerinin Günlük Değerleri,http://www.resmigazete.gov.tr/main.aspx?home=http://www.resmigazete.gov.tr/ilanlar/eskiilanlar/2023/11/20231129.htm&main=http://www.resmigazete.gov.tr/ilanlar/eskiilanlar/2023/11/20231129-5.htm
2023-11-30,"–– Cumhurbaşkanlığına, Cumhurbaşkanı Yardımcısı Cevdet YILMAZ’ın Vekâlet Etmesine Dair Tezkere",https://www.resmigazete.gov.tr/eskiler/2023/11/20231130-1.pdf
2023-11-30,–– İklim Değişikliği Başkanlığı Personeli Görevde Yükselme ve Unvan Değişikliği Yönetmeliği,https://www.resmigazete.gov.tr/eskiler/2023/11/20231130-2.htm
2023-11-30,–– Sağlık Bakanlığı Ek Ödeme Yönetmeliğinde Değişiklik Yapılmasına Dair Yönetmelik,https://www.resmigazete.gov.tr/eskiler/2023/11/20231130-3.htm
2023-11-30,–– Anayasa Mahkemesinin 17/5/2023 Tarihli ve 2020/22207 Başvuru Numaralı Kararı,https://www.resmigazete.gov.tr/eskiler/2023/11/20231130-4.pdf
2023-11-30,–– Anayasa Mahkemesinin 27/9/2023 Tarihli ve 2021/8967 Başvuru Numaralı Kararı,https://www.resmigazete.gov.tr/eskiler/2023/11/20231130-5.pdf
2023-11-30,a - Yargı İlânları,http://www.resmigazete.gov.tr/main.aspx?home=http://www.resmigazete.gov.tr/ilanlar/eskiilanlar/2023/11/20231130.htm&main=http://www.resmigazete.gov.tr/ilanlar/eskiilanlar/2023/11/20231130-2.htm
2023-11-30,"b - Artırma, Eksiltme ve İhale İlânları",http://www.resmigazete.gov.tr/main.aspx?home=http://www.resmigazete.gov.tr/ilanlar/eskiilanlar/2023/11/20231130.htm&main=http://www.resmigazete.gov.tr/ilanlar/eskiilanlar/2023/11/20231130-3.htm
2023-11-30,c - Çeşitli İlânlar,http://www.resmigazete.gov.tr/main.aspx?home=http://www.resmigazete.gov.tr/ilanlar/eskiilanlar/2023/11/20231130.htm&main=http://www.resmigazete.gov.tr/ilanlar/eskiilanlar/2023/11/20231130-4.htm
2023-11-30,– T.C. Merkez Bankasınca Belirlenen Döviz Kurları ve Devlet İç Borçlanma Senetlerinin Günlük Değerleri,http://www.resmigazete.gov.tr/main.aspx?home=http://www.resmigazete.gov.tr/ilanlar/eskiilanlar/2023/11/20231130.htm&main=http://www.resmigazete.gov.tr/ilanlar/eskiilanlar/2023/11/20231130-5.htm
2023-12-01,–– Türkiye Cumhuriyeti Hükümeti ile Sri Lanka Demokratik Sosyalist Cumhuriyeti Hükümeti Arasında Gelir Üzerinden Alınan Vergilerde Çifte Vergilendirmeyi Önleme ve Vergi Kaçakçılığı ile Vergiden Kaçınmaya Engel Olma Anlaşması ve Eki Protokolün Onaylanması Hakkında Karar (Karar Sayısı: 7893),https://www.resmigazete.gov.tr/eskiler/2023/12/20231201-13.pdf
2023-12-01,–– Türkiye Cumhuriyeti Hükümeti ile Sierra Leone Cumhuriyeti Hükümeti Arasında Gelir Üzerinden Alınan Vergilerde Çifte Vergilendirmeyi Önleme ve Vergi Kaçakçılığı ile Vergiden Kaçınmaya Engel Olma Anlaşmasının Onaylanması Hakkında Karar (Karar Sayısı: 7894),https://www.resmigazete.gov.tr/eskiler/2023/12/20231201-14.pdf
2023-12-01,–– Türkiye Cumhuriyeti Hükümeti ile Nijerya Federal Cumhuriyeti Hükümeti Arasında Gelir Üzerinden Alınan Vergilerde Çifte Vergilendirmeyi Önleme ve Vergi Kaçakçılığı ile Vergiden Kaçınmaya Engel Olma Anlaşmasının Onaylanması Hakkında Karar (Karar Sayısı: 7895),https://www.resmigazete.gov.tr/eskiler/2023/12/20231201-15.pdf
2023-12-01,–– Türkiye Cumhuriyeti Hükümeti ile Kamboçya Krallığı Hükümeti Arasında Gelir Üzerinden Alınan Vergilerde Çifte Vergilendirmeyi Önleme ve Vergi Kaçakçılığına Engel Olma Anlaşmasının İlişik Notalarla Birlikte Onaylanması Hakkında Karar (Karar Sayısı: 7896),https://www.resmigazete.gov.tr/eskiler/2023/12/20231201-16.pdf
2023-12-01,–– Türkiye Cumhuriyeti Hükümeti ile Senegal Cumhuriyeti Hükümeti Arasında Gelir Üzerinden Alınan Vergilerde Çifte Vergilendirmeyi Önleme ve Vergi Kaçakçılığına Engel Olma Anlaşması ve Eki Protokol ile Anlaşmada Değişiklik Yapılmasına Dair Notaların Onaylanması Hakkında Karar (Karar Sayısı: 7897),https://www.resmigazete.gov.tr/eskiler/2023/12/20231201-17.pdf
2023-12-01,–– Bazı Anlaşmaların Yürürlüğe Girdiği Tarihlerin Tespit Edilmesi Hakkında Karar (Karar Sayısı: 7898),https://www.resmigazete.gov.tr/eskiler/2023/12/20231201-18.pdf
2023-12-01,–– Tarım İşletmeleri Genel Müdürlüğünün Bağlı Ortaklığı Olan Türk Sudan Uluslararası Tarım ve Hayvancılık Anonim Şirketinin Tasfiyesi Hakkındaki Ekli Kararın Yürürlüğe Konulması Hakkında Karar (Karar Sayısı: 7899),https://www.resmigazete.gov.tr/eskiler/2023/12/20231201-19.pdf
2023-12-01,"–– Cumhurbaşkanlığı Tarafından Yapılan Atamalar Hakkında Kararlar (Karar: 2023/527, 528, 529, 530, 531, 532, 533, 534, 535, 536)",https://www.resmigazete.gov.tr/eskiler/2023/12/20231201-20.pdf
2023-12-01,–– Özellik Arz Eden Binaların Tasarım Gözetimi ve Kontrolü Hizmetlerine Dair Yönetmelikte Değişiklik Yapılmasına Dair Yönetmelik,https://www.resmigazete.gov.tr/eskiler/2023/12/20231201-1.htm
2023-12-01,–– Millî Eğitim Bakanlığı Okul-Aile Birliği Yönetmeliğinde Değişiklik Yapılmasına Dair Yönetmelik,https://www.resmigazete.gov.tr/eskiler/2023/12/20231201-2.htm
2023-12-01,–– Bakımdan Sorumlu Kuruluş (ECM) Sertifikasyon Yönetmeliği,https://www.resmigazete.gov.tr/eskiler/2023/12/20231201-3.htm
2023-12-01,–– Türk Lirası Mevduat ve Katılma Hesaplarına Dönüşümün Desteklenmesi Hakkında Tebliğ (Sayı: 2021/14)’de Değişiklik Yapılmasına Dair Tebliğ (Sayı: 2023/34),https://www.resmigazete.gov.tr/eskiler/2023/12/20231201-21.htm
2023-12-01,–– Altın Hesaplarından Türk Lirası Mevduat ve Katılma Hesaplarına Dönüşümün Desteklenmesi Hakkında Tebliğ (Sayı: 2021/16)’de Değişiklik Yapılmasına Dair Tebliğ (Sayı: 2023/35),https://www.resmigazete.gov.tr/eskiler/2023/12/20231201-22.htm
2023-12-01,–– Yurt Dışında Yerleşik Vatandaşlar Mevduat ve Katılım Sistemi (YUVAM) Hesapları Hakkında Tebliğ (Sayı: 2022/7)’de Değişiklik Yapılmasına Dair Tebliğ (Sayı: 2023/36),https://www.resmigazete.gov.tr/eskiler/2023/12/20231201-23.htm
2023-12-01,–– Altın Cinsinden Fiziki Varlıkların Finansal Sisteme Kazandırılması Hakkında Tebliğ (Sayı: 2022/11)’de Değişiklik Yapılmasına Dair Tebliğ (Sayı: 2023/37),https://www.resmigazete.gov.tr/eskiler/2023/12/20231201-24.htm
2023-12-01,–– Reeskont ve Avans İşlemlerinde Uygulanacak Faiz Oranlarının Tespiti,https://www.resmigazete.gov.tr/eskiler/2023/12/20231201-10.pdf
2023-12-01,"–– Anayasa Mahkemesinin 11/10/2023 Tarihli ve E: 2018/120, K: 2023/171 Sayılı Kararı",https://www.resmigazete.gov.tr/eskiler/2023/12/20231201-11.pdf
2023-12-01,–– Anayasa Mahkemesinin 27/9/2023 Tarihli ve 2021/29184 Başvuru Numaralı Kararı,https://www.resmigazete.gov.tr/eskiler/2023/12/20231201-12.pdf
2023-12-01,–– Yüksek Seçim Kurulunun 27/11/2023 Tarihli ve 2023/1531 Sayılı Kararı ve Eki 31 Mart 2024 Pazar Günü Yapılacak Olan Mahalli İdareler Genel Seçimlerinde Uygulanacak Seçim Takvimi,https://www.resmigazete.gov.tr/eskiler/2023/12/20231201-4.pdf
2023-12-01,–– Yüksek Seçim Kurulunun 27/11/2023 Tarihli ve 2023/1532 Sayılı Kararı,https://www.resmigazete.gov.tr/eskiler/2023/12/20231201-5.pdf
2023-12-01,"a - Artırma, Eksiltme ve İhale İlânları",http://www.resmigazete.gov.tr/main.aspx?home=http://www.resmigazete.gov.tr/ilanlar/eskiilanlar/2023/12/20231201.htm&main=http://www.resmigazete.gov.tr/ilanlar/eskiilanlar/2023/12/20231201-3.htm
2023-12-01,b - Çeşitli İlânlar,http://www.resmigazete.gov.tr/main.aspx?home=http://www.resmigazete.gov.tr/ilanlar/eskiilanlar/2023/12/20231201.htm&main=http://www.resmigazete.gov.tr/ilanlar/eskiilanlar/2023/12/20231201-4.htm
2023-12-01,– T.C. Merkez Bankasınca Belirlenen Döviz Kurları ve Devlet İç Borçlanma Senetlerinin Günlük Değerleri,http://www.resmigazete.gov.tr/main.aspx?home=http://www.resmigazete.gov.tr/ilanlar/eskiilanlar/2023/12/20231201.htm&main=http://www.resmigazete.gov.tr/ilanlar/eskiilanlar/2023/12/20231201-5.htm
2023-12-02,–– Merkezi Finans ve İhale Birimi Personel Yönetmeliğinde Değişiklik Yapılmasına Dair Yönetmelik,https://www.resmigazete.gov.tr/eskiler/2023/12/20231202-1.htm
2023-12-02,–– Gümrük Uzlaşma Yönetmeliğinde Değişiklik Yapılmasına Dair Yönetmelik,https://www.resmigazete.gov.tr/eskiler/2023/12/20231202-2.htm
2023-12-02,–– Doğal Gaz Piyasası Lisans Yönetmeliğinde Değişiklik Yapılmasına Dair Yönetmelik,https://www.resmigazete.gov.tr/eskiler/2023/12/20231202-3.htm
2023-12-02,–– Çiftlik Muhasebe Veri Ağı Sistemine Dâhil Olan Tarımsal İşletmelere Katılım Primi Desteği Ödemesi Yapılmasına Dair Tebliğ (No: 2023/42),https://www.resmigazete.gov.tr/eskiler/2023/12/20231202-4.htm
2023-12-02,–– Su Ürünleri Yetiştiriciliği Desteklemesine Dair Tebliğ (No: 2023/43),https://www.resmigazete.gov.tr/eskiler/2023/12/20231202-5.htm
2023-12-02,–– Su Ürünleri Yetiştiriciliği Kapsamında Alabalık Kuluçkahanelerinde Damızlık Alabalık Desteğine İlişkin Tebliğ (No: 2023/44),https://www.resmigazete.gov.tr/eskiler/2023/12/20231202-6.htm
2023-12-02,–– Gümrük Genel Tebliği (Gümrük İşlemleri) (Seri No: 104)’nde Değişiklik Yapılmasına Dair Tebliğ (Gümrük İşlemleri) (Seri No: 201),https://www.resmigazete.gov.tr/eskiler/2023/12/20231202-7.htm
2023-12-02,–– Fındık Lisanslı Depo Tebliğinde Değişiklik Yapılmasına Dair Tebliğ,https://www.resmigazete.gov.tr/eskiler/2023/12/20231202-8.htm
2023-12-02,"–– Hububat, Baklagiller ve Yağlı Tohumlar Lisanslı Depo Tebliğinde Değişiklik Yapılmasına Dair Tebliğ",https://www.resmigazete.gov.tr/eskiler/2023/12/20231202-9.htm
2023-12-02,–– Kuru Kayısı Lisanslı Depo Tebliğinde Değişiklik Yapılmasına Dair Tebliğ,https://www.resmigazete.gov.tr/eskiler/2023/12/20231202-10.htm
2023-12-02,–– Süt Ürünleri Lisanslı Depo Tebliğinde Değişiklik Yapılmasına Dair Tebliğ,https://www.resmigazete.gov.tr/eskiler/2023/12/20231202-11.htm
2023-12-02,a - Yargı İlânları,http://www.resmigazete.gov.tr/main.aspx?home=http://www.resmigazete.gov.tr/ilanlar/eskiilanlar/2023/12/20231202.htm&main=http://www.resmigazete.gov.tr/ilanlar/eskiilanlar/2023/12/20231202-2.htm
2023-12-02,"b - Artırma, Eksiltme ve İhale İlânları",http://www.resmigazete.gov.tr/main.aspx?home=http://www.resmigazete.gov.tr/ilanlar/eskiilanlar/2023/12/20231202.htm&main=http://www.resmigazete.gov.tr/ilanlar/eskiilanlar/2023/12/20231202-3.htm
2023-12-02,c - Çeşitli İlânlar,http://www.resmigazete.gov.tr/main.aspx?home=http://www.resmigazete.gov.tr/ilanlar/eskiilanlar/2023/12/20231202.htm&main=http://www.resmigazete.gov.tr/ilanlar/eskiilanlar/2023/12/20231202-4.htm
2023-12-02,– T.C. Merkez Bankasınca Belirlenen Döviz Kurları ve Devlet İç Borçlanma Senetlerinin Günlük Değerleri,http://www.resmigazete.gov.tr/main.aspx?home=http://www.resmigazete.gov.tr/ilanlar/eskiilanlar/2023/12/20231202.htm&main=http://www.resmigazete.gov.tr/ilanlar/eskiilanlar/2023/12/20231202-5.htm
2023-12-03,–– Patates Halka Çürüklüğü Etmeninin Eradikasyonu ve Yayılmasının Önlenmesi İçin Alınacak Tedbirler Hakkında Yönetmelik,https://www.resmigazete.gov.tr/eskiler/2023/12/20231203-1.htm
2023-12-03,–– Patates Kist Nematodları ile Mücadele Hakkında Yönetmelik,https://www.resmigazete.gov.tr/eskiler/2023/12/20231203-2.htm
2023-12-03,–– Patates Siğil Hastalığı Etmeninin Eradikasyonu ve Yayılmasının Önlenmesi İçin Alınacak Tedbirler Hakkında Yönetmelik,https://www.resmigazete.gov.tr/eskiler/2023/12/20231203-3.htm
2023-12-03,–– Patates ve Domateste Bakteriyel Solgunluk ve Patateste Kahverengi Çürüklük Etmeninin Eradikasyonu ve Yayılmasının Önlenmesi İçin Alınacak Tedbirler Hakkında Yönetmelik,https://www.resmigazete.gov.tr/eskiler/2023/12/20231203-4.htm
2023-12-03,–– Dokuz Eylül Üniversitesi Akademik Acil Tıp ve Afet Eğitim Uygulama ve Araştırma Merkezi Yönetmeliği,https://www.resmigazete.gov.tr/eskiler/2023/12/20231203-5.htm
2023-12-03,–– Dokuz Eylül Üniversitesi Kalp Ritim Bozuklukları Uygulama ve Araştırma Merkezi Yönetmeliği,https://www.resmigazete.gov.tr/eskiler/2023/12/20231203-6.htm
2023-12-03,a - Yargı İlânları,http://www.resmigazete.gov.tr/main.aspx?home=http://www.resmigazete.gov.tr/ilanlar/eskiilanlar/2023/12/20231203.htm&main=http://www.resmigazete.gov.tr/ilanlar/eskiilanlar/2023/12/20231203-2.htm
2023-12-03,"b - Artırma, Eksiltme ve İhale İlânları",http://www.resmigazete.gov.tr/main.aspx?home=http://www.resmigazete.gov.tr/ilanlar/eskiilanlar/2023/12/20231203.htm&main=http://www.resmigazete.gov.tr/ilanlar/eskiilanlar/2023/12/20231203-3.htm
2023-12-03,c - Çeşitli İlânlar,http://www.resmigazete.gov.tr/main.aspx?home=http://www.resmigazete.gov.tr/ilanlar/eskiilanlar/2023/12/20231203.htm&main=http://www.resmigazete.gov.tr/ilanlar/eskiilanlar/2023/12/20231203-4.htm
2023-12-03,– T.C. Merkez Bankasınca Belirlenen Devlet İç Borçlanma Senetlerinin Günlük Değerleri,http://www.resmigazete.gov.tr/main.aspx?home=http://www.resmigazete.gov.tr/ilanlar/eskiilanlar/2023/12/20231203.htm&main=http://www.resmigazete.gov.tr/ilanlar/eskiilanlar/2023/12/20231203-5.htm
2023-12-04,"–– Cumhurbaşkanlığına, Cumhurbaşkanı Yardımcısı Cevdet YILMAZ’ın Vekâlet Etmesine Dair Tezkere",https://www.resmigazete.gov.tr/eskiler/2023/12/20231204-1.pdf
2023-12-04,–– İstanbul Arel Üniversitesi Sağlık Eğitim Uygulama ve Araştırma Merkezi Yönetmeliği,https://www.resmigazete.gov.tr/eskiler/2023/12/20231204-2.htm
2023-12-04,–– İstanbul Teknik Üniversitesi Lisans Eğitim ve Öğretim Yönetmeliğinde Değişiklik Yapılmasına Dair Yönetmelik,https://www.resmigazete.gov.tr/eskiler/2023/12/20231204-3.htm
2023-12-04,–– İstanbul Teknik Üniversitesi Siber Güvenlik Meslek Yüksekokulu Ön Lisans Eğitim ve Öğretim Yönetmeliği,https://www.resmigazete.gov.tr/eskiler/2023/12/20231204-4.htm
2023-12-04,–– Orta Doğu Teknik Üniversitesi Yabancı Diller Yüksekokulu Temel İngilizce Birimi Yönetmeliği,https://www.resmigazete.gov.tr/eskiler/2023/12/20231204-5.htm
2023-12-04,"a - Artırma, Eksiltme ve İhale İlânları",http://www.resmigazete.gov.tr/main.aspx?home=http://www.resmigazete.gov.tr/ilanlar/eskiilanlar/2023/12/20231204.htm&main=http://www.resmigazete.gov.tr/ilanlar/eskiilanlar/2023/12/20231204-3.htm
2023-12-04,- Çeşitli İlânlar,http://www.resmigazete.gov.tr/main.aspx?home=http://www.resmigazete.gov.tr/ilanlar/eskiilanlar/2023/12/20231204.htm&main=http://www.resmigazete.gov.tr/ilanlar/eskiilanlar/2023/12/20231204-4.htm
2023-12-04,– T.C. Merkez Bankasınca Belirlenen Devlet İç Borçlanma Senetlerinin Günlük Değerleri,http://www.resmigazete.gov.tr/main.aspx?home=http://www.resmigazete.gov.tr/ilanlar/eskiilanlar/2023/12/20231204.htm&main=http://www.resmigazete.gov.tr/ilanlar/eskiilanlar/2023/12/20231204-5.htm
2023-12-05,"1398 Hudut, Şümul, Miktar ve Zamanı Cumhurbaşkanınca Takdir ve Tayin Olunacak Şekilde, Türk Silahlı Kuvvetlerinin Gerektiği Takdirde Türkiye Sınırları Dışında Harekât ve Müdahalede Bulunmak Üzere Yabancı Ülkelere Gönderilmesi, Bu Kuvvetlerin Cumhurbaşkanının Belirleyeceği Esaslara Göre Kullanılması ile Risk ve Tehditlerin Giderilmesi İçin Her Türlü Tedbirin Alınması ve Bunlara İmkân Sağlayacak Düzenlemelerin Cumhurbaşkanı Tarafından Belirlenecek Esaslara Göre Yapılması İçin Anayasa’nın 92’nci Maddesi Uyarınca 2 Ocak 2020 Tarihli ve 1238 Sayılı Türkiye Büyük Millet Meclisi Kararıyla Verilen ve Son Olarak 21 Haziran 2022 Tarihli ve 1320 Sayılı Türkiye Büyük Millet Meclisi Kararıyla Uzatılan İznin Süresinin 2 Ocak 2024 Tarihinden İtibaren Yirmi Dört Ay Uzatılmasına Dair Karar",https://www.resmigazete.gov.tr/eskiler/2023/12/20231205-1.pdf
2023-12-05,"–– Ordu Hizmet Hayvanlarına Muharebe Şartlarında ve Veteriner Hekim Personel Yokluğunda, Veteriner Hekim Olmayan Personelin Yapmaya Yetkili Oldukları İlk Yardım Müdahaleleri Hakkında Yönetmelik",https://www.resmigazete.gov.tr/eskiler/2023/12/20231205-2.htm
2023-12-05,–– Bankacılık Düzenleme ve Denetleme Kurulunun 23/11/2023 Tarihli ve 10731 Sayılı Kararı,https://www.resmigazete.gov.tr/eskiler/2023/12/20231205-3.pdf
2023-12-05,"–– Anayasa Mahkemesinin 28/9/2023 Tarihli ve E: 2018/128, K: 2023/159 Sayılı Kararı",https://www.resmigazete.gov.tr/eskiler/2023/12/20231205-4.pdf
2023-12-05,"–– Anayasa Mahkemesinin 8/11/2023 Tarihli ve E: 2023/93, K: 2023/191 Sayılı Kararı",https://www.resmigazete.gov.tr/eskiler/2023/12/20231205-5.pdf
2023-12-05,–– Anayasa Mahkemesinin 6/9/2023 Tarihli ve 2020/600 Başvuru Numaralı Kararı,https://www.resmigazete.gov.tr/eskiler/2023/12/20231205-6.pdf
2023-12-05,–– Anayasa Mahkemesinin 6/9/2023 Tarihli ve 2020/20482 Başvuru Numaralı Kararı,https://www.resmigazete.gov.tr/eskiler/2023/12/20231205-7.pdf
2023-12-05,"a - Artırma, Eksiltme ve İhale İlânları",http://www.resmigazete.gov.tr/main.aspx?home=http://www.resmigazete.gov.tr/ilanlar/eskiilanlar/2023/12/20231205.htm&main=http://www.resmigazete.gov.tr/ilanlar/eskiilanlar/2023/12/20231205-3.htm
2023-12-05,b - Çeşitli İlânlar,http://www.resmigazete.gov.tr/main.aspx?home=http://www.resmigazete.gov.tr/ilanlar/eskiilanlar/2023/12/20231205.htm&main=http://www.resmigazete.gov.tr/ilanlar/eskiilanlar/2023/12/20231205-4.htm
2023-12-05,– T.C. Merkez Bankasınca Belirlenen Döviz Kurları ve Devlet İç Borçlanma Senetlerinin Günlük Değerleri,http://www.resmigazete.gov.tr/main.aspx?home=http://www.resmigazete.gov.tr/ilanlar/eskiilanlar/2023/12/20231205.htm&main=http://www.resmigazete.gov.tr/ilanlar/eskiilanlar/2023/12/20231205-5.htm
2023-12-06,–– Dokuz Eylül Üniversitesi Bilişim Teknolojileri Araştırma ve Uygulama Merkezi Yönetmeliği,https://www.resmigazete.gov.tr/eskiler/2023/12/20231206-1.htm
2023-12-06,–– Süleyman Demirel Üniversitesi Diş Hekimliği Uygulama ve Araştırma Merkezi Yönetmeliği,https://www.resmigazete.gov.tr/eskiler/2023/12/20231206-2.htm
2023-12-06,–– Devlet Destekli Ticari Alacak Sigortası Sisteminin Tarife ve Talimatları ile Çalışma Usul ve Esaslarına Dair Tebliğde Değişiklik Yapılmasına Dair Tebliğ,https://www.resmigazete.gov.tr/eskiler/2023/12/20231206-3.htm
2023-12-06,"–– Anayasa Mahkemesinin 28/9/2023 Tarihli ve E: 2022/3 (Siyasi Parti-İhtar), K: 2023/1 Sayılı Kararı",https://www.resmigazete.gov.tr/eskiler/2023/12/20231206-4.pdf
2023-12-06,a - Yargı İlânları,http://www.resmigazete.gov.tr/main.aspx?home=http://www.resmigazete.gov.tr/ilanlar/eskiilanlar/2023/12/20231206.htm&main=http://www.resmigazete.gov.tr/ilanlar/eskiilanlar/2023/12/20231206-2.htm
2023-12-06,"b - Artırma, Eksiltme ve İhale İlânları",http://www.resmigazete.gov.tr/main.aspx?home=http://www.resmigazete.gov.tr/ilanlar/eskiilanlar/2023/12/20231206.htm&main=http://www.resmigazete.gov.tr/ilanlar/eskiilanlar/2023/12/20231206-3.htm
2023-12-06,c - Çeşitli İlânlar,http://www.resmigazete.gov.tr/main.aspx?home=http://www.resmigazete.gov.tr/ilanlar/eskiilanlar/2023/12/20231206.htm&main=http://www.resmigazete.gov.tr/ilanlar/eskiilanlar/2023/12/20231206-4.htm
2023-12-06,– T.C. Merkez Bankasınca Belirlenen Döviz Kurları ve Devlet İç Borçlanma Senetlerinin Günlük Değerleri,http://www.resmigazete.gov.tr/main.aspx?home=http://www.resmigazete.gov.tr/ilanlar/eskiilanlar/2023/12/20231206.htm&main=http://www.resmigazete.gov.tr/ilanlar/eskiilanlar/2023/12/20231206-5.htm
2023-12-07,–– Kamuda ve Belediyelerde Yenilenebilir Enerji Projesine İlişkin Olarak Türkiye Cumhuriyeti ile Uluslararası İmar ve Kalkınma Bankası Arasında İmzalanan Hibe Anlaşması,https://www.resmigazete.gov.tr/eskiler/2023/12/20231207-1.pdf
2023-12-07,–– Ankara ve Kırıkkale İllerinde Yapılacak Olan Savunma Sistemleri Üretim Tesisi Yatırımına Proje Bazlı Devlet Yardımı Verilmesine İlişkin Ekli Kararın Yürürlüğe Konulması Hakkında Karar (Karar Sayısı: 7911),https://www.resmigazete.gov.tr/eskiler/2023/12/20231207-11.pdf
2023-12-07,"–– Denizli İlinde Yapılacak Olan Çinko, Kurşun ve Kobalt Külçe Üretim Tesisi Yatırımına Proje Bazlı Devlet Yardımı Verilmesine İlişkin Ekli Kararın Yürürlüğe Konulması Hakkında Karar (Karar Sayısı: 7912)",https://www.resmigazete.gov.tr/eskiler/2023/12/20231207-12.pdf
2023-12-07,–– Adana İlinde Yapılacak Olan Saf Tereftalik Asit (PTA) ve Polimer/Cips Üretim Tesisi Yatırımına Proje Bazlı Devlet Yardımı Verilmesine İlişkin 24/11/2020 Tarihli ve 3200 Sayılı Cumhurbaşkanı Kararının Eki Kararda Değişiklik Yapılmasına Dair Ekli Kararın Yürürlüğe Konulması Hakkında Karar (Karar Sayısı: 7913),https://www.resmigazete.gov.tr/eskiler/2023/12/20231207-13.pdf
2023-12-07,"–– Kırıkkale İlinde Yapılacak Olan Saf Kurutulmuş Vakum Tuzu (PDV), Sodyum Hidroksit, Sodyum Hipoklorit, Hidroklorik Asit ve Ferrik Klorür Üretim Tesisi Yatırımına Proje Bazlı Devlet Yardımı Verilmesine İlişkin Ekli Kararın Yürürlüğe Konulması Hakkında Karar (Karar Sayısı: 7914)",https://www.resmigazete.gov.tr/eskiler/2023/12/20231207-14.pdf
2023-12-07,"–– Zonguldak İli, Kilimli İlçesinde Bulunan Bazı Alanın Eren Holding Anonim Şirketi Zonguldak Özel Endüstri Bölgesi Olarak İlan Edilmesi Hakkında Karar (Karar Sayısı: 7915)",https://www.resmigazete.gov.tr/eskiler/2023/12/20231207-15.pdf
2023-12-07,"–– Kırıkkale İli, Delice İlçesinde Bulunan Bazı Alanın Safir Tuz Gıda Maden Pazarlama Nakliyat İnşaat İthalat İhracat Sanayi ve Ticaret Anonim Şirketi Kırıkkale Özel Endüstri Bölgesi Olarak İlan Edilmesi Hakkında Karar (Karar Sayısı: 7916)",https://www.resmigazete.gov.tr/eskiler/2023/12/20231207-16.pdf
2023-12-07,"–– Cumhurbaşkanlığına, Cumhurbaşkanı Yardımcısı Cevdet YILMAZ’ın Vekâlet Etmesine Dair Tezkere",https://www.resmigazete.gov.tr/eskiler/2023/12/20231207-2.pdf
2023-12-07,–– İkinci El Motorlu Kara Taşıtlarının Ticareti Hakkında Yönetmelikte Değişiklik Yapılmasına Dair Yönetmelik,https://www.resmigazete.gov.tr/eskiler/2023/12/20231207-3.htm
2023-12-07,"–– Türkiye Esnaf ve Sanatkarları Konfederasyonu Alım, Satım ve İhale Yönetmeliğinin Yürürlükten Kaldırılmasına Dair Yönetmelik",https://www.resmigazete.gov.tr/eskiler/2023/12/20231207-4.htm
2023-12-07,"–– Türkiye Esnaf ve Sanatkarları Konfederasyonu ile Federasyonları, Birlikleri, Odaları Denetim Kurulları Kuruluş ve Çalışma Esasları Hakkında Yönetmeliğin Yürürlükten Kaldırılmasına Dair Yönetmelik",https://www.resmigazete.gov.tr/eskiler/2023/12/20231207-5.htm
2023-12-07,–– Türkiye Esnaf ve Sanatkarları Konfederasyonu Personel Yönetmeliğinin Yürürlükten Kaldırılmasına Dair Yönetmelik,https://www.resmigazete.gov.tr/eskiler/2023/12/20231207-6.htm
2023-12-07,–– Türkiye Esnaf ve Sanatkarları Konfederasyonu Yüksek İstişare Kurulu Yönetmeliğinin Yürürlükten Kaldırılmasına Dair Yönetmelik,https://www.resmigazete.gov.tr/eskiler/2023/12/20231207-7.htm
2023-12-07,–– Çanakkale Onsekiz Mart Üniversitesi Türkçe ve Yabancı Dil Öğretimi Uygulama ve Araştırma Merkezi Yönetmeliğinde Değişiklik Yapılmasına Dair Yönetmelik,https://www.resmigazete.gov.tr/eskiler/2023/12/20231207-8.htm
2023-12-07,–– Anayasa Mahkemesinin 17/5/2023 Tarihli ve 2019/42746 Başvuru Numaralı Kararı,https://www.resmigazete.gov.tr/eskiler/2023/12/20231207-9.pdf
2023-12-07,–– Anayasa Mahkemesinin 14/6/2023 Tarihli ve 2020/23730 Başvuru Numaralı Kararı,https://www.resmigazete.gov.tr/eskiler/2023/12/20231207-10.pdf
2023-12-07,a - Yargı İlânları,http://www.resmigazete.gov.tr/main.aspx?home=http://www.resmigazete.gov.tr/ilanlar/eskiilanlar/2023/12/20231207.htm&main=http://www.resmigazete.gov.tr/ilanlar/eskiilanlar/2023/12/20231207-2.htm
2023-12-07,"b - Artırma, Eksiltme ve İhale İlânları",http://www.resmigazete.gov.tr/main.aspx?home=http://www.resmigazete.gov.tr/ilanlar/eskiilanlar/2023/12/20231207.htm&main=http://www.resmigazete.gov.tr/ilanlar/eskiilanlar/2023/12/20231207-3.htm
2023-12-07,c - Çeşitli İlânlar,http://www.resmigazete.gov.tr/main.aspx?home=http://www.resmigazete.gov.tr/ilanlar/eskiilanlar/2023/12/20231207.htm&main=http://www.resmigazete.gov.tr/ilanlar/eskiilanlar/2023/12/20231207-4.htm
2023-12-07,– T.C. Merkez Bankasınca Belirlenen Döviz Kurları ve Devlet İç Borçlanma Senetlerinin Günlük Değerleri,http://www.resmigazete.gov.tr/main.aspx?home=http://www.resmigazete.gov.tr/ilanlar/eskiilanlar/2023/12/20231207.htm&main=http://www.resmigazete.gov.tr/ilanlar/eskiilanlar/2023/12/20231207-5.htm
2023-12-08,–– Kentsel Atıksu Arıtımı Yönetmeliğinde Değişiklik Yapılmasına Dair Yönetmelik,https://www.resmigazete.gov.tr/eskiler/2023/12/20231208-1.htm
2023-12-08,–– Resmî İlan ve Reklam Yönetmeliğinde Değişiklik Yapılmasına Dair Yönetmelik,https://www.resmigazete.gov.tr/eskiler/2023/12/20231208-2.htm
2023-12-08,–– Namık Kemal Üniversitesi Dış İlişkiler Uygulama ve Araştırma Merkezi Yönetmeliğinde Değişiklik Yapılmasına Dair Yönetmelik,https://www.resmigazete.gov.tr/eskiler/2023/12/20231208-3.htm
2023-12-08,–– Selçuk Üniversitesi Döner Sermaye İşletmesi Yönetmeliğinde Değişiklik Yapılmasına Dair Yönetmelik,https://www.resmigazete.gov.tr/eskiler/2023/12/20231208-4.htm
2023-12-08,"–– Anayasa Mahkemesinin 26/10/2023 Tarihli ve E: 2023/132, K: 2023/183 Sayılı Kararı",https://www.resmigazete.gov.tr/eskiler/2023/12/20231208-5.pdf
2023-12-08,"–– Anayasa Mahkemesinin 8/11/2023 Tarihli ve E: 2023/97, K: 2023/192 Sayılı Kararı",https://www.resmigazete.gov.tr/eskiler/2023/12/20231208-6.pdf
2023-12-08,"- Artırma, Eksiltme ve İhale İlânları",http://www.resmigazete.gov.tr/main.aspx?home=http://www.resmigazete.gov.tr/ilanlar/eskiilanlar/2023/12/20231208.htm&main=http://www.resmigazete.gov.tr/ilanlar/eskiilanlar/2023/12/20231208-3.htm
2023-12-08,- Çeşitli İlânlar,http://www.resmigazete.gov.tr/main.aspx?home=http://www.resmigazete.gov.tr/ilanlar/eskiilanlar/2023/12/20231208.htm&main=http://www.resmigazete.gov.tr/ilanlar/eskiilanlar/2023/12/20231208-4.htm
2023-12-08,– T.C. Merkez Bankasınca Belirlenen Döviz Kurları ve Devlet İç Borçlanma Senetlerinin Günlük Değerleri,http://www.resmigazete.gov.tr/main.aspx?home=http://www.resmigazete.gov.tr/ilanlar/eskiilanlar/2023/12/20231208.htm&main=http://www.resmigazete.gov.tr/ilanlar/eskiilanlar/2023/12/20231208-5.htm
2023-12-09,–– Boğaziçi Üniversitesi Lisansüstü Eğitim ve Öğretim Yönetmeliğinde Değişiklik Yapılmasına Dair Yönetmelik,https://www.resmigazete.gov.tr/eskiler/2023/12/20231209-1.htm
2023-12-09,–– Erciyes Üniversitesi Kariyer Yönlendirme ve Bilgilendirme Merkezi (KAYBİMER) Yönetmeliği,https://www.resmigazete.gov.tr/eskiler/2023/12/20231209-2.htm
2023-12-09,a - Yargı İlânları,http://www.resmigazete.gov.tr/main.aspx?home=http://www.resmigazete.gov.tr/ilanlar/eskiilanlar/2023/12/20231209.htm&main=http://www.resmigazete.gov.tr/ilanlar/eskiilanlar/2023/12/20231209-2.htm
2023-12-09,"b - Artırma, Eksiltme ve İhale İlânları",http://www.resmigazete.gov.tr/main.aspx?home=http://www.resmigazete.gov.tr/ilanlar/eskiilanlar/2023/12/20231209.htm&main=http://www.resmigazete.gov.tr/ilanlar/eskiilanlar/2023/12/20231209-3.htm
2023-12-09,c - Çeşitli İlânlar,http://www.resmigazete.gov.tr/main.aspx?home=http://www.resmigazete.gov.tr/ilanlar/eskiilanlar/2023/12/20231209.htm&main=http://www.resmigazete.gov.tr/ilanlar/eskiilanlar/2023/12/20231209-4.htm
2023-12-09,– T.C. Merkez Bankasınca Belirlenen Döviz Kurları ve Devlet İç Borçlanma Senetlerinin Günlük Değerleri,http://www.resmigazete.gov.tr/main.aspx?home=http://www.resmigazete.gov.tr/ilanlar/eskiilanlar/2023/12/20231209.htm&main=http://www.resmigazete.gov.tr/ilanlar/eskiilanlar/2023/12/20231209-5.htm
2023-12-10,–– Kayseri Üniversitesi Ön Lisans ve Lisans Eğitim-Öğretim ve Sınav Yönetmeliği,https://www.resmigazete.gov.tr/eskiler/2023/12/20231210-1.htm
2023-12-10,–– Ulusal Meslek Standartlarına Dair Tebliğ (Tebliğ No: 2015/6)’de Değişiklik Yapılmasına Dair Tebliğ (No: 2023/26),https://www.resmigazete.gov.tr/eskiler/2023/12/20231210-2.htm
2023-12-10,"- Artırma, Eksiltme ve İhale İlânları",http://www.resmigazete.gov.tr/main.aspx?home=http://www.resmigazete.gov.tr/ilanlar/eskiilanlar/2023/12/20231210.htm&main=http://www.resmigazete.gov.tr/ilanlar/eskiilanlar/2023/12/20231210-3.htm
2023-12-10,- Çeşitli İlânlar,http://www.resmigazete.gov.tr/main.aspx?home=http://www.resmigazete.gov.tr/ilanlar/eskiilanlar/2023/12/20231210.htm&main=http://www.resmigazete.gov.tr/ilanlar/eskiilanlar/2023/12/20231210-4.htm
2023-12-10,– T.C. Merkez Bankasınca Belirlenen Devlet İç Borçlanma Senetlerinin Günlük Değerleri,http://www.resmigazete.gov.tr/main.aspx?home=http://www.resmigazete.gov.tr/ilanlar/eskiilanlar/2023/12/20231210.htm&main=http://www.resmigazete.gov.tr/ilanlar/eskiilanlar/2023/12/20231210-5.htm
2023-12-11,–– Dokuz Eylül Üniversitesi Ege Bölgesi Uygulama ve Araştırma Merkezi Yönetmeliği,https://www.resmigazete.gov.tr/eskiler/2023/12/20231211-1.htm
2023-12-11,–– Dokuz Eylül Üniversitesi Fauna ve Flora Araştırma ve Uygulama Merkezi Yönetmeliği,https://www.resmigazete.gov.tr/eskiler/2023/12/20231211-2.htm
2023-12-11,"–– Dokuz Eylül Üniversitesi İzmir İli Stratejik Planlama, Yönetişim, Araştırma ve Uygulama Merkezi Yönetmeliği",https://www.resmigazete.gov.tr/eskiler/2023/12/20231211-3.htm
2023-12-11,–– Dokuz Eylül Üniversitesi Mevlâna Uygulama ve Araştırma Merkezi (DEÜMAM) Yönetmeliği,https://www.resmigazete.gov.tr/eskiler/2023/12/20231211-4.htm
2023-12-11,–– Dokuz Eylül Üniversitesi Stratejik Araştırmalar Uygulama ve Araştırma Merkezi Yönetmeliği,https://www.resmigazete.gov.tr/eskiler/2023/12/20231211-5.htm
2023-12-11,–– İstanbul Atlas Üniversitesi Ön Lisans ve Lisans Eğitim-Öğretim ve Sınav Yönetmeliğinde Değişiklik Yapılmasına Dair Yönetmelik,https://www.resmigazete.gov.tr/eskiler/2023/12/20231211-6.htm
2023-12-11,–– Kadir Has Üniversitesi Lisans Eğitim ve Öğretim Yönetmeliğinde Değişiklik Yapılmasına Dair Yönetmelik,https://www.resmigazete.gov.tr/eskiler/2023/12/20231211-7.htm
2023-12-11,a - Yargı İlânları,http://www.resmigazete.gov.tr/main.aspx?home=http://www.resmigazete.gov.tr/ilanlar/eskiilanlar/2023/12/20231211.htm&main=http://www.resmigazete.gov.tr/ilanlar/eskiilanlar/2023/12/20231211-2.htm
2023-12-11,"b - Artırma, Eksiltme ve İhale İlânları",http://www.resmigazete.gov.tr/main.aspx?home=http://www.resmigazete.gov.tr/ilanlar/eskiilanlar/2023/12/20231211.htm&main=http://www.resmigazete.gov.tr/ilanlar/eskiilanlar/2023/12/20231211-3.htm
2023-12-11,c - Çeşitli İlânlar,http://www.resmigazete.gov.tr/main.aspx?home=http://www.resmigazete.gov.tr/ilanlar/eskiilanlar/2023/12/20231211.htm&main=http://www.resmigazete.gov.tr/ilanlar/eskiilanlar/2023/12/20231211-4.htm
2023-12-11,– T.C. Merkez Bankasınca Belirlenen Devlet İç Borçlanma Senetlerinin Günlük Değerleri,http://www.resmigazete.gov.tr/main.aspx?home=http://www.resmigazete.gov.tr/ilanlar/eskiilanlar/2023/12/20231211.htm&main=http://www.resmigazete.gov.tr/ilanlar/eskiilanlar/2023/12/20231211-5.htm
2023-12-12,7481 Türkiye Cumhuriyeti Hükümeti ve Gine Cumhuriyeti Hükümeti Arasında Hava Ulaştırma Anlaşmasının Onaylanmasının Uygun Bulunduğuna Dair Kanun,https://www.resmigazete.gov.tr/eskiler/2023/12/20231212-1.htm
2023-12-12,7482 Türkiye Cumhuriyeti Hükümeti ve Kongo Cumhuriyeti Hükümeti Arasında Hava Ulaştırma Anlaşmasının Onaylanmasının Uygun Bulunduğuna Dair Kanun,https://www.resmigazete.gov.tr/eskiler/2023/12/20231212-2.htm
2023-12-12,7483 Türkiye Cumhuriyeti Hükümeti ve Palau Cumhuriyeti Hükümeti Arasında Hava Hizmetleri Anlaşmasının Onaylanmasının Uygun Bulunduğuna Dair Kanun,https://www.resmigazete.gov.tr/eskiler/2023/12/20231212-3.htm
2023-12-12,7484 Türkiye Cumhuriyeti Hükümeti ve Lesotho Krallığı Hükümeti Arasında Hava Ulaştırma Anlaşmasının Onaylanmasının Uygun Bulunduğuna Dair Kanun,https://www.resmigazete.gov.tr/eskiler/2023/12/20231212-4.htm
2023-12-12,7485 30 Eylül 1957 Tarihli Tehlikeli Malların Karayolu ile Uluslararası Taşımacılığına İlişkin Avrupa Anlaşmasının (ADR) Başlığında Değişiklik Yapılmasına Dair Protokolün Onaylanmasının Uygun Bulunduğuna Dair Kanun,https://www.resmigazete.gov.tr/eskiler/2023/12/20231212-5.htm
2023-12-12,7486 Türkiye Cumhuriyeti Hükümeti ve Burkina Faso Hükümeti Arasında Havacılık Hizmetleri Anlaşmasının Onaylanmasının Uygun Bulunduğuna Dair Kanun,https://www.resmigazete.gov.tr/eskiler/2023/12/20231212-6.htm
2023-12-12,7487 Türkiye Cumhuriyeti Hükümeti ve Namibya Cumhuriyeti Hükümeti Arasında Hava Ulaştırma Anlaşmasının Onaylanmasının Uygun Bulunduğuna Dair Kanun,https://www.resmigazete.gov.tr/eskiler/2023/12/20231212-7.htm
2023-12-12,7488 Türkiye Cumhuriyeti Hükümeti ile Arnavutluk Cumhuriyeti Bakanlar Kurulu Arasında Sürücü Belgelerinin Karşılıklı Olarak Tanınması ve Değiştirilmesine İlişkin Anlaşma ve Anlaşmada Değişiklik Yapılmasına Dair Notaların Onaylanmasının Uygun Bulunduğuna Dair Kanun,https://www.resmigazete.gov.tr/eskiler/2023/12/20231212-8.htm
2023-12-12,–– Karbon Piyasası Geliştirme Projesine İlişkin Olarak Türkiye Cumhuriyeti ile Uluslararası İmar ve Kalkınma Bankası Arasında İmzalanan Hibe Anlaşması,https://www.resmigazete.gov.tr/eskiler/2023/12/20231212-9.pdf
2023-12-12,–– 2023-2024 Eğitim-Öğretim Yılında Yükseköğretim Kurumlarında Cari Hizmet Maliyetlerine Öğrenci Katkısı Olarak Alınacak Katkı Payları ve Öğrenim Ücretlerinin Tespitine Dair Kararda Değişiklik Yapılması Hakkında Karar (Karar Sayısı: 7917),https://www.resmigazete.gov.tr/eskiler/2023/12/20231212-10.pdf
2023-12-12,"–– 6/2/2023 Tarihinde Kahramanmaraş İlinde Meydana Gelen Depremler Nedeniyle Adıyaman, Hatay, Kahramanmaraş ve Malatya İlleri ile Gaziantep İlinin İslahiye ve Nurdağı İlçelerinde Devam Eden Mücbir Sebebe İstinaden, 7256 Sayılı Bazı Alacakların Yeniden Yapılandırılması ile Bazı Kanunlarda Değişiklik Yapılması Hakkında Kanun ve 7326 Sayılı Bazı Alacakların Yeniden Yapılandırılması ile Bazı Kanunlarda Değişiklik Yapılmasına İlişkin Kanunda Yer Alan Taksit Ödeme Sürelerinin Yeniden Belirlenmesine Dair Karar (Karar Sayısı: 7918)",https://www.resmigazete.gov.tr/eskiler/2023/12/20231212-11.pdf
2023-12-12,–– Sürekli Görevle Yurt Dışında Bulunan Memurlara Ödenecek Aylıklara İlişkin Kararda Değişiklik Yapılmasına Dair Karar (Karar Sayısı: 7919),https://www.resmigazete.gov.tr/eskiler/2023/12/20231212-12.pdf
2023-12-12,"–– Sivas İli, Merkez İlçe, Yenişehir Mahallesi Sınırları İçerisinde Bazı Taşınmazların, Yeni Belediye Hizmet Binası ve Sosyal Tesislerinin Yapımı Amacıyla Sivas Belediye Başkanlığı Tarafından Acele Kamulaştırılması Hakkında Karar (Karar Sayısı: 7920)",https://www.resmigazete.gov.tr/eskiler/2023/12/20231212-13.pdf
2023-12-12,"–– Uygar RES Elektrik Üretim Tesisinin Yapımı Amacıyla İzmir ve Manisa İllerinde Bulunan Bazı Taşınmazların, Enerji Piyasası Düzenleme Kurumu Tarafından Acele Kamulaştırılması Hakkında Karar (Karar Sayısı: 7921)",https://www.resmigazete.gov.tr/eskiler/2023/12/20231212-14.pdf
2023-12-12,–– Güneysu Ayrım-Ortaköy İl Yolu km: 0+560.00-1+513.07 Arasına Rastlayan Kesimde Araziye Girilerek Yol Yapım Çalışmalarının Tamamlanabilmesi Amacıyla Bazı Taşınmazlar ile Üzerlerindeki Müştemilatın Karayolları Genel Müdürlüğü Tarafından Acele Kamulaştırılması Hakkında Karar (Karar Sayısı: 7922),https://www.resmigazete.gov.tr/eskiler/2023/12/20231212-15.pdf
2023-12-12,–– 154 kV Barhal Havza TM İrtibatları Enerji İletim Hattı Projesi Kapsamında Bazı Taşınmazların Türkiye Elektrik İletim Anonim Şirketi Genel Müdürlüğü Tarafından Acele Kamulaştırılması Hakkında Karar (Karar Sayısı: 7923),https://www.resmigazete.gov.tr/eskiler/2023/12/20231212-16.pdf
2023-12-12,"–– Alayunt-Afyon-Konya Hat Kesiminde Elektrifikasyon ve Sinyalizasyon Tesisleri, Gar Tevsiatı, Yol Uzatmaları, Saydingler, Muhtelif Yerlerde Hemzemin Geçitler Yerine Alt-Üst Geçitler Yapılması ve Muhtelif Altyapı-Üstyapı Yapım İşi Kapsamında Afyonkarahisar, Konya ve Kütahya İlleri Sınırları İçerisinde Yer Alan Bazı Taşınmazlar ile Üzerlerindeki Muhdesatın Türkiye Cumhuriyeti Devlet Demiryolları İşletmesi Genel Müdürlüğü Tarafından Acele Kamulaştırılması Hakkında Karar (Karar Sayısı: 7924)",https://www.resmigazete.gov.tr/eskiler/2023/12/20231212-17.pdf
2023-12-12,–– Kayseri Kocasinan Tarıma Dayalı İhtisas (Jeotermal Kaynaklı Sera) Organize Sanayi Bölgesinin Genel Yerleşim ve Üst Yapı Modül Projeleri ile İmar ve Parselasyon Planlarının Onaylanarak Alt Yapı İnşaatlarına Başlanabilmesi ve Bölgenin Kuruluşu ile İlgili İş ve İşlemlerin Bir An Önce Tamamlanarak Faaliyete Geçirilebilmesi Amacıyla Bazı Taşınmazların Kayseri Yatırım İzleme ve Koordinasyon Başkanlığı Tarafından Acele Kamulaştırılması Hakkında Karar (Karar Sayısı: 7925),https://www.resmigazete.gov.tr/eskiler/2023/12/20231212-18.pdf
2023-12-12,–– İstanbul İlinde Yapılacak Olan İnsansız Hava Araçları ve Akıllı Sistemler Üretim Tesisi Yatırımına Proje Bazlı Devlet Yardımı Verilmesine İlişkin 4/9/2019 Tarihli ve 1504 Sayılı Cumhurbaşkanı Kararında Değişiklik Yapılmasına Dair Karar (Karar Sayısı: 7926),https://www.resmigazete.gov.tr/eskiler/2023/12/20231212-19.pdf
2023-12-12,"–– Kamu Kurum ve Kuruluşlarının Yurtdışı Teşkilatını Oluşturan Birimlerin Nitelik, Kurulduğu Şehir ve Ülke, Görev Alanı, Akredite Edildiği Ülkeler ve Bağlı Bulunduğu Misyonlar Hakkındaki 13/4/1999 Tarihli ve 99/12770 Sayılı Bakanlar Kurulu Kararında Değişiklik Yapılmasına İlişkin Karar (Karar Sayısı: 7927)",https://www.resmigazete.gov.tr/eskiler/2023/12/20231212-20.pdf
2023-12-12,"–– Çankırı İli, Yapraklı İlçesi, Balıbıdık Köyünün Aynı İlin Merkez İlçesine Bağlanması Hakkında Karar (Karar Sayısı: 7928)",https://www.resmigazete.gov.tr/eskiler/2023/12/20231212-21.pdf
2023-12-12,"–– Çorum İli, Laçin İlçesi, Gökgözler Köyü, Karaköy Bağlısının Aynı İlin Merkez İlçe, Çalyayla Köyüne Bağlanması Hakkında Karar (Karar Sayısı: 7929)",https://www.resmigazete.gov.tr/eskiler/2023/12/20231212-22.pdf
2023-12-12,"–– Samsun İli, Çarşamba İlçesi, Taşdemir Mahallesi, Elekçi Küme Evlerinin Aynı İlin Tekkeköy İlçesi, Kababürük Mahallesine Bağlanması Hakkında Karar (Karar Sayısı: 7930)",https://www.resmigazete.gov.tr/eskiler/2023/12/20231212-23.pdf
2023-12-12,"–– Samsun İli, Kavak İlçesi, Karacalar Mahallesi, Mezere Sokağının Aynı İlin Atakum İlçesi, Ayvalı Mahallesine Bağlanması Hakkında Karar (Karar Sayısı: 7931)",https://www.resmigazete.gov.tr/eskiler/2023/12/20231212-24.pdf
2023-12-12,"–– Sinop İli, Gerze İlçesi, Altınyayla Köyünün Aynı İlin Merkez İlçesine Bağlanması Hakkında Karar (Karar Sayısı: 7932)",https://www.resmigazete.gov.tr/eskiler/2023/12/20231212-25.pdf
2023-12-12,"–– Sinop İli, Gerze İlçesi, Tepealtı Köyünün Aynı İlin Merkez İlçesine Bağlanması Hakkında Karar (Karar Sayısı: 7933)",https://www.resmigazete.gov.tr/eskiler/2023/12/20231212-26.pdf
2023-12-12,"–– Sinop İli, Gerze İlçesi, Türkmen Köyünün Aynı İlin Merkez İlçesine Bağlanması Hakkında Karar (Karar Sayısı: 7934)",https://www.resmigazete.gov.tr/eskiler/2023/12/20231212-27.pdf
2023-12-12,"–– Şanlıurfa İli, Bozova İlçesi, Kevik Mahallesi Sınırında Bulunan 553 Parsel Numaralı Taşınmazın Aynı İlin Karaköprü İlçesi, Kırkpınar Mahallesine Katılması ile Karaköprü İlçesi, Kırkpınar Mahallesi Sınırında Bulunan 187 Parsel Numaralı Taşınmazın Bozova İlçesi, Kevik Mahallesine Katılması Hakkında Karar (Karar Sayısı: 7935)",https://www.resmigazete.gov.tr/eskiler/2023/12/20231212-28.pdf
2023-12-12,"–– Şanlıurfa İli, Ceylanpınar İlçesi, Büyükyıldız Mahallesi Sınırları İçerisinde Bulunan Bazı Parsellerin Harran İlçesi, Ceylangözü Mahallesine, Bazı Parsellerin Harran İlçesi, Küçükyıldız Mahallesi, Sultanlar Sokağına Bağlanması Hakkında Karar (Karar Sayısı: 7936)",https://www.resmigazete.gov.tr/eskiler/2023/12/20231212-29.pdf
2023-12-12,–– Kamu Kurum ve Kuruluşlarına İşçi Alınmasında Uygulanacak Usul ve Esaslar Hakkında Yönetmelikte Değişiklik Yapılmasına Dair Yönetmelik (Karar Sayısı: 7937),https://www.resmigazete.gov.tr/eskiler/2023/12/20231212-30.pdf
2023-12-12,–– Türk Vatandaşlığı Kanununun Uygulanmasına İlişkin Yönetmelikte Değişiklik Yapılmasına Dair Yönetmelik (Karar Sayısı: 7938),https://www.resmigazete.gov.tr/eskiler/2023/12/20231212-31.pdf
2023-12-12,–– Ereğli Kömür Havzası Amelebirliği Biriktirme ve Yardımlaşma Sandığı Yönetmeliğinde Değişiklik Yapılmasına Dair Yönetmelik (Karar Sayısı: 7939),https://www.resmigazete.gov.tr/eskiler/2023/12/20231212-32.pdf
2023-12-12,"–– Türkiye Elektrik Dağıtım Anonim Şirketi Genel Müdürlüğü Ekonomik Ömrünü Doldurmuş, İhtiyaç Fazlası ve Hurda Malzeme Değerlendirme ve Satış Yönetmeliği",https://www.resmigazete.gov.tr/eskiler/2023/12/20231212-33.htm
2023-12-12,–– Ağrı İbrahim Çeçen Üniversitesi Ön Lisans ve Lisans Eğitim-Öğretim ve Sınav Yönetmeliğinde Değişiklik Yapılmasına Dair Yönetmelik,https://www.resmigazete.gov.tr/eskiler/2023/12/20231212-34.htm
2023-12-12,–– Yurt Dışında Bulunan veya Yabancı Bayrak Çeken Teknelerin Türk Bayrağına Geçişine İlişkin Tebliğ (Tebliğ No: 2017/3)’de Değişiklik Yapılmasına Dair Tebliğ,https://www.resmigazete.gov.tr/eskiler/2023/12/20231212-35.htm
2023-12-12,–– Bankacılık Düzenleme ve Denetleme Kurulunun 30/11/2023 Tarihli ve 10737 Sayılı Kararı,https://www.resmigazete.gov.tr/eskiler/2023/12/20231212-36.pdf
2023-12-12,"–– Anayasa Mahkemesinin 28/9/2023 Tarihli ve E: 2022/139, K: 2023/158 Sayılı Kararı",https://www.resmigazete.gov.tr/eskiler/2023/12/20231212-37.pdf
2023-12-12,"–– Anayasa Mahkemesinin 8/11/2023 Tarihli ve E: 2023/77, K: 2023/190 Sayılı Kararı",https://www.resmigazete.gov.tr/eskiler/2023/12/20231212-38.pdf
2023-12-12,–– Anayasa Mahkemesinin 20/7/2023 Tarihli ve 2019/18088 Başvuru Numaralı Kararı,https://www.resmigazete.gov.tr/eskiler/2023/12/20231212-39.pdf
2023-12-12,–– Anayasa Mahkemesinin 20/7/2023 Tarihli ve 2020/5610 Başvuru Numaralı Kararı,https://www.resmigazete.gov.tr/eskiler/2023/12/20231212-40.pdf
2023-12-12,a - Yargı İlânları,http://www.resmigazete.gov.tr/main.aspx?home=http://www.resmigazete.gov.tr/ilanlar/eskiilanlar/2023/12/20231212.htm&main=http://www.resmigazete.gov.tr/ilanlar/eskiilanlar/2023/12/20231212-2.htm
2023-12-12,"b - Artırma, Eksiltme ve İhale İlânları",http://www.resmigazete.gov.tr/main.aspx?home=http://www.resmigazete.gov.tr/ilanlar/eskiilanlar/2023/12/20231212.htm&main=http://www.resmigazete.gov.tr/ilanlar/eskiilanlar/2023/12/20231212-3.htm
2023-12-12,c - Çeşitli İlânlar,http://www.resmigazete.gov.tr/main.aspx?home=http://www.resmigazete.gov.tr/ilanlar/eskiilanlar/2023/12/20231212.htm&main=http://www.resmigazete.gov.tr/ilanlar/eskiilanlar/2023/12/20231212-4.htm
2023-12-12,– T.C. Merkez Bankasınca Belirlenen Döviz Kurları ve Devlet İç Borçlanma Senetlerinin Günlük Değerleri,http://www.resmigazete.gov.tr/main.aspx?home=http://www.resmigazete.gov.tr/ilanlar/eskiilanlar/2023/12/20231212.htm&main=http://www.resmigazete.gov.tr/ilanlar/eskiilanlar/2023/12/20231212-5.htm
2023-12-13,7480 Türkiye Cumhuriyeti Hükümeti ve Ekvator Ginesi Cumhuriyeti Hükümeti Arasında Hava Ulaştırma Anlaşmasının Onaylanmasının Uygun Bulunduğuna Dair Kanun,https://www.resmigazete.gov.tr/eskiler/2023/12/20231213-1.htm
2023-12-13,–– Türk Yatırım Fonu Kuruluş Anlaşmasının Onaylanması Hakkında Karar (Karar Sayısı: 7948),https://www.resmigazete.gov.tr/eskiler/2023/12/20231213-2.pdf
2023-12-13,–– Türkiye Cumhuriyeti ile Kongo Demokratik Cumhuriyeti Arasında Gelir Üzerinden Alınan Vergilerde Çifte Vergilendirmeyi Önleme ve Vergi Kaçakçılığı ile Vergiden Kaçınmaya Engel Olma Anlaşmasının Onaylanması Hakkında Karar (Karar Sayısı: 7949),https://www.resmigazete.gov.tr/eskiler/2023/12/20231213-3.pdf
2023-12-13,–– Türkiye Cumhuriyeti Hükümeti ve Suudi Arabistan Krallığı Hükümeti Arasında Enerji Alanında Mutabakat Zaptının Onaylanması Hakkında Karar (Karar Sayısı: 7950),https://www.resmigazete.gov.tr/eskiler/2023/12/20231213-4.pdf
2023-12-13,"–– Antalya, Balıkesir, İstanbul, İzmir, Kütahya, Manisa, Muğla, Mersin, Sivas, Trabzon ve Yozgat İllerinde Bulunan Bazı Alanların Orman Sınırları Dışına Çıkartılması Hakkında Karar (Karar Sayısı: 7951)",https://www.resmigazete.gov.tr/eskiler/2023/12/20231213-5.pdf
2023-12-13,–– Polietilen Tereftalat Cips İthalatında Korunma Önlemi Uygulanmasına İlişkin Karar (Karar Sayısı: 7952),https://www.resmigazete.gov.tr/eskiler/2023/12/20231213-6.pdf
2023-12-13,–– İkinci El Motorlu Kara Taşıtlarının Ticareti Hakkında Yönetmelikte Değişiklik Yapılmasına Dair Yönetmelik,https://www.resmigazete.gov.tr/eskiler/2023/12/20231213-7.htm
2023-12-13,–– Bazı Alacakların Yeniden Yapılandırılmasına Dair 7440 Sayılı Kanun Genel Tebliği (Seri No: 5),https://www.resmigazete.gov.tr/eskiler/2023/12/20231213-8.htm
2023-12-13,–– Gümrük Genel Tebliği (Uluslararası Anlaşmalar) (Seri No: 10)’nde Değişiklik Yapılmasına Dair Tebliğ (Uluslararası Anlaşmalar) (Seri No: 11),https://www.resmigazete.gov.tr/eskiler/2023/12/20231213-9.htm
2023-12-13,–– Gümrük Genel Tebliği (Gümrük İşlemleri) (Seri No: 202),https://www.resmigazete.gov.tr/eskiler/2023/12/20231213-10.htm
2023-12-13,–– İthalatta Korunma Önlemlerine İlişkin Tebliğ (No: 2023/7),https://www.resmigazete.gov.tr/eskiler/2023/12/20231213-11.htm
2023-12-13,"–– Anayasa Mahkemesinin 11/10/2023 Tarihli ve E: 2021/14, K: 2023/173 Sayılı Kararı",https://www.resmigazete.gov.tr/eskiler/2023/12/20231213-12.pdf
2023-12-13,"–– Anayasa Mahkemesinin 11/10/2023 Tarihli ve E: 2023/60, K: 2023/176 Sayılı Kararı",https://www.resmigazete.gov.tr/eskiler/2023/12/20231213-13.pdf
2023-12-13,a - Yargı İlânları,http://www.resmigazete.gov.tr/main.aspx?home=http://www.resmigazete.gov.tr/ilanlar/eskiilanlar/2023/12/20231213.htm&main=http://www.resmigazete.gov.tr/ilanlar/eskiilanlar/2023/12/20231213-2.htm
2023-12-13,"b - Artırma, Eksiltme ve İhale İlânları",http://www.resmigazete.gov.tr/main.aspx?home=http://www.resmigazete.gov.tr/ilanlar/eskiilanlar/2023/12/20231213.htm&main=http://www.resmigazete.gov.tr/ilanlar/eskiilanlar/2023/12/20231213-3.htm
2023-12-13,c - Çeşitli İlânlar,http://www.resmigazete.gov.tr/main.aspx?home=http://www.resmigazete.gov.tr/ilanlar/eskiilanlar/2023/12/20231213.htm&main=http://www.resmigazete.gov.tr/ilanlar/eskiilanlar/2023/12/20231213-4.htm
2023-12-13,– T.C. Merkez Bankasınca Belirlenen Döviz Kurları ve Devlet İç Borçlanma Senetlerinin Günlük Değerleri,http://www.resmigazete.gov.tr/main.aspx?home=http://www.resmigazete.gov.tr/ilanlar/eskiilanlar/2023/12/20231213.htm&main=http://www.resmigazete.gov.tr/ilanlar/eskiilanlar/2023/12/20231213-5.htm
2023-12-14,–– Türk Gıda Kodeksi Gıda Katkı Maddelerinin Spesifikasyonları Hakkında Yönetmelikte Değişiklik Yapılmasına Dair Yönetmelik,https://www.resmigazete.gov.tr/eskiler/2023/12/20231214-1.pdf
2023-12-14,–– Perakende Ticarette Uygulanacak İlke ve Kurallar Hakkında Yönetmelikte Değişiklik Yapılmasına Dair Yönetmelik,https://www.resmigazete.gov.tr/eskiler/2023/12/20231214-2.htm
2023-12-14,–– Karayolları Motorlu Araçlar Zorunlu Mali Sorumluluk Sigortasında Tarife Uygulama Esasları Hakkında Yönetmelikte Değişiklik Yapılmasına Dair Yönetmelik,https://www.resmigazete.gov.tr/eskiler/2023/12/20231214-3.htm
2023-12-14,–– Esnaf ve Sanatkârlar Odaları Birliği Disiplin Kurulu Yönetmeliği,https://www.resmigazete.gov.tr/eskiler/2023/12/20231214-4.htm
2023-12-14,–– KTO-Karatay Üniversitesi Ana Yönetmeliğinde Değişiklik Yapılmasına Dair Yönetmelik,https://www.resmigazete.gov.tr/eskiler/2023/12/20231214-5.htm
2023-12-14,–– Tasarruf Mevduatı Sigorta Fonu Fon Kurulunun 07/12/2023 Tarihli ve 2023/473 Sayılı Kararı,https://www.resmigazete.gov.tr/eskiler/2023/12/20231214-6.pdf
2023-12-14,–– Anayasa Mahkemesinin 14/9/2023 Tarihli ve 2019/19597 Başvuru Numaralı Kararı,https://www.resmigazete.gov.tr/eskiler/2023/12/20231214-7.pdf
2023-12-14,–– Anayasa Mahkemesinin 12/10/2023 Tarihli ve 2019/17103 Başvuru Numaralı Kararı,https://www.resmigazete.gov.tr/eskiler/2023/12/20231214-8.pdf
2023-12-14,–– Anayasa Mahkemesinin 25/10/2023 Tarihli ve 2019/38643 Başvuru Numaralı Kararı,https://www.resmigazete.gov.tr/eskiler/2023/12/20231214-9.pdf
2023-12-14,–– Anayasa Mahkemesinin 25/10/2023 Tarihli ve 2020/3519 Başvuru Numaralı Kararı,https://www.resmigazete.gov.tr/eskiler/2023/12/20231214-10.pdf
2023-12-14,–– Yüksek Seçim Kurulunun 13/12/2023 Tarihli ve 2023/1542 Sayılı Kararı,https://www.resmigazete.gov.tr/eskiler/2023/12/20231214-11.pdf
2023-12-14,"a - Artırma, Eksiltme ve İhale İlânları",http://www.resmigazete.gov.tr/main.aspx?home=http://www.resmigazete.gov.tr/ilanlar/eskiilanlar/2023/12/20231214.htm&main=http://www.resmigazete.gov.tr/ilanlar/eskiilanlar/2023/12/20231214-3.htm
2023-12-14,b - Çeşitli İlânlar,http://www.resmigazete.gov.tr/main.aspx?home=http://www.resmigazete.gov.tr/ilanlar/eskiilanlar/2023/12/20231214.htm&main=http://www.resmigazete.gov.tr/ilanlar/eskiilanlar/2023/12/20231214-4.htm
2023-12-14,– T.C. Merkez Bankasınca Belirlenen Döviz Kurları ve Devlet İç Borçlanma Senetlerinin Günlük Değerleri,http://www.resmigazete.gov.tr/main.aspx?home=http://www.resmigazete.gov.tr/ilanlar/eskiilanlar/2023/12/20231214.htm&main=http://www.resmigazete.gov.tr/ilanlar/eskiilanlar/2023/12/20231214-5.htm
2023-12-15,–– Ulaştırma ve Altyapı Bakanlığı Rehberlik ve Teftiş Başkanlığı Yönetmeliği,https://www.resmigazete.gov.tr/eskiler/2023/12/20231215-1.htm
2023-12-15,–– Boğaziçi Üniversitesi Lisans Eğitim-Öğretim Yönetmeliğinde Değişiklik Yapılmasına Dair Yönetmelik,https://www.resmigazete.gov.tr/eskiler/2023/12/20231215-2.htm
2023-12-15,–– Dumlupınar Üniversitesi Ekonometrik Uygulama ve Araştırma Merkezi Yönetmeliğinin Yürürlükten Kaldırılmasına Dair Yönetmelik,https://www.resmigazete.gov.tr/eskiler/2023/12/20231215-3.htm
2023-12-15,–– Anayasa Mahkemesinin 12/10/2023 Tarihli ve 2016/14517 Başvuru Numaralı Kararı,https://www.resmigazete.gov.tr/eskiler/2023/12/20231215-4.pdf
2023-12-15,–– Anayasa Mahkemesinin 12/10/2023 Tarihli ve 2016/14518 Başvuru Numaralı Kararı,https://www.resmigazete.gov.tr/eskiler/2023/12/20231215-5.pdf
2023-12-15,–– Anayasa Mahkemesinin 12/10/2023 Tarihli ve 2020/7518 Başvuru Numaralı Kararı,https://www.resmigazete.gov.tr/eskiler/2023/12/20231215-6.pdf
2023-12-15,–– Yargıtay 11. Hukuk Dairesine Ait Karar,https://www.resmigazete.gov.tr/eskiler/2023/12/20231215-7.pdf
2023-12-15,a - Yargı İlânları,http://www.resmigazete.gov.tr/main.aspx?home=http://www.resmigazete.gov.tr/ilanlar/eskiilanlar/2023/12/20231215.htm&main=http://www.resmigazete.gov.tr/ilanlar/eskiilanlar/2023/12/20231215-2.htm
2023-12-15,"b - Artırma, Eksiltme ve İhale İlânları",http://www.resmigazete.gov.tr/main.aspx?home=http://www.resmigazete.gov.tr/ilanlar/eskiilanlar/2023/12/20231215.htm&main=http://www.resmigazete.gov.tr/ilanlar/eskiilanlar/2023/12/20231215-3.htm
2023-12-15,c - Çeşitli İlânlar,http://www.resmigazete.gov.tr/main.aspx?home=http://www.resmigazete.gov.tr/ilanlar/eskiilanlar/2023/12/20231215.htm&main=http://www.resmigazete.gov.tr/ilanlar/eskiilanlar/2023/12/20231215-4.htm
2023-12-15,– T.C. Merkez Bankasınca Belirlenen Döviz Kurları ve Devlet İç Borçlanma Senetlerinin Günlük Değerleri,http://www.resmigazete.gov.tr/main.aspx?home=http://www.resmigazete.gov.tr/ilanlar/eskiilanlar/2023/12/20231215.htm&main=http://www.resmigazete.gov.tr/ilanlar/eskiilanlar/2023/12/20231215-5.htm
2023-12-16,"–– 5746 Sayılı Araştırma, Geliştirme ve Tasarım Faaliyetlerinin Desteklenmesi Hakkında Kanunun 3 üncü Maddesinin On Dördüncü Fıkrası ile 4691 Sayılı Teknoloji Geliştirme Bölgeleri Kanununun Ek 3 üncü Maddesinde Yer Alan Tutar ve Oranların Yeniden Belirlenmesi Hakkında Karar (Karar Sayısı: 7953)",https://www.resmigazete.gov.tr/eskiler/2023/12/20231216-1.pdf
2023-12-16,–– Beşeri Tıbbi Ürünlerin Fiyatlandırılmasına Dair Kararda Değişiklik Yapılması Hakkında Karar (Karar Sayısı: 7954),https://www.resmigazete.gov.tr/eskiler/2023/12/20231216-2.pdf
2023-12-16,"–– Ticari İthalat Maksadı Dışında Yurt Dışından Getirilecek Televizyon, Radyo, Video ve Birleşik Cihazlar ile Görsel ve/veya İşitsel Yayınları Alabilen Diğer Cihazlardan 2024 Yılında Alınacak Maktu Ücretlerin, 23/12/2019 Tarihli ve 1841 Sayılı Cumhurbaşkanı Kararında Yer Aldığı Şekilde Tespit Edilmesi Hakkında Karar (Karar Sayısı: 7955)",https://www.resmigazete.gov.tr/eskiler/2023/12/20231216-3.pdf
2023-12-16,–– Bazı Belirtilen Fakültelerin Kurulması ile Belirtilen Fakültenin Kapatılması ve Belirtilen Fakültelerin Adlarının Değiştirilmesi Hakkında Karar (Karar Sayısı: 7956),https://www.resmigazete.gov.tr/eskiler/2023/12/20231216-4.pdf
2023-12-16,"–– Cumhurbaşkanlığı Tarafından Yapılan Atamalar Hakkında Kararlar (2023/541, 542, 543, 544, 545, 546)",https://www.resmigazete.gov.tr/eskiler/2023/12/20231216-5.pdf
2023-12-16,–– Isı Sayaçları Muayene Yönetmeliğinde Değişiklik Yapılmasına Dair Yönetmelik,https://www.resmigazete.gov.tr/eskiler/2023/12/20231216-6.htm
2023-12-16,–– Su Dışındaki Sıvılar İçin Ölçme Sistemleri ile Bazı Ölçü ve Tartı Aletlerinin Muayene Yönetmeliğinde Değişiklik Yapılmasına Dair Yönetmelik,https://www.resmigazete.gov.tr/eskiler/2023/12/20231216-7.htm
2023-12-16,–– Etil Alkol ve Metanolün Üretimi ile İç ve Dış Ticaretine İlişkin Usul ve Esaslar Hakkında Yönetmelikte Değişiklik Yapılmasına Dair Yönetmelik,https://www.resmigazete.gov.tr/eskiler/2023/12/20231216-8.htm
2023-12-16,–– Kartellerin Ortaya Çıkarılması Amacıyla Aktif İşbirliği Yapılmasına Dair Yönetmelik,https://www.resmigazete.gov.tr/eskiler/2023/12/20231216-9.htm
2023-12-16,–– Muhasebat Genel Müdürlüğü Genel Tebliği (Sıra No: 85) (Genel Yönetim Kapsamındaki Kamu İdarelerinde Enflasyon Düzeltmesi Uygulaması),https://www.resmigazete.gov.tr/eskiler/2023/12/20231216-10.htm
2023-12-16,–– Turizm Tesislerinin Niteliklerine İlişkin Yönetmeliğin Uygulanmasına Dair Tebliğ (Tebliğ No: 2019/1)’de Değişiklik Yapılmasına Dair Tebliğ,https://www.resmigazete.gov.tr/eskiler/2023/12/20231216-11.htm
2023-12-16,–– Enerji Piyasası Düzenleme Kurulunun 14/12/2023 Tarihli ve 12249 Sayılı Kararı,https://www.resmigazete.gov.tr/eskiler/2023/12/20231216-12.pdf
2023-12-16,–– Enerji Piyasası Düzenleme Kurulunun 14/12/2023 Tarihli ve 12250 Sayılı Kararı,https://www.resmigazete.gov.tr/eskiler/2023/12/20231216-13.pdf
2023-12-16,"a - Artırma, Eksiltme ve İhale İlânları",http://www.resmigazete.gov.tr/main.aspx?home=http://www.resmigazete.gov.tr/ilanlar/eskiilanlar/2023/12/20231216.htm&main=http://www.resmigazete.gov.tr/ilanlar/eskiilanlar/2023/12/20231216-3.htm
2023-12-16,- Çeşitli İlânlar,http://www.resmigazete.gov.tr/main.aspx?home=http://www.resmigazete.gov.tr/ilanlar/eskiilanlar/2023/12/20231216.htm&main=http://www.resmigazete.gov.tr/ilanlar/eskiilanlar/2023/12/20231216-4.htm
2023-12-16,– T.C. Merkez Bankasınca Belirlenen Döviz Kurları ve Devlet İç Borçlanma Senetlerinin Günlük Değerleri,http://www.resmigazete.gov.tr/main.aspx?home=http://www.resmigazete.gov.tr/ilanlar/eskiilanlar/2023/12/20231216.htm&main=http://www.resmigazete.gov.tr/ilanlar/eskiilanlar/2023/12/20231216-5.htm
2023-12-17,–– Gebze Teknik Üniversitesi Lisansüstü Eğitim-Öğretim Yönetmeliği,https://www.resmigazete.gov.tr/eskiler/2023/12/20231217-1.htm
2023-12-17,–– Gebze Teknik Üniversitesi Sürekli Eğitim Uygulama ve Araştırma Merkezi Yönetmeliğinde Değişiklik Yapılmasına Dair Yönetmelik,https://www.resmigazete.gov.tr/eskiler/2023/12/20231217-2.htm
2023-12-17,"a - Artırma, Eksiltme ve İhale İlânları",http://www.resmigazete.gov.tr/main.aspx?home=http://www.resmigazete.gov.tr/ilanlar/eskiilanlar/2023/12/20231217.htm&main=http://www.resmigazete.gov.tr/ilanlar/eskiilanlar/2023/12/20231217-3.htm
2023-12-17,b - Çeşitli İlânlar,http://www.resmigazete.gov.tr/main.aspx?home=http://www.resmigazete.gov.tr/ilanlar/eskiilanlar/2023/12/20231217.htm&main=http://www.resmigazete.gov.tr/ilanlar/eskiilanlar/2023/12/20231217-4.htm
2023-12-17,– T.C. Merkez Bankasınca Belirlenen Devlet İç Borçlanma Senetlerinin Günlük Değerleri,http://www.resmigazete.gov.tr/main.aspx?home=http://www.resmigazete.gov.tr/ilanlar/eskiilanlar/2023/12/20231217.htm&main=http://www.resmigazete.gov.tr/ilanlar/eskiilanlar/2023/12/20231217-5.htm
2023-12-18,"–– Cumhurbaşkanlığına, Cumhurbaşkanı Yardımcısı Cevdet YILMAZ’ın Vekâlet Etmesine Dair Tezkere",https://www.resmigazete.gov.tr/eskiler/2023/12/20231218-1.pdf
2023-12-18,–– Çankaya Üniversitesi Ön Lisans ve Lisans Eğitim ve Öğretim Yönetmeliğinde Değişiklik Yapılmasına Dair Yönetmelik,https://www.resmigazete.gov.tr/eskiler/2023/12/20231218-2.htm
2023-12-18,–– Dokuz Eylül Üniversitesi Köy Enstitüleri ve İsmail Hakkı Tonguç Uygulama ve Araştırma Merkezi Yönetmeliği,https://www.resmigazete.gov.tr/eskiler/2023/12/20231218-3.htm
2023-12-18,–– İstanbul Teknik Üniversitesi Türk Musikisi Devlet Konservatuarı Lisans Eğitim ve Öğretim Yönetmeliğinde Değişiklik Yapılmasına Dair Yönetmelik,https://www.resmigazete.gov.tr/eskiler/2023/12/20231218-4.htm
2023-12-18,a - Yargı İlânları,http://www.resmigazete.gov.tr/main.aspx?home=http://www.resmigazete.gov.tr/ilanlar/eskiilanlar/2023/12/20231218.htm&main=http://www.resmigazete.gov.tr/ilanlar/eskiilanlar/2023/12/20231218-2.htm
2023-12-18,"b - Artırma, Eksiltme ve İhale İlânları",http://www.resmigazete.gov.tr/main.aspx?home=http://www.resmigazete.gov.tr/ilanlar/eskiilanlar/2023/12/20231218.htm&main=http://www.resmigazete.gov.tr/ilanlar/eskiilanlar/2023/12/20231218-3.htm
2023-12-18,c - Çeşitli İlânlar,http://www.resmigazete.gov.tr/main.aspx?home=http://www.resmigazete.gov.tr/ilanlar/eskiilanlar/2023/12/20231218.htm&main=http://www.resmigazete.gov.tr/ilanlar/eskiilanlar/2023/12/20231218-4.htm
2023-12-18,– T.C. Merkez Bankasınca Belirlenen Devlet İç Borçlanma Senetlerinin Günlük Değerleri,http://www.resmigazete.gov.tr/main.aspx?home=http://www.resmigazete.gov.tr/ilanlar/eskiilanlar/2023/12/20231218.htm&main=http://www.resmigazete.gov.tr/ilanlar/eskiilanlar/2023/12/20231218-5.htm
2023-12-19,–– Çocuk Koruma Hizmetleri Planlama ve Çocuk Bakım Kuruluşlarının Çalışma Usul ve Esasları Hakkında Yönetmelikte Değişiklik Yapılmasına Dair Yönetmelik,https://www.resmigazete.gov.tr/eskiler/2023/12/20231219-1.htm
2023-12-19,–– Genel Havacılık Hava Taşımacılığına İlişkin Güvenlik Tedbirleri Hakkında Yönetmelikte Değişiklik Yapılmasına Dair Yönetmelik,https://www.resmigazete.gov.tr/eskiler/2023/12/20231219-2.htm
2023-12-19,–– Fiyat Etiketi Yönetmeliğinde Değişiklik Yapılmasına Dair Yönetmelik,https://www.resmigazete.gov.tr/eskiler/2023/12/20231219-3.htm
2023-12-19,–– Elektrik Piyasası Dengeleme ve Uzlaştırma Yönetmeliğinde Değişiklik Yapılmasına Dair Yönetmelik,https://www.resmigazete.gov.tr/eskiler/2023/12/20231219-4.htm
2023-12-19,–– Anayasa Mahkemesinin 14/9/2023 Tarihli ve 2020/35797 Başvuru Numaralı Kararı,https://www.resmigazete.gov.tr/eskiler/2023/12/20231219-5.pdf
2023-12-19,a - Yargı İlânları,http://www.resmigazete.gov.tr/main.aspx?home=http://www.resmigazete.gov.tr/ilanlar/eskiilanlar/2023/12/20231219.htm&main=http://www.resmigazete.gov.tr/ilanlar/eskiilanlar/2023/12/20231219-2.htm
2023-12-19,"b - Artırma, Eksiltme ve İhale İlânları",http://www.resmigazete.gov.tr/main.aspx?home=http://www.resmigazete.gov.tr/ilanlar/eskiilanlar/2023/12/20231219.htm&main=http://www.resmigazete.gov.tr/ilanlar/eskiilanlar/2023/12/20231219-3.htm
2023-12-19,c - Çeşitli İlânlar,http://www.resmigazete.gov.tr/main.aspx?home=http://www.resmigazete.gov.tr/ilanlar/eskiilanlar/2023/12/20231219.htm&main=http://www.resmigazete.gov.tr/ilanlar/eskiilanlar/2023/12/20231219-4.htm
2023-12-19,– T.C. Merkez Bankasınca Belirlenen Döviz Kurları ve Devlet İç Borçlanma Senetlerinin Günlük Değerleri,http://www.resmigazete.gov.tr/main.aspx?home=http://www.resmigazete.gov.tr/ilanlar/eskiilanlar/2023/12/20231219.htm&main=http://www.resmigazete.gov.tr/ilanlar/eskiilanlar/2023/12/20231219-5.htm
2023-12-20,"–– Diagnostik Radyoloji, Nükleer Tıp ve Radyoterapi Grubu Tıbbi Cihazların Kalite Uygunluk ve Kalite Kontrol Testleri Hakkında Yönetmelikte Değişiklik Yapılmasına Dair Yönetmelik",https://www.resmigazete.gov.tr/eskiler/2023/12/20231220-1.htm
2023-12-20,–– 5957 Sayılı Sebze ve Meyveler ile Yeterli Arz ve Talep Derinliği Bulunan Diğer Malların Ticaretinin Düzenlenmesi Hakkında Kanunun 10 uncu Maddesinde Yer Alan Parasal Sınırların Artırılmasına İlişkin Tebliğ,https://www.resmigazete.gov.tr/eskiler/2023/12/20231220-2.htm
2023-12-20,–– 6502 Sayılı Tüketicinin Korunması Hakkında Kanunun 68 inci ve Tüketici Hakem Heyetleri Yönetmeliğinin 6 ncı Maddelerinde Yer Alan Parasal Sınırların Artırılmasına İlişkin Tebliğ,https://www.resmigazete.gov.tr/eskiler/2023/12/20231220-3.htm
2023-12-20,–– 6502 Sayılı Tüketicinin Korunması Hakkında Kanunun 77 nci Maddesine Göre 2024 Yılında Uygulanacak Olan İdari Para Cezalarına İlişkin Tebliğ,https://www.resmigazete.gov.tr/eskiler/2023/12/20231220-4.htm
2023-12-20,–– Gümrük Genel Tebliği (Gümrük İşlemleri) (Seri No: 105)’nde Değişiklik Yapılmasına Dair Tebliğ (Gümrük İşlemleri) (Seri No: 203),https://www.resmigazete.gov.tr/eskiler/2023/12/20231220-5.htm
2023-12-20,–– İthalatta Gözetim Uygulanmasına İlişkin Tebliğ (Tebliğ No: 2023/10)’de Değişiklik Yapılmasına Dair Tebliğ,https://www.resmigazete.gov.tr/eskiler/2023/12/20231220-6.htm
2023-12-20,–– 4054 Sayılı Rekabetin Korunması Hakkında Kanunun 16 ncı Maddesinin Birinci Fıkrasında Öngörülen İdari Para Cezası Alt Sınırının 31/12/2024 Tarihine Kadar Geçerli Olmak Üzere Artırılmasına İlişkin Tebliğ (No: 2024/1),https://www.resmigazete.gov.tr/eskiler/2023/12/20231220-7.htm
2023-12-20,–– Yüksek Seçim Kurulunun 19/12/2023 Tarihli ve 2023/1559 Sayılı Kararı,https://www.resmigazete.gov.tr/eskiler/2023/12/20231220-8.pdf
2023-12-20,–– Yüksek Seçim Kurulunun 19/12/2023 Tarihli ve 2023/1560 Sayılı Kararı,https://www.resmigazete.gov.tr/eskiler/2023/12/20231220-9.pdf
2023-12-20,–– Yüksek Seçim Kurulunun 19/12/2023 Tarihli ve 2023/1561 Sayılı Kararı,https://www.resmigazete.gov.tr/eskiler/2023/12/20231220-10.pdf
2023-12-20,–– Yüksek Seçim Kurulunun 19/12/2023 Tarihli ve 2023/1563 Sayılı Kararı ve Eki Yurt İçi Seçmen Kütüğünün Güncelleştirilmesi Usul ve Esaslarına Dair 140/I Sayılı Genelge,https://www.resmigazete.gov.tr/eskiler/2023/12/20231220-11.pdf
2023-12-20,–– Yüksek Seçim Kurulunun 19/12/2023 Tarihli ve 2023/1564 Sayılı Kararı,https://www.resmigazete.gov.tr/eskiler/2023/12/20231220-12.pdf
2023-12-20,a - Yargı İlânları,http://www.resmigazete.gov.tr/main.aspx?home=http://www.resmigazete.gov.tr/ilanlar/eskiilanlar/2023/12/20231220.htm&main=http://www.resmigazete.gov.tr/ilanlar/eskiilanlar/2023/12/20231220-2.htm
2023-12-20,"b - Artırma, Eksiltme ve İhale İlânları",http://www.resmigazete.gov.tr/main.aspx?home=http://www.resmigazete.gov.tr/ilanlar/eskiilanlar/2023/12/20231220.htm&main=http://www.resmigazete.gov.tr/ilanlar/eskiilanlar/2023/12/20231220-3.htm
2023-12-20,c - Çeşitli İlânlar,http://www.resmigazete.gov.tr/main.aspx?home=http://www.resmigazete.gov.tr/ilanlar/eskiilanlar/2023/12/20231220.htm&main=http://www.resmigazete.gov.tr/ilanlar/eskiilanlar/2023/12/20231220-4.htm
2023-12-20,– T.C. Merkez Bankasınca Belirlenen Döviz Kurları ve Devlet İç Borçlanma Senetlerinin Günlük Değerleri,http://www.resmigazete.gov.tr/main.aspx?home=http://www.resmigazete.gov.tr/ilanlar/eskiilanlar/2023/12/20231220.htm&main=http://www.resmigazete.gov.tr/ilanlar/eskiilanlar/2023/12/20231220-5.htm
2023-12-21,–– Abonelik Sözleşmesinden Kaynaklanan Para Alacaklarına İlişkin Takibin Başlatılması Usulü Hakkında Yönetmelikte Değişiklik Yapılmasına Dair Yönetmelik,https://www.resmigazete.gov.tr/eskiler/2023/12/20231221-1.htm
2023-12-21,–– Lisanslı Yediemin Depoları Yönetmeliğinde Değişiklik Yapılmasına Dair Yönetmelik,https://www.resmigazete.gov.tr/eskiler/2023/12/20231221-2.htm
2023-12-21,–– Bankaların Kredi İşlemlerine İlişkin Yönetmelik,https://www.resmigazete.gov.tr/eskiler/2023/12/20231221-3.htm
2023-12-21,–– Risk Gruplarının Belirlenmesine ve Kredi Sınırlarına İlişkin Yönetmelik,https://www.resmigazete.gov.tr/eskiler/2023/12/20231221-4.htm
2023-12-21,–– Lisanslı Yediemin Depoları Yönetmeliği Ücret Tarifesi,https://www.resmigazete.gov.tr/eskiler/2023/12/20231221-5.htm
2023-12-21,–– Satış Giderleri Tarifesi,https://www.resmigazete.gov.tr/eskiler/2023/12/20231221-6.htm
2023-12-21,–– 7381 sayılı Nükleer Düzenleme Kanununun 25 inci Maddesi Uyarınca 2024 Yılında Uygulanacak İdari Para Cezalarına İlişkin Tebliğ,https://www.resmigazete.gov.tr/eskiler/2023/12/20231221-7.htm
2023-12-21,"–– Anayasa Mahkemesinin 26/10/2023 Tarihli ve E: 2023/81, K: 2023/184 Sayılı Kararı",https://www.resmigazete.gov.tr/eskiler/2023/12/20231221-8.pdf
2023-12-21,–– Yüksek Seçim Kurulunun 20/12/2023 Tarihli ve 2023/1565 Sayılı Kararı,https://www.resmigazete.gov.tr/eskiler/2023/12/20231221-9.pdf
2023-12-21,–– Yüksek Seçim Kurulunun 20/12/2023 Tarihli ve 2023/1568 Sayılı Kararı,https://www.resmigazete.gov.tr/eskiler/2023/12/20231221-10.pdf
2023-12-21,–– Yüksek Seçim Kurulunun 20/12/2023 Tarihli ve 2023/1573 Sayılı Kararı,https://www.resmigazete.gov.tr/eskiler/2023/12/20231221-11.pdf
2023-12-21,a - Yargı İlânları,http://www.resmigazete.gov.tr/main.aspx?home=http://www.resmigazete.gov.tr/ilanlar/eskiilanlar/2023/12/20231221.htm&main=http://www.resmigazete.gov.tr/ilanlar/eskiilanlar/2023/12/20231221-2.htm
2023-12-21,"b - Artırma, Eksiltme ve İhale İlânları",http://www.resmigazete.gov.tr/main.aspx?home=http://www.resmigazete.gov.tr/ilanlar/eskiilanlar/2023/12/20231221.htm&main=http://www.resmigazete.gov.tr/ilanlar/eskiilanlar/2023/12/20231221-3.htm
2023-12-21,c - Çeşitli İlânlar,http://www.resmigazete.gov.tr/main.aspx?home=http://www.resmigazete.gov.tr/ilanlar/eskiilanlar/2023/12/20231221.htm&main=http://www.resmigazete.gov.tr/ilanlar/eskiilanlar/2023/12/20231221-4.htm
2023-12-21,– T.C. Merkez Bankasınca Belirlenen Döviz Kurları ve Devlet İç Borçlanma Senetlerinin Günlük Değerleri,http://www.resmigazete.gov.tr/main.aspx?home=http://www.resmigazete.gov.tr/ilanlar/eskiilanlar/2023/12/20231221.htm&main=http://www.resmigazete.gov.tr/ilanlar/eskiilanlar/2023/12/20231221-5.htm
2023-12-22,–– Bilecik Şeyh Edebali Üniversitesi Merkezi Araştırma Laboratuvarı Uygulama ve Araştırma Merkezi Yönetmeliği,https://www.resmigazete.gov.tr/eskiler/2023/12/20231222-1.htm
2023-12-22,–– Bankalarca Ticari Müşterilerden Alınabilecek Ücretlere İlişkin Usul ve Esaslar Hakkında Tebliğ (Sayı: 2020/4)’de Değişiklik Yapılmasına Dair Tebliğ (Sayı: 2023/38),https://www.resmigazete.gov.tr/eskiler/2023/12/20231222-2.htm
2023-12-22,–– Finansal Tüketicilerden Alınacak Ücretlere İlişkin Usûl ve Esaslar Hakkında Tebliğ (Sayı: 2020/7)’de Değişiklik Yapılmasına Dair Tebliğ (Sayı: 2023/39),https://www.resmigazete.gov.tr/eskiler/2023/12/20231222-3.htm
2023-12-22,–– Menkul Kıymet Tesisi Hakkında Tebliğde Değişiklik Yapılmasına Dair Tebliğ (Sayı: 2023/40),https://www.resmigazete.gov.tr/eskiler/2023/12/20231222-4.htm
2023-12-22,"–– Anayasa Mahkemesinin 26/10/2023 Tarihli ve E: 2020/73, K: 2023/181 Sayılı Kararı",https://www.resmigazete.gov.tr/eskiler/2023/12/20231222-5.pdf
2023-12-22,–– Yüksek Seçim Kurulunun 20/12/2023 Tarihli ve 2023/1572 Sayılı Kararı ve Eki Siyasi Partilerin Ön Seçim veya Aday Yoklaması Yöntemleriyle Aday Tespitine İlişkin 125 Sayılı Genelge,https://www.resmigazete.gov.tr/eskiler/2023/12/20231222-6.pdf
2023-12-22,–– Yüksek Seçim Kurulunun 21/12/2023 Tarihli ve 2023/1574 Sayılı Kararı ve Eki SSPS-Sandık Sonuçları Paylaşım Sistemi Kullanımına İlişkin Usul ve Esaslara Dair Genelge,https://www.resmigazete.gov.tr/eskiler/2023/12/20231222-7.pdf
2023-12-22,"a - Artırma, Eksiltme ve İhale İlânları",http://www.resmigazete.gov.tr/main.aspx?home=http://www.resmigazete.gov.tr/ilanlar/eskiilanlar/2023/12/20231222.htm&main=http://www.resmigazete.gov.tr/ilanlar/eskiilanlar/2023/12/20231222-3.htm
2023-12-22,- Çeşitli İlânlar,http://www.resmigazete.gov.tr/main.aspx?home=http://www.resmigazete.gov.tr/ilanlar/eskiilanlar/2023/12/20231222.htm&main=http://www.resmigazete.gov.tr/ilanlar/eskiilanlar/2023/12/20231222-4.htm
2023-12-22,– T.C. Merkez Bankasınca Belirlenen Döviz Kurları ve Devlet İç Borçlanma Senetlerinin Günlük Değerleri,http://www.resmigazete.gov.tr/main.aspx?home=http://www.resmigazete.gov.tr/ilanlar/eskiilanlar/2023/12/20231222.htm&main=http://www.resmigazete.gov.tr/ilanlar/eskiilanlar/2023/12/20231222-5.htm
2023-12-23,–– Türkiye Cumhuriyeti Hükümeti ile Birleşik Arap Emirlikleri Hükümeti Arasında Kültür Alanında İşbirliği Mutabakat Zaptının Onaylanması Hakkında Karar (Karar Sayısı: 7975),https://www.resmigazete.gov.tr/eskiler/2023/12/20231223-1.pdf
2023-12-23,"–– Amerika Birleşik Devletleri, Bahreyn Krallığı, Birleşik Arap Emirlikleri, Kanada, Suudi Arabistan Krallığı ve Umman Sultanlığı'nın Umuma Mahsus Pasaport Hamili Vatandaşlarının Türkiye’ye Yapacakları Turistik Amaçlı Seyahatlerinde Her 180 Günde 90 Gün Süreyle Vize Muafiyeti Sağlanması Hakkında Karar (Karar Sayısı: 7976)",https://www.resmigazete.gov.tr/eskiler/2023/12/20231223-2.pdf
2023-12-23,–– 8/1/2002 Tarihli ve 4736 Sayılı Kanunun 1 inci Maddesinin Birinci Fıkrası Hükmünden Muaf Tutulacakların Tespitine Dair 28/1/2002 Tarihli ve 2002/3654 Sayılı Bakanlar Kurulu Kararında Değişiklik Yapılması Hakkında Karar (Karar Sayısı: 7977),https://www.resmigazete.gov.tr/eskiler/2023/12/20231223-3.pdf
2023-12-23,–– Ekli Listede Yer Alan Maddelerin 2313 Sayılı Uyuşturucu Maddelerin Murakabesi Hakkında Kanun Hükümlerine Tabi Tutulması Hakkında Karar (Karar Sayısı: 7978),https://www.resmigazete.gov.tr/eskiler/2023/12/20231223-4.pdf
2023-12-23,"–– Cumhurbaşkanlığı Tarafından Yapılan Atamalar Hakkında Kararlar (Karar: 2023/551, 552, 553, 554, 555)",https://www.resmigazete.gov.tr/eskiler/2023/12/20231223-5.pdf
2023-12-23,–– Turizm Tesislerinin Niteliklerine İlişkin Yönetmelikte Değişiklik Yapılmasına Dair Yönetmelik (Karar Sayısı: 7979),https://www.resmigazete.gov.tr/eskiler/2023/12/20231223-6.pdf
2023-12-23,–– Ücretsiz Seyahat Kapsamında Yapılacak Gelir Desteği Ödemesine İlişkin Usul ve Esaslar Hakkında Yönetmelikte Değişiklik Yapılmasına Dair Yönetmelik,https://www.resmigazete.gov.tr/eskiler/2023/12/20231223-7.htm
2023-12-23,–– Ücretsiz veya İndirimli Seyahat Kartları Yönetmeliğinde Değişiklik Yapılmasına Dair Yönetmelik,https://www.resmigazete.gov.tr/eskiler/2023/12/20231223-8.htm
2023-12-23,"–– Kimyasalların Kaydı, Değerlendirilmesi, İzni ve Kısıtlanması Hakkında Yönetmelikte Değişiklik Yapılmasına Dair Yönetmelik",https://www.resmigazete.gov.tr/eskiler/2023/12/20231223-9.htm
2023-12-23,–– Hayvanların Nakilleri Sırasında Refahı ve Korunması Yönetmeliğinde Değişiklik Yapılmasına Dair Yönetmelik,https://www.resmigazete.gov.tr/eskiler/2023/12/20231223-10.htm
2023-12-23,–– Özelleştirme İdaresi Başkanlığının 22/12/2023 Tarihli ve 2023/ÖİB-K-31 Sayılı Kararı,https://www.resmigazete.gov.tr/eskiler/2023/12/20231223-11.pdf
2023-12-23,–– Reeskont ve Avans İşlemlerinde Uygulanacak Faiz Oranlarının Tespiti,https://www.resmigazete.gov.tr/eskiler/2023/12/20231223-12.pdf
2023-12-23,–– Enerji Piyasası Düzenleme Kurulunun 21/12/2023 Tarihli ve 12275 Sayılı Kararı,https://www.resmigazete.gov.tr/eskiler/2023/12/20231223-13.pdf
2023-12-23,–– Yüksek Seçim Kurulunun 19/12/2023 Tarihli ve 2023/1562 Sayılı Kararı ve Eki Sandık Kurullarının Görev ve Yetkilerine Dair 138 Sayılı Genelge,https://www.resmigazete.gov.tr/eskiler/2023/12/20231223-14.pdf
2023-12-23,"–– Yüksek Seçim Kurulunun 20/12/2023 Tarihli ve 2023/1566 Sayılı Kararı ve Eki İl, İlçe ve Geçici İlçe Seçim Kurullarının Görev ve Yetkilerine Dair 139 Sayılı Genelge",https://www.resmigazete.gov.tr/eskiler/2023/12/20231223-15.pdf
2023-12-23,–– Yüksek Seçim Kurulunun 20/12/2023 Tarihli ve 2023/1567 Sayılı Kararı,https://www.resmigazete.gov.tr/eskiler/2023/12/20231223-16.pdf
2023-12-23,–– Yüksek Seçim Kurulunun 20/12/2023 Tarihli ve 2023/1570 Sayılı Kararı,https://www.resmigazete.gov.tr/eskiler/2023/12/20231223-17.pdf
2023-12-23,–– Yüksek Seçim Kurulunun 20/12/2023 Tarihli ve 2023/1571 Sayılı Kararı ve Eki Seyyar Sandık Kurullarının Oluşumu ile Görev ve Yetkilerine Dair 138/II Sayılı Genelge,https://www.resmigazete.gov.tr/eskiler/2023/12/20231223-18.pdf
2023-12-23,a - Yargı İlânları,http://www.resmigazete.gov.tr/main.aspx?home=http://www.resmigazete.gov.tr/ilanlar/eskiilanlar/2023/12/20231223.htm&main=http://www.resmigazete.gov.tr/ilanlar/eskiilanlar/2023/12/20231223-2.htm
2023-12-23,"b - Artırma, Eksiltme ve İhale İlânları",http://www.resmigazete.gov.tr/main.aspx?home=http://www.resmigazete.gov.tr/ilanlar/eskiilanlar/2023/12/20231223.htm&main=http://www.resmigazete.gov.tr/ilanlar/eskiilanlar/2023/12/20231223-3.htm
2023-12-23,c - Çeşitli İlânlar,http://www.resmigazete.gov.tr/main.aspx?home=http://www.resmigazete.gov.tr/ilanlar/eskiilanlar/2023/12/20231223.htm&main=http://www.resmigazete.gov.tr/ilanlar/eskiilanlar/2023/12/20231223-4.htm
2023-12-23,– T.C. Merkez Bankasınca Belirlenen Döviz Kurları ve Devlet İç Borçlanma Senetlerinin Günlük Değerleri,http://www.resmigazete.gov.tr/main.aspx?home=http://www.resmigazete.gov.tr/ilanlar/eskiilanlar/2023/12/20231223.htm&main=http://www.resmigazete.gov.tr/ilanlar/eskiilanlar/2023/12/20231223-5.htm
2023-12-24,–– TOBB Ekonomi ve Teknoloji Üniversitesi Ana Yönetmeliği,https://www.resmigazete.gov.tr/eskiler/2023/12/20231224-1.htm
2023-12-24,–– İthalatta Haksız Rekabetin Önlenmesine İlişkin Tebliğ (No: 2023/39),https://www.resmigazete.gov.tr/eskiler/2023/12/20231224-2.htm
2023-12-24,–– 2023 Yılı Kasım Ayına Ait Dahilde İşleme İzin Belgelerinin (D1) Listesi,https://www.resmigazete.gov.tr/eskiler/2023/12/20231224-3.pdf
2023-12-24,–– 2023 Yılı Kasım Ayına Ait Yurt İçi Satış ve Teslim Belgelerinin (D3) Listesi,https://www.resmigazete.gov.tr/eskiler/2023/12/20231224-4.pdf
2023-12-24,–– 2023 Yılı Kasım Ayına Ait Hariçte İşleme İzin Belgelerinin (H1) Listesi,https://www.resmigazete.gov.tr/eskiler/2023/12/20231224-5.pdf
2023-12-24,–– 2023 Yılı Kasım Ayına Ait Firma Talebine İstinaden İptal Edilen Dahilde İşleme İzin Belgeleri Listesi,https://www.resmigazete.gov.tr/eskiler/2023/12/20231224-6.pdf
2023-12-24,–– 2023 Yılı Kasım Ayına Ait Resen İptal Edilen Dahilde İşleme İzin Belgeleri Listesi,https://www.resmigazete.gov.tr/eskiler/2023/12/20231224-7.pdf
2023-12-24,a - Yargı İlânları,http://www.resmigazete.gov.tr/main.aspx?home=http://www.resmigazete.gov.tr/ilanlar/eskiilanlar/2023/12/20231224.htm&main=http://www.resmigazete.gov.tr/ilanlar/eskiilanlar/2023/12/20231224-2.htm
2023-12-24,"b - Artırma, Eksiltme ve İhale İlânları",http://www.resmigazete.gov.tr/main.aspx?home=http://www.resmigazete.gov.tr/ilanlar/eskiilanlar/2023/12/20231224.htm&main=http://www.resmigazete.gov.tr/ilanlar/eskiilanlar/2023/12/20231224-3.htm
2023-12-24,c - Çeşitli İlânlar,http://www.resmigazete.gov.tr/main.aspx?home=http://www.resmigazete.gov.tr/ilanlar/eskiilanlar/2023/12/20231224.htm&main=http://www.resmigazete.gov.tr/ilanlar/eskiilanlar/2023/12/20231224-4.htm
2023-12-24,– T.C. Merkez Bankasınca Belirlenen Devlet İç Borçlanma Senetlerinin Günlük Değerleri,http://www.resmigazete.gov.tr/main.aspx?home=http://www.resmigazete.gov.tr/ilanlar/eskiilanlar/2023/12/20231224.htm&main=http://www.resmigazete.gov.tr/ilanlar/eskiilanlar/2023/12/20231224-5.htm
2023-12-25,"–– Beykent Üniversitesi Ağız ve Diş Sağlığı Eğitim, Uygulama ve Araştırma Merkezi Yönetmeliğinde Değişiklik Yapılmasına Dair Yönetmelik",https://www.resmigazete.gov.tr/eskiler/2023/12/20231225-1.htm
2023-12-25,–– Beykent Üniversitesi Ana Yönetmeliğinde Değişiklik Yapılmasına Dair Yönetmelik,https://www.resmigazete.gov.tr/eskiler/2023/12/20231225-2.htm
2023-12-25,–– Beykent Üniversitesi Atatürk İlkeleri ve İnkılap Tarihi Araştırma ve Uygulama Merkezi Yönetmeliğinde Değişiklik Yapılmasına Dair Yönetmelik,https://www.resmigazete.gov.tr/eskiler/2023/12/20231225-3.htm
2023-12-25,–– Beykent Üniversitesi Avrupa Birliği Uygulama ve Araştırma Merkezi Yönetmeliğinde Değişiklik Yapılmasına Dair Yönetmelik,https://www.resmigazete.gov.tr/eskiler/2023/12/20231225-4.htm
2023-12-25,–– Beykent Üniversitesi Diş Hekimliği Fakültesi Eğitim-Öğretim ve Sınav Yönetmeliğinde Değişiklik Yapılmasına Dair Yönetmelik,https://www.resmigazete.gov.tr/eskiler/2023/12/20231225-5.htm
2023-12-25,–– Beykent Üniversitesi Girişimcilik ve Yenilikçilik Uygulama ve Araştırma Merkezi Yönetmeliğinde Değişiklik Yapılmasına Dair Yönetmelik,https://www.resmigazete.gov.tr/eskiler/2023/12/20231225-6.htm
2023-12-25,–– Beykent Üniversitesi Hayat Boyu Öğrenme Uygulama ve Araştırma Merkezi Yönetmeliğinde Değişiklik Yapılmasına Dair Yönetmelik,https://www.resmigazete.gov.tr/eskiler/2023/12/20231225-7.htm
2023-12-25,–– Beykent Üniversitesi İhale Yönetmeliğinde Değişiklik Yapılmasına Dair Yönetmelik,https://www.resmigazete.gov.tr/eskiler/2023/12/20231225-8.htm
2023-12-25,–– Beykent Üniversitesi Kadın ve Aile Çalışmaları Uygulama ve Araştırma Merkezi Yönetmeliğinde Değişiklik Yapılmasına Dair Yönetmelik,https://www.resmigazete.gov.tr/eskiler/2023/12/20231225-9.htm
2023-12-25,–– Beykent Üniversitesi Kent Çalışmaları Uygulama ve Araştırma Merkezi Yönetmeliğinde Değişiklik Yapılmasına Dair Yönetmelik,https://www.resmigazete.gov.tr/eskiler/2023/12/20231225-10.htm
2023-12-25,–– Beykent Üniversitesi Lisansüstü Eğitim ve Öğretim Yönetmeliğinde Değişiklik Yapılmasına Dair Yönetmelik,https://www.resmigazete.gov.tr/eskiler/2023/12/20231225-11.htm
2023-12-25,–– Beykent Üniversitesi Önlisans ve Lisans Eğitim-Öğretim Yönetmeliğinde Değişiklik Yapılmasına Dair Yönetmelik,https://www.resmigazete.gov.tr/eskiler/2023/12/20231225-12.htm
2023-12-25,–– Beykent Üniversitesi Sağlık Uygulama ve Araştırma Merkezi Yönetmeliğinde Değişiklik Yapılmasına Dair Yönetmelik,https://www.resmigazete.gov.tr/eskiler/2023/12/20231225-13.htm
2023-12-25,–– Beykent Üniversitesi Stratejik Araştırmalar Merkezi Yönetmeliğinde Değişiklik Yapılmasına Dair Yönetmelik,https://www.resmigazete.gov.tr/eskiler/2023/12/20231225-14.htm
2023-12-25,–– Beykent Üniversitesi Teknoloji Transfer Ofisi Uygulama ve Araştırma Merkezi Yönetmeliğinde Değişiklik Yapılmasına Dair Yönetmelik,https://www.resmigazete.gov.tr/eskiler/2023/12/20231225-15.htm
2023-12-25,–– Beykent Üniversitesi Tıp Fakültesi Eğitim-Öğretim ve Sınav Yönetmeliğinde Değişiklik Yapılmasına Dair Yönetmelik,https://www.resmigazete.gov.tr/eskiler/2023/12/20231225-16.htm
2023-12-25,–– Beykent Üniversitesi Türkçe Öğretimi Uygulama ve Araştırma Merkezi Yönetmeliğinde Değişiklik Yapılmasına Dair Yönetmelik,https://www.resmigazete.gov.tr/eskiler/2023/12/20231225-17.htm
2023-12-25,–– Beykent Üniversitesi Uzaktan Öğretim Uygulama ve Araştırma Merkezi Yönetmeliğinde Değişiklik Yapılmasına Dair Yönetmelik,https://www.resmigazete.gov.tr/eskiler/2023/12/20231225-18.htm
2023-12-25,"a - Artırma, Eksiltme ve İhale İlânları",http://www.resmigazete.gov.tr/main.aspx?home=http://www.resmigazete.gov.tr/ilanlar/eskiilanlar/2023/12/20231225.htm&main=http://www.resmigazete.gov.tr/ilanlar/eskiilanlar/2023/12/20231225-3.htm
2023-12-25,- Çeşitli İlânlar,http://www.resmigazete.gov.tr/main.aspx?home=http://www.resmigazete.gov.tr/ilanlar/eskiilanlar/2023/12/20231225.htm&main=http://www.resmigazete.gov.tr/ilanlar/eskiilanlar/2023/12/20231225-4.htm
2023-12-25,– T.C. Merkez Bankasınca Belirlenen Devlet İç Borçlanma Senetlerinin Günlük Değerleri,http://www.resmigazete.gov.tr/main.aspx?home=http://www.resmigazete.gov.tr/ilanlar/eskiilanlar/2023/12/20231225.htm&main=http://www.resmigazete.gov.tr/ilanlar/eskiilanlar/2023/12/20231225-5.htm
2023-12-26,–– Adıyaman’da Okul İnşaatı ve Teçhizatına İlişkin Olarak Türkiye Cumhuriyeti ile Kore Cumhuriyeti Arasında İmzalanan Hibe Anlaşması,https://www.resmigazete.gov.tr/eskiler/2023/12/20231226-1.pdf
2023-12-26,–– Bazı Kamu Kurum ve Kuruluşlarına Ait Dolu ve Boş Kadrolarda Değişiklik Yapılması Hakkında Karar (Karar: 2023/556),https://www.resmigazete.gov.tr/eskiler/2023/12/20231226-2.pdf
2023-12-26,–– Cumhurbaşkanlığı Tarafından Yapılan Atama Hakkında Karar (Karar: 2023/558),https://www.resmigazete.gov.tr/eskiler/2023/12/20231226-16.pdf
2023-12-26,–– Hâkimler ve Savcılar Kuruluna Ait Atama Kararları,https://www.resmigazete.gov.tr/eskiler/2023/12/20231226-3.pdf
2023-12-26,–– Türkiye Ürün İhtisas Borsasında Aracılık Faaliyetleri ile Aracıların Gözetimi ve Denetimi Hakkında Yönetmelikte Değişiklik Yapılmasına Dair Yönetmelik,https://www.resmigazete.gov.tr/eskiler/2023/12/20231226-4.htm
2023-12-26,–– Doğal Gaz Piyasası Dağıtım Lisanslarına İlişkin Tedbirler Yönetmeliğinde Değişiklik Yapılmasına Dair Yönetmelik,https://www.resmigazete.gov.tr/eskiler/2023/12/20231226-5.htm
2023-12-26,–– Doğal Gaz Piyasası Sertifika Yönetmeliğinde Değişiklik Yapılmasına Dair Yönetmelik,https://www.resmigazete.gov.tr/eskiler/2023/12/20231226-6.htm
2023-12-26,–– Beşeri Tıbbi Ürünler Ruhsatlandırma Yönetmeliğinde Değişiklik Yapılmasına Dair Yönetmelik,https://www.resmigazete.gov.tr/eskiler/2023/12/20231226-7.htm
2023-12-26,–– Ruhsatlı Beşeri Tıbbi Ürünlerdeki Varyasyonlara Dair Yönetmelikte Değişiklik Yapılması Hakkında Yönetmelik,https://www.resmigazete.gov.tr/eskiler/2023/12/20231226-8.htm
2023-12-26,"–– Orman, Orman Endüstri ve Ağaç İşleri Endüstri Mühendisleri ile Serbest Meslek Bürolarının Çalışma Alanlarına Dair Yönetmelikte Değişiklik Yapılmasına İlişkin Yönetmelik",https://www.resmigazete.gov.tr/eskiler/2023/12/20231226-9.htm
2023-12-26,"–– İflas İdaresi Ücreti, Yazı ve Tebliğ Masrafı Tarifesi Hakkında Tebliğ",https://www.resmigazete.gov.tr/eskiler/2023/12/20231226-10.htm
2023-12-26,–– Yurt Dışı Tebligat ve İstinabe Taleplerinde Uyulması Gereken Usul ve Esaslara Dair Tebliğ,https://www.resmigazete.gov.tr/eskiler/2023/12/20231226-11.htm
2023-12-26,–– Doğal Çiçek Soğanlarının 2024 Yılı İhracat Listesi Hakkında Tebliğ (No: 2023/59),https://www.resmigazete.gov.tr/eskiler/2023/12/20231226-12.htm
2023-12-26,–– İthalatta Kota ve Tarife Kontenjanı İdaresine İlişkin Tebliğ (No: 2023/6),https://www.resmigazete.gov.tr/eskiler/2023/12/20231226-13.htm
2023-12-26,–– İthalatta Haksız Rekabetin Önlenmesine İlişkin Tebliğ (No: 2023/38),https://www.resmigazete.gov.tr/eskiler/2023/12/20231226-14.htm
2023-12-26,–– İthalatta Haksız Rekabetin Önlenmesine İlişkin Tebliğ (No: 2023/40),https://www.resmigazete.gov.tr/eskiler/2023/12/20231226-15.htm
2023-12-26,a - Yargı İlânları,http://www.resmigazete.gov.tr/main.aspx?home=http://www.resmigazete.gov.tr/ilanlar/eskiilanlar/2023/12/20231226.htm&main=http://www.resmigazete.gov.tr/ilanlar/eskiilanlar/2023/12/20231226-2.htm
2023-12-26,"b - Artırma, Eksiltme ve İhale İlânları",http://www.resmigazete.gov.tr/main.aspx?home=http://www.resmigazete.gov.tr/ilanlar/eskiilanlar/2023/12/20231226.htm&main=http://www.resmigazete.gov.tr/ilanlar/eskiilanlar/2023/12/20231226-3.htm
2023-12-26,c - Çeşitli İlânlar,http://www.resmigazete.gov.tr/main.aspx?home=http://www.resmigazete.gov.tr/ilanlar/eskiilanlar/2023/12/20231226.htm&main=http://www.resmigazete.gov.tr/ilanlar/eskiilanlar/2023/12/20231226-4.htm
2023-12-26,– T.C. Merkez Bankasınca Belirlenen Döviz Kurları ve Devlet İç Borçlanma Senetlerinin Günlük Değerleri,http://www.resmigazete.gov.tr/main.aspx?home=http://www.resmigazete.gov.tr/ilanlar/eskiilanlar/2023/12/20231226.htm&main=http://www.resmigazete.gov.tr/ilanlar/eskiilanlar/2023/12/20231226-5.htm
2023-12-27,"–– Eleman Temininde Güçlük Çekilen Yerlerde ve Hizmet Dallarında Sağlık Hizmetlerinin Etkili ve Verimli Bir Şekilde Yürütülebilmesi Amacıyla Sözleşmeli Sağlık Personeli İstihdam Edilecek Hizmet Birimlerinin, 2024 Yılında Uygulanmak Üzere Tespit Edilmesi Hakkında Karar (Karar: 2023/557)",https://www.resmigazete.gov.tr/eskiler/2023/12/20231227-1.pdf
2023-12-27,–– Bazı Anlaşmaların Yürürlüğe Girdiği Tarihlerin Tespit Edilmesi Hakkında Karar (Karar Sayısı: 7980),https://www.resmigazete.gov.tr/eskiler/2023/12/20231227-12.pdf
2023-12-27,–– 6550 Sayılı Araştırma Altyapılarının Desteklenmesine Dair Kanunun Geçici 1 inci Maddesi Kapsamında Sağlanan İndirim ve İstisnaların Uygulama Süresinin 31/12/2028 Tarihine Kadar Uzatılması Hakkında Karar (Karar Sayısı: 7981),https://www.resmigazete.gov.tr/eskiler/2023/12/20231227-13.pdf
2023-12-27,–– Osmaniye İlinde Bulunan ve Ekli Haritada Sınırları Gösterilen Alanın Sumbas Sanayi Alanı Olarak Belirlenmesi Hakkında Karar (Karar Sayısı: 7982),https://www.resmigazete.gov.tr/eskiler/2023/12/20231227-14.pdf
2023-12-27,–– İflâs İdare Memurluğu Yönetmeliği,https://www.resmigazete.gov.tr/eskiler/2023/12/20231227-2.htm
2023-12-27,–– Tehlikeli Madde Güvenlik Danışmanlığı ve Tehlikeli Mal Taşımacılığı Sürücü Eğitimi Yönetmeliğinde Değişiklik Yapılmasına Dair Yönetmelik,https://www.resmigazete.gov.tr/eskiler/2023/12/20231227-3.htm
2023-12-27,–– Türkiye İnsan Hakları ve Eşitlik Kurumu Personeli Görevde Yükselme ve Unvan Değişikliği Yönetmeliği,https://www.resmigazete.gov.tr/eskiler/2023/12/20231227-4.htm
2023-12-27,–– Devlet Hava Meydanları İşletmesi Genel Müdürlüğü ARFF Memuru Pozisyonuna Atanacak Adayların Seçme Sınavlarına İlişkin Yönetmelik,https://www.resmigazete.gov.tr/eskiler/2023/12/20231227-5.htm
2023-12-27,–– Avrupa Birliği Menşeli Bazı Tarım Ürünleri İthalatında Tarife Kontenjanı Uygulanmasına İlişkin Tebliğde Değişiklik Yapılmasına Dair Tebliğ,https://www.resmigazete.gov.tr/eskiler/2023/12/20231227-6.htm
2023-12-27,–– 4646 Sayılı Doğal Gaz Piyasası Kanununun (Elektrik Piyasası Kanununda Değişiklik Yapılması ve Doğal Gaz Piyasası Hakkında Kanun) 9 uncu Maddesi Uyarınca 2024 Yılında Uygulanacak İdari Para Cezaları Hakkında Tebliğ,https://www.resmigazete.gov.tr/eskiler/2023/12/20231227-7.htm
2023-12-27,–– 5015 Sayılı Petrol Piyasası Kanununun 19 uncu Maddesi Uyarınca 2024 Yılında Uygulanacak İdari Para Cezaları Hakkında Tebliğ,https://www.resmigazete.gov.tr/eskiler/2023/12/20231227-8.htm
2023-12-27,–– 5307 Sayılı Sıvılaştırılmış Petrol Gazları (LPG) Piyasası Kanunu ve Elektrik Piyasası Kanununda Değişiklik Yapılmasına Dair Kanunun 16 ncı Maddesi Uyarınca 2024 Yılında Uygulanacak İdari Para Cezaları Hakkında Tebliğ,https://www.resmigazete.gov.tr/eskiler/2023/12/20231227-9.htm
2023-12-27,–– 6446 Sayılı Elektrik Piyasası Kanununun 16 ncı Maddesi Uyarınca 2024 Yılında Uygulanacak İdari Para Cezaları Hakkında Tebliğ,https://www.resmigazete.gov.tr/eskiler/2023/12/20231227-10.htm
2023-12-27,–– Enerji Piyasası Düzenleme Kurulunun 21/12/2023 Tarihli ve 12271 Sayılı Kararı,https://www.resmigazete.gov.tr/eskiler/2023/12/20231227-10.pdf
2023-12-27,"–– Anayasa Mahkemesinin 11/10/2023 Tarihli ve E: 2021/110, K: 2023/175 Sayılı Kararı",https://www.resmigazete.gov.tr/eskiler/2023/12/20231227-11.pdf
2023-12-27,–– Anayasa Mahkemesinin 21/12/2023 Tarihli ve 2023/99744 Başvuru Numaralı Kararı,https://www.resmigazete.gov.tr/eskiler/2023/12/20231227-15.pdf
2023-12-27,a - Yargı İlânları,http://www.resmigazete.gov.tr/main.aspx?home=http://www.resmigazete.gov.tr/ilanlar/eskiilanlar/2023/12/20231227.htm&main=http://www.resmigazete.gov.tr/ilanlar/eskiilanlar/2023/12/20231227-2.htm
2023-12-27,"b - Artırma, Eksiltme ve İhale İlânları",http://www.resmigazete.gov.tr/main.aspx?home=http://www.resmigazete.gov.tr/ilanlar/eskiilanlar/2023/12/20231227.htm&main=http://www.resmigazete.gov.tr/ilanlar/eskiilanlar/2023/12/20231227-3.htm
2023-12-27,c - Çeşitli İlânlar,http://www.resmigazete.gov.tr/main.aspx?home=http://www.resmigazete.gov.tr/ilanlar/eskiilanlar/2023/12/20231227.htm&main=http://www.resmigazete.gov.tr/ilanlar/eskiilanlar/2023/12/20231227-4.htm
2023-12-27,– T.C. Merkez Bankasınca Belirlenen Döviz Kurları ve Devlet İç Borçlanma Senetlerinin Günlük Değerleri,http://www.resmigazete.gov.tr/main.aspx?home=http://www.resmigazete.gov.tr/ilanlar/eskiilanlar/2023/12/20231227.htm&main=http://www.resmigazete.gov.tr/ilanlar/eskiilanlar/2023/12/20231227-5.htm
2023-12-28,7491 Bazı Kanun ve Kanun Hükmünde Kararnamelerde Değişiklik Yapılması Hakkında Kanun,https://www.resmigazete.gov.tr/eskiler/2023/12/20231228-10.htm
2023-12-28,–– Türkiye Cumhuriyeti Adına 30 Kasım 2023 Tarihinde İmzalanan Ekli 2022 Yılı İçin Türkiye’ye Yönelik Yıllık Eylem Programına Ait Finansman Anlaşmasının İlişik Notalarla Birlikte Onaylanması Hakkında Karar (Karar Sayısı: 7996),https://www.resmigazete.gov.tr/eskiler/2023/12/20231228-19.pdf
2023-12-28,–– Bazı Kamu İktisadi Teşebbüslerinden Alınacak Hasılat Paylarına İlişkin 30/12/2005 Tarihli ve 2005/9916 Sayılı Bakanlar Kurulu Kararının Eki Kararda Değişiklik Yapılmasına Dair Karar (Karar Sayısı: 7997),https://www.resmigazete.gov.tr/eskiler/2023/12/20231228-11.pdf
2023-12-28,–– 30/5/1985 Tarihli ve 3212 Sayılı Kanun Kapsamında 2024 Yılında Anlaşma Akdedilmeksizin Verilebilecek Mal veya Hizmetlerin Parasal Limiti ile Cinsinin Belirlenmesine İlişkin Karar (Karar Sayısı: 7998),https://www.resmigazete.gov.tr/eskiler/2023/12/20231228-12.pdf
2023-12-28,–– 4458 Sayılı Gümrük Kanununun Bazı Maddelerinin Uygulanması Hakkında Kararda Değişiklik Yapılmasına Dair Karar (Karar Sayısı: 7999),https://www.resmigazete.gov.tr/eskiler/2023/12/20231228-13.pdf
2023-12-28,–– İthalatta Gözetim ve Korunma Önlemi Uygulamaları Kapsamında Hesaplanan Katma Değer Vergisinin İndirim Hakkının Kaldırılmasına Dair Kararda Değişiklik Yapılması Hakkında Karar (Karar Sayısı: 8000),https://www.resmigazete.gov.tr/eskiler/2023/12/20231228-14.pdf
2023-12-28,"–– 4760 Sayılı Özel Tüketim Vergisi Kanununa Ekli (III) Sayılı Listenin (B) Cetvelinde Yer Alan Bazı Mallara Uygulanan Özel Tüketim Vergisi Oranları, Asgari Maktu ve Maktu Vergi Tutarlarının Yeniden Belirlenmesi ile Mezkûr Kanunun 12 nci Maddesinin (3) Numaralı Fıkrası Hükmünün Bu Mallarda 2024 Yılı Ocak-Haziran Dönemi İçin Uygulanmaması Hakkında Karar (Karar Sayısı: 8001)",https://www.resmigazete.gov.tr/eskiler/2023/12/20231228-15.pdf
2023-12-28,–– 193 Sayılı Gelir Vergisi Kanununun Geçici 67 nci Maddesinde Yer Alan Tevkifat Oranları Hakkında Karar (Karar Sayısı: 8002),https://www.resmigazete.gov.tr/eskiler/2023/12/20231228-16.pdf
2023-12-28,"–– 5602 Sayılı Şans Oyunları Hasılatından Alınan Vergi, Fon ve Payların Düzenlenmesi Hakkında Kanunun 6 ncı Maddesinin Dördüncü Fıkrasındaki Oranların Yeniden Belirlenmesine İlişkin Karar (Karar Sayısı: 8003)",https://www.resmigazete.gov.tr/eskiler/2023/12/20231228-17.pdf
2023-12-28,–– Teknoloji Geliştirme Bölgeleri ile Ar-Ge veya Tasarım Merkezlerinde Çalışan Personelin Gelir Vergisi Stopajı Teşvikine Konu Edilmek Üzere Söz Konusu Bölge ve Merkezler Dışında Geçirebilecekleri Süreler Hakkında Karar (Karar Sayısı: 8004),https://www.resmigazete.gov.tr/eskiler/2023/12/20231228-18.pdf
2023-12-28,–– Konutların Turizm Amaçlı Kiralanması Faaliyetlerinin Düzenlenmesine İlişkin Yönetmelik,https://www.resmigazete.gov.tr/eskiler/2023/12/20231228-1.htm
2023-12-28,–– Elektrik Piyasası Ölçüm Sistemleri Yönetmeliği,https://www.resmigazete.gov.tr/eskiler/2023/12/20231228-2.htm
2023-12-28,–– 2024 Yılı Tanıklık Ücret Tarifesi,https://www.resmigazete.gov.tr/eskiler/2023/12/20231228-3.htm
2023-12-28,–– 2872 sayılı Çevre Kanunu Uyarınca Verilecek İdari Para Cezalarına İlişkin Tebliğ (2024/1),https://www.resmigazete.gov.tr/eskiler/2023/12/20231228-4.htm
2023-12-28,–– Muhasebat Genel Müdürlüğü Genel Tebliği (Sıra No:86) Değerli Kağıtlar,https://www.resmigazete.gov.tr/eskiler/2023/12/20231228-5.htm
2023-12-28,–– Tarım ve Orman Bakanlığı Kontrolüne Tabi Belirli Ürünlerin Girişine Yetkili Gümrük İdareleri ile Resmi Kontrollerini Yapmaya Yetkili İl Tarım ve Orman Müdürlüklerinin Belirlenmesine Dair Tebliğde Değişiklik Yapılmasına Dair Tebliğ,https://www.resmigazete.gov.tr/eskiler/2023/12/20231228-6.htm
2023-12-28,–– Zorunlu Deprem Sigortası Tarife ve Talimat Tebliğinde Değişiklik Yapılmasına İlişkin Tebliğ,https://www.resmigazete.gov.tr/eskiler/2023/12/20231228-7.htm
2023-12-28,"–– Kamu Gözetimi, Muhasebe ve Denetim Standartları Kurulunun 25/12/2023 Tarihli ve 75935942-050.01.04-[01/21509] Sayılı Kararı",https://www.resmigazete.gov.tr/eskiler/2023/12/20231228-8.pdf
2023-12-28,–– Anayasa Mahkemesinin 20/9/2023 Tarihli ve 2019/17788 Başvuru Numaralı Kararı,https://www.resmigazete.gov.tr/eskiler/2023/12/20231228-9.pdf
2023-12-28,a - Yargı İlânları,http://www.resmigazete.gov.tr/main.aspx?home=http://www.resmigazete.gov.tr/ilanlar/eskiilanlar/2023/12/20231228.htm&main=http://www.resmigazete.gov.tr/ilanlar/eskiilanlar/2023/12/20231228-2.htm
2023-12-28,"b - Artırma, Eksiltme ve İhale İlânları",http://www.resmigazete.gov.tr/main.aspx?home=http://www.resmigazete.gov.tr/ilanlar/eskiilanlar/2023/12/20231228.htm&main=http://www.resmigazete.gov.tr/ilanlar/eskiilanlar/2023/12/20231228-3.htm
2023-12-28,c - Çeşitli İlânlar,http://www.resmigazete.gov.tr/main.aspx?home=http://www.resmigazete.gov.tr/ilanlar/eskiilanlar/2023/12/20231228.htm&main=http://www.resmigazete.gov.tr/ilanlar/eskiilanlar/2023/12/20231228-4.htm
2023-12-28,– T.C. Merkez Bankasınca Belirlenen Döviz Kurları ve Devlet İç Borçlanma Senetlerinin Günlük Değerleri,http://www.resmigazete.gov.tr/main.aspx?home=http://www.resmigazete.gov.tr/ilanlar/eskiilanlar/2023/12/20231228.htm&main=http://www.resmigazete.gov.tr/ilanlar/eskiilanlar/2023/12/20231228-5.htm
2023-12-29,"–– 4/7/1956 Tarihli ve 6772 Sayılı Kanun Kapsamına Giren Kurumlarda Çalışan İşçilere, 2024 Yılında Verilecek İlave Tediyelerin Sürelerinin Belirlenmesi Hakkında Karar (Karar Sayısı: 8012)",https://www.resmigazete.gov.tr/eskiler/2023/12/20231229-16.pdf
2023-12-29,–– İhtiyaç Sahibi Hanelere Isınma Amaçlı Kömür Yardımı Yapılmasına İlişkin Karar (Karar Sayısı: 8013),https://www.resmigazete.gov.tr/eskiler/2023/12/20231229-17.pdf
2023-12-29,"–– Tarım Sigortaları Havuzu Tarafından 2023 Yılında Kapsama Alınacak Riskler, Ürünler ve Bölgeler ile Prim Desteği Oranlarına İlişkin Kararda Değişiklik Yapılmasına Dair Karar (Karar Sayısı: 8014)",https://www.resmigazete.gov.tr/eskiler/2023/12/20231229-18.pdf
2023-12-29,"–– Tarım Sigortaları Havuzu Tarafından 2024 Yılında Kapsama Alınacak Riskler, Ürünler ve Bölgeler ile Prim Desteği Oranlarına İlişkin Karar (Karar Sayısı: 8015)",https://www.resmigazete.gov.tr/eskiler/2023/12/20231229-19.pdf
2023-12-29,–– Resmi İlan Fiyatlarının Ekli Tarifede Gösterildiği Şekilde Tespit Edilmesi ile 15/2/2023 Tarihli ve 6805 Sayılı Cumhurbaşkanı Kararının Yürürlükten Kaldırılması Hakkında Karar (Karar Sayısı: 8016),https://www.resmigazete.gov.tr/eskiler/2023/12/20231229-20.pdf
2023-12-29,"–– Araçların İmal, Tadil ve Montajı Hakkında Yönetmelikte Değişiklik Yapılmasına Dair Yönetmelik",https://www.resmigazete.gov.tr/eskiler/2023/12/20231229-1.htm
2023-12-29,–– Sigorta ve Reasürans Şirketleri ile Emeklilik Şirketlerinin Finansal Raporlamaları Hakkında Yönetmelikte Değişiklik Yapılmasına Dair Yönetmelikte Değişiklik Yapılmasına İlişkin Yönetmelik,https://www.resmigazete.gov.tr/eskiler/2023/12/20231229-2.htm
2023-12-29,–– Tasarruf Finansman Şirketlerinin Kuruluş ve Faaliyet Esasları Hakkında Yönetmelikte Değişiklik Yapılmasına Dair Yönetmelik,https://www.resmigazete.gov.tr/eskiler/2023/12/20231229-3.htm
2023-12-29,–– Beşeri Tıbbi Ürünlerin Klinik Araştırmaları Hakkında Yönetmelikte Değişiklik Yapılmasına Dair Yönetmelik,https://www.resmigazete.gov.tr/eskiler/2023/12/20231229-4.htm
2023-12-29,–– 2024 Yılı Arabuluculuk Asgari Ücret Tarifesi,https://www.resmigazete.gov.tr/eskiler/2023/12/20231229-5.htm
2023-12-29,–– 2872 Sayılı Çevre Kanunu Uyarınca Alınacak Geri Kazanım Katılım Payı Tutarlarına İlişkin Tebliğ (2024/1),https://www.resmigazete.gov.tr/eskiler/2023/12/20231229-6.htm
2023-12-29,–– 5627 Sayılı Enerji Verimliliği Kanununun 10 uncu Maddesine Göre 2024 Yılında Uygulanacak Olan İdari Para Cezalarına İlişkin Tebliğ (Sıra Numarası: 2024/1),https://www.resmigazete.gov.tr/eskiler/2023/12/20231229-7.htm
2023-12-29,–– Yetki Belgesi ve Sertifika Bedelleri Hakkında Tebliğ (Sıra Numarası: 2024/2),https://www.resmigazete.gov.tr/eskiler/2023/12/20231229-8.htm
2023-12-29,–– Kırsal Kalkınma Destekleri Kapsamında Tarıma Dayalı Yatırımların Desteklenmesi Hakkında Tebliğ (No: 2023/51),https://www.resmigazete.gov.tr/eskiler/2023/12/20231229-9.htm
2023-12-29,–– Sigorta ve Reasürans ile Emeklilik Şirketlerinin Finansal Tablolarının Sunumu Hakkında Tebliğde Değişiklik Yapılmasına Dair Tebliğ,https://www.resmigazete.gov.tr/eskiler/2023/12/20231229-10.htm
2023-12-29,–– Sigortacılık Tekdüzen Hesap Planı ve İzahnamesi Hakkında Tebliğde Değişiklik Yapılmasına Dair Tebliğ,https://www.resmigazete.gov.tr/eskiler/2023/12/20231229-11.htm
2023-12-29,–– Nükleer Düzenleme Kurulunun 14/12/2023 Tarihli ve 2023-94/1-1 Sayılı Kararı,https://www.resmigazete.gov.tr/eskiler/2023/12/20231229-12.pdf
2023-12-29,–– Bankacılık Düzenleme ve Denetleme Kurulunun 26/12/2023 Tarihli ve 10762 Sayılı Kararı,https://www.resmigazete.gov.tr/eskiler/2023/12/20231229-13.pdf
2023-12-29,–– Anayasa Mahkemesinin 20/9/2023 Tarihli ve 2019/14893 Başvuru Numaralı Kararı,https://www.resmigazete.gov.tr/eskiler/2023/12/20231229-14.pdf
2023-12-29,–– Anayasa Mahkemesinin 20/9/2023 Tarihli ve 2020/5404 Başvuru Numaralı Kararı,https://www.resmigazete.gov.tr/eskiler/2023/12/20231229-15.pdf
2023-12-29,"a - Artırma, Eksiltme ve İhale İlânları",http://www.resmigazete.gov.tr/main.aspx?home=http://www.resmigazete.gov.tr/ilanlar/eskiilanlar/2023/12/20231229.htm&main=http://www.resmigazete.gov.tr/ilanlar/eskiilanlar/2023/12/20231229-3.htm
2023-12-29,- Çeşitli İlânlar,http://www.resmigazete.gov.tr/main.aspx?home=http://www.resmigazete.gov.tr/ilanlar/eskiilanlar/2023/12/20231229.htm&main=http://www.resmigazete.gov.tr/ilanlar/eskiilanlar/2023/12/20231229-4.htm
2023-12-29,– T.C. Merkez Bankasınca Belirlenen Döviz Kurları ve Devlet İç Borçlanma Senetlerinin Günlük Değerleri,http://www.resmigazete.gov.tr/main.aspx?home=http://www.resmigazete.gov.tr/ilanlar/eskiilanlar/2023/12/20231229.htm&main=http://www.resmigazete.gov.tr/ilanlar/eskiilanlar/2023/12/20231229-5.htm
2023-12-29,"29/12/2023 tarihli ve 32414 mükerrer sayılı Resmî Gazete’de, Tebliğler ve Kurul Kararları yayımlanmıştır.",http://www.resmigazete.gov.tr/eskiler/2023/12/20231229M1.htm
2023-12-29,"29/12/2023 tarihli ve 32414 2. mükerrer sayılı Resmî Gazete’de, Andlaşmalar ve Tebliğler yayımlanmıştır.",http://www.resmigazete.gov.tr/eskiler/2023/12/20231229M2.htm
2023-12-30,–– Kamu Kurum ve Kuruluşlarının Ürettikleri Bazı Mal ve Hizmetlerden Ücretsiz veya İndirimli Olarak Faydalanacakların Tespitine İlişkin Karar (Karar Sayısı: 8037),https://www.resmigazete.gov.tr/eskiler/2023/12/20231230-1.pdf
2023-12-30,–– Ziraat Katılım Bankası A.Ş. Tarafından Tarımsal Üretime Dair Hazine Kâr Payı Destekli Yatırım ve İşletme Finansmanı Kullandırılmasına İlişkin Karar (Karar Sayısı: 8038),https://www.resmigazete.gov.tr/eskiler/2023/12/20231230-2.pdf
2023-12-30,–– T.C. Ziraat Bankası A.Ş. ve Tarım Kredi Kooperatiflerince Tarımsal Üretime Dair Hazine Faiz Destekli Yatırım ve İşletme Kredisi Kullandırılmasına İlişkin Karar (Karar Sayısı: 8039),https://www.resmigazete.gov.tr/eskiler/2023/12/20231230-3.pdf
2023-12-30,–– Afet Bölgelerinde Sanayi Alanları İle Sanayi İşyerlerine İlişkin Yönetmelik,https://www.resmigazete.gov.tr/eskiler/2023/12/20231230-4.htm
2023-12-30,–– Ölçü ve Ölçü Aletlerinden Alınacak Muayene ve Damgalama Ücret Yönetmeliğinde Değişiklik Yapılmasına Dair Yönetmelik,https://www.resmigazete.gov.tr/eskiler/2023/12/20231230-7.htm
2023-12-30,–– Bağlama Kütüğü Uygulama Yönetmeliğinde Değişiklik Yapılmasına Dair Yönetmelik,https://www.resmigazete.gov.tr/eskiler/2023/12/20231230-5.htm
2023-12-30,–– Kişisel Verileri Koruma Kurulu Çalışma Usul ve Esaslarına Dair Yönetmelikte Değişiklik Yapılmasına İlişkin Yönetmelik,https://www.resmigazete.gov.tr/eskiler/2023/12/20231230-6.htm
2023-12-30,–– Asgari Ücret Tespit Komisyonu Kararı,https://www.resmigazete.gov.tr/eskiler/2023/12/20231230-10.pdf
2023-12-30,"–– Su, Elektrik ve Gaz Sayaçları Tamir ve Ayar Ücret Tarifesi Hakkında Tebliğ (No: MSÜGGM – 2023/1)",https://www.resmigazete.gov.tr/eskiler/2023/12/20231230-8.htm
2023-12-30,–– Sermaye Piyasası Kurulunun 2024 Yılı Gayrimenkul Değerleme Asgari Ücret Tarifesi ve Uygulama Esaslarına İlişkin Kararı,https://www.resmigazete.gov.tr/eskiler/2023/12/20231230-9.pdf
2023-12-30,a - Yargı İlânları,http://www.resmigazete.gov.tr/main.aspx?home=http://www.resmigazete.gov.tr/ilanlar/eskiilanlar/2023/12/20231230.htm&main=http://www.resmigazete.gov.tr/ilanlar/eskiilanlar/2023/12/20231230-2.htm
2023-12-30,"b - Artırma, Eksiltme ve İhale İlânları",http://www.resmigazete.gov.tr/main.aspx?home=http://www.resmigazete.gov.tr/ilanlar/eskiilanlar/2023/12/20231230.htm&main=http://www.resmigazete.gov.tr/ilanlar/eskiilanlar/2023/12/20231230-3.htm
2023-12-30,c - Çeşitli İlânlar,http://www.resmigazete.gov.tr/main.aspx?home=http://www.resmigazete.gov.tr/ilanlar/eskiilanlar/2023/12/20231230.htm&main=http://www.resmigazete.gov.tr/ilanlar/eskiilanlar/2023/12/20231230-4.htm
2023-12-30,– T.C. Merkez Bankasınca Belirlenen Döviz Kurları ve Devlet İç Borçlanma Senetlerinin Günlük Değerleri,http://www.resmigazete.gov.tr/main.aspx?home=http://www.resmigazete.gov.tr/ilanlar/eskiilanlar/2023/12/20231230.htm&main=http://www.resmigazete.gov.tr/ilanlar/eskiilanlar/2023/12/20231230-5.htm
2023-12-30,"30/12/2023 tarihli ve 32415 mükerrer sayılı Resmî Gazete’de,İstatistik Pozisyonlarına Bölünmüş Türk Gümrük Tarife Cetveli yayımlanmıştır.",http://www.resmigazete.gov.tr/eskiler/2023/12/20231230M1.htm
2023-12-30,"30/12/2023 tarihli ve 32415 2. mükerrer sayılı Resmî Gazete’de,Tebliğler ve Kurul Kararları yayımlanmıştır.",http://www.resmigazete.gov.tr/eskiler/2023/12/20231230M2.htm
2023-12-31,–– Filmaşin İthalatında Geçici Korunma Önlemi Uygulanmasına İlişkin Karar (Karar Sayısı: 8041),https://www.resmigazete.gov.tr/eskiler/2023/12/20231231-10.pdf
2023-12-31,–– Hayvansal Gıdalar İçin Özel Hijyen Kuralları Yönetmeliğinde Değişiklik Yapılmasına Dair Yönetmelik,https://www.resmigazete.gov.tr/eskiler/2023/12/20231231-1.htm
2023-12-31,–– İnsan Tüketimi Amacıyla Kullanılmayan Hayvansal Yan Ürünler Yönetmeliğinde Değişiklik Yapılmasına Dair Yönetmelik,https://www.resmigazete.gov.tr/eskiler/2023/12/20231231-2.htm
2023-12-31,–– 2024 Yılı Uzlaştırmacı Asgari Ücret Tarifesi,https://www.resmigazete.gov.tr/eskiler/2023/12/20231231-3.htm
2023-12-31,–– Milli Emlak Genel Tebliği (Sıra No: 418),https://www.resmigazete.gov.tr/eskiler/2023/12/20231231-5.htm
2023-12-31,–– Geçici İthal Edilen Kara Taşıtlarına İlişkin Gümrük Genel Tebliği (Seri No: 1)’nde Değişiklik Yapılmasına Dair Tebliğ (Seri No: 8),https://www.resmigazete.gov.tr/eskiler/2023/12/20231231-7.htm
2023-12-31,–– Gümrük Genel Tebliği (Transit Rejimi) (Seri No: 4)’nde Değişiklik Yapılmasına Dair Tebliğ (Transit Rejimi) (Seri No: 15 ),https://www.resmigazete.gov.tr/eskiler/2023/12/20231231-8.htm
2023-12-31,–– İthalatta Korunma Önlemlerine İlişkin Tebliğ (No: 2023/8),https://www.resmigazete.gov.tr/eskiler/2023/12/20231231-9.htm
2023-12-31,–– İthalatta Haksız Rekabetin Önlenmesine İlişkin Tebliğ (No: 2023/37),https://www.resmigazete.gov.tr/eskiler/2023/12/20231231-6.htm
2023-12-31,a - Yargı İlânları,http://www.resmigazete.gov.tr/main.aspx?home=http://www.resmigazete.gov.tr/ilanlar/eskiilanlar/2023/12/20231231.htm&main=http://www.resmigazete.gov.tr/ilanlar/eskiilanlar/2023/12/20231231-2.htm
2023-12-31,"b - Artırma, Eksiltme ve İhale İlânları",http://www.resmigazete.gov.tr/main.aspx?home=http://www.resmigazete.gov.tr/ilanlar/eskiilanlar/2023/12/20231231.htm&main=http://www.resmigazete.gov.tr/ilanlar/eskiilanlar/2023/12/20231231-3.htm
2023-12-31,c - Çeşitli İlânlar,http://www.resmigazete.gov.tr/main.aspx?home=http://www.resmigazete.gov.tr/ilanlar/eskiilanlar/2023/12/20231231.htm&main=http://www.resmigazete.gov.tr/ilanlar/eskiilanlar/2023/12/20231231-4.htm
2023-12-31,– T.C. Merkez Bankasınca Belirlenen Devlet İç Borçlanma Senetlerinin Günlük Değerleri,http://www.resmigazete.gov.tr/main.aspx?home=http://www.resmigazete.gov.tr/ilanlar/eskiilanlar/2023/12/20231231.htm&main=http://www.resmigazete.gov.tr/ilanlar/eskiilanlar/2023/12/20231231-5.htm
2023-12-31,"31/12/2023 tarihli ve 32416 mükerrer sayılı Resmî Gazete’de, 2024 Yılı Merkezi Yönetim Bütçe Kanunu yayımlanmıştır.",http://www.resmigazete.gov.tr/eskiler/2023/12/20231231M1.htm
2023-12-31,"31/12/2023 tarihli ve 32416 2. mükerrer sayılı Resmî Gazete’de, 2022 Yılı Merkezi Yönetim Kesin Hesap Kanunu yayımlanmıştır.",http://www.resmigazete.gov.tr/eskiler/2023/12/20231231M2.htm
2023-12-31,"31/12/2023 tarihli ve 32416 3. mükerrer sayılı Resmî Gazete’de, Cumhurbaşkanı Kararları ile Tebliğler yayımlanmıştır.",http://www.resmigazete.gov.tr/eskiler/2023/12/20231231M3.htm
2023-12-31,"31/12/2023 tarihli ve 32416 4. mükerrer sayılı Resmî Gazete’de, Ürün Güvenliği ve Denetimi Tebliğleri yayımlanmıştır.",http://www.resmigazete.gov.tr/eskiler/2023/12/20231231M4.htm
2023-12-31,"31/12/2023 tarihli ve 32416 5. mükerrer sayılı Resmî Gazete’de, Milletlerarası Andlaşmalar, Cumhurbaşkanı Kararı, Yönetmelikler ile Tebliğler yayımlanmıştır.",http://www.resmigazete.gov.tr/eskiler/2023/12/20231231M5.htm
