Datetime,Text,Hyperlink
2001-01-02,2000/1728 Türk-Çek Uluslararası Kara Ulaştırması Karma Komisyon Toplantısı Protokolu’nun Onaylanması Hakkında Karar,https://www.resmigazete.gov.tr/eskiler/2001/01/20010102.htm#1
2001-01-02,— Mülga Dış Krediler Kur Farkı Fonu’ndan Kullanılmış Kredilere Uygulanacak Değişken Faiz Oranı Hakkında Tebliğ,https://www.resmigazete.gov.tr/eskiler/2001/01/20010102.htm#2
2001-01-03,2000/1724 Tasfiye Tüzüğü,https://www.resmigazete.gov.tr/eskiler/2001/01/20010103.htm#1
2001-01-03,— Köy Hizmetleri Genel Müdürlüğü Personelinin Yer Değiştirme Suretiyle Atanmalarına İlişkin Yönetmelik,https://www.resmigazete.gov.tr/eskiler/2001/01/20010103.htm#2
2001-01-03,— Adnan Menderes Üniversitesi Kütüphaneler Yönetmeliğinin 19 uncu Maddesinin Değiştirilmesi Hakkında Yönetmelik,https://www.resmigazete.gov.tr/eskiler/2001/01/20010103.htm#3
2001-01-03,— Projelere Dış Finansman Sağlanmasına İlişkin Esas ve Usullere DairTebliğ,https://www.resmigazete.gov.tr/eskiler/2001/01/20010103.htm#4
2001-01-03,— Petrol Ürünlerine Uygulanacak Akaryakıt Fiyat İstikrar Fonu Payları Hakkında Tebliğ (PİGM/AFİF 2000-1),https://www.resmigazete.gov.tr/eskiler/2001/01/20010103.htm#5
2001-01-04,2000/1742 Türkiye Cumhuriyeti ile Bulgaristan Cumhuriyeti Arasındaki SerbestTicaret Anlaşması’nın Eki “Menşeli Ürünler” Kavramının Tanımı ve İdari İşbirliği Yöntemleri Hakkında Protokol B’nin Değiştirilmesine İlişkin 99/3 Sayılı Ortak Komite Kararı’nın Onaylanması Hakkında Karar,https://www.resmigazete.gov.tr/eskiler/2001/01/20010104.htm#1
2001-01-04,2000/1770 Orman Bakanlığı Güneydoğu Anadolu Bölge Müdürlüğü’ne Bağlı Olarak “Van Ağaçlandırma ve Erozyon Kontrolu Başmühendisliği”nin Kurulması HakkındaKarar,https://www.resmigazete.gov.tr/eskiler/2001/01/20010104.htm#2
2001-01-04,"2000/1793 İstanbul İli, Pendik İlçesinde Yer Alan Sabiha Gökçen Havaalanının Yolcu Giriş-Çıkış Kapısı Olarak Tespiti Hakkında Karar",https://www.resmigazete.gov.tr/eskiler/2001/01/20010104.htm#3
2001-01-04,2000/1792 B aşbakanlık Yüksek Denetleme Kurulu Üyeliğine Mustafa Turan’ın Atanması Hakkında Karar,https://www.resmigazete.gov.tr/eskiler/2001/01/20010104.htm#4
2001-01-04,( 4611 Sayılı “2001 Mali Yılı Bütçe Kanunu”nun Eki Cetvellerden Cumhurbaşkanlığına Ait Cetvel ile İlgili),https://www.resmigazete.gov.tr/eskiler/2001/01/20010104.htm#5
2001-01-05,2000/1755 Türkiye Cumhuriyeti Dışişleri Bakanlığı ile Yeni Zelanda Dışişleri Bakanılığı Arasında Siyasi İstişare Mekanizması Kurulmasına İlişkin Mutabakat Muhtırası’nın Onaylanması Hakkında Karar,https://www.resmigazete.gov.tr/eskiler/2001/01/20010105.htm#1
2001-01-05,"— Devlet Bakanlığı, Tarım ve Köyişleri, Sanayi ve Ticaret ile Orman Bakanlık- larına Ait 11 Adet Atama Kararı",https://www.resmigazete.gov.tr/eskiler/2001/01/20010105.htm#2
2001-01-05,İstanbul Teknik Üniversitesi DönerSermaye İşletmesi Yönetmeliğinin 2 nci Maddesinde Değişiklik Yapılmasına Dair Yönetmelik,https://www.resmigazete.gov.tr/eskiler/2001/01/20010105.htm#3
2001-01-05,Petrol Ürünlerine Uygulanacak Akaryakıt Fiyat İstikrar Fonu Payları Hakkında Tebliğ (PİGM/AFİF 2000-2,https://www.resmigazete.gov.tr/eskiler/2001/01/20010105.htm#4
2001-01-05,— Anayasa Mahkemesinin E : 2000/14 (2547 Sayılı Kanunda Değişiklik Yapan 4498 Sayılı Kanun ile İlgili) K : 2000/21 Sayılı Kararı,https://www.resmigazete.gov.tr/eskiler/2001/01/20010105.htm#5
2001-01-05,— Yargıtay 18. Hukuk Dairesine Ait Bir Adet Karar,https://www.resmigazete.gov.tr/eskiler/2001/01/20010105.htm#6
2001-01-06,"— Ulaştırma Bakanlığına, Sağlık Bakanı Doç. Dr. Osman DURMUŞ’un Vekâlet Etmesine Dair Tezkere",https://www.resmigazete.gov.tr/eskiler/2001/01/20010106.htm#1
2001-01-06,2001/1773 Kamu Personelinin Maaşlarının Hesabına Esas Tutulan Katsayıların Yeniden Tespiti ile Muhtelif Statülerde İstihdam Edilen Sözleşmeli Personelin Ücretlerinin Arttırılmasına İlişkin Karar,https://www.resmigazete.gov.tr/eskiler/2001/01/20010106.htm#2
2001-01-06,2001/1773 Yeniden Yapılandırma Kurulu Üyeliklerine Listede Adları Yazılı Kişilerin Atanması Hakkında Karar,https://www.resmigazete.gov.tr/eskiler/2001/01/20010106.htm#3
2001-01-06,— Kültür Bakanlığına Ait Atama Kararı,https://www.resmigazete.gov.tr/eskiler/2001/01/20010106.htm#4
2001-01-06,— Hakimler ve SavcılarYüksek Kuruluna Ait Atama Kararları,https://www.resmigazete.gov.tr/eskiler/2001/01/20010106.htm#5
2001-01-06,İhracatçı Birlikleri Yönetmeliğinin Bazı Maddelerinin Değiştirilmesi Hakkında Yönetmelik,https://www.resmigazete.gov.tr/eskiler/2001/01/20010106.htm#6
2001-01-06,— Bağ-Kur Genel Müdürlüğü Sicil Amirleri Yönetmeliğinde Değişiklik Yapılmasına İlişkin Yönetmelik,https://www.resmigazete.gov.tr/eskiler/2001/01/20010106.htm#7
2001-01-06,"— 1479 Sayılı Bağ-Kur Kanununun 62 nci Maddesinde Belirtilen Hallerde, Sigortalılarla Hak Sahiplerine Verilecek Yol Paraları ile Zaruri Masraflar Hakkındaki Tarife ile İlgili Yönetmeliğin Yürürlükten Kaldırılması Hakkında Yönetmelik",https://www.resmigazete.gov.tr/eskiler/2001/01/20010106.htm#8
2001-01-06,— Bağ-Kur Genel Müdürlüğü Disiplin Amirleri Yönetmeliğinde Değişiklik Yapılmasına İlişkin Yönetmelik,https://www.resmigazete.gov.tr/eskiler/2001/01/20010106.htm#9
2001-01-06,— Galata saray Üniversitesi Sosyal Bilimler Enstitüsü Lisansüstü Eğitim ve Öğretim Yönetmeliği,https://www.resmigazete.gov.tr/eskiler/2001/01/20010106.htm#10
2001-01-06,— 2001 Mali Yılı Bütçe Uygulama Talimatı (Sıra No : 3),https://www.resmigazete.gov.tr/eskiler/2001/01/20010106.htm#11
2001-01-06,Özelleştirme YüksekKurulunun 2000/92 Sayılı Kararı,https://www.resmigazete.gov.tr/eskiler/2001/01/20010106.htm#12
2001-01-06,(4611 Sayılı 2001 Mali Yılı Bütçe Kanunu Eki Cetvellerden Maliye Bakanlığına Ait Cetvel ile İlgili),https://www.resmigazete.gov.tr/eskiler/2001/01/20010106.htm#13
2001-01-07,2000/1766 Marmara Depremi Nedeniyle Oluşan Hasarların Giderilmesini Teminen Kalıcı Konutlara Tahsis Edilmek Üzere Avrupa Konseyi Kalkınma Bankası’ndan Sağlanan Kredinin 50 Milyon ABD Doları Tutarındaki İkinci Dilimine İlişkin Anlaşma’nın Onaylanması Hakkında Karar,https://www.resmigazete.gov.tr/eskiler/2001/01/20010107.htm#1
2001-01-07,Aksaray Valiliği Mahalli Çevre Kurulu Kararı (No: 2000/7),https://www.resmigazete.gov.tr/eskiler/2001/01/20010107.htm#2
2001-01-07,— Şırnak Valiliği Mahalli Çevre Kurulu Kararı (No: 2000/2),https://www.resmigazete.gov.tr/eskiler/2001/01/20010107.htm#3
2001-01-08,"2000/1756 Türkiye Cumhuriyeti Hükümeti ile Gürcistan Cumhuriyeti Hükümeti Arasında Tarım Alanında Teknik, Bilimsel ve Ekonomik İşbirliği Protokolu’nun Onaylanması Hakkında Karar",https://www.resmigazete.gov.tr/eskiler/2001/01/20010108.htm#1
2001-01-08,2000/1794 Türkiye Cumhuriyeti Hükümeti ile Ukrayna Bakanlar Kabinesi Arasında Savunma Sanayii İşbirliği Anlaşması’nın Onaylanması Hakkında Karar,https://www.resmigazete.gov.tr/eskiler/2001/01/20010108.htm#2
2001-01-08,"— Devlet Bakanı Prof. Dr. Abdulhaluk Mehmet ÇAY’a, Devlet Bakanı Prof. Dr. Ramazan MİRZAOĞLU’nun Vekâlet Etmesine Dair Tezkere",https://www.resmigazete.gov.tr/eskiler/2001/01/20010108.htm#3
2001-01-08,— Motorlu Araçların Ön Cam Silme ve Yıkama Sistemleri ile İlgili Tip Onayı Yönetmeliği (78/318/AT),https://www.resmigazete.gov.tr/eskiler/2001/01/20010108.htm#4
2001-01-09,"— Devlet Bakanı Prof. Dr. Tunca TOSKAY’a, Tarım ve Köyişleri Bakanı Prof. Dr. Hüsnü Yusuf GÖKALP’in Vekâlet Etmesine Dair Tezkere",https://www.resmigazete.gov.tr/eskiler/2001/01/20010109.htm#1
2001-01-09,"— Dışişleri Bakanlığına, DevletBakanı Prof. Dr. Şükrü S.GÜREL’in Vekâlet Etmesine Dair Tezkere",https://www.resmigazete.gov.tr/eskiler/2001/01/20010109.htm#2
2001-01-09,— Türkiye İhracatçılar Meclisi (TİM) Yönetmeliği,https://www.resmigazete.gov.tr/eskiler/2001/01/20010109.htm#3
2001-01-09,— Avrupa Patentlerinin Verilmesi ile İlgili Avrupa Patent Sözleşmesinin Türkiye’de Uygulama Şeklini Gösterir Yönetmelik,https://www.resmigazete.gov.tr/eskiler/2001/01/20010109.htm#4
2001-01-09,— Motorlu Araçların Emniyet Kemerleri Bağlantı Parçaları ile İlgili Tip Onayı Yönetmeliği (76/115/AT),https://www.resmigazete.gov.tr/eskiler/2001/01/20010109.htm#5
2001-01-09,— Niğde İli Sınırları Dahilinde Çözücü ve Yapıştırıcı Nitelik Taşıyan Uçucu ve Bağımlılık Yapan Maddelerin 18 Yaşından Küçüklere Satışının Yasaklanmasına Dair Karar (No: 2000/334),https://www.resmigazete.gov.tr/eskiler/2001/01/20010109.htm#6
2001-01-10,"— Devlet Bakanı ve Başbakan Yardımcısı Mesut YILMAZ’a, Enerji ve Tabii Kaynaklar Bakanı M. Cumhur ERSÜMER’in Vekâlet Etmesine Dair Tezkere",https://www.resmigazete.gov.tr/eskiler/2001/01/20010110.htm#1
2001-01-10,"— Turizm Bakanlığına, Devlet Bakanı Edip Safder GAYDALI’nın Vekâlet Etmesine Dair Tezkere",https://www.resmigazete.gov.tr/eskiler/2001/01/20010110.htm#2
2001-01-10,— Yükseköğretim Kurulu Üyeliğine Prof. Dr. Ramazan ARSLAN'ın Seçilmesi Hakkında Karar (No: 2001/1),https://www.resmigazete.gov.tr/eskiler/2001/01/20010110.htm#3
2001-01-10,— Yükseköğretim Kurulu Üyeliğine Prof. Dr. Aysel ÇELİKEL'in Seçilmesi Hakkında Karar (No: 2001/2),https://www.resmigazete.gov.tr/eskiler/2001/01/20010110.htm#9
2001-01-10,— Hükümlü Ali KOÇ’un Cezasının Kaldırılması Hakkında Karar (No: 2001/8),https://www.resmigazete.gov.tr/eskiler/2001/01/20010110.htm#4
2001-01-10,"Devlet, Adalet, Millî Eğitim, Sağlık ve Ulaştırma Bakanlıklarına Ait 6 Adet Atama Kararı",https://www.resmigazete.gov.tr/eskiler/2001/01/20010110.htm#5
2001-01-10,— İstanbul Üniversitesi Ulaştırma ve Lojistik Yüksekokulu Lisans Öğretim ve Sınav Yönetmeliği,https://www.resmigazete.gov.tr/eskiler/2001/01/20010110.htm#6
2001-01-10,— 2001 Mali Yılı Bütçe Uygulama Talimatı (Sıra No: 4),https://www.resmigazete.gov.tr/eskiler/2001/01/20010110.htm#7
2001-01-10,— Rekabet Kurulunun 99-52/563-353 Sayılı Kararı,https://www.resmigazete.gov.tr/eskiler/2001/01/20010110.htm#8
2001-01-11,— Eti Holding A.Ş.Genel Müdürlüğü Memurları Disiplin Kurulları ve Disiplin Amirleri Yönetmeliği,https://www.resmigazete.gov.tr/eskiler/2001/01/20010111.htm#1
2001-01-11,— Eti Holding A.Ş.GenelMüdürlüğü Sözleşmeli Personel Disiplin Kurulları ve Disiplin Amirleri Yönetmeliği,https://www.resmigazete.gov.tr/eskiler/2001/01/20010111.htm#2
2001-01-11,— Öze lleştirme YüksekKurulunun 2001/2 S ayılı Kararı,https://www.resmigazete.gov.tr/eskiler/2001/01/20010111.htm#3
2001-01-11,— Sektörel DışTicaretŞirketi Statüsünün Sona Ermesine İlişkinKarar,https://www.resmigazete.gov.tr/eskiler/2001/01/20010111.htm#4
2001-01-11,— Dış Ticaret Sermaye Şirketlerine İlişkinKarar,https://www.resmigazete.gov.tr/eskiler/2001/01/20010111.htm#5
2001-01-11,— Antalya İlinde Motorlu Taşıt Egzoz Gazı Emisyon Ölçümleri Konusunda Uygulanacak Esaslara İlişkin Tebliğ,https://www.resmigazete.gov.tr/eskiler/2001/01/20010111.htm#6
2001-01-11,— Kayseri Valiliği Mahalli Çevre Kurulu Kararı (No: 9),https://www.resmigazete.gov.tr/eskiler/2001/01/20010111.htm#7
2001-01-12,711 Tekstil ve Konfeksiyon Sektörünün Sorunlarının Araştırılarak Alınması Gereken Tedbirlerin Belirlenmesi Amacıyla Bir Meclis Araştırması Komisyonu Kurulmasına İlişkin Karar,https://www.resmigazete.gov.tr/eskiler/2001/01/20010112.htm#1
2001-01-12,— Yükseköğretim Kurulu Üyeliğine Prof. Dr. Selçuk ÖZTEK’in Seçilmesi Hakkında Karar,https://www.resmigazete.gov.tr/eskiler/2001/01/20010112.htm#2
2001-01-12,— Basın İlân Kurumu Genel Kurul Üyeliğine Reşat ŞAMİLOĞLU’nun Seçilmesi Hakkında Karar (N o: 2001/10),https://www.resmigazete.gov.tr/eskiler/2001/01/20010112.htm#3
2001-01-12,"— Devlet, Maliye, Tarım ve Köyişleri ile Kültür Bakanlıklarına Ait 6 Adet Atama Kararı",https://www.resmigazete.gov.tr/eskiler/2001/01/20010112.htm#4
2001-01-12,— Müşahade ve Sınıflandırma Merkezlerine Dair Yönetmeliğe Bir Geçici Madde Eklenmesine Dair Yönetmelik,https://www.resmigazete.gov.tr/eskiler/2001/01/20010112.htm#5
2001-01-12,— Pamukkale Üniversitesi Sür ekli Eğitim ve Program Geliştirme Merkezi Yönetmeliği,https://www.resmigazete.gov.tr/eskiler/2001/01/20010112.htm#6
2001-01-12,— Pamukkale Üniversitesi Gen Mühendisliği - Biyoteknoloji Araştırma ve Uygulama Merkezi Yönetmeliği,https://www.resmigazete.gov.tr/eskiler/2001/01/20010112.htm#7
2001-01-12,Millî Emlak Genel Tebliği (Sıra No: 248),https://www.resmigazete.gov.tr/eskiler/2001/01/20010112.htm#8
2001-01-12,— Hampetrol ve Petrol Ürünleri İthalinde Uygulanacak Esaslar Hakkında Tebliğde Değişiklik Yapılmasına Dair Tebliğ (2001/1),https://www.resmigazete.gov.tr/eskiler/2001/01/20010112.htm#9
2001-01-12,— Bazı Petrol Yan Ürünlerinin İthalinde Uygulanacak Usul ve Esaslara İlişkin Tebliğde Değişiklik Yapılmasına Dair Tebliğ (2001/1-A),https://www.resmigazete.gov.tr/eskiler/2001/01/20010112.htm#10
2001-01-12,— Yerli Olarak Üretilen Petrol Ürünlerinin Yurt İçi Satışında Uyulması Gerekli Bulunan Usul ve Esaslara İlişkin Tebliğde Değişiklik Yapılmasına Dair Tebliğ (2001/1-B),https://www.resmigazete.gov.tr/eskiler/2001/01/20010112.htm#11
2001-01-12,— Petrol Ürünlerine Uygulanacak Akaryakıt Fiyat İstikrar Fonu Payları Hakkında Tebliğ (PİGM/AFİF 2001-3),https://www.resmigazete.gov.tr/eskiler/2001/01/20010112.htm#12
2001-01-12,— İhtisas Gümrüğü Tebliği (Otomotiv) (Gümrük İşleri) Seri No: 5,https://www.resmigazete.gov.tr/eskiler/2001/01/20010112.htm#13
2001-01-13,"— 544, 551, 554, 555 ve 556 Sayılı Kanun Hükmünde Kararnameler Gereğince Türk Patent Enstitüsünce Uygulanacak Olan Ücret Tarifesine İlişkin Tebliğ (BİK/TPE: 01/1)",https://www.resmigazete.gov.tr/eskiler/2001/01/20010113.htm#1
2001-01-13,— İthalat: 2001/6 Sayılı Tebliğ’de Yer Alan Sanayi Ürünlerinin Satış Sonrası Hizmetlerine Dair Tebliğ (SGM-2001/1),https://www.resmigazete.gov.tr/eskiler/2001/01/20010113.htm#2
2001-01-13,— Yargıtay 2. Hukuk Dairesine Ait İki Adet Karar,https://www.resmigazete.gov.tr/eskiler/2001/01/20010113.htm#3
2001-01-14,"— Dışişleri Bakanlığına, Devlet Bakanı Prof. Dr. Şükrü S. GÜREL’in Vekâlet Etmesine Dair Tezkere",https://www.resmigazete.gov.tr/eskiler/2001/01/20010114.htm#1
2001-01-14,— Turizm İşletmelerine Personel Yetiştirme Temel Eğitim Kursları Yönetmeliğinin Bir Maddesinin Değiştirilmesi Hakkında Yönetmelik,https://www.resmigazete.gov.tr/eskiler/2001/01/20010114.htm#2
2001-01-14,— Çankaya Üniversitesi Lisansüstü Eğitim ve Öğretim Yönetmeliği,https://www.resmigazete.gov.tr/eskiler/2001/01/20010114.htm#3
2001-01-14,— Karabük Valiliği Mahalli Çevre Kurul Kararı (No: 2000/12),https://www.resmigazete.gov.tr/eskiler/2001/01/20010114.htm#4
2001-01-15,— Tapu ve Kadastro Genel Müdürlüğü Personelinin Görevde Yükselme ve Yer Değiştirme Suretiyle Atanma Esaslarına Dair Yönetmelikte Değişiklik Yapılmasına ve Bir Geçici Madde Eklenmesine Dair Yönetmelik,https://www.resmigazete.gov.tr/eskiler/2001/01/20010115.htm#1
2001-01-15,— Hacettepe Ünive rsitesi İşletmecilik Meslek Etiği Uygulama ve Araştırma Merkezi Yönetmeliği,https://www.resmigazete.gov.tr/eskiler/2001/01/20010115.htm#2
2001-01-15,— Balıkesir Valiliği Mahalli Çevre Kurulu Kararı (No: 2000/11),https://www.resmigazete.gov.tr/eskiler/2001/01/20010115.htm#3
2001-01-15,— Kilis Valiliği Mahalli Çevre Kurulu Kararı (No: 3),https://www.resmigazete.gov.tr/eskiler/2001/01/20010115.htm#4
2001-01-16,4617 Yükseköğretim Kurumları Teşkilâtı Kanununda Değişiklik Yapılmasına Dair Kanun,https://www.resmigazete.gov.tr/eskiler/2001/01/20010116.htm#1
2001-01-16,"— Kültür Bakanlığına, Devlet Bakanı Hasan GEMİCİ’nin Vekâlet Etmesine Dair Tezkere",https://www.resmigazete.gov.tr/eskiler/2001/01/20010116.htm#2
2001-01-16,"— Başbakanlık, Devlet, Bayındırlık ve İskan, Sanayi ve Ticaret Bakanlıklarına Ait 4 Adet Atama Kararı",https://www.resmigazete.gov.tr/eskiler/2001/01/20010116.htm#3
2001-01-16,— Türkiye Selüloz ve Kağıt Fabrikaları A.Ş. (SEKA) Genel Müdürlüğü Teftiş Kurulu Yönetmeliği,https://www.resmigazete.gov.tr/eskiler/2001/01/20010116.htm#4
2001-01-16,— Sıcak ve Soğuk Haddelenmiş Sac İthalatında Tarife Kontenjanı Uygulamasına İlişkin Tebliğ,https://www.resmigazete.gov.tr/eskiler/2001/01/20010116.htm#5
2001-01-16,"— Anayasa Mahkemesinin E : 2000/4 (Siyasî Parti Malî Denetimi), K: 2001/1 Sayılı Kararı",https://www.resmigazete.gov.tr/eskiler/2001/01/20010116.htm#6
2001-01-16,"— Anayasa Mahkemesinin E : 1999/26 (Siyasî Parti Malî Denetimi), K: 2001/2 Sayılı Kararı",https://www.resmigazete.gov.tr/eskiler/2001/01/20010116.htm#7
2001-01-16,"— Anayasa Mahkemesinin E : 2000/2 (Siyasî Parti Malî Denetimi), K: 2001/3 Sayılı Kararı",https://www.resmigazete.gov.tr/eskiler/2001/01/20010116.htm#8
2001-01-17,Sigorta ve Reasürans Şirketlerinin Kuruluş ve Çalışma Esasları Yönetmeliğine Geçici Madde Eklenmesi Hakkında Yönetmelik,https://www.resmigazete.gov.tr/eskiler/2001/01/20010117.htm#1
2001-01-17,— Türk Akreditasyon Kurumu Personel Yönetmeliği,https://www.resmigazete.gov.tr/eskiler/2001/01/20010117.htm#2
2001-01-17,— 2821 Sayılı Sendikalar Kanunu Gereğince; İşkollarındaki İşçi Sayıları ve Sendikaların Üye Sayılarına İlişkin 2001 Ocak Ayı İstatistikleri Hakkında Tebliğ,https://www.resmigazete.gov.tr/eskiler/2001/01/20010117.htm#3
2001-01-17,— Mecburi Standard: ÖSG-2000/131-132 Sayılı Tebliğ,https://www.resmigazete.gov.tr/eskiler/2001/01/20010117.htm#4
2001-01-17,— Mecburi Standard: ÖSG-2000/132-133 Sayılı Tebliğ,https://www.resmigazete.gov.tr/eskiler/2001/01/20010117.htm#5
2001-01-17,— Gaziantep Valiliği Mahalli Çevre Kurulu Kararı (No: 45),https://www.resmigazete.gov.tr/eskiler/2001/01/20010117.htm#6
2001-01-17,— Yargıtay 20. Hukuk Dairesine Ait 4 Adet Karar,https://www.resmigazete.gov.tr/eskiler/2001/01/20010117.htm#7
2001-01-18,2000/1821 Yatırımlarda Devlet Yardımları ve Yatırımları Teşvik Fonu Hakkında Karar,https://www.resmigazete.gov.tr/eskiler/2001/01/20010118.htm#1
2001-01-18,2000/1822 Küçük ve Orta Ölçekli İşletmelerin Yatırımlarında Devlet Yardımları Hakkında Karar,https://www.resmigazete.gov.tr/eskiler/2001/01/20010118.htm#2
2001-01-18,"2000/1887 Basın-İlan Kurumu Genel Kurulu’nda Boşalan Temsilciliklerde, Ekli Listede Adları ve Görevleri Yazılı Kişilerin Görevlendirilmesi Hakkında Karar",https://www.resmigazete.gov.tr/eskiler/2001/01/20010118.htm#3
2001-01-18,İçişlerine Bakanlığına Ait 9 Adet Sınır Tespit Kararı,https://www.resmigazete.gov.tr/eskiler/2001/01/20010118.htm#4
2001-01-18,Türkiye ve Orta Doğu Amme İdaresi Enstitüsü Lisansüstü Öğretim Yönetmeliği,https://www.resmigazete.gov.tr/eskiler/2001/01/20010118.htm#5
2001-01-18,— Zirai Mücadele İlaçlarının Toptan ve Perakende Satılması ile Depolanması Hakkında Yönetmelikte Değişiklik Yapılmasına Dair Yönetmelik,https://www.resmigazete.gov.tr/eskiler/2001/01/20010118.htm#6
2001-01-18,— Amasya Valiliği Mahalli Cevre Kurulu Kararı (No: 2000/8),https://www.resmigazete.gov.tr/eskiler/2001/01/20010118.htm#7
2001-01-18,— Bursa Valiliği Mahalli Cevre Kurulu Kararı (No: 13),https://www.resmigazete.gov.tr/eskiler/2001/01/20010118.htm#8
2001-01-18,— Erzincan Valiliği Mahalli Cevre Kurulu Kararı (No: 2000/36),https://www.resmigazete.gov.tr/eskiler/2001/01/20010118.htm#9
2001-01-18,— İçel Valiliği Mahalli Cevre Kurulu Kararı (No: 2000/6),https://www.resmigazete.gov.tr/eskiler/2001/01/20010118.htm#10
2001-01-18,— İzmir İlinde Egzoz Gazı Ölçümü Konusunda Uygulanacak Esaslarla İlgili Tebliğ (2001) (No: 148/2000/12),https://www.resmigazete.gov.tr/eskiler/2001/01/20010118.htm#11
2001-01-18,— İstanbul Valiliği Mahalli Çevre Kurulu Kararı (No: 12),https://www.resmigazete.gov.tr/eskiler/2001/01/20010118.htm#12
2001-01-18,— Samsun Val iliği Mahalli Çevre Kurulu Kararı,https://www.resmigazete.gov.tr/eskiler/2001/01/20010118.htm#13
2001-01-19,2000/1830 Muğla-IMSIK Havaalanının Daimi Giriş-Çıkış Hava Hudut Kapısı Olarak Tespitine İlişkin 5/12/1989 Tarihli ve 89/14859 Sayılı Kararnamenin Yürürlükten Kaldırılması Hakkında Karar,https://www.resmigazete.gov.tr/eskiler/2001/01/20010119.htm#1
2001-01-19,"2000/1858 Hampetrol ve Pe trol Ürünlerinin Alım, Satım, Fiyatlandırma Esasları ile Akaryakıt Fiyat İstikrar Fonu’nun İşleyişi Hakkında Karar’da Değişiklik Yapılmasına Dair Karar",https://www.resmigazete.gov.tr/eskiler/2001/01/20010119.htm#2
2001-01-19,— Hâkimler ve Savcılar Yüksek Kuruluna Ait Atama Kararı,https://www.resmigazete.gov.tr/eskiler/2001/01/20010119.htm#3
2001-01-19,— Mimar Sinan Ünive rsitesi Döner Sermaye İşletmesi Yönetmeliği,https://www.resmigazete.gov.tr/eskiler/2001/01/20010119.htm#4
2001-01-19,İstanbul Üniversitesi Lisans Öğretim ve Sınav Yönetmeliğinin 18 inci ve 27 nci Maddelerinin Değiştirilmesine Dair Yönetmelik,https://www.resmigazete.gov.tr/eskiler/2001/01/20010119.htm#5
2001-01-19,— Selçuk Üniversitesi DevletKonservatuvarı Lisans Öğretim ve Sınav Yönetmeliğinin 18 ve 19 uncu Maddelerinde Değişiklik Yapılmasına Dair Yönetmelik,https://www.resmigazete.gov.tr/eskiler/2001/01/20010119.htm#6
2001-01-19,Yeditepe Üniversitesi DönerSermaye Yönetmeliğinin 7 nci Maddesinin Değiştirilmesine İlişkin Yönetmelik,https://www.resmigazete.gov.tr/eskiler/2001/01/20010119.htm#7
2001-01-19,Yıldız Teknik Üniversitesi Uluslararası Kentsel Çalışmalar Araştırma Merkezi-ICUS (International Center For Urban Studies) Yönetmeliği,https://www.resmigazete.gov.tr/eskiler/2001/01/20010119.htm#8
2001-01-19,Yıldız Teknik Üniversitesi Ulaştırma Uygulama-Araştırma Merkezi Yönetmeliği,https://www.resmigazete.gov.tr/eskiler/2001/01/20010119.htm#9
2001-01-19,— Yıldız Teknik Üniversitesi Balkan İleri Döküm Teknolojileri Merkezi (Balkan Center For Advanced Casting Technologies) Yönetmeliği,https://www.resmigazete.gov.tr/eskiler/2001/01/20010119.htm#10
2001-01-19,TIR Denetleme ve Konaklama Noktalarında Uygulanacak Park Ücretine İlişkin Tebliğ,https://www.resmigazete.gov.tr/eskiler/2001/01/20010119.htm#11
2001-01-19,Türkiye’de İkamet Etmeyenlere Özel Fatura ile Yapılan Satışlar Hakkında Tebliğ (İhracat: 2001/1),https://www.resmigazete.gov.tr/eskiler/2001/01/20010119.htm#12
2001-01-19,"— Anayasa Mahkem esinin E: 1996/68 (4178 Sayılı Kanun ile İlgili), K: 1999/1 Sayılı Kararı",https://www.resmigazete.gov.tr/eskiler/2001/01/20010119.htm#13
2001-01-20,4619 İspirto ve İspirtolu İçkiler İnhisarı Kanununda Değişiklik Yapılması Hakkında Kanun,https://www.resmigazete.gov.tr/eskiler/2001/01/20010120.htm#1
2001-01-20,2000/1841 Türkiye Cumhuriyeti-Makedonya Cumhuriyeti Kara Ulaştırması Karma Komisyon Protokolü’nün Onaylanması Hakkında Karar,https://www.resmigazete.gov.tr/eskiler/2001/01/20010120.htm#2
2001-01-20,2000/1856 Türkiye Cumhuriyeti İlaç Bakanlığı ile Ukrayna Sağlık Bakanlığı Arasında İmzalanan Sağlık ve Eczacılık Alanında İşbirliğine İlişkin Protokolun Onaylanması Hakkında Karar,https://www.resmigazete.gov.tr/eskiler/2001/01/20010120.htm#3
2001-01-20,"Dışişleri Bakanlığına, DevletBakanı Prof. Dr. Şükrü S. GÜREL’in Vekâlet Etmesine Dair Tezkere",https://www.resmigazete.gov.tr/eskiler/2001/01/20010120.htm#4
2001-01-20,"2000/1823 3083 Sayılı Sulama Alanlarında Arazi Düzenlenmesine Dair Tarım Reformu Kanunu Uyarınca 86/10730 Sayılı Kararname ile Uygulama Alanı İlan Edilmiş Bulunan Şanlıurfa İli, Harran İlçesi, Sugeldi Köyü, Bulgurlu Bağlısının, Ana Köyden Ayrılarak Aynı Adla Bağımsız Bir Köy Haline Getirilmesi Kurulan Bu Köyün “Uygulama Alanı” Olarak Tespiti Hakkında Karar",https://www.resmigazete.gov.tr/eskiler/2001/01/20010120.htm#5
2001-01-20,— Malul ve Şehit Olan Dışişleri Bakanlığı Mensuplarına ve Mirasçılarına “Devlet Övünç Madalyası” Verilmesi Hakkında Tebliğ,https://www.resmigazete.gov.tr/eskiler/2001/01/20010120.htm#6
2001-01-20,— 2001 Mali Yılı Bütçe Uygulama Talimatı (Sıra No: 1),https://www.resmigazete.gov.tr/eskiler/2001/01/20010120.htm#7
2001-01-20,— 2001 Mali Yılı Bütçe Uygulama Talimatı (Sıra No: 2),https://www.resmigazete.gov.tr/eskiler/2001/01/20010120.htm#8
2001-01-20,"— Yapı, Tesis ve Onarım İşleri İhalelerinde Kullanılan Müteahhitlik Karneleri ve İş Bitirme Belgelerinin 2001 Yılına Ait Değerlendirme Katsayıları Hakkında Tebliğ",https://www.resmigazete.gov.tr/eskiler/2001/01/20010120.htm#9
2001-01-20,— Sektörel Dış Ticaret Şirketi Statülerinin Geri Alınmasına İlişkin Karar,https://www.resmigazete.gov.tr/eskiler/2001/01/20010120.htm#10
2001-01-21,2000/1816 Türkiye Cumhuriyeti ile Avustralya Arasında İmzalanan Suçluların Geri Verilmesi Andlaşması ile Bu Andlaşmada Değişiklik yapılmasına İlişkin Anlaşmanın Onaylanması Hakkında Karar,https://www.resmigazete.gov.tr/eskiler/2001/01/20010121.htm#1
2001-01-21,2000/1817 Türkiy e Cumhuriyeti ile Birleşmiş Milletler Uyuşturucu Maddeler Denetim Programı (UNDCP) Arasında Mektup Teatisi Yoluyla Akdedilen “Uluslararası Asetik Anhidrit Toplantısı” İçin Türk Hükümeti Tarafından Sağlanacak Evsahibi Ülke Kolaylıkları ve Hizmetleri Konusunda Anlaşma’nın Onaylanması Hakkında Karar,https://www.resmigazete.gov.tr/eskiler/2001/01/20010121.htm#2
2001-01-21,"— Devlet Bakanı Hasan GEMİCİ’ye, Devlet Bakanı Mustafa YILMAZ’ın Vekâlet Etmesine Dair Tezkere",https://www.resmigazete.gov.tr/eskiler/2001/01/20010121.htm#3
2001-01-21,— Motorlu Araçların Cam Yüzeylerinin Buz Çözme ve Buğu Giderme Sistemleri ile İlgili Tip Onayı Yönetmeliği (78/317/AT),https://www.resmigazete.gov.tr/eskiler/2001/01/20010121.htm#4
2001-01-22,2000/1833 Hükümetimiz ile Birleşmiş Milletler Kalkınma Programı (UNDP) Arasında İmzalanan “Türkiye’de Yerel Gündem 21’lerin Uygulanması” Adlı Proje Belgesi’nin Onaylanması Hakkında Karar,https://www.resmigazete.gov.tr/eskiler/2001/01/20010122-1.pdf
2001-01-22,2000/1834 Türkiye Cumhuriyeti Hükümeti ile Bolivya Cumhuriyeti Arasında Vize Gerekliliğinin Kaldırılmasına İlişkin Nota Teatisi Yoluyla Akdedilen Anlaşma’nın Onaylanması Hakkında Karar,https://www.resmigazete.gov.tr/eskiler/2001/01/20010122-2.pdf
2001-01-22,2000/1838 Türk-Alman İşbirliği Konseyi 7 nci Toplantısı Sonucunda İmzalanan “Ortak Protokol”un Onaylanması Hakkında Karar,https://www.resmigazete.gov.tr/eskiler/2001/01/20010122-3.pdf
2001-01-22,2000/1855 U ydular Aracılığı ile Mobil Haberleşme Uluslararası Teşkilatı (INMARSAT) Sözleşmesi ve İşletme Anlaşmasında Yapılan Değişikliklerin Onaylanması Hakkında Karar,https://www.resmigazete.gov.tr/eskiler/2001/01/20010122-4.pdf
2001-01-22,2000/1884 Türkiye Cumhuriyeti Hükümeti ile Kanada Hük ümeti Arasında İmzalanan Sosyal Güvenlik Anlaşması’nın Onaylanması Hakkında Karar,https://www.resmigazete.gov.tr/eskiler/2001/01/20010122-5.pdf
2001-01-22,2000/1885 İstanbul Büyükşehir Belediyesi Başkanlığı ve Japonya Uluslararası İşbirliği Kuruluşu (JICA)Tarafından İmzalanan “İstanbul’da Sismik Bölgelendirme İçerenAfet Önleme/Azaltma Çalışma Planı”nın Yürürlüğe Konulabilmesini Teminen Türkiye ile Japonya Arasında Nota Teatisi Yoluyla Akdedilen Anlaşma’nın Onaylanması Hakkında Karar,https://www.resmigazete.gov.tr/eskiler/2001/01/20010122-6.pdf
2001-01-22,2000/1882 Türkiye Cumhuriyeti Hükümeti ile Arnavutluk Cumhuriyeti Hük ümeti Arasında İmzalanan Sosyal Güvenlik Sözleşmesinin Onaylanması Hakkında Karar,https://www.resmigazete.gov.tr/eskiler/2001/01/20010122-7.pdf
2001-01-22,2000/1883 Türkiye Cumhuriyeti Hükümeti ile Azerbaycan Cumhuriyeti Hükümeti Arasında İmzalanan Sosyal Güvenlik Sözleşmesi’nin Onaylanması Hakkında Karar,https://www.resmigazete.gov.tr/eskiler/2001/01/20010122-8.pdf
2001-01-22,— Mecburi Sta ndard : ÖSG-2000/136-137 Sayılı Tebliğ,https://www.resmigazete.gov.tr/eskiler/2001/01/20010122-9.pdf
2001-01-22,— 2000 Yılı Aralık Ayına Ait Yatırım Teşvik Belgelerinin Sektörel Dağılımı Hakkında Tebliğ,https://www.resmigazete.gov.tr/eskiler/2001/01/20010122-10.pdf
2001-01-22,— 2000 Yılı Aralık Ayına AitYabancı Sermayeli Yatırım Teşvik Belgelerinin Sektörel Dağılımı Hakkında Tebliğ,https://www.resmigazete.gov.tr/eskiler/2001/01/20010122-11.pdf
2001-01-23,4618 Sağlık Bakanlığına Bağlı Sağlık Kurumları ile Esenlendirme (Rehabilitasyon) Tesislerine Verilecek Döner Sermaye Hakkında Kanunun Bazı Maddeleri ile 190 Sayılı Kanun Hükmünde Kararnamenin Eki Cetvellerde Değişiklik Yapılması Hakkında Kanun,https://www.resmigazete.gov.tr/eskiler/2001/01/20010123.htm#1
2001-01-23,712 Tekstil ve Konfeksiyon Sektörünün Sorunlarının Araştırılarak Alınması Gereken Tedbirlerin Belirlenmesi Amacıyla Kurulan Meclis Araştırması Komisyonuna Üye Seçimine İlişkin Karar,https://www.resmigazete.gov.tr/eskiler/2001/01/20010123.htm#2
2001-01-23,"— Başbakanlık ile Devlet, Adalet, Milli Savunma, Bayındırlık ve İskan, Sağlık, Ulaştırma, Çalışma ve Sosyal Güvenlik, Sanayi ve Ticaret, Enerji ve Tabii Kaynaklar, Turizm ve Çevre Bakanlıklarına Ait 19 Adet Atama Kararı",https://www.resmigazete.gov.tr/eskiler/2001/01/20010123.htm#3
2001-01-23,— Bayındırlık ve İskan Bakanlığı Personeli Görevde Yükselme Yönetmeliğinde Değişiklik Yapılması Hakkında Yönetmelik,https://www.resmigazete.gov.tr/eskiler/2001/01/20010123.htm#4
2001-01-23,— Zirai Mücadele Alet ve Makinaları Hakkında Yönetmelikte Değişiklik Yapılmasına Dair Yönetmelik,https://www.resmigazete.gov.tr/eskiler/2001/01/20010123.htm#5
2001-01-23,— Motorlu Taşıt Lastiklerinin Hava Basıncı Ölçümünde Kullanılan Cihazlara Dair Yönetmelik,https://www.resmigazete.gov.tr/eskiler/2001/01/20010123.htm#6
2001-01-23,— TEDAŞ Genel Müdürlüğü Hizmet Satışı - Araç ve Gereç Kira Yönetmeliği,https://www.resmigazete.gov.tr/eskiler/2001/01/20010123.htm#7
2001-01-23,— 2547 Sayılı Yükseköğretim Kanununun 58. Maddesine Göre Döner Sermaye İşletmelerinin Kurulmasında Uyulacak Esaslara İlişkin Yönetmeliğin 13 üncü Maddesine Bir Fıkra Eklenmesi Hakkında Yönetmelik,https://www.resmigazete.gov.tr/eskiler/2001/01/20010123.htm#8
2001-01-23,— Abant İzzet Baysal Üniversitesi Lisansüstü Eğitim ve Öğretim Yönetmeliğinde Değişiklik Yapılması Hakkında Yönetmelik,https://www.resmigazete.gov.tr/eskiler/2001/01/20010123.htm#9
2001-01-23,— Muğla Üniversitesi Çevre Sorunları Araştırma ve Uygulama Merkezi Yönetmeliği,https://www.resmigazete.gov.tr/eskiler/2001/01/20010123.htm#10
2001-01-23,— Orta Doğu Teknik Üniversitesi Kayıt-Kabul İşleri Yönetmeliğinin 7 nci Maddesinde Değişiklik Yapılmasına İlişkin Yönetmelik,https://www.resmigazete.gov.tr/eskiler/2001/01/20010123.htm#11
2001-01-23,"— Yarım Kalmış, İşletme Sermayesi Yetersizliği Nedeniyle İşletmeye Geçememiş veya Kısmen İşletmeye Geçmiş Yatırımların Ekonomiye Kazandırılmasına Dair 22/11/2000 Tarihli ve 2000/1721 Sayılı Kararın Uygulanmasına İlişkin Tebliğ (No : 2001/1)",https://www.resmigazete.gov.tr/eskiler/2001/01/20010123.htm#12
2001-01-23,— Gümrük Vergisi Askıya Alınması Planlanan Ürünlere İlişkin Tebliğ (İthalat (2001/19),https://www.resmigazete.gov.tr/eskiler/2001/01/20010123.htm#13
2001-01-23,— Özelleştirme Yüksek Kurulunun 2001/04 Sayılı Kararı,https://www.resmigazete.gov.tr/eskiler/2001/01/20010123.htm#14
2001-01-23,— Kars Valiliği Mahalli Çevre Kurulu Kararı (No : 3),https://www.resmigazete.gov.tr/eskiler/2001/01/20010123.htm#15
2001-01-23,— Siirt Valiliği Mahalli Çevre Kurulu Kararı (No : 12),https://www.resmigazete.gov.tr/eskiler/2001/01/20010123.htm#16
2001-01-24,"— Dışişleri Bakanlığına, Devlet Bakanı Prof. Dr. Şükrü Sina GÜREL’in Vekâlet Etmesine Dair Tezkere",https://www.resmigazete.gov.tr/eskiler/2001/01/20010124.htm#1
2001-01-24,"— Tarım ve Köyişleri Bakanlığına, Devlet Bakanı Prof. Dr. Tunca TOSKAY’ın Vekâlet Etmesine Dair Tezkere",https://www.resmigazete.gov.tr/eskiler/2001/01/20010124.htm#2
2001-01-24,— Bayındırlık ve İskan Bakanlığı ile Kültür Bakanlığına Ait İki Adet Atama Kararı,https://www.resmigazete.gov.tr/eskiler/2001/01/20010124.htm#3
2001-01-24,— Kamu Kurum ve Kuruluşlarının Merkezi Sınav Sonuçlarına Göre Personel İstihdamında Uymaları Gereken Hususlarla İlgili Başbakanlık Genelgesi (No : 2001/3),https://www.resmigazete.gov.tr/eskiler/2001/01/20010124.htm#4
2001-01-25,"— Devlet Bakanı ve Başbakan Yardımcısı Mesut YILMAZ’a, Enerji ve Tabii Kaynaklar Bakanı M. Cumhur ERSÜMER’in Vekâlet Etmesine Dair Tezkere",https://www.resmigazete.gov.tr/eskiler/2001/01/20010125.htm#1
2001-01-25,— Hakimler ve Savcılar Yüksek Kuruluna Ait Atama Kararı,https://www.resmigazete.gov.tr/eskiler/2001/01/20010125.htm#2
2001-01-25,"— Türkiye Demiryolu Makinaları Sanayii A.Ş. Genel Müdürlüğü (TÜDEMSAŞ) Alım, Satım ve İhale Yönetmeliğinde Değişiklik Yapılmasına Dair Yönetmelik",https://www.resmigazete.gov.tr/eskiler/2001/01/20010125.htm#3
2001-01-25,— Türkiye İş Kurumu İl İstihdam Kurulları Çalışma Usul ve Esasları Hakkında Yönetmelik,https://www.resmigazete.gov.tr/eskiler/2001/01/20010125.htm#4
2001-01-25,— Sosyal Sigortalar Kurumu Personel Yönetmeliğinde Değişiklik Yapılmasına Dair Yönetmelik,https://www.resmigazete.gov.tr/eskiler/2001/01/20010125.htm#5
2001-01-25,"— Dikişli, Alaşımsız Çelik Basınçlı Gaz Tüplerine Dair Yönetmelik",https://www.resmigazete.gov.tr/eskiler/2001/01/20010125.htm#6
2001-01-25,— Orman Bakanlığı Sicil Amirleri Yönetmeliğinde Değişiklik Yapılmasına Dair Yönetmelik,https://www.resmigazete.gov.tr/eskiler/2001/01/20010125.htm#7
2001-01-25,— Orman Bakanlığı Disiplin Amirleri Yönetmeliğinde Değişiklik Yapılmasına Dair Yönetmelik,https://www.resmigazete.gov.tr/eskiler/2001/01/20010125.htm#8
2001-01-25,"— Telekomünikasyon Kurumu Telekomünikasyon Uzman Yardımcılığı ve Telekomünikasyon Uzmanlığı Sınav, Görev, Çalışma Usul ve Esasları Hakkında Yönetmelikte Değişiklik Yapılmasına Dair Yönetmelik",https://www.resmigazete.gov.tr/eskiler/2001/01/20010125.htm#9
2001-01-25,— Zonguldak Karaelmas Üniversitesi Atatürk İlkeleri ve İnkılap Tarihi Araştırma ve Uygulama Merkezi Yönetmeliği,https://www.resmigazete.gov.tr/eskiler/2001/01/20010125.htm#10
2001-01-25,— 20/10/2000 Tarihli ve 2000/10 Sayılı Bakanlıklararası Hac ve Umre Kurulu Kararının Uygulanmasına Dair Tebliğ,https://www.resmigazete.gov.tr/eskiler/2001/01/20010125.htm#11
2001-01-25,— Katma Değer Vergisi Genel Tebliği (Seri No: 80),https://www.resmigazete.gov.tr/eskiler/2001/01/20010125.htm#12
2001-01-25,— Sektörel Dış Ticaret Şirketi Statüsü Verilmesine İlişkin Karar,https://www.resmigazete.gov.tr/eskiler/2001/01/20010125.htm#13
2001-01-25,— Yargıtay 2. ve 12. Hukuk Dairelerine Ait 3 Adet Karar,https://www.resmigazete.gov.tr/eskiler/2001/01/20010125.htm#14
2001-01-26,"— Devlet Bakanlığı ve Başbakan Yardımcılığı ile Devlet Bakanlığı, Maliye, Bayındırlık ve İskan, Sağlık, Çalışma ve Sosyal Güvenlik, Enerji ve Tabii Kaynaklar ile Kültür Bakanlıklarına Ait 17 Adet Atama Kararı",https://www.resmigazete.gov.tr/eskiler/2001/01/20010126.htm#1
2001-01-26,2000/1820 4422 Sayılı Çıkar Amaçlı Suç Örgütleriyle Mücadele Kanununun Uygulanmasına İlişkin Yönetmelik,https://www.resmigazete.gov.tr/eskiler/2001/01/20010126.htm#2
2001-01-26,— Tarım Satış Kooperatifleri ve Birliklerinin Örnek Anasözleşmelere İntibak İşlemlerine İlişkin Tebliğ (No : 2001/1),https://www.resmigazete.gov.tr/eskiler/2001/01/20010126.htm#3
2001-01-26,— Gümrük Genel Tebliği (Özel Kullanıma Mahsus Kara Taşıtları) Seri No : 2,https://www.resmigazete.gov.tr/eskiler/2001/01/20010126.htm#4
2001-01-26,— İthalatta Haksız Rekabetin Önlenmesine İlişkin Tebliğ (2001/1),https://www.resmigazete.gov.tr/eskiler/2001/01/20010126.htm#5
2001-01-26,"— Mono Etilen Glikol, Tereftalik Asit ve Akrilonitril İthalatında Tarife Kontenjanı Uygulanmasına İlişkin Tebliğ",https://www.resmigazete.gov.tr/eskiler/2001/01/20010126.htm#6
2001-01-26,— Tarımsal Ürünlerde İhracat İadesi Yardımlarına İlişkin Para-Kredi ve Koordinasyon Kurulu Tebliği (No : 2001/1),https://www.resmigazete.gov.tr/eskiler/2001/01/20010126.htm#7
2001-01-26,— Patates İhracatında İhracat İadesi Yapılmasına İlişkin Para-Kredi ve Koordinasyon Kurulu Tebliği (No : 2001/2),https://www.resmigazete.gov.tr/eskiler/2001/01/20010126.htm#8
2001-01-26,DÜZELTME (80 Seri No.lu Katma Değer Vergisi Genel Tebliği ile İlgili),https://www.resmigazete.gov.tr/eskiler/2001/01/20010126.htm#9
2001-01-27,"— Devlet Bakanı Faruk BAL’a, Devlet Bakanı Prof. Dr. Şuayip ÜŞENMEZ’in Vekâlet Etmesine Dair Tezkere",https://www.resmigazete.gov.tr/eskiler/2001/01/20010127.htm#1
2001-01-27,2000/1836 Kamu İktisadi Teşebbüsleri Sözleşmeli Personel Sicil ve Başarı Değerlemesi Hakkında önetmelikte Değişiklik Yapılmasına Dair Yönetmelik,https://www.resmigazete.gov.tr/eskiler/2001/01/20010127.htm#2
2001-01-27,— Telekomünikasyon Kurumu Personel Yönetmeliği,https://www.resmigazete.gov.tr/eskiler/2001/01/20010127.htm#3
2001-01-27,— Telekomünikasyon Kurumu Sicil Amirleri Yönetmeliği,https://www.resmigazete.gov.tr/eskiler/2001/01/20010127.htm#4
2001-01-27,— Telekomünikasyon Kurumu Disiplin Amirleri Yönetmeliği,https://www.resmigazete.gov.tr/eskiler/2001/01/20010127.htm#5
2001-01-27,— Vergi Usul Kanunu Genel Tebliği (Sıra No : 292),https://www.resmigazete.gov.tr/eskiler/2001/01/20010127.htm#6
2001-01-27,— Vergi Usul Kanunu Genel Tebliği (Sıra No : 293),https://www.resmigazete.gov.tr/eskiler/2001/01/20010127.htm#7
2001-01-27,"— 1479 Sayılı Kanuna Tabi Bağ-Kur Sigortalılarının Tescil, Terkin ve Prim Borçlarının İzlenmesine İlişkin Tebliğ",https://www.resmigazete.gov.tr/eskiler/2001/01/20010127.htm#8
2001-01-27,— Avrupa Topluluğu Menşeli Bazı Tarım Ürünleri İthalatında Tarife Kontenjanı Uygulanmasına İlişkin Tebliğ ile Bulgaristan Cumhuriyeti Menşeli ve Çıkışlı Bazı Tarım ve İşlenmiş Tarım Ürünleri İthalatında Tarife Kontenjanı Uygulanmasına İlişkin Tebliğde Değişiklik Yapılmasına Dair Tebliğ,https://www.resmigazete.gov.tr/eskiler/2001/01/20010127.htm#9
2001-01-27,(Üniversitelerde Akademik Teşkilat Yönetmeliğinde Değişiklik Yapılması Hakkında Yönetmelik ile İlgili),https://www.resmigazete.gov.tr/eskiler/2001/01/20010127.htm#10
2001-01-28,"— Milli Savunma Bakanlığına, Devlet Bakanı Prof. Dr. Ramazan MİRZAOĞLU’nun Vekâlet Etmesine Dair Tezkere",https://www.resmigazete.gov.tr/eskiler/2001/01/20010128.htm#1
2001-01-28,— Hakimler ve Savcılar Yüksek Kuruluna Ait Atama Kararı,https://www.resmigazete.gov.tr/eskiler/2001/01/20010128.htm#2
2001-01-28,— Türkiye Cumhuriyeti ile Bosna Hersek Arasındaki Ticarette Tercihli Rejimden Yararlanacak Eşyanın Menşeinin Tespitine İlişkin Yönetmelik,https://www.resmigazete.gov.tr/eskiler/2001/01/20010128.htm#3
2001-01-28,"— Taksitli, Kampanyalı ve Kapıdan Satışlar Hakkındaki Uygulama Esaslarına Dair Tebliğ’in 10 uncu Maddesinin Yürürlükten Kaldırılmasına İlişkin Tebliğ TRKGM: (2001 / 01)",https://www.resmigazete.gov.tr/eskiler/2001/01/20010128.htm#4
2001-01-28,Erzurum Valililiği Mahalli Çevre Kurulu Kararı (No: 6),https://www.resmigazete.gov.tr/eskiler/2001/01/20010128.htm#5
2001-01-29,— Milli Piyango İdaresi Genel Müdürlüğü Bilet Satış ve İkramiye Yönetmeliğinin 30 uncu Maddesine Bir Fıkra Eklenmesine Dair Y önetmelik,https://www.resmigazete.gov.tr/eskiler/2001/01/20010129.htm#1
2001-01-29,— Doğuş Üniversitesi Yüksek Lisans Eğitim-Öğretim Yönetmeliği,https://www.resmigazete.gov.tr/eskiler/2001/01/20010129.htm#2
2001-01-29,— İstanbul Üniversitesi Araştırma Fonu Yönetmeliği,https://www.resmigazete.gov.tr/eskiler/2001/01/20010129.htm#3
2001-01-29,— Litvanya Menşeli Bazı Tekstil ve Konfeksiyon Ürünleri İthalatında Tarife Kontenjanı Uygulanmasına İlişkin Tebliğ,https://www.resmigazete.gov.tr/eskiler/2001/01/20010129.htm#4
2001-01-29,— Giresun Valiliği Mahalli Çevre Kurulu Kararı (No: 12),https://www.resmigazete.gov.tr/eskiler/2001/01/20010129.htm#5
2001-01-29,— Yargıtay 2. Hukuk Dairesine Ait 2 Adet Karar,https://www.resmigazete.gov.tr/eskiler/2001/01/20010129.htm#6
2001-01-30,"— Ulaştırma Bakanlığına, Sağlık Bakanı Doç. Dr. Osman DURMUŞ’un Vekâlet Etmesine Dair Tezkere",https://www.resmigazete.gov.tr/eskiler/2001/01/20010130.htm#1
2001-01-30,— Türk Silâhlı Kuvvetleri İzin Yönetmeliğinde Değişiklik Yapılmasına Dair Yönetmelik,https://www.resmigazete.gov.tr/eskiler/2001/01/20010130.htm#2
2001-01-30,— PTTRe klam Yönetmeliği,https://www.resmigazete.gov.tr/eskiler/2001/01/20010130.htm#3
2001-01-30,"— Su, Elektrik, Havagazı ve Doğalgaz Sayaçlarının Tamir ve Ayar Ücretleri Hakkında Tebliğ ( No : 2001/1-2)",https://www.resmigazete.gov.tr/eskiler/2001/01/20010130.htm#4
2001-01-30,— Dış Ticarette Standardizasyon Tebliğinde DeğişiklikYapılması Hakkında Tebliğ (No : 2001/8),https://www.resmigazete.gov.tr/eskiler/2001/01/20010130.htm#5
2001-01-30,— Kastamonu Valiliği Mahalli Çevre Kurulu Kararı (No : 13),https://www.resmigazete.gov.tr/eskiler/2001/01/20010130.htm#6
2001-01-31,"Turizm Bakanlığına, Devlet Bakanı Rüştü Kazım YÜCELEN’in Vekâlet Etmesine Dair Tezkere",https://www.resmigazete.gov.tr/eskiler/2001/01/20010131.htm#1
2001-01-31,— Trakya Üniversitesi Lisansüstü Eğitim-Öğretim Yönetmeliğinin Bazı Maddelerinde Değişiklik Yapılmasına Dair Yönetmelik,https://www.resmigazete.gov.tr/eskiler/2001/01/20010131.htm#2
2001-01-31,"— Radyo ve Televizyon Kuruluşlarında Tüketicileri Eğitici, Aydınlatıcı ve Bilgilendirici Programların Yayımlanmasına İlişkin Tebliğ (TRKGM : 2001/2)",https://www.resmigazete.gov.tr/eskiler/2001/01/20010131.htm#3
2001-01-31,— Petrol Ürünlerine Uygulanacak Akaryakıt Fiyat İstikrar Fonu Payları Hakkında Tebliğ (PİGM/AFİF 2001/02),https://www.resmigazete.gov.tr/eskiler/2001/01/20010131.htm#4
2001-01-31,— Dış Ticarette Standardizasyon Tebliği (No : 2001/6),https://www.resmigazete.gov.tr/eskiler/2001/01/20010131.htm#5
2001-01-31,— Rekabet Kurulunun 00-35/392-219 Sayılı Kararı,https://www.resmigazete.gov.tr/eskiler/2001/01/20010131.htm#6
2001-01-31,"Anayasa Mahkemesinin E : 1996/8 (3417 Sayılı Kanun ile İlgili), K : 1996/20 Sayılı Kararı",https://www.resmigazete.gov.tr/eskiler/2001/01/20010131.htm#7
2001-01-31,"Anayasa Mahkemesinin E : 1996/9 (3320 Sayılı Kanun ile İlgili), K : 1996/21 Sayılı Kararı",https://www.resmigazete.gov.tr/eskiler/2001/01/20010131.htm#8
2001-02-01,4620 Çocuk Haklarının Kullanılmasına İlişkin Avrupa Sözleşmesinin Onaylanmasının Uygun Bulunduğuna Dair Kanun,https://www.resmigazete.gov.tr/eskiler/2001/02/20010201.htm#1
2001-02-01,4621 Uluslararası Denizcilik Örgütü Sözleşmesinde Yapılan Değişikliklerin Onaylanmasının Uygun Bulunduğuna Dair Kanun,https://www.resmigazete.gov.tr/eskiler/2001/02/20010201.htm#2
2001-02-01,"Devlet Bakanı Prof. Dr. Şükrü S. GÜREL’e, Devlet Bakanı Fikret ÜNLÜ’nün Vekâlet Etmesine Dair Tezkere",https://www.resmigazete.gov.tr/eskiler/2001/02/20010201.htm#3
2001-02-01,"— Dışişleri Bakanlığına, Devlet Bakanı ve Başbakan Yardımcısı H. Hüsamettin ÖZKAN’ın Vekâlet Etm esine Dair Tezkere",https://www.resmigazete.gov.tr/eskiler/2001/02/20010201.htm#4
2001-02-01,— Hâkimler ve Savcılar Yüksek Kurulunun 59 Sayılı Kararı,https://www.resmigazete.gov.tr/eskiler/2001/02/20010201.htm#5
2001-02-01,— Hâkimler ve Savcılar Yüksek Kurulunun 60 Sayılı Kararı,https://www.resmigazete.gov.tr/eskiler/2001/02/20010201.htm#6
2001-02-01,— Afyon Kocatepe Üniversitesi Lisansüstü Eğitim-Öğretim ve Sınav Yönetmeliğinde Değişiklik Yapılmasına İlişkin Yönetmelik,https://www.resmigazete.gov.tr/eskiler/2001/02/20010201.htm#7
2001-02-01,— Gaziantep Üniversitesi Yaz Okulu Yönetmeliğinin 11 inci Maddesinin Değiştirilmesine İlişkin Yönetmelik,https://www.resmigazete.gov.tr/eskiler/2001/02/20010201.htm#8
2001-02-01,— Trakya Üniversitesi Tıp Fakültesi Eğitim-Öğretim ve Sınav Yönetmeliğinin 34 üncü Maddesinde Değişiklik Yapılmasına Dair Yönetmelik,https://www.resmigazete.gov.tr/eskiler/2001/02/20010201.htm#9
2001-02-01,Petrol Ürünlerine Uygulanacak Akaryakıt Fiyat İstikrar Fonu Payları Hakkında Tebliğ (PİGM/AFİF 2001-5),https://www.resmigazete.gov.tr/eskiler/2001/02/20010201.htm#10
2001-02-01,— Uluslararası Gözetim Şirketleri Statüsüne İlişkin Karar (Dış Ticarette Standardizasyon : 2001/1),https://www.resmigazete.gov.tr/eskiler/2001/02/20010201.htm#11
2001-02-01,— Mülga Dış Krediler Kur Farkı Fonu’ndan Kullanılmış Kredilere Uygulanacak Değişken Faiz Oranı Hakkında Tebliğ,https://www.resmigazete.gov.tr/eskiler/2001/02/20010201.htm#12
2001-02-01,"Anayasa Mahkemesinin E : 1996/72 (3194 Sayılı Kanun ile İlgili), K : 1997/51 Sayılı Kararı",https://www.resmigazete.gov.tr/eskiler/2001/02/20010201.htm#13
2001-02-01,DÜZELTME (4615 Sayılı “2001 Malî Yılı Katma Bütçeli İdareler Kanunu” Eki Cetveller ile İlgili),https://www.resmigazete.gov.tr/eskiler/2001/02/20010201.htm#14
2001-02-02,2001/1890 Birincil Yakıtı Doğal Gaz İkincil Yakıtı Akaryakıt Olan Elektrik Santrallarında Kullanılan Yakıtlarda Uygulanacak Akaryakıt Tüketim Vergisi Hakkında Karar’a Ek Karar,https://www.resmigazete.gov.tr/eskiler/2001/02/20010202.htm#1
2001-02-02,2001/1928 Akaryakıt Tüketim Vergisi Tutarlarının Tespitine İlişkin Karar,https://www.resmigazete.gov.tr/eskiler/2001/02/20010202.htm#2
2001-02-02,2001/1957 Tabii Afet Nedeniyle GelirKaybı ve Alt Yapı Hasarına Uğrayan İl Özel İdarelerine Yapılacak Yardımlara Dair Karar,https://www.resmigazete.gov.tr/eskiler/2001/02/20010202.htm#3
2001-02-02,2001/1958 Tabii Afet Nedeniyle Gelir Kaybı ve Alt Yapı Hasarına Uğrayan Belediyelere Yapılacak Yardımlara Dair Karar,https://www.resmigazete.gov.tr/eskiler/2001/02/20010202.htm#4
2001-02-02,"Cumhurbaşkanlığı, Maliye, Bayındırlık ve İskan, Çalışma ve Sosyal Güvenlik ile Çevre Bakanlıklarına Ait 9 Adet Atama Kararı",https://www.resmigazete.gov.tr/eskiler/2001/02/20010202.htm#5
2001-02-02,2001/1959 Kamu Kurum ve Kuruluşlarının Daimi Kadrolarına İlk Defa İşçi Olarak Alınacaklar Hakkında Uygulanacak Sınav Yönetmeliğinde Değişiklik Yapılmasına Dair Yönetmelik,https://www.resmigazete.gov.tr/eskiler/2001/02/20010202.htm#6
2001-02-02,— Ölçü ve Ölçü Aletlerinden Alınacak Muayene ve Damgalama Ücret Yönetmeliğinde Değişiklik Yapılması Hakkında Yönetmelik,https://www.resmigazete.gov.tr/eskiler/2001/02/20010202.htm#7
2001-02-02,— 2000 Yılı Ürünü Zeytinyağının Tarım Satış Kooperatifleri ve Birlikleriyle Diğer Alıcılara Satışında Üreticilere Destekleme Primi Ödenmesine İlişkin Bakanlar Kurulu Kararı Uygulama Tebliği (No: 2001/1),https://www.resmigazete.gov.tr/eskiler/2001/02/20010202.htm#8
2001-02-02,"2000 Yılı Ürünü Yağlık Ayçiçeği, Soya Fasulyesi ve Kanolanın Tarım Satış Kooperatifleri ve Birlikleri ile Diğer Alıcılara Satışında Üreticilere Destekleme Primi Ödenmesine İlişkin Bakanlar Kurulu Kararı Uygulama Tebliği (No: 2001/2)",https://www.resmigazete.gov.tr/eskiler/2001/02/20010202.htm#9
2001-02-02,— 2000 Yılı Ürünü Kütlü Pamuğun Tarım Satış Kooperatifleri ve Birlikleri ile Diğer Alıcılara Satışında Üreticilere Destekleme Primi Ödenmesine İlişkin Bakanlar Kurulu Kararı Uygulama Tebliği (No: 2001/3),https://www.resmigazete.gov.tr/eskiler/2001/02/20010202.htm#10
2001-02-03,4622 Kamu İktisadî Teşebbüsleri Hakkında Kanun Hükmünde Kararnamede Değişiklik Yapılmasına Dair Kanun,https://www.resmigazete.gov.tr/eskiler/2001/02/20010203.htm#1
2001-02-03,4623 Kötü Şartlardaki Çocuk İşçiliğinin Yasaklanması ve Ortadan Kaldırılmasına İlişkin Acil Önlemler Sözleşmesinin Onaylanmasının Uygun Bulunduğuna Dair Kanun,https://www.resmigazete.gov.tr/eskiler/2001/02/20010203.htm#2
2001-02-03,2001/1904 Birecik İlçesi Köye Hizmet Götürme Birliği'nin Adının “Birecik İlçesi Köylere Hizmet Götürme Birliği” Olarak Değiştirilmesi Hakkında Karar,https://www.resmigazete.gov.tr/eskiler/2001/02/20010203.htm#3
2001-02-03,— Hükümlü Sedat ŞAYLAN’ın Cezasının Kaldırılması Hakkında Karar (No: 2001/9),https://www.resmigazete.gov.tr/eskiler/2001/02/20010203.htm#4
2001-02-03,— Su Ürünleri Yönetmeliğinde Değişiklik Yapılmasına Dair Yönetmelik,https://www.resmigazete.gov.tr/eskiler/2001/02/20010203.htm#5
2001-02-03,Aydınlatma ve Işıklı Sinyal Cihazlarının Motorlu Araçlara ve Römorklarına Yerleştirilmesi ile İlgili Tip Onayı Yönetmeliğinde Değişiklik Yapılmasına Dair Yönetmelik (76/756/AT),https://www.resmigazete.gov.tr/eskiler/2001/02/20010203.htm#6
2001-02-03,— Tahsilat Genel Tebliği (Seri No : 413),https://www.resmigazete.gov.tr/eskiler/2001/02/20010203.htm#7
2001-02-03,— Muhasebat Genel Müdürlüğü Genel Tebliği (Sıra No : 580),https://www.resmigazete.gov.tr/eskiler/2001/02/20010203.htm#8
2001-02-03,Kamu İktisadi Teşebbüsleri ve Bağlı Ortaklıklarında Çalışan Memurlara 2001 Yılında Ödenecek Zam ve Tazminatlara Ait Cetvellerin Vize Ettirilmesine İlişkin Tebliğ (No: 2001/1),https://www.resmigazete.gov.tr/eskiler/2001/02/20010203.htm#9
2001-02-03,Uluslararası Gözetim Şirketleri Statüsüne İlişkin Karar (Dış Ticarette Standardizasyon : 2001/2),https://www.resmigazete.gov.tr/eskiler/2001/02/20010203.htm#10
2001-02-03,— Sektörel Dış Ticaret Şirketi Statasü Verilmesine İlişkin K arar,https://www.resmigazete.gov.tr/eskiler/2001/02/20010203.htm#11
2001-02-04,2001/1931 Slovak Cumhuriyeti Hükümeti ile Türkiye Cumhuriyeti Hükümeti Arasında Gümrük Konularında İşbirliği ve Karşılıklı Yardım Anlaşması’nın Onaylanması Hakkında Karar,https://www.resmigazete.gov.tr/eskiler/2001/02/20010204.htm#1
2001-02-04,2001/1906 Tapu ve Kadastro Genel Müdürlüğü’nün Taşra Teşkilatında Samsun X. Bölge Müdürlüğü’ne Bağlı Olarak Ordu İli Mesudiye İlçesi’nde Kadastro Müdürlüğü Kurulması Hakkında Karar,https://www.resmigazete.gov.tr/eskiler/2001/02/20010204.htm#2
2001-02-04,2001/1919 Çeşitli Kararnameler ile Türk Vatandaşlığı Kaybettirilen 23 Kişi Hakkındaki Hükmün İptali ile 3 Kişiye Ait Bilgilerdeki Maddi Hataların Düzeltilmesi Hakkında Karar,https://www.resmigazete.gov.tr/eskiler/2001/02/20010204.htm#3
2001-02-04,— Anadolu Üniversitesi Lisansüstü Eğitim-Öğretim ve Sınav Yönetmeliğinin 2 ve 4 üncü Maddelerinde Değişiklik Yapılmasına Dair Yönetmelik,https://www.resmigazete.gov.tr/eskiler/2001/02/20010204.htm#4
2001-02-04,— Eskişehir İli Sınırları Dahilinde Uçucu Maddelerin 18 Yaşından Küçüklere Satılmasının Yasaklanmasına Dair Karar,https://www.resmigazete.gov.tr/eskiler/2001/02/20010204.htm#5
2001-02-04,— Yargıtay 2. Hukuk Dairesine Ait 4 Adet Karar,https://www.resmigazete.gov.tr/eskiler/2001/02/20010204.htm#6
2001-02-05,2001/1947 Türkiye Cumhuriyeti Ulaştırma Bakanlığı ve Ukrayna Bilişim ve Haberleşme Devlet Komitesi Arasında Posta ve Telekomünikasyon Alanlarında İşbirliği Anlaşması’nın Onaylanması Hakkında Karar,https://www.resmigazete.gov.tr/eskiler/2001/02/20010205.htm#1
2001-02-05,"— Devlet Bakanı Hasan GEMİCİ’ye, Devlet Bakanı Mustafa YILMAZ’ın Vekâlet Etmesine Dair Tezkere",https://www.resmigazete.gov.tr/eskiler/2001/02/20010205.htm#2
2001-02-05,"— Adalet Bakanlığına, Milli Eğitim Bakanı Metin BOSTANCIOĞLU’nun Vekâlet Etmesine Dair Tezkere",https://www.resmigazete.gov.tr/eskiler/2001/02/20010205.htm#3
2001-02-05,2001/1916 Estonya Cumhuriyeti Menşeli ve Çıkışlı Bazı Tarım Ürünleri İthalatında Tarife Kontenjanı Uygulanması Hakkında Karar’da Değişiklik Yapılmasına DairKarar,https://www.resmigazete.gov.tr/eskiler/2001/02/20010205.htm#4
2001-02-05,— Anadolu Üniversitesi Açıköğretim Fakültesi İngilizce Öğretmenliği Programı Öğretim ve Sınav Yönetmeliği,https://www.resmigazete.gov.tr/eskiler/2001/02/20010205.htm#5
2001-02-05,— Çin Halk Cumhuriyeti Menşeli Şerit Metre İthalatında Soruşturma Açılmasına İlişkin Tebliğ (Gözetim ve Korunma: 2001/1),https://www.resmigazete.gov.tr/eskiler/2001/02/20010205.htm#6
2001-02-05,— Dahilde İşleme Rejimi Tebliğinde Değişiklik Yapılmasına Dair Tebliğ (İhracat: 2001/2),https://www.resmigazete.gov.tr/eskiler/2001/02/20010205.htm#7
2001-02-05,— Trabzon Valiliği Mahalli Çevre Kurulu Kararı (No: 13),https://www.resmigazete.gov.tr/eskiler/2001/02/20010205.htm#8
2001-02-06,"2001/1932 Tütün, Tütün Mamulleri, Tuz ve Alkol İşletmeleri (TEKEL) Genel Müdürlüğü’nce İşletilmesinden Vazgeçilmiş Bulunan İşhan Tuzlasının, ""Kaya ve Kaynak Tuzlalarının Gerçek ve Tüzel Kişiler Tarafından İşletilmelerine İlişkin Usul ve Esaslar"" Çerçevesinde, Mahalli İhtiyaçların Karşılanması Amacıyla Burhanettin Birkiye Tarafından 10 Yıl Süreyle İşletilmesine İzin Verilmesi Hakkında Karar",https://www.resmigazete.gov.tr/eskiler/2001/02/20010206.htm#1
2001-02-06,2001/1952 Askerlik Kanununun Geçici 37 nci Maddesinin Uygulanmasına Dair Usul ve Esaslarda Değişiklik Yapılmasına İlişkin Usul ve Esaslar'ın Yürürlüğe Konulması Hakkında Karar,https://www.resmigazete.gov.tr/eskiler/2001/02/20010206.htm#2
2001-02-06,— Hâkimler ve Savcılar Yüksek Kuruluna Ait Atama Kararı,https://www.resmigazete.gov.tr/eskiler/2001/02/20010206.htm#3
2001-02-06,— Devlet Personel Başkanlığı Atama ve Görevde Yükselme Yönetmeliğinde Değişiklik Yapılması Hakkında Yönetmelik,https://www.resmigazete.gov.tr/eskiler/2001/02/20010206.htm#4
2001-02-06,— Tekerlekli Tarım veya Orman Traktörlerinin Görüş Alanı ve Ön Cam Silecekleri ile İlgili Tip Onayı Yönetmeliği (74/347/AT),https://www.resmigazete.gov.tr/eskiler/2001/02/20010206.htm#5
2001-02-06,— Tekerlekli Tarım veya Orman Traktörlerinin Direksiyon Donanımı ile İlgili Tip Onayı Yönetmeliği(75/321/AT),https://www.resmigazete.gov.tr/eskiler/2001/02/20010206.htm#6
2001-02-06,"— Rekabet Kurumu Meslek Personeli Seçme, Yetiştirme ve Yükseltme Yönetmeliği",https://www.resmigazete.gov.tr/eskiler/2001/02/20010206.htm#7
2001-02-06,— Yurt Dışında Görevlendirilecek Noterlerin Tespiti ve Uygulanacak Esaslar Hakkında Yönetmelik,https://www.resmigazete.gov.tr/eskiler/2001/02/20010206.htm#8
2001-02-06,— Yükseköğretim Kurulu Başkanlığı-Enformatik Milli Komitesi Yönetmeliğinin 6 ncı Maddesinin Değiştirilmesine Dair Yönetmelik,https://www.resmigazete.gov.tr/eskiler/2001/02/20010206.htm#9
2001-02-06,— Başbakanlık Özelleştirme Yüksek Kurulu Kararı (No: 2001/06),https://www.resmigazete.gov.tr/eskiler/2001/02/20010206.htm#10
2001-02-06,— Uluslararası Gözetim Şirketleri Statüsüne İlişkin Karar (Dış Ticarette Standardizasyon : 2001/3),https://www.resmigazete.gov.tr/eskiler/2001/02/20010206.htm#11
2001-02-06,— Rekabet Kurumunun 99/48/524-329 Sayılı Kararı,https://www.resmigazete.gov.tr/eskiler/2001/02/20010206.htm#12
2001-02-06,— Rekabet Kurumunun 00-20/201-110 Sayılı Kararı,https://www.resmigazete.gov.tr/eskiler/2001/02/20010206.htm#13
2001-02-06,"— Anayasa Mahkemesinin E: 1999/29, K: 1999/36 Sayılı Kararı (4393 Sayılı Kanun ile İlgili)",https://www.resmigazete.gov.tr/eskiler/2001/02/20010206.htm#14
2001-02-06,"— Anayasa Mahkemesinin E: 1999/36, K: 1999/43 Sayılı Kararı (4316 Sayılı Kanun ile İlgili)",https://www.resmigazete.gov.tr/eskiler/2001/02/20010206.htm#15
2001-02-07,2001/1892 Türkiye Cumhuriyeti ve İsveç Krallığı Arasında İmzalanan Sosyal Güvenlik Sözleşmesine Ek Anlaşma’nın Onaylanması Hakkında Karar,https://www.resmigazete.gov.tr/eskiler/2001/02/20010207.htm#1
2001-02-07,2001/1954 Türkiye Cumhuriyeti Hükümeti ile Çek Cumhuriyeti Hükümeti Arasında İmzalanan Veterinerlik Alanında İşbirliği Anlaşması’nın Onaylanması Hakkında Karar,https://www.resmigazete.gov.tr/eskiler/2001/02/20010207.htm#2
2001-02-07,— Afyon Kocatepe Üniversitesi Gıda Kontrol Araştırma ve Uygulama Merkezi Yönetmeliği,https://www.resmigazete.gov.tr/eskiler/2001/02/20010207.htm#3
2001-02-07,— Kurumlar Vergisi Genel Tebliği (Seri No: 70),https://www.resmigazete.gov.tr/eskiler/2001/02/20010207.htm#4
2001-02-07,— Milli Emlak Genel Tebliği (Sıra No: 250),https://www.resmigazete.gov.tr/eskiler/2001/02/20010207.htm#5
2001-02-08,2001/1891 Türkiye Cumhuriyeti ile Avusturya Cumhuriyeti Arasında Mevcut Sosyal Güvenlik Anlaşmasının Uygulanması Hakkında İdari Anlaşma’nın Onaylanması Hakkında Karar,https://www.resmigazete.gov.tr/eskiler/2001/02/20010208.htm#1
2001-02-08,"— Bayındırlık ve İskan Bakanlığına, Devlet Bakanı Prof. Dr. Şuayip ÜŞENMEZ’in Vekâlet Etmesine Dair Tezkere",https://www.resmigazete.gov.tr/eskiler/2001/02/20010208.htm#2
2001-02-08,"Devlet, Adalet, Bayındırlık ve İskan ile Turizm Bakanlıklarına Ait 7 Adet Atama Kararı",https://www.resmigazete.gov.tr/eskiler/2001/02/20010208.htm#3
2001-02-08,Bankaların İç Denetim ve Risk Yönetimi Sistemleri Hakkında Yönetmelik,https://www.resmigazete.gov.tr/eskiler/2001/02/20010208.htm#7
2001-02-08,"— Mersin Üniversitesi Devlet Konservatuvarı Yarı Zamanlı İlköğretim, Tam Zamanlı Lise Devresi Eğitim-Öğretim ve Sınav Yönetmeliğinin 49 uncu Maddesinde Değişiklik Yapılması Hakkında Yönetmelik",https://www.resmigazete.gov.tr/eskiler/2001/02/20010208.htm#4
2001-02-08,— Emniyet Teşkilatı Mensuplarından Malül Olanlara ve Şehit Olanların Mirasçılarına “Devlet Övünç Madalyası” Verilmesi Hakkında Tebliğ,https://www.resmigazete.gov.tr/eskiler/2001/02/20010208.htm#5
2001-02-08,— Yargıtay Başkanlar Kurulunun 2001/1 Sayılı Kararı,https://www.resmigazete.gov.tr/eskiler/2001/02/20010208.htm#6
2001-02-09,713 Türkiye Büyük Millet Meclisi İçtüzüğünün Bazı Maddelerinin Değiştirilmesine Dair Karar,https://www.resmigazete.gov.tr/eskiler/2001/02/20010209.htm#11
2001-02-09,"2001/1893 Türkiye Cumhuriyeti Hükümeti ile Almanya Federal Cumhuriyeti Hükümeti Arasındaki Teknik İşbirliği Anlaşması Çerçevesinde, İki Ülke Arasında Nota Teatisi Yoluyla Akdedilen “Bayburt Bölgesinin Erozyondan Korunması” Konulu Projeye İlişkin Anlaşma’nın Onaylanması Hakkında Karar",https://www.resmigazete.gov.tr/eskiler/2001/02/20010209.htm#1
2001-02-09,"2001/1895 Türkiye Cumhuriyeti Hükümeti ile Almanya Federal Cumhuriyeti Hükümeti Arasındaki Teknik İşbirliği Anlaşması Çerçevesinde, İki Ülke Arasında Nota Teatisi Yoluyla Akdedilen “DevletPlanlama Teşkilatı’nda İnsan Kaynaklarının Geliştirilmesinin Desteklenmesi” Konulu Projeye İlişkin Anlaşma’nın Onaylanması Hakkında Karar",https://www.resmigazete.gov.tr/eskiler/2001/02/20010209.htm#2
2001-02-09,2001/1949 Türkiye Cumhuriyeti Hükümeti ile Litvanya Cumhuriyeti Hükümeti Arasında Gümrük Konularında Karşılıklı Yardımlaşmaya İlişkin Anlaşma’nın Onaylanması Hakkında Karar,https://www.resmigazete.gov.tr/eskiler/2001/02/20010209.htm#3
2001-02-09,2001/1942 Uydular Aracılığı ile Haberleşme Avrupa Teşkilatı (EUTELSAT) Sözleşmesi’nde Yapılan Değişikliklerin Onaylanması Hakkında Karar,https://www.resmigazete.gov.tr/eskiler/2001/02/20010209.htm#4
2001-02-09,— Uzman Erbaş Yönetmeliğinde Değişiklik Yapılmasına Dair Yönetmelik,https://www.resmigazete.gov.tr/eskiler/2001/02/20010209.htm#5
2001-02-09,— Sağlık Bakanlığı Atama ve Nakil Yönetmeliğinde Değişiklik Yapılmasına Dair Yönetmelik,https://www.resmigazete.gov.tr/eskiler/2001/02/20010209.htm#6
2001-02-09,— Kültür Bakanlığı Atama ve Görevde Yükselme Yönetmeliğinde Değişiklik Yapılmasına Dair Yönetmelik,https://www.resmigazete.gov.tr/eskiler/2001/02/20010209.htm#7
2001-02-09,— İstanbul Menkul Kıymetler Borsası Yönetmeliğinde Değişiklik Yapılmasına Dair Yönetmelik,https://www.resmigazete.gov.tr/eskiler/2001/02/20010209.htm#8
2001-02-09,— İstanbul Menkul Kıymetler Borsası Kotasyon Yönetmeliğinde Değişiklik Yapılmasına Dair Yönetmelik,https://www.resmigazete.gov.tr/eskiler/2001/02/20010209.htm#9
2001-02-09,— Mecburi Standard 95/3 sayılı Tebliğ’de Yer Alan TS 3082 Sayılı Standardın Ek-A Madde-2 Bölümünün Yeniden Düzenlenmesine Dair Tebliğ (PİGM: 2000/4),https://www.resmigazete.gov.tr/eskiler/2001/02/20010209.htm#10
2001-02-09,— 4054 Sayılı Rekabetin Korunması Hakkında Kanunun 16 ve 17 nci Maddelerinde Düzenlenmiş Olan İdari Para Cezalarının 31/12/2001 Tarihine Kadar Geçerli Olmak Üzere Artırıldığının Duyurulmasına İlişkin Tebliğ (No: 2001/1),https://www.resmigazete.gov.tr/eskiler/2001/02/20010209.htm#12
2001-02-10,"2001/1960 Tabii Afet Nedeniyle Hayatını Kaybeden, Sakat Kalan ve Fiilen Oturduğu Konutları veya Kullandıkları İş Yerleri Hasar Görenlere Yapılacak Yardımlara Dair Kararda Değişiklik Yapılmasına İlişkin Karar",https://www.resmigazete.gov.tr/eskiler/2001/02/20010210.htm#1
2001-02-10,— Hükümlü Hayrettin CAĞCAĞ’ın Cezasının Kaldırılmasına Dair Karar,https://www.resmigazete.gov.tr/eskiler/2001/02/20010210.htm#2
2001-02-10,— Mimarlık ve Mühendislik Hizmet Bedellerinin Hesabında Kullanılacak 2001 Yılı Yapı Yaklaşık Birim Maliyetleri Hakkında Tebliğ,https://www.resmigazete.gov.tr/eskiler/2001/02/20010210.htm#3
2001-02-10,— Proje ve Kontrolluk İşlerinde Uygulanacak Fiyat Artış Oranları Hakkında Tebliğ,https://www.resmigazete.gov.tr/eskiler/2001/02/20010210.htm#4
2001-02-10,— İş Kolu Tespit Kararı 2001/2,https://www.resmigazete.gov.tr/eskiler/2001/02/20010210.htm#5
2001-02-10,— İş Kolu Tespit Kararı 2001/3,https://www.resmigazete.gov.tr/eskiler/2001/02/20010210.htm#6
2001-02-10,— Petrol Ürünlerine Uygulanacak Akaryakıt Fiyat İstikrar Fonu Payları Hakkında Tebliğ (PİGM/AFİF 2001-6),https://www.resmigazete.gov.tr/eskiler/2001/02/20010210.htm#7
2001-02-10,— Araştırma-Geliştirme (Ar-Ge) Yardımına İlişkin Tebliğ’de Değişiklik Yapılmasına Dair Tebliğ (No: 2001/3),https://www.resmigazete.gov.tr/eskiler/2001/02/20010210.htm#8
2001-02-10,— Balıkesir Valiliği Mahalli Çevre Kurulu Kararı (No: 2001/1),https://www.resmigazete.gov.tr/eskiler/2001/02/20010210.htm#9
2001-02-11,2001/1914 Türkiye Sermaye Piyasası Aracı Kuruluşları Birliği Statüsü’nün Yürürlüğe Konulması Hakkında Karar,https://www.resmigazete.gov.tr/eskiler/2001/02/20010211.htm#1
2001-02-11,"— Başbakanlık, Çalışma ve Sosyal Güvenlik, Kültür ve Orman Bakanlıklarına Ait Sekiz Adet Atama Kararı",https://www.resmigazete.gov.tr/eskiler/2001/02/20010211.htm#2
2001-02-11,— Türkiye Bilimsel ve Teknik Araştırma Kurumu Marmara Araştırma Merkezi Kuruluş ve İşletme Yönetmeliği,https://www.resmigazete.gov.tr/eskiler/2001/02/20010211.htm#3
2001-02-11,— İstanbul Üniversitesi İstanbul Tıp Fakültesi ve Cerrahpaşa Tıp Fakültesi Yandal Uzmanlığı Eğitim ve Sınav Yönetmeliğinin 4 üncü Maddesinin Değiştirilmesi Hakkında Yönetmelik,https://www.resmigazete.gov.tr/eskiler/2001/02/20010211.htm#4
2001-02-11,— Bankacılık Düzenleme ve Denetleme Kurumuna Ait Bir Adet Karar (No: 171),https://www.resmigazete.gov.tr/eskiler/2001/02/20010211.htm#8
2001-02-11,— Çözücü ve Yapıştırıcı Nitelik Taşıyan ve Bağımlılık Yapan Uçucu Maddelerin 18 Yaşından Küçüklere Satışının Yasaklanmasına Dair Karar,https://www.resmigazete.gov.tr/eskiler/2001/02/20010211.htm#5
2001-02-11,— Kuru-Sıkı Ses ve Gaz Tabancalarının Alımı-Satımı ve Taşınmasının Yasaklanmasına Dair Karar,https://www.resmigazete.gov.tr/eskiler/2001/02/20010211.htm#6
2001-02-11,— Yargıtay 2. Hukuk Dairesine Ait 2 Adet Karar,https://www.resmigazete.gov.tr/eskiler/2001/02/20010211.htm#7
2001-02-12,"Devlet Bakanı Prof. Dr. Tunca TOSKAY’a, Tarım ve Köyişleri Bakanı Prof. Dr. Hüsnü Yusuf GÖKALP’in Vekâlet Etmesine Dair Tezkere",https://www.resmigazete.gov.tr/eskiler/2001/02/20010212.htm#1
2001-02-12,"Dışişleri Bakanlığına, Devlet Bakanı Prof. Dr. Şükrü S. GÜREL’in Vekâlet Etmesine Dair Tezkere",https://www.resmigazete.gov.tr/eskiler/2001/02/20010212.htm#2
2001-02-12,— Karadeniz Teknik Üniversitesi Öğrenci Yurtları Yönetmeliği,https://www.resmigazete.gov.tr/eskiler/2001/02/20010212.htm#3
2001-02-13,"— Çalışma ve Sosyal Güvenlik Bakanlığına, Devlet Bakanı Yüksel YALOVA’nın Vekâlet Etmesine Dair Tezkere",https://www.resmigazete.gov.tr/eskiler/2001/02/20010213.htm#1
2001-02-13,Alkol Tablolarına Dair Yönetmelik,https://www.resmigazete.gov.tr/eskiler/2001/02/20010213.htm#2
2001-02-13,— Anayasa Mahkemesi Personeli Görevde Yükselme Yönetmeliği,https://www.resmigazete.gov.tr/eskiler/2001/02/20010213.htm#3
2001-02-13,— Muhasebat Genel Müdürlüğü Genel Tebliği (Sıra No: 578),https://www.resmigazete.gov.tr/eskiler/2001/02/20010213.htm#4
2001-02-13,— Muhasebat Genel Müdürlüğü Genel Tebliği (Sıra No: 579),https://www.resmigazete.gov.tr/eskiler/2001/02/20010213.htm#5
2001-02-13,— Muhasebat Genel Müdürlüğü Genel Tebliği (Sıra No: 582),https://www.resmigazete.gov.tr/eskiler/2001/02/20010213.htm#6
2001-02-13,— İşkolu Tespit Kararı (No: 2001/1),https://www.resmigazete.gov.tr/eskiler/2001/02/20010213.htm#7
2001-02-13,Mecburi Standard Tebliği No: ÖSG-2001/2-3 Sayılı Tebliğ Mecburi Standard Tebliği No: ÖSG-2001/,https://www.resmigazete.gov.tr/eskiler/2001/02/20010213.htm#8
2001-02-13,3-4 Sayılı Tebliğ,https://www.resmigazete.gov.tr/eskiler/2001/02/20010213.htm#9
2001-02-13,Mecburi Standard Tebliği No: ÖSG-2001/,https://www.resmigazete.gov.tr/eskiler/2001/02/20010213.htm#8
2001-02-13,4-5 Sayılı Tebliğ,https://www.resmigazete.gov.tr/eskiler/2001/02/20010213.htm#10
2001-02-13,Mecburi Standard Tebliği No: ÖSG-2001/,https://www.resmigazete.gov.tr/eskiler/2001/02/20010213.htm#8
2001-02-13,8-9 Sayılı Tebliğ,https://www.resmigazete.gov.tr/eskiler/2001/02/20010213.htm#11
2001-02-13,Mecburi Standard Tebliği No: ÖSG-2001/,https://www.resmigazete.gov.tr/eskiler/2001/02/20010213.htm#8
2001-02-13,9-10 Sayılı Tebliğ,https://www.resmigazete.gov.tr/eskiler/2001/02/20010213.htm#12
2001-02-13,— Petrol Ürünlerine Uygulanacak Akaryakıt Fiyat İstikrar Fonu Payları Hakkında Tebliğ (PİGM/AFİF 2001-7),https://www.resmigazete.gov.tr/eskiler/2001/02/20010213.htm#13
2001-02-13,— Gümüşhane Valiliği Mahalli Çevre Kurulu Kararı (No: 2001/2),https://www.resmigazete.gov.tr/eskiler/2001/02/20010213.htm#14
2001-02-14,"Enerji ve Tabii Kaynaklar Bakanlığına, Devlet Bakanı Rüştü Kazım YÜCELEN’in Vekâlet Etmesine Dair Tezkere",https://www.resmigazete.gov.tr/eskiler/2001/02/20010214.htm#1
2001-02-14,— Hakimler ve Savcılar Yüksek Kuruluna Ait Atama Kararı,https://www.resmigazete.gov.tr/eskiler/2001/02/20010214.htm#2
2001-02-14,— Alkolmetreler ve Alkol Hidrometrelerine Dair Yönetmelik,https://www.resmigazete.gov.tr/eskiler/2001/02/20010214.htm#3
2001-02-14,— Profesyonel Turist Rehberliği Yönetmeliğinde Değişiklik Yapılmasına Dair Yönetmelik,https://www.resmigazete.gov.tr/eskiler/2001/02/20010214.htm#4
2001-02-14,— Ondokuz Mayıs Üniversitesi Eğitim-Öğretim ve Sınav Yönetmeliği'nin 7 ve 12 nci Maddelerinde Değişiklik Yapılmasına Dair Yönetmelik,https://www.resmigazete.gov.tr/eskiler/2001/02/20010214.htm#5
2001-02-14,— Uluslararası Gözetim Şirketleri Statüsüne İlişkin Karar (DışTicarette Standardizasyon: 2001/4),https://www.resmigazete.gov.tr/eskiler/2001/02/20010214.htm#6
2001-02-14,— Rekabet Kurulu nun 00-35/384-214 sayılı Kararı,https://www.resmigazete.gov.tr/eskiler/2001/02/20010214.htm#7
2001-02-14,— Rekabet Kurulunun 00-43/464-254 sayılı Kararı,https://www.resmigazete.gov.tr/eskiler/2001/02/20010214.htm#8
2001-02-15,4624 Güneydoğu Avrupa Çokuluslu Barış Gücü Anlaşmasının İkinci Ek Protokolünün Onaylanmasının Uygun Bulunduğuna Dair Kanun,https://www.resmigazete.gov.tr/eskiler/2001/02/20010215.htm#1
2001-02-15,4625 Güneydoğu Avrupa Çokuluslu Barış Gücü Anlaşmasına Üçüncü Ek Protokolün Onaylanmasının Uygun Bulunduğuna Dair Kanun,https://www.resmigazete.gov.tr/eskiler/2001/02/20010215.htm#2
2001-02-15,"— Cumhurbaşkanlığına, Türkiye Büyük Millet Meclisi Başkanı Ömer İZGİ’nin Vekâlet Etmesine Dair Tezkere",https://www.resmigazete.gov.tr/eskiler/2001/02/20010215.htm#3
2001-02-15,2001/1961 Akaryakıt Tüketim Vergisi Tutarlarının Tespitine İlişkin Karar,https://www.resmigazete.gov.tr/eskiler/2001/02/20010215.htm#4
2001-02-15,— Basın İlân Kurumu Genel Kurul Üyeliğine Metin YALMAN’ın Seçilmesi Hakkında Karar (No: 2001/12),https://www.resmigazete.gov.tr/eskiler/2001/02/20010215.htm#5
2001-02-15,"— Devlet, Maliye, Bayındırlık ve İskan ile Orman Bakanlıklarına Ait 5 Adet Atama Kararı",https://www.resmigazete.gov.tr/eskiler/2001/02/20010215.htm#6
2001-02-15,— Sınır Tespitine Dair 2 Adet Karar,https://www.resmigazete.gov.tr/eskiler/2001/02/20010215.htm#7
2001-02-15,2001/1962 Güvenlik Soruşturması ve Arşiv Araştırması Yönetmeliğinde Değişiklik Yapılması Hakkında Yönetmelik,https://www.resmigazete.gov.tr/eskiler/2001/02/20010215.htm#8
2001-02-15,— Elektrik Sayaçları Yönetmeliği,https://www.resmigazete.gov.tr/eskiler/2001/02/20010215.htm#9
2001-02-15,— Balıkesir Üniversitesi Lisansüstü Eğitim ve Öğretim Yönetmeliğinin 6 ve 29 uncu Maddelerinde Değişiklik Yapılmasına Dair Yönetmelik,https://www.resmigazete.gov.tr/eskiler/2001/02/20010215.htm#10
2001-02-15,— Petrol Ürünlerine Uygulanacak Akaryakıt Fiyat İstikrar Fonu Payları Hakkında Tebliğ (PİGM/AFİF 2001-8),https://www.resmigazete.gov.tr/eskiler/2001/02/20010215.htm#11
2001-02-15,— İthalatta Haksız Rekabetin Önlenmesine İlişkin Tebliğ (No: 2001/2),https://www.resmigazete.gov.tr/eskiler/2001/02/20010215.htm#12
2001-02-15,— Petrol ve Petrokimya Ürünlerinin Tahlil İşlemleri Hakkında Tebliğ (Serbest Dolaşıma Giriş Rejimi: 2001/3),https://www.resmigazete.gov.tr/eskiler/2001/02/20010215.htm#13
2001-02-16,2001/2006 İthalat Rejimi Kararına Ek Karar,https://www.resmigazete.gov.tr/eskiler/2001/02/20010216.htm#1
2001-02-16,— Marmara Üniversitesi Lisansüstü Eğitim-Öğretim ve Sınav Yönetmeliğinin 37 nci Maddesinde Değişiklik Yapılmasına Dair Yönetmelik,https://www.resmigazete.gov.tr/eskiler/2001/02/20010216.htm#2
2001-02-16,— Ondokuz Mayıs Üniversitesi Lisansüstü Eğitim ve Öğretim Yönetmeliğine Bir Ek Madde Eklenmesine Dair Yönetmelik,https://www.resmigazete.gov.tr/eskiler/2001/02/20010216.htm#3
2001-02-16,— Mecburi Standard : ÖSG-2001/10-11 Sayılı Tebliğ,https://www.resmigazete.gov.tr/eskiler/2001/02/20010216.htm#4
2001-02-16,— Rekabet Kurulunun 00-25/262-144 Sayılı Kararı,https://www.resmigazete.gov.tr/eskiler/2001/02/20010216.htm#5
2001-02-16,— Kahramanmaraş Valiliği Mahalli Çevre Kurulu Kararı (No: 1),https://www.resmigazete.gov.tr/eskiler/2001/02/20010216.htm#6
2001-02-16,— Yargıtay 2. ve 20. Hukuk Dairelerine Ait 5 Adet Karar,https://www.resmigazete.gov.tr/eskiler/2001/02/20010216.htm#7
2001-02-17,"— Devlet Bakanı ve Başbakan Yardımcısı Dr. Devlet BAHÇELİ’ye, Devlet Bakanı Prof. Dr. Şuayip ÜŞENMEZ’in Vekâlet Etmesine Dair Tezkere",https://www.resmigazete.gov.tr/eskiler/2001/02/20010217.htm#1
2001-02-17,"— Devlet Bakanı Prof. Dr. Şükrü S.GÜREL’e, Devlet Bakanı Fikret ÜNLÜ’nün Vekâlet Etmesine Dair Tezkere",https://www.resmigazete.gov.tr/eskiler/2001/02/20010217.htm#2
2001-02-17,"— Devlet Bakanı Prof. Dr. Abdulhaluk Mehmet ÇAY’a, Devlet Bakanı Faruk BAL’ın Vekâlet Etmesine Dair Tezkere",https://www.resmigazete.gov.tr/eskiler/2001/02/20010217.htm#3
2001-02-17,"— Bayındırlık ve İskan Bakanlığına, Milli Savunma Bakanı Sabahattin ÇAKMAKOĞLU’nun Vekâlet Etmesine Dair Tezkere",https://www.resmigazete.gov.tr/eskiler/2001/02/20010217.htm#4
2001-02-17,"— Sağlık Bakanlığına, Devlet Bakanı Prof. Dr. Ramazan MİRZAOĞLU’nun Vekâlet Etmesine Dair Tezkere",https://www.resmigazete.gov.tr/eskiler/2001/02/20010217.htm#5
2001-02-17,"— Sanayi ve Ticaret Bakanlığına, Ulaştırma Bakanı Prof. Dr. Enis ÖKSÜZ’ün Vekâlet Etmesine Dair Tezkere",https://www.resmigazete.gov.tr/eskiler/2001/02/20010217.htm#6
2001-02-17,— Hakimler ve Savcılar Yüksek Kuruluna Ait Atama Kararı,https://www.resmigazete.gov.tr/eskiler/2001/02/20010217.htm#7
2001-02-17,— Telekomünikasyon Kurumunun Teşkilat ve Görevleri ile Çalışma Usul ve Esasları Hakkında Yönetmelik,https://www.resmigazete.gov.tr/eskiler/2001/02/20010217.htm#8
2001-02-17,— TS/792 Erik Standardının Dış Ticarette Zorunlu Uygulamaya Konulmasına İlişkin Tebliğ (Dış Ticarette Standardizasyon: 2001/9),https://www.resmigazete.gov.tr/eskiler/2001/02/20010217.htm#9
2001-02-18,"— Dışişleri Bakanlığına, Devlet Bakanı ve Başbakan Yardımcısı H. Hüsamettin ÖZKAN’ın Vekâlet Etmesine Dair Tezkere",https://www.resmigazete.gov.tr/eskiler/2001/02/20010218.htm#1
2001-02-18,"— Başbakanlık, Devlet, Maliye, Tarım ve Köyişleri, Çalışma ve Sosyal Güvenlik, Sanayi ve Ticaret, Kültür, Turizm ve Orman Bakanlıklarına Ait 17 Adet Atama Kararı",https://www.resmigazete.gov.tr/eskiler/2001/02/20010218.htm#2
2001-02-18,— Akdeniz Üniversitesi Fen Bilimleri Enstitüsü Lisansüstü Eğitim-Öğretim ve Sınav Yönetmeliğinin Bazı Maddelerinde Değişiklik Yapılmasına Dair Yönetmelik,https://www.resmigazete.gov.tr/eskiler/2001/02/20010218.htm#3
2001-02-18,— Bankacılık Düzenleme ve Denetleme Kurumuna Ait Karar (No: 178),https://www.resmigazete.gov.tr/eskiler/2001/02/20010218.htm#4
2001-02-18,— Küçük ve Orta Ölçekli İşletmelerin Yatırımlarında Devlet Yardımları Hakkında Kararın Uygulanmasına İlişkin Tebliğ (No: 2001/1),https://www.resmigazete.gov.tr/eskiler/2001/02/20010218.htm#5
2001-02-18,— Yatırımlarda Devlet Yardımları ve Yatırımları Teşvik Fonu Hakkında Kararın Uygulanmasına İlişkin Tebliğ (No: 2001/1),https://www.resmigazete.gov.tr/eskiler/2001/02/20010218.htm#6
2001-02-19,"2001/1981 Marmara Depreminin Neden Olduğu Hasarların Giderilmesini Teminen, Avrupa Konseyi Kalkınma Bankası’ndan Kalıcı Konutların İnşası İçin Sağlanan Kredinin Üçüncü Dilimine İlişkin Anlaşmanın Onaylanması Hakkında Karar",https://www.resmigazete.gov.tr/eskiler/2001/02/20010219.htm#1
2001-02-19,— Akdeniz Üniversitesi Sosyal Bilimler Enstitüsü Lisansüstü Eğitim ve Öğretim Yönetmeliğinin 23 ve 31 inci Maddelerinde Değişiklik Yapılmasına Dair Yönetmelik,https://www.resmigazete.gov.tr/eskiler/2001/02/20010219.htm#2
2001-02-19,— Akdeniz Üniversitesi Sağlık Bilimleri Enstitüsü Lisansüstü Eğitim ve Öğretim Yönetmeliğinin Bazı Maddelerinde Değişiklik Yapılmasına Dair Yönetmelik,https://www.resmigazete.gov.tr/eskiler/2001/02/20010219.htm#3
2001-02-19,— Yeditepe Üniversitesi Lisans Burs Yönetmeliği,https://www.resmigazete.gov.tr/eskiler/2001/02/20010219.htm#4
2001-02-20,"— Milli Savunma Bakanlığına, Devlet Bakanı Prof. Dr. Tunca TOSKAY’ın Vekâlet Etmesine Dair Tezkere",https://www.resmigazete.gov.tr/eskiler/2001/02/20010220.htm#1
2001-02-20,"— Hakimler ve Savcılar Yüksek Kurulunca, Danıştay Üyeliklerine Seçilenler Hakkında Karar",https://www.resmigazete.gov.tr/eskiler/2001/02/20010220.htm#2
2001-02-20,Wushu Hakem Yönetmeliği,https://www.resmigazete.gov.tr/eskiler/2001/02/20010220.htm#3
2001-02-20,— Wushu Müsabaka Yönetmeliği,https://www.resmigazete.gov.tr/eskiler/2001/02/20010220.htm#4
2001-02-20,— Wushu Ji ve Duan Sınav Yönetmeliği,https://www.resmigazete.gov.tr/eskiler/2001/02/20010220.htm#5
2001-02-20,Muhasebat Genel Müdürlüğü Genel Tebliği (Sıra No : 581 ),https://www.resmigazete.gov.tr/eskiler/2001/02/20010220.htm#6
2001-02-20,— Tohumluk Yetiştiricileri Tarafından Ödenecek Tarla Muayene ve Laboratuvar Analiz ve Test Ücretleri ile İlgili Esaslar Hakkında Tebliğ (No : 2001/1),https://www.resmigazete.gov.tr/eskiler/2001/02/20010220.htm#7
2001-02-20,— Sektörel Dış Ticaret Şirketi Statüsünün Sona Ermesine İlişkin Tebliğ (İhracat 2001/3),https://www.resmigazete.gov.tr/eskiler/2001/02/20010220.htm#8
2001-02-20,— Dış Ticaret Sermaye Şirketlerine İlişkin Karar,https://www.resmigazete.gov.tr/eskiler/2001/02/20010220.htm#9
2001-02-21,"2000/1963 Türkiye-Estonya Serbest Ticaret Anlaşması’nın Eki “Menşeli Ürünler"" Kavramının Tanımı ve İdari İşbirliği Yöntemleri Hakkında Protokol’de Teknik Nitelikli Değişiklikler Yapılmasına Dair 1999/1 Sayılı Ortak Komite Kararı ile Notaların Onaylanması Hakkında Karar",https://www.resmigazete.gov.tr/eskiler/2001/02/20010221.htm#1
2001-02-21,"— İçişleri Bakanlığına, Maliye Bakanı Sümer ORAL’ın Vekâlet Etmesine Dair Tezkere",https://www.resmigazete.gov.tr/eskiler/2001/02/20010221.htm#2
2001-02-21,2001/1968 1479 sayılı Esnaf ve Sanatkarlar ve Diğer Bağımsız Çalışanlar Sosyal Sigortalar Kurumu Kanunu ile 2926 Sayılı Tarımda Kendi Adına ve Hesabına Çalışanlar Sosyal Sigortalar Kanunu’na Göre Aylık Almakta Olanların Aylıklarından 1/1/2001 Tarihinden Geçerli Olmak Üzere 2001 Yılında % 10 Oranında Sağlık Sigortası Primi Kesilmesi Hakkında Karar,https://www.resmigazete.gov.tr/eskiler/2001/02/20010221.htm#3
2001-02-21,2001/1992 Moldova’ya Buğday Hibe Edilmesi Amacıyla Toprak Mahsulleri Ofisi Genel Müdürlüğü’ne Görev Verilmesine İlişkin Karar,https://www.resmigazete.gov.tr/eskiler/2001/02/20010221.htm#4
2001-02-21,2001/1994 Antalya İl Merkez İlçesine Bağlı Yukarıkaraman Belediyesi’nin Adının “Düzlerçamı” Olarak Değiştirilmesinin Tasdiki Hakkında Karar,https://www.resmigazete.gov.tr/eskiler/2001/02/20010221.htm#5
2001-02-21,2001/1972 Türk Öğrencilerin Yabancı Ülkelerde Öğrenimleri Hakkında Yönetmelikte Değişiklik Yapılmasına Dair Yönetmelik,https://www.resmigazete.gov.tr/eskiler/2001/02/20010221.htm#6
2001-02-21,— Huzurevleri ile Huzurevi Yaşlı Bakım ve Rehabilitasyon Merkezleri Yönetmeliği,https://www.resmigazete.gov.tr/eskiler/2001/02/20010221.htm#7
2001-02-21,— Sayıştay Denetçi ve Raportörlerinin Denetim ve Çalışma Usulleri Hakkında Yönetmeliğin Bazı Maddelerinde Değişiklik Yapılması Hakkında Yönetmelik,https://www.resmigazete.gov.tr/eskiler/2001/02/20010221.htm#8
2001-02-21,İstanbul Valiliği Mahalli Çevre Kurulu Kararı (No : 1),https://www.resmigazete.gov.tr/eskiler/2001/02/20010221.htm#9
2001-02-21,— Yozgat Valiliği Mahalli Çevre Kurulu Kararı (No : 1),https://www.resmigazete.gov.tr/eskiler/2001/02/20010221.htm#10
2001-02-22,"— Başbakanlığa, Devlet Bakanı ve Başbakan Yardımcısı Dr. Devlet BAHÇELİ’nin Vekâlet Etmesine Dair Tezkere",https://www.resmigazete.gov.tr/eskiler/2001/02/20010222.htm#1
2001-02-22,— Hâkimler ve Savcılar Yüksek Kuruluna Ait Karar,https://www.resmigazete.gov.tr/eskiler/2001/02/20010222.htm#2
2001-02-22,— Dokuz Eylül Üniversitesi Deprem Araştırma ve Uygulama Merkezi (DAUM) Yönetmeliği,https://www.resmigazete.gov.tr/eskiler/2001/02/20010222.htm#3
2001-02-22,Mecburi Standart ÖSG : 2001/5-6 Sayılı Tebliğ,https://www.resmigazete.gov.tr/eskiler/2001/02/20010222.htm#4
2001-02-23,4626 Sulama Alanlarında Arazi Düzenlenmesine Dair Tarım Reformu Kanununda Değişiklik Yapılması Hakkında Kanun,https://www.resmigazete.gov.tr/eskiler/2001/02/20010223.htm#1
2001-02-23,4627 190 Sayılı Genel Kadro ve Usulü Hakkında Kanun Hükmünde Kararnamenin Eki Cetvellerde Değişiklik Yapılmasına Dair Kanun,https://www.resmigazete.gov.tr/eskiler/2001/02/20010223.htm#2
2001-02-23,2001/1984 Türkiye Cumhuriyeti ile Romanya Arasındaki Serbest Ticaret Anlaşması’na ek “Menşeli Ürünler” Kavramının Tanımı ve İdari İşbirliği Yöntemleri Hakkında Protokol D’nin Değiştirilmesine İlişkin 6/2000 Sayılı Ortak Komite Kararının Onaylanması Hakkında Karar,https://www.resmigazete.gov.tr/eskiler/2001/02/20010223.htm#3
2001-02-23,— Vadeli İşlem ve Opsiyon Borsalarının Kuruluş ve Çalışma Esasları Hakkında Yönetmelik,https://www.resmigazete.gov.tr/eskiler/2001/02/20010223.htm#4
2001-02-23,— Türkiye Radyo-Televizyon Kurumu Personel Yönetmeliğinde Değişiklik Yapılmasına Dair Yönetmelik,https://www.resmigazete.gov.tr/eskiler/2001/02/20010223.htm#5
2001-02-23,— Türkiye Radyo-Televizyon Kurumu Sözleşmeli Personel Yönetmeliğinde Değişiklik Yapılmasına Dair Yönetmelik,https://www.resmigazete.gov.tr/eskiler/2001/02/20010223.htm#6
2001-02-23,— Gümrük Genel Tebliği (Gümrük İşleri) (Seri No : 6),https://www.resmigazete.gov.tr/eskiler/2001/02/20010223.htm#7
2001-02-23,Ocak 2001 Tarihinden Geçerli Olarak Kontrole Tâbi Tutulacak Harp Silâh ve Mühimmat Sanayii Listesi ile İlgili Tebliğ,https://www.resmigazete.gov.tr/eskiler/2001/02/20010223.htm#8
2001-02-23,— 2001 Malî Yılı Bütçe Uygulama Talimatı (Ayrıntılı Harcama Programı) (Sıra No : 5),https://www.resmigazete.gov.tr/eskiler/2001/02/20010223.htm#9
2001-02-23,— Kimyevi Gübre Denetimleri Sırasında Alınacak Numunelerin Analizlerinin Yaptırılacağı Analiz Kurumları ile Referans Kurum Laboratuvar Analiz Ücretleriyle İlgili Esaslar Hakkında Tebliğ (No : 2001/5),https://www.resmigazete.gov.tr/eskiler/2001/02/20010223.htm#10
2001-02-24,2000/1964 Türkiye Cumhuriyeti ile Estonya Cumhuriyeti Arasında Serbest Ticaret Anlaşması’nın Eki “Menşeli Ürünler” Kavramının Tanımı ve İdari İşbirliği Yöntemleri Hakkında Pro tokol’un Değiştirilmesine İlişkin 1/2000 Sayılı Ortak Komite Kararı’nın Onaylan ması Hakkında Karar,https://www.resmigazete.gov.tr/eskiler/2001/02/20010224.htm#1
2001-02-24,"— Cumhurbaşkanlığına, Türkiye Büyük Millet Meclisi Başkanı Ömer İZGİ’nin Vekâlet Etmesine Dair Tezkere",https://www.resmigazete.gov.tr/eskiler/2001/02/20010224.htm#2
2001-02-24,2001/2036 6772 Sayılı Kanun Kapsamına Giren Kurumlarda Çalışan İşçilere Ödenecek 2001 Yılı İlave Tediyeler Hakkında Karar,https://www.resmigazete.gov.tr/eskiler/2001/02/20010224.htm#3
2001-02-24,— Hâkimler ve Savcılar Yüksek Kurulu Yedek Üyeliğine Danıştay Üyesi Mustafa İlhan DİNÇ’in Seçilmesine Dair Karar (No : 2001/15),https://www.resmigazete.gov.tr/eskiler/2001/02/20010224.htm#4
2001-02-24,— Hükümlü Dursun EŞAT’ın Kalan Cezasının Kaldırılmasına Dair Karar (No : 2001/13),https://www.resmigazete.gov.tr/eskiler/2001/02/20010224.htm#5
2001-02-24,"— Cumhurbaşkanlığı, Devlet, Bayındırlık ve İskan, Sağlık, Sanayi ve Ticaret,, Enerji ve Tabii Kaynaklar ile Turizm Bakanlıklarına Ait 12 Adet Atama Kararı",https://www.resmigazete.gov.tr/eskiler/2001/02/20010224.htm#6
2001-02-24,— İstanbul Polis Hastanesi Döner Sermaye İşletmesi Yönetmeliğinin Bazı Maddelerinin Değiştirilmesi Hakkında Yönetmelik,https://www.resmigazete.gov.tr/eskiler/2001/02/20010224.htm#7
2001-02-24,"— Motorlu Araçların ve Römorklarının Zorunlu Tanıtım Levhaları ve Etiketleri, Takılma Yerleri ve Yöntemleri ile İlgili Tip Onayı Yönetmeliği (76/114/AT)",https://www.resmigazete.gov.tr/eskiler/2001/02/20010224.htm#8
2001-02-24,— İstanbul Üniversitesi Siyasal Bilgiler Fakültesi Lisans Öğretim ve Sınav Yönetmeliğinin Bazı Maddelerinin Değiştirilmesine Dair Yönetmelik,https://www.resmigazete.gov.tr/eskiler/2001/02/20010224.htm#9
2001-02-25,2001/1982 Türkiye-Avusturya Karma Ekonomik Komisyonu Üçüncü Dönem Toplantısı Mutabakat Zaptı’nın Onaylanması Hakkında Karar,https://www.resmigazete.gov.tr/eskiler/2001/02/20010225.htm#1
2001-02-25,— Sakarya Üniversitesi Atatürk İlkeleri ve İnkılâp Tarihi Araştırma ve Uygulama Merkezi Yönetmeliği,https://www.resmigazete.gov.tr/eskiler/2001/02/20010225.htm#2
2001-02-26,2001/1986 Güneydoğu Avrupa Savunma Bakanları Süreci Çerçevesinde Bir Eşgüdüm Komitesinin Kurulmasına İlişkin Anlaşma’nın Onaylanması Hakkında Karar,https://www.resmigazete.gov.tr/eskiler/2001/02/20010226.htm#1
2001-02-26,2001/1999 Elektrik İşleri Etüt İdaresi Genel Müdürlüğü ile Japonya Uluslararası İşbirliği Ajansı (JICA) Tarafından Yürütülmekte Olan “Enerji Tasarrufu Merkezi Projesi”ne İlişkin Adı Geçen Kuruluşların Yükümlülüklerini Belirlemek Üzere Türkiye ile Japonya Arasında Nota Teatisi Yoluyla Akdedilen Anlaşma’nın Onaylanması Hakkında Karar,https://www.resmigazete.gov.tr/eskiler/2001/02/20010226.htm#2
2001-02-26,2001/2000 Türkiye Cumhuriyeti ile Polonya Cumhuriyeti Arasındaki Serbest TicaretAnlaşması’na Ek “Menşeli Ürünler” Kavramının Tanımı ve İdari İşbirliği Yöntemleri Hakkında Protokol 3’ün Değiştirilmesine Dair 3/2000 sayılı Ortak Komite Kararı’nın v e Protokol 2’nin B Ekinde Yer Al an Canlı Sığırlar İçin Geçici Telafi Sağlanmasına Dair 4/2000 Sayılı Ortak Komite Kararı’nın Onaylanması Hakkında Karar,https://www.resmigazete.gov.tr/eskiler/2001/02/20010226.htm#3
2001-02-26,2001/2014 Türk-İsveç Ekonomik ve Ticari İşbirliği Komitesi Birinci DönemToplantısı Mutabakat Zaptı’nın Onaylanması Hakkında Karar,https://www.resmigazete.gov.tr/eskiler/2001/02/20010226.htm#4
2001-02-26,2001/2020 Türkiye Cumhuriyeti Adalet Bakanlığı ile Ukrayna Adalet Bakanlığı Arasında İşbirliğine İlişkin Protokol’un Onaylanması Hakkında Karar,https://www.resmigazete.gov.tr/eskiler/2001/02/20010226.htm#5
2001-02-26,2001/2024 Türkiye ile Hollanda Arasında Güneydoğu Anadolu Projesi (GAP) Kapsamındaki Sulama Projelerinde İşbirliği Yapılmasına İlişkin Mutabakat Zaptı’nın Onaylanması Hakkında Karar,https://www.resmigazete.gov.tr/eskiler/2001/02/20010226.htm#6
2001-02-26,2001/2025 Türkiye Cumhuriyeti-Irak Cumhuriyeti Ulaştırma ve Haberleşme İşbirliği Görüşmesi Protokolu’nun Onaylanması Hakkında Karar,https://www.resmigazete.gov.tr/eskiler/2001/02/20010226.htm#7
2001-02-26,"— Dışişleri Bakanlığına, Devlet Bakanı Prof. Dr. Şükrü S.GÜREL’in Vekâlet Etmesine Dair Tezkere",https://www.resmigazete.gov.tr/eskiler/2001/02/20010226.htm#8
2001-02-26,2001/1995 3086 Kişinin Türk Vatandaşlığından Çıkmasına İzin Verilmesi ve Bazı Kararnameler ile Türk Vatandaşlığından Çıkmasına İzin Verilen 33 Kişiyle İlgili Bazı Maddi Hataların Düzeltilmesi Hakkında Karar,https://www.resmigazete.gov.tr/eskiler/2001/02/20010226.htm#9
2001-02-26,— Ankara Üniversitesi Kadın Sorunları Araştırma ve Uygulama Merkezi (KASAUM) Yönetmeliğinin Bazı Maddelerinin Yürürlükten Kaldırılması Hakkında Yönetmelik,https://www.resmigazete.gov.tr/eskiler/2001/02/20010226.htm#10
2001-02-26,— Doku z Eylül Üniversitesi Su Kaynakları Yönetimi ve Su Kaynaklı Doğal Afetlerin Kontrolu Araştırma ve Uygulama Merkezi (SUMER) Yönetmeliği,https://www.resmigazete.gov.tr/eskiler/2001/02/20010226.htm#11
2001-02-26,— Dokuz Eylül Üniversitesi İstatistik ve Risk Analizleri Araştırma-Uygulama Merkezi (İRAMER) Yönetmeliği,https://www.resmigazete.gov.tr/eskiler/2001/02/20010226.htm#12
2001-02-26,— Mecburi Standard: ÖSG-2001/6-7 Sayılı Tebliğ,file:///C:/Belgelerim/resmi%20gazete/20010226/Bugun1.htm#13
2001-02-26,— Mecburi Standard: ÖSG-2001/7-8 Sayılı Tebliğ,file:///C:/Belgelerim/resmi%20gazete/20010226/Bugun1.htm#14
2001-02-26,— 2000 Yılı Kasım Ayına Ait Dahilde İşleme İzin Belgelerinin Sektörel Dağılımı Hakkında Tebliğ,file:///C:/Belgelerim/resmi%20gazete/20010226/Bugun1.htm#15
2001-02-26,— 2000 Yılı Kasım Ayına Ait Yurt İçi Satış Teslimler ile İlgili Belgelerin Sektörel Dağılımı Hakkında Tebliğ,file:///C:/Belgelerim/resmi%20gazete/20010226/Bugun1.htm#16
2001-02-26,— 2000 Yılı Kasım Ayına Ait Hariçte İşleme İzinBelgelerinin Sektörel Dağılımı Hakkında Tebliğ,file:///C:/Belgelerim/resmi%20gazete/20010226/Bugun1.htm#17
2001-02-26,— 2000 Yılı Kasım Ayına Ait Vergi Resim ve Harç İstisnası Belgelerinin Sektörel Dağılımı Hakkında Tebliğ,file:///C:/Belgelerim/resmi%20gazete/20010226/Bugun1.htm#18
2001-02-26,— 2000 Yılı Aralık Ayına Ait Dahilde İşleme İzin Belgelerinin Sektörel Dağılımı Hakkında Tebliğ,file:///C:/Belgelerim/resmi%20gazete/20010226/Bugun1.htm#19
2001-02-26,— 2000 Yılı Aralık Ayına Ait Yurt İçi Satış Teslimler ile İlgili Belgelerin Sektörel Dağılımı Hakkında Tebliğ,file:///C:/Belgelerim/resmi%20gazete/20010226/Bugun1.htm#20
2001-02-26,— 2000 Yılı Aralık Ayına Ait Hariçte İşleme İzin Belgelerinin Sektörel Dağılımı Hakkında Tebliğ,file:///C:/Belgelerim/resmi%20gazete/20010226/Bugun1.htm#21
2001-02-26,— 2000 Yılı Aralık Ayına Ait Vergi Resim ve Harç İstisnası Belgelerinin Sektörel Dağılımı Hakkında Tebliğ,file:///C:/Belgelerim/resmi%20gazete/20010226/Bugun1.htm#22
2001-02-26,— 2001 Yılı Ocak Ayına Ait Yatırım Teşvik Belgelerinin Sektörel Dağılımı Hakkında Tebliğ,file:///C:/Belgelerim/resmi%20gazete/20010226/Bugun1.htm#23
2001-02-26,— 2001 Yılı Ocak Ayına Ait Yabancı Sermayeli Yatırım Teşvik Belgelerinin Sektörel Dağılımı Hakkında Tebliğ,file:///C:/Belgelerim/resmi%20gazete/20010226/Bugun1.htm#24
2001-02-26,"— Gaziantep İli Sınırları Dahilinde, Uçucu Maddelerin 18 Yaşından Küçüklere Satışının Yasaklanmasına Dair Karar",file:///C:/Belgelerim/resmi%20gazete/20010226/Bugun1.htm#25
2001-02-27,2001/2033 Türkiye Cumhuriyeti Hükümeti ile Kuzey Kıbrıs Türk Cumhuriyeti Hükümeti Arasında Ekonomik ve Mali İşbirliği Protokolü’nün Onaylanması Hakkında Karar,https://www.resmigazete.gov.tr/eskiler/2001/02/20010227.htm#1
2001-02-27,2001/2032 Millî Savunma Bakanlığı Akaryakıt İkmal ve NATOPOL Tesisleri İşletme Başkanlığında Çalıştırılacak Sözleşmeli Personelin Hizmet Sözleşmesi Esasları Hakkında Karar,https://www.resmigazete.gov.tr/eskiler/2001/02/20010227.htm#2
2001-02-27,2001/2012 H ayvan Sağlığı ve Zabıtası Yönetmeliğinde Değişiklik Yapılmasına Dair Yönetmelik,https://www.resmigazete.gov.tr/eskiler/2001/02/20010227.htm#3
2001-02-27,— Milli Piyango İdaresi Genel Müdürlüğü Teftiş Kurulu Yönetmeliğinin Bir Maddesinin Değiştirilmesine Dair Yönetmelik,https://www.resmigazete.gov.tr/eskiler/2001/02/20010227.htm#4
2001-02-27,— Ağız ve Diş Sağlığı Hizmeti Sunulan Özel Sağlık Kuruluşları Hakkında Yönetmelikte Değişiklik Yapılmasına Dair Yönetmelik,https://www.resmigazete.gov.tr/eskiler/2001/02/20010227.htm#5
2001-02-27,— K ültür Bakanlığı Teftiş Kurulu Yönetmeliğinde Değişiklik Yapılmasına Dair Yönetmelik,https://www.resmigazete.gov.tr/eskiler/2001/02/20010227.htm#6
2001-02-27,— T urizm Bakanlığı Yurtdışı Teşkilatında Görevlendirilecek Personelin Seçim Esaslarına Dair Yönetmelikte Değişiklik Yapılması Hakkında Yönetmelik,https://www.resmigazete.gov.tr/eskiler/2001/02/20010227.htm#7
2001-02-27,— İşkolu Tespit Kararı (No: 2001/4),https://www.resmigazete.gov.tr/eskiler/2001/02/20010227.htm#8
2001-02-27,— B asında Fikren veya Bedenen Çalışanlara Verilecek Borç Para ve Yapılacak Yardımlar Hakkındaki 18 Kasım 1977 Tarihli ve 68 Sayılı Genel Kurul Kararı’nın Bazı Maddelerinin Değiştirilmesine Dair Genel Kurul Kararı (No: 154),https://www.resmigazete.gov.tr/eskiler/2001/02/20010227.htm#9
2001-02-27,— Basın İlân Kurumu Teşkiline Dair 195 Sayılı Kanun’un 49 uncu Maddesinde Yer Alan Basın Ahlâk Esasları Hakkındaki 129 Sayılı Genel Kurul Kararı’nın Değiştirilmesine Dair Genel Kurul Kararı (No: 155),https://www.resmigazete.gov.tr/eskiler/2001/02/20010227.htm#10
2001-02-27,— Diyarbakır İli Mahalli Çevre Kurulu Kararı (No: 1),https://www.resmigazete.gov.tr/eskiler/2001/02/20010227.htm#11
2001-02-27,— Osmaniye İli Mahalli Çevre Kurulu Kararı (No: 1),https://www.resmigazete.gov.tr/eskiler/2001/02/20010227.htm#12
2001-02-28,2001/2042 T ürkiye Cumhuriyeti ile Honduras Cumhuriyeti Arasında Vize Gerekliliğinin Kaldırılmasına İlişkin Anlaşmanın Onaylanmasına Dair Karar,https://www.resmigazete.gov.tr/eskiler/2001/02/20010228.htm#1
2001-02-28,2001/2043 T ürkiye Cumhuriyeti ile Pakistan İslam Cumhuriyeti Dışişleri Bakanlıkları Arasında Siyasi İstişare Mekanizması Kurulmasına İlişkin Mutabakat Muhtırasının Onaylanmasına Dair Karar,https://www.resmigazete.gov.tr/eskiler/2001/02/20010228.htm#2
2001-02-28,— Devlet Harcama Belgeleri Yönetmeliğinin Bazı Maddelerinde Ek ve Değişiklik Yapılmasına Dair Yönetmelik,https://www.resmigazete.gov.tr/eskiler/2001/02/20010228.htm#3
2001-02-28,— B aşkent Elektrik Dağıtım A.Ş. Genel Müdürlüğü Satınalma ve İhale Yönetmeliği,https://www.resmigazete.gov.tr/eskiler/2001/02/20010228.htm#4
2001-02-28,— Zonguldak Valiliği Mahalli Çevre Kurulu Kararı (No: 2),https://www.resmigazete.gov.tr/eskiler/2001/02/20010228.htm#5
2001-02-28,— Ş anlıurfa Valiliği Sınırları İçerisinde Uçucu Maddelerin 18 Yaşından Küçüklere Satılmasının Yasaklanmasına Dair Karar,https://www.resmigazete.gov.tr/eskiler/2001/02/20010228.htm#6
2001-02-28,— Muğla Valiliği Sınırları İçerisinde Çözücü ve Yapıştırıcı Nitelik Taşıyan ve B ağımlılık Yapan Uçucu Maddelerin 18 Yaşından Küçüklere Satışının Yasaklanmasına Dair Karar,https://www.resmigazete.gov.tr/eskiler/2001/02/20010228.htm#7
2001-03-01,2001/2040 Türkiye Cumhuriyeti Hükümeti ile Slovenya Cumhuriyeti Hükümeti Arasında Hava Taşımacılığı Anlaşması’nın Onaylanması Hakkında Karar,https://www.resmigazete.gov.tr/eskiler/2001/03/20010301.htm#1
2001-03-01,2001/2045 3184 Kişinin Türk Vatandaşlığından Çıkmasına İzin Verilmesi ve Bazı Kararnameler ile Türk Vatandaşlığından Çıkmalarına İzin Verilen Üç Kişiyle İlgili Bazı Maddi Hataların Düzeltilmesi Hakkında Karar,https://www.resmigazete.gov.tr/eskiler/2001/03/20010301.htm#2
2001-03-01,2001/2046 3047 Kişinin Türk Vatandaşlığından Çıkmasına İzin Verilmesi ve Bazı Kararnameler ile Türk Vatandaşlığından Çıkmalarına İzin Verilen Altı Kişiyle İlgili Bazı Maddi Hataların Düzeltilmesi Hakkında Karar,https://www.resmigazete.gov.tr/eskiler/2001/03/20010301.htm#3
2001-03-01,"— Hâkimler ve Savcılar Yüksek Kurulunca Yükseltilmesine Karar Verilen; Adli Yargı Hâkimleri, Cumhuriyet Başsavcıları ve Savcıları ile İdari Yargı Hâkimlerine Ait Sıra Defterlerine İlişkin Karar",https://www.resmigazete.gov.tr/eskiler/2001/03/20010301.htm#4
2001-03-01,— Türkiye İş Kurumu Genel Kurulunun Toplanma ve Çalışma Usul ve Esasları Hakkında Yönetmelik,https://www.resmigazete.gov.tr/eskiler/2001/03/20010301-1.htm#5
2001-03-01,"— Dikişsiz, Alaşımsız ve Aliminyum ve Aliminyum Alaşımlı Basınçlı Gaz Tüplerine Dair Yönetmelik",https://www.resmigazete.gov.tr/eskiler/2001/03/20010301-1.htm#6
2001-03-01,— Atatürk Üniversitesi Önlisans ve Lisans Eğitim Öğretim ve Sınav Yönetmeliği,https://www.resmigazete.gov.tr/eskiler/2001/03/20010301-1.htm#7
2001-03-01,— Gaziosmanpaşa Üniversitesi Öğrenci Kültür – Sanat – Spor Etkinlikleri Yönetmeliği,https://www.resmigazete.gov.tr/eskiler/2001/03/20010301-1.htm#8
2001-03-01,— Devlet İhaleleri Genelgesi (Sıra No : 2001/1),https://www.resmigazete.gov.tr/eskiler/2001/03/20010301-1.htm#9
2001-03-01,— Katma Değer Vergisi Genel Tebliği (Seri No : 81),https://www.resmigazete.gov.tr/eskiler/2001/03/20010301-1.htm#10
2001-03-01,— Gelir Vergisi GenelTebliği (Seri No : 241),https://www.resmigazete.gov.tr/eskiler/2001/03/20010301-1.htm#11
2001-03-01,— İthal ve İhraç Edilecek Gıdaların Giriş ve Çıkış Kapılarının Tespit ve İlanına Dair Tebliğ,https://www.resmigazete.gov.tr/eskiler/2001/03/20010301-1.htm#12
2001-03-01,— Mülga Dış Krediler Kur Farkı Fonundan Kullanılmış Kredilere Uygulanacak Değişken Faiz Oranı Hakkında Tebliğ,https://www.resmigazete.gov.tr/eskiler/2001/03/20010301-1.htm#13
2001-03-02,"— D ışişleri Bakanlığına, Devlet Bakanı Prof. Dr. Şükrü Sina GÜREL’in Vekâlet Etmesine Dair Tezkere",https://www.resmigazete.gov.tr/eskiler/2001/03/20010302.htm#1
2001-03-02,"— T urizm Bakanlığına, Enerji ve Tabii Kaynaklar Bakanı M. Cumhur ERSÜMER’in Vekâlet Etmesine Dair Tezkere",https://www.resmigazete.gov.tr/eskiler/2001/03/20010302.htm#2
2001-03-02,"2001/2026 Türkiye Elektrik İletim Anonim Şirketi, Elektrik Üretim Anonim Şirketi ve Türkiye Elektrik Ticaret ve Taahhüt Anonim Şirketi Unvanlı Üç Ayrı İktisadi Devlet Teşekkülü Şeklinde Teşkilatlandırılmasına İlişkin Karar",https://www.resmigazete.gov.tr/eskiler/2001/03/20010302.htm#3
2001-03-02,Vadeli İşlem ve Opsiyon Borsalarının Kuruluş ve Çalışma Esasları Hakkında Yönetmeliğe Geçici Bir Madde Eklenmesine Dair Yönetmelik,https://www.resmigazete.gov.tr/eskiler/2001/03/20010302.htm#4
2001-03-02,"Serbest Muhasebecilik, Serbest Muhasebeci Mali Müşavirlik ve Yeminli Mali Müşavirlik Kanunu Genel Tebliği (Sıra No: 29)",https://www.resmigazete.gov.tr/eskiler/2001/03/20010302.htm#5
2001-03-02,— Mecburi Standard Tebliği (No: ÖSG-2001/22-23),https://www.resmigazete.gov.tr/eskiler/2001/03/20010302.htm#6
2001-03-02,— Gümrük Genel Tebliği (Özel Kullanıma Mahsus Kara Taşıtları) (Seri No : 3),https://www.resmigazete.gov.tr/eskiler/2001/03/20010302.htm#7
2001-03-02,— Hakkari Valiliği Mahalli Çevre Kurulu Kararı (No: 2001/1),https://www.resmigazete.gov.tr/eskiler/2001/03/20010302.htm#8
2001-03-02,— Kütahya Valiliği Mahalli Çevre Kurulu Kararı (No: 1),https://www.resmigazete.gov.tr/eskiler/2001/03/20010302.htm#9
2001-03-02,"Anayasa Mahkemesinin E: 1999/42 (4447 Sayılı Yasa ile İlgili), K: 2001/1 Sayılı Kararı",https://www.resmigazete.gov.tr/eskiler/2001/03/20010302.htm#10
2001-03-02,(DÜZELTME) ( Başbakanlık Devlet Personel Başkanlığı Döner Sermaye İşletmesi Yönetmeliği ile İlgili),https://www.resmigazete.gov.tr/eskiler/2001/03/20010302.htm#11
2001-03-03,"— Devlet Bakanlığına, Kemal DERVİŞ’in Atanmasına Dair Tezkere",https://www.resmigazete.gov.tr/eskiler/2001/03/20010303.htm#1
2001-03-03,"2000/2049 Belgesiz İhracat Kredileri ile Vergi, Resim, Harç İstisnası Belgeleri Hakkında Karar",https://www.resmigazete.gov.tr/eskiler/2001/03/20010303.htm#2
2001-03-03,2000/2050 Dahilde İşleme Rejimi Kararında Değişiklik Yapılması Hakkında Karar,https://www.resmigazete.gov.tr/eskiler/2001/03/20010303.htm#3
2001-03-03,"— Devlet, Maliye ile Enerji ve Tabii Kaynaklar Bakanlıklarına Ait 6 Adet Atama Kararı",https://www.resmigazete.gov.tr/eskiler/2001/03/20010303.htm#4
2001-03-03,— Bir Adet Sınır Tespit Kararı,https://www.resmigazete.gov.tr/eskiler/2001/03/20010303.htm#5
2001-03-03,2001/2027 Devlet Lojmanları Yapım ve İşletme Yönetmeliğinin Yürürlükten Kaldırılmasına Dair Yönetmelik,https://www.resmigazete.gov.tr/eskiler/2001/03/20010303.htm#6
2001-03-03,— Adli Sicil Yönetmeliğinin Bir Maddesinde Değişiklik Yapılmasına Dair Yönetmelik,https://www.resmigazete.gov.tr/eskiler/2001/03/20010303.htm#7
2001-03-03,— 2001 Malî Yılı Bütçe Uygulama Talimatı (Sıra No : 6),https://www.resmigazete.gov.tr/eskiler/2001/03/20010303.htm#8
2001-03-03,— Gelir Vergisi Genel Tebliği (Seri No : 242),https://www.resmigazete.gov.tr/eskiler/2001/03/20010303.htm#9
2001-03-03,— Sürşarj Tebliği,https://www.resmigazete.gov.tr/eskiler/2001/03/20010303.htm#10
2001-03-03,— Mecburi Standard Tebliği (No : ÖSG-2001/15-16),https://www.resmigazete.gov.tr/eskiler/2001/03/20010303.htm#11
2001-03-03,— Mecburi Standard Tebliği (No : ÖSG-2001/16-17),https://www.resmigazete.gov.tr/eskiler/2001/03/20010303.htm#12
2001-03-03,— Makedonya Cumhuriyeti Menşeli Bazı Sanayi Ürünleri İthalatında Tarife Kontenjanı Uygulanmasına İlişkin Tebliğ,https://www.resmigazete.gov.tr/eskiler/2001/03/20010303.htm#13
2001-03-03,— Özelleştirme İdaresi Başkanlığının ÖİB-K-01 Sayılı Kararı,https://www.resmigazete.gov.tr/eskiler/2001/03/20010303.htm#14
2001-03-03,— Yüksek Seçim Kurulu Kararı (No : 20),https://www.resmigazete.gov.tr/eskiler/2001/03/20010303.htm#15
2001-03-03,— Yüksek Seçim Kurulu Kararı (No : 86),https://www.resmigazete.gov.tr/eskiler/2001/03/20010303.htm#16
2001-03-03,DÜZELTME (Yatırımlarda Devlet Yardımları ve Yatırımları Teşvik Fonu Kararı ile İlgili),https://www.resmigazete.gov.tr/eskiler/2001/03/20010303.htm#17
2001-03-04,— Orman Bakanlığına Ait Bir Adet Atama Kararı,https://www.resmigazete.gov.tr/eskiler/2001/03/20010304.htm#1
2001-03-04,2001/2039 Yem Yönetmeliğinde Değişiklik Yapılmasına Dair Yönetmelik,https://www.resmigazete.gov.tr/eskiler/2001/03/20010304.htm#2
2001-03-04,— Dicle Üniversitesi Döner Sermaye İşletmesi Yönetmeliği,https://www.resmigazete.gov.tr/eskiler/2001/03/20010304.htm#3
2001-03-04,— 2001 Yılında Girişilecek Yapım İhalelerinde Uygun Bedelin Tercihinde Kullanılacak Kriterler Hakkında Tebliğ,https://www.resmigazete.gov.tr/eskiler/2001/03/20010304.htm#4
2001-03-04,— Mecburi Standard Tebliği (No : ÖSG-2001/18-19),https://www.resmigazete.gov.tr/eskiler/2001/03/20010304.htm#5
2001-03-09,"— Devlet Bakanı Hasan GEMİCİ’ye, Devlet Bakanı Mustafa YILMAZ’ın Vekâlet Dair Tezkere",https://www.resmigazete.gov.tr/eskiler/2001/03/20010309.htm#1
2001-03-09,"— Çevre Bakanlığına, Orman Bakanı Prof. Dr. Nami ÇAĞAN’ın Vekâlet Etmesine Dair Tezkere",https://www.resmigazete.gov.tr/eskiler/2001/03/20010309.htm#2
2001-03-09,— Devlet Bakanlığına Ait Bir Adet Atama Kararı,https://www.resmigazete.gov.tr/eskiler/2001/03/20010309.htm#3
2001-03-09,— Anadolu Meteoroloji Meslek Lisesi Yönetmeliği,https://www.resmigazete.gov.tr/eskiler/2001/03/20010309.htm#4
2001-03-09,— Mecburi Standard Tebliği (No : ÖSG-2001/12-13),https://www.resmigazete.gov.tr/eskiler/2001/03/20010309.htm#5
2001-03-09,— Mecburi Standard Tebliği (No : ÖSG-2001/13-14),https://www.resmigazete.gov.tr/eskiler/2001/03/20010309.htm#6
2001-03-10,4631 Hayvan Islahı Kanunu,https://www.resmigazete.gov.tr/eskiler/2001/03/20010310.htm#1
2001-03-10,— Celal Bayar Üniversitesi Lisansüstü Eğitim ve Öğretim Yönetmeliğinin 27 nci Maddesinde Değişiklik Yapılmasına Dair Yönetmelik,https://www.resmigazete.gov.tr/eskiler/2001/03/20010310.htm#2
2001-03-10,— Mecburi Standard Tebliği (No : ÖSG-2001/14-15),https://www.resmigazete.gov.tr/eskiler/2001/03/20010310.htm#3
2001-03-11,"— Devlet Bakanı Prof. Dr. Ramazan MİRZAOĞLU’na, Devlet Bakanı Prof. Dr. Şuayip ÜŞENMEZ’in Vekâlet Etmesine Dair Tezkere",https://www.resmigazete.gov.tr/eskiler/2001/03/20010311.htm#1
2001-03-11,— Yemlerin İthalatında Kontrol Belgesi Alınması İçin İstenecek Belgeler Hakkında Tebliğ (No : 2001/6),https://www.resmigazete.gov.tr/eskiler/2001/03/20010311.htm#2
2001-03-11,— Mecburi Standard Tebliği (No : ÖSG-2001/11-12),https://www.resmigazete.gov.tr/eskiler/2001/03/20010311.htm#3
2001-03-11,— Mecburi Standard Tebliği (No : ÖSG-2001/17-18),https://www.resmigazete.gov.tr/eskiler/2001/03/20010311.htm#4
2001-03-12,— Türkiye İş Kurumu Alım-Satım İhale ve Muayene-Kabul Yönetmeliği,https://www.resmigazete.gov.tr/eskiler/2001/03/20010312.htm#1
2001-03-12,— İstanbul Üniversitesi Orman Fakültesi Lisans Öğretim ve Sınav Yönetmeliğinin Bazı Maddelerinin Değiştirilmesine Dair Yönetmelik,https://www.resmigazete.gov.tr/eskiler/2001/03/20010312.htm#2
2001-03-12,— Mecburi Standard Tebliği (No : ÖSG-2001/19-20),https://www.resmigazete.gov.tr/eskiler/2001/03/20010312.htm#3
2001-03-12,— Mecburi Standard Tebliği (No : ÖSG-2001/21-22),https://www.resmigazete.gov.tr/eskiler/2001/03/20010312.htm#4
2001-03-13,— 2001/2029 Diyanet İşleri Başkanlığı Din İşleri Yüksek Kurulu Üyeliklerine 16 Kişinin Atanmasına Dair Karar,https://www.resmigazete.gov.tr/eskiler/2001/03/20010313.htm#1
2001-03-13,— İçişleri Bakanlığına Ait Atama Kararı,https://www.resmigazete.gov.tr/eskiler/2001/03/20010313.htm#2
2001-03-13,— 2001/2031 Özel Yarışma Sınavına Tabi Tutulmak Suretiyle Girilen Meslekler İçin Yapılacak Eleme Sınavı Hakkında Yönetmelik,https://www.resmigazete.gov.tr/eskiler/2001/03/20010313.htm#4
2001-03-13,— İstanbul Üniversitesi Orman İşletmeciliği Meslek Yüksekokulu Öğretim ve Sınav Yönetmeliği,https://www.resmigazete.gov.tr/eskiler/2001/03/20010313.htm#3
2001-03-14,"— Enerji ve Tabii Kaynaklar Bakanlığına, Devlet Bakanı Rüştü Kazım YÜCELEN’in Vekâlet Etmesine Dair Tezkere",https://www.resmigazete.gov.tr/eskiler/2001/03/20010314.htm#1
2001-03-14,2001/2070 Açık Bulunan Türkiye Cumhuriyet Merkez Bankası Başkanlığına (Guvernörlüğüne) Süreyya SERDENGEÇTİ’nin Atanması Hakkında Karar,https://www.resmigazete.gov.tr/eskiler/2001/03/20010314.htm#2
2001-03-14,— Gümrük Yönetmeliğinin 587 nci Maddesinin Sonuna Bir Fıkra Eklenmesine Dair Yönetmelik,https://www.resmigazete.gov.tr/eskiler/2001/03/20010314.htm#3
2001-03-14,— Emniyet Genel Müdürlüğü Yükseköğretim Kurumlarında Öğrenci Okutma Yönetmeliğinde Değişiklik Yapılmasına Dair Yönetmelik,https://www.resmigazete.gov.tr/eskiler/2001/03/20010314.htm#4
2001-03-14,— Motorlu Araçların ve Römorklarının Sinyal Lambaları ile İlgili Tip Onayı Yönetmeliği (76/759/AT),https://www.resmigazete.gov.tr/eskiler/2001/03/20010314.htm#5
2001-03-14,— Kültür Bakanlığı Sicil Amirleri Yönetmeliğinde Değişiklik Yapılmasına Dair Yönetmelik,https://www.resmigazete.gov.tr/eskiler/2001/03/20010314.htm#6
2001-03-14,— Kültür Bakanlığı Disiplin Amirleri Yönetmeliğinde Değişiklik Yapılmasına Dair Yönetmelik,https://www.resmigazete.gov.tr/eskiler/2001/03/20010314.htm#7
2001-03-15,"— Devlet Bakanı ve Başbakan Yardımcısı Mesut YILMAZ’a, Enerji ve Tabii Kaynaklar Bakanı M.Cumhur ERSÜMER’in Vekâlet Etmesine Dair Tezkere",https://www.resmigazete.gov.tr/eskiler/2001/03/20010315.htm#1
2001-03-15,— Gaziantep Üniversitesi Lisansüstü Eğitim-Öğretim ve Sınav Yönetmeliğinin 29 ve 36 ncı Maddelerinde Değişiklik Yapılmasına Dair Yönetmelik,https://www.resmigazete.gov.tr/eskiler/2001/03/20010315.htm#2
2001-03-15,— 2000/2 sayılı 2001 Yılı Fuar Takvimi Tebliğinde Değişiklik Yapılmasına Dair Tebliğ (İç Ticaret: 2001/1),https://www.resmigazete.gov.tr/eskiler/2001/03/20010315.htm#3
2001-03-15,— Petrol Ürünlerine Uygulanacak Akaryakıt Fiyat İstikrar Fonu Payları Hakkında Tebliğ (PİGM/AFİF 2001-9),https://www.resmigazete.gov.tr/eskiler/2001/03/20010315.htm#4
2001-03-15,"— Çin Halk Cumhuriyeti Menşeli Camdan Mamul, Görme Kusurlarının Giderilmesine Mahsus, Her İki Yüzü de İşlenmiş, Tek Odaklı, Gözlük Camlarının İthalatında Soruşturma Açılmasına ve Acil Önlem Alınmasına İlişkin Tebliğ (Gözetim ve Korunma: 2001/2)",https://www.resmigazete.gov.tr/eskiler/2001/03/20010315.htm#5
2001-03-15,— Reklam Gelirleri Üst Kurul Payı Genel Tebliği (Seri No:,https://www.resmigazete.gov.tr/eskiler/2001/03/20010315.htm#6
2001-03-15,— Yargıtay 2. ve 14. Hukuk Dairelerine Ait 7 Adet Karar,https://www.resmigazete.gov.tr/eskiler/2001/03/20010315.htm#7
2001-03-16,— Devlet Bakanlığına Ait Bir Adet Atama Kararı,https://www.resmigazete.gov.tr/eskiler/2001/03/20010316.htm#1
2001-03-16,— Hakimler ve Savcılar Yüksek Kuruluna Ait Bir Adet Karar,https://www.resmigazete.gov.tr/eskiler/2001/03/20010316.htm#2
2001-03-16,— İlkokul Öğretmenleri Sağlık ve Sosyal Yardım Sandığı Anastatüsü’nün İki Maddesinin Değiştirilmesine İlişkin Anastatü,https://www.resmigazete.gov.tr/eskiler/2001/03/20010316.htm#3
2001-03-16,— Uluslararası Gözetim Şirketleri Statüsüne İlişkin Karar (Dış Ticarette Standardizasyon: 2001/5),https://www.resmigazete.gov.tr/eskiler/2001/03/20010316.htm#4
2001-03-16,— Mecburi Standard Tebliği (No: ÖSG-2001/23-24),https://www.resmigazete.gov.tr/eskiler/2001/03/20010316.htm#5
2001-03-16,"— Anayasa Mahkemesinin E: 2001/144, K: 2001/2 (4611 Sayılı 2001 Mali Yılı Bütçe Kanunu İle İlgili Yürürlüğü Durdurma) Sayılı Kararı",https://www.resmigazete.gov.tr/eskiler/2001/03/20010316.htm#6
2001-03-16,— Yargıtay 14. Hukuk Dairesine Ait 13 Adet Karar,https://www.resmigazete.gov.tr/eskiler/2001/03/20010316.htm#7
2001-03-17,"— Cumhurbaşkanlığına, Türkiye Büyük Millet Meclisi Başkanı Ömer ÖZGİ’nin Vekâlet Etmesine Dair Tezkere",https://www.resmigazete.gov.tr/eskiler/2001/03/20010317.htm#1
2001-03-17,"— Devlet Bakanı Yüksel YALOVA’ya, Devlet Bakanı Rüştü Kazım YÜCELEN’in Vekâlet Etmesine Dair Tezkere",https://www.resmigazete.gov.tr/eskiler/2001/03/20010317.htm#2
2001-03-17,"— Milli Savunma Bakanlığına, Devlet Bakanı Prof. Dr. Abdulhaluk Mehmet ÇAY’ın Vekâlet Etmesine Dair Tezkere",https://www.resmigazete.gov.tr/eskiler/2001/03/20010317.htm#3
2001-03-17,"— Ulaştırma Bakanlığına, Devlet Bakanı Prof. Dr. Tunca TOSKAY’ın Vekâlet Etmesine Dair Tezkere",https://www.resmigazete.gov.tr/eskiler/2001/03/20010317.htm#4
2001-03-17,2001/2071 Sosyal Sigortalar Kurumu Başkanlığı ve Bağ-Kur Genel Müdürlüğüne Ait Kadrolarda Değişiklik Yapılması HakkındaKarar,https://www.resmigazete.gov.tr/eskiler/2001/03/20010317.htm#5
2001-03-17,Yüksek Öğretim Kurulu Üyeliğine Prof. Dr. Burhan ŞENATALAR ’ın Seçilmesine Dair Karar,https://www.resmigazete.gov.tr/eskiler/2001/03/20010317.htm#6
2001-03-17,2001/2123 Bankacılık Düzenleme ve Denetleme Kurulu Başkanlığına R. Engin AKÇAKOCA’nın Atanmasına Dair Karar,https://www.resmigazete.gov.tr/eskiler/2001/03/20010317.htm#7
2001-03-17,İmar Planı Yapılması ve Değişikliklerine Ait Esaslara Dair Yönetmelikte Değişiklik Yapılması Hakkında Yönetmelik,https://www.resmigazete.gov.tr/eskiler/2001/03/20010317.htm#8
2001-03-17,"— Türk Gıda Kodeksi Taze Et Hazırlanmış Et, ve Hazırlanmış Et Karışımları Tebliğinde Değişik Yapılması Hakkında Tebliğ (No: 2001/7)",https://www.resmigazete.gov.tr/eskiler/2001/03/20010317.htm#9
2001-03-17,— Türk Gıda Kodeksi Et Ürünleri Tebliğinde Değişiklik Yapılması Hakkında Tebliğ (No: 2001/8),https://www.resmigazete.gov.tr/eskiler/2001/03/20010317.htm#10
2001-03-17,— Yapı Kooperatiflerinin Düzenleyecekleri Denetim Formları ve Eklerinin Teslimine Dair Sürenin Uzatıldığına İlişkin Tebliğ (Teşkilatlandırma Genel Müdürlüğü) No: 2001/1,https://www.resmigazete.gov.tr/eskiler/2001/03/20010317.htm#11
2001-03-17,— Dış Ticarette Standardizasyon Tebliğinde Değişiklik Yapılması Hakkında Tebliğ (No: 2001/7),https://www.resmigazete.gov.tr/eskiler/2001/03/20010317.htm#12
2001-03-18,— Mecburi Standard : ÖSG-2001/24-25 Sayılı Tebliğ,https://www.resmigazete.gov.tr/eskiler/2001/03/20010318.htm#1
2001-03-18,— Iğdır Valiliği Mahalli Çevre Kurulu Kararı (No : 2000/2),https://www.resmigazete.gov.tr/eskiler/2001/03/20010318.htm#2
2001-03-18,— Yargıtay 14. Hukuk Dairesine Ait 14 Adet Karar,https://www.resmigazete.gov.tr/eskiler/2001/03/20010318.htm#3
2001-03-19,— Türkiye Petrolleri A.O. Kapsam Dışı Personel Yönetmeliği,https://www.resmigazete.gov.tr/eskiler/2001/03/20010319.htm#1
2001-03-19,— Van Valiliği Mahalli Çevre Kurulu Kararı (No : 2000/6),https://www.resmigazete.gov.tr/eskiler/2001/03/20010319.htm#2
2001-03-19,— Van Valiliği Mahalli Çevre Kurulu Kararı (No : 2000/12),https://www.resmigazete.gov.tr/eskiler/2001/03/20010319.htm#3
2001-03-20,"— Başbakanlık, Devlet, Millî Savunma, Maliye, Millî Eğitim, Çalışma ve Sosyal Güvenlik, Enerji ve Tabii Kaynaklar ile Kültür Bakanlığına Ait Atama Kararları",https://www.resmigazete.gov.tr/eskiler/2001/03/20010320.htm#1
2001-03-20,— Sınır Tespitine Dair İki Adet Karar,https://www.resmigazete.gov.tr/eskiler/2001/03/20010320.htm#2
2001-03-20,— Başbakanlık Vakıflar Genel Müdürlüğü Bezm-i Âlem Valide Sultan Vakıf Gureba Hastanesi Fakir ve Garip Hastaların Teşhis ve Tedavisinde Uygulanacak Usul ve Esaslara Ait Yönetmelik,https://www.resmigazete.gov.tr/eskiler/2001/03/20010320.htm#3
2001-03-20,— Polis Kolejine Giriş Yönetmeliğinin Bazı Maddelerinin Değiştirilmesine Dair Yönetmelik,https://www.resmigazete.gov.tr/eskiler/2001/03/20010320.htm#4
2001-03-20,— Hâkimler ve Cumhuriyet Savcıları Hakkında Uygulanacak Atama ve Nakil Yönetmeliğinde Değişiklik Yapılmasına Dair Yönetmelik,https://www.resmigazete.gov.tr/eskiler/2001/03/20010320.htm#5
2001-03-20,— İdarî Yargı Hâkim ve Savcıları Hakkında Uygulanacak Atama Yönetmeliğinde Değişiklik Yapılmasına Dair Yönetmelik,https://www.resmigazete.gov.tr/eskiler/2001/03/20010320.htm#6
2001-03-20,— Mecburi Standard : ÖSG-2001/20-21) Sayılı Tebliğ,https://www.resmigazete.gov.tr/eskiler/2001/03/20010320.htm#7
2001-03-20,— Kars Valiliği K uru-Sıkı Ses ve Gaz Tabancalarının Alımı-Satımı ve Taşınmasının Yasaklanmasına Dair Karar,https://www.resmigazete.gov.tr/eskiler/2001/03/20010320.htm#8
2001-03-20,— Kars Valiliği Ç özücü ve Yapıştırıcı Nitelik Taşıyan ve Bağımlılık Yapan Uçucu Maddelerin 18 Yaşından Küçüklere Satışının Yasaklanmasına Dair Karar,https://www.resmigazete.gov.tr/eskiler/2001/03/20010320.htm#9
2001-03-20,— Kars Valiği 6136 Sayılı Ateşli Silahlar ve Bıçaklar Hakkında Kanun Kapsamı Dışında Kalan Bıçak veya Başkaca Aletlerin Maksat Dışı Taşınmasının Yasaklanmasına Dair Karar,https://www.resmigazete.gov.tr/eskiler/2001/03/20010320.htm#10
2001-03-21,2001/2085 Türkiye Cumhuriyeti Hükümeti ile Küba Cumhuriyeti Hükümeti Arasında Uyuşturucu ve Psikotrop Madde Kaçakçılığı ile Mücadelede İşbirliği Anlaşması’nın Onaylanması Hakkında Karar,https://www.resmigazete.gov.tr/eskiler/2001/03/20010321.htm#1
2001-03-21,"2001/2069 İli, İlçesi, Köyü, Yeri ve Sınırları ile Alanları Belirtilen Yerlerde Arazi Toplulaştırması Yapılması Hakkında Karar",https://www.resmigazete.gov.tr/eskiler/2001/03/20010321.htm#2
2001-03-21,— Rekabet Kurulunun 99-53/575-362 Sayılı Kararı,https://www.resmigazete.gov.tr/eskiler/2001/03/20010321.htm#3
2001-03-21,— Rekabet Kurulunun 99-53/575-363 Sayılı Kararı,https://www.resmigazete.gov.tr/eskiler/2001/03/20010321.htm#4
2001-03-21,— Rekabet Kurulunun 99-53/575-364 Sayılı Kararı,https://www.resmigazete.gov.tr/eskiler/2001/03/20010321.htm#5
2001-03-21,DÜZELTME (Dokuz Eylül Üniversitesi Su Kaynakları Yönetimi ve Su Kaynaklı Doğal Afetlerin Kontrolü Araştırma ve Uygulama Merkezi (SUMER) Yönetmeliği ile İlgili),https://www.resmigazete.gov.tr/eskiler/2001/03/20010321.htm#6
2001-03-22,2001/2052 Türkiye Cumhuriyeti Hükümeti ve Yemen Cumhuriyeti Hükümeti Arasında Turizm Alanında İşbirliği Anlaşması’nın Onaylanması Hakkında Karar,https://www.resmigazete.gov.tr/eskiler/2001/03/20010322.htm#1
2001-03-22,"— Devlet Bakanı Dr. Kemal DERVİŞ’e, Devlet Bakanı Prof. Dr. Şükrü S. GÜREL’in Vekâlet Etmesine Dair Tezkere",https://www.resmigazete.gov.tr/eskiler/2001/03/20010322.htm#2
2001-03-22,"2001/2068 Hampetrol ve Petrol Ürünlerinin Alım, Satım, Fiyatlandırma Esasları ile Akaryakıt Fiyat İstikrar Fonu’nun İşleyişi Hakkında Karar’da DeğişiklikYapılmasına Dair Karar",https://www.resmigazete.gov.tr/eskiler/2001/03/20010322.htm#3
2001-03-22,"— Gaziantep Üniversitesi Türk Musikisi Devlet Konservatuvarı (TMDK) Lisans Eğitim-Öğretim, Sınav ve Değerlendirme Esaslarına İlişkin Yönetmeliğinin 15 inci Maddesinin Değiştirilmesine Dair Yönetmelik",https://www.resmigazete.gov.tr/eskiler/2001/03/20010322.htm#4
2001-03-22,"— Gaziantep Üniversitesi Beden Eğitimi ve Spor Yüksekokulu Lisans Eğitim-Öğretim, Sınav ve Değerlendirme Yönetmeliğine Bir Ek Madde Eklenmesine İlişkin Yönetmelik",https://www.resmigazete.gov.tr/eskiler/2001/03/20010322.htm#5
2001-03-22,Uluslararası Gözetim Şirketleri Statüsüne İlişkin Karar (Dış Ticarette Standardizasyan : 2001/6),https://www.resmigazete.gov.tr/eskiler/2001/03/20010322.htm#6
2001-03-23,2001/2067 Akaryakıt Tüketim Vergisi Tutarlarının Tespitine İlişkin Karar,https://www.resmigazete.gov.tr/eskiler/2001/03/20010323.htm#1
2001-03-23,"2001/2124 Tarımda Kullanılan Kimyevi Gübrelerin Yurt İçinden ve Yurt Dışından Tedariki, Dağıtımı ve Desteklenmesi Hakkında Kararda Değişiklik Yapılmasına İlişkin Karar",https://www.resmigazete.gov.tr/eskiler/2001/03/20010323.htm#2
2001-03-23,"— Başbakanlık ile Ulaştırma, Çalışma ve Sosyal Güvenlik, Kültür ve Turizm Bakanlıklarına Ait 5 Adet Atama Kararı",https://www.resmigazete.gov.tr/eskiler/2001/03/20010323.htm#3
2001-03-23,— Basın Kartı Yönetmeliği,https://www.resmigazete.gov.tr/eskiler/2001/03/20010323.htm#4
2001-03-23,— Türk Telekomünikasyon Anonim Şirketi Alım ve Satım Yönetmeliğinin Yürürlükten Kaldırılmasına Dair Yönetmelik,https://www.resmigazete.gov.tr/eskiler/2001/03/20010323.htm#5
2001-03-23,— Dokuz Eylül Üniversitesi Öğretim ve Sınav Çerçeve Yönetmeliğinin 26 ncı Maddesinde Değişiklik Yapılması Hakkında Yönetmelik,https://www.resmigazete.gov.tr/eskiler/2001/03/20010323.htm#6
2001-03-23,— Dumlupınar Üniversitesi Lisansüstü Eğitim-Öğretim Yönetmeliğinin 19 ve 21 inci Maddelerinde Değişiklik Yapılmasına Dair Yönetmelik,https://www.resmigazete.gov.tr/eskiler/2001/03/20010323.htm#7
2001-03-23,— Yeditepe Üniversitesi Yabancı Dil Hazırlık Programı Eğitim-Öğretim ve Sınav Yönetmeliği,https://www.resmigazete.gov.tr/eskiler/2001/03/20010323.htm#8
2001-03-23,— Yatırımlarda DevletYardımları ve Yatırımları Teşvik Fonu Hakkında Karar ve Tebliğ Hükümlerinin Uygulanmasına İlişkin Genelge (No: 2001/1),https://www.resmigazete.gov.tr/eskiler/2001/03/20010323.htm#9
2001-03-23,— Konut Edindirme Yardımı Hesaplarının Tasfiyesi Hakkında Tebliğ (No: 2001/1),https://www.resmigazete.gov.tr/eskiler/2001/03/20010323.htm#10
2001-03-23,— Motorlu Araçlar ve Römorkları Tip Onayı Yönetmeliğinin Uygulama Usul ve Esasları Tebliği (No: SGM-2001/2),https://www.resmigazete.gov.tr/eskiler/2001/03/20010323.htm#11
2001-03-23,— Yurt Dışında Milli veya Bireysel Düzeyde Gerçekleştirilen Fuar Katılımlarının Desteklenmesine İlişkin Tebliğ (No: 2001/4),https://www.resmigazete.gov.tr/eskiler/2001/03/20010323.htm#12
2001-03-24,"— Dışişleri Bakanlığına, DevletBakanı ve Başbakan Yardımcısı H. Hüsamettin ÖZKAN’ın Vekâlet Etmesine Dair Tezkere",https://www.resmigazete.gov.tr/eskiler/2001/03/20010324.htm#1
2001-03-24,2001/2159 Gün Işığından Daha Fazla Yararlanmak Amacıyla Bütün Yurtta Yeniden Düzenlenmesi Hakkında Karar,https://www.resmigazete.gov.tr/eskiler/2001/03/20010324.htm#2
2001-03-24,2001/2173 Merkezde Günlük Çalışma Saatlerinin Tesbitine İlişkin Karar’da Değişiklik Yapılmasına Dair Karar,https://www.resmigazete.gov.tr/eskiler/2001/03/20010324.htm#3
2001-03-24,— Enerji ve Tabii KaynaklarBakanlığına Ait Bir Atama Kararı,https://www.resmigazete.gov.tr/eskiler/2001/03/20010324.htm#4
2001-03-24,— Menşe İspat Belgeleri Yönetmeliğinde DeğişiklikYapılmasına Dair Yönetmelik,https://www.resmigazete.gov.tr/eskiler/2001/03/20010324.htm#5
2001-03-24,— Eşyanın Tercihli Menşeinin Tespiti Hakkında Yönetmelikte DeğişiklikYapılmasına DairYönetmelik,https://www.resmigazete.gov.tr/eskiler/2001/03/20010324.htm#6
2001-03-24,— Motorlu Araçların ve Römorklarının Arka Tescil Plaka Lambaları ile İlgili Tip Onayı Yönetmeliği (76/760/AT),https://www.resmigazete.gov.tr/eskiler/2001/03/20010324.htm#7
2001-03-24,— Kültür Bakanlığı Döner Sermaye Yönetmeliğinde DeğişiklikYapılmasına Dair Yönetmelik,https://www.resmigazete.gov.tr/eskiler/2001/03/20010324.htm#8
2001-03-24,"— Balıkesir Üniversitesi Diploma, Diploma Defteri, Mezuniyet Belgesi ile Diğer Belgelerin Düzenlenmesine İlişkin Yönetmeliğin 5 inci Maddesinde Değişiklik Yapılmasına Dair Yönetmelik",https://www.resmigazete.gov.tr/eskiler/2001/03/20010324.htm#9
2001-03-24,— Sakarya Üniversitesi Lisansüstü Eğitim ve Öğretim Yönetmeliğinin 23 üncü Maddesinde Değişiklik Yapılması Hakkında Yönetmelik,https://www.resmigazete.gov.tr/eskiler/2001/03/20010324.htm#10
2001-03-24,— Petrol Ürünlerine Uygulanacak Akaryakıt Fiyat İstikrar Fonu Payları Hakkında Tebliğ (PİGM/AFİF 2001-10),https://www.resmigazete.gov.tr/eskiler/2001/03/20010324.htm#11
2001-03-24,"— Gayrimenkul Yatırım Ortaklıklarına İlişkinEsaslar Tebliğinde Değişiklik Yapılmasına Dair Tebliğ (Seri : VI, No : 14)",https://www.resmigazete.gov.tr/eskiler/2001/03/20010324.htm#12
2001-03-24,— Balıkesir Valiliği İl Hıfzıssıhha Kurulu Kararı (No : 2001/3),https://www.resmigazete.gov.tr/eskiler/2001/03/20010324.htm#13
2001-03-24,— Trabzon Valiliği Mahalli Çevre Kurulu Kararı (No : 2),https://www.resmigazete.gov.tr/eskiler/2001/03/20010324.htm#14
2001-03-24,"— Anayasa Mahkemesinin E : 1996/55 (4163 Sayılı Kanun ile İlgili), K : 1997/33 Sayılı Kararı",https://www.resmigazete.gov.tr/eskiler/2001/03/20010324.htm#15
2001-03-25,2001/2074 Türk-Rus Ortak Ulaştırma Komisyonu VI. Dönem Toplantısına Ait Protokol’un Onaylanması Hakkında Karar,https://www.resmigazete.gov.tr/eskiler/2001/03/20010325.htm#1
2001-03-25,"— Tarım ve Köyişleri Bakanlığına, Sanayi ve Ticaret Bakanı Ahmet K enan TANRIKULU’nun Vekâlet Etmesine Dair Tezkere",https://www.resmigazete.gov.tr/eskiler/2001/03/20010325.htm#2
2001-03-25,Türk Dişhekimleri Birliği ve Dişhekimleri Odalarının Disiplin Yönetmeliğinin Bazı Maddelerinin Değiştirilmesi ve Bazı Yeni Maddeler Eklenmesi Hakkında Yönetmelik,https://www.resmigazete.gov.tr/eskiler/2001/03/20010325.htm#3
2001-03-26,2001/2093 3165 Kişinin Türk Vatandaşlığından Çıkmasına İzin Verilmesi ve Bazı Kararnameler ile Türk Vatandaşlığından Çıkmasına İzin Verilen 8 Kişiyle İlgili Bazı Maddi Hataların Düzeltilmesi Hakkında Karar,https://www.resmigazete.gov.tr/eskiler/2001/03/20010326.htm#1
2001-03-26,1412 Sayılı Ceza Muhakemeleri Usulü Kanununu Değiştiren 3842 Sayılı Kanun Gereğince Yapılacak Hukuki Yardımlar İçin Avukatlık Ücret Tarifesi,https://www.resmigazete.gov.tr/eskiler/2001/03/20010326.htm#2
2001-03-27,2001/2088 Uluslararası DenizcilikÖrgütü Sözleşmesinde Yapılan Değişikliklerin Onaylanması Hakkında Karar,https://www.resmigazete.gov.tr/eskiler/2001/03/20010327.htm#1
2001-03-27,"— TurizmBakanlığına, Devlet Bakanı Yüksel YALOVA’nın Vekâlet Etmesine Dair Tezkere",https://www.resmigazete.gov.tr/eskiler/2001/03/20010327.htm#2
2001-03-27,2001/2102 226 Kişinin Türk Vatandaşlığına Alınması ve Üç Kişi Hakkındaki Hükmün İptali Hakkında Karar,https://www.resmigazete.gov.tr/eskiler/2001/03/20010327.htm#3
2001-03-27,— Serbest Bölgeler Uygulama Yönetmeliğinin Bazı Maddelerinde Değişiklik Yapılmasına İlişkin Yönetmelik,https://www.resmigazete.gov.tr/eskiler/2001/03/20010327.htm#4
2001-03-27,— Gençlik ve Spor Tesislerine Ad Verme Yönetmeliği,https://www.resmigazete.gov.tr/eskiler/2001/03/20010327.htm#5
2001-03-27,— DoçentlikSınav Yönetmeliğinin 4 üncü Maddesinde Değişiklik Yapılmasına Dair Yönetmelik,https://www.resmigazete.gov.tr/eskiler/2001/03/20010327.htm#6
2001-03-27,— Üniversitelerarası Kurul’un ve Kurul’a Bağlı Komisyonların Çalışma Esasları Yönetmeliği’nin 14 üncü MaddesininYürürlükten Kaldırılmasına Dair Yönetmelik,https://www.resmigazete.gov.tr/eskiler/2001/03/20010327.htm#7
2001-03-27,— Petrol Ürünlerine Uygulanacak Akaryakıt Fiyat İstikrar Fonu Payları Hakkında Tebliğ (PİGM/AFİF 2001-11),https://www.resmigazete.gov.tr/eskiler/2001/03/20010327.htm#8
2001-03-27,— 2001 Yılı Şubat Ayına AitYatırım Teşvik Belgelerinin Sektörel Dağılımı Hakkında Tebliğ,https://www.resmigazete.gov.tr/eskiler/2001/03/20010327.htm#9
2001-03-27,— 2001 Yılı ŞubatAyına Ait Yabancı Sermayeli Yatırım Teşvik Belgeleri Hakkında Tebliğ,https://www.resmigazete.gov.tr/eskiler/2001/03/20010327.htm#10
2001-03-27,— İstanbul Valiliği Mahalli Çevre Kurulu Kararı (No : 2),https://www.resmigazete.gov.tr/eskiler/2001/03/20010327.htm#11
2001-03-28,2001/2087 Serbest Ticaret Alanı Tesisine İlişkin “Türkiye Cumhuriyeti ile Macaristan Cumhuriyeti Arasındaki Anlaşma”ya Ek “Menşeli Ürünler” Kavramının Tanımı ve İdari İşbirliği Metodlarına İlişkin Protokol D’nin Değiştirilmesi ile Protokol C’nin B Ekinde Bazı Ürünler İçin Geçici Telafi Sağlanmasına Dair Ortak Komitee Kararlarının Onaylanması Hakkında Karar,https://www.resmigazete.gov.tr/eskiler/2001/03/20010328.htm#1
2001-03-28,"— Devlet Bakanı Prof. Dr. Abdulhaluk Mehmet ÇAY’a, Devlet Bakanı Prof. Dr. Ramazan MİRZAOĞLU’nun Vekâlet Etmesine Dair Tezkere",https://www.resmigazete.gov.tr/eskiler/2001/03/20010328.htm#2
2001-03-28,— Telekomünikasyon Hizmetleri Yönetmeliği,https://www.resmigazete.gov.tr/eskiler/2001/03/20010328.htm#3
2001-03-28,"— Dicle Üniversitesi İlahiyat Fakültesi Eğitim-Öğretim, Sınav ve Staj Yönetmeliği",https://www.resmigazete.gov.tr/eskiler/2001/03/20010328.htm#4
2001-03-28,— Dicle Üniversitesi Lisansüstü Eğitim-Öğretim ve Sınav Yönetmeliğinin 2 nci Maddesinde Değişiklik Yapılması Hakkında Yönetmelik,https://www.resmigazete.gov.tr/eskiler/2001/03/20010328.htm#5
2001-03-28,— Gemi Adamları İaşe Bedeli Tespit Kurulu Kararı,https://www.resmigazete.gov.tr/eskiler/2001/03/20010328.htm#6
2001-03-29,14 Olağanüstü Halin 4 İlde Uzatılmasına Dair Karar,https://www.resmigazete.gov.tr/eskiler/2001/03/20010329.htm#1
2001-03-29,715 Van Milletvekili Mustafa Bayram’ın Yasama Dokunulmazlığının Kaldırılmasına Dair Karar,https://www.resmigazete.gov.tr/eskiler/2001/03/20010329.htm#2
2001-03-29,716 Van Milletvekili Mustafa Bayram’ın Yasama Dokunulmazlığının Kaldırılmasına Dair Karar,https://www.resmigazete.gov.tr/eskiler/2001/03/20010329.htm#3
2001-03-29,001/2175 6183 Sayılı Amme Alacaklarının Tahsil Usulü Hakkında Kanunun 51 inci Maddesine Göre Uygulanmakta Olan Gecikme Zammı Nispeti ile İlgili Karar,https://www.resmigazete.gov.tr/eskiler/2001/03/20010329.htm#4
2001-03-29,"— Devlet, Maliye, Tarım ve Köyişleri, Çalışma ve Sosyal Güvenlik, Kültür, Turizm ve Çevre Bakanlıkları ile Hakimler ve Savcılar Yüksek Kuruluna Ait Atama Kararları",https://www.resmigazete.gov.tr/eskiler/2001/03/20010329.htm#5
2001-03-29,2001/2090 Güvenlik Soruşturması ve Arşiv Araştırması Yönetmeliğinde Değişiklik Yapılması Hakkında Yönetmelik,https://www.resmigazete.gov.tr/eskiler/2001/03/20010329.htm#6
2001-03-29,— Uydu Yayını Lisans ve İzin Yönetmeliği,https://www.resmigazete.gov.tr/eskiler/2001/03/20010329.htm#7
2001-03-29,— Transit Karayolları Üzerinde TIR Denetleme ve Konaklama Noktası Kurulacak Bölge Hakkında Ek Tebliğ,https://www.resmigazete.gov.tr/eskiler/2001/03/20010329.htm#8
2001-03-29,— İşkolu Tespit Kararı (No : 2001/5),https://www.resmigazete.gov.tr/eskiler/2001/03/20010329.htm#9
2001-03-29,— Uluslararası Gözetim Şirketleri Statüsüne İlişkin Karar (Dış Ticarette Standardizasyon : 2001/7),https://www.resmigazete.gov.tr/eskiler/2001/03/20010329.htm#10
2001-03-29,— Uluslararası Gözetim Şirketleri Statüsüne İlişkin Karar (Dış Ticarette Standardizasyon : 2001/8),https://www.resmigazete.gov.tr/eskiler/2001/03/20010329.htm#11
2001-03-29,— Yargıtay 2.ve 18. Hukuk Dairelerine Ait 2 Adet Karar,https://www.resmigazete.gov.tr/eskiler/2001/03/20010329.htm#12
2001-03-30,2001/2175 Türkiye Cumhuriyeti ile Çek Cumhuriyeti Arasında Serbest Ticaret Anlaşması'nın eki “Menşeli Ürünler” Kavramının Tanımı ve İdari İşbirliği Yöntemleri Hakkında Protokol 3’ü Değiştiren 1/2000 Sayılı Ortak Komite Kararının Onaylanması Hakkında Karar,https://www.resmigazete.gov.tr/eskiler/2001/03/20010330.htm#1
2001-03-30,— Uluslararası Spor Yarışmalarında Türkiyeyi Temsil Eden Sporculara Milli Sporcu Belgesi Verilmesi Hakkında Yönetmeliğin 11 inci Maddesinde Değişiklik Yapılmasına Dair Yönetmelik,https://www.resmigazete.gov.tr/eskiler/2001/03/20010330.htm#2
2001-03-30,— Kültür Bakanlığı Atama ve Görevde Yükselme Yönetmeliğinde Değişiklik Yapılmasına Dair Yönetmelik,https://www.resmigazete.gov.tr/eskiler/2001/03/20010330.htm#3
2001-03-30,— Kültür ve Tabiat Varlıklarını Koruma Yüksek Kurulu ile Koruma Kurulları Yönetmeliğinin Bazı Maddelerinin Değiştirilmesi Hakkında Yönetmelik,https://www.resmigazete.gov.tr/eskiler/2001/03/20010330.htm#4
2001-03-30,— Teknik Öğretmenler İçin Düzenlenecek Mühendislik Programlarının Uygulama Esas ve Usulleri Yönetmeliğinin 6 ncı Maddesinin Son Fıkrasının Yürürlükten Kaldırılması Hakkında Yönetmelik,https://www.resmigazete.gov.tr/eskiler/2001/03/20010330.htm#5
2001-03-30,— İthalat 2001/6 Sayılı Tebliğde Yer Alan Sanayi Ürünlerinin Satış Sonrası Hizmetleri İle İlgili SGM 2001/1 Sayılı Tebliğde Değişiklik Yapılmasına Dair Tebliğ (SGM-2001/3),https://www.resmigazete.gov.tr/eskiler/2001/03/20010330.htm#6
2001-03-30,DÜZELTME (29/3/2001 tarihli ve 24357 sayılı Resmî Gazete’de yayımlanan 2001/1545 sayılı Atama Kararı ile İlgili),https://www.resmigazete.gov.tr/eskiler/2001/03/20010330.htm#7
2001-03-31,"2001/2091 Türkiye – Federal Almanya Arasında Mevcut Teknik İşbirliği Anlaşması Çerçevesinde, Nota Teatisi Yolu ile Akdolunan “Almanca Dilinde Eğitim Veren Anadolu Teknik Liselerinde Otomatik Kumanda Bölümüyle İlgili Öğretimin Geliştirilmesi” Konulu Proje Anlaşmasının Onaylanması Hakkında Karar",https://www.resmigazete.gov.tr/eskiler/2001/03/20010331.htm#1
2001-03-31,— Diyanet İşleri Başkanlığınca İdare Olunan Cami ve Mescitlerdeki Teberrükât Eşyası Hakkında Yönetmeliğin Bir Maddesinin Değiştirilmesine Dair Yönetmelik,https://www.resmigazete.gov.tr/eskiler/2001/03/20010331.htm#2
2001-03-31,— Sosyal Hizmetler ve Çocuk Esirgeme Kurumu Genel Müdürlüğü Disiplin Amirleri Yönetmeliği,https://www.resmigazete.gov.tr/eskiler/2001/03/20010331.htm#3
2001-03-31,— Kimlik Bildirme Kanununun Uygulanması ile İlgili Yönetmelikte Değişiklik Yapılmasına Dair Yönetmelik,https://www.resmigazete.gov.tr/eskiler/2001/03/20010331.htm#4
2001-03-31,— Üremeye Yardımcı Tedavi Merkezleri Yönetmeliğinin 5 inci Maddesinde Değişiklik Yapılmasına Dair Yönetmelik,https://www.resmigazete.gov.tr/eskiler/2001/03/20010331.htm#5
2001-03-31,— Çankaya Üniversitesi Atatürk İlkeleri ve İnkılâp Tarihi Araştırma ve Uygulama Merkezi Yönetmeliği,https://www.resmigazete.gov.tr/eskiler/2001/03/20010331.htm#6
2001-03-31,"— Serbest Muhasebecilik, Serbest Muhasebeci Mali Müşavirlik ve Yeminli Mali Müşavirlik Kanunu Genel Tebliği (Sıra No : 30)",https://www.resmigazete.gov.tr/eskiler/2001/03/20010331.htm#7
2001-03-31,— Tahsilat Genel Tebliği (Seri No : 415),https://www.resmigazete.gov.tr/eskiler/2001/03/20010331.htm#8
2001-03-31,— Tahsilat Genel Tebliği (Seri No : 416),https://www.resmigazete.gov.tr/eskiler/2001/03/20010331.htm#9
2001-03-31,— Radyo ve Televizyon Üst Kurulu Kablolu Yayın Lisans Ücretleri ile Kab lolu Yayın İzni Katsayıları Hakkında Tebliğ,https://www.resmigazete.gov.tr/eskiler/2001/03/20010331.htm#10
2001-04-01,2001/2075 Türk-Bulgar Ekonomik ve Teknik İşbirliği Karma Komitesi Ondördüncü Dönem Toplantısı Protokolu’nun Onaylanması Hakkında Karar,https://www.resmigazete.gov.tr/eskiler/2001/04/20010401.htm#1
2001-04-01,"Devlet Bakanı Prof. Dr. Şükrü S. GÜR EL’e, Devlet Bakanı Fikret ÜNLÜ’nün Vekâlet Etmesine Dair Tezkere",https://www.resmigazete.gov.tr/eskiler/2001/04/20010401.htm#2
2001-04-01,"Devlet Bakanı Yüksel YALOVA’ya, Devlet Bakanı Rüştü Kazım YÜCELEN’in Vekâlet Etmesine Dair Tezkere",https://www.resmigazete.gov.tr/eskiler/2001/04/20010401.htm#3
2001-04-01,"— Milli Eğitim Bakanlığına, Devlet Bakanı Hasan GEMİCİ’nin Vekâlet Etmesine Dair Tezkere",https://www.resmigazete.gov.tr/eskiler/2001/04/20010401.htm#4
2001-04-02,2001/2064 Türk-Ukrayna Hükümetlerara sı Ticari ve Ekonomikİşbirliği Komisyonu İkinci Dönem Toplantısı Protokolu’nun Onaylanması Hakkında Karar,https://www.resmigazete.gov.tr/eskiler/2001/04/20010402.htm#1
2001-04-02,— Çankaya Üniversitesi Öğrenci Kayıt-Kabul ve Giriş Sınavları Yönetmeliğinin 16 ncı Maddesinin Değiştirilmesine Dair Yönetmelik,https://www.resmigazete.gov.tr/eskiler/2001/04/20010402.htm#2
2001-04-02,— 1416 Sayılı Kanun ve Buna Bağlı Yönetmelik Uyarınca Yurt Dışında Lisans ve Lisansüstü Öğrenim Yapan Öğrencilere 2001 Malî Yılında Yapılacak Ödemelere İlişkin Esaslarla İlgili Tebliğ,https://www.resmigazete.gov.tr/eskiler/2001/04/20010402.htm#3
2001-04-02,İthalat 2001/6 Sayılı Tebliğde Yer Alan Sanayi Ürünlerinin Satış Sonrası Hizmetleri İle İlgili SGM 2001/1 Sayılı Tebliğde Değişiklik Yapılmasına Dair Tebliğ (SGM-2001/4),https://www.resmigazete.gov.tr/eskiler/2001/04/20010402.htm#4
2001-04-02,— Mülga Dış Krediler Kur Farkı Fonu’ndan Kullanılmış Kredilere Uygulanacak Değişken Faiz Oranı Hakkında Tebliğ,https://www.resmigazete.gov.tr/eskiler/2001/04/20010402.htm#5
2001-04-03,"Cumhurbaşkanlığına, Türkiye Büyük Millet Meclisi Başkanı Vekili M.Murat SÖKMENOĞLU’nun Vekâlet Etmesine Dair Tezkere",https://www.resmigazete.gov.tr/eskiler/2001/04/20010403.htm#1
2001-04-03,"Dışişleri Bakanlığına, Devlet Bakanı ve Başbakan Yardımcısı H.Hüsamettin ÖZKAN’ın Vekâlet Etmesine Dair Tezkere",https://www.resmigazete.gov.tr/eskiler/2001/04/20010403.htm#2
2001-04-03,2000/2172 Tarımda Mevcut Destekleme Politikalarının Değiştirilerek Çiftçilere Doğrudan Gelir Desteği Sağlanması ve Kayıt Sisteminin Oluşturulması Amacıyla Ülke Çapında Uygulama Başlatılmasına İlişkin Karar'ın Yürürlüğe Konulması Hakkında Karar,https://www.resmigazete.gov.tr/eskiler/2001/04/20010403.htm#10
2001-04-03,"2001/2176 3257 sayılı Sinema, Video ve Müzik Eserleri Kanunu'nun 10 uncu Maddesinde Yer Alan Ücretlerde 2001 Yılında Uygulanmak Üzere Değişiklik Yapılması Hakkındaki Karar'ın Yürürlüğe Konulması Hakkında Karar",https://www.resmigazete.gov.tr/eskiler/2001/04/20010403.htm#11
2001-04-03,"2001/2202 Türkiye Cumhuriyeti Ziraat Bankası Anonim Şirketi, Türkiye Halk Bankası Anonim Şirketi ve Türkiye Emlak Bankası Anonim Şirketinin Yeniden Yapılandırılmasına İlişkin Usul ve Esasların Yürürlüğe Konulması Hakkında Karar",https://www.resmigazete.gov.tr/eskiler/2001/04/20010403.htm#12
2001-04-03,2001/2203 Merkezde Günlük Çalışma Saatlerinin Tesbitine İlişkin Karar,https://www.resmigazete.gov.tr/eskiler/2001/04/20010403.htm#13
2001-04-03,"Devlet, Maliye, Sağlık ile Tarım ve Köyişleri Bakanlıklarına Ait 5 Adet Atama Kararı",https://www.resmigazete.gov.tr/eskiler/2001/04/20010403.htm#3
2001-04-03,— Ticari Hava Taşıma İşletmeleri Yönetmeliği (SHY-6A)'nin Bazı Maddelerinde Değişiklik Yapılması Hakkında Yönetmelik,https://www.resmigazete.gov.tr/eskiler/2001/04/20010403.htm#4
2001-04-03,— Pet rol Ürünlerine Uygulanacak Akaryakıt Fiyat İstikrar Fonu Payları Hakkında Tebliğ (PİGM/AFİF 2001-12),https://www.resmigazete.gov.tr/eskiler/2001/04/20010403.htm#5
2001-04-03,— İthalat: (2001/7) Sayılı İthalinde Karayolu Uygunluk Belgesi Aranacak Maddelere İlişkin Tebliğ’de Değişiklik Yapılması Hakkında Tebliğ,https://www.resmigazete.gov.tr/eskiler/2001/04/20010403.htm#6
2001-04-03,— Rekabet Kurulun un 99-46/500-316 sayılı Kararı,https://www.resmigazete.gov.tr/eskiler/2001/04/20010403.htm#7
2001-04-03,— 18 inci Hukuk Dairesine Ait Karar,https://www.resmigazete.gov.tr/eskiler/2001/04/20010403.htm#8
2001-04-03,Uyuşmazlık Mahkemesine Ait 5 Adet Karar,https://www.resmigazete.gov.tr/eskiler/2001/04/20010403.htm#9
2001-04-04,"— Milli Savunma Bakanlığına, Devlet Bakanı Prof. Dr. Ramazan MİRZAOĞLU’nun Vekâlet Etmesine Dair Tezkere",https://www.resmigazete.gov.tr/eskiler/2001/04/20010404.htm#1
2001-04-04,"2001/2126 Maden Tetkik ve Arama Genel Müdürlüğü’nün Taşra Teşkilatında, Marmara Bölge Müdürlüğü’ne Bağlı Olarak 4 Adet Başmühendislik Kurulması Hakkında Karar",https://www.resmigazete.gov.tr/eskiler/2001/04/20010404.htm#2
2001-04-04,"2001/2134 Hampetrol ve Petrol Ürünlerinin Alım, Satım, Fiyatlandırma Esasları ile Akaryakıt Fiyat İstikrar Fonu’nun İşleyişi Hakkında Karar’da Değişiklik Yapılmasına Dair Karar",https://www.resmigazete.gov.tr/eskiler/2001/04/20010404.htm#3
2001-04-04,— Hâkimler ve Savcılar Yüksek Kurulunun 335 Sayılı Kararı,https://www.resmigazete.gov.tr/eskiler/2001/04/20010404.htm#4
2001-04-04,— Kırıkkale Üniversitesi Ön Lisans ve Lisans Eğitim-Öğretim ve Sınav Yönetmeliğinin 22 nci Maddesinde Değişiklik Yapılması Hakkında Yönetmelik,https://www.resmigazete.gov.tr/eskiler/2001/04/20010404.htm#5
2001-04-04,— Uyuşmazlık Mahkemesine Ait 16 Adet Karar,https://www.resmigazete.gov.tr/eskiler/2001/04/20010404.htm#6
2001-04-05,2001/2160 Türkiye Cumhuriyeti ile Romanya Arasındaki Serbest Ticaret Anlaşması’nın 8 Sayılı Ekinde Yer Alan Canlı Büyükbaş Hayvanlar İçin Geçici Telafi Sağlanmasına Dair Ortak Komite Kararının Onaylanması Hakkında Karar,https://www.resmigazete.gov.tr/eskiler/2001/04/20010405.htm#1
2001-04-05,"— Devlet Bakanı Faruk BAL’a, Prof. Dr. Şuayip ÜŞENMEZ’in Vekâlet Etmesine Dair Tezkere",https://www.resmigazete.gov.tr/eskiler/2001/04/20010405.htm#2
2001-04-05,"2001/2135 Tütün, Tütün Mamulleri, Tuz ve Alkol İşletmeleri (TEKEL) Genel Müdürlüğü’nce Hiç İşletilmemiş veya İşletilmesinden Vazgeçilmiş Bazı Kaya ve Kaynak Tuzlarının, Tüzel Kişilerce 10 Yıl Süreyle İşletilmelerine İzin Verilmesine Dair Karar",https://www.resmigazete.gov.tr/eskiler/2001/04/20010405.htm#3
2001-04-05,— Gençlik ve Spor Genel Müdürlüğünün Mülkiyeti ve Kullanımında Bulunan Spor Tesislerinde Yapılacak Spor Faaliyetleri ile Genel Müdürlüğün Gözetim ve Denetiminde Düzenlenecek Olan Spor Organizasyonlarına Katılan Kulüp ve Kişilerin Her Türlü Spor Malzemeleri ile Araç ve Gereçlerine Reklam Konulmasına Dair Yönetmelik,https://www.resmigazete.gov.tr/eskiler/2001/04/20010405.htm#4
2001-04-05,— Petrol Ürünlerine Uygulanacak Akaryakıt Fiyat İstikrar Fonu Payları Hakkında Tebliğ (PİGM/AFİF 2001-13),https://www.resmigazete.gov.tr/eskiler/2001/04/20010405.htm#5
2001-04-06,2001/2130 Türk Bayrağı Tüzüğünde Değişiklik Yapılmasına İlişkin Tüzük,https://www.resmigazete.gov.tr/eskiler/2001/04/20010406.htm#1
2001-04-06,— Denizcilik Müsteşarlığı Merkez ve Taşra Teşkilatı Sicil Amirleri Yönetmeliğinde Değişiklik Yapılmasına İlişkin Yönetmelik,https://www.resmigazete.gov.tr/eskiler/2001/04/20010406.htm#2
2001-04-06,— Denizcilik Müsteşarlığı Disiplin Amirleri Yönetmeliğinde Değişiklik Yapılmasına İlişkin Yönetmelik,https://www.resmigazete.gov.tr/eskiler/2001/04/20010406.htm#3
2001-04-06,— Sosyal Hizmetler ve Çocuk Esirgeme Kurumu Genel Müdürlüğü Sicil Amirleri Yönetmeliği,https://www.resmigazete.gov.tr/eskiler/2001/04/20010406.htm#4
2001-04-06,— Spor Kulüpleri Yardım Yönetmeliğinde Değişiklik Yapılmasına Dair Yönetmelik,https://www.resmigazete.gov.tr/eskiler/2001/04/20010406.htm#5
2001-04-06,— Hacettepe Üniversitesi Lisansüstü Eğitim-Öğretim ve Sınav Yönetmeliğinin 19 ve 24 üncü Maddelerinde Değişiklik Yapılmasına Dair Yönetmelik,https://www.resmigazete.gov.tr/eskiler/2001/04/20010406.htm#6
2001-04-06,"— Yeni 25 Bin, 50 Bin ve 100 Bin Liralık Madeni Paraların Tedavüle Çıkarılması Hakkında Tebliğ",https://www.resmigazete.gov.tr/eskiler/2001/04/20010406.htm#7
2001-04-06,DÜZELTME (Türkiye Ulusal Programı İle İlgili),https://www.resmigazete.gov.tr/eskiler/2001/04/20010406.htm#8
2001-04-07,4632 Bireysel Emeklilik Tasarruf ve Yatırım Sistemi Kanunu,https://www.resmigazete.gov.tr/eskiler/2001/04/20010407.htm#1
2001-04-07,2001/2171 Marmara Depreminin Neden Olduğu Hasarların Giderilmesini Teminen Avrupa Konseyi Kalkınma Bankası’ndan Kalıcı Konutların İnşası İçin Sağlanan Kredinin Dördüncü Dilimine İlişkin Türkiye Cumhuriyeti ile Adı Geçen Banka Arasında İmzalanan Anlaşmanın Onaylanması Hakkında Karar,https://www.resmigazete.gov.tr/eskiler/2001/04/20010407.htm#2
2001-04-07,"Başbakanlık, Devlet, Bayındırlık ve İskan, Tarım ve Köyişleri, Çalışma ve Sosyal Güvenlik, Sanayi ve Ticaret, Turizm ve Orman Bakanlıklarına Ait 19 Adet Atama Kararı",https://www.resmigazete.gov.tr/eskiler/2001/04/20010407.htm#3
2001-04-07,— İçişleri Bakanlığına Ait Bir Adet Sınır Tespit Kararı,https://www.resmigazete.gov.tr/eskiler/2001/04/20010407.htm#4
2001-04-07,— Tokat Valiliği Mahalli Çevre Kurulu Kararı (No: 3),https://www.resmigazete.gov.tr/eskiler/2001/04/20010407.htm#5
2001-04-08,2001/2166 Türkiye Cumhuriyeti ile Slovak Cumhuriyeti Arasında Serbest Ticaret Anlaşması’na Ek “Menşeli Ürünler” Kavramının Tanımı ve İdari İşbirliği Yöntemleri Hakkında Protokol 3’ün Değiştirilmesine İlişkin 1/2000 Sayılı Ortak Komite Kararı’nın Onaylanması Hakkında Karar,https://www.resmigazete.gov.tr/eskiler/2001/04/20010408.htm#1
2001-04-08,2001/2161 Emniyet Hizmetleri Sınıfı Mensupları Atama ve Yer Değiştirme Yönetmeliğinde Değişiklik Yapılmasına Dair Yönetmelik,https://www.resmigazete.gov.tr/eskiler/2001/04/20010408.htm#2
2001-04-08,— Zonguldak Karaelmas Üniversitesi Çevre Sorunları Araştırma ve Uygulama Merkezi Yönetmeliği,https://www.resmigazete.gov.tr/eskiler/2001/04/20010408.htm#3
2001-04-08,— İşkolu Tespit Kararı (No: 2001/6),https://www.resmigazete.gov.tr/eskiler/2001/04/20010408.htm#4
2001-04-09,— Haliç Üniversitesi Ana Yönetmeliği,https://www.resmigazete.gov.tr/eskiler/2001/04/20010409.htm#1
2001-04-09,— Zonguldak Karaelmas Üniversitesi Sürekli Eğitim Merkezi Yönetmeliği,https://www.resmigazete.gov.tr/eskiler/2001/04/20010409.htm#2
2001-04-09,— Zonguldak Karaelmas Üniversitesi Yer Bilimleri Araştırma ve Uygulama Merkezi Yönetmeliği,https://www.resmigazete.gov.tr/eskiler/2001/04/20010409.htm#3
2001-04-10,2001/2163 Türkiye Cumhuriyeti Hükümeti ile Çin Halk Cumhuriyeti Hong Kong Özel İdari Bölgesi Hükümeti Arasında İmzalanan Hava Taşımacılığı Anlaşmasının Onaylanması Hakkında Karar,https://www.resmigazete.gov.tr/eskiler/2001/04/20010410.htm#1
2001-04-10,"— Devlet Bakanı Prof. Dr. Abdulhaluk Mehmet ÇAY’a, Devlet Bakanı Prof. Dr. Ramazan MİRZAOĞLU’nun Vekâlet Etmesine Dair Tezkere",https://www.resmigazete.gov.tr/eskiler/2001/04/20010410.htm#2
2001-04-10,— Türkiye İş Kurumu Sicil Yönetmeliği,https://www.resmigazete.gov.tr/eskiler/2001/04/20010410.htm#3
2001-04-10,— Türkiye İş Kurumu İstihdam ve Meslek Uzmanlığı ve Uzman Yardımcılığı Sınav Yönetmeliği,https://www.resmigazete.gov.tr/eskiler/2001/04/20010410.htm#4
2001-04-10,— Orman Arazilerinin Tahsisi Hakkında Yönetmeliğin 41 inci Maddesine Bir Fıkra Eklenmesine Dair Yönetmelik,https://www.resmigazete.gov.tr/eskiler/2001/04/20010410.htm#5
2001-04-10,— T.C. Başbakanlık Özürlüler İdaresi Başkanlığı Disiplin Amirleri Yönetmeliğinin 3 üncü Maddesinin Değiştirilmesi Hakkında Yönetmelik,https://www.resmigazete.gov.tr/eskiler/2001/04/20010410.htm#6
2001-04-10,— Sigorta Murakabe Kanununa İlişkin 5 Sayılı Tebliğ,https://www.resmigazete.gov.tr/eskiler/2001/04/20010410.htm#7
2001-04-11,"— Hâkimler ve Savcılar Yüksek Kurulu Yedek Üyeliklerine, Yargıtay Üyeleri Alaettin İSAOĞLU ve Mehmet Emin BİLGEN’in Seçilmesine Dair Karar (No: 2001/7)",https://www.resmigazete.gov.tr/eskiler/2001/04/20010411.htm#1
2001-04-11,Çalışma ve Sosyal Güvenlik Bakanlığına Ait Atama Kararı,https://www.resmigazete.gov.tr/eskiler/2001/04/20010411.htm#2
2001-04-11,— Hâkimler ve Savcılar Yüksek Kuruluna Ait Karar,https://www.resmigazete.gov.tr/eskiler/2001/04/20010411.htm#3
2001-04-11,"Çeltik, Soya, Delinte Edilmiş Pamuk, Patates, Fasulye, Bezelye, Nohut, Yem Bitkileri, Hibrit Domates, Hibrit Hıyar Tohumlukları ile Meyve ve Asma Fidanlarına Yapılacak Destekleme Esasları Hakkında Tebliğ (No: 2001/12)",https://www.resmigazete.gov.tr/eskiler/2001/04/20010411.htm#4
2001-04-11,— Rekabet Kurulunun 00-1 (b)/11-5 Sayılı Kararı,https://www.resmigazete.gov.tr/eskiler/2001/04/20010411.htm#5
2001-04-11,"DÜZELTME (4632 Sayılı ""Bireysel Emeklilik Tasarruf ve Yatırım Sistemi Kanunu"" ile İlgili)",https://www.resmigazete.gov.tr/eskiler/2001/04/20010411.htm#6
2001-04-12,"— Dışişleri Bakanlığına, Devlet Bakanı Prof. Dr. Şükrü S. GÜREL’in Vekâlet Etmesine Dair Tezkere",https://www.resmigazete.gov.tr/eskiler/2001/04/20010412.htm#1
2001-04-12,— Dicle Üniversitesi Sağlık Uygulama ve Araştırma Merkezi (Araştırma Hastanesi) Yönetm eliğinin 8 inci Maddesinin Değiştirilmesine Dair Yönetmelik,https://www.resmigazete.gov.tr/eskiler/2001/04/20010412.htm#2
2001-04-12,— Gebze Yüksek Teknoloji Enstitüsü Tür k Dünyası Bilimsel ve Teknolojik İşbirliği Merkezi (TÜRKBİLTEK) Yönetmeliği,https://www.resmigazete.gov.tr/eskiler/2001/04/20010412.htm#3
2001-04-12,— İstanbul Üniversitesi Yaz Öğretimi Yönetmeliğinin 8 inci Maddesinin Değiştirilme sine Dair Yönetmelik,https://www.resmigazete.gov.tr/eskiler/2001/04/20010412.htm#4
2001-04-12,— İstanbul Üniversitesi Devlet Konservatuvarı Lisans Öğretim ve Sınav Yönetmeliğinin Bazı Maddelerinin Değiştirilmesine Dair Yönetmelik,https://www.resmigazete.gov.tr/eskiler/2001/04/20010412.htm#5
2001-04-12,— Maltepe Üniversitesi Kuruluş ve Teşkilat Yönetmeliğinin Bazı Maddelerinde Değişiklik Yapılmasına Dair Yönetmelik,https://www.resmigazete.gov.tr/eskiler/2001/04/20010412.htm#6
2001-04-12,— Hazine Alacaklarına Uygulanacak Gecikme Faizi Oranı Hakkında Tebliğ,https://www.resmigazete.gov.tr/eskiler/2001/04/20010412.htm#7
2001-04-12,— Uluslararası Gözetim Şirketleri Statüsüne İlişkin Karar (Dış Ticarette Standardizasyon: 2001/9),https://www.resmigazete.gov.tr/eskiler/2001/04/20010412.htm#8
2001-04-12,— 2001 Yılı Ocak ve Şubat Aylarına Ait Dahilde İşleme İzin Belgelerinin Sektörel Dağılımı Hakkında Tebliğ,https://www.resmigazete.gov.tr/eskiler/2001/04/20010412.htm#9
2001-04-12,— 2001 Yılı Ocak ve Şubat Aylarına Ait Yurt İçi Satış Teslimler ile İlgili Belgelerin Sektörel Dağılımı Hakkında Tebliğ,https://www.resmigazete.gov.tr/eskiler/2001/04/20010412.htm#10
2001-04-12,— 2001 Yılı Ocak ve Şubat Aylarına Ait Hariçte İşleme İzin Belgelerinin Sektörel Dağılımı Hakkında Tebliğ,https://www.resmigazete.gov.tr/eskiler/2001/04/20010412.htm#11
2001-04-12,— 2001 Yılı Ocak ve Şubat Aylarına Ait Vergi Resim ve Harç İstisnası Belgelerinin Sektörel Dağılımı Hakkında Tebliğ,https://www.resmigazete.gov.tr/eskiler/2001/04/20010412.htm#12
2001-04-12,— Yargıtay 2. ve 18. Hukuk Dairelerine Ait 8 Adet Karar,https://www.resmigazete.gov.tr/eskiler/2001/04/20010412.htm#13
2001-04-13,"4635 Türk Silâhlı Kuvvetleri Personel Kanunu ile Jandarma Teşkilât, Görev ve Yetkileri Kanununda Değişiklik Yapılması Hakkında Kanun Hükmünde Kararnamenin Değiştirilerek Kabulü ile Sahil Güvenlik Komutanlığı Kanununda Değişiklik Yapılmasına Dair Kanun",https://www.resmigazete.gov.tr/eskiler/2001/04/20010413.htm#1
2001-04-13,4636 Millî Savunma Bakanlığı Akaryakıt İkmal ve Nato Pol Tesisleri İşletme Başkanlığının Kuruluşu ve Görevleri Hakkında Kanun,https://www.resmigazete.gov.tr/eskiler/2001/04/20010413.htm#2
2001-04-13,"4637 Silahlı Kuvvetler İhtiyaç Fazlası Mal ve Hizmetlerinin Satış, Hibe, Devir ve Elden Çıkarılması; Diğer Devletler Adına Yurt Dışı ve Yurt İçi Alımların Yapılması ve Eğitim Görecek Yabancı Personel Hakkında Kanunun Bazı Maddelerinin Değiştirilmesine Dair Kanun",https://www.resmigazete.gov.tr/eskiler/2001/04/20010413.htm#3
2001-04-13,4639 Memurlar ve Diğer Kamu Görevlileri Hakkındaki Bazı Kanunlarda Değişiklik Yapılmasına Dair Yetki Kanunu,https://www.resmigazete.gov.tr/eskiler/2001/04/20010413.htm#4
2001-04-13,"— Emniyet Genel Müdürlüğü Çocuk Şube Müdürlüğü/Büro Amirliği Kuruluş, Görev ve Çalışma Yönetmeliği",https://www.resmigazete.gov.tr/eskiler/2001/04/20010413.htm#5
2001-04-13,— Bayındırlık ve İskan Bakanlığına Ait Mecburi Standard Tebliği,https://www.resmigazete.gov.tr/eskiler/2001/04/20010413.htm#6
2001-04-13,— İran Menşeli Naylon Tekstürize İplik İthalatına Yönelik Olarak Gözetim Önlemi Alınmasına İlişkin Tebliğ (No: 2001/6),https://www.resmigazete.gov.tr/eskiler/2001/04/20010413.htm#7
2001-04-14,4633 Yükseköğretim Kurumları Teşkilatı Kanununda Değişiklik Yapılmasına Dair Kanun Hükmünde Kararnamenin Değiştirilerek Kabulüne Dair Kanun,https://www.resmigazete.gov.tr/eskiler/2001/04/20010414.htm#1
2001-04-14,Hükümlü Murşit ASLAN'ın Cezasının Kaldırılmasına Dair Karar (2001/18),https://www.resmigazete.gov.tr/eskiler/2001/04/20010414.htm#2
2001-04-14,— Türkiye Kömür İşletmeleri Kurumu Genel Müdürlüğü Personelinin Görevde Yükselme ve Atama Esaslarına Dair Yönetmelik,https://www.resmigazete.gov.tr/eskiler/2001/04/20010414.htm#3
2001-04-14,— Petrol Ürünlerine Uygulanacak Akaryakıt Fiyat İstikrar Fonu Payları Hakkında Tebliğ (PİGM/AFİF 2001-14),https://www.resmigazete.gov.tr/eskiler/2001/04/20010414.htm#4
2001-04-14,— Araç Dış Lastiklerinin İthalatında Uygulanacak Esaslara İlişkin Tebliğ (Dış Ti carette Standardizasyon : 2001/11),https://www.resmigazete.gov.tr/eskiler/2001/04/20010414.htm#5
2001-04-15,"— Devlet Bakanı Prof. Dr. Ramazan MİRZAOĞLU’na, Devlet Bakanı Prof. Dr. Şuayip ÜŞENMEZ’in Vekâlet Etmesine Dair Tezkere",https://www.resmigazete.gov.tr/eskiler/2001/04/20010415.htm#1
2001-04-15,"2001/2224 Tiftik ve Yaş İpekböceği Kozası Üreticilerinin Desteklenmesine, Destekleme Primi ve Doğrudan Destek Ödemeleri İçin Gerekli Finansmanın Destekleme ve Fiyat İstikrar Fonu'ndan Karşılanmasına İlişkin Karar",https://www.resmigazete.gov.tr/eskiler/2001/04/20010415.htm#2
2001-04-15,"— Devlet Bakanı ve Başbakan Yardımcılığı, Devlet, Çalışma ve Sosyal Güvenlik, Enerji ve Tabii Kaynaklar Bakanlığı ile Turizm Bakanlıklarına Ait 8 Adet Karar",https://www.resmigazete.gov.tr/eskiler/2001/04/20010415.htm#3
2001-04-15,2001/2225 Karayoluyla Uluslararası Yolcu ve Eşya Taşımaları Hakkında Yönetmelikte Değişiklik Yapılmasına Dair Yönetmelik,https://www.resmigazete.gov.tr/eskiler/2001/04/20010415.htm#4
2001-04-15,— HEAŞ Hamitabat Elektrik Üretim ve Ticaret A.Ş. Genel Müdürlüğü Kadrolu Personel Sicil Amirleri Yönetmeliği,https://www.resmigazete.gov.tr/eskiler/2001/04/20010415.htm#5
2001-04-15,— HEAŞ Hamitabat Elektrik Üretim ve Ticaret A.Ş. Genel Müdürlüğü Sözleşmeli Personel Sicil Amirleri Yönetmeliği,https://www.resmigazete.gov.tr/eskiler/2001/04/20010415.htm#6
2001-04-15,— Rekabet Kurulunun 00-33/356-200 Sayılı Kararı,https://www.resmigazete.gov.tr/eskiler/2001/04/20010415.htm#7
2001-04-16,İstanbul Üniversitesi Bakırköy Sağlık Yüksekokulu Lisans Öğretim ve Sınav Yönetmeliğinin Bazı Maddelerinin Değiştirilmesine Dair Yönetmelik,https://www.resmigazete.gov.tr/eskiler/2001/04/20010416.htm#1
2001-04-16,— Rekabet Kurulunun 00-49/529-291 Sayılı Kararı,https://www.resmigazete.gov.tr/eskiler/2001/04/20010416.htm#2
2001-04-16,— Yargıtay 20. Hukuk Dairesine Ait Bir Adet Karar,https://www.resmigazete.gov.tr/eskiler/2001/04/20010416.htm#3
2001-04-17,"— Dışişleri Bakanlığına, Devlet Bakanı Prof. Dr. Şükrü S. GÜREL’in Vekâlet Etmesine Dair Tezkere",https://www.resmigazete.gov.tr/eskiler/2001/04/20010417.htm#1
2001-04-17,— Millî Eğitim Bakanlığı Rehberlik ve Psikolojik Danışma Hizmetleri Yönetmeliği,https://www.resmigazete.gov.tr/eskiler/2001/04/20010417.htm#2
2001-04-17,— Türkiye İş Kurumu Görevde Yükselme ve Atanma Yönetmeliği,https://www.resmigazete.gov.tr/eskiler/2001/04/20010417.htm#3
2001-04-17,— Vergi Usul Kanunu Genel Tebliği (Sıra No: 294),https://www.resmigazete.gov.tr/eskiler/2001/04/20010417.htm#4
2001-04-17,"— Aracılık Faaliyetleri ve Aracı Kuruluşlara İlişkin Esaslar Hakkında Tebliğde Değişiklik Yapılmasına Dair Tebliğ (Seri: V, No: 49)",https://www.resmigazete.gov.tr/eskiler/2001/04/20010417.htm#5
2001-04-17,Rekabet Kurul unun 00-1/2-2 Sayılı Kararı,https://www.resmigazete.gov.tr/eskiler/2001/04/20010417.htm#6
2001-04-18,"— Millî Savunma Bakanlığına, Devlet Bakanı Prof. Dr. Abdulhaluk Mehmet ÇAY’ın Vekâlet Etmesine Dair Tezkere",https://www.resmigazete.gov.tr/eskiler/2001/04/20010418.htm#1
2001-04-18,— Hâkimler ve Savcılar Yüksek Kuruluna Ait Karar,https://www.resmigazete.gov.tr/eskiler/2001/04/20010418.htm#2
2001-04-18,— Başbakanlık Teftiş Kurulu Yönetmeliğinde Değişiklik Yapılmasına Dair Yönetmelik,https://www.resmigazete.gov.tr/eskiler/2001/04/20010418.htm#3
2001-04-18,— Hazine Garantileri Kapsamında Yapılacak Ödemelerin Üstlenilmesinde Uygulanacak Usul ve Esaslar Hakkında Yönetmelik,https://www.resmigazete.gov.tr/eskiler/2001/04/20010418.htm#4
2001-04-18,— İşkolu Tespit Kararı (No : 2001/7),https://www.resmigazete.gov.tr/eskiler/2001/04/20010418.htm#5
2001-04-18,— İşkolu Tespit Kararı (No : 2001/8),https://www.resmigazete.gov.tr/eskiler/2001/04/20010418.htm#6
2001-04-18,— İşkolu Tespit Kararı (No : 2001/9),https://www.resmigazete.gov.tr/eskiler/2001/04/20010418.htm#7
2001-04-18,— İşkolu Tespit Kararı (No : 2001/10),https://www.resmigazete.gov.tr/eskiler/2001/04/20010418.htm#8
2001-04-18,— Antalya Valiliği Mahalli Çevre Kurulu Kararı (No: 01/03),https://www.resmigazete.gov.tr/eskiler/2001/04/20010418.htm#9
2001-04-19,4634 Şeker Kanunu,https://www.resmigazete.gov.tr/eskiler/2001/04/20010419.htm#1
2001-04-19,"— Dışişleri Bakanlığına, Devlet Bakanı Prof. Dr. Şükrü S. GÜREL’in Vekâlet Etmesine Dair Tezkere",https://www.resmigazete.gov.tr/eskiler/2001/04/20010419.htm#2
2001-04-19,"— Tapu ve Kadastro Genel Müdürlüğü Taşra Teşkilatı Yetki, Görev ve Sorumlulukları Hakkında Yönetmelik",https://www.resmigazete.gov.tr/eskiler/2001/04/20010419.htm#3
2001-04-19,— Tapu ve Kadastro Genel Müdürlüğü Merkez ve Taşra Teşkilatı Sicil Amirleri Yönetmeliği,https://www.resmigazete.gov.tr/eskiler/2001/04/20010419.htm#4
2001-04-19,— Tapu ve Kadastro Genel Müdürlüğü Merkez ve Taşra Teşkilatı Disiplin Amirleri Yönetmeliği,https://www.resmigazete.gov.tr/eskiler/2001/04/20010419.htm#5
2001-04-19,— Çay İşletmeleri Genel Müdürlüğü Mamullerinin Toptan Satışıyla İlgili Yönetmeliğin Bazı Maddelerinin Değiştirilmesi Hakkında Yönetmelik,https://www.resmigazete.gov.tr/eskiler/2001/04/20010419.htm#6
2001-04-19,— Bayındırlık ve İskan Bakanlığı Personelinin Yer Değiştirme Suretiyle Atanmalarına İlişkin Yönetmelik,https://www.resmigazete.gov.tr/eskiler/2001/04/20010419.htm#7
2001-04-19,— Adnan Menderes Üniversitesi Atatürk İlkeleri ve İnkılâp Tarihi Araştırma ve Uygulama Merkezi Yönetmeliği,https://www.resmigazete.gov.tr/eskiler/2001/04/20010419.htm#8
2001-04-19,— Dumlupınar Üniversitesi Öğrenci Sağlık İşleri ve Sağlık Raporları Yönetmeliğinin 7 nci ve 8 inci Maddelerinin Değiştirilmesine Dair Yönetmelik,https://www.resmigazete.gov.tr/eskiler/2001/04/20010419.htm#9
2001-04-19,— Fırat Üniversitesi Eğitim-Öğretim ve Sınav Yönetmeliğinin Bazı Maddelerinde Değişiklik Yapılmasına Dair Yönetmelik,https://www.resmigazete.gov.tr/eskiler/2001/04/20010419.htm#10
2001-04-19,— Türk Gıda Kodeksi Pirinç Tebliği (No: 2001/10 ),https://www.resmigazete.gov.tr/eskiler/2001/04/20010419.htm#11
2001-04-19,— Türk Gıda Kodeksi Yemeklik Tuz Tebliği’nde Değişiklik Yapılması Hakkında Tebliğ (No : 2001/11),https://www.resmigazete.gov.tr/eskiler/2001/04/20010419.htm#12
2001-04-19,— Belgesiz İhracat Kredileri ile Vergi Resim Harç İstisnası Belgeleri Hakkında Tebliğ (İhracat: 2001/4),https://www.resmigazete.gov.tr/eskiler/2001/04/20010419.htm#13
2001-04-19,— Sakarya Valiliği Mahalli Çevre Kurulu Kararı (2001/2),https://www.resmigazete.gov.tr/eskiler/2001/04/20010419.htm#14
2001-04-20,"— Maliye Bakanlığına, İçişleri Bakanı Sadettin TANTAN’ın Vekâlet Etmesine Dair Tezkere",https://www.resmigazete.gov.tr/eskiler/2001/04/20010420.htm#1
2001-04-20,— Zararlı Kimyasal Madde ve Ürünlerinin Kontrolü Yönetmeliğinde Değişiklik Yapılmasına Dair Yönetmelik,https://www.resmigazete.gov.tr/eskiler/2001/04/20010420.htm#2
2001-04-21,4638 Emniyet Teşkilâtı Kanununda Değişiklik Yapılmasına Dair Kanun Hükmünde Kararnamenin Değiştirilerek Kabulü Hakkında Kanun,https://www.resmigazete.gov.tr/eskiler/2001/04/20010421.htm#1
2001-04-21,"4641 Ekonomik ve Sosyal Konseyin Kuruluşu, Çalışma Esas ve Yöntemleri Hakkında Kanun",https://www.resmigazete.gov.tr/eskiler/2001/04/20010421.htm#2
2001-04-21,4642 Hâkimler ve S avcılar Kanununda Değişiklik Yapılmasına Dair Kanun Hükmünde Kararnamenin Kabulü Hakkında Kanun,https://www.resmigazete.gov.tr/eskiler/2001/04/20010421.htm#3
2001-04-21,4643 Başbakanlık Teşkilâtı Hakkında Kanun Hükmünde Kararnamenin De ğiştirilerek Kabulü Hakkında Kanunda Değişiklik Yapılmasına Dair Kanun Hükmünde Kararname nin Değiştirilerek Kabulü ile Genel Kadro ve Usulü Hakkında Kanu n Hükmünde Kararnamenin Eki Cet vellerde Değişiklik Yapılmasına İlişkin Kanun,https://www.resmigazete.gov.tr/eskiler/2001/04/20010421.htm#4
2001-04-21,"4644 Gençlik ve Spor Genel Müdürlüğünün Teşkilât ve Görevleri Hakkında Kanun, Devlet Memurları Kanunu ve 190 Sayılı Kanun Hükmünde Kararnamede Değişiklik Yapılması Hakkında Kanun Hükmünde Kararnamenin Değiştirilerek Kabulüne Dair Kanun",https://www.resmigazete.gov.tr/eskiler/2001/04/20010421.htm#5
2001-04-21,2001/2201 Akaryakıt Tüketim Vergisi Tutarlarının Tespitine İlişkin Karar,https://www.resmigazete.gov.tr/eskiler/2001/04/20010421.htm#6
2001-04-21,"— Hâkimler ve Savcılar Yüksek Kurulu Yedek Üyeliğine, Danıştay Üyesi Ahmet Çetin ZÖNGÜR'ün Seçilmesine Dair Karar",https://www.resmigazete.gov.tr/eskiler/2001/04/20010421.htm#7
2001-04-21,"— Danıştay Üyeliğine, Maliye Bakanlığı Müşavir Hazine Avukatı Ahmet BAŞPINAR’ın Seçilmesine Dair Karar",https://www.resmigazete.gov.tr/eskiler/2001/04/20010421.htm#8
2001-04-21,— Muğla Üniversitesi Döner Sermaye İşletmesi Yönetmeliğinin Bazı Maddelerinde Değişiklik Yapılması Hakkında Yönetmelik,https://www.resmigazete.gov.tr/eskiler/2001/04/20010421.htm#9
2001-04-21,— Çevre Bakanlığının Anız Yangınları ile İlgili Genelgesi,https://www.resmigazete.gov.tr/eskiler/2001/04/20010421.htm#10
2001-04-21,— İthal ve İhraç Edilecek Gıdaların Giriş ve Çıkış Kapılarının Tespit ve İlanına Dair Tebliğ’de Değişiklik Yapılması Hakkında Tebliğ,https://www.resmigazete.gov.tr/eskiler/2001/04/20010421.htm#11
2001-04-21,— Balıkesir İli Sınırları Dahilinde Orman Yangınlarının Önlenmesi Amacıyla Alınması Gereken Tedbirler Hakkında Karar (No : 2001/2),https://www.resmigazete.gov.tr/eskiler/2001/04/20010421.htm#12
2001-04-22,— İkili Tekstil Lif Karışımlarının Kantitatif Analiz Metotları Hakkında Yönetmelik,https://www.resmigazete.gov.tr/eskiler/2001/04/20010422.htm#1
2001-04-22,— İstanbul Valiliği Mahalli Çevre Kurulu Kararı (No: 3),https://www.resmigazete.gov.tr/eskiler/2001/04/20010422.htm#2
2001-04-22,— Kilis Valiliği Umumi Hıfzıssıhha Kurulu Kararı (No: 3,https://www.resmigazete.gov.tr/eskiler/2001/04/20010422.htm#3
2001-04-22,— Samsun Valiliği Mahalli Çevre Kurulu Kararı (No: 1),https://www.resmigazete.gov.tr/eskiler/2001/04/20010422.htm#4
2001-04-24,"4645 Emniyet Genel Müdürlüğüne Ait Araç,Gereç, Mal ve Malzemenin Satış, Hibe, HEK ve Hurda Durum ve İşlemleri ile Hizmet Satışına Dair Kanun",https://www.resmigazete.gov.tr/eskiler/2001/04/20010424.htm#1
2001-04-24,"— Devlet Bakanı Dr. Kemal DERVİŞ'e, Orman Bakanı Prof. Dr. Nami ÇAĞAN'ın Vekâlet Etmesine Dair Tezkere",https://www.resmigazete.gov.tr/eskiler/2001/04/20010424.htm#2
2001-04-24,2001/2185 2000 Yılında İndirimli Orana Tabi İşlemlere İlişkin Olarak Yüklenilen ve İndirim Yoluyla Telafi Edilemeyen Vergilerden 2.000.000.000 (İki Milyar) TL’yi Aşan Kısmın İade Edilmesi Hakkında Karar,https://www.resmigazete.gov.tr/eskiler/2001/04/20010424.htm#3
2001-04-24,"2001/2217 Merkezi Burdur İli, Altınyayla İlçesi’nde Bulunan “Altınyayla İlçesi Belediye ve Köylerine Hizmet Götürme Birliği”nin Adının “Altınyayla İlçesi Köylere Hizmet Götürme Birliği” Olarak Değiştirilmesi Hakkında Karar",https://www.resmigazete.gov.tr/eskiler/2001/04/20010424.htm#4
2001-04-24,2001/2218 Fındık Alanlarının Tespitine ve Sökülen Fındık Bahçeleriyle Birlikte Yerine Alternatif Ürün Yetiştireceklerin Desteklenmesine Dair Karar,https://www.resmigazete.gov.tr/eskiler/2001/04/20010424.htm#5
2001-04-24,2001/2214 Dışişleri Bakanlığı Mensuplarının Bazı Görevlere Atanmaları Hakkında Karar,https://www.resmigazete.gov.tr/eskiler/2001/04/20010424.htm#6
2001-04-24,— Üçlü Tekstil Lif Karışımlarının Kantitatif Analiz Metotları Hakkında Yönetmelik,https://www.resmigazete.gov.tr/eskiler/2001/04/20010424.htm#7
2001-04-25,2001/2182 Türkiye Cumhuriyeti ile Tunus Cumhuriyeti Arasında Çifte Vatandaş lık Durumunda Vatan Hizmeti Yükümlülüğüne İlişkin Anlaşma’nın Onaylanması Hakkında Karar,https://www.resmigazete.gov.tr/eskiler/2001/04/20010425.htm#1
2001-04-25,2001/2221 Kültür Bakanlığı’nın Taşra Teşkilatı Olarak 91/2352 Sayılı Bakanlar Kurulu Kararı ile İzmir’de Kurulan “Devlet Halk Dansları Topluluğu”nun Adının “Devlet Türk Dünyası Dans ve Müzik Topluluğu” Olarak Değiştirilmesi Hakkında Karar,https://www.resmigazete.gov.tr/eskiler/2001/04/20010425.htm#2
2001-04-25,"— Başbakanlık, Devlet, İçişleri, Bayındırlık ve İskan, Sağlık, Çalışma ve Sosyal Güvenlik, Enerji ve Tabii Kaynaklar, Kültür, Turizm ile Orman Bakanlıklarına Ait 18 Adet Atama Kararı",https://www.resmigazete.gov.tr/eskiler/2001/04/20010425.htm#3
2001-04-25,— Sınır Tespitine Dair Bir Adet Karar,https://www.resmigazete.gov.tr/eskiler/2001/04/20010425.htm#4
2001-04-25,"— Tapu ve Kadastro Denetmenlerinin Mesleğe Giriş ve Yeterlik Sınavları ile Çalışma, Görev, Yetki ve Sorumluluklarına İlişkin Usul ve Esasları Hakkında Yönetmeliğin Değiştirilmesine Dair Yönetmelik",https://www.resmigazete.gov.tr/eskiler/2001/04/20010425.htm#5
2001-04-25,— Milli Piyango İdaresi Genel Müdürlüğü Sayısal Oyunlar Yönetmeliği,https://www.resmigazete.gov.tr/eskiler/2001/04/20010425.htm#6
2001-04-25,— Uçuş Emniyetini Etkileyen Hadiselerin Bildirilmesi ve Değerlendirilmesine Dair Yönetmelik (SHY-65-02 ),https://www.resmigazete.gov.tr/eskiler/2001/04/20010425.htm#7
2001-04-25,— Mera Yönetmeliğinin Bazı Maddelerinde Değişiklik Yapılması Hakkında Yönetmelik,https://www.resmigazete.gov.tr/eskiler/2001/04/20010425.htm#8
2001-04-25,— Mera Fonu Yönetmeliğinin Bazı Maddelerinde Değişiklik Yapılması Hakkında Yönetmelik,https://www.resmigazete.gov.tr/eskiler/2001/04/20010425.htm#9
2001-04-25,— Sosyal Sigortalar Kurumu Başkanlığı Alım-Satım İşlemleri Yönetmeliğinde Değişiklik Yapılmasına Dair Yönetmelik,https://www.resmigazete.gov.tr/eskiler/2001/04/20010425.htm#10
2001-04-25,— Sosyal Sigortalar Kurumu Başkanlığı Taşınmaz Mallar Yönetmeliğinde Deği şiklik Yapılmasına Dair Yönetmelik,https://www.resmigazete.gov.tr/eskiler/2001/04/20010425.htm#11
2001-04-25,— Gebze Yüksek Teknoloji Enstitüsü Döner Sermaye İşletmesi Yönetmeliği,https://www.resmigazete.gov.tr/eskiler/2001/04/20010425.htm#12
2001-04-25,— 2001 Yılı Mart Ayına Ait Yatırım Teşvik Belgelerinin Sektörel Dağılımı Hakkında Tebliğ,https://www.resmigazete.gov.tr/eskiler/2001/04/20010425.htm#13
2001-04-25,— 2001 Yılı Mart Ayına Ait Yabancı Sermayeli Yatırım Teşvik Belgelerinin Sektörel Dağılımı Hakkında Tebliğ,https://www.resmigazete.gov.tr/eskiler/2001/04/20010425.htm#14
2001-04-25,— 2001 Yılı Mart Ayına Ait Dahilde İşleme İzin Belgelerinin Sektörel Dağılımı Hakkında Tebliğ,https://www.resmigazete.gov.tr/eskiler/2001/04/20010425.htm#15
2001-04-25,— 2001 Yılı Mart Ayına Ait Yurt İçi Satış Teslimler ile İlgili Belgelerin Sektörel Dağılımı Hakkında Tebliğ,https://www.resmigazete.gov.tr/eskiler/2001/04/20010425.htm#16
2001-04-25,— 2001 Yılı Mart Ayına Ait Hariçte İşleme İzin Belgelerinin Sektörel Dağılımı Hakkında Tebliğ,https://www.resmigazete.gov.tr/eskiler/2001/04/20010425.htm#17
2001-04-25,— 2001 Yılı Mart Ayına Ait Vergi Resim ve Harç İstisnası Belgelerinin Sektörel Dağılımı Hakkında Tebliğ,https://www.resmigazete.gov.tr/eskiler/2001/04/20010425.htm#18
2001-04-25,— Sektörel Dış Ticaret Şirketi Statüsü Verilmesine İlişkin Karar,https://www.resmigazete.gov.tr/eskiler/2001/04/20010425.htm#19
2001-04-25,— Yargıtay 2. Hukuk Dairesine Ait 2 Adet Karar,https://www.resmigazete.gov.tr/eskiler/2001/04/20010425.htm#20
2001-04-26,4640 2001 Malî Yılı Bütçe Kanununda Değişiklik Yapılması Hakkında Kanun,https://www.resmigazete.gov.tr/eskiler/2001/04/20010426.htm#1
2001-04-26,4647 Türk Sivil Havacılık Kanununda Değişiklik Yapılması Hakkında Kanun,https://www.resmigazete.gov.tr/eskiler/2001/04/20010426.htm#2
2001-04-26,4648 Hayvan Sağlığı ve Zabıtası Kanununda Değişiklik Yapılması Hakkında Kanun,https://www.resmigazete.gov.tr/eskiler/2001/04/20010426.htm#3
2001-04-26,4649 Umum i Hayata Müessir Afetler Dolayısiyle Alınacak Tedbirlerle Yapılacak Yardımlara Dair Kanunda Değişiklik Yapılmasına Dair Kanun,https://www.resmigazete.gov.tr/eskiler/2001/04/20010426.htm#4
2001-04-26,"— Adalet Bakanlığına, Milli Eğitim Bakanı Metin BOSTANCIOĞLU’nun Vekâlet Etmesine Dair Tezkere",https://www.resmigazete.gov.tr/eskiler/2001/04/20010426.htm#5
2001-04-26,"— Dışişleri Bakanlığına, Devlet Bakanı Prof. Dr. Şükrü S. GÜREL’in Vekâlet Etmesine Dair Tezkere",https://www.resmigazete.gov.tr/eskiler/2001/04/20010426.htm#6
2001-04-26,2001/2227 1774 sayılı Kimlik Bildirme Kanununun 2 nci Maddesinde Sayılan Bazı Tesislerin Kayıtlarını Bilgisayarda Tutmaları ve Bilgisayar Terminallerini Genel Kolluk Kuvvetlerinin Bilgisayar Terminallerine Bağlamalarına İlişkin Karar,https://www.resmigazete.gov.tr/eskiler/2001/04/20010426.htm#7
2001-04-26,2001/2228 3083 Sayılı Sulama Alanlarında Arazi Düzenlenmesine Dair Tarım Reformu Kanunu Uyarınca “Uygulama Alanı” Olarak Tespiti Hakkında Karar,https://www.resmigazete.gov.tr/eskiler/2001/04/20010426.htm#8
2001-04-26,2001/2234 588 Sayılı Konut Edindirme Yardımı Hesaplarının Tasfiyesine Dair Kanun Hükmünde Kararnamenin Uygulanmasına İlişkin Kararda Değişiklik Yapılması Hakkında Karar,https://www.resmigazete.gov.tr/eskiler/2001/04/20010426.htm#9
2001-04-26,2001/2239 Avrupa Birliği Genel Sekreterliği’ne Ait (4) sayılı Cetvelde Yer Alan Boş Kadroların Derecelerinin Değiştirilmesi Hakkında Karar,https://www.resmigazete.gov.tr/eskiler/2001/04/20010426.htm#10
2001-04-26,2001/2308 Akaryakıt Tüketim Vergisi Tutarlarının Tespitine İlişkin Karar,https://www.resmigazete.gov.tr/eskiler/2001/04/20010426.htm#11
2001-04-26,2001/2178 Yedek Personel Erteleme Yönetmeliğinde Değişiklik Yapılmasına Dair Yönetmelik,https://www.resmigazete.gov.tr/eskiler/2001/04/20010426.htm#12
2001-04-26,— Petrol Ürünlerine Uygulanacak Akaryakıt Fiyat İstikrar Fonu Payları Hakkında Tebliğ (PİGM/AFİF 2001-15),https://www.resmigazete.gov.tr/eskiler/2001/04/20010426.htm#13
2001-04-26,— Rekabet Kurulunun 00-26/292-162 Sayılı Kararı,https://www.resmigazete.gov.tr/eskiler/2001/04/20010426.htm#14
2001-04-27,717 (10/10) Esas Numaralı Meclis Araştırması Komisyonunun Görev Süresinin Uzatılmasına İlişkin Karar,https://www.resmigazete.gov.tr/eskiler/2001/04/20010427.htm#1
2001-04-27,2001/2199 Ceza İnfaz Kurumları ile Tevkifevlerinin Yönetimine ve Cezaların İnfazına Dair Tüzükte Değişiklik Yapılmasına İlişkin Tüzük,https://www.resmigazete.gov.tr/eskiler/2001/04/20010427.htm#2
2001-04-27,"2001/2229 Köy Hizmetleri Genel Müdürlüğü’nün Taşra Teşkilatında, Ankara 1 inci Bölge Müdürlüğü’ne Bağlı Düzce İl Müdürlüğü’nde (5) Adet Şube Müdürlüğü Kurulması Hakkında Karar",https://www.resmigazete.gov.tr/eskiler/2001/04/20010427.htm#3
2001-04-27,"2001/2274 Milli Eğitim Bakanlığı Adına Öğretmen ve Eğitim Uzmanı Yetiştiren Yükseköğretim Kurumlarında Öğrenim Yapan Burslu Öğrencilere, Verilecek Burs Miktarı Hakkında Karar",https://www.resmigazete.gov.tr/eskiler/2001/04/20010427.htm#4
2001-04-27,2001/2298 Dış Ticarette Teknik Düzenlemeler ve Standardizasyon Rejimi Kararı’nda Değişiklik Yapılmasına İlişkin Karar,https://www.resmigazete.gov.tr/eskiler/2001/04/20010427.htm#5
2001-04-27,2001/2282 İl Milli Eğitim Disiplin Kurulları Yönetmeliğinin Yürürlükten Kaldırılmasına Dair Yönetmelik,https://www.resmigazete.gov.tr/eskiler/2001/04/20010427.htm#6
2001-04-27,— İşçi Sayılmayan Geçici Personel Çalıştırılmasına İlişkin Yönetmelik,https://www.resmigazete.gov.tr/eskiler/2001/04/20010427.htm#7
2001-04-27,— TRT Personel Yönetmeliğinin 33 üncü Maddesinin Değiştirilmesine Dair Yönetmelik,https://www.resmigazete.gov.tr/eskiler/2001/04/20010427.htm#8
2001-04-27,— Elektrik Tarifeleri Yönetmeliğinin 5 inci Maddesinde Değişiklik Yapılması Hakkında Yönetmelik,https://www.resmigazete.gov.tr/eskiler/2001/04/20010427.htm#9
2001-04-27,— Adnan Menderes Üniversitesi Yaz Okulu Eğitim-Öğretim Yönetmeliği,https://www.resmigazete.gov.tr/eskiler/2001/04/20010427.htm#10
2001-04-27,"— Gazi Üniversitesi Aile Planlaması, İnfertilite ve Üreme Sağlığı Araştırma ve Uygulama Merkezi Yönetmeliğinin Bazı Maddelerinin Değiştirilmesine Dair Yönetmelik",https://www.resmigazete.gov.tr/eskiler/2001/04/20010427.htm#11
2001-04-27,— İstanbul Üniversitesi Lisansüstü Eğitim ve Öğretim Yönetmeliğinin 31 inci Maddesinde Değişiklik Yapılmasına Dair Yönetmelik,https://www.resmigazete.gov.tr/eskiler/2001/04/20010427.htm#12
2001-04-27,— Sektörel Dış Ticaret Şirketi Statüsü Verilmesine İlişkin Karar,https://www.resmigazete.gov.tr/eskiler/2001/04/20010427.htm#13
2001-04-27,"— Bolu İli Sınırları Dahilinde, Orman Yangınlarının Önlenmesi Amacıyla Alınması Gereken Tedbirler Hakkında Karar (No : 2001/1)",https://www.resmigazete.gov.tr/eskiler/2001/04/20010427.htm#14
2001-04-27,"— Karabük İli Sınırları Dahilinde, Uçucu Maddelerin 18 Yaşından Küçüklere Satışının Yasaklanmasına Dair Karar",https://www.resmigazete.gov.tr/eskiler/2001/04/20010427.htm#15
2001-04-27,— Danıştay Başkanlık Kurulunun 7 No.lu Kararı,https://www.resmigazete.gov.tr/eskiler/2001/04/20010427.htm#16
2001-04-28,— İstifa Eden ve İstifası Kabul Edilen M. Cumhur ERSÜMER’den Boşalan Enerji ve Tabii Kaynaklar Bakanlığı’na Yeni Bir Atama Yapılıncaya Kadar Maliye Bakanı Sümer ORAL’ın Vekâlet Etmesine D air Tezkere,https://www.resmigazete.gov.tr/eskiler/2001/04/20010428.htm#1
2001-04-28,2001/2276 İthalat Rejimi Kararına Ek Karar,https://www.resmigazete.gov.tr/eskiler/2001/04/20010428.htm#2
2001-04-28,2001/2309 Türkiye İş Kurumu Genel Müdürlüğüne Ait Bazı Kadrolarda Değişiklik Yapılması Hakkında Karar,https://www.resmigazete.gov.tr/eskiler/2001/04/20010428.htm#3
2001-04-28,— Hakimler ve Savcılar Yüksek Kur uluna Ait Karar,https://www.resmigazete.gov.tr/eskiler/2001/04/20010428.htm#4
2001-04-28,— Tababet Uzmanlık Yönetmeliği’nin Bazı Maddelerinde Değişiklik Yapılmasına Dair Yönetmelik,https://www.resmigazete.gov.tr/eskiler/2001/04/20010428.htm#5
2001-04-28,— 2802 Sayılı Hakimler ve Savcılar Kanununun 61 ve 121 inci Maddeleri Uyarınca Hakimlik ve Savcılık Mesleğinde Bulunanlara Uygulanacak Sicil Fişleri Hakkındaki Yönetmeliğin 3 üncü Maddesinde Değişiklik Yapılmasına İlişkin Yönetmelik,https://www.resmigazete.gov.tr/eskiler/2001/04/20010428.htm#6
2001-04-29,"— Tarım ve Köyişleri Bakanlığına, Sanayi ve T icaret Bakanı Ahmet Kenan TANRI KULU’nun Vekâlet Etmesine Dair Tezkere",https://www.resmigazete.gov.tr/eskiler/2001/04/20010429.htm#1
2001-04-29,2001/2302 Türkiye Cumhuriyeti Tarafından Tek Taraflı Olarak Tanınan Tercihli Tarife Uygulamalarından Yararlanacak Eşyanın Menşeinin Tespitine İlişkin Karar,https://www.resmigazete.gov.tr/eskiler/2001/04/20010429.htm#2
2001-04-30,2001/2284 Türkiye Cumhuriyeti ile Litv anya Cumhuriyeti Arasındaki Serbest Ticaret Anlaşması’na Ek “Menşeli Ürünler” Kavramının Tanımı ve İdari İşbirliği Yöntemleri Hakkında Protokol 3’ün Değiştirilmesine İlişkin Ortak Komite Kararının Onaylanması Hakkında Karar,https://www.resmigazete.gov.tr/eskiler/2001/04/20010430.htm#1
2001-04-30,— Subay Sicil Yönetmeliğinde Değişiklik Yapılmasına Dair Yönetmelik,https://www.resmigazete.gov.tr/eskiler/2001/04/20010430.htm#2
2001-04-30,— Astsubay Sicil Yönetmeliğinde Değişiklik Yapılmasına Dair Yönetmelik,https://www.resmigazete.gov.tr/eskiler/2001/04/20010430.htm#3
2001-04-30,— Denizli Valiliği Mahalli Çevre Kurulu Kararı (No : 2),https://www.resmigazete.gov.tr/eskiler/2001/04/20010430.htm#4
2001-04-30,— İstanbul İli Sınırları Dahilinde Orman Yangınlarının Önlenmesi Amacıyla Alınması Gereken Tedbirler Hakkında Karar (No : 1),https://www.resmigazete.gov.tr/eskiler/2001/04/20010430.htm#5
2001-05-01,"Devlet Bakanı Yüksel YALOVA’ya, Devlet Bakanı Rüştü Kazım YÜCELEN’in Vekâlet Etmesine Dair Tezkere",https://www.resmigazete.gov.tr/eskiler/2001/05/20010501.htm#1
2001-05-01,— Seyahat Acentalarının Hac ve Umre Seferi Düzenlemelerine Dair Esasları Belirleyen Yön etmelik,https://www.resmigazete.gov.tr/eskiler/2001/05/20010501.htm#2
2001-05-01,— Özürlüler İdaresi Başkanlığı Arşiv Hizmetleri Yönetmeliği,https://www.resmigazete.gov.tr/eskiler/2001/05/20010501.htm#3
2001-05-01,— T.C. Emekli Sandığınca Aylık Bağlananlara Verilecek Tanıtım Kartları Yönetmeliğinde Değişiklik Yapılmasına Dair Yönetmelik,https://www.resmigazete.gov.tr/eskiler/2001/05/20010501.htm#4
2001-05-01,— Uluslararası Gözetim Şirketleri Statüsüne İlişkin Karar (Dış Ticarette Standardizasyon: 2001/10),https://www.resmigazete.gov.tr/eskiler/2001/05/20010501.htm#5
2001-05-01,— Mülga Dış Krediler Kur Farkı Fonu’ndan Kullanılmış Kredilere Uygulanacak Değişken Faiz Oranı Hakkında Tebliğ,https://www.resmigazete.gov.tr/eskiler/2001/05/20010501.htm#6
2001-05-01,— İçel Valiliği Hıfzıssıhha Meclisi Kararı (No: 1),https://www.resmigazete.gov.tr/eskiler/2001/05/20010501.htm#7
2001-05-01,— Yü ksek Seçim Kurulunun 212 Sayılı Kararı,https://www.resmigazete.gov.tr/eskiler/2001/05/20010501.htm#8
2001-05-01,— Yüksek Seçim Kurulunun 213 Sayılı Kararı,https://www.resmigazete.gov.tr/eskiler/2001/05/20010501.htm#9
2001-05-02,4646 Doğal Gaz Piyasası Kanunu (Elektrik Piyasası Kanununda Değişiklik Yapılması ve Doğal Gaz Piyasası Hakkında Kanun),https://www.resmigazete.gov.tr/eskiler/2001/05/20010502.htm#1
2001-05-02,"2001/2205 Türkiye Cumhuriyeti Genelkurmay Başkanlığı ile Ürdün Haşimi Krallığı Genelkurmay Başkanlığı Arasında Askeri Tarih, Askeri Arşiv, Askeri Müzecilik ve Askeri Yayın Konularında İşbirliği Protokolu’nun Onaylanması Hakkında Karar",https://www.resmigazete.gov.tr/eskiler/2001/05/20010502.htm#2
2001-05-02,2001/2206 Türkiye Cumhuriyeti Hükümeti ile Ukrayna Bakanlar Kurulu Arasında Nükleer Kazaların Erken Bildirimi ve Nükleer Tesislere İlişkin Bilgi Değişimi Anlaşması'nın Onaylanması Hakkında Karar,https://www.resmigazete.gov.tr/eskiler/2001/05/20010502.htm#24
2001-05-02,"2001/2216 Türk-Etiyopya Ekonomik, Ticaret ve Teknik İşbirliği Karma Komisyo nu Birinci Dönem Toplantısı Mutabakat Z aptı’nın Onaylanması Hakkında Karar",https://www.resmigazete.gov.tr/eskiler/2001/05/20010502.htm#3
2001-05-02,2001/2257 Türkiye Cumhuriyeti ve İran İslam Cumhuriyeti Arasında Karma Ulaştırma Komisyonu Protokolu’nun Onaylanması Hakkında Karar,https://www.resmigazete.gov.tr/eskiler/2001/05/20010502.htm#4
2001-05-02,2001/2258 Türkiye Cumhuriyeti Hükümeti ile İtal ya n Cumhuriyeti Hükümeti Arasında Bilimsel ve Teknik İşbirliği Anlaşması’nın Onaylanması Hakkında Karar,https://www.resmigazete.gov.tr/eskiler/2001/05/20010502.htm#5
2001-05-02,2001/2266 Türkiye-Fas Karma Ekonomik Komisyonu 7 nc i Dönem Toplantısı Tutanağı’nın Onaylanması Hakkında Karar,https://www.resmigazete.gov.tr/eskiler/2001/05/20010502.htm#6
2001-05-02,2001/2268 Türkiye Cumhuriyeti Milli Savu nma Bakanlığı ile Oman Sultanlığı Savunma Bakanlığı Arasında Askeri İşbirliği Mutabakat Muhtırası’nın Onaylanması Hakkında Karar,https://www.resmigazete.gov.tr/eskiler/2001/05/20010502.htm#7
2001-05-02,2001/2279 Türk-Yemen Karma Komitesi Birinci Dönem Toplantısı Protokolu’nun Onaylanması Hakkında Karar,https://www.resmigazete.gov.tr/eskiler/2001/05/20010502.htm#8
2001-05-02,2000/1 860 Sulama Alanlarında Arazi Düzenlenmesine Dair Tarım Reformu Kanunu Uygulama Yönetmeliğinin Bazı Maddelerinin Değiştirilmesi Bazı Maddelerine İlave Yapılması Bazı Maddelerinin Yürürlükten Kaldırılmasına Dair Yönetmelik,https://www.resmigazete.gov.tr/eskiler/2001/05/20010502.htm#9
2001-05-02,"— Pamukkale Üniversitesi Lisans üstü Eğitim, Öğretim ve Sınav Yönetmeliğinin Bazı Maddelerinde Değişiklik Yapılmasına Dair Yönetmelik",https://www.resmigazete.gov.tr/eskiler/2001/05/20010502.htm#10
2001-05-02,— Pamukkale Üniversitesi Ders Dışı Öğrenci Faaliyetlerinin Düzenlenmesi Hakkında Yönetmelik,https://www.resmigazete.gov.tr/eskiler/2001/05/20010502.htm#11
2001-05-02,— Resmi Taşıtlarla İlgili 2001/23 Sayılı Başbakanlık Genelgesi,https://www.resmigazete.gov.tr/eskiler/2001/05/20010502.htm#12
2001-05-02,— Mecburi Standard: ÖSG-2001/14-15 Sayılı Tebliğ,https://www.resmigazete.gov.tr/eskiler/2001/05/20010502.htm#13
2001-05-02,— Mecburi Standard: ÖSG-2001/25-26 Sayılı Tebliğ,https://www.resmigazete.gov.tr/eskiler/2001/05/20010502.htm#14
2001-05-02,— Mecburi Standard: ÖSG-2001/27-28 Sayılı Tebliğ,https://www.resmigazete.gov.tr/eskiler/2001/05/20010502.htm#15
2001-05-02,— Mecburi Standard: ÖSG-2001/28-29 Sayılı Tebliğ,https://www.resmigazete.gov.tr/eskiler/2001/05/20010502.htm#16
2001-05-02,— Mecburi Standard: ÖSG-2001/29-30 S ayılı Tebliğ,https://www.resmigazete.gov.tr/eskiler/2001/05/20010502.htm#17
2001-05-02,— Mecburi Standard: ÖSG-2001/30-31 Sayılı Tebliğ,https://www.resmigazete.gov.tr/eskiler/2001/05/20010502.htm#18
2001-05-02,— Mecburi Standard: ÖSG-2001/31-32 Sayılı Tebliğ,https://www.resmigazete.gov.tr/eskiler/2001/05/20010502.htm#19
2001-05-02,— Mecburi Standard: ÖSG-2001/32-33 Sayılı Tebliğ,https://www.resmigazete.gov.tr/eskiler/2001/05/20010502.htm#20
2001-05-02,— Mecburi Standard: ÖSG-2001/33-34 Sayılı Tebliğ,https://www.resmigazete.gov.tr/eskiler/2001/05/20010502.htm#21
2001-05-02,— Mecburi Standard: ÖSG-2001/36-37 Sayılı Tebliğ,https://www.resmigazete.gov.tr/eskiler/2001/05/20010502.htm#22
2001-05-02,— Mecburi Standard: ÖSG-2001/37-38 Sayılı Tebliğ,https://www.resmigazete.gov.tr/eskiler/2001/05/20010502.htm#23
2001-05-03,"— Başbakanlığa, Devlet Bakanı ve Başbakan Yardımcısı Dr. Devlet BAHÇELİ’nin Vekâlet Etmesine Dair Tezkere",https://www.resmigazete.gov.tr/eskiler/2001/05/20010503.htm#1
2001-05-03,"— Dışişleri Bakanlığına, Devlet Bakanı Prof. Dr. Şükrü S. GÜREL’in V ekâlet Etmesine Dair Tezkere",https://www.resmigazete.gov.tr/eskiler/2001/05/20010503.htm#2
2001-05-03,— Türkiye Taşkömürü Kurumu Personeli Atanma ve Görevde Yükselme Yönetmeliği,https://www.resmigazete.gov.tr/eskiler/2001/05/20010503.htm#3
2001-05-03,Yaş İpekböceği Kozası Üreticilerinin Desteklenmesine ve Destekleme Primi Doğrudan Destek Ödemeleri İçin Gerekli Finansmanın Destekleme ve Fiyat İstikrar Fonundan Karşılanmasına İlişkin Bakanlar Kurulu Kararı Uygulama Tebliği (Tebliğ No: 2001/3),https://www.resmigazete.gov.tr/eskiler/2001/05/20010503.htm#4
2001-05-03,— Tiftik Üreticilerinin Desteklenmesine ve Destekleme Primi ve Doğrudan Destek Ödemeleri İçin Gerekli Finansmanın Destekleme ve Fiyat İstikrar Fonundan Karşılanmasına İlişkin Bakanlar Kurulu Kararı Uygulama Tebliği (Tebliğ No: 2001/4,https://www.resmigazete.gov.tr/eskiler/2001/05/20010503.htm#5
2001-05-03,— İzmir Valiliği Mahalli Çevre Kurulu Kararı (No: 151/2001/3),https://www.resmigazete.gov.tr/eskiler/2001/05/20010503.htm#6
2001-05-04,"— Devlet, İçişleri, Bayındırlık ve İskan, Çalışma ve Sosyal Güvenlik ve Turizm Bakanlıklarına Ait 14 Adet Atama Kararı",https://www.resmigazete.gov.tr/eskiler/2001/05/20010504.htm#1
2001-05-04,— Devlet Personel Uzmanlığı Çalışma Usul ve Esasları Yönetmeliğinde Değişiklik Yapılmasına Dair Yönetmelik,https://www.resmigazete.gov.tr/eskiler/2001/05/20010504.htm#2
2001-05-04,— Adalet Bakanlığı Görevde Yükselme Yönetmeliğinde Değişiklik Yapılmasına Dair Yönetmelik,https://www.resmigazete.gov.tr/eskiler/2001/05/20010504.htm#3
2001-05-04,— 2001 Yılı Bütçe Uygulama Talimatı (Sıra No: 8) (Taşıt),https://www.resmigazete.gov.tr/eskiler/2001/05/20010504.htm#4
2001-05-04,"Bursa İl Sınırları Dahilinde, Orman Yangınlarının Önlenmesi Amacıyla Alınması Gereken Tedbirler Hakkında Karar (No: 1)",https://www.resmigazete.gov.tr/eskiler/2001/05/20010504.htm#5
2001-05-05,4650 Kamulaştırma Kanununda Değişiklik Yapılması Hakkında Kanun,https://www.resmigazete.gov.tr/eskiler/2001/05/20010505.htm#1
2001-05-05,4651 Türkiye Cumhuriyet Merkez Bankası Kanununda Değişiklik Yapılmasına Dair Kanun,https://www.resmigazete.gov.tr/eskiler/2001/05/20010505.htm#2
2001-05-05,4666 Terörle Mücadele Kanununun Bir Maddesinde Değişiklik Yapılmasına Dair Kanun,https://www.resmigazete.gov.tr/eskiler/2001/05/20010505.htm#3
2001-05-05,"— Devlet Bakanı Hasan GEMİCİ’ye, Devlet Bakanı Mustafa YILMAZ’ın Vekâlet Etmesine Dair Tezkere",https://www.resmigazete.gov.tr/eskiler/2001/05/20010505.htm#4
2001-05-05,"Dışişleri Bakanlığına, Devlet Bakanı Prof. Dr. Şükrü S.GÜREL’in Vekâlet Etmesine Dair Tezkere",https://www.resmigazete.gov.tr/eskiler/2001/05/20010505.htm#5
2001-05-05,— İşkolu Tespit Kararı (No: 2001/12),https://www.resmigazete.gov.tr/eskiler/2001/05/20010505.htm#6
2001-05-05,— İşkolu Tespit Kararı (No: 2001/13),https://www.resmigazete.gov.tr/eskiler/2001/05/20010505.htm#7
2001-05-05,— İşkolu Tespit Kararı (No: 2001/14),https://www.resmigazete.gov.tr/eskiler/2001/05/20010505.htm#8
2001-05-05,— Mecburi Standard: ÖSG-2001/34-35 sayılı Tebliğ,https://www.resmigazete.gov.tr/eskiler/2001/05/20010505.htm#9
2001-05-05,Petrol Ürünlerine Uygulanacak Akaryakıt Fiyat İstikrar Fonu Payları Hakkında Tebliğ (PİGM/AFİF 2001-16),https://www.resmigazete.gov.tr/eskiler/2001/05/20010505.htm#10
2001-05-05,— Dış Ticarette Standardizasyon Tebliğinde Değişiklik Yapılması Hakkında Tebliğ (No: 2001/12),https://www.resmigazete.gov.tr/eskiler/2001/05/20010505.htm#11
2001-05-05,"— Bursa İli Sınırları Dahilinde, Sokakta Yaşayan veya Sokakta Çalıştırılan Çocukların Korunmasına Dair Güvenlik Kararı (No: 2001/1)",https://www.resmigazete.gov.tr/eskiler/2001/05/20010505.htm#12
2001-05-05,— Karabük Valiliği Mahalli Çevre Kurulu Kararı (No: 2001/3),https://www.resmigazete.gov.tr/eskiler/2001/05/20010505.htm#13
2001-05-06,— Selçuk Üniversitesi Öğretim ve Sınav Yönetmeliğinin Bazı Maddelerinin Değiştirilmesine Dair Yönetmelik,https://www.resmigazete.gov.tr/eskiler/2001/05/20010506.htm#1
2001-05-06,— Kurumlar Vergisi Genel Tebliği (Seri No: 71),https://www.resmigazete.gov.tr/eskiler/2001/05/20010506.htm#3
2001-05-06,— Mecburi Standard: ÖSG-2001/35-36 Sayılı Tebliğ,https://www.resmigazete.gov.tr/eskiler/2001/05/20010506.htm#2
2001-05-07,"— İçişleri Bakanlığına, Turizm Bakanı Erkan MUMCU’nun Vekâlet Etmesine Dair Tezkere",https://www.resmigazete.gov.tr/eskiler/2001/05/20010507.htm#1
2001-05-07,— Marmara Üniversitesi Lisansüstü Eğitim-Öğretim ve Sınav Yönetmeliğinin 4 üncü Maddesinde Değişiklik Yapılmasına Dair Yönetmelik,https://www.resmigazete.gov.tr/eskiler/2001/05/20010507.htm#2
2001-05-07,— Mecburi Standard: ÖSG-2001/38-39 Sayılı Tebliğ,https://www.resmigazete.gov.tr/eskiler/2001/05/20010507.htm#3
2001-05-08,— Özel Hukuk Tüzel Kişileri ile Kamu Kurum ve Kuruluşlarınca Açılan Kadın Konukevleri Yönetmeliği,https://www.resmigazete.gov.tr/eskiler/2001/05/20010508.htm#1
2001-05-08,— Türk Silâhlı Kuvvetleri Personeline Görevlerinde Kullanılmak Üzere Bedeli Mukabili Zatî Demirbaş Tabanca Satışına Dai r Yönetmelik,https://www.resmigazete.gov.tr/eskiler/2001/05/20010508.htm#2
2001-05-08,— Motorlu Araçların Geri Vites ve Hız Ölçer Donanımları ile İlgili Tip Onayı Yönetmeliği (75/443/AT),https://www.resmigazete.gov.tr/eskiler/2001/05/20010508.htm#3
2001-05-08,— Motorlu Araçların ve Römorklarının Park Lambaları ile İlgili Tip Onayı Yönetmeliği (77/540/AT),https://www.resmigazete.gov.tr/eskiler/2001/05/20010508.htm#4
2001-05-08,— Turizm Bakanlığı Personeli Görevde Yükselme Yönetmeliğinin Bazı Maddelerinde Değişiklik Yapılması Hakkında Yönetmelik,https://www.resmigazete.gov.tr/eskiler/2001/05/20010508.htm#5
2001-05-08,— Dahilde İşleme Rejimi Tebliğinde Değişiklik Yapılmasına Dair Tebliğ (İhracat: 2001/5),https://www.resmigazete.gov.tr/eskiler/2001/05/20010508.htm#6
2001-05-08,— Düzce Valiliği Orman Yangınları ile Mücadele Komisyonu Kararı,https://www.resmigazete.gov.tr/eskiler/2001/05/20010508.htm#7
2001-05-08,— İzmir İli Sınırları Dahilinde Orman Yangınlarının Önlenmesi Amacıyla Alınması Gereken Tedbirler Hakkında Karar (No: 2001/3),https://www.resmigazete.gov.tr/eskiler/2001/05/20010508.htm#8
2001-05-09,4652 Polis Yüksek Öğretim Kanunu,https://www.resmigazete.gov.tr/eskiler/2001/05/20010509.htm#1
2001-05-09,4653 Türkiye Cumhuriyeti ile Yunanistan Cumhuriyeti Arasında Deniz Taşımacılığı Anlaşmasının Onaylanmasının Uygun Bulunduğuna Dair Kanun,https://www.resmigazete.gov.tr/eskiler/2001/05/20010509.htm#2
2001-05-09,"4654 Türkiye Cumhuriyeti ile Yunanistan Cumhuriyeti Arasında T ürkiye Cumhuriyeti İçişleri Bakanlığı ile Yunanistan Cumhuriyeti Kamu Düzeni Bakanlığı Suç ile, Özellikle Terörizm, Örgütlü Suçlar, Uyuşturucu Madde Kaçakçılığı ve Yasadışı Göç ile Mücadelede İşbirliği Anlaşmasının Onaylanmasının Uygun Bulunduğuna Dair Kanun",https://www.resmigazete.gov.tr/eskiler/2001/05/20010509.htm#3
2001-05-09,4655 Türkiye Cumhuriyeti ile Yunanistan Arasındaki Yatırımların Karşılıklı Teşviki ve Korunması Anlaşmasının Onaylanmasının Uygun Bulunduğuna Dair Kanun,https://www.resmigazete.gov.tr/eskiler/2001/05/20010509.htm#4
2001-05-09,4656 Türkiye Cumhuriyeti ile Yunanistan Arasında Ekonomik İşbirliği Anlaşmasının Onaylanmasının Uygun Bulunduğuna Dair Kanun,https://www.resmigazete.gov.tr/eskiler/2001/05/20010509.htm#5
2001-05-09,4657 Türkiye Cumhuriyeti Hükümeti ile Amerika Birleşik Devletleri Hükümeti Arasında Hava Taşımacılığı Anlaşmasının Onaylanmasının Uygun Bulunduğuna Dair Kanun,https://www.resmigazete.gov.tr/eskiler/2001/05/20010509.htm#6
2001-05-09,4658 Petrol Kirliliğinden Doğan Zararın Hukukî Sorumluluğu ile İlgili Uluslararası Sözleşmeye Katılmamızın Uygun Bulunduğuna Dair Kanun ile Petrol Kirliliği Zararının Tazmini İçin Bir Uluslararası Fonun Kurulması ile İlgili Uluslararası Sözleşmeye Katılmamızın Uygun Bulunduğuna Dair Kanunda Değişiklik Yapılması Hakkında Kanun,https://www.resmigazete.gov.tr/eskiler/2001/05/20010509.htm#7
2001-05-09,4659 Uyuşturucu Maddelere Dair 1961 Tarihli Tek Sözleşmenin Tadiline İlişkin Protokolun Onaylanmasının Uygun Bulunduğuna Dair Kanun,https://www.resmigazete.gov.tr/eskiler/2001/05/20010509.htm#8
2001-05-09,4660 Avrupa-Kafkasya-Asya Ulaştırma Koridorunun Üzerinde Uluslararası Taşımacılığın Geliştirilmesi Hakkında Çok Taraflı Temel Anlaşmanın Onaylanmasının Uygun Bulunduğuna Dair Kanun,https://www.resmigazete.gov.tr/eskiler/2001/05/20010509.htm#9
2001-05-09,4661 Türkiye Cumhuriyeti Hükümeti ile Belarus Cumhur iyeti Hükümeti Arasında Savunma Sanayii İşbirliği Anlaşmasının Onaylanmasının Uygun Bulunduğu Hakkında Kanun,https://www.resmigazete.gov.tr/eskiler/2001/05/20010509.htm#10
2001-05-09,4662 Tüm Göçmen İşçilerin ve Aile Fertlerinin Haklarının Korunmasına Dair Uluslararası Sözleşmenin Onaylanmasının Uygun Bulunduğu Hakkında Kanun,https://www.resmigazete.gov.tr/eskiler/2001/05/20010509.htm#11
2001-05-09,4663 Türkiye Cumhuriyeti ile Singapur Cumhuriyeti Arasında Gelir Üzerinden Alınan Vergilerde Çifte Vergilendirmeyi Önleme ve Vergi Kaçakçılığına Engel Olma Anlaşması ve Eki Protokolün Onaylanmasının Uygun Bulunduğuna Dair Kanun,https://www.resmigazete.gov.tr/eskiler/2001/05/20010509.htm#12
2001-05-09,4664 Türkiye Cumhuriyeti ile Kırgız Cumhuriyeti Arasında Gelir Üzerinden Alınan Vergilerde Çifte Vergilendirmeyi Önleme ve Vergi Kaçakçılığına Engel Olma Anlaşmasının Onaylanmasının Uygun Bulunduğuna Dair Kanun,https://www.resmigazete.gov.tr/eskiler/2001/05/20010509.htm#13
2001-05-09,4665 Türkiye Cumhuriyeti Hükümeti ile Kırgız Cumhuriyeti Hükümeti Arasında Ticaret ve Ekonomik İşbirliği Anlaşmasının Onaylanmasının Uygun Bulunduğuna Dair Kanun,https://www.resmigazete.gov.tr/eskiler/2001/05/20010509.htm#14
2001-05-09,"— Enerji ve Tabii Kaynaklar Bakanlığına , Bartın Milletvekili Zeki ÇAKAN’ın Atanmasına Dair İşlem",https://www.resmigazete.gov.tr/eskiler/2001/05/20010509.htm#15
2001-05-09,"— Başbakanlık, Devlet, Maliye Bakanlığı ile Çevre Bakanlığına Ait 5 Ad et Karar",https://www.resmigazete.gov.tr/eskiler/2001/05/20010509.htm#16
2001-05-09,— Emniyet Hizmetleri Sınıfı Mensupları Kıyafet Yönetmeliğinin 25 inci Maddesinde Değişiklik Yapılmasına Dair Yönetmelik,https://www.resmigazete.gov.tr/eskiler/2001/05/20010509.htm#17
2001-05-09,— Türk Telekomünikasyon Anonim Şirketi Teftiş Kurulu Yönetmeliğinde Değişiklik Yapılmasına Dair Yönetmelik,https://www.resmigazete.gov.tr/eskiler/2001/05/20010509.htm#18
2001-05-09,— Uluslararası Gözetim Şirketleri Statüsüne İlişkin Karar (Dış Ticarette Standardizasyon 2001/11),https://www.resmigazete.gov.tr/eskiler/2001/05/20010509.htm#19
2001-05-10,4667 Avukatlık Kanununda Değişiklik Yapılmasına Dair Kanun,https://www.resmigazete.gov.tr/eskiler/2001/05/20010510.htm#1
2001-05-10,4670 Tarım İşletmeleri Genel Müdürlüğü Adına Tescil Edilecek Taşınmaz Mallar Hakkında Kanunda Değişiklik Yapılmasına Dair Kanun,https://www.resmigazete.gov.tr/eskiler/2001/05/20010510.htm#2
2001-05-10,"— Dışişleri Bakanlığına, Devlet Bakanı Prof. Dr. Şükrü S. GÜREL’in Vekâlet Etmesine Dair Tezkere",https://www.resmigazete.gov.tr/eskiler/2001/05/20010510.htm#3
2001-05-10,2001/2344 Mal ve Hizmetlere Uygulanacak Katma Değer Vergisi Oranlarının Tespitine İlişkin Karar'da Değişiklik Yapılması Hakkında Karar,https://www.resmigazete.gov.tr/eskiler/2001/05/20010510.htm#4
2001-05-10,"— İl Özel İdareleri,Belediyeler ve İl Özel İdareleri ve Belediyelerin Kurdukları Birlik, Müesse se ve İşletmeler ile Bunlara Bağlı Döner Sermayeli Kuruluşlardaki Memurların Görevde Yükselme Esaslarına Dair Yönetmelikte Değişiklik Yapılması Hakkında Yönetmelik",https://www.resmigazete.gov.tr/eskiler/2001/05/20010510.htm#5
2001-05-10,— Balıkesir Üniversitesi Temel Bilimler Uygulama ve Araştırma Merkezi Yönetmeliği,https://www.resmigazete.gov.tr/eskiler/2001/05/20010510.htm#6
2001-05-10,"— Karadeniz Teknik Üniversitesi Önlisans ve Lisans Eğitim-Öğretim, Sınav,Değerlendirme ve Öğrenci İşleri Yönetmeliğinin 9 uncu Maddesinin Değiştirilmesi ve Bu Yönetmeliğe Bir Madde Eklenmesine İlişkin Yönetmelik",https://www.resmigazete.gov.tr/eskiler/2001/05/20010510.htm#7
2001-05-10,— Katma Değer Vergisi Genel Tebliği (Seri No: 82),https://www.resmigazete.gov.tr/eskiler/2001/05/20010510.htm#8
2001-05-10,— İzmir İlinde Sınırları Belirtilen Orman Alanlarına Giriş ve Çıkışların Yasaklanması Hakkında Karar (No: 2001/2),https://www.resmigazete.gov.tr/eskiler/2001/05/20010510.htm#9
2001-05-10,"— Anayasa Mahkemesinin E: 2001/184 (743 sayılı Kan un ile ilgili), K: 2001/57 sayılı Kararı",https://www.resmigazete.gov.tr/eskiler/2001/05/20010510.htm#10
2001-05-10,DÜZELTME (9/5/2001 tarihli ve 24397 sayılı Resmî Gazete’de yayımlanan Bakan Atanması ile İlgili),https://www.resmigazete.gov.tr/eskiler/2001/05/20010510.htm#11
2001-05-11,— Devlet Bakanı Prof. Dr. Şuayip ÜŞENMEZ’e Devlet Bakanı Prof. Dr. Ramazan MİRZAOĞLU’nun Vekâlet Etmesine Dair Tezkere,https://www.resmigazete.gov.tr/eskiler/2001/05/20010511.htm#G1
2001-05-11,"— Sosyal Sigortalar Kurumu Başkanlığı Sosyal Sigorta Uzman Yardımcılığı ve Uzmanlığı Atama, Görev ve Çalışma Yönetmeliği",https://www.resmigazete.gov.tr/eskiler/2001/05/20010511.htm#G2
2001-05-11,— Yükseköğretim Kurulu Başkanlığı-Yakın Çağ Tarih Araştırmaları Milli Komitesi Yönetmeliği,https://www.resmigazete.gov.tr/eskiler/2001/05/20010511.htm#G3
2001-05-11,— Aydın İli Sınırları Dahilinde Orman Yangınlarının Önlenmesi Amacıyla Alınması Gereken Tedbirler Hakkında Karar (No: 2001/1),https://www.resmigazete.gov.tr/eskiler/2001/05/20010511.htm#G4
2001-05-11,— Gaziantep Valiliği Mahalli Çevre Kurulu Kararı (No: 2001/2),https://www.resmigazete.gov.tr/eskiler/2001/05/20010511.htm#G5
2001-05-12,"4668 Türk İşbirliği ve Kalkınma İdaresi Başkanlığının Teşkilât ve Görevleri Hakkında Kanun (Ekonomik, Kültürel, Eğitim ve Teknik İşbirliği Başkanlığı Kurulması, 206 Sayılı Kanun Hükmünde Kararnamenin İki Maddesinin Değiştirilmesi ve 190 Sayılı Kanun Hükmünde Kararnamenin Eki Cetvellere Bir İlave Yapılması Hakkında 480 Sayılı Kanun Hükmün de Kararnamenin Değiştirilerek Kabulü ile Devlet Memurları Kanununda Değişiklik Yapılmasına Dair Kanun)",https://www.resmigazete.gov.tr/eskiler/2001/05/20010512.htm#1
2001-05-12,4669 Türkiye Cumhuriyeti ile İspanya Krallığı Arasında Uluslar arası Karayolu Taşımacılığı Anlaşmasının Onaylanmasının Uygun Bulunduğuna Dair Kanun,https://www.resmigazete.gov.tr/eskiler/2001/05/20010512.htm#2
2001-05-12,"— Devlet Bakanı Prof. Dr. Şükrü S. GÜREL'e, Milli Eğitim Bakanı Metin BOSTANCIOĞLU’nun Vekâlet Etmesine Dair Tezkere",https://www.resmigazete.gov.tr/eskiler/2001/05/20010512.htm#3
2001-05-12,Devlet Bakanı ve Başbakan Yardımcılığına Ait 2 Adet Atama Kararı,https://www.resmigazete.gov.tr/eskiler/2001/05/20010512.htm#4
2001-05-12,Sınır Tespitine Dair Karar,https://www.resmigazete.gov.tr/eskiler/2001/05/20010512.htm#5
2001-05-12,— Dokuz Eylül Üniversitesi Öğretim ve Sınav Çerçeve Yönetmeliğinin 27 nci Maddesinde Değişiklik Yapılması Hakkında Yönetmelik,https://www.resmigazete.gov.tr/eskiler/2001/05/20010512.htm#6
2001-05-12,— Dokuz Eylül Üniversitesi Yabancı Diller Yüksekokulu Hazırlık Öğretimi Yönetmeliğinin 7 ve 17 nci Maddelerinde Değişiklik Yapılmasına Dair Yönetmelik,https://www.resmigazete.gov.tr/eskiler/2001/05/20010512.htm#7
2001-05-12,— Mersin Üniversitesi Kilikia Arkeolojisini Araştırma Merkezi Yönetmeliği,https://www.resmigazete.gov.tr/eskiler/2001/05/20010512.htm#8
2001-05-12,— Katma Değer Vergisi Mükelleflerinin Ödeme Kaydedici Cihazları Kullanmaları Mecburiyeti Hakkında Kanunla İlgili Genel Tebliğ (Seri No: 57),https://www.resmigazete.gov.tr/eskiler/2001/05/20010512.htm#13
2001-05-12,— İşkolu Tespit Kararı (No: 2001/11),https://www.resmigazete.gov.tr/eskiler/2001/05/20010512.htm#9
2001-05-12,"— Çin Halk Cumhuriyeti Menşeli,Motosiklet ve Bisikletlerde Kullanılan Kauçuktan İç ve Dış Lastiklerin İthalatında Soruşturma Açılmasına İlişkin Tebliğ (Gözetim ve Korunma : 2001/3)",https://www.resmigazete.gov.tr/eskiler/2001/05/20010512.htm#10
2001-05-12,— Dış Ticaret Sermaye Şirketlerine İlişkin Karar,https://www.resmigazete.gov.tr/eskiler/2001/05/20010512.htm#11
2001-05-12,"DÜZELTME (23/10/1967 tarihli ve 12732 sayılı Resmî Gazete’de yayımlanan 6/8766 sayılı Bakanlar Kurulu Kararı Eki “Ay ve Diğer Gök Cisimleri Dahil, Uzayın Keşif ve Kullanılmasında Devletlerin Faaliyetlerini Yöneten İlkeler Hakkında Andlaşma"" ile İlgili)",https://www.resmigazete.gov.tr/eskiler/2001/05/20010512.htm#12
2001-05-13,"— Adalet Bakanlığına, Orman Bakanı Prof. Dr. Nami ÇAĞAN’ın Vekâlet Etmesine Dair Tezkere",https://www.resmigazete.gov.tr/eskiler/2001/05/20010513.htm#1
2001-05-13,"— Sağlık Bakanlığına, Tarım ve Köyişleri Bakanı Prof. Dr.Hüsnü Yusuf GÖKALP’in Vekâlet Etmesine Dair Tezkere",https://www.resmigazete.gov.tr/eskiler/2001/05/20010513.htm#2
2001-05-13,— Motorlu Araçların ve Römorklarının Geri Yansıtıcıları ile İlgili Tip Onayı Yönetmeliği (76/757/AT),https://www.resmigazete.gov.tr/eskiler/2001/05/20010513.htm#3
2001-05-13,Ankara Üniversitesi Fikrî ve Sınaî Haklar Araştırma ve Uygulama Merkezi (FİSAUM) Yönetmeliğinin Bazı Maddelerinde Değişiklik Yapılmasına Dair Yönetmelik,https://www.resmigazete.gov.tr/eskiler/2001/05/20010513.htm#4
2001-05-13,— Ankara Üniversitesi TÖMER Türkçe Öğretim Araştırma ve Uygulama Merkezi Yönetmeliğinin 5 inci ve 7 nci Maddelerinde Değişiklik Yapılması na Dair Yönetmelik,https://www.resmigazete.gov.tr/eskiler/2001/05/20010513.htm#5
2001-05-14,"— Milli Savunma Bakanlığına, Devlet Bakanı Prof. Dr.Tunca TOSKAY’ın Vekâlet Etmesine Dair Tezkere",https://www.resmigazete.gov.tr/eskiler/2001/05/20010514.htm#1
2001-05-14,"— Dışişleri Bakanlığına, Devlet Bakanı ve Başbakan Yardımcısı H. Hüsamettin ÖZKAN’ın Vekâlet Etmesine Dair Tezkere",https://www.resmigazete.gov.tr/eskiler/2001/05/20010514.htm#2
2001-05-14,— Motorlu Araç Sürücülerinin Ön Görüş Alanı ile İlgili Tip Onayı Yönetmeliği (77/649/AT),https://www.resmigazete.gov.tr/eskiler/2001/05/20010514.htm#3
2001-05-14,— Dokuz Eylül Üniversitesi Lisansüstü Eğitim ve Öğretim Yönetmeliğinin Bazı Maddelerinde Değişiklik Yapılmasına Dair Yönetmelik,https://www.resmigazete.gov.tr/eskiler/2001/05/20010514.htm#4
2001-05-14,Mersin Üniversitesi Fen Bilimleri Araştırma ve Uygulama Merkezi (MERFAM) Yönetmeliği,https://www.resmigazete.gov.tr/eskiler/2001/05/20010514.htm#5
2001-05-14,Vergi Usul Kanunu Genel Tebliği (Sıra No: 295),https://www.resmigazete.gov.tr/eskiler/2001/05/20010514.htm#7
2001-05-14,Yargıtay 8. Hukuk Dairesine Ait 1 Adet Karar,https://www.resmigazete.gov.tr/eskiler/2001/05/20010514.htm#6
2001-05-15,"— Devlet Bakanı Yüksel YALOVA'ya, Devlet Bakanı Rüştü Kazım YÜCELEN'in Vekâlet Etmesine Dair Tezkere",https://www.resmigazete.gov.tr/eskiler/2001/05/20010515.htm#1
2001-05-15,"— Çevre Bakanlığına, Kültür Bakanı M. İstemihan TALAY'ın Vekâlet Etmesine Dair Tezkere",https://www.resmigazete.gov.tr/eskiler/2001/05/20010515.htm#2
2001-05-15,2001/2324 Kuzey Kıbrıs Türk Cumhuriyetine Yapılacak Yolculuklarda Verilecek Gündeliklere İlişkin Karar,https://www.resmigazete.gov.tr/eskiler/2001/05/20010515.htm#3
2001-05-15,"001/2380 T.C. Ziraat Bankası A.Ş.’nce Ekonomik Faaliyetleri Münhasıran Küçük ve Orta Boy Tarımsal İşletmelerin İşletilmesinden İbaret Olan Üreticilere Doğrudan ve/veya Tarım Kredi Kooperatifleri Aracılığıyla Kullandırılmış Olan Tarımsal Krediler ile T. Halk Bankası A.Ş.’nce Esnaf ve Sanatkarlara, Genç ve Kadın Girişimcilere Açılmış Kredilerin Faiz Oranlarının Düşürülmesine İlişkin Karar",https://www.resmigazete.gov.tr/eskiler/2001/05/20010515.htm#4
2001-05-15,— Devlet Planlama Teşkilatı Müsteşarlığı Yurtdışı Kadrolarına Yapılacak Atama Esasları ile Yurtdışındaki Kadrolarda Çalışanların Görev ve Sorumluluklarının Belirlenmesine Dair Yönetmeliğin Bazı Maddelerinde Değişiklik Yapılması Hakkında Yönetmelik,https://www.resmigazete.gov.tr/eskiler/2001/05/20010515.htm#5
2001-05-15,— Türkiye Şeker Fabrikaları A.Ş. Genel Müdürlüğü Görevde Yükselme Yönetmeliği,https://www.resmigazete.gov.tr/eskiler/2001/05/20010515.htm#6
2001-05-16,4671 Ceza İnfaz Kurumları ile Tutukevleri İşyurtları Kurumunun Kuruluş ve İdaresine İlişkin Kanun ile Ceza Evleriyle Mahkeme Binaları İnşası Karşılığı Olarak Alınacak Harçlar ve Mahkûmlara Ödettirilecek Yiyecek Bedelleri Hakkında Kanunda Değişiklik Yapılmasına Dair Kanun,https://www.resmigazete.gov.tr/eskiler/2001/05/20010516.htm#1
2001-05-16,"— Devlet Bakanı Dr. Kemal DERVİŞ’e, Orman Bakanı Prof. Dr.Nami ÇAĞAN’ın Vekâlet Etmesine Dair Tezkere",https://www.resmigazete.gov.tr/eskiler/2001/05/20010516.htm#2
2001-05-16,"— Devlet Bakanı Prof. Dr.Abdulhaluk Mehmet ÇAY’a, Ulaştırma Bakanı Prof. Dr.Enis ÖKSÜZ’ün Vekâlet Etmesine Dair Tezkere",https://www.resmigazete.gov.tr/eskiler/2001/05/20010516.htm#3
2001-05-16,"2001/2325 Dahilde İşleme ve Geçici Kabul Rejimi Kapsamında İhraç Edilecek Malların Üretiminde Kullanılacak Maddelerin, Dahilide İşleme veya Geçici Kabul İzin Belgesi Sahibi İmalatçı İhracatçılara Karar'da Belirtildiği Şekilde Teslim Edilmesi Hakkında Karar",https://www.resmigazete.gov.tr/eskiler/2001/05/20010516.htm#4
2001-05-16,"2001/2333 Kocae li İli, Merkez İlçesine Bağlı Hikmetiye Belediyesi’nin Adının “Büyük Derbent” Olarak Değiştirilmesinin Tasdiki Hakkında Karar",https://www.resmigazete.gov.tr/eskiler/2001/05/20010516.htm#5
2001-05-16,— Devlet Bakanlığına Ait Bir Adet Atama Kararı,https://www.resmigazete.gov.tr/eskiler/2001/05/20010516.htm#6
2001-05-16,7/4/1983 Gün ve 2 Sayılı Adlî Yargı Hâkim ve Cumhuriyet Savcıları ile İdarî Yargı Hâkim ve Savcıları Hakkında 2802 Sayılı Hâkimler ve Savcılar Kanunu’nun 21 ve 118 inci Maddeleri Uyarınca Tespit Edilen Derece Yükselmesi Esaslarına İlişkin Hâkimler ve Savcılar Yüksek Kurulu İlke Kararında Değişiklik Yapılması Hakkında İlke Kararı,https://www.resmigazete.gov.tr/eskiler/2001/05/20010516.htm#7
2001-05-16,— 11/4/1983 Gün ve 4 Sayılı Adlî ve İdarî Yargı Hâkim ve Savcıları Hakkında 2802 Sayılı Hâkimler ve Savcılar Kanununun 32 ve 118 inci Maddeleri Uyarınca Tesbit Edilen Birinci Sınıfa Ayrılma Esaslarına İlişkin Hâkimler ve Savcılar Yüksek Kurulu İlke Kararında Değişiklik Yapılması Hakkında İlke Kararı,https://www.resmigazete.gov.tr/eskiler/2001/05/20010516.htm#8
2001-05-16,"— 7/4/1983 Gün ve 3 Sayılı İkinci Sınıfa Mensup Bölge İdare Mahkemesinin Atanmış Üyeleri Hakkında 2802 Sayılı Kanunun 23 üncü Maddesinin Son Fıkrası Uyarınca Tesbit Edilen Kademe, Derece ve Birinci Sınıfa Ayrılma Esasları ile 28 inci Maddesinin Son Fıkrasına Göre İtiraz Üzerine İncelenen Dosyalara İlişkin Olarak Karar Veren Hâkimler Hakkında Bölge İdare Mahkemesince Hangi Hallerde ve Ne Surette Not Verileceğine İlişkin Hâkimler ve Savcılar Yüksek Kurulu İlke Kararında Değişiklik Yapılması Hakkında İlke Kararı",https://www.resmigazete.gov.tr/eskiler/2001/05/20010516.htm#9
2001-05-16,— Mustafa Kemal Üniversitesi Enstitüleri Lisansüstü Eğitim-Öğretim Yönetmeliğinin 8 inci Maddesinde Değişiklik Yapılmasına Dair Yönetmelik,https://www.resmigazete.gov.tr/eskiler/2001/05/20010516.htm#10
2001-05-16,— Ondokuz Mayıs Üniversitesi Sürekli Eğitim Merkezi Yönetmeliğinin 7 nci Maddesinin Değiştirilmesine Dair Yönetmelik,https://www.resmigazete.gov.tr/eskiler/2001/05/20010516.htm#11
2001-05-16,— 2000/467 Sayılı Hayvancılığın Desteklenmesi Hakkında Bakanlar Kurulu Kararı Uygulama Esasları Tebliğinde Değişiklik Yapılması Hakkında Tebliğ (Tebliğ No : 2001/9),https://www.resmigazete.gov.tr/eskiler/2001/05/20010516.htm#12
2001-05-16,— İşkolu Tespit Kararı (No: 2001/15),https://www.resmigazete.gov.tr/eskiler/2001/05/20010516.htm#13
2001-05-16,— Rekabet Kurulunun 01-02/3-1 S ayılı Kararı,https://www.resmigazete.gov.tr/eskiler/2001/05/20010516.htm#14
2001-05-16,— Rekabet Kurulunun 01-04/22-5 Sayılı Kararı,https://www.resmigazete.gov.tr/eskiler/2001/05/20010516.htm#15
2001-05-16,— Rekabet Kurulunun 01-05/34-8 Sayılı Kararı,https://www.resmigazete.gov.tr/eskiler/2001/05/20010516.htm#16
2001-05-16,— Rekabet Kurulunun 01-06/54-17 Sayılı Kararı,https://www.resmigazete.gov.tr/eskiler/2001/05/20010516.htm#17
2001-05-16,— Diyarbakır Valiliği Mahalli Çevre Kurulu Kararı (No: 3),https://www.resmigazete.gov.tr/eskiler/2001/05/20010516.htm#18
2001-05-17,"2001/2317 Tütün, Tütün Mamulleri, Tuz ve Alkol İşletmeleri (TEKEL) Genel Müdürlüğü’nün İsviçre’de Kurulu Bulunan Tabacs Turcs SA’daki İştirak Payının % 50’den % 100’e Çıkarılmasına İzin Verilmesi Hakkında Ka rar",https://www.resmigazete.gov.tr/eskiler/2001/05/20010517.htm#1
2001-05-17,— Dış Ticaret Kontrolörleri Kurulu Yönetmeliğinde Değişiklik Yapılmasına İlişkin Yönetmelik,https://www.resmigazete.gov.tr/eskiler/2001/05/20010517.htm#2
2001-05-17,— Bağ-Kur Genel Müdürlüğü Personeli Atama ve Görevde Yükselme Yönet meliği,https://www.resmigazete.gov.tr/eskiler/2001/05/20010517.htm#3
2001-05-17,— Ereğli Kömür Havzası Amelebirliği Biriktirme ve Yardımlaşma Sandığı İhale Yönetmeliğinde Değişiklik Yapılmasına İlişkin Yönetmelik,https://www.resmigazete.gov.tr/eskiler/2001/05/20010517.htm#4
2001-05-17,— Anadolu Üniversitesi Eskişehir Ekonomik ve Sosyal Araştırmalar Merkezi Yönetmeliği,https://www.resmigazete.gov.tr/eskiler/2001/05/20010517.htm#5
2001-05-17,— Anadolu Üniversitesi Açıköğretim Hizmetleri Yayın ve Uygulama Yönetmeliğinin 8 inci Maddesinin Değiştirilmesine İlişkin Yönetmelik,https://www.resmigazete.gov.tr/eskiler/2001/05/20010517.htm#6
2001-05-17,— Çağ Üniversitesi Ön Lisans ve Lisans Eğitim-Öğretim ve Sınav Yönetmeliğinin 22 ve 28 inci Maddelerinin Değiştirilmesine Dair Yönetmelik,https://www.resmigazete.gov.tr/eskiler/2001/05/20010517.htm#7
2001-05-17,— Bosna-Hersek Menşeli Bazı Sanayi Ürünleri İthalatında Tarife Kontenjanı Uygulanmasına İlişkin Tebliğ,https://www.resmigazete.gov.tr/eskiler/2001/05/20010517.htm#8
2001-05-17,— Zorunlu Karşılıklar Hakkında Tebliğ (Sayı : 2001/1),https://www.resmigazete.gov.tr/eskiler/2001/05/20010517.htm#9
2001-05-18,— Devlet Planlama Teşkilatı Müsteşarlığında 933 Sayılı Kanunun 4 ve 8 inci Maddeleri ile 540 Sayılı Kanun Hükmünde Kararnamenin 34 ve 35 inci Maddelerine İstinaden İstihdam Edilecek Sözleşmeli Personelin Seçilmelerine İlişkin Usul ve Esaslar Hakkında Yönetmeliğin Değiştirilmesine Dair Yönetmelik,https://www.resmigazete.gov.tr/eskiler/2001/05/20010518.htm#1
2001-05-18,— Denizcilik Müsteşarlığı Döner Sermaye İşletmesi Yönetmeliği,https://www.resmigazete.gov.tr/eskiler/2001/05/20010518.htm#2
2001-05-18,— Hacettepe Üniversitesi Yaz Dönemi Hazırlık Eğitim-Öğretim Yönetmeliği,https://www.resmigazete.gov.tr/eskiler/2001/05/20010518.htm#3
2001-05-18,— Bilecik İli Sınırları Dahilinde Orman Yangınlarının Önlenmesi Amacıyla Alınması Gereken Tedbirler Hakkında Karar (No : 1),https://www.resmigazete.gov.tr/eskiler/2001/05/20010518.htm#4
2001-05-18,— Eskişehir Valiliği Mahalli Çevre Kurulu Kararı (No : 4),https://www.resmigazete.gov.tr/eskiler/2001/05/20010518.htm#5
2001-05-20,"— Devlet Bakanı Fikret ÜNLÜ’ye, Devlet Bakanı Recep ÖNAL’ın Vekâlet Etmesine Dair Tezkere",https://www.resmigazete.gov.tr/eskiler/2001/05/20010520.htm#1
2001-05-20,2001/2332 Konya Havaalanının Daimi Yolcu Giriş-Çıkış Hava Hudut Kapısı Olarak Tespitine İlişkin Karar,https://www.resmigazete.gov.tr/eskiler/2001/05/20010520.htm#2
2001-05-20,— Hâkimler ve Savcılar Yüksek Kurulu Üyeliğine Seçme ile İlgili Bir Adet Karar (No : 2001/21),https://www.resmigazete.gov.tr/eskiler/2001/05/20010520.htm#3
2001-05-20,— Yargıtay Üyeliklerine Seçilenler Hakkında Karar (No : 639),https://www.resmigazete.gov.tr/eskiler/2001/05/20010520.htm#4
2001-05-20,— Sınır Tespitine Dair 2 Adet Karar,https://www.resmigazete.gov.tr/eskiler/2001/05/20010520.htm#5
2001-05-20,— Eşyanın Tercihli Menşeinin Tespiti Hakkında Yönetmelikte Değişiklik Yapılmasına Dair Yönetmelik,https://www.resmigazete.gov.tr/eskiler/2001/05/20010520.htm#6
2001-05-20,— Gemi Acenteleri Hakkında Yönetmelik,https://www.resmigazete.gov.tr/eskiler/2001/05/20010520.htm#7
2001-05-20,— Köy Hizmetleri Genel Müdürlüğü Personeli Görevde Yükselme Esaslarına Dair Yönetmelikte Değişiklik Yapılması Hakkında Yönetmelik,https://www.resmigazete.gov.tr/eskiler/2001/05/20010520.htm#8
2001-05-20,— Milli Piyango İdaresi Genel Müdürlüğü Teftiş Kurulu Yönetmeliğinde Değişiklik Yapılmasına Dair Yönetmelik,https://www.resmigazete.gov.tr/eskiler/2001/05/20010520.htm#9
2001-05-20,"Maliye Bakanlığı Maliye Müfettiş Yardımcılığı, Hesap Uzman Yardımcılığı ve Genel Müdürlük Stajyer Kontrolörlüğü Giriş Sınavlarına Katılacaklar İçin Eleme Sınavı Yönetmeliği, Maliye Bakanlığı Denetmen Yardımcılıklarına Atanacaklara İlişkin Seçme Sınavı Yönetmeliği ile Maliye Bakanlığı Uzman Yardımcılıklarına Atanacaklara İlişkin Seçme Sınavı Yönetmeliğinin Yürürlükten Kaldırılmasına Dair Yönetmelik",https://www.resmigazete.gov.tr/eskiler/2001/05/20010520.htm#10
2001-05-20,Toprak Mahsulleri Ofisi Genel Müdürlüğü Personeli Görevde Yükselme Yönetmeliği,https://www.resmigazete.gov.tr/eskiler/2001/05/20010520.htm#11
2001-05-20,— Bankacılık Düzenleme ve Denetleme Kurulunun 290 Sayılı Kararı,https://www.resmigazete.gov.tr/eskiler/2001/05/20010520.htm#12
2001-05-20,— 12/5/1988 Tarih ve 88/12944 Sayılı Kararnameye İlişkin Kaynak Kullanımını Destekleme Fonu Hakkında Tebliğde Değişiklik Yapılmasına İlişkin Tebliğ (Sıra No : 30),https://www.resmigazete.gov.tr/eskiler/2001/05/20010520.htm#13
2001-05-21,"— Devlet Bakanı Yüksel YALOVA’ya, Devlet Bakanı Rüştü Kazım YÜCELEN’in Vekâlet Etmesine Dair Tezkere",https://www.resmigazete.gov.tr/eskiler/2001/05/20010521.htm#1
2001-05-21,"— Çevre Bakanlığına, Kültür Bakanı M. İstemihan TALAY’ın Vekâlet Etmesine Dair Tezkere",https://www.resmigazete.gov.tr/eskiler/2001/05/20010521.htm#2
2001-05-21,"— Türkiye Radyo-Televizyon Kurumu Alım, Satım ve İhale Yönetmeliğinde Değişiklik Yapılmasına Dair Yönetmelik",https://www.resmigazete.gov.tr/eskiler/2001/05/20010521.htm#3
2001-05-21,— Türkiye Gübre Sanayii A.Ş. (TÜGSAŞ) Disiplin Kurulları ve Disiplin Amirleri Hakkında Yönetmelik,https://www.resmigazete.gov.tr/eskiler/2001/05/20010521.htm#4
2001-05-21,— Organize Sanayi Bölgel eri Yer Seçimi Yönetmeliği,https://www.resmigazete.gov.tr/eskiler/2001/05/20010521.htm#5
2001-05-21,— Başkent Üniversitesi Ana Yönetmeliği,https://www.resmigazete.gov.tr/eskiler/2001/05/20010521.htm#6
2001-05-22,4674 Adalet Bakanlığının Teşkilât ve Görevleri Hakkında Kanun Hükmünde Kararnamenin Değiştirilerek Kabulü Hakkında Kanun ile Genel Kadro ve Usulü Hakkında Kanun Hükmünde Kararnamenin Eki Cetvellerde Değişiklik Yapılmasına Dair Kanun,https://www.resmigazete.gov.tr/eskiler/2001/05/20010522.htm#1
2001-05-22,2001/2348 Romanya Menşeli Bazı Tarım Ürünleri İthalatında Tarife Kontenjanı Uygulanması Hakkında Karar,https://www.resmigazete.gov.tr/eskiler/2001/05/20010522.htm#2
2001-05-22,2001/2351 Bazı Üniversitelere Bağlı Olarak Yeni Birimlerin Kurulması Hakkında Karar,https://www.resmigazete.gov.tr/eskiler/2001/05/20010522.htm#3
2001-05-22,— Devlet Meteoroloji İşleri Genel Müdürlüğü Teftiş Kurulu Yönetmeliğinde Değişiklik Yapılmasına Dair Yönetmelik,https://www.resmigazete.gov.tr/eskiler/2001/05/20010522.htm#4
2001-05-22,— Yabancı Devlet Harp Okullarında Öğrenim Görecek Askerî Öğrenciler Hakkında Yönetmeliğin 19 uncu Maddesinin Birinci Fıkrasında Değişiklik Yapılmasına Dair Yönetmelik,https://www.resmigazete.gov.tr/eskiler/2001/05/20010522.htm#5
2001-05-22,— Kuluçkahane ve Damızlık İşletmelerinin Sağlık Kontrol Yönetmeliğinin 5 ve 11 inci Maddelerinin Değiştirilmesine Dair Yönetmelik,https://www.resmigazete.gov.tr/eskiler/2001/05/20010522.htm#6
2001-05-22,— Devlet Tiyatroları Genel Müdürlüğünde Çalışan Memurların Görevde Yükselme Esaslarına Dair Yönetmelikte Değişiklik Yapılması ve Bazı Maddelerinin Yürürlükten Kaldırılması Hakkında Yönetmelik,https://www.resmigazete.gov.tr/eskiler/2001/05/20010522.htm#7
2001-05-22,— Fırat Üniversitesi Doğu Anadolu Bölgesi Araştırma ve Uygulama Merkezi Yönetmeliği,https://www.resmigazete.gov.tr/eskiler/2001/05/20010522.htm#8
2001-05-22,— 2001 Yılı Nisan Ayına Ait Yatırım Teşvik Belgelerinin Sektörel Dağılımı Hakkında Tebliğ,https://www.resmigazete.gov.tr/eskiler/2001/05/20010522.htm#9
2001-05-22,— 2001 Yılı Nisan Ayına Ait Yabancı Sermayeli Yatırım Teşvik Belgelerinin Sektörel Dağılımı Hakkında Tebliğ,https://www.resmigazete.gov.tr/eskiler/2001/05/20010522.htm#10
2001-05-22,— 2001 Yılı Nisan Ayına Ait Dahilde İşleme İzin Belgelerin Sektörel Dağılımı Hakkında Tebliğ,https://www.resmigazete.gov.tr/eskiler/2001/05/20010522.htm#11
2001-05-22,— 2001 Yılı Nisan Ayına Ait Yurt İçi Satış Teslimler ile İlgili Belgelerinin Sektörel Dağılımı Hakkında Tebliğ,https://www.resmigazete.gov.tr/eskiler/2001/05/20010522.htm#12
2001-05-22,— 2001 Yılı Nisan Ayına Ait Hariçte İşleme İzin Belgelerinin Sektörel Dağılımı Hakkında Tebliğ,https://www.resmigazete.gov.tr/eskiler/2001/05/20010522.htm#13
2001-05-22,— 2001 Yılı Nisan Ayına Ait Vergi Resim ve Harç İstisnası Belgelerinin Sektörel Dağılımı Hakkında Tebliğ,https://www.resmigazete.gov.tr/eskiler/2001/05/20010522.htm#14
2001-05-23,"4673 Telgraf ve Telefon Kanunu, Posta,Telgraf ve Telef on İdaresinin Biriktirme ve Yardım Sandığı Hakkında Kanun ile Ulaştırma Bakanlığının Teşkilât ve Görevleri Hakkında Kanunda Değişiklik Yapılması Hakkında Kanun",https://www.resmigazete.gov.tr/eskiler/2001/05/20010523.htm#1
2001-05-23,4675 İnfaz Hâkimliği Kanunu,https://www.resmigazete.gov.tr/eskiler/2001/05/20010523.htm#2
2001-05-23,2001/2367 Türkiye-Yunanistan 10 un cu Ulaştırma Karma Komisyon Toplantısı Protokolü’nün Onaylanması Hakkında Karar,https://www.resmigazete.gov.tr/eskiler/2001/05/20010523.htm#3
2001-05-23,"— Millî Savunma Bakanlığına, Devlet Bakanı Prof. Dr. Ramazan MİRZAOĞLU’nun Vekâlet Etmesine Dair Tezkere",https://www.resmigazete.gov.tr/eskiler/2001/05/20010523.htm#4
2001-05-23,"2001/2443 Tekel Dışı Bırakılan Patlayıcı Maddelerle Av Malzemesi ve Ben zerlerinin Üretimi, İthali, Taşınması, Saklanması, Depolanması, Satışı, Kullanılması, Yok Edilmesi, Denetlenme si Usul ve Esas larına İlişkin Tüzükte Değişiklik Yapılmasına Dair Tüzük",https://www.resmigazete.gov.tr/eskiler/2001/05/20010523.htm#5
2001-05-23,— Kuluçkahane ve Damızlık İşletmeleri Yönetmeliğinde Değişiklik Yapılmasına Dair Yönetmelik,https://www.resmigazete.gov.tr/eskiler/2001/05/20010523.htm#6
2001-05-23,"— Ticaret ve Sanayi Odaları, Ticaret Odaları, Sanayi Odaları, Deniz Tic aret Odaları Muamelat Yönetmeliğinin Değiştirilmesine Dair Yönetmelik",https://www.resmigazete.gov.tr/eskiler/2001/05/20010523.htm#7
2001-05-23,— Türkiye Ticaret Borsaları Muamelat Yönetmeliğinin 25 inci Maddesinin Değiştirilmesine Dair Yönetmelik,https://www.resmigazete.gov.tr/eskiler/2001/05/20010523.htm#8
2001-05-23,— Çevre Bakanlığı Uzman ve Uzman Yardımcılığı Sınav Yönetmeliğinde Değişiklik Yapılması Hakkında Yönetmelik,https://www.resmigazete.gov.tr/eskiler/2001/05/20010523.htm#9
2001-05-23,— Yıldız Teknik Üniversitesi Lisans Eğitim-Öğretim ve Sınav Yönetmeliğinin 12 ve 14 üncü Maddelerinin Değiştirilmesi Hakkında Yönetmelik,https://www.resmigazete.gov.tr/eskiler/2001/05/20010523.htm#10
2001-05-23,— Yıldız Teknik Üniversitesi Yaz Öğretimi Yönetmeliğinin 5 inci Maddesinin Değiştirilmesi Hakkında Yönetmelik,https://www.resmigazete.gov.tr/eskiler/2001/05/20010523.htm#11
2001-05-23,— Petrol Ürünlerine Uygulanacak Akaryakıt Fiyat İstikrar Fonu Payları Hakkında Tebliğ (PİGM/AFİF 2001-17),https://www.resmigazete.gov.tr/eskiler/2001/05/20010523.htm#12
2001-05-23,— İçel İli Sınırları Dahilinde Orman Yangınlarının Önlenmesi Amacıyla Alınması Gereken Tedbirler Hakkında Kar ar (No: 2001/1),https://www.resmigazete.gov.tr/eskiler/2001/05/20010523.htm#13
2001-05-23,— Yargıtay 2. Hukuk Dairesine Ait 3 Adet Karar,https://www.resmigazete.gov.tr/eskiler/2001/05/20010523.htm#14
2001-05-24,2001/2365 Türkiye Cumhuriyeti Hükümeti ile Çek Cumhuriyeti Hükümeti Arasında Bitki Koruma ve Karantina Alanında İşbirliği Anlaşmasının Onaylanması Hakkında Karar,https://www.resmigazete.gov.tr/eskiler/2001/05/20010524.htm#1
2001-05-24,— Maliye Bakanlığı Personelinin Yer Değiştirme Suretiyle Atanmalarına İlişkin Yönetmelikte Değişiklik Yapılmasına Dair Yönetmelik,https://www.resmigazete.gov.tr/eskiler/2001/05/20010524.htm#2
2001-05-24,— Orta Doğu Teknik Üniversitesi - Türk Silahlı Kuvvetleri Modelleme ve Simülasyon Araştırma ve Uygulama Merkezi Yönetmeliği,https://www.resmigazete.gov.tr/eskiler/2001/05/20010524.htm#3
2001-05-24,— Orta Doğu Teknik Üniversitesi Sürekli Eğitim Merkezi Yönetmeliğinin 2 nci Maddesinin Değiştirilmesine Dair Yönetmelik,https://www.resmigazete.gov.tr/eskiler/2001/05/20010524.htm#4
2001-05-24,— Trakya Üniversitesi Devlet Konservatuvarı Lise Kısmı Eğitim-Öğretim ve Sınav Yönetmeliğinin 16 ve 17 nci Maddelerinin Değiştirilmesine Dair Yönetmelik,https://www.resmigazete.gov.tr/eskiler/2001/05/20010524.htm#5
2001-05-24,— Trakya Ünivers itesi Devlet Konservatuvarı Lisans Öğretim ve Sınav Yönetmeliğinin 7 ve 12 nci Maddelerinin Değiştirilmesine Dair Yönetmelik,https://www.resmigazete.gov.tr/eskiler/2001/05/20010524.htm#6
2001-05-24,— Trakya Üniversitesi Tıp Fakültesi Eğitim-Öğretim ve Sınav Yönetmeliğinin 17 nci Maddesinin Değiştirilmesine Dair Yönetmelik,https://www.resmigazete.gov.tr/eskiler/2001/05/20010524.htm#7
2001-05-24,— 237 Sayılı Taşıt Kanunu Kapsamındaki Kamu Kurum ve Kuruluşlarının Kullanım Dışı Bıraktıkları Taşıtların Tasfiyesi Hakkında Genel Tebliğ (Sıra No: 1),https://www.resmigazete.gov.tr/eskiler/2001/05/20010524.htm#8
2001-05-24,— Tahsilat Genel Tebliği (Seri No: 417),https://www.resmigazete.gov.tr/eskiler/2001/05/20010524.htm#9
2001-05-24,— Petrol Ürünlerine Uygulanacak Akaryakıt Fiyat İstikrar Fonu Payları Hakkında Tebliğ (PİGM/AFİF 2001-18),https://www.resmigazete.gov.tr/eskiler/2001/05/20010524.htm#10
2001-05-24,"Sayıştay Genel Kurulunun E : 2001/1, K : 4985/1 Sayılı Kararı",https://www.resmigazete.gov.tr/eskiler/2001/05/20010524.htm#11
2001-05-25,"— Dışişleri Bakanlığına, Devlet Bakanı Prof. Dr. Şükrü S. GÜREL’in Vekâlet Etmesine Dair Tezkere",https://www.resmigazete.gov.tr/eskiler/2001/05/20010525.htm#1
2001-05-25,2001/2382 Akaryakıt Tüketim Vergisi Tutarlarının Tespitine İlişkin Karar,https://www.resmigazete.gov.tr/eskiler/2001/05/20010525.htm#2
2001-05-25,— Başbakanlığa Ait Atama Kararı,https://www.resmigazete.gov.tr/eskiler/2001/05/20010525.htm#3
2001-05-25,— Sınır Tespitine Dair Karar,https://www.resmigazete.gov.tr/eskiler/2001/05/20010525.htm#4
2001-05-25,— Gençlik ve Spor Genel Müdürlüğü Personeli Görevde Yükselme Yönetmeliğinde Değişiklik Yapılmasına Dair Yönetmelik,https://www.resmigazete.gov.tr/eskiler/2001/05/20010525.htm#5
2001-05-25,"— Gençlik ve Spor Ge nel Müdürlüğü Spor Federasyonlarının Teşkilatı Çalışma, Görev, Yetki ve Sorumluluk Yönetmeliğinin 15 inci Maddesinde Değişiklik Yapılmasına Dair Yönetmelik",https://www.resmigazete.gov.tr/eskiler/2001/05/20010525.htm#6
2001-05-25,"— Tarım ve Köyişleri Bakanlığı Teşkilatlanma ve Destekleme Genel Müdürlüğü Kontrolörleri, Atama, Görev ve Yetki Yönetmeliği",https://www.resmigazete.gov.tr/eskiler/2001/05/20010525.htm#7
2001-05-25,— Türkiye Elektrik Üretim İletim Anonim Şirketi Genel Müdürlüğü Personelinin Görevde Yükselme Yönetmeliği,https://www.resmigazete.gov.tr/eskiler/2001/05/20010525.htm#8
2001-05-26,2001/2381 588 Sayılı Konut Edindirme Yardımı Hesaplarının Tasfiyesine Dair Kanun Hükmünde Kararnamenin Uygulanmasına İlişkin Kararda Değişiklik Yapılması Hakkında Karar,https://www.resmigazete.gov.tr/eskiler/2001/05/20010526.htm#1
2001-05-26,001/2444 Bursa Yenişehir Havaalanının Daimi Yolcu Giriş-Çıkış Hava Hudut Kapısı Olarak Tespiti Hakkında Karar,https://www.resmigazete.gov.tr/eskiler/2001/05/20010526.htm#2
2001-05-26,"— Devlet, Millî Savunma ve Sağlık Bakanlıklarına Ait Atama Kararları",https://www.resmigazete.gov.tr/eskiler/2001/05/20010526.htm#3
2001-05-26,— İstanbul Üniversitesi Çift Anadal Programı Yönetmeliği,https://www.resmigazete.gov.tr/eskiler/2001/05/20010526.htm#4
2001-05-26,— İstanbul Üniversitesi Yandal Programı Yönetmeliği,https://www.resmigazete.gov.tr/eskiler/2001/05/20010526.htm#5
2001-05-26,— Kafkas Üniversitesi Atatürk İlkeleri ve İnkılap Tarihi Araştırma ve Uygulama Merkezi Yönetmeliği,https://www.resmigazete.gov.tr/eskiler/2001/05/20010526.htm#6
2001-05-26,"— Anayasa Mahkemesinin E : 2000/35 ( 595 Sayılı Kanun Hükmünde Kararname ile İlgili), K : 2001/5 Sayılı Kararı",https://www.resmigazete.gov.tr/eskiler/2001/05/20010526.htm#7
2001-05-27,2001/2395 Türkiye Cumhuriyeti Hükümeti ile Tunus Cumhuriyeti Hükümeti Arasında Bilimsel ve Teknik İşbirliği Anlaşması’nın Onaylanması Hakkında Karar,https://www.resmigazete.gov.tr/eskiler/2001/05/20010527.htm#1
2001-05-27,— Trakya Üniversitesi Ön Lisans ve Li sans Öğretim ve Sınav Yönetmeliğinde Değişiklik Yapılmasına ve Bir Geçici Madde Eklenmesine Dair Yönetmelik,https://www.resmigazete.gov.tr/eskiler/2001/05/20010527.htm#2
2001-05-27,— Trakya Üniversitesi Devlet Konservatuvarı İlköğretim Okulu Yönetmeliğinin Bazı Maddelerinin Değiştirilmesine Dair Yönetmelik,https://www.resmigazete.gov.tr/eskiler/2001/05/20010527.htm#3
2001-05-27,— Burs a Valiliği Mahalli Çevre Kurulu Kararı (No : 4),https://www.resmigazete.gov.tr/eskiler/2001/05/20010527.htm#4
2001-05-27,— Edirne İli Sınırları Dahilinde Orman Yangınlarının Önlenmesi Amacıyla Alınması Gereken Tedbirler Hakkında Karar (No : 2001/1),https://www.resmigazete.gov.tr/eskiler/2001/05/20010527.htm#5
2001-05-27,— Kırıkkale İli Sınırları Dahilinde Orman Yangınlarının Önlenmesi Amacıyla Alınması Gereken Tedbirler Hakkında Karar (No : 2001/2),https://www.resmigazete.gov.tr/eskiler/2001/05/20010527.htm#6
2001-05-27,— Yalova İli Sınırları Dahilinde Orman Yangınlarının Önlenmesi Amacıyla Alınması Gereken Tedbirler Hakkında Karar (No : 1),https://www.resmigazete.gov.tr/eskiler/2001/05/20010527.htm#7
2001-05-28,"— Dışişleri Bakanlığına, Devlet Bakanı Prof. Dr. Şükrü S. GÜREL’in Vekâlet Etmesine Dair Tezkere",https://www.resmigazete.gov.tr/eskiler/2001/05/20010528.htm#1
2001-05-28,"Ulaştırma Bakanlığına, Sağlık Bakanı Doç. Dr. Osman DURMUŞ'un Vekâlet Etmesine Dair Tezkere",https://www.resmigazete.gov.tr/eskiler/2001/05/20010528.htm#4
2001-05-28,2001/2383 3004 Kişinin Türk Vatandaşlığından Çıkmasına İzin Verilmesi ve Türk Vatandaşlığından Çıkmasına İzin Verilen 25 Kişiyle İlgili Bazı Maddi Hataların Düzeltilmesi Hakkında Karar,https://www.resmigazete.gov.tr/eskiler/2001/05/20010528.htm#2
2001-05-28,— Koç Üniversitesi Kuruluş ve Teşkilat Yönetmeliğinin 5 ve 11 inci Maddelerinin Değiştirilmesine Dair Yönetmelik,https://www.resmigazete.gov.tr/eskiler/2001/05/20010528.htm#3
2001-05-29,4672 Bankalar Kanununda Değişiklik Yapılmasına İlişkin Kanun,https://www.resmigazete.gov.tr/eskiler/2001/05/20010529.htm#1
2001-05-29,2001/2376 Rekabet Kurulu Üyeliklerine Yapılan Atamalara İlişkin Karar,https://www.resmigazete.gov.tr/eskiler/2001/05/20010529.htm#2
2001-05-29,— Bağ-Kur Genel Kurulunun Çalışma Usul ve Esasları Hakkında Yönetmelik,https://www.resmigazete.gov.tr/eskiler/2001/05/20010529.htm#3
2001-05-29,— Sanayi ve Ticaret Bakanlığı Teftiş Kurulu Yönetmeliğinde Değişiklik Yapılmasına Dair Yönetmelik,https://www.resmigazete.gov.tr/eskiler/2001/05/20010529.htm#4
2001-05-29,— Çanakkale İli Sınırları Dahilinde Orman Yangınlarının Önlenmesi Amacıyla Alınması Gereken Tedbirler Hakkında Karar (No: 1),https://www.resmigazete.gov.tr/eskiler/2001/05/20010529.htm#5
2001-05-29,— Çorum İli Sınırları Dahilinde Orman Yangınlarının Önlenmesi Amacıyla Alınması Gereken Tedbirler Hakkında Karar (No: 2001/1),https://www.resmigazete.gov.tr/eskiler/2001/05/20010529.htm#6
2001-05-29,— Sakarya Valiliği Orman Yangınları ile Mücadele Komisyonu Kararı,https://www.resmigazete.gov.tr/eskiler/2001/05/20010529.htm#7
2001-05-30,"— Adalet Bakanlığına, Milli Eğitim Bakanı Metin BOSTANCIOĞLU’nun Vekâlet Etmesine Dair Tezkere",https://www.resmigazete.gov.tr/eskiler/2001/05/20010530.htm#1
2001-05-30,— Hazine Müsteşarlığı Hazine Kontrolörleri Kurulu Yönetmeliğinin Değiştirilmesine İlişkin Yönetmelik,https://www.resmigazete.gov.tr/eskiler/2001/05/20010530.htm#2
2001-05-30,— Devlet Meteoroloji İşleri Genel Müdürlüğü Döner Sermaye İşletmesi Yönetmeliğinin 5 inci Maddesinde Değişiklik Yapılması Hakkında Yönetmelik,https://www.resmigazete.gov.tr/eskiler/2001/05/20010530.htm#3
2001-05-31,"— Devlet Bakanı ve Başbakan Yardımcısı Dr. Devlet BAHÇELİ’ye, Devlet Bakanı Prof. Dr. Şuayip ÜŞENMEZ’in Vekâlet Etmesine Dair Tezkere",https://www.resmigazete.gov.tr/eskiler/2001/05/20010531.htm#1
2001-05-31,"— Devlet Bakanı Dr. Kemal DERVİŞ’e, Orman Bakanı Prof. Dr. Nami ÇAĞAN’ın Vekâlet Etmesine Dair Tezkere",https://www.resmigazete.gov.tr/eskiler/2001/05/20010531.htm#2
2001-05-31,"— Sanayi ve Ticaret Bakanlığına, Tarım ve Köyişleri Bakanı Prof. Dr. Hüsnü Yusuf GÖKALP’in Vekâlet Etmesine Dair Tezkere",https://www.resmigazete.gov.tr/eskiler/2001/05/20010531.htm#3
2001-05-31,"— Tarım ve Köyişleri, Çalışma ve Sosyal Güvenlik, Sanayi ve Ticaret, Enerji ve Tabii Kaynaklar ile Kültür Bakanlıklarına Ait 12 Adet Atama Kararı",https://www.resmigazete.gov.tr/eskiler/2001/05/20010531.htm#4
2001-05-31,— İnfaz Hakimliği ile İlgili Hakimler ve Savcılar Yüksek Kurulunun 825 sayılı Kararı,https://www.resmigazete.gov.tr/eskiler/2001/05/20010531.htm#5
2001-05-31,— Sigorta Eksperleri Yönetmeliğinde Değişiklik Yapılması Hakkında Yönetmelik,https://www.resmigazete.gov.tr/eskiler/2001/05/20010531.htm#6
2001-06-01,"— İstifa E den ve İ stifası Ka bul E dilen Yüksel YALOVA’dan B oşalan Devlet Bakanlığı’na, Y eni B ir A tama Y apılıncaya K adar Devlet Bakanı Mehmet KEÇECİLER’in V ekâlet E tmesin e Dair Tezkere",https://www.resmigazete.gov.tr/eskiler/2001/06/20010601.htm#1
2001-06-01,"— Devlet Bakanı ve Başbakan Yardımcısı Mesut YILMAZ’ a, Çalışma ve Sosyal Güvenlik Bakanı Yaşar OKUYAN’ın V ekâlet E tmesin e Dair Tezkere",https://www.resmigazete.gov.tr/eskiler/2001/06/20010601.htm#2
2001-06-01,"— Devlet Bakanı Rüştü Kazım YÜCELEN’ e, Enerji ve Tabii Kaynaklar Bakanı Zeki ÇAKAN’ın V ekâlet E tmesin e Dair Tezkere",https://www.resmigazete.gov.tr/eskiler/2001/06/20010601.htm#3
2001-06-01,2001/2396 Devlet Su İşleri Genel Müdürlüğünün 2001 Yılı Sulama ve Kurutma Tesisleri İşletme ve Bakım Ücret Tarifelerinin Onaylanması Hakkında Karar,https://www.resmigazete.gov.tr/eskiler/2001/06/20010601.htm#4
2001-06-01,2001/2397 Gümrük Vergilerinden Muafiyet ve İstisna Tanınacak Haller Hakkında Kararda Değişiklik Yapılmasına İlişkin Karar,https://www.resmigazete.gov.tr/eskiler/2001/06/20010601.htm#5
2001-06-01,"2001/2399 Merkezi Zonguldak’ta Bulunan “Zonguldakİli Yerel Yönetimleri Çevre Koruma ve Altyapı Tesisleri Yapma ve İşletme Birliği”nin Adının “Özelİdare ve Belediyeler Çevre-Altyapı, Temel Hizmetler Birliği”Olarak Değiştirilmesi Hakkında Karar",https://www.resmigazete.gov.tr/eskiler/2001/06/20010601.htm#6
2001-06-01,2001/2400 Merkezi Adana’da Bulunan “Doğu Akdeniz Zeytin Hastalık ve Zararları ile Mücadele Birliği”nin Adının “Doğu Akdeniz Zeytin Birliği” Olarak Değiştirilmesi Hakkında Karar,https://www.resmigazete.gov.tr/eskiler/2001/06/20010601.htm#7
2001-06-01,"2001/2417 Yüksek Öğrenim Kredi ve Yurtlar Kurumu Genel Müdürlüğü’nün Taşra Teşkilatında Van Bölge Müdürlüğü’ne Bağlı Siirt İli’nin,Diyarbakır Bölge Müdürlüğü’ne, Yeni Kurulan Düzce İli’nin Bolu Bölge Müdürlüğü’ne Bağlanması Hakkında Karar",https://www.resmigazete.gov.tr/eskiler/2001/06/20010601.htm#8
2001-06-01,"2001/2445 İstanbul İli, Büyükçekmece İlçesi, Esenyurt Belediye Başkanlığı’nın,Belediye Başkanının Tutukluluk Hali Sona Erinceye Kadar Mansup Belediye Başkanınca Yönetilmesi Hakkında Karar",https://www.resmigazete.gov.tr/eskiler/2001/06/20010601.htm#9
2001-06-01,"— Başbakanlık, Devlet, Milli Savunma, Dışişleri, Maliye, Milli Eğitim, Tarım ve Köyişleri, Çalışma ve Sosyal Güvenlik, Sanayi ve Ticaret, Orman ve Çevre Bakanlıklarına Ait 25 Adet Atama Kararı",https://www.resmigazete.gov.tr/eskiler/2001/06/20010601.htm#10
2001-06-01,— A.TR Dolaşım Belgeleri Yönetmeliği,https://www.resmigazete.gov.tr/eskiler/2001/06/20010601.htm#11
2001-06-01,— Özürlüler İdaresi Başkanlığı Görevde Yükselme Yönetmeliğinde Değişiklik Yapılması Hakkında Yönetmelik,https://www.resmigazete.gov.tr/eskiler/2001/06/20010601.htm#12
2001-06-01,— Aikido Müsabaka Yönetmeliği,https://www.resmigazete.gov.tr/eskiler/2001/06/20010601.htm#13
2001-06-01,— Türkiye Radyo-Televizyon Kurumu Teftiş Kurulu Yönetmeliğinin Değiştirilmesine Dair Yönetmelik,https://www.resmigazete.gov.tr/eskiler/2001/06/20010601.htm#14
2001-06-01,— İçişleri Bakanlığı Mahalli İdareler Kontrolörleri Yönetmeliğinin Bazı Maddelerinin Değiştirilmesi Hakkında Yönetmelik,https://www.resmigazete.gov.tr/eskiler/2001/06/20010601.htm#15
2001-06-01,— Bayındırlık ve İskan Bakanlığı Teftiş Kurulu Yönetmeliğinde Değişiklik Yapılmasına Dair Yönetmelik,https://www.resmigazete.gov.tr/eskiler/2001/06/20010601.htm#16
2001-06-01,— Çalışma ve Sosyal Güvenlik Bakanlığı Personelinin Görevde Yükselme Esaslarına Dair Yönetmelikte Değişiklik Yapılmasına İlişkin Yönetmelik,https://www.resmigazete.gov.tr/eskiler/2001/06/20010601.htm#17
2001-06-01,— Özel Tiyatrolara Devlet Desteği Yönetmeliğinin 13 üncü Maddesinin Değiştirilmesine Dair Yönetmelik,https://www.resmigazete.gov.tr/eskiler/2001/06/20010601.htm#18
2001-06-01,— Çevre Bakanlığı Teftiş Kurulu Yönetmeliğinde Değişiklik Yapılmasına Dair Yönetmelik,https://www.resmigazete.gov.tr/eskiler/2001/06/20010601.htm#19
2001-06-01,— PTT Personelinin Görevde Yükselme Esaslarına Dair Yönetmelik,https://www.resmigazete.gov.tr/eskiler/2001/06/20010601.htm#20
2001-06-01,— Beykent Üniversitesi Atatürk İlkeleri ve İnkılap Tarihi Araştırma ve Uygulama Merkezi Yönetmeliği,https://www.resmigazete.gov.tr/eskiler/2001/06/20010601.htm#21
2001-06-01,— Erciyes Üniversitesi Sürekli Eğitim Merkezi (ERSEM) Yönetmeliği,https://www.resmigazete.gov.tr/eskiler/2001/06/20010601.htm#22
2001-06-01,— Haliç Üniversitesi Burs Yönetmeliği,https://www.resmigazete.gov.tr/eskiler/2001/06/20010601.htm#23
2001-06-01,— Niğde Üniversitesi Döner Sermaye İşletmesi Yönetmeliği,https://www.resmigazete.gov.tr/eskiler/2001/06/20010601.htm#24
2001-06-01,— Dış Ticaret Sermaye Şirketlerine İlişkin Karar,https://www.resmigazete.gov.tr/eskiler/2001/06/20010601.htm#25
2001-06-01,— Özelleştirme İdaresi Başkanlığının ÖİB-K-04 Sayılı Kararı,https://www.resmigazete.gov.tr/eskiler/2001/06/20010601.htm#26
2001-06-01,— Rekabet Kurulunun 99-53/575-365 Sayılı Kararı,https://www.resmigazete.gov.tr/eskiler/2001/06/20010601.htm#27
2001-06-01,— Mülga Dış Krediler Kur Farkı Fonu’ndan Kullanılmış Kredilere Uygulanacak Değişken Faiz Oranı Hakkında Tebliğ,https://www.resmigazete.gov.tr/eskiler/2001/06/20010601.htm#28
2001-06-01,— Kütahya İli Sınırları Dahilinde Orman Yangınlarının Önlenmesi Amacıyla Alınması Gereken Tedbirler Hakkında Karar (No: 2001/1),https://www.resmigazete.gov.tr/eskiler/2001/06/20010601.htm#29
2001-06-01,— Orman Bakanlığı 2001-2002 Av Dönemi Merkez Av Komisyonu Kararı (No: 66),https://www.resmigazete.gov.tr/eskiler/2001/06/20010601.htm#30
2001-06-01,"— Anayasa Mahkemesinin E: 2001/1, K: 2001/1 Sayılı Kararı ( Siyasi Parti-İhtar)",https://www.resmigazete.gov.tr/eskiler/2001/06/20010601.htm#31
2001-06-02,2001/2403 Türk-Rus Sanayi ve İleri Teknolojilerin Transferleri Hususlarında Çalışma Grubu IV. Dönem Toplantısı Mutabakat Zaptı’nın Onaylanması Hakkında Karar,https://www.resmigazete.gov.tr/eskiler/2001/06/20010602.htm#1
2001-06-02,"— Devlet Bakanı Faruk BAL’a, Sağlık Bakanı Doç. Dr. Osman DURMUŞ’un Vekâlet Etmesine Dair Tezkere",https://www.resmigazete.gov.tr/eskiler/2001/06/20010602.htm#2
2001-06-02,— Kuraş Müsabaka Yönetmeliği,https://www.resmigazete.gov.tr/eskiler/2001/06/20010602.htm#3
2001-06-02,— Köy Hizmetleri Genel Müdürlüğü Teftiş Kurulu Yönetmeliğinin Bazı Maddelerinin Değiştirilmesine Dair Yönetmelik,https://www.resmigazete.gov.tr/eskiler/2001/06/20010602.htm#4
2001-06-02,— Bayındırlık ve İskan Bakanlığı Personelinin Yer Değiştirme Suretiyle Atanmalarına İlişkin Yönetmelikte Değişiklik Yapılmasına Dair Yönetmelik,https://www.resmigazete.gov.tr/eskiler/2001/06/20010602.htm#5
2001-06-02,— Muğla Üniversitesi Yaz Öğretimi Yönetmeliğinin 3 üncü Maddesinin Değiştirilmesine Dair Yönetmelik,https://www.resmigazete.gov.tr/eskiler/2001/06/20010602.htm#6
2001-06-02,— İthalinde Tek Taraflı Kontrol Sistemi Kapsamında Kota Uygulanan Tekstil Ürünlerine Ait Kotaların İkinci Bölümünün Dağıtımına ve Yönetimine İlişkin Tebliğ (No: 2001/7),https://www.resmigazete.gov.tr/eskiler/2001/06/20010602.htm#7
2001-06-03,2001/2420 Türkiye Cumhuriyeti-Birleşik Arap Emirlikleri Karma Ekonomik Komisyonu VI. Dönem Toplantısı Mutabakat Zaptı’nın Onaylanması Hakkında Karar,https://www.resmigazete.gov.tr/eskiler/2001/06/20010603.htm#1
2001-06-03,"— Devlet Bakanı Prof. Dr. Abdulhaluk Mehmet ÇAY’a, Devlet Bakanı Prof. Dr. Ramazan MİRZAOĞLU’nun Vekâlet Etmesine Dair Tezkere",https://www.resmigazete.gov.tr/eskiler/2001/06/20010603.htm#2
2001-06-03,— Sosyal Hizmetler ve Çocuk Esirgeme Kurumu Genel Müdürlüğü Teftiş Kurulu Yönetmeliği,https://www.resmigazete.gov.tr/eskiler/2001/06/20010603.htm#3
2001-06-03,"— Kamu Kuruluşlarınca 2001 Yılında Yaptırılacak Yapım, Hizmet, Dekapaj ve Malzeme Nakli İşlerinin Sözleşmelerinde Esas Alınacak Parasal Sınır Hakkında Tebliğ",https://www.resmigazete.gov.tr/eskiler/2001/06/20010603.htm#4
2001-06-03,— Elma İhracatında İhracat İadesi Yapılmasına İlişkin Para-Kredi ve Koordinasyon Kurulu Tebliği (Tebliğ No: 2001/5),https://www.resmigazete.gov.tr/eskiler/2001/06/20010603.htm#5
2001-06-04,2001/2404 Türkiye-Gürcistan Ulaştırma Karma Komisyon Protokolü’nün Onaylanması Hakkında Karar,https://www.resmigazete.gov.tr/eskiler/2001/06/20010604.htm#1
2001-06-04,2001/2419 Türkiye Cumhuriyeti Maliye Bakanlığı ile Azerbaycan Cumhuriyeti Maliye Bakanlığı Arasındaki İşbirliği Protokolü’nün Onaylanması Hakkında Karar,https://www.resmigazete.gov.tr/eskiler/2001/06/20010604.htm#2
2001-06-04,"2001/2421 Türkiye Cumhuriyeti Bayındırlık ve İskan Bakanlığı ile Arnavutluk Cumhuriyeti Bayındırlık Bakanlığı Arasında Kent ve Bölge Planlaması, Alt Yapı ve Üst Yapı Çalışmaları ve Kamu Hizmetleri Alanlarında İşbirliğine İlişkin Protokol’ün Onaylanması Hakkında Karar",https://www.resmigazete.gov.tr/eskiler/2001/06/20010604.htm#3
2001-06-04,2001/2436 Türk-Ukrayna Hükümetlerarası Ticari ve Ekonomik İşbirliği Komisyonunun Çalışma Usul ve Esaslarına İlişkin Anlayış Muhtırası’nın Onaylanması Hakkında Karar,https://www.resmigazete.gov.tr/eskiler/2001/06/20010604.htm#4
2001-06-04,"— Ener ji ve Tabii Kaynaklar Bakanlığına, Devlet Bakanı Rüştü Kazım YÜCELEN’in Vekâlet Etmesine Dair Tezkere",https://www.resmigazete.gov.tr/eskiler/2001/06/20010604.htm#5
2001-06-04,— Çay İşletmeleri Genel Müdürlüğü Personel Yönetmeliğinde Değişiklik Yapılmasına Dair Yönetmelik,https://www.resmigazete.gov.tr/eskiler/2001/06/20010604.htm#6
2001-06-04,— Elektrik İşleri Etüt İdaresi Genel Müdürlüğü Personeli Atama ve Görevde Yükselme Yönetmeliğinde Değişiklik Yapılmasına Dair Yönetmelik,https://www.resmigazete.gov.tr/eskiler/2001/06/20010604.htm#7
2001-06-04,"— Turizm Yatırım,İşletme ve Kuruluşlarının Denetimi Hakkında Yönetmelikte Değişiklik Yapılmasına Dair Yönetmelik",https://www.resmigazete.gov.tr/eskiler/2001/06/20010604.htm#8
2001-06-04,— Amasya İli Sınırları Dahilinde Orman Yangınlarının Önlenmesi Amacıyla Alınması Gereken Tedbirler Hakkında Karar (No: 1),https://www.resmigazete.gov.tr/eskiler/2001/06/20010604.htm#9
2001-06-05,2001/2423 Türkiye Cumhuriyeti ile Slovenya Cumhuriyeti Arasında Serbest Ticaret Anlaşması’na Ek “Menşeli Ürünler” Kavramının Tanımı ve İdari İşbirliği Metodlarına İlişkin Protokol 3’ün Değiştirilmesi Hakkın da Ek Protokol 1 ile Buna İlişkin Notaların Onaylanması Hakkında Karar,https://www.resmigazete.gov.tr/eskiler/2001/06/20010605.htm#1
2001-06-05,"— Devlet Bakanı Faruk BAL’a, Devlet Bakanı Prof. Dr. Tunca TOSKAY’ın Vekâlet Etmesine Dair Tezkere",https://www.resmigazete.gov.tr/eskiler/2001/06/20010605.htm#2
2001-06-05,"— Milli Savunma Bakanlığına, Bayındırlık ve İskan Bakanı Koray AYDIN’ın Vekâlet Etmesine Dair Tezkere",https://www.resmigazete.gov.tr/eskiler/2001/06/20010605.htm#3
2001-06-05,— Mustafa Kemal Üniversitesi Atatürk İlkeleri ve İnkılâp Tarihi Araştırma ve Uygulama Merkezi Yönetmeliği,https://www.resmigazete.gov.tr/eskiler/2001/06/20010605.htm#4
2001-06-06,— Devlet Bakanlıklarına Sadettin TANTAN ve Yılmaz KARAKOYUNLU'nun; İçişleri Bakanlığına Rüştü Kazım YÜCELEN'in Atanmalarına Dair Tezkere,https://www.resmigazete.gov.tr/eskiler/2001/06/20010606.htm#1
2001-06-06,"— Enerji ve Tabii Kaynaklar Bakanlığına, İçişleri Bakanı Rüştü Kazım YÜCELEN'in Vekâlet Etmesine Dair Tezkere",https://www.resmigazete.gov.tr/eskiler/2001/06/20010606.htm#2
2001-06-06,— Eşyanın Tercihli Menşeinin Tespiti Hakkında Yönetmelikte Değişiklik Yapılmasına Dair Yönetmelik,https://www.resmigazete.gov.tr/eskiler/2001/06/20010606.htm#3
2001-06-06,— Eti Krom Anonim Şirketi Genel Müdürlüğü Sicil Amirleri Yönetmeliği,https://www.resmigazete.gov.tr/eskiler/2001/06/20010606.htm#4
2001-06-06,— Eti Krom Anonim Şirketi Genel Müdürlüğü Sözleşmeli Personel Sicil Amirleri Yönetmeliği,https://www.resmigazete.gov.tr/eskiler/2001/06/20010606.htm#5
2001-06-06,— Eti Gümüş Anonim Şirketi Genel Müdürlüğü Sicil Amirleri Yönetmeliği,https://www.resmigazete.gov.tr/eskiler/2001/06/20010606.htm#6
2001-06-06,— Eti Gümüş Anonim Şirketi Genel Müdürlüğü Sözleşmeli Personel Sicil Amirleri Yönetmeliği,https://www.resmigazete.gov.tr/eskiler/2001/06/20010606.htm#7
2001-06-06,— Turizm Bakanlığı Müfettiş Yardımcılığı Giriş ve Müfettişlik Yeterlik Sınavı Yönetmeliğinin Bazı Maddelerinin Değiştirilmesine Dair Yönetmelik,https://www.resmigazete.gov.tr/eskiler/2001/06/20010606.htm#8
2001-06-06,— Çankaya Üniversitesi Öğrenci Sağlık işleri ve Sağlık Raporları Yönetmeliğinin 4 üncü ve 6 ncı Maddelerinin Değiştirilmesine Dair Yönetmelik,https://www.resmigazete.gov.tr/eskiler/2001/06/20010606.htm#9
2001-06-06,— Galatasaray Üniversitesi Öğretim ve Sınav Genel Yönetmeliğinin Bazı Maddelerinin Değiştirilmesine Dair Yönetmelik,https://www.resmigazete.gov.tr/eskiler/2001/06/20010606.htm#10
2001-06-07,— İstifa Eden ve İstifası Kabul Edilen Sadettin TANTAN’dan Boşalan Devlet Bakanlığına Yeni Bir Atama Yapılıncaya Kadar Devlet Bakanı Mehmet KEÇECİLER’in Vekâlet Etmesine Dair Tezkere,https://www.resmigazete.gov.tr/eskiler/2001/06/20010607.htm#1
2001-06-07,"— Devlet Bakanı Prof. Dr. Şükrü Sinan GÜREL’e, Devlet Bakanı Fikret ÜNLÜ’nün Vekâlet Etmesine Dair Tezkere",https://www.resmigazete.gov.tr/eskiler/2001/06/20010607.htm#2
2001-06-07,BOTAŞ Boru Hatları ile Petrol Taşıma A.Ş. Kapsam Dışı Personel Yönetmeliği,https://www.resmigazete.gov.tr/eskiler/2001/06/20010607.htm#3
2001-06-07,— Enerji ve Tabii Kaynaklar Bak anlığı Personel Atama ve Görevde Yükselme Yönetmeliğinde Değişiklik Yapılması Hakkında Yönetmelik,https://www.resmigazete.gov.tr/eskiler/2001/06/20010607.htm#4
2001-06-07,Haliç Üniversitesi Atatürk İlkeleri ve İnkılâp Tarihi Araştırma ve Uygulama Merkezi Yönetmeliği,https://www.resmigazete.gov.tr/eskiler/2001/06/20010607.htm#5
2001-06-07,Kadir Has Üniversitesi Öğretim ve Eğitim Yönetmeliğinin 21 inci Mad desinde Değişiklik Yapılmasına Dair Yönetmelik,https://www.resmigazete.gov.tr/eskiler/2001/06/20010607.htm#6
2001-06-07,— Kadir Has Üniversitesi Sağlık Bilimleri Meslek Yüksek Okulu Ön Lisans Öğretim ve Eğitim Yönetmeliğinde Değişiklik Yapılmasına Dair Yönetmelik,https://www.resmigazete.gov.tr/eskiler/2001/06/20010607.htm#7
2001-06-07,— Kadir Has Üniversitesi Florence Nightingale Hastanesi Hemşirelik Yüksek Ok ulu Öğretim ve Eğitim Yönetmeliğinde Değişiklik Yapılmasına Dair Yönetmelik,https://www.resmigazete.gov.tr/eskiler/2001/06/20010607.htm#8
2001-06-07,— Romanya Menşeli Bazı Tarım Ürünleri İthalatında Tarife Kontenjanı Uygulanmasına İlişkin Tebliğ,https://www.resmigazete.gov.tr/eskiler/2001/06/20010607.htm#9
2001-06-07,— İthalat: (2001/14) Sayılı Ozon Tabakasını İncelten Maddelerin İthaline İlişkin Tebliğ ile 2001 Yılı İçin Tespit Edilen İthal İzni Miktarlarının Kullanılmayan Kısımlarının Dağıtım ve Yönetimine İlişkin Tebliğ,https://www.resmigazete.gov.tr/eskiler/2001/06/20010607.htm#10
2001-06-07,— Malatya Valiliği Mahalli Çevre Kurulu Kararı (No: 2001/5),https://www.resmigazete.gov.tr/eskiler/2001/06/20010607.htm#11
2001-06-07,"— Anayasa Mahkemes inin E: 2001/147 (657 sayılı Kanunda Değişiklik Yapan 527 sayılı KHK ile İlgili), K: 2001/47 sayılı Kararı",https://www.resmigazete.gov.tr/eskiler/2001/06/20010607.htm#12
2001-06-08,"2001/2492 Türkiye Şişe ve Cam Fabrikaları A.Ş. ve Bağlı İşyerlerinde Kristal-İş Sendikası Tarafından Uygulanmakta Olan Grevin, Milli Güvenliği Bozucu Nitelikte Görüldüğünden 60 Gün Süreyle Ertelenmesi Hakkında Karar",https://www.resmigazete.gov.tr/eskiler/2001/06/20010608.htm#1
2001-06-08,— İstanbul Emniyet Müdürü Kazım ABANOZ’un Başka Bir Göreve Atanmak Üzere Emniyet Genel Müdürlüğü Emrine Alınması Hakkında Karar,https://www.resmigazete.gov.tr/eskiler/2001/06/20010608.htm#2
2001-06-08,"— Eskimiş, Solmuş, Yırtılmış ve Kullanılamayacak Duruma Gelmiş Bayrakların Yok Edilmesi Usul ve Esaslarını Gösterir Yönetmelik",https://www.resmigazete.gov.tr/eskiler/2001/06/20010608.htm#3
2001-06-08,— Çevre Bakanlığı Personeli Görevde Yükselme Yönetmeliğinde Değişiklik Yapılması Hakkında Yönetmelik,https://www.resmigazete.gov.tr/eskiler/2001/06/20010608.htm#4
2001-06-08,— Çevre Bakanlığı Özel Çevre Koruma Kurumu Başkanlığı Personeli Görevde Yükselme Yönetmeliğinde Değişiklik Yapılması Hakkında Yönetmelik,https://www.resmigazete.gov.tr/eskiler/2001/06/20010608.htm#5
2001-06-08,— Yeditepe Üniversitesi Ana Yönetmeliğinin Bazı Maddelerinin Değiştirilmesine Dair Yönetmelik,https://www.resmigazete.gov.tr/eskiler/2001/06/20010608.htm#6
2001-06-09,"718 Bitlis-Ahlat İlçesinin Tarihi, Kültürel ve Turistik Değerlerinin Araştırılarak Ekonomik ve Sosyal Yönden Kalkınması İçin Alınması Gereken Önlemlerin Belirlenmesi Amacıyla Bir Meclis Araştırması Komisyonu Kurulmasına İlişkin Karar",https://www.resmigazete.gov.tr/eskiler/2001/06/20010609.htm#1
2001-06-09,— Türkiye Kömür İşletmeleri Kurumu Genel Müdürlüğü Teftiş Kurulu Yönetmeliğinde Değişiklik Yapılmasına Dair Yönetmelik,https://www.resmigazete.gov.tr/eskiler/2001/06/20010609.htm#2
2001-06-09,"— İran İslam Cumhuriyeti Menşeli, “Sofra, Mutfak, Tuvalet, Yazıhane, Ev Tezyinatı ve Benzeri İşler İçin Cam Eşya” İthalatında Soruşturma Açılmasına ve Geçici Önlem Alınmasına İlişkin Tebliğ (Gözetim ve Korunma : 2001/4)",https://www.resmigazete.gov.tr/eskiler/2001/06/20010609.htm#3
2001-06-09,20010609.pdf,https://www.resmigazete.gov.tr/eskiler/2001/06/20010609.pdf
2001-06-10,— Sanayi ve Ticaret Bakanlığı Teşkilatlandırma Genel Müdürlüğü Kooperatifler Kontrolörleri Yönetmeliğinin Bazı Maddelerinde Değişiklik Yapılmasına İlişkin Yönetmelik,https://www.resmigazete.gov.tr/eskiler/2001/06/20010610.htm#1
2001-06-10,— Mecburi Standard: ÖSG-2001/48-49 sayılı Tebliğ,https://www.resmigazete.gov.tr/eskiler/2001/06/20010610.htm#2
2001-06-11,"— Devlet Bakanı Prof. Dr. Şükrü S. GÜREL’e, Devlet Bakanı Fikret ÜNLÜ’nün Vekâlet Etmesine Dair Tezkere",https://www.resmigazete.gov.tr/eskiler/2001/06/20010611.htm#1
2001-06-11,"— Sosyal Güvenlik Kurumu Başkanlığı Sosyal Güvenlik Uzman Yardımcılığı ve Uzmanlığı Atama, Görev ve Çalışma Yönetmeliğinin Değiştirilmesine İlişkin Yönetmelik",https://www.resmigazete.gov.tr/eskiler/2001/06/20010611.htm#2
2001-06-11,— Osmaniye Valiliği Orman Yangınları ile Mücadele Komisyonu Kararı (No: 1),https://www.resmigazete.gov.tr/eskiler/2001/06/20010611.htm#3
2001-06-12,"— Başbakanlığa, Devlet Bakanı ve Başbakan Yardımcısı Dr. Devlet BAHÇELİ’nin Vekâlet Etmesine Dair Tezkere",https://www.resmigazete.gov.tr/eskiler/2001/06/20010612.htm#1
2001-06-12,"— Devlet Bakanı Dr. Kemal DERVİŞ’e, Orman Bakanı Prof. Dr. Nami ÇAĞAN’ın Vekâlet Etmesine Dair Tezkere",https://www.resmigazete.gov.tr/eskiler/2001/06/20010612.htm#2
2001-06-12,"— Çalışma ve Sosyal Güvenlik Bakanlığına, Turizm Bakanı Erkan MUMCU’nun Vekâlet Etmesine Dair Tezkere",https://www.resmigazete.gov.tr/eskiler/2001/06/20010612.htm#3
2001-06-12,— Sınır Tespitine Dair Bir Adet Karar,https://www.resmigazete.gov.tr/eskiler/2001/06/20010612.htm#4
2001-06-12,"— Özürlüler İdaresi Başkanlığı Özürlüler Uzman Yardımcısı ve Özürlüler Uzmanı Sınavı, Yetiştirilmeleri, Görev ve Sorumlulukları Hakkında Yönetmelikte Değişiklik Yapılmasına Dair Yönetmelik",https://www.resmigazete.gov.tr/eskiler/2001/06/20010612.htm#5
2001-06-12,"— 2001 Mali Yılı Bütçe Uygulama Talimatı (Seri No : 9) (Kadro, Pozisyon ve İstihdam Esasları)",https://www.resmigazete.gov.tr/eskiler/2001/06/20010612.htm#6
2001-06-12,"— Kamu İktisadi Teşebbüsleri ve Bağlı Ortaklıklarında Çalışan Sözleşmeli ve Kapsam Dışı Personel ile Yönetim Kurulu Başkan ve Üyeleri, Denetçi ve Tasfiye Kurulu Üyelerine 2001 Yılının Birinci Yarısında Ödenecek Ücretlerin Tespitine İlişkin Tebliğ (No: 2001/2)",https://www.resmigazete.gov.tr/eskiler/2001/06/20010612.htm#7
2001-06-12,— Kilis Valiliği Mahalli Çevre Kurulu Kararı (No : 1),https://www.resmigazete.gov.tr/eskiler/2001/06/20010612.htm#8
2001-06-13,"— Devlet Bakanı Prof. Dr. Abdulhaluk Mehmet ÇAY’a, Devlet Bakanı Prof. Dr. Ramazan MİRZAOĞLU’nun Vekâlet Etmesine Dair Tezkere",https://www.resmigazete.gov.tr/eskiler/2001/06/20010613.htm#1
2001-06-13,"— Dışişleri Bakanlığına, Devlet Bakanı ve Başbakan Yardımcısı H. Hüsamettin ÖZKAN’ın Vekâlet Etmesine Dair Tezkere",https://www.resmigazete.gov.tr/eskiler/2001/06/20010613.htm#2
2001-06-13,2001/2554 Bankacılık Düzenleme ve Denetleme Kurulu İkinci Başkan ve Üyeliklerine Yapılan Atamalar Hakkında Karar,https://www.resmigazete.gov.tr/eskiler/2001/06/20010613.htm#3
2001-06-13,2001/2558 Merkez Valiliklerine Yapılan Atamalar Hakkında Karar,https://www.resmigazete.gov.tr/eskiler/2001/06/20010613.htm#4
2001-06-13,"— Devlet, Adalet, Bayındırlık ve İskan, Sağlık, Çalışma ve Sosyal Güvenlik, Enerji ve Tabii Kaynaklar, Kültür ile Orman Bakanlıklarına Ait 12 Adet Atama Kararı",https://www.resmigazete.gov.tr/eskiler/2001/06/20010613.htm#5
2001-06-13,— Yükseköğretim Kurulu Döner Sermaye İşletmesi Yönetmeliğinin Yürürlükten Kaldırılması Hakkında Yönetmelik,https://www.resmigazete.gov.tr/eskiler/2001/06/20010613.htm#6
2001-06-13,— İşkolu Tespit Kararı (No : 2001/16),https://www.resmigazete.gov.tr/eskiler/2001/06/20010613.htm#7
2001-06-13,— Erzi ncan Valiliği Mahalli Çevre Kurulu Kararı (No : 2001/40),https://www.resmigazete.gov.tr/eskiler/2001/06/20010613.htm#8
2001-06-13,— Karaman İlinde Anız Yakılmasının Yasaklanmasına Dair Karar (No : 2001/3),https://www.resmigazete.gov.tr/eskiler/2001/06/20010613.htm#9
2001-06-13,— Kırklareli İli Sınırları Dahilinde Orman Yangınlarının Önlenmesi Amacıyla Alınması Gereken Tedbirler Hakkında Karar (No : 2001/2),https://www.resmigazete.gov.tr/eskiler/2001/06/20010613.htm#10
2001-06-14,"— Uyuşmazlık Mahkemesi Ceza Bölümü Yedek Üyeliğine, Askeri Yargıtay Üyesi Hak. Alb. Sadık LİMAN’ın Seçilmesine Dair Karar (No: 2001/22)",https://www.resmigazete.gov.tr/eskiler/2001/06/20010614.htm#1
2001-06-14,2001/2429 Hoca Ahmet Yesevi Uluslarara sı Türk-Kazak Üniversitesi Mütevelli Heyetine Atananlar Hakkında Karar,https://www.resmigazete.gov.tr/eskiler/2001/06/20010614.htm#2
2001-06-14,"— Atatürk Üniversitesi Fen Bilimleri Enstitüsü Lisansüstü Eğitim, Öğretim ve Sınav Yönetmeliğinin Bazı Maddelerinin Değiştirilmesine Dair Yönet melik",https://www.resmigazete.gov.tr/eskiler/2001/06/20010614.htm#3
2001-06-14,Erciyes Üniversitesi Tıp Fakültesi Eğitim-Öğretim ve Sınav Yönetmeliğinin 10 uncu Maddesinin Değiştirilmesi Hakkında Yönetmelik,https://www.resmigazete.gov.tr/eskiler/2001/06/20010614.htm#4
2001-06-14,— Galatasaray Üniversitesi İngilizce Öğretim Yönetmeliği,https://www.resmigazete.gov.tr/eskiler/2001/06/20010614.htm#5
2001-06-14,"— Gaziosmanpaşa Üniversitesi Önlisans ve Lisans Eğitim, Öğretim ve Sınav Yönetmeliğinin Bazı Maddelerinde Değişiklik Yapılması Hakkında Yönet melik",https://www.resmigazete.gov.tr/eskiler/2001/06/20010614.htm#6
2001-06-14,— Muğla Üniversitesi Kütüphaneleri Yönetmeliğinin 16 ncı Maddesinde Değişiklik Yapılmasına Dair Yönetmelik,https://www.resmigazete.gov.tr/eskiler/2001/06/20010614.htm#7
2001-06-14,— Antalya İli Sınırları Dahilindeki Bazı Orman Alanlarına Giriş ve Çıkışların Yasaklanması Hakkında Karar,https://www.resmigazete.gov.tr/eskiler/2001/06/20010614.htm#8
2001-06-14,"— Danıştay Dördüncü Dairesinin E : 2001/657, K : 2001/1510 Sayılı Kararı",https://www.resmigazete.gov.tr/eskiler/2001/06/20010614.htm#9
2001-06-14,"— Danıştay Dördüncü Dairesinin E : 2001/656, K : 2001/1511 Sayılı Kararı",https://www.resmigazete.gov.tr/eskiler/2001/06/20010614.htm#10
2001-06-15,"— Başbakanlığa, Devlet Bakanı ve Başbakan Yardımcısı Dr. Devlet BAHÇELİ’nin Vekâlet Etmesine Dair Tezkere",https://www.resmigazete.gov.tr/eskiler/2001/06/20010615.htm#1
2001-06-15,"2001/2477 Bulgaristan Vatandaşlarına, Bazı Esaslar Çerçevesinde Vize Muafiyeti Tanınması Hakkında Karar",https://www.resmigazete.gov.tr/eskiler/2001/06/20010615.htm#2
2001-06-15,2001/2556 2001-2002 Dönemi Hububat Ürünü Destekleme Alımı ve Satımı Hakkında Karar,https://www.resmigazete.gov.tr/eskiler/2001/06/20010615.htm#3
2001-06-15,2001/2473 Devlet Memurlarının Tedavi Yardımı ve Cenaze Giderleri Yönetmeliğinde Değişiklik Yapılmasına Dair Yönetmelik,https://www.resmigazete.gov.tr/eskiler/2001/06/20010615.htm#4
2001-06-15,— G ençlik ve Spor Genel Müdürlüğü Teftiş Kurulu Yönetmeliğinde Değişiklik Yapılmasına Dair Yönetmelik,https://www.resmigazete.gov.tr/eskiler/2001/06/20010615.htm#5
2001-06-15,"— Gençlik ve Spor Genel Müdürlüğü Spor Federasyonlarının Teşkilatı Çalışma, Görev, Yetki ve Sorumluluk Yönetmeliğinin 14 üncü Maddesinde Değişiklik Yapılması na Dair Yönetmelik",https://www.resmigazete.gov.tr/eskiler/2001/06/20010615.htm#6
2001-06-15,— Vergi Usul Kanunu Genel Tebliği (Sıra No: 296),https://www.resmigazete.gov.tr/eskiler/2001/06/20010615.htm#7
2001-06-16,"— Dışişleri Bakanlığına, Devlet Bakanı ve Başbakan Yardımcısı H. Hüsamettin ÖZKAN’ın Vekâlet Etmesine Dair Tezkere",https://www.resmigazete.gov.tr/eskiler/2001/06/20010616.htm#1
2001-06-16,— Afyon Kocatepe Üniversitesi Lisansüst ü Eğitim-Öğretim ve Sınav Yönet mel iğine İki Ek Madde Eklenmesine İlişkin Yönetmelik,https://www.resmigazete.gov.tr/eskiler/2001/06/20010616.htm#2
2001-06-16,— Dış Ticarette Standardizasyon Tebliğinde Değişiklik Yapılması Hakkında Tebliğ (No : 2001/15),https://www.resmigazete.gov.tr/eskiler/2001/06/20010616.htm#3
2001-06-16,— Dış Ticarette Standardizasyon Tebliğinde Değişiklik Yapılması Hakkında Tebliğ (No : 2001/16),https://www.resmigazete.gov.tr/eskiler/2001/06/20010616.htm#4
2001-06-16,— Dış Ticarette Standardizasyon Tebliğinde Değişiklik Yapılması Hakkında Tebliğ (No : 2001/17),https://www.resmigazete.gov.tr/eskiler/2001/06/20010616.htm#5
2001-06-16,"— Mülki İdare Amirleri Atama, Değerlendirme ve Yerdeğiştirme Yönetmeliğinin Eki Cetvellerde Değişiklik Yapılması Hakkında Tebliğ (No: 2001/6)",https://www.resmigazete.gov.tr/eskiler/2001/06/20010616.htm#6
2001-06-16,— Yozgat Valiliği Orman Yangınları ile Mücadele Komisyonu Kararı (No: 1),https://www.resmigazete.gov.tr/eskiler/2001/06/20010616.htm#7
2001-06-17,"— Devlet Bakanı ve Başbakan Yardımcısı Mesut YILMAZ’a, İçişleri Bakanı Rüştü Kazım YÜCELEN’in Vekâlet Etmesine Dair Tezkere",https://www.resmigazete.gov.tr/eskiler/2001/06/20010617.htm#1
2001-06-17,2001/2453 Merkezde Günlük Çalışma Saatlerinin Tesbitine İlişkin Karar,https://www.resmigazete.gov.tr/eskiler/2001/06/20010617.htm#2
2001-06-17,— T.C. Emekli Sandığı Genel Müdürlüğü Disiplin Amirleri Yönetmeliğinde Değişiklik Yapılmasına Dair Yönetmelik,https://www.resmigazete.gov.tr/eskiler/2001/06/20010617.htm#3
2001-06-17,— T.C. Emekli Sandığı Genel Müdürlüğü Sicil Amirleri Yönetmeliğinde Değişiklik Yapılmasına Dair Yönetmelik,https://www.resmigazete.gov.tr/eskiler/2001/06/20010617.htm#4
2001-06-17,— Afyon Kocatepe Üniversitesi Atatürk İlkeleri ve İnkılap Tarihi Araştırma ve Uygulama Merkezi Yönetmeliği,https://www.resmigazete.gov.tr/eskiler/2001/06/20010617.htm#5
2001-06-17,"— Karadeniz Teknik Üniversitesi Önlisans ve Lisans Eğitim-Öğretim, Sınav, Değerlendirme ve Öğrenci İşleri Yönetmeliğinin 15 inci Maddesinin Değiştirilmesine Dair Yönetmelik",https://www.resmigazete.gov.tr/eskiler/2001/06/20010617.htm#6
2001-06-17,— Karadeniz Teknik Üniversitesi Sağlık Yüksekokulları Lisans Eğitim-Öğretim ve Sınav Yönetmeliğinin 21 inci Maddesinin Değiştirilmesine Dair Yönetmelik,https://www.resmigazete.gov.tr/eskiler/2001/06/20010617.htm#7
2001-06-17,— Karadeniz Teknik Üniversitesi Tıp Fakültesi Eğitim-Öğretim ve Sınav Yönetmeliğinin 18 inci Maddesinin Değiştirilmesine Dair Yönetmelik,https://www.resmigazete.gov.tr/eskiler/2001/06/20010617.htm#8
2001-06-17,— İthalat : 2001/6 Sayılı Tebliğde Yer Alan Sanayi Ürünlerinin Satış Sonrası Hizmetlerine Dair SGM-2001/1 Sayılı Tebliğde Değişiklik Yapılmasına Dair Tebliğ (No : SGM-2001/5),https://www.resmigazete.gov.tr/eskiler/2001/06/20010617.htm#9
2001-06-17,— Trafiğe İlk Defa Çıkacak Motorlu Araçlar İçin Havayı Kirletici Gazların Emisyon Değerleri Uygulama Usul ve Esasları Hakkında SGM-2000/77 Sayılı Tebliğde Değişiklik Yapılmasına Dair Tebliğ (No : SGM-2001/6),https://www.resmigazete.gov.tr/eskiler/2001/06/20010617.htm#10
2001-06-17,— Motorlu Araçlar ve Römorkları Tip Onayı Yönetmeliğinin SGM-2001/2 Sayılı Uygulama Usul ve Esasları Tebliğinde Değişiklik Yapılmasına Dair Tebliğ (No: SGM - 2001/7),https://www.resmigazete.gov.tr/eskiler/2001/06/20010617.htm#11
2001-06-17,— Petrol Ürünlerine Uygulanacak Akaryakıt Fiyat İstikrar Fonu Payları Hakkında Tebliğ (PİGM/AFİF 2001-19),https://www.resmigazete.gov.tr/eskiler/2001/06/20010617.htm#14
2001-06-17,— Gaziantep Valiliği Mahalli Çevre Kurulu Kararı (No : 2001/3),https://www.resmigazete.gov.tr/eskiler/2001/06/20010617.htm#12
2001-06-17,— Kahramanmaraş Valiliği Mahalli Çevre Kurulu Kararı (No : 5),https://www.resmigazete.gov.tr/eskiler/2001/06/20010617.htm#13
2001-06-18,2001/2488 3050 Kişinin Türk Vatandaşlığından Çıkmasına İzin Verilmesi ve Çeşitli Kararnamelerle Türk Vatandaşlığından Çıkmasına İzin Verilen Bazı Kişiler Hakkındaki Hükümlerin İptaline Dair Karar,https://www.resmigazete.gov.tr/eskiler/2001/06/20010618.htm#1
2001-06-18,— Millî Eğitim Bakanlığı Personeli Görevde Yükselme Yönetmeliğinde Değişiklik Yapılması Hakkında Yönetmelik,https://www.resmigazete.gov.tr/eskiler/2001/06/20010618.htm#2
2001-06-18,— Veteriner Hekim Muayenehane ve Poliklinik Yönetmeliği,https://www.resmigazete.gov.tr/eskiler/2001/06/20010618.htm#3
2001-06-18,— Çevre Bakanlığı Mahalli Çevre Kurulları Çalışma Esas ve Usulleri Yönetmeliğinin Bazı Maddelerinin Değiştirilmesi ve 9 uncu Maddesine Bir Fıkra Eklenmesine İlişkin Yönetmelik,https://www.resmigazete.gov.tr/eskiler/2001/06/20010618.htm#4
2001-06-18,— Akdeniz Üniversitesi Eğitim-Öğretim ve Sınav Yönetmeliğinin 18 inci Maddesinde Değişiklik Yapılmasına Dair Yönetmelik,https://www.resmigazete.gov.tr/eskiler/2001/06/20010618.htm#5
2001-06-18,— Akdeniz Üniversitesi Sosyal Bilimler Enstitüsü Lisansüstü Eğitim ve Öğretim Yönetmeliğinin 4 ve 7 nci Maddelerinde Değişiklik Yapılmasına Dair Yönetmelik,https://www.resmigazete.gov.tr/eskiler/2001/06/20010618.htm#6
2001-06-18,Hacettepe Üniversitesi Kadın Sorunları Araştırma ve Uygulama Merkezi (HÜKSAM) Yönetmeliği,https://www.resmigazete.gov.tr/eskiler/2001/06/20010618.htm#7
2001-06-18,— 2001 Yılı Sosyal Sigortalar Kurumu Başkanlığı İlaç Listesi ve Uygulama Talimatı (Seri No : 2001/1),https://www.resmigazete.gov.tr/eskiler/2001/06/20010618.htm#8
2001-06-18,— 2001 Yılı Mayıs Ayına Ait Dahilde İşleme İzin Belgelerinin Sektörel Dağılımı Hakkında Tebliğ,https://www.resmigazete.gov.tr/eskiler/2001/06/20010618.htm#9
2001-06-18,— 2001 Yılı Mayıs Ayına Ait Yurt İçi Satış Teslimler ile İlgili Belgelerin Sektörel Dağılımı Hakkında Tebliğ,https://www.resmigazete.gov.tr/eskiler/2001/06/20010618.htm#10
2001-06-18,— 2001 Yılı Mayıs Ayına Ait Verilen Hariçte İşleme İzin Belgelerinin Sektö rel Dağılımı Hakkında Tebliğ,https://www.resmigazete.gov.tr/eskiler/2001/06/20010618.htm#11
2001-06-18,— 2001 Yılı Mayıs Ayına Ait Vergi Resim ve Harç İstisnası Belgelerinin Sektörel Dağılımı Hakkında Tebliğ,https://www.resmigazete.gov.tr/eskiler/2001/06/20010618.htm#12
2001-06-18,— Uyuşmazlık Mahkemesine Ait 30 Adet Karar,https://www.resmigazete.gov.tr/eskiler/2001/06/20010618.htm#13
2001-06-19,— Sanayi ve Ticaret Bakanlığı Personeli Görevde Yükselme Yönetmeliği,https://www.resmigazete.gov.tr/eskiler/2001/06/20010619.htm#1
2001-06-19,— Çağ Üniversitesi Yaz Öğretimi Yönetmeliği,https://www.resmigazete.gov.tr/eskiler/2001/06/20010619.htm#2
2001-06-19,— Eskişehir Valiliği Mahalli Çevre Kurulu Kararı (No : 5),https://www.resmigazete.gov.tr/eskiler/2001/06/20010619.htm#3
2001-06-19,— Tokat Valiliği Orman Yangınları ile Mücadele Komisyonu Kararı (No : 2001/1),https://www.resmigazete.gov.tr/eskiler/2001/06/20010619.htm#4
2001-06-20,4679 Askerlik Kanununda Değişiklik Yapılmasına Dair Kanun,https://www.resmigazete.gov.tr/eskiler/2001/06/20010620.htm#1
2001-06-20,2001/2455 Türkiye-Slovak Serbest Ticaret Anlaşması’na Protokol 2’ye Ait Ek B’de Yer Alan Canlı Büyükbaş Hayvanlar İçin Geçici Telafi Sağlanmasına Dair Ortak Komite Kararı’nın Onaylanması Hakkında Karar,https://www.resmigazete.gov.tr/eskiler/2001/06/20010620.htm#2
2001-06-20,2001/2484 Günaydoğu Avrupa Çokuluslu Barış Gücü Anlaşmasına Üçüncü Ek Protokol’ün Onaylanması Hakkında Karar,https://www.resmigazete.gov.tr/eskiler/2001/06/20010620.htm#3
2001-06-20,"— Devlet Bakanı Hasan GEMİCİ’ye, Devlet Bakanı Mustafa YILMAZ’ın Vekâlet Etmesine Dair Tezkere",https://www.resmigazete.gov.tr/eskiler/2001/06/20010620.htm#4
2001-06-20,2001/2559 Şeker Kurulu Başkan ve Üyeliklerine Yapılan Atamalar Hakkında Karar,https://www.resmigazete.gov.tr/eskiler/2001/06/20010620.htm#5
2001-06-20,— Hâkimler ve Cumhuriyet Savcıları Hakkında Uygulanacak Atama ve Nakil Yönetmeliğinde Değişiklik Yapılmasına Dair Yönetmelik,https://www.resmigazete.gov.tr/eskiler/2001/06/20010620.htm#6
2001-06-20,— Proje ve Kontrolluk İşlerinde Uygulanacak Fiyat Artış Oranları Hakkında Tebliğ,https://www.resmigazete.gov.tr/eskiler/2001/06/20010620.htm#7
2001-06-20,"— İşkolu Tespit Kararları (Seri No : 2001/17, 18, 19, 20, 21, 22, 23, 24, 25, 26)",https://www.resmigazete.gov.tr/eskiler/2001/06/20010620.htm#8
2001-06-20,— Zorunlu Deprem Sigortası Genel Şartlarında Değişiklik Yapılmasına Dair Genel Şartlar,https://www.resmigazete.gov.tr/eskiler/2001/06/20010620.htm#9
2001-06-20,— Zorunlu Deprem Sigortası Tarife ve Talimatında Değişiklik Yapılmasına Dair Tarife ve Talimat,https://www.resmigazete.gov.tr/eskiler/2001/06/20010620.htm#10
2001-06-20,— Gümrük Genel Tebliğ (Seri No : 6) (Yatırım Teşvik),https://www.resmigazete.gov.tr/eskiler/2001/06/20010620.htm#11
2001-06-21,4677 Türkiye Cumhuriyeti Emekli Sandığı Kanunu ile Nakdi Tazminat ve Aylık Bağlanması Hakkında Kanunda Değişiklik Yapılmasına İlişkin Kanun Hükmünde Kararnamenin Değiştirilerek Kabulüne Dair Kanun,https://www.resmigazete.gov.tr/eskiler/2001/06/20010621.htm#1
2001-06-21,4678 Türk Silâhlı Kuvvetlerinde İstihdam Edilecek Sözleşmeli Subay ve Astsubaylar Hakkında Kanun,https://www.resmigazete.gov.tr/eskiler/2001/06/20010621.htm#2
2001-06-21,4681 Ceza İnfaz Kurumları ve Tutukevleri İzleme Kurulları Kanunu,https://www.resmigazete.gov.tr/eskiler/2001/06/20010621.htm#3
2001-06-21,4682 2001 Malî Yılı Bütçe Kanunu ile Bağlı Cetvellerinde Değişiklik Yapılmasına Dair Kanun,https://www.resmigazete.gov.tr/eskiler/2001/06/20010621.htm#4
2001-06-21,"719 Bitlis-Ahlat İlçesinin Tarihi, Kültürel ve Turistik Değerlerinin Araştırılarak Ekonomik ve Sosyal Yönden Kalkınması İçin Alınması Gereken Önlemlerin Belirlenmesi Amacıyla Kurulan Meclis Araştırması Komisyonuna Üye Seçimine İlişkin Karar",https://www.resmigazete.gov.tr/eskiler/2001/06/20010621.htm#5
2001-06-21,"— Cumhurbaşkanlığına, Türkiye Büyük Millet Meclisi Başkanı Ömer İZGİ’nin Vekâlet Etmesine Dair Tezkere",https://www.resmigazete.gov.tr/eskiler/2001/06/20010621.htm#6
2001-06-21,"— Devlet Bakanı Prof. Dr. Tunca TOSKAY’a, Tarım ve Köyişleri Bakanı Prof. Dr. Hüsnü Yusuf GÖKALP’in V ekâlet Etmesine Dair Tezkere",https://www.resmigazete.gov.tr/eskiler/2001/06/20010621.htm#7
2001-06-21,2001/2447 933 Kişiye Türk Vatandaşlığının Kaybettirilmesi Hakkında Karar,https://www.resmigazete.gov.tr/eskiler/2001/06/20010621.htm#8
2001-06-21,2001/2493 Çay Bahçelerinin Islahı ve Kaliteli Çay Üretiminin Temini Amacıyla Budamaya Tabi Tutulan Çaylıklar Nedeniyle Üreticilerin Uğradığı Gelir Kaybının Tazminine İlişkin Karar,https://www.resmigazete.gov.tr/eskiler/2001/06/20010621.htm#9
2001-06-21,2001/2502 Ereğli Demir ve Çelik Fabrikaları TürkAnonim Şirketi’nin Kayıtlı Sermayesinin Yükseltilmesi Hakkında Karar,https://www.resmigazete.gov.tr/eskiler/2001/06/20010621.htm#10
2001-06-21,2001/2512 Orman Ürünlerinin Tahsisli Satışları Hakkında Esaslarda Değişiklik Yapılmasın a Dair Karar,https://www.resmigazete.gov.tr/eskiler/2001/06/20010621.htm#11
2001-06-21,"2001/2537 Köy Hizmetleri Genel Müdürlüğü’nün Taşra Teşkilatında Yer Alan Afyon, Ankara, Elazığ, İçel ve İstanbul Makina İkmal Müdürlüklerinin Kaldırılması Hakkında Karar",https://www.resmigazete.gov.tr/eskiler/2001/06/20010621.htm#12
2001-06-21,2001/2538 Maden Tetkik ve Arama Genel Müdürlüğü’nün Bölge Müdürlükleri ile Bu Bölge Müdürlüklerine Bağlı İllerin Yeniden Düzenlenmesi Hakkında Karar,https://www.resmigazete.gov.tr/eskiler/2001/06/20010621.htm#13
2001-06-21,— Hakimler ve Savcılar Yüksek Kuruluna Ait Karar,https://www.resmigazete.gov.tr/eskiler/2001/06/20010621.htm#14
2001-06-21,"2001/2475 Merkezi Kayıt Kuruluşunun Kuruluş, Faaliyet, Çalışma ve Denetim Esasları Hakkında Yönetmelik",https://www.resmigazete.gov.tr/eskiler/2001/06/20010621.htm#15
2001-06-21,2001/2526 Devlet Memurlarının Yer Değiştirme Suretiyle Atanmalarına İlişkin Yönetmelikte Değişiklik Yapılması Hakkında Yönetmelik,https://www.resmigazete.gov.tr/eskiler/2001/06/20010621.htm#16
2001-06-21,— Basın-Yayın ve Enformasyon Genel Müdürlüğü Personeli Görevde Yükselme Yönetmeliğinde Değişiklik Yapılması Hakkında Yönetmelik,https://www.resmigazete.gov.tr/eskiler/2001/06/20010621.htm#17
2001-06-21,— Makina ve Kimya Endüstrisi Kurumu Çankırı Silah Sanayi ve Ticaret Anonim Şirketi Arşiv Hizmetleri Yönetmeliği,https://www.resmigazete.gov.tr/eskiler/2001/06/20010621.htm#18
2001-06-21,— Aracı Kurumların Tedrici Tasfiye Usul ve Esasları Hakkında Yönetmelik,https://www.resmigazete.gov.tr/eskiler/2001/06/20010621.htm#19
2001-06-21,— Yatırımcıları Koruma Fonu Yönetmeliği,https://www.resmigazete.gov.tr/eskiler/2001/06/20010621.htm#20
2001-06-21,— A nkara Elektrik Havagazı ve Otobüs İşletme Müessesesi (EGO) Genel Müdürlüğü Teftiş Kurulu Yönetmeliğinin Yürürlükten Kaldırılmasına Dair Yönetmelik,https://www.resmigazete.gov.tr/eskiler/2001/06/20010621.htm#21
2001-06-21,"— Osmangazi Üniversitesi Önlisans, Lisans Öğretim ve Sınav Yönetmeliğinin 19 ve 23 üncü Maddelerinin Değiştirilmesi Hakkında Yönetmelik",https://www.resmigazete.gov.tr/eskiler/2001/06/20010621.htm#22
2001-06-21,— Doğrudan Gelir Desteği Yapılması ve Bu Amaçla Oluşturulacak Çiftçi Kayıt Sistemine İlişkin Uygulama Tebliği (No : 2001/15),https://www.resmigazete.gov.tr/eskiler/2001/06/20010621.htm#23
2001-06-21,— Bankacılık Düzenleme ve Denetleme Kurulu Kararı (No : 346),https://www.resmigazete.gov.tr/eskiler/2001/06/20010621.htm#24
2001-06-21,— Yargıtay 18. Hukuk Dairesine Ait 2 Adet Karar,https://www.resmigazete.gov.tr/eskiler/2001/06/20010621.htm#25
2001-06-22,"— Devlet Bakanı Prof. Dr. Abdulhaluk Mehmet ÇAY’a, Devlet Bakanı Prof. Dr. Ramazan MİRZAOĞLU’nun Vekâlet Etmesine Dair Tezkere",https://www.resmigazete.gov.tr/eskiler/2001/06/20010622.htm#1
2001-06-22,"— Sanayi ve Ticaret Bakanlığına, Ulaştırma Bakanı Prof. Dr. Enis ÖKSÜZ’ün Vekâlet Etmesine Dair Tezkere",https://www.resmigazete.gov.tr/eskiler/2001/06/20010622.htm#2
2001-06-22,— Eşyanın Tercihli Menşeinin Tespiti Hakkında Yönetmelikte Değişiklik Yapılmasına Dair Yönetmelik,https://www.resmigazete.gov.tr/eskiler/2001/06/20010622.htm#3
2001-06-22,— Adalet Bakanlığı Ceza İnfaz Kurumları ile Tutukevleri Kontrolörleri Yönetmeliğinde Değişiklik Yapılmasına Dair Yö netmelik,https://www.resmigazete.gov.tr/eskiler/2001/06/20010622.htm#4
2001-06-22,— Türkiye İş Kurumu Genel Müdürlüğü Teftiş Kurulu Yönetmeliğinde Değişiklik Yapılmasına Dair Yönetmelik,https://www.resmigazete.gov.tr/eskiler/2001/06/20010622.htm#5
2001-06-22,— Motorlu Araçların ve Römorklarının Yönlendirme (Direksiyon) Tertibatı ile İlgili TipOnayı Yönetmeliğinde Değişiklik Yapılmasına Dair Yönetmeli k (70/311/AT),https://www.resmigazete.gov.tr/eskiler/2001/06/20010622.htm#6
2001-06-22,— İstanbul Üniversitesi İşletme Fakültesi Lisans Öğretim ve Sınav Yönetmeliğinin Bazı Maddelerinin Değiştirilmesine Dair Yönetmelik,https://www.resmigazete.gov.tr/eskiler/2001/06/20010622.htm#7
2001-06-22,— İstanbul Üniversitesi Yaz Öğretimi Yönetmeliğine Bir Ek Madde Eklenmesine Dair Yönetmelik,https://www.resmigazete.gov.tr/eskiler/2001/06/20010622.htm#8
2001-06-22,— Petro l Ürünlerine Uygulanacak Akaryakıt Fiyat İstikrar Fonu Payları Hakkında Tebliğ (PİGM/AFİF 2001-20),https://www.resmigazete.gov.tr/eskiler/2001/06/20010622.htm#9
2001-06-22,— 2001 Yılı Mayıs Ayına Ait Yatırım Teşvik Belgelerinin Sektörel Dağılımı Hakkında Tebliğ,https://www.resmigazete.gov.tr/eskiler/2001/06/20010622.htm#10
2001-06-22,— 2001 Yılı Mayıs Ayına Ait Yabancı Sermayeli Teşvik ve Yatırım İzin Belgelerinin Sektörel Dağılımı Hakkında Tebliğ,https://www.resmigazete.gov.tr/eskiler/2001/06/20010622.htm#11
2001-06-22,— Gümrük Genel Tebliği Seri No : 2’de Değişiklik Yapılmasına Dair Tebliğ (Muafiyetler) Seri No : 9,https://www.resmigazete.gov.tr/eskiler/2001/06/20010622.htm#12
2001-06-22,— Rekabet Kurulunun 99-44/466-295 Sayılı Kararı,https://www.resmigazete.gov.tr/eskiler/2001/06/20010622.htm#13
2001-06-22,— Rekabet Kurulunun 00-14/134-66 Sayılı Kararı,https://www.resmigazete.gov.tr/eskiler/2001/06/20010622.htm#14
2001-06-22,— Rekabet Kurulun un 00-29/323-183 Sayılı Kararı,https://www.resmigazete.gov.tr/eskiler/2001/06/20010622.htm#15
2001-06-22,— Ankara Valiliği Mahalli Çevre Kurulu Kararı (No : 2001/3),https://www.resmigazete.gov.tr/eskiler/2001/06/20010622.htm#16
2001-06-23,2001/2546 Türkiye Cumhuriyeti Adalet B akanlığı ile Azerbaycan Cumhuriyeti Adalet Bakanlığı Arasında İşbirliğine İlişkin Protokol’un Onaylanması Hakkında Karar,https://www.resmigazete.gov.tr/eskiler/2001/06/20010623.htm#1
2001-06-23,— Milli Piyango İdaresi Genel Müdürlüğ ü Personeli Görevde Yükselme Yö netmeliğinde Değişiklik Yapılmasına Dair Yönetmelik,https://www.resmigazete.gov.tr/eskiler/2001/06/20010623.htm#2
2001-06-23,— Ceza İnfaz Kurumları ve Tutukevlerinde Hükümlü ve Tutukluların Dışarıdaki Yakınlarıyla Telefonla Görüşmeleri Hakkında Yönetmelik,https://www.resmigazete.gov.tr/eskiler/2001/06/20010623.htm#3
2001-06-23,— Ayakta Teşhis ve Tedavi Yapılan Özel Sağlık Kuruluşları Hakkında Yönetmelikte Değişiklik Yapılmasına Dair Yönetmelik,https://www.resmigazete.gov.tr/eskiler/2001/06/20010623.htm#4
2001-06-23,— Tekirdağ Valiliği Mahalli Çevre Kurulu Kararı (No : 4),https://www.resmigazete.gov.tr/eskiler/2001/06/20010623.htm#5
2001-06-24,"— Sağlık Bakanlığına, Devlet Bakanı Faruk BAL’ın Vekâlet Etmesine Dair Tezkere",https://www.resmigazete.gov.tr/eskiler/2001/06/20010624.htm#1
2001-06-24,2001/2503 3081 Kişinin Türk Vatandaşlığından Çıkmasına İzin Verilmesi ve Bazı Kararnameler ile Türk Vatandaşlığından Çıkmalarına İzin Verilen 91 Kişiyle İlgili Hükmün İptali Hakkında Karar,https://www.resmigazete.gov.tr/eskiler/2001/06/20010624.htm#2
2001-06-24,— 2001 Mali Yılı Bütçe Uygulama Talimatı (Seri No: 10) (Yaz Okulu-Tezsiz Yüksek Lisans Programları),https://www.resmigazete.gov.tr/eskiler/2001/06/20010624.htm#3
2001-06-25,2001/2499 Türkiye Cumhuriyeti Genelkurmay Başkanlığı ile İsrail Devleti Savunma Bakanlığı Arasında Hidrografi ve Oşinografi Alanlarında İşbirliği Hakkında Uygulama Anlaşması’nın Onaylanması Hakkında Karar,https://www.resmigazete.gov.tr/eskiler/2001/06/20010625.htm#1
2001-06-25,2001/2544 Türk-Hollanda Kara Ulaştırması Karma Komisyon Toplantısı Protokolü’nün Onaylanması Hakkında Karar,https://www.resmigazete.gov.tr/eskiler/2001/06/20010625.htm#2
2001-06-25,— Devlet İstatistik Enstitüsü Başkanlığı P ersoneli Görevde Yükselme Yönet meliğinde Değişiklik Yapılması Hakkında Yönetmel ik,https://www.resmigazete.gov.tr/eskiler/2001/06/20010625.htm#3
2001-06-25,— İller Bankası Jeoter mal Enerji Tesisi Pro jelerinin Hazırlanmasına Ait Yö netmelik,https://www.resmigazete.gov.tr/eskiler/2001/06/20010625.htm#4
2001-06-25,— Ankara İli Sınırları Dahilinde Orman Yangınlarının Önlenmesi Amacıyla Alınması Gereken Tedbirler Hakkında Karar (No : 2001/1),https://www.resmigazete.gov.tr/eskiler/2001/06/20010625.htm#5
2001-06-25,— Diyarbakır Valiliği Mahalli Çevre Kurulu Kararı (No : 4),https://www.resmigazete.gov.tr/eskiler/2001/06/20010625.htm#6
2001-06-26,4680 Üretimini Likit Petrol Gazı ile Yapan Üreticilerin Zararlarının Karşılanması Hakkında Kanun,https://www.resmigazete.gov.tr/eskiler/2001/06/20010626.htm#1
2001-06-26,4683 Maden Kanununda Değişiklik Yapılmasına ve Tuz Kanununun Yürürlükten Kaldırılmasına İlişkin Kanun,https://www.resmigazete.gov.tr/eskiler/2001/06/20010626.htm#2
2001-06-26,4687 Karadeniz Deniz İşbirliği Görev Grubu Teşkiline Dair Anlaşmanın Onaylanmasının Uygun Bulunduğu Hakkında Kanun,https://www.resmigazete.gov.tr/eskiler/2001/06/20010626.htm#3
2001-06-26,2001/2504 Türkiye-Hollanda Ekonomik ve Teknolojik İşbirliği Karma Komisyonu Altıncı Dönem Mutabakat Zaptının Onaylanması Hakkında Karar,https://www.resmigazete.gov.tr/eskiler/2001/06/20010626.htm#4
2001-06-26,"— Devlet Bakanı Dr. Yılmaz KARAKOYUNLU’ya, Devlet Bakanı Edip Safder GAYDALI’nın Vekâlet Etmesine Dair Tezkere",https://www.resmigazete.gov.tr/eskiler/2001/06/20010626.htm#5
2001-06-26,"— Milli Savunma Bakanlığına, Devlet Bakanı Prof. Dr. Tunca TOSKAY’ın Vekâlet Etmesine Dair Tezkere",https://www.resmigazete.gov.tr/eskiler/2001/06/20010626.htm#6
2001-06-26,"— Dışişleri Bakanlığına, Devlet Bakanı Prof. Dr. Şükrü S. GÜREL’in Vekâlet Etmesine Dair Tezkere",https://www.resmigazete.gov.tr/eskiler/2001/06/20010626.htm#7
2001-06-26,"— Tarım ve Köyişleri Bakanlığına, Bayındırlık ve İskan Bakanı Koray AYDIN’ın Vekâlet Etmesine Dair Tezkere",https://www.resmigazete.gov.tr/eskiler/2001/06/20010626.htm#8
2001-06-26,"— Devlet Bakanı ve Başbakan Yardımcılığı, Devlet, Maliye, Tarım ve Köyişleri, Çalışma ve Sosyal Güvenlik, Sanayi ve Ticaret, Enerji ve Tabii Kaynaklar ile Kültür Bakanlığına Ait Atama Kararları",https://www.resmigazete.gov.tr/eskiler/2001/06/20010626.htm#9
2001-06-26,— Hakimler ve Savcılar Yüksek Kuruluna Ait Karar,https://www.resmigazete.gov.tr/eskiler/2001/06/20010626.htm#10
2001-06-27,"720 ""Kuzeyden Keşif Harekatı""nın Görev Süresinin Uzatılmasına Dair Karar",https://www.resmigazete.gov.tr/eskiler/2001/06/20010627.htm#1
2001-06-27,2001/2491 Güneydoğu Avrupa Çokuluslu Barış Gücü Anlaşmasının İkinci Ek Protokolü’nün Onaylanması Hakkında Karar,https://www.resmigazete.gov.tr/eskiler/2001/06/20010627.htm#2
2001-06-27,"2001/2494 Türkiye Cumhuriyeti Ekonomik, Kültürel,Eğitim ve Teknik İşbirliği Başkanlığı (EKETİB) ile Tunus Teknik İşbirliği Ajansı (ATCT) Arasında Gelişmekte Olan Ülkelerde Yürütülecek Üçlü Teknik İşbirliği Programına İlişkin Anlaşma’nın Onaylanması Hakkında Karar",https://www.resmigazete.gov.tr/eskiler/2001/06/20010627.htm#3
2001-06-27,2001/2513 Türkiye Cumhuriyeti ve Federal Yugoslavya Cumhuriyeti Arasında Uluslararası Karayolu Taşımacılığı Konusunda Düzenlenen Karma Komisyon Toplantısı Protokolü’nün Onaylanması Hakkında Karar,https://www.resmigazete.gov.tr/eskiler/2001/06/20010627.htm#4
2001-06-27,2001/2541 Marmara Depreminin Neden Olduğu Hasarların Giderilmesini Teminen Avrupa Konseyi Kalkınma Bankası’ndan Kalıcı Konutlar İçin Sağlanan Kredinin Beşinci Diliminin Tahsis Edilmesine İlişkin Türkiye Cumhuriyeti ile Adı Geçen Banka Arasında İmzalanan Anlaşma’nın Onaylanması Hakkında Karar,https://www.resmigazete.gov.tr/eskiler/2001/06/20010627.htm#5
2001-06-27,2001/2528 Kötü Şartlardaki Çocuk İşçiliğinin Yasaklanması ve Ortadan Kaldırılmasına İlişkin Acil Önlemler Sözleşmesi'nin Onaylanması Hakkında Karar,https://www.resmigazete.gov.tr/eskiler/2001/06/20010627.htm#6
2001-06-27,2001/2582 Akaryakıt Tüketim Vergisi Tutarlarının Tespitine İlişkin Karar,https://www.resmigazete.gov.tr/eskiler/2001/06/20010627.htm#7
2001-06-27,2001/2622 2001 Dönemi Haşhaş Kapsülü ve Tohumu Destekleme Alımı ve Satımı Hakkında Karar,https://www.resmigazete.gov.tr/eskiler/2001/06/20010627.htm#8
2001-06-27,— Devlet Planlama Müsteşarlığı Personeli Atama ve Görevde Yükselme Yönetmeliğinde Değişiklik Yapılması Hakkında Yönetmelik,https://www.resmigazete.gov.tr/eskiler/2001/06/20010627.htm#9
2001-06-27,— Türkiye Cumhuriyeti Tarafından Tek Taraflı Olarak Tanınan Tercihli Tarife Uygulamalarından Yararlanacak Eşyanın Menşeinin Tespitine İlişkin Yönetmelik,https://www.resmigazete.gov.tr/eskiler/2001/06/20010627.htm#10
2001-06-27,"— Devlet İstatistik Enstitüsü Başkanlığı Uzman ve Uzman Yardımcılarının Sınav Yöntemi, Yetiştirilmeleri, Görev, Yetki, Sorumlulukları ve Atanmaları Hakkında Yönetmelik",https://www.resmigazete.gov.tr/eskiler/2001/06/20010627.htm#11
2001-06-27,— Gümrük Müsteşarlığı Personeli Atama ve Görevde Yükselme Yönetmeliğinin Bazı Maddelerinin Değiştirilmesi Hakkında Yönetmelik,https://www.resmigazete.gov.tr/eskiler/2001/06/20010627.htm#12
2001-06-27,— Denizcilik Müsteşarlığı Merkez ve Taşra Teşkilatı Personeli Atama ve Görevde Yükselme Yönetmeliğinde Değişiklik Yapılmasına İlişkin Yönetmelik,https://www.resmigazete.gov.tr/eskiler/2001/06/20010627.htm#13
2001-06-27,— Tarım ve Köyişleri Bakanlığı Personeli Görevde Yükselme Yönetmeliğinde Değişiklik Yapılması Hakkında Yönetmelik,https://www.resmigazete.gov.tr/eskiler/2001/06/20010627.htm#14
2001-06-27,— Devlet Su İşleri Genel Müdürlüğü Personeli Görevde Yükselme Yönetmeliğinde Değişiklik Yapılması Hakkında Yönetmelik,https://www.resmigazete.gov.tr/eskiler/2001/06/20010627.htm#15
2001-06-27,— Bankaların Birleşme ve Devirleri Hakkında Yönetmelik,https://www.resmigazete.gov.tr/eskiler/2001/06/20010627.htm#16
2001-06-27,— Bankaların Kuruluş ve Faaliyetleri Hakkında Yönetmelik,https://www.resmigazete.gov.tr/eskiler/2001/06/20010627.htm#17
2001-06-27,"— Yarım Kalmış, İşletme Sermayesi Yetersizliği Nedeniyle İşletmeye Gelmemiş veya Kısmen İşletmeye Geçmiş Yatırımların Ekonomiye Kazandırılmasına Dair 22/11/2000 Tarihli ve 2000/1721 Sayılı Kararın Uygulanmasına İlişkin 2001/1 Sayılı Tebliğde Değişiklik Yapılması Hakkında Tebliğ (No: 2001/2)",https://www.resmigazete.gov.tr/eskiler/2001/06/20010627.htm#18
2001-06-27,— LPG Kullanan Motorlu Taşıtların Özel Ekipmanlarının Onayı ile İlgili Teknik Düzenlemeye (R-67) İlişkin Tebliğ’de Değişiklik Yapılmasına Dair Tebliğ (No: SGM- 2001/8),https://www.resmigazete.gov.tr/eskiler/2001/06/20010627.htm#19
2001-06-27,— Mecburi Standard: ÖSG-2001/40-41 Sayılı Tebliğ,https://www.resmigazete.gov.tr/eskiler/2001/06/20010627.htm#20
2001-06-27,— Mecburi Standard: ÖSG-2001/47-48 Sayılı Tebliğ,https://www.resmigazete.gov.tr/eskiler/2001/06/20010627.htm#21
2001-06-27,— Mecburi Standard: ÖSG-2001/49-50 Sayılı Tebliğ,https://www.resmigazete.gov.tr/eskiler/2001/06/20010627.htm#22
2001-06-27,— Mecburi Standard: ÖSG-2001/50-51 Sayılı Tebliğ,https://www.resmigazete.gov.tr/eskiler/2001/06/20010627.htm#23
2001-06-27,— Mecburi Standard: ÖSG-2001/51-52 Sayılı Tebliğ,https://www.resmigazete.gov.tr/eskiler/2001/06/20010627.htm#24
2001-06-27,— Mecburi Standard: ÖSG-2001/52-53 Sayılı Tebliğ,https://www.resmigazete.gov.tr/eskiler/2001/06/20010627.htm#25
2001-06-27,— Ham Petrol Ürünleri İthalinde Uygulanacak Esaslar Hakkında Tebliğlerde Değişiklik Yapılmasına Dair Tebliğ (2001/3),https://www.resmigazete.gov.tr/eskiler/2001/06/20010627.htm#26
2001-06-27,— TS 1072 Kestane Standardının Revizyonuna İlişkin Tebliğ (Dış Ticarette Standardizasyon: 2001/13),https://www.resmigazete.gov.tr/eskiler/2001/06/20010627.htm#27
2001-06-27,— Rekabet Kurulunun 99-47/503-319 Sayılı Kararı,https://www.resmigazete.gov.tr/eskiler/2001/06/20010627.htm#28
2001-06-27,— Rekabet Kurulunun 00-26/291-161 Sayılı Kararı,https://www.resmigazete.gov.tr/eskiler/2001/06/20010627.htm#29
2001-06-27,— Rekabet Kurulunun 00-40/443-243 Sayılı Kararı,https://www.resmigazete.gov.tr/eskiler/2001/06/20010627.htm#30
2001-06-27,DÜZELTME (26.6.2001 Tarihli ve 24444 Sayılı Resmî Gazete’de Yayımlanan Maliye Bakanlığına Ait 2001/1768 Sayılı Atama Kararı ile İlgili),https://www.resmigazete.gov.tr/eskiler/2001/06/20010627.htm#31
2001-06-28,"— Devlet Bakanı Prof. Dr. Abdulhaluk Mehmet ÇAY’a, Devlet Bakanı Prof. Dr. Şuayip ÜŞENMEZ’in Vekâlet Etmesine Dair Tezkere",https://www.resmigazete.gov.tr/eskiler/2001/06/20010628.htm#1
2001-06-28,2001/2532 Başbakanlık Yüksek Denetleme Kurulu Üyeliğine İbrahim KAYA’nın Atanması Hakkında Karar,https://www.resmigazete.gov.tr/eskiler/2001/06/20010628.htm#2
2001-06-28,— Anadolu Üniversitesi Bilgisayar Araştırma ve Uygulama Merkezi Yönetmeliğinin 6 ncı maddesinde Değişiklik Yapılmasına Dair Yönetmelik,https://www.resmigazete.gov.tr/eskiler/2001/06/20010628.htm#3
2001-06-28,— Erciyes Üniversitesi Tıp Fakültesi Yan Dal Uzmanlığı Öğretim ve Sınav Yönetmeliğinin Bazı Maddelerinin Değiştirilmesi Hakkında Yönetmelik,https://www.resmigazete.gov.tr/eskiler/2001/06/20010628.htm#4
2001-06-28,"— Anayasa Mahkemesinin E: 1996/63 (3996 Sayılı Kanunda Değişiklik Yapan 4180 Sayılı Kanun ile İlgili), K: 1997/40 Sayılı Kararı",https://www.resmigazete.gov.tr/eskiler/2001/06/20010628.htm#5
2001-06-29,2001/2574 Türk Bayrağı Tüzüğünde Değişiklik Yapılmasına Dair Tüzük,https://www.resmigazete.gov.tr/eskiler/2001/06/20010629.htm#1
2001-06-29,2001/2553 Çeşitli Üniversite Rektörlüklerine Bağlı Yeni Birimler Kurulması ile Kurulmuş Bulunan Bazı Birimlerde İsim ve Bağlantı Değişikliği Yapılmasına İlişkin Karar,https://www.resmigazete.gov.tr/eskiler/2001/06/20010629.htm#2
2001-06-29,2001/2621 Kocaeli Valisi İ. Kemal ÖNAL'ın Emniyet Genel Müdürü (Vali) Kadrosuna Atanması Hakkında Karar,https://www.resmigazete.gov.tr/eskiler/2001/06/20010629.htm#3
2001-06-29,2001/2505 Sulama Alanlarında Arazi Düzenlenmesine Dair Tarım Reformu Kanunu Uygulama Yönetmeliğinde Değişiklik Yapılması Hakkında Yönetmelik,https://www.resmigazete.gov.tr/eskiler/2001/06/20010629.htm#4
2001-06-29,— Türkiye Elektrik İletim Anonim Şirketi Anastatüsü,https://www.resmigazete.gov.tr/eskiler/2001/06/20010629.htm#5
2001-06-29,— Elektrik Üretim Anonim Şirketi Anastatüsü,https://www.resmigazete.gov.tr/eskiler/2001/06/20010629.htm#6
2001-06-29,— Türkiye Elektrik Ticaret ve Taahhüt Anonim Şirketi Anastatüsü,https://www.resmigazete.gov.tr/eskiler/2001/06/20010629.htm#7
2001-06-29,— Katma Değer Vergisi Genel Tebliği (Seri No: 83),https://www.resmigazete.gov.tr/eskiler/2001/06/20010629.htm#8
2001-06-29,— İkili ve Çok Taraflı Anlaşmalar Genel Tebliği (Sıra No: 1),https://www.resmigazete.gov.tr/eskiler/2001/06/20010629.htm#9
2001-06-29,— Kamu İktisadi Teşebbüsleri Sözleşmeli Personel Sicil ve Başarı Değerlemesi Hakkında Yönetmeliğin Değişik 12 nci Maddesinin Uygulanmasına İlişkin Tebliğ (No: 3),https://www.resmigazete.gov.tr/eskiler/2001/06/20010629.htm#10
2001-06-29,"— Anayasa Mahkemesinin E: 1996/50 (4141 Sayılı Kanun ile İlgili), K: 1996/37 Sayılı Kararı",https://www.resmigazete.gov.tr/eskiler/2001/06/20010629.htm#11
2001-06-29,"— Anayasa Mahkemesinin E: 2001/346 (4638 Sayılı Kanun ile İlgili), K: 2001/6-1 Sayılı Kararı",https://www.resmigazete.gov.tr/eskiler/2001/06/20010629.htm#12
2001-06-30,721 Olağanüstü Halin 4 İlde Uzatılmasına Dair Karar,https://www.resmigazete.gov.tr/eskiler/2001/06/20010630.htm#1
2001-06-30,2001/2565 Türkiye Cumhuriyeti ile Nükleer Denemelerin Kapsamlı Yasaklanması Antlaşması Örgütü Hazırlık Komisyonu Arasında Mektup Teatisi Yoluyla Akdedilen “Uluslararası İşbirliği ve Ulusal Uygulama /Onaylama Süreçleri Konulu Bölgelerarası Seminer” İçin Türk Hükümeti Tarafından Sağlanacak Evsahibi Ülke Kolaylıkları ve Hizmetleri Konusundaki Anlaşmanın Onaylanması Hakkında Karar,https://www.resmigazete.gov.tr/eskiler/2001/06/20010630.htm#2
2001-06-30,2001/2577 Uyuşturucu Maddelere Dair 1961 Tarihli Tek Sözleşme’nin Tadiline İlişkin Protokol’un Onaylanması Hakkında Karar,https://www.resmigazete.gov.tr/eskiler/2001/06/20010630.htm#3
2001-06-30,"— Devlet Bakanı Dr. Kemal DERVİŞ’e, Orman Bakanı Prof. Dr. Nami ÇAĞAN’ın Vekâlet Etmesine Dair Tezkere",https://www.resmigazete.gov.tr/eskiler/2001/06/20010630.htm#4
2001-06-30,2001/2567 3041 Kişinin Türk Vatandaşlığından Çıkmasına İzin Verilmesi ve Bazı Kararnameler ile Türk Vatandaşlığından Çıkmalarına İzin Verilen 110 Kişiyle İlgili Hükmün İptali Hakkında Karar,https://www.resmigazete.gov.tr/eskiler/2001/06/20010630.htm#5
2001-06-30,"— Devlet, Tarım ve Köyişleri, Sanayi ve Ticaret Bakanlıkları ile Hakimler ve Savcılar Yüksek Kuruluna Ait Atama Kararları",https://www.resmigazete.gov.tr/eskiler/2001/06/20010630.htm#6
2001-06-30,"— Atatürk Kültür, Dil ve Tarih Yüksek Kurumu Atama ve Görevde Yükselme Yönetmeliği",https://www.resmigazete.gov.tr/eskiler/2001/06/20010630.htm#7
2001-06-30,Başbakanlık Devlet Meteoroloji İşleri Genel Müdürlüğü Uzman ve Uzman Yardımcılığı Yetiştirme ve Sınav Yönetmeliğinde Değişiklik Yapılmasına Dair Yönetmelik,https://www.resmigazete.gov.tr/eskiler/2001/06/20010630.htm#8
2001-06-30,"— Türkiye Radyo-Televizyon Kurumu Alım, Satım ve İhale Yönetmeliğinde Değişiklik Yapılmasına Dair Yönetmelik",https://www.resmigazete.gov.tr/eskiler/2001/06/20010630.htm#9
2001-06-30,— Eti Holding A.Ş. Genel Müdürlüğü ve Bağlı Ortaklıklar Personeli Görevde Yükselme Yönetmeliği,https://www.resmigazete.gov.tr/eskiler/2001/06/20010630.htm#10
2001-06-30,"— D-8 Uluslararası İcra Direktörlüğünün Türkiye’de Yararlanacağı Ayrıcalıklar, Bağışıklıklar ve Kolaylıklara İlişkin Yönetmelik",https://www.resmigazete.gov.tr/eskiler/2001/06/20010630.htm#11
2001-06-30,— Milli Eğitim Bakanlığı Teftiş Kurulu Yönetmeliğinin Bazı Maddelerinde Değişiklik Yapılması Hakkında Yönetmelik,https://www.resmigazete.gov.tr/eskiler/2001/06/20010630.htm#12
2001-06-30,— Milli Eğitim Bakanlığı Sicil Amirleri Yönetmeliğinde Değişiklik Yapılması Hakkında Yönetmelik,https://www.resmigazete.gov.tr/eskiler/2001/06/20010630.htm#13
2001-06-30,— Milli Eğitim Bakanlığı Disiplin Amirleri Yönetmeliğinde Değişiklik Yapılması Hakkında Yönetmelik,https://www.resmigazete.gov.tr/eskiler/2001/06/20010630.htm#14
2001-06-30,Belediye ve Mücavir Alan Sınırları İçinde ve Dışında Planı Bulunmayan Alanlarda Uygulanacak İmar Yönetmeliğinde Değişiklik Yapılmasına Dair Yönetmelik,https://www.resmigazete.gov.tr/eskiler/2001/06/20010630.htm#15
2001-06-30,Tekerlekli Tarım veya Orman Traktörlerinin Çeki Kancası ve Geri Hareket Tertibatı ile İlgili Tip Onayı Yönetmeliğinde Değişiklik Yapılmasına Dair Yönetmelik (1999/58/AT ile Değişik 79/533/AT),https://www.resmigazete.gov.tr/eskiler/2001/06/20010630.htm#16
2001-06-30,— Tekerlekli Tarım veya Orman Traktörlerinin Yolcu Oturakları ile İlgili Tip Onayı Yönetmeliğinde Değişiklik Yapılmasına Dair Yönetmelik (1999/86/AT ile Değişik 76/763/AT),https://www.resmigazete.gov.tr/eskiler/2001/06/20010630.htm#17
2001-06-30,— Devlet Opera ve Balesi Genel Müdürlüğünde Çalışan Memurların Görevde Yükselme Esaslarına Dair Yönetmelik,https://www.resmigazete.gov.tr/eskiler/2001/06/20010630.htm#18
2001-06-30,— Bankalarca Karşılık Ayrılacak Kredilerin ve Diğer Alacakların Niteliklerinin Belirlenmesi ve Ayrılacak Karşılıklara İlişkin Esas ve Usuller Hakkında Yönetmelik,https://www.resmigazete.gov.tr/eskiler/2001/06/20010630.htm#19
2001-06-30,— Uludağ Üniversi tesi Kredili Önlisans ve Lisans Öğretim Yönetmeliği,https://www.resmigazete.gov.tr/eskiler/2001/06/20010630.htm#20
2001-06-30,— Mecburi Standard: ÖSG-2001/41-42 Sayılı Tebliğ,https://www.resmigazete.gov.tr/eskiler/2001/06/20010630.htm#21
2001-06-30,— Mecburi Standard: ÖSG-2001/42-43 Sayılı Tebliğ,https://www.resmigazete.gov.tr/eskiler/2001/06/20010630.htm#22
2001-06-30,— Mecburi Standard: ÖSG-2001/44-45 Sayılı Tebliğ,https://www.resmigazete.gov.tr/eskiler/2001/06/20010630.htm#23
2001-06-30,— Mecburi Standard: ÖSG-2001/45-46 Sayılı Tebliğ,https://www.resmigazete.gov.tr/eskiler/2001/06/20010630.htm#24
2001-06-30,— Mecburi Standard: ÖSG-2001/46-47 Sayılı Tebliğ,https://www.resmigazete.gov.tr/eskiler/2001/06/20010630.htm#25
2001-06-30,— Mecburi Standard: ÖSG-2001/59-60 Sayılı Tebliğ,https://www.resmigazete.gov.tr/eskiler/2001/06/20010630.htm#26
2001-06-30,— Mecburi Standard: ÖSG-2001/60-61 Sayılı Tebliğ,https://www.resmigazete.gov.tr/eskiler/2001/06/20010630.htm#27
2001-06-30,— İşkolu Tespit Kararı (No: 2001/27),https://www.resmigazete.gov.tr/eskiler/2001/06/20010630.htm#28
2001-06-30,— İşkolu Tespit Kararı (No: 2001/28),https://www.resmigazete.gov.tr/eskiler/2001/06/20010630.htm#29
2001-06-30,— İşkolu Tespit Kararı (No: 2001/ 29),https://www.resmigazete.gov.tr/eskiler/2001/06/20010630.htm#30
2001-06-30,— Özelleştirme İdaresi Başkanlığının ÖİB-K-06 Sayılı Kararı,https://www.resmigazete.gov.tr/eskiler/2001/06/20010630.htm#31
2001-06-30,Anayasa Mahkemesinin E: 1996/5 (213 Sayılı Kanunda Değişiklik Yapan 4008 Sayılı Yasa ile İlgili) K: 1996/26 Sayılı Kararı,https://www.resmigazete.gov.tr/eskiler/2001/06/20010630.htm#32
2001-06-30,"— Anayasa Mahkemesinin E: 1996/11 (3100 Sayılı Kanun ile İlgili), K: 1997/4 Sayılı Kararı",https://www.resmigazete.gov.tr/eskiler/2001/06/20010630.htm#33
2001-06-30,"— Anayasa Mahkemesinin E: 2001/293 (4628 Sayılı Kanun ile İlgili), K: 2001/7 Sayılı Kararı",https://www.resmigazete.gov.tr/eskiler/2001/06/20010630.htm#34
2001-06-30,— Yargıtay 18. Hukuk Dairesine Ait 2 Adet Karar,https://www.resmigazete.gov.tr/eskiler/2001/06/20010630.htm#35
2001-06-30,"— Danıştay Dördüncü Dairesinin E: 2001/655, K: 2001/1831 Sayılı Kararı",https://www.resmigazete.gov.tr/eskiler/2001/06/20010630.htm#36
2001-07-01,2001/2575 Türkiye Cumhuriyeti ve Slovenya Cumhuriyeti’nin Türkiye Cumhuriyeti ile Eski Yugoslavya Sosyalist Federal Cumhuriyeti Arasında Yapılan İkili Anlaşmalara Halefiyetine İlişkin Teati Edilen Notaların Onaylanması Hakkında Karar,https://www.resmigazete.gov.tr/eskiler/2001/07/20010701.htm#1
2001-07-01,"Devlet Bakanı Prof. Dr. Şükrü S. GÜREL’e, Devlet Bakanı Fikret ÜNLÜ’nün Vekâlet Etmesine Dair Tezkere",https://www.resmigazete.gov.tr/eskiler/2001/07/20010701.htm#2
2001-07-01,— Anadolu Üniversitesi Açıköğretim Sistemine Göre Öğretim Yapan Fakülteler Öğretim ve Sınav Yönetmeliğinin Bazı Maddelerinde Değişiklik Yapılmasına Dair Yönetmelik,https://www.resmigazete.gov.tr/eskiler/2001/07/20010701.htm#3
2001-07-01,— Anadolu Üniversitesi Açıköğretim Fakültesi İngilizce Öğretmenliği Programı Öğretim ve Sınav Yönetmeliğinin 4 üncü Maddesinde Değişiklik Yapılmasına Dair Yönetmelik,https://www.resmigazete.gov.tr/eskiler/2001/07/20010701.htm#4
2001-07-01,Anadolu Üniversitesi Açıköğretim Sistemine Göre Öğretim Yapan Fakültelerin Batı Avrupa Programları Öğretim ve Sınav Yönetmeliği,https://www.resmigazete.gov.tr/eskiler/2001/07/20010701.htm#5
2001-07-01,"— Gaziosmanpaşa Üniversitesi Önlisans ve Lisans Eğitim,Öğretim ve Sınav Yönetmeliğinin Bazı Maddelerinde Değişiklik Yapılması Hakkı nda Yönetmelik",https://www.resmigazete.gov.tr/eskiler/2001/07/20010701.htm#6
2001-07-01,— Gaziantep Üniversitesi Lisansüstü Eğitim-Öğretim ve Sınav Yönetmeliğinin 23 ve 26 ncı Maddelerinde Değişiklik Yapılmasına Dair Yönetmelik,https://www.resmigazete.gov.tr/eskiler/2001/07/20010701.htm#7
2001-07-01,— Kıymetli Madenler Borsasında İşlem Görecek Altın Standardı ve Rafinerileri Hakkında Tebliğ,https://www.resmigazete.gov.tr/eskiler/2001/07/20010701.htm#8
2001-07-01,— Mecburi Standard: ÖSG-2001/53-54 Sayılı Tebliğ,https://www.resmigazete.gov.tr/eskiler/2001/07/20010701.htm#9
2001-07-01,— Mecburi Standard: ÖSG-2001/54-55 Sayılı Tebliğ,https://www.resmigazete.gov.tr/eskiler/2001/07/20010701.htm#10
2001-07-01,— Mecburi Standard: ÖSG-2001/55-56 Sayılı Tebliğ,https://www.resmigazete.gov.tr/eskiler/2001/07/20010701.htm#11
2001-07-01,— Mecburi Standard: ÖSG-2001/56-57 Sayılı Tebliğ,https://www.resmigazete.gov.tr/eskiler/2001/07/20010701.htm#12
2001-07-01,— Mecburi Standard: ÖSG-2001/57-58 Sayılı Tebliğ,https://www.resmigazete.gov.tr/eskiler/2001/07/20010701.htm#13
2001-07-01,— Mecbu ri Standard: ÖSG-2001/58-59 Sayılı Tebliğ,https://www.resmigazete.gov.tr/eskiler/2001/07/20010701.htm#14
2001-07-01,— Türk Medeni Kanunu Hükümlerine Göre Kurulan Vakıfların İş ve İşlemlerinde Uyulacak Usul ve Esaslar Hakkında Tebliğde Değişiklik Yapılmasına Dair Tebliğ,https://www.resmigazete.gov.tr/eskiler/2001/07/20010701.htm#15
2001-07-02,2001/2578 Türkiye-Azerbaycan Kara Ulaştırması Karma Komisyon Toplantısı Protokolü’nün Onaylanması Hakkında Karar,https://www.resmigazete.gov.tr/eskiler/2001/07/20010702.htm#1
2001-07-02,— Gaziosmanpaşa Üniversitesi Atatürk İlkeleri ve İnkılap Tarihi Araştırma ve Uygulama Merkezi Yönetmeliği,https://www.resmigazete.gov.tr/eskiler/2001/07/20010702.htm#2
2001-07-02,— Uludağ Üniversitesi Önlisans ve Lisans Yaz Öğretimi Yönetmeliği,https://www.resmigazete.gov.tr/eskiler/2001/07/20010702.htm#3
2001-07-02,— Mecburi Standard: ÖSG-2001/39-40 Sayılı Tebliğ,https://www.resmigazete.gov.tr/eskiler/2001/07/20010702.htm#4
2001-07-02,— Mecburi Standard: ÖSG-2001/43-44 Sayılı Tebliğ,https://www.resmigazete.gov.tr/eskiler/2001/07/20010702.htm#5
2001-07-02,— Mülga Dış Krediler Kur Farkı Fonu’ndan Kullanılmış Kredilere Uygulanacak Değişken Faiz Oranı Hakkında Tebliğ,https://www.resmigazete.gov.tr/eskiler/2001/07/20010702.htm#6
2001-07-03,4684 Bazı Kanun ve Kanun Hükmünde Kararnamelerde Değişiklik Yapılmasına Dair Kanun,https://www.resmigazete.gov.tr/eskiler/2001/07/20010703.htm#1
2001-07-03,4689 Yükseköğretim Kanunu ile Yükseköğretim Personel Kanununda Değişiklik Yapılması Hakkında Kanun,https://www.resmigazete.gov.tr/eskiler/2001/07/20010703.htm#2
2001-07-03,4690 Vakıflar Kanununda Değişiklik Yapılmasına Dair Kanun,https://www.resmigazete.gov.tr/eskiler/2001/07/20010703.htm#3
2001-07-03,4692 Esnaf ve Sanatkârlar ve Diğer Bağımsız Çalışanlar Sosyal Sigortalar Kurumu Kanunu ile Tarımda Kendi Adına ve Hesabına Çalışanlar Sosyal Sigortalar Kanununun Bazı Maddelerinin Değiştirilmesine Dair Kanun,https://www.resmigazete.gov.tr/eskiler/2001/07/20010703.htm#4
2001-07-03,4695 Orta Doğu Teknik Üniversitesinin Kuzey Kıbrıs Türk Cumhuriyetinde Bir Kampus Kurmasına İlişkin Çerçeve Protokolün Onaylanmasının Uygun Bulunduğuna Dair Kanun,https://www.resmigazete.gov.tr/eskiler/2001/07/20010703.htm#5
2001-07-03,"— Milli Savunma Bakanlığına, Devlet Bakanı Prof. Dr. Ramazan MİRZAOĞLU’nun Vekâlet E tmesine Dair Tezkere",https://www.resmigazete.gov.tr/eskiler/2001/07/20010703.htm#6
2001-07-03,2001/2581 24/11/1994 tarihli ve 4046 sayılı Kanun ile İhdas Edilen Bazı Kadroların Danıştay Başkanlığı’na Tahsis Edilmesi Hakkında Karar,https://www.resmigazete.gov.tr/eskiler/2001/07/20010703.htm#7
2001-07-03,— 2002 Yılı Bütçe Çağrısı,https://www.resmigazete.gov.tr/eskiler/2001/07/20010703.htm#8
2001-07-03,"Anayasa Mahkemesinin E: 1998/43 (4046 Sayılı Kanunda Değişiklik Yapan 4232 Sayılı Yasa ile İlgili), K: 1999/44 Sayılı Kararı",https://www.resmigazete.gov.tr/eskiler/2001/07/20010703.htm#9
2001-07-03,"— Anayasa Mahkemesinin E: 1998/38 (4046 Sayılı Kanunda Değişiklik Yapan 4232 Sayılı Yasa ile İlgili), K: 1999/45 Sayılı Kararı",https://www.resmigazete.gov.tr/eskiler/2001/07/20010703.htm#10
2001-07-03,— Yargıtay 2. Hukuk Dairesine Ait 2 Adet Karar,https://www.resmigazete.gov.tr/eskiler/2001/07/20010703.htm#11
2001-07-04,"— Devlet Bakanı Prof. Dr. Abdulhaluk Mehmet ÇAY’a, Devlet Bakanı Prof. Dr. Şuayip ÜŞENMEZ’in Vekâlet Etmesine Dair Tezkere",https://www.resmigazete.gov.tr/eskiler/2001/07/20010704.htm#1
2001-07-04,"— Devlet, Maliye, Bayındırlık ve İskan Bakanlıklarına Ait 3 Adet Atama Kararı",https://www.resmigazete.gov.tr/eskiler/2001/07/20010704.htm#2
2001-07-04,— Eti Gümüş Anonim Şirketi Genel Müdürlüğü Disiplin Amirleri Yönetmeliği,https://www.resmigazete.gov.tr/eskiler/2001/07/20010704.htm#3
2001-07-04,— Toprak Mahsulleri Ofisi Genel Müdürlüğü Müfettiş Yardımcılığı Giriş Sınavı Yönetmeliği,https://www.resmigazete.gov.tr/eskiler/2001/07/20010704.htm#4
2001-07-04,— Tekerlekli Tarım Veya orman Traktörlerinin Geri Görüş Aynaları ile İlgili Tip Onayı Yönetmeliği (74/346/AT),https://www.resmigazete.gov.tr/eskiler/2001/07/20010704.htm#5
2001-07-04,— Çevre Şurası Yönetmeliği,https://www.resmigazete.gov.tr/eskiler/2001/07/20010704.htm#6
2001-07-04,"— Çevre Bakanlığı Taşra Teşkilatı Görev, Yetki, Sorumluluk ve Çalışma Esasları Yönetmeliğinin Değiştirilmesine İlişkin Yönetmelik",https://www.resmigazete.gov.tr/eskiler/2001/07/20010704.htm#7
2001-07-04,— Türkiye Gübre Sanayii A.Ş. Genel Müdürlüğü Teftiş Kurulu Yönetmeliğinde Değişiklik Yapılmasına Dair Yönetmelik,https://www.resmigazete.gov.tr/eskiler/2001/07/20010704.htm#8
2001-07-04,— Türk Dişhekimleri Birliği ve Dişhekimleri Odalarının Anlaşmalı Dişhekimlerinin Çalışma Esasları Hakkında Yönetmelik,https://www.resmigazete.gov.tr/eskiler/2001/07/20010704.htm#9
2001-07-04,— Harran Üniversitesi Önlisans ve Lisans Eğitim-Öğretim ve Sınav Yönetmeliğinde Değişiklik Yapılmasına Dair Yönetmelik,https://www.resmigazete.gov.tr/eskiler/2001/07/20010704.htm#10
2001-07-04,— Makedonya Cumhuriyeti Menşeli Bazı Sanayi Ürünleri İthalatında Tarife Kontenjanı Uygulanmasına İlişkin Tebliğ’de Değişiklik Yapılmasına Dair Tebliğ,https://www.resmigazete.gov.tr/eskiler/2001/07/20010704.htm#11
2001-07-04,— Artvin İl Sınırları İçerisinde Bulunan Deniz ve Akarsular Meydana Gelebilecek Kazaların Önlenmesine İlişkin Karar (No: 1),https://www.resmigazete.gov.tr/eskiler/2001/07/20010704.htm#12
2001-07-04,"— Anayasa Mahkemesinin E: 1997/53 (1567 Sayılı Kanunda Değişiklik Yapan 3521 Sayılı Yasa ile İlgili), K: 1998/62 Sayılı Kararı",https://www.resmigazete.gov.tr/eskiler/2001/07/20010704.htm#13
2001-07-05,4686 Milletlerarası Tahkim Kanunu,https://www.resmigazete.gov.tr/eskiler/2001/07/20010705.htm#1
2001-07-05,4693 Enerji ve Tabiî Kaynaklar Bakanlığının Teşkilât ve Görevleri Hakkında Kanunda Değişiklik Yapılmasına Dair Kanun,https://www.resmigazete.gov.tr/eskiler/2001/07/20010705.htm#2
2001-07-05,"— Adalet, İçişleri, Bayındırlık ve İskan, Tarım ve Köyişleri, Sanayi ve Ticaret Bakanlığı ile Turizm Bakanlığına Ait Atama Kararları",https://www.resmigazete.gov.tr/eskiler/2001/07/20010705.htm#3
2001-07-05,— Köy Hizmetleri Genel Müdürlüğü Personeli Görevde Yükselme Esaslarına Dair Yönetmelikte Değişiklik Yapılması Hakkında Yönetmelik,https://www.resmigazete.gov.tr/eskiler/2001/07/20010705.htm#4
2001-07-05,— Cumhuriyet Üniversitesi Diş Hekimliği Fakültesi Eğitim-Öğretim ve Sınav Yönetmeliğinin 10 uncu Maddesinin Değiştirilmesine İlişkin Yönetmelik,https://www.resmigazete.gov.tr/eskiler/2001/07/20010705.htm#5
2001-07-05,— Trakya Üniversitesi Lisansüstü Eğitim-Öğretim Yönetmeliğinin 2 ve 21 inci Maddelerinde Değişiklik Yapılmasına Dair Yönetmelik,https://www.resmigazete.gov.tr/eskiler/2001/07/20010705.htm#6
2001-07-05,— Yatırımlar Devlet Yardımları ve Yatırımları Teşvik Fonu Hakkında Karar ve Tebliğ Hükümlerinin Uygulanmasına İlişkin 2001/1 sayılı Genelgede Değişiklik Yapılmasına Dair Genelge(No: 2001/2),https://www.resmigazete.gov.tr/eskiler/2001/07/20010705.htm#7
2001-07-06,4691 Teknoloji Geliştirme Bölgeleri Kanunu,https://www.resmigazete.gov.tr/eskiler/2001/07/20010706.htm#1
2001-07-06,— Enerji ve Tabii Kaynaklar Bakanlığına Ait 2 Adet Atama Kararı,https://www.resmigazete.gov.tr/eskiler/2001/07/20010706.htm#2
2001-07-06,2001/2561 4487 Sayılı Kanun Uyarınca Kurulan Özel Fonun İşleyişine İlişkin Usul ve Esaslar Hakkında Yönetmelik,https://www.resmigazete.gov.tr/eskiler/2001/07/20010706.htm#3
2001-07-06,Fatih Üniversitesi Lisans Öğretim ve Sınav Yönetmeliğinin Bazı Maddelerinde Değişiklik Yapılmasına Dair Yönetmelik,https://www.resmigazete.gov.tr/eskiler/2001/07/20010706.htm#4
2001-07-06,— Yeditepe Üniversitesi Sosyal Bilimler Enstitüsü Lisansüstü Eğitim-Öğretim ve Sınav Yönetmeliği,https://www.resmigazete.gov.tr/eskiler/2001/07/20010706.htm#5
2001-07-06,Türk Parası Kıymetini Koruma Hakkında 32 Sayılı Karar ile Başbakanlık Hazine ve Dış Ticaret Müsteşarlığının 91-32/5 Sayılı Tebliğine İlişkin Türkiye Cumhuriyet Merkez Bankası Genelgesi (Sayı: 2001/1),https://www.resmigazete.gov.tr/eskiler/2001/07/20010706.htm#6
2001-07-06,— Petrol Ürünlerine Uygulanacak Akaryakıt Fiyat İstikrar Fonu Payları Hakkında Tebliğ (PİGM/AFİF 2001-21),https://www.resmigazete.gov.tr/eskiler/2001/07/20010706.htm#7
2001-07-07,4698 Konut Müsteşarlığının Kurulması ve Arsa Ofisi Kanununda Değişiklik Yapılması Hakkında Kanun,https://www.resmigazete.gov.tr/eskiler/2001/07/20010707.htm#1
2001-07-07,4699 Türk Silâhlı Kuvvetleri Personel Kanunu ile Türkiye Cumhuriyeti Emekli Sandığı Kanununda Değişiklik Yapılmasına Dair Kanun,https://www.resmigazete.gov.tr/eskiler/2001/07/20010707.htm#2
2001-07-07,4700 Gülhane Askeri Tıp Akademisi Kanununda Değişiklik Yapılmasına Dair Kanun,https://www.resmigazete.gov.tr/eskiler/2001/07/20010707.htm#3
2001-07-07,4701 Millî Müdafaa Mükellefiyeti Kanununun Bazı Maddelerinde Değişiklik Yapılmasına Dair Kanun,https://www.resmigazete.gov.tr/eskiler/2001/07/20010707.htm#4
2001-07-07,4704 Kaçakçılığın Men ve Takibine Dair Kanunda Değişiklik Yapılması Hakkında Kanun,https://www.resmigazete.gov.tr/eskiler/2001/07/20010707.htm#5
2001-07-07,— Bilgisayar Sistemi Bulunan Gümrük İdarelerinde Yürütülecek İşlemlere İlişkin Yönetmelikte Değişiklik Yapılmasına Dair Yönetmelik,https://www.resmigazete.gov.tr/eskiler/2001/07/20010707.htm#6
2001-07-07,— Eti Gümüş Anonim Şirketi Genel Müdürlüğü Personeli Görevde Yükselme Yönetmeliği,https://www.resmigazete.gov.tr/eskiler/2001/07/20010707.htm#7
2001-07-07,— Çankaya Üniversitesi İngilizce Hazırlık Sınıfı (Hazırlık Okulu) Yönetmeliği,https://www.resmigazete.gov.tr/eskiler/2001/07/20010707.htm#8
2001-07-07,— Çankaya Üniversitesi Lisans Eğitim-Öğretim Süresiyle Sınav ve Değerlendirme Esaslarına İlişkin Yönetmeliğin 14 ve 20 nci Maddelerinin Değiştirilmesine Dair Yönetmelik,https://www.resmigazete.gov.tr/eskiler/2001/07/20010707.htm#9
2001-07-07,(Sanayi ve Ticaret Bakanlığına ait Mecburi Standard: ÖSG-2001/43-44 sayılı Tebliğ ile İlgili),https://www.resmigazete.gov.tr/eskiler/2001/07/20010707.htm#10
2001-07-08,"— Devlet Bakanı Prof. Dr. Şuayip ÜŞENMEZ’e, Devlet Bakanı Faruk BAL’ın Vekâlet Etmesine Dair Tezkere",https://www.resmigazete.gov.tr/eskiler/2001/07/20010708.htm#1
2001-07-08,— Milli Savunma Bakanlığına Ait 2 Adet Atama Kararı,https://www.resmigazete.gov.tr/eskiler/2001/07/20010708.htm#2
2001-07-08,— Sınır Tespitine Ait 3 Adet Karar,https://www.resmigazete.gov.tr/eskiler/2001/07/20010708.htm#3
2001-07-08,— Ambulanslar ile Özel Ambulans Servisleri ve Ambulans Hizmetleri Yönetmeliği,https://www.resmigazete.gov.tr/eskiler/2001/07/20010708.htm#4
2001-07-08,— Atatü rk Üniversitesi Sağlık Bilimleri Enstitüsü Lisansüstü Eğitim ve Öğretim Yönetmeliğinin Bazı Maddelerinin Değiştirilmesine Dair Yönetmelik,https://www.resmigazete.gov.tr/eskiler/2001/07/20010708.htm#5
2001-07-08,— Atatürk Üniversitesi Sosyal Bilimler Enstitüsü Lisansüstü Eğitim-Öğretim Yönetmeliğinin Bazı Maddelerinde Değişiklik Yapılmasına Dair Yönetmelik,https://www.resmigazete.gov.tr/eskiler/2001/07/20010708.htm#6
2001-07-08,— Yatırımlarda Devlet Yardımları ve Yatırımları Teşvik Fonu Hakkında Kararın Uygulanmasına İlişkin Tebliğde Değişiklik Yapılmasına Dair Tebliğ (No: 2001/2),https://www.resmigazete.gov.tr/eskiler/2001/07/20010708.htm#7
2001-07-08,— Vergi Usul Kanunu Genel Tebliği (Sıra No: 297),https://www.resmigazete.gov.tr/eskiler/2001/07/20010708.htm#8
2001-07-09,"— Devlet Bakanı Fikret ÜNLÜ’ye, Devlet Bakanı Prof. Dr. Şükrü S. GÜREL’in Vekâlet Etmesine Dair Tezkere",https://www.resmigazete.gov.tr/eskiler/2001/07/20010709.htm#1
2001-07-09,— Motorlu Araçların İzinsiz Kullanıma Karşı Koruma Cihazları ile İlgili Tip Onayı Yönetmeliği (74/61/AT),https://www.resmigazete.gov.tr/eskiler/2001/07/20010709.htm#2
2001-07-09,— Ankara Üniversitesi Lisansüstü Eğitim-Öğretim Yönetmeliğinin Bazı Maddelerinin Değiştirilmesine Dair Yönetmelik,https://www.resmigazete.gov.tr/eskiler/2001/07/20010709.htm#3
2001-07-09,— Endüstriyel Tasarımlarla İlgili Locarno Sınıflandırması (7. Baskı) Tebliği,https://www.resmigazete.gov.tr/eskiler/2001/07/20010709.htm#4
2001-07-09,— Afyon İli Sınırları Dahilinde Orman Yangınlarının Önlenmesi Amacıyla Alınması Gereken Tedbirler Hakkında Karar (No: 2001/1),https://www.resmigazete.gov.tr/eskiler/2001/07/20010709.htm#5
2001-07-10,4697 Bazı Vergi Kanunlarında Değişiklik Yapılmasına Dair Kanun,https://www.resmigazete.gov.tr/eskiler/2001/07/20010710.htm#1
2001-07-10,"4702 Yükseköğretim Kanunu, Çıraklık ve Meslek Eğitimi Kanunu,İlköğretim ve Eğitim Kanunu, Millî Eğitim Temel Kanunu,Çıraklık ve Meslek Eğitimi Kanunu, Millî Eğitim Bakanlığının Teşkilât ve Görevleri Hakkında Kanun ile 24.3.1988 Tarihli ve3418 Sayılı Kanunda Değişiklik Yapılması ve Bazı Kâğıt ve İşlemlerden Eğitime Katkı Payı Alınması Hakkında Kanun ile Millî Eğitim Bakanlığının Teşkilât ve Görevleri Hakkında Kanunda Değişiklik Yapılmasına Dair Kanun",https://www.resmigazete.gov.tr/eskiler/2001/07/20010710.htm#2
2001-07-10,"— Devlet Bakanı Dr. Kemal DERVİŞ’e, Orman Bakanı Prof. Dr. Nami ÇAĞAN’ın Vekâlet Etmesine Dair Tezkere",https://www.resmigazete.gov.tr/eskiler/2001/07/20010710.htm#3
2001-07-10,— H â kimler ve Savcılar Yüksek Kuruluna Ait Atama Kararı,https://www.resmigazete.gov.tr/eskiler/2001/07/20010710.htm#4
2001-07-10,"— Dış Ticarette Standardizasyon Denetmenlerinin Sınav, Görev, Yetki, Sorumluluk, Çalışma, Atama ve Yer Değiştirmeleri Usulüne İlişkin Yönetmelikte Değişiklik Yapılması Hakkında Yönetmelik",https://www.resmigazete.gov.tr/eskiler/2001/07/20010710.htm#5
2001-07-10,— Dış Ticaret Müsteşarlığı Programcı ve Çözümleyici Kadrolarına Yapılacak Atamalara İlişkin Yönetmelikte Değişiklik Yapılması Hakkında Yönetmelik,https://www.resmigazete.gov.tr/eskiler/2001/07/20010710.htm#6
2001-07-10,— Gümrük Yönetmeliğinde Değişiklik Yapılmasına Dair Yönetmelik,https://www.resmigazete.gov.tr/eskiler/2001/07/20010710.htm#7
2001-07-10,"— Sağlık Bakanlığına Bağlı Sağlık Kurumları ile Esenlendirme (Rehabilitasyon) Tesislerine Verilecek Döner Sermaye Hakkındaki 209 Sayılı Kanun Gereğince İşletme,İdare ve Muhasebe İşlerine Dair Yönetmelikte Değişiklik Yapılmasına Dair Yönetmelik",https://www.resmigazete.gov.tr/eskiler/2001/07/20010710.htm#8
2001-07-10,— Tarım ve Köyişleri Bakanlığı Sicil Amirleri Yönetmeliğinde Değişiklik Yapılmasına Dair Yönetmelik,https://www.resmigazete.gov.tr/eskiler/2001/07/20010710.htm#9
2001-07-10,— Tarım ve Köyişleri Bakanlığı Disiplin Amirleri Yönet meliğinde Değişiklik Yapılmasına Dair Yönetmelik,https://www.resmigazete.gov.tr/eskiler/2001/07/20010710.htm#10
2001-07-10,— Kültür Bakanlığı Atama ve Görevde Yükselme Yönetmeliğinde Değişiklik Yapılmasına Dair Yönetmelik,https://www.resmigazete.gov.tr/eskiler/2001/07/20010710.htm#11
2001-07-10,— Tehlikeli Atıkların Kontrolü Yönetmeliğinde Değişiklik Yapılmasına Dair Yönetmelik,https://www.resmigazete.gov.tr/eskiler/2001/07/20010710.htm#12
2001-07-10,— Sabancı Üniversitesi Lisansüstü Öğrenimi Yönetmeliği’nin Bazı Maddelerinde Değişiklik Yapılmasına Dair Yönetmelik,https://www.resmigazete.gov.tr/eskiler/2001/07/20010710.htm#13
2001-07-10,"— Bankacılık Düzenleme ve Denetleme Kurulunun 378, 379, 380, 381, 382, 383 ve 384 Sayılı Kararları",https://www.resmigazete.gov.tr/eskiler/2001/07/20010710.htm#16
2001-07-10,"— İflas İdaresi Ücreti, Yazı ve Tebliğ Masrafı Tarifesi Hakkında Tebliğ",https://www.resmigazete.gov.tr/eskiler/2001/07/20010710.htm#14
2001-07-10,— Kilis Valiliği Orman Yangınları ile Mücadele Komisyonu Kararı (No: 2001/1),https://www.resmigazete.gov.tr/eskiler/2001/07/20010710.htm#15
2001-07-11,4694 Elektrik Piyasası Kanununda Değişiklik Yapılmasına İlişkin Kanun,https://www.resmigazete.gov.tr/eskiler/2001/07/20010711.htm#1
2001-07-11,4703 Ürünlere İlişkin Teknik Mevzuatın Hazırlanması ve Uygulanmasına Dair Kanun,https://www.resmigazete.gov.tr/eskiler/2001/07/20010711.htm#2
2001-07-11,"— Devlet Bakanı Kemal DERVİŞ’e, Orman Bakanı Prof. Dr. Nami ÇAĞAN’ın Vekâlet Etme İşleminin İptaline Dair Tezkere",https://www.resmigazete.gov.tr/eskiler/2001/07/20010711.htm#3
2001-07-11,"2001/2591 1/25.000 Ölçekli Temelli-Malıköy Çevre Düzeni Nazım İmar Planında Gecekondu Önleme Bölgesi Olarak Ayrılan Alanlarda 775 Sayılı Gece kondu Kanunu Hükümlerinin Uygu lanmasına İlişkin 95/7730 Sayılı Kararnamenin Kapsamından, 1/5000 Ölçekli Planda Gösterilen ve Mülkiyeti Arsa Ofisi Genel Mü dürlüğü’ne Ait 52 Numaralı Parselin Çıkarılması Hakkında Karar",https://www.resmigazete.gov.tr/eskiler/2001/07/20010711.htm#4
2001-07-11,2001/2604 3083 Sayılı Sulama Alanlarında Arazi Düzenlenmesine Dair Tarım Reformu Kanunu Uyarınca “Uygulama Alanı” İlan Edilen Yerlerin “Uygulama Alanı” Kapsamından Çıkarılması Hakkında Karar,https://www.resmigazete.gov.tr/eskiler/2001/07/20010711.htm#5
2001-07-11,2001/2647 Şişli Camii Şerifi Vakfı’na Vergi Muafiyeti Tanınması Hakkındaki 7/13333 Sayılı Ka rarnamenin Yürürlükten Kaldırılması Hakkında Karar,https://www.resmigazete.gov.tr/eskiler/2001/07/20010711.htm#6
2001-07-11,"— Devlet, Çalışma ve Sosyal Güvenlik, Kültür ile Turizm Bakanlıklarına Ait Beş Adet Atama Kararı",https://www.resmigazete.gov.tr/eskiler/2001/07/20010711.htm#7
2001-07-11,— Cami Yaptıracak veya Onaracak Derneklere ve Köylere Yapılacak Yardımlar Hakkında Yönetmelik,https://www.resmigazete.gov.tr/eskiler/2001/07/20010711.htm#8
2001-07-11,— Türk Silâhlı Kuvvetleri İç Hizmet Yönetmeliğinde Değişiklik Yapılmasına Dair Yönetmelik,https://www.resmigazete.gov.tr/eskiler/2001/07/20010711.htm#9
2001-07-11,— Ege Üniversitesi Bilgi ve İletişim Teknolojileri Araştırma ve Uygulama Merkezi Yönetmeliği,https://www.resmigazete.gov.tr/eskiler/2001/07/20010711.htm#10
2001-07-11,— Kamu Kurum ve Kuruluşlarınca Yürütülmekte Olan “Norm Kadro” Çalışmaları ile İlgili 2001/39 Sayılı Başbakanlık Genelgesi,https://www.resmigazete.gov.tr/eskiler/2001/07/20010711.htm#11
2001-07-11,— Mecburi Standard ÖSG-2001/66-67 Sayılı Tebliğ,https://www.resmigazete.gov.tr/eskiler/2001/07/20010711.htm#12
2001-07-11,— Mecburi Standard ÖSG-2001/68-69 Sayılı Tebliğ,https://www.resmigazete.gov.tr/eskiler/2001/07/20010711.htm#13
2001-07-11,"— Çin Halk Cumhuriyeti ve Rusya Federasyonu Menşeli, Seramikten Olan Elektrik İzolatörlerinin İthalatında Soruşturma Açılmasına İlişkin Tebliğ (Gözetim ve Koruma : 2001/5)",https://www.resmigazete.gov.tr/eskiler/2001/07/20010711.htm#14
2001-07-11,— Bursa Valiliği Mahalli Çevre Kurulu Kararı (No : 5),https://www.resmigazete.gov.tr/eskiler/2001/07/20010711.htm#15
2001-07-12,4688 Kamu Görevlileri Sendikaları Kanunu,https://www.resmigazete.gov.tr/eskiler/2001/07/20010712.htm#1
2001-07-12,4705 Yurt Dışına Çıkışlardan Harç Alınması ve 4481 Sayılı Kanunda Değişiklik Yapılması Hakkında Kanun,https://www.resmigazete.gov.tr/eskiler/2001/07/20010712.htm#2
2001-07-12,2001/2643 Nükleer Silahların Yayılmasının Önlenmesi Andlaşmasına İlişkin Olarak Güvenlik Denetiminin Uygulanmasına Dair Türkiye Cumhuriyeti Hükümeti ile Uluslararası Atom Enerjisi Ajansı Arasındaki Anlaşmaya Ek Protokolun Onaylanması Hakkında Karar,https://www.resmigazete.gov.tr/eskiler/2001/07/20010712.htm#3
2001-07-12,2001/2667 D-8 Üyesi Ülkelerin İşadamları İçin Vize İşlemlerinin Sadeleştirilmesi Anlaşmasının Onaylanması Hakkında Karar,https://www.resmigazete.gov.tr/eskiler/2001/07/20010712.htm#4
2001-07-12,2001/2657 Kamu İktisadi Teşebbüsleri ve Bağlı Ortaklıklarına Ait Bazı Kadro ve Pozisyonlarda Değişiklik Yapılması Hakkında Karar,https://www.resmigazete.gov.tr/eskiler/2001/07/20010712.htm#5
2001-07-12,"2001/2698 Bazı Fonların Tasfiye Edilmesi ve “Hampetrol ve Petrol Ürünlerinin Alım, Satım,Fiyatlandırma Esasları ile Akaryakıt Fiyat İstikrar Fonu’nun İşleyişi Hakkında Karar”da Değişiklik Yapılmasına İlişkin Karar",https://www.resmigazete.gov.tr/eskiler/2001/07/20010712.htm#6
2001-07-12,— Sınır Tespitine Dair Bir Adet Karar,https://www.resmigazete.gov.tr/eskiler/2001/07/20010712.htm#7
2001-07-12,— Bazı Askerî Hastahanelerde Döner Sermayenin İşletilmesine ve Hizmetlerden Yararlanacaklara İlişkin Yönetmeliğin Bazı Maddelerinin Değiştirilmesine Dair Yönetmelik,https://www.resmigazete.gov.tr/eskiler/2001/07/20010712.htm#8
2001-07-12,"— 10 kHz-60 GHz Frekans Bandında Çalışan Sabit Telekomünikasyon Cihazlarından Kaynaklanan Elektromanyetik Alan Şiddeti Limit Değerlerinin Belirlenmesi, Ölçüm Yöntemleri ve Denetlenmesi Hakkında Yönetmelik",https://www.resmigazete.gov.tr/eskiler/2001/07/20010712.htm#9
2001-07-12,— Süleyman Demirel Üniversitesi Lisansüstü Eğitim-Öğretim Yönetmeliği,https://www.resmigazete.gov.tr/eskiler/2001/07/20010712.htm#10
2001-07-13,"4707 Hazineye Ait Tarım Arazilerinin Satışı Hakkında Kanun, 3 Mart 1340 (1924) Tarihli ve 431 Sayılı Kanunla Hazineye Kalan Taşınmaz Mallardan Bazılarının Zilyedlerine Devri Hakkında Kanun ile Mülga 2613 ve 766 Sayılı Kanunlarla Hazine Adına Tescil Edilen Miktar Fazlalıklarının İlgililerine Devrine Dair Kanunda Değişiklik Yapılmasına Dair Kanun",https://www.resmigazete.gov.tr/eskiler/2001/07/20010713.htm#1
2001-07-13,4708 Yapı Denetimi Hakkında Kanun,https://www.resmigazete.gov.tr/eskiler/2001/07/20010713.htm#2
2001-07-13,2001/2585 Türkiye-Özbekistan Hükümetlerarası Karma Ekonomik Komisyonu I. Dönem Toplantısı Protokolunun Onaylanması Hakkında Karar,https://www.resmigazete.gov.tr/eskiler/2001/07/20010713.htm#3
2001-07-13,2001/2608 NATO Havadan Erken İhbar ve Kontrol Sisteminin Modernizasyonuna İlişkin Çok Taraflı Mutabakat Muhtırasının (MMOU) Ekine Değişiklik’in Onaylanması Hakkında Karar,https://www.resmigazete.gov.tr/eskiler/2001/07/20010713.htm#4
2001-07-13,"2001/26 17 Türkiye Cumhuriyeti Hükümeti ile Etyopya Federal Demokratik Cumhuriyeti Hükümeti Arasında Uluslararası Uyuşturucu ve Psikotrop Madde Kaçakçılığı, Uluslararası Terörizm ve Organize Suçlarla Mücadelede İşbirliği Anlaşmasının Onaylanması Hakkında Karar",https://www.resmigazete.gov.tr/eskiler/2001/07/20010713.htm#5
2001-07-13,200 1/2706 Mali ve Kamu Sektörüne Yönelik Orta Vadeli Reform Programlarının Desteklenmesi Amacıyla Dünya Bankasından Sağlanan 1.1 MilyarABD Doları Tutarındaki Kredilere İlişkin Anlaşmalar ile Ek Mektuplarının Onaylanması Hakkında Karar,https://www.resmigazete.gov.tr/eskiler/2001/07/20010713.htm#6
2001-07-13,2001/2707 Tarım Reformu Uygulama Projesi Faaliyetlerinin Finansmanı İçin Dünya Bankasından Sağlanan 600 Milyon ABDDoları Tutarındaki Krediye İlişkin İkraz Anlaşması ile Ek Mektupların Onaylanması Hakkında Karar,https://www.resmigazete.gov.tr/eskiler/2001/07/20010713.htm#7
2001-07-13,2001/2705 Tütün Üretiminden Vazgeçip Alterna tif Ürün Yetiştiren Üreticilerin Desteklenmesine Dair Karar,https://www.resmigazete.gov.tr/eskiler/2001/07/20010713.htm#8
2001-07-13,— Sağlık Bakanlığı Sağlık Meslek Liseleri Ödül ve Disiplin Yönetmeliği,https://www.resmigazete.gov.tr/eskiler/2001/07/20010713.htm#9
2001-07-13,— Gaziantep Üniversitesi Yaz Okulu Yönetmeliğinin 5 ve 11 inci Maddesinde Değişiklik Yapılmasına İlişkin Yönetmeli,https://www.resmigazete.gov.tr/eskiler/2001/07/20010713.htm#10
2001-07-13,"— 308 Sayılı Tohumlukların Tescil, Kontrol ve Sertifikasyonu Hakkında Kanuna Tabi Tohumluk Çeşitleri Hakkında Tebliğ (No: 2001/16)",https://www.resmigazete.gov.tr/eskiler/2001/07/20010713.htm#11
2001-07-13,— Mecburi Standard : ÖSG-2001/61-62 Sayılı Tebliğ,https://www.resmigazete.gov.tr/eskiler/2001/07/20010713.htm#12
2001-07-13,— Mecburi Standard : ÖSG-2001/62-63 Sayılı Tebliğ,https://www.resmigazete.gov.tr/eskiler/2001/07/20010713.htm#13
2001-07-13,— Mecburi Standard : ÖSG-2001/63-64 Sayılı Tebliğ,https://www.resmigazete.gov.tr/eskiler/2001/07/20010713.htm#14
2001-07-13,— Mecburi Standard : ÖSG-2001/77-78 Sayılı Tebliğ,https://www.resmigazete.gov.tr/eskiler/2001/07/20010713.htm#15
2001-07-13,— Mecburi Standard : ÖSG-2001/81-82 Sayılı Tebliğ,https://www.resmigazete.gov.tr/eskiler/2001/07/20010713.htm#16
2001-07-13,— 5 Yaşından Eski Olmamak Üzere Kullanılmış Olarakİthal Edilebilecek Maddelere İlişkin Tebliğde Değişiklik Yapılması Hakkında Tebliğ,https://www.resmigazete.gov.tr/eskiler/2001/07/20010713.htm#17
2001-07-13,— Dış Ticarette Standardizasyon Tebliğinde Değişiklik Yapılması Hakkında Tebliğ (No: 2001/18),https://www.resmigazete.gov.tr/eskiler/2001/07/20010713.htm#18
2001-07-13,— Dış Ticarette Standardizasyon Tebliği (No: 2001/19),https://www.resmigazete.gov.tr/eskiler/2001/07/20010713.htm#19
2001-07-13,— Radyo ve Televizyon Yayın Kuruluşları Reklam Gelirleri Üst Kurul Paylarının Yeminli Mali Müşavirler Tarafından TasdikEdilmesi Hakkında Genel Tebliğ’de DeğişiklikYa-pılmasına İlişkin Tebliğ (Sıra No: 4),https://www.resmigazete.gov.tr/eskiler/2001/07/20010713.htm#20
2001-07-13,— Eskişehir İli Dahilinde Orman Yangınlarının Önlenmesi Amacıyla Alınması Gereken Tedbirler Hakkında Karar (No : 2001/1),https://www.resmigazete.gov.tr/eskiler/2001/07/20010713.htm#21
2001-07-13,— Nevşehir Valiliği Mahalli Çevre Kurulu Kararı (No : 4),https://www.resmigazete.gov.tr/eskiler/2001/07/20010713.htm#22
2001-07-13,— Bitlis Valiliği Mahalli Çevre Kurulu Kararı (No : 2001/6),https://www.resmigazete.gov.tr/eskiler/2001/07/20010713.htm#23
2001-07-14,"2001/2589 Türkiye Cumhuriyeti ile Yunanistan Cumhuriyeti Arasında Türkiye Cumhuriyeti İçişleri Bakanlığı ile, Yunanistan Cumhuriyeti Kamu Düzeni Bakanlığı Suç ile, Özellikle Terörizm, Örgütlü Suçlar, Uyuşturucu Madde Kaçakçılığı, Yasadışı Göç ile Mücadelede İşbirliği Anlaşmasının Onaylanması Hakkında Karar",https://www.resmigazete.gov.tr/eskiler/2001/07/20010714.htm#1
2001-07-14,"— Devlet Bakanı Dr. Kemal DERVİŞ’e, Orman Bakanı Prof. Dr. Nami ÇAĞAN’ın Vekâlet Etmesine Dair Tezkere",https://www.resmigazete.gov.tr/eskiler/2001/07/20010714.htm#2
2001-07-14,"— Devlet Bakanı ve Başbakan Yardımcılığı, Devlet, İçişleri, Bayındırlık ve İskan, Çalışma ve Sosyal Güvenlik ile Kültür Bakanlıklarına Ait Atama Kararları",https://www.resmigazete.gov.tr/eskiler/2001/07/20010714.htm#3
2001-07-14,— Türk Silâhlı Kuvvetleri Dalgıçlık Yönetmeliği,https://www.resmigazete.gov.tr/eskiler/2001/07/20010714.htm#4
2001-07-14,— Rekabet Kurulunun 99-22/198-114 Sayılı Kararı,https://www.resmigazete.gov.tr/eskiler/2001/07/20010714.htm#5
2001-07-14,— Rekabet Kurulunun 00-24/247-134 Sayılı Kararı,https://www.resmigazete.gov.tr/eskiler/2001/07/20010714.htm#6
2001-07-14,— Rekabet Kurulunun 00-36/398-224 Sayılı Kararı,https://www.resmigazete.gov.tr/eskiler/2001/07/20010714.htm#7
2001-07-15,2001/2637 2998 Kişinin Türk Vatandaşlığından Çıkmasına İzin Verilmesi ile Bazı Kararnameler ile Türk Vatandaşlığından Çıkmasına İzin Verilen Kişiler Hakkındaki Hükümlerin Düzeltilmesi ve Türk Vatandaşlığından Çıkmalarına İzin Verilen Kişiler Hakkında Hükmün İptaline Dair Karar,https://www.resmigazete.gov.tr/eskiler/2001/07/20010715.htm#1
2001-07-15,— Futbolda Müşterek Bahis Oyunları Uygulama Yönetmeliğinde Değişiklik Yapılmasına Dair Yönetmelik,https://www.resmigazete.gov.tr/eskiler/2001/07/20010715.htm#2
2001-07-16,"— Enerji ve Tabii Kaynaklar Bakanlığına, Çalışma ve Sosyal Güvenlik Bakanı Yaşar OKUYAN’ın Vekâlet Etmesine Dair Tezkere",https://www.resmigazete.gov.tr/eskiler/2001/07/20010716.htm#1
2001-07-16,2001/2654 901 Kişiye Türk Vatandaşlığının Kaybettirilmesi Hakkında Karar,https://www.resmigazete.gov.tr/eskiler/2001/07/20010716.htm#2
2001-07-16,— Tarım ve Köyişleri Bakanlığı Tarım Reformu Genel Müdürlüğü Personeli Görevde Yükselme Yönetmeliğinde Değişiklik Yapılması Hakkında Yönetmelik,https://www.resmigazete.gov.tr/eskiler/2001/07/20010716.htm#3
2001-07-16,— Galatasaray Üniversitesi Mühendislik ve Teknoloji Fakültesi Lisans Öğretim ve Sınav Yönetmeliğ,https://www.resmigazete.gov.tr/eskiler/2001/07/20010716.htm#4
2001-07-16,— Akdeniz Üniversitesi Sürekli Eğitim Merkezi (AKÜNSEM) Yönetmeliği,https://www.resmigazete.gov.tr/eskiler/2001/07/20010716.htm#5
2001-07-16,— Mecburi Standard : ÖSG-2001/64-65 Sayılı Tebliğ,https://www.resmigazete.gov.tr/eskiler/2001/07/20010716.htm#6
2001-07-16,— Mecburi Standard : ÖSG-2001/74-75 Sayılı Tebliğ,https://www.resmigazete.gov.tr/eskiler/2001/07/20010716.htm#7
2001-07-16,"— Danıştay İçtihatları Birleştirme Kurulunun E : 1999/3, K : 2001/3 Sayılı Kararı",https://www.resmigazete.gov.tr/eskiler/2001/07/20010716.htm#8
2001-07-17,2001/2593 Türkiye-Suriye Kara Ulaştırması Karma Komisyon Toplantısı Protokolü'nün Onaylanması Hakkında Karar,https://www.resmigazete.gov.tr/eskiler/2001/07/20010717.htm#1
2001-07-17,2001/2607 Türkiye Cumhuriyeti Devlet Bakanlığı ile Gürcistan Vergi Gelirleri Bakanlığı Arasında Gümrük Alanında Karşılıklı Yardımlaşma ve İşbirliği Hakkında Mutabakat Tutanağının Onaylanmasına Dair Karar,https://www.resmigazete.gov.tr/eskiler/2001/07/20010717.htm#2
2001-07-17,2001/2631 Türkiye Cumhuriyeti Maliye Bakanlığı ile Azerbaycan Cumhuriyeti Vergiler Bakanlığı Arasında İşbirliği Protokolü'nün Onaylanması Hakkında Karar,https://www.resmigazete.gov.tr/eskiler/2001/07/20010717.htm#3
2001-07-17,"— Tarım ve Köyişleri Bakanlığına, Sanayi ve Ticaret Bakanı Ahmet Kenan TANRIKULU’nun Vekâlet Etmesine Dair Tezkere",https://www.resmigazete.gov.tr/eskiler/2001/07/20010717.htm#4
2001-07-17,— PTT Genel Müdürlüğü Alım ve Satım Yönetmeliği,https://www.resmigazete.gov.tr/eskiler/2001/07/20010717.htm#5
2001-07-17,— Devlet Hava Meydanları İşletmesi Genel Müdürlüğü Personeli Atama ve Görevde Yükselme Yönetmeliği,https://www.resmigazete.gov.tr/eskiler/2001/07/20010717.htm#6
2001-07-17,— Galatasaray Üniversitesi İktisadi ve İdari Bilimler Fakültesi Lisans Öğretim ve Sınav Yönetmeliği,https://www.resmigazete.gov.tr/eskiler/2001/07/20010717.htm#7
2001-07-17,— Galatasaray Üniversitesi İletişim Fakültesi Lisans Öğretim ve Sınav Yönetmeliği,https://www.resmigazete.gov.tr/eskiler/2001/07/20010717.htm#8
2001-07-17,— 2001 Mali Yılı Bütçe Uygulama Talimatı (Sıra No : 11),https://www.resmigazete.gov.tr/eskiler/2001/07/20010717.htm#9
2001-07-17,— 2821 Sayılı Sendikalar Kanunu Gereğince; İşkollarındaki İşçi Sayıları ve Sendikaların Üye Sayılarına İlişkin 2001 Temmuz Ayı İstatistikleri Hakkında Tebliğ,https://www.resmigazete.gov.tr/eskiler/2001/07/20010717.htm#10
2001-07-17,— Petrol Ürünlerine Uygulanacak Akaryakıt Fiyat İstikrar Fonu Payları Hakkında Tebliğ (PİGM/AFİF 2001-22),https://www.resmigazete.gov.tr/eskiler/2001/07/20010717.htm#11
2001-07-18,4706 Hazineye Ait Taşınmaz Malların Değerlendirilmesi ve Katma Değer Vergisi Kanununda Değişiklik Yapılması Hakkında Kanun,https://www.resmigazete.gov.tr/eskiler/2001/07/20010718.htm#1
2001-07-18,2001/2602 Birleşik Devletler Kara Kuvvetleri ve Türk Kara Kuvvetleri Arasında İrtibat Subaylarına İlişkin Mutabakat Muhtırasının Onaylanması Hakkında Karar,https://www.resmigazete.gov.tr/eskiler/2001/07/20010718.htm#2
2001-07-18,2001/2605 Türkiye Cumhuriyeti ile Singapur Cumhuriyeti Arasında Gelir Üzerinden Alınan Vergilerde Çifte V ergilendirmeyi Önleme ve Vergi Kaçakçılığına Engel Olma Anlaşmasının Onaylanması Hakkında Karar,https://www.resmigazete.gov.tr/eskiler/2001/07/20010718.htm#3
2001-07-18,2001/2615 Türkiye ile Almanya Arasındaki Teknik İşbirliği Anlaşması Çerçevesinde Araştırma ve Uzmanlar Fonu’nun Artırılması Konulu Projeye İlişkin Anlaşmanın Onaylanması Hakkında Karar,https://www.resmigazete.gov.tr/eskiler/2001/07/20010718.htm#4
2001-07-18,2001/2627 Türkiye Cumhuriye ti ile Yunanistan Cumhuriyeti Arasında Deniz Taşımacılığı Anlaşmasının Onaylanması Hakkında Karar,https://www.resmigazete.gov.tr/eskiler/2001/07/20010718.htm#5
2001-07-18,2001/2671Türkiye Cumhuriyeti Hükümeti ile Amerika Birleşik Devletleri Hükümeti Arasında Hava Taşımacılığı Anlaşmasının Onaylanması Hakkında Karar,https://www.resmigazete.gov.tr/eskiler/2001/07/20010718.htm#6
2001-07-18,2001/2669 Petrol Kirliliği Zararının Tazmini İçin Bir Uluslararası Fonun Kurulması ile İlgili Uluslararası Sözleşme’ye Bir Beyanla Katılmamız Hakkında Karar,https://www.resmigazete.gov.tr/eskiler/2001/07/20010718.htm#7
2001-07-18,"— İstifa Eden Enis ÖKSÜZ’den Boşalan Ulaştırma Bakanlığına, Sanayi ve Ticaret Bakanı Ahmet Kenan TANRIKULU’nun Vekâlet Etmesine DairTezkere",https://www.resmigazete.gov.tr/eskiler/2001/07/20010718.htm#8
2001-07-18,"Tarım ve Köyişleri Bakanlığına, Sağlık Bakanı Doç. Dr. Osman DURMUŞ’un Vekâlet Etmesine Dair Tezkere",https://www.resmigazete.gov.tr/eskiler/2001/07/20010718.htm#9
2001-07-18,2001/2718 Kamu Personeli Maaşlarının Yeniden Tespitine Dair Karar,https://www.resmigazete.gov.tr/eskiler/2001/07/20010718.htm#10
2001-07-18,"— Başbakanlık, Devlet, Maliye, Ulaştırma, Tarım ve Köyişleri, Çalışma ve Sosyal Güvenlik, Enerji ve Tabii Kaynaklar ile Kültür Bakanlıklarına Ait 19 Adet Atama Kararı",https://www.resmigazete.gov.tr/eskiler/2001/07/20010718.htm#11
2001-07-18,— İnsan Hakları Eğitimi On Yılı Ulusal Komitesi Yönetmeliğinde Değişiklik Yapılması Hakkında Yönetmelik,https://www.resmigazete.gov.tr/eskiler/2001/07/20010718.htm#12
2001-07-18,Spor Kulüpleri Tescil Yönetmeliğinde Değişiklik Yapılmasına Dair Yönetmelik,https://www.resmigazete.gov.tr/eskiler/2001/07/20010718.htm#13
2001-07-18,— Mali Suçları Araştırma Kurulu Mali Suçları Araştırma Uzmanları Görev ve Çalışma Yönetmeliğinde Değişiklik Yapılmasına Dair Yönetmelik,https://www.resmigazete.gov.tr/eskiler/2001/07/20010718.htm#14
2001-07-18,"— Maliye Bakanlığı Milli Emlak Genel Müdürlüğü Milli Emlak Uzmanlığı Görev, Çalışma ve Atama Yönetmeliğinde Değişiklik Yapılmasına Dair Yönetmelik",https://www.resmigazete.gov.tr/eskiler/2001/07/20010718.htm#15
2001-07-18,"— Maliye Bakanlığı Gelirler Genel Müdürlüğü Vergi Denetmenleri Görev, Yetki, Çalışma ve Atama Yönetmeliğinde Değişiklik Yapılmasına Dair Yönetmelik",https://www.resmigazete.gov.tr/eskiler/2001/07/20010718.htm#16
2001-07-18,"— Maliye Bakanlığı Araştırma, Planlama ve Koordinasyon Kurulu Başkanlığı Maliye Uzmanlığı Görev ve Çalışma Yönetmeliğinde Değişiklik Yapılmasına Dair Yönetmelik",https://www.resmigazete.gov.tr/eskiler/2001/07/20010718.htm#17
2001-07-18,— Maliye Bakanlığı Devlet Bütçe Uzmanları Görev ve Çalışma Yönetmeliğine Bir Ek Madde Eklenmesine Dair Yönetmelik,https://www.resmigazete.gov.tr/eskiler/2001/07/20010718.htm#18
2001-07-18,— Yeditepe Üniversitesi Yabancı Dil Hazırlık Programı Eğitim-Öğretim ve Sınav Yönetmeliğinin 4 üncü Maddesinde Değişiklik Yapılması Hakkında Yönetmelik,https://www.resmigazete.gov.tr/eskiler/2001/07/20010718.htm#19
2001-07-18,"— Mecburi Standard : ÖSG-2001/69-70, 72-73, 73-74, 75-76, 76-77, 80-81, 82-83 Sayılı Tebliğler",https://www.resmigazete.gov.tr/eskiler/2001/07/20010718.htm#20
2001-07-18,"— 2001 Yılı Haziran Ayında Düzenlenen Dahilde İşleme İzin Belgeleri, Hariçte İşleme İzin Belgeleri ile Vergi Resim ve Harç İstisnası Belgeleri Hakkında Tebliğ",https://www.resmigazete.gov.tr/eskiler/2001/07/20010718.htm#21
2001-07-18,— Rekabet Kurumu Başkanlığına Ait Dört Adet Karar,https://www.resmigazete.gov.tr/eskiler/2001/07/20010718.htm#22
2001-07-18,"— Anayasa Mahkemesinin E : 1998/22 (Siyasi Parti Malî Denetimi), K : 2001/5 Sayılı Kararı",https://www.resmigazete.gov.tr/eskiler/2001/07/20010718.htm#23
2001-07-19,"— Devlet Bakanı Prof. Dr. Şükrü S.GÜREL’e, Devlet Bakanı Fikret ÜNLÜ’nün Vekâlet Etmesine Dair Tezkere",https://www.resmigazete.gov.tr/eskiler/2001/07/20010719.htm#1
2001-07-19,"— Dışişleri Bakanlığına, Devlet Bakanı ve Başbakan Yardımcısı H. Hüsamettin ÖZKAN’ın Vekâlet Etmesine Dair Tezkere",https://www.resmigazete.gov.tr/eskiler/2001/07/20010719.htm#2
2001-07-19,"2001/2700 Türkiye Ulusal Jeodezi Jeofizik Birliği (TUJJB) Kuruluş,Görev ve Yetki Yönetmeliğinde Değişiklik Yapılmasına Dair Yönetmelik",https://www.resmigazete.gov.tr/eskiler/2001/07/20010719.htm#3
2001-07-19,— Dışişleri Bakanlığı Sürekli Merkez Hizmeti Gören Personelinin Atama ve Görevde Yükselme Esaslarına Dair Yönetmelikte Değişiklik Yapılması Hakkında Yönetmelik,https://www.resmigazete.gov.tr/eskiler/2001/07/20010719.htm#4
2001-07-19,— Emniyet Hizmetleri Sınıfı Mensupları Kıyafet Yönetmeliğinde Değişiklik Yapılmasına Dair Yönetmelik,https://www.resmigazete.gov.tr/eskiler/2001/07/20010719.htm#5
2001-07-19,"— Maliye Bakanlığı Muhasebat Genel Müdürlüğü Muhasebe Uzmanlığı Görev, Çalışma ve Atama Yönetmeliği",https://www.resmigazete.gov.tr/eskiler/2001/07/20010719.htm#6
2001-07-19,— Muhasebat Genel Müdürlüğü Devlet Muhasebe Uzmanları Görev ve Çalışma Yönetmeliğinde Değişiklik Yapılmasına Dair Yönetmelik,https://www.resmigazete.gov.tr/eskiler/2001/07/20010719.htm#7
2001-07-19,"— Milli Emlak Genel Müdürlüğü Milli Emlak Denetmenlerinin Görev, Yetki, Çalışma ve Atama Usulüne İlişkin Yönetmelikte Değişiklik Yapılmasına Dair Yönetmelik",https://www.resmigazete.gov.tr/eskiler/2001/07/20010719.htm#8
2001-07-19,— İstanbul Menkul Kıymetler Borsası Yönetmeliğinde Değişiklik Yapılmasına Dair Yönetmelik,https://www.resmigazete.gov.tr/eskiler/2001/07/20010719.htm#9
2001-07-19,— İstanbul Menkul Kıymetler Borsası Vadeli İşlemler Piyasası İşlem ve Üyeliğine İlişkin Yönetmelik,https://www.resmigazete.gov.tr/eskiler/2001/07/20010719.htm#10
2001-07-19,İstanbul Menkul Kıymetler Borsası Vadeli İşlemler Piyasası Takas Merkezi Üyeliği ve İşlemlerine İlişkin Yönetmelik,https://www.resmigazete.gov.tr/eskiler/2001/07/20010719.htm#11
2001-07-19,— Orta Doğu Teknik Üniversitesi Yuva ve Anaokulu Yönetmeliği,https://www.resmigazete.gov.tr/eskiler/2001/07/20010719.htm#12
2001-07-19,— İstanbul Teknik Üniversitesi Lisansüstü Eğitim ve Öğretim Yönetmeliğinde Değişiklik Yapılmasına Dair Yönetmelik,https://www.resmigazete.gov.tr/eskiler/2001/07/20010719.htm#13
2001-07-19,"— Çin Halk Cumhuriyeti Menşeli Kategori 40, 66, 67, 72, 84, 85, 86, 87, 88, 91, 96, 112 ve 141’de Yer Alan Konfeksiyon Ürünleri İthalatına Yönelik Olarak Soruşturma Açılmasına ve Gözetim Önlemi Alınmasına İlişkin Tebliğ (2001/8)",https://www.resmigazete.gov.tr/eskiler/2001/07/20010719.htm#14
2001-07-19,— Diyarbakır Valiliği Mahalli Çevre Kurulu Kararı (No: 5),https://www.resmigazete.gov.tr/eskiler/2001/07/20010719.htm#15
2001-07-20,2001/2583 Diyanet İşleri Başkanlığı Teftiş Kurulu Tüzüğünde Değişiklik Yapılması Hakkında Tüzük,https://www.resmigazete.gov.tr/eskiler/2001/07/20010720.htm#1
2001-07-20,— Hükümlü Reşit KAYRAN’ın Cezasının Kaldırılması Hakkında Karar (2001/23),https://www.resmigazete.gov.tr/eskiler/2001/07/20010720.htm#2
2001-07-20,"— Devlet Bakanı ve Başbakan Yardımcılığı, Maliye, Enerji ve Tabii Kaynaklar, Kültür, Turizm ile Çevre Bakanlıklarına Ait 7 Adet Atama Kararı",https://www.resmigazete.gov.tr/eskiler/2001/07/20010720.htm#3
2001-07-20,— Dış Ticaret Müsteşarlığı Uzman Yardımcılığı Yarışma ve Uzmanlık Yeterlik Sınavı Yönetmeliğinde Değişiklik Yapılması Hakkında Yönetmelik,https://www.resmigazete.gov.tr/eskiler/2001/07/20010720.htm#4
2001-07-20,— Türkiye Demir ve Çelik İşletmeleri Anonim Şirketi Görevde Yükselme Esaslarına Dair Yönetmelik,https://www.resmigazete.gov.tr/eskiler/2001/07/20010720.htm#5
2001-07-20,"— Maliye Bakanlığı Gelirler Genel Müdürlüğü Gelir Uzmanlığı Görev, Çalışma ve Atama Yönetmeliğinde Değişiklik Yapılmasına Dair Yönetmelik",https://www.resmigazete.gov.tr/eskiler/2001/07/20010720.htm#6
2001-07-20,"— M aliye Bakanlığı Gelirler Genel Müdürlüğü Vergi İstihbarat Uzmanlığı Görev, Yetki, Çalışma ve Atama Yönetmeliğinde Değişiklik Yapılmasına Dair Yönetmelik",https://www.resmigazete.gov.tr/eskiler/2001/07/20010720.htm#7
2001-07-20,"— Maliye Bakanlığı Gelirler Genel Müdürlüğü Devlet Gelir Uzmanlığı Görev, Çalışma ve Atama Yönetmeliğinde Değişiklik Yapılmasına Dair Yönetmelik",https://www.resmigazete.gov.tr/eskiler/2001/07/20010720.htm#8
2001-07-20,"— Maliye Bakanlığı Milli Emlâk Genel Müdürlüğü Devlet Malları Uzmanlığı Görev, Çalışma ve Atama Yönetmeliğinde Değişiklik Yapılmasına Dair Yönetmelik",https://www.resmigazete.gov.tr/eskiler/2001/07/20010720.htm#9
2001-07-20,— Diş Protez Laboratuvarları Yönetmeliğinde Değişiklik Yapılmasına Dair Yönetmelik,https://www.resmigazete.gov.tr/eskiler/2001/07/20010720.htm#10
2001-07-20,"— Rekabet Kurumu Meslek Personeli Seçme, Yetiştirme ve Yükseltme Yönetmeliği",https://www.resmigazete.gov.tr/eskiler/2001/07/20010720.htm#11
2001-07-20,— Yükseköğretim Üst Kuruluşları ile Yükseköğretim Kurumları Personeli Görevde Yükselme Yönetmeliğinde Değişiklik Yapılması Hakkında Yönetmelik,https://www.resmigazete.gov.tr/eskiler/2001/07/20010720.htm#12
2001-07-20,"— Serb est Muhasebecilik, Serbest Muhasebeci Mali Müşavirlik ve Yeminli Mali Müşavirlik Kanunu Genel Tebliği (Sıra No : 31)",https://www.resmigazete.gov.tr/eskiler/2001/07/20010720.htm#13
2001-07-20,— Muhasebat Genel Müdürlüğü Genel Tebliği (Sıra No : 583),https://www.resmigazete.gov.tr/eskiler/2001/07/20010720.htm#14
2001-07-20,— Petrol Ürünlerine Uygulanacak Akaryakıt Fiyat İstikrar Fonu Payları Hakkında Tebliğ (PİGM/AFİF 2001-23),https://www.resmigazete.gov.tr/eskiler/2001/07/20010720.htm#15
2001-07-20,— Osmaniye Valiliği Mahalli Çevre Kurulu Kararı (No : 2001/ 2),https://www.resmigazete.gov.tr/eskiler/2001/07/20010720.htm#16
2001-07-20,— Yargıtay 18 inci Hukuk Dairesine Ait 4 Adet Karar,https://www.resmigazete.gov.tr/eskiler/2001/07/20010720.htm#17
2001-07-21,2001/2716 Akaryakıt Tüketim Vergisi Tutarlarının Tespitine İlişkin Karar,https://www.resmigazete.gov.tr/eskiler/2001/07/20010721.htm#1
2001-07-21,"2001/2672 Turizm Bölgeleri, Turizm Alanları ve Turizm Merkezlerinin Belirlenmesi İçin Çalışma Gruplarının Oluşturulması, Görev ve Yetkileri ile Çalışma Şekline İlişkin Yönetmelik",https://www.resmigazete.gov.tr/eskiler/2001/07/20010721.htm#2
2001-07-21,— Türkiye Selüloz ve Kağıt Fabrikaları A.Ş. (SEKA) Personeli Görevde Yükselme Yönetmeliği,https://www.resmigazete.gov.tr/eskiler/2001/07/20010721.htm#3
2001-07-21,— Yıllık Yatırım Programında Yer Alan Projelere Dış Finansman Sağlanmasına İlişkin Esas ve Usullere Dair Tebliğ,https://www.resmigazete.gov.tr/eskiler/2001/07/20010721.htm#4
2001-07-21,— Uluslararası Gözetim Şirketleri Statüsüne İlişkin Karar (Dış Ticarette Standar dizasyon : 2001/12),https://www.resmigazete.gov.tr/eskiler/2001/07/20010721.htm#5
2001-07-22,"2001/2697 Anayasa Mahkemesi’nin 22/6/2001 Tarihli ve E : 1999/2 (Siyasi Parti-Kapatma), K : 2001/2 Sayılı Kararı ile Kapatılarak Bütün Malları Hazineye Geçen Fazilet Partisi’nin Tasfiye İşlemle rinin M aliye Bakanlığı’nca Yapılması Hakkında Karar",https://www.resmigazete.gov.tr/eskiler/2001/07/20010722.htm#1
2001-07-22,2001/2708 Tarım Reformu Uygulama Alanı Toprak Normu Esasları’nın Yürürlüğe Konulması Hakkında Karar,https://www.resmigazete.gov.tr/eskiler/2001/07/20010722.htm#2
2001-07-22,2001/2710 Macaristan Cumhuriyeti Menşeli Tatlı Mısır ve Mısır İthalatında Tarife Kontenjanı Uygulanması Hakkında Karar,https://www.resmigazete.gov.tr/eskiler/2001/07/20010722.htm#3
2001-07-22,"2001/2712 İli, İlçesi, Köyü, Yeri ve Sınırları ile Alanları Belirtilen Yerlerde Arazi Toplulaştırması Yapılması Hakkında Karar",https://www.resmigazete.gov.tr/eskiler/2001/07/20010722.htm#4
2001-07-22,2001/2719 2001 Yılı Tütün Destekleme Kararı’nın Yürürlüğe Konulması Hakkında Karar,https://www.resmigazete.gov.tr/eskiler/2001/07/20010722.htm#5
2001-07-22,— 2002 Yılı Yatırım Programı Hazırlama Esasları Hakkında Genelge,https://www.resmigazete.gov.tr/eskiler/2001/07/20010722.htm#6
2001-07-22,— Emniyet Genel Müdür Yardımcıları ile Emniyet Müdürlükleri Hakkında Karar,https://www.resmigazete.gov.tr/eskiler/2001/07/20010722.htm#7
2001-07-22,— Antalya Valiliği Mahalli Çevre Kurulu Kararı,https://www.resmigazete.gov.tr/eskiler/2001/07/20010722.htm#8
2001-07-22,— Balıkesir Valiliği Mahalli Çevre Kurulu Kararı,https://www.resmigazete.gov.tr/eskiler/2001/07/20010722.htm#9
2001-07-23,2001/2606 Türk-Kırgız Hükümetlerarası Karma Ekonomik Komisyonu İkinci Dönem Toplantısı Protokolu’nun Onaylanması Hakkında Karar,https://www.resmigazete.gov.tr/eskiler/2001/07/20010723.htm#1
2001-07-23,"— Devlet Bakanı ve Başbakan Yardımcılığı, Devlet, Bayındırlık ve İskan, Tarım ve Köyişleri,Çalışma ve Sosyal Güvenlik, Sanayi ve Ticaret ile Enerji ve Tabii Kaynaklar Bakanlıklarına Ait Atama Kararları",https://www.resmigazete.gov.tr/eskiler/2001/07/20010723.htm#2
2001-07-23,Kayseri Valiliği Mahalli Çevre Kurulu Kararı (No : 5),https://www.resmigazete.gov.tr/eskiler/2001/07/20010723.htm#3
2001-07-24,2001/2668 Petrol Kirliliğinden Doğan Zararın Hukuki Sorumluluğu ile İlgili Uluslararası Sözleşmeye Beyanlarla Katılmamız Hakkında Karar,https://www.resmigazete.gov.tr/eskiler/2001/07/20010724.htm#1
2001-07-24,"— Devlet Bakanı Prof. Dr. Ramazan MİRZAOĞLU’na, Tarım ve Köyişleri Bakanı Prof. Dr. Hüsnü Yusuf GÖKALP’in Vekâlet Etmesine Dair Tezkere",https://www.resmigazete.gov.tr/eskiler/2001/07/20010724.htm#2
2001-07-24,"— Devlet Bakanı Prof. Dr. Abdulhaluk Mehmet ÇAY’a, Devlet Bakanı Prof. Dr. Şuayip ÜŞENMEZ’in Vekâlet Etmesine Dair Tezkere",https://www.resmigazete.gov.tr/eskiler/2001/07/20010724.htm#3
2001-07-24,— Gemiadamları Yönetmeliği,https://www.resmigazete.gov.tr/eskiler/2001/07/20010724.htm#4
2001-07-24,— Et ve Balık Ürünleri A.Ş. Personelinin Görevde Yükselme Yönetmeliği,https://www.resmigazete.gov.tr/eskiler/2001/07/20010724.htm#5
2001-07-24,— Muhasebat Genel Müdürlüğü Muhasebe Denetmenleri Görev ve Çalışma Yönetmeliğinde Değişiklik Yapılmasına Dair Yönetmelik,https://www.resmigazete.gov.tr/eskiler/2001/07/20010724.htm#6
2001-07-24,— Sağlık Bakanlığı Taşra Teşkilatı Yatak ve Kadro Standartları Yönetmeliği ile Eki Cetvellerin Değiştirilmesine Dair Yönetmelik,https://www.resmigazete.gov.tr/eskiler/2001/07/20010724.htm#7
2001-07-24,— Kaplıcalar Yönetmeliği,https://www.resmigazete.gov.tr/eskiler/2001/07/20010724.htm#8
2001-07-24,— Özel Gıda Kontrol Laboratuvarlarının Kuruluş ve Faaliyetleri Hakkında Yönetmelikte Değişiklik Yapılmasına Dair Yönetmelik,https://www.resmigazete.gov.tr/eskiler/2001/07/20010724.htm#9
2001-07-24,— Devlet Hava Meydanları İşletmesi Genel Müdürlüğü Personel Yönetmeliği,https://www.resmigazete.gov.tr/eskiler/2001/07/20010724.htm#10
2001-07-24,— Millî Emlâk Genel Tebliği (Sıra No: 254),https://www.resmigazete.gov.tr/eskiler/2001/07/20010724.htm#11
2001-07-24,— Millî Emlâk Genel Tebliği (Sıra No: 255),https://www.resmigazete.gov.tr/eskiler/2001/07/20010724.htm#12
2001-07-24,— Mecburi Standard: ÖSG-2001/65-66 Sayılı Tebliğ,https://www.resmigazete.gov.tr/eskiler/2001/07/20010724.htm#13
2001-07-24,— Mecburi Standard: ÖSG-2001/67-68 Sayılı Tebliğ,https://www.resmigazete.gov.tr/eskiler/2001/07/20010724.htm#14
2001-07-24,— Mecburi Standard: ÖSG-2001/78-79 Sayılı Tebliğ,https://www.resmigazete.gov.tr/eskiler/2001/07/20010724.htm#15
2001-07-24,— Mecburi Standard: ÖSG-2001/79-80 Sayılı Tebliğ,https://www.resmigazete.gov.tr/eskiler/2001/07/20010724.htm#16
2001-07-24,— Mecburi Standard: ÖSG-2001/84-85 Sayılı Tebliğ,https://www.resmigazete.gov.tr/eskiler/2001/07/20010724.htm#17
2001-07-24,— Rekabet Kurumu Başkanlığına Ait 3 Adet Karar,https://www.resmigazete.gov.tr/eskiler/2001/07/20010724.htm#18
2001-07-25,2001/2692 Türkiye Cumhuriyeti ile Yunanistan Ara sında Ekonomik İşbirliği Anlaşmasının Onaylanması Hakkında Karar,https://www.resmigazete.gov.tr/eskiler/2001/07/20010725.htm#1
2001-07-25,2001/2676 Türkiye Anıt-Çevre-Turizm Değerlerini Koruma Vakfı’na Ver gi Muafiyeti Tanınması Hakkındaki 7/10/1977 Tarihli ve 7/14177 Sayılı Kararnamenin Yürürlükten Kaldırılması Hakkında Karar,https://www.resmigazete.gov.tr/eskiler/2001/07/20010725.htm#2
2001-07-25,2001/2680 Milli Eğitim Bakanlığına Bağlı Okul Pansiyonları Yönetmeliğinde Değişiklik Yapılmasına İlişkin Yönetmelik,https://www.resmigazete.gov.tr/eskiler/2001/07/20010725.htm#3
2001-07-25,— Türk Telekomünikasyon A.Ş. Genel Müdürlüğünde Çalışan Nakle Tabi Personelin Diğer Kamu Kurum ve Kuruluşlarına Nakledilmesi Hakkında Yönetmelik,https://www.resmigazete.gov.tr/eskiler/2001/07/20010725.htm#4
2001-07-25,— Gıda Üretim ve Satış Yerleri Hakkında Yönetmelikte Değişiklik Yapılmasına Dair Yönetmelik,https://www.resmigazete.gov.tr/eskiler/2001/07/20010725.htm#5
2001-07-25,"— Doğal Kaynak, Maden ve İçme Suları ile Tıbbi Suların İstihsali, Ambalajlanması ve Satışı Hakkında Yönetmelikte Değişiklik Yapılmasına Dair Yönetmelik",https://www.resmigazete.gov.tr/eskiler/2001/07/20010725.htm#6
2001-07-25,Kamu Kurum ve Kuruluşlarında İşçi Olarak İst ihdam Edilecek Eski Hükümlülere Uygulanacak Sınav Yönetmeliğinde Değişiklik Yapılmasına Dair Yönetmelik,https://www.resmigazete.gov.tr/eskiler/2001/07/20010725.htm#7
2001-07-25,— Esnaf ve Sanatkarlar ve Diğer Bağımsız Çalışanl ar Sosyal Sigortalar Kurumunca 6183 sayılı Amme Alacaklarının Tahsil Usulü Hakkında Kanuna Göre Kullanılacak Yetkilerin Usul ve Esasları Hakkında Yönetmelik,https://www.resmigazete.gov.tr/eskiler/2001/07/20010725.htm#8
2001-07-25,— Sanayi ve Tica ret Bakanlığı Tüketicinin ve Rekabetin Korunması Genel Müdürlüğü Kontrolörler Yönetmeliğinde Değişiklik Yapılmasına Dair Yönetmelik,https://www.resmigazete.gov.tr/eskiler/2001/07/20010725.htm#9
2001-07-25,— Orman Genel Müdürlüğü Memurlarının Görevde Yükselme Esaslarına Dair Yönetmelikte Değişiklik Yapılması Hakkında Yönetmel,https://www.resmigazete.gov.tr/eskiler/2001/07/20010725.htm#10
2001-07-25,— Tehlikeli Kimyasallar Yönetmeliğinde Değişiklik Yapılmasına Dair Yönetmelik,https://www.resmigazete.gov.tr/eskiler/2001/07/20010725.htm#11
2001-07-25,Gazi Üniversitesi Eğitim-Öğretim ve Sınav Yönetmeliğinin 5 ve 22 nci Maddelerinde Değişiklik Yapılmasına Dair Yönetmelik,https://www.resmigazete.gov.tr/eskiler/2001/07/20010725.htm#12
2001-07-25,— Uludağ Üniversitesi Öğrenci Kültür-Sanat ve Spor Etkinlikleri Yönetmeliği,https://www.resmigazete.gov.tr/eskiler/2001/07/20010725.htm#13
2001-07-25,— Aksaray Valiliği Mahalli Çevre Kurulu Kararı (No: 6),https://www.resmigazete.gov.tr/eskiler/2001/07/20010725.htm#14
2001-07-25,"Anayasa Mahkemesinin E: 2001/281 (765 Sayılı Kanun ile İlgili), K: 2001/82 Sayılı Kararı",https://www.resmigazete.gov.tr/eskiler/2001/07/20010725.htm#15
2001-07-25,"— Anayasa Mahkemesinin E: 2001/29 6 (3167 Sayılı Kanun ile İlgili), K: 2001/83 Sayılı Kararı",https://www.resmigazete.gov.tr/eskiler/2001/07/20010725.htm#16
2001-07-25,— Yargıtay 14 üncü Hukuk Dairesine Ait Bir Adet Karar,https://www.resmigazete.gov.tr/eskiler/2001/07/20010725.htm#17
2001-07-26,"Enerji ve Tabii Kaynaklar Bakanlığına, Çalışma ve Sosyal Güvenlik Bakanı Yaşar OKUYAN’ın Vekâlet Etmesine Dair Tezkere",https://www.resmigazete.gov.tr/eskiler/2001/07/20010726.htm#1
2001-07-26,— Tarımsal Amaçlı Kooperatiflere Kullandırılacak Kredilere İlişki n Yönetmelik,https://www.resmigazete.gov.tr/eskiler/2001/07/20010726.htm#2
2001-07-26,— Türkiye İş Kurumu Yönetim Kurulunun Toplanma ve Çalışma Usul ve Esasları Hakkında Yönetmelik,https://www.resmigazete.gov.tr/eskiler/2001/07/20010726.htm#3
2001-07-26,Türkiye İş Kurumu Genel Müdürlüğü Emanet İşlere Ait Uygulama Yönetmeliği,https://www.resmigazete.gov.tr/eskiler/2001/07/20010726.htm#4
2001-07-26,— Türk Standardları Enstitüsü Teftiş Kurulu Yönetmeliği,https://www.resmigazete.gov.tr/eskiler/2001/07/20010726.htm#5
2001-07-26,— Mersin Ünivers itesi Atatürk İlkeleri ve inkılap Tarihi Araştırma ve Uygulama Merkezi Yönetmeliği,https://www.resmigazete.gov.tr/eskiler/2001/07/20010726.htm#6
2001-07-26,— Asgari Ücret Tespit Komisyonu Kararı (No: 2001/1),https://www.resmigazete.gov.tr/eskiler/2001/07/20010726.htm#7
2001-07-26,— Asgari Ücret Tespit Komisyonu Kararı (No: 2001/2),https://www.resmigazete.gov.tr/eskiler/2001/07/20010726.htm#8
2001-07-26,— Petrol Ürünlerine Uygulanacak Akaryakıt Fiyat İstikrar Fonu Payları Hakkında Tebliğ (PİGM/AFİF 2001-2,https://www.resmigazete.gov.tr/eskiler/2001/07/20010726.htm#9
2001-07-26,— 2001 Yılı Haziran Ayında Verilen Hariçte İşleme İzin Belgelerinin Sektörel Dağılımı Hakkında Tebliğ,https://www.resmigazete.gov.tr/eskiler/2001/07/20010726.htm#10
2001-07-26,— 2001 Yılı Haziran Ayında Verilen Vergi Resim ve Harç İstisnası Belgelerinin Sektörel Dağılımı Hakkında Tebliğ,https://www.resmigazete.gov.tr/eskiler/2001/07/20010726.htm#11
2001-07-26,— 2001 Yılı Haziran Ayında Verilen Yurt İçi Satış Teslimleri ile İlgili Belgelerin Sektörel Dağılımı Hakkında Tebliğ,https://www.resmigazete.gov.tr/eskiler/2001/07/20010726.htm#12
2001-07-27,"— İçişleri, Milli Eğitim, Tarım ve Köyişleri, Enerji ve Tabii Kaynaklar Bakanlığı ile Orman Bakanlığına Ait 10 Adet Atama Kararı",https://www.resmigazete.gov.tr/eskiler/2001/07/20010727.htm#1
2001-07-27,— Türk Patent Enstitüsü Başkanlığı Uzman ve Uzman Yardımcılığı Sınav Yönetmeliğinde Değişiklik Yapılması Hakkında Yönetmelik,https://www.resmigazete.gov.tr/eskiler/2001/07/20010727.htm#2
2001-07-27,Türk Patent Enstitüsü Personeli Görevde Yükselme Yönetmeliğinde Değişiklik Yapılması Hakkı nda Yönetmelik,https://www.resmigazete.gov.tr/eskiler/2001/07/20010727.htm#3
2001-07-27,— Hacettepe Üniversitesi Devlet Konservatuvarı Lisans Öğretim ve Sınav Yönetmeliğinin Bazı Maddelerinin Değiştirilmesi Hakkında Yönetmelik,https://www.resmigazete.gov.tr/eskiler/2001/07/20010727.htm#4
2001-07-27,— Hacettepe Üniversitesi Devlet Konservatuvarı Hazırlık-Orta ve Lise Devresi Öğretim Sınav Yönetmeliğinin Bazı Maddelerinin Değiştirilmesine Dair Yönetmelik,https://www.resmigazete.gov.tr/eskiler/2001/07/20010727.htm#5
2001-07-27,— İstanbul Üniversitesi Florance Nightingale Hemşirelik Yüksekokulu Lisans Öğretim ve Sınav Yönetmeliğinin Bazı Maddelerinin Değiştirilmesine Dair Yönetmelik,https://www.resmigazete.gov.tr/eskiler/2001/07/20010727.htm#6
2001-07-27,— İnönü Üniversitesi Lisansüstü Eğitim-Öğretim Yönetmeliğinde Değişiklik Yapılmasına ve Bir Geçici Madde Eklenmesine Dair Yönetmelik,https://www.resmigazete.gov.tr/eskiler/2001/07/20010727.htm#7
2001-07-27,— Kurumlar Vergisi Genel Tebliği (Seri No: 72),https://www.resmigazete.gov.tr/eskiler/2001/07/20010727.htm#8
2001-07-27,— Preselenmiş Pamukların Standardizasyonuna İlişkin Tebliğ (Dış Ticarette Standardizasyon: 2001/20),https://www.resmigazete.gov.tr/eskiler/2001/07/20010727.htm#9
2001-07-27,— Preselenmiş Pamuk Balya Ambalajlarına İlişkin Tebliğ (Dış Ticarette Standardizasyon: 2001/21),https://www.resmigazete.gov.tr/eskiler/2001/07/20010727.htm#10
2001-07-27,— Çevrenin Korunması Yönünden Kontrol Altında Tutulan Madde ve Atıklara İlişkin Dış Ticarette Standardizasyon Tebliğinde Değişiklik Yapılması Hakkında Tebliğ (Dış Ticarette Standardiz asyon: 2001/22),https://www.resmigazete.gov.tr/eskiler/2001/07/20010727.htm#11
2001-07-28,2001/2762 Yurt Dışına Çıkışlarda Harç Alınmasına İlişkin Usul ve Esaslar Hakkında Karar,https://www.resmigazete.gov.tr/eskiler/2001/07/20010728.htm#1
2001-07-28,— Yeni Vakıflar Birim Yönetmeliği,https://www.resmigazete.gov.tr/eskiler/2001/07/20010728.htm#2
2001-07-28,— Eşyanın Tercihli Menşeinin Tespiti Hakkında Yönetmelikte Değişiklik Yapılmasına Dair Yönetmelik,https://www.resmigazete.gov.tr/eskiler/2001/07/20010728.htm#3
2001-07-28,— Uydu Yayını Lisans ve İzin Yönetmeliğinde Değişiklik Yapılmasına Dair Yönetmelik,https://www.resmigazete.gov.tr/eskiler/2001/07/20010728.htm#4
2001-07-28,— Petrol Ürünlerine Uygulanacak Akaryakıt Fiyat İstikrar Fonu Payları Hakkında Tebliğ (PİGM/AFİF 2001-25),https://www.resmigazete.gov.tr/eskiler/2001/07/20010728.htm#5
2001-07-29,— Pamukkale Üniversitesi Lisansüstü Eğitim-Öğretim Yönetmeliği,https://www.resmigazete.gov.tr/eskiler/2001/07/20010729.htm#1
2001-07-29,— Sakarya Üniversitesi Yurtlar Yönetmeliği,https://www.resmigazete.gov.tr/eskiler/2001/07/20010729.htm#2
2001-07-30,— Adnan Menderes Üniversitesi Ön Lisans ve Lisans Eğitim-Öğretim ve Sınav Yönetmeliği,https://www.resmigazete.gov.tr/eskiler/2001/07/20010730.htm#1
2001-07-30,— İstanbul Üniversitesi Şişli Sağlık Yüksekokulu Lisans Öğretim ve Sınav Yönetmeliği,https://www.resmigazete.gov.tr/eskiler/2001/07/20010730.htm#2
2001-07-31,"— Ulaştırma Bakanlığına, İzmir Milletvekili Oktay VURAL’ın Atanmasına Dair İşlem",https://www.resmigazete.gov.tr/eskiler/2001/07/20010731.htm#1
2001-07-31,"— Dışişleri Bakanlığına, Devlet Bakanı Prof. Dr. Şükrü S. GÜREL’in Vekâlet Etmesine Dair Te zkere",https://www.resmigazete.gov.tr/eskiler/2001/07/20010731.htm#2
2001-07-31,— Kültür Bakanlığına Ait Bir Adet Atama Kararı,https://www.resmigazete.gov.tr/eskiler/2001/07/20010731.htm#3
2001-07-31,— Türkiye Satranç Federasyonu Satranç Yarışmaları Yönetmeliğinde Değişiklik Yapılmasına Dair Yönetmelik,https://www.resmigazete.gov.tr/eskiler/2001/07/20010731.htm#4
2001-07-31,— Eti Krom Anonim Şirketi Personeli Görevde Yükselme Yönetmeliği,https://www.resmigazete.gov.tr/eskiler/2001/07/20010731.htm#5
2001-07-31,— Sana yi ve Ticaret Bakanlığı Tüketici ve Rekabet Uzmanlığı Sınav ve Çalışma Esasları Yönetmeliğinde Değişiklik Yapılmasına Dair Yönetmelik,https://www.resmigazete.gov.tr/eskiler/2001/07/20010731.htm#6
2001-07-31,— Devlet Tiyatroları Genel Müdürlüğü Alım ve Satım İşlemleri ile Hesap Usulleri Hakkında Yönetmeliğin 5 inci Maddesinin Değiştirilmesi Hakkında Yönetmelik,https://www.resmigazete.gov.tr/eskiler/2001/07/20010731.htm#7
2001-07-31,— Boğaziçi Üniversitesi Lisansüstü Giriş Eğitim ve Öğretim Yönetmeliğinin Bazı Maddelerinde Değişiklik Yapılmasına Dair Yönetmelik,https://www.resmigazete.gov.tr/eskiler/2001/07/20010731.htm#8
2001-07-31,— Gazi Üniversitesi Sağlık Bilimleri Enstitüsü Lisansüstü Eğitim-Öğretim ve Sınav Yönetmeliğinin 7 nci Maddesinin Değiştirilmesi Hakkında Yönetmelik,https://www.resmigazete.gov.tr/eskiler/2001/07/20010731.htm#9
2001-07-31,— Gazi Üniversitesi Sosyal Bilimler Enstitüsü Lisansüstü Eğitim-Öğretim ve Sınav Yönetmeliğinin Bazı Maddelerinde Değişiklik Yapılmasına Dair Yönetmelik,https://www.resmigazete.gov.tr/eskiler/2001/07/20010731.htm#10
2001-07-31,— Gazi Üniversitesi Eğitim Bilimleri Enstitüsü Lisansüstü Eğitim-Öğretim ve Sınav Yönetmeliğinin 18 ve 46 ncı Maddelerinde Değişiklik Yapılmasına Dair Yönetmelik,https://www.resmigazete.gov.tr/eskiler/2001/07/20010731.htm#11
2001-07-31,— Gazi Üniversitesi Fen Bilimleri Enstitüsü Lisansüstü Eğitim-Öğretim ve Sınav Yönetmeliğinin 2 nci Maddesinde Değişiklik Yapılmasına Dair Yön etmelik,https://www.resmigazete.gov.tr/eskiler/2001/07/20010731.htm#12
2001-07-31,— Petrol Ürünlerine Uygulanacak Akaryakıt Fiyat İstikrar Fonu Payları Hakkında Tebliğ (PİGM/AFİF 2001-26),https://www.resmigazete.gov.tr/eskiler/2001/07/20010731.htm#13
2001-07-31,— Edirne Valiliği Mahalli Çevre Kurulu Kararı (No: 4),https://www.resmigazete.gov.tr/eskiler/2001/07/20010731.htm#14
2001-07-31,— Rize Valiliği Mahalli Çevre Kurulu Kararı (No: 2001/6),https://www.resmigazete.gov.tr/eskiler/2001/07/20010731.htm#15
2001-07-31,— Tekirdağ Valiliği Mahalli Çevre Kurulu Kararı (No: 07),https://www.resmigazete.gov.tr/eskiler/2001/07/20010731.htm#16
2001-08-01,2001/2690 EFTA-Türkiye Ortak Komite Kararının Onaylanması Hakkında Karar,https://www.resmigazete.gov.tr/eskiler/2001/08/20010801.htm#1
2001-08-01,2001/2691 Türkiye Cumhuriyeti Hükümeti ile İran İslam Cumhuriyeti Hükümeti Arasında Gümrük Konularında İşbirliği ve Karşılıklı Yardım Anlaşmasının Onaylanması Hakkında Karar,https://www.resmigazete.gov.tr/eskiler/2001/08/20010801.htm#2
2001-08-01,2001/2693 Türkiye-Suriye Ortak Ulaştırma Komisyon Toplantısı Mutabakat Zaptı’nın Onaylanması Hakkında Karar,https://www.resmigazete.gov.tr/eskiler/2001/08/20010801.htm#3
2001-08-01,"2001/2709 Türkiye Cumhuriyeti Hükümeti ile Suriye Arap Cumhuriyeti Arasında Tarım Alanında Teknik, Bilimsel ve Ekonomik İşbirliği Anlaşmasının Onaylanması Hakkında Karar",https://www.resmigazete.gov.tr/eskiler/2001/08/20010801.htm#4
2001-08-01,001/2714 Türkiye Cumhuriyeti Hükümeti ile Slovenya Cumhuriyeti Hükümeti Arasında Bilim ve Teknoloji İşbirliği Anlaşmasının Onaylanması Hakkında Karar,https://www.resmigazete.gov.tr/eskiler/2001/08/20010801.htm#5
2001-08-01,2001/2715 Türkiye Cumhuriyeti ile Yunanistan Arasındaki Yatırımların Karşılıklı Teşvik ve Korunması Anlaşmasının Onaylanması Hakkında Karar,https://www.resmigazete.gov.tr/eskiler/2001/08/20010801.htm#6
2001-08-01,— Çay İşletmeleri Genel Müdürlüğü Atama ve Görevde Yükselme Yönetmeliği,https://www.resmigazete.gov.tr/eskiler/2001/08/20010801.htm#7
2001-08-01,— Golf Yarışma Yönetmeliği,https://www.resmigazete.gov.tr/eskiler/2001/08/20010801.htm#8
2001-08-01,— Golf Hakem Yönetmeliği'nde Değişiklik Yapılmasına Dair Yönetmelik,https://www.resmigazete.gov.tr/eskiler/2001/08/20010801.htm#9
2001-08-01,— T.C. Emekli Sandığı Genel Müdürlüğü Teftiş Kurulu Yönetmeliğinin Bazı Maddelerinin Yürürlükten Kaldırılması ve Bazı Maddelerinde Değişiklik Yapılmasına Dair Yönetmelik,https://www.resmigazete.gov.tr/eskiler/2001/08/20010801.htm#10
2001-08-01,— T.C. Emekli Sandığı Genel Müdürlüğü Müfettiş Yardımcılığı Giriş Sınavı Yönetmeliği,https://www.resmigazete.gov.tr/eskiler/2001/08/20010801.htm#11
2001-08-01,— Hipe rbarik Oksijen Tedavisi Uygulanan Özel Sağlık Kuruluşları Hakkında Yönetmelik,https://www.resmigazete.gov.tr/eskiler/2001/08/20010801.htm#12
2001-08-01,— TCDD Genel Müdürlüğü ve Bağlı Ortaklıkları Personelinin Görevde Yükselme Esaslarına Dair Yönetmelik,https://www.resmigazete.gov.tr/eskiler/2001/08/20010801.htm#13
2001-08-01,— Adnan Menderes Üniversitesi Lisansüstü Eğitim-Öğretim Yönetmeliği,https://www.resmigazete.gov.tr/eskiler/2001/08/20010801.htm#14
2001-08-01,— B oğaziçi Üniversitesi Lisans Eğitim ve Öğretim Yönetmeliğinin Bazı Maddelerinde Değişiklik Yapılmasına Dair Yönetmelik,https://www.resmigazete.gov.tr/eskiler/2001/08/20010801.htm#15
2001-08-01,— Boğaziçi Üniversitesi Meslek Yüksekokulu Eğitim ve Öğretim Yönetmeliğinin Bazı Maddelerinde Değişiklik Yapılmasına Dair Yönetm elik,https://www.resmigazete.gov.tr/eskiler/2001/08/20010801.htm#16
2001-08-01,— 2001 Yılı Haziran Ayında Düzenlenen Yatırım Teşvik Belgelerinin Sektörel Dağılımı Hakkında Tebliğ,https://www.resmigazete.gov.tr/eskiler/2001/08/20010801.htm#17
2001-08-01,— 2001 Yılı Haziran Ayında Düzenlenen Yabancı Sermayeli Yatırım Teşvik Belgelerinin Sektörel Dağılımı Hakkında Tebliğ,https://www.resmigazete.gov.tr/eskiler/2001/08/20010801.htm#23
2001-08-01,— Dış Ticarette Standardizasyon Tebliği (Tebliğ No: 2001/23),https://www.resmigazete.gov.tr/eskiler/2001/08/20010801.htm#18
2001-08-01,— Mülga Dış Krediler Kur Farkı Fonu’ndan Kullanılmış Kredilere Uygulanacak Değişken Faiz Oranı Hakkında Tebliğ,https://www.resmigazete.gov.tr/eskiler/2001/08/20010801.htm#19
2001-08-01,— Kars Valiliği Mahalli Çevre Kurulu Kararı (No: 2),https://www.resmigazete.gov.tr/eskiler/2001/08/20010801.htm#20
2001-08-01,— Konya Valiliği Mahalli Çevre Kurulu Kararı (No: 2001/6),https://www.resmigazete.gov.tr/eskiler/2001/08/20010801.htm#21
2001-08-01,— Yargıtay 2 nci Hukuk Dairesine Ait 8 Adet Karar,https://www.resmigazete.gov.tr/eskiler/2001/08/20010801.htm#22
2001-08-02,2001/2789 Mal ve Hizmetlere Uygulanacak Katma Değer Vergisi Oranlarının Tespitine İlişkin Karar,https://www.resmigazete.gov.tr/eskiler/2001/08/20010802.htm#1
2001-08-02,Bazı Askeri Hakim Subayların Atanmalarına Dair Karar,https://www.resmigazete.gov.tr/eskiler/2001/08/20010802.htm#9
2001-08-02,— Gümrük Müsteşarlığı Gümrük Müfettiş Yardımcılığı ile Genel Müdürlük Stajyer Kontrolörlüğü Giriş Sınavlarına Katılmaya İlişkin Yönetmelik,https://www.resmigazete.gov.tr/eskiler/2001/08/20010802.htm#2
2001-08-02,— Dar İzli Tekerlekli Tarım veya Orman Traktörlerinin Sürücü Koltuğu Önüne Monte Edilmiş Olan Devrilmeye Karşı Koruma Çerçevesi ile İlgili Tip Onayı Yönetmeliği (87/402/AT),https://www.resmigazete.gov.tr/eskiler/2001/08/20010802.htm#3
2001-08-02,— Motorlu Araçların İç Donanımları (Bir Çarpma Halinde Direksiyon Mekanizmasının Davranışı) ile İlgili Tip Onayı Yönetmeliği (74/297/AT),https://www.resmigazete.gov.tr/eskiler/2001/08/20010802.htm#4
2001-08-02,— Atılım Üniversitesi Teşkilat ve İşleyişine İlişkin Yönetmeliğin 4 üncü maddesinde Değişiklik Yapılması Hakkında Yönetmelik,https://www.resmigazete.gov.tr/eskiler/2001/08/20010802.htm#5
2001-08-02,— Yeditepe Üniversitesi Yan Dal Lisans Eğitim ve Öğretim Programı Yönetmeliği,https://www.resmigazete.gov.tr/eskiler/2001/08/20010802.htm#6
2001-08-02,— Muhasebat Genel Müdürlüğü Genel Tebliği (Sıra No: 584),https://www.resmigazete.gov.tr/eskiler/2001/08/20010802.htm#7
2001-08-02,— Toplu Konut Fonundan Toplu Konut Yapımcılarına Açılan Kredi Miktarlarının Artırılmasına İlişkin Tebliğ (Tebliğ No: 2001/1),https://www.resmigazete.gov.tr/eskiler/2001/08/20010802.htm#8
2001-08-03,"— Devlet Bakanı Prof. Dr. Şükrü S.GÜREL’e, Devlet Bakanı Fikret ÜNLÜ’nün Vekâlet Etmesine Dair Tezkere",https://www.resmigazete.gov.tr/eskiler/2001/08/20010803.htm#1
2001-08-03,2001/2688 Diyanet İşleri Başkanlığı Hac Dairesi Başkanlığı Bünyesinde Bir Adet Şube Müdürlüğü Kurulması Hakkında Karar,https://www.resmigazete.gov.tr/eskiler/2001/08/20010803.htm#2
2001-08-03,2001/2755 Sürekli Görevle Yurt Dışında Bulunan Memurların Aylıklarına Uygulanacak Katsayı Hakkındaki Karar’a Ekli Cetvellerde Değişiklik Yapılmasına İlişkin Karar,https://www.resmigazete.gov.tr/eskiler/2001/08/20010803.htm#3
2001-08-03,— Kamu Kurum ve Kuruluşlarında İşçi Olarak İstihdam Edilecek Özürlüler Hakkında Uygulanacak Sınav Yönetmeliğinde Değişiklik Yapılmasına Dair Yönetmelik,https://www.resmigazete.gov.tr/eskiler/2001/08/20010803.htm#4
2001-08-03,— Karayolları Genel Müdürlüğü Teftiş Kurulu Yönetmeliğinde Değişiklik Yapılmasına Dair Yönetmelik,https://www.resmigazete.gov.tr/eskiler/2001/08/20010803.htm#5
2001-08-03,— Tasarruf Mevduatı Sigorta Fonu Yönetmeliği,https://www.resmigazete.gov.tr/eskiler/2001/08/20010803.htm#6
2001-08-03,Rekabet Kurulunun 99-39/414-266 Sayılı Kararı,https://www.resmigazete.gov.tr/eskiler/2001/08/20010803.htm#7
2001-08-03,— Rekabet Kurulunun 99-55/589-376 Sayılı Kararı,https://www.resmigazete.gov.tr/eskiler/2001/08/20010803.htm#8
2001-08-04,"2001/2738 Başbakanlığa Ait (3) Sayılı Cetvellerde Yer Alan Dolu Kadroların Derecelerinin, (4) Sayılı Cetvellerde Yer Alan Boş Kadroların Sınıf, Unvan ve Derecelerinin Değiştirilmesi Hakkında Karar",https://www.resmigazete.gov.tr/eskiler/2001/08/20010804.htm#1
2001-08-04,— Dış Ticarette Standardizasyon Tebliği (No: 2001/24),https://www.resmigazete.gov.tr/eskiler/2001/08/20010804.htm#2
2001-08-04,— Dış Ticarette Standardizasyon Tebliğinde Değişiklik Yapılması Hakkında Tebliğ (No: 2001/25),https://www.resmigazete.gov.tr/eskiler/2001/08/20010804.htm#3
2001-08-04,— Dış Ticarette Standardizasyon Tebliğinde Değişiklik Yapılması Hakkında Tebliğ (No: 2001/26),https://www.resmigazete.gov.tr/eskiler/2001/08/20010804.htm#4
2001-08-04,— Macaristan C umhuriyeti Menşeli Tatlı Mısır ve Mısır İthalatında Tarife Kontenjanı Uygulanmasına İlişkin Tebliğ,https://www.resmigazete.gov.tr/eskiler/2001/08/20010804.htm#5
2001-08-04,— Rekabet Kurulunun 99-39/413-265 Sayılı Kararı,https://www.resmigazete.gov.tr/eskiler/2001/08/20010804.htm#6
2001-08-04,— Rekabet Kurulunun 01-13/124-32 Sayılı Kararı,https://www.resmigazete.gov.tr/eskiler/2001/08/20010804.htm#7
2001-08-04,(13/7/2001 Tarihli ve 24461 Sayılı Resmî Gazete’de Yayımlanan Gaziantep Üniversitesi Yaz Okulu Yönetmeliğinin 5 ve 11 inci Maddesinde Değişiklik Yapılmasına İlişkin Yönetmelik ile İlgili),https://www.resmigazete.gov.tr/eskiler/2001/08/20010804.htm#8
2001-08-05,2001/2722 Polonya Cumhuriyeti Menşeli Bazı Tarım ve İşlenmiş Tarım Ürünleri İthalatında Tarife Kontenjanı Uygulanması Hakkında Kararın Yürürlüğe Konulması Hakkında Karar,https://www.resmigazete.gov.tr/eskiler/2001/08/20010805.htm#1
2001-08-05,— Türkiye Selüloz ve Kağıt Fabrikaları A.Ş. (SEKA) Satın Alma ve İhale Yönetmeliği,https://www.resmigazete.gov.tr/eskiler/2001/08/20010805.htm#2
2001-08-05,— Tenis Müsabaka Yönetmeliği,https://www.resmigazete.gov.tr/eskiler/2001/08/20010805.htm#3
2001-08-05,— Tenis Hakem Yönetmeliği,https://www.resmigazete.gov.tr/eskiler/2001/08/20010805.htm#4
2001-08-05,— Eğitime Katkı Payı Genel Tebliği (Seri No: 2),https://www.resmigazete.gov.tr/eskiler/2001/08/20010805.htm#5
2001-08-05,— Vergi Usul Kanunu Genel Tebliği (Sıra No: 298),https://www.resmigazete.gov.tr/eskiler/2001/08/20010805.htm#6
2001-08-06,"2001/2739 Devlet Personel Başkanlığına Ait (3) Sayılı Cetvelde Yer Alan Boş Kadroların Derecelerinin, (4) Sayılı Cetvelde Yer Alan Boş Kadroların Sınıf, Unvan ve Derecelerinin Değiştirilmesi Hakkında Karar",https://www.resmigazete.gov.tr/eskiler/2001/08/20010806.htm#1
2001-08-06,— Devlet Meteoroloji İşleri Genel Müdürlüğü Atama ve Görevde Yükselme Yönetmeliğinde Değişiklik Yapılması Hakkında Yönetmelik,https://www.resmigazete.gov.tr/eskiler/2001/08/20010806.htm#2
2001-08-06,— Sayıştay Yönetim Mensuplarının Görevde Yükselme Yönetmeliğinde Değişiklik Yapılmasına Dair Yönetmelik,https://www.resmigazete.gov.tr/eskiler/2001/08/20010806.htm#3
2001-08-06,— Türkiy e Petrolleri Anonim Ortaklığı Teftiş Kurulu Yönetmeliğinde Değişiklik Yapılmasına Dair Yönetmelik,https://www.resmigazete.gov.tr/eskiler/2001/08/20010806.htm#4
2001-08-06,— Erciyes Üniversitesi Önlisans ve Lisans Eğitim-Öğretim ve Sınav Yönetmeliğinin 13 üncü Maddesinde Değişiklik Yapılmasına Dair Yönetmelik,https://www.resmigazete.gov.tr/eskiler/2001/08/20010806.htm#5
2001-08-06,Rekabet Kurulunun 99-40/424-271 Sayılı Kararı,https://www.resmigazete.gov.tr/eskiler/2001/08/20010806.htm#6
2001-08-06,— Rekabet Kurulunun 99-43/453-286 Sayılı Kararı,https://www.resmigazete.gov.tr/eskiler/2001/08/20010806.htm#7
2001-08-06,— Rekabet Kurulunun 00-44/472-257 Sayılı Kararı,https://www.resmigazete.gov.tr/eskiler/2001/08/20010806.htm#8
2001-08-06,— Eskişehir Valiliği Mahalli Çevre Kurulu Kararı (No: 06),https://www.resmigazete.gov.tr/eskiler/2001/08/20010806.htm#9
2001-08-06,— Eskişehir Valiliği Mahalli Çevre Kurulu Kararı (No: 07,https://www.resmigazete.gov.tr/eskiler/2001/08/20010806.htm#10
2001-08-06,— İstanbul Valiliği Mahalli Çevre Kurulu Kararı (No: 06),https://www.resmigazete.gov.tr/eskiler/2001/08/20010806.htm#11
2001-08-06,Yozgat Valiliği Mahalli Çevre Kurulu Kararı (No: 04),https://www.resmigazete.gov.tr/eskiler/2001/08/20010806.htm#12
2001-08-07,"— Sağlık, Sanayi ve Ticaret, Kültür ile Çevre Bakanlıklarına Ait Atama Kararları",https://www.resmigazete.gov.tr/eskiler/2001/08/20010807.htm#1
2001-08-07,— Ceza İnfaz Kurumları ve Tutukevleri İzleme Kurulları Yönetmeliği,https://www.resmigazete.gov.tr/eskiler/2001/08/20010807.htm#2
2001-08-07,— Hakkında Dava Açılan Asker Kişiler İçin Avukat Tutma ve Avukatlık Ücretinin Ödeme Usul ve Esasları Hakkında Yönetmeliğin Bazı Maddelerinin Değiş tirilmesine ve Bir Geçici Madde Eklenmesine Dair Yönetmelik,https://www.resmigazete.gov.tr/eskiler/2001/08/20010807.htm#3
2001-08-07,— Türkiye İş Kurumu Hukuk Müşavirliği Yönetmeliği,https://www.resmigazete.gov.tr/eskiler/2001/08/20010807.htm#4
2001-08-07,— Türkiye İş Kurumu Genel Müdürlüğü Teftiş Kurulu Yönetmeliği,https://www.resmigazete.gov.tr/eskiler/2001/08/20010807.htm#5
2001-08-07,— Tahsilat Genel Tebliği (Seri No : 418),https://www.resmigazete.gov.tr/eskiler/2001/08/20010807.htm#6
2001-08-07,— Üretimlerini Likit Petrol Gazı ile Yapan Üreticilerin Zararlarının Karşılanmasına İlişkin Usul ve Esaslar Hakkında Tebliğ (Sıra No : 1),https://www.resmigazete.gov.tr/eskiler/2001/08/20010807.htm#7
2001-08-07,— Mardin Valiliği Mahalli Çevre Kurulu Kararı (No: 05),https://www.resmigazete.gov.tr/eskiler/2001/08/20010807.htm#8
2001-08-07,— Muğla İli Sınırları Dahilinde Orman Yangınlarının Önlenmesi Amacıyla Alınması Gereken Tedbirler Hakkında Karar (2001/1),https://www.resmigazete.gov.tr/eskiler/2001/08/20010807.htm#9
2001-08-07,— Yargıtay 2 nci Hukuk Dairesine Ait İki Adet Karar,https://www.resmigazete.gov.tr/eskiler/2001/08/20010807.htm#10
2001-08-08,2001/2728 Birleşmiş Milletler Sınai Kalkınma Teşkilatı ile Türkiye Cumhuriyeti Hükümeti Arasında Vakıf Fonu Anlaşması’nın Onaylanması Hakkında Karar,https://www.resmigazete.gov.tr/eskiler/2001/08/20010808.htm#1
2001-08-08,2001/2747 Türkiye Cumhuriyeti ile Çek Cumhuriyeti Arasındaki Karma Ekonomik Komisyonunun İkinci Dönem Toplantısı Protokolu’nun Onaylanması Hakkında Karar,https://www.resmigazete.gov.tr/eskiler/2001/08/20010808.htm#2
2001-08-08,2001/2757 Türk-Oman Ortak Komitesi Üçüncü Dönem Toplantısı Mutabakat Zaptı’nın Onaylanması Hakkında Karar,https://www.resmigazete.gov.tr/eskiler/2001/08/20010808.htm#3
2001-08-08,"— Milli Savunma Bakanlığına, Devlet Bakanı Prof. Dr. Ramazan MİRZAOĞLU’nun Vekâlet Etmesine Dair Tezkere",https://www.resmigazete.gov.tr/eskiler/2001/08/20010808.htm#4
2001-08-08,— Ekonomik ve Sosyal Konseyin Teşekkülü ile Çalışma Esas ve Usulleri Hakkında Yönetmelik,https://www.resmigazete.gov.tr/eskiler/2001/08/20010808.htm#5
2001-08-08,— Devlet Arşiv Hizmetleri Hakkında Yönetmelikte Değişiklik Yapılmasına Dair Yönetmelik,https://www.resmigazete.gov.tr/eskiler/2001/08/20010808.htm#6
2001-08-08,"— Motorlu Araçlarla İlgili Olarak Yayımlanan 70/157/AT, 75/443/AT, 76/114/AT, 76/115/AT, 76/756/AT, 76/757/AT, 76/759/AT, 76/760/AT, 76/761/AT, 76/762/AT, 77/389/AT, 77/538/AT, 77/539/AT, 77/540/AT, 78/317/AT, 78/318/AT, 78/549/AT İşaretli Yönetmeliklerin Geçici Maddelerinde Değişiklik Yapılmasına Dair Yönetmelik",https://www.resmigazete.gov.tr/eskiler/2001/08/20010808.htm#7
2001-08-08,"— Kafkas Üniversitesi Ardahan Meslek Yüksekokulu Kayıt, Eğitim-Öğretim ve Sınav Yönetmeliği",https://www.resmigazete.gov.tr/eskiler/2001/08/20010808.htm#8
2001-08-08,— 4688 Sayılı Kamu Görevlileri Sendikaları Kanununun Uygulanmasına İlişkin Tebliğ,https://www.resmigazete.gov.tr/eskiler/2001/08/20010808.htm#9
2001-08-08,— 12/5/1988 Tarih ve 88/12944 Sayılı Kararnameye İlişkin Kaynak Kullanımını Destekleme Fonu Hakkında Tebliğde Değişiklik Yapılmasına İlişkin Tebliğ (Sıra No : 31),https://www.resmigazete.gov.tr/eskiler/2001/08/20010808.htm#10
2001-08-08,— Zorunlu Karşılıklar Hakkında Tebliğ (Sayı : 2001/2),https://www.resmigazete.gov.tr/eskiler/2001/08/20010808.htm#11
2001-08-08,— Artvin İli Mahalli Çevre Kurulu Kararı (No : 2),https://www.resmigazete.gov.tr/eskiler/2001/08/20010808.htm#12
2001-08-09,— Devlet Bakanlığına Ankara Milletvekili Nejat ARSEVEN’in Atanmasına Dair Tezkere,https://www.resmigazete.gov.tr/eskiler/2001/08/20010809.htm#1
2001-08-09,"Erkan MUMCU’dan Boşalan Turizm Bakanlığına, Gaziantep Milletvekili Mustafa TAŞAR’ın Atanmasına Dair Tezkere",https://www.resmigazete.gov.tr/eskiler/2001/08/20010809.htm#2
2001-08-09,— Hükümlü Remzi ALTUN’un Cezasının Kaldırılması Hakkında Karar,https://www.resmigazete.gov.tr/eskiler/2001/08/20010809.htm#3
2001-08-09,— Sınır Tespitine Dair Bir Adet Karar,https://www.resmigazete.gov.tr/eskiler/2001/08/20010809.htm#4
2001-08-09,— Çevre Bakanlığı Personelinin Yer Değiştirme Suretiyle Atanmalarına İlişkin Yönetmelik,https://www.resmigazete.gov.tr/eskiler/2001/08/20010809.htm#5
2001-08-09,— Muğla Üniversitesi Önlisans ve Lisans Eğitim-Öğretim ve Sınav Yönetmeliğinin 29 uncu Maddesinin Değiştirilmesi Hakkında Yönetmelik,https://www.resmigazete.gov.tr/eskiler/2001/08/20010809.htm#6
2001-08-09,"— Türk Ürünlerinin Yurtdışında Markalaşması, Tanıtım ve Tutundurması ile Türk Malı İmajınının Yerleştirilmesine Yönelik Faaliyetlerin Desteklenmesi Hakkında Tebliğde Değişiklik Yapılmasına Dair Tebliğ (No : 2001/6)",https://www.resmigazete.gov.tr/eskiler/2001/08/20010809.htm#7
2001-08-10,2001/2782 Karadeniz Deniz İşbirliği Görev Grubu Teşkiline Dair Anlaşma’nın Onaylanması Hakkında Karar,https://www.resmigazete.gov.tr/eskiler/2001/08/20010810.htm#1
2001-08-10,"— Anayasa Mahkemesi Asıl Üyeliğine, Avukat Enis TUNGA’nın Seçil mesine Dair Karar",https://www.resmigazete.gov.tr/eskiler/2001/08/20010810.htm#2
2001-08-10,2001/2765 Türkiye Radyo ve Televizyon Kurumu Genel Müdürlüğüne Yücel YENER’in Atanması Hakkında Karar,https://www.resmigazete.gov.tr/eskiler/2001/08/20010810.htm#3
2001-08-10,— Hâkimler ve Savcılar Yüksek Kuruluna Ait Karar,https://www.resmigazete.gov.tr/eskiler/2001/08/20010810.htm#4
2001-08-10,2001/2785 Emniyet Hizmetleri Sınıfı Personeli Rütbe Terfileri ve Değerlendirme Kurullarının Çalışmalarına İlişkin Yönetmelik,https://www.resmigazete.gov.tr/eskiler/2001/08/20010810.htm#5
2001-08-10,— Tarım Arazilerinin Korunması ve Kullanılmasına Dair Yönetmelik,https://www.resmigazete.gov.tr/eskiler/2001/08/20010810.htm#6
2001-08-10,— Mecburi Standard Tebliği (No : ÖSG-2001/87-88),https://www.resmigazete.gov.tr/eskiler/2001/08/20010810.htm#7
2001-08-11,2001/2768 Uluslararası İmar ve Kalkınma Bankası Tarafından Finanse Edilen İkinci Sağlık Projesi (TUR/95/R01) Kapsamında Birleşmiş Milletler Kalkınma Programı (UNDP) Tarafından Sağlanan Yönetim ve Diğer Destek Hizmetleri ile İlgili İkinci Ek Anlaşma Mektubu’nun Onaylanması Hakında Karar,https://www.resmigazete.gov.tr/eskiler/2001/08/20010811.htm#1
2001-08-11,"2001/2791 Fındık Tarım Satış Kooperatifleri Birliği (Fiskobirlik)’nin Stoklarında Bulunan 2000 Yılı Ürünü Fındığın Yağlığa Ayrılması Sonu cu Ortaya Çıkan Zararın, Söz Konusu Birliğin Destekleme ve Fiyat İstikrar Fonu’na Olan Kredi Borçlarına Mahsup Edilmesine İlişkin Karar",https://www.resmigazete.gov.tr/eskiler/2001/08/20010811.htm#2
2001-08-11,— Türkiye Şeker Fabrikaları A.Ş. Genel Müdürlüğü Görevde Yükselme Yönetmeliğinde Değişiklik Yapılmasına Dair Yönetmelik,https://www.resmigazete.gov.tr/eskiler/2001/08/20010811.htm#3
2001-08-11,— Kırıkkale Üniversitesi Ön Lisans ve Lisans Eğitim-Öğretim ve Sınav Yönetmeliğinin 4 ve 17 nci Maddelerinin Değiştirilmesine Dair Yönetmelik,https://www.resmigazete.gov.tr/eskiler/2001/08/20010811.htm#4
2001-08-11,— İzmir Yüksek Teknoloji Enstitüsü Döner Sermaye İşletmesi Yönetmeliği,https://www.resmigazete.gov.tr/eskiler/2001/08/20010811.htm#5
2001-08-11,— Türk Gıda Kodeksi-Alkolsüz İçecekler Tebliğinde Değişiklik Yapılması Hakkında Tebliğ (No : 2001/18),https://www.resmigazete.gov.tr/eskiler/2001/08/20010811.htm#6
2001-08-11,— Mecburi Standard Tebliğ (No : ÖSG-2001/92-93),https://www.resmigazete.gov.tr/eskiler/2001/08/20010811.htm#7
2001-08-11,"— Yatırım Fonlarına İlişkin Esaslar Tebliğinde Değişiklik Yapılmasına Dair Tebliğ (Seri : VII, No : 17)",https://www.resmigazete.gov.tr/eskiler/2001/08/20010811.htm#8
2001-08-11,"— Sermaye Piy asasında Faaliyette Bulunanlar İçin Lisanslama ve Sicil Tutmaya İlişkin Esaslar Hakkında Tebliğ (Seri : VIII, No : 34)",https://www.resmigazete.gov.tr/eskiler/2001/08/20010811.htm#9
2001-08-11,— Balıkesir Valiliği Mahalli Çevre Kurulu Kararı (2001/6),https://www.resmigazete.gov.tr/eskiler/2001/08/20010811.htm#10
2001-08-11,— Düzce İlinde Egzoz Gazı Ölçümü Konusunda Uygulanacak Esaslarla İl gili Teb liğ (No : 14),https://www.resmigazete.gov.tr/eskiler/2001/08/20010811.htm#11
2001-08-11,— Batman Valiliği Mahalli Çevre Kurulu Kararı (No : 2),https://www.resmigazete.gov.tr/eskiler/2001/08/20010811.htm#12
2001-08-11,— DÜZELTME (2001/2739 Sayılı Bakanlar Kurulu Kararı ile İlgili),https://www.resmigazete.gov.tr/eskiler/2001/08/20010811.htm#13
2001-08-12,"— Devlet Bakanı Mehmet KEÇECİLER’e, İçişleri Bakanı Rüştü Kazım YÜCELEN’in Vekâlet Etmesine Dair Tezkere",https://www.resmigazete.gov.tr/eskiler/2001/08/20010812.htm#1
2001-08-12,— Yapı Denetimi Uygulama Usul ve Esasları Yönetmeliği,https://www.resmigazete.gov.tr/eskiler/2001/08/20010812.htm#2
2001-08-12,— Akdeniz Üniversitesi İsteğe Bağlı Yabancı Dil Hazırlık Eğitim-Öğretimi ve Sınav Yönetmeliği,https://www.resmigazete.gov.tr/eskiler/2001/08/20010812.htm#3
2001-08-12,— Akdeniz Üniversitesi Zorunlu Yabancı Dil Hazırlık Eğitim-Öğretimi ve Sınav Yönetmeliği,https://www.resmigazete.gov.tr/eskiler/2001/08/20010812.htm#4
2001-08-12,"— Sermaye Piyasası Mevzuatı Çerçevesinde Değerleme Hizmeti Verecek Şirketlere ve Bu Şirketlerin Kurulca Listeye Alınmalarına İlişkin Esaslar Hakkında Tebliğ (Seri: VIII, No: 35)",https://www.resmigazete.gov.tr/eskiler/2001/08/20010812.htm#5
2001-08-12,"— Aracılık Faaliyetleri ve Aracı Kuruluşlara İlişkin Esaslar Hakkında Tebliğde Değişiklik Yapılmasına Dair Tebliğ (Seri: V, No: 50)",https://www.resmigazete.gov.tr/eskiler/2001/08/20010812.htm#6
2001-08-13,2001/2790 İthalat Rejimi Kararına Ek Kararın Yürürlüğe Konulması Hakkında Karar,https://www.resmigazete.gov.tr/eskiler/2001/08/20010813.htm#1
2001-08-13,— Atatürk Üniversitesi Atatürk İlkeleri ve İnkıl ap Tarihi Enstitüsü Lisansüstü Eğitim-Öğretim ve Sınav Yönetmeliğin in Baz ı Maddelerinde Değişiklik Yapılmasına Dair Yönetmelik,https://www.resmigazete.gov.tr/eskiler/2001/08/20010813.htm#2
2001-08-13,— Kadir Has Üniversitesi Tıp Fakültesi Öğretim ve Sınav Yönetmeliğinde Değişiklik Yapılmasına Dair Yönetmelik,https://www.resmigazete.gov.tr/eskiler/2001/08/20010813.htm#3
2001-08-13,— Gaziantep Üniversitesi Lisansüstü Eğitim-Öğretim ve Sınav Yönetmeliğinin 29 v e 36 ncı Maddelerinde Değişiklik Yapılmasına Dair Yönetmelik,https://www.resmigazete.gov.tr/eskiler/2001/08/20010813.htm#4
2001-08-13,— Mecburi Standard Tebliği (No: ÖSG-2001/71-72),https://www.resmigazete.gov.tr/eskiler/2001/08/20010813.htm#5
2001-08-13,— Mecburi Standard Tebliği (No: ÖSG-2001/91-92),https://www.resmigazete.gov.tr/eskiler/2001/08/20010813.htm#6
2001-08-13,— Sıvılaştırılmış Petrol Gazları (LPG) Dağıtım Şirk etleri ile Yetkili Bayilerin ve Tüket icilerin Uymaları Gereken Usul ve Esaslara İlişkin Tebliğ’de Değişiklik Yapılmasına Dair Tebliğ (TRKGM-2001/4),https://www.resmigazete.gov.tr/eskiler/2001/08/20010813.htm#7
2001-08-14,2001/2783 Kamu İktisadi Teşebbüsleri ve Bağlı Ortaklıklarına Ait Bazı Kadro ve Pozisyonlarda Değişiklik Yapılması Hakkında Karar,https://www.resmigazete.gov.tr/eskiler/2001/08/20010814.htm#1
2001-08-14,2001/2788 Türkiye Vakıflar Bankası Türk Anonim Ortaklığı'nın (A) Grubu Hisseleri ile (B) Grubundan Vakıflar Genel Müdürlüğü'ne Ait Olanların Satışı ile İlgili Usul ve Esaslara İlişkin Karar,https://www.resmigazete.gov.tr/eskiler/2001/08/20010814.htm#2
2001-08-14,— Mecburi Standard: ÖSG-2001/85-86 Sayılı Tebliğ,https://www.resmigazete.gov.tr/eskiler/2001/08/20010814.htm#3
2001-08-14,— Mecburi Standard: ÖSG-2001/86-87 Sayılı Tebliğ,https://www.resmigazete.gov.tr/eskiler/2001/08/20010814.htm#4
2001-08-14,Burdur Valiliği Orman Yangınları ile Mücadele Komisyonu Kararı (No: 2001/1),https://www.resmigazete.gov.tr/eskiler/2001/08/20010814.htm#5
2001-08-14,— Kars Valiliği Mahalli Çevre Kurulu Kararı (No: 2),https://www.resmigazete.gov.tr/eskiler/2001/08/20010814.htm#6
2001-08-14,— Kırıkkale Valiliği Mahalli Çevre Kurulu Kararı (No: 2001/6),https://www.resmigazete.gov.tr/eskiler/2001/08/20010814.htm#7
2001-08-14,— Uşak Valiliği Mahalli Çevre Kurulu Kararı (No: 2001/5),https://www.resmigazete.gov.tr/eskiler/2001/08/20010814.htm#8
2001-08-15,"İnsan Hakları Üst Kurulunun Kuruluş, Görev ve İşleyişi ile İlgili Usul ve Esaslar Hakkında Yönetmelik",https://www.resmigazete.gov.tr/eskiler/2001/08/20010815.htm#1
2001-08-15,"— İnsan Hakları Danışma Kurulunun Kuruluş, Görev ve İşleyişi ile İlgili Usul ve Esaslar Hakkında Yönetmelik",https://www.resmigazete.gov.tr/eskiler/2001/08/20010815.htm#2
2001-08-15,"İnsan Hakları İhlali İddialarını İnceleme Heyetlerinin Kuruluş, Görev ve İşleyişi ile İlgili Usul ve Esaslar Hakkında Yönetmelik",https://www.resmigazete.gov.tr/eskiler/2001/08/20010815.htm#3
2001-08-15,Kaymakam Adayları Yönetmeliğinde Değişiklik Yapılması Hakkında Yönetmelik,https://www.resmigazete.gov.tr/eskiler/2001/08/20010815.htm#4
2001-08-15,Çankaya Üniversitesi İngilizce Hazırlık Sınıfı (Hazırlık Okulu) Yönetmeliğinin 14 üncü Maddesinin Değiştirilmesine Dair Yönetmelik,https://www.resmigazete.gov.tr/eskiler/2001/08/20010815.htm#5
2001-08-15,— Mecburi Standard: ÖSG-2001/70-71 Sayılı Tebliğ,https://www.resmigazete.gov.tr/eskiler/2001/08/20010815.htm#6
2001-08-15,— Petrol Ürünlerine Uygulanacak Akaryakıt Fiyat İstikrar Fonu Payları Hakkında Tebliğ (PİGM/AFİF 2001-27),https://www.resmigazete.gov.tr/eskiler/2001/08/20010815.htm#7
2001-08-16,"— Başbakanlık, Devlet, Dışişleri, Milli Eğitim, Sağlık, Çalışma ve Sosyal Güvenlik, Sanayi ve Ticaret, Kültür ile Orman Bakanlıklarına Ait 16 Adet Atama Kararı",https://www.resmigazete.gov.tr/eskiler/2001/08/20010816.htm#1
2001-08-16,— Orman Bakanlığı Personelinin Görevde Yükselme Esaslarına Dair Yönetmelikte Değişiklik Yapılması Hakkında Yönetmelik,https://www.resmigazete.gov.tr/eskiler/2001/08/20010816.htm#2
2001-08-16,— Atatürk Üniversitesi Önlisans ve Lisans Eğitim Öğretim ve Sınav Yönetmeliğinde Değişiklik Yapılmasına Dair Yönetmelik,https://www.resmigazete.gov.tr/eskiler/2001/08/20010816.htm#3
2001-08-16,— Çanakkale Onsekiz Mart Üniversitesi (ÇOMÜ) Önlisans-Lisa ns Eğitim Öğretim ve Sınav Yönetmeliği,https://www.resmigazete.gov.tr/eskiler/2001/08/20010816.htm#4
2001-08-16,— İstanbul Teknik Üniversitesi Lisansüstü Eğitim ve Öğretim Yönetmeliğinin 2 nci Maddesinde Değişiklik Yapılmasına Dair Yönetmelik,https://www.resmigazete.gov.tr/eskiler/2001/08/20010816.htm#5
2001-08-16,— Muğla Üniversitesi Yabancı Dil Hazırlık Programı Eğitim-Öğretim Yönetmeliğinin Bazı Maddelerinde Değişiklik Yapılmasına Dair Yönetmelik,https://www.resmigazete.gov.tr/eskiler/2001/08/20010816.htm#6
2001-08-16,— Gümrük Genel Tebliği (Serbest Dolaşıma Giriş) Seri No: 1,https://www.resmigazete.gov.tr/eskiler/2001/08/20010816.htm#7
2001-08-16,— İçel Valiliği Mahalli Çevre Kurulu Kararı (No: 2001/4),https://www.resmigazete.gov.tr/eskiler/2001/08/20010816.htm#8
2001-08-17,2001/2801 Hatay ve Osmaniye İllerinde Meydana Gelen Sel Afetinden Zarar Gören Elektrik Abonelerinin Tükettikleri Enerji Bedellerinin Ödeme Usul ve Esaslarına İlişkin Karar,https://www.resmigazete.gov.tr/eskiler/2001/08/20010817.htm#1
2001-08-17,2001/2805 4/4/1995 Tarihli ve 95/ 6742 sayılı Kararnamede Değişiklik Yapılmasına İlişkin Karar,https://www.resmigazete.gov.tr/eskiler/2001/08/20010817.htm#2
2001-08-17,2001/2829 Türkiye Kalkınma Bankası Anonim Şirketi’nin Kayıtlı Sermaye Tavanının 150 Trilyon TL’ye Yükseltilmesi Hakkında Karar,https://www.resmigazete.gov.tr/eskiler/2001/08/20010817.htm#3
2001-08-17,2001/2830 İthalat Rejimi Kararına Ek Karar,https://www.resmigazete.gov.tr/eskiler/2001/08/20010817.htm#4
2001-08-17,2001/2839 Gelir Vergisi K anunu’nun Değişik 94 üncü Maddesinde Yer Alan Tevkifat Nispetleri Hakkında 93/5148 sayılı Kararnamenin Eki Karar’da Değişiklik Yapılmasına İlişkin Karar,https://www.resmigazete.gov.tr/eskiler/2001/08/20010817.htm#5
2001-08-17,2001/2846 Dar Mükellefiyete Tabi Kurumların Tevkifata Tabi Kazanç ve İratlarından Yapılacak Tevkifat Nispetleri Hakkında 93/5147 sayılı Kararnamenin Eki Karar’da Değişiklik Yapılmasına İlişkin Karar,https://www.resmigazete.gov.tr/eskiler/2001/08/20010817.htm#6
2001-08-17,2001/2847 Gelir Vergisi Kanunu’nun 94 üncü Maddesinde Yer Alan Tevkifat Nispetleri Hakkında 93/5148 sayılı Kararnamenin Eki Karar’da Değişiklik Yapılmasına İliş kin Karar,https://www.resmigazete.gov.tr/eskiler/2001/08/20010817.htm#7
2001-08-17,"— Devlet, Adalet ile Çalışma ve Sosyal Güvenlik Bakanlıklarına Ait 9 Adet Atama Kararı",https://www.resmigazete.gov.tr/eskiler/2001/08/20010817.htm#8
2001-08-17,— Hakimler ve Savcılar Yüksek Kuruluna Ait Karar,https://www.resmigazete.gov.tr/eskiler/2001/08/20010817.htm#9
2001-08-17,2001/2848 Devlet Memurlarının Yer Değiştirme Suretiyle Atanmalarına İlişkin Yönetmelikte Değişiklik Yapılması Hakkında Yönetmelik,https://www.resmigazete.gov.tr/eskiler/2001/08/20010817.htm#10
2001-08-17,— Milli Emlak Genel Tebliği (Sıra No: 257),https://www.resmigazete.gov.tr/eskiler/2001/08/20010817.htm#11
2001-08-17,Petrol Ürünlerine Uygulanacak Akaryakıt Fiyat İstikrar Fonu Payları Hakkında Tebliğ (PİGM/AFİF 2001-28),https://www.resmigazete.gov.tr/eskiler/2001/08/20010817.htm#12
2001-08-17,— Ant alya Valiliği Mahalli Çevre Kurulu Kararı (No: 01/07),https://www.resmigazete.gov.tr/eskiler/2001/08/20010817.htm#13
2001-08-18,"— Devlet Bakanı Fikret ÜNLÜ’ye, Devlet Bakanı Prof. Dr. Şükrü S. GÜREL’in Vekâlet Etmesine Dair Tezkere",https://www.resmigazete.gov.tr/eskiler/2001/08/20010818.htm#1
2001-08-18,2001/2862 Kamu Sektörüne Dahil İdarelerin İhalesi Yapılmış ve Yapılacak İşlerinde İhale Usul ve Şekillerine Göre Fiyat Farkı Hesabında Uygulayacakları Esaslarda Değişiklik Yapılmasına İlişkin Karar,https://www.resmigazete.gov.tr/eskiler/2001/08/20010818.htm#2
2001-08-18,2001/2843 Tunus Cumhuriyeti Nezdinde Türkiye Cumhuriyeti Büyükelçisi Prof. Dr. Hüseyin PAZARCI'nın Merkeze Atanması Hakkında Karar,https://www.resmigazete.gov.tr/eskiler/2001/08/20010818.htm#3
2001-08-18,2001/2899 Milli Güvenlik Kurulu Genel Sekreterliği'ne Orgeneral Tuncer KILINÇ'ın Atanması Hakkında Karar,https://www.resmigazete.gov.tr/eskiler/2001/08/20010818.htm#4
2001-08-18,— Milli Eğitim Bakanlığına Ait 2 Adet Atama Kararı,https://www.resmigazete.gov.tr/eskiler/2001/08/20010818.htm#5
2001-08-18,Sınır Tespitine Ait 1 Adet Karar,https://www.resmigazete.gov.tr/eskiler/2001/08/20010818.htm#6
2001-08-18,"Motorlu Araçların Koltukları, Bağlantıları ve Koltuk Başlıkları ile İlgili Tip Onayı Yönetmeliği (74/408/AT)",https://www.resmigazete.gov.tr/eskiler/2001/08/20010818.htm#7
2001-08-18,— Vergi Usul Kanunu Genel Tebliği (Sıra No: 299),https://www.resmigazete.gov.tr/eskiler/2001/08/20010818.htm#8
2001-08-18,— Petrol Ürünlerine Uygulanacak Akaryakıt Fiyat İstikrar Fonu Payları Hakkında Tebliğ (PİGM/AFİF 2001-29),https://www.resmigazete.gov.tr/eskiler/2001/08/20010818.htm#9
2001-08-18,— Sektörel Dış Ticaret Şirketi Statüsü Verilmesine İlişkin Karar,https://www.resmigazete.gov.tr/eskiler/2001/08/20010818.htm#10
2001-08-19,2001/2806 Türkiye Cumhuriyeti Hükümeti ile Rusya Federasyonu Hükümeti Arasında Diplomatik Pasaport Hamillerinin Vizeden Muaf Seyahatlerine İlişkin Anlaşma’da Değişiklik Yapılmasına Dair İki Ülke Arasında Teati Edilen Notaların Onaylanması Hakkında Karar,https://www.resmigazete.gov.tr/eskiler/2001/08/20010819.htm#1
2001-08-19,2001/2799 169 Kişinin Türk Vatandaşlığına Alınması Hakkında Karar,https://www.resmigazete.gov.tr/eskiler/2001/08/20010819.htm#2
2001-08-19,"2001/2816 Mustafa Kemal Üniversitesi Tıp Fakültesi’nin Adının ""Tayfur Ata Sökmen Tıp Fakültesi"", Dicle Üniversitesi Eğitim Fakültesinin Adının “Ziya Gökalp Eğitim Fakültesi” Olarak Değiştirilmesi Hakkında Karar",https://www.resmigazete.gov.tr/eskiler/2001/08/20010819.htm#3
2001-08-19,— Faktoring Şirketlerinin Kuruluş ve Çalışma Esasları Hakkında Yönetmelikte Değişiklik Yapılmasına Dair Yönetmelik,https://www.resmigazete.gov.tr/eskiler/2001/08/20010819.htm#4
2001-08-19,— Van Valiliği Mahalli Çevre Kurulu Kararı (No: 2001/7),https://www.resmigazete.gov.tr/eskiler/2001/08/20010819.htm#5
2001-08-20,— Maden Tetkik ve Arama Genel Müdürlüğü Personelinin Görevde Yükselme Yönetmeliği,https://www.resmigazete.gov.tr/eskiler/2001/08/20010820.htm#1
2001-08-20,— Muğla Üniversitesi Lisansüstü Eğitim-Öğretim Yönetmeliği,https://www.resmigazete.gov.tr/eskiler/2001/08/20010820.htm#2
2001-08-21,2001/2807 Türkiye-Kazakistan Hükümetlerarası Karma Ekonomik Komisyonu İkinci Dönem Toplantısı Protokolu’nun Onaylanması Hakkında Karar,https://www.resmigazete.gov.tr/eskiler/2001/08/20010821.htm#1
2001-08-21,2001/2827 Türkiye Cumhuriyeti Hükümeti ile Almanya Federal Cumhuriyet i Hükümeti Arasında Sanayide Çevre Koruma Önlemlerinin Desteklenmesine Yönelik Kredi Hakkında Mali İşbirliği Anlaşması’nın Onaylanması Hakkında Karar,https://www.resmigazete.gov.tr/eskiler/2001/08/20010821.htm#2
2001-08-21,2001/2841 Türkiye Cumhuriyeti-Gürcistan Ulaştırma Karma Komisyon Protokolu’nun Onaylanması Hakkında Karar,https://www.resmigazete.gov.tr/eskiler/2001/08/20010821.htm#3
2001-08-21,001/2858 Türkiye Cumhuriyeti Hükümeti ile Almanya Federal Cumhuriyeti Hükümeti Arasında Malatya Kanalizasyon Sistemi Hakkında Mali İşbirliği Anlaşması’nın Onaylanması Hakkında Karar,https://www.resmigazete.gov.tr/eskiler/2001/08/20010821.htm#4
2001-08-21,"— Kültür Bakanı M. İstemihan TALAY’a, Devlet Bakanı Hasan GEMİCİ’nin Vekâlet Etmesine Dair Tezkere",https://www.resmigazete.gov.tr/eskiler/2001/08/20010821.htm#5
2001-08-21,2001/2792 Çeşitli Kararnameler ile Türk Vatandaşlığından Çıkmalarına İzin Verilen 438 Kişi ile İlgili Hükmün İptali Hakkında Karar,https://www.resmigazete.gov.tr/eskiler/2001/08/20010821.htm#6
2001-08-21,2001/2842 Çeşitli Kararnameler ile Türk Vatandaşlığından Çıkmalarına İzin Verilen 567 Kişi Hakkındaki Hükmün İptali Hakkında Karar,https://www.resmigazete.gov.tr/eskiler/2001/08/20010821.htm#7
2001-08-21,— Elektrik Tesislerinde Topraklamalar Yönetmeliği,https://www.resmigazete.gov.tr/eskiler/2001/08/20010821.htm#8
2001-08-21,— Adnan Menderes Üniversitesi Öğrenci Staj Yönetmeliği,https://www.resmigazete.gov.tr/eskiler/2001/08/20010821.htm#9
2001-08-21,— Atatürk Üniversitesi Mühendislik Fakültesi Lisans Eğitim Öğretim ve Sınav Yönetmeliği,https://www.resmigazete.gov.tr/eskiler/2001/08/20010821.htm#10
2001-08-21,— Mecburi Standard: ÖSG-2001/83-84 Sayılı Tebliğ,https://www.resmigazete.gov.tr/eskiler/2001/08/20010821.htm#11
2001-08-21,— Mecburi Standard: ÖSG-2001/89-90 Sayılı Tebliğ,https://www.resmigazete.gov.tr/eskiler/2001/08/20010821.htm#12
2001-08-21,— Mecburi Standard: ÖSG-2001/90-91 Sayılı Tebliğ,https://www.resmigazete.gov.tr/eskiler/2001/08/20010821.htm#13
2001-08-21,— 2001 Yılı Temmuz Ayına Ait Yatırım Teşvik Belgelerinin Sektörel Dağılımı Hakkında Tebliğ,https://www.resmigazete.gov.tr/eskiler/2001/08/20010821.htm#14
2001-08-21,— 2001 Yılı Temmuz Ayına Ait Yabancı Sermayeli Teşvik ve Yatırım İzin Belgelerinin Sektörel Dağılımı Hakkında Tebliğ,https://www.resmigazete.gov.tr/eskiler/2001/08/20010821.htm#15
2001-08-21,2001 Yılı Temmuz Ayına Ait Dahilde İşleme İzin Belgelerinin Sektörel Dağılımı Hakkında Tebliğ,https://www.resmigazete.gov.tr/eskiler/2001/08/20010821.htm#26
2001-08-21,— 2001 Yılı Temmuz Ayına Ait Yurt İçi Satış Teslimler ile İlgili Belgelerin Sektörel Dağılımı Hakkında Tebliğ,https://www.resmigazete.gov.tr/eskiler/2001/08/20010821.htm#16
2001-08-21,2001 Yılı Temmuz Ayına Ait Hariçte İşleme İzin Belgelerinin Sektörel Dağılım Hakkında Tebliğ,https://www.resmigazete.gov.tr/eskiler/2001/08/20010821.htm#17
2001-08-21,— 2001 Yılı Temmuz Ayına Ait Vergi Resim ve Harç İstisnası Belgelerinin Sektörel Dağılımı Hakkında Tebliğ,https://www.resmigazete.gov.tr/eskiler/2001/08/20010821.htm#18
2001-08-21,— Polonya Cumhuriyeti Menşeli Bazı Tarım ve İşlenmiş Tarım Ürünleri İthalatında Tarife Kontenjanı Uygulanmasına İlişkin Tebliğ,https://www.resmigazete.gov.tr/eskiler/2001/08/20010821.htm#19
2001-08-21,— Dış Ticarette Standardizasyon Tebliğ (No: 2001/27),https://www.resmigazete.gov.tr/eskiler/2001/08/20010821.htm#20
2001-08-21,— Dış Ticarette Standardizasyon Tebliğinde Değişiklik Yapılması Hakkında Tebliği (No: 2001/28),https://www.resmigazete.gov.tr/eskiler/2001/08/20010821.htm#21
2001-08-21,— Basın İlan Kurumu Teşkiline Dair 195 Sayılı Kanun Uyarınca Yayınlanacak İlan ve Reklamlar ile Bunları Yayınlayacak Mevkuteler Hakkında 15/2/1977 Tarihli ve 67 sayılı Genel Kurul Kararı’nın Bazı Maddelerinin Değiştirilmesine Dair Genel Kurul Kararı (No: 156),https://www.resmigazete.gov.tr/eskiler/2001/08/20010821.htm#22
2001-08-21,— Basında Fikren veya Bedenen Çalışanlara Verilecek Borç Para ve Yapılacak Yardımlar Hakkındaki 18 Kasım 1977 Tarihli ve 68 Sayılı Genel Kurul Kararı’nın Bazı Maddelerinin Değiştirilmesine Dair Genel Kurul Kararı (No: 157),https://www.resmigazete.gov.tr/eskiler/2001/08/20010821.htm#23
2001-08-21,— İzmir İlinde Spor Müsabakaları Nedeniyle Vukubulabilecek Şiddet Olayları veya Kötü Tezahüratın Önlenmesi Suretiyle Kamu Düzeninin Sağlanmasına Dair Karar (No: 2001/1),https://www.resmigazete.gov.tr/eskiler/2001/08/20010821.htm#24
2001-08-21,DÜZELTME (Kasyeri Valiliği Mahalli Çevre Kurulunun 21/6/2001 Tarihli ve 5 Sayılı Kararı ile İlgili),https://www.resmigazete.gov.tr/eskiler/2001/08/20010821.htm#25
2001-08-22,"— Devlet Bakanı ve Başbakan Yardımcısı Mesut YILMAZ’a, İçişleri Bakanı Rüştü Kazım YÜCELEN’in Vekâlet Etmesine Dair Tezkere",https://www.resmigazete.gov.tr/eskiler/2001/08/20010822.htm#1
2001-08-22,"— Maliye Bakanlığına, Devlet Bakanı Mehmet KEÇECİLER'in Vekâlet Etmesine Dair Tezkere",https://www.resmigazete.gov.tr/eskiler/2001/08/20010822.htm#2
2001-08-22,"2001/2787 Yaprak Tütün, Hububat ve Şeker İhraç Ed ilmesi Konusunda Tütün, Tütün Mamulleri, Tuz ve Alkol İşletmeleri Genel Müdürlüğü, Toprak Mahsulleri Ofisi Genel Müdürlüğü ve Türkiye Şeker Fabrikaları Anonim Şirketi Genel Müdürlüğü’nün Görevlendirilmesine İlişkin 99/13164 sayılı Kararnamenin Yürürlükten Kaldırılması Hakkında Karar",https://www.resmigazete.gov.tr/eskiler/2001/08/20010822.htm#3
2001-08-22,"2001/2902 Van Havaalanının Adının ""Ferit Melen Havaalanı"" Olarak Değiştirilmesine Dair Karar",https://www.resmigazete.gov.tr/eskiler/2001/08/20010822.htm#4
2001-08-22,2001/2861 Dışişleri Bakanlığı'nın Bazı Mensuplarının Çeşitli Görevlere Atanmaları Hakkında Karar,https://www.resmigazete.gov.tr/eskiler/2001/08/20010822.htm#5
2001-08-22,Gümrük Müsteşarlığı Gümrük Uzman ve Gümrük Uzman Yardımcılığı Sınav Yönetmeliği,https://www.resmigazete.gov.tr/eskiler/2001/08/20010822.htm#6
2001-08-22,— Millî Eğitim Bakanlığı Okul Kütüphaneleri Yönetmeliği,https://www.resmigazete.gov.tr/eskiler/2001/08/20010822.htm#7
2001-08-22,— Yargıtay Kıyafet Yönetmeliği,https://www.resmigazete.gov.tr/eskiler/2001/08/20010822.htm#8
2001-08-22,— Yargıtay Mübaşirleri Üniforma Yönetmeliği,https://www.resmigazete.gov.tr/eskiler/2001/08/20010822.htm#9
2001-08-22,— Koç Üniversitesi Fen Bilimleri Enstitüsü Lisansüstü Eğitim ve Öğretim Yönetmeliği,https://www.resmigazete.gov.tr/eskiler/2001/08/20010822.htm#10
2001-08-22,— Petrol Ürünlerine Uygulanacak Akaryakıt Fiyat İstikrar Fonu Payları Hakkında Tebliğ (PİGM/AFİF 2001-30),https://www.resmigazete.gov.tr/eskiler/2001/08/20010822.htm#11
2001-08-22,— Adana Valiliği Mahalli Çevre Kurulu Kararı (No: 2001/6),https://www.resmigazete.gov.tr/eskiler/2001/08/20010822.htm#12
2001-08-23,— Milli Eğitim Bakanlığı Ortaöğretim Kurumları Sınıf Geçme Yönetmeliğinde Değişiklik Yapılmasına Dair Yönetmelik,https://www.resmigazete.gov.tr/eskiler/2001/08/20010823.htm#1
2001-08-23,— Elektrik İşleri Etüt İdaresi Genel Müdürlüğü Teftiş Kurulu Yönetmeliği,https://www.resmigazete.gov.tr/eskiler/2001/08/20010823.htm#2
2001-08-24,— Adalet ile Sanayi ve Ticaret Bakanlıklarına Ait 4 Adet Atama Kararı,https://www.resmigazete.gov.tr/eskiler/2001/08/20010824.htm#1
2001-08-24,— Başbakanlık Devlet Planlama Teşkilatı Müsteşarlığı Planlama Uzman Yardımcılığı Eleme ve Giriş Sınavı ile Planlama Uzmanlığı Yeterlik Sınavı Yönetmeliği,https://www.resmigazete.gov.tr/eskiler/2001/08/20010824.htm#2
2001-08-24,— Dışişleri Bakanlığı Arşiv Hizmetleri Yönetmeliği,https://www.resmigazete.gov.tr/eskiler/2001/08/20010824.htm#3
2001-08-24,— BOTAŞ Boru Hatları ile Petrol Taşıma A.Ş. Genel Müdürlüğü İhale Yönetmeliğinde Değişiklik Yapılması Hakkında Yönetmelik,https://www.resmigazete.gov.tr/eskiler/2001/08/20010824.htm#4
2001-08-24,— İlkokul Öğretmenleri Sağlık ve Sosyal Yardım Sandığı Anastatüsü’nün 6 ncı Maddesi b Bendinin Değiştirilmesine İlişkin Anastatü Değişikliği,https://www.resmigazete.gov.tr/eskiler/2001/08/20010824.htm#5
2001-08-24,— Hampetrol ve Petrol Ürünleri İthalinde Uygulanacak Esaslar Hakkında Tebliğde Değişiklik Yapılmasına Dair Tebliğ (2001/4),https://www.resmigazete.gov.tr/eskiler/2001/08/20010824.htm#6
2001-08-24,— Bilecik İli Mahalli Çevre Kurulu Kararı (No: 9),https://www.resmigazete.gov.tr/eskiler/2001/08/20010824.htm#7
2001-08-25,"— Devlet Bakanı Prof. Dr. Şükrü S. GÜREL’e, Devlet Bakanı Hasan GEMİCİ’nin Vekâlet Etmesine Dair Tezkere",https://www.resmigazete.gov.tr/eskiler/2001/08/20010825.htm#1
2001-08-25,— Hükümlü Hasan GÜRBÜZER’in Cezasının Kaldırılması na Dair Karar (No: 2001/26),https://www.resmigazete.gov.tr/eskiler/2001/08/20010825.htm#2
2001-08-25,— Sınır Tespitine Dair Bir Adet Karar,https://www.resmigazete.gov.tr/eskiler/2001/08/20010825.htm#3
2001-08-25,— Maliye Teftiş Kurulu Yönetmeliğinde Değişiklik Yapılmasına Dair Yönet melik,https://www.resmigazete.gov.tr/eskiler/2001/08/20010825.htm#4
2001-08-25,— BOTAŞ Boru Hatları ile Petrol Taşıma A.Ş. Kapsam Dışı Personel Yönetmeliğinde Değişiklik Yapılması Hakkında Yönetmelik,https://www.resmigazete.gov.tr/eskiler/2001/08/20010825.htm#5
2001-08-26,"— Devlet Bakanı Prof. Dr. Tunca TOSKAY’a, Sanayi ve Ticaret Bakanı Ahmet Kenan TANRIKULU’nun Vekâlet Etmesine Dair Tezkere",https://www.resmigazete.gov.tr/eskiler/2001/08/20010826.htm#1
2001-08-26,"2001/2872 Hampetrol ve Petrol Ürünlerinin Alım, Satım, Fiyatlandırma Esasları ile Akaryakıt Fiyat İstikrar Fonunun İşleyişi Hakkında Kararda Değişiklik Yapılması Hakkında Karar",https://www.resmigazete.gov.tr/eskiler/2001/08/20010826.htm#5
2001-08-26,"— Marmara Üniversitesi Lisansüstü Eğitim-Öğretim ve Sınav Yönetmeliği nin 4, 7, 24 ve 34 üncü Maddelerinde De ğişiklik Yapılmasına Dair Yönet melik",https://www.resmigazete.gov.tr/eskiler/2001/08/20010826.htm#2
2001-08-26,— Sabancı Üniversitesi Lisans Öğrenimi Yönetmeliğinin Bazı Maddelerinde Değişiklik Yapılmasına Dair Yönetmelik,https://www.resmigazete.gov.tr/eskiler/2001/08/20010826.htm#3
2001-08-26,— Sabancı Üniversitesi Temel Geliştirme Yılı Yönetmeliğini n 2 ve 12 nci Maddelerinde Değişiklik Yapılmasına Dair Yönetmelik,https://www.resmigazete.gov.tr/eskiler/2001/08/20010826.htm#4
2001-08-27,"— Devlet Bakanı Prof. Dr. Abdulhaluk Mehmet ÇAY'a, Devlet Bakanı Prof. Dr. Ramazan MİRZAOĞLU’nun Vekâlet Etmesine Dair Tezkere",https://www.resmigazete.gov.tr/eskiler/2001/08/20010827.htm#1
2001-08-27,— Ondokuz Mayıs Üniversitesi Lisansüstü Eğitim-Öğretim Yönetmeliğinin Bazı Maddelerinin Değiştirilmesine Dair Yönetmelik,https://www.resmigazete.gov.tr/eskiler/2001/08/20010827.htm#2
2001-08-27,"— Aracı Kurum Hesap Planı ve Planın Kullanım Esasları Hakkında Tebliğde Değişiklik Yapılmasına Dair Tebliğ (Seri: XI, No: 18)",https://www.resmigazete.gov.tr/eskiler/2001/08/20010827.htm#3
2001-08-27,"— Vadeli İşlem ve Opsiyon Sözleşmelerinin Muhasebesine İlişkin Usul ve Esaslar Hakkında Tebliğ (Seri: XI, No: 19)",https://www.resmigazete.gov.tr/eskiler/2001/08/20010827.htm#4
2001-08-27,"— Aracı Kuruluşların Türev Araçların Alım Satımına Aracılık Faaliyetlerinde Düzenleyecekleri Belgeler ve Kayıt Düzeni Hakkında Tebliğ (Seri: V, No: 51)",https://www.resmigazete.gov.tr/eskiler/2001/08/20010827.htm#5
2001-08-28,2001/2890 Türk Parası Kıymetini Koruma Hakkında 32 Sayılı Karar’da Değişiklik Yapılmasına Dair Karar,https://www.resmigazete.gov.tr/eskiler/2001/08/20010828.htm#1
2001-08-28,2001/2895 3083 Sayılı Sulama Alanlarında Arazi Düzenlenmesine Dair Tarım Reformu Kanunu Uyarınca Uygulama Alanı İlan Edilmiş Bulunan Şanlıurfa İli’nde Yeni Yerleşim Birimleri Kurulması ve Söz Konusu Yerleşim Birimlerinin Uygulama Alanı Olarak Tespit Edilmesine İlişkin Karar,https://www.resmigazete.gov.tr/eskiler/2001/08/20010828.htm#2
2001-08-28,— Ulaştırma Bakanlığına Ait İki Adet Karar,https://www.resmigazete.gov.tr/eskiler/2001/08/20010828.htm#3
2001-08-28,— Türk İşbirliği ve Kalkınma İdaresi Başkanlığı Yayın Yönetmeliği,https://www.resmigazete.gov.tr/eskiler/2001/08/20010828.htm#4
2001-08-28,— Türk İşbirliği ve Kalkınma İdaresi Başkanlığı Proje Belirleme ve Uygulama Yönetmeliği,https://www.resmigazete.gov.tr/eskiler/2001/08/20010828.htm#5
2001-08-28,— Telekomünikasyon Kurumu-Tarife Yönetmeliği,https://www.resmigazete.gov.tr/eskiler/2001/08/20010828.htm#6
2001-08-28,— Atılım Üniversitesi Öğrenci Kayıt-Kabul Önlisans ve Lisans Eğitim-Öğretim Sınav Yönetmeliğinde Değişiklik Yapılması Hakkında Yönetmelik,https://www.resmigazete.gov.tr/eskiler/2001/08/20010828.htm#7
2001-08-28,Atılım Üniversitesi İngilizce Hazırlık Okulu Yönetmeliğinde Değişiklik Yapılması Hakkında Yönetmelik,https://www.resmigazete.gov.tr/eskiler/2001/08/20010828.htm#8
2001-08-28,— Atılım Üniversitesi Yaz Öğretimi Yönetmeliğinin 12 nci Maddesinin Değiştirilmesi Hakkında Yönetmelik,https://www.resmigazete.gov.tr/eskiler/2001/08/20010828.htm#9
2001-08-28,— Ondokuz Mayıs Üniversitesi Eğitim-Öğretim ve Sınav Yönetmeliği,https://www.resmigazete.gov.tr/eskiler/2001/08/20010828.htm#10
2001-08-28,— Denizlerde ve İçsularda Ticari Amaçlı Su Ürünleri Avcılığını Düzenleyen 34/1 Numaralı Sirkülerde Değişiklik Yapılması Hakkında Sirküler,https://www.resmigazete.gov.tr/eskiler/2001/08/20010828.htm#11
2001-08-28,DÜZELTME (Yargıtay Kıyafet ve Yargıtay Mübaşirleri Üniforma Yönetmelikleri ile İlgili),https://www.resmigazete.gov.tr/eskiler/2001/08/20010828.htm#12
2001-08-29,2001/2878 Türkiye Cumhuriyeti Hükümeti ile Tunus Cumhuriyeti Hükümeti Arasında Bitki Koruma Alanında İşbirliği Anlaşması'nın Onaylanması Hakkında Karar,https://www.resmigazete.gov.tr/eskiler/2001/08/20010829.htm#1
2001-08-29,"Devlet Bakanı Dr. Kemal DERVİŞ’e, Orman Bakanı Prof. Dr. Nami ÇAĞAN’ın Vekâlet Etmesine Dair Tezkere",https://www.resmigazete.gov.tr/eskiler/2001/08/20010829.htm#2
2001-08-29,"— Devlet, Bayındırlık ve İskan, Sağlık, Tarım ve Köyişleri, Sanayi ve Ticaret, Enerji ve Tabii Kaynaklar ile Kültür Bakanlığına Ait 11 Adet Karar",https://www.resmigazete.gov.tr/eskiler/2001/08/20010829.htm#3
2001-08-29,— Polis Meslek Yüksek Okulları Giriş Yönetmeliği,https://www.resmigazete.gov.tr/eskiler/2001/08/20010829.htm#4
2001-08-29,— Ankara Üniversitesi Kıbrıs Araştırma ve Uygulama Merkezi (KIBMER) Yönetmeliği,https://www.resmigazete.gov.tr/eskiler/2001/08/20010829.htm#5
2001-08-29,— Bankacılık Düzenleme ve Denetleme Kuruluna Ait Karar,https://www.resmigazete.gov.tr/eskiler/2001/08/20010829.htm#6
2001-08-29,— A ğır ve Uzun Araçlarda Geri Yansıtıcı (Reflektif) İşaretlerinin Onayı ile İlgili Teknik Düzenlemeye (R-104) İlişkin Tebliğ (No: SGM-2001/9),https://www.resmigazete.gov.tr/eskiler/2001/08/20010829.htm#7
2001-08-29,— Balıkesir Valiliği Mahalli Çevre Kurulu Kararı (No : 2001/7),https://www.resmigazete.gov.tr/eskiler/2001/08/20010829.htm#8
2001-08-31,"— Milli Savunma Bakanlığına, Devlet Bakanı Prof. Dr. Tunca TOSKAY’ın Vekâlet Etmesine Dair Tezkere",https://www.resmigazete.gov.tr/eskiler/2001/08/20010831.htm#1
2001-08-31,2001/2863 Gençlik ve Spor Hizmetleri Uygulamasında Görevlendirilecek lere Öden ecek Ücretlerle İlgili Esaslar Hakkında Karar,https://www.resmigazete.gov.tr/eskiler/2001/08/20010831.htm#2
2001-08-31,"— Devlet Bakanı ve Başbakan Yardımcılığı, Adalet, Milli Savunma, Milli Eğitim, Bayındırlık ve İskan, Sağlık, Ulaştırma ile Orman Bakanlıklarına Ait 14 Adet Atama Kararı",https://www.resmigazete.gov.tr/eskiler/2001/08/20010831.htm#8
2001-08-31,— Eti Alüminyum A.Ş. Genel Müdürlüğü Sicil Raporu Vermeye Yetkili Amirler Yönetmeliği,https://www.resmigazete.gov.tr/eskiler/2001/08/20010831.htm#3
2001-08-31,— Eti Alüminyum A.Ş. Genel Müdürlüğü Sözleşmeli Personel Sicil ve Başarı Değerlemesi Raporu Vermeye Yetkili Amirler Yönetmeliği,https://www.resmigazete.gov.tr/eskiler/2001/08/20010831.htm#4
2001-08-31,— Yeditepe Üniversitesi Önlisans ve Lisan s Eğitim/Öğretim ve Sınav Yönetmeliğinin 14 ve 58 inci Maddelerinde Değişiklik Yapılmasına İlişkin Yö netmelik,https://www.resmigazete.gov.tr/eskiler/2001/08/20010831.htm#5
2001-08-31,— Yeditepe Üniversitesi Lisans Burs Yönetmeliğinin 7 nci Maddesinin De ğiştirilmesine İlişkin Yönetmelik,https://www.resmigazete.gov.tr/eskiler/2001/08/20010831.htm#6
2001-08-31,— Yeditepe Üniversitesi Tıp Fakültesi Eğitim-Öğretim ve Sınav Yönetmeli ği nin 12 ve 18 inci Maddelerinin Değiştirilmesine İlişkin Yönetmelik,https://www.resmigazete.gov.tr/eskiler/2001/08/20010831.htm#7
2001-09-01,Gazi Üniversitesi Sağlık Araştırma ve Uygulama Merkezi (Hastaneleri) İşlete Yönetmeliği,https://www.resmigazete.gov.tr/eskiler/2001/09/20010901.htm#1
2001-09-01,— Kıyı Emniyeti ve Gemi Kurtarma İşletmeleri Genel Müdürlüğü Ana Statüsünün Bir Maddesinin Değiştirilmesi Hakkında Anastatü,https://www.resmigazete.gov.tr/eskiler/2001/09/20010901.htm#2
2001-09-01,— Mülga Dış Krediler Kur Farkı Fonu’ndan Kullanılmış Kredilere Uygulanacak Değişken Faiz Oranı Hakkında Tebliğ,https://www.resmigazete.gov.tr/eskiler/2001/09/20010901.htm#3
2001-09-02,Türk Gıda Kodeksi-Mikrobiyolojik Kriterler Tebliği (No: 2001/19),https://www.resmigazete.gov.tr/eskiler/2001/09/20010902.htm#1
2001-09-02,Türk Gıda Kodeksi-Bebek ve Küçük Çocuk Ek Besinleri Tebliği (No: 2001/20),https://www.resmigazete.gov.tr/eskiler/2001/09/20010902.htm#2
2001-09-03,Türk Gıda Kodeksi- Fermente Sütler Tebliği (No: 2001/21),https://www.resmigazete.gov.tr/eskiler/2001/09/20010903.htm#1
2001-09-03,Türk Gıda Kodeksi- Yenilebilir Kazein ve Kazeinat Tebliği (No: 2001/22),https://www.resmigazete.gov.tr/eskiler/2001/09/20010903.htm#2
2001-09-03,Türk Gıda Kodeksi-Çikolata ve Çikolata Ürünleri Tebliği (No: 2001/23),https://www.resmigazete.gov.tr/eskiler/2001/09/20010903.htm#3
2001-09-04,"2001/2871 İnsan Kaynağını Geliştirme Vakfı’na, Türk Kanunu Medenisi Hükümleri ve Vakıf Resmi Senedine Uygun Faaliyette Bulunduğu Dönemlere Münhasır Olmak Üzere Vergi Muafiyeti Tanınması Hakkında Karar",https://www.resmigazete.gov.tr/eskiler/2001/09/20010904.htm#1
2001-09-04,— Eşyanın Tercihli Menşeinin Tespiti Hakkında Yönetmelikte Değişiklik Yapılmasına Dair Yönetmelik,https://www.resmigazete.gov.tr/eskiler/2001/09/20010904.htm#2
2001-09-04,— Türkiye Taşkömürü Kurumu Personeli Atanma ve Görevde Yükselme Yönetmeliğinde Değişiklik Yapılması Hakkında Yönetmelik,https://www.resmigazete.gov.tr/eskiler/2001/09/20010904.htm#3
2001-09-04,— Maliye Bakanlığı Hesap Uzmanları Kurulu Yönetmeliğinde Değişiklik Yapılmasına Dair Yönetmelik,https://www.resmigazete.gov.tr/eskiler/2001/09/20010904.htm#4
2001-09-04,— Devlet Muhasebesi Yönetmeliğinin Bazı Maddelerinde Ek ve Değişiklik Yapılmasına Dair Yönetmelik,https://www.resmigazete.gov.tr/eskiler/2001/09/20010904.htm#5
2001-09-04,— Türkiye Şeker Fabrikaları A.Ş. Genel Müdürlüğü Teftiş Kurulu Yönetmeliğinde Değişiklik Yapılması Hakkında Yönetmelik,https://www.resmigazete.gov.tr/eskiler/2001/09/20010904.htm#6
2001-09-04,— Orman Genel Müdürlüğü Teftiş Kurulu Yönetmeliğinde Değişiklik Yapılmasına Dair Yönetmelik,https://www.resmigazete.gov.tr/eskiler/2001/09/20010904.htm#7
2001-09-04,— Telekomünikasyon Kurumu İhale Yönetmeliğinde Değişiklik Yapılmasına Dair Yönetmelik,https://www.resmigazete.gov.tr/eskiler/2001/09/20010904.htm#8
2001-09-04,— İşkolu Tespit Kararı (No : 2001/30),https://www.resmigazete.gov.tr/eskiler/2001/09/20010904.htm#9
2001-09-04,— Karaman İli Sınırları Dahilindeki Orman Alanlarına Giriş ve Çıkışların Yasaklanması Hakkında Karar (No : 2001/2),https://www.resmigazete.gov.tr/eskiler/2001/09/20010904.htm#10
2001-09-05,"— Devlet Bakanı ve Başbakan Yardımcısı Mesut YILMAZ’a, Çalışma ve Sosyal Güvenlik Bakanı Yaşar OKUYAN’ın, Vekâlet Etmesine Dair Tezkere",https://www.resmigazete.gov.tr/eskiler/2001/09/20010905.htm#1
2001-09-05,2001/2850 Zeynep Mutlu Eğitim Vakfı’na Vergi Muafiyeti Tanınması Hakkında Karar,https://www.resmigazete.gov.tr/eskiler/2001/09/20010905.htm#2
2001-09-05,— Trakya Üniversitesi Döner Sermaye İşletmesi Yönetmeliğinin 3 üncü Maddesinde Değişiklik Yapılması Hakkında Yönetmelik,https://www.resmigazete.gov.tr/eskiler/2001/09/20010905.htm#3
2001-09-05,— Yüzüncü Yıl Üniversitesi Çevre Sorunları Araştırma ve Uygulama Mer kezi Yö netmeliği,https://www.resmigazete.gov.tr/eskiler/2001/09/20010905.htm#4
2001-09-05,— 2001 Yılı Sosyal Sigortalar Kurumu Başkanlığı İlaç Listesi ve Uygulama Talimatında Değişiklik Yapılmasına Dair Talimat (Seri No: 2001/2),https://www.resmigazete.gov.tr/eskiler/2001/09/20010905.htm#5
2001-09-05,— Merkezi Sınav Kapsamındaki Özürlü ve Eski Hükümlüler ile Kapsam Dışındaki Özürlü ve Eski Hükümlülerin Kamu Kurum ve Kuruluşlarına İşçi Olarak Alınmalarına İlişkin Tebliğde Değişiklik Yapılmasına Dair Tebliğ,https://www.resmigazete.gov.tr/eskiler/2001/09/20010905.htm#6
2001-09-05,— Rekabet Kurulunun 99-37/376-241 Sayılı Kararı,https://www.resmigazete.gov.tr/eskiler/2001/09/20010905.htm#7
2001-09-05,— Rekabet Kurulunun 00-39/434-240 Sayılı Kararı,https://www.resmigazete.gov.tr/eskiler/2001/09/20010905.htm#8
2001-09-05,— Erzincan Valiliği Mahalli Çevre Kurulu Kararı (No : 2001/42),https://www.resmigazete.gov.tr/eskiler/2001/09/20010905.htm#9
2001-09-05,— Hatay Valiliği Mahalli Çevre Kurulu Kararı (No : 78),https://www.resmigazete.gov.tr/eskiler/2001/09/20010905.htm#10
2001-09-06,— İstifa Eden ve İstifası Kabul Edilen Koray AYDIN’dan Boşalan Bayındırlık ve İskân Bakanlığına Yeni Bir Atama Yapılıncaya Kadar Devlet Bakanı Prof. Dr. Tunca TOSKAY’ın Vekâlet Etm esine Dair Tezkere,https://www.resmigazete.gov.tr/eskiler/2001/09/20010906.htm#1
2001-09-06,— Hükümlü Gürgin YAMAN'ın Cezasının Kaldırılması Hakkında Karar (No: 2001/27),https://www.resmigazete.gov.tr/eskiler/2001/09/20010906.htm#2
2001-09-06,— Hükümlü Ayhan SOFTAOĞLU'nun Cezasının Kaldırılması Hakkında Karar (No: 2001/28),https://www.resmigazete.gov.tr/eskiler/2001/09/20010906.htm#3
2001-09-06,— Hükümlü Fikret ARSLAN'ın Cezasının Kaldırılması Hakkında Karar (No: 2001/29),https://www.resmigazete.gov.tr/eskiler/2001/09/20010906.htm#4
2001-09-06,— Mecburi Standard (81028 Sayılı Tebliğ),https://www.resmigazete.gov.tr/eskiler/2001/09/20010906.htm#5
2001-09-06,— Rekabet Kurulunun 01-21/191-49 Sayılı Kararı,https://www.resmigazete.gov.tr/eskiler/2001/09/20010906.htm#6
2001-09-06,— Umumi Disponibilite Hakkında 96/1 Sıra No.lu Tebliğde Değişiklik Yapılması Hakkında Tebliğ (Sıra No: 2001/1,https://www.resmigazete.gov.tr/eskiler/2001/09/20010906.htm#7
2001-09-07,"— Devlet Bakanı ve Başbakan Yardımcılığı, Adalet, Sanayi ve Ticaret, Enerji ve Tabii Kaynaklar, Kültür ile Çevre Bakanlıklarına Ait 12 Adet Atama Kararı",https://www.resmigazete.gov.tr/eskiler/2001/09/20010907.htm#1
2001-09-07,— Kamu Görevlileri Sendikaları Kanunu Kapsamına Giren Kurum ve Kuruluşların Girdikleri Hizmet Kollarının Belirlenmesine İlişkin Yönetmelik,https://www.resmigazete.gov.tr/eskiler/2001/09/20010907.htm#2
2001-09-07,"— Kamu Görevlileri Sendikaları ve Konfederasyonlarınca Düzenlenecek Üyeliğe Başvuru Belgesi, Çekilme Bildirimlerinin Şekli, İçeriği, Tutulacak Defterlerin Şekli, İhtiva Edeceği Bilgiler ile Kayıtların Düzenlenmesine İlişkin Usul ve Esaslar Hakkında Yönetmelik",https://www.resmigazete.gov.tr/eskiler/2001/09/20010907.htm#3
2001-09-07,— Petrol Ürünlerine Uygulanacak Akaryakıt Fiyat İstikrar Fonu Payları Hakkında Tebliğ (PİGM/AFİF 2001-31),https://www.resmigazete.gov.tr/eskiler/2001/09/20010907.htm#4
2001-09-08,"— Devlet Bakanı Mehmet KEÇECİLER’e, Maliye Bakanı Sümer ORAL’ın Vekâ let Etmesine Dair Tezkere",https://www.resmigazete.gov.tr/eskiler/2001/09/20010908.htm#1
2001-09-08,"— Dışişleri Bakanlığına, Devlet Bakanı ve Başbakan Yardımcısı H. Hüsamettin ÖZKAN’ın Vekâlet Etmesine Dair Tezkere",https://www.resmigazete.gov.tr/eskiler/2001/09/20010908.htm#2
2001-09-08,2001/2953 Öğretmenlere Her Öğretim Yılı Başında Ödenen Öğretim Yılına Hazırlık Ödeneğinin (115.000.000.-) Lira Olarak Tesbiti Hakkında Karar,https://www.resmigazete.gov.tr/eskiler/2001/09/20010908.htm#3
2001-09-08,2001/2954 Kamu Personelinin Maaşlarının Hesabına Esas Tutulan Katsayıların Yeniden Tespiti ile Muhtelif Statülerde İstihdam Edilen Sözleşmeli Personelin Ücretlerinin Artırılmasına İlişkin Karar,https://www.resmigazete.gov.tr/eskiler/2001/09/20010908.htm#4
2001-09-08,— Fakülte ve Yüksek Okullar Askerî Öğrenci Komutanlıkları ve Öğrencileri ile Fakülte ve Yüksek Okullardan Yetişen Subaylara Ait Yönetmeliğin 32 nci Maddesinde Değişiklik Yapılmasına Dair Yönetmelik,https://www.resmigazete.gov.tr/eskiler/2001/09/20010908.htm#5
2001-09-08,— PTT Personel Yönetmeliğinde Değişiklik Yapılmasına Dair Yönetmelik,https://www.resmigazete.gov.tr/eskiler/2001/09/20010908.htm#6
2001-09-09,"— İçişleri Bakanlığına, Devlet Bakanı Nejat ARSEVEN’in Vekâlet Et mesine Dair Tezkere",https://www.resmigazete.gov.tr/eskiler/2001/09/20010909.htm#1
2001-09-09,"— Sağlık Bakanlığına, Tarım ve Köyişleri Bakanı Prof. Dr. Hüsnü Yusuf GÖKALP’in Vekâlet Etmesine Dair Tezkere",https://www.resmigazete.gov.tr/eskiler/2001/09/20010909.htm#2
2001-09-09,"Çevre Bakanlığına, Kültür Bakanı M. İstemihan TALAY’ın Vekâlet Etme sine Dair Tezkere",https://www.resmigazete.gov.tr/eskiler/2001/09/20010909.htm#3
2001-09-09,— Türkiye Elektrik Dağıtım Anonim Şirketi TEDAŞ Genel Müdürlüğü Disiplin Yönetmeliğinde Değişiklik Yapılmasına İlişkin Yönetmelik,https://www.resmigazete.gov.tr/eskiler/2001/09/20010909.htm#4
2001-09-09,"— 10 kHz-60 GHz Frek ans Bandında Çalışan Sabit Telekomünikasyon Cihazla rından Kaynaklanan Elektromanyetik Alan Şiddeti Limit Değerlerinin Belir lenmesi, Ölçüm Yöntemleri ve Denetlen mesi Hakkında Yönetmeliğin Uygulanmasına İlişkin Tebliğ",https://www.resmigazete.gov.tr/eskiler/2001/09/20010909.htm#5
2001-09-10,"— Devlet Bakanı Fikret ÜNLÜ’ye, Devlet Bakanı Mustafa YILMAZ’ın Vekâlet Etmesine Dair Tezkere",https://www.resmigazete.gov.tr/eskiler/2001/09/20010910.htm#1
2001-09-10,"— Turizm Bakanlığına, Enerji ve Tabii Kaynaklar Bakanı Zeki ÇAKAN'ın Vekâlet Etmesine Dair Tezkere",https://www.resmigazete.gov.tr/eskiler/2001/09/20010910.htm#4
2001-09-10,— Kadir Has Üniversitesi Kuruluş ve Ana Teşkilat Yönetmeliği,https://www.resmigazete.gov.tr/eskiler/2001/09/20010910.htm#2
2001-09-10,— Kadir Has Üniversitesi Mütevelli Heyetinin Oluşumuna İlişkin Usul ve Esaslar Hakkında Yönetmelik,https://www.resmigazete.gov.tr/eskiler/2001/09/20010910.htm#3
2001-09-11,"2001/2916 Telekomünikasyon Kurumu’na Ait Kadrolarda Sınıf, Unvan ve Derece Değişikliği Yapılması Hakkında Karar",https://www.resmigazete.gov.tr/eskiler/2001/09/20010911.htm#1
2001-09-11,2001/2917 2001-2002 Öğretim Yılında Yükseköğretim Kurumlarında Cari Hizmet Maliyetlerine Öğrenci Katkısı Olarak Alınacak Katkı Payları ile İkinci Öğretim Ücretlerinin Tespitine Dair Esasların Yürürlüğe Konulması Hakkında Karar,https://www.resmigazete.gov.tr/eskiler/2001/09/20010911.htm#2
2001-09-11,— Bayındırlık ve İskân Bakanlığına Ait 3 Adet Atama Kararı,https://www.resmigazete.gov.tr/eskiler/2001/09/20010911.htm#3
2001-09-11,— Yozgat Valiliği Mahalli Çevre Kurulu Kararı (No: 5),https://www.resmigazete.gov.tr/eskiler/2001/09/20010911.htm#4
2001-09-11,— Yüksek Seçim Kurulunun 507 Sayılı Kararı,https://www.resmigazete.gov.tr/eskiler/2001/09/20010911.htm#5
2001-09-12,2001/2909 Türkiye Cumhuriyeti Dış Ticaret Müsteşarlığı ile Çin Halk Cumhuriyeti Dış Ticaret ve Ekonomik İşbirliği Bakanlığı Arasında Ticari İstişare Mekanizması Kurulması Hakkında Mutabakat Zaptı ve Söz Konusu Mutabakat Zaptı’nda Değişiklik Yapılmasına İlişkin İki ülke Arasında Teati Edilen Notaların Onaylanması Hakkında Karar,https://www.resmigazete.gov.tr/eskiler/2001/09/20010912.htm#1
2001-09-12,2001/2910 Türkiye Cumhuriyeti ile Bulgaristan Cumhuriyeti Arasındaki Serbest Ticaret Anlaşması’na Ek “Menşeli Ürünler” Kavramının Tanımı ve İdari İşbirliği Yöntemleri Hakkında Protokol B’nin Değiştirilmesine İlişkin 2001/1 Sayılı Komite Kararı ile Notaların Onaylanması Hakkında Karar,https://www.resmigazete.gov.tr/eskiler/2001/09/20010912.htm#2
2001-09-12,— Eti Bor A.Ş. Genel Müdürlüğü Memurları Disiplin Amirleri Yönetmeliği,https://www.resmigazete.gov.tr/eskiler/2001/09/20010912.htm#3
2001-09-12,Eti Bor A.Ş. Genel Müdürlüğü Sözleşmeli Personel Disiplin Amirleri Yönetmeliği,https://www.resmigazete.gov.tr/eskiler/2001/09/20010912.htm#4
2001-09-12,Eti Alüminyum A.Ş. Genel Müdürlüğü Memurları Disiplin Amirleri Yönetmeliği,https://www.resmigazete.gov.tr/eskiler/2001/09/20010912.htm#5
2001-09-12,Eti Alüminyum A.Ş. Genel Müdürlüğü Sözleşmeli Personel Disiplin Amirleri Yönetmeliği,https://www.resmigazete.gov.tr/eskiler/2001/09/20010912.htm#6
2001-09-12,— Denizli Valili ği Mahalli Çevre Kurulu Kararı (No: 6),https://www.resmigazete.gov.tr/eskiler/2001/09/20010912.htm#7
2001-09-13,"2001/2930 Ankara, İstanbul, İzmir ve Antalya İllerinde Bulunan Hazine’ye Ait Bazı Taşınmaz Malların Satışa Çıkarılması Hakkında Karar",https://www.resmigazete.gov.tr/eskiler/2001/09/20010913.htm#1
2001-09-13,"— Devlet, Dışişleri, Sanayi ve Ticaret ile Kültür Bakanlıklarına Ait 5 Adet Atama Kararı",https://www.resmigazete.gov.tr/eskiler/2001/09/20010913.htm#2
2001-09-13,"— Diyanet İşleri Başkanlığı Sınav, Atama, Nakil ve Görevde Yükselme Yönetmeliğinde Değişiklik Yapılmasına Dair Yönetmelik",https://www.resmigazete.gov.tr/eskiler/2001/09/20010913.htm#3
2001-09-13,— Sigorta ve Reasürans Brokerleri Yönetmeliğinde Değişiklik Yapılması Hakkında Yönetmelik,https://www.resmigazete.gov.tr/eskiler/2001/09/20010913.htm#4
2001-09-13,— Gençlik ve Spor Genel Müdürlüğü Sponsorluk Yönetmeliği,https://www.resmigazete.gov.tr/eskiler/2001/09/20010913.htm#5
2001-09-13,— Türk Parası Kıymetini Koruma Hakkında 32 Sayılı Karara İlişkin Tebliğde Değişiklik Yapılması Hakkında Tebliğ (No: 2001-32/26),https://www.resmigazete.gov.tr/eskiler/2001/09/20010913.htm#6
2001-09-13,— Reka bet Kurulunun 99-31/282-171 Sayılı Kararı,https://www.resmigazete.gov.tr/eskiler/2001/09/20010913.htm#7
2001-09-13,— Rekabet Kurulunun 99-55/587-374 Sayılı Kararı,https://www.resmigazete.gov.tr/eskiler/2001/09/20010913.htm#8
2001-09-14,— Bankaların Kuruluş ve Faaliyetleri Hakkında Yönetmelikte Değişiklik Yapılmasına İlişkin Yönetmelik,https://www.resmigazete.gov.tr/eskiler/2001/09/20010914.htm#1
2001-09-14,— Bankaların Birleşme ve Devirleri Hakkında Yönetmelikte Değişiklik Yapılmasına İlişkin Yönetmelik,https://www.resmigazete.gov.tr/eskiler/2001/09/20010914.htm#2
2001-09-14,— Osmani ye Valiliği Mahalli Çevre Kurulu Kararı (No: 2001/3),https://www.resmigazete.gov.tr/eskiler/2001/09/20010914.htm#3
2001-09-15,2001/2939 Tarım ve Köyişleri Bakanlığı’na Ait Bazı Kadrolarda Değişiklik Yapılması Hakkında Karar,https://www.resmigazete.gov.tr/eskiler/2001/09/20010915.htm#1
2001-09-15,— Milli Savunma ve Sağlık Bakanlıklarına Ait 2 Adet Atama Kararı,https://www.resmigazete.gov.tr/eskiler/2001/09/20010915.htm#2
2001-09-15,— Fikir ve Sanat Es erlerinin Radyo ve Televizyon Yayınlarında Kullanımına İlişkin Usul ve Esaslar Hakkında Yönetmelik,https://www.resmigazete.gov.tr/eskiler/2001/09/20010915.htm#3
2001-09-15,— 2000/2 Sayılı 2001 Yılı Fuar Takvimi Tebliğinde Değişiklik Yapılmasına Dair Tebliğ (İç Ticaret 2001/2),https://www.resmigazete.gov.tr/eskiler/2001/09/20010915.htm#4
2001-09-15,— Rekabet Kurulunun 00-8/72-34 Sayılı Kararı,https://www.resmigazete.gov.tr/eskiler/2001/09/20010915.htm#5
2001-09-15,— Rekabet Kurulunun 00-50/533-295 Sayılı Kararı,https://www.resmigazete.gov.tr/eskiler/2001/09/20010915.htm#6
2001-09-15,"Anayasa Mahkemesinin E : 2001/382, K: 2001/8 (Yürürlüğü Durdurma) Sayılı Kararı",https://www.resmigazete.gov.tr/eskiler/2001/09/20010915.htm#7
2001-09-15,"— Anayasa Mahkemesinin E: 2001/303, K: 2001/333 Sayılı Kararı",https://www.resmigazete.gov.tr/eskiler/2001/09/20010915.htm#8
2001-09-16,"2001/2911 Türkiye Cumhuriyeti ile Letonya Cumhuriyeti Arasında Serbest Ticaret Anlaşması'na Ek ""Menşeli Ürünler"" Kavramının Tanımı ve İdari İşbirliği Yöntemleri Hakkında Protokol C'nin Değiştirilmesine Dair İlişkin Ek Protokol ve Ek Protokol 1'in Onaylanması Hakkında Karar",https://www.resmigazete.gov.tr/eskiler/2001/09/20010916.htm#1
2001-09-16,— Hentbol Müsabaka Yönetmeliği,https://www.resmigazete.gov.tr/eskiler/2001/09/20010916.htm#2
2001-09-17,"— Devlet Bakanı Dr. Kemal DERVİŞ'e, Orman Bakanı Prof. Dr. Nami ÇAĞAN'ın Vekâlet Etmesine Dair Tezkere",https://www.resmigazete.gov.tr/eskiler/2001/09/20010917.htm#1
2001-09-17,— Kesin İnşaat Yasağı Getirilen Korunması Gerekli Taşınmaz Kültür ve Tabiat Varlıklarının Bulunduğu Sit Alanlarındaki Taşınmaz Malların Hazineye Ait Taşınmaz Mallar ile Değiştirilmesi Hakkında Yönetmeliğin Değiştirilmesine İlişkin Yönetmelik,https://www.resmigazete.gov.tr/eskiler/2001/09/20010917.htm#2
2001-09-17,— Gebze Yüksek Teknoloji Enstitüsü Lisans Eğitim ve Öğretim Yönetmeliği,https://www.resmigazete.gov.tr/eskiler/2001/09/20010917.htm#3
2001-09-17,— Rekabet Kurulunun 01-06/47-12 Sayılı Kararı,https://www.resmigazete.gov.tr/eskiler/2001/09/20010917.htm#4
2001-09-18,"— Milli Savunma Bakanlığına, Devlet Bakanı Prof. Dr. Ramazan MİRZAOĞLU’nun Vekâlet Etmesine Dair Tezkere",https://www.resmigazete.gov.tr/eskiler/2001/09/20010918.htm#9
2001-09-18,2001/2913 2932 Kişinin Türk Vatandaşlığından Çıkmasına İzin Verilmesi Hakkında Karar,https://www.resmigazete.gov.tr/eskiler/2001/09/20010918.htm#1
2001-09-18,2001/2940 2890 Kişinin Türk Vatandaşlığından Çıkmasına İzin Verilmesi ve Bazı Kararnameler ile Türk Vatandaşlığından Çıkmalarına İzin Verilen 27 Kişiyle İlgili Bazı Maddi Hataların Düzeltilmesi Hakkında Karar,https://www.resmigazete.gov.tr/eskiler/2001/09/20010918.htm#2
2001-09-18,2001/2941 2993 Kişinin Türk Vatandaşlığından Çıkmasına İzin Verilmesi ve Bazı Kararnameler ile Türk Vatandaşlığından Çıkmalarına İzin Verilen 5 Kişiyle İlgili Bazı Maddi Hataların Düzeltilmesi Hakkında Karar,https://www.resmigazete.gov.tr/eskiler/2001/09/20010918.htm#3
2001-09-18,— T.C. Ziraat Bankası Disiplin Yönetmeliğinde Değişiklik Yapılmasına Dair Yönetmelik,https://www.resmigazete.gov.tr/eskiler/2001/09/20010918.htm#4
2001-09-18,— Dahilde İşleme İzin Belgelerinin Sektörel Dağılımı Hakkında Tebliğ,https://www.resmigazete.gov.tr/eskiler/2001/09/20010918.htm#5
2001-09-18,— Yurt İçi Satış Teslimler ile İlgili Belgelerin,https://www.resmigazete.gov.tr/eskiler/2001/09/20010918.htm#6
2001-09-18,Sektörel Dağılımı,https://www.resmigazete.gov.tr/eskiler/2001/09/20010918.htm#5
2001-09-18,Hakkında Tebliğ,https://www.resmigazete.gov.tr/eskiler/2001/09/20010918.htm#6
2001-09-18,— Hariçte İşleme İzin Belgelerinin,https://www.resmigazete.gov.tr/eskiler/2001/09/20010918.htm#7
2001-09-18,Sektörel Dağılımı,https://www.resmigazete.gov.tr/eskiler/2001/09/20010918.htm#5
2001-09-18,Hakkında Tebliğ,https://www.resmigazete.gov.tr/eskiler/2001/09/20010918.htm#7
2001-09-18,— Vergi Resim ve Harç İstisnası Belgelerinin,https://www.resmigazete.gov.tr/eskiler/2001/09/20010918.htm#8
2001-09-18,Sektörel Dağılımı,https://www.resmigazete.gov.tr/eskiler/2001/09/20010918.htm#5
2001-09-18,Hakkında Tebliğ,https://www.resmigazete.gov.tr/eskiler/2001/09/20010918.htm#8
2001-09-19,"— Çalışma ve Sosyal Güvenlik Bakanlığına,Enerji ve Tabii Kaynaklar Bakanı Zeki ÇAKAN’ın Vekâlet Etmesine Dair Tezkere",https://www.resmigazete.gov.tr/eskiler/2001/09/20010919.htm#1
2001-09-19,— Enerji ve Tabii Kaynaklar Bakanlığına Ait 3 Adet Atama Kararı,https://www.resmigazete.gov.tr/eskiler/2001/09/20010919.htm#2
2001-09-19,— Kültür Bakanlığına Ait Kadro Artırılması Kararı,https://www.resmigazete.gov.tr/eskiler/2001/09/20010919.htm#3
2001-09-19,— İçişleri Bakanlığı Nüfus ve Vatandaşlık İşleri Genel Müdürlüğü Döner Sermaye İşletmesi Yönetmeliğinde Değişiklik Yapılmasına Dair Yönetmelik,https://www.resmigazete.gov.tr/eskiler/2001/09/20010919.htm#4
2001-09-19,— Devlet Tiyatroları Genel Müdürlüğü Alım ve Satım İşlemleri ile Hesap Usulleri Hakkında Yönetmelikte Değişiklik Yapılmasına Dair Yönetmelik,https://www.resmigazete.gov.tr/eskiler/2001/09/20010919.htm#5
2001-09-19,— Ege Üniversitesi Eğitim-Öğretim Yönetmeliğinin 12 nci Maddesinin Değiştirilmesine Dair Yönetmelik,https://www.resmigazete.gov.tr/eskiler/2001/09/20010919.htm#6
2001-09-19,— Muhasebat Genel Müdürlüğü Genel Tebliği (Sıra No: 585),https://www.resmigazete.gov.tr/eskiler/2001/09/20010919.htm#7
2001-09-20,"— Bayındırlık ve İskan Bakanlığına, Afyon Milletvekili Prof. Dr. Abdülkadir AKCAN’ın Atanmasına Dair İşlem",https://www.resmigazete.gov.tr/eskiler/2001/09/20010920.htm#1
2001-09-20,— Başbakanlık ile Bayındırlık ve İskân Bakanlığına Ait 6 Adet Atama Kararı,https://www.resmigazete.gov.tr/eskiler/2001/09/20010920.htm#2
2001-09-20,— Yurt Dışında Görevlendirilecek Memurların Seçim Esaslarına Dair Yönetmeliğe Bir Geçici Madde Eklenmesine İlişkin Yönetmelik,https://www.resmigazete.gov.tr/eskiler/2001/09/20010920.htm#3
2001-09-20,— Özel Finans Kurumlarının Kuruluş ve Faaliyetleri Hakkında Yönetmelik,https://www.resmigazete.gov.tr/eskiler/2001/09/20010920.htm#4
2001-09-21,"— Dışişleri Bakanlığına, Devlet Bakanı Prof. Dr. Şükrü S. GÜREL’in Vekâlet Etmesine Dair Tezkere",https://www.resmigazete.gov.tr/eskiler/2001/09/20010921.htm#1
2001-09-21,"2001/2960 Tarımda Kullanılan Kimyevi Gübrelerin Yurt İçinden ve Yurt Dışından Tedariki, Dağıtımı ve Desteklenmesine İlişkin Uygulamaların Yürürlükten Kaldırılması Hakkında Karar",https://www.resmigazete.gov.tr/eskiler/2001/09/20010921.htm#2
2001-09-21,2001/2985 Yeditepe Üniversitesi Rektörlüğü’ne Bağlı Olarak Eczacılık Fakültesi ile Eğitim Fakültesi Kurulması Hakkında Karar,https://www.resmigazete.gov.tr/eskiler/2001/09/20010921.htm#3
2001-09-21,"— Devlet Bakanı ve Başbakan Yardımcılığı ile Devlet, Ulaştırma ve Çevre Bakanlıklarına Ait Atama Kararları",https://www.resmigazete.gov.tr/eskiler/2001/09/20010921.htm#4
2001-09-21,— Uzman Erbaş Yönetmeliğin Bazı Maddelerinde Değişiklik Yapılmasına Dair Yönetmelik,https://www.resmigazete.gov.tr/eskiler/2001/09/20010921.htm#5
2001-09-21,— Düzce Valiliği Mahalli Çevre Kurulu Kararı (No: 13),https://www.resmigazete.gov.tr/eskiler/2001/09/20010921.htm#6
2001-09-22,"— Turizm Bakanlığına, Devlet Bakanı Mehmet KEÇECİLER’in Vekâlet Etmesine Dair Tezkere",https://www.resmigazete.gov.tr/eskiler/2001/09/20010922.htm#1
2001-09-22,"2001/2907 Türk Basketbolunu Geliştirme ve Eğitim Vakfı’na, Türk Kanunu Medenisi Hükümleri ve Vakıf Resmî Senedine Uygun Faaliyette Bulunduğu Dönemlere Münhasır Olmak Üzere Vergi Muafiyeti Tanınması Hakkında Karar",https://www.resmigazete.gov.tr/eskiler/2001/09/20010922.htm#2
2001-09-22,2001/2971 Dahilide İşleme Rejimi Kararında Değişiklik Yapılması Hakkında Karar,https://www.resmigazete.gov.tr/eskiler/2001/09/20010922.htm#3
2001-09-22,2001/2991 Milli Savunma Bakanlığı Akaryakıt İkmal ve NATO POL Tesisleri İşletme Başkanlığında Çalıştırılacak Sözleşmeli Personel Hakkında Hizmet Sözleşmesi Esaslarının Yürürlüğe Konulması Hakkında Karar,https://www.resmigazete.gov.tr/eskiler/2001/09/20010922.htm#4
2001-09-22,— Türk Parası Kıymetini Koruma Hakkında 32 Sayılı Karar ile Hazine Müsteşarlığı’nın 91-32/5 Sayılı Tebliğine İlişkin Türkiye Cumhuriyet Merkez Bankası Genelgesi (Sayı: 2001/2),https://www.resmigazete.gov.tr/eskiler/2001/09/20010922.htm#5
2001-09-22,— Mecburi Standard Tebliği (No: ÖSG-2001/93-94),https://www.resmigazete.gov.tr/eskiler/2001/09/20010922.htm#6
2001-09-22,— Elazığ Valiliği Mahalli Çevre Kurulu Kararı (No: 2001/6),https://www.resmigazete.gov.tr/eskiler/2001/09/20010922.htm#7
2001-09-22,— Zonguldak Valiliği Mahalli Çevre Kurulu Kararı (No: 2001/9),https://www.resmigazete.gov.tr/eskiler/2001/09/20010922.htm#8
2001-09-23,"— Çevre Bakanlığına, Kültür Bakanı M.İstemihan TALAY’ın Vekâlet Etmesine Dair Tezkere",https://www.resmigazete.gov.tr/eskiler/2001/09/20010923.htm#1
2001-09-23,2001/2955 3016 Kişinin Türk Vatandaşlığından Çıkmasına İzin Verilmesi Hakkında Karar,https://www.resmigazete.gov.tr/eskiler/2001/09/20010923.htm#2
2001-09-24,2001/2994 Türkiye Cumhuriyeti Adalet Bakanlığı ile Makedonya Cumhuriyeti Adalet Bakanlığı Arasında İşbirliğine İlişkin Protokolun Onaylanması Hakkında Karar,https://www.resmigazete.gov.tr/eskiler/2001/09/20010924.htm#1
2001-09-24,2001/2952 Su Altında Korunması Gerekli Kültür ve Tabiat Varlıkları ile İlgili Olarak Kültür Bakanlığı’nca Tespit Edilen ve Koordinat Listesi ve Haritalarda Belirtilen Bölgelerde Dalış Yasağının Uygulanması Hakkındaki 89/14235 ve 98/11087 Sayılı Kararnamelerin Yürürlükten Kaldırılması Hakkında Karar,https://www.resmigazete.gov.tr/eskiler/2001/09/20010924.htm#2
2001-09-25,"— Devlet Bakanı Prof. Dr. Abdulhaluk Mehmet ÇAY’a, Devlet Bakanı Prof. Dr. Şuayip ÜŞENMEZ’in Vekâlet Etmesine Dair Tezkere",https://www.resmigazete.gov.tr/eskiler/2001/09/20010925.htm#1
2001-09-25,"— Milli Savunma Bakanlığına, Devlet Bakanı Prof. Dr. Ramazan MİRZAOĞLU’nun Vek âlet Etmesine Dair Tezkere",https://www.resmigazete.gov.tr/eskiler/2001/09/20010925.htm#2
2001-09-25,2001/2973 Bazı Kararnameler ile Türk Vatandaşlığından Çıkmalarına İzin Verilen 630 Kişi Hakkındaki Hükmün İptaline Dair Karar,https://www.resmigazete.gov.tr/eskiler/2001/09/20010925.htm#3
2001-09-25,— Devlet Bakanlığına Ait Bir Adet Atama Kararı,https://www.resmigazete.gov.tr/eskiler/2001/09/20010925.htm#4
2001-09-25,— Çalışma ve Sosyal Güvenlik Bakanlığı İş Teftiş Kurulu Yönetmeliğinde Değişiklik Yapılmasına Dair Yönetmelik,https://www.resmigazete.gov.tr/eskiler/2001/09/20010925.htm#5
2001-09-25,— Türkiye’de İkamet Etmeyenlere Özel Fatura ile Yapılan Satışlar Hakkında Tebliğde Değişiklik Yapılmasına Dair Tebliğ (İhracat: 2001/6),https://www.resmigazete.gov.tr/eskiler/2001/09/20010925.htm#6
2001-09-26,— Galatasaray Üniversitesi Döner Sermaye İşletmesi Yönetmeliğinde Değişiklik Yapılması Hakkında Yönetmelik,https://www.resmigazete.gov.tr/eskiler/2001/09/20010926.htm#1
2001-09-26,— Vergi Usul Kanunu Genel Tebliği (Sıra No: 300),https://www.resmigazete.gov.tr/eskiler/2001/09/20010926.htm#7
2001-09-26,— Proje ve Kontrolluk İşlerinde Uygulanacak Fiyat Artış Oranları Hakkında Tebliğ,https://www.resmigazete.gov.tr/eskiler/2001/09/20010926.htm#8
2001-09-26,— Preselenmiş Pamuk Balya Ambalajlarına İlişkin Dış Ticarette Standardizasyon Tebliğinde Değişiklik Yapılması Hakkında Tebliğ (Dış Ticarette Standardizasyon : 2001/29),https://www.resmigazete.gov.tr/eskiler/2001/09/20010926.htm#2
2001-09-26,— Amasya Valiliği Mahalli Çevre Kurulu Kararı (2001/3),https://www.resmigazete.gov.tr/eskiler/2001/09/20010926.htm#3
2001-09-26,— Kilis Valiliği Mahalli Çevre Kurulu Kararı (No : 2),https://www.resmigazete.gov.tr/eskiler/2001/09/20010926.htm#4
2001-09-26,— Manisa Valiliği Mahalli Çevre Kurulu Kararı (No : 8),https://www.resmigazete.gov.tr/eskiler/2001/09/20010926.htm#5
2001-09-26,— Danıştay Başkanlar Kurulunun 2001/22 Sayılı Kararı,https://www.resmigazete.gov.tr/eskiler/2001/09/20010926.htm#6
2001-09-27,"— Adalet Bakanlığına, Milli Eğitim Bakanı Metin BOSTANCIOĞLU'nun Vekâlet Etmesine Dair Tezkere",https://www.resmigazete.gov.tr/eskiler/2001/09/20010927.htm#1
2001-09-27,"Dışişleri Bakanlığına, Devlet Bakanı ve Başbakan Yardımcısı H. Hüsamettin ÖZKAN'ın Vekâlet Etmesine Dair Tezkere",https://www.resmigazete.gov.tr/eskiler/2001/09/20010927.htm#2
2001-09-27,"— Ceza İnfaz Kurumları ile Tutukevleri İşyurtları Kurumu ve İşyurtlarının İdare, Muhasebe ve İhale Yönetmeliğinde Değişiklik Yapılmasına Dair Yönetmelik",https://www.resmigazete.gov.tr/eskiler/2001/09/20010927.htm#3
2001-09-27,— Harp Okulları Yönetmeliği,https://www.resmigazete.gov.tr/eskiler/2001/09/20010927.htm#4
2001-09-27,— Türkiye Şeker Fabrikaları A.Ş. Ge nel Müdür lüğü Personel Yer Değiştirme Yönetmeliğinin 6 ncı Maddesinde Değişiklik Yapılmasına Dair Yönetmelik,https://www.resmigazete.gov.tr/eskiler/2001/09/20010927.htm#5
2001-09-28,"— Devlet Bakanı Dr. Kemal DERVİŞ’e, Orman Bakanı Prof. Dr. Nami ÇAĞAN’ın Vekâlet Etmesine Dair Tezkere",https://www.resmigazete.gov.tr/eskiler/2001/09/20010928.htm#1
2001-09-28,— Çevre Bakanlığına Ait 9 Adet Atama Kararı,https://www.resmigazete.gov.tr/eskiler/2001/09/20010928.htm#2
2001-09-28,— Sınır Tespitine Dair 1 Adet Karar,https://www.resmigazete.gov.tr/eskiler/2001/09/20010928.htm#3
2001-09-28,— Karadeniz Teknik Üniversitesi Döner Sermaye İşletmesi Yönetmeliği,https://www.resmigazete.gov.tr/eskiler/2001/09/20010928.htm#4
2001-09-28,— Gümrük Genel Tebliği (Uluslararası Anlaşmalar) (Sıra No: 1),https://www.resmigazete.gov.tr/eskiler/2001/09/20010928.htm#5
2001-09-28,— Gümrük Genel Tebliği (Gümrük İşlemleri) (Seri No: 4),https://www.resmigazete.gov.tr/eskiler/2001/09/20010928.htm#6
2001-09-29,"— D evlet Bakanı Prof. Dr. Şükrü S. GÜREL’e, Devlet Bakanı Fikret ÜNLÜ’nün Vekâlet Etmesine Dair Tezkere",https://www.resmigazete.gov.tr/eskiler/2001/09/20010929.htm#1
2001-09-29,— Türk Silâhlı Kuvvetleri İzin Yönetmeliğinin 12 nci Maddesinin Altıncı Ben dinde Değişiklik Yapılmasına Dair Yönetmelik,https://www.resmigazete.gov.tr/eskiler/2001/09/20010929.htm#2
2001-09-29,— İstanbul Teknik Üniversitesi Türk Mûsıkîsi Devlet Konservatuarı Çalgı Eğitimi Bölümü Hazırlayıcı Birim Lise Devresi Yönetmeliği,https://www.resmigazete.gov.tr/eskiler/2001/09/20010929.htm#3
2001-09-29,— Muhasebat Genel Müdürlüğü Genel Tebliği (Sıra No: 586),https://www.resmigazete.gov.tr/eskiler/2001/09/20010929.htm#4
2001-09-29,— İşkolu Tespit Kararı (No : 2001/31),https://www.resmigazete.gov.tr/eskiler/2001/09/20010929.htm#5
2001-09-29,"— Yatırım Fonlarına İlişkin Esaslar Tebliğinde Değişiklik Yapılmasına Dair Tebliğ (Seri: VII, No: 18)",https://www.resmigazete.gov.tr/eskiler/2001/09/20010929.htm#6
2001-09-30,— Vakıflar Genel Müdürlüğü Personeli Göre vde Yükselme ve Atama Yönetmeli ğinde Değişiklik Yapılması Hakkında Yönetmelik,https://www.resmigazete.gov.tr/eskiler/2001/09/20010930.htm#1
2001-09-30,— Çocuk ve Gençlik Merkezleri Yönetmeliği,https://www.resmigazete.gov.tr/eskiler/2001/09/20010930.htm#2
2001-09-30,Bartın Valiliği Mahalli Çevre Kurulu Kararı ( No : 2),https://www.resmigazete.gov.tr/eskiler/2001/09/20010930.htm#3
2001-10-01,"— Devlet Bakanı Prof. Dr. Ramazan MİRZAOĞLU’na, Tarım ve Köyişleri Bakanı Prof. Dr. Hüsnü Yusuf GÖKALP’in Vekâlet Etmesine Dair Tezkere",https://www.resmigazete.gov.tr/eskiler/2001/10/20011001.htm#1
2001-10-01,"— Dışişleri Bakanlığına, Devlet Bakanı ve Başbakan Yardımcısı H. Hüsamettin ÖZKAN’ın Vekâlet Etmesine Dair Tezkere",https://www.resmigazete.gov.tr/eskiler/2001/10/20011001.htm#2
2001-10-01,— İzmir Ekonomi Üniversitesi Öğrenci Kayıt Kabul İşleri Yönetmeliği,https://www.resmigazete.gov.tr/eskiler/2001/10/20011001.htm#3
2001-10-01,— İzmir Ekonomi Üniversitesi Lisans Eğitim–Öğretim Süresiyle Sınav ve Değerlendirme Esaslarına İlişkin Yönetmelik,https://www.resmigazete.gov.tr/eskiler/2001/10/20011001.htm#4
2001-10-01,İzmir Ekonomi Üniversitesi Yabancı Diller Yüksek Okulu Eğitim-Öğretim Yönetmeliği,https://www.resmigazete.gov.tr/eskiler/2001/10/20011001.htm#5
2001-10-01,— Mülga Dış Krediler Kur Farkı Fonu’ndan Kullanılmış Kredilere Uygulanacak Değişken Faiz Oranı Hakkında Tebliğ,https://www.resmigazete.gov.tr/eskiler/2001/10/20011001.htm#6
2001-10-02,2001/2972 3157 KişininTürk Vatandaşlığından Çıkmasına İzin Verilmesi ve Çeşitli Kararnameler ile Türk Vatandaşlığından Çıkmalarına İzin Verilen 12 Kişiyle İlgili Bazı Maddi Hataların Düzeltilmesi Hakkınd a Karar,https://www.resmigazete.gov.tr/eskiler/2001/10/20011002.htm#1
2001-10-02,— Temel Kanunlarda Çalışmalar Yapmak Üzere Kurulacak Komisyonların Kuruluş ve Çalışma Usullerine İlişkin Yönetmelikte Değişiklik Yapılmasına İlişkin Yönetmelik,https://www.resmigazete.gov.tr/eskiler/2001/10/20011002.htm#2
2001-10-02,— T.C. Emekli Sandığı Genel Müdürlüğü Sicil Amirleri Yönetmeliğinde De ğişiklik Yapılmasına Dair Yönetmelik,https://www.resmigazete.gov.tr/eskiler/2001/10/20011002.htm#3
2001-10-02,— T.C. Emekli Sandığı Genel Müdürlüğü Disiplin Amirleri Yönetmeliğinde Değişiklik Yapılmasına Dair Yönetmelik,https://www.resmigazete.gov.tr/eskiler/2001/10/20011002.htm#4
2001-10-02,— Posta Dağıtım Hizmetleri Yönetmeliğinin 93 üncü Maddesinin Değiştiril mesine Dair Yönetmelik,https://www.resmigazete.gov.tr/eskiler/2001/10/20011002.htm#5
2001-10-02,— Uyg unluk Değerlendirme Kuruluşlarının Akreditasyonu Hakkında Yönet melik,https://www.resmigazete.gov.tr/eskiler/2001/10/20011002.htm#6
2001-10-02,"— Yatırım Süreleri Bitmesine Rağmen İla ve Süre Alamayan ve Belge Kapsa mında Herhangi Bir İşlem Görmediği veya Yatırım Yapmadığı Tespit Edi len, Adresinde Bulunamayan veya Firmalar Tarafından İptali Talep Edilen Yatırım Teşvik Belgeleri’nin İptal Edilerek Dosyalarının İşlemden Kaldırılması Hakkında Genelge",https://www.resmigazete.gov.tr/eskiler/2001/10/20011002.htm#7
2001-10-02,— Hayvan Pazarlarının Ruhsatlandırılma ve Denetleme Usul ve Esasları Hakkında Tebliğ’de Değişiklik Yapılmasına Dair Tebliğ (No: 2001/25),https://www.resmigazete.gov.tr/eskiler/2001/10/20011002.htm#8
2001-10-02,— 3285 Sayılı Hayvan Sağlığı ve Zabıtası Kanununun 4 üncü Maddesine Göre Tespit Edilen İhbarı Mecburi Hastalıklar Hakkında Tebliğ (No: 2001/26),https://www.resmigazete.gov.tr/eskiler/2001/10/20011002.htm#9
2001-10-02,— Petrol Ürünlerine Uygulanacak Akaryakıt Fiyat İstikrar Fonu Payları Hakkında Tebliğ (PİGM/AFİF 2001-32),https://www.resmigazete.gov.tr/eskiler/2001/10/20011002.htm#10
2001-10-02,— 2001 Yılı Ağustos Ayına Ait Yatırım Teşvik Belgelerinin Sektörel Dağılımı Hakkında Tebliğ,https://www.resmigazete.gov.tr/eskiler/2001/10/20011002.htm#11
2001-10-02,— 2001 Yılı Ağustos Ayına Ait Yabancı Sermayeli Teşvik ve Yatırım İzin Belgelerinin Sektörel Dağılımı Hakkında Tebliğ,https://www.resmigazete.gov.tr/eskiler/2001/10/20011002.htm#12
2001-10-02,"DÜZELTME (Diyanet İşleri Başkanlığı Sınav, Atama, Nakil ve Görevde Yükselme Yönetmeliğinde Değişiklik Yapılmasına Dair Yönetmelik ile İlgili)",https://www.resmigazete.gov.tr/eskiler/2001/10/20011002.htm#13
2001-10-03,"Adalet Bakanlığına, Milli Eğitim Bakanı Metin BOSTANCIOĞLU’nun Vekâlet Etmesine Dair Tezkere",https://www.resmigazete.gov.tr/eskiler/2001/10/20011003.htm#1
2001-10-03,— Yükseköğretim Kurulu Üyeliğine Prof. Dr. Aybar ERTEPINAR’ın Seçilmesi Hakkında Karar (No: 2001/30),https://www.resmigazete.gov.tr/eskiler/2001/10/20011003.htm#2
2001-10-03,— Yükseköğretim Kurulu Üyeliğine Bener CORDAN’ın Seçilmesi Hakkında Karar (No: 2001/31),https://www.resmigazete.gov.tr/eskiler/2001/10/20011003.htm#3
2001-10-03,— İçişleri Bakanlığına Ait Atama Kararı Zorunlu Deprem Sigortası Tarife ve Talimatında Değişiklik Yapılmasına Dair Tarife ve Talimat,https://www.resmigazete.gov.tr/eskiler/2001/10/20011003.htm#4
2001-10-03,— Zorunlu Deprem Sigortası Genel Şartlarında Değişiklik Yapılmasına Dair Genel Şartlar,https://www.resmigazete.gov.tr/eskiler/2001/10/20011003.htm#6
2001-10-04,— Hakimler ve Savcılar Yüksek Kuruluna Ait Atama Kararı,https://www.resmigazete.gov.tr/eskiler/2001/10/20011004.htm#1
2001-10-04,— Belirli Tekstil Ürünleri İthalatında Gözetim ve Korunma Önlemleri Hakkında Yönetmelikte Değişiklik Yapılmasına Dair Yönetmelik,https://www.resmigazete.gov.tr/eskiler/2001/10/20011004.htm#2
2001-10-04,— Basın Kartı Yönetmeliğinde Değişiklik Yapılması Hakkında Yönetmelik,https://www.resmigazete.gov.tr/eskiler/2001/10/20011004.htm#3
2001-10-04,— Enerji ve Tabii Kaynaklar Bakanlığı Personel Atama ve Görevde Yükselme Yönetmeliğinde Değişiklik Yapılması Hakkında Yönetmelik,https://www.resmigazete.gov.tr/eskiler/2001/10/20011004.htm#4
2001-10-04,— Galatasaray Üniversitesi Kütüphane ve Dokümantasyon Dairesi Başkanlığı Yönetmeliği,https://www.resmigazete.gov.tr/eskiler/2001/10/20011004.htm#5
2001-10-04,— Hin distan Menşeli Tekstil Ürünlerinin İthaline İlişkin Tebliğ (2001/9),https://www.resmigazete.gov.tr/eskiler/2001/10/20011004.htm#6
2001-10-04,— Dış Ticarette Standardizasyon Tebliğinde Değişiklik Yapılması Hakkında Tebliğ (No: 2001/30),https://www.resmigazete.gov.tr/eskiler/2001/10/20011004.htm#7
2001-10-05,"— Dışişleri Bakanlığına, Devlet Bakanı ve Başbakan Yardımcısı H. Hüsamettin ÖZKAN’ın Vekâlet Etmesine Dair Tezkere",https://www.resmigazete.gov.tr/eskiler/2001/10/20011005.htm#1
2001-10-05,"— Devlet, Adalet, Milli Savunma, Maliye,Tarım ve Köyişleri, Çalışma ve Sosyal Güvenlik, Sanayi ve Ticaret ile Enerji ve Tabii Kaynaklar Bakanlığına Ait Atama Kararları",https://www.resmigazete.gov.tr/eskiler/2001/10/20011005.htm#2
2001-10-05,— Fatih Üniversitesi Meslek Yüksek Okulları Öğretim ve Sınav Yönetmeliğinin Bazı Maddelerinde Değişiklik Yapılmasına Dair Yönetmelik,https://www.resmigazete.gov.tr/eskiler/2001/10/20011005.htm#3
2001-10-05,— Hakkari Valiliği Mahalli Çevre Kurulu Kararı (No: 2001/3),https://www.resmigazete.gov.tr/eskiler/2001/10/20011005.htm#4
2001-10-05,— İstanbul Valiliği Mahalli Çevre Kurulu Kararı (No: 9),https://www.resmigazete.gov.tr/eskiler/2001/10/20011005.htm#5
2001-10-06,"— Devlet Bakanı Prof. Dr. Şükrü S. GÜREL’e, Devlet Bakanı Fikret ÜNLÜ’nün Vekâlet Etmesine Dair Tezkere",https://www.resmigazete.gov.tr/eskiler/2001/10/20011006.htm#1
2001-10-06,2001/2999 Polis Akademisi’ne Bağlı Olarak Polis Meslek Yüksek Okulları Açılması Hakkında Karar,https://www.resmigazete.gov.tr/eskiler/2001/10/20011006.htm#2
2001-10-06,"2001/3004 1318 sayılı Finansman Kanunu’nun 3418 sayılı Kanunla Eklenen Geçici 2 nci Maddesinde Yer Alan Otomobil, Kaptıkaçtı, Panel ve Arazi Taşıtlarından, Motor Silindir Hacmi 1600 cm3’ü Geçmeyenler İçin, 20/12/1995 Tarihli ve 95/7604 Sayılı Bakanlar Kurulu Kararı Gereğince Uygulanmakta Olan Ek Taşıt Alım Vergisi Nispetinin, 31/12/2001 Tarihin e Kadar % 6 Olarak Uygulanması Hakkında Karar",https://www.resmigazete.gov.tr/eskiler/2001/10/20011006.htm#3
2001-10-06,— Sosyal Hizmetler ve Çocuk Esirgeme Kurumu Genel Müdürlüğü Görevde Yükselme Yönetmeliği,https://www.resmigazete.gov.tr/eskiler/2001/10/20011006.htm#4
2001-10-07,Eşyanın Tercihli Menşeinin Tespiti Hakkında Yönetmelikte Değişiklik Yapılmasına Dair Yönetmelik,https://www.resmigazete.gov.tr/eskiler/2001/10/20011007.htm#1
2001-10-07,— Denizli Valiliği Mahalli Çevre Kurulu Kararı (No: 7),https://www.resmigazete.gov.tr/eskiler/2001/10/20011007.htm#2
2001-10-08,— Yeditepe Üniversitesi Sağlık Bilimleri Enstitüsü Lisansüstü Eğitim-Öğretim ve Sınav Yönetmeliği,https://www.resmigazete.gov.tr/eskiler/2001/10/20011008.htm#1
2001-10-08,— Aydın Valiliği Mahalli Çevre Kurulu Kararı (No: 59),https://www.resmigazete.gov.tr/eskiler/2001/10/20011008.htm#2
2001-10-09,"— Devlet Bakanı Prof. Dr. Abdulhaluk Mehmet ÇAY’a, Devlet Bakanı Prof. Dr. Ramazan MİRZAOĞLU’nun Vekâlet Etmesine Dair Tezkere",https://www.resmigazete.gov.tr/eskiler/2001/10/20011009.htm#1
2001-10-09,"— Dışişleri Bakanlığına, Devlet Bakanı Prof. Dr. Şükrü S. GÜREL’in Vekâ let Etmesine Dair Tezkere",https://www.resmigazete.gov.tr/eskiler/2001/10/20011009.htm#2
2001-10-09,"2001/3001 İçişleri Bakanlığı'na Ait (3) Sayılı Cetvellerde Yer Alan Dolu Kadroların Derecelerinin, (4) Sayılı Cetvellerde Yer Alan Boş Kadroların Sınıf, Unvan ve Derecelerinin Değiştirilmesi Hakkında Karar",https://www.resmigazete.gov.tr/eskiler/2001/10/20011009.htm#3
2001-10-09,"— Türkiye Radyo - Televizyon Kurumu Alım, Satım ve İhale Yönetmeliğine Geçici Bir Madde Eklenmesi Hakkında Yönetmelik",https://www.resmigazete.gov.tr/eskiler/2001/10/20011009.htm#4
2001-10-09,Milli Eğitim Bakanlığı Eğitim ve Öğretim Hizmetleri Sınıfında Görevli Personelin Yurt İçinde Hizmetiçi Eğitim Yoluyla Yetiştirilmeleri Hakkında Yönetmelik,https://www.resmigazete.gov.tr/eskiler/2001/10/20011009.htm#5
2001-10-09,— Yurt Dışı Teşkilatında Sürekli Görevlendirilecek Tarım Müşavirlerinin Atanmalarının Esas ve Usullerine Dair Yönetmelik,https://www.resmigazete.gov.tr/eskiler/2001/10/20011009.htm#6
2001-10-09,— Millî Emlak Genel Tebliği (Sıra No: 258),https://www.resmigazete.gov.tr/eskiler/2001/10/20011009.htm#7
2001-10-10,2001/3038 Kamu Personelinin Maaşlarının Hesabına Esas Tutulan Katsayıların Yeniden Tespiti ile Muhtelif Statülerde İstihdam Edilen Sözleşmeli Personelin Ücretlerinin Artırılmasına İlişkin Karar,https://www.resmigazete.gov.tr/eskiler/2001/10/20011010.htm#1
2001-10-10,— Çevre Bakanlığı Personelinin Yer Değiştirme Suretiyle Atanmalarına İlişkin Yönetmelikte Değişiklik Yapılmasına Dair Yönetmelik,https://www.resmigazete.gov.tr/eskiler/2001/10/20011010.htm#2
2001-10-10,— Balıkesir Üniversitesi Önlisans ve Lisans Eğitim-Öğretim ve Sınav Yönetmeliğinin 18 inci Maddesinde Değişiklik Yapılmasına Dair Yönetmelik,https://www.resmigazete.gov.tr/eskiler/2001/10/20011010.htm#3
2001-10-10,— Yargıtay 2. Hukuk Dairesine Ait Bir Adet Karar,https://www.resmigazete.gov.tr/eskiler/2001/10/20011010.htm#4
2001-10-10,DÜZELTME (2001/23 Sayılı “Türk Gıda Kodeksi-Çikolata ve Çikolata Ürünleri Tebliği” ile İlgili,https://www.resmigazete.gov.tr/eskiler/2001/10/20011010.htm#5
2001-10-11,— Dumlupınar Üniversitesi Atatürk İlkeleri ve İnkılap Tarihi Araştırma Merkezi Yönetmeliği,https://www.resmigazete.gov.tr/eskiler/2001/10/20011011.htm#1
2001-10-11,— Petrol Ürünlerine Uygulanacak Akaryakıt Fiyat İstikrar Fonu Payları Hakkında Tebliğ (PİGM/AFİF 2001-33),https://www.resmigazete.gov.tr/eskiler/2001/10/20011011.htm#2
2001-10-11,— Rekabet Kurulunun 00-35/393-220 sayılı Kararı,https://www.resmigazete.gov.tr/eskiler/2001/10/20011011.htm#3
2001-10-12,722 Anayasanın 92 nci ve 117 nci Maddeleri Uyarınca Hükümete İzin Verilmesine Dair Karar,https://www.resmigazete.gov.tr/eskiler/2001/10/20011012.htm#1
2001-10-12,"Başbakanlık, Devlet Bakanı ve Başbakan Yardımcılığı, Dışişleri, Milli Eğitim, Tarım ve Köyişleri, Enerji ve Tabii Kaynaklar Bakanlığı ile Çevre Bakanlığına Ait Atama Kararları",https://www.resmigazete.gov.tr/eskiler/2001/10/20011012.htm#6
2001-10-12,"— Tütün, Tütün Mamulleri, Alkol ve Alkollü İçkilerin Toptan Satışı Hakkınd ccc Yönetmelikte Değişiklik Yapılmasına Dair Yönetmelik",https://www.resmigazete.gov.tr/eskiler/2001/10/20011012.htm#2
2001-10-12,— Şehirlerde Doğal Gaz Dağıtım Hizmeti Vermek Üzere Kurulan Şirketlere İzin Verilmesine İlişkin Usul ve Esaslar Hakkında Tebliğ,https://www.resmigazete.gov.tr/eskiler/2001/10/20011012.htm#3
2001-10-12,— Uluslararası Gözetim Şirketleri Statüsüne İlişkin Karar (Dış Ticarette Standardizasyon: 20 01/13),https://www.resmigazete.gov.tr/eskiler/2001/10/20011012.htm#4
2001-10-12,Gümrük Genel Tebliği (Hariçte İşleme-Geçici Çıkış-Geri Gelen Eşya) (Seri No: 2),https://www.resmigazete.gov.tr/eskiler/2001/10/20011012.htm#5
2001-10-13,2001/3039 Akaryakıt Tüketim Vergisi Tutarlarının Tespitine İlişkin Karar,https://www.resmigazete.gov.tr/eskiler/2001/10/20011013.htm#1
2001-10-13,— Eti Krom A.Ş. Genel Müdürlüğü Memurları Disiplin Kurulları ve Disiplin Amirleri Yönetmeliği,https://www.resmigazete.gov.tr/eskiler/2001/10/20011013.htm#2
2001-10-13,— Eti Krom A.Ş. Genel Müdürlüğü Sözleşmeli Personel Disiplin Kurulları ve Disiplin Amirleri Yönetmeliği,https://www.resmigazete.gov.tr/eskiler/2001/10/20011013.htm#3
2001-10-13,— Türk G ıda Kodeksi Bitki Adı ile Anılan Yemeklik Yağlar Tebliği (No: 2001/29),https://www.resmigazete.gov.tr/eskiler/2001/10/20011013.htm#4
2001-10-13,— Rekabet Kurulunun 01-30/299-89 Sayılı Kararı,https://www.resmigazete.gov.tr/eskiler/2001/10/20011013.htm#5
2001-10-13,— Özelleştirme İdaresi Başkanlığının ÖİB-K-07 Sayılı Kararı,https://www.resmigazete.gov.tr/eskiler/2001/10/20011013.htm#6
2001-10-14,"Milli Eğitim Bakanlığına, Devlet Bakanı Fikret ÜNLÜ’nün Vekâlet Etmesine Dair Tezkere",https://www.resmigazete.gov.tr/eskiler/2001/10/20011014.htm#1
2001-10-14,— Ankara Üniversitesi Kütüphaneleri Yönetmeliği,https://www.resmigazete.gov.tr/eskiler/2001/10/20011014.htm#3
2001-10-14,— Niğde Üniversitesi Atatürk İlkeleri ve İnkılâp Tarihi Araştırma ve Uygulama Merkezi Yönetmeliği,https://www.resmigazete.gov.tr/eskiler/2001/10/20011014.htm#4
2001-10-14,— Uyuşmazlık Mahkemesine Ait 21 Adet Karar,https://www.resmigazete.gov.tr/eskiler/2001/10/20011014.htm#5
2001-10-15,— Polis Akademisi Başkanlığı Güvenlik Bilimleri Fakültesi Eğitim-Öğretim Yönetmeliği,https://www.resmigazete.gov.tr/eskiler/2001/10/20011015.htm#1
2001-10-15,— Polis Akademisi Başkanlığı Polis Meslek Yüksekokulları Eğitim-Öğretim Yönetmeliği,https://www.resmigazete.gov.tr/eskiler/2001/10/20011015.htm#2
2001-10-15,— Geleneksel Tüketici Ödülleri Yönetmeliği,https://www.resmigazete.gov.tr/eskiler/2001/10/20011015.htm#3
2001-10-16,— Hâkimler ve Savcılar Yüksek Kurulunca Danıştay Üyeliklerine Yapılan Seçimlerle İlgili 1416 sayılı Karar,https://www.resmigazete.gov.tr/eskiler/2001/10/20011016.htm#1
2001-10-16,— Hâkimler ve Savcılar Yüksek Kurulunun 1368 Sayılı Kararı,https://www.resmigazete.gov.tr/eskiler/2001/10/20011016.htm#2
2001-10-16,— Terör Eylemleri Nedeniyle Şehit ve Malul Olanların Yakınlarının ve Çalışabilecek Durumdaki Malullerin Kamu Kurum ve Kuruluşlarında İstihdamı Hakkında Yönetmelikte Değişiklik Yapılması Hakkında Yönetmelik,https://www.resmigazete.gov.tr/eskiler/2001/10/20011016.htm#3
2001-10-16,— Posta İşletmesi Teftiş Kurulu Yönetmeliğinde Değişiklik Yapılmasına Dair Yönetmelik,https://www.resmigazete.gov.tr/eskiler/2001/10/20011016.htm#4
2001-10-16,— Tahsilat Genel Tebliği (Seri No: 419),https://www.resmigazete.gov.tr/eskiler/2001/10/20011016.htm#5
2001-10-16,— Dahilde İşleme Rejimi Tebliğinde Değişiklik Yapılması Hakkında Tebliğ (İhracat: 2001/9),https://www.resmigazete.gov.tr/eskiler/2001/10/20011016.htm#6
2001-10-16,— Özelleştirme Yüksek Kurulunun 2001/54 Sayılı Kararı,https://www.resmigazete.gov.tr/eskiler/2001/10/20011016.htm#7
2001-10-16,— Yargıtay 18. Hukuk Dairesine Ait Bir Adet Karar,https://www.resmigazete.gov.tr/eskiler/2001/10/20011016.htm#8
2001-10-17,— Türkiye Bilimsel ve Teknik Araştırma Kurumu Başkanlığına Doğrudan Bağlı Enstitülerin Kuruluş ve İşletilmesine İlişkin Çerçeve Yönetmelik,https://www.resmigazete.gov.tr/eskiler/2001/10/20011017.htm#1
2001-10-17,— Köy Hizmetleri Genel Müdürlüğü Teftiş Kurulu Yönetmeliğine Geçici Bir Madde Eklenmesine Dair Yönetmelik,https://www.resmigazete.gov.tr/eskiler/2001/10/20011017.htm#2
2001-10-17,— İstanbul Üniversitesi İstanbul Tıp Fakültesi ve Cerrahpaşa Tıp Fakültesi Yandal Uzmanlığı Eğitim ve Sınav Yönetmeliğinin 3 üncü Maddesinde Değişiklik Yapılması Hakkında Yönetmelik,https://www.resmigazete.gov.tr/eskiler/2001/10/20011017.htm#3
2001-10-17,— Yem Yönetmeliği ile İlgili 1997/12 Numaralı Uygulama Tebliği’nde Değişiklik Yapılması Hakkında Tebliğ (No: 2001/31),https://www.resmigazete.gov.tr/eskiler/2001/10/20011017.htm#4
2001-10-17,— Bosna Hersek ile Tercihli Ticarette Uygulanacak Menşe Kurallarına Dair Gümrük Genel Tebliği (Tek Taraflı Uygulamalar) (Sıra No: 1),https://www.resmigazete.gov.tr/eskiler/2001/10/20011017.htm#5
2001-10-17,— İthalatta Haksız Rekabetin Önlenmesine İlişkin Tebliğ (No: 2001/3),https://www.resmigazete.gov.tr/eskiler/2001/10/20011017.htm#6
2001-10-18,4711 EFTA Devletleri ile Türkiye Arasında Anlaşmada Yapılan Değişikliklerin Onaylanmasının Uygun Bulunduğuna Dair Kanun,https://www.resmigazete.gov.tr/eskiler/2001/10/20011018.htm#1
2001-10-18,"4712 Azerbaycan Cumhuriyeti, Gürcistan, Türkiye Cumhuriyeti ve Türkmenistan Arasında Hazar Geçişli Boru Hattı Projesinin Uygulanmasına İlişkin Hazar Geçişli Boru Hattının Uygulanma İlkeleri Hakkındaki Hükümetlerarası Deklarasyonun Onaylanmasının Uygun Bulunduğuna Dair Kanun",https://www.resmigazete.gov.tr/eskiler/2001/10/20011018.htm#2
2001-10-18,"— Devlet Bakanı Faruk BAL’a, Devlet Bakanı Prof. Dr. Ramazan MİRZAOĞLU’nun Vekâlet Etmesine Dair Tezkere",https://www.resmigazete.gov.tr/eskiler/2001/10/20011018.htm#3
2001-10-18,2001/3015 İthalat Rejimi Kararına Ek Karar,https://www.resmigazete.gov.tr/eskiler/2001/10/20011018.htm#4
2001-10-18,— Hükümlü Hüseyin ESKİ'nin Cezasının Kaldırılması Hakkında Karar (No: 2001/32,https://www.resmigazete.gov.tr/eskiler/2001/10/20011018.htm#5
2001-10-18,— Hâkimler ve Savcılar Yüksek Kuruluna Ait Atama Kararı,https://www.resmigazete.gov.tr/eskiler/2001/10/20011018.htm#6
2001-10-18,— Gümrük Kontrolörleri Yönetmeliğinde Değişiklik Yapılmasına Dair Yönetmelik,https://www.resmigazete.gov.tr/eskiler/2001/10/20011018.htm#7
2001-10-18,— Devlet Hava Meydanları İşletmesi Genel Müdürlüğü Personeli Atama ve Görevde Yükselme Yönetmeliğinde Değişiklik Yapılmasına Dair Yönetmelik,https://www.resmigazete.gov.tr/eskiler/2001/10/20011018.htm#8
2001-10-18,— Su Ürünleri Yönetmeliğinde Değişiklik Yapılmasına Dair Yönetmelik,https://www.resmigazete.gov.tr/eskiler/2001/10/20011018.htm#9
2001-10-18,— Çin Halk Cumhuriyeti Menşeli Vantilatörlerin İthalatında Soruşturma Açılmasına İlişkin Tebliğ (Gözetim ve Korunma: 2001/6),https://www.resmigazete.gov.tr/eskiler/2001/10/20011018.htm#10
2001-10-18,— Bazı Boyar Maddelerin İthaline İlişkin Tebliğde Değişiklik Yapılması Hakkında Tebliğ,https://www.resmigazete.gov.tr/eskiler/2001/10/20011018.htm#11
2001-10-18,— Serbest Muhasebeci ve Serbest Muhasebeci Mali Müşavirlerin Vergi Usul Kanunu’nun Mükerrer 227’nci Maddesine Göre İmzalanacak Vergi Beyannamelerinde Uyulacak Esaslara İlişkin Mecburi Meslek Kararı,https://www.resmigazete.gov.tr/eskiler/2001/10/20011018.htm#12
2001-10-18,"— Serbest Muhasebecilik, Serbest Muhasebeci Mali Müşavirlik ve Yeminli Mali Müşavirlik Meslek Ahlâk Kuralları ile İlgili Mecburi Meslek Kararı",https://www.resmigazete.gov.tr/eskiler/2001/10/20011018.htm#13
2001-10-18,— Serbest Muhasebeci ve Serbest Muhasebeci Mali Müşavirlerin Kaşe Kullanma Usulleri ile İlgili Mecburi Meslek Kararı,https://www.resmigazete.gov.tr/eskiler/2001/10/20011018.htm#14
2001-10-19,723 Yeraltı ve Yerüstü Su Kaynaklarımızın Daha Etkin Kullanımını Sağlamak ve Komşu Ülkelerle Olan Su Sorununa Çözüm Bulmak Amacıyla Bir Meclis Araştırması Komisyonu Kurulmasına İlişkin Karar,https://www.resmigazete.gov.tr/eskiler/2001/10/20011019.htm#1
2001-10-19,2001/3005 TIR Karneleri Himayesinde Uluslararası Eşya Taşınmasına Dair Gümrük Sözleşmesi’nde Yapılan Değişikliklerin Onaylanması Hakkında Karar,https://www.resmigazete.gov.tr/eskiler/2001/10/20011019.htm#2
2001-10-19,2001/3025 Vadeli İşlem ve Opsiyon Borsası Anonim Şirketi Unvanı ile Bir Vadeli İşlem ve Opsiyon Borsası Kurulması Hakkında Karar,https://www.resmigazete.gov.tr/eskiler/2001/10/20011019.htm#3
2001-10-19,"2001/3087 Basın-İlan Kurumu Genel Kurulu’nda Boşalan Bayındırlık ve İskan Bakanlığı Temsilciliğinde, Kalan Süreyi Tamamlamak Üzere, Adı Geçen Bakanlık Müsteşarı Ali HELVACI’nın Görevlendirilmesi Hakkında Karar",https://www.resmigazete.gov.tr/eskiler/2001/10/20011019.htm#4
2001-10-19,2001/3107 5422 Sayılı Kurumlar Vergisi Kanunu’nun 4684 Sayılı Kanunla Değişik Geçici 28 inci Maddesinin (a) Fıkrasının Üçüncü Paragrafında Yer Alan Vergi Tevkifat Oranının Belirlenmesi Hakkında Karar,https://www.resmigazete.gov.tr/eskiler/2001/10/20011019.htm#5
2001-10-19,2001/3053 Dışişleri Bakanlığı'nın Bazı Mensuplarının Çeşitli Görevlere Atanmaları Hakkında Karar,https://www.resmigazete.gov.tr/eskiler/2001/10/20011019.htm#6
2001-10-19,2001/3079 Dışişleri Bakanlığı'nın Bazı Mensuplarının Çeşitli Görevlere Atanmaları Hakkında Karar,https://www.resmigazete.gov.tr/eskiler/2001/10/20011019.htm#7
2001-10-19,"— Devlet, Adalet, Milli Eğitim, Sağlık, Ulaştırma, Tarım ve Köyişleri, Enerji ve Tabii Kaynaklar ile Çevre Bakanlıklarına Ait Atama Kararları",https://www.resmigazete.gov.tr/eskiler/2001/10/20011019.htm#8
2001-10-19,— İçişleri Bakanlığına Ait 1 Adet Sınır Tespit Kararı,https://www.resmigazete.gov.tr/eskiler/2001/10/20011019.htm#9
2001-10-19,— Anadolu Üniversitesi Üniversite İçi Yatay Geçiş Yönetmeliği,https://www.resmigazete.gov.tr/eskiler/2001/10/20011019.htm#10
2001-10-19,— Anadolu Üniversitesi Öğretim ve Sınav Yönetmeliğinde Değişiklik Yapılmasına Dair Yönetmelik,https://www.resmigazete.gov.tr/eskiler/2001/10/20011019.htm#11
2001-10-19,— Anadolu Üniversitesi Sivil Havacılık Yüksekokulu Pilotaj Bölümü Öğretim ve Sınav Yönetmeliğinin Bazı Maddelerinde Değişiklik Yapılmasına Dair Yönetmelik,https://www.resmigazete.gov.tr/eskiler/2001/10/20011019.htm#12
2001-10-19,— Anadolu Üniversitesi Açıköğretim Sistemine Göre Öğretim Yapan Fakültelerin Batı Avrupa Programları Öğretim ve Sınav Yönetmeliğinin Adının ve Bazı Maddelerinin Değiştirilmesine Dair Yönetmelik,https://www.resmigazete.gov.tr/eskiler/2001/10/20011019.htm#13
2001-10-19,— Ankara Üniversitesi Sürekli Eğitim Merkezi Yönetmeliği,https://www.resmigazete.gov.tr/eskiler/2001/10/20011019.htm#14
2001-10-19,— Ankara Üniversitesi Eğitim ve Öğretim Yönetmeliğinin Bazı Maddelerinde Değişiklik Yapılması Hakkında Yönetmelik,https://www.resmigazete.gov.tr/eskiler/2001/10/20011019.htm#15
2001-10-19,— Pamukkale Üniversitesi Atatürk İlkeleri ve İnkılap Tarihi Araştırma ve Uygulama Merkezi Yönetmeliği,https://www.resmigazete.gov.tr/eskiler/2001/10/20011019.htm#16
2001-10-19,— Bankacılık Düzenleme ve Denetleme Kurulunun 489 sayılı Kararı,https://www.resmigazete.gov.tr/eskiler/2001/10/20011019.htm#17
2001-10-19,— Erzurum Valiliği Mahalli Çevre Kurulu Kararı (No: 10),https://www.resmigazete.gov.tr/eskiler/2001/10/20011019.htm#18
2001-10-19,— Samsun Valiliği Mahalli Çevre Kurulu Kararı (No: 4),https://www.resmigazete.gov.tr/eskiler/2001/10/20011019.htm#19
2001-10-19,— Yalova Valiliği Mahalli Çevre Kurulu Kararı (No: 2001/9),https://www.resmigazete.gov.tr/eskiler/2001/10/20011019.htm#20
2001-10-20,2001/3020 Türkiye Cumhuriyeti Hükümeti ile Kuzey Kıbrıs Türk Cumhuriyeti Hükümeti Arasında Balıkçılık Alanında İşbirliği Protokolu'nun Onaylanması Hakkında Karar,https://www.resmigazete.gov.tr/eskiler/2001/10/20011020.htm#1
2001-10-20,"- Dışişleri Bakanlığına, Devlet Bakanı Prof. Dr. Şükrü S. GÜREL'in Vekâlet Etmesine Dair Tezkere",https://www.resmigazete.gov.tr/eskiler/2001/10/20011020.htm#2
2001-10-20,2001/3030 2001 Yılı Yatırım Programının Düzeltilmesi Hakkında Karar,https://www.resmigazete.gov.tr/eskiler/2001/10/20011020.htm#3
2001-10-20,2001/3040 Slovak Cumhuriyeti Menşeli Bazı Tarım ve İşlenmiş Tarım Ürünleri İthalatında Tarife Kontenjanı Uygulanması Hakkında Karar,https://www.resmigazete.gov.tr/eskiler/2001/10/20011020.htm#4
2001-10-20,2001/3042 Sosyal Sigortalar Kurumu Başkanlığı'nın Taşra Teşkilatı Olarak Kocaeli İli Gebze İlçesinde Sigorta Müdürlüğü Kurulması Hakkında Karar,https://www.resmigazete.gov.tr/eskiler/2001/10/20011020.htm#5
2001-10-20,- Hakimler ve Savcılar Yüksek Kuruluna Ait Karar,https://www.resmigazete.gov.tr/eskiler/2001/10/20011020.htm#6
2001-10-20,- Türkiye Bilimler Akademisi Personel Yönetmeliği,https://www.resmigazete.gov.tr/eskiler/2001/10/20011020.htm#7
2001-10-20,- Türkiye Bilimler Akademisi Yayın Yönetmeliği,https://www.resmigazete.gov.tr/eskiler/2001/10/20011020.htm#8
2001-10-20,"- Türkiye Cumhuriyeti Emekli Sandığı Genel Müdürlüğü Satınalma, Satma ve Yaptırılacak Bilumum İşlere Ait İhale, Muayene ve Tesellüm Yönetmeliğinin 5 inci Maddesinde Değişiklik Yapılmasına Dair Yönetmelik",https://www.resmigazete.gov.tr/eskiler/2001/10/20011020.htm#9
2001-10-20,- Silahlı Kuvvetlerde Görevli Öğretmenler Staj Yönetmeliğinde Değişiklik Yapılmasına Dair Yönetmelik,https://www.resmigazete.gov.tr/eskiler/2001/10/20011020.htm#10
2001-10-20,- Orman Bakanlığı Teftiş Kurulu Yönetmeliğinin Bazı Maddelerinin Değiştirilmesine Dair Yönetmelik,https://www.resmigazete.gov.tr/eskiler/2001/10/20011020.htm#11
2001-10-20,- Rekabet Kurulunun 99-48/527-332 Sayılı Kararı,https://www.resmigazete.gov.tr/eskiler/2001/10/20011020.htm#12
2001-10-21,— Sakarya Üniversitesi Meslek Yüksekokulları Önlisans Öğretim ve Sınav Yönetmeliğinin 15 ve 18 inci Maddelerinin Değiştirilmesine Dair Yönetmelik,https://www.resmigazete.gov.tr/eskiler/2001/10/20011021.htm#1
2001-10-21,— 2001 Yılı Ağustos Ayına Ait Dahilde İşleme İzin Belgelerinin Sektörel Dağılımı Hakkında Tebliğ,https://www.resmigazete.gov.tr/eskiler/2001/10/20011021.htm#2
2001-10-21,— 2001 Yılı Ağustos Ayına Ait Hariçte İşleme İzin Belgelerinin Sektörel Dağılımı Hakkında Tebliğ,https://www.resmigazete.gov.tr/eskiler/2001/10/20011021.htm#3
2001-10-21,— 2001 Yılı Ağustos Ayına Ait Yurt İçi Satış Teslimler ile İlgili Belgelerin Sektörel Dağılımı Hakkında Tebliğ,https://www.resmigazete.gov.tr/eskiler/2001/10/20011021.htm#4
2001-10-21,— 2001 Yılı Ağustos Ayına Ait Vergi Resim ve Harç İstisnası Belgelerinin Sektörel Dağılımı Hakkında Tebliğ,https://www.resmigazete.gov.tr/eskiler/2001/10/20011021.htm#5
2001-10-22,"— Milli Savunma Bakanlığına, Devlet Bakanı Prof. Dr. Şuayip ÜŞENMEZ’in Vekâlet Etmesine Dair Tezkere",https://www.resmigazete.gov.tr/eskiler/2001/10/20011022.htm#1
2001-10-22,— Milli Eğitim Bakanlığı Açık İlköğretim Okulu Yönetmeliği,https://www.resmigazete.gov.tr/eskiler/2001/10/20011022.htm#2
2001-10-22,— İstanbul Üniversitesi Sosyal Bilimler Meslek Yüksek Okulu Öğretim ve Sınav Yönetmeliği,https://www.resmigazete.gov.tr/eskiler/2001/10/20011022.htm#3
2001-10-22,— Mersin Üniversitesi Tıp Fakültesi Araştırma ve Uygulama Merkezi (Hastanesi) Yönetmeliği,https://www.resmigazete.gov.tr/eskiler/2001/10/20011022.htm#4
2001-10-22,— Trafiğe İlk Defa Çıkacak Motorlu Araçlar İçin Müsaade Edilebilir Azami Dış Gürültü Seviyeleri Uygulama Usul ve Esasları Hakkında Tebliğde Değişiklik Yapılmasına Dair Tebliğ (No: SGM-2001/11),https://www.resmigazete.gov.tr/eskiler/2001/10/20011022.htm#5
2001-10-22,— Trafiğe İlk Defa Çıkacak Motorlu Araçlar İçin Havayı Kirletici Gazların Emisyon Değerleri Uygulama Usul ve Esasları Hakkında Tebliğde Değişiklik Yapılmasına Dair Tebliğ (No: SGM-2001/12),https://www.resmigazete.gov.tr/eskiler/2001/10/20011022.htm#6
2001-10-23,2001/3024 Orta Doğu Teknik Üniversitesinin Kuzey Kıbrıs Türk Cumhuriyeti (KKTC)’nde Bir Kampus Kurmasına İlişkin Çerçeve Protokol’ün Onaylanması Hakkında Karar,https://www.resmigazete.gov.tr/eskiler/2001/10/20011023.htm#1
2001-10-23,2001/3088 Türkiye-Nijerya Karma Ekonomik Komi syonu 3. Dönem Protokolü’nün Onaylanması Hakkında Karar,https://www.resmigazete.gov.tr/eskiler/2001/10/20011023.htm#2
2001-10-23,2001/3098 Türkiye Cumhuriyeti ile Kuzey Kıbrıs Türk Cumhuriyeti Arasında İmzalanan Turizm Alanında İşbirliğine İlişkin Mutabakat Belgesi’nin Onaylanması Hakkında Karar,https://www.resmigazete.gov.tr/eskiler/2001/10/20011023.htm#3
2001-10-23,"2001/3044 Kıbrıs’a Gönderilecek Türk Askeri Birliğinin Yiyecek,Giyecek, Yakacak, Donatım, Tedavi ve SairHer Türlü Giderlerinin Tutarı ve Satın Alma İşlerinin Şekli ve Ödeme Biçimlerini Gösterir Yönetmelikte Değişiklik Yapılmasına Dair Yönetmelik",https://www.resmigazete.gov.tr/eskiler/2001/10/20011023.htm#4
2001-10-23,"— Atatürk Kültür, Dil ve Tari h Yüksek Kurumu Kadrolu Uzmanlık Yönetmeliğinde Değişiklik Yapılması Hakkında Yönetmelik",https://www.resmigazete.gov.tr/eskiler/2001/10/20011023.htm#5
2001-10-23,— Harran Üniversitesi Atatürk İlkeleri ve İnkılap Tarihi Araştırma ve Uygulama Merkezi Yönetmeliği,https://www.resmigazete.gov.tr/eskiler/2001/10/20011023.htm#6
2001-10-23,"Sakarya Üniversitesi Fakülteler, Yüksekokullar ve Devlet Konservatuv arı Lisans Öğretim ve Sınav Yönetmeliğinde Değişiklik Yapılmasına Dair Yönetmelik",https://www.resmigazete.gov.tr/eskiler/2001/10/20011023.htm#7
2001-10-24,4710 Gelir Vergisi Kanununa Bir Geçici Madde Eklenmesine ve Türkiye Cum huriyeti Emekli Sandığı Kanununda Değişiklik Yapılmasına Dair Kanun,https://www.resmigazete.gov.tr/eskiler/2001/10/20011024.htm#1
2001-10-24,4713 Türkiye Cumhuriyeti ile Danimarka Krallığı Arasında Sosyal Güvenlik Sözleşmesinin ve Eki Protok olün Onaylanmasının Uygun Bulunduğuna Dair Kanun,https://www.resmigazete.gov.tr/eskiler/2001/10/20011024.htm#2
2001-10-24,"4714 14 Aralık 1972 Tarihli Avrupa Sosyal Güvenlik Sözleşmesinin 7 ve 26 ncı Maddelerine Uygun Olarak, Hollanda Krallığı ile Türkiye Cumhuriyeti Arasında 5 Nisan 1966 Tarihinde Düzenlenen Hollanda-Türkiye Sos yal Güvenlik Sözleşmesinin Revizyonunu Amaçlayan ve Hakların Meşruluğunu İlgilendiren Ek Anlaşmanın Onaylanmasının Uygun Bulunduğuna Dair Kanun",https://www.resmigazete.gov.tr/eskiler/2001/10/20011024.htm#3
2001-10-24,"4715 14 Aralık 1972 Tarihli Avrupa Sosyal Güvenlik Sözleşmesinin 7 nci ve 26 ncı Maddeleri Uyarınca, 5 Nisan 1966 Tarihli Hollanda Krallığı ile Türkiye Cumhuriyeti Arasındaki Sosyal Güvenlik Sözleşmesinin Re vizyonunu Amaçlayan Hollanda Krallığı ile Türkiye Cumhuriyeti Arasında Anlaşmanın Onaylanmasının Uygun Bulunduğuna Dair Kanun",https://www.resmigazete.gov.tr/eskiler/2001/10/20011024.htm#4
2001-10-24,4717 Türkiye Cumhuriyeti Hükümeti ile Özbekistan Cumhuriyeti Hükümeti Arasında Karşılıklı Büyükelçilikler Faaliyetlerinin Gayrimenkul ve Malî Veçhelerine İlişkin Anlaşmanın Onaylanmasının Uygun Bulunduğu Hakkında Kanun,https://www.resmigazete.gov.tr/eskiler/2001/10/20011024.htm#5
2001-10-24,4718 Türkiye Cumhuriyeti ile Tacikistan Cumhuriyeti Arasında Gelir Üzerinden Alınan Vergilerde Çifte Vergilendirmeyi Önleme Anlaşmasının Onaylanmasının Uygun Bulunduğuna Dair Kanun,https://www.resmigazete.gov.tr/eskiler/2001/10/20011024.htm#6
2001-10-24,"Devlet Bakanı ve Başbakan Yardımcısı Mesut YILMAZ’a, Devlet Bakanı Mehmet KEÇECİLER’in Vekâlet Etmesine Dair Tezkere",https://www.resmigazete.gov.tr/eskiler/2001/10/20011024.htm#7
2001-10-24,"— Dışişleri Bakanlığına, Devlet Bakanı ve Başbakan Yardımcısı H. Hüsamettin ÖZKAN’ın Vekâlet Etmesine Dair Tezkere",https://www.resmigazete.gov.tr/eskiler/2001/10/20011024.htm#8
2001-10-24,2001/3166 İçişleri Bakanlığına Ait Bazı Görevlere Yapılan Atamalar Hakkında Karar,https://www.resmigazete.gov.tr/eskiler/2001/10/20011024.htm#9
2001-10-24,"— Başbakanlık, Devlet, Sağlık, Tarım ve Köyişleri ile Turizm Bakanlığına Ait Atama Kararları",https://www.resmigazete.gov.tr/eskiler/2001/10/20011024.htm#10
2001-10-24,— Türk Parası Kıymetini Koruma Hakkında 32 Sayılı Karar ile Başbakanlık Hazine Müsteşarlığı’nın 91-32/5 Sayılı Tebliğine İlişkin Türkiye Cumhuriyet Merkez Bankası Genelgesi (Sayı : 2001/3),https://www.resmigazete.gov.tr/eskiler/2001/10/20011024.htm#11
2001-10-24,— Standard Yapı Ruhsatı Kullanılmasına İlişkin Tebliğ (No : 81164),https://www.resmigazete.gov.tr/eskiler/2001/10/20011024.htm#12
2001-10-25,4716 Karadeniz Ekonomik İşbirliği Örgütü Ayrıcalıklar ve Bağışıklıklar Ek Protokolünün Onaylanmasının Uygun Bulunduğuna Dair Kanun,https://www.resmigazete.gov.tr/eskiler/2001/10/20011025.htm#1
2001-10-25,2001/3023 Marmara Depremi Sonrasında Meydana Gelen Hasarın Giderilmesi Çerçevesinde Toplu Konut İnşasında Kullanılmak Amacıyla Türkiye Cumhuriyeti ile Avrupa Konseyi Kalkınma Bankasından Sağlanan Krediye İlişkin Anlaşmanın Onaylanması Hakkında Karar,https://www.resmigazete.gov.tr/eskiler/2001/10/20011025.htm#2
2001-10-25,"— Cumhurbaşkanlığına, Türkiye Büyük Millet Meclisi Başkanı Ömer İZGİ’nin Vekâlet Etmesine Dair Tezkere",https://www.resmigazete.gov.tr/eskiler/2001/10/20011025.htm#3
2001-10-25,"— Devlet Bakanı Dr. Kemal DERVİŞ’e, Orman Bakanı Prof. Dr. Nami ÇAĞAN’ın Vekâlet Etmesine Dair Tezkere",https://www.resmigazete.gov.tr/eskiler/2001/10/20011025.htm#4
2001-10-25,"— Devlet Bakanı Nejat ARSEVEN’e, Devlet Bakanı EdipSafder GAYDALI’nın Vekâlet Etmesine Dair Tezkere",https://www.resmigazete.gov.tr/eskiler/2001/10/20011025.htm#5
2001-10-25,"— Devlet Bakanı Prof. Dr. Şükrü S.GÜREL’e, Devlet Bakanı Fikret ÜNLÜ’nün Vekâlet Etmesine Dair Tezkere",https://www.resmigazete.gov.tr/eskiler/2001/10/20011025.htm#6
2001-10-25,"— Sağlık Bakanlığına, Tarım ve Köyişleri Bakanı Prof. Dr. Hüsnü Yusuf GÖKALP’in Vekâlet Etmesine Dair Tezkere",https://www.resmigazete.gov.tr/eskiler/2001/10/20011025.htm#7
2001-10-25,2001/3122 6245 Sayılı Harcırah Kanunu’nun Değişik 46 ncı Maddesinin Birinci Fıkrasının (c) Bendi Uyarınca Yurtdışı Yer Değiştirme Giderinin Mesafeye Göre Değişen Kısmının Hesaplanmasında Esas Alınan Cetvellere Tallin Büyükelçiliği (Estonya) ile Odesa Başkonsolosluğu (Ukrayna)’na Ait Cetvellerin İlave Edilmesi Hakkında Karar,https://www.resmigazete.gov.tr/eskiler/2001/10/20011025.htm#8
2001-10-26,2001/3036 Birleşmiş Milletler Sınai Kalkınma Teşkilatı ile Türkiye Cumhuriyeti Hükümeti Arasında Vakıf Fonu Anlaşması’nın Onaylanması Hakkında Karar,https://www.resmigazete.gov.tr/eskiler/2001/10/20011026M1-1.pdf
2001-10-26,2001/3100 Türkiye Cumhuriyeti Hükümeti ve Birleşmiş Milletler Çocuklara Yardım Fonu (UNICEF) İşbirliği Programı Ana Uygulama Planı 2001-2005’in Onaylanması Hakkında Karar,https://www.resmigazete.gov.tr/eskiler/2001/10/20011026M1-2.pdf
2001-10-26,a - Yargı İlânları,https://www.resmigazete.gov.tr/eskiler/2001/10/20011026M1-3.pdf
2001-10-27,2001/3057 Türkiye Cumhuriyeti ile İspanya Krallığı Arasında Gümrük Konularında İşbirliği ve Karşılıklı Yardım Anlaşması’nın Onaylanması Hakkında Karar,https://www.resmigazete.gov.tr/eskiler/2001/10/20011027.htm#1
2001-10-27,2001/3113 Bazı Kararnameler ile Türk Vatandaşlığı Kaybettirilen 21 Kişi Hakkındaki Hükümlerin İptali ve 6 Kişiyle İlgili Bazı Maddi Hataların Düzeltilmesi Hakkında Karar,https://www.resmigazete.gov.tr/eskiler/2001/10/20011027.htm#2
2001-10-27,2001/3120 3562 Kişinin Türk Vatandaşlığından Çıkmasına İzin Verilmesi ve Çeşitli Kararnameler ile Türk Vatandaşlığından Çıkmalarına İzin Verilen 11 Kişiyle İlgili Bazı Maddi Hataların Düzeltilmesi Hakkında Karar,https://www.resmigazete.gov.tr/eskiler/2001/10/20011027.htm#3
2001-10-27,"2001/3136 Emniyet Genel Müdürlüğüne Ait Bazı Dolu Kadroların Derecelerinin, Bazı Boş Kadroların Sınıf, Unvan ve Derecelerinin Değiştirilmesi Hakkında Karar",https://www.resmigazete.gov.tr/eskiler/2001/10/20011027.htm#4
2001-10-27,— Hâkimler ve Savcılar Yüksek Kuruluna Ait Karar,https://www.resmigazete.gov.tr/eskiler/2001/10/20011027.htm#5
2001-10-27,— Çelik Çekme Boru Sanayi ve Ticaret Anonim Şirketi Genel Müdürlüğü Personelinin Üst Görevlere Atanma ve Yükselme Yönetmeliği,https://www.resmigazete.gov.tr/eskiler/2001/10/20011027.htm#6
2001-10-27,— Sakarya Üniversitesi Türk-Ermeni İlişkileri Araştırma Merkezi Yönetmeliği,https://www.resmigazete.gov.tr/eskiler/2001/10/20011027.htm#7
2001-10-27,— İşkolu Tespit Kararı (No : 2001/32),https://www.resmigazete.gov.tr/eskiler/2001/10/20011027.htm#8
2001-10-27,— 2002 Yılı Fuar Takvimi (No : İTG-2001/3),https://www.resmigazete.gov.tr/eskiler/2001/10/20011027.htm#9
2001-10-27,— Gümrük Genel Tebliği (Gümrük İşlemleri) (Seri No: 7),https://www.resmigazete.gov.tr/eskiler/2001/10/20011027.htm#10
2001-10-27,— Gümrük Genel Tebliği (Gümrük İşlemleri) (Seri No: 8),https://www.resmigazete.gov.tr/eskiler/2001/10/20011027.htm#11
2001-10-27,12/5/1988 Tarih ve 88/12944 Sayılı Kararnameye İlişkin Kaynak Kullanımını Destekleme Fonu Hakkında Tebliğde Değişiklik Yapılmasına İlişkin Tebliğ (Sıra No : 32),https://www.resmigazete.gov.tr/eskiler/2001/10/20011027.htm#12
2001-10-27,"— Anayasa Mahkemesinin E : 2001/389 (4694 Sayılı Kanunla İlgili), K : 2001/9 Sayılı Kararı",https://www.resmigazete.gov.tr/eskiler/2001/10/20011027.htm#13
2001-10-27,"— Anayasa Mahkemesinin E :2001/4 (4616 Sayılı Kanunla İlgili), K : 2001/332 Sayılı Kararı",https://www.resmigazete.gov.tr/eskiler/2001/10/20011027.htm#14
2001-10-28,2001/3127 Türkiye Cumhuriyeti Hükümeti ile Brezilya Federatif Cumhuriyeti Hükümeti Arasında Umuma Mahsu s Pasaport Hamillerinin Vize Yü kümlülüklerinin Kaldırılmasına İlişkin Anlaşma’nın Onaylanması H akkında Karar,https://www.resmigazete.gov.tr/eskiler/2001/10/20011028.htm#1
2001-10-28,"— Devlet Bakanı Hasan GEMİCİ’ye, Devlet Bakanı Fikret ÜNLÜ’nün Vekâlet Etmesine Dair Tezkere",https://www.resmigazete.gov.tr/eskiler/2001/10/20011028.htm#2
2001-10-28,"— Çevre Bakanlığına, Kültür Bakanı M. İstemihan TALAY’ın Vekâlet Etmesine Dair Tezkere",https://www.resmigazete.gov.tr/eskiler/2001/10/20011028.htm#3
2001-10-28,2001/30 50 902 Kişinin Türk Vatandaşlığının Kaybettirilmesi Hakkında Karar,https://www.resmigazete.gov.tr/eskiler/2001/10/20011028.htm#4
2001-10-28,— Ege Üniversitesi Sürekli Eğitim Merkezi (EGESEM) Yönetmeliği,https://www.resmigazete.gov.tr/eskiler/2001/10/20011028.htm#5
2001-10-30,"2001/3111 Türkiye Cumhuriyeti ile Alm anya Federal Cumhuriyeti Arasın daki Tek nik İşbirliği Anlaşması Çerçevesinde, İki Ülke Arasında Nota T eatisi Yoluyla Akdedilen “Diyar bakırAtıkSu ve Yağmur Suyu Kanalizasyon Toplama Sistemi” Konulu Projeye İlişkin Anlaşma’nın Onaylanması Hakkında Karar",https://www.resmigazete.gov.tr/eskiler/2001/10/20011030.htm#1
2001-10-30,"— Devlet Bakanı Dr. Yılmaz KARAKOYUNLU’ya, Devlet Bakanı Mehmet KEÇECİLER’in Vekâlet Etmesine Dair Tezkere",https://www.resmigazete.gov.tr/eskiler/2001/10/20011030.htm#2
2001-10-30,— Anadolu Üniversitesi Öğretim ve Sınav Yönetmeliğinin 18 inci Maddesine Bir Fıkra Eklenmesine Dair Yönetmelik,https://www.resmigazete.gov.tr/eskiler/2001/10/20011030.htm#3
2001-10-30,— Galatasaray Üniversitesi Öğretim ve Sınav Genel Yönetmeliğinin 19 uncu Maddesinin Değiştirilmesine Dair Yönetmelik,https://www.resmigazete.gov.tr/eskiler/2001/10/20011030.htm#4
2001-10-30,— Harran Üni versitesi Yurtlar Yönetmeliği,https://www.resmigazete.gov.tr/eskiler/2001/10/20011030.htm#5
2001-10-30,— Pamukkale Üniversitesi Fizik Tedavi ve Rehabilitasyon Araştırma ve Uygulama Merkezi Yönetmeliği,https://www.resmigazete.gov.tr/eskiler/2001/10/20011030.htm#6
2001-10-30,— Aksaray Valiliği Mahalli Çevre Kurulu Kararı (No: 9),https://www.resmigazete.gov.tr/eskiler/2001/10/20011030.htm#7
2001-10-30,— Elazığ Valiliği Mahalli Çevre Kurulu Kararı (No: 2001/7),https://www.resmigazete.gov.tr/eskiler/2001/10/20011030.htm#8
2001-10-30,— Tekirdağ Valiliği Mahalli Çevre Kurulu Kararı (No: 9),https://www.resmigazete.gov.tr/eskiler/2001/10/20011030.htm#9
2001-10-30,— Tekirdağ Valiliği Mahalli Çevre Kurulu Kararı (No: 10),https://www.resmigazete.gov.tr/eskiler/2001/10/20011030.htm#10
2001-10-30,— Yargıtay 2. Hukuk Dairesine 3 Adet Karar,https://www.resmigazete.gov.tr/eskiler/2001/10/20011030.htm#11
2001-10-31,2001/3052 Türkiye Cumhuriyeti ile Libya Arap Halk Sosyalist Cemahiriyesi Arasında Kurulacak Tarım ve Hayvancılık Şirketi’ne İlişkin Anlaşma ile Türkiye-Libya 10. Dönem Karma Ekonomik Komisyonu Protokol ü’nün Onaylanması Hakkında Karar,https://www.resmigazete.gov.tr/eskiler/2001/10/20011031.htm#1
2001-10-31,"Devlet Bakanı Nejat ARSEVEN’e, Devlet Bakanı Edip Safder GAYDALI’nın Vekâlet Etmesine Dair Tezkere",https://www.resmigazete.gov.tr/eskiler/2001/10/20011031.htm#2
2001-10-31,— Bireysel Emeklilik Danışma Kurulunun Çalışma Esas ve Usulleri Hakkında Yönetmelik,https://www.resmigazete.gov.tr/eskiler/2001/10/20011031.htm#3
2001-10-31,— Kültür ve Tabiat Varlıklarını Koruma Yüksek Kurulu ile Koruma Kurulları Yönetmeliğinin 10 uncu Maddesinde Değişiklik Yapılması Hakkında Yönetmelik,https://www.resmigazete.gov.tr/eskiler/2001/10/20011031.htm#4
2001-10-31,— Emlak Vergisi Kanunu Genel Tebliği (Seri No : 31),https://www.resmigazete.gov.tr/eskiler/2001/10/20011031.htm#5
2001-10-31,— Dahilde İşleme İzni Hakkında Tebliğ (İhracat 2001/7),https://www.resmigazete.gov.tr/eskiler/2001/10/20011031.htm#6
2001-10-31,— Rekabet Kurulunun 01-15/137-33 Sayılı Kararı,https://www.resmigazete.gov.tr/eskiler/2001/10/20011031.htm#7
2001-11-01,724 Radyo ve Televizyon Üst Kurulunda Boş Bulunan Bir Üyelik İçin Yapılan Seçime Dair Karar,https://www.resmigazete.gov.tr/eskiler/2001/11/20011101.htm#1
2001-11-01,2001/3046 Türkiye Cumhuriyeti Hükümeti ile Amerika Birleşik Devletleri (ABD) Hükümeti Arasında ABD Menşeli Savunma Malzemesi ve Teçhizatı ile Teknik Bilgilerin Üçüncü Ülkelere Devrinin Kolaylaştırılmasına İlişkin İki Ülke Arasında N ota Teatisi Yoluyla Akde dilen Anlaşma’nın Onaylanması Hakkında Karar,https://www.resmigazete.gov.tr/eskiler/2001/11/20011101.htm#2
2001-11-01,"— Tarım ve Köyişleri Bakanlığına, Sanayi ve Ticaret Bakanı Ahmet Kenan TANRIKULU’nun Vekâlet Etmesine Dair Tezkere",https://www.resmigazete.gov.tr/eskiler/2001/11/20011101.htm#3
2001-11-01,— 200/467 Sayılı Hayvancılığın Desteklenmesi Hakkında Bakanlar Kurulu Kararı Uygulama Esasları Tebliğinde Değişiklik Yapılması Hakkında Tebliğ (No: 2001/30),https://www.resmigazete.gov.tr/eskiler/2001/11/20011101.htm#4
2001-11-01,— Mülga Dış Krediler Kur Farkı Fonu’ndan Kullanılmış Kredilere Uygulanacak Değişken Faiz Oranı Hakkında Tebliğ,https://www.resmigazete.gov.tr/eskiler/2001/11/20011101.htm#5
2001-11-02,"2001/3168 Enerji Piyasası Düzenleme Kurulu Başkan, İkinci Başkan ve Üyeliklerine Yapılan Atamalar Hakkında Karar",https://www.resmigazete.gov.tr/eskiler/2001/11/20011102.htm#1
2001-11-02,"Sağlık, Ulaştırma, Kültür ve Orman Bakanlıklarına Ait 4 Adet Atama Kararı",https://www.resmigazete.gov.tr/eskiler/2001/11/20011102.htm#2
2001-11-02,— Gençlik ve Spor G enel Müdürlüğü Sözleşmeli Spor Uzmanı ve Antrenör Çalıştırılması Hakkında Yönetmeliğin Bazı Maddelerinin Değiştirilmesine Dair Yönetmelik,https://www.resmigazete.gov.tr/eskiler/2001/11/20011102.htm#3
2001-11-02,— İstanbul Üniversitesi Devlet Konservatuvarı Lisans Öğretim ve Sınav Yönetmeliğinin 27 nci Maddesinin Değiştiri lmesine Dair Yönetmelik,https://www.resmigazete.gov.tr/eskiler/2001/11/20011102.htm#4
2001-11-02,— Sakarya Üniversitesi Lisansüstü Eğitim ve Öğretim Yönetmeliğinin 4 üncü Maddesinin Değiştirilmesi Hakkında Yönetmelik,https://www.resmigazete.gov.tr/eskiler/2001/11/20011102.htm#5
2001-11-02,— Hampetrol ve Petrol Ürünleri İthalinde Uygulanacak Esaslar Hakkında Tebliğde Değişiklik Yapılmasına Dair Tebliğ (PİGM–2001/5),https://www.resmigazete.gov.tr/eskiler/2001/11/20011102.htm#6
2001-11-02,— Slovak Cumhuriyeti Menşeli Bazı Tarım ve İşlenmiş Tarım Ürünleri İthalatında Tarife Kontenjanı Uygulanmasına İlişkin Tebliğ,https://www.resmigazete.gov.tr/eskiler/2001/11/20011102.htm#7
2001-11-02,— İthalatta Haksız Rekabetin Önlenmesine İlişkin Tebliğ (2001/4),https://www.resmigazete.gov.tr/eskiler/2001/11/20011102.htm#8
2001-11-02,— Rekabet Kurulunun 99-24/214-127 Sayılı Kararı,https://www.resmigazete.gov.tr/eskiler/2001/11/20011102.htm#9
2001-11-02,— Rekabet Kurulunun 01-06/51-14 Sayılı Kararı,https://www.resmigazete.gov.tr/eskiler/2001/11/20011102.htm#10
2001-11-02,— Rekabet Kurulunun 01-08/73-21 Sayılı Kararı,https://www.resmigazete.gov.tr/eskiler/2001/11/20011102.htm#11
2001-11-03,— İzmir Ekonomi Üniversitesi Ana Yönetmeliği,https://www.resmigazete.gov.tr/eskiler/2001/11/20011103.htm#1
2001-11-03,— Kurumlar Vergisi Genel Tebliği (Seri No : 73),https://www.resmigazete.gov.tr/eskiler/2001/11/20011103.htm#2
2001-11-04,— Yeditepe Üniversitesi Eğitim Bilimleri Enstitüsü Lisansüstü Eğitim-Öğretim ve Sınav Yönetmeliği,https://www.resmigazete.gov.tr/eskiler/2001/11/20011104.htm#1
2001-11-04,— Çin Halk Cumhuriyeti Menşeli Belirli Ürünlere Ait 2002 Yılı Kotalarının Dağıtımına İlişkin Tebliğ (2001/7),https://www.resmigazete.gov.tr/eskiler/2001/11/20011104.htm#2
2001-11-04,— İthalatta Gözetim ve Korunma Önlemlerine İlişkin Tebliğ (2001/8),https://www.resmigazete.gov.tr/eskiler/2001/11/20011104.htm#3
2001-11-04,— Dış Ticarette Standardizasyon: 97/12 Sayılı Tebliğde Değişiklik Yapılması Hakkında Tebliğ (Dış Ticarette Standardizasyon : 2001/31),https://www.resmigazete.gov.tr/eskiler/2001/11/20011104.htm#4
2001-11-04,— Uşak Valiliği Mahalli Çevre Kurulu Kararı (No : 2001/6),https://www.resmigazete.gov.tr/eskiler/2001/11/20011104.htm#5
2001-11-05,2001/3116 Hükümetimiz ile Birleşmiş Milletler Kalkınma Programı Arasında İmzalanan “Kadının Kalkınmaya Katılımını Güçlendirme Ulusal Programı” Konulu Proje Revizyon Belgesinin Onaylanması Hakkında Karar,https://www.resmigazete.gov.tr/eskiler/2001/11/20011105.htm#1
2001-11-05,"— Adalet Bakanlığına, Milli Eğitim Bakanı Metin BOSTANCIOĞLU’nun Vekâlet Etmesine Dair Tezkere",https://www.resmigazete.gov.tr/eskiler/2001/11/20011105.htm#2
2001-11-05,"— Dışişleri Bakanlığına, Devlet Bakanı Prof. Dr. Şükrü S. GÜREL’in Vekâlet Etmesine Dair Tezkere",https://www.resmigazete.gov.tr/eskiler/2001/11/20011105.htm#3
2001-11-05,"— Çevre Bakanlığına, Kültür Bakanı M. İstemihan TALAY’ın V ekâlet Etmesine Dair Tezkere",https://www.resmigazete.gov.tr/eskiler/2001/11/20011105.htm#4
2001-11-06,— Yeraltı ve Yerüstü Su Kaynaklarımızın Daha Etkin Kullanımını Sağlamak ve Komşu Ülkelerle Olan Su Sorununa Çözüm Bulmak Amacıyla Kurulan (10/13) Esas Numaralı Meclis Araştırması Komisyonuna Üye Seçimine İlişkin,https://www.resmigazete.gov.tr/eskiler/2001/11/20011106.htm#1
2001-11-06,"Milli Savunma Bakanlığına, Devlet Bakanı Prof. Dr. Ramazan MİRZAOĞLU’nun Vekâlet Etmesine Dair Tezkere",https://www.resmigazete.gov.tr/eskiler/2001/11/20011106.htm#2
2001-11-06,"2001/ 3152 Adapazarı Büyükşehir Belediyesinde Kurulacak Su ve Kanalizasyon İdaresinin Adına, Kadrolarına, Mevcut Personelinin ve Mal Varlığının Devrine İlişkin Esasların Yürürlüğe Konulması Hakkında Karar",https://www.resmigazete.gov.tr/eskiler/2001/11/20011106.htm#3
2001-11-06,2001/3171 İthalat Rejimi Kararına Ek Karar,https://www.resmigazete.gov.tr/eskiler/2001/11/20011106.htm#13
2001-11-06,"2001/3172 Kütlü Pamuk, Yağlık Ayçiçeği, Soya Fasulyesi, Kanola ve Zeytinyağı Üreticilerine Destekleme Primi Ödenmesine Dair Karar",https://www.resmigazete.gov.tr/eskiler/2001/11/20011106.htm#14
2001-11-06,2001/3173 Mal ve Hizmetlere Uygulanacak Katma Değer Vergisi Oranlarının Tespitine İlişkin Kararda Değişiklik Yapılmasına Dair Karar,https://www.resmigazete.gov.tr/eskiler/2001/11/20011106.htm#15
2001-11-06,— Millî Savunma Bakanlığı Akaryakıt İkmal ve NATO Pol Tesisleri İşletme Başkanlığı Yönetim Kurulunun Çalışma Esas ve Usullerine Dair Yönetmelik,https://www.resmigazete.gov.tr/eskiler/2001/11/20011106.htm#4
2001-11-06,— Sosyal Sigortalar Kurumu Başkanlığı Teftiş Kurulu Yönetmeliği,https://www.resmigazete.gov.tr/eskiler/2001/11/20011106.htm#5
2001-11-06,— Sosyal Sigortalar Kurumu Başkanlığı Sigorta Teftiş Kurulu Yönetmeliği,https://www.resmigazete.gov.tr/eskiler/2001/11/20011106.htm#6
2001-11-06,"Sosyal Sigortalar Kurumu Başkanlığı Hukuk Müşavirliği Kuruluş, Teşkilat, Görev, Yet ki-Sorumluluk ve Çalışma Yönetmeliği",https://www.resmigazete.gov.tr/eskiler/2001/11/20011106.htm#7
2001-11-06,— Elektrik İşleri Etüd İdaresi Genel Müdürlüğü Personeli Atama ve Görevde Yükselme Yönetmeliğinde Değişiklik Yapılmasına Dair Yönetmelik,https://www.resmigazete.gov.tr/eskiler/2001/11/20011106.htm#8
2001-11-06,Tehlikeli Kimyasallar Yönetmeliğinde Değişiklik Yapılmasına Dair Yönetmelik,https://www.resmigazete.gov.tr/eskiler/2001/11/20011106.htm#9
2001-11-06,— Bazı Bitki Türlerine Ait Özellik Belgeleri Hakkında Tebliğ (No : 2001/33),https://www.resmigazete.gov.tr/eskiler/2001/11/20011106.htm#10
2001-11-06,— Tekstil Ürünlerinin İsimlendirilmesi ve Etiketlendirilmesine İlişkin Tebliğ TRKGM: (2001/03),https://www.resmigazete.gov.tr/eskiler/2001/11/20011106.htm#11
2001-11-06,— Gümrük Genel Tebliği (Gümrük İşlemleri)(Seri No: 9),https://www.resmigazete.gov.tr/eskiler/2001/11/20011106.htm#12
2001-11-07,2001/ 3153 Türkiye Cumhuriyeti Genelkurmay Başkanlığı ile Moldova Cumhuriyeti Savunma Bakanlığı Arasında İmzalanan Askeri Eğitim İşbirliğine Dair Tamamlayıcı Anlaşma’nın Onaylanması Hakkında Karar,https://www.resmigazete.gov.tr/eskiler/2001/11/20011107.htm#1
2001-11-07,"— Cumhurbaşkanlığına, Türkiye Büyük Millet Meclisi Başkanı Ömer İZGİ’nin Vekâlet Etmesine Dair Tezkere",https://www.resmigazete.gov.tr/eskiler/2001/11/20011107.htm#2
2001-11-07,"— Devlet Bakanı Prof. Dr. Tunca TOSKAY’a, Tarım ve Köyişleri Bakanı Prof. Dr. Hüsnü Yusuf GÖKALP’in Vekâlet Etmes ine Dair Tezkere",https://www.resmigazete.gov.tr/eskiler/2001/11/20011107.htm#3
2001-11-07,"Devlet Bakanı Prof. Dr. Abdulhaluk Mehmet ÇAY’a, Devlet Bakanı Prof. Dr. Şuayip ÜŞENMEZ’in Vekâlet Etmesine Dair Tezkere",https://www.resmigazete.gov.tr/eskiler/2001/11/20011107.htm#4
2001-11-07,"Dışişleri Bakanlığına, Devlet Bakanı Prof. Dr. Şükrü S. GÜREL’in Vekâlet Etmesine Dair Tezkere",https://www.resmigazete.gov.tr/eskiler/2001/11/20011107.htm#5
2001-11-07,"— Devlet, Millî Savunma, Dışişleri, Maliye, Bayındırlık ve İskan, Sağlık, Tarım ve Köyişleri, Sanayi ve Ticaret, Enerji ve Tabii Kaynaklar, Kültür ve Çevre Bakanlıklarına Ait Atama Kararları",https://www.resmigazete.gov.tr/eskiler/2001/11/20011107.htm#6
2001-11-07,— Bir Adet Sınır Tespit Kararı,https://www.resmigazete.gov.tr/eskiler/2001/11/20011107.htm#7
2001-11-07,— İthalatta Haksız Rekabetin Önlenmesine İlişkin Tebliğ (2001/5,https://www.resmigazete.gov.tr/eskiler/2001/11/20011107.htm#8
2001-11-07,"— Anayasa Mahkemesinin E:1999/50 (4460 Sayılı Kanun ile İlgili), K: 2001/67 Sayılı Kararı",https://www.resmigazete.gov.tr/eskiler/2001/11/20011107.htm#9
2001-11-08,— Hazine Müsteşarlığı Hazine Uzman Yardımcılığı Giriş Sınavı ile Hazine Uzmanlığı Yeterlik Sınavına İlişkin Yönetmelik,https://www.resmigazete.gov.tr/eskiler/2001/11/20011108.htm#1
2001-11-08,— Bandrol Uygulamasına İlişkin Usul ve Esaslar Hakkında Yönetmelik,https://www.resmigazete.gov.tr/eskiler/2001/11/20011108.htm#2
2001-11-08,— İstanbul Üniversitesi Spor Birliği Kulübü Yönetmeliğinin Bazı Maddelerinin Değiştirilmesine Dair Y önetmelik,https://www.resmigazete.gov.tr/eskiler/2001/11/20011108.htm#3
2001-11-08,— İzmir Yüksek Teknoloji Enstitüsü Sürekli Eğitim Merkezi Yönetmeliği,https://www.resmigazete.gov.tr/eskiler/2001/11/20011108.htm#4
2001-11-08,— Özürlülere Verilecek Sağlık Kurulu Raporları Hakkında Yönetmelik Ekinde Yer Alan Özürlü Sağlık Kurulu Raporu Vermeye Yetkili Sağlık Kuruluşlarına Yeni Sağlık Kuruluşlarının İlave Edilmesine İlişkin Tebliğ,https://www.resmigazete.gov.tr/eskiler/2001/11/20011108.htm#5
2001-11-08,"DÜZELTME (2001/29 Nolu “Türk Gıda Kodeksi Bitki Adı ile Anılan Yemeklik Yağlar Tebliği"" ile İlgili)",https://www.resmigazete.gov.tr/eskiler/2001/11/20011108.htm#6
2001-11-09,"Devlet Bakanı Prof. Dr. Ramazan MİRZAOĞLU’na, Devlet Bakanı Faruk BAL’ın Vekâlet Etmesine Dair Tezkere",https://www.resmigazete.gov.tr/eskiler/2001/11/20011109.htm#1
2001-11-09,"Dışişleri Bakanlığına, Devlet Bakanı ve Başbakan Yardımcısı H. Hüsamettin ÖZKAN’ın Vekâlet Etmesine Dair Tezkere",https://www.resmigazete.gov.tr/eskiler/2001/11/20011109.htm#2
2001-11-09,— İkrazatçılık Faaliyetleri Hakkında Yönetmelikte Değişiklik Yapılmasına Dair Yönetmelik,https://www.resmigazete.gov.tr/eskiler/2001/11/20011109.htm#3
2001-11-09,— Finansman Şirketlerinin Kuruluş ve Çalışma Esasları Hakkında Yönetmelikte Değişiklik Yapılmasına Dair Yönetmelik,https://www.resmigazete.gov.tr/eskiler/2001/11/20011109.htm#4
2001-11-09,— Sendika Üye Sa yıları ve Her Hizmet Kolunda Yetkili Kamu Görevlileri Sendikaları ve Bunların Bağlı Bulundukları Konfederasyonların Belirlenmesine İlişkin Usul ve Esaslar Hakkında Yönetmelik,https://www.resmigazete.gov.tr/eskiler/2001/11/20011109.htm#5
2001-11-09,"— Kurum İdari Kurulları, Yüksek İdari Kurul, Kamu İşveren Kurulu ve Uzlaştırma Kurulunun Teşkili ile Çalışma Usul ve Esaslarına İlişkin Yönetmelik",https://www.resmigazete.gov.tr/eskiler/2001/11/20011109.htm#6
2001-11-09,— Sosyal Sigortalar Kurulu Başkanlığı Taşınmaz Mallar Yönetmeliğinde Değişiklik Yapılmasına Dair Yönetmelik,https://www.resmigazete.gov.tr/eskiler/2001/11/20011109.htm#7
2001-11-09,— Sosyal Sigorta İşlemleri Yönetmeliğinin 49 uncu Maddesinin (a) Bendinin Değiştirilmesine İlişkin Yönetmelik,https://www.resmigazete.gov.tr/eskiler/2001/11/20011109.htm#8
2001-11-09,Sosyal Sigortalar Kurumu Başkanlığı İlaç Listesi ve Uygulama Talimatının Düzenlenmesindeki Esaslar Hakkındaki Yönetmelik,https://www.resmigazete.gov.tr/eskiler/2001/11/20011109.htm#9
2001-11-09,— Sosyal Sigortalar Kurumu Başkanlığı Sağlık İşleri Genel Müdürlüğü Sağlık İşletmeleri Yönetmeliği,https://www.resmigazete.gov.tr/eskiler/2001/11/20011109.htm#10
2001-11-09,"— Atat ürk Kültür, Dil ve Tarih Yüksek Kurumu ile Bağlı Kuruluşlarında Sözleşmeli Uzman Çalıştırılması Hakkında Yönetmeliğin 6 ncı Maddesinde Değişiklik Yapılmasına Dair Yönetmelik",https://www.resmigazete.gov.tr/eskiler/2001/11/20011109.htm#11
2001-11-10,"— Devlet Bakanı Fikret ÜNLÜ’ye, Devlet Bakanı Mustafa YILMAZ’ın Vekâlet Etmesine Dair Tezkere",https://www.resmigazete.gov.tr/eskiler/2001/11/20011110.htm#1
2001-11-10,— Sosyal Sigortalar Kurumu Personel Yönetmeliğinde Değişiklik Yapılması Hakkında Yönetmelik,https://www.resmigazete.gov.tr/eskiler/2001/11/20011110.htm#2
2001-11-10,— Sosyal Sigortalar Kurumu Başkanlığı Personelinin Görevde Yükselmesinde Uygulanacak Usul ve Esaslara İlişkin Yönetmelik,https://www.resmigazete.gov.tr/eskiler/2001/11/20011110.htm#3
2001-11-10,— Sosyal Sigortalar Kurumu Başkanlığı Hizmetiçi Eğitim Yönetmeliği,https://www.resmigazete.gov.tr/eskiler/2001/11/20011110.htm#4
2001-11-10,— Petrol Ürünlerine Uygulanacak Akaryakıt Fiyat İstikrar Fonu Payları Hakkında Tebliğ (PİGM/AFİF 2001-34),https://www.resmigazete.gov.tr/eskiler/2001/11/20011110.htm#5
2001-11-11,"— Turizm Bakanlığına, Devlet Bakanı Mehmet KEÇECİLER’in Vekâlet Etmesine Dair Tezkere",https://www.resmigazete.gov.tr/eskiler/2001/11/20011111.htm#1
2001-11-11,— Motorlu Araçların Karbondioksit Emisyonları ve Yakıt Tüketimi ile İlgili Tip Onayı Yönetmeliği (80/1268/AT),https://www.resmigazete.gov.tr/eskiler/2001/11/20011111.htm#2
2001-11-11,— Çankaya Üniversitesi Lisans Eğitim-Öğretim Süreleriyle Sınav ve Değerlendirme Esaslarına İlişkin Yönetmeliğin 19 uncu Maddesinin Değiştirilmesine Dair Yönetmelik,https://www.resmigazete.gov.tr/eskiler/2001/11/20011111.htm#3
2001-11-11,— Serbest Veteriner Hekimlerin Yetkilendirilmesi Hakkında Tebliğ (No: 2001/32),https://www.resmigazete.gov.tr/eskiler/2001/11/20011111.htm#4
2001-11-11,— İşkolu Tespit Kararı (No: 2001/33),https://www.resmigazete.gov.tr/eskiler/2001/11/20011111.htm#5
2001-11-11,— İthalatta Haksız Rekabetin Önlenmesine İlişkin Tebliğ (2001/6),https://www.resmigazete.gov.tr/eskiler/2001/11/20011111.htm#6
2001-11-11,— Niğde Valiliği Mahalli Çevre Kurulu Kararı (No: 2/2001/08),https://www.resmigazete.gov.tr/eskiler/2001/11/20011111.htm#7
2001-11-12,— Motorlu Araçların Yolcu Bölümünün Isıtma Sistemleri ile İlgili Tip Onayı Yönetmeliği (78/548/AT),https://www.resmigazete.gov.tr/eskiler/2001/11/20011112.htm#1
2001-11-12,— Motorlu Araçların Motor Gücü ile İlgili Tip Onayı Yönetmeliği (80/1269/AT),https://www.resmigazete.gov.tr/eskiler/2001/11/20011112.htm#2
2001-11-12,— Muhasebat Genel Müdürlüğü Genel Tebliği (Sıra No: 587),https://www.resmigazete.gov.tr/eskiler/2001/11/20011112.htm#3
2001-11-12,— Proje ve Kontrolluk İşlerinde Uygulanacak Fiyat Artış Oranları Hakkında Tebliğ,https://www.resmigazete.gov.tr/eskiler/2001/11/20011112.htm#4
2001-11-12,— Şanlıurfa Valiliği Mahalli Çevre Kurulu Kararı (No: 2001/9),https://www.resmigazete.gov.tr/eskiler/2001/11/20011112.htm#5
2001-11-13,2001/3157 Türkiye Cumhuriyeti Hükümeti ile Almanya Federal Cumhuriyeti Hükümeti Arasındaki Teknik İşbirliği Anlaşması Çerçevesinde İki Ülke Arasında Nota Teatisi Yoluyla İmzalanan “Erzurum’da Çevreye Zarar Vermeyen Belediye Hizmetlerinin Geliştirilmesi” Konulu Projeye İlişkin Anlaşmanın Onaylanması Hakkında Karar,https://www.resmigazete.gov.tr/eskiler/2001/11/20011113.htm#1
2001-11-13,"— Motorlu Araçların ve Römorklarının Uç Hat İşaret Lambaları, Ön Konum (Yan) Lambaları, Arka Konum (Yan) Lambaları, Fren Lambaları, Gündüz Yakılan Lambaları ve İşaret Lambaları ile İlgili Tip Onayı Yönetmeliği (76/758/AT)",https://www.resmigazete.gov.tr/eskiler/2001/11/20011113.htm#2
2001-11-13,— Yüzüncü Yıl Üniversitesi Kütüphane ve Dokümantasyon Daire Başkanlığı Yönetmeliğinin Bazı Maddelerinin Değiştirilmesine Dair Yönetmelik,https://www.resmigazete.gov.tr/eskiler/2001/11/20011113.htm#3
2001-11-13,— Mecburi Standard: ÖSG-2001/94-95 Sayılı Tebliğ,https://www.resmigazete.gov.tr/eskiler/2001/11/20011113.htm#4
2001-11-13,— Mecburi Standard: ÖSG-2001/95-96 Sayılı Tebliğ,https://www.resmigazete.gov.tr/eskiler/2001/11/20011113.htm#5
2001-11-13,— Mecburi Standard: ÖSG-2001/96-97 Sayılı Tebliğ,https://www.resmigazete.gov.tr/eskiler/2001/11/20011113.htm#6
2001-11-13,— Mecburi Standard: ÖSG-2001/97-98 Sayılı Tebliğ,https://www.resmigazete.gov.tr/eskiler/2001/11/20011113.htm#7
2001-11-13,— İthalatta Gözetim ve Korunma Önlemlerine İlişkin Tebliğ (2001/9),https://www.resmigazete.gov.tr/eskiler/2001/11/20011113.htm#8
2001-11-13,— İthalatta Gözetim ve Korunma Önlemlerine İlişkin Tebliğ (2001/10),https://www.resmigazete.gov.tr/eskiler/2001/11/20011113.htm#9
2001-11-13,"— İthalinde Bakım, Onarım ve Servis Garantisi Yeterlilik Belgesi Aranacak Maddelere İlişkin Tebliğde Değişiklik Yapılması Hakkında Tebliğ (İthalat: 2001/22)",https://www.resmigazete.gov.tr/eskiler/2001/11/20011113.htm#10
2001-11-13,"— Sermaye Piyasası Kanununa Tabi olan Halka Açık Anonim Ortaklıkların Temettü ve Temettü Avansı Dağıtımında Uyacakları Esaslar Hakkında Tebliğ (Seri: IV, No: 27)",https://www.resmigazete.gov.tr/eskiler/2001/11/20011113.htm#11
2001-11-13,"— Hisse Senetlerinin Şekil Şartlarına İlişkin Tebliğde Değişiklik Yapılmasına Dair Tebliğ (Seri: I, No: 28)",https://www.resmigazete.gov.tr/eskiler/2001/11/20011113.htm#12
2001-11-13,"— Sermaye Piyasasında Konsolide Mali Tablolara ve İştiraklerin Muhasebeleştirilmesine İlişkin Usul ve Esaslar Hakkında Tebliğ (Seri: XI, No: 21)",https://www.resmigazete.gov.tr/eskiler/2001/11/20011113.htm#13
2001-11-13,— Rekabet Kurulunun 99-33/312-192 Sayılı Kararı,https://www.resmigazete.gov.tr/eskiler/2001/11/20011113.htm#14
2001-11-13,— Rekabet Kurulunun 99-44/468-297 Sayılı Kararı,https://www.resmigazete.gov.tr/eskiler/2001/11/20011113.htm#15
2001-11-13,— Rekabet Kurulunun 00-4/41-19 Sayılı Kararı,https://www.resmigazete.gov.tr/eskiler/2001/11/20011113.htm#16
2001-11-13,— Rekabet Kurulunun 00-29/322-182 Sayılı Kararı,https://www.resmigazete.gov.tr/eskiler/2001/11/20011113.htm#17
2001-11-13,— Rekabet Kurulunun 00-32/334-188 Sayılı Kararı,https://www.resmigazete.gov.tr/eskiler/2001/11/20011113.htm#18
2001-11-13,— Rekabet Kurulunun 01-27/260-74 Sayılı Kararı,https://www.resmigazete.gov.tr/eskiler/2001/11/20011113.htm#19
2001-11-13,— Rekabet Kurulunun 01-36/349-96 Sayılı Kararı,https://www.resmigazete.gov.tr/eskiler/2001/11/20011113.htm#20
2001-11-13,"— Yargıtay 2, 14 ve 18. Hukuk Dairelerine Ait 10 Adet Karar",https://www.resmigazete.gov.tr/eskiler/2001/11/20011113.htm#21
2001-11-14,"— Devlet Bakanı Prof. Dr. Şükrü S.GÜREL’e, Devlet Bakanı Fikret ÜNLÜ’nün Vekâlet Etmesine Dair Tezkere",https://www.resmigazete.gov.tr/eskiler/2001/11/20011114.htm#1
2001-11-14,2001/3170 Hayvancılığın Desteklenmesi Hakkında Kararda Değişiklik Yapılmasına İlişkin Karar,https://www.resmigazete.gov.tr/eskiler/2001/11/20011114.htm#2
2001-11-14,— Hazine Müsteşarlığı Hazine Kontrolörleri Kurulu Yönetmeliğinin Değiştirilmesine İlişkin Yönetmelik,https://www.resmigazete.gov.tr/eskiler/2001/11/20011114.htm#3
2001-11-14,— Masa Tenisi Hakem Yönetmeliğinin 40 ıncı Maddesinin Değiştirilmesine Dair Yönetmelik,https://www.resmigazete.gov.tr/eskiler/2001/11/20011114.htm#4
2001-11-14,— Masa Tenisi Yarışma Yönetmeliğinde Değişiklik Yapılmasına Dair Yönetmelik,https://www.resmigazete.gov.tr/eskiler/2001/11/20011114.htm#5
2001-11-14,— Adalet Bakanlığı Memur Sınav-Atama ve Nakil Yönetmeliğinde Değişiklik Yapılmasına Dair Yönetmelik,https://www.resmigazete.gov.tr/eskiler/2001/11/20011114.htm#6
2001-11-14,— Güzellik ve Estetik Amaçlı Sağlık Kuruluşları Hakkında Yönetmelik,https://www.resmigazete.gov.tr/eskiler/2001/11/20011114.htm#7
2001-11-14,— Türkiye Barolar Birliği Baro Hakem Kurulu Yönetmeliği,https://www.resmigazete.gov.tr/eskiler/2001/11/20011114.htm#8
2001-11-14,— Türkiye Barolar Birliği Adli Yardım Yönetmeliği,https://www.resmigazete.gov.tr/eskiler/2001/11/20011114.htm#9
2001-11-14,— Türkiye Barolar Birliği Reklam Yasağı Yönetmeliği,https://www.resmigazete.gov.tr/eskiler/2001/11/20011114.htm#10
2001-11-14,"— Osmangazi Üniversitesi Lisansüstü Eğitim, Öğretim ve Sınav Yönetmeliğinin 16 ve 19 uncu Maddelerinde Değişiklik Yapılmasına Dair Yönetmelik",https://www.resmigazete.gov.tr/eskiler/2001/11/20011114.htm#11
2001-11-14,— 2000/467 Sayılı Hayvancılığın Desteklenmesi Hakkında Bakanlar Kurulu Kararı Uygulama Esasları Tebliğinde Değişiklik Yapılmasına Dair Tebliğ (No: 2001/28),https://www.resmigazete.gov.tr/eskiler/2001/11/20011114.htm#12
2001-11-14,— Bursa Valiliği Mahalli Çevre Kurulu Kararı (No: 10),https://www.resmigazete.gov.tr/eskiler/2001/11/20011114.htm#13
2001-11-14,— Zonguldak Valiliği Mahalli Çevre Kurulu Kararı (No: 10),https://www.resmigazete.gov.tr/eskiler/2001/11/20011114.htm#14
2001-11-14,— Yargıtay 18. ve 20. Hukuk Dairelerine Ait 4 Adet Karar,https://www.resmigazete.gov.tr/eskiler/2001/11/20011114.htm#15
2001-11-15,"— Devlet Bakanı Faruk BAL’a, Sanayi ve Ticaret Bakanı Ahmet Kenan TANRIKULU’nun Vekâlet Etmesine Dair Tezkere",https://www.resmigazete.gov.tr/eskiler/2001/11/20011115.htm#1
2001-11-15,"— Kültür Bakanlığına, Devlet Bakanı Hasan GEMİCİ’nin Vekâlet Etmesine Dair Tezkere",https://www.resmigazete.gov.tr/eskiler/2001/11/20011115.htm#2
2001-11-15,"— Çevre Bakanlığına, Devlet Bakanı Mustafa YILMAZ’ın Vekâlet Etmesine Dair Tezkere",https://www.resmigazete.gov.tr/eskiler/2001/11/20011115.htm#3
2001-11-15,"— Devlet, Milli, Savunma, Maliye, Milli Eğitim, Ulaştırma, Tarım ve Köyişleri, Sanayi ve Ticaret, Enerji ve Tabii Kaynaklar ile Çevre Bakanlıklarına Ait 20 Adet Atama Kararı",https://www.resmigazete.gov.tr/eskiler/2001/11/20011115.htm#4
2001-11-15,— Gazi Üniversitesi Eğitim-Öğretim ve Sınav Yönetmeliği,https://www.resmigazete.gov.tr/eskiler/2001/11/20011115.htm#5
2001-11-15,— Orta Doğu Teknik Üniversitesi İleri Teknolojilerde Test ve Ölçüm Merkezi (MERKEZLAB) Yönetmeliği,https://www.resmigazete.gov.tr/eskiler/2001/11/20011115.htm#6
2001-11-16,"Devlet Bakanı Dr. Kemal DERVİŞ’e, Orman Bakanı Prof. Dr. Nami ÇAĞAN’ın Vekâlet Etmesine Dair Tezkere",https://www.resmigazete.gov.tr/eskiler/2001/11/20011116.htm#1
2001-11-16,"— Maliye Bakanlığına, Devlet Bakanı Edip Safder GAYDALI’nın Vekâlet Etmesine Dair Tezkere",https://www.resmigazete.gov.tr/eskiler/2001/11/20011116.htm#2
2001-11-16,— Et ve Balık Ürünleri A.Ş. Genel Müdürlüğü Personel Yönetmeliği,https://www.resmigazete.gov.tr/eskiler/2001/11/20011116.htm#3
2001-11-16,— Yurt Dışı Tebligat ve İstinabe Taleplerinde Uyulması Gereken Usul ve Esaslara Dair Tebliğ,https://www.resmigazete.gov.tr/eskiler/2001/11/20011116.htm#4
2001-11-16,— 2001 Yılı Ekim Ayına Ait Yurt İçi Satış Teslimler ile İlgili Belgelerin Sektörel Dağılımı Hakkında Tebliğ,https://www.resmigazete.gov.tr/eskiler/2001/11/20011116.htm#5
2001-11-17,"Danıştay Üyeliğine, Adalet Bakanlığı Müsteşar Yardımcısı Bahadır DOĞUSOY’un Seçilmesi Hakkında Karar",https://www.resmigazete.gov.tr/eskiler/2001/11/20011117.htm#1
2001-11-17,"— Devlet,Adalet, Milli Savunma,Dışişleri, Sanayi ve Ticaret, Enerji ve Tabii Kaynaklar ile Çevre Bakanlıklarına Ait Atama Kararları",https://www.resmigazete.gov.tr/eskiler/2001/11/20011117.htm#2
2001-11-17,"— Dikişsiz,Çelikten Mamul Basınçlı Gaz Tüplerine Dair Yönetmeliğin 11 inci Maddesinin Değiştirilmesine Dair Yönetmelik",https://www.resmigazete.gov.tr/eskiler/2001/11/20011117.htm#3
2001-11-17,— 2001 Yılı Ekim Ayına Ait Hariçte İşleme İzin Belgelerinin Sektörel Dağılımı Hakkında Tebliğ,https://www.resmigazete.gov.tr/eskiler/2001/11/20011117.htm#4
2001-11-18,"— Devlet Bakanı Prof. Dr. Ramazan MİRZAOĞLU’na, Bayındırlık ve İskan Bakanı Prof. Dr. Abdulkadir AKCAN’ın Vekâlet Etmesine Dair Tezkere",https://www.resmigazete.gov.tr/eskiler/2001/11/20011118.htm#1
2001-11-18,"— Milli Eğitim Bakanlığına, Adalet Bakanı Prof. Dr. Hikmet Sami TÜRK’ün Vekâlet Etmesine Dair Tezkere",https://www.resmigazete.gov.tr/eskiler/2001/11/20011118.htm#2
2001-11-18,"— Tapu ve Kadastro Genel Müdürlüğü Denetmenlerinin Mesleğe Giriş ve Yeterlik Sınavları ile Çalışma, Görev, Yetki ve Sorumluluklarına İlişkin Usul ve Esasları Hakkında Yönetmeliğin Değiştirilmesine Dair Yönetmelik",https://www.resmigazete.gov.tr/eskiler/2001/11/20011118.htm#3
2001-11-18,— 2001 Yılı Ekim Ayına Ait Vergi Resim ve Harç İstisnası Belgelerinin Sektörel Dağılımı Hakkında Tebliğ,https://www.resmigazete.gov.tr/eskiler/2001/11/20011118.htm#4
2001-11-18,— Yargıtay 2. Hukuk Dairesine Ait Bir Adet Karar,https://www.resmigazete.gov.tr/eskiler/2001/11/20011118.htm#5
2001-11-18,"— Danıştay İçtihatları Birleştirme Kurulunun E: 2001/1, K: 2001/4 Sayılı Kararı",https://www.resmigazete.gov.tr/eskiler/2001/11/20011118.htm#6
2001-11-19,"— Devler Bakanı Prof. Dr. Abdulhaluk Mehmet ÇAY’a, Devlet Bakanı Prof. Dr. Şuayip ÜŞENMEZ’in Vekâlet Etmesine Dair Tezkere",https://www.resmigazete.gov.tr/eskiler/2001/11/20011119.htm#1
2001-11-19,"— Milli Savunma Bakanlığına, Devlet Bakanı Prof. Dr. Tunca TOSKAY’ın Vekâlet Etmesine Dair Tezkere",https://www.resmigazete.gov.tr/eskiler/2001/11/20011119.htm#2
2001-11-19,"— Tarım ve Köyişleri Bakanlığına, Sağlık Bakanı Doç. Dr. Osman DURMUŞ’un Vekâlet Etmesine Dair Tezkere",https://www.resmigazete.gov.tr/eskiler/2001/11/20011119.htm#3
2001-11-19,— 2001 Yılı Ekim Ayına Ait Dahilde İşleme İzin Belgelerinin Sektörel Dağılımı Hakkında Tebliğ,https://www.resmigazete.gov.tr/eskiler/2001/11/20011119.htm#4
2001-11-20,Uluslararası Spor Yarışmalarında Türkiyeyi Temsil Eden Sporculara Milli Sporcu Belgesi Verilmesi Hakkında Yönetmeliğin 7 nci Maddesinde Değişiklik Yapılmasına Dair Yönetmelik,https://www.resmigazete.gov.tr/eskiler/2001/11/20011120.htm#1
2001-11-20,— Ankara Valiliği Mahalli Çevre Kurulu Kararı (No : 2001/7),https://www.resmigazete.gov.tr/eskiler/2001/11/20011120.htm#2
2001-11-21,2001/3214 Kurban Hizmetlerinin Diyanet İşleri Başkanlığınca Yürütülmesine Dair Karar,https://www.resmigazete.gov.tr/eskiler/2001/11/20011121.htm#1
2001-11-21,— Hakimler ve Savcılar Yüksek Kuruluna Ait Atama Kararları,https://www.resmigazete.gov.tr/eskiler/2001/11/20011121.htm#2
2001-11-21,"Millî Savunma Bakanlığı ile Kar a, Deni z ve Hava Kuvvetleri Komutanlıklarına Bağlı Kurumlardaki Döner Sermayenin İşletilmesine İlişkin Yönetmeliğin 32 nci Maddesinde Değişiklik Yapılmasına Dair Yönetmelik",https://www.resmigazete.gov.tr/eskiler/2001/11/20011121.htm#3
2001-11-21,— Türk Telekomünikasyon Anonim Şirketi Asli ve Sürekli Görevli Personel Sici l Amirleri Yönetmeliği,https://www.resmigazete.gov.tr/eskiler/2001/11/20011121.htm#4
2001-11-21,— Fatih Üniversitesi Lisansüstü Eğitim Öğretim ve Sınav Yönetmeliği,https://www.resmigazete.gov.tr/eskiler/2001/11/20011121.htm#5
2001-11-21,Basın İlân Kurumu Teşkiline Dair 195 Sayılı Kanun Uyarınca Yayınlanacak İlân ve Reklâmlar ile Bunları Yayınlayacak Mevkuteler Hakkında 15/2/1977 Tar ihli ve 67 Sayılı Genel Kurul Kararı’na Bir Geçici Madde Eklenmesine Dair Genel Kurul Kararı (No: 158),https://www.resmigazete.gov.tr/eskiler/2001/11/20011121.htm#6
2001-11-21,— Denizli Valiliği Mahalli Çevre Kurulu Kararı (No : 8),https://www.resmigazete.gov.tr/eskiler/2001/11/20011121.htm#7
2001-11-22,2001/3175 Tarım ve Köyişleri Bakanlığı’nın Taşra Teşkilatı Olarak Kocaeli İli Derince İlçesi ve Düzce İli Kaynaşlı İlçesi’nde “Tarım İlçe Müdürlüğü” Kurulması Hakkında Karar,https://www.resmigazete.gov.tr/eskiler/2001/11/20011122.htm#1
2001-11-22,2001/3216 Selçuk Üniversitesi R ektörlüğü Bünyesinde Mevcut Olan Tıp Fakültesi’nin Adının Meram Tıp Fakültesi Olarak Değiştirilmesi ve Adı Geçen Üniversite Rektörlüğü’ne Bağlı Olarak Selçuklu Tıp Fakültesi Adıyla İkinci Bir Tıp Fakültesi Kurulması Hakkında Karar,https://www.resmigazete.gov.tr/eskiler/2001/11/20011122.htm#2
2001-11-22,— Tapu ve Kadastro Genel Müdürlüğü Merkez ve Taşra Teşkilatı Sicil Amirleri Yönetmeliğinin Eki Cetvellerde Değişiklik Yapılması Hakkında Yönetmelik,https://www.resmigazete.gov.tr/eskiler/2001/11/20011122.htm#3
2001-11-22,— Tapu ve Kadastro Genel Müdürlüğü Merkez ve Taşra Teşkilatı Disiplin Amirleri Yönetmeliğinin Eki Cetvelde Değişiklik Yapılmasına Dair Yönetmelik,https://www.resmigazete.gov.tr/eskiler/2001/11/20011122.htm#4
2001-11-22,— Türk Mühendis ve Mimar Odaları Birliği Makina Mühendisleri Odası Serbest Müşavirlik ve Mühendislik Hizmetleri ve Asgari Ücretleri Yönetmeliği,https://www.resmigazete.gov.tr/eskiler/2001/11/20011122.htm#5
2001-11-22,— Türk Mühendis ve Mimar Odaları Birliği Makina Mühendisleri Odası Serbest Müşavirlik Mühendislik Büroları Tescil ve Mesleki Denetim Yönetmeliği,https://www.resmigazete.gov.tr/eskiler/2001/11/20011122.htm#6
2001-11-22,— Türk Mühendis ve Mimar Odaları Birliği Makina Mühendisleri Odası Uzmanlık ve Belgelendirme Yönetmeliği,https://www.resmigazete.gov.tr/eskiler/2001/11/20011122.htm#7
2001-11-22,— Türk Mühendis ve Mimar Odaları Birliği Makina Mühendisleri Odası Mekanik Tesisat Hizmetleri Uzmanlık ve Belgelendirme Yönetmeliği,https://www.resmigazete.gov.tr/eskiler/2001/11/20011122.htm#8
2001-11-22,— Basında Fikren veya Bedenen Çalışanlara Verilecek Borç Para ve Yapılacak Yardımlar Hakkındaki 18 Kasım 1977 Tarihli ve 68 Sayılı Genel Kurul Kararı’nın Bazı Maddelerinin Değiştirilmesine Dair Genel Kurul Kararı (No : 159),https://www.resmigazete.gov.tr/eskiler/2001/11/20011122.htm#9
2001-11-22,— Anayasa Mahkemesinin E : 1997/2 (Siyasî Parti Kapatma) K : 1999/1 Sayılı Kararı,https://www.resmigazete.gov.tr/eskiler/2001/11/20011122.htm#10
2001-11-23,2001/3201 Tarım Reformu Uygulama Alanı Toprak Normu Esasları’nın Yürürlüğe Konulması Hakkında Karar,https://www.resmigazete.gov.tr/eskiler/2001/11/20011123.htm#1
2001-11-23,— İstanbul Ticaret Üniversitesi Kuruluş ve Ana Teşkilat Yönetmeliği,https://www.resmigazete.gov.tr/eskiler/2001/11/20011123.htm#2
2001-11-23,— Anadolu Üniversitesi Yandal Programı Yönetmeliği,https://www.resmigazete.gov.tr/eskiler/2001/11/20011123.htm#3
2001-11-23,— Anadolu Üniversitesi İkinci Anadal Programı Yönetmeliği,https://www.resmigazete.gov.tr/eskiler/2001/11/20011123.htm#4
2001-11-23,— Katma Değer Vergisi Genel Tebliği (Seri No : 84),https://www.resmigazete.gov.tr/eskiler/2001/11/20011123.htm#5
2001-11-23,— Petrol Ürünlerine Uygulanacak Akaryakıt Fiyat İstikrar Fonu Payları Hakkında Tebliğ (PİGM/AFİF 2001-35),https://www.resmigazete.gov.tr/eskiler/2001/11/20011123.htm#6
2001-11-23,— Gaziantep Valiliği Mahalli Çevre Kurulu Kararı (No : 2001/6),https://www.resmigazete.gov.tr/eskiler/2001/11/20011123.htm#7
2001-11-23,"— Anayasa Mahkemesinin E : 1999/42 (4447 Sayılı Kanun ile İlgili), K : 2001/41 Sayılı Kararı",https://www.resmigazete.gov.tr/eskiler/2001/11/20011123.htm#8
2001-11-24,2001/3196 Türkiye Cumhuriyeti ile Kuzey Kıbrıs Türk Cumhuriyeti Arasında Ekonomik ve Mali İşbirliği Pro tokolüne Ek Protokol’ün Onaylan ması Hakkında Karar,https://www.resmigazete.gov.tr/eskiler/2001/11/20011124.htm#1
2001-11-24,2001/3197 Türkiye Cumhuriyeti ile Suriye Ara p Cumhuriyeti İçişleri Bakanlıkları Arasında İşbirliği Anlaşması’nın Onaylanması Hakkında Karar,https://www.resmigazete.gov.tr/eskiler/2001/11/20011124.htm#2
2001-11-24,2001/3198 Türkiye-Rusya I. Dönem Turizm Karma Komisyonu Proto kolü’nün Onaylanması Hakkında Karar,https://www.resmigazete.gov.tr/eskiler/2001/11/20011124.htm#3
2001-11-24,"— Devlet Bakanı ve Başbakan Yardımcılığı, Devlet, Adalet, Milli Savunma, İçişleri, Ulaştırma, Çalışma ve Sosyal Güvenlik, Enerji ve Tabii Kaynaklar ile Çevre Bakanlıklarına Ait Atama Kararları",https://www.resmigazete.gov.tr/eskiler/2001/11/20011124.htm#4
2001-11-24,— Sınır Tespitine Dair 4 Adet Karar,https://www.resmigazete.gov.tr/eskiler/2001/11/20011124.htm#5
2001-11-24,"— Embriyo ve Sperma Üretim Merkezlerinin Kuruluş, Çalışma Esas ve Usulleri Hakkında Yönetmelik",https://www.resmigazete.gov.tr/eskiler/2001/11/20011124.htm#6
2001-11-24,— Türkiye Lokomotif ve Motor Sanayii A.Ş. (TÜLOMSAŞ) Genel Müdürlüğü Teftiş Kurulu Yönetmeliğinde Değişiklik Yapılmasına Dair Yönetmelik,https://www.resmigazete.gov.tr/eskiler/2001/11/20011124.htm#7
2001-11-24,Petrol Ürünlerine Uygulanacak Akaryakıt Fiyat İstikrar Fonu Payları Hakkında Tebliğ (PİGM/AFİF 2001-36),https://www.resmigazete.gov.tr/eskiler/2001/11/20011124.htm#8
2001-11-24,— Sektörel Dış Ticaret Şirketi Statüsü Verilmesine İlişkin Karar,https://www.resmigazete.gov.tr/eskiler/2001/11/20011124.htm#9
2001-11-24,— İçel Valiliği Mahalli Çevre Kurulu Kararı (No : 2001/6),https://www.resmigazete.gov.tr/eskiler/2001/11/20011124.htm#10
2001-11-24,— Yargıtay 18. Hukuk Dairesine Ait 3 Adet Karar,https://www.resmigazete.gov.tr/eskiler/2001/11/20011124.htm#11
2001-11-25,"— Çevre Bakanlığına, Milli Eğitim Bakanı Metin BOSTANCIOĞLU’nun Vekâlet Etmesine Dair Tezkere",https://www.resmigazete.gov.tr/eskiler/2001/11/20011125.htm#1
2001-11-25,— Türkiye Gübre Sanayii A.Ş. Genel Müdürlüğü Memur Personeli Sicil Amirleri Yönetmeliği,https://www.resmigazete.gov.tr/eskiler/2001/11/20011125.htm#2
2001-11-25,— Türk iye Gübre Sanayii A.Ş. Genel Müdürlüğü Sözleşmeli Personeli Sicil Amirleri Yönetmeliği,https://www.resmigazete.gov.tr/eskiler/2001/11/20011125.htm#3
2001-11-25,— Basın İlân Kurumu Yönetmeliğinin 103 üncü Maddesinin Değiştirilmesine Dair Yönetmelik,https://www.resmigazete.gov.tr/eskiler/2001/11/20011125.htm#4
2001-11-25,— Türkiye Barolar Birliği Avukatlık Ortaklığı Yönetmeliği,https://www.resmigazete.gov.tr/eskiler/2001/11/20011125.htm#5
2001-11-25,"— Yükseköğretim Kurumları Yönetici, Öğretim Elemanı ve Memurları Disiplin Yönetmeliğinin 11 inci Maddesinde Değişiklik Yapılmasına Dair Yönetmelik",https://www.resmigazete.gov.tr/eskiler/2001/11/20011125.htm#6
2001-11-25,— Rekabet Kurulunun 99-21/188-104 Sayılı Kararı,https://www.resmigazete.gov.tr/eskiler/2001/11/20011125.htm#7
2001-11-25,— Rekabet Kurulunun 00-33/357-201 Sayılı Kararı,https://www.resmigazete.gov.tr/eskiler/2001/11/20011125.htm#8
2001-11-25,— Rekabet Kurulunun 00-35/3 85-215 Sayılı Kararı,https://www.resmigazete.gov.tr/eskiler/2001/11/20011125.htm#9
2001-11-25,— Deney ve Kalibrasyon Laboratuvarlarının Akreditasyonu Hakkında Tebliğ (Akreditasyon : 2001/1),https://www.resmigazete.gov.tr/eskiler/2001/11/20011125.htm#10
2001-11-25,— Seyyar Kalibrasyon Hizmeti Veren Laboratuvarlarının/Birimlerin ve Geçici Kalibrasyon Laboratvurlarına Akreditasyon Hakkında Tebliğ (Akre ditasyon : 2001/2),https://www.resmigazete.gov.tr/eskiler/2001/11/20011125.htm#11
2001-11-25,— Belgelendirme Kuruluşlarının Akreditasyon Hakkında Tebliğ (Akreditasyon: 2001/3),https://www.resmigazete.gov.tr/eskiler/2001/11/20011125.htm#12
2001-11-25,— Muayene Kuruluşlarının Akreditasyon Hakkında Tebliğ (Akreditasyon: 2001/4),https://www.resmigazete.gov.tr/eskiler/2001/11/20011125.htm#13
2001-11-25,"— Akreditasyon Hizmetlerine Dair Şikayet, Anlaşmazlık ve İtirazlar Hakkında Tebliğ (Akreditasyon : 2001/5)",https://www.resmigazete.gov.tr/eskiler/2001/11/20011125.htm#14
2001-11-25,— Ölçümlerin İzlenebilirliği Hakkında Tebliğ (Akreditasyon : 2001/7),https://www.resmigazete.gov.tr/eskiler/2001/11/20011125.htm#15
2001-11-25,— TÜRKAK Markalı Deney Raporları ve Kalibrasyon Sertifikalarına İlişkin Şartlar Hakkında Tebliğ (Akreditasyon : 2001/7),https://www.resmigazete.gov.tr/eskiler/2001/11/20011125.htm#16
2001-11-26,"— Devlet Bakanı Prof. Dr. Şükrü S. GÜREL’e, Devlet Bakanı Fikret ÜNLÜ’nün Vekâlet Etmesine Dair Tezkere",https://www.resmigazete.gov.tr/eskiler/2001/11/20011126.htm#1
2001-11-26,"— Devlet Bakanı Recep ÖNAL’a, Devlet Bakanı Mustafa YILMAZ’ın Vekâlet Etmesine Dair Tezkere",https://www.resmigazete.gov.tr/eskiler/2001/11/20011126.htm#2
2001-11-26,Gaziantep Üniversitesi Atatürk İlkeleri ve İnkılap Tarihi Araştırma ve Uygulama Merkezi Yönetmeliği,https://www.resmigazete.gov.tr/eskiler/2001/11/20011126.htm#3
2001-11-26,"— Maltepe Üniversitesi Hukuk Fakültesi Lisans, Öğretim ve Sınav Yönetmeliğinin 6 ve 9 uncu Maddelerinde Değişiklik Yapılmasına Dair Yönetmelik",https://www.resmigazete.gov.tr/eskiler/2001/11/20011126.htm#4
2001-11-26,Bilecik Valiliği İl Hıfzıssıhha Meclisi Kararı,https://www.resmigazete.gov.tr/eskiler/2001/11/20011126.htm#5
2001-11-27,2001/3267 Fındık Alanlarının Tespitine Dair Kararın Yürürlüğe Konulması Hakkında Karar,https://www.resmigazete.gov.tr/eskiler/2001/11/20011127.htm#13
2001-11-27,Fahri Trafik Müfettişliği Görev ve Çalışma Yönetmeliğinde Değişiklik Yapılması Hakkında Yönetmelik,https://www.resmigazete.gov.tr/eskiler/2001/11/20011127.htm#1
2001-11-27,"— Ev ve Süs Hayvanları Satış, Barınma ve Eğitim Yerlerinin Kuruluş, Açılış, Ruhsat, Çalışma ve Denetlenme Usul ve Esaslarına Dair Yönetmelikte Değişiklik Yapılmasına Dair Yönetmelik",https://www.resmigazete.gov.tr/eskiler/2001/11/20011127.htm#2
2001-11-27,— Değerli Kağıtlar Kanunu Genel Tebliği (Seri No: 19),https://www.resmigazete.gov.tr/eskiler/2001/11/20011127.htm#3
2001-11-27,— Motorlu Kara Taşıtlarının Egzoz Emisyonlarının Ölçüm ve Denetlenmesine İlişkin Tebliğ,https://www.resmigazete.gov.tr/eskiler/2001/11/20011127.htm#4
2001-11-27,— Doğal Çiçek Soğanlarının 2002 Yılı İhracat Listesi Hakkında Tebliğ (No : 2001/36),https://www.resmigazete.gov.tr/eskiler/2001/11/20011127.htm#5
2001-11-27,— Uluslararası Gözetim Şirketleri Statüsüne İlişkin Karar (Dış Ticarette Standardizasyon : 2001/14),https://www.resmigazete.gov.tr/eskiler/2001/11/20011127.htm#6
2001-11-27,— Rekabet Kurulunun 00-26/275-153 Sayılı Kararı,https://www.resmigazete.gov.tr/eskiler/2001/11/20011127.htm#7
2001-11-27,— Rekabet Kurulunun 01 -27/263-77 Sayılı Kararı,https://www.resmigazete.gov.tr/eskiler/2001/11/20011127.htm#8
2001-11-27,Rekabet Kurulunun 00-49/519-284 Sayılı Kararı,https://www.resmigazete.gov.tr/eskiler/2001/11/20011127.htm#9
2001-11-27,— Rekabet Kurulunun 01-22/198-54 Sayılı Kararı,https://www.resmigazete.gov.tr/eskiler/2001/11/20011127.htm#10
2001-11-27,— Rekabet Kurulunun 01-25/246-66 Sayılı Kararı,https://www.resmigazete.gov.tr/eskiler/2001/11/20011127.htm#11
2001-11-27,— Rekabet Kurulunun 01-27/261-75 Sayılı Kararı,https://www.resmigazete.gov.tr/eskiler/2001/11/20011127.htm#12
2001-11-28,2001/3248 Süleyman Demirel Üniversitesi Rektörlüğü’ne Bağlı Olarak Yabancı Diller Yüksekokulu Kurulması Hakkında Karar,https://www.resmigazete.gov.tr/eskiler/2001/11/20011128.htm#1
2001-11-28,"2001/3249 İnönü Üniversitesi Rektörlüğü’ne Bağlı olarak Diş Hekimliği, Güzel San atlar ve Eczacılık Fakültelerinin Kurulması Hakkında Karar",https://www.resmigazete.gov.tr/eskiler/2001/11/20011128.htm#2
2001-11-28,Gemi Acenteleri Hakkında Yönetmelikte Değişiklik Yapılmasına İlişkin Yönetmelik,https://www.resmigazete.gov.tr/eskiler/2001/11/20011128.htm#3
2001-11-28,— Geri Kalmış Yörelerde Yapılacak Halk Konutu Yapımı Uygulamaları ve Bu Uygulamaların Gerektirdiği Alt Yapı ve Kamulaştırmalarına Ait Sarf ve Tahsis Yönetmeliğinin Bir Maddesinde Değişiklik Yapılmasına Dair Yö netmelik,https://www.resmigazete.gov.tr/eskiler/2001/11/20011128.htm#4
2001-11-28,— Sağlık Bakanlığı Teftiş Kurulu Yönetmeliğinde Değişiklik Yapılmasına Dair Yönetmelik,https://www.resmigazete.gov.tr/eskiler/2001/11/20011128.htm#5
2001-11-28,— Emeklilik Belgesi ile İlgili Emekli Sandığı Genel Müdürlüğünün 146 Sayılı Dış Genelgesi,https://www.resmigazete.gov.tr/eskiler/2001/11/20011128.htm#6
2001-11-28,— Tütün Üretiminden Vazgeçip Alternatif Ürün Ye tiştiren Üreticilerin Desteklenmesine Dair Kararın Uygulanmasına İlişkin Tebliğ (No : 2001/35),https://www.resmigazete.gov.tr/eskiler/2001/11/20011128.htm#7
2001-11-28,"— Yüksek Enflasyon Dönemlerinde Mali Tabloların Düzeltilmesine İlişkin Usul ve Esaslar Hakkında Tebliğ (Seri: XI, No: 20)",https://www.resmigazete.gov.tr/eskiler/2001/11/20011128.htm#8
2001-11-29,726 Olağanüstü Halin 4 İlde Uzatılmasına Dair Karar,https://www.resmigazete.gov.tr/eskiler/2001/11/20011129.htm#1
2001-11-29,2001/3241 İstanbul Liman Tüzüğünde Değişiklik Yapılmasına İlişkin Tüzük,https://www.resmigazete.gov.tr/eskiler/2001/11/20011129.htm#2
2001-11-29,— Enerji ve Tabii Kaynaklar Bakanlığı Teftiş Kurulu Yönetmeliğinin 14 üncü Maddesinde Değişiklik Yapılması Hakkında Yönetmelik,https://www.resmigazete.gov.tr/eskiler/2001/11/20011129.htm#3
2001-11-29,— Bartın İlinde Motorlu Araçların Egzoz Gazı Emisyon Ölçümü Konusunda Uygulanacak Esaslara İlişkin Tebliğ,https://www.resmigazete.gov.tr/eskiler/2001/11/20011129.htm#4
2001-11-29,DÜZELTME (Anadolu Üniversitesi Yandal Programı Yönetmeliği ile İlgili),https://www.resmigazete.gov.tr/eskiler/2001/11/20011129.htm#5
2001-11-30,— Türkiye Barolar Birliği Avukatlık Sınav Yönetmeliği,https://www.resmigazete.gov.tr/eskiler/2001/11/20011130.htm#1
2001-11-30,— Bankacılık Düzenleme ve Denetleme Kurulu Kararı (No : 527),https://www.resmigazete.gov.tr/eskiler/2001/11/20011130.htm#2
2001-11-30,— Petrol Ürünlerine Uygulanacak Akaryakıt Fiyat İstikrar Fonu Payları Hakkında Tebliğ (PİGM/AFİF 2001-37),https://www.resmigazete.gov.tr/eskiler/2001/11/20011130.htm#6
2001-11-30,— 2001 Yılı Eylül Ayına Ait Yatırım Teşvik Be l gelerinin Sektörel Dağılımı Hakkında Tebliğ,https://www.resmigazete.gov.tr/eskiler/2001/11/20011130.htm#3
2001-11-30,— 2001 Yılı Eylül Ayına Ait Yabancı Sermayeli Yatırım Teşvik Belgelerinin Sektörel Dağılımı Hakkında Tebliğ,https://www.resmigazete.gov.tr/eskiler/2001/11/20011130.htm#4
2001-11-30,— Zorunlu Karşılıklar Hakkında Tebliğ (Sayı: 2001/3),https://www.resmigazete.gov.tr/eskiler/2001/11/20011130.htm#7
2001-11-30,— Iğdır Valiliği Mahalli Çevre Kurulu Kararı (No : 1),https://www.resmigazete.gov.tr/eskiler/2001/11/20011130.htm#5
2001-12-01,4720 T ürkiye Cumhuriyeti Anayasasının Bir Maddesinin Değiştirilmesi Hakkında Kanun,https://www.resmigazete.gov.tr/eskiler/2001/12/20011201.htm#1
2001-12-01,"727 Bakanlığı Döneminde Usulsüzlük ve Suiistimallere Yol Açtığı ve Göz Yumduğu, Gerekli Tedbirleri Almayarak Görevini Kötüye Kullandığı ve Bu Eylemlerinin Türk Ceza Kanununun 228, 230, 240 ve 346 ncı Maddelerine Uyduğu İddiasıyla Bayındırlık ve İskan Eski Bakanı Koray Aydın Hakkında Meclis Soruşturması Komisyonu Kurulmasına İlişkin Karar",https://www.resmigazete.gov.tr/eskiler/2001/12/20011201.htm#2
2001-12-01,"Hükümlü Cevdet CENGİZ’in, Cezasının Kaldırılması Hakkında Karar (No: 2001/34)",https://www.resmigazete.gov.tr/eskiler/2001/12/20011201.htm#3
2001-12-01,— Doğal Afet Sigortaları Kurumu Yönetim Kurulu Çalışma Usul ve Esasları Hakkında Yönetmelik,https://www.resmigazete.gov.tr/eskiler/2001/12/20011201.htm#4
2001-12-01,— Gençlik ve Spor Genel Müdürlüğü Amatör Spor Dalları Ceza Yönetmeliğinin 70 inci Maddesinde Değişiklik Yapılmasına Dair Yönetmelik,https://www.resmigazete.gov.tr/eskiler/2001/12/20011201.htm#5
2001-12-01,— Antrenör Eğitim Yönetmeliğinin 17 nci Maddesinde Değişiklik Yapılmasına Dair Yönetmelik,https://www.resmigazete.gov.tr/eskiler/2001/12/20011201.htm#6
2001-12-01,— Spor Kulüpleri Tescil Yönetmeliğinin 15 inci Maddesinin Değiştirilmesine Dair Yönetmelik,https://www.resmigazete.gov.tr/eskiler/2001/12/20011201.htm#7
2001-12-01,— Gençlik ve Spor Genel Müdürlüğü Sporcu Eğitim Merkezleri Yönetmeliğinin 24 üncü Maddesinde Değişiklik Yapılmasına Dair Yönet melik,https://www.resmigazete.gov.tr/eskiler/2001/12/20011201.htm#8
2001-12-01,"— Gençlik ve Spor Genel Müdürlüğü Spor Federasyonlarının Teşkilatı Çalışma,Görev, Yetki ve Sorumluluk Yönetmeliğinin 16 ncı Maddesinde Değişiklik Yapılmasına Dair Yönetmelik",https://www.resmigazete.gov.tr/eskiler/2001/12/20011201.htm#9
2001-12-01,— İnönü Üniversitesi Lisansüstü Eğitim-Öğretim Yönetmeliğinin 34 üncü Maddesinde Değişiklik Yapılmasına Dair Yönetmelik,https://www.resmigazete.gov.tr/eskiler/2001/12/20011201.htm#10
2001-12-01,— Bankacılık Düzenleme ve Denetleme Kurulu Kararı (No : 538),https://www.resmigazete.gov.tr/eskiler/2001/12/20011201.htm#11
2001-12-01,Vergi Usul Kanunu Genel Tebliği (Sıra No: 301),https://www.resmigazete.gov.tr/eskiler/2001/12/20011201.htm#12
2001-12-01,Devlet Memurları Kanunu Genel Tebliği (Seri No: 152),https://www.resmigazete.gov.tr/eskiler/2001/12/20011201.htm#13
2001-12-01,Radyo ve Televizyon Yayın Kuruluşları Reklam Gelirleri Üst Kurul Paylarının Yeminli Mali Müşavirler Tarafından Tasdik Edilmesi Hakkında Genel Tebliğ (Sıra No : 5),https://www.resmigazete.gov.tr/eskiler/2001/12/20011201.htm#14
2001-12-01,— Mülga Dış Krediler Kur Farkı Fonu’ndan Kullanılmış Kredilere Uygulanacak Değişken Faiz Oranı Hakkında Tebliğ,https://www.resmigazete.gov.tr/eskiler/2001/12/20011201.htm#15
2001-12-02,"2001/3266 B asın-İlan Kurumu Genel Kurulu’nda Boşalan Başbakanlık Temsilciliğinde, Kalan Süreyi Tamamlamak Üzere, Başbakanlık Müsteşarı Ahmet ŞAĞAR’ın Görevlendirilmesi Hakkında Karar",https://www.resmigazete.gov.tr/eskiler/2001/12/20011202.htm#1
2001-12-02,"— Başbakanlık ile Devlet, Bayındırlık ve İskan, Ulaştırma, Tarım ve Köyişleri, Enerji ve Tabii Kaynaklar, Turizm, Orman ve Çevre Bakanlıklarına Ait 17 Adet Atama Kararı",https://www.resmigazete.gov.tr/eskiler/2001/12/20011202.htm#2
2001-12-02,— Motorlu Araçlar ve Römorklarının Emniyet Camları ve Cam Malzemeleri ile İlgili Tip Onayı Yönetmeliği (92/22/AT),https://www.resmigazete.gov.tr/eskiler/2001/12/20011202.htm#3
2001-12-03,"Devlet Bakanı Dr. Kemal DERVİŞ’e, Orman Bakanı Prof. Dr. Nami ÇAĞAN’ın Vekâlet Etmesine Dair Tezkere",https://www.resmigazete.gov.tr/eskiler/2001/12/20011203.htm#1
2001-12-03,"— Dışişleri Bakanlığına, Devlet Bakanı Prof. Dr. Şükrü S. GÜREL’in Vekâlet Etmesine Dair Tezkere",https://www.resmigazete.gov.tr/eskiler/2001/12/20011203.htm#2
2001-12-03,— Türkiye Cumhuriyeti Devlet Demiryolları İşletmesi Genel Müdürlüğü Teftiş Kurulu Yönetmeliğinde Değişiklik Yapılmasına Dair Yönetmelik,https://www.resmigazete.gov.tr/eskiler/2001/12/20011203.htm#3
2001-12-03,Tarım İşletmeleri Genel Müdürlüğü Personelinin Görevde Yükselme ve Atama Esaslarına Dair Yönetmelik,https://www.resmigazete.gov.tr/eskiler/2001/12/20011203.htm#4
2001-12-03,— Adn an Menderes Üniversitesi Ön Lisans ve Lisans Eğitim-Öğretim ve Sınav Yönetmeliğinde Değişiklik Yapılması Hakkında Yönetmelik,https://www.resmigazete.gov.tr/eskiler/2001/12/20011203.htm#5
2001-12-03,Motorlu Araçlar ve Römorkları Tip Onayı Yönetmeliğinin Uygulama Usul ve Esasları Hakkında Tebliğ (No : SGM-2001/10),https://www.resmigazete.gov.tr/eskiler/2001/12/20011203.htm#6
2001-12-03,— İthalat : 2001/6 Sayılı Tebliğ’de Yer Alan Sanayi Ürünlerinin Satış Sonrası Hizmetlerine Dair Tebliğ’de Değişiklik Yapılmasına Dair Tebliğ (No : SGM-2001/13),https://www.resmigazete.gov.tr/eskiler/2001/12/20011203.htm#7
2001-12-03,— İthalinde Tek Taraflı Kontrol Sistemi Kapsamında Kota Uygulanan Tekstil Ürünlerine Ait Kotaların İlk Bölümünün Dağıtımı ve Yönetimine İlişkin Tebliğ (2001/11),https://www.resmigazete.gov.tr/eskiler/2001/12/20011203.htm#8
2001-12-04,2001/3246 Türk-Tacik Karma Ekonomik Komisyonu I. Dönem Protokolu’nun Onaylanması Hakkında Karar,https://www.resmigazete.gov.tr/eskiler/2001/12/20011204.htm#1
2001-12-04,2001/3247 Türkiye Cumhuriyeti Hükümeti ile Tacikistan Cumhuriyeti Hükümeti Arasında İmzalanan Teknik İşbirliği Protokolu’nun Onaylanması Hakkında Karar,https://www.resmigazete.gov.tr/eskiler/2001/12/20011204.htm#2
2001-12-04,"2001/3261 “Türkiye Cumhuriyeti Hükümeti ile Burkina Faso Hükümeti Arasında Askeri Alanda Eğitim, Teknik ve Bilimsel İşbirliği Anlaşması”, “Türkiye Cumhuriyeti Genelkurmay Başkanlığı ile Burkina Faso Genelkurmay Başkanlığı Arasında Askeri Eğitim İşbirliği Anlaşması” ve “Türkiye Cumhuriyeti Jandarma Genel Komutanlığı ile Burkina Faso Milli Jandarma Komutanlığı Arasında Jandarma Personelinin Eğitilmesine İlişkin Protokol""un Onaylanması Hakkında Karar",https://www.resmigazete.gov.tr/eskiler/2001/12/20011204.htm#3
2001-12-04,2001/3262 Hükümetimiz ile Bir leşmiş Milletler Kalkınma Programı Arasında İmzalanan “Türkiye’de Yerel Gündem 21’lerin Uygulanması” Konulu Proje Revizyon Belgesinin Onaylanması Hakkında Karar,https://www.resmigazete.gov.tr/eskiler/2001/12/20011204.htm#4
2001-12-04,"Devlet Bakanı ve Başbakan Yardımcısı Mesut YILMAZ’a, İçişleri Bakanı Rüştü Kazım YÜCELEN’in Vekâlet Etmesine Dair Tezkere",https://www.resmigazete.gov.tr/eskiler/2001/12/20011204.htm#5
2001-12-04,Hükümlü Ekrem ÖZDEMİR’in Cezasının Kaldırılması Hakkında Karar (No: 2001/35),https://www.resmigazete.gov.tr/eskiler/2001/12/20011204.htm#6
2001-12-04,— Safkan Arap ve İngiliz Atlarının Soy Kütüğüne Kayıtlarına Dair Yönetmelik,https://www.resmigazete.gov.tr/eskiler/2001/12/20011204.htm#7
2001-12-04,— Mersi n Üniversitesi Lisansüstü Eğitim ve Öğretim Yönetmeliği,https://www.resmigazete.gov.tr/eskiler/2001/12/20011204.htm#8
2001-12-04,— Türk Gıda Kodeksi Gıda Maddeleri İle Temasta Bulunan Seramik Malzemeler Tebliği (No: 2001/38),https://www.resmigazete.gov.tr/eskiler/2001/12/20011204.htm#9
2001-12-04,— Türk Gıda Kodeksi Gıda Maddeleri İle Temasta Bulunan Rejenere Selüloz Filmlerden Yapılmış Madde ve Malzemeler Tebliği (No: 2001/39),https://www.resmigazete.gov.tr/eskiler/2001/12/20011204.htm#10
2001-12-04,— Türk Gıda Kodeksi Gıda Maddelerinde Kullanılan Tatlandırıcıların Saflık Kriterleri Tebliği (No: 2001/40),https://www.resmigazete.gov.tr/eskiler/2001/12/20011204.htm#11
2001-12-04,— Petrol Ürünlerine Uygulanacak Akaryakıt Fiyat İstikrar Fonu Payları Hakkında Tebliğ (PİGM/AFİF 2001-38),https://www.resmigazete.gov.tr/eskiler/2001/12/20011204.htm#14
2001-12-04,— Avukatlık Asgari Ücret Tarifesi,https://www.resmigazete.gov.tr/eskiler/2001/12/20011204.htm#13
2001-12-04,— Tokat Valiliği Mahalli Çevre Kurulu Kararı (No: 2001/10),https://www.resmigazete.gov.tr/eskiler/2001/12/20011204.htm#12
2001-12-05,"Dışişleri Bakanlığına, Devlet Bakanı Prof. Dr. Şükrü S.GÜREL’in Vekâlet Etmesine Dair Tezkere",https://www.resmigazete.gov.tr/eskiler/2001/12/20011205.htm#1
2001-12-05,2001/3225 Vakıflar Genel Müdürlüğünün Taşra Teşkilatında İstanbul Vakıflar Bölge Müdürlüğüne Bağlı Olarak (2) Adet Şube Müdürlüğü Kurulması Hakkında Karar,https://www.resmigazete.gov.tr/eskiler/2001/12/20011205.htm#2
2001-12-05,2001/3265 Tarım ve Köyişleri Bakanlığı İstanbul İl Müdürlüğüne Bağlı Olarak Kurulmuş Bulunan Tahaffuzhane ve Gümrük Veteriner Müdürlüğünün Kaldırılması Hakkında Karar,https://www.resmigazete.gov.tr/eskiler/2001/12/20011205.htm#3
2001-12-05,2001/3268 Kuruml arın Eleman Yetiştirmek Üzere Açtıkları Mesleki Okullarda Görev Alacak Yönetici ve Öğretmenlere Uygulanacak Ders ve Ek Ders Saatlerine İlişkin Esaslar Hakkında Karar,https://www.resmigazete.gov.tr/eskiler/2001/12/20011205.htm#4
2001-12-05,2001/3236 Portekiz Cumhuriyeti Nezdinde Türkiye Cumhuriyeti Büyükelçisi Suha NOYAN’ın Merkeze Atanması Hakkında Karar,https://www.resmigazete.gov.tr/eskiler/2001/12/20011205.htm#5
2001-12-05,Devlet Planlama Teşkilatı Müsteşarlığı Yurtdışı Kadrolarına Yapılacak Atama Esasları ile Yurtdışındaki Kadrolarda Çalışanların Görev ve Sorumluluklarının Belirlenmesine Dair Yönetmeliğe Bir Fıkra Ek lenmesine Dair Yönetmelik,https://www.resmigazete.gov.tr/eskiler/2001/12/20011205.htm#6
2001-12-05,— Turizm Bakanlığı Personeli Görevde Yükselme Yönetmeliğinin Bazı Maddelerinde Değişiklik Yapılması Hakkında Yönetmelik,https://www.resmigazete.gov.tr/eskiler/2001/12/20011205.htm#7
2001-12-05,— Dicle Üniversitesi Tıp Fakültesi Eğitim-Öğretim ve Sınav Yönetmeliğinin 6 ncı Maddesinin Değiştirilmesi Hakkında Yönetmelik,https://www.resmigazete.gov.tr/eskiler/2001/12/20011205.htm#8
2001-12-05,— Sabancı Üniversitesi Temel Geliştirme Yılı Yönetmeliğinin Bazı Maddelerinde Değişiklik Yapılmasına Dair Yönetmelik,https://www.resmigazete.gov.tr/eskiler/2001/12/20011205.htm#9
2001-12-05,— Petrol Ürünlerine Uygulanacak Akaryakıt Fiyat İstikrar Fonu Payları Hakkında Tebliğ (PİGM/AFİF 2001-39),https://www.resmigazete.gov.tr/eskiler/2001/12/20011205.htm#10
2001-12-06,— Yüksek Öğretim Kurulu Üyeliklerine Ait Seçme Kararları,https://www.resmigazete.gov.tr/eskiler/2001/12/20011206.htm#1
2001-12-06,— Hakimler ve Savcılar Yüksek Kuruluna Ait Atama Kararı,https://www.resmigazete.gov.tr/eskiler/2001/12/20011206.htm#2
2001-12-06,— Hakimler ve Savcılar Yüksek Kuruluna Ait Bir Adet Karar,https://www.resmigazete.gov.tr/eskiler/2001/12/20011206.htm#3
2001-12-06,— PETKİM Petrokimya Holding A.Ş. Teftiş Kurulu Yönetmeliği,https://www.resmigazete.gov.tr/eskiler/2001/12/20011206.htm#4
2001-12-06,— Hayvanlarda Soykütüğü ve Önsoykütüğü Esasları ile Çalışma Usulleri Hakkında Yönetmelik,https://www.resmigazete.gov.tr/eskiler/2001/12/20011206.htm#5
2001-12-06,"— Hazine Müsteşarlığından Kurulacak Şirket Adına Düzenlenmiş Ancak Kuruluşu Gerçekleşmeyen veya Yatırım Süreleri Bitmesine Rağmen İlave Süre Alamayan ve Belge Kapsamında Herhangi Bir İşlem Görmediği veya Yatırım Yapmadığı Tespit Edilen, Adresinde Bulunamayan veya Firmalar Tarafından İptali Talep Edilen İzin ve Teşvik Belgeleri’nin İptal Edilerek Dosyalarının İşlemden Kaldırılması Hakkında Genelge",https://www.resmigazete.gov.tr/eskiler/2001/12/20011206.htm#6
2001-12-06,— Petrol Ürünlerine Uygulanacak Akaryakıt Fiyat İstikrar Fonu Payları Hakkında Tebliğ (PİGM/AFİF 2001-40),https://www.resmigazete.gov.tr/eskiler/2001/12/20011206.htm#7
2001-12-07,"— Devlet Bakanı Fikret ÜNLÜ’ye, Devlet Bakanı Hasan GEMİCİ’nin Vekâlet Etmesine Dair Tezkere",https://www.resmigazete.gov.tr/eskiler/2001/12/20011207.htm#1
2001-12-07,"— Turizm Bakanlığına, Devlet Bakanı Mehmet KEÇECİLER’in Vekâlet Etmesine Dair Tezkere",https://www.resmigazete.gov.tr/eskiler/2001/12/20011207.htm#2
2001-12-07,"— Spor cu Lisans, Tescil,Vize ve Transfer Yönetmeliği",https://www.resmigazete.gov.tr/eskiler/2001/12/20011207.htm#3
2001-12-07,"— Gençlik ve Spor Genel Müdürlüğü Voleybol Yarışma, Sporcu Tescil ve Lisans, Hakem ve Antrenör Yönetmeliğinde Değişiklik Yapılmasına Dair Yönetmelik",https://www.resmigazete.gov.tr/eskiler/2001/12/20011207.htm#4
2001-12-07,"— Basketbol Yarışma, Sporcu Tescil ve Lisans, Disiplin, Hakem ve Antrenör Yönetmeliğinde Değişiklik Yapılmasına Dair Yönetmelik",https://www.resmigazete.gov.tr/eskiler/2001/12/20011207.htm#5
2001-12-07,— Seferberlik ve Savaş Halinde Uygulanacak İnsan Gücü Planlaması Esasları Hakkında Yönetmelikte Değişiklik Yapılmasına Dair Yönetmelik,https://www.resmigazete.gov.tr/eskiler/2001/12/20011207.htm#6
2001-12-07,— Ankara Üniversitesi Türkçe ve Yabancı Dil Araştırma ve Uygulama Merkezi (TÖMER) Yönetmeliği,https://www.resmigazete.gov.tr/eskiler/2001/12/20011207.htm#7
2001-12-07,— Gümrük Genel Tebliği (Gümrük Hattı Dışı Eşya Satış Mağazaları) (Seri No: 8),https://www.resmigazete.gov.tr/eskiler/2001/12/20011207.htm#8
2001-12-07,— Gümrük Genel Tebliği (Gümrük İşlemleri) (Seri No: 10),https://www.resmigazete.gov.tr/eskiler/2001/12/20011207.htm#9
2001-12-08,4721 Türk Medenî Kanunu,https://www.resmigazete.gov.tr/eskiler/2001/12/20011208.htm#1
2001-12-08,4722 Türk Medenî Kanununun Yürürlüğü ve Uygulama Şekli Hakkında Kanun,https://www.resmigazete.gov.tr/eskiler/2001/12/20011208.htm#2
2001-12-08,"— Devlet Bakanı Dr. Kemal DERVİŞ’e, Orman Bakanı Prof. Dr. Nami ÇAĞAN’ın Vekâlet Etmesine Dair Tezkere",https://www.resmigazete.gov.tr/eskiler/2001/12/20011208.htm#3
2001-12-08,— Özürlüler İdaresi Başkanlığı Özürlüler Şurası Yönetmeliği,https://www.resmigazete.gov.tr/eskiler/2001/12/20011208.htm#4
2001-12-08,— Marmara Üniversitesi Yabancı Diller Bölümü Hazırlık Sınıfları Eğitim-Öğretim ve Sınav Yönetmeliğinin 7 nci Maddesinde Değişiklik Yapılmasına Dair Yönetmelik,https://www.resmigazete.gov.tr/eskiler/2001/12/20011208.htm#5
2001-12-08,— Yeditepe Üniversitesi Yabancı Dil Hazırlık Programı Eğitim-Öğretim ve Sınav Yönetmeliğinin 4 üncü Maddesinin Değiştiri lmesine Dair Yönetmelik,https://www.resmigazete.gov.tr/eskiler/2001/12/20011208.htm#6
2001-12-08,— 4077 Sayılı Tüketicinin Korunması Hakkında Kanunun 8 inci ve 22 nci Maddelerinde Yer Alan Parasal Sınırların Artırılmasına İlişkin Tebliğ (TRKGM-2001/5),https://www.resmigazete.gov.tr/eskiler/2001/12/20011208.htm#7
2001-12-08,— Çimento Fabrikalarında Atıkların Alternatif veya Ek Yakıt Olarak Kullanılmalarında Uyulacak Genel Kurallar Hakkında Tebliğ,https://www.resmigazete.gov.tr/eskiler/2001/12/20011208.htm#8
2001-12-08,— Denizlerde ve İçsularda Ticari Amaçlı Su Ürünleri Avcılığını Düzenleyen 34/1 Numaralı Sirkülerde Değişiklik Yapılmasına Dair Sirküler,https://www.resmigazete.gov.tr/eskiler/2001/12/20011208.htm#9
2001-12-08,Denizlerde ve İçsularda Amatör (Sportif) Su Ürünleri Avcılığını Düzenleyen 34/2 Numaralı Sirkülerde Değişiklik Yapılmasına Dair Sirküler,https://www.resmigazete.gov.tr/eskiler/2001/12/20011208.htm#10
2001-12-09,2001/3263 Yükseköğretim Kurumları Öğretim Elemanlarına Ait Bazı Kadrolarda Düzenleme Yapılması Hakkında Karar,https://www.resmigazete.gov.tr/eskiler/2001/12/20011209.htm#1
2001-12-09,"Devlet, Tarım ve Köyişleri, Kültür, Turizm ve Çevre Bakanlıklarına Ait 14 Adet Atama Kararı",https://www.resmigazete.gov.tr/eskiler/2001/12/20011209.htm#2
2001-12-09,— Yeditepe Üniversitesi Tıp Fakültesi Eğitim-Öğretim ve Sınav Yönetmeliğinde Değişiklik Yapılmasına Dair Yönetmelik,https://www.resmigazete.gov.tr/eskiler/2001/12/20011209.htm#3
2001-12-10,"2001/3235 Türkiye-Suriye Ekonomik, Bilimsel, Teknik ve Ticari İşbirliği Karma Komisyonu V. Dönem Toplantısı Protokolü’nün Onaylanması Hakkında Karar",https://www.resmigazete.gov.tr/eskiler/2001/12/20011210.htm#1
2001-12-10,"— Turizm Bakanlığına, Devlet Bakanı Mehmet KEÇECİLER’in Vekâlet Etmesine Dair Tezkere",https://www.resmigazete.gov.tr/eskiler/2001/12/20011210.htm#2
2001-12-10,— Toprak Kirliliğinin Kontrolü Yönetmeliği,https://www.resmigazete.gov.tr/eskiler/2001/12/20011210.htm#3
2001-12-10,— Çanakkale Onsekiz Mart Üniversitesi Yabancı Diller Eğitimi Uygulama ve Araştırma Merkezi Yönetmeliği,https://www.resmigazete.gov.tr/eskiler/2001/12/20011210.htm#4
2001-12-10,— Giresun Valiliği Mahalli Çevre Kurulu Kararı (No: 10),https://www.resmigazete.gov.tr/eskiler/2001/12/20011210.htm#5
2001-12-11,"— Devlet Bakanı Nejat ARSEVEN’e, İçişleri Bakanı Rüştü Kazım YÜCELEN’in Vekâlet Etmesine Dair Tezkere",https://www.resmigazete.gov.tr/eskiler/2001/12/20011211.htm#1
2001-12-11,"— Devlet Bakanı Dr. Yılmaz KARAKOYUNLU’ya, Devlet Bakanı Edip Safder GAYDALI’nın Vekâlet Etmesine Dair Tezkere",https://www.resmigazete.gov.tr/eskiler/2001/12/20011211.htm#2
2001-12-11,"— Sağlık Bakanlığına, Tarım ve Köyişleri Bakanı Prof. Dr. Hüsnü Yusuf GÖKALP’in Vekâlet Etmesine Dair Tezkere",https://www.resmigazete.gov.tr/eskiler/2001/12/20011211.htm#3
2001-12-11,2001/3330 631 Sayılı Memurlar ve Diğer Kamu Görevlilerinin Mali ve Sosyal Haklarında Düzenlemeler ile Bazı Kanun ve Kanun Hükmünde Kararnamelerde Değişiklik Yapılması Hakkında Kanun Hükmünde Kararnamenin 14 üncü Maddesi Kapsamındaki Personelin Mali ve Sosyal Haklarının Düzenlenmesine İlişkin Karar,https://www.resmigazete.gov.tr/eskiler/2001/12/20011211.htm#4
2001-12-11,— Hakimler ve Savcılar Yüksek Kuruluna Ait Karar,https://www.resmigazete.gov.tr/eskiler/2001/12/20011211.htm#5
2001-12-11,— 30 Ağustos Zafer Bayramını Dumlupınar Zafer Abidesi Önünde Kutlama Töreni Yönetmeliğinin 7 nci Maddesinde Değişiklik Yapılmasına Dair Yönetmelik,https://www.resmigazete.gov.tr/eskiler/2001/12/20011211.htm#6
2001-12-11,— Akdeniz Üniversitesi Zorunlu Yabancı Dil Hazırlık Eğitim-Öğretimi ve Sınav Yönetmeliğinin 7 nci Maddesinin Değiştirilmesine Dair Yönetmelik,https://www.resmigazete.gov.tr/eskiler/2001/12/20011211.htm#7
2001-12-11,— Akdeniz Üniversitesi Eğitim-Öğretim ve Sınav Yönetmeliğinin 18 inci Maddesinin Değiştirilmesine Dair Yönetmelik,https://www.resmigazete.gov.tr/eskiler/2001/12/20011211.htm#8
2001-12-11,— Türk Parası Kıymetini Koruma Hakkında 32 Sayılı Karar ile Başbakanlık Hazine Müsteşarlığının 91-32/5 Sayılı Tebliğine İlişkin Türkiye Cumhuriyet Merkez Bankası Genelgesi (Sayı: 2001/4),https://www.resmigazete.gov.tr/eskiler/2001/12/20011211.htm#9
2001-12-11,— Emlak Vergisi Kanunu Genel Tebliği (Seri No: 32),https://www.resmigazete.gov.tr/eskiler/2001/12/20011211.htm#10
2001-12-11,— Gümrük Genel Tebliği (Gümrük Kıymeti) (Seri No: 1),https://www.resmigazete.gov.tr/eskiler/2001/12/20011211.htm#11
2001-12-11,— Gümrük Genel Tebliği (Gümrük İşlemleri) (Seri No: 11),https://www.resmigazete.gov.tr/eskiler/2001/12/20011211.htm#12
2001-12-11,— Vakıf Hayrat Taşınmazların Kurum ve Kuruluşlara Tahsisinde Uyulacak Usul ve Esaslar Hakkında Tebliğde Değişiklik Yapılmasına Dair Tebliğ (Tebliğ No: 2001/1),https://www.resmigazete.gov.tr/eskiler/2001/12/20011211.htm#13
2001-12-12,2001/3228 Avrupa-Kafkasya-Asya Ulaştırma Koridorunun Üzerinde Uluslararası Taşımacılığın Geliştirilmesi Hakkında Çok Taraflı Temel Anlaşmanın Beyaz ve Çekince ile Onaylanması Hakkında Karar,https://www.resmigazete.gov.tr/eskiler/2001/12/20011212.htm#1
2001-12-12,2001/3234 Türkiye Cumhur iyeti ile Kırgız Cumhuriyeti Arasında Gelir Üzerinden Alınan Vergilerde Çifte Vergilendirmeyi Önleme ve Vergi Kaçakçılığına Engel Olma Anlaşmasının Onaylanması Hakkında Karar,https://www.resmigazete.gov.tr/eskiler/2001/12/20011212.htm#2
2001-12-12,"— Devlet Bakanı Prof. Dr.Abdulhaluk Mehmet ÇAY’a, Devlet Bakanı Prof. Dr. Şuayip ÜŞENMEZ’in Vekâlet Etmesine Dair Tezkere",https://www.resmigazete.gov.tr/eskiler/2001/12/20011212.htm#3
2001-12-12,2001/3275 Türk Arama ve Kurtarma Yönetmeliği,https://www.resmigazete.gov.tr/eskiler/2001/12/20011212.htm#4
2001-12-12,— Çanakkale Onsekiz Mart Üniversitesi Yabancı Dil Eğitim-Öğretimi ve Yabancı Dil Hazırlık Eğitim-Öğretimi Yönetmeliği,https://www.resmigazete.gov.tr/eskiler/2001/12/20011212.htm#5
2001-12-12,— 2001 Yılı Ekim Ayına Ait Yatırım Teşvik Belgelerinin Sektörel Dağılımı Hakkında Tebliğ,https://www.resmigazete.gov.tr/eskiler/2001/12/20011212.htm#6
2001-12-12,— 2001 Yılı Ekim Ayına Ait Yabancı Sermayeli Yatırım Teşvik Belgelerinin Sektörel Dağılımı Hakkında Tebliğ,https://www.resmigazete.gov.tr/eskiler/2001/12/20011212.htm#7
2001-12-12,— İstanbul Valiliği Mahalli Çevre Kurulu Kararı (Karar No: 11),https://www.resmigazete.gov.tr/eskiler/2001/12/20011212.htm#8
2001-12-12,DÜZELTME: (4721 Sayılı Kanun ile İlgili),https://www.resmigazete.gov.tr/eskiler/2001/12/20011212.htm#9
2001-12-13,"4723 Devlet Güvenlik Mahkemelerinin Kuruluş ve Yargılama Usulleri Hakkında Kanun, 18/11/1992 Tarihli ve 3842 Sayılı Kanun ile Çıkar Amaçlı Suç Örgütleriyle Mücadele Kanununda Değişiklik Yapılmasına Dair Kanun",https://www.resmigazete.gov.tr/eskiler/2001/12/20011213.htm#1
2001-12-13,"728 Bakanlığı Döneminde Usulsüzlük ve Suistimallere Yol Açtığı ve Göz Yumduğu, Gerekli Tedbirleri Almayarak Görevini Kötüye Kullandığı ve Bu Eylemlerinin Türk Ceza Kanununun 228, 230, 240 ve 346 ncı Maddelerine Uyduğu İddiasıyla Bayındırlık ve İskan Eski Bakanı Koray Aydın Hakkında Kurulan Meclis Soruşturması Komisyonuna Üye Seçimine İlişkin Karar",https://www.resmigazete.gov.tr/eskiler/2001/12/20011213.htm#2
2001-12-13,2001/3283 Seferberlik ve Savaş Hali Tüzüğünde Değişiklik Yapılmasına İlişkin Tüzük,https://www.resmigazete.gov.tr/eskiler/2001/12/20011213.htm#3
2001-12-13,— İçişleri Bakanlığına Ait Atama Kararı,https://www.resmigazete.gov.tr/eskiler/2001/12/20011213.htm#4
2001-12-13,— Başbakanlık Devlet Meteoroloji İşleri Genel Müdürlüğü Sicil Amirleri Yönetmeliğinde Değişiklik Yapılmasına Dair Yönetmelik,https://www.resmigazete.gov.tr/eskiler/2001/12/20011213.htm#5
2001-12-13,— Başbakanlık Devlet Meteoroloji İşleri Genel Müdürlüğü Disiplin Amirleri Yönetmeliğinde Değişiklik Yapılmasına Dair Yönetmelik,https://www.resmigazete.gov.tr/eskiler/2001/12/20011213.htm#6
2001-12-13,— Hentbol Müsabaka Yönetmeliğinin 11 ve 31 inci Maddelerinde Değişiklik Yapılmasına Dair Yönetmelik,https://www.resmigazete.gov.tr/eskiler/2001/12/20011213.htm#7
2001-12-13,— Sanayi Dışı Yeni veya Mevcut Binalarda Dahili Sıcak Su Dağıtımı ve Isı Yalıtımına Dair Yönetmeliğin 22 nci Maddesinin Değiştirilmesine Dair Yönetmelik,https://www.resmigazete.gov.tr/eskiler/2001/12/20011213.htm#8
2001-12-13,— Bankacılık Düzenleme ve Denetleme Kurulu Kararı (No: 547),https://www.resmigazete.gov.tr/eskiler/2001/12/20011213.htm#9
2001-12-13,— Bankacılık Düzenleme ve Denetleme Kurulu Kararı (No: 548),https://www.resmigazete.gov.tr/eskiler/2001/12/20011213.htm#10
2001-12-14,"Başbakan Bülent ECEVİT’e, Devlet Bakanı ve Başbakan Yardımcısı Dr. Devlet BAHÇELİ’nin Vekâlet Etmesine Dair Tezkere",https://www.resmigazete.gov.tr/eskiler/2001/12/20011214.htm#1
2001-12-14,"— Dışişleri Bakanlığına, Devlet Bakanı Prof. Dr. Şük rü S. GÜREL’in Vekâlet Etmesine Dair Tezkere",https://www.resmigazete.gov.tr/eskiler/2001/12/20011214.htm#2
2001-12-14,— Hacettepe Üniversitesi Avrupa Birliği İlişkileri Araştırma ve Uygulama Merkezi Yönetmeliği,https://www.resmigazete.gov.tr/eskiler/2001/12/20011214.htm#3
2001-12-14,Kırıkkale Üniversitesi Arşiv Yönetmeliğinde Değişiklik Yapılmasına Dair Yönetmelik,https://www.resmigazete.gov.tr/eskiler/2001/12/20011214.htm#4
2001-12-14,— Bankacılık Düzenleme ve Denetleme Kurulu Kararı (No: 552),https://www.resmigazete.gov.tr/eskiler/2001/12/20011214.htm#5
2001-12-14,— Bankacılık Düzenleme ve Denetleme Kurulu Kararı (No: 554),https://www.resmigazete.gov.tr/eskiler/2001/12/20011214.htm#6
2001-12-14,— Taşıt Alım Vergisi Genel Tebliği (Seri No: 24),https://www.resmigazete.gov.tr/eskiler/2001/12/20011214.htm#7
2001-12-14,— Belediye Gelirleri Kanunu Genel Teb liği (Seri No: 28),https://www.resmigazete.gov.tr/eskiler/2001/12/20011214.htm#8
2001-12-14,— Veraset ve İntikal Vergisi Kanunu Genel Tebliği (Seri No: 32),https://www.resmigazete.gov.tr/eskiler/2001/12/20011214.htm#9
2001-12-14,— İthal ve İhraç Edilecek Gıdaların Giriş ve Çıkış Kapılarının Tespit ve İlanına Dair Tebliğde Değişiklik Yapılması Hakkında Tebliğ (No: 2001/34),https://www.resmigazete.gov.tr/eskiler/2001/12/20011214.htm#10
2001-12-14,— Petrol Ürünlerine Uygu lanacak Akaryakıt Fiyat İstikrar Fonu Payları Hakkında Tebliğ (PİGM/AFİF 2001-41),https://www.resmigazete.gov.tr/eskiler/2001/12/20011214.htm#11
2001-12-14,"— Edirne İli Sınırları Dahilinde Çözücü, Yapıştırıcı ve Bağımlılık Yapan Uçucu Maddelerin 18 Yaşından Küçüklere Satışının Yasaklanmasına Dair Karar (No: 1)",https://www.resmigazete.gov.tr/eskiler/2001/12/20011214.htm#12
2001-12-14,— Uşak Valiliği Mahalli Çevre Kurulu Kararı (No: 2001/8),https://www.resmigazete.gov.tr/eskiler/2001/12/20011214.htm#13
2001-12-15,"4725 “Ticaret ve Sanayi Odaları”, “Ticaret Odaları”, “Sanayi Odaları”, “Deniz Ticaret Odaları”, “Ticaret Borsaları” ve “Türkiye Ticaret, Sanayi, Deniz Ticaret Odaları ve Ticaret Borsaları Birliği” Kanununa Bir Geçici Madde Eklenmesine Dair Kanun",https://www.resmigazete.gov.tr/eskiler/2001/12/20011215.htm#1
2001-12-15,729 (10/124) Esas Numaralı Meclis Araştırması Komisyonunun Görev Süresinin Uzatılmasına İlişkin Karar,https://www.resmigazete.gov.tr/eskiler/2001/12/20011215.htm#2
2001-12-15,"— Devlet Bakanı Dr. Kemal DERVİŞ'e, Orman Bakanı Prof. Dr. Nami ÇAĞAN’ın Vekâlet Etmesine Dair Tezkere",https://www.resmigazete.gov.tr/eskiler/2001/12/20011215.htm#3
2001-12-15,"— Dışişleri Bakanlığına, Devlet Bakanı Prof. Dr. Şükrü S.GÜREL’in Vekâlet Etmesine Dair Tezkere",https://www.resmigazete.gov.tr/eskiler/2001/12/20011215.htm#4
2001-12-15,"— Milli Savunma Bakanlığına, Devlet Bakanı Prof. Dr. Ramazan MİRZAOĞLU’nun Vekâlet Etmesine Dair Tezkere",https://www.resmigazete.gov.tr/eskiler/2001/12/20011215.htm#5
2001-12-15,"— Ulaştırma Bakanlığına, Bayındırlık ve İskan Bakanı Prof. Dr.Abdülkadir AKCAN’ın Vekâlet Etmesine Dair Tezkere",https://www.resmigazete.gov.tr/eskiler/2001/12/20011215.htm#6
2001-12-15,"— İçişleri Bakanlığına, Devlet Bakanı Nejat ARSEVEN’in Vekâlet Etmesine Dair Tezkere",https://www.resmigazete.gov.tr/eskiler/2001/12/20011215.htm#7
2001-12-15,2001/3272 Akaryakıt Tüketim Vergisi Tutarlarının Tespitine İlişkin Karar,https://www.resmigazete.gov.tr/eskiler/2001/12/20011215.htm#8
2001-12-15,"— Başbakanlık, Devlet Bakanı ve Başbakan Yardımcılığı ile Devlet Bakanlıklarına Ait Atama Kararları",https://www.resmigazete.gov.tr/eskiler/2001/12/20011215.htm#9
2001-12-15,— Tahsilat Genel Tebliği (Seri No: 420,https://www.resmigazete.gov.tr/eskiler/2001/12/20011215.htm#10
2001-12-15,"— Solvent, Bazyağ ve Madeniyağ İthalinde Uygulanacak Esaslar Hakkında Tebliğ (PİGM - 2001/6)",https://www.resmigazete.gov.tr/eskiler/2001/12/20011215.htm#11
2001-12-15,— Petrol Ürünleri İthalinde Uygulanacak Esaslar Hakkında Tebliğde Değişiklik Yapılmasına Dair Tebliğ (PİGM - 2001/7),https://www.resmigazete.gov.tr/eskiler/2001/12/20011215.htm#12
2001-12-15,— Petrol Ürünlerine Uygulanacak Akaryakıt Fiyat İstikrar Fonu Payları Hakkında Tebliğ (PİGM/AFİF 2001/42),https://www.resmigazete.gov.tr/eskiler/2001/12/20011215.htm#13
2001-12-19,"— Milli Savunma, Dışişleri, Bayındırlık ve İskan, Sağlık, Ulaştırma, Tarım ve Köyişleri, Çalışma ve Sosyal Güvenlik, Sanayi ve Ticaret, Enerji ve Tabii Kaynaklar, Turizm, Orman ve Çevre Bakanlıklarına Ait Atama Kararları",https://www.resmigazete.gov.tr/eskiler/2001/12/20011219.htm#1
2001-12-19,— 3 Adet Sınır Tespit Kararı,https://www.resmigazete.gov.tr/eskiler/2001/12/20011219.htm#2
2001-12-19,— Islah Amaçlı Yetiştirici Birliklerinin Kurulması ve Hizmetleri Hakkında Yönetmelik,https://www.resmigazete.gov.tr/eskiler/2001/12/20011219.htm#3
2001-12-19,— Türk Patent Enstitüsü Arşiv Yönetmeliğinde Değişiklik Yapılması Hakkında Yönetmelik,https://www.resmigazete.gov.tr/eskiler/2001/12/20011219.htm#4
2001-12-19,— Yeniden Yapılandırma Kurulunun Çalışma Usul ve Esasları Hakkında Yönetmelik,https://www.resmigazete.gov.tr/eskiler/2001/12/20011219.htm#5
2001-12-19,— Türkiye Barolar Birliği Avukatlık Staj Yönetmeliği,https://www.resmigazete.gov.tr/eskiler/2001/12/20011219.htm#6
2001-12-19,— Türkiye Barolar Birliği Staj Kredi Yönetmeliği,https://www.resmigazete.gov.tr/eskiler/2001/12/20011219.htm#7
2001-12-19,— Harçlar Kanunu Genel Tebliği (Seri No: 38),https://www.resmigazete.gov.tr/eskiler/2001/12/20011219.htm#8
2001-12-19,— Damga Vergisi Kanunu Genel Tebliği (Seri No: 39),https://www.resmigazete.gov.tr/eskiler/2001/12/20011219.htm#9
2001-12-19,— Türkiye Cumhuriyeti Hükümeti ile Almanya Federal Cumhuriyeti Hükümeti Arasında Türk Firmaları İşçilerinin İstisna Akdi Çerçevesinde İstihdamına İlişkin Anlaşmanın Uygulanması Hakkında Tebliğ,https://www.resmigazete.gov.tr/eskiler/2001/12/20011219.htm#10
2001-12-19,— Zorunlu Karayolları Mali Sorumluluk Sigortası Tarife ve Talimatı,https://www.resmigazete.gov.tr/eskiler/2001/12/20011219.htm#11
2001-12-19,— Zorunlu Otobüs Koltuk Ferdi Kaza Sigortası Tarife ve Talimatı,https://www.resmigazete.gov.tr/eskiler/2001/12/20011219.htm#12
2001-12-19,— 2001 Yılı Kasım Ayına Ait Dahilde İşleme İzin Belgelerinin Sektörel Dağılımı Hakkında Tebliğ,https://www.resmigazete.gov.tr/eskiler/2001/12/20011219.htm#13
2001-12-19,— 2001 Yılı Kasım Ayına Ait Yurt İçi Satış Teslimler ile İlgili Belgelerin Sektörel Dağılımı Hakkında Tebliğ,https://www.resmigazete.gov.tr/eskiler/2001/12/20011219.htm#14
2001-12-19,— 2001 Yılı Kasım Ayına Ait Hariçte İşleme İzin Belgelerinin Sektörel Dağılımı Hakkında Tebliğ,https://www.resmigazete.gov.tr/eskiler/2001/12/20011219.htm#15
2001-12-19,— 2001 Yılı Kasım Ayına Ait Vergi Resim ve Harç istisnası Belgelerinin Sektörel Dağılımı Hakkında Tebliğ,https://www.resmigazete.gov.tr/eskiler/2001/12/20011219.htm#16
2001-12-19,— Amasya Valiliği Mahalli Çevre Kurulu Kararı (No: 2001/4),https://www.resmigazete.gov.tr/eskiler/2001/12/20011219.htm#17
2001-12-20,"— Devlet Bakanı Prof.Dr. Tunca TOSKAY’a, Devlet Bakanı Faruk BAL’ın Vekâlet Etmesine Dair Tezkere",https://www.resmigazete.gov.tr/eskiler/2001/12/20011220.htm#1
2001-12-20,2001/3271 2 7/10/2000 Tarihli ve 2000/1561 Sayılı Kararname ile 18/4/2001 Tarihli ve 2001/2312 Sayılı Kararnamede Değişiklik Yapılmasına Dair Karar,https://www.resmigazete.gov.tr/eskiler/2001/12/20011220.htm#2
2001-12-20,2001/3298 12/6/2001 Tarihli ve 2001/2862 Sayılı Kararnamenin Eki Esaslarda Değişiklik Yapılmasına Dair Karar,https://www.resmigazete.gov.tr/eskiler/2001/12/20011220.htm#3
2001-12-20,2001/3299 Mersin Üniversitesi Rektörlüğü’ne Bağlı Olarak Yabancı Diller Yüksekokulu Kurulması Hakkında Karar,https://www.resmigazete.gov.tr/eskiler/2001/12/20011220.htm#4
2001-12-20,"— Anadolu Üniversitesi Rektörlüğüne, Prof.Dr. Engin ATAÇ’ın Yeniden Atanmasına Dair Karar",https://www.resmigazete.gov.tr/eskiler/2001/12/20011220.htm#5
2001-12-20,"— İstanbul Üniversitesi Rektörlüğüne, Prof. Dr. Kemal Yalçın ALEMDAROĞLU’nun Yeniden Atanmasına Dair Karar",https://www.resmigazete.gov.tr/eskiler/2001/12/20011220.htm#6
2001-12-20,"2001/3345 Şeker Kurulu’nda Boş Bulunan Üyeliğe, Kalan Süreyi Tamamlamak Üzere, Ahmet YAKICI’nın Atanmasına Dair Karar",https://www.resmigazete.gov.tr/eskiler/2001/12/20011220.htm#7
2001-12-20,— Devlet Hava Meydanları İşletmesi Genel Müdürlüğü Kadrolu Personel Sicil Amirleri Yönetmeliği,https://www.resmigazete.gov.tr/eskiler/2001/12/20011220.htm#8
2001-12-20,— Devlet Hava Meydanları İşletmesi Genel Müdürlüğü Kadrolu Personel Disiplin Amirleri Yönetmeliği,https://www.resmigazete.gov.tr/eskiler/2001/12/20011220.htm#9
2001-12-20,— Devlet Hava Meydanları İşletmesi Genel Müdürlüğü Sözleşmeli Personel Sicil Amirleri Yönetmeliği,https://www.resmigazete.gov.tr/eskiler/2001/12/20011220.htm#10
2001-12-20,— Dev let Hava Meydanları İşletmesi Genel Müdürlüğü Sözleşmeli Personel Disiplin Amirleri Yönetmeliği,https://www.resmigazete.gov.tr/eskiler/2001/12/20011220.htm#11
2001-12-20,— Veteriner Hekim Muayenehane ve Poliklinik Yönetmeliğinin 5 inci Maddesinde Değişiklik Yapılmasına Dair Yönetmelik,https://www.resmigazete.gov.tr/eskiler/2001/12/20011220.htm#12
2001-12-20,— Motorlu Araçların ve Römorklarının Arka Tescil Plakasının Takıldığı ve Sabitlendiği Alan ile İlgili Tip Onayı Yönetmeliğinde Değişiklik Yapılmasına Dair Yönetmelik (70/222/AT),https://www.resmigazete.gov.tr/eskiler/2001/12/20011220.htm#13
2001-12-20,— İstanbul Menkul Kıymetler Borsası Kotasyon Yönetmeliğinin 16 ve 18/A Maddelerinde Değişiklik Yapılmasına Dair Yönetmelik,https://www.resmigazete.gov.tr/eskiler/2001/12/20011220.htm#14
2001-12-20,— Türk Akreditasyon Kurumu Personel Yönetmeliğinde Değişiklik Yapılması Hakkında Yönetmelik,https://www.resmigazete.gov.tr/eskiler/2001/12/20011220.htm#15
2001-12-20,— Gelir Vergisi Genel Tebliği (Seri No: 243),https://www.resmigazete.gov.tr/eskiler/2001/12/20011220.htm#16
2001-12-20,— Petrol Ürünlerine Uygulanacak Akaryakıt Fiyat İstikrar Fonu Payları Hakkında Tebliğ (PİGM/AFİF 2001/43),https://www.resmigazete.gov.tr/eskiler/2001/12/20011220.htm#17
2001-12-21,001/3296 Maliye Bakanlığı Maliye Yüksek Eğitim Merkezi Başkanlığı Bünyesinde (4) Adet Şube Müdürlüğü Kurulması ile Bazı Genel Müdürlükler Bünyesinde Bulunan (4) Adet Şube Müdürlüğünün Kaldırılması Hakkında Ka rar,https://www.resmigazete.gov.tr/eskiler/2001/12/20011221.htm#1
2001-12-21,2001/3300 Türk Vatandaşlığından Çıkmalarına İzin Verilen 27 Kişi Hakkındaki Hükmün İptaline Dair Karar,https://www.resmigazete.gov.tr/eskiler/2001/12/20011221.htm#2
2001-12-21,— Makine ve Kimya Endüstrisi Kurumu Ana Statüsünün Bazı Maddelerinin Değiştirilmesi Hakkında Ana Statü,https://www.resmigazete.gov.tr/eskiler/2001/12/20011221.htm#3
2001-12-21,— Garanti Belgesi Uygula ma Esaslarına Dair Tebliğ (TRKGM-2001/6),https://www.resmigazete.gov.tr/eskiler/2001/12/20011221.htm#4
2001-12-21,— Sanayi Mallarının Satış Sonrası Hizmetleri Hakkında Tebliğ (TRKGM-2001/7),https://www.resmigazete.gov.tr/eskiler/2001/12/20011221.htm#5
2001-12-21,— Tanıtma ve Kullanma Kılavuzu Uygulama Esaslarına Dair Tebliğ (TRKGM-2001/8),https://www.resmigazete.gov.tr/eskiler/2001/12/20011221.htm#6
2001-12-22,2001/3284 Hükümetimiz ile Birleşmiş Milletler Kalkınma Programı Arasında İmzalanan “Türkiye’nin Diğer Gelişmekte Olan Ülkelerle Teknik İşbirliği-II. Safha” Konulu Proje Revizyon Belgesinin Onaylanma sı Hakkında Karar,https://www.resmigazete.gov.tr/eskiler/2001/12/20011222.htm#1
2001-12-22,2001/3309 T.C. Başbakanlık Türk İşbirliği ve Kalkınma İdaresi Başkanlığı ile Arnavutluk Cumhuriyeti Tarım ve Gıda Bakanlığı Arasında Malsi e Madhe ve İşkodra Yöresinde Jersey Sığırı Yetiştiriciliği ve Yetiştirici Birliklerinin Oluşturulması Konusunda İşbirliği Protokolü’nün Onaylanması Hakkında Karar,https://www.resmigazete.gov.tr/eskiler/2001/12/20011222.htm#2
2001-12-22,2001/3310 Türkiye Cumhuriyeti ile Slovak Cumhuriyeti Arasında İmzalanan Uluslararası Karayolu Taşımacılığı Karma Komisyon Toplantısına İlişkin Ekli Protokolün Onaylanması Hakkında Kar ar,https://www.resmigazete.gov.tr/eskiler/2001/12/20011222.htm#3
2001-12-22,"— Devlet Bakanı Mehmet KEÇECİLER’e, Devlet Bakanı Edip Safder GAYDALI’nın Vekâlet Etmesine Dair Tezkere",https://www.resmigazete.gov.tr/eskiler/2001/12/20011222.htm#4
2001-12-22,"— Devlet Bakanı Hasan GEMİCİ’ye, Devlet Bakanı Mustafa YILMAZ’ın Vekâlet Etmesine Dair Tezkere",https://www.resmigazete.gov.tr/eskiler/2001/12/20011222.htm#5
2001-12-22,2001/3297 Su Altında Korunması Gerekli Kültür ve Tabiat Varlıklarının Bulunduğu Bölgelerde Dalış Yasağının Uygulanması Hakkındaki 6/8/2001 Tarihli ve 2001/295 2 Sayılı Kararnameye Bazı Esasların Eklenmesi Hakkında Karar,https://www.resmigazete.gov.tr/eskiler/2001/12/20011222.htm#6
2001-12-22,2001/3364 Resmi İlan Fiyatlarının Yeniden Tespiti Hakkında Karar,https://www.resmigazete.gov.tr/eskiler/2001/12/20011222.htm#7
2001-12-22,— Kadir Has Üniversitesi Atatürk İlkeleri ve İnkılap Tarihi Araştırma ve Uygulama Merkezi Yönetmeliği,https://www.resmigazete.gov.tr/eskiler/2001/12/20011222.htm#8
2001-12-23,— Gazi Üniversitesi Aile Planlaması İnfertilite ve Üreme Sağlığı Araştırma ve Uygulama Merkezi Yönetmeliğinde Değişiklik Yapılmasına Dair Yönetmelik,https://www.resmigazete.gov.tr/eskiler/2001/12/20011223.htm#1
2001-12-23,— Rekabet Kurulunun 01-17/50-39 Sayılı Kararı,https://www.resmigazete.gov.tr/eskiler/2001/12/20011223.htm#2
2001-12-24,2001/3336 Türkiye Cumhuriyeti ile Tacikistan Cumhuriyeti Arasında Gelir Üzerinden Alınan Vergilerde Çifte Vergilendirmeyi Önleme Anlaşması’nın Onaylanması Hakkında Karar,https://www.resmigazete.gov.tr/eskiler/2001/12/20011224.htm#1
2001-12-24,— Galatasaray Üniversi tesi Yükseköğretime Hazırlık Sınıfları Öğretim ve Sınav Yönetmeliği,https://www.resmigazete.gov.tr/eskiler/2001/12/20011224.htm#2
2001-12-24,— Türk Gıda Kodeksi Kilo Verme Amaçlı Enerjisi Kısıtlanmış Gıdalar Tebliği (No: 2001/41),https://www.resmigazete.gov.tr/eskiler/2001/12/20011224.htm#3
2001-12-24,— Türk Gıda Kodeksi Özel Tıbbi Amaçlı Diyet Gıdalar Tebliği (No: 2001/42),https://www.resmigazete.gov.tr/eskiler/2001/12/20011224.htm#4
2001-12-25,4724 Diyanet İşleri Başkanlığı Kuruluş ve Görevleri Hakkında Kanunun Bir Maddesinin Değiştirilmesine İlişkin Kanun,https://www.resmigazete.gov.tr/eskiler/2001/12/20011225.htm#1
2001-12-25,"2001/3327 EFTA Devletleri ile Türkiye Arasında Anlaşma’nın 10, 15 ve 3 5 inci Maddelerinde Y apılan Değişikliklerin ve 15 inci Maddede Atıfta Bulunulan XII Sayılı Ek'in Anlaşma’ya İlave Edilmesinin Onaylanması Hakkında Karar",https://www.resmigazete.gov.tr/eskiler/2001/12/20011225.htm#2
2001-12-25,— Devlet Bakanı Abdulhaluk Mehmet ÇAY'ın Bakanlık Görevinden Alınmasına Dair Tezkere,https://www.resmigazete.gov.tr/eskiler/2001/12/20011225.htm#3
2001-12-25,"— Bakanlık Görevinden Alınan Devlet Bakanı Abdulhaluk Mehmet ÇAY'ın Yerine Yeni Bir Atama Yapılıncaya Kadar; Devlet Bakanlığına, Devlet Bakanı Faruk BAL'ın Vekâlet Etmesine Dair Tezkere",https://www.resmigazete.gov.tr/eskiler/2001/12/20011225.htm#4
2001-12-25,2001/3404 Enerji Piyasası Düzenleme Kurulu Başkan ve Üyelerinin Aylık Ücretlerinin Tespit Edilmesine Dair Karar,https://www.resmigazete.gov.tr/eskiler/2001/12/20011225.htm#5
2001-12-25,Ulaştırma Bakanlığına Ait 1 Adet Atama Kararı,https://www.resmigazete.gov.tr/eskiler/2001/12/20011225.htm#6
2001-12-25,— Maden Kanununda Değişiklik Yapılmasına ve Tuz Kanununun Yürürlükten Kaldırılmasına İlişkin 4683 Sayılı Kanunun Uygulamasına Dair Yönetmelik,https://www.resmigazete.gov.tr/eskiler/2001/12/20011225.htm#7
2001-12-25,— Bank acılık Uzman ve Uzman Yardımcıları Yarışma ve Yeterlik Sınavları ile Çalışma Esas ve Usulleri Hakkında Yönetmelik,https://www.resmigazete.gov.tr/eskiler/2001/12/20011225.htm#8
2001-12-25,— Bankacılık Düzenleme ve Denetleme Kurumu İnsan Kaynakları Yönetmeliğinde Değişiklik Yapılmasına İlişkin Yönetmelik,https://www.resmigazete.gov.tr/eskiler/2001/12/20011225.htm#9
2001-12-25,— Vergi Usul Kan unu Genel Tebliği (Sıra No: 302),https://www.resmigazete.gov.tr/eskiler/2001/12/20011225.htm#10
2001-12-25,— Mecburi Standard: ( ÖSG-2001/98-99) Sayılı Tebliğ,https://www.resmigazete.gov.tr/eskiler/2001/12/20011225.htm#11
2001-12-25,— Avrupa Tupluluğu Menşeli Bazı Tarım Ürünleri İthalatında Tarife Kontenjanı Uygulanmasına İlişkin Tebliğde Değişiklik Yapılmasına Dair Tebliğ,https://www.resmigazete.gov.tr/eskiler/2001/12/20011225.htm#12
2001-12-25,— Bulgaristan Cumhuriyeti Menşeli ve Çıkışlı Bazı Tarım ve İşlenmiş Tarım Ürünleri İthalatında Tarife Kontenjanı Uygulanmasına İlişkin Tebliğde Değişiklik Yapılmasına Dair Tebliğ,https://www.resmigazete.gov.tr/eskiler/2001/12/20011225.htm#13
2001-12-25,— Çek Cumhuriyeti Menşeli ve Çıkışlı Bazı Tarım ve İşlenmiş Tarım Ürünleri İthalatında Tarife Kontenjanı Uygulanmasına İlişkin Tebliğde Değişiklik Yapılmasına Dair Tebliğ,https://www.resmigazete.gov.tr/eskiler/2001/12/20011225.htm#14
2001-12-25,— Estonya Cumhuriyeti Menşeli ve Çıkışlı Bazı Tarım Ürünleri İthalatında Tarife Konten janı Uygulanmasına İlişkin Tebliğde Değişiklik Yapılmasına Dair Tebliğ,https://www.resmigazete.gov.tr/eskiler/2001/12/20011225.htm#15
2001-12-25,— İsrail Devleti Menşeli Bazı Tarım ve İşlenmiş Tarım Ürünleri İthalatında Tarife Kontenjanı Uygulanmasına İlişkin Tebliğde Değişiklik Yapılmasına Dair Tebliğ,https://www.resmigazete.gov.tr/eskiler/2001/12/20011225.htm#16
2001-12-25,— Letonya Cumhuriyeti Menşeli Bazı Tarım ve İşlenmiş Tarım Ürünleri İthalatında Tarife Kontenjanı Uygulanmasına İlişkin Tebliğde Değişiklik Yapılmasına Dair Tebliğ,https://www.resmigazete.gov.tr/eskiler/2001/12/20011225.htm#17
2001-12-25,— Litvanya Cumhuriyeti Menşeli ve Çıkışlı Bazı Tarım ve İşlenmiş Tarım Ürünleri İthalatında Tarife Kontenjanı Uygulanmasına İlişkin Tebliğde Değişiklik Yapılmasına Dair Tebliğ,https://www.resmigazete.gov.tr/eskiler/2001/12/20011225.htm#18
2001-12-25,— Macaristan Cumhuriyeti Menşeli ve Çıkışlı Bazı Tarım ve İşlenmiş Tarım Ürünleri İthalatında Tarife Kontenjanı Uygulanmasına İlişkin Tebliğde Değişiklik Yapılmasına Dair Tebliğ,https://www.resmigazete.gov.tr/eskiler/2001/12/20011225.htm#19
2001-12-25,— Makedony a Cumhuriyeti Menşeli Bazı Tarım Ürünleri İthalatında Tarife Kontenjanı Uygulanmasına İlişkin Tebliğde Değişiklik Yapılmasına Dair Tebliğ,https://www.resmigazete.gov.tr/eskiler/2001/12/20011225.htm#20
2001-12-25,— Polonya Cumhuriyeti Menşeli Bazı Tarım ve İşlenmiş Tarım Ürünleri İthalatında Tarife Kontenjanı Uygulanmasına İlişkin Tebliğde Değişiklik Yapılmasına Dair Tebliğ,https://www.resmigazete.gov.tr/eskiler/2001/12/20011225.htm#21
2001-12-25,— Romanya Menşeli ve Çıkışlı Bazı Tarım Ürünleri İthalatında Tarife Kontenjanı Uygulanmasına İlişkin Tebliğde Değişiklik Yapılmasına Dair Tebliğ,https://www.resmigazete.gov.tr/eskiler/2001/12/20011225.htm#22
2001-12-25,— Slovak Cumhuriyeti Menşeli ve Çıkışlı Bazı Tarım ve İşlenmiş Tarım Ürünleri İthalatında Tarife Kontenjanı Uygulanmasına İlişkin Tebliğde Değişiklik Yapılmasına Dair Tebliğ,https://www.resmigazete.gov.tr/eskiler/2001/12/20011225.htm#23
2001-12-25,— Slovenya Cumhuriyeti Menşeli Bazı Tarım ve İşlenmiş Tarım Ürünleri İthalatında Tarife Kontenjanı Uygulanmasına İlişkin Tebliğde Değişiklik Yapılmasına Dai rTebliğ,https://www.resmigazete.gov.tr/eskiler/2001/12/20011225.htm#24
2001-12-25,— Diş hekimlerinin Yapacakları Muayene ve Tedavilere Uy gulanacak Ücretlerin Asgari Had leri Hakkında Tebliğ,https://www.resmigazete.gov.tr/eskiler/2001/12/20011225.htm#25
2001-12-26,2001/3321 Türkiye-Moğolistan Karma Ekonomik ve Ticaret Komitesi Üçüncü Dönem Toplantısı Protokolü’nün Onaylanması Hakkında Karar,https://www.resmigazete.gov.tr/eskiler/2001/12/20011226.htm#1
2001-12-26,2001/3405 Tarımda Mevcut Destekleme Politikalarının Değiştirilerek Çiftçilere Doğrudan Gelir Desteği Sağlanması ve Kayıt Sisteminin Oluşturulması Amacıyla Ülke Çapında Uygulama Başlatılmasına İlişkin 12/12/2000 Tarihli ve 2000/2172 Sayılı Kararnamenin Eki Karar’da Değişiklik Yapılmasına Dair Karar,https://www.resmigazete.gov.tr/eskiler/2001/12/20011226.htm#2
2001-12-26,— Adalet Bakanlığı Görevde Yükselme Yönetmeliğinde Değişiklik Yapılmasına Dair Yönetmelik,https://www.resmigazete.gov.tr/eskiler/2001/12/20011226.htm#3
2001-12-26,— Gecekondu Kanunu Uygulama Yönetmeliğinin Bazı Maddelerinin Değiştirilmesine Dair Yönetmelik,https://www.resmigazete.gov.tr/eskiler/2001/12/20011226.htm#4
2001-12-26,"— Motorlu Araçların İç Donanımı (Kumanda, İkaz ve Göstergelerin Tanımı) ile İlgili Tip Onayı Yönetmeliğinde Değişiklik Yapılmasına Dair Yönetmelik (78/316/AT)",https://www.resmigazete.gov.tr/eskiler/2001/12/20011226.htm#5
2001-12-26,— İzmir Yüksek Teknoloji Enstitüsü Malzeme Araştırma Merkezi (İYTE-MAM) Yönetmeliği,https://www.resmigazete.gov.tr/eskiler/2001/12/20011226.htm#6
2001-12-26,"— Altın, Gümüş ve Platin Bonolarının Kurul Kaydına Alınmasına İlişkin Esaslar Tebliği (Seri: III, No: 26)",https://www.resmigazete.gov.tr/eskiler/2001/12/20011226.htm#7
2001-12-26,"— Orman Bakanlığı, 2001-2002 Av Dönemi Merkez Av Komisyonu Kararı (No: 67)",https://www.resmigazete.gov.tr/eskiler/2001/12/20011226.htm#8
2001-12-26,— Yargıtay 2. ve 20. Hukuk Dairelerine Ait 6 Adet Karar,https://www.resmigazete.gov.tr/eskiler/2001/12/20011226.htm#9
2001-12-27,730 Kuzeyden Keşif Harekatı’nın Görev Süresinin Uzatılmasına Dair Karar,https://www.resmigazete.gov.tr/eskiler/2001/12/20011227.htm#1
2001-12-27,2001/3311 Türkiye Cumhuriyeti ile Arnavutluk Cumhuriyeti Arasında İmzalanan İki Ülke Arasındaki Ekonomik ve Sosyal İşbirliğinin Geliştirilmesine İlişkin Anlaşmanın Onaylanması Hakkında Karar,https://www.resmigazete.gov.tr/eskiler/2001/12/20011227.htm#2
2001-12-27,2001/3359 Telekomünikasyon Ruhsatı ve Genel İzinlerin Asgari Değerlerinin Belirlenmesine İlişkin Karar,https://www.resmigazete.gov.tr/eskiler/2001/12/20011227.htm#3
2001-12-27,"2001/3395 213 Sayılı Vergi Usul Kan ununun 104, Mükerrer 115, 232 ve 313 üncü Maddeleri ile İlgili Karar",https://www.resmigazete.gov.tr/eskiler/2001/12/20011227.htm#4
2001-12-27,"2001/3396 Türkiye Sınırları İçinde Tek Meskeni Olup, Gelirleri Münhasıran Kanunla Kurulan Sosyal Güvenlik Kurumlarından Aldıkları Aylıklardan İbaret Bulunanların veya Bunlardan Kendileri Üzerine Kayıtlı Meskeni Olmayanların Anılan Kurumlardan Aylık Almayan ve Herhangi Bir Geliri de Bulunmayan Eşleri ile Şehitlerin Dul ve Yetimlerine ve Gazilere Ait Tek Meskenin Bina Vergisi Oranının 2002 Yılı İçin Sıfıra İndirilmesi Hakkında Kar ar",https://www.resmigazete.gov.tr/eskiler/2001/12/20011227.htm#5
2001-12-27,2001/3397 197 Sayılı Motorlu Taşıtlar Vergisi Kanunu’nun 5 ve 6 ncı Maddelerinde Yer Alan Tarifelerdeki Vergi Miktarlarının Artış Oranı Hakkında Karar,https://www.resmigazete.gov.tr/eskiler/2001/12/20011227.htm#6
2001-12-27,"2001/3398 Gelir Vergisi Kanununun 21, 23/8, 31 ve 103 üncü Maddelerinde Yer Alan Tutarlarla İlgili Karar",https://www.resmigazete.gov.tr/eskiler/2001/12/20011227.htm#7
2001-12-27,2001/3402 Gümrük Antrepoları Açılması ve İşletilmesine İlişkin Usul ve Esaslar Hakkında Yönetmelikte Değişiklik Yapılmasına Dair Yönetmelik,https://www.resmigazete.gov.tr/eskiler/2001/12/20011227.htm#8
2001-12-27,— Kılavuz Kaptan Yeterlikleri Hakkında Yönetmeliğin Bazı Maddelerinin Değiştirilmesine İlişkin Yönetmelik,https://www.resmigazete.gov.tr/eskiler/2001/12/20011227.htm#9
2001-12-27,— Türkiye Halk Bankası A.Ş. Disiplin Amirleri ve Disiplin Kurulları Yönetmeliğinin Bazı Maddelerinde Değişiklik Yapılmasına Dair Yönetmelik,https://www.resmigazete.gov.tr/eskiler/2001/12/20011227.htm#10
2001-12-27,— Türkiye Halk Bankası A.Ş. Disiplin Yönetmeliğinin Bazı Maddelerinde Değişiklik Yapılmasına D air Yönetmelik,https://www.resmigazete.gov.tr/eskiler/2001/12/20011227.htm#11
2001-12-27,— Emniyet Teşkilatında Görevli Memurların Nitelikleri ve Atanma Usulleri ile Görevde Yükselme Esaslarına Dair Yönetmelikte Değişiklik Yapılması Hakkında Yönetmelik,https://www.resmigazete.gov.tr/eskiler/2001/12/20011227.htm#12
2001-12-27,— Yüksek Öğrenim Kredi ve Yurtlar Kurumu Genel Müdürlüğü Görevde Yükselme Yönet meliğinde Değişiklik Yapılmasına Dair Yönetmelik,https://www.resmigazete.gov.tr/eskiler/2001/12/20011227.htm#13
2001-12-27,— Yüksek Öğrenim Kredi ve Yurtlar Kurumu Yurt İdare ve İşletme Yönetmeliğinde Değişiklik Yapılmasına Dair Yönetmelik,https://www.resmigazete.gov.tr/eskiler/2001/12/20011227.htm#14
2001-12-27,— Nesli Tehlike Altında Olan Yabani Hayvan ve Bitki Türlerinin Uluslararası Ticaretine İlişkin Sözleşmenin Uygulanmasına Dair Yönetmelik,https://www.resmigazete.gov.tr/eskiler/2001/12/20011227.htm#15
2001-12-27,"— Anayasa Mahkemesinin E : 2000/23 S iyasi Parti Malî Denetimi, K : 2001/6 Sayılı Kararı",https://www.resmigazete.gov.tr/eskiler/2001/12/20011227.htm#16
2001-12-27,"— Anayasa Mahkemesinin E : 2000/411 (657 Sayılı Kanunda Değişiklik Yapan 527 Sayılı Kanun Hükmünde Kararname ile İlgili), K : 2001/348 Sayılı Kararı",https://www.resmigazete.gov.tr/eskiler/2001/12/20011227.htm#17
2001-12-27,— Anayasa Mahkemesinin E : 2000/413 (491 Sayılı Kanun Hükmünde Kararname ile İlgili) K : 2001/351 Sayılı Kararı,https://www.resmigazete.gov.tr/eskiler/2001/12/20011227.htm#18
2001-12-28,2001/3361 Bazı Emniyet Amirliklerinin Emniyet Müdürlüklerine Dönüştürülmesi Hakkında Karar,https://www.resmigazete.gov.tr/eskiler/2001/12/20011228.htm#1
2001-12-28,"2001/3403 233 Sayılı Kamu İktisadi Teşebbüsleri Hakkında Kanun Hükmünde Kararname Kapsamındaki Kamu Kurum ve Kuruluşlarının, Devletçe Kendilerine Verilen Kıyı Tesislerine Yönelik İşletme ve Buna Bağlı Diğer Hizmetlerinin Kapsam ve Sınırlarının Tespitine İlişkin Karar",https://www.resmigazete.gov.tr/eskiler/2001/12/20011228.htm#2
2001-12-28,2001/3439 Özel İşlem Vergisi Tutarlarının Artırılmasına İlişkin Karar,https://www.resmigazete.gov.tr/eskiler/2001/12/20011228.htm#3
2001-12-28,— Milletlerarası Tahkim Ücret Tarifesi Yönetmeliği,https://www.resmigazete.gov.tr/eskiler/2001/12/20011228.htm#4
2001-12-28,— 2872 Sayılı Çevre Kanunu Uyarınca Verilecek İdari Para Cezalarına İlişkin Genelge (No: 2001/23),https://www.resmigazete.gov.tr/eskiler/2001/12/20011228.htm#5
2001-12-28,— Türk Silahlı Kuvvetleri Mensuplarından Malül Olanlara ve Şehit Olanların Mirasçılarına “DevletÖdünç Madalyası’ Verilmesi Hakkında Tebliğ,https://www.resmigazete.gov.tr/eskiler/2001/12/20011228.htm#6
2001-12-28,"— Hampetrol ve Petrol Ürünlerinin Alım, Satım, Fiyatlandırma Esasları ile Akaryakıt Fiyat İstikrar Fonu’nun İşleyişi Hakkında Karar’ın Uygulanmasına Dair Tebliğde Değişiklik Yapılması Hakkında Tebliğ (PİGM–2001/8)",https://www.resmigazete.gov.tr/eskiler/2001/12/20011228.htm#7
2001-12-28,"— Doğu Karadeniz Hububat, Bakliyat, Yağlı Tohumlar ve Mamulleri İhracatçıları Birliği Kurulmasına İlişkin Tebliğ (No: İhracat – 2001/10)",https://www.resmigazete.gov.tr/eskiler/2001/12/20011228.htm#8
2001-12-28,— Gümrük Genel Tebliği (Uluslararası Anlaşmalar) (Sıra No:3),https://www.resmigazete.gov.tr/eskiler/2001/12/20011228.htm#9
2001-12-28,— Bankacılık Düzenleme ve Denetleme Kuruluna Ait Karar (No: 562),https://www.resmigazete.gov.tr/eskiler/2001/12/20011228.htm#10
2001-12-29,"— Hükümlü ErdalDOĞAN’ın, Cezasının Kaldırılması Hakkında Karar (No: 2001/40)",https://www.resmigazete.gov.tr/eskiler/2001/12/20011229.htm#1
2001-12-29,"— Türkiye Atom Enerjisi Kurumu Artırma, Eksiltme ve İhale Yönetmeliğine Bir Ek Madde İlave Edilmesi Hakkında Yönetmelik",https://www.resmigazete.gov.tr/eskiler/2001/12/20011229.htm#2
2001-12-29,— Gümrük Yönetmeliğinde Değişiklik Yapılmasına Dair Yönetmelik,https://www.resmigazete.gov.tr/eskiler/2001/12/20011229.htm#3
2001-12-29,— Makina ve Kimya Endüstrisi Kurumu Genel Müdürlüğü ve Bağlı Ortaklıkları Personeli Görevde Yükselme Yönetmeliği,https://www.resmigazete.gov.tr/eskiler/2001/12/20011229.htm#4
2001-12-29,— Tarım ve Köyişleri Bakanlığı Arşiv Yönetmeliğinde Değişiklik Yapılmasına Dair Yönetmelik,https://www.resmigazete.gov.tr/eskiler/2001/12/20011229.htm#5
2001-12-29,— Ene rji Piyasası Düzenleme Kurulunun 6 Sayılı Kararı,https://www.resmigazete.gov.tr/eskiler/2001/12/20011229.htm#6
2001-12-29,— Enerji Piyasası Düzenleme Kurulunun 7 Sayılı Kararı,https://www.resmigazete.gov.tr/eskiler/2001/12/20011229.htm#7
2001-12-29,Milletlerarası Tahkim Ücret Tarifesi,https://www.resmigazete.gov.tr/eskiler/2001/12/20011229.htm#8
2001-12-29,Motorlu Taşıtlar Vergisi Genel Tebliği (Seri No : 18),https://www.resmigazete.gov.tr/eskiler/2001/12/20011229.htm#9
2001-12-29,— Türk Gıda Kodeksi Koyulaştırılmış Süt ve Süttozu Tebliği (No: 2001/43),https://www.resmigazete.gov.tr/eskiler/2001/12/20011229.htm#10
2001-12-29,— Türk Gıda Kodeksi Bal Tebliği’nde Değişiklik Yapılması Hakkında Tebliğ (No: 2001/44),https://www.resmigazete.gov.tr/eskiler/2001/12/20011229.htm#11
2001-12-29,— Asgari Ücret Tespit Komisyonunun 2001/1 Sayılı Kararı,https://www.resmigazete.gov.tr/eskiler/2001/12/20011229.htm#12
2001-12-29,— Asgari Ücret Tespit Komisyonunun 2001/2 Sayılı Kararı,https://www.resmigazete.gov.tr/eskiler/2001/12/20011229.htm#13
2001-12-29,— Gümrük Genel Tebliği (Gümrük İşlemleri) (Seri No : 12),https://www.resmigazete.gov.tr/eskiler/2001/12/20011229.htm#14
2001-12-29,— Rekabet Kurulunun 00-38/419-2 35 Sayılı Kararı,https://www.resmigazete.gov.tr/eskiler/2001/12/20011229.htm#15
2001-12-29,— Rekabet Kurulunun 01-25/241-63 Sayılı Kararı,https://www.resmigazete.gov.tr/eskiler/2001/12/20011229.htm#16
2001-12-29,— Rekabet Kurulunun 01-28/277-81 Sayılı Kararı,https://www.resmigazete.gov.tr/eskiler/2001/12/20011229.htm#17
2001-12-30,"4731 17/8/1999 ve 12/11/1999 Tarihlerinde Meydana Gelen Depremlerden Zarar Görenlerin Vergi Borçları ve Vergi Cezalarının Terkini ile Vergi Usul Kanunu, Katma Değer Vergisi Kanunu,Harçlar Kanunu ve Organize Sanayi Bölgeleri Kanunund a Değişiklik Yapılması Hakkında Kanun",https://www.resmigazete.gov.tr/eskiler/2001/12/20011230.htm#1
2001-12-30,— Belirli Tekstil Ürünleri İthalatında Gözetim ve Korunma Önlemleri Hakkında Yönetmelikte Değişiklik Yapılmasına Dair Yönetmelik,https://www.resmigazete.gov.tr/eskiler/2001/12/20011230.htm#2
2001-12-30,"— İkili Anlaşmalar, Protokoller veya Diğer Düzenlemeler Kapsamı Dışında, Belirli Ülkeler Menşeli Tekstil Ürünleri İthalatında Gözetim ve Korunma Önlemleri Hakkında Yönetmelikte Değişiklik Yapılmasına Dair Yönetmelik",http://3#3
2001-12-30,— Çift Taraflı Kontrol Sistemi Kapsamında Kota Uygulanan Tekstil Ürü nlerinin İthaline İlişkin Tebliğ (2002/1),https://www.resmigazete.gov.tr/eskiler/2001/12/20011230.htm#4
2001-12-30,— Çift Taraflı Kontrol Sistemi Kapsamında Gözetime Tabi Tekstil Ürünlerinin İthaline İlişkin Tebliğ (2002/2),https://www.resmigazete.gov.tr/eskiler/2001/12/20011230.htm#5
2001-12-30,— Tek Taraflı Kontrol Sistemi Kapsamında Gözetime Tabi Tekstil Ürünlerinin İthaline İlişkin Tebliğ (200 2/3),https://www.resmigazete.gov.tr/eskiler/2001/12/20011230.htm#6
2001-12-30,— Tek Taraflı Kontrol Sistemi Kapsamında Kotaya Tabi Tekstil Ürünlerine Ait Kotaların Dağıtımı ve Yönetimine İlişkin Tebliğ (2002/4),https://www.resmigazete.gov.tr/eskiler/2001/12/20011230.htm#7
2001-12-30,— Belirli Üçüncü Ülkelerde İşlem Gördükten Sonra Geri İthal Edilen Belirl i Tekstil Ürünlerine ve Giyim Eşyasına Uygulanan Ekonomik Etkili Hariçte İşleme Rejimi Tebliğ (2002/5),https://www.resmigazete.gov.tr/eskiler/2001/12/20011230.htm#8
2001-12-30,— Hindistan Menşeli Tekstil Ürünlerinin İthaline İlişkin Tebliğ (2002/6),https://www.resmigazete.gov.tr/eskiler/2001/12/20011230.htm#9
2001-12-31,"2001/3486 6 57 sayılı Devlet Memurları Kanununun 67 nci Maddesinin Emekli, Adi Malullük, Vazife M alullüğü ile Dul ve Yetim Aylığı Bağlananlar Hakkında da Uygulanmasın a Dair Karar",https://www.resmigazete.gov.tr/eskiler/2001/12/20011231.htm#1
2001-12-31,2001/3487 Sürekli Görevle Yurt Dışında Bulunan Memurların Aylıklarına Uygulanacak Katsayı Hakkındaki Karar’da Değişiklik Yapılmasına İlişkin Karar,https://www.resmigazete.gov.tr/eskiler/2001/12/20011231.htm#2
2001-12-31,2001/3488 Tarım ve Hayvancılık Sek törlerine Destekleme Ödemesi Ya pılması Hakkındaki Bazı Bak anlar Kurulu Kararlarının Yürürlükten Kaldırılmasına İlişkin Karar,https://www.resmigazete.gov.tr/eskiler/2001/12/20011231.htm#3
2001-12-31,— Basın Kartı Yönetmeliğinde Değişiklik Yapılması ve Bir Geçici Madde Eklenmesi Hakkında Yönetmelik,https://www.resmigazete.gov.tr/eskiler/2001/12/20011231.htm#4
2001-12-31,Maden Tetkik ve Arama Genel Müdürlüğü Teftiş Kurulu Yönetmeliği nde Değişiklik Yapılmasına Dair Yönetmelik,https://www.resmigazete.gov.tr/eskiler/2001/12/20011231.htm#5
2001-12-31,— Ölçü ve Ölçü Aletlerinden Alınacak Muayene ve Damgalama Ücret Yönetmeliğinde Değişiklik Yapılması Hakkında Yönetmelik,https://www.resmigazete.gov.tr/eskiler/2001/12/20011231.htm#6
2001-12-31,— Orman Bakanlığı Arşiv Yönetmeliğinde Değişiklik Yapılmasına Dair Yönetmelik,https://www.resmigazete.gov.tr/eskiler/2001/12/20011231.htm#7
2001-12-31,— M arka ve Tescil Başvurularına Ait Mal ve Hizmetlerin Sınıflandırılmasına İlişkin Tebliğ (BİK/TPE: 2002/2),https://www.resmigazete.gov.tr/eskiler/2001/12/20011231.htm#8
2001-12-31,— 2001 Yılı Kasım Ayına Ait Yatırım Teşvik Belgelerinin Sektörel Dağılımı Hakkında Tebliğ,https://www.resmigazete.gov.tr/eskiler/2001/12/20011231.htm#9
2001-12-31,— 2001 Yılı Kasım Ayına AitYabancı Sermayeli Teşvik ve Yatırım İzin Belgelerinin Sektörel Dağılımı Hakkında Tebliğ,https://www.resmigazete.gov.tr/eskiler/2001/12/20011231.htm#10
2001-12-31,DÜZELTME (302 Sıra Numaralı Vergi Usul Kanunu Genel Tebliği ile İlgili),https://www.resmigazete.gov.tr/eskiler/2001/12/20011231.htm#11
