Datetime,Text,Hyperlink
2002-01-01,22/6/1927 tarihli ve 5235 sayılı Bakanlar Kurulu Kararı ile yürürlüğe konulan Resmî Gazete'nin Sureti Neşir ve Muamelatının Tarzı İcrasına Dair Yönetmelik uyarınca bugün Resmî Gazete yayımlanmamıştır.,https://www.resmigazete.gov.tr/2011%20Resmi%20Gazeteleri/Resmi%20Gazete%20Tatil%20Şablon/20110101-1.htm
2002-01-02,2001/3383 Uluslararası Karayolu Taşımacılığı İtalyan-Türk Karma Komisyonu Tutanağı’nın Onaylanması Hakkında Karar,https://www.resmigazete.gov.tr/eskiler/2002/01/20020102.htm#1
2002-01-02,2001/3388 Türkiye-Almanya Kara Ulaştırması Karma Komisyon Toplantısı Pro tokolü’nün O naylanması Hakkında Karar,https://www.resmigazete.gov.tr/eskiler/2002/01/20020102.htm#2
2002-01-02,— Özelleştirme İdaresi Başkanlığı Arşiv Hizmetleri Yönetmeliğinde Değişiklik Yapılmasına Dair Yönetmelik,https://www.resmigazete.gov.tr/eskiler/2002/01/20020102.htm#3
2002-01-02,— Yüksek Öğrenim Kredi ve Yurtlar Kurumu Teftiş Kurulu Yönetmeliğinde Değişiklik Yapılmasına Dair Yönetmelik,https://www.resmigazete.gov.tr/eskiler/2002/01/20020102.htm#4
2002-01-02,Bayındırlık ve İskan Bakanlığı Personeli Görevde Yükselme Yönetmeliğinde Değişiklik Yapılması Hakkında Yönetmelik,https://www.resmigazete.gov.tr/eskiler/2002/01/20020102.htm#5
2002-01-02,— Türk Parası Kıymetini Koruma Hakkında 32 Sayılı Karar ile Başbakanlık Hazine Müsteşarlığı’nın 91-32/5 Sayılı Tebliğine İlişkin Türkiye Cumhuriyet Merkez Bankası Genelgesi (Sayı: 2002/1),https://www.resmigazete.gov.tr/eskiler/2002/01/20020102.htm#6
2002-01-02,— İhracat Sayılan Satış ve Teslimler Hakkında Tebliğ (No : İhracat-2001/8),https://www.resmigazete.gov.tr/eskiler/2002/01/20020102.htm#7
2002-01-02,— Mülga Dış Krediler Kur Farkı Fonu’ndan Kullanılmış Kredilere Uygulanacak Değişken Faiz Oranı Hakkında Tebliğ,https://www.resmigazete.gov.tr/eskiler/2002/01/20020102.htm#8
2002-01-02,— Çorum Valiliği Mahalli Çevre Kurulu Kararı (No : 2001/7),https://www.resmigazete.gov.tr/eskiler/2002/01/20020102.htm#9
2002-01-02,— Çorum Valiliği Mahalli Çevre Kurulu Kararı (No : 2001/8),https://www.resmigazete.gov.tr/eskiler/2002/01/20020102.htm#10
2002-01-02,— Çorum Valiliği Mahalli Çevre Kurulu Kararı (No : 2001/11),https://www.resmigazete.gov.tr/eskiler/2002/01/20020102.htm#11
2002-01-03,4730 Bazı Kanunlarda Değişiklik Yapılmasına Dair Kanun,https://www.resmigazete.gov.tr/eskiler/2002/01/20020103.htm#1
2002-01-03,"— Devlet Bakanı ve Başbakan Yardımcısı Dr. Devlet BAHÇELİ’ye, Devlet Bakanı Prof. Dr. Şuayip ÜŞENMEZ’in Vekâlet Etmesin e Dair Tezkere",https://www.resmigazete.gov.tr/eskiler/2002/01/20020103.htm#2
2002-01-03,"— Sanayi ve Ticaret Bakanlığına, Tarım ve Köyişleri Bakanı Prof. Dr. Hüsnü Yusuf GÖKALP’in Vekâlet Etmesine Dair Tezkere",https://www.resmigazete.gov.tr/eskiler/2002/01/20020103.htm#3
2002-01-03,"— Devlet Bakanı ve Başbakan Yardımcılığı, Devlet, Maliye, Bayındırlık ve İskan, Sağlık, Ulaştırma, Tarım ve Köyişleri, Çalışma ve Sosyal Güvenlik, Sanayi ve Ticaret, Enerji ve Tabii Kaynaklar, Turizm, Orman ve Çevre Bakanlıklarına Ait Atama Kararları",https://www.resmigazete.gov.tr/eskiler/2002/01/20020103.htm#4
2002-01-03,2001/3459 Kamu Kurum ve Kuruluşlarında Çalışan Personelin Kılık ve Kıyafetine Dair Yönetmelikte Değişiklik Yapılmasına İlişkin Yönetmelik,https://www.resmigazete.gov.tr/eskiler/2002/01/20020103.htm#5
2002-01-03,Motorlu Taşıt Lastiklerinin Hava Basıncı Ölçümünde Kullanılan Cihazlara Dair Yönetmeliğin 7 nci Maddesinin Değiştirilmesine Dair Yönetmelik,https://www.resmigazete.gov.tr/eskiler/2002/01/20020103.htm#6
2002-01-03,— Yüzüncü Yıl Üniversitesi Sosyal Bilimler Enstitüsü Lisansüstü Eğitim -Öğretim ve Sınav Yönetmeliğinde Değişiklik Yapılmasına DairYönetmelik,https://www.resmigazete.gov.tr/eskiler/2002/01/20020103.htm#7
2002-01-03,Yüzüncü Yıl Üniversitesi Fen Bilimleri Enstitüsü Lisansüstü Eğitim-Öğretim ve Sınav Yönetmeliğinde Değişiklik Yapılmasına DairYönetmelik,https://www.resmigazete.gov.tr/eskiler/2002/01/20020103.htm#8
2002-01-03,— Yüzüncü Yıl Üniversitesi Sağlık Bilimleri Enstitüsü Lisansüstü Eğitim-Öğretim ve SınavYönetmeliğinde Değişiklik Yapılmasına Dair Yönetmelik,https://www.resmigazete.gov.tr/eskiler/2002/01/20020103.htm#9
2002-01-03,— Bankacılık Düzenleme ve Denetleme Kurulunun 569 Sayılı Kararı,https://www.resmigazete.gov.tr/eskiler/2002/01/20020103.htm#10
2002-01-03,"Su, Elektrik, Havagazı ve Doğalgaz Sayaçlarının Tamir ve Ayar Ücretleri Tarifesi Hakkında Tebliğ (Tebliğ No: 2002/1)",https://www.resmigazete.gov.tr/eskiler/2002/01/20020103.htm#11
2002-01-03,— Petrol Ürünlerine Uygulanacak Akaryakıt Fiyat İstikrar Payları Hakkında Tebliğ (PİGM/AFİP 2002-1),https://www.resmigazete.gov.tr/eskiler/2002/01/20020103.htm#12
2002-01-03,Türk Patent Enstitüsünce Uygulanacak Olan Ücret Tarifesine İlişkin Tebliğ (Tebliğ No: BİK/TPE: 2002/1),https://www.resmigazete.gov.tr/eskiler/2002/01/20020103.htm#13
2002-01-04,— Gençlik ve Spor Genel Müdürlüğü Müsabaka Yerlerine Serbest Giriş Yönetmeliği,https://www.resmigazete.gov.tr/eskiler/2002/01/20020104.htm#1
2002-01-04,— Özürlüler İdaresi Başkanlığı Arşiv Hizmetleri Yönetmeliğinde Değişiklik Yapılmasına DairYönetmelik,https://www.resmigazete.gov.tr/eskiler/2002/01/20020104.htm#2
2002-01-04,— GalatasarayÜniversitesi Hukuk Fakültesi Lisans Öğretim ve Sınav Yönetmeliği,https://www.resmigazete.gov.tr/eskiler/2002/01/20020104.htm#3
2002-01-04,— Gazi Üniversitesi Eğitim Bilimleri Enstitüsü Lisansüstü Eğitim-Öğretim ve Sınav Yönetmeliğinde Değişiklik Yapılması Hakkında Yönetmelik,https://www.resmigazete.gov.tr/eskiler/2002/01/20020104.htm#4
2002-01-04,— Gazi Üniversitesi Sosyal BilimlerEnstitüsü Lisansüstü Eğitim-Öğretim ve Sınav Yönetmeliğinin Bazı Maddelerinde Değişiklik Yapılmasına İlişkin Yönetmelik,https://www.resmigazete.gov.tr/eskiler/2002/01/20020104.htm#5
2002-01-04,— İlaç Fiyatları Hakkında Tebliğ,https://www.resmigazete.gov.tr/eskiler/2002/01/20020104.htm#6
2002-01-04,— Petrol Ürünlerine Uygulanacak Akaryakıt Fiyat İstikrar Payları Hakkında Tebliğ (PİGM/AFİP 2002-2),https://www.resmigazete.gov.tr/eskiler/2002/01/20020104.htm#7
2002-01-04,— Rekabet Kurulunun 00-2/14-7 sayılı Kararı,https://www.resmigazete.gov.tr/eskiler/2002/01/20020104.htm#8
2002-01-04,— Rekabet Kurulunun 00-32/338-192 sayılı Kararı,https://www.resmigazete.gov.tr/eskiler/2002/01/20020104.htm#9
2002-01-04,— Rekabet Kurulunun 01-12/114-29 sayılı Kararı,https://www.resmigazete.gov.tr/eskiler/2002/01/20020104.htm#10
2002-01-04,— Rekabet Kurulunun 01-15/139-34 sayılı Kararı,https://www.resmigazete.gov.tr/eskiler/2002/01/20020104.htm#11
2002-01-04,— Rekabet Kurulunun 01-23/217-57 sayılı Kararı,https://www.resmigazete.gov.tr/eskiler/2002/01/20020104.htm#12
2002-01-04,— Rekabet Kurulunun 01-37/366-98 sayılı Kararı,https://www.resmigazete.gov.tr/eskiler/2002/01/20020104.htm#13
2002-01-04,— Yargıtay 2. Hukuk Dairesine Ait 2 Adet Karar,https://www.resmigazete.gov.tr/eskiler/2002/01/20020104.htm#14
2002-01-05,4732 Türkiye Cumhuriyeti ile Azerbaycan Cumhuriyeti Arasında Azerbaycan Doğal Gazının Türkiye Cumhuriyetine Sevkıyatına İlişkin Anlaşmanın Onaylanmasının Uygun Bulunduğuna Dair Kanun,https://www.resmigazete.gov.tr/eskiler/2002/01/20020105.htm#1
2002-01-05,2001/3418 Ulaştırma Bakanlığı Teftiş Kurulu Tüzüğünde Değişiklik Yapılmasına Dair Tüzük,https://www.resmigazete.gov.tr/eskiler/2002/01/20020105.htm#2
2002-01-05,"2001/3399 İthalatçı Birliklerinin Kuruluşu, İşleyişi, Çalışma Sahaları, Organları, Üyelerinin Hak ve Görevlerine Dair Karar",https://www.resmigazete.gov.tr/eskiler/2002/01/20020105.htm#3
2002-01-05,— Hükümlü İlhan DEMİREL'in Cezasının Kaldırılması Hakkında Karar (No: 2002/1),https://www.resmigazete.gov.tr/eskiler/2002/01/20020105.htm#4
2002-01-05,— Hükümlü Yaşar DEMİRCAN'ın Cezasının Kaldırılması Hakkında Karar (No: 2002/2),https://www.resmigazete.gov.tr/eskiler/2002/01/20020105.htm#5
2002-01-05,2001/3463 Menkul Kıymetler Borsalarının Kuruluş ve Çalışma Esasları Hakkında Yönetmelikte Değişiklik Yapılmasına Dair Yönetmelik,https://www.resmigazete.gov.tr/eskiler/2002/01/20020105.htm#6
2002-01-05,— Et ve Balık Ürünleri A.Ş. Genel Müdürlüğü Disiplin Amirleri Yönetmeliği,https://www.resmigazete.gov.tr/eskiler/2002/01/20020105.htm#7
2002-01-05,— Milli Piyango İdaresi Genel Müdürlüğü Bilet Satış ve İkramiye Yönetmeliğine Bir Ek Madde Eklenmesine İlişkin Yönetmelik,https://www.resmigazete.gov.tr/eskiler/2002/01/20020105.htm#8
2002-01-05,— Vücut Dışında Kullanılan Tıbbi Tanı Ürünleri Yönetmeliğinde Değişiklik Yapılmasına Dair Yönetmelik,https://www.resmigazete.gov.tr/eskiler/2002/01/20020105.htm#9
2002-01-05,— Bitki Çeşitlerinin Tescil Edilmesine İlişkin Yönetmeliğin Bazı Maddelerinde Değişiklik Yapılmasına Dair Yönetmelik,https://www.resmigazete.gov.tr/eskiler/2002/01/20020105.htm#10
2002-01-05,— Petrol Ürünlerine Uygulanacak Akaryakıt Fiyat İstikrar Payları Hakkında Tebliğ (PİGM/AFİP 2002-3),https://www.resmigazete.gov.tr/eskiler/2002/01/20020105.htm#11
2002-01-05,(Türk Patent Enstitüsünce Uygulanacak Olan Ücret Tarifesine İlişkin Tebliğ ile İlgili),https://www.resmigazete.gov.tr/eskiler/2002/01/20020105.htm#12
2002-01-06,— İstanbul Menkul Kıymetler Borsası Yönetmeliğinin 40 ve 41 inci Maddelerinde Değişiklik Yapılmasına Dair Yönetmelik,https://www.resmigazete.gov.tr/eskiler/2002/01/20020106.htm#1
2002-01-06,— Galatasaray Üniversitesi Fen-Edebiyat Fakültesi Lisans Öğretim ve Sınav Yönetmeliği,https://www.resmigazete.gov.tr/eskiler/2002/01/20020106.htm#2
2002-01-06,— Mecburi Standard: SB-2001/01 Sayılı Tebliğ,https://www.resmigazete.gov.tr/eskiler/2002/01/20020106.htm#3
2002-01-07,— Afyon Kocatepe Üniversitesi Eğitim-Öğretim ve Sınav Yönetmeliğinin 17 nci Maddesinde Değişiklik Yapılmasına Dair Yönetmelik,https://www.resmigazete.gov.tr/eskiler/2002/01/20020107.htm#1
2002-01-07,— Osmangazi Üniversitesi Atatürk İlkeleri ve İnkılap Tarihi Araştırma ve Uygulama Merkezi (ATAM) Yönetmeliği,https://www.resmigazete.gov.tr/eskiler/2002/01/20020107.htm#2
2002-01-07,— Yeditepe Üniversitesi Fen Bilimleri Enstitüsü Lisansüstü Eğitim-Öğretim ve Sınav Yönetmeliği,https://www.resmigazete.gov.tr/eskiler/2002/01/20020107.htm#3
2002-01-07,— İşkolu Tespit Kararı (No: 2001/34),https://www.resmigazete.gov.tr/eskiler/2002/01/20020107.htm#4
2002-01-07,— İşkolu Tespit Kararı (No: 2001/35),https://www.resmigazete.gov.tr/eskiler/2002/01/20020107.htm#5
2002-01-07,— Tekirdağ Valiliği Mahalli Çevre Kurulu Kararı (No: 12),https://www.resmigazete.gov.tr/eskiler/2002/01/20020107.htm#6
2002-01-08,"— Devlet Bakanlığına, Tokat Milletvekili Reşat DOĞRU’nun Atanmasına Dair Tezkere",https://www.resmigazete.gov.tr/eskiler/2002/01/20020108.htm#1
2002-01-08,2001/3409 Türkiye Cumhuriyeti Hükümeti ile Slovenya Cumhuriyeti Hükümeti Arasında İmzalanan Askeri İşbirliği Anlaşması’nın Onaylanması Hakkında Karar,https://www.resmigazete.gov.tr/eskiler/2002/01/20020108.htm#2
2002-01-08,"— Devlet Bakanı Prof. Dr. Tunca TOSKAY’a, Sanayi ve Ticaret Bakanı Ahmet Kenan TANRIKULU’nun Vekâlet Etmesine Dair Tezkere",https://www.resmigazete.gov.tr/eskiler/2002/01/20020108.htm#3
2002-01-08,"2001/3401 Milli Eğitim Bakanlığı Taşra Teşkilatında, Temel Yapısal Değişim Projeleri Kapsamında Yer Alan Eğitim Reformu ile Öngörülen Sekiz Yıllık Kesintisiz İlköğretim Uygulaması Çerçevesinde, İngilizce Dil Öğreticiliği Görevinde Kısmi Zamanlı Geçici Personel İstihdamı ile Bu Personele Ödenecek Ücretlere İlişkin Karar",https://www.resmigazete.gov.tr/eskiler/2002/01/20020108.htm#4
2002-01-08,"2001/3406 Maliye Bakanlığı’na Ait Bazı Dolu Kadroların Derecelerinin, Bazı Boş Kadroların Sınıf, Unvan ve Derecelerinin Değiştirilmesi Hakkında Karar",https://www.resmigazete.gov.tr/eskiler/2002/01/20020108.htm#5
2002-01-08,"2001/3470 Emekli Sandığı Genel Müdürlüğü’nün Doğrudan Merkeze Bağlı Taşra Teşkilatı Olarak,Ankara’da 75. Yıl Dinlenme ve Bakımevi Müdürlüğü’nün Kurulması Hakkında Karar",https://www.resmigazete.gov.tr/eskiler/2002/01/20020108.htm#6
2002-01-08,"2001/3482 İhracatçı Birliklerinin Kuruluşu, İşleyişi, İştigal Sahaları, Organları, Üyelerin Hak ve Yükümlülüklerine Dair Kararda Değişiklik Yapılması Hakkında Karar",https://www.resmigazete.gov.tr/eskiler/2002/01/20020108.htm#7
2002-01-08,2001/3471 Sinop Valisi Ayhan Nasuhbeyoğlu'nun Merkez Valiliğine Atanması Hakkında Karar,https://www.resmigazete.gov.tr/eskiler/2002/01/20020108.htm#8
2002-01-08,— Kültür ve Çevre Bakanlıklarına Ait İki Adet Atama Kararı,https://www.resmigazete.gov.tr/eskiler/2002/01/20020108.htm#9
2002-01-08,— Sınır Tespitine Dair Bir Adet Karar,https://www.resmigazete.gov.tr/eskiler/2002/01/20020108.htm#10
2002-01-08,"— Serbest Muhasebecilik, Serbest Muhasebeci Mali Müşavirlik ve Yeminli Mali Müşavirlik Kanunu Disiplin Yönetmeliğinde Değişiklik Yapılmasına Dair Yönetmelik",https://www.resmigazete.gov.tr/eskiler/2002/01/20020108.htm#11
2002-01-08,— Doğal Gaz Satış Fiyatı Tespit Kararı Tebliği,https://www.resmigazete.gov.tr/eskiler/2002/01/20020108.htm#12
2002-01-08,— Erzurum Valiliği Mahalli Çevre Kurul Kararı (No: 12),https://www.resmigazete.gov.tr/eskiler/2002/01/20020108.htm#13
2002-01-08,"(5.1.2002 tarihli ve 24631 sayılı Resmî Gazete’de yayımlanan, 2002/2 sayılı Cezanın Kaldırılması Kararı ile İlgili)",https://www.resmigazete.gov.tr/eskiler/2002/01/20020108.htm#14
2002-01-09,"4733 Tütün, Tütün Mamulleri, Tuz ve Alkol İşletmeleri Genel Müdürlüğünün Yeniden Yapılandırılması ile Tütün ve Tütün Mamullerinin Üretimine, İç ve Dış Alım ve Satımına, 4046 Sayılı Kanunda ve 233 Sayılı Kanun Hükmünde Kararnamede Değişiklik Yapılmasına Dair Kanun",https://www.resmigazete.gov.tr/eskiler/2002/01/20020109.htm#1
2002-01-09,2001/3431 Türkiye-Romanya Ortak Sanayi Çalışma Grubu İkinci Dönem Toplantısı Mutabakat Zaptının Onaylanması Hakkında Karar,https://www.resmigazete.gov.tr/eskiler/2002/01/20020109.htm#2
2002-01-09,2001/3451 Türkiye ile Nikaragua Arasında Vize Muafiyetine İlişkin Anlaşmanın Onaylanması Hakkında Karar,https://www.resmigazete.gov.tr/eskiler/2002/01/20020109.htm#3
2002-01-09,— Hükümlü Ramazan ÇİÇEK’in Cezasının Kaldırılmasına Dair Karar (2002/3),https://www.resmigazete.gov.tr/eskiler/2002/01/20020109.htm#4
2002-01-09,"— Devlet Bakanı ve Başbakan Yardımcılığı, Devlet, İçişleri, Bayındırlık ve İskan, Ulaştırma, Enerji ve Tabii Kaynaklar, Turizm ve Çevre Bakanlıklarına Ait Atama Kararları",https://www.resmigazete.gov.tr/eskiler/2002/01/20020109.htm#5
2002-01-09,2001/3508 Olağanüstü Hal Bölge Valiliği Tarafından Silah Taşıma ve Bulundurma Ruhsatı Verilmesinde Uyulacak Esaslar Hakkında Yönetmelikte Değişiklik Yapılmasına Dair Yönetmelik,https://www.resmigazete.gov.tr/eskiler/2002/01/20020109.htm#6
2002-01-09,— Devlet Su İşleri Genel Müdürlüğü Teftiş Kurulu Yönetmeliğinde Değişiklik Yapılması Hakkında Yönetmelik,https://www.resmigazete.gov.tr/eskiler/2002/01/20020109.htm#7
2002-01-09,— Atatürk Üniversitesi Ziraat Fakültesi Lisans Öğretim ve Sınav Yönetmeliğinde Değişiklik Yapılmasına Dair Yönetmelik,https://www.resmigazete.gov.tr/eskiler/2002/01/20020109.htm#8
2002-01-09,— Fırat Üniversitesi Lisansüstü Eğitim-Öğretim ve Sınav Yönetmeliğinin 18 inci Maddesinde Değişiklik Yapılmasına Dair Yönetmelik,https://www.resmigazete.gov.tr/eskiler/2002/01/20020109.htm#9
2002-01-09,— 2002 Mali Yılı Bütçe Uygulama Talimatı (Sıra No: 1),https://www.resmigazete.gov.tr/eskiler/2002/01/20020109.htm#10
2002-01-10,2001/3417 Tacikistan Cumhuriyeti Hükümeti ile Türkiye Cumhuriyeti Hükümeti Arasında İmzalanan Haberleşme Alanında İşbirliği Anlaşması’nın Onaylanması Hakkında Karar,https://www.resmigazete.gov.tr/eskiler/2002/01/20020110.htm#1
2002-01-10,2001/3433 146 Kişinin Türk Vatandaşlığına Alınması Hakkında Karar,https://www.resmigazete.gov.tr/eskiler/2002/01/20020110.htm#2
2002-01-10,— Hâkimler ve Savcılar Yüksek Kurulu Başkanlığına Ait Atama Kararı,https://www.resmigazete.gov.tr/eskiler/2002/01/20020110.htm#3
2002-01-10,— Motorlu Araçların İç Donanımları ile İlgili Tip Onayı Yönetmeliği (74/60/AT),https://www.resmigazete.gov.tr/eskiler/2002/01/20020110.htm#4
2002-01-10,— Meyve ve Asma Çeşit/Anaç Damızlığı Fidan Üretim Materyali ve Fidanlarının Sertifikasyonuna Ait Genel Esaslar Tebliğinde Değişiklik Yapılmasına Dair Tebliğ (No: 2002/1),https://www.resmigazete.gov.tr/eskiler/2002/01/20020110.htm#5
2002-01-10,— Uluslararası Gözetim Şirketleri Statüsüne İlişkin Karar (Dış Ticarette Standardizasyon: 2002/1),https://www.resmigazete.gov.tr/eskiler/2002/01/20020110.htm#6
2002-01-11,"— Devlet, Sanayi ve Ticaret ile Kültür Bakanlıklarına Ait Atama Kararları",https://www.resmigazete.gov.tr/eskiler/2002/01/20020111.htm#1
2002-01-11,2001/3438 Fındık Üretiminin Planlanması ve Dikim Alanlarının Belirlenmesi ile Fındık Yerine Alternatif Ürün Yetiştirmeyi Tercih Eden Üreticilerin Desteklenmesine Dair Esas ve Usuller Hakkında Yönetmelik,https://www.resmigazete.gov.tr/eskiler/2002/01/20020111.htm#2
2002-01-11,— İçişleri Bakanlığı Memurlarının Nitelikleri ve Atanma Usulleri ile Görevde Yükselme Esaslarına Dair Yönetmeliğin Bazı Maddelerinin Değiştirilmesine Dair Yönetmelik,https://www.resmigazete.gov.tr/eskiler/2002/01/20020111.htm#3
2002-01-11,— Belirli Gerilim Sınırları Dahilinde Kullanılmak Üzere Tasarlanmış Elektrikli Teçhizat ile İlgili Yönetmelik (73/23/AT),https://www.resmigazete.gov.tr/eskiler/2002/01/20020111.htm#4
2002-01-11,— TS/1222 Patates Standardının Dış Ticarette Zorunlu Uygulamaya Konulmasına İlişkin Tebliğ (No: 2002/7),https://www.resmigazete.gov.tr/eskiler/2002/01/20020111.htm#5
2002-01-11,— Türk Telekomünikasyon A.Ş. Tarifelerine Tavan Fiyat Yönteminin Uygulanmasına Yönelik Usul ve Esaslara İlişkin Tebliğ,https://www.resmigazete.gov.tr/eskiler/2002/01/20020111.htm#6
2002-01-12,— Milli Savunma Bakanlığına Ait İki Adet Atama Kararı,https://www.resmigazete.gov.tr/eskiler/2002/01/20020112.htm#1
2002-01-12,— Tarım ve Köyişleri Bakanlığı Personeli Görevde Yükselme Yönetmeliğinde Değişiklik Yapılmasına Dair Yönetmelik,https://www.resmigazete.gov.tr/eskiler/2002/01/20020112.htm#2
2002-01-12,"— Dikişli, Alaşımsız Çelik Basınçlı Gaz Tüplerine Dair Yönetmeliğin 11 inci Maddesinin Değiştirilmesine Dair Yönetmelik",https://www.resmigazete.gov.tr/eskiler/2002/01/20020112.htm#3
2002-01-12,— Türk Mühendis ve Mimar Odaları Birliği Makina Mühendisleri Odası İş Makinaları Kullanıcısı (Operatör) Kurs Yönetmeliği,https://www.resmigazete.gov.tr/eskiler/2002/01/20020112.htm#4
2002-01-12,— Türk Mühendis ve Mimar Odaları Birliği Makina Mühendisleri Odası Araç-İmal-Tadil-Montaj Mühendis Yetkilendirme Yönetmeliği,https://www.resmigazete.gov.tr/eskiler/2002/01/20020112.htm#5
2002-01-12,Türk Mühendis ve Mimar Odaları Birliği Makina Mühendisleri Odası Asansör Mühendis Yetkilendirme Yönetmeliği,https://www.resmigazete.gov.tr/eskiler/2002/01/20020112.htm#6
2002-01-12,— Türkiye Zirai Donatım Kurumu Teftiş Kurulu Yönetmeliğinde Değişiklik Yapılmasına İlişkin Yönetmelik,https://www.resmigazete.gov.tr/eskiler/2002/01/20020112.htm#7
2002-01-12,— Işık Üniversitesi Lisans Eğitim-Öğretim ve Sınav Yönetmeliği,https://www.resmigazete.gov.tr/eskiler/2002/01/20020112.htm#8
2002-01-12,Sakarya Üniversitesi Meslek Yüksekokulları Önlisans Öğretim ve Sınav Yönetmeliğinin 17 nci Maddesinin Değiştirilmesine Dair Yönetmelik,https://www.resmigazete.gov.tr/eskiler/2002/01/20020112.htm#9
2002-01-12,— Rekabet Kurulu nun 99-37/378-243 Sayılı Kararı,https://www.resmigazete.gov.tr/eskiler/2002/01/20020112.htm#10
2002-01-12,— Rekabet Kurulunun 00-25/263-145 Sayılı Kararı,https://www.resmigazete.gov.tr/eskiler/2002/01/20020112.htm#11
2002-01-12,— Rekabet Kurulunun 01-06/48-13 Sayılı Kararı,https://www.resmigazete.gov.tr/eskiler/2002/01/20020112.htm#12
2002-01-12,— Rekabet Kurulunun 01-18/154-42 Sayılı Kararı,https://www.resmigazete.gov.tr/eskiler/2002/01/20020112.htm#13
2002-01-12,— Yüksek Seçim Kurulunun 753 Sayılı Kararı,https://www.resmigazete.gov.tr/eskiler/2002/01/20020112.htm#14
2002-01-13,"2001/3444 Türkiye Cumhuriyeti ile Tacikistan Cumhuriyeti Arasında İmzalanan, Uluslararası Terörizm, Uyuşturucu ve Psikotrop Madde Kaçakçılığı ve Örgütlü Suçlarla Mücadele Alanında İşbirliği Anlaşması’nın Onaylanması Hakkında Karar",https://www.resmigazete.gov.tr/eskiler/2002/01/20020113.htm#1
2002-01-13,"— Devlet Bakanı Prof. Dr. Şükrü S. GÜREL’e, Milli Eğitim Bakanı Metin BOSTANCIOĞLU’nun Vekalet Etmesine Dair Tezkere",https://www.resmigazete.gov.tr/eskiler/2002/01/20020113.htm#2
2002-01-13,— Motorlu Araçların Dış Çıkıntıları ile İlgili Tip Onayı Yönetmeliği (74/483/AT),https://www.resmigazete.gov.tr/eskiler/2002/01/20020113.htm#3
2002-01-13,— Motorlu Araçların ve Römorklarının Yan Koruması (Yan Koruyucular) ile İlgili Tip Onayı Yönetmeliği (89/297/AT),https://www.resmigazete.gov.tr/eskiler/2002/01/20020113.htm#4
2002-01-13,— Gazi Üniversitesi Transplantasyon Merkezi Yönetmeliği,https://www.resmigazete.gov.tr/eskiler/2002/01/20020113.htm#5
2002-01-14,"2001/3432 Türkiye Cumhuriyeti Hükümeti ile Yunanistan Cumhuriyeti Hükümeti Arasında İmzalanan, Veterinerlik Alanında İşbirliği Anlaşması’nın Onaylanması Hakkında Karar",https://www.resmigazete.gov.tr/eskiler/2002/01/20020114.htm#1
2002-01-14,"2001/3443 Türkiye Cumhuriyeti Hükümeti ile Pakistan İslam Cumhuriyeti Hükümeti Arasında İmzalanan, Askeri Alanda Eğitim, Teknik ve Bilimsel İşbirliği Anlaşması’nın Onaylanması Hakkında Karar",https://www.resmigazete.gov.tr/eskiler/2002/01/20020114.htm#2
2002-01-14,"2001/3447 Türkiye Cumhuriyeti Sağlık Bakanlığı ve Avusturya Cumhuriyeti Ekonomik İşler ve Çalışma Federal Bakanlığı Arasında İmzalanan, Sağlık Alanında Altyapı İşbirliğine Dair Anlaşma’nın Onaylanması Hakkında Karar",https://www.resmigazete.gov.tr/eskiler/2002/01/20020114.htm#3
2002-01-14,"2001/3455 Türkiye Cumhuriyeti Hükümeti ile Yunanistan Cumhuriyeti Hükümeti Arasında İmzalanan, Bitki Koruma Alanında İşbirliği Anlaşması’nın Onaylanması Hakkında Karar",https://www.resmigazete.gov.tr/eskiler/2002/01/20020114.htm#4
2002-01-14,"— Başbakanlığa, Devlet Bakanı ve Başbakan Yardımcısı Dr. Devlet BAHÇELİ’nin Vekalet Etmesine Dair Tezkere",https://www.resmigazete.gov.tr/eskiler/2002/01/20020114.htm#5
2002-01-14,"— Devlet Bakanı Dr. Kemal DERVİŞ’e, Orman Bakanı Prof. Dr. Nami ÇAĞAN’ın Vekalet Etmesine Dair Tezkere",https://www.resmigazete.gov.tr/eskiler/2002/01/20020114.htm#6
2002-01-14,"— Devlet Bakanı Prof. Dr. Tunca TOSKAY’a, Sanayi ve Ticaret Bakanı Ahmet Kenan TANRIKULU’nun Vekalet Etmesine Dair Tezkere",https://www.resmigazete.gov.tr/eskiler/2002/01/20020114.htm#7
2002-01-14,"— Devlet Bakanı Faruk BAL’a, Devlet Bakanı Reşat DOĞRU’nun Vekalet Etmesine Dair Tezkere",https://www.resmigazete.gov.tr/eskiler/2002/01/20020114.htm#8
2002-01-14,"— Dışişleri Bakanlığına, Devlet Bakanı ve Başbakan Yardımcısı H. Hüsamettin ÖZKAN’ın Vekalet Etmesine Dair Tezkere",https://www.resmigazete.gov.tr/eskiler/2002/01/20020114.htm#9
2002-01-14,"— Enerji ve Tabii Kaynaklar Bakanlığına, Devlet Bakanı Edip Safder GAYDALI’nın Vekalet Etmesine Dair Tezkere",https://www.resmigazete.gov.tr/eskiler/2002/01/20020114.htm#10
2002-01-15,"— Milli Savunma Bakanlığına, Devlet Bakanı Prof. Dr. Şuayip ÜŞENMEZ’in Vekâlet Etmesine Dair Tezkere",https://www.resmigazete.gov.tr/eskiler/2002/01/20020115.htm#1
2002-01-15,— Başbakanlık Vakıflar Genel Müdürlüğü Arşiv Yönetmeliğinde Değişiklik Yapılması Hakkın da Yönetmelik,https://www.resmigazete.gov.tr/eskiler/2002/01/20020115.htm#2
2002-01-15,— Maliye Bakanlığı Milli Emlak Kontrolörleri Yönetmeliğinde Değişiklik Yapılmasına Dair Yönetmelik,https://www.resmigazete.gov.tr/eskiler/2002/01/20020115.htm#3
2002-01-15,— Bütçe Kontrolörleri Görev ve Çalışma Yönetmeliğinde Değişiklik Yapılmasına Dair Yönetmelik,https://www.resmigazete.gov.tr/eskiler/2002/01/20020115.htm#4
2002-01-15,"Tekerlekli Tarım veya Orman Traktörlerinin Kumandalarının Takılması, Konumu, Çalışması ve Tanınması ile İlgili Tip Onayı Yönetmeliği (86/415/AT)",https://www.resmigazete.gov.tr/eskiler/2002/01/20020115.htm#5
2002-01-15,Türk Telekom Personeli Biriktirme ve Yardım Sandığı Genel Yönetmeliği,https://www.resmigazete.gov.tr/eskiler/2002/01/20020115.htm#6
2002-01-15,— Araç Dış Lastiklerinin İthalatında Uygulanacak Esaslara İlişkin Tebliğ (Dış Ticarette Standardizasyon : 2002/6),https://www.resmigazete.gov.tr/eskiler/2002/01/20020115.htm#7
2002-01-16,"— Kültür Bakanlığına, Devlet Bakanı Hasan GEMİCİ’nin Vekalet Etmesine Dair Tezkere",https://www.resmigazete.gov.tr/eskiler/2002/01/20020116.htm#1
2002-01-16,— Hükümlü Metin GÜNAY’ın Cezasının Kaldırılması Hakkında Karar,https://www.resmigazete.gov.tr/eskiler/2002/01/20020116.htm#2
2002-01-16,"— Başbakanlık, Devlet, İçişleri, Dışişleri, Maliye, Sağlık, Enerji ve Tabii Kaynaklar, Kültür ve Çevre Bakanlıklarına Ait Atama Kararları",https://www.resmigazete.gov.tr/eskiler/2002/01/20020116.htm#3
2002-01-16,Sınır Tespitine Dair Bir Adet Karar,https://www.resmigazete.gov.tr/eskiler/2002/01/20020116.htm#4
2002-01-16,— Motorlu Araçların Yandan Çarpma Halinde Araçta Bulunan Kişilerin Korunması ile İlgili Tip Onayı Yönetmeliği (96/27/AT),https://www.resmigazete.gov.tr/eskiler/2002/01/20020116.htm#5
2002-01-16,— Gazi Üniversitesi Fen Bilimleri Enstitüsü Lisansüstü Eğitim-Öğretim ve Sınav Yönetmeliğinin 21 inci ve 29 uncu Maddelerinde Değişiklik Yapılmasına Dair Yönetmelik,https://www.resmigazete.gov.tr/eskiler/2002/01/20020116.htm#6
2002-01-16,"— Anayasa Mahkemesinin E: 2001/15 (2253 Sayılı Kanun ile İlgili), K: 2001/73 Sayılı Kararı",https://www.resmigazete.gov.tr/eskiler/2002/01/20020116.htm#7
2002-01-16,— Anayasa Mahkemesinin E: 2001/403 (7397 Sayılı Kanunda Değişiklik Yapan 539 Sayılı KHK ile İlgili) K: 2001/345 Sayılı Kararı,https://www.resmigazete.gov.tr/eskiler/2002/01/20020116.htm#8
2002-01-17,4738 Terörizmin Finansmanının Önlenmesine Dair Uluslararası Sözleşmenin Onaylanmasının Uygun Bulunduğu Hakkında Kanun,https://www.resmigazete.gov.tr/eskiler/2002/01/20020117.htm#1
2002-01-17,"— Devlet Bakanı Mehmet KEÇECİLER’e, Maliye Bakanı Sümer ORAL’ın Vekâlet Etmesine Dair Tezkere",https://www.resmigazete.gov.tr/eskiler/2002/01/20020117.htm#2
2002-01-17,"— Devlet Bakanı Prof. Dr. Ramazan MİRZAOĞLU’na, Tarım ve Köyişleri Bakanı Prof. Dr. Hüsnü Yusuf GÖKALP’in Vekâlet Etmesine Dair Tezkere",https://www.resmigazete.gov.tr/eskiler/2002/01/20020117.htm#3
2002-01-17,"— Bayındırlık ve İskan Bakanlığına, Sağlık Bakanı Doç. Dr. Osman DURMUŞ’un Vekâlet Etmesine Dair Tezkere",https://www.resmigazete.gov.tr/eskiler/2002/01/20020117.htm#4
2002-01-17,"— Ulaştırma Bakanlığına, Milli Savunma Bakanı Sabahattin ÇAKMAKOĞLU’nun Vekâlet Etmesine Dair Tezkere",https://www.resmigazete.gov.tr/eskiler/2002/01/20020117.htm#5
2002-01-17,"— Turizm Bakanlığına, Devlet Bakanı Nejat ARSEVEN’in Vekâlet Etmesine Dair Tezkere",https://www.resmigazete.gov.tr/eskiler/2002/01/20020117.htm#6
2002-01-17,2001/3523 Boru Hatları ile Petrol Taşıma Anonim Şirketi Genel Müdürlüğü Lehine Yapılacak Kamulaştırmalarda 2942 Sayılı Kamulaştırma Kanunu’nun 27 nci Maddesinin Uygulanmasına Dair Karar,https://www.resmigazete.gov.tr/eskiler/2002/01/20020117.htm#7
2002-01-17,2001/3529 Ürünlerin Piyasa Gözetimi ve Denetimine Dair Yönetmelik,https://www.resmigazete.gov.tr/eskiler/2002/01/20020117.htm#8
2002-01-17,"2001/3530 ""CE"" Uygunluk İşaretinin Ürüne İliştirilmesine ve Kullanılmasına Dair Yönetmelik",https://www.resmigazete.gov.tr/eskiler/2002/01/20020117.htm#9
2002-01-17,2001/3531 Uygunluk Değerlendirme Kuruluşları ile Onaylanmış Kuruluşlara Dair Yönetmelik,https://www.resmigazete.gov.tr/eskiler/2002/01/20020117.htm#10
2002-01-17,— Türkiye ve Ortadoğu Amme İdaresi Enstitüsü Genel Müdürlüğü Arşiv Hizmetleri Yönetmeliğinde Değişiklik Yapılmasına Dair Yönetmelik,https://www.resmigazete.gov.tr/eskiler/2002/01/20020117.htm#11
2002-01-17,— Tapu ve Kadastro Genel Müdürlüğü Arşiv Hizmetleri Yönetmeliğinde Değişiklik Yapılmasına Dair Yönetmelik,https://www.resmigazete.gov.tr/eskiler/2002/01/20020117.htm#12
2002-01-17,"— Sporcu Lisans, Tescil, Vize ve Transfer Yönetmeliği EK-3 Listede Değişiklik Yapılmasına Dair Yönetmelik",https://www.resmigazete.gov.tr/eskiler/2002/01/20020117.htm#13
2002-01-17,— Hentbol Müsabaka Yönetmeliğinin 54 üncü Maddesinin Değiştirilmesine Dair Yönetmelik,https://www.resmigazete.gov.tr/eskiler/2002/01/20020117.htm#14
2002-01-17,— Beşeri İspençiyari ve Tıbbi Müstahzarların Tıbbi Tanıtım Yönetmeliğinin Bazı Maddelerinde Değişiklik Yapılmasına Dair Yönetmelik,https://www.resmigazete.gov.tr/eskiler/2002/01/20020117.htm#15
2002-01-17,"Kırmızı Et ve Et Ürünleri Üretim Tesislerinin Kuruluş, Açılış, Çalışma ve Denetleme Usul ve Esaslarına Dair Yönetmelikte Değişiklik Yapılmasına Dair Yönetmelik",https://www.resmigazete.gov.tr/eskiler/2002/01/20020117.htm#16
2002-01-17,— Motorlu Araçların Önden Çarpma Halinde Araçta Bulunan Kişilerin Korunması ile İlgili Tip Onayı Yönetmeliği (96/79/AT),https://www.resmigazete.gov.tr/eskiler/2002/01/20020117.htm#17
2002-01-17,— Turizm Bakanlığı Personeli Görevde Yükselme Yönetmeliğinin Geçici 1 inci Maddesinde Değişiklik Yapılması Hakkında Yönetmelik,https://www.resmigazete.gov.tr/eskiler/2002/01/20020117.htm#18
2002-01-17,— Haliç Üniversitesi Satınalma ve İhale Yönetmeliği,https://www.resmigazete.gov.tr/eskiler/2002/01/20020117.htm#19
2002-01-17,— Yükseköğretim Kanunu ve Yükseköğretim Personel Kanunu Genel Tebliği (Seri No : 17),https://www.resmigazete.gov.tr/eskiler/2002/01/20020117.htm#20
2002-01-17,— Türk Gıda Kodeksi Hızlı Dondurulmuş Gıdaların Sıcaklık Kontrolü İçin Numune Alma ve Analiz Metodları Tebliği (No: 2001/45),https://www.resmigazete.gov.tr/eskiler/2002/01/20020117.htm#21
2002-01-17,— Türk Gıda Kodeksi Gıda Katkı Maddelerinin Saflık Kriterleri Analiz Metodları (No: 2001/46),https://www.resmigazete.gov.tr/eskiler/2002/01/20020117.htm#22
2002-01-17,— 2821 Sayılı Sendikalar Kanunu Gereğince; İşkollarındaki İşçi Sayıları ve Sendikaların Üye Sayılarına İlişkin 2002 Ocak Ayı İstatistikleri Hakkında Tebliğ,https://www.resmigazete.gov.tr/eskiler/2002/01/20020117.htm#23
2002-01-17,— 2002 Yılı Sosyal Sigortalar Kurumu Başkanlığı İlaç Listesi ve Uygulama Talimatı ( Seri No: 2002/1),https://www.resmigazete.gov.tr/eskiler/2002/01/20020117.htm#24
2002-01-17,"— Sermaye Piyasasında Konsolide Mali Tablolara ve İştiraklerin Muhasebeleştirilmesine İlişkin Usul ve Esasla Hakkında Tebliğde Değişiklik Yapılmasına Dair Tebliğ (Seri : XI, No : 22)",https://www.resmigazete.gov.tr/eskiler/2002/01/20020117.htm#25
2002-01-17,"— Yüksek Enflasyon Dönemlerinde Mali Tabloların Düzeltilmesine İlişkin Usul ve Esaslar Hakkında Tebliğde Değişik lik Yapılmasına Dair Tebliğ (Seri No : XI, No : 23)",https://www.resmigazete.gov.tr/eskiler/2002/01/20020117.htm#26
2002-01-17,"— Anayasa Mahkemesinin E: 2000/35 (595 Sayılı Kanun Hükmünde Kararname ile İlgili), K: 2001/90 Sayılı Kararı",https://www.resmigazete.gov.tr/eskiler/2002/01/20020117.htm#27
2002-01-17,"— Anayasa Mahkemesinin E: 2001/276 (4389 ve 1211 Sayılı Kanunlarla İlgili), K: 2001/91 Sayılı Kararı",https://www.resmigazete.gov.tr/eskiler/2002/01/20020117.htm#28
2002-01-17,— Yargıtay 2. ve 18. Hukuk Dairelerine Ait 6 Adet Karar,https://www.resmigazete.gov.tr/eskiler/2002/01/20020117.htm#29
2002-01-17,Uyuşmazlık Mahkemesine Ait 18 Adet Karar,https://www.resmigazete.gov.tr/eskiler/2002/01/20020117.htm#30
2002-01-17,Yüksek Seçim Kurulunun 20 Sayılı Kararı,https://www.resmigazete.gov.tr/eskiler/2002/01/20020117.htm#31
2002-01-17,— Yüksek Seçim Kurulunun 21 Sayılı Kararı,https://www.resmigazete.gov.tr/eskiler/2002/01/20020117.htm#32
2002-01-18,2001/3510 Akaryakıt Tüketim Vergisi Tutarlarının Tespitine İlişkin Karar,https://www.resmigazete.gov.tr/eskiler/2002/01/20020118.htm#1
2002-01-18,— Hâkimler ve Savcılar Yüksek Kurulunun 1553 Sayılı Kararı,https://www.resmigazete.gov.tr/eskiler/2002/01/20020118.htm#2
2002-01-18,— Türkiye ve Orta Do ğu Amme İdaresi Enstitüsü Genel Müdürlüğü İdari Personelinin Görevde Yükselme Yönetmeliğinde Değişiklik Yapılması Hakkında Yönetmelik,https://www.resmigazete.gov.tr/eskiler/2002/01/20020118.htm#3
2002-01-18,— Gençlik ve Spor Genel Müdürlüğü Federasyon Başkanları Seçim Yönetmeliğine Bir Ek Madde Eklenmesine Dair Yönetmelik,https://www.resmigazete.gov.tr/eskiler/2002/01/20020118.htm#4
2002-01-18,— Ma liye Bakanlığı Muhasebat Kontrolörleri Görev ve Çalışma Yönetmeliğinde Değişiklik Yapılmasına Dair Yönetmelik,https://www.resmigazete.gov.tr/eskiler/2002/01/20020118.htm#5
2002-01-18,— Maliye Bakanlığı Tasfiye Kontrolörleri Görev ve Çalışma Yönetmeliğinde Değişiklik Yapılmasına Dair Yönetmelik,https://www.resmigazete.gov.tr/eskiler/2002/01/20020118.htm#6
2002-01-18,— Tekerlekli Tarım veya Orman Traktörlerinin Fren Tertibatı ile İlgili TipOnayı Yönetmeliği (76/432/AT),https://www.resmigazete.gov.tr/eskiler/2002/01/20020118.htm#7
2002-01-18,— Tasarruf Mevduatı Sigorta Fonu Yönetmeliğinde Değişiklik Yapılmasına İlişkin Yönetmelik,https://www.resmigazete.gov.tr/eskiler/2002/01/20020118.htm#8
2002-01-18,— Bakanlıklararası Hac ve Umre Kurulu Kararının Uygulanmasına Dair Tebliğ,https://www.resmigazete.gov.tr/eskiler/2002/01/20020118.htm#9
2002-01-18,— 2002 Mal i Yılı Bütçe Uygulama Talimatı (Sıra No: 5),https://www.resmigazete.gov.tr/eskiler/2002/01/20020118.htm#10
2002-01-18,— 2002 Mali Yılı Bütçe Uygulama Talimatı (Sıra No: 6),https://www.resmigazete.gov.tr/eskiler/2002/01/20020118.htm#11
2002-01-18,— Tohumluk Yetiştiricileri Tarafından Ödenecek Tarla Muayene Laboratuvar Analiz ve Test Ücretleri Hakkında Tebliğ (2002/3),https://www.resmigazete.gov.tr/eskiler/2002/01/20020118.htm#12
2002-01-18,— Dış Ticarette Standardizasyon Tebliğinde Değişiklik Yapılması Hakkında Tebliğ (No : 2002/8),https://www.resmigazete.gov.tr/eskiler/2002/01/20020118.htm#13
2002-01-18,— Denizli Valiliği Mahalli Çevre Kurulu Kararı (No : 10),https://www.resmigazete.gov.tr/eskiler/2002/01/20020118.htm#14
2002-01-18,— Siirt Valiliği Mahalli Çevre Kurulu Kararı (No : 12),https://www.resmigazete.gov.tr/eskiler/2002/01/20020118.htm#15
2002-01-19,4736 Kamu Kurum ve Kuruluşlarının Ürettikleri Mal ve Hizmet Tarifeleri ile Bazı Kanunlarda Değişiklik Yapılması Hakkında Kanun,https://www.resmigazete.gov.tr/eskiler/2002/01/20020119.htm#1
2002-01-19,4737 Endüstri Bölgeleri Kanunu (Endüstri Bölgeleri Kanunu ve Organize Sanayi Bölgeleri Kanununda Değişiklik Yapılması Hakkında Kanun),https://www.resmigazete.gov.tr/eskiler/2002/01/20020119.htm#2
2002-01-19,4740 Terörist Bombalamalarının Önlenmesine İlişkin Uluslararası Sözleşmenin Onaylanmasının Uygun Bulunduğuna Dair Kanun,https://www.resmigazete.gov.tr/eskiler/2002/01/20020119.htm#3
2002-01-19,4741 190 Sayılı Kanun Hükmünde Kararnamenin Eki Cetvellerin Sayıştay Başkanlığına Ait Bölümünde Değişiklik Yapılmasına Dair Kanun,https://www.resmigazete.gov.tr/eskiler/2002/01/20020119.htm#4
2002-01-19,"— Devlet Bakanı Edip Safder GAYDALI’ya, İçişleri Bakanı Rüştü Kazım YÜCELEN’in Vekâlet Etmesine Dair Tezkere",https://www.resmigazete.gov.tr/eskiler/2002/01/20020119.htm#5
2002-01-19,2001/3500 6762 Sayılı Türk Ticaret Kanununun 272 ve 507 nci Maddelerinde Anonim ve Limited Şirketler İçin Öngörülen Asgari Esas Sermaye Miktarlarının Artırılmasına İlişkin Karar,https://www.resmigazete.gov.tr/eskiler/2002/01/20020119.htm#6
2002-01-19,2001/3501 Enerji Piyasası Düzenleme Kurumu Teşkilatı ve Personelinin Çalışma Usul ve Esasları Hakkında Yönetmeli,https://www.resmigazete.gov.tr/eskiler/2002/01/20020119.htm#7
2002-01-19,— Anayasa Mahkemesinin E : 2001/9 (4615 Sayılı Kanun ile İlgili) K : 2001/56 Sayılı Kararı,https://www.resmigazete.gov.tr/eskiler/2002/01/20020119.htm#8
2002-01-19,Anayasa Mahkemesinin E : 2001/232 (4077 Sayılı Kanun ile İlgili) K : 2001/89 Sayılı Kararı,https://www.resmigazete.gov.tr/eskiler/2002/01/20020119.htm#9
2002-01-20,"— Devlet Bakanı Fikret ÜNLÜ’ye, Devlet Bakanı Mustafa YILMAZ’ın Vekâlet Etmesine Dair Tezkere",https://www.resmigazete.gov.tr/eskiler/2002/01/20020120.htm#1
2002-01-20,— Başbakanlık Teftiş Kurulu Deprem Hesaplarının Denetleme Komisyonunun 19/01-38 Sayılı Kararı,https://www.resmigazete.gov.tr/eskiler/2002/01/20020120.htm#2
2002-01-20,İçel Valiliği Mahalli Çevre Kurulu Kararı (No : 2001/7),https://www.resmigazete.gov.tr/eskiler/2002/01/20020120.htm#3
2002-01-21,"— Devlet, Ulaştırma, Sanayi ve Ticaret ile Çevre Bakanlıklarına Ait Atama Kararları",https://www.resmigazete.gov.tr/eskiler/2002/01/20020121.htm#1
2002-01-21,2001/3541 Karayoluyla Uluslararası Yolcu ve Eşya Taşımaları Hakkında Yönetmelikte Değişiklik Yapılmasına Dair Yönetme lik,https://www.resmigazete.gov.tr/eskiler/2002/01/20020121.htm#2
2002-01-21,— Motorlu Araçların Belirli Sınıflarının İç Yapılarında Kullanılan Malzemelerin Yanma Davranışı ile İlgili Tip Onayı Yönetmeliği (95/28/AT,https://www.resmigazete.gov.tr/eskiler/2002/01/20020121.htm#3
2002-01-21,— 2002 Mali Yılı Bütçe Uygulama Talimatı (Sıra No : 2),https://www.resmigazete.gov.tr/eskiler/2002/01/20020121.htm#4
2002-01-21,— 2002 Mali Yılı Bütçe Uygulama Talimatı (Tasfiye Edilen Fonlar) (Sıra No : 3),https://www.resmigazete.gov.tr/eskiler/2002/01/20020121.htm#5
2002-01-21,— Kurumlar Vergisi Genel Tebliği (Seri No : 74),https://www.resmigazete.gov.tr/eskiler/2002/01/20020121.htm#6
2002-01-22,734 Kamu İhale Kanunu,https://www.resmigazete.gov.tr/eskiler/2002/01/20020122.htm#1
2002-01-22,4735 Kamu İhale Sözleşmeleri Kanunu,https://www.resmigazete.gov.tr/eskiler/2002/01/20020122.htm#2
2002-01-22,"— Devlet Bakanı ve Başbakan Yardımcısı Mesut YILMAZ’a, Devlet Bakanı Dr. Yılmaz KARAKOYUNLU’nun Vekâlet Etmesine D air Tezkere",https://www.resmigazete.gov.tr/eskiler/2002/01/20020122.htm#3
2002-01-22,"— Enerji ve Tabii Kaynaklar Bakanlığına, Devlet Bakanı Mehmet KEÇECİLER’in Vekâlet Etmesine Dair Tezkere",https://www.resmigazete.gov.tr/eskiler/2002/01/20020122.htm#4
2002-01-22,— Petrol Ürünlerine Uygulanacak Akaryakıt Fiyat İstikrar Payları Hakkında Tebliğ (PİGM/AFİP 2002-4),https://www.resmigazete.gov.tr/eskiler/2002/01/20020122.htm#5
2002-01-23,2001/3515 Türkiye-Polonya Kara Ulaştırması Karma Komisyon Toplantısı Protokolü’nün Onaylanması Hakkında Karar,https://www.resmigazete.gov.tr/eskiler/2002/01/20020123.htm#1
2002-01-23,2001/3514 3105 Kişinin Türk Vatandaşlığından Çıkmasına İzin Verilmesi ve Çeşitli Kararnameler ile Türk Vatandaşlığından Çıkmalarına İzin Verilen 2 Kişiyle İlgili Bazı Maddi Hataların Düzeltilmesi Hakkında Karar,https://www.resmigazete.gov.tr/eskiler/2002/01/20020123.htm#2
2002-01-23,2001/3490 Türkiye Elektrik İletim Anonim Şirketi Genel Müdürlüğü ve Elektrik Üretim Anonim Şirketi Genel Müdürlüğü Lehine Yapılacak Kamulaştırmalarda 2942 Sayılı Kamulaştırma Kanunu’nun 27 nci Maddesinin Uygulanmasına Dair Karar,https://www.resmigazete.gov.tr/eskiler/2002/01/20020123.htm#3
2002-01-23,— Enerji ve Tabii Kaynaklar Bakanlığına Ait3 Adet Atama Kararı,https://www.resmigazete.gov.tr/eskiler/2002/01/20020123.htm#4
2002-01-23,"— Gemi ve Deniz Araçlarının İnşası, Tadilatı, Bakım-Onarımlarında Uygulanacak Hususlara İlişkin Yönetmelik",https://www.resmigazete.gov.tr/eskiler/2002/01/20020123.htm#5
2002-01-23,— Aliağa Liman Yönetmeliğinin 21 inci Maddesinin Değiştirilmesi Hakkında Yönetmelik,https://www.resmigazete.gov.tr/eskiler/2002/01/20020123.htm#6
2002-01-23,— Nemrut Koyu Liman Yönetmeliğinin 22 nci Maddesinin Değiştirilmesi Hakkında Yönetmelik,https://www.resmigazete.gov.tr/eskiler/2002/01/20020123.htm#7
2002-01-23,— Türk Gıda Kodeksi Yönetmeliğinde Değişiklik Yapılması Hakkında Yönetmelik,https://www.resmigazete.gov.tr/eskiler/2002/01/20020123.htm#8
2002-01-23,— Turizm Bakanlığı Aday Memurları Yetiştirme Yönetmeliği,https://www.resmigazete.gov.tr/eskiler/2002/01/20020123.htm#9
2002-01-23,— Uydu Yayını Lisans ve İzin Yönetmeliğinin Bazı Maddelerinin Değiştirilmesi Hakkında Yönetmelik,https://www.resmigazete.gov.tr/eskiler/2002/01/20020123.htm#10
2002-01-23,— Telekomünikasyon Kurumunun Teşkilat ve Görevleri ile Çalışma Usul ve Esasları Hakkında Yönetmelikte Değişiklik Yapılmasına Dair Yönetmelik,https://www.resmigazete.gov.tr/eskiler/2002/01/20020123.htm#11
2002-01-23,— Yükseköğretim Kurulu Teşkilatı ve Çalışma Usulleri Yönetmeliğinin 42 nci Maddesinin Değiştirlmesi Hakkında Yönetmelik,https://www.resmigazete.gov.tr/eskiler/2002/01/20020123.htm#12
2002-01-23,— İstanbul Ticaret Üniversitesi Önlisans ve Lisans Eğitim-Öğretim ve Sınav Yönetmeliği,https://www.resmigazete.gov.tr/eskiler/2002/01/20020123.htm#13
2002-01-23,— İstanbul Ticaret Üniversitesi İngilizce Hazırlık Sınıfı Yönetmeliği,https://www.resmigazete.gov.tr/eskiler/2002/01/20020123.htm#14
2002-01-23,— İstanbul Ticaret Üniversitesi Burs Yönetmeliği,https://www.resmigazete.gov.tr/eskiler/2002/01/20020123.htm#15
2002-01-23,— İzmir Ekonomi Üniversitesi Lisansüstü Eğitim-Öğretim Yönetmeliği,https://www.resmigazete.gov.tr/eskiler/2002/01/20020123.htm#16
2002-01-23,"— 200 2 Malî Yılı Bütçe Kanununun Kadro, Pozisyon ve İstihdama İlişkin Hükümlerinin Uygulanması Esasları Hakkında Tebliğ (No : 1)",https://www.resmigazete.gov.tr/eskiler/2002/01/20020123.htm#17
2002-01-23,— Petrol Ürünlerine Uygulanacak Akaryakıt Fiyat İstikrar Payları Hakkında Tebliğ (PİGM/AFİP 2002-5),https://www.resmigazete.gov.tr/eskiler/2002/01/20020123.htm#18
2002-01-23,— 2001 Yılı Aralık Ayına Ait Yatırım Teşvik Belgelerinin Sektörel Dağılımı Hakkında Tebliğ,https://www.resmigazete.gov.tr/eskiler/2002/01/20020123.htm#19
2002-01-23,— 2001 Yılı Aralık Ayına Ait Yabancı Sermayeli Yatırım Teşvik Belgelerinin Sektörel Dağılımı Hakkında Tebliğ,https://www.resmigazete.gov.tr/eskiler/2002/01/20020123.htm#20
2002-01-23,— Dış Ticaret Müsteşarlığına Ait 16 Adet Tebliğ,https://www.resmigazete.gov.tr/eskiler/2002/01/20020123.htm#21
2002-01-23,— TIR Uygulama Tebliği,https://www.resmigazete.gov.tr/eskiler/2002/01/20020123.htm#22
2002-01-23,— Kamu İktisadi Teşebbülerince İşletilen Limanların Deniz Sınırlarının ve Koordinatlarının Belirlenmesine İlişkin Tebliğ (No : 2002/1),https://www.resmigazete.gov.tr/eskiler/2002/01/20020123.htm#23
2002-01-23,— Yalova Valiliği Mahalli Çevre Kurulu Kararı (No : 2001/12),https://www.resmigazete.gov.tr/eskiler/2002/01/20020123.htm#24
2002-01-24,Karadeniz Teknik Üniversitesi Lisansüstü Eğitim-Öğretim Yönetmeliğinin 10 uncu Maddesinde Değişiklik Yapılmasına İlişkin Yönetmelik,https://www.resmigazete.gov.tr/eskiler/2002/01/20020124.htm#1
2002-01-24,— Ondokuz Mayıs Üniversitesi Eğitim-Öğretim ve Sınav Yönetmeliğinin Bazı Maddelerinin Değiştirilmesine Dair Yönetmelik,https://www.resmigazete.gov.tr/eskiler/2002/01/20020124.htm#2
2002-01-24,— Ocak 2002 Tarihinden Geçerli Olarak Kontrole Tabi Tutulacak Harp Silâh ve Mühimmat Sanayi Listesi ile İlgili Tebliğ,https://www.resmigazete.gov.tr/eskiler/2002/01/20020124.htm#3
2002-01-24,Mecburî Standard Tebliğinde Değişiklik Yapılmasına Dair Tebliğ (No : ÖSG-2002/2),https://www.resmigazete.gov.tr/eskiler/2002/01/20020124.htm#4
2002-01-24,— Rekabet Kurul unun 00-29/307-174 Sayılı Kararı,https://www.resmigazete.gov.tr/eskiler/2002/01/20020124.htm#5
2002-01-24,— Rekabet Kurulunun 00-29/329-185 Sayılı Kararı,https://www.resmigazete.gov.tr/eskiler/2002/01/20020124.htm#6
2002-01-24,— Rekabet Kurulunun 00-41/450-245 Sayılı Kararı,https://www.resmigazete.gov.tr/eskiler/2002/01/20020124.htm#7
2002-01-24,— Rekabet Kurulunun 00-50/531-293 Sayılı Kararı,https://www.resmigazete.gov.tr/eskiler/2002/01/20020124.htm#8
2002-01-24,— Rekabet Kurulunun 99-38/399-255 Sayılı Kararı,https://www.resmigazete.gov.tr/eskiler/2002/01/20020124.htm#9
2002-01-24,— Rekabet Kurulunun 99-38/398-254 Sa yılı Kararı,https://www.resmigazete.gov.tr/eskiler/2002/01/20020124.htm#10
2002-01-25,"— Devlet Bakanı Prof. Dr. Ramazan MİRZAOĞLU’na, Tarım ve Köyişleri Bakanı Prof. Dr. Hüsnü Yusuf GÖKALP’in Vekâlet Etmesine Dair Tezkere",https://www.resmigazete.gov.tr/eskiler/2002/01/20020125.htm#1
2002-01-25,"2001/3534 Ankara Anonim Türk Sigorta Şirketi Memur ve Hizmetlileri Sağlık ve Emeklilik Sandığı Vakfı’nın, Bütün Aktif ve Pasifleriyle Birlikte Sosyal Sigortalar Kurumu’na Devredilmesi Hakkında Karar",https://www.resmigazete.gov.tr/eskiler/2002/01/20020125.htm#2
2002-01-25,— Petrol Ürünlerine Uygulanacak Akaryakıt Fiyat İstikrar Payları Hakkında Tebliğ (PİGM/AFİP 2002-6),https://www.resmigazete.gov.tr/eskiler/2002/01/20020125.htm#3
2002-01-25,— Kimyasal Silahlar Sözleşmesi Ekinde Yer Alan Kimyasal Maddelerin İhracatına İlişkin Tebliğ (No : 2002/1),https://www.resmigazete.gov.tr/eskiler/2002/01/20020125.htm#4
2002-01-25,— Litvanya Menşeli Bazı Tekstil ve Konfeksiyon Ürünleri İthalatında Tarife Kontenjanı Uygulanmasına İlişkin Tebliğ,https://www.resmigazete.gov.tr/eskiler/2002/01/20020125.htm#5
2002-01-26,"— Sağlık Bakanlığına Bağlı Eğitim Kurumlarını Hizmete Açma, Kapatma ve Bunlara Ad Verme Usul ve Esaslarına Dair Yönetmeliğin EK-2 Sayılı Cetvelinde Değişiklik Yapılmasına Dair Yönetmelik",https://www.resmigazete.gov.tr/eskiler/2002/01/20020126.htm#1
2002-01-26,— Galatasaray Üniversitesi Sosyal Bilimler Enst itüsü Lisansüstü Eğitim ve Öğretim Yönetmeliğinin Bazı Maddelerinde Değişiklik Yapılmasına Dair Yönetmelik,https://www.resmigazete.gov.tr/eskiler/2002/01/20020126.htm#2
2002-01-26,"— Kamu İktisadi Teşebbüsleri ve Bağlı Ortaklıklarında Çalışan Sözleşmeli ve Kapsam Dışı Personel ile Aynı Kuruluşların Yönetim Kurulu Başkan ve Üyeleri, Denetçi ve Tasfiye Kurulu Üyelerine 2001 Yılının İkinci Yarısında Ödenecek Ücretlerin Tespitine İlişkin Tebliğ (No : 2002/2)",https://www.resmigazete.gov.tr/eskiler/2002/01/20020126.htm#3
2002-01-26,"— 2002 Mali Yılı Bütçe Uygulama Talimatı (Seri No: 7) (Kadro, Pozisyon ve İstihdam Esasları)",https://www.resmigazete.gov.tr/eskiler/2002/01/20020126.htm#4
2002-01-26,"— Serbest Muhasebecilik, Serbest Muhasebeci Mali Müşavirlik ve Yeminli Mali Müşavirlik Kanunu Genel Tebliği (Sıra No : 32)",https://www.resmigazete.gov.tr/eskiler/2002/01/20020126.htm#5
2002-01-26,— Harçlar Kanunu Genel Tebliği (Seri No : 39),https://www.resmigazete.gov.tr/eskiler/2002/01/20020126.htm#6
2002-01-26,— Petrol Ürünlerine Uygulanacak Akaryakıt Fiyat İstikrar Payları Hakkında Tebliğ (PİGM/AFİP 2002-7),https://www.resmigazete.gov.tr/eskiler/2002/01/20020126.htm#7
2002-01-26,— Merkezi Düzce İlinde Olmak Üzere Kurulacak veya Kurulmuş Olan Şirketlerin Kuruluş ve Anasözleşme Değişikliğine İlişkin İşlemler Hakkında Sirküler (İç Ticaret 2002/1),https://www.resmigazete.gov.tr/eskiler/2002/01/20020126.htm#8
2002-01-26,— Anayasa Mahkemesinin E : 2001/382 (4706 Sayılı Kanun ile İlgili) K : 2002/2 Sayılı Kararı,https://www.resmigazete.gov.tr/eskiler/2002/01/20020126.htm#9
2002-01-27,2001/3497 Hava Seyrüsefer Bilgilerine İlişkin Uydu Dağıtım Sistemi (SADIS) Maliyet Paylaşımı Anlaşması’na Katılmamız Hakkında Karar,https://www.resmigazete.gov.tr/eskiler/2002/01/20020127.htm#1
2002-01-27,— 2002 Mali Yılı Bütçe Uygulama Talimatı (Sıra No: 8),https://www.resmigazete.gov.tr/eskiler/2002/01/20020127.htm#2
2002-01-27,— Muhasebat Genel Müdürlüğü Genel Tebliği (Sıra No : 588),https://www.resmigazete.gov.tr/eskiler/2002/01/20020127.htm#3
2002-01-27,— Yeml erin İthalatında İstenecek Belgeler Hakkında Tebliğ (No : 2002/4),https://www.resmigazete.gov.tr/eskiler/2002/01/20020127.htm#4
2002-01-27,— Bandrol Uygulanmasına İlişkin Kurulacak Denetim Komisyonlarının Çalışma Usul ve Esasları Hakkında Tebliğ,https://www.resmigazete.gov.tr/eskiler/2002/01/20020127.htm#5
2002-01-27,— Gümrük Genel Tebliğinde Değişiklik Yapılmasına Dair Tebliğ (Gümrük İşlemleri) (Seri No : 13),https://www.resmigazete.gov.tr/eskiler/2002/01/20020127.htm#6
2002-01-27,— Rekabet Kurulunun 99-8/65-22 Sayılı Kararı,https://www.resmigazete.gov.tr/eskiler/2002/01/20020127.htm#7
2002-01-27,— Rekabet Kurulunun 99-21/189-105 Sayılı Kararı,https://www.resmigazete.gov.tr/eskiler/2002/01/20020127.htm#8
2002-01-27,— Rekabet Kurulunun 99-22/197-113 Sayılı Kararı,https://www.resmigazete.gov.tr/eskiler/2002/01/20020127.htm#9
2002-01-27,— Rekabet Kurulunun 99-22/199-115 Sayılı Kararı,https://www.resmigazete.gov.tr/eskiler/2002/01/20020127.htm#10
2002-01-27,— Rekabet Kurulunun 99-47/507-323 Sayılı Kararı,https://www.resmigazete.gov.tr/eskiler/2002/01/20020127.htm#11
2002-01-27,— Re kabet Kurulunun 01-27/262-76 Sayılı Kararı,https://www.resmigazete.gov.tr/eskiler/2002/01/20020127.htm#12
2002-01-28,Adnan Menderes Üniversitesi Öğrenci Sağlık İşleri ve Sağlık Raporları Yönetmeliğinin 5 inci Maddesinin Değiştirilmesi Hakkında Yönetmelik,https://www.resmigazete.gov.tr/eskiler/2002/01/20020128.htm#1
2002-01-28,— Trakya Üniversitesi Lisansüstü Eğitim-Öğretim Yönetmeliğinin 2 nci Maddesinde Değişiklik Yapılmasına Dair Yönetmelik,https://www.resmigazete.gov.tr/eskiler/2002/01/20020128.htm#2
2002-01-28,— Trakya Üniversitesi Tıp Fakültesi Eğitim-Öğretim ve Sınav Yönetmeliğinin 21 ve 34 üncü Maddelerinin Değiştirilmesine Dair Yönetmelik,https://www.resmigazete.gov.tr/eskiler/2002/01/20020128.htm#3
2002-01-28,— 2001 Yılı Aralık Ayına Ait Dahilde İşleme İzin Belgelerinin Sektörel Dağılımı Hakkında Tebliğ,https://www.resmigazete.gov.tr/eskiler/2002/01/20020128.htm#4
2002-01-28,— 2001 Yılı Aralık Ayına Ait Yurt İçi Satış Teslimler ile İlgili Belgelerin Sektörel Dağılımı Hakkında Tebliğ,https://www.resmigazete.gov.tr/eskiler/2002/01/20020128.htm#5
2002-01-28,— 2001 Yılı Aralık Ayına Ait Hariçte İşleme İzin Belgelerinin Sektörel Dağılımı Hakkında Tebliğ,https://www.resmigazete.gov.tr/eskiler/2002/01/20020128.htm#6
2002-01-28,— 2001 Yılı Aralık Ayın a Ait Vergi Resim ve Harç İstisnası Belgelerinin Sektörel Dağılımı Hakkında Tebliğ,https://www.resmigazete.gov.tr/eskiler/2002/01/20020128.htm#7
2002-01-29,4742 Türkiye Cumhuriyeti Hükümeti ile İsrail Devleti Hükümeti Arasında Kara Taşımacılığı Alanında İlkeler Muhtırasının Onaylanmasının Uygun Bulunduğuna Dair Kanun,https://www.resmigazete.gov.tr/eskiler/2002/01/20020129.htm#1
2002-01-29,2001/3537 Türk-Romen K arma Ekonomik Komisyonu 20. Dönem Toplantısı Protokolu’nun Onaylanması Hakkında Karar,https://www.resmigazete.gov.tr/eskiler/2002/01/20020129.htm#2
2002-01-29,"— Devlet Bakanı Dr. Reşat DOĞRU’ya, Devlet Bakanı Faruk BAL’ın Vekâlet Etmesine Dair Tezkere",https://www.resmigazete.gov.tr/eskiler/2002/01/20020129.htm#3
2002-01-29,"— Dışişleri Bakanlığına, Devlet Bakanı Prof. Dr. Şükrü S. GÜREL’in Vekâlet Etmesine Dair Tezkere",https://www.resmigazete.gov.tr/eskiler/2002/01/20020129.htm#4
2002-01-29,"— Kültür Bakanlığına, Devlet Bakanı Fikret ÜNLÜ’nün Vekâlet Etmesine Dair Tezkere",https://www.resmigazete.gov.tr/eskiler/2002/01/20020129.htm#5
2002-01-29,2002/3547 Devlet Planlama Teşkilatı Müsteşarlığı Avrupa Birliği ile İlişkiler Genel Müdürlüğü Bünyesinde (1) Adet Daire Başkanlığı Kurulması Hakkında Karar,https://www.resmigazete.gov.tr/eskiler/2002/01/20020129.htm#6
2002-01-29,2002/3548 Büyükşehir Belediyelerine Genel Bütçe Gelirleri Tahsilat Toplamı Üzerinden Ayrılacak Pay Hakkında Karar,https://www.resmigazete.gov.tr/eskiler/2002/01/20020129.htm#7
2002-01-29,— Radyo ve Televizyon Üst Kurulu Kablolu Yayın Lisans ve İzin Yönetmeliğinde Değişiklik Yapılmasına Dair Yönetmelik,https://www.resmigazete.gov.tr/eskiler/2002/01/20020129.htm#8
2002-01-29,— Radyo ve Televizyon Üst Kurulu Kapalı Devre Televizyon Yayınları Yönetmeliğinde Değişiklik Yapılmasına Dair Yönetmelik,https://www.resmigazete.gov.tr/eskiler/2002/01/20020129.htm#9
2002-01-29,— Sivas Valiliği Mahalli Çevre Kurulu Kararı (No: 2002/1),https://www.resmigazete.gov.tr/eskiler/2002/01/20020129.htm#10
2002-01-29,— Yüksek Seçim Kurulunun 46 Numaralı Kararı,https://www.resmigazete.gov.tr/eskiler/2002/01/20020129.htm#11
2002-01-30,"— Başbakanlığa, Devlet Bakanı ve Başbakan Yardımcısı Dr. Devlet BAHÇELİ’nin Vekâlet Etmesine Dair Tezkere",https://www.resmigazete.gov.tr/eskiler/2002/01/20020130.htm#1
2002-01-30,"— Devlet Bakanı Dr. Kemal DERVİŞ’e, Orman Bakanı Prof. Dr. Nami ÇAĞAN’ın Vekâlet Etmesine Dair Tezkere",https://www.resmigazete.gov.tr/eskiler/2002/01/20020130.htm#2
2002-01-30,"— Dışişleri Bakanlığına, Devlet Bakanı Prof. Dr. Şükrü S.GÜREL’in Vekâlet Etmesine Dair Tezkere",https://www.resmigazete.gov.tr/eskiler/2002/01/20020130.htm#3
2002-01-30,"— Ulaştırma Bakanlığına, Bayındırlık ve İskan Bakanı Prof. Dr.Abdülkadir AKCAN’ın Vekâlet Etmesine Dair Tezkere",https://www.resmigazete.gov.tr/eskiler/2002/01/20020130.htm#4
2002-01-30,"— Çalışma ve Sosyal Güvenlik Bakanlığına, Enerji ve Tabii Kaynaklar Bakanı Zeki ÇAKAN’ın Vekâlet Etmesine Dair Tezkere",https://www.resmigazete.gov.tr/eskiler/2002/01/20020130.htm#5
2002-01-30,2001/3540 2574 Kişinin Türk Vatandaşlığından Çıkmasına İzin Verilmesi ve Çeşitli Kararnameler ile Türk Vatandaşlığından Çıkmalarına İzin Verilen 24 Kişiyle İlgili Bazı Maddi Hataların Düzeltilmesi Hakkında Karar,https://www.resmigazete.gov.tr/eskiler/2002/01/20020130.htm#6
2002-01-30,"— Devlet Bakanı ve Başbakan Yardımcılığı , İçişleri, Milli Eğitim, Bayındırlık ve İskan, Tarım ve Köyişleri, Çalışma ve Sosyal Güvenlik ile Orman Bakanlıklarına Ait 9 Adet Atama Kararı",https://www.resmigazete.gov.tr/eskiler/2002/01/20020130.htm#7
2002-01-30,— Belirli Motorlu Araç Sınıflarının ve Römorklarının Frenleme Düzenekleri ile İlgili Tip Onayı Yönetmeliği (71/320/AT),https://www.resmigazete.gov.tr/eskiler/2002/01/20020130.htm#8
2002-01-30,— Sulak Alanların Korunması Yönetmeliği,https://www.resmigazete.gov.tr/eskiler/2002/01/20020130.htm#9
2002-01-30,— Enerji Piyasası Düzenleme Kurulu Kararı (No: 15),https://www.resmigazete.gov.tr/eskiler/2002/01/20020130.htm#10
2002-01-30,— İşkolu Tespit Kararı (No: 2002/1),https://www.resmigazete.gov.tr/eskiler/2002/01/20020130.htm#11
2002-01-30,— İşkolu Tespit Kararı (No: 2002/2),https://www.resmigazete.gov.tr/eskiler/2002/01/20020130.htm#12
2002-01-30,— İşkolu Tespit Kararı (No: 2002/3),https://www.resmigazete.gov.tr/eskiler/2002/01/20020130.htm#13
2002-01-30,— 4447 sayılı İşsizlik Sigortası Kanununun Uygulanmasına İlişkin Tebliğ (Tebliğ No: 3),https://www.resmigazete.gov.tr/eskiler/2002/01/20020130.htm#16
2002-01-30,— Kamu İktisadî Teşebbüslerince İşletilen Limanların Deniz Sınırlarının ve Koordinatlarının Belirlenmesine İlişkin Tebliğde Değişiklik Yapılmasına Dair Tebliğ (Tebliğ No: 2002/2),https://www.resmigazete.gov.tr/eskiler/2002/01/20020130.htm#14
2002-01-30,— Yargıtay 14. Hukuk Dairesine Ait Karar,https://www.resmigazete.gov.tr/eskiler/2002/01/20020130.htm#15
2002-01-31,2002/3545 Yurt Dışına Çıkışlarda Harç Alınmasına İlişkin Usul ve Esaslar Hakkında Kararda Değişiklik Yapılmasına İlişkin Karar,https://www.resmigazete.gov.tr/eskiler/2002/01/20020131.htm#1
2002-01-31,2002/3550 6183 Sayılı Amme Alacaklarının Tahsil Usulü Hakkında Kanunun 51 inci Maddesine Göre Uygulanmakta Olan Gecikme Zammı Nispeti ile İlgili Ekli Karar'ın Yürürlüğe Konulması Hakkında Karar,https://www.resmigazete.gov.tr/eskiler/2002/01/20020131.htm#2
2002-01-31,— Danıştay İçtüzüğü,https://www.resmigazete.gov.tr/eskiler/2002/01/20020131.htm#3
2002-01-31,— Danıştay Tetkik Hakimlerinin Görev Yaptıkları Daire ve Kurulların Değiştirilmesinde Uygulanacak Esaslara İlişkin Yönetmelik,https://www.resmigazete.gov.tr/eskiler/2002/01/20020131.htm#4
2002-01-31,— Yurt Dışına Gönderilecek Danıştay Meslek Mensuplarının Seçimleri ile Diğer Esasların Belirlenmesine İlişkin Yönetmelik,https://www.resmigazete.gov.tr/eskiler/2002/01/20020131.htm#5
2002-01-31,— Danıştay Tasnif ve Yayın Bürosu Kuruluş ve Görev Yönetmeliği,https://www.resmigazete.gov.tr/eskiler/2002/01/20020131.htm#6
2002-01-31,— Danıştay Arşiv Yönetmeliği,https://www.resmigazete.gov.tr/eskiler/2002/01/20020131.htm#7
2002-01-31,— Danıştay Kıyafet Yönetmeliği,https://www.resmigazete.gov.tr/eskiler/2002/01/20020131.htm#8
2002-01-31,— Danıştay Memurları Sicil Amirleri Yönetmeliği,https://www.resmigazete.gov.tr/eskiler/2002/01/20020131.htm#9
2002-01-31,— Danıştay Memurları Disiplin Kurulu ve Disiplin Amirleri Yönetmeliği,https://www.resmigazete.gov.tr/eskiler/2002/01/20020131.htm#10
2002-01-31,— Danıştay Personelinin Görevde Yükselme Yönetmeliğinin Bazı Maddelerinin Değiştirilmesi Hakkında Yönetmelik,https://www.resmigazete.gov.tr/eskiler/2002/01/20020131.htm#11
2002-01-31,— Emniyet Hizmetleri Sınıfı Mensupları Kıyafet Yönetmeliğinde Değişiklik Yapılmasına Dair Yönetmelik,https://www.resmigazete.gov.tr/eskiler/2002/01/20020131.htm#12
2002-01-31,— Emniyet Teşkilatında Çalışan Yardımcı Hizmetler Personeli Kıyafet Yönetmeliğinde Değişiklik Yapılmasına Dair Yönetmelik,https://www.resmigazete.gov.tr/eskiler/2002/01/20020131.htm#13
2002-01-31,— Bankaların Kuruluş ve Faaliyetleri Hakkında Yönetmelikte Değişiklik Yapılmasına Dair Yönetmelik,https://www.resmigazete.gov.tr/eskiler/2002/01/20020131.htm#14
2002-01-31,— “Yabancı Para Net Genel Pozisyon/Özkaynak” Standart Oranının Bankalarca Konsolide ve Konsolide Olmayan Bazda Hesaplanmasına ve Uygulanmasına İlişkin Esaslar Hakkında Yönetmelik,https://www.resmigazete.gov.tr/eskiler/2002/01/20020131.htm#15
2002-01-31,— Bankaların Sermaye Yeterliliğinin Ölçülmesine ve Değerlendirilmesine İlişkin Yönetmelik,https://www.resmigazete.gov.tr/eskiler/2002/01/20020131.htm#16
2002-01-31,— Kırıkkale Üniversitesi Önlisans ve Lisans Eğitim-Öğretim ve Sınav Yönetmeliğinde Değişiklik Yapılmasına Dair Yönetmelik,https://www.resmigazete.gov.tr/eskiler/2002/01/20020131.htm#17
2002-01-31,"— Osmangazi Üniversitesi Önlisans, Lisans Öğretim ve Sınav Yönetmeliğinin 17 ve 18 inci Maddelerinin Değiştirilmesi Hakkında Yönetmelik",https://www.resmigazete.gov.tr/eskiler/2002/01/20020131.htm#18
2002-01-31,— Akaryakıt Tüketim Vergisi Genel Tebliği (Seri No: 6),https://www.resmigazete.gov.tr/eskiler/2002/01/20020131.htm#19
2002-01-31,— Vergi Usul Kanunu Genel Tebliği (Sıra No: 303),https://www.resmigazete.gov.tr/eskiler/2002/01/20020131.htm#20
2002-01-31,— 3417 Sayılı Çalışanların Tasarrufa Teşvik Edilmesi ve Bu Tasarrufların Değerlendirilmesine Dair Kanun Hakkında Tebliğ (Seri No: 2002/1),https://www.resmigazete.gov.tr/eskiler/2002/01/20020131.htm#21
2002-01-31,"— Yatırım Fonlarına İlişkin Esaslar Tebliğinde Değişiklik Yapılmasına Dair Tebliğ (Seri: VII, No: 19)",https://www.resmigazete.gov.tr/eskiler/2002/01/20020131.htm#22
2002-02-01,2002/3555 T.C. Ziraat Bankası A.Ş. ve T. Halk Bankası A.Ş.’nin Yeniden Yapılandırma ve Özelleştirmeye Hazırlık Planlarının Uygulama Esas ve Usullerine İlişkin Karar,https://www.resmigazete.gov.tr/eskiler/2002/02/20020201.htm#1
2002-02-01,— Bankacılık Sektörü Yeniden Yapılandırma Programının Uygulama Esas ve Usulleri Hakkında Yönetmelik,https://www.resmigazete.gov.tr/eskiler/2002/02/20020201.htm#2
2002-02-01,— 4389 Sayılı Bankalar Kanununun Geçici 4 üncü Maddesi Uyarınca Yapılacak Özel Bağımsız Denetimin Esas ve Usulleri Hakkında Yönetmelik,https://www.resmigazete.gov.tr/eskiler/2002/02/20020201.htm#3
2002-02-01,— Petrol Ürünlerine Uygulanacak Akary akıt Fiyat İstikrar Payları Hakkında Tebliğ (PİGM/AFİP 2002-8),https://www.resmigazete.gov.tr/eskiler/2002/02/20020201.htm#4
2002-02-01,Mülga Dış Krediler Kur Farkı Fonu’ndan Kullanılmış Kredilere Uygulanacak Değişken Faiz Oranı Hakkında Tebliğ,https://www.resmigazete.gov.tr/eskiler/2002/02/20020201.htm#5
2002-02-02,731 Maden Kaynaklarının Değerlendirilmesi ve Madencilik Sektörünün İçinde Bulunduğu Durum ile Bor ve Altın Madenleri Konusunda Bir Meclis Araştırması Komisyonu Kurulmasına İlişkin Karar,https://www.resmigazete.gov.tr/eskiler/2002/02/20020202.htm#1
2002-02-02,— Hükümlü Hasan YILDIZ’ın Cezasının Kaldırılması Hakkında Karar (No: 2002/5),https://www.resmigazete.gov.tr/eskiler/2002/02/20020202.htm#2
2002-02-02,— Hükümlü Atilla SELÇUK’un Cezasının Kaldırılması Hakkında Karar (No: 2002/6),https://www.resmigazete.gov.tr/eskiler/2002/02/20020202.htm#3
2002-02-02,"— Milli Savunma, Milli Eğitim, Bayındırlık ve İskan Bakanlığı ile S anayi ve Ticaret Bakanlığına Ait Atama Kararları",https://www.resmigazete.gov.tr/eskiler/2002/02/20020202.htm#4
2002-02-02,— Akdeniz Üniversitesi Sosyal Bilimler Enstitüsü Lisansüstü Eğitim ve Öğretim Yönetmeliğinin Bazı Maddelerinde Değişiklik Yapılmasına Dair Yönetmelik,https://www.resmigazete.gov.tr/eskiler/2002/02/20020202.htm#5
2002-02-02,— Tahsilat Genel Tebliği (Seri N o: 421),https://www.resmigazete.gov.tr/eskiler/2002/02/20020202.htm#6
2002-02-02,— Tahsilat Genel Tebliği (Seri No: 422),https://www.resmigazete.gov.tr/eskiler/2002/02/20020202.htm#7
2002-02-02,— Rekabet Kurulunun 99-24/211-124 sayılı Kararı,https://www.resmigazete.gov.tr/eskiler/2002/02/20020202.htm#8
2002-02-02,— Rekabet Kurulunun 99-27/245-149 sayılı Kararı,https://www.resmigazete.gov.tr/eskiler/2002/02/20020202.htm#9
2002-02-02,— Rekabet Kurulunun 01-44/433-111 sayılı Kararı,https://www.resmigazete.gov.tr/eskiler/2002/02/20020202.htm#10
2002-02-03,Akaryakıt Tüketim Vergisi Tutarlarının Tespitine İlişkin Karar,https://www.resmigazete.gov.tr/eskiler/2002/02/20020203.htm#1
2002-02-03,— Türk Silahlı Kuvvetleri Ödül Yönetmeliğinin Bazı Maddelerinde Değişiklik Yapılmasına Dair Yönetmelik,https://www.resmigazete.gov.tr/eskiler/2002/02/20020203.htm#2
2002-02-03,— Türk Silahlı Kuvvetleri Taşınmaz Mal Yönetmeliği,https://www.resmigazete.gov.tr/eskiler/2002/02/20020203.htm#3
2002-02-03,— Akdeniz Üniversitesi Öğretim Üyelerinin Akademik Kıyafetleri Hakkındaki Yönetmeliğin 1 inci Maddesinin Değiştirilmesine Dair Yönetmelik,https://www.resmigazete.gov.tr/eskiler/2002/02/20020203.htm#4
2002-02-04,"2002/3594 Tiftik ve Yaş ipekböceği Kozası Üreticisinin Desteklenmesine, Doğrudan Destek Ödemeleri İçin Gerekli Finansman ile Bursa Koza Tarım Satış Kooperatifleri Birliği (Kozabirlik) Tarafından Yaş İpekböceği Kozası Üreticilerine Ücretsiz Dağıtılan İpekböceği Tohumu Bedellerinin Destekleme ve Fiyat İstikrar Fonundan Karşılanmasına İlişkin Karar",https://www.resmigazete.gov.tr/eskiler/2002/02/20020204.htm#1
2002-02-04,"— Osmangazi Üniversitesi Diploma, Diploma Defteri, Mezuniyet Belgesi ile Diğer Belgelerin Düzenlenmesine İlişkin Yönetmelik",https://www.resmigazete.gov.tr/eskiler/2002/02/20020204.htm#2
2002-02-04,— 2. Tip Telekomünikasyon Ruhsatı ve Genel İzin Verilmesine İlişkin Usul ve Esaslar Hakkında Tebliğ,https://www.resmigazete.gov.tr/eskiler/2002/02/20020204.htm#3
2002-02-05,"Devlet Bakanı Prof. Dr. Şükrü S. GÜREL’e, Devlet Bakanı Fikret ÜNLÜ’nün Vekâlet Etmesine Dair Tezkere",https://www.resmigazete.gov.tr/eskiler/2002/02/20020205.htm#1
2002-02-05,"— Milli Savunma Bakanlığına, Devlet Bakanı Prof. Dr. Ramazan MİRZAOĞLU’nun Vekâlet Etmesine Dair Tezkere",https://www.resmigazete.gov.tr/eskiler/2002/02/20020205.htm#2
2002-02-05,2002/3581 6772 sayılı Kanun Kapsamına Giren Kurumlarda Çalışan İşçilere Yapılacak İlave Tediyelerin Sürelerinin Düzenlenmesi Hakkında Karar,https://www.resmigazete.gov.tr/eskiler/2002/02/20020205.htm#3
2002-02-05,— Başkent Üniversitesi Dil Araştırma ve Uygulama Merkezi Yönetmeliği,https://www.resmigazete.gov.tr/eskiler/2002/02/20020205.htm#4
2002-02-05,Petrol Ürünlerine Uygulanacak Akaryakıt Fiyat İstikrar Payları Hakkında Tebliğ (PİGM/AFİP 2002- 9),https://www.resmigazete.gov.tr/eskiler/2002/02/20020205.htm#5
2002-02-05,Petrol Ürünlerine Uygulanacak Akaryakıt Fiyat İstikrar Payları Hakkında Tebliğ (PİGM/AFİP 2002- 10),https://www.resmigazete.gov.tr/eskiler/2002/02/20020205.htm#6
2002-02-05,DÜZELTME (Bankacılık Sektörü Yeniden Yapılandırma Programının Uygulama Esas ve Usulleri Hakkında Yönetmelik ile İlgili),https://www.resmigazete.gov.tr/eskiler/2002/02/20020205.htm#7
2002-02-06,2002/3568 Türkiye-Romanya Karayolu Taşımacılığı Karma Komite Toplantısı Protokolü’nün Onaylanması Hakkında Karar,https://www.resmigazete.gov.tr/eskiler/2002/02/20020206.htm#1
2002-02-06,— Devlet Bakanı Recep ÖNAL’a Kültür Bakanı M. İstemihan TALAY’ın Vekâlet Etmesine Dair Karar,https://www.resmigazete.gov.tr/eskiler/2002/02/20020206.htm#2
2002-02-06,"2001/3544 Ankara, Antalya, İstanbul, İzmir, Kocaeli, Konya, Manisa, Sakarya, Samsun ve Karaman İllerinde Mülkiyeti Hazineye Ait Olup Maliye Bakanlığı’nca Belirlenen Taşınmaz Malların, Satışa Çıkarılması Hakkında Karar",https://www.resmigazete.gov.tr/eskiler/2002/02/20020206.htm#3
2002-02-06,"2002/3588 Antalya İli, Merkez İlçesi, Zeytinköy (Yeşildere) Mahallesinde Bulunan Mülkiyeti Hazineye Ait Taşınmaz Malların 4706 sayılı Kanunun 5 inci Maddesi Çerçevesinde Kullanılmak Üzere Tespiti Hakkında Karar",https://www.resmigazete.gov.tr/eskiler/2002/02/20020206.htm#4
2002-02-06,2002/3591 Su Altında Korunması Gerekli Kültür ve Tabiat Varlıklarının Bulunduğu Bölgelerde Dalış Yasağının Uygulanması Hakkındaki 2001/2952 sayılı Kararname’de Değişiklik Yapılmasına İlişkin Karar,https://www.resmigazete.gov.tr/eskiler/2002/02/20020206.htm#5
2002-02-06,— Türk Gıda Kodeksi Gıda Maddeleri ile Temas Eden ve Vinil Klorür Monomer İçeren Madde ve Malzemeler Hakkında Tebliğ (No: 2002/5),https://www.resmigazete.gov.tr/eskiler/2002/02/20020206.htm#6
2002-02-06,— Türk Gıda Kodeksi Gıda Maddelerinin Parti Numaralarına Ait İşaretlerin veya Sembollerin Belirlenmesi Hakkında Tebliğ (No: 2002/6),https://www.resmigazete.gov.tr/eskiler/2002/02/20020206.htm#7
2002-02-06,"— Türk Gıda Kodeksi Hızlı Dondurulmuş ve Dondurulmuş Gıda Maddelerinin Depolanması, Muhafazası ve Taşınması Esnasındaki Sıcaklıkların İzlenmesi Hakkında Tebliğ (No: 2002/7)",https://www.resmigazete.gov.tr/eskiler/2002/02/20020206.htm#8
2002-02-06,— Türk Gıda Kodeksi Gıda Maddeleri ile Temas Eden Madde ve Malzemelerde Bulunacak Sembolün Belirlenmesi Hakkında Tebliğ (No: 2002/8),https://www.resmigazete.gov.tr/eskiler/2002/02/20020206.htm#9
2002-02-06,— Hariçte İlşleme Rejimi Tebliğinde Değişiklik Yapılması Hakkında Tebliğ (İhracat: 2002/1),https://www.resmigazete.gov.tr/eskiler/2002/02/20020206.htm#10
2002-02-06,"— Anayasa Mahkemesinin E: 2001/325 (657 sayılı Kanunda Değişiklik Yapan 527 Sayılı Kanun Hükmünde Kararname ile İlgili), K: 2001/98 Sayılı Kararı",https://www.resmigazete.gov.tr/eskiler/2002/02/20020206.htm#11
2002-02-06,"— Anayasa Mahkemesinin E: 2001/388 (657 sayılı Kanun Hükmünde Kanunda Değişiklik Yapan 527 Sayılı Kararname ile İlgili), K: 2001/342 Sayılı Kararı",https://www.resmigazete.gov.tr/eskiler/2002/02/20020206.htm#12
2002-02-07,"2001/3543 İstanbul İli, Kağıthane İlçesinde Bulunan Mülkiyeti Hazineye Ait Taşınmaz Malların 4706 Sayılı Kanunun 5 inci Maddesi Çerçevesinde Kullanılmak Üzere Tespiti Hakkında Karar",https://www.resmigazete.gov.tr/eskiler/2002/02/20020207.htm#1
2002-02-07,— Hakimler ve Savcılar Yüksek Kurulunca Yargıtay Üyeliklerine Seçilenler Hakkında Karar (No: 50),https://www.resmigazete.gov.tr/eskiler/2002/02/20020207.htm#2
2002-02-07,— Gebze Yüksek Teknoloji Enstitüsü Lisansüstü Eğitim-Öğretim Yönetmeliği,https://www.resmigazete.gov.tr/eskiler/2002/02/20020207.htm#3
2002-02-07,— Mali Suçları Araştırma Kurulu Genel Tebliği (Sıra No: 3),https://www.resmigazete.gov.tr/eskiler/2002/02/20020207.htm#4
2002-02-07,— Milli Emlak Genel Tebliği (Sıra No: 260),https://www.resmigazete.gov.tr/eskiler/2002/02/20020207.htm#5
2002-02-07,— 4054 Sayılı Rekabetin Korunması Hakkında Kanunun 16 ve 17 nci Maddelerinde Düzenlenmiş Olan İdari Para Cezalarının 31/12/2002 Tarihine Kadar Geçerli Olmak Üzere Artırıldığının Duyurulmasına İlişkin Tebliğ (Tebliğ No: 2002/1),https://www.resmigazete.gov.tr/eskiler/2002/02/20020207.htm#6
2002-02-07,"— An ayasa Mahkemesinin E: 2000/76 (4393 Sayılı Kanun ile İlgili), K: 2001/9 Sayılı Kararı",https://www.resmigazete.gov.tr/eskiler/2002/02/20020207.htm#7
2002-02-07,— Yargıtay 18. Hukuk Dairesine Ait Bir Adet Karar,https://www.resmigazete.gov.tr/eskiler/2002/02/20020207.htm#8
2002-02-08,732 (10/13) Esas Numaralı Meclis Araştırması Komisyonunun Görev Süresinin Uzatılmasına İlişkin Karar,https://www.resmigazete.gov.tr/eskiler/2002/02/20020208.htm#1
2002-02-08,"— Devlet Bakanı Faruk BAL’a, Devlet Bakanı Prof. Dr. Tunca TOSKAY’ın Ve kâlet Etmesine Dair Tezkere",https://www.resmigazete.gov.tr/eskiler/2002/02/20020208.htm#2
2002-02-08,"— Tarım ve Köyişleri Bakanlığına, Sanayi ve Ticaret Bakanı Ahmet Kenan TANRIKULU’nun Vekâlet Etmesine Dair Tezkere",https://www.resmigazete.gov.tr/eskiler/2002/02/20020208.htm#3
2002-02-08,2001/3552 Erciyes Üniversitesi Rektörlüğü’ne Bağlı Olarak Eğitim Fakültesi Kurulması Hakkında Karar,https://www.resmigazete.gov.tr/eskiler/2002/02/20020208.htm#4
2002-02-08,2002/3601 2002 Mali Yılında Uygulanacak “KuzeyKıbrıs Türk Cumhuriyetine Yapılacak Yolculuklarda Verilecek Gündeliklere İlişkin Karar” ile “Yurt Dışı Gündeliklerine Dair Karar”ın Yürürlüğe Konulması Hakkında Karar,https://www.resmigazete.gov.tr/eskiler/2002/02/20020208.htm#5
2002-02-08,2002/3606 2001 ve İzleyen Takvim Yılları İçin İndirimli Orana Tabi İşlemlerde İade Edilecek Verginin Alt Sınırının Tespitine İlişkin Karar,https://www.resmigazete.gov.tr/eskiler/2002/02/20020208.htm#6
2002-02-08,2002/3654 Kamu Kurum ve Kuruluşlarının Ürettikleri Mal ve Hizmetlerden Ücretsiz veya İndirimli Olarak Faydalanacakların Tespitine İlişkin Karar,https://www.resmigazete.gov.tr/eskiler/2002/02/20020208.htm#7
2002-02-08,— Kültür Bakanlığına Ait Atama Kararları,https://www.resmigazete.gov.tr/eskiler/2002/02/20020208.htm#8
2002-02-08,— Bir Adet Sınır Tespit Kararı,https://www.resmigazete.gov.tr/eskiler/2002/02/20020208.htm#9
2002-02-08,2002/3597 Askeri Yasak Bölgeler ve Güvenlik Bölgeleri Yönetmeliğinde Değişiklik Yapılmasına Dair Yönetmelik,https://www.resmigazete.gov.tr/eskiler/2002/02/20020208.htm#10
2002-02-08,— Silahlı Kuvvetler Astsubay Hazırlama Okulları Yönetmeliğinin 18 inci Maddesinde Değişiklik Yapılmasına Dair Yönetmelik,https://www.resmigazete.gov.tr/eskiler/2002/02/20020208.htm#11
2002-02-08,— BOTAŞ Boru Hatları ile Petrol Taşıma A.Ş. Genel Müdürlüğü İhale Yönetmeliğinde Değişiklik Yapılmasına Dair Yönetmelik,https://www.resmigazete.gov.tr/eskiler/2002/02/20020208.htm#12
2002-02-08,— Çevre Bakanlığı Sicil Amirleri Yönetmeliği Eki Cetvelde Değişiklik Yapılmasına Dair Yönetmelik,https://www.resmigazete.gov.tr/eskiler/2002/02/20020208.htm#13
2002-02-08,— Çevre Bakanlığı Disiplin Amirleri Yönetmeliği Eki Cetvelde Değişiklik Yapılmasına Dair Yönetmelik,https://www.resmigazete.gov.tr/eskiler/2002/02/20020208.htm#14
2002-02-08,— Afyon Kocatepe Üniversitesi Eğitim-Öğretim ve Sınav Yönetmeliğinin 11 inci Maddesinin Değiştirilmesi Hakkında Yönetmelik,https://www.resmigazete.gov.tr/eskiler/2002/02/20020208.htm#15
2002-02-08,— Uluslararası Gözetim Şirketleri Statüsüne İlişkin Karar (Dış Ticarette Standardizasyon: 2002/2),https://www.resmigazete.gov.tr/eskiler/2002/02/20020208.htm#16
2002-02-08,— TIR Denetleme ve Konaklama Noktalarında Uygulanacak Park Ücretine İlişkin Tebliğ,https://www.resmigazete.gov.tr/eskiler/2002/02/20020208.htm#17
2002-02-08,"— 10 kHz-60 GHz Frekans Bandında Çalışan Sabit Telekomünikasyon Cihazlarından Kaynaklanan Elektronmanyetik Alan Şiddeti Limit Değerlerinin Belirlenmesi, Ölçüm Yöntemleri ve Denetlenmesi Hakkında Yönetmeliğin Uygulanmasına İlişkin Tebliğde Değişiklik Yapılmasına Dair Tebliğ",https://www.resmigazete.gov.tr/eskiler/2002/02/20020208.htm#18
2002-02-08,— Denizlerde ve İç Sularda Ticari Amaçlı Su Ürünleri Avcılığını Düzenleyen 34/1 Numaralı Sirkülerde Değişiklik Yapılmasına Dair Ek Sirküler,https://www.resmigazete.gov.tr/eskiler/2002/02/20020208.htm#19
2002-02-09,"2002/3600 Türkiye Cumhuriyeti Hükümeti ile Yugoslavya Federal Cumhuriyeti Hükümeti Arasında Diplomatik, Hizmet ve Özel Pasaport (Resmi Pasaportlar) Hamillerine Yönelik Vize Uygulamasının Karşılıklı Olarak Kaldırılmasına İlişkin Anlaşma’nın Onaylanması Hakkında Karar",https://www.resmigazete.gov.tr/eskiler/2002/02/20020209.htm#1
2002-02-09,"— Maliye Bakanlığına, Devlet Bakanı Mehmet KEÇECİLER’in Vekâlet Etmesine Dair Tezkere",https://www.resmigazete.gov.tr/eskiler/2002/02/20020209.htm#2
2002-02-09,"2001/3554 Türkiye Tanıtım, Araştırma, Demokrasi ve Laik Oluşum Vakfı (TÜLOV)'na Vergi Muafiyeti Tanınması Hakkında Karar",https://www.resmigazete.gov.tr/eskiler/2002/02/20020209.htm#3
2002-02-09,2002/3567 Tohumlukları Perakende Satacakların Uyacağı Esaslar Hakkında Yönetmelikte Değişiklik Yapılmasına Dair Yönetmelik,https://www.resmigazete.gov.tr/eskiler/2002/02/20020209.htm#4
2002-02-09,— İstanbul Ticaret Üniversitesi Yüksek Lisans Eğitim-Öğretim ve Sınav Yönetmeliği,https://www.resmigazete.gov.tr/eskiler/2002/02/20020209.htm#5
2002-02-10,2002/3562 Türkiye Cumhuriyeti ile Tunus Cumhuriyeti Arasında Yatırımların Karşılıklı Teşviki ve Korunmasına İlişkin Anlaşma’nın Onaylanması Hakkında Karar,https://www.resmigazete.gov.tr/eskiler/2002/02/20020210.htm#1
2002-02-10,2002/3574 Balkan Ülkeleri Hükümetleri Arasında Tarım Alanında Ekonomik ve Bilim-Teknik İşbirliği Anlaşması’nın Onaylanması Hakkında Karar,https://www.resmigazete.gov.tr/eskiler/2002/02/20020210.htm#2
2002-02-10,"— Turizm Bakanlığına, Devlet Bakanı Nejat ARSEVEN’in Vekâlet Etmesine Dair Tezkere",https://www.resmigazete.gov.tr/eskiler/2002/02/20020210.htm#3
2002-02-10,"— Çevre Bakanlığına, Devlet Bakanı Mustafa YILMAZ’ın Vekâlet Etmesine Dair Tezkere",https://www.resmigazete.gov.tr/eskiler/2002/02/20020210.htm#4
2002-02-10,— Tokat Gaziosmanpaşa Üniversitesi Arşiv Yönetmeliğinin Bazı Maddelerinin Değiştirilmesi Hakkında Yönetmelik,https://www.resmigazete.gov.tr/eskiler/2002/02/20020210.htm#5
2002-02-11,2002/3566 Türkiye Cumhuriyeti Hükümeti ile Kazakistan Cumhuriyeti Hükümeti Arasında Vatandaşların Karşılıklı Ziyaretlerini Düzenleyen Anlaşma’nın Onaylanması Hakkında Karar,https://www.resmigazete.gov.tr/eskiler/2002/02/20020211.htm#1
2002-02-11,— Türk Parası Kıymetini Koruma Hakkında 32 Sayılı Karar ile Başbakanlık Hazine Müsteşarlığı'nın 91-32/5 Sayılı Tebliğine İlişkin Türkiye Cumhuriyet Merkez Bankası Genelgesi (Sayı: 2002/2),https://www.resmigazete.gov.tr/eskiler/2002/02/20020211.htm#2
2002-02-12,— Hükümlü Barış KAYA’nın Cezasının Kaldırılması Hakkında Karar (No: 2002/7),https://www.resmigazete.gov.tr/eskiler/2002/02/20020212.htm#1
2002-02-12,"— Başbakanlık, Devlet Bakanı ve Başbakan Yardımcılığı ile Devlet, Adalet, Bayındırlık ve İskan, Sağlık, Tarım ve Köyişleri, Çalışma ve Sosyal Güvenlik, Sanayi ve Ticaret Bakanlıklarına Ait 13 Adet Atama Kararları",https://www.resmigazete.gov.tr/eskiler/2002/02/20020212.htm#2
2002-02-12,"2002/3563 Sıvılaştırılmış Petrol Gazları (LPG) ile Çalışan Motorlu Taşıtlar İçin İkmal İstasyonlarının Kuruluş, Denetim, Emniyet ve Ruhsatlandırılma İşlemlerine İlişkin Yönetmelik",https://www.resmigazete.gov.tr/eskiler/2002/02/20020212.htm#3
2002-02-12,— Enerji Piyasası Düzenleme Kurumu İnsan Kaynakları Yönetmeliği,https://www.resmigazete.gov.tr/eskiler/2002/02/20020212.htm#4
2002-02-12,— Enerji Piyasası Düzenleme Kurumu Yerli ve Yabancı Uzman İstihdamına İlişkin Yönetmelik,https://www.resmigazete.gov.tr/eskiler/2002/02/20020212.htm#5
2002-02-12,— İthalatta Haksız Rekabetin Önlenmesine İlişkin Tebliğ (No: 2002/1),https://www.resmigazete.gov.tr/eskiler/2002/02/20020212.htm#6
2002-02-13,"2002/3644 Türkiye Cumhuriyeti ile Romanya Arasındaki Serbest Ticaret Anlaşması’na İlişikEk VIII’de Yer Alan ""Canlı Hayvan ve Dondurulmuş Et"" İçin Geçici Telafi Sağlanmasına Dair Ortak Komite Kararı’nın Onaylanması Hakkında Karar",https://www.resmigazete.gov.tr/eskiler/2002/02/20020213.htm#1
2002-02-13,2002/3604 3363 Kişinin Türk Vatandaşlığından Çıkmasına İzinVerilmesi Hakkında Karar,https://www.resmigazete.gov.tr/eskiler/2002/02/20020213.htm#2
2002-02-13,— Gemiadamları Yönetmeliğinde Değişiklik Yapılmasına DairYönetmelik,https://www.resmigazete.gov.tr/eskiler/2002/02/20020213.htm#3
2002-02-13,— Eti Bakır Anonim Şirketi Genel Müdürlüğü Sicil Amirleri Yönetmeliği,https://www.resmigazete.gov.tr/eskiler/2002/02/20020213.htm#4
2002-02-13,— Eti Bakır Anonim Şirketi Genel Müdürlüğü Memurları DisiplinKurulları ve Disiplin Amirleri Yönetmeliği,https://www.resmigazete.gov.tr/eskiler/2002/02/20020213.htm#5
2002-02-13,— Eti Bakır Anonim Şirketi Genel Müdürlüğü Sözleşmeli Personel Sicil Amirleri Yönetmeliği,https://www.resmigazete.gov.tr/eskiler/2002/02/20020213.htm#6
2002-02-13,— Eti Bakır Anonim Şirketi Genel Müdürlüğü Sözleşmeli Personel Disiplin Kurulları ve Disiplin Amirleri Yönetmeliği,https://www.resmigazete.gov.tr/eskiler/2002/02/20020213.htm#7
2002-02-13,"— Ordu Evleri, Askerî Gazinolar ve Sosyal Tesisler Yönetmeliğinde Değişiklik Yapılmasına Dair Yönetmelik",https://www.resmigazete.gov.tr/eskiler/2002/02/20020213.htm#8
2002-02-13,— Kültür Bakanlığı Arşiv Hizmetleri Yönetmeliğinde Değişiklik Yapılması ve Üç Ek Madde Eklenmesi Hakkında Yönetmelik,https://www.resmigazete.gov.tr/eskiler/2002/02/20020213.htm#9
2002-02-13,— Sayıştay Denetçi ve Raportörlerinin Denetim ve Çalışma Usulleri Hakkında Yönetmeliğe Ekli 11/E Numaralı Formda Değişiklik Yapılması Hakkında Yönetmelik,https://www.resmigazete.gov.tr/eskiler/2002/02/20020213.htm#10
2002-02-13,— Hâkimler ve Cumh uriyet Savcıları Hakkında Uygulanacak Atama ve Nakil Yönet meliğinde Değişiklik Yapılmasına Dair Yönetmelik,https://www.resmigazete.gov.tr/eskiler/2002/02/20020213.htm#11
2002-02-13,— Yükseköğretim Kurulu Arşiv Yönetmeliğinde Değişiklik Yapılması Hakkında Yö netmelik,https://www.resmigazete.gov.tr/eskiler/2002/02/20020213.htm#12
2002-02-13,— Adnan Menderes Üniversitesi Tıp ve Sağlık Bilimleri Merkezi Yönetmeliğinin 11 inci Maddesinin Değiştirilmesi Hakkında Yönetmelik,https://www.resmigazete.gov.tr/eskiler/2002/02/20020213.htm#13
2002-02-13,— Marmara Üniversitesi Lisansüstü Eğitim-Öğretim ve Sınav Yönetmeliğinin Bazı Maddelerinde Değişiklik Yapılmasına Dair Yönetmelik,https://www.resmigazete.gov.tr/eskiler/2002/02/20020213.htm#14
2002-02-13,— Türk Gıda Kodeksi Gıda Maddelerinin ve Gıda Bileşenlerinin Üretiminde Kullanılan Ekstraksiyon Çözücüleri Tebliği (No : 2002/9),https://www.resmigazete.gov.tr/eskiler/2002/02/20020213.htm#15
2002-02-13,— İthalatta Haksız Rekabetin Önlenmesine İlişkin Tebliğ (No : 2002/2),https://www.resmigazete.gov.tr/eskiler/2002/02/20020213.htm#16
2002-02-13,— 2002 Yılı Ocak Ayına Ait Dahilde İşleme İzin Belgelerinin Sektörel Dağılımı Hakkında Tebliğ,https://www.resmigazete.gov.tr/eskiler/2002/02/20020213.htm#17
2002-02-13,— 2002 Yılı Ocak Ayına Ait Yurt İçi Satış Teslimler ile İlgili Belgelerin Sektörel Dağılımı Hakkında Tebliğ,https://www.resmigazete.gov.tr/eskiler/2002/02/20020213.htm#18
2002-02-13,— 2002 Yılı Ocak Ayına Ait Hariçte İşleme İzin Belgelerinin Sektörel Dağılımı Hakkında Tebliğ,https://www.resmigazete.gov.tr/eskiler/2002/02/20020213.htm#19
2002-02-13,— 2002 Yılı Ocak Ayına Ait Vergi Resim ve Harç İstisnası Belgelerinin Sektörel Dağılımı Hakkında Tebliğ,https://www.resmigazete.gov.tr/eskiler/2002/02/20020213.htm#20
2002-02-13,— Rekabet Kurulunun 99-26/233-141 Sayılı Kararı,https://www.resmigazete.gov.tr/eskiler/2002/02/20020213.htm#21
2002-02-13,— Rekabet Kurulunun 99-27/242-146 Sayılı Kararı,https://www.resmigazete.gov.tr/eskiler/2002/02/20020213.htm#22
2002-02-13,— Rekabet Kurulunun 99-27/244-148 Sayılı Kararı,https://www.resmigazete.gov.tr/eskiler/2002/02/20020213.htm#23
2002-02-13,— Rekabet Kurulun un 99-38/400-256 Sayılı Kararı,https://www.resmigazete.gov.tr/eskiler/2002/02/20020213.htm#24
2002-02-14,2002/3598 Türkiye Cumhuriyeti Devlet Demiryolları İşletmesi Genel Müdürlüğü Memur ve Hizmetlilerine Verilecek Harcırah ve Harcırah Karşılığı Hizmet Tazminatlarına İlişkin Tüzükte Değişiklik Yapılmasına Dair Tüzük,https://www.resmigazete.gov.tr/eskiler/2002/02/20020214.htm#1
2002-02-14,"— Devlet Bakanı Prof. Dr. Şükrü S. GÜREL’e, Devlet Bakanı Fikret ÜNLÜ’nün Vekâlet Etmesine Dair Tezkere",https://www.resmigazete.gov.tr/eskiler/2002/02/20020214.htm#2
2002-02-14,"Devlet Bakanı Prof. Dr. Şuayip ÜŞENMEZ’e, Devlet Bakanı Prof. Dr. Ramazan MİRZAOĞLU’nun Vekâlet Etmesine Dair Tezkere",https://www.resmigazete.gov.tr/eskiler/2002/02/20020214.htm#3
2002-02-14,"2002/3651 A nkara Üniversitesi Rektörlüğü’ne Bağlı Olarak Yabancı Diller Yüksekokulu ve Gaziantep Üniversitesi Rektörlüğü’ne Bağlı Olarak Gaziantep Eğitim Fakültesi Kurulması ile Marmara Üniversitesi Rektörlüğü’ne Bağlı Olarak Kurulmuş Bulunan “Orta Doğu ve İslam Ülkeleri Enstitüsü”nün Adının ""Ortadoğu Araştırmaları Enstitüsü"" Olarak Değiştirilmesi Hakkında Karar",https://www.resmigazete.gov.tr/eskiler/2002/02/20020214.htm#4
2002-02-14,"2002/3635 Tekirdağ İli, Çorlu İlçesi, Ulaş Beldesinde Bulunan Mülkiyeti Hazineye Ait Bazı Taşınmaz Malların Tespiti Hakkında Karar",https://www.resmigazete.gov.tr/eskiler/2002/02/20020214.htm#5
2002-02-14,— Afet Harcamaları Yönetmeliği,https://www.resmigazete.gov.tr/eskiler/2002/02/20020214.htm#6
2002-02-14,— Şeker Kurumu Çalışma Usul ve Esasları Hakkında Yönetmelik,https://www.resmigazete.gov.tr/eskiler/2002/02/20020214.htm#7
2002-02-14,— Adnan Menderes Üniversitesi Lisansüstü Eğitim-Öğretim Yönetmeliğinin Bazı Maddelerinin Değiştirilmesi Hakkında Yönetmelik,https://www.resmigazete.gov.tr/eskiler/2002/02/20020214.htm#8
2002-02-14,— Sakarya Üniversitesi Lisansüstü Eğitim ve Öğretim Yönetmeliğinin 4 üncü Maddesinde Değişiklik Yapılması Hakkında Yönetmelik,https://www.resmigazete.gov.tr/eskiler/2002/02/20020214.htm#9
2002-02-14,— Tahsilat Genel Tebliği (Seri No : 423,https://www.resmigazete.gov.tr/eskiler/2002/02/20020214.htm#10
2002-02-14,— Proje ve Kontrolluk İşlerinde Uygulanacak Fiyat Artış Oranları Hakkında Tebliğ,https://www.resmigazete.gov.tr/eskiler/2002/02/20020214.htm#11
2002-02-14,— Petrol Ürünlerine Uygulanacak Akaryakıt Fiyat İstikrar Payları Hakkında Tebliğ (PİGM/AFİP 2002-11),https://www.resmigazete.gov.tr/eskiler/2002/02/20020214.htm#12
2002-02-14,— Rekabet Kurulunun 99-31/284-173 Sayılı Kararı,https://www.resmigazete.gov.tr/eskiler/2002/02/20020214.htm#13
2002-02-14,— Rekabet Kurulunun 99-33/313-193 Sayılı Kararı,https://www.resmigazete.gov.tr/eskiler/2002/02/20020214.htm#14
2002-02-14,— Rekabet Kurulunun 99-35/339-210 Sayılı Kararı,https://www.resmigazete.gov.tr/eskiler/2002/02/20020214.htm#15
2002-02-14,— Rekabet Kurulunun 99-35/340-211 Sayılı Kararı,https://www.resmigazete.gov.tr/eskiler/2002/02/20020214.htm#16
2002-02-14,— Rekabet Kurulunun 99-38/396-252 Sayılı Kararı,https://www.resmigazete.gov.tr/eskiler/2002/02/20020214.htm#17
2002-02-15,— Başbakanlık Devlet Meteoroloji İşleri Genel Müdürlüğü Arşiv Hizmetleri Yönetmeliğinde Değişiklik Yapılmasına Dair Yönetmelik,https://www.resmigazete.gov.tr/eskiler/2002/02/20020215.htm#1
2002-02-15,— Kılavuzluk ve Römorkörcülük Hizmetleri Teşkilatları Yönetmeliği,https://www.resmigazete.gov.tr/eskiler/2002/02/20020215.htm#2
2002-02-15,— Çevre Bakanlığı Yayın Yönetmeliğinde Değişiklik Yapılmasına Dair Yönetmelik,https://www.resmigazete.gov.tr/eskiler/2002/02/20020215.htm#3
2002-02-15,"— 10 KHz-60 GHz Frekans Bandında Çalışan Sabit Telekomünikasyon Cihazlarından Kaynaklanan Elektromanyetik Alan Şiddeti Limit Değerlerinin Belirlenmesi, Ölçüm Yöntemleri ve Denetlenmesi Hakkında Yönetmeliğin Değiştirilmesine Dair Yönetmelik",https://www.resmigazete.gov.tr/eskiler/2002/02/20020215.htm#4
2002-02-15,— Türk Gıda Kodeksi Çeltik Tebliği (No: 2002/11),https://www.resmigazete.gov.tr/eskiler/2002/02/20020215.htm#5
2002-02-15,— Türk Gıda Kodeksi Pirinç Tebliğinde Değişiklik Yapılması Hakkında Tebliğ (No: 2002/12),https://www.resmigazete.gov.tr/eskiler/2002/02/20020215.htm#6
2002-02-15,— Türk Gıda Kodeksi Ekmek ve Ekmek Çeşitleri Tebliği (No: 2002/13),https://www.resmigazete.gov.tr/eskiler/2002/02/20020215.htm#7
2002-02-15,— Yaş İpekböceği Kozası Üreticilerinin Desteklenmesine ve Doğrudan Destek Ödemeleri İçin Gerekli Finansman ile Bursa Koza Tarım Satış Kooperatifleri Birliği (Kozabirlik) Tarafından Yaş İpekböceği Kozası Üreticilerine Ücretsiz Dağıtılan İpekböceği Tohumu Bedell erinin Destekleme ve Fiyat İstikrar Fonundan Karşılanmasına İlişkin Bakanlar Kurulu Kararı Uygulama Tebliği (No: 2002/1),https://www.resmigazete.gov.tr/eskiler/2002/02/20020215.htm#8
2002-02-15,— Tiftik Üreticilerinin Desteklenmesine ve Doğrudan Destek Ödemeleri İçin Gerekli Finansmanın Destekleme ve Fiyat İstikrar Fonundan Karşılanmasına İlişkin Bakanlar Kurulu Kararı Uygulama Tebliği (No: 2002/2),https://www.resmigazete.gov.tr/eskiler/2002/02/20020215.htm#9
2002-02-15,— Umumi Disponibilite Hakkında Tebliğde Değişiklik Yapılmasına İlişkin Tebliğ (Sıra No : 2002/1),https://www.resmigazete.gov.tr/eskiler/2002/02/20020215.htm#10
2002-02-15,— Çanakkale İli Sınırları İçerisinde Uçucu ve Uyuşturucu Maddelerin 18 Yaşından Küçüklere Satışının Yasaklanmasına Dair Karar (No : 1),https://www.resmigazete.gov.tr/eskiler/2002/02/20020215.htm#11
2002-02-15,— Anayasa Mahkemesinin E : 2001/293 (4628 Sayılı Kanun ile İlgili) K : 2002/5 (Yürürlüğü Durdurma) Sayılı Kararı,https://www.resmigazete.gov.tr/eskiler/2002/02/20020215.htm#12
2002-02-15,— Anayasa Mahkemesinin E : 2001/389 (4694 Sayılı Kanun ile İlgili) K : 2002/6 (Yürürlüğü Durdurma) Sayılı Kararı,https://www.resmigazete.gov.tr/eskiler/2002/02/20020215.htm#13
2002-02-16,733 Türkiye Büyük Millet Meclisinin Çalışmalarına Ara Vermesine Dair Karar,https://www.resmigazete.gov.tr/eskiler/2002/02/20020216.htm#1
2002-02-16,2002/3616 Türkiye Cumhuriyeti Hükümeti ile Rusya Federasyonu Tataristan Cumhuriyeti Hükümeti Arasında Eğitim Alanında İşbirliği Anlaşması’nın Onaylanması Hakkında Karar,https://www.resmigazete.gov.tr/eskiler/2002/02/20020216.htm#2
2002-02-16,— Motorlu Araçların ve Römorklarının Kapılarının Özelliklerine İlişkin Tip Onayı Yönetmeliğinde Değişiklik Yapılmasına Dair Yönetmelik,https://www.resmigazete.gov.tr/eskiler/2002/02/20020216.htm#3
2002-02-16,— Kültür Bakanlığı Atama ve Görevd e Yükselme Yönetmeliğinde Değişiklik Yapılmasına Dair Yönetmelik,https://www.resmigazete.gov.tr/eskiler/2002/02/20020216.htm#10
2002-02-16,"— Türk Gıda Kodeksi Reçel, Jöle, Marmelat ve Tatlandırılmış Kestane Püresi Tebliği (No: 2002/10)",https://www.resmigazete.gov.tr/eskiler/2002/02/20020216.htm#4
2002-02-16,— Bursa Valiliği İl Hıfzıssıhha Kurul Kararı,https://www.resmigazete.gov.tr/eskiler/2002/02/20020216.htm#5
2002-02-16,— Denizli Valiliği İnşaat Ustaları Mesleki Eğitim Kursları Hakkında Karar,https://www.resmigazete.gov.tr/eskiler/2002/02/20020216.htm#6
2002-02-16,— Rize Valiliği Sokakta Yaşayan veya Çalıştırılan Çocukların Korunması Suretiyle Kamu Esenliğinin Sağlanması ile İlgili Karar,https://www.resmigazete.gov.tr/eskiler/2002/02/20020216.htm#7
2002-02-16,— Yargıtay Başkanlar Kuruluna Ait Karar,https://www.resmigazete.gov.tr/eskiler/2002/02/20020216.htm#8
2002-02-16,— Ya rgıtay 18 ve 20. Hukuk Dairelerine Ait Üç Adet Karar,https://www.resmigazete.gov.tr/eskiler/2002/02/20020216.htm#9
2002-02-17,2002/3615 İstatistik Alanında Bosna-Hersek’e Yönelik Teknik Yardım Programı Protokolü’nün Onaylanması Hakkında Karar,https://www.resmigazete.gov.tr/eskiler/2002/02/20020217.htm#1
2002-02-17,"— Sağlık Bakanlığına, DevletBakanı Faruk BAL’ın Vekâlet Etmesine Dair Tezkere",https://www.resmigazete.gov.tr/eskiler/2002/02/20020217.htm#2
2002-02-17,2001/3599 İhracatı Geliştirme Etüd Merkezi Personel Yönetmeliği,https://www.resmigazete.gov.tr/eskiler/2002/02/20020217.htm#3
2002-02-17,— Maliye ve Gümrük Bakanlığı Arşiv Hizmetleri Hakkında Yönetmeliğin Adında ve Bazı Maddelerinde Değişiklik Yapılması Hakkında Yönetmelik,https://www.resmigazete.gov.tr/eskiler/2002/02/20020217.htm#4
2002-02-17,— Boğaziçi Üniversitesi Yaşamboyu Eğitim Merkezi (BÜYEM) Yönetmeliği,https://www.resmigazete.gov.tr/eskiler/2002/02/20020217.htm#5
2002-02-17,— Çanakkale Onsekiz Mart Üniversitesi Astrofizik Araştırma Merkezi Yönetmeliği,https://www.resmigazete.gov.tr/eskiler/2002/02/20020217.htm#6
2002-02-17,— Galatasaray Üniversitesi Fen Bilimleri En stitüsü Lisansüstü Eğitim ve Öğretim Yönetmeliğinin Bazı Maddelerinin Değiştirilmesine Dair Yönetmelik,https://www.resmigazete.gov.tr/eskiler/2002/02/20020217.htm#7
2002-02-18,2002/3628 Türkiye Cumhuriyeti Hükümeti ile Katar Devleti Hükümeti Ara sında Güvenlik İşbirliği Anlaşması’nın Onaylanması Hakkında Karar,https://www.resmigazete.gov.tr/eskiler/2002/02/20020218.htm#1
2002-02-18,"— Ulaştırma Bakanlığına, Bayındırlık ve İskan Bakanı Prof. Dr. Abdülkadir AKCAN’ın Vekâlet Etmesine Dair Tezkere",https://www.resmigazete.gov.tr/eskiler/2002/02/20020218.htm#2
2002-02-18,— Yükseköğretim Kurulu Öğrenci Seçme ve Yerleştirme Merkezi Döner Sermaye İşletmesi Yönetmeliği,https://www.resmigazete.gov.tr/eskiler/2002/02/20020218.htm#3
2002-02-18,— Türk Mühendis ve Mimar Odaları Birliği Makina Mühendisleri Odası Personel Yönetmeliği,https://www.resmigazete.gov.tr/eskiler/2002/02/20020218.htm#4
2002-02-19,4744 Bazı Kanunlarda Değişiklik Yapılmasına Dair Kanun,https://www.resmigazete.gov.tr/eskiler/2002/02/20020219.htm#1
2002-02-19,2002/3640 Türkiye-Katar Ekonomik ve Teknik İşbirliği Karma Komisyonu 2 nci Dönem Toplantısı Mutabakat Zaptının Onaylanması Hakkında Karar,https://www.resmigazete.gov.tr/eskiler/2002/02/20020219.htm#2
2002-02-19,2002/3647 2984 Kişinin Türk Vatandaşlığından Çıkmasına İzin Verilmesi Hakkında Karar,https://www.resmigazete.gov.tr/eskiler/2002/02/20020219.htm#3
2002-02-19,"2002/3698 Kuzey Kıbrıs Türk Cumhuriyeti ’nde bulunan Türk Askeri Birlik leri Personeli ile Genel ve Katma Bütçeli Daire ve İdar eler, Ka mu İkstisadi Kurumları ve Döner Sermayeli Kuruluşlar Personeline Tazminat Ödenmesi Hakkında Karar",https://www.resmigazete.gov.tr/eskiler/2002/02/20020219.htm#4
2002-02-19,— Hükümlü Aydın BAYHAN’ın Cezasının Kaldırılması Hakkında Karar (No: 2002/8),https://www.resmigazete.gov.tr/eskiler/2002/02/20020219.htm#5
2002-02-19,Abant İzzet Baysal Üniversitesi ile Kırıkkale Üniversitesi Rektörlüklerine Yapılan Atama Hakkında 2 Adet Karar,https://www.resmigazete.gov.tr/eskiler/2002/02/20020219.htm#6
2002-02-19,2002/3627 Türk Silahlı Kuvvetleri Sağlık Yeteneği Yönetmeliğinin Bazı Maddelerinin Değiştirilmesine Dair Yönetmelik,https://www.resmigazete.gov.tr/eskiler/2002/02/20020219.htm#7
2002-02-19,— Enerji Piyasası Düzenleme Kurumu Disiplin Amirleri Yönetmeliği,https://www.resmigazete.gov.tr/eskiler/2002/02/20020219.htm#8
2002-02-19,— Enerji Piyasası Düzenleme Kurumu Sicil Amirleri Yönetmeliği,https://www.resmigazete.gov.tr/eskiler/2002/02/20020219.htm#9
2002-02-19,— Devlet Opera ve Balesi Genel Müdürlüğü Sicil Amirleri Yönetmeliği,https://www.resmigazete.gov.tr/eskiler/2002/02/20020219.htm#10
2002-02-19,— Meslek Yüksekokulları ve Açıköğretim Ön Lisans Programları Mezunlarının Lisans Öğrenimine Devamları Hakkında Yönetmelik,https://www.resmigazete.gov.tr/eskiler/2002/02/20020219.htm#11
2002-02-19,— PTT Biriktirme ve Yardım Sandığı Yönetmeliği,https://www.resmigazete.gov.tr/eskiler/2002/02/20020219.htm#12
2002-02-19,— 7/10/2001 Tarih ve 24541 Sayılı Resmî Gazete’de İptalleri İlan Edilen Yatırım Teşvik Belgelerinden İptal İşlemleri Kaldırılan Belgeler Hakkında Genelge,https://www.resmigazete.gov.tr/eskiler/2002/02/20020219.htm#13
2002-02-19,— Adalet Bakanlığına Ait Depo ve Garajlarda Muhaf aza Edilen Mahcuz Mallar İçin Alınacak Ücret Tarifesi Hakkında Tebliğ,https://www.resmigazete.gov.tr/eskiler/2002/02/20020219.htm#14
2002-02-19,— Mecburi Standart Tebliği (No: ÖSG-2002/3),https://www.resmigazete.gov.tr/eskiler/2002/02/20020219.htm#15
2002-02-19,— Mecburi Standart Tebliği (No: ÖSG-2002/4),https://www.resmigazete.gov.tr/eskiler/2002/02/20020219.htm#16
2002-02-19,— Mecburi Standart Tebliği (No: ÖSG-2002/7),https://www.resmigazete.gov.tr/eskiler/2002/02/20020219.htm#17
2002-02-19,— Mecburi Standart Tebliği (No: ÖSG-2002/8),https://www.resmigazete.gov.tr/eskiler/2002/02/20020219.htm#18
2002-02-19,— İthalatta Gözetim ve Korunma Önlemlerine İlişkin Tebliğ (No: 2002/1),https://www.resmigazete.gov.tr/eskiler/2002/02/20020219.htm#19
2002-02-19,— İthalatta Gözetim ve Korunma Önlemlerine İlişkin Tebliğ (No: 2002/2),https://www.resmigazete.gov.tr/eskiler/2002/02/20020219.htm#20
2002-02-20,"2002/3629 Türkiye-Cezayir Ekonomik,Bilims el ve Teknik İşbirliği Karma Komisyonu 7 nci Dönem Toplantısı Tutanağı’nın Onaylanması Hakkında Karar",https://www.resmigazete.gov.tr/eskiler/2002/02/20020220.htm#1
2002-02-20,"— Turizm Bakanlığına, Devlet Bakanı Mehmet KEÇECİLER’in Vekâlet Etmesine Dair Tezkere",https://www.resmigazete.gov.tr/eskiler/2002/02/20020220.htm#2
2002-02-20,— Millî Eğitim Bakanlığı Özel Eğitim Hizmetleri Yönetmeliğinde Değişiklik Yapılmasına Dair Yönetmelik,https://www.resmigazete.gov.tr/eskiler/2002/02/20020220.htm#3
2002-02-20,— İşkolu Tespit Kararı (No : 2002/4),https://www.resmigazete.gov.tr/eskiler/2002/02/20020220.htm#4
2002-02-20,— Dış Ticaret Sermaye Şirketlerine İlişkin Karar,https://www.resmigazete.gov.tr/eskiler/2002/02/20020220.htm#5
2002-02-20,— Gümrük Genel Tebliğinde Değişiklik Yapılmasına Dair Tebliğ (Geçici İthalat) (Seri No : 2),https://www.resmigazete.gov.tr/eskiler/2002/02/20020220.htm#6
2002-02-20,DÜZELTME (2002/8) Sayılı Cezanın Kaldırılması Kararı ile İlgili,https://www.resmigazete.gov.tr/eskiler/2002/02/20020220.htm#7
2002-02-21,"4745 Denizcilik Müsteşarlığının Kuruluş ve Görevleri Hakkında Kanun Hükmünde Kararname, Devlet Memurları Kanunu, Harcırah Kanunu ile Genel Kadro ve Usulü Hakkında Kanun Hükmünde Kararnamede Değişiklik Yapılmasına Dair Kanun",https://www.resmigazete.gov.tr/eskiler/2002/02/20020221.htm#1
2002-02-21,"Devlet Bakanı ve Başbakan Yardımcısı H. Hüsamettin ÖZKAN’a, Devlet Bakanı Recep ÖNAL’ın Vekâlet Etmesine Dair Tezkere",https://www.resmigazete.gov.tr/eskiler/2002/02/20020221.htm#2
2002-02-21,"Devlet Bakanı Dr. Kemal DERVİŞ’e, OrmanBakanı Prof. Dr. Nami ÇAĞAN’ın Vekâlet Etmesine Dair Tezkere",https://www.resmigazete.gov.tr/eskiler/2002/02/20020221.htm#3
2002-02-21,"Devlet Bakanı Nejat ARSEVEN’e, Devlet Bakanı Edip Safder GAYDALI’nın Vekâlet Etmesine Dair Tezkere",https://www.resmigazete.gov.tr/eskiler/2002/02/20020221.htm#4
2002-02-21,"— Kültür Bakanlığına, Devlet Bakanı Hasan GEMİCİ’nin Vekâlet Etmesine Dair Tezkere",https://www.resmigazete.gov.tr/eskiler/2002/02/20020221.htm#5
2002-02-21,2002/3670 İthalat Rejimi Kararına Ek Karar,https://www.resmigazete.gov.tr/eskiler/2002/02/20020221.htm#6
2002-02-21,2002/3699 Yatırımlarda Devlet Yardımları Hakkında Karar’da Değişiklik Yapılmasına Dair Karar,https://www.resmigazete.gov.tr/eskiler/2002/02/20020221.htm#7
2002-02-21,2002/3700 Kamu Kurum ve Kuruluşlarının Üretti kleri Mal ve Hizmetlerden Ücret siz Veya İndirimli Olarak Faydalanacakların Tespitine İlişkin Ka rar,https://www.resmigazete.gov.tr/eskiler/2002/02/20020221.htm#8
2002-02-21,2002/3701 Kamu Kurum ve Kuruluşlarının Üretti kleri Mal ve Hizmetlerden Ücret siz Veya İndirimli Olarak Faydalanacakların Tespitine İlişkin Karar,https://www.resmigazete.gov.tr/eskiler/2002/02/20020221.htm#9
2002-02-21,— Hükümlü Mehmet TAMER’in Cezasının Kaldırılması Hakkında Karar,https://www.resmigazete.gov.tr/eskiler/2002/02/20020221.htm#10
2002-02-21,— Hükümlü Mehmet Emin AYIN’ın Cezasının Kaldırılması Hakkında Karar,https://www.resmigazete.gov.tr/eskiler/2002/02/20020221.htm#11
2002-02-21,— Diyanet İşleri Başkanlığı Teftiş Kurulu Yönetmeliğinin Bazı Maddelerinin Değiştirilmesine Dair Yönetmelik,https://www.resmigazete.gov.tr/eskiler/2002/02/20020221.htm#12
2002-02-21,— Halk ve Çocuk Kütüphaneleri Yönetmeliğinde Değişiklik Yapılmasına Dair Yönetmelik,https://www.resmigazete.gov.tr/eskiler/2002/02/20020221.htm#13
2002-02-21,— Devlet Opera ve Balesi Genel Müdürlüğü Alım Satım ve İhale İşleri ile Muhasebe İşleri ve Ayniyat İşlemleri Yönetmeliğinin Değiştirilmesi Hakkında Yönetmelik,https://www.resmigazete.gov.tr/eskiler/2002/02/20020221.htm#14
2002-02-21,— Anadolu Üniversitesi Öğretim ve Sınav Yönetmeliğinin 18 inci Maddesinde Değişiklik Yapılmasına Dair Yönetmelik,https://www.resmigazete.gov.tr/eskiler/2002/02/20020221.htm#15
2002-02-21,— Anadolu Üniversitesi Sivil Havacılık Yüksekokulu Pilotaj Bölümü Öğretim ve Sınav Yönetmeliğinin 13 üncü Maddesinde Değişiklik Yapılmasına Dair Yönetmelik,https://www.resmigazete.gov.tr/eskiler/2002/02/20020221.htm#16
2002-02-21,Muğla Üniversitesi Önlisans ve Lisans Eğitim-Öğretim ve Sına v Yönetmeli ğinin 12 nci Maddesinin Değiştirilmesi Hakkında Yönetmelik,https://www.resmigazete.gov.tr/eskiler/2002/02/20020221.htm#17
2002-02-22,22/6/1927 tarihli ve 5235 sayılı Bakanlar Kurulu Kararı ile yürürlüğe konulan Resmî Gazete'nin Sureti Neşir ve Muamelatının Tarzı İcrasına Dair Yönetmelik uyarınca bugün Resmî Gazete yayımlanmamıştır.,https://www.resmigazete.gov.tr/2011%20Resmi%20Gazeteleri/Resmi%20Gazete%20Tatil%20Şablon/20110101-1.htm
2002-02-23,22/6/1927 tarihli ve 5235 sayılı Bakanlar Kurulu Kararı ile yürürlüğe konulan Resmî Gazete'nin Sureti Neşir ve Muamelatının Tarzı İcrasına Dair Yönetmelik uyarınca bugün Resmî Gazete yayımlanmamıştır.,https://www.resmigazete.gov.tr/2011%20Resmi%20Gazeteleri/Resmi%20Gazete%20Tatil%20Şablon/20110101-1.htm
2002-02-24,22/6/1927 tarihli ve 5235 sayılı Bakanlar Kurulu Kararı ile yürürlüğe konulan Resmî Gazete'nin Sureti Neşir ve Muamelatının Tarzı İcrasına Dair Yönetmelik uyarınca bugün Resmî Gazete yayımlanmamıştır.,https://www.resmigazete.gov.tr/2011%20Resmi%20Gazeteleri/Resmi%20Gazete%20Tatil%20Şablon/20110101-1.htm
2002-02-25,22/6/1927 tarihli ve 5235 sayılı Bakanlar Kurulu Kararı ile yürürlüğe konulan Resmî Gazete'nin Sureti Neşir ve Muamelatının Tarzı İcrasına Dair Yönetmelik uyarınca bugün Resmî Gazete yayımlanmamıştır.,https://www.resmigazete.gov.tr/2011%20Resmi%20Gazeteleri/Resmi%20Gazete%20Tatil%20Şablon/20110101-1.htm
2002-02-26,"— Devlet Bakanı ve Başbakan Yardımcılığı, Devlet, Milli Savunma, İçişleri, Maliye, Ulaştırma, Tarım ve Köyişleri, Sanayi ve Ticaret, Kültür, Turizm, Orman ile Çevre Bakanlıklarına Ait Atama Kararları",https://www.resmigazete.gov.tr/eskiler/2002/02/20020226.htm#1
2002-02-26,— Sınır Tespitine Dair İki Adet Karar,https://www.resmigazete.gov.tr/eskiler/2002/02/20020226.htm#2
2002-02-26,— Okul Öncesi Eğitim Kurumları Yönetmeliği,https://www.resmigazete.gov.tr/eskiler/2002/02/20020226.htm#3
2002-02-26,— Milli Eğitim Bakanlığı Ortaöğretim Kurumları Ödül ve Disiplin Yönetmeliğinde Değişiklik Yapılmasına Dair Yönetmelik,https://www.resmigazete.gov.tr/eskiler/2002/02/20020226.htm#4
2002-02-26,— Ankara Üniversitesi Öğrenci Evleri Yönetmeliği,https://www.resmigazete.gov.tr/eskiler/2002/02/20020226.htm#5
2002-02-26,— Rekabet Kurulunun 99-38/401-257 Sayılı Kararı,https://www.resmigazete.gov.tr/eskiler/2002/02/20020226.htm#6
2002-02-26,— Rekabet Kurulunun 99-40/425-272 Sayılı Kararı,https://www.resmigazete.gov.tr/eskiler/2002/02/20020226.htm#7
2002-02-26,— Rekabet Kurulunun 99-51/556-349 Sayılı Kararı,https://www.resmigazete.gov.tr/eskiler/2002/02/20020226.htm#8
2002-02-26,— Balıkesir Valiliği Hıfzıssıhha Kurul Kararı,https://www.resmigazete.gov.tr/eskiler/2002/02/20020226.htm#9
2002-02-27,"— Devlet Bakanı ve Başbakan Yardımcısı Mesut YILMAZ’a, Devlet Bakanı Dr. Yılmaz KARAKOYUNLU’nun Vekâlet Etmesine Dair Tezkere",https://www.resmigazete.gov.tr/eskiler/2002/02/20020227.htm#1
2002-02-27,"İçişleri Bakanlığına, Devlet Bakanı Edip Safder GAYDALI’nın Vekâlet Et mesine Dair Tezkere",https://www.resmigazete.gov.tr/eskiler/2002/02/20020227.htm#2
2002-02-27,— Devlet Bakanı ve Başbakan Yardımcılığına Ait Atama Kararı,https://www.resmigazete.gov.tr/eskiler/2002/02/20020227.htm#3
2002-02-27,— Yargıtay 5. Hukuk Dairesine Ait Karar,https://www.resmigazete.gov.tr/eskiler/2002/02/20020227.htm#4
2002-02-28,"— Ulaştırma Bakanlığına, Bayındırlık ve İskan Bakanı Prof. Dr. Abdülkadir AKCAN’ın Vekâlet Etmesine Dair Tezkere",https://www.resmigazete.gov.tr/eskiler/2002/02/20020228.htm#1
2002-02-28,2002/3674 Tarım ve Köyişleri Bakanlığı Tarımsal Üretim ve Geliştirme Genel Müdürlüğü Bünyesinde (1) Adet Daire Başkanlığı ile (3) Adet Şube Müdürlüğü Kurulması Hakkında Karar,https://www.resmigazete.gov.tr/eskiler/2002/02/20020228.htm#2
2002-02-28,2002/3683 İstanbul Üniversitesi Rektörlüğü’ne Bağlı Olarak Avrasya Arkeoloji Enstitüsü Kurulması Hakkında Karar,https://www.resmigazete.gov.tr/eskiler/2002/02/20020228.htm#3
2002-02-28,"2002/3685 Yen iden Yapılandırma Kurulu’nda Boş Bulunan Üyeliğe, Kalan Süreyi Tamamlamak Üzere,Hüseyin Durusu ’nun Atanması Hakkında Karar",https://www.resmigazete.gov.tr/eskiler/2002/02/20020228.htm#4
2002-02-28,— Hakimler ve Savcılar Yüksek kuruluna Ait Atama Kararı,https://www.resmigazete.gov.tr/eskiler/2002/02/20020228.htm#5
2002-02-28,— Emeklilik Şirketleri Kuruluş ve Çalışma Esasları Hakkında Yö netmelik,https://www.resmigazete.gov.tr/eskiler/2002/02/20020228.htm#6
2002-02-28,— Bireysel Emeklilik Sistemi Hakkında Yönetmelik,https://www.resmigazete.gov.tr/eskiler/2002/02/20020228.htm#7
2002-02-28,— Bireysel Emeklilik Aracıları Hakkında Yönetmelik,https://www.resmigazete.gov.tr/eskiler/2002/02/20020228.htm#8
2002-02-28,— Emeklilik Yatırım Fonlarının Kuruluş ve Faaliyetlerine İlişkin Esaslar Hakkında Yönetmelik,https://www.resmigazete.gov.tr/eskiler/2002/02/20020228.htm#9
2002-02-28,— Gemi Adamları İaşe Bedeli Tespit Kurulu Kararı,https://www.resmigazete.gov.tr/eskiler/2002/02/20020228.htm#10
2002-02-28,— Petrol Ürünlerine Uygulanacak Akaryakıt Fiyat İstikrar Payları Hakkında Tebliğ (PİGM/AFİP 2002-12),https://www.resmigazete.gov.tr/eskiler/2002/02/20020228.htm#11
2002-02-28,DÜZELTME (Anadolu Üniversitesi Öğretim ve Sınav Yönetmeliğinin 18 inci Maddesinde Değişiklik Yapılmasına Dair Yönetmelikle ile İlgili),https://www.resmigazete.gov.tr/eskiler/2002/02/20020228.htm#12
2002-03-01,"2002/3632 Türkiye’de İlmi Araştırma,İnceleme Yapmak veya Film Çekmek İsteyen Yabancılar ve Yabancılar Adına Müracaat Edenler ile Yabancı Basın-Yayın Mensuplarının Tabi Olacakları Esaslarda Değişiklik Yapılmasına Dair Esaslar’ın Yürürlüğe Konulması Hakkında Karar",https://www.resmigazete.gov.tr/eskiler/2002/03/20020301.htm#1
2002-03-01,2002/3663 Malatya Hacı Bektaş Veli Kültür Merkezi Vakfı’na Vergi Muafiyeti Tanınması Hakkında Karar,https://www.resmigazete.gov.tr/eskiler/2002/03/20020301.htm#2
2002-03-01,2002/3681 Devlet Arşivlerinde Araştırma ve İnceleme Yapmak İsteyen Türk veya Yabancı Uyruklu Gerçek veya Tüzel Kişilerin Tabi Olacakları Esaslar’ın Yürürlüğe Konulması Hakkında Karar,https://www.resmigazete.gov.tr/eskiler/2002/03/20020301.htm#3
2002-03-01,2002/3727 Tabii Afet Nedeniyle Gelir Kaybı ve Alt Yapı Hasarına Uğrayan İl Özel İdarelerine Yapılacak Yardımlara Dair Karar,https://www.resmigazete.gov.tr/eskiler/2002/03/20020301.htm#4
2002-03-01,— A. TR Dolaşım Belgeleri Yönetmeliğinin 22 nci Maddesinde Değişiklik Yapılmasına Dair Yönetmelik,https://www.resmigazete.gov.tr/eskiler/2002/03/20020301.htm#5
2002-03-01,— Türk Silahlı Kuvvetleri İzin Yönetmeliğinin 12 nci Maddesinin Altıncı Bendinde Değişiklik Yapılmasına Dair Yönetmelik,https://www.resmigazete.gov.tr/eskiler/2002/03/20020301.htm#6
2002-03-01,— Kültür Bakanlığı Döner Sermaye Yönetmeliğinin 40 ıncı Maddesinin Değiştirilmesine Dair Yönetmelik,https://www.resmigazete.gov.tr/eskiler/2002/03/20020301.htm#7
2002-03-01,— Yükseköğretim Denetleme Kurulu Teşkilat Görev ve Çalışma Usulleri Yönetmeliğinin 12 nci Maddesinde Değişiklik Yapılması Hakkında Yönetmelik,https://www.resmigazete.gov.tr/eskiler/2002/03/20020301.htm#8
2002-03-01,— Ankara Üniversitesi Arşiv Hizmetleri Hakkında Yönetmelikte Değişiklik Yapılmasına Dair Yönetmelik,https://www.resmigazete.gov.tr/eskiler/2002/03/20020301.htm#9
2002-03-01,— İstanbul Üniversitesi İstanbul Tıp Fakültesi Eğitim-Öğretim ve Sınav Yönetmeliğinin 12 nci Maddesinde Değişiklik Yapılmasına Dair Yönetmelik,https://www.resmigazete.gov.tr/eskiler/2002/03/20020301.htm#10
2002-03-01,— İstanbul Üniversitesi Cerrahpaşa Tıp Fakültesi Türkçe ve İngilizce Programları Öğretim ve Sınav Yönetmeliğinin 12 nci Maddesinin Değiştirilmesine Dair Yönetmelik,https://www.resmigazete.gov.tr/eskiler/2002/03/20020301.htm#11
2002-03-01,"— Zonguldak Karaelmas Üniversitesi Önlisans,Lisans Eğitim-Öğretim ve Sınav Yönetmeliğinin 17 nci Maddesinde Değişiklik Yapılmasına Dair Yönetmelik",https://www.resmigazete.gov.tr/eskiler/2002/03/20020301.htm#12
2002-03-01,— Tahsilat Genel Tebliği (Seri No: 424),https://www.resmigazete.gov.tr/eskiler/2002/03/20020301.htm#13
2002-03-01,— Mülga Dış Krediler Kur Farkı Fonu’ndan Kullanılmış Kredilere Uygulanacak Değişken Faiz Oranı Hakkında Tebliğ,https://www.resmigazete.gov.tr/eskiler/2002/03/20020301.htm#14
2002-03-02,"— Bayındırlık ve İskân Bakanlığına, Ulaştırma Bakanı Oktay VURAL’ın Vekâlet Etmesine Dair Tezkere",https://www.resmigazete.gov.tr/eskiler/2002/03/20020302.htm#1
2002-03-02,2002/3669 Sıtkı Koçman Muğla Üniversitesini Geliştirme Vakfı’na Vakıf Resmi Senedine Uygun Faaliyette Bulunduğu Dönemlere Münhasır Olmak Üzere Vergi Muafiyeti Tanınması Hakkında Karar,https://www.resmigazete.gov.tr/eskiler/2002/03/20020302.htm#2
2002-03-02,— 4389 sayılı Bankalar Kanununun Geçici 4 üncü Maddesi Uyarınca Yapılacak Özel Bağımsız Denetimin Esas ve Usulleri Hakkında Yönetmelikte Değişiklik Yapılmasına İlişkin Yönetmelik,https://www.resmigazete.gov.tr/eskiler/2002/03/20020302.htm#3
2002-03-02,— İstanbul Teknik Üniversitesi Lisansüstü Eğitim ve Öğretim Yönetmeliği,https://www.resmigazete.gov.tr/eskiler/2002/03/20020302.htm#4
2002-03-02,"— Yapı, Tesis ve Onarım İşleri İhalelerinde Kullanılan Müteahhitlik Karneleri ve İş Bitirme Belgelerinin 2002 Yılına Ait Değerlendirme Katsayı Hakkında Tebliğ",https://www.resmigazete.gov.tr/eskiler/2002/03/20020302.htm#5
2002-03-03,"Devlet Bakanı Prof. Dr. Şükrü S. GÜREL’e, Devlet Bakanı Fikret ÜNLÜ’nün Vekâlet Etmesine Dair Tezkere",https://www.resmigazete.gov.tr/eskiler/2002/03/20020303.htm#1
2002-03-03,"Devlet Bakanı Nejat ARSEVEN’e, Devlet Bakanı Dr. Yılmaz KARAKOYUNLU’nun Vekâlet Etmesine Dair Tezkere",https://www.resmigazete.gov.tr/eskiler/2002/03/20020303.htm#2
2002-03-03,"— Milli Savunma Bakanlığına, Devlet Bakanı Prof. Dr. Ramazan MİRZAOĞLU’nun Vekâlet Etmesine Dair Tezkere",https://www.resmigazete.gov.tr/eskiler/2002/03/20020303.htm#3
2002-03-03,— Türkiye Taşkömürü Kurumu Personeli Atanma ve Görevde Yükselme Yönetmeliğinde Değişiklik Yapılması Hakkında Yönetmelik,https://www.resmigazete.gov.tr/eskiler/2002/03/20020303.htm#4
2002-03-03,— Alkolmet reler ve Alkol Hidrometrelerine Dair Yönetmeliğin 8 inci Maddesinin Değiştirilmesine Dair Yönetmelik (76/765/AT),https://www.resmigazete.gov.tr/eskiler/2002/03/20020303.htm#5
2002-03-03,— Alkol Tablolarına Dair Yönetmeliğin 7 nci Maddesinin Değiştirilmesine Dair Yönetmelik (76/766/AT),https://www.resmigazete.gov.tr/eskiler/2002/03/20020303.htm#6
2002-03-03,Elektrik Sayaçları Yönetmeliğinin 8 inci Maddesinin Değiştirilmesine Dair Yönetmelik (76/891/AT),https://www.resmigazete.gov.tr/eskiler/2002/03/20020303.htm#7
2002-03-03,— BOTAŞ Boru Hatları ile Petrol Taşıma A.Ş. Kapsam Dışı Personel Yönetmeliğinde Değişiklik Yapılması Hakkında Yönetmelik,https://www.resmigazete.gov.tr/eskiler/2002/03/20020303.htm#8
2002-03-03,— Çevre Bakanlığı Mahalli Çevre Kurulları Çalışma Esas ve Usulleri Yönetmeliğinin Değiştirilmesi Hakkında Yönetmelik,https://www.resmigazete.gov.tr/eskiler/2002/03/20020303.htm#9
2002-03-03,— Telekomünikasyon Kurumu - Muayene ve Kab ul Komisyonlarının Çalışma Usul ve Esasları Hakkında Yönetmelik,https://www.resmigazete.gov.tr/eskiler/2002/03/20020303.htm#10
2002-03-03,— Rekabet Kurulunun 99-52/562-352 Sayılı Kararı,https://www.resmigazete.gov.tr/eskiler/2002/03/20020303.htm#11
2002-03-03,— Rekabet Kurulunun 99-59/642-409 Sayılı Kararı,https://www.resmigazete.gov.tr/eskiler/2002/03/20020303.htm#12
2002-03-03,— Rekabet Kurulunun 00-8/73-35 Sayılı Kararı,https://www.resmigazete.gov.tr/eskiler/2002/03/20020303.htm#13
2002-03-04,2002/3696 Türk-Yunan Gümrük İdareleri Arasındaki Toplantıya Ait Tutanak’ın Onaylanması Hakkında Karar,https://www.resmigazete.gov.tr/eskiler/2002/03/20020304.htm#1
2002-03-04,"2002/3697 Türkiye Cumhuriyeti Hükümeti ile Tacikistan Cumhuriyeti Hükümeti Arasında İmzalanan, Ticaret, Ekonomi ve Sanayi Alanlarında Uzun Vadeli İşbirliği Anlaşması’nın Onaylanması Hakkında Karar",https://www.resmigazete.gov.tr/eskiler/2002/03/20020304.htm#2
2002-03-04,— Gümrük Yönetmeliğinde Değişiklik Yapılmasına Dair Yönetmelik,https://www.resmigazete.gov.tr/eskiler/2002/03/20020304.htm#3
2002-03-04,— İhracatı Geliştirme Etüd Merkezi Gelir Gider ve Muhasebe Usulleri ile Diğer Mali Konulara İlişkin Usul ve Esaslar Yönetmeliği,https://www.resmigazete.gov.tr/eskiler/2002/03/20020304.htm#4
2002-03-04,Anadolu Üniversitesi Lisansüstü Eğitim-Öğretim ve Sınav Yönetmeliğinin Bazı Maddelerinde Değişiklik Yapılmasına Dair Yönetmelik,https://www.resmigazete.gov.tr/eskiler/2002/03/20020304.htm#5
2002-03-04,— Dokuz Eylül Üniversitesi Öğretim ve Sınav Çerçeve Yönetmeliğine Ek Maddeler Eklenmesi Hakkında Yön etmelik,https://www.resmigazete.gov.tr/eskiler/2002/03/20020304.htm#6
2002-03-04,— İstanbul Üniversitesi Orman İşletmeciliği Meslek Yüksekokulu Öğretim ve Sınav Yönetmeliğinde Değişiklik Yapılmasına Dair Yönetmelik,https://www.resmigazete.gov.tr/eskiler/2002/03/20020304.htm#7
2002-03-04,"— İzmir İli Sınırları İçerisinde, Sokakta Yaşayan ve Sokakta Çalıştırılan Çocukların Korunması ile Çözücü ve Yapıştırıcı Nitelikli Uçucu ve Bağımlılık Yapan Maddelerin 18 Yaşından Küçüklere Satışının Yasaklanmasına Dair Karar (No: 2002/1)",https://www.resmigazete.gov.tr/eskiler/2002/03/20020304.htm#8
2002-03-05,734 Maden Kaynaklarının Değerlendirilmesi ve Madencilik Sektörünün İçinde Bulunduğu Durum ile Bor ve Altın Madenleri Konusunda Kurulan Meclis Araştırması Komisyonuna Üye Seçimine İlişkin Karar,https://www.resmigazete.gov.tr/eskiler/2002/03/20020305.htm#1
2002-03-05,"— Cumhurbaşkanlığına, Türkiye Büyük Millet Meclisi Başkanı Ömer İzgi’nin Vekâlet Etmesine Dair Tezkere",https://www.resmigazete.gov.tr/eskiler/2002/03/20020305.htm#2
2002-03-05,"— Devlet Bakanı Prof. Dr. Tunca TOSKAY'a, Devlet Bakanı Faruk BAL’ın Vekâlet Etmesine Dair Tezkere",https://www.resmigazete.gov.tr/eskiler/2002/03/20020305.htm#3
2002-03-05,"— Dışişleri Bakanlığına, Devlet Bakanı ve Başbakan Yardımcısı H.Hüsamettin ÖZKAN’ın Vekâlet Etmesine Dair Tezkere",https://www.resmigazete.gov.tr/eskiler/2002/03/20020305.htm#4
2002-03-05,"2002/3642 Silahlı Kuvvetler İhtiyaç Fazlası Mal ve Hizmetlerinin Satış, Hibe, Devir ve Elden Çıkarılması, Diğer Devletler Adına Yurt Dışı ve Yurt İçi Alımların Yapılması ve Eğitim Görecek Yabancı Personel Hakkında Kanun Hükümlerinin Uygulanmasına Dair Esaslarda Değişiklik Yapılmasına İlişkin Esaslar’ın Yürürlüğe Konulması Hakkında Karar",https://www.resmigazete.gov.tr/eskiler/2002/03/20020305.htm#5
2002-03-05,"— Maliye, Tarım ve Köyişleri ile Kültür Bakanlıklarına Ait 7 Adet Atama Kararı",https://www.resmigazete.gov.tr/eskiler/2002/03/20020305.htm#6
2002-03-05,— Hâkimler ve Savcılar Yüksek Kuruluna Ait Karar,https://www.resmigazete.gov.tr/eskiler/2002/03/20020305.htm#7
2002-03-05,— 2002 Mali Yılı Bütçe Uygulama Talimatı (Yeni Bütçe Kod Yapısı) (Sıra No: 4),https://www.resmigazete.gov.tr/eskiler/2002/03/20020305.htm#8
2002-03-05,— Türk Gıda Kodeksi Turunçgil Meyvelerinde Yüzeyde Kullanılan Koruyucu Maddeler ve Bu Koruyucuların Kalitatif ve Kantitatif Analiz Metodları Tebliğ (No: 2002/19),https://www.resmigazete.gov.tr/eskiler/2002/03/20020305.htm#9
2002-03-05,— Türk Gıda Kodeksi Makarna Tebliği (No: 2002/20),https://www.resmigazete.gov.tr/eskiler/2002/03/20020305.htm#10
2002-03-05,— Türk Gıda Kodeksi İrmik Tebliği (No: 2002/21),https://www.resmigazete.gov.tr/eskiler/2002/03/20020305.htm#11
2002-03-05,— Petrol Ürünlerine Uygulanacak Akaryakıt Fiyat İstikrar Payları Hakkında Tebliğ (PİGM/AFİP 2002-13),https://www.resmigazete.gov.tr/eskiler/2002/03/20020305.htm#12
2002-03-05,— Petrol Ürünlerine Uygulanacak Akaryakıt Fiyat İstikrar Payları Hakkında Tebliğ (PİGM/AFİP 2002-14),https://www.resmigazete.gov.tr/eskiler/2002/03/20020305.htm#13
2002-03-05,— Gümrük Genel Tebliğinde Değişiklik Yapılmasına Dair Tebliği (Özel Kullanıma Mahsus Kara Taşıtları) Seri No: 4,https://www.resmigazete.gov.tr/eskiler/2002/03/20020305.htm#14
2002-03-05,— Rekabet Kurulunun 00-27/294-164 sayılı Kararı,https://www.resmigazete.gov.tr/eskiler/2002/03/20020305.htm#15
2002-03-05,— Rekabet Kurulunun 00-36/401-227 sayılı Kararı,https://www.resmigazete.gov.tr/eskiler/2002/03/20020305.htm#16
2002-03-05,"DÜZELTME 4278 sayılı “2002 Mali Yılı Katma Bütçeli İdareler Bütçe Kanunu Eki, Adnan Menderes Üniversitesine Ait Cetvel ile İlgili)",https://www.resmigazete.gov.tr/eskiler/2002/03/20020305.htm#17
2002-03-05,DÜZELTME (Hâkimler ve Cumhuriyet Savcıları Hakkında Uygulanacak Atama ve Nakil Yönetmeliğinde Değişiklik Yapılmasına Dair Yönetmelik ile İlgili),https://www.resmigazete.gov.tr/eskiler/2002/03/20020305.htm#18
2002-03-06,"— Devlet Bakanı Dr. Kemal DERVİŞ’e, Orman Bakanı Prof. Dr.Nami ÇAĞAN’ın Vekâlet Etmesine Dair Tezkere",https://www.resmigazete.gov.tr/eskiler/2002/03/20020306.htm#1
2002-03-06,2002/3704 Akdeniz Üniversitesi Rektörlüğü’ne Bağlı Alanya Hukuk Fakültesi’nin Adındaki “Alanya” İbaresinin Kaldırılması Hakkında Karar,https://www.resmigazete.gov.tr/eskiler/2002/03/20020306.htm#2
2002-03-06,— İstanbul Teknik Üniversitesi Lisansüstü Eğitim ve Öğretim Yönetmeliği,https://www.resmigazete.gov.tr/eskiler/2002/03/20020306.htm#3
2002-03-06,— Akdeniz Üniversitesi Arşiv Hizmetleri Yönetmeliğinin Bazı Maddelerinde Değişiklik Yapılmasına Dair Yönetmelik,https://www.resmigazete.gov.tr/eskiler/2002/03/20020306.htm#4
2002-03-06,— Türk Gıda Kodeksi Enerji İçecekleri Tebliği (No: 2002/24),https://www.resmigazete.gov.tr/eskiler/2002/03/20020306.htm#5
2002-03-07,"2002/3720 Türkiye Cumhuriyeti ile Almanya Federal Cumhuriyeti Arasındaki Teknik İşbirliği Anlaşması Çerçevesinde, İki Ülke Arasında Nota Teatisi Yoluyla Akdedilen “Diyarbakır Büyükşehir Belediyesi Su ve Kanalizasyon İdaresi (DİSKİ)’nin Teşviki” Konulu Projeye İlişkin Anlaşma’nın Onaylanması Hakkında Karar",https://www.resmigazete.gov.tr/eskiler/2002/03/20020307.htm#1
2002-03-07,2001/3702 İstanbul Üniversitesi Araştırma ve Yardım Vakfı’na Vergi Muafiyeti Tanınması Hakkında Karar,https://www.resmigazete.gov.tr/eskiler/2002/03/20020307.htm#2
2002-03-07,2002/3707 Mevduat ve Kredi İşlemlerinde Uygulanacak Faiz Oranları ile Sağlanacak Diğer Menfaatler Hakkında Karar,https://www.resmigazete.gov.tr/eskiler/2002/03/20020307.htm#3
2002-03-07,2002/3725 582 Kişiye Türk Vatandaşlığının Kaybettirilmesi Hakkında Karar,https://www.resmigazete.gov.tr/eskiler/2002/03/20020307.htm#4
2002-03-07,— Hâkimler ve Savcılar Yüksek Kuruluna Ait Karar,https://www.resmigazete.gov.tr/eskiler/2002/03/20020307.htm#5
2002-03-07,— Başbakanlık Merkez Teşkilatı ve Basımevi Döner Sermaye İşletmesi Müdürlüğü Görevde Yükselme Usul ve Esaslarına Dair Yönetmelikte Değişiklik Yapılmasına Dair Yönetmelik,https://www.resmigazete.gov.tr/eskiler/2002/03/20020307.htm#6
2002-03-07,— Diyanet İşleri Başkanlığı Arşiv Hizmetleri Yönetmeliğinde Değişiklik Yapılmasına Dair Yönetmelik,https://www.resmigazete.gov.tr/eskiler/2002/03/20020307.htm#7
2002-03-07,— Gümrük Laboratuvarları Tahlil Metotları Yönetmeliği,https://www.resmigazete.gov.tr/eskiler/2002/03/20020307.htm#8
2002-03-07,— Özel Finans Kurumlarının Kuruluş ve Faaliyetleri Hakkında Yönetmelikte Değişiklik Yapılmasına Dair Yönetmelik,https://www.resmigazete.gov.tr/eskiler/2002/03/20020307.htm#9
2002-03-07,— Devlet İhaleleri Genelgesi (Sıra No: 2002/1),https://www.resmigazete.gov.tr/eskiler/2002/03/20020307.htm#10
2002-03-07,— Mimarlık ve Mühendislik Hizmet Bedellerinin Hesabında Kullanılacak 2002 Yılı Yapı Yaklaşık Birim Maliyetleri Hakkında Tebliğ,https://www.resmigazete.gov.tr/eskiler/2002/03/20020307.htm#11
2002-03-07,— Kimyevi Gübre Denetimleri Sırasında Alınacak Numunelerin Analizlerinin Yaptırılacağı Analiz ve Referans Kurum Laboratuvarları ile Analiz Ücretleri Hakkında Tebliğ (No: 2002/14),https://www.resmigazete.gov.tr/eskiler/2002/03/20020307.htm#12
2002-03-07,— Mecburi Standard: ÖSG-2002/5 Sayılı Tebliğ,https://www.resmigazete.gov.tr/eskiler/2002/03/20020307.htm#13
2002-03-07,— Mecburi Standard: ÖSG-2002/6 Sayılı Tebliğ,https://www.resmigazete.gov.tr/eskiler/2002/03/20020307.htm#14
2002-03-07,— Mecburi Standard Tebliğinde Değişiklik Yapılmasına Dair Tebliğ (No: ÖSG-2002/9),https://www.resmigazete.gov.tr/eskiler/2002/03/20020307.htm#15
2002-03-07,— Mecburi Standard Tebliğinde Değişiklik Yapılmasına Dair Tebliğ (No: ÖSG-2002/10),https://www.resmigazete.gov.tr/eskiler/2002/03/20020307.htm#16
2002-03-07,— Mecburi Standard Tebliğinde Değişiklik Yapılmasına Dair Tebliğ (No: ÖSG-2002/11),https://www.resmigazete.gov.tr/eskiler/2002/03/20020307.htm#17
2002-03-07,— Mecburi Standard Tebliğinde Değişiklik Yapılmasına Dair Tebliğ (No: ÖSG-2002/12),https://www.resmigazete.gov.tr/eskiler/2002/03/20020307.htm#18
2002-03-07,— Rekabet Kurulunun 99-33/315-195 Sayılı Kararı,https://www.resmigazete.gov.tr/eskiler/2002/03/20020307.htm#19
2002-03-07,— Rekabet Kurulunun 99-45/486-311 Sayılı Kararı,https://www.resmigazete.gov.tr/eskiler/2002/03/20020307.htm#20
2002-03-07,— Rekabet Kurulunun 99-48/526-331 Sayılı Kararı,https://www.resmigazete.gov.tr/eskiler/2002/03/20020307.htm#21
2002-03-08,— Devlet Meteoroloji İşleri Genel Müdürlüğü Personeli Atama ve Görevde Yükselme Yönetmeliğinde Değişiklik Yapılması Hakkında Yönetmelik,https://www.resmigazete.gov.tr/eskiler/2002/03/20020308.htm#1
2002-03-08,— Telekomünikasyon Kurumu-Emanet Komisyonunun Çalışma Usul ve Esasları Hakkında Yönetmelik,https://www.resmigazete.gov.tr/eskiler/2002/03/20020308.htm#2
2002-03-08,— Telekomünikasyon Kurumu-Ulusal Dolaşım (Roaming) Anlaşması Yapılması ile İlgili Usul ve Esaslar Hakkında Yönetmelik,https://www.resmigazete.gov.tr/eskiler/2002/03/20020308.htm#3
2002-03-08,— 6/12/2001 Tarih ve 24605 Sayılı Resmî Gazete’de İptalleri İlan Edilen İzin ve Teşvik Belgelerinden İptal İşlemleri Kaldırılan Belgeler Hakkında Genelge,https://www.resmigazete.gov.tr/eskiler/2002/03/20020308.htm#4
2002-03-08,— Petrol Ürünlerine Uygulanacak Akaryakıt Fiyat İstikrar Payları Hakkında Tebliğ (PİGM/AFİP 2002-15),https://www.resmigazete.gov.tr/eskiler/2002/03/20020308.htm#5
2002-03-09,"— Bayındırlık ve İskan Bakanlığına, Devlet Bakanı Prof. Dr. Ramazan MİRZAOĞLU’nun Vekâlet Etmesine Dair Tezkere",https://www.resmigazete.gov.tr/eskiler/2002/03/20020309.htm#1
2002-03-09,"— Ulaştırma Bakanlığına, Sağlık Bakanı Doç. Dr. Osman DURMUŞ’un Vekâlet Etmesine Dair Tezkere",https://www.resmigazete.gov.tr/eskiler/2002/03/20020309.htm#2
2002-03-09,— Eti Bakır Anonim Şirketi Genel Müdürlüğü Personeli Görevde Yükselme Yönetmeliği,https://www.resmigazete.gov.tr/eskiler/2002/03/20020309.htm#3
2002-03-09,— Türkiye Elektromekanik Sanayii A.Ş. (TEMSAN) Genel Müdürlüğü Kapsam Dışı Personel Yönetmeliği,https://www.resmigazete.gov.tr/eskiler/2002/03/20020309.htm#4
2002-03-09,— Uluslararası Gözetim Şirketleri Statüsüne İlişkin Karar (Dış Ticarette Standardizasyon: 2002/3),https://www.resmigazete.gov.tr/eskiler/2002/03/20020309.htm#5
2002-03-09,DÜZELTME (4/2/2002 Tarihli ve 2002/3707 Sayılı Bakanlar Kurulu Kararı Eki ile İlgili),https://www.resmigazete.gov.tr/eskiler/2002/03/20020309.htm#6
2002-03-10,"— Orman Bakanlığına, Kültür Bakanı M. İstemihan TALAY’ın Vekâlet Etmesine Dair Tezkere",https://www.resmigazete.gov.tr/eskiler/2002/03/20020310.htm#1
2002-03-10,— Kocaeli Üniversitesi Tıp Fakültesi Tıpta Uzmanlık Öğrencileri Eğitim-Öğretim ve Sınav Yönetmeliğinin Yürürlükten Kaldırılmasına Dair Yönetmelik,https://www.resmigazete.gov.tr/eskiler/2002/03/20020310.htm#2
2002-03-10,— Kocaeli Üniversitesi Tıp Fakültesi Tıpta Yandal Uzmanlık Öğrencileri Eğitim-Öğretim ve Sınav Yönetmeliğinin Yürürlükten Kaldırılmasına Dair Yönetmelik,https://www.resmigazete.gov.tr/eskiler/2002/03/20020310.htm#3
2002-03-10,— 2002 Yılı Ocak Ayına Ait Yatırım Teşvik Belgelerinin Sektörel Dağılımı Hakkında Tebliğ,https://www.resmigazete.gov.tr/eskiler/2002/03/20020310.htm#4
2002-03-10,— 2002 Yılı Ocak Ayına Ait Yabancı Sermayeli Yatırım Teşvik Belgelerinin Sektörel Dağılımı Hakkında Tebliğ,https://www.resmigazete.gov.tr/eskiler/2002/03/20020310.htm#5
2002-03-11,2002/3714 Türk-Tacik Karma Ekonomik Komisyonu İkinci Dönem Toplantısı Protokolu’nun Onaylanması Hakkında Karar,https://www.resmigazete.gov.tr/eskiler/2002/03/20020311.htm#1
2002-03-11,— Güvenlik Bilgi Formlarının Düzenlenmesine İlişkin Usul ve Esaslar Tebliği,https://www.resmigazete.gov.tr/eskiler/2002/03/20020311.htm#2
2002-03-11,— Yargıtay 20. Hukuk Dairesine Ait 4 Adet Karar,https://www.resmigazete.gov.tr/eskiler/2002/03/20020311.htm#3
2002-03-12,"— Devlet Bakanı Prof. Dr. Tunca TOSKAY’a, Sanayi ve Ticaret Bakanı Ahmet Kenan TANRIKULU’nun Vekâlet Etmesine Dair Tezkere",https://www.resmigazete.gov.tr/eskiler/2002/03/20020312.htm#1
2002-03-12,— Sigorta Eksperleri Yönetmeliğinde Değişiklik Yapılması Hakkı nda Yönetmelik,https://www.resmigazete.gov.tr/eskiler/2002/03/20020312.htm#2
2002-03-12,— Vücuda Yerleştirilebilir Aktif Tıbbî Cihazlar Yönetmeliği,https://www.resmigazete.gov.tr/eskiler/2002/03/20020312.htm#3
2002-03-12,— Kocaeli Üniversitesi Tıp Fakültesi Eğitim Öğretim ve Sınav Yönetmeliği,https://www.resmigazete.gov.tr/eskiler/2002/03/20020312.htm#4
2002-03-12,Rekabet Kurulunun 99-55/591-378 Sayılı Kararı,https://www.resmigazete.gov.tr/eskiler/2002/03/20020312.htm#5
2002-03-12,Rekabet Kurulunun 00-48/509-277 Sayılı Kararı,https://www.resmigazete.gov.tr/eskiler/2002/03/20020312.htm#6
2002-03-13,"— Devlet Bakanı Dr. Reşat DOĞRU’ya, Bayındırlık ve İskan Bakanı Prof. Dr. Abdulkadir AKCAN’ın Vekâlet Etmesine Dair Tezkere",https://www.resmigazete.gov.tr/eskiler/2002/03/20020313.htm#1
2002-03-13,"— Adalet Bakanlığına, Milli Eğitim Bakanı Metin BOSTANCIOĞLU’nun Vekâlet Etme sine Dair Tezkere",https://www.resmigazete.gov.tr/eskiler/2002/03/20020313.htm#2
2002-03-13,"— Enerji ve Tabii Kaynaklar Bakanlığına, Devlet Bakanı Edip Safder GAYDALI’nın Vekâlet Etmesine Dair Tezkere",https://www.resmigazete.gov.tr/eskiler/2002/03/20020313.htm#3
2002-03-13,"— Turizm Bakanlığına, Çalışma ve Sosyal Güvenlik Bakanı Yaşar OKUYAN’ın Vekâlet Etmesine Dair Tezkere",https://www.resmigazete.gov.tr/eskiler/2002/03/20020313.htm#4
2002-03-13,— Diyanet İşleri Başkanlığı Sicil Amirleri Yönetmeliğinde Değişiklik Yapılmasına Dair Yönetmelik,https://www.resmigazete.gov.tr/eskiler/2002/03/20020313.htm#5
2002-03-13,"— Millî Eğitim Bakanlığına Bağlı Kurumlara Ait Açma,Kapatma ve Ad Verme Yönetmeliğinde Değişiklik Yapılmasına Dair Yönetmelik",https://www.resmigazete.gov.tr/eskiler/2002/03/20020313.htm#6
2002-03-13,— Tıbbi Cihaz Yönetmeliği,https://www.resmigazete.gov.tr/eskiler/2002/03/20020313.htm#7
2002-03-13,— Akupunktur Tedavi Yönetme liğinde Değişiklik Yapılmasına Dair Yönetmelik,https://www.resmigazete.gov.tr/eskiler/2002/03/20020313.htm#8
2002-03-13,— Fikir ve Sanat Eserlerini İçeren Taşıyıcı Materyaller ile Bu Eserlerin Çoğaltımına Yarayan Teknik Cihazlardan Yapılan Kesintilerin Kullanımına İlişkin Usul ve Esaslar Hakkında Yönetmelik,https://www.resmigazete.gov.tr/eskiler/2002/03/20020313.htm#9
2002-03-13,— 4046 Sayılı Kanun Çerçevesinde İstihdam Fazlası Personelin Diğer Kamu Kurum ve Kuruluşlarına Nakledilmesine İlişkin Usul ve Esaslar Hakkında Tebliğ,https://www.resmigazete.gov.tr/eskiler/2002/03/20020313.htm#10
2002-03-14,"— Başbakanlığa, Devlet Bakanı ve Başbakan Yardımcısı Dr. Devlet BAHÇELİ’nin Vekâlet Etmesine Dair Tezkere",https://www.resmigazete.gov.tr/eskiler/2002/03/20020314.htm#1
2002-03-14,"— Devlet Bakanı Dr. Kemal DERVİŞ’e, DevletBakanı Recep ÖNAL’ın Vekâlet Etmesine Dair Tezkere",https://www.resmigazete.gov.tr/eskiler/2002/03/20020314.htm#2
2002-03-14,"— Dışişleri Bakanlığına, Devlet Bakanı Prof. Dr. Şükrü S. GÜREL’in Vekâlet Etmesine Dair Tezkere",https://www.resmigazete.gov.tr/eskiler/2002/03/20020314.htm#3
2002-03-14,"— Maliye Bakanlığına, Devlet Bakanı Mehmet KEÇECİLER’in Vekâlet Etmesine Dair Tezkere",https://www.resmigazete.gov.tr/eskiler/2002/03/20020314.htm#4
2002-03-14,2002/3729 631 Sayılı Kanun Hükmünde Kararnamenin 14 üncü Maddesi Kapsamındaki Personelin Mali ve Sosyal Hakla rına İlişkin Karar,https://www.resmigazete.gov.tr/eskiler/2002/03/20020314.htm#5
2002-03-14,2002/3546 15/1/2002-14/7/2002 Tarihleri Arasında Görev Tazminatı Ödenmesi ve 657 Sayılı Devlet Memurları Kanunu ve Aynı Kanunun Ek Geçici 9 uncu Maddesi Kapsamına Giren Kurumlardan Aylık Alanlara 1/1/2002 Tarihinden İtibaren Ne Mi ktarda Zam ve Tazminat Verilece ğine İlişkin Karar,https://www.resmigazete.gov.tr/eskiler/2002/03/20020314.htm#6
2002-03-14,— Hükümlü Suat KARABULUT’un Cezasının Kaldırılması Hakkında Karar (No : 2002/13),https://www.resmigazete.gov.tr/eskiler/2002/03/20020314.htm#7
2002-03-14,— Hükümlü Mustafa ACAR’ın Cezasının Kaldırılması Hakkında Karar (No : 2002/14),https://www.resmigazete.gov.tr/eskiler/2002/03/20020314.htm#8
2002-03-14,— Çalışma ve Sosyal Güvenlik Bakanlığı Per sonelinin Görevde Yükselme Esas larına Dair Yönetmelikte Değişiklik Yapılmasına Dair Yönetmelik,https://www.resmigazete.gov.tr/eskiler/2002/03/20020314.htm#9
2002-03-14,"— Gazi Üniversitesi Prof. Dr. Necmettin Akyıldız İşitme, Konuşma, Ses ve Denge Bozuklukları Tanı, Tedavi ve Rehabilitasyon Uygulama ve Araştırma Merkezi Yönetmeliği",https://www.resmigazete.gov.tr/eskiler/2002/03/20020314.htm#10
2002-03-14,— Devlet Memurları Kanunu Genel Tebliği (Seri No : 153),https://www.resmigazete.gov.tr/eskiler/2002/03/20020314.htm#11
2002-03-14,— Mecburi Standard Tebliğinde Değişiklik Yapılmasına Dair Tebliğ (No: ÖSG-2002/14),https://www.resmigazete.gov.tr/eskiler/2002/03/20020314.htm#12
2002-03-14,— Anay asa Mahkemesinin E : 1999/32 (560 Sayılı Kanun Hükmünde Kararname ile İlgili) K : 2001/10 Sayılı Kararı,https://www.resmigazete.gov.tr/eskiler/2002/03/20020314.htm#13
2002-03-14,— Yüksek SeçimKurulunun 167 Sayılı Kararı,https://www.resmigazete.gov.tr/eskiler/2002/03/20020314.htm#14
2002-03-15,735 Olağanüstü Halin 4 İlde Uzatılmasına Dair Karar,https://www.resmigazete.gov.tr/eskiler/2002/03/20020315.htm#1
2002-03-15,"— Adalet, Bayındırlık ve İskan, Sağlık, Tarım ve Köyişleri, Sanayi ve Ticaret ile Turizm Bakanlığına Ait 6 Adet Atama Kararı",https://www.resmigazete.gov.tr/eskiler/2002/03/20020315.htm#2
2002-03-15,— Türk Mühendis ve Mimar Odaları Birliği Makina Mühendisleri Odası Ana Yönetmeliği,https://www.resmigazete.gov.tr/eskiler/2002/03/20020315.htm#3
2002-03-15,— 2001 Yılı Ürünü Zeytinyağının Tarım SatışKooperatifleri ve Birlikleri ile Diğer Alıcılara Satışında Üreticilere Destekleme Primi Ödenmesine İlişkin Baka nlarKurulu Kararı Uygulama Tebliği (No: 2002/47),https://www.resmigazete.gov.tr/eskiler/2002/03/20020315.htm#4
2002-03-15,— 2001 Yılı Ürünü Kütlü Pamuğun TarımSatış Kooperatifleri ve Birlikleri ile Diğer Alıcılara Satışında Üreticilere Destekleme Primi Ödenmesine İlişkin Bakanlar Kurulu Kararı Uygulama Tebliği (No: 2002/48),https://www.resmigazete.gov.tr/eskiler/2002/03/20020315.htm#5
2002-03-15,"— 2001 Yılı Ürünü Yağlık Ayçiçeği, Soya Fasulyesi ve Kanolanın Tarım Satış Kooperatifleri ve Birlikleri ile Diğer Alıcılara Satışında Üreticilere Destekleme Primi Ödenmesine İlişkin Bakanlar Kurulu Kararı Uygulama Tebliği (No: 2002/49)",https://www.resmigazete.gov.tr/eskiler/2002/03/20020315.htm#6
2002-03-15,— 2001/3 Sayılı 2002 Yılı Fuar Takvimi Tebliği’nde Değişiklik Yapılmasına Dair Tebliğ (No: İTG-2002/1),https://www.resmigazete.gov.tr/eskiler/2002/03/20020315.htm#7
2002-03-15,"— Anayasa Mahkemesinin E : 2000/26 (6570 Sayılı Kanunda Değişiklik Yapan 4531 Sayılı Yasa ile İlgili), K : 2000/48 Sayılı Kararı",https://www.resmigazete.gov.tr/eskiler/2002/03/20020315.htm#8
2002-03-15,"— Anayasa Mahkemesinin E : 2000/77 (6570 Sayılı Kanunda Değişiklik Yapan 4531 Sayılı Yasa ile İlgili), K : 2000/49 Sayılı Kararı",https://www.resmigazete.gov.tr/eskiler/2002/03/20020315.htm#9
2002-03-15,— Yargıtay 2. Hukuk Dairesine Ait 2 AdetKarar,https://www.resmigazete.gov.tr/eskiler/2002/03/20020315.htm#10
2002-03-16,2002/3759 Türk Vatandaşlığı Kaybettirilen 21 Kişi Hakkındaki Hükmün İptali ve 13 Kişi ile İlgili Bazı Maddi Hataların Düzeltilmesi Hakkında Karar,https://www.resmigazete.gov.tr/eskiler/2002/03/20020316.htm#1
2002-03-16,2002/3769 Gün Işığından Daha Fazla Yararlanmak Amacıyla Bütün Yurtta Saatlerin Yeniden Düz enlenmesi Hakkında Karar,https://www.resmigazete.gov.tr/eskiler/2002/03/20020316.htm#2
2002-03-16,Boğaziçi Üniversitesi Uzaktan Eğitim Merkezi (BÜ-UZEM) Yönetmeliği,https://www.resmigazete.gov.tr/eskiler/2002/03/20020316.htm#3
2002-03-16,— Eksimer Laser Cerrahisi Uygulanacak Cerrahi Müdahale Birimleri Hak kında Tebliğ,https://www.resmigazete.gov.tr/eskiler/2002/03/20020316.htm#4
2002-03-16,— Mecburi Standard Tebliğinde Değişiklik Yapılmasına Dair Tebliğ (No : ÖSG-2002/15),https://www.resmigazete.gov.tr/eskiler/2002/03/20020316.htm#5
2002-03-17,"— Devlet Bakanı Prof. Dr. Şükrü S. GÜREL’e, Devlet Bakanı Fikret ÜNLÜ’nün Vekâlet Etmesine Dair Tezkere",https://www.resmigazete.gov.tr/eskiler/2002/03/20020317.htm#1
2002-03-17,"— Enerji ve Tabii Kaynaklar Bakanlığına, Devlet Bakanı Edip Safder GAYDALI’nın Vekâlet Etmesin e Dair Tezkere",https://www.resmigazete.gov.tr/eskiler/2002/03/20020317.htm#2
2002-03-17,— Celal Bayar Üniversitesi Eğitim-Öğretim ve Sınav Çerçeve Yönetmeliğinin Bazı Maddelerinde Değişiklik Yapılmasına Dair Yönetmelik,https://www.resmigazete.gov.tr/eskiler/2002/03/20020317.htm#3
2002-03-17,— Mecburi Standard Tebliği (No ; ÖSG-2002/13),https://www.resmigazete.gov.tr/eskiler/2002/03/20020317.htm#4
2002-03-18,"— Devlet Bakanı ve Başbakan Yardımcısı Dr. Devlet BAHÇELİ’ye, Devlet Bakanı Prof. Dr. Şuayip ÜŞENMEZ’in Vekâlet Etmesine Dair Tezkere",https://www.resmigazete.gov.tr/eskiler/2002/03/20020318.htm#1
2002-03-18,"— Devlet Bakanı Nejat ARSEVEN’e, Devlet Bakanı Mehmet KEÇECİLER’in Vekâlet Etmesine Dair Tezkere",https://www.resmigazete.gov.tr/eskiler/2002/03/20020318.htm#2
2002-03-18,"— Devlet Bakanı Dr. Reşat DOĞRU’ya, Bayındırlık ve İskan Bakanı Prof. Dr. Abdülkadir AKCAN’ın Vekâlet Etmesine Dair Tezkere",https://www.resmigazete.gov.tr/eskiler/2002/03/20020318.htm#3
2002-03-18,"— Sağlık Bakanlığına, Devlet Bakanı Prof. Dr. Ramazan MİRZAOĞLU’nun Vekâlet Etmesine Dair Tezkere",https://www.resmigazete.gov.tr/eskiler/2002/03/20020318.htm#4
2002-03-18,"— T arım ve Köyişleri Bakanlığına, Ulaştırma Bakanı Oktay VURAL’ın Vekâ let Etmesine Dair Tezkere",https://www.resmigazete.gov.tr/eskiler/2002/03/20020318.htm#5
2002-03-18,"— Sanayi ve Ticaret Bakanlığına, Devlet Bakanı Prof. Dr. Tunca TOSKAY’ın Vekâlet Etmesine Dair Tezkere",https://www.resmigazete.gov.tr/eskiler/2002/03/20020318.htm#6
2002-03-18,— Süleyman Demirel Üniversitesi Kanser Er ken Tanı Tedavi Araştırma ve Uygulama Merkezi Yönetmeliği,https://www.resmigazete.gov.tr/eskiler/2002/03/20020318.htm#7
2002-03-18,— Süleyman Demirel Üniversitesi Yenilenebilir Enerji Kaynakları Araştırma ve Uygulama Merkezi Yönetmeliği,https://www.resmigazete.gov.tr/eskiler/2002/03/20020318.htm#8
2002-03-18,— Süleyman Demirel Üniversitesi CAD /CAM Araştırma ve Uygulama Merkezi Yönetmeliği,https://www.resmigazete.gov.tr/eskiler/2002/03/20020318.htm#9
2002-03-18,Süleyman Demirel Üniversitesi Pomza Araştırma ve Uygulama Merkezi Yönetmeliği,https://www.resmigazete.gov.tr/eskiler/2002/03/20020318.htm#10
2002-03-18,— Süleyman Demirel Üniversitesi Bilgisayar Bilimleri Araştırma ve Uygulama Merkezi Yönetmeliği,https://www.resmigazete.gov.tr/eskiler/2002/03/20020318.htm#11
2002-03-18,"— Süleyman Demirel Üniversitesi Jeotermal Enerji, Yeraltısuyu ve Mineral Kaynakları Araştırma ve Uygulam a Merkezi Yönetmeliği",https://www.resmigazete.gov.tr/eskiler/2002/03/20020318.htm#12
2002-03-18,— Mecburi Standard Tebliği ( No: ÖSG-2002/16),https://www.resmigazete.gov.tr/eskiler/2002/03/20020318.htm#13
2002-03-19,"2002/3766 Dünya Bankası’na Bağlı Uluslararası Finansman Kurumu’nun, İstanbul’da Bulunan Temsilciliğinin Güney Avrupa ve Orta Asya Bölge Temsilciliğine Dönüştürülmesine İlişkin Hükümetimiz ile Adı Geçen Kuruluş Arasında Teati Edilen Mektupların Onaylanması Hakkında Karar",https://www.resmigazete.gov.tr/eskiler/2002/03/20020319.htm#1
2002-03-19,"— İçişleri Bakanlığına, Devlet Bakanı Dr. Yılmaz KARAKOYUNLU’nun Vekâlet Etmesine Dair Tezkere",https://www.resmigazete.gov.tr/eskiler/2002/03/20020319.htm#2
2002-03-19,— Sigorta ve Reasürans Brokerleri Yönetmeliğinde Değişiklik Yapılması Hakkında Yönetmelik,https://www.resmigazete.gov.tr/eskiler/2002/03/20020319.htm#3
2002-03-19,— Sosyal Hizmetler ve Çocuk Esirgeme Kurumu Genel Müdürlüğü Görevde Yükselme Yönetmeliğinde Değişiklik Yapılmasına Dair Yönetmelik,https://www.resmigazete.gov.tr/eskiler/2002/03/20020319.htm#4
2002-03-19,— Türkiye Radyo Televizyon Kurumu Personel Yönetmeliğinde Değişiklik Yapılmasına Dair Yöne tmelik,https://www.resmigazete.gov.tr/eskiler/2002/03/20020319.htm#5
2002-03-19,— Türkiye Radyo Televizyon Kurumu Sözleşmeli Personel Yönetmeliğinde Değişiklik Yapılmasına Dair Yönetmelik,https://www.resmigazete.gov.tr/eskiler/2002/03/20020319.htm#6
2002-03-19,— Devlet Melzeme Ofisi Teftiş Kurulu Yönetmeliğinin 19 ve 23 üncü Maddelerinde Değişiklik Yapılmasına Dair Yönetmelik,https://www.resmigazete.gov.tr/eskiler/2002/03/20020319.htm#7
2002-03-19,— Hayvan Gen Kaynaklarının Korunması Hakkında Yönetmelik,https://www.resmigazete.gov.tr/eskiler/2002/03/20020319.htm#8
2002-03-19,— Gıdaların Üretimi Tüketimi ve Denetlenmesine Dair Yönetmelikte Değişiklik Yapılmasına Dair Yönetmelik,https://www.resmigazete.gov.tr/eskiler/2002/03/20020319.htm#9
2002-03-19,— Hayvan Islahı Milli Komitesinin Kuruluş ve Çalışma Esasları Hakkında Yönetmelik,https://www.resmigazete.gov.tr/eskiler/2002/03/20020319.htm#10
2002-03-19,— Kamu Görevlileri Sendikaları Kanunu Kapsamına Giren Kurum ve Kuruluşların Girdikleri Hizmet Kollarının Belirlenmesine İlişkin Yönetmeliğin Bazı Maddelerinin Değiştirilmesine İlişkin Yönetmelik,https://www.resmigazete.gov.tr/eskiler/2002/03/20020319.htm#11
2002-03-19,— Kristal Cam Ürünleri Yönetmeliği (69/493/AT),https://www.resmigazete.gov.tr/eskiler/2002/03/20020319.htm#12
2002-03-19,"— Mülki İdare Amirleri Atama, Değerlendirme ve Yerdeğiştirme Yönetmeliğinin Eki Cetvelde Değişiklik Yapılması Hakkında Tebliğ (No : 2002/1)",https://www.resmigazete.gov.tr/eskiler/2002/03/20020319.htm#13
2002-03-19,— Katma Değer Vergisi Genel Tebliği (Seri No: 85),https://www.resmigazete.gov.tr/eskiler/2002/03/20020319.htm#17
2002-03-19,— Dış Ticaret Sermaye Şirketlerine İlişkin Karar,https://www.resmigazete.gov.tr/eskiler/2002/03/20020319.htm#14
2002-03-19,— Konya İli Taşkın Kontrol Tesisleri Hakkında Karar,https://www.resmigazete.gov.tr/eskiler/2002/03/20020319.htm#15
2002-03-19,"— Rize İli Sınırları İçerisinde, Uçucu ve Uyuşturucu Maddelerin 18 Yaşından Küçüklere Satılmasının ve Kesici Aletlerin Taşınması ile Bulundurulmasının Yasaklanmasına Dair Karar",https://www.resmigazete.gov.tr/eskiler/2002/03/20020319.htm#16
2002-03-19,— DÜZELTME (2002/1 No'lu Devlet İhaleleri Genelgesi ile İlgili),https://www.resmigazete.gov.tr/eskiler/2002/03/20020319.htm#18
2002-03-20,2002/3745 Türkiye Cumhuriyeti ile Romanya A rasındaki Serbest Ticaret Anlaşması’na Ek “Menşeli Ürünler” Kavramının Tanımı ve İdari İşbirliği Yöntemleri Hakkında Protokol D’nin Değiştirilmesine Dair Ort ak Komite Kararı’nın Onaylanması Hakkında Karar,https://www.resmigazete.gov.tr/eskiler/2002/03/20020320.htm#1
2002-03-20,"— Devlet Bakanı ve Başbakan Yardımcısı Mesut YILMAZ’a, Maliye Bakanı Sümer ORAL’ın Vekâlet Etmesine Dair Tezkere",https://www.resmigazete.gov.tr/eskiler/2002/03/20020320.htm#2
2002-03-20,"— Milli Savunma Bakanlığına, Tarım ve Köyişleri Bakanı Pr of. Dr. Hüsnü Yusuf GÖKALP’in Vekâlet Etmesine Dair Tezkere",https://www.resmigazete.gov.tr/eskiler/2002/03/20020320.htm#3
2002-03-20,— Türk Gıda Kodeksi Koyulaştırılmış Sütlerden ve Süttozundan Numune Alma Metodu Tebliği (No: 2002/15),https://www.resmigazete.gov.tr/eskiler/2002/03/20020320.htm#4
2002-03-20,— Türk Gıda Kodeksi Koyulaştırılmış Süt ve Süttozunun Analiz Metodları Tebliği (No: 2002/16),https://www.resmigazete.gov.tr/eskiler/2002/03/20020320.htm#5
2002-03-20,"Anayasa Mahkemesinin E : 1999/43 (4447 Sayılı Kanun ile İlgili), K : 2001/46 Sayılı Kararı",https://www.resmigazete.gov.tr/eskiler/2002/03/20020320.htm#6
2002-03-21,— Kıyı Emniyeti ve Gemi Kurtarma İşletmeleri Genel Müdürlüğü Teftiş Kurulu Başkanlığı Kuruluş ve Görev Yönetmeliği,https://www.resmigazete.gov.tr/eskiler/2002/03/20020321.htm#1
2002-03-21,— Türk Gıda Kodeksi Yenilebilir Kazein ve Kazeinatlardan Numune Alma Metodu Tebliği (No: 2002/1,https://www.resmigazete.gov.tr/eskiler/2002/03/20020321.htm#2
2002-03-21,— Türk Gıda Kodeksi Yenilebilir Kazein ve Kazeinatların Analiz Metodları Tebliği (No: 2002/18),https://www.resmigazete.gov.tr/eskiler/2002/03/20020321.htm#3
2002-03-21,— 2926 Sayılı Tarımda Kendi Adına ve Hesabına Çalışanlar Sosyal Sigortalar Kanunu Uygulama Tebliği’nde Değişiklik Yapılmasına Dair Tebliğ (Seri No: 4),https://www.resmigazete.gov.tr/eskiler/2002/03/20020321.htm#4
2002-03-21,DÜZELTME (Yükseköğretim Denetleme Kurulu Teşkilat Görev ve Çalışma Usulleri Yönetmeliğinin 12 nci Maddesinde Değişiklik Yapılması Hakkında Yönetmelik ile İlgili),https://www.resmigazete.gov.tr/eskiler/2002/03/20020321.htm#5
2002-03-22,"Kültür Bakanlığına, Devlet Bakanı Hasan GEMİCİ’nin Vekâlet Etmesine Dair Tezkere — Hükümlü Yusuf GÜLHAN'ın Cezasının Kaldırılması Hakkında Karar (2002/15)",https://www.resmigazete.gov.tr/eskiler/2002/03/20020322.htm#2
2002-03-22,— Hükümlü Hasan YİĞİT'in Cezasının Kaldırılması Hakkında Karar (2002/16),https://www.resmigazete.gov.tr/eskiler/2002/03/20020322.htm#3
2002-03-22,Askerî Kantin Yönetmeliği,https://www.resmigazete.gov.tr/eskiler/2002/03/20020322.htm#4
2002-03-22,"— Dikişsiz, Alaşımsız Alüminyum ve Alüminyum Alaşımlı Basınçlı Gaz Tüpleri ne Dair Yönetmeliğin 12 nci Maddesinin Değiştirilmesine Dair Yönetmelik",https://www.resmigazete.gov.tr/eskiler/2002/03/20020322.htm#5
2002-03-22,— İzmir Yüksek Teknoloji Enstitüsü Yabancı Diller Bölümü Hazırlık Sınıfı Yönetmeliğinin 2 nci Maddesinde Değişiklik Yapılması Hakkında Yönet melik,https://www.resmigazete.gov.tr/eskiler/2002/03/20020322.htm#6
2002-03-22,Türk Gıda Kodeksi Mad de ve Malzemelerdeki Vinil Klorür Monomer Miktarı Analiz Metodu Tebliği (No: 2002/22),https://www.resmigazete.gov.tr/eskiler/2002/03/20020322.htm#7
2002-03-22,— Türk Gıda Kodeksi Madde ve Malzemelerden Gıda Maddelerine Geçen Vinil Klorür Miktarı Analiz Metodu Tebliği (No: 2002/23),https://www.resmigazete.gov.tr/eskiler/2002/03/20020322.htm#8
2002-03-22,— Dış Ticarette Standardizasyon Tebliğinde Değişiklik Yapılması Hakkında Tebliğ (No : 2002/10),https://www.resmigazete.gov.tr/eskiler/2002/03/20020322.htm#9
2002-03-23,"— Bayındırlık ve İskan Bakanlığına, Ulaştırma Bakanı Oktay VURAL’ın Vekâlet Etmesine Dair Tezkere",https://www.resmigazete.gov.tr/eskiler/2002/03/20020323.htm#1
2002-03-23,"2002/3811 Çeşitli Üniversitelere Bağlı Olarak Fakülte, Yüksekokul ve Enstitü Kurulması Hakkında Karar",https://www.resmigazete.gov.tr/eskiler/2002/03/20020323.htm#2
2002-03-23,2002/3813 Taşınmazlar Üzerine Rehin Hakkı Kurulabilecek Yabancı Paralar Hakkında Karar,https://www.resmigazete.gov.tr/eskiler/2002/03/20020323.htm#3
2002-03-23,"— Devlet, Adalet, İçişleri, Bayındırlık ve İskan, Enerji ve Tabii Kaynaklar, Kültür, Turizm ile Orman Bakanlıklarına Ait Atama Kararları",https://www.resmigazete.gov.tr/eskiler/2002/03/20020323.htm#4
2002-03-23,— Sınır Tespitine Dair Bir Adet Karar,https://www.resmigazete.gov.tr/eskiler/2002/03/20020323.htm#5
2002-03-23,— Türkiye Tarafından Tanınan Genelleştirilmiş Tercihler Sistemi Kapsamında Yapılacak İhracatta Düzenlenecek EUR.1 Dolaşım Sertifikası ve Fatura Beyanına İlişkin Yönetmelik,https://www.resmigazete.gov.tr/eskiler/2002/03/20020323.htm#6
2002-03-23,— Hazine Müsteşarlığı Personeli Görevde Yükselme Yönetmeliği,https://www.resmigazete.gov.tr/eskiler/2002/03/20020323.htm#7
2002-03-23,— Hazine Müsteşarlığı Programcı ve Çözümleyici Kadrolarına Yapılacak Atamalara İlişkin Yönetmelik,https://www.resmigazete.gov.tr/eskiler/2002/03/20020323.htm#8
2002-03-23,— D evlet İstatistik Enstitüsü Başkanlığı Arşiv Hizmetleri Yönetmeliğinde Değişiklik Yapılmasına Dair Yönetmelik,https://www.resmigazete.gov.tr/eskiler/2002/03/20020323.htm#9
2002-03-23,— Anonim ve Limited Şirketlerin Sermayele rini Yeni Asgarî Miktarlara Yük seltmelerine İlişkin Tebliğ (No: İç Ticaret-2002/2),https://www.resmigazete.gov.tr/eskiler/2002/03/20020323.htm#10
2002-03-23,— Sek törel Dış Ticaret Şirketi Statüsünün Geri Alınmasına İlişkin Karar,https://www.resmigazete.gov.tr/eskiler/2002/03/20020323.htm#11
2002-03-23,— Rekabet Kurulunun 00-14/138-70 Sayılı Kararı,https://www.resmigazete.gov.tr/eskiler/2002/03/20020323.htm#12
2002-03-23,— Rekabet Kurulunun 01-30/302-90 Sayılı Kararı,https://www.resmigazete.gov.tr/eskiler/2002/03/20020323.htm#13
2002-03-24,2002/3788 Akaryakıt Tüketim Vergisi Tutarlarının Tespitine İlişkin Karar,https://www.resmigazete.gov.tr/eskiler/2002/03/20020324.htm#1
2002-03-24,2002/3808 İthalat Rejimi Kararına Ek Karar,https://www.resmigazete.gov.tr/eskiler/2002/03/20020324.htm#2
2002-03-24,— İzmir Ekonomi Üniversitesi Sürekli Eğitim Merkezi (EKOSEM)Yönetmeliği,https://www.resmigazete.gov.tr/eskiler/2002/03/20020324.htm#3
2002-03-24,"Ev Tipi Buzdolapları, De rin Dondur ucular, Buzdolabı Derin Dondurucular ve Bunların Bileşimlerinin Enerji Etiketlenmesine İlişkin Tebliğ (TRKGM : 2002/01)",https://www.resmigazete.gov.tr/eskiler/2002/03/20020324.htm#4
2002-03-24,Orman Bakanlığı Ağaçlandırma ve Erozyon Kontrolu Hizmetlerine İlişkin Esas ve Usuller,https://www.resmigazete.gov.tr/eskiler/2002/03/20020324.htm#5
2002-03-24,— Orman Köylüleri Kalkınma Hizmetlerine İlişkin Esas ve Usuller,https://www.resmigazete.gov.tr/eskiler/2002/03/20020324.htm#6
2002-03-24,— Milli Parkları Koruma ve Geliştirme Hizmetlerine İlişkin Esas ve Usuller Yargıtay 2. ve 18 Hukuk Dairelerine Ait 5 Adet Karar,https://www.resmigazete.gov.tr/eskiler/2002/03/20020324.htm#7
2002-03-25,"— Başbakanlığa, Devlet Bakanı ve Başbakan Yardımcısı Dr. Devlet BAHÇELİ ’nin Vekâlet Etmesine Dair Tezkere",https://www.resmigazete.gov.tr/eskiler/2002/03/20020325.htm#1
2002-03-25,"— Dışişleri Bakanlığına, Devlet Bakanı Prof. Dr. Şükrü S.GÜREL’in Vekâlet Etmesine Dair Tezkere",https://www.resmigazete.gov.tr/eskiler/2002/03/20020325.htm#2
2002-03-25,2002/3743 Hayvan Sağlığı ve Zabıtası Yönetmeliğinde Değişiklik Yapılmasına Dair Yönetmelik,https://www.resmigazete.gov.tr/eskiler/2002/03/20020325.htm#3
2002-03-25,İller Bankası Genel Müdürlüğü Personeli Görevde Yükselme Yönetmeliği,https://www.resmigazete.gov.tr/eskiler/2002/03/20020325.htm#4
2002-03-25,— Ankara Üniversitesi Uzaktan Eğitim Merkezi (ANKUZEM) Yönetmeliği,https://www.resmigazete.gov.tr/eskiler/2002/03/20020325.htm#5
2002-03-25,— İzmir Yüksek Teknoloji Enstitüsü (İYTE) Lisans Üstü Eğitim-Öğretim Yönetmeliği,https://www.resmigazete.gov.tr/eskiler/2002/03/20020325.htm#6
2002-03-25,— Türk Gıda Kodeksi Gıda Maddelerinde Belirli Bulaşanların Seviyelerinin Resmi Kontrolleri İçin Numune Alma ve Analiz Metodları Tebliği (No: 2202/25),https://www.resmigazete.gov.tr/eskiler/2002/03/20020325.htm#7
2002-03-26,"— Turizm Bakanlığına, Devlet Bakanı Mehmet KEÇECİLER’in Vekâlet Etmesine Dair Tezkere",https://www.resmigazete.gov.tr/eskiler/2002/03/20020326.htm#1
2002-03-26,2002/3812 Kültür Bakanlığı Yayımlar Dairesi Başkanlığı’na Bağlı İstanbul Ansiklopediler Yay ın Müdürlüğü’nün Kaldırılması Hakkında Karar,https://www.resmigazete.gov.tr/eskiler/2002/03/20020326.htm#2
2002-03-26,— Hâkimler ve Savcılar Yüksek Kuruluna Ait Atama Kararları,https://www.resmigazete.gov.tr/eskiler/2002/03/20020326.htm#3
2002-03-26,2002/3814 Emniyet Hizmetleri Sınıfı Mensupları Atama ve Yer Değiştirme Yönetmeliğinde Değişiklik Yapılmasına Dair Yöne tmelik,https://www.resmigazete.gov.tr/eskiler/2002/03/20020326.htm#4
2002-03-26,— Sigorta ve Reasürans Şirketlerinin Bağımsız Dış Denetim Kuruluşlarınca Denetlenmesi Hakkında Yönetmelikte Değişiklik Yapılmasına Dair Yönetmelik,https://www.resmigazete.gov.tr/eskiler/2002/03/20020326.htm#5
2002-03-26,— Çevre Denetimi Yönetmeliğinde Değişiklik Yapılmasına Dair Yönetmelik,https://www.resmigazete.gov.tr/eskiler/2002/03/20020326.htm#6
2002-03-27,"2002/3763 Türkiye Cumhuriyeti Hükümeti ile Slovak Cumhuriyeti Hükümeti Arasında Büyükelçiliklerde, Başkonsolosluklarda ve Uluslararası Kuruluş Temsilciliklerinde Gönderen Ülke Tarafından Görevlendirilen Diplomatların, İdari ve Teknik Personelin Aile Bireylerinin (Eş-Çocuk) Kabul Eden Devlette Kazanç Getirici Bir İşte Çalışabilmelerine İlişkin Nota Teatisi Yoluyla İmzalanan Anlaşma’nın Onaylanması Hakkında Karar",https://www.resmigazete.gov.tr/eskiler/2002/03/20020327.htm#1
2002-03-27,"Milli Savunma, Dışişleri, Enerji ve Tabii Kaynaklar ve Çevre Bakanlıklarına Ait 6 Adet Atama Kararı",https://www.resmigazete.gov.tr/eskiler/2002/03/20020327.htm#2
2002-03-27,İçişlerine Bakanlığına Ait 1 Adet Sınır Tespit Kararı — Hâkimler ve Savcılar Yüksek Kuruluna Ait Karar,http://
2002-03-27,— Özel Hastaneler Yönetmeliği,https://www.resmigazete.gov.tr/eskiler/2002/03/20020327.htm#5
2002-03-27,— Tarımda Kullanılan Kimyevi Gübrelere Dair Yönetmelik,https://www.resmigazete.gov.tr/eskiler/2002/03/20020327.htm#6
2002-03-27,— 4389 Sayılı Bankalar Kanununun Geçici 4 üncü Maddesi Uyarınca Yapılacak İkinci Bağımsız Denetimin Esas ve Usulleri Hakkında Yönetmelik,http://
2002-03-27,— Yargıtay Personelinin Görevde Yükselme Yönetmeliği,https://www.resmigazete.gov.tr/eskiler/2002/03/20020327.htm#8
2002-03-27,— İstanbul Üniversitesi İnsan Hakları Hukuku Araştırma ve Uygulama Merkezi Yönetmeliğinin Bazı Maddelerinde Değişiklik Yapılması Hakkında Yönetmelik,https://www.resmigazete.gov.tr/eskiler/2002/03/20020327.htm#9
2002-03-27,— 2002 Yılı Şubat Ayına Ait Yatırım Teşvik Belgelerinin Sektörel Dağılımı Hakkında Tebliğ,https://www.resmigazete.gov.tr/eskiler/2002/03/20020327.htm#10
2002-03-27,— 2002 Yılı Şubat Ayına Ait Yabancı Sermayeli Yatırım Teşvik Belgelerinin Sektörel Dağılımı Hakkında Tebliğ,https://www.resmigazete.gov.tr/eskiler/2002/03/20020327.htm#11
2002-03-27,— 2002 Yılı Şubat Ayına Ait Dahilde İşleme İzin Belgelerinin Sektörel Dağılımı Hakkında Tebliğ,https://www.resmigazete.gov.tr/eskiler/2002/03/20020327.htm#12
2002-03-27,— 2002 Yılı Şubat Ayına Ait Yurt İçi Satış Teslimler ile İlgili Belgelerin Sektörel Dağılımı Hakkında Tebliğ,https://www.resmigazete.gov.tr/eskiler/2002/03/20020327.htm#13
2002-03-27,— 2002 Yılı Şubat Ayına Ait Hariçte İşleme İzin Belgelerinin Sektörel Dağılımı Hakkında Tebliğ,https://www.resmigazete.gov.tr/eskiler/2002/03/20020327.htm#14
2002-03-27,— 2002 Yılı Şubat Ayına Ait Vergi Resim ve Harç İstisnası Belgelerinin Sektörel Dağılımı Hakkında Tebliğ,https://www.resmigazete.gov.tr/eskiler/2002/03/20020327.htm#15
2002-03-28,— Kablolu Yayın Lisans ve İzin Yönetmeliği,https://www.resmigazete.gov.tr/eskiler/2002/03/20020328.htm#1
2002-03-28,— Simetrik Olmayan Geçiş Hüzmesi ve/veya Sürüş Hüzmesi Yayan Motorlu Araç Halojen Atom Farlarının Onayı ile İlgili Teknik Düzenlemeye (R-31) İlişkin Tebliğ (SGM-2002/,https://www.resmigazete.gov.tr/eskiler/2002/03/20020328.htm#2
2002-03-28,— Sıkıştırma Ateşlemeli ve Doğal Gazlı Motorlar ile Likit Petrol Fazıyla Çalışan Pozitif Ateşlemeli Motorların ve Bu Motorlarla Teçhiz Edilmiş Araçların Motorundan Yayınlanan Kirleticiler Hakkında Onaya Dair Eşit Hükümler ile İlgili Teknik Düzenlemeye (R-49) İlişkin Tebliğ ( SGM-2002/2),https://www.resmigazete.gov.tr/eskiler/2002/03/20020328.htm#3
2002-03-28,— Elektrikli Araçlar Dahil Olmak Üzere Araç Maksimum Hızlarının Ölçülmesinin Onayı ile İlgili Teknik Düzenlemeye (R-68) İlişkin Tebliğ (SGM-2002/3),https://www.resmigazete.gov.tr/eskiler/2002/03/20020328.htm#4
2002-03-28,— Motor Yakıtı Özelliklerine Göre Kirletici Maddelerin Emisyonunun Onayı ile İlgili Teknik Düzenlemeye (R-83) İlişkin Tebliğ (SGM-2002/4),https://www.resmigazete.gov.tr/eskiler/2002/03/20020328.htm#5
2002-03-28,— İçten Yanmalı Motorlarla Teçhiz Edilmiş Binek Araçlarının CO2 ve Yakıt Tüketimi Ölçümü ve Bir Elektrik Güç Kaynağı ile Teçhiz Edilmiş N1 ve M1 Sınıfı Araçların Elektrik Enerjisi Tüketimi ve Menzil Ölçümünün Onayı ile İlgili Teknik Düzenlemeye (R-101) İlişkin Tebliğ (SGM-2002/5),https://www.resmigazete.gov.tr/eskiler/2002/03/20020328.htm#6
2002-03-28,— Tahrik Sistemlerinde Sıkıştırılmış Doğal Gaz Kullanılan Motorlu Araçların Belli Parçalarının ve Bu Araçların Tahrik Sistemlerinde Sıkıştırılmış Doğal Gazın Kullanımı İçin Onaylanmış Tipteki Belli Parçalarının Montaj Onayı ile İlgili Teknik Düzenlemeye (R-110) İlişkin Tebliğ (SGM-2002/6),https://www.resmigazete.gov.tr/eskiler/2002/03/20020328.htm#7
2002-03-28,— Motorlu Kara Taşıtlarının Egzoz Emisyonlarının Ölçüm ve Denetlenmesine İlişkin Tebliğde Değişiklik Yapılması Hakkında Tebliğ,https://www.resmigazete.gov.tr/eskiler/2002/03/20020328.htm#8
2002-03-28,"— Anayasa Mahkemesinin E: 2000/42 (3417 sayılı Kanun ile İlgili), K: 2001/36 1 sayılı Kararı",https://www.resmigazete.gov.tr/eskiler/2002/03/20020328.htm#9
2002-03-29,"— Dışişleri Bakanlığına, Devlet Bakanı Prof. Dr. Şükrü S. GÜREL’in Vekâlet Etmesine Dair Tezkere",https://www.resmigazete.gov.tr/eskiler/2002/03/20020329.htm#1
2002-03-29,— Bankacılık Düzenleme ve Denetleme Kurulunun 659 sayılı Kararı,https://www.resmigazete.gov.tr/eskiler/2002/03/20020329.htm#2
2002-03-29,4389 sayılı Bankalar Kanununun Geçici 4 üncü Maddesi Uyarınca Yapılacak Özel Bağımsız Denetimin Esas ve Usulleri Hakkında Yönetmelikte Değişiklik Yapılmasına İlişkin Yönetmelik,https://www.resmigazete.gov.tr/eskiler/2002/03/20020329.htm#3
2002-03-29,— Bağımsız Denetim Yapacak Kuruluşların Yetkilendiril mesi ve Yetkilerinin Geçici veya Sürekli Olarak Kaldırılması Hakkında Yönetmelikte Değişiklik Yapılması Hakkında Yönetmelik,https://www.resmigazete.gov.tr/eskiler/2002/03/20020329.htm#4
2002-03-29,4389 sayılı Bankalar Kanununun Geçici 4 üncü Maddesi Uyarınca Yapılacak İkinci Bağımsız Denetimin Esas ve Usulleri Hakkında Yönetmelikte Değişiklik Yapılmasına İlişkin Yönetmelik,https://www.resmigazete.gov.tr/eskiler/2002/03/20020329.htm#5
2002-03-29,— Zorunlu Karşılıklar Hakkında Tebliğ (Sıra No: 2002/1),https://www.resmigazete.gov.tr/eskiler/2002/03/20020329.htm#6
2002-03-29,— Mevduat ve Kredi İşlemlerinde Uygulanacak Faiz Oranları ile Sağlanacak Diğer Menfaatler Hakkında Tebliğ (Sıra No: 2002/1),https://www.resmigazete.gov.tr/eskiler/2002/03/20020329.htm#7
2002-03-29,— Mevduatın Vade ve Türleri ile Katılma Hesaplarının Vadeleri Hakkında Tebliğ (Sıra No: 2002/1),https://www.resmigazete.gov.tr/eskiler/2002/03/20020329.htm#8
2002-03-29,— Umumi Disponibilite Hakkında Tebliğ (Sıra No: 2002/2),https://www.resmigazete.gov.tr/eskiler/2002/03/20020329.htm#9
2002-03-29,"— Anayasa Mahkemesinin E: 1999/51 (4481 sayılı Kanun ile İlgili), K: 2001/63 sayılı Kararı",https://www.resmigazete.gov.tr/eskiler/2002/03/20020329.htm#10
2002-03-30,"— Devlet Bakanı Prof. Dr. Tunca TOSKAY’a, Devlet Bakanı Faruk BAL’ın Vekâlet Etmesine Dair Tezkere",https://www.resmigazete.gov.tr/eskiler/2002/03/20020330.htm#1
2002-03-30,"— Kültür Bakanlığına, Milli Eğitim Bakanı Metin BOSTANCIOĞLU’nun Vekâlet Etmesine Dair Tezkere",https://www.resmigazete.gov.tr/eskiler/2002/03/20020330.htm#2
2002-03-30,— Hâkimler ve Savcılar Yüksek Kurulunca Danıştay Üyeliklerine Seçilenler Hakkında Karar (No: 133),https://www.resmigazete.gov.tr/eskiler/2002/03/20020330.htm#3
2002-03-30,— 250.000 Liralık Madeni Paraların Tedavüle Çıkarılması ile İlgili Tebliğ (Sıra No: 2002/1),https://www.resmigazete.gov.tr/eskiler/2002/03/20020330.htm#4
2002-03-30,— İstanbul Valiliği Mahalli Çevre Kurulu Kararı (No: 1),https://www.resmigazete.gov.tr/eskiler/2002/03/20020330.htm#5
2002-03-31,"— Devlet Bakanı Dr. Reşat DOĞRU’ya, Bayındırlık ve İskan Bakanı Prof. Dr. Abdülkadir AKCAN’ın Vekâlet Etmesine Dair Tezkere",https://www.resmigazete.gov.tr/eskiler/2002/03/20020331.htm#1
2002-03-31,— Makina ve Kimya Endüstrisi Kurumu Hurda Sanayi İşletmeleri ve Ticaret A.Ş. Sigorta İşlemleri Yaptırma Yönetmeliği,https://www.resmigazete.gov.tr/eskiler/2002/03/20020331.htm#2
2002-03-31,— Basit Basınçlı Kaplar Yönetmeliği (87/404/AT),https://www.resmigazete.gov.tr/eskiler/2002/03/20020331.htm#3
2002-03-31,— Yeni Sıcak Su Kazanlarına Dair Yönetmelik (92/42/AT),https://www.resmigazete.gov.tr/eskiler/2002/03/20020331.htm#4
2002-04-01,2002/3774 Türkiye Cumhuriyeti Dışişleri Bakanlığı Eğitim Merkezi ile Yunanistan Dışişleri Bakanlığı Diplomatik Akademisi Arasında İşbirliğine İlişkin Mutabakat Muhtırası’nın Onaylanması Hakkında Karar,https://www.resmigazete.gov.tr/eskiler/2002/04/20020401.htm#1
2002-04-01,"2002/3787 Türkiye Cumhuriyeti Hükümeti ile Uluslararası Telekomünikasyon Birliği Genel Sekreteri Arasında Dünya Telekomünikasyon Geliştirme Konferansı’nın Organizasyonu,Gerçekleştirilmesi ve Giderlerinin Karşılanmasına İlişki Anlaşma’nın Onaylanması Hakkında Karar",https://www.resmigazete.gov.tr/eskiler/2002/04/20020401.htm#2
2002-04-01,2002/3791 Türkiye Cumhuriyeti Turizm Bakanlığı ve Çin Halk Cumhuriyeti Ulusal Turizm İdaresi Arasında Çin Vatandaşlarının Türkiye’ye Düzenledikleri Seyahatlere İlişkin Uygulama Planı Mutabakat Zaptı’nın Onaylanması Hakkında Karar,https://www.resmigazete.gov.tr/eskiler/2002/04/20020401.htm#3
2002-04-01,"2002/3792 Türkiye-Küba Ticaret, Ekonomik ve Sınai İşbirliği Karma Komisyonu IV. Dönem Toplantısı Protokolu’nun Onaylanması Hakkında Karar",https://www.resmigazete.gov.tr/eskiler/2002/04/20020401.htm#4
2002-04-01,2002/3801 Terörizmin Finansmanının Önlenmesine Dair Uluslararası Sözleşme’nin Onaylanması Hakkında Karar,https://www.resmigazete.gov.tr/eskiler/2002/04/20020401.htm#5
2002-04-01,— Türkiye Kalkınma Bankası A.Ş.Teftiş Kurulu Yönetmeliği,https://www.resmigazete.gov.tr/eskiler/2002/04/20020401.htm#6
2002-04-01,— Organize Sanayi Bölgeleri Uygulama Yönetmeliği,https://www.resmigazete.gov.tr/eskiler/2002/04/20020401.htm#7
2002-04-01,— Şeker Kotalarının Düzenlenmesine İlişkin Yönetmelik,https://www.resmigazete.gov.tr/eskiler/2002/04/20020401.htm#8
2002-04-01,— Gaz Yakan Cihazlara Dair Yönetmelik (90/396/AT),https://www.resmigazete.gov.tr/eskiler/2002/04/20020401.htm#9
2002-04-01,— Türkiye Elektrik İletim A.Ş.Teftiş Kurulu Yönetmeliği,https://www.resmigazete.gov.tr/eskiler/2002/04/20020401.htm#10
2002-04-01,— Çevre Bakanlığı Sicil Amirleri Yönetmeliğinde Değişiklik Yapılmasına Dair Yönetmelik,https://www.resmigazete.gov.tr/eskiler/2002/04/20020401.htm#11
2002-04-01,— Enerji Piyasası Düzenleme Kurumu Enerji Uzman Yardımcılığı Giriş Sınavı ile Enerji Uzmanlığı Yeterlik Sınavına İlişkin Yönetmelik,https://www.resmigazete.gov.tr/eskiler/2002/04/20020401.htm#12
2002-04-01,— İnönü Üniversitesi Önlisans ve Lisans Eğitim-Öğretim ve Sınav Yönetmeliğinin 20 nci Maddesinin Değiştirilmesine Dair Yönetmelik,https://www.resmigazete.gov.tr/eskiler/2002/04/20020401.htm#13
2002-04-01,— İnönü Üniversitesi Lisansüstü Eğitim-Öğretim Yönetmeliğinin 33 üncü Maddesinin Değiştirilmesine Dair Yönetmelik,https://www.resmigazete.gov.tr/eskiler/2002/04/20020401.htm#14
2002-04-01,— Türk Parasını Kıymetini Koruma Hakkında 32 Sayılı Karar ile Başbakanlık Hazine Müsteşarlığının 91-31/5 Sayılı Tebliğine İlişkin Türkiye Cumhuriyet Merkez Bankası Genelgesi (2002/3),https://www.resmigazete.gov.tr/eskiler/2002/04/20020401.htm#15
2002-04-01,— Mülga Dış Krediler Kur Farkı Fonu’ndan Kullanılmış Kredilere Uygulanacak Değişken Faiz Oranı Hakkında Tebliğ,https://www.resmigazete.gov.tr/eskiler/2002/04/20020401.htm#16
2002-04-01,"— Karabük İli Sınırları İçerisinde,Sokakta Yaşayan veya Sokak ve Çalıştırılan Çocukların Korunması ile Çöpleri Karıştırmayı Alışkanlık Haline Getirenlerin İnsan ve Çevre Sağlığı Açısından Engellenmesine Dair Karar (No: 2002/1)",https://www.resmigazete.gov.tr/eskiler/2002/04/20020401.htm#17
2002-04-01,— Malatya Valiliği Mahalli Çevre Kurulu Kararı (No: 2002/1),https://www.resmigazete.gov.tr/eskiler/2002/04/20020401.htm#18
2002-04-01,— Yargıtay 18. Hukuk Dairesine Ait 2 Adet Karar,https://www.resmigazete.gov.tr/eskiler/2002/04/20020401.htm#19
2002-04-01,— Uyuşmazlık Mahkemesine Ait 20 Adet Karar,https://www.resmigazete.gov.tr/eskiler/2002/04/20020401.htm#20
2002-04-02,"— Devlet Bakanı Prof. Dr. Tunca TOSKAY’a, Devlet Bakanı Faruk BAL’ın Vekâlet Etmesine Dair Tezkere",https://www.resmigazete.gov.tr/eskiler/2002/04/20020402.htm#1
2002-04-02,— Hükümlü Ümit KANLI'nın Cezasının Kaldırılması Hakkında Karar,https://www.resmigazete.gov.tr/eskiler/2002/04/20020402.htm#2
2002-04-02,— Gezi Tekneleri Yönetmeliği,https://www.resmigazete.gov.tr/eskiler/2002/04/20020402.htm#3
2002-04-02,— Tasarruf Mevduatı Sigorta Fonu Yönetmeliğinin 5 inci Maddesinde Değişiklik Yapılmasına İlişkin Yönetmelik,https://www.resmigazete.gov.tr/eskiler/2002/04/20020402.htm#4
2002-04-02,— İstanbul Teknik Üniversitesi Lisans Eğitim ve Öğretim Yönetmeliğinin 11 inci ve 28 inci Maddelerinde Değişiklik Yapılmasına Dair Yönetmelik,https://www.resmigazete.gov.tr/eskiler/2002/04/20020402.htm#5
2002-04-02,— İthalatçı Birliklerine Üyelik Başvuru Usul ve Esaslarına İlişkin Tebliğ,https://www.resmigazete.gov.tr/eskiler/2002/04/20020402.htm#6
2002-04-03,"— Devlet Bakanı Mehmet KEÇECİLER’e, Devlet Bakanı Edip Safder GAYDALI’nın Vekâlet Etmesine Dair Tezkere",https://www.resmigazete.gov.tr/eskiler/2002/04/20020403.htm#1
2002-04-03,"— Milli Eğitim Bakanlığına, Kültür Bakanı M.İstemihan TALAY’ın Vekâlet Etmesine Dair Tezkere",https://www.resmigazete.gov.tr/eskiler/2002/04/20020403.htm#2
2002-04-03,— Devlet Bakanlığı ile Sağlık Bakanlığına Ait Kararlar,https://www.resmigazete.gov.tr/eskiler/2002/04/20020403.htm#3
2002-04-03,— Teknik Mevzuatın ve Standartların Türkiye ile Avrupa Birliği Arasında Bildirimine Dair Yönetmelik,https://www.resmigazete.gov.tr/eskiler/2002/04/20020403.htm#4
2002-04-03,— Yeditepe Üniversitesi Çift Anadal ve YanDal Yönetmeliği,https://www.resmigazete.gov.tr/eskiler/2002/04/20020403.htm#5
2002-04-03,"— Yeditepe Üniversitesi Önlisans ve Lisans Eğitim, Öğretim ve Sınav Yönetmeliğinin 8 ve 18 inci Maddelerinde Değişiklik Yapılmasına Dair Yönetmelik",https://www.resmigazete.gov.tr/eskiler/2002/04/20020403.htm#6
2002-04-03,— Yeditepe Üniversitesi Lisans Burs Yönetmeliğinin 11 inci Maddesinin Değiştirilmesine İlişkin Yönetmelik,https://www.resmigazete.gov.tr/eskiler/2002/04/20020403.htm#7
2002-04-03,— Yeditepe Üniversitesi Sağlık Bilimleri Enstitüsü Lisansüstü Eğitim-Öğretim ve Sınav Yönetmeliğinin 34 üncü Maddesinde Değişiklik Yapılmasına Dair Yönetmelik,https://www.resmigazete.gov.tr/eskiler/2002/04/20020403.htm#8
2002-04-03,— Yeditepe Üniversitesi Sosyal Bilimler Enstitüsü Lisansüstü Eğitim-Öğretim ve Sınav Yönetmeliğinin 33 üncü Maddesinde Değişiklik Yapılmasına Dair Yönetmelik,https://www.resmigazete.gov.tr/eskiler/2002/04/20020403.htm#9
2002-04-03,— Yeditepe Üniversitesi Eğitim Bilimleri Enstitüsü Lisansüstü Eğitim-Öğretim ve Sınav Yönetmeliğinin 33 üncü Maddesinde Değişiklik Yapılmasına Dair Yönetmelik,https://www.resmigazete.gov.tr/eskiler/2002/04/20020403.htm#10
2002-04-03,— Yeditepe Üniversitesi Fen Bilimleri Enstitüsü Lisansüstü Eğitim-Öğretim ve Sınav Yönetmeliğinin 33 ncü Maddesinin Değiştirilmesine İlişkin Yönetmelik,https://www.resmigazete.gov.tr/eskiler/2002/04/20020403.htm#11
2002-04-03,— Bankacılık Düzenleme ve Denetleme Kurulunun 678 Sayılı Kararı,https://www.resmigazete.gov.tr/eskiler/2002/04/20020403.htm#12
2002-04-04,"— Turizm Bakanlığına, Devlet Bakanı Nejat ARSEVEN’in Vekâlet Etmesine Dair Tezkere",https://www.resmigazete.gov.tr/eskiler/2002/04/20020404.htm#1
2002-04-04,— Çalışma ve Sosyal Güvenlik Bakanlığı Arşiv Yönetmeliğinde Değişiklik Yapılmasına Dair Yönetmelik,https://www.resmigazete.gov.tr/eskiler/2002/04/20020404.htm#2
2002-04-04,— Mecburi Standard Tebliğinde Değişiklik Yapılmasına Dair Tebliğ (No: ÖSG-2002/17),https://www.resmigazete.gov.tr/eskiler/2002/04/20020404.htm#3
2002-04-04,"— Aracılık Faaliyetleri ve Aracı Kuruluşlara İlişkin Esaslar Hakkında Tebliğde Değişiklik Yapılmasına Dair Tebliğ (Seri: V, No: 54)",https://www.resmigazete.gov.tr/eskiler/2002/04/20020404.htm#4
2002-04-04,— Denizlerde ve İçsularda Ticari Amaçlı Su Ürünleri Avcılığını Düzenleyen 34/1 Numaralı Sirkülerde Değişiklik Yapılması Hakkında Sirküler,https://www.resmigazete.gov.tr/eskiler/2002/04/20020404.htm#5
2002-04-05,"2002/3835 6245 Sayılı Harcırah Kanunu'nun 48 inci Maddesi Hükmü Uyarınca Verilmekte Olan Seyahat Kartları Sahiplerinin, 4736 Sayılı Kanunun 1 inci Maddesinin Birinci Fıkrası Hükmünden Muaf Tutulması Hakkında Karar",https://www.resmigazete.gov.tr/eskiler/2002/04/20020405.htm#1
2002-04-05,— Tekel Ürünleri Toptan Satıcılığı Hakkında Yönetmelik,https://www.resmigazete.gov.tr/eskiler/2002/04/20020405.htm#2
2002-04-05,— Millî Savunma Bakanlığı Akaryakıt İkmal ve NATO Pol Tesisleri İşletme Başkanlığı Demirbaş Eşya Kayıt Silme Yönetmeliği,https://www.resmigazete.gov.tr/eskiler/2002/04/20020405.htm#3
2002-04-05,— Millî Eğitim Bakanlığı Eğitim Hizmetleri Merkezi (Akşam Sanat Okulu) Müdürlükleri Yönetmeliği,https://www.resmigazete.gov.tr/eskiler/2002/04/20020405.htm#4
2002-04-05,— Vergi Usul Kanunu Genel Tebliği (Sıra No: 304),https://www.resmigazete.gov.tr/eskiler/2002/04/20020405.htm#5
2002-04-05,— Petrol Ürünlerine Uygulanacak Akaryakıt Fiyat İstikrar Payları Hakkında Tebliğ (PİGM/AFİP 2002-16),https://www.resmigazete.gov.tr/eskiler/2002/04/20020405.htm#6
2002-04-05,— Petrol Ürünlerine Uygulanacak Akaryakıt Fiyat İstikrar Payları Hakkında Tebliğ (PİGM/AFİP 2002-17),https://www.resmigazete.gov.tr/eskiler/2002/04/20020405.htm#7
2002-04-06,"— Tarım ve Köyişleri Bakanlığına, Milli Savunma Bakanı Sabahattin ÇAKMAKOĞLU’nun Vekâlet Etmesine Dair Tezkere",https://www.resmigazete.gov.tr/eskiler/2002/04/20020406.htm#1
2002-04-06,2002/3892 Kamu İhale Kurulu Başkan ve Üyeliklerine Yapılan Atamalar Hakkında Karar,https://www.resmigazete.gov.tr/eskiler/2002/04/20020406.htm#2
2002-04-06,2002/3894 Bazı Kamu Kurum ve Kuruluşlarına Ait Bölge Müdürlüklerinin ve Başmüdürlüklerin Kaldırılmasına ve Alınacak Tasarruf Tedbirlerine İlişkin 12/1/2002 Tarihli ve 2002/3849 Sayılı Kararnamenin Eki Kararda Değişiklik Yapılmasına İlişkin Karar,https://www.resmigazete.gov.tr/eskiler/2002/04/20020406.htm#3
2002-04-06,— Emeklilik Şirketleri Kuruluş ve Çalışma Esasları Hakkında Tebliğ (No: 2002/1),https://www.resmigazete.gov.tr/eskiler/2002/04/20020406.htm#4
2002-04-06,— İç Karantinaya Tabi Bitki Hastalık ve Zararlıları Hakkında Tebliğde Değişiklik Yapılmasına Dair Tebliğ (No: 2002/29),https://www.resmigazete.gov.tr/eskiler/2002/04/20020406.htm#5
2002-04-06,— Petrol Ürünlerine Uygulanacak Akaryakıt Fiyat İstikrar Payları Hakkında Tebliğ (PİGM/AFİP 2002-18),https://www.resmigazete.gov.tr/eskiler/2002/04/20020406.htm#6
2002-04-06,— Rekabet Kurulunun 00-29/308-175 Sayılı Kararı,https://www.resmigazete.gov.tr/eskiler/2002/04/20020406.htm#7
2002-04-06,"— Anayasa Mahkemesinin E: 2001/387 (6219 Sayılı Kanunda Değişiklik Yapan 4684 Sayılı Yasa ile İlgili), K: 2001/357 Sayılı Kararı",https://www.resmigazete.gov.tr/eskiler/2002/04/20020406.htm#8
2002-04-07,"— Devlet Bakanı Prof. Dr. Şükrü S. GÜREL’e, Devlet Bakanı Fikret ÜNLÜ’nün Vekâlet Etmesine Dair Tezkere",https://www.resmigazete.gov.tr/eskiler/2002/04/20020407.htm#1
2002-04-07,"— Devlet Bakanı Dr. Reşat DOĞRU’ya, Ulaştırma Bakanı Oktay VURAL’ın Vekâlet Etmesine Dair Tezkere",https://www.resmigazete.gov.tr/eskiler/2002/04/20020407.htm#2
2002-04-07,— Türkiye Elektrik Ticaret ve Taahhüt Anonim Şirketi (TETAŞ) Teftiş Kurulu Yönetmeliği,https://www.resmigazete.gov.tr/eskiler/2002/04/20020407.htm#3
2002-04-07,— Dicle Üniversitesi Önlisans ve Lisans Eğitim-Öğretim ve Sınav Yönetmeliğinin 34 üncü Maddesinde Değişiklik Yapılmasına Dair Yönetmelik,https://www.resmigazete.gov.tr/eskiler/2002/04/20020407.htm#4
2002-04-07,— Yatırımlarda Devlet Yardımları Hakkında Karar ve Tebliğ Hükümlerinin Uygulanmasına İlişkin Genelge (Genelge No: 2002/1),https://www.resmigazete.gov.tr/eskiler/2002/04/20020407.htm#5
2002-04-07,— 17/8/1999 ve 12/11/1999 Tarihlerinde Meydana Gelen Depremlerden Zarar Görenlerin Vergi Borçları ve Vergi Cezalarının Terkini Hakkında Genel Tebliğ (Sıra No: 1),https://www.resmigazete.gov.tr/eskiler/2002/04/20020407.htm#6
2002-04-07,— Rekabet Kurulunun 00-29/309-176 sayılı Kararı,https://www.resmigazete.gov.tr/eskiler/2002/04/20020407.htm#7
2002-04-08,"— Adalet Bakanlığına,Milli Eğitim Bakanı Metin BOSTANCIOĞLU’nun Vekâlet Etmesine Dair Tezkere",https://www.resmigazete.gov.tr/eskiler/2002/04/20020408.htm#1
2002-04-08,"— Sağlık Bakanlığına, Devlet Bakanı Prof. Dr.Ramazan MİRZAOĞLU’nun Vekâlet Etmesine Dair Tezkere",https://www.resmigazete.gov.tr/eskiler/2002/04/20020408.htm#2
2002-04-08,"— Sanayi ve Ticaret Bakanlığına,Bayındırlık ve İskan Bakanı Prof. Dr. Abdülkadir AKCAN’ın Vekâlet Etmesine Dair Tezkere",https://www.resmigazete.gov.tr/eskiler/2002/04/20020408.htm#3
2002-04-08,— Mecburi Standard: ÖSG-2002/18 Sayılı Tebliği,https://www.resmigazete.gov.tr/eskiler/2002/04/20020408.htm#4
2002-04-08,— Rekabet Kurulunun 99-27/243-147 Sayılı Kararı,https://www.resmigazete.gov.tr/eskiler/2002/04/20020408.htm#5
2002-04-08,— Rekabet Kurulunun 00-10/98-48 Sayılı Kararı,https://www.resmigazete.gov.tr/eskiler/2002/04/20020408.htm#6
2002-04-08,— Adana İli Taşkın Kontrol Tesislerinin İşletilmesi Hakkında Karar (No: 2002/2212),https://www.resmigazete.gov.tr/eskiler/2002/04/20020408.htm#7
2002-04-08,"— Kahramanmaraş İli Sınırları İçerisinde, Sokakta Yaşayan veya Sokakta Çalıştırılan Çocukların Korunmasına Dair Karar",https://www.resmigazete.gov.tr/eskiler/2002/04/20020408.htm#8
2002-04-09,4748 Çeşitli Kanunlarda Değişiklik Yapılmasına İlişkin Kanun,https://www.resmigazete.gov.tr/eskiler/2002/04/20020409.htm#1
2002-04-09,4749 Kamu Finansmanı ve Borç Yönetiminin Düzenlenmesi Hakkında Kanun,https://www.resmigazete.gov.tr/eskiler/2002/04/20020409.htm#2
2002-04-09,4750 Her Türlü Irk Ayrımcılığının Ortadan Kaldırılmasına İlişkin Uluslararası Sözleşmenin Onaylanmasının Uygun Bulunduğu Hakkında Kanun,https://www.resmigazete.gov.tr/eskiler/2002/04/20020409.htm#3
2002-04-09,"4751 Vergi Usul Kanunu, Emlâk Vergisi K anunu ve Harçlar Kanununda Değişiklik Yapılmasına İlişkin Kanun",https://www.resmigazete.gov.tr/eskiler/2002/04/20020409.htm#4
2002-04-09,— Hükümlü Gülseven ÖZTÜRK’ün Cezasının Kaldırılması Hakkında Karar (No: 2002/18),https://www.resmigazete.gov.tr/eskiler/2002/04/20020409.htm#5
2002-04-09,— Kocaeli Üniversitesi Önlisans-Lisans Eğitim-Öğretim ve Sınav Yönetmeliği,https://www.resmigazete.gov.tr/eskiler/2002/04/20020409.htm#6
2002-04-09,— Kocaeli Üniversitesi Yaz Okulu Yönetmeliği,https://www.resmigazete.gov.tr/eskiler/2002/04/20020409.htm#7
2002-04-09,— Kocaeli Üniversitesi Çift Anadal Programı (ÇAP) Yönetmeliği,https://www.resmigazete.gov.tr/eskiler/2002/04/20020409.htm#8
2002-04-10,"— Devlet, İçişleri, Milli Eğitim, Sağlık, Sanayi ve Ticaret, Enerji ve Tabii Kaynaklar, Kültür ile Çevre Bakanlıklarına Ait 11 Adet Atama Kararı",https://www.resmigazete.gov.tr/eskiler/2002/04/20020410.htm#1
2002-04-10,— Sınır Tespitine Dair Bir Adet Karar,https://www.resmigazete.gov.tr/eskiler/2002/04/20020410.htm#2
2002-04-10,— 1 mg’ dan 50 Kg’a Kadar Üst-Orta Doğruluktaki Ağırlıklara Dair Yönetmelik (74/148/AT),https://www.resmigazete.gov.tr/eskiler/2002/04/20020410.htm#3
2002-04-10,— 5 kg’dan 50 kg’a Kadar Orta Doğruluktaki Dikdörtgen Blok Ağırlıklar ve 1 kg’dan 10 kg’a Kadar Orta Doğruluktaki Silindirik Ağırlıklara Dair Yönetmelik (71/317/AT),https://www.resmigazete.gov.tr/eskiler/2002/04/20020410.htm#4
2002-04-10,— Basınçlı Ekipmanlar Yönetmeliği (97/23/AT),https://www.resmigazete.gov.tr/eskiler/2002/04/20020410.htm#5
2002-04-10,— Hazır Ambalajlı Sıvı Mamullerin Hacim Tespitine Dair Yönetmelik (75/106/AT),https://www.resmigazete.gov.tr/eskiler/2002/04/20020410.htm#6
2002-04-10,— Hazır Ambalajlı Mamullerin Ağırlık ve Hacim Esasına Göre Net Miktar Tespitine Dair Yönetmelik (76/211/AT),https://www.resmigazete.gov.tr/eskiler/2002/04/20020410.htm#7
2002-04-10,— Hazır Ambalajlı Belirli Ürünler İçin Müsaade Edilen Nominal Kapasite ve Dolum Miktarı Serilerine Dair Yönetmelik (80/232/AT),https://www.resmigazete.gov.tr/eskiler/2002/04/20020410.htm#8
2002-04-10,— Türkiye Kömür İşletmeleri Kurumu Genel Müdürlüğü Sözleşmeli Personel Sicil Amirleri Yönetmeliğinin Eki Sicil Amirleri Listesinin Değişti rilmesine Dair Yönetmelik,https://www.resmigazete.gov.tr/eskiler/2002/04/20020410.htm#9
2002-04-10,— Türkiye Kömür İşletmeleri Kurumu ve Müesseseleri Personel Yönetmeliğinin Yürürlükten Kaldırılmasına Dair Yönetmelik,https://www.resmigazete.gov.tr/eskiler/2002/04/20020410.htm#10
2002-04-10,— Türkiye Kömür İşletmeleri Kurumu Genel Müdürlüğü Personelinin Görevde Yükselme ve Atama Esaslarına Dair Yönetmelikte Değişiklik Yapılmasına Dair Yönetmelik,https://www.resmigazete.gov.tr/eskiler/2002/04/20020410.htm#11
2002-04-10,Radyo ve Televizyon Kuruluşlarına Kanal veya Frekans Tahsisi Şartları ve Bunlara İlişkin İhale Usulleri ile Yayın Lisansı ve İzin Yönetmeliğinin 25 inci Maddesinin Değiştirilmesi Hakkında Yönetmelik,https://www.resmigazete.gov.tr/eskiler/2002/04/20020410.htm#12
2002-04-10,— Bank acılık Düzenleme ve Denetleme Kurumu İnsan Kaynakları Yönetmeliğinde Değişiklik Yapılmasına İlişkin Yönetmelik,https://www.resmigazete.gov.tr/eskiler/2002/04/20020410.htm#13
2002-04-10,— Yükseköğretim Kurumları Bilimsel Araştırma Projeleri Hakkında Yönetmelik,https://www.resmigazete.gov.tr/eskiler/2002/04/20020410.htm#14
2002-04-10,— Türk Gıda Kodeksi İnsan Tüketimine Sunulan Şekerlerin Analiz Metodları Tebliği (No : 2002/26),https://www.resmigazete.gov.tr/eskiler/2002/04/20020410.htm#15
2002-04-10,— Türk Gıda Kodeksi Gıda Maddelerinde Kullanılan Renklendiricilerin Saflık Kriterleri Tebliği (No : 2002/27),https://www.resmigazete.gov.tr/eskiler/2002/04/20020410.htm#16
2002-04-10,— Türk Gıda Kodeksi Renklendiriciler ve Tatlandırıcılar Dışındaki Gıda Katkı Maddelerinin Saflık Kriterleri Tebliği (No : 2002/28),https://www.resmigazete.gov.tr/eskiler/2002/04/20020410.htm#17
2002-04-10,— Mecburi Standard Tebliği (No : ÖSG-2002/19),https://www.resmigazete.gov.tr/eskiler/2002/04/20020410.htm#18
2002-04-10,— Mecburi Standard Tebliği (No : ÖSG-2002/20),https://www.resmigazete.gov.tr/eskiler/2002/04/20020410.htm#19
2002-04-11,2002/3825 Milli Eğitim Bakanlığı Adına Öğretmen ve Eğitim Uzmanı Yetiştiren Yükseköğretim Kurumlarında Öğrenim Yapan Burslu Öğrencilere Verilecek Burs Miktarı Hakkında Karar,https://www.resmigazete.gov.tr/eskiler/2002/04/20020411.htm#1
2002-04-11,"2002/3856 3083 Sayılı Kanun Uyarınca Uygulama Alanı İlan Edilen Şanlıurfa İli, Siverek İlçesi, Aşağı Karabahçe Köyü, Ada Bağlısının Ana Köyden Ayrılarak Örgülü Köyüne Bağlanması ve “Uygulama Alanı” Olarak Tespiti Hakkında Karar",https://www.resmigazete.gov.tr/eskiler/2002/04/20020411.htm#2
2002-04-11,2002/3858 Bazı Yerlerde Arazi Toplulaştırması Yapılması Hakkında Karar,https://www.resmigazete.gov.tr/eskiler/2002/04/20020411.htm#3
2002-04-11,2002/3886 8/1/2002 Tarihli ve 4736 Sayılı Kanunun 1 inci Maddesinin Birinci Fıkrası Hükmünden Muaf Tutulacakların Tespitine Dair 2002/3654 Sayılı Kararnamenin Eki Karar’da Değişiklik Yapılmasına İliş kin Karar,https://www.resmigazete.gov.tr/eskiler/2002/04/20020411.htm#4
2002-04-11,— Devlet Muhasebesi Yönetmeliğinde Değişiklik Yapılmasına Dair Yönetmelik,https://www.resmigazete.gov.tr/eskiler/2002/04/20020411.htm#5
2002-04-11,— Zirai Karantina Numune Alma Yönetm eliğinin 17 nci Maddesinde Değişiklik Yapılmasına Dair Yönetmelik,https://www.resmigazete.gov.tr/eskiler/2002/04/20020411.htm#6
2002-04-11,— Gemi Tanklarının Kalibrasyonuna Dair Yönetmelik (71/349/AT),https://www.resmigazete.gov.tr/eskiler/2002/04/20020411.htm#7
2002-04-11,— Ölçü Kapları Olarak Kullanılan Ölçü Şişelerine Dair Yönetmelik (75/107/AT),https://www.resmigazete.gov.tr/eskiler/2002/04/20020411.htm#8
2002-04-11,"— Finansal Yeniden Yapılandırma Çerçeve Anlaşmalarının Onaylanması, Kabulü ve Uygulanmasına İlişkin Genel Şartlar Hakkında Yönetmelik",https://www.resmigazete.gov.tr/eskiler/2002/04/20020411.htm#9
2002-04-11,— Telekomünikasyon Kurumunun Teşkilat ve Görevleri ile Çalışma U sul ve Esasları Hakkında Yönetmelikte Değişiklik Yapılmasına Dair Yönetmelik,https://www.resmigazete.gov.tr/eskiler/2002/04/20020411.htm#10
2002-04-11,— Emlak Vergisi Kanunu Genel Tebliği (Seri No : 33),https://www.resmigazete.gov.tr/eskiler/2002/04/20020411.htm#11
2002-04-11,— İthal ve İhraç Edilecek Gıdaların Giriş ve Çıkış Kapılarının Tespit ve İlanına Dair Tebliğ’de Değişiklik Yapılması Hakkında Tebliğ (No : 2002/31,https://www.resmigazete.gov.tr/eskiler/2002/04/20020411.htm#12
2002-04-12,2002/3822 Yedek Subayların Yetiştirilme Sürelerinin Yeniden Düzenlenmesi Hakkında Karar,https://www.resmigazete.gov.tr/eskiler/2002/04/20020412.htm#1
2002-04-12,2002/3873 Birleşmiş Milletler Güvenlik Konseyi’nin Terör Örgütlerinin ve Terörizmi Finanse Eden Kişi ve Kuruluşların Mal Varlıklarının Dondurulmasına İlişkin Kararlarının Uygulanması Hakkındaki 2001/3483 Sayılı Bakanlar Kurulu Kararında Değişiklik Yapılmasına Dair Karar,https://www.resmigazete.gov.tr/eskiler/2002/04/20020412.htm#2
2002-04-12,2002/3893 T. Halk Bankası Anonim Şirketi’nce Esnaf ve Sanatkar Kredi ve Kefalet Kooperatifleri Kefaletiyle Esnaf ve Sanatkarlara Kullan dırılmış veya Kullandırılacak Kredilerin Faiz Oranlarının Düşürülmesi ile Bu Uygulamadan Kaynaklanan Gelir Kayıplarının Hazinece Karşılanmasına Dair Karar,https://www.resmigazete.gov.tr/eskiler/2002/04/20020412.htm#3
2002-04-12,2002/3890 Dışişleri Bakanlığı Mensuplarının Bazı Görevlere Atanmaları Hakkında Karar,https://www.resmigazete.gov.tr/eskiler/2002/04/20020412.htm#4
2002-04-12,— Kamu Kurum ve Kuruluşlarınca Hazine Garantisi Olmaksızın Temin Edilen Kredilere İzin Verilmesi ve İzlenmesi Esas ve Usullerine İlişkin Yönetmelik,https://www.resmigazete.gov.tr/eskiler/2002/04/20020412.htm#5
2002-04-12,"— Hazine Garantileri Verilmesi, İzlenmesi, Bütçeleştirilmesi ve Raporlanma sına İlişkin Esas ve Usullere Dair Yönetmelik",https://www.resmigazete.gov.tr/eskiler/2002/04/20020412.htm#6
2002-04-12,— Türkiye Elektrik Ticaret ve Taahhüt Anonim Şirketi Kadrolu Personel Sicil Amirleri Yönetmeliği,https://www.resmigazete.gov.tr/eskiler/2002/04/20020412.htm#7
2002-04-12,— Türkiye Elektrik Ticaret ve Taahhüt Anonim Şirketi Sözleşmeli Personel Sicil Amirleri Yönetmeli ği,https://www.resmigazete.gov.tr/eskiler/2002/04/20020412.htm#8
2002-04-12,— Atatürk Üniversitesi Sağlık Bilimleri Enstitüsü Lisansüstü Eğitim ve Öğretim Yönetmeliğinin 15 inci Maddesinde Değişiklik Yapılmasına Dair Yönetmelik,https://www.resmigazete.gov.tr/eskiler/2002/04/20020412.htm#9
2002-04-12,— Osmangazi Üniversitesi Deprem Araştırma ve Uygulama Merkezi Yönetmeliği (OGÜDAM),https://www.resmigazete.gov.tr/eskiler/2002/04/20020412.htm#10
2002-04-12,— Ant alya İli Taşkın Kontrol Tesislerinin İşletilmesi Hakkında Karar,https://www.resmigazete.gov.tr/eskiler/2002/04/20020412.htm#11
2002-04-12,— Anayasa Mahkemesinin E : 2001/493 (4616 Sayılı Kanun ile İlgili) K : 2002/11 Sayılı Kararı,https://www.resmigazete.gov.tr/eskiler/2002/04/20020412.htm#12
2002-04-12,— Anayasa Mahkemesinin E : 2000/19 (765 Sayılı Kanunda Değişiklik Yapan 3038 Sayılı Yasa ile İlgili) K : 2002/15 Sayılı Kararı,https://www.resmigazete.gov.tr/eskiler/2002/04/20020412.htm#13
2002-04-12,— Yargıtay 2. Hukuk Dairesine Ait Bir Adet Karar,https://www.resmigazete.gov.tr/eskiler/2002/04/20020412.htm#14
2002-04-13,"736 Türk Milli Eğitim Politikasına Aykırı, Keyfi ve İdeolojik Uygulamalarıyla Eğitim ve Öğretimde Kargaşaya ve Huzursuzluğa Sebep Olduğu, Toplumsal Gerilime Yol Açtığı, Eğitim Sistemini AB ve Uluslar Arası Standartlardan Uz aklaştırdığı ve Görevini Kötüye Kullandığı; Bu Eylemlerinin Türk Ceza Kanununun 159, 228, 230, 240 ve 251 inci Maddelerine Uyduğu İddiasıyla Milli Eğitim Bakanı Metin Bostancıoğlu Hakkında Meclis Soruşturması Komisyonu Kurulmasına İlişkin Karar",https://www.resmigazete.gov.tr/eskiler/2002/04/20020413.htm#1
2002-04-13,"— Ulaştırma Bakanlığına, Sanayi ve Ticaret Bakanı Ahmet Kenan TANRI KULU’nun Vekâlet Etmesine Dair Tezkere",https://www.resmigazete.gov.tr/eskiler/2002/04/20020413.htm#2
2002-04-13,2002/3929 15/1/2002-14/7/2002 Tarihleri Arasında Görev Tazminatı Ödenmesi ve 657 Sayılı Devlet Memurları Kanunu ve Aynı Kanunun Ek Geçici 9 uncu Maddesi Kapsamına Giren Kurumlardan Aylık Alanlara 1/1/2002 Tarihinden İtibaren Ne Miktarda Zam ve Tazminat Verileceğine Dair 10/1/2002 Tarihli ve 3546 Sayılı Kararnamenin Eki Kararda Değişiklik Yapılmasına İlişkin Karar,https://www.resmigazete.gov.tr/eskiler/2002/04/20020413.htm#5
2002-04-13,2002/3930 506 Sayılı Sosyal Sigortalar Kanununun Ek Geçici 3 üncü Maddesi ile 1479 Sayılı Esnaf ve Sanatkarlar ve Diğer Bağımsız Çalışanlar Sosyal Sigortalar Kurumu Kanununun Geçici 17 nci Maddesinin Uygulanmasına İlişkin Karar,https://www.resmigazete.gov.tr/eskiler/2002/04/20020413.htm#6
2002-04-13,2002/3931 Tabii Afet Nedeniyle Gelir Kaybı ve Alt Yapı Hasarına Uğrayan Belediyelere Yapılacak Yardımlara Dair Karar,https://www.resmigazete.gov.tr/eskiler/2002/04/20020413.htm#7
2002-04-13,"— Özel Radyo ve Televizyon Kuruluşlarının Uyması Gerekli Asgari İdari ve Mali Şartlarla Yayın Alanı, Yayın Saat ve Süreleri Hakkında Yönetmelikte Değişiklik Yapılmasına Dair Yönetmelik",https://www.resmigazete.gov.tr/eskiler/2002/04/20020413.htm#3
2002-04-13,— Anayasa Mahkemesinin E : 2001/24 (4604 Sayılı Kanun ile İlgili) K : 2001/356 Sayılı Kararı,https://www.resmigazete.gov.tr/eskiler/2002/04/20020413.htm#4
2002-04-14,2002/3831 Türkiye Cumhuriyeti ile İspanya Krallığı Arasındaki Ekonomik ve Mali İşbirliği Mutabakat Zaptı'nın Onaylanması Hakkında Karar,https://www.resmigazete.gov.tr/eskiler/2002/04/20020414.htm#1
2002-04-14,"— Devlet Bakanı ve Başbakan Yardımcısı Mesut YILMAZ’a, İçişleri Bakanı Rüştü Kazım YÜCELEN’in Vekâlet Etmesine Dair Tezkere",https://www.resmigazete.gov.tr/eskiler/2002/04/20020414.htm#2
2002-04-14,"— Devlet Bakanı Dr. Kemal DERVİŞ’e, Orman Bakanı Prof. Dr. Nami ÇAĞAN’ın Vekâlet Etmesine Dair Tezkere",https://www.resmigazete.gov.tr/eskiler/2002/04/20020414.htm#3
2002-04-14,"— Devlet Bakanı Prof. Dr. Şükrü S. GÜREL’e, Milli Eğitim Bakanı Metin BOSTANCIOĞLU’nun Vekâlet Etmesine Dair Tezkere",https://www.resmigazete.gov.tr/eskiler/2002/04/20020414.htm#4
2002-04-14,"— Devlet Bakanı Fikret ÜNLÜ’ye, Devlet Bakanı Hasan GEMİCİ’nin Vekâlet Etmesine Dair Tezkere",https://www.resmigazete.gov.tr/eskiler/2002/04/20020414.htm#5
2002-04-14,"— Devlet, Maliye, Bayındırlık ve İskan, Tarım ve Köyişleri ile Turizm Bakanlıklarına Ait Atama Kararları",https://www.resmigazete.gov.tr/eskiler/2002/04/20020414.htm#6
2002-04-14,— Taksimetre Yönetmeliği (77/95/AT),https://www.resmigazete.gov.tr/eskiler/2002/04/20020414.htm#7
2002-04-14,— Türkiye Muhasebe Standartları Kurulu Başkanlığı nın 1 Sayılı Kararı,https://www.resmigazete.gov.tr/eskiler/2002/04/20020414.htm#8
2002-04-15,"2002/3861 Türkiye Cumhuriyeti Çevre Baka nlığı ile Hollanda Konut, Mekansal Planlama ve Çevre Bakanlığı Arasında Çevresel İşbirliğine İlişkin Mutabakat Muhtırası’nın Onaylanması Hakkında Karar",https://www.resmigazete.gov.tr/eskiler/2002/04/20020415.htm#1
2002-04-15,"Cumhurbaşkanlığına, Türkiye Büyük Millet Meclisi Başkanı Ömer İZGİ’nin Vekâlet Etmesine Dair Tezkere",https://www.resmigazete.gov.tr/eskiler/2002/04/20020415.htm#2
2002-04-15,"Devlet Bakanı Faruk BAL’a, Devlet Bakanı Prof. Dr. Tunca TOSKAY’ın Vekâlet Etmesine Dair Tezkere",https://www.resmigazete.gov.tr/eskiler/2002/04/20020415.htm#3
2002-04-15,"— Dışişleri Bakanlığına, Devlet Bakanı ve Başbakan Yardımcsı H. Hüsamettin ÖZKAN’ın Vekâlet Etmesine Dair Tezkere",https://www.resmigazete.gov.tr/eskiler/2002/04/20020415.htm#4
2002-04-15,— Gençlik ve Spor Genel Müdürlüğü Arşiv Hizmetleri Yönetmeliğinde Değişiklik Yapılmasına Dair Yönetmelik,https://www.resmigazete.gov.tr/eskiler/2002/04/20020415.htm#5
2002-04-15,— Yel ken Hakem Yönetmeliğinde Değişiklik Yapılmasına Dair Yönetmelik,https://www.resmigazete.gov.tr/eskiler/2002/04/20020415.htm#6
2002-04-15,— Adalet Bakanlığı Merkez ve Taşra Teşkilâtı ile Bağlı Kuruluşları Arşiv Yönetmeliğinde Değişiklik Yapılması Hakkında Yönetmelik,https://www.resmigazete.gov.tr/eskiler/2002/04/20020415.htm#7
2002-04-16,"2002/3887 İstanbul İli, Ümraniye İlçesine Bağlı Sultançiftliği Belediyesi’nin Adının “Taşdelen” Olarak Değiştirilmesi Hakkında Karar",https://www.resmigazete.gov.tr/eskiler/2002/04/20020416.htm#1
2002-04-16,2002/3911 Akaryakıt tüketim Vergisi Tutarlarının Tespitine İlişkin Karar,https://www.resmigazete.gov.tr/eskiler/2002/04/20020416.htm#2
2002-04-16,— Türkiye Kalkınma Bankası A.Ş.Teftiş Kurulu Yönetmeliğinde Değişiklik Yapılmasına Dair Yönetmelik,https://www.resmigazete.gov.tr/eskiler/2002/04/20020416.htm#3
2002-04-16,— Yelken Yarışma Yönetmeliğinde Değişiklik Yapılmasına Dair Yönetmelik,https://www.resmigazete.gov.tr/eskiler/2002/04/20020416.htm#4
2002-04-16,"— Özel Çevre Koruma Kurumu Başkanlığı Bütçe, Gelir ve Gider Usul ve Esaslarına Dair Yönetmelik",https://www.resmigazete.gov.tr/eskiler/2002/04/20020416.htm#5
2002-04-16,— Doğuş Üniversitesi Sürekli Eğitim Merkezi (DOĞUŞ-SEM) Yönetmeliği,https://www.resmigazete.gov.tr/eskiler/2002/04/20020416.htm#6
2002-04-16,— 2002 Yılında Girişilecek Yapım İhalelerinde Uygun Bedelin Tercihinde Kullanılacak Kriterler Hakkında Tebliğ,https://www.resmigazete.gov.tr/eskiler/2002/04/20020416.htm#7
2002-04-16,— Mecburi Standard Tebliğinde Değişiklik Yapılmasına Dair Tebliğ (No: ÖSG-2002/23),https://www.resmigazete.gov.tr/eskiler/2002/04/20020416.htm#8
2002-04-16,— Mecburi Standard Tebliğinde Değişiklik Yapılmasına Dair Tebliğ (No: ÖSG-2002/24),https://www.resmigazete.gov.tr/eskiler/2002/04/20020416.htm#9
2002-04-16,— Mecburi Standard Tebliğinde Değişiklik Yapılmasına Dair Tebliğ (No: ÖSG-2002/25),https://www.resmigazete.gov.tr/eskiler/2002/04/20020416.htm#10
2002-04-16,— Anayasa Mahkemesinin E : 2001/228 (5680 Sayılı Kanunda Değişiklik Yapan 3445 Sayılı Yasa ile İlgili) K : 2002/9 Sayılı Kararı,https://www.resmigazete.gov.tr/eskiler/2002/04/20020416.htm#11
2002-04-16,— Anayasa Mahkemesinin E : 2001/344 (5680 Sayılı Kanunda Değişiklik Yapan 3445 Sayılı Yasa ile İlgili) K : 2002/10 Sayılı Kararı,https://www.resmigazete.gov.tr/eskiler/2002/04/20020416.htm#12
2002-04-17,"2002/3826 Türkiye Cumhuriyeti Genelkurmay Başkanlığı ile Avusturya Cumhuriyeti Savunma Bakanlığı Arasında İmzalanan, Silahlı Kuvvetler Personeli Ailelerinin Sosyal ve Kültürel Amaçlı Mübadelesine İlişkin Protokol’ün Onaylanması Hakkında Karar",https://www.resmigazete.gov.tr/eskiler/2002/04/20020417.htm#1
2002-04-17,2002/3827 Türkiye-Azerbaycan Karma Ekonomik Komisyonu İkinci Dönem Toplantısı Protokolü’nün Onaylanması Hakkında Karar,https://www.resmigazete.gov.tr/eskiler/2002/04/20020417.htm#2
2002-04-17,"2002/3857 Türkiye Cumhuriyeti Hükümeti ile Cezayir Demokratik Halk Cumhuriyeti Hükümeti Arasında İmzalanan, Gümrük Suçlarının Önlenmesi, Soruşturulması ve Menni Amacıyla Gümrük İdarelerinin Karşılıklı Yardımlaşmasına İlişkin Anlaşma’nın Onaylanması Hakkında Karar",https://www.resmigazete.gov.tr/eskiler/2002/04/20020417.htm#3
2002-04-17,2002/3865 Üyesi Bulunduğumuz İslam Kalkınma Bankası’nın Sermayesinin Artırılmasına İlişkin Olarak Banka Guvernörler Kurulunun 24 Ekim 2001 Tarihinde Cezayir’de Yapılan 26 ncı Yıllık Toplantısı’nda Kabul Edilen Ekli Kararın Onaylanması Hakkında Karar,https://www.resmigazete.gov.tr/eskiler/2002/04/20020417.htm#4
2002-04-17,"2002/3872 Türkiye Cumhuriyeti ile İran İslam Cumhuriyeti Arasında İmzalanan, 16. Dönem Karma Ekonomik Komisyon Toplantısı Mutabakat Zaptı’nın Onaylanması Hakkında Karar",https://www.resmigazete.gov.tr/eskiler/2002/04/20020417.htm#5
2002-04-17,"2002/3883 Türkiye Cumhuriyeti Hükümeti ile İsviçre Konfederasyonu Hükümeti Arasında İmzalanan, Yüksek Düzeyli Ticari ve Ekonomik İstişarelere İlişkin Ekli Mutabakat Zabıtlarının Onaylanması Hakkında Karar",https://www.resmigazete.gov.tr/eskiler/2002/04/20020417.htm#6
2002-04-17,2002/3821 Terörist Bombalamalarının Önlenmesine İlişkin Uluslararası Sözleşme’nin Onaylanması Hakkında Karar,https://www.resmigazete.gov.tr/eskiler/2002/04/20020417.htm#7
2002-04-17,"— Devlet Bakanı ve Başbakan Yardımcısı Mesut YILMAZ'a, İçişleri Bakanı Rüştü Kazım YÜCELEN'in Vekâlet Etmesine Dair Tezkere",https://www.resmigazete.gov.tr/eskiler/2002/04/20020417.htm#8
2002-04-17,"— Milli Savunma Bakanlığına, Devlet Bakanı Prof. Dr. Ramazan MİRZAOĞLU'nun Vekâlet Etmesine Dair Tezkere",https://www.resmigazete.gov.tr/eskiler/2002/04/20020417.htm#9
2002-04-17,"— Bayındırlık ve İskan Bakanlığına, Sağlık Bakanı Doç. Dr. Osman DURMUŞ'un Vekâlet Etmesine Dair Tezkere",https://www.resmigazete.gov.tr/eskiler/2002/04/20020417.htm#10
2002-04-17,2002/3928 6245 Sayılı Harcırah Kanunu’nun Değişik 46 ncı Maddesinin Birinci Fıkrasının (c) Bendi Uyarınca Yurtdışı Yer Değiştirme Giderinin Mesafeye Göre Değişen Kısmının Hesaplanmasında Esas Alınan Cetvellere Abuja (Nijerya) ile Astana (Kazakistan)’ya Ait Ekli Cetvellerin İlave Edilmesi Hakkında Karar,https://www.resmigazete.gov.tr/eskiler/2002/04/20020417.htm#11
2002-04-17,2002/3855 Emniyet Hizmetleri Sınıfı Personeli Rütbe Terfileri ve Değerlendirme Kurullarının Çalışmalarına İlişkin Yönetmelikte Değişiklik Yapılması Hakkında Yönetmelik,https://www.resmigazete.gov.tr/eskiler/2002/04/20020417.htm#12
2002-04-17,— Otomatik Olmayan Tartı Aletleri Yönetmeliği,https://www.resmigazete.gov.tr/eskiler/2002/04/20020417.htm#13
2002-04-17,— Türkiye Elektrik Ticaret ve Taahhüt Anonim Şirketi Genel Müdürlüğü Personelinin Görevde Yükselme Yönetmeliği,https://www.resmigazete.gov.tr/eskiler/2002/04/20020417.htm#14
2002-04-17,— Elektrik Üretim Anonim Şirketi Genel Müdürlüğü Personelinin Görevde Yükselme Yönetmeliği,https://www.resmigazete.gov.tr/eskiler/2002/04/20020417.htm#15
2002-04-17,— Petrol Ürünlerine Uygulanacak Akaryakıt Fiyat İstikrar Fonu Payları Hakkında Tebliğ (PİGM/AFİP 2002-19),https://www.resmigazete.gov.tr/eskiler/2002/04/20020417.htm#16
2002-04-17,— Rekabet Kurulunun 00-34/370-208 Sayılı Kararı,https://www.resmigazete.gov.tr/eskiler/2002/04/20020417.htm#17
2002-04-17,— Rekabet Kurulunun 00-36/400-226 Sayılı Kararı,https://www.resmigazete.gov.tr/eskiler/2002/04/20020417.htm#18
2002-04-17,— Rekabet Kurulunun 00-38/416-233 Sayılı Kararı,https://www.resmigazete.gov.tr/eskiler/2002/04/20020417.htm#19
2002-04-17,"— Anayasa Mahkemesinin E : 2002/5 (4616 Sayılı Kanun ile İlgili), K : 2002/14 Sayılı Kararı",https://www.resmigazete.gov.tr/eskiler/2002/04/20020417.htm#20
2002-04-18,"2002/3912 Türkiye Cumhuriyeti Hükümeti ile Kazakistan Cumhuriyeti Hükümeti Arasında, Türkistan Şehrinde Restorasyon İşlemleri Tamamlanmış Bulunan Hoca Ahmet Yesevi Külliyesinin Devir Teslimine İlişkin Protokol’ün Onaylanması Hakkında Karar",https://www.resmigazete.gov.tr/eskiler/2002/04/20020418.htm#1
2002-04-18,"2002/3903 Aksaray İli,Merkez İlçe, Z afer Mahallesinde Bulunan ve Mül kiyeti Hazineye Ait Taşınmaz Malların 4706 Sayılı Kanunun 5 inci Maddesi Çerçevesind e Kullanılmak Üzere Tespiti Hakkında Ka rar",https://www.resmigazete.gov.tr/eskiler/2002/04/20020418.htm#2
2002-04-18,2002/3888 Toplu Konut İdaresi Kaynaklarının Kullanım Şekline İlişkin Yönetmelik,https://www.resmigazete.gov.tr/eskiler/2002/04/20020418.htm#3
2002-04-18,"— Sporcu Lisans, Tescil, Vize ve Transfe r Yönetmeliği EK-3 Listede Değişiklik Yapılmasına Dair Yönetmelik",https://www.resmigazete.gov.tr/eskiler/2002/04/20020418.htm#4
2002-04-18,— Adnan Menderes Üniversitesi Yaz Okulu Eğitim-Öğretim Yönetmeliğinde Değişiklik Yapılmasına Dair Yönetmelik,https://www.resmigazete.gov.tr/eskiler/2002/04/20020418.htm#5
2002-04-18,"— Kamu Kuruluşlarınca 2002 Yılında Yaptırılacak Yapım, Hizmet, Dekapaj ve Malzeme Nakli İşlerinin Sözleşmelerinde Esas Alınacak Parasal Sınır Hakkında Tebliğ",https://www.resmigazete.gov.tr/eskiler/2002/04/20020418.htm#6
2002-04-18,— Gümrük Genel Tebl iğinde Değişiklik Yapılmasına Dair Tebliğ (Gümrük Hattı Dışı Eşya Satış Mağazaları) (Seri No : 9),https://www.resmigazete.gov.tr/eskiler/2002/04/20020418.htm#7
2002-04-18,— Uluslararası Gözetim Şirketleri Statüsüne İlişkin Karar (Dış Ticarette Standardizasyon : 2002/4),https://www.resmigazete.gov.tr/eskiler/2002/04/20020418.htm#8
2002-04-18,— Uşak Valiliği Mahalli Çevre Kurulu Kararı (No : 2002/1),https://www.resmigazete.gov.tr/eskiler/2002/04/20020418.htm#9
2002-04-18,"— Anayasa Mahkemesinin E : 2001/293 (4628 Sayılı Kanun ile İlgili), K : 2002/28 Sayılı Kararı",https://www.resmigazete.gov.tr/eskiler/2002/04/20020418.htm#10
2002-04-18,"— Anayasa Mahkemesinin E : 2001/389 (4694 Sayılı Kanun ile İlgili), K : 2002/29 Sayılı Kararı",https://www.resmigazete.gov.tr/eskiler/2002/04/20020418.htm#11
2002-04-19,Hakimler ve Savcılar Yüksek Kuruluna Ait Karar,https://www.resmigazete.gov.tr/eskiler/2002/04/20020419.htm#1
2002-04-19,"— Gençlik ve Spor Genel Müdürlüğü Hukuk Müşavirliğinin Görev, Çalışma ve Vekalet Ücretinin Dağıtılması Hakkında Yönetmelikte Değişiklik Yapılmasına Dair Yönetmelik",https://www.resmigazete.gov.tr/eskiler/2002/04/20020419.htm#2
2002-04-19,— Gençlik ve Spor Genel Müdürlüğü İl Spor Dalı Temsilci Yönetmeliğinde Değişiklik Yapılmasına Dair Yönetmelik,https://www.resmigazete.gov.tr/eskiler/2002/04/20020419.htm#3
2002-04-19,— Gençlik ve Spor Genel Müdürlüğü Amatör Spor Dalları Ceza Yönetmeliğinde Değişiklik Yapılmasına Dai r Yönetmelik,https://www.resmigazete.gov.tr/eskiler/2002/04/20020419.htm#4
2002-04-19,— Muhasebat Genel Müdürlüğü Genel Tebliği (Sıra No : 589),https://www.resmigazete.gov.tr/eskiler/2002/04/20020419.htm#5
2002-04-19,DÜZELTME (33 Seri Nolu Emlak Vergisi Kanunu Genel Tebliği ile İlgili),https://www.resmigazete.gov.tr/eskiler/2002/04/20020419.htm#6
2002-04-19,"— Anayasa Mahkemesinin E : 2001/8 (Siyasi Parti-İhtar), K : 2002/9 Sayılı Kararı",https://www.resmigazete.gov.tr/eskiler/2002/04/20020419.htm#7
2002-04-19,"— Anayasa Mahkemesinin E : 2001/1 (Siyasi Parti-İhtar), K : 2002/10 Sayılı Kararı",https://www.resmigazete.gov.tr/eskiler/2002/04/20020419.htm#8
2002-04-20,737 Medyanın Sorunlarının Araştırılarak Alınması Gereken Tedbirlerin Tespit Edilmesi Amacıyla Bir Meclis Araştırması Komisyonu Kurulmasına İlişkin Kara,https://www.resmigazete.gov.tr/eskiler/2002/04/20020420.htm#1
2002-04-20,"— Devlet Bakanı Prof. Dr. Ramazan MİRZAOĞLU’na, Devlet Bakanı Prof. Dr. Şuayip ÜŞENMEZ’in Vekâlet Etmesine Dair Tezkere",https://www.resmigazete.gov.tr/eskiler/2002/04/20020420.htm#2
2002-04-20,— Başbakanlık Merkez Teşkilatı ve Basımevi Döner Sermaye İşletmesi Müdürlüğü Görevde Yükselme Usul ve Esaslarına Dair Yönetmeliğe Geçici Mad de Eklenmesine Dair Yönetmelik,https://www.resmigazete.gov.tr/eskiler/2002/04/20020420.htm#3
2002-04-20,— T.C. Emekli Sandığı Genel Müdürlüğü Personelinin Görevde Yükselme Yönetmeliği,https://www.resmigazete.gov.tr/eskiler/2002/04/20020420.htm#4
2002-04-20,— Türk Parası Kıymetini Koruma Hakkında 32 Sayılı Karar ile Başbakanlık Hazine Müsteşarlığı’nın 91-32/5 Sayılı Tebliğine ilişkin Türkiye Cumhuriyet Merkez Bankası Genelgesi Sayı: 2002/4,https://www.resmigazete.gov.tr/eskiler/2002/04/20020420.htm#5
2002-04-21,"2002/3932 Aktaş Elektrik Ticaret A.Ş.’ne, 16/8/1985 Tarihli ve 85/9800 Sayılı Kararnamenin Eki Yönetmeliğin 2 nci Maddesinde Gösterilen 16 ncı Görev Bölgesinde, 30 Yıl Süre ile Elektrik Üretimi, İletimi, Dağıtımı ve Ticareti Yapma Görevi Verilmesine İlişkin 24/8/1989 Tarihli ve 89/14393 Sayılı Kararname ile Aynı Bölgede Türkiye Elektrik Da ğıtım A.Ş.’ne Ait Dağıtım Tesislerinin İşletme Haklarının Adı Geçen Şirkete Verilmesine İlişkin 28/12/1994 Tarihli ve 94/6544 Sayılı Kararnamenin Yürürlükten Kaldırılması ve 16 ncı Görev Bölgesinde, Elektrik Dağıtım ve Ticaretinin Türkiye Elektrik Dağıtım A.Ş. Tarafından Yapılması Hakkında Karar",https://www.resmigazete.gov.tr/eskiler/2002/04/20020421.htm#1
2002-04-21,— İhracat 96/31 Sayılı İhracı Yasak ve Ön İzne Bağlı Mallara İlişkin Tebliğ’de Değişiklik Yapılmasına Dair Tebliğ (İhracat: 2002/3),https://www.resmigazete.gov.tr/eskiler/2002/04/20020421.htm#2
2002-04-21,— Rekabet Kurulunun 01-04/21-4 Sayılı Kararı,https://www.resmigazete.gov.tr/eskiler/2002/04/20020421.htm#3
2002-04-21,— Rekabet Kurulunun 01-20/189-48 Sayılı Kararı,https://www.resmigazete.gov.tr/eskiler/2002/04/20020421.htm#4
2002-04-21,— Rekabet Kurulunun 01-28/274-78 Sayılı Kararı,https://www.resmigazete.gov.tr/eskiler/2002/04/20020421.htm#5
2002-04-22,"— Dışişleri Bakanlığına, Devlet Bakanı Prof. Dr. Şükrü. S. GÜREL’in Vekâlet Etmesine Dair Tezkere",https://www.resmigazete.gov.tr/eskiler/2002/04/20020422.htm#1
2002-04-22,— Türk İşbirliği ve Kalkınma İdaresi Başkanlığı Atama ve Görevde Yükselme Yönetmeliği,https://www.resmigazete.gov.tr/eskiler/2002/04/20020422.htm#2
2002-04-22,— Türk İşbirliği ve Kalkınma İdaresi Başkanlığı Teknik Yardım Uzman Yardımcılığına Giriş Sınavı ile Teknik Yardım Uzmanlığı Yeterlik Sınavı ve Atama Yönetmeliği,https://www.resmigazete.gov.tr/eskiler/2002/04/20020422.htm#3
2002-04-22,— Türk İşbirliği ve Kalkınma İdaresi Başkanlığı Sicil Amirleri Yönetmeliği,https://www.resmigazete.gov.tr/eskiler/2002/04/20020422.htm#4
2002-04-22,— Türk İşbirliği ve Kalkınma İdaresi Başkanlığı Disiplin Amirle ri Yönet meliği,https://www.resmigazete.gov.tr/eskiler/2002/04/20020422.htm#5
2002-04-22,— Türk Gıda Kodeksi Gıda Maddeleri i le Temasta Bulunan Madde ve Mal zemeler Tebliğ (No : 2002/32),https://www.resmigazete.gov.tr/eskiler/2002/04/20020422.htm#6
2002-04-22,— Türk Gıda Kodeksi Şeker Tebliğinde Değişiklik Yapılması Hakkında Tebliğ (No : 2002/33),https://www.resmigazete.gov.tr/eskiler/2002/04/20020422.htm#7
2002-04-22,— Türk Gıda Kodeksi Özel Beslenme Amaçlı Gıdalar Tebliği i (No : 2002/34),https://www.resmigazete.gov.tr/eskiler/2002/04/20020422.htm#8
2002-04-22,— İşkolu Tespit Kararı (No : 2002/5),https://www.resmigazete.gov.tr/eskiler/2002/04/20020422.htm#9
2002-04-22,"— Yatırım Fonlarına İlişkin Esaslar Tebliğinde Değişiklik Yapılmasına Dair Tebliğ (Seri : VII, No : 20)",https://www.resmigazete.gov.tr/eskiler/2002/04/20020422.htm#10
2002-04-22,"— Yatırım Danışmanlığı Faaliyetine ve Bu Faaliyette Bulunacak Kurumlara İlişkin Esaslar Hakkında Tebliğ (Seri : V, No : 55)",https://www.resmigazete.gov.tr/eskiler/2002/04/20020422.htm#11
2002-04-23,22/6/1927 tarihli ve 5235 sayılı Bakanlar Kurulu Kararı ile yürürlüğe konulan Resmî Gazete'nin Sureti Neşir ve Muamelatının Tarzı İcrasına Dair Yönetmelik uyarınca bugün Resmî Gazete yayımlanmamıştır.,https://www.resmigazete.gov.tr/2011%20Resmi%20Gazeteleri/Resmi%20Gazete%20Tatil%20Şablon/20110101-1.htm
2002-04-24,4752 Astsubay Meslek Yüksek Okulları Kanunu,https://www.resmigazete.gov.tr/eskiler/2002/04/20020424.htm#1
2002-04-24,"2002/3914 Türkiye Cumhuriyeti ile Yunanistan Cumhuriyeti Arasında Türkiye Cumhuriyeti İçişleri Bakanlığı ile Yunanistan Cumhuriyeti Kamu Düzeni Bakanlığı Suç ile, Özellikle Terörizm, Örgütlü Suçlar, Uyuşturucu Madde Kaçakçılığı ve Yasadışı Göç ile Mücadelede İşbirliği Anlaşması’nın 8 inci Maddesinin Uygulanmasına Dair Protokol’ün Onaylanması Hakkında Karar",https://www.resmigazete.gov.tr/eskiler/2002/04/20020424.htm#2
2002-04-24,"— Devlet Bakanı Nejat ARSEVEN’e, Devlet Bakanı Edip Safder GAYDALI’nın Vekâlet Etmesine Dair Tezkere",https://www.resmigazete.gov.tr/eskiler/2002/04/20020424.htm#3
2002-04-24,"— D evlet Bakanı Fikret ÜNLÜ’ye, Devlet Bakanı Mustafa YILMAZ’ın Vekâlet Etmesine Dair Tezkere",https://www.resmigazete.gov.tr/eskiler/2002/04/20020424.htm#4
2002-04-24,"— Sağlık Bakanlığına, Tarım ve Köyişleri Bakanı P rof. Dr. Hüsnü Yusuf GÖKALP’in Vekâlet Etmesine Dair Tezkere",https://www.resmigazete.gov.tr/eskiler/2002/04/20020424.htm#5
2002-04-25,2002/3833 Hükümetimiz ile Birleşmiş Milletler Nüfus Fonu Arasında İmzalanan “Adolesanların Üreme Sağlığı Bilgi ve Hizmet Gereksinimlerinin Karşılanması İçin Strateji Geliştirilmesi” ve “Seçilmiş Üniversitelerde Gençlere Yönelik Üreme Sağlığı Hizmetleri Modelinin Başlatılması” Başlıklı Projelerin Onaylanması Hakkında Karar,https://www.resmigazete.gov.tr/eskiler/2002/04/20020425.htm#1
2002-04-25,"— Devlet, Bayındırlık ve İskan ile Sanayi ve Ticaret Bakanlıklarına Ait Atama Kararları",https://www.resmigazete.gov.tr/eskiler/2002/04/20020425.htm#2
2002-04-25,— Sınır Tespitine Dair Bir Adet Karar,https://www.resmigazete.gov.tr/eskiler/2002/04/20020425.htm#3
2002-04-25,— Futbolda Müşterek Bahis Oyunları Uygulama Yönetmeliğinde Değişiklik Yapılmasına Dair Yönetmelik,https://www.resmigazete.gov.tr/eskiler/2002/04/20020425.htm#4
2002-04-25,— Futbolda Müşterek Bahis Oyunları Hasılatının Oluşumu ve Dağıtım Şekli Hakkında Yönetmeliğin 8 inci Maddesinde Değişiklik Yapılmasına Dair Yönetmelik,https://www.resmigazete.gov.tr/eskiler/2002/04/20020425.htm#5
2002-04-25,— Polis Akademisi Güvenlik Birimleri Enstitüsü Lisansüstü Eğitim-Öğretim Yönetmeliği,https://www.resmigazete.gov.tr/eskiler/2002/04/20020425.htm#6
2002-04-25,— Kimyevi Gübre Denetim Yönetmeliği,https://www.resmigazete.gov.tr/eskiler/2002/04/20020425.htm#7
2002-04-25,— Özel Ormanlarda ve Hükmi Şahsiyeti Haiz Amme Müesseselerine Ait Ormanlarda Yapılacak İş ve İşlemler Hakkında Yönetmelik,https://www.resmigazete.gov.tr/eskiler/2002/04/20020425.htm#8
2002-04-25,— Katı Atıkların Kontrolü Yönetmeliğinde Değişiklik Yapılması Hakkında Yönetmelik,https://www.resmigazete.gov.tr/eskiler/2002/04/20020425.htm#9
2002-04-25,— Petrol Ürünlerine Uygulanacak Akaryakıt Fiyat İstikrar Payları Hakkında Tebliğ (PİGM/AFİP 2002-20),https://www.resmigazete.gov.tr/eskiler/2002/04/20020425.htm#18
2002-04-25,— 2002 Yılı Mart Ayına Ait Yatırım Teşvik Belgelerinin Sektörel Dağılımı Hakkında Tebliğ,https://www.resmigazete.gov.tr/eskiler/2002/04/20020425.htm#10
2002-04-25,— 2002 Yılı Mart Ayına Ait Yabancı Sermayeli Yatırım Teşvik Belgelerinin Sektörel Dağılımı Hakkında Tebliğ,https://www.resmigazete.gov.tr/eskiler/2002/04/20020425.htm#11
2002-04-25,— 2002 Yılı Mart Ayına Ait Dahilde İşleme İzin Belgelerinin Sektörel Dağılımı Hakkında Tebliğ,https://www.resmigazete.gov.tr/eskiler/2002/04/20020425.htm#12
2002-04-25,— 2002 Yılı Mart Ayına Ait Yurt İçi Satış Teslimler ile İlgili Belgelerin Sektörel Dağılımı Hakkında Tebliğ,https://www.resmigazete.gov.tr/eskiler/2002/04/20020425.htm#13
2002-04-25,— 2002 Yılı Mart Ayına Ait Hariçte İşleme İzin Belgelerinin Sektörel Dağılımı Hakkında Tebliğ,https://www.resmigazete.gov.tr/eskiler/2002/04/20020425.htm#14
2002-04-25,— 2002 Yılı Mart Ayına Ait Vergi Resim ve Harç İstisnası Belgelerinin Sektörel Dağılımı Hakkında Tebliğ,https://www.resmigazete.gov.tr/eskiler/2002/04/20020425.htm#15
2002-04-25,— Yargıtay 2 ve 13. Hukuk Dairelerine Ait 2 Adet Karar,https://www.resmigazete.gov.tr/eskiler/2002/04/20020425.htm#16
2002-04-25,— Danıştay Üçüncü Dairesine Ait 4 Adet Karar,https://www.resmigazete.gov.tr/eskiler/2002/04/20020425.htm#17
2002-04-26,— Türkiye ile Avrupa Topluluğu Arasında Tarım Ürünleri Ticaretine İlişkin Menşe İspat Belgeleri Yönetmeliğinde Değişiklik Yapılmasına Dair Yönetmelik,https://www.resmigazete.gov.tr/eskiler/2002/04/20020426.htm#1
2002-04-26,— Soğuk Su Sayaçları Yönetmeliği (75/33/AT),https://www.resmigazete.gov.tr/eskiler/2002/04/20020426.htm#2
2002-04-26,— Fuarcılık Şirketlerinin En Az Ödenmiş Sermayelerini Yükseltmelerine İlişkin Tebliğ (No: İç Ticaret-2002/3),https://www.resmigazete.gov.tr/eskiler/2002/04/20020426.htm#3
2002-04-26,— İthalatta Haksız Rekabetin Önlenmesine İlişkin Tebliğ (No: 2002/3),https://www.resmigazete.gov.tr/eskiler/2002/04/20020426.htm#4
2002-04-26,— Uluslararası Gözetim Şirketleri Statüsüne İlişkin Dış Ticarette Standardizasyon Tebliğinde Değişiklik Yapılması Hakkında Tebliğ (No: 2002/11),https://www.resmigazete.gov.tr/eskiler/2002/04/20020426.htm#5
2002-04-26,"— Anayasa Mahkemesinin E: 2001/4 (Siyasî Parti-İhtar), K: 2002/1 Sayılı Kararı",https://www.resmigazete.gov.tr/eskiler/2002/04/20020426.htm#6
2002-04-26,"— Anayasa Mahkemesinin E: 2001/5 (Siyasî Parti-İhtar), K: 2002/2 Sayılı Kararı",https://www.resmigazete.gov.tr/eskiler/2002/04/20020426.htm#7
2002-04-26,"— Anayasa Mahkemesinin E: 2001/6 (Siyasî Parti-İhtar), K: 2002/3 Sayılı Kararı",https://www.resmigazete.gov.tr/eskiler/2002/04/20020426.htm#8
2002-04-26,"— Anayasa Mahkemesinin E: 2001/7 (Siyasî Parti-İhtar), K: 2002/4 Sayılı Kararı",https://www.resmigazete.gov.tr/eskiler/2002/04/20020426.htm#9
2002-04-27,"— Dışişleri Bakanlığına, Devlet Bakanı Prof. Dr. Şükrü S. GÜREL’in Vekâlet Etmesine Dair Tezkere",https://www.resmigazete.gov.tr/eskiler/2002/04/20020427.htm#1
2002-04-27,"— Maliye Bakanlığına, Devlet Bakanı Mehmet KEÇECİLER’in Vekâlet Etmesine Dair Tezkere",https://www.resmigazete.gov.tr/eskiler/2002/04/20020427.htm#2
2002-04-27,— Sözleşmeli Subay ve Astsubay Yönetmeliği,https://www.resmigazete.gov.tr/eskiler/2002/04/20020427.htm#3
2002-04-27,— Maden Kanununun Uygulanmasına Dair Yönetmeliğin 51 inci Maddesinde Değişiklik Yapılmasına Dair Yönetmelik,https://www.resmigazete.gov.tr/eskiler/2002/04/20020427.htm#4
2002-04-27,— Üniversitelerarası Kurul Başkanlığı-Doçentlik Sınav Yönetmeliğinin 11 inci ve 13 üncü Maddelerinde Değişiklik Yapılmasına Dair Yönetmelik,https://www.resmigazete.gov.tr/eskiler/2002/04/20020427.htm#5
2002-04-27,— Petrol Ürünlerine Uygulanacak Akaryakıt Fiyat İstikrar Payları Hakkında Tebliğ (PİGM/AFİP 2002-21),https://www.resmigazete.gov.tr/eskiler/2002/04/20020427.htm#6
2002-04-27,"— Anayasa Mahkemesinin E: 2001/9 (Siyasî Parti-İhtar), K: 2002/5 Sayılı Kararı",https://www.resmigazete.gov.tr/eskiler/2002/04/20020427.htm#7
2002-04-27,"— Anayasa Mahkemesinin E: 2001/10 (Siyasî Parti-İhtar), K: 2002/6 Sayılı Kararı",https://www.resmigazete.gov.tr/eskiler/2002/04/20020427.htm#8
2002-04-27,"— Anayasa Mahkemesinin E: 2001/11 (Siyasî Parti-İhtar), K: 2002/7 Sayılı Kararı",https://www.resmigazete.gov.tr/eskiler/2002/04/20020427.htm#9
2002-04-27,"— Anayasa Mahkemesinin E: 2001/12 (Siyasî Parti-İhtar), K: 2002/8 Sayılı Kararı",https://www.resmigazete.gov.tr/eskiler/2002/04/20020427.htm#10
2002-04-28,"— Ulaştırma Bakanlığına, Bayındırlık ve İskan Bakanı Prof. Dr. Abdülhaluk AKCAN’ın Vekâlet Etmesine Dair Tezkere",https://www.resmigazete.gov.tr/eskiler/2002/04/20020428.htm#1
2002-04-28,— Konut Müsteşarlığı Sicil Amirleri Yönetmeliği,https://www.resmigazete.gov.tr/eskiler/2002/04/20020428.htm#2
2002-04-28,— Konut Müsteşarlığı Disiplin Amirleri ve Disiplin Kurulları Hakkında Yönetmelik,https://www.resmigazete.gov.tr/eskiler/2002/04/20020428.htm#3
2002-04-28,— Türk Gıda Kodeksi Yönetmeliğinde Değişiklik Yapılması Hakkında Yönetmelik,https://www.resmigazete.gov.tr/eskiler/2002/04/20020428.htm#4
2002-04-28,— Türk Gıda Kodeksi Hayvansal Kökenli Gıdalarda Veteriner İlaçları Maksimum Kalıntı Limitleri Tebliği (No: 2002/30),https://www.resmigazete.gov.tr/eskiler/2002/04/20020428.htm#5
2002-04-29,— Haliç Üniversitesi Sürekli Eğitim Merkezi Yönetmeliği,https://www.resmigazete.gov.tr/eskiler/2002/04/20020429.htm#1
2002-04-29,— İstanbul Üniversitesi Siyasal Bilgiler Fakültesi Lisans Öğretim ve Sınav Yönetmeliğinin 28 inci Maddesinde Değişiklik Yapılmasına Dair Yönetmelik,https://www.resmigazete.gov.tr/eskiler/2002/04/20020429.htm#2
2002-04-29,— İzmir Ekonomi Üniversitesi Alım-Satım Yönetmeliği,https://www.resmigazete.gov.tr/eskiler/2002/04/20020429.htm#3
2002-04-30,— Hakimler ve Savcılar Yüksek Kuruluna Ait Karar,https://www.resmigazete.gov.tr/eskiler/2002/04/20020430.htm#1
2002-04-30,— Atılım Üniversitesi Teşkilat ve İşleyişine İlişkin Yönetmeliğin 4 üncü Maddesinde Değişiklik Yapılmasına Dair Yönetmelik,https://www.resmigazete.gov.tr/eskiler/2002/04/20020430.htm#2
2002-04-30,— Türkiye Cumhuriyeti ile ABD Hükümetleri Arasında İmzalanan İkili Anlaşmalar Kapsamına Giren İnşaat Faaliyetlerine ve İhtiyaçların Karşılanmasına İlişkin Tebliğ,https://www.resmigazete.gov.tr/eskiler/2002/04/20020430.htm#3
2002-04-30,— Turizm Tesisleri Yönetmeliğinin Uygulanmasına Dair 2000/1 No’lu Tebliğde Değişiklik Yapılması Hakkında Tebliğ,https://www.resmigazete.gov.tr/eskiler/2002/04/20020430.htm#4
2002-04-30,— İthalat: (2002/14) Sayılı Ozon Tabakasını İncelten Maddelerin İthaline İlişkin Tebliğde Değişiklik Yapılmasına Dair Tebliğ,https://www.resmigazete.gov.tr/eskiler/2002/04/20020430.htm#5
2002-04-30,"— Anayasa Mahkemesinin E: 1997/76 (657 Sayılı Kanunda Değişiklik Yapan 570 Sayılı Kanun Hükmünde Kararname ile İlgili), K: 1998/58 Sayılı Kararı",https://www.resmigazete.gov.tr/eskiler/2002/04/20020430.htm#6
2002-04-30,— Yüksek Seçim Kurulunun 235 Sayılı Kararı,https://www.resmigazete.gov.tr/eskiler/2002/04/20020430.htm#7
2002-05-01,"— Devlet Bakanı Prof. Dr. Şükrü S. GÜREL’e, Devlet Bakanı Fikret ÜNLÜ’nün Vekâlet Etmesine Dair Tezkere",https://www.resmigazete.gov.tr/eskiler/2002/05/20020501.htm#1
2002-05-01,"— Adalet Bakanlığına, Milli Eğitim Bakanı Metin BOSTANCIOĞLU’nun Vekâlet Etmesine Dair Tezkere",https://www.resmigazete.gov.tr/eskiler/2002/05/20020501.htm#2
2002-05-01,— Türk Silâhlı Kuvvetleri Dalgıçlık Yönetmeliğine Bir Ek Madde ve Bir Geçici Madde Eklenmesine Dair Yönetmelik,https://www.resmigazete.gov.tr/eskiler/2002/05/20020501.htm#3
2002-05-01,— Mülga Dış Krediler Kur Farkı Fonu’ndan Kullanılmış Kredilere Uygulanacak Değişken Faiz Oranı Hakkında Tebliğ,https://www.resmigazete.gov.tr/eskiler/2002/05/20020501.htm#4
2002-05-01,"— Edirne İli Sınırları İçerisinde, Orman Yangınlarının Önlenmesi Amacıyla Alınması Gereken Tedbirler Hakkında Karar (No: 2002/1)",https://www.resmigazete.gov.tr/eskiler/2002/05/20020501.htm#5
2002-05-01,"— Giresun İli Sınırları İçerisinde, Çocukların Korunması ve Sokak Çocuklarının Topluma Kazandırılması Hakkında Karar (No: 2002/01)",https://www.resmigazete.gov.tr/eskiler/2002/05/20020501.htm#6
2002-05-01,"— Iğdır İli Sınırları İçerisinde, Sokakta Yaşayan veya Sokakta Çalıştırılan Çocukların Korunması Suretiyle Kamu Esenliğinin Sağlanması ile İlgili Karar",https://www.resmigazete.gov.tr/eskiler/2002/05/20020501.htm#7
2002-05-01,"— Anayasa Mahkemesinin E: 1996/73 (193 Sayılı Kanunda Değişiklik Yapan 3239 ve 3946 Sayılı Kanunlar ile İlgili), K: 1998/41 Sayılı Kararı",https://www.resmigazete.gov.tr/eskiler/2002/05/20020501.htm#8
2002-05-02,2002/3910 Çocuk Haklarının Kullanılmasına İlişkin Avrupa Sözleşmesi’nin İlişik Beyan ile Onaylanması Hakkında Karar,https://www.resmigazete.gov.tr/eskiler/2002/05/20020502.htm#1
2002-05-02,"— Devlet Bakanı Hasan GEMİCİ’ye, Devlet Bakanı Mustafa YILMAZ’ın Vekâlet Etmesine Dair Tezkere",https://www.resmigazete.gov.tr/eskiler/2002/05/20020502.htm#2
2002-05-02,"2002/3983 18/4/2001 Tarihli ve 4646 Sayılı Kanunun Geçici 1 inci Maddesi ile Öngörülen Doğal Gaz Piyasası Hazırlık Döneminin, 2/5/2002 Tarihinden İtibaren 6 Ay Süreyle Uzatılması Hakkında Karar",https://www.resmigazete.gov.tr/eskiler/2002/05/20020502.htm#3
2002-05-02,— Hükümlü Fatma GÜZEL’in Cezasının Kaldırılmasına Dair Karar,https://www.resmigazete.gov.tr/eskiler/2002/05/20020502.htm#4
2002-05-02,— Yetiştirilmek Amacıyla Yurt Dışına Gönderilecek Başbakanlık Personeli Hakkında Yönetmelik,https://www.resmigazete.gov.tr/eskiler/2002/05/20020502.htm#5
2002-05-02,— İthalatta Haksız Rekabetin Önlenmesi Hakkında Yönetmeliğe Ek Madde Eklenmesine Dair Yönetmelik,https://www.resmigazete.gov.tr/eskiler/2002/05/20020502.htm#6
2002-05-02,— Konut Koordinasyon Kurulunun Çalışma Esas ve Usulleri Hakkında Yönetmelik,https://www.resmigazete.gov.tr/eskiler/2002/05/20020502.htm#7
2002-05-02,— Astsubay Sicil Yönetmeliğinin Bazı Maddelerinde Değişiklik Yapılmasına Dair Yönetmelik,https://www.resmigazete.gov.tr/eskiler/2002/05/20020502.htm#8
2002-05-02,— Emniyet Genel Müdürlüğü Yüksek Öğretim Kurumlarında Öğrenci Okutma Yönetmeliği,https://www.resmigazete.gov.tr/eskiler/2002/05/20020502.htm#9
2002-05-02,— Dış Ticarette Standardizasyon Tebliği (No: 2002/9),https://www.resmigazete.gov.tr/eskiler/2002/05/20020502.htm#10
2002-05-02,— Giresun İli Sınırları İçerisinde Bazı Patlayıcı ve Kesici Aletlerin Yasaklanmasına Dair Karar (No: 2002/3),https://www.resmigazete.gov.tr/eskiler/2002/05/20020502.htm#11
2002-05-02,"— Anayasa Mahkemesinin E: 1999/27 (765 Sayılı Kanun ile İlgili), K: 1999/42 Sayılı Kararı",https://www.resmigazete.gov.tr/eskiler/2002/05/20020502.htm#12
2002-05-03,4753 Olağanüstü Hal Bölge Valiliği İhdası Hakkında Kanun Hükmünde Kararnamede Değişiklik Yapılmasına İlişkin Kanun,https://www.resmigazete.gov.tr/eskiler/2002/05/20020503.htm#1
2002-05-03,"738 Türk Milli Eğitim Politikasına Aykırı, Keyfi ve İdeolojik Uygulamalarıyla Eğitim ve Öğretimde Kargaşaya ve Huzursuzluğa Sebep Olduğu, Toplumsal Gerilime Yol Açtığı, Eğitim Sistemini AB ve Uluslar Arası Standartlardan Uzaklaştırdığı ve Görevini Kötüye Kullandığı; Bu Eylemlerinin Türk Ceza Kanununun 159, 228, 230, 240 ve 251 inci Maddelerine Uyduğu İddiasıyla Milli Eğitim Bakanı Metin Bostancıoğlu Hakkında Kurulan Meclis Soruşturması Komisyonuna Üye Seçimine İlişkin Karar",https://www.resmigazete.gov.tr/eskiler/2002/05/20020503.htm#2
2002-05-03,"— Devlet Bakanı ve Başbakan Yardımcısı Mesut YILMAZ’a, Devlet Bakanı Dr. Yılmaz KARAKOYUNLU’nun Vekâlet Etmesine Dair Tezkere",https://www.resmigazete.gov.tr/eskiler/2002/05/20020503.htm#3
2002-05-03,"— Devlet Bakanı Mehmet KEÇECİLER’e, Turizm Bakanı Mustafa TAŞAR’ın Vekâlet Etmesine Dair Tezkere",https://www.resmigazete.gov.tr/eskiler/2002/05/20020503.htm#4
2002-05-03,"— Yükseköğretim Kurulu Üyeliğine Prof. Dr. Barbaros GÜNÇER’in, Seçilmesine Dair Karar",https://www.resmigazete.gov.tr/eskiler/2002/05/20020503.htm#5
2002-05-03,2002/3975 Kamu Görevlilerine İlk Defa Atanacaklar İçin Yapılacak Sınavlar Hakkında Genel Yönetmelik,https://www.resmigazete.gov.tr/eskiler/2002/05/20020503.htm#6
2002-05-03,— Aerosol Kaplar Yönetmeliğinin Bazı Maddelerinin Değiştirilmesine Dair Yönetmelik,https://www.resmigazete.gov.tr/eskiler/2002/05/20020503.htm#9
2002-05-03,— Çevre Bakanlığı Arşiv Hizmetleri Yönetmeliğinde Değişiklik Yapılması Hakkında Yönetmelik,https://www.resmigazete.gov.tr/eskiler/2002/05/20020503.htm#10
2002-05-03,— Adnan Menderes Üniversitesi Tıp Fakültesi Tıpta Uzmanlık Eğitimi ve Sınav Yönetmeliği,https://www.resmigazete.gov.tr/eskiler/2002/05/20020503.htm#11
2002-05-03,— Kocaeli Üniversitesi (KOÜ) Lisansüstü Eğitim ve Öğretim Yönetmeliğinde Değişiklik Yapılmasına Dair Yönetmelik,https://www.resmigazete.gov.tr/eskiler/2002/05/20020503.htm#12
2002-05-03,— 1 ve 5 Seri Numaralı Gümrük Genel Tebliğlerinde Değişiklik Yapılmasına Dair Tebliğ (Gümrük Antrepo Rejimi) (Seri No:8),https://www.resmigazete.gov.tr/eskiler/2002/05/20020503.htm#13
2002-05-03,— Balıkesir İli Sınırları İçerisinde Orman Alanlarına Giriş ve Çıkışların Yasaklanması Hakkında Karar (No: 2002/2),https://www.resmigazete.gov.tr/eskiler/2002/05/20020503.htm#14
2002-05-03,— Bolu İli Sınırları İçerisinde Orman Yangınlarının Önlenmesi Amacıyla Alınması Gereken Tedbirler Hakkında Karar (No: 2002/1),https://www.resmigazete.gov.tr/eskiler/2002/05/20020503.htm#15
2002-05-04,"— Devlet Bakanı Recep ÖNAL’a, Kültür Bakanı M. İstemihan TALAY’ın Vekâlet Etmesine Dair Tezkere",https://www.resmigazete.gov.tr/eskiler/2002/05/20020504.htm#1
2002-05-04,— Milli Savunma Bakanlığına Ait Atama Kararları,https://www.resmigazete.gov.tr/eskiler/2002/05/20020504.htm#2
2002-05-04,— Sınır Tespitine Dair 2 Adet Karar,https://www.resmigazete.gov.tr/eskiler/2002/05/20020504.htm#3
2002-05-04,— Adalet Bakanlığı Görevde Yükselme Yönetmeliğinde Değişiklik Yapılmasına Dair Yönetmelik,https://www.resmigazete.gov.tr/eskiler/2002/05/20020504.htm#4
2002-05-04,"— İcra Müdür ve Yardımcılarının Sınav, Mülâkat, Atama ve Nakil Yönetmeliğinde Değişiklik Yapılmasına Dair Yönetmelik",https://www.resmigazete.gov.tr/eskiler/2002/05/20020504.htm#5
2002-05-04,— Sivil Savunma Gelirlerinin Toplanması ve Özel Ödeneğin Harcanmasına İlişkin Usul ve Esaslara Dair Yönetmelik,https://www.resmigazete.gov.tr/eskiler/2002/05/20020504.htm#6
2002-05-04,— Sağlık Bakanlığı Atama ve Nakil Yönetmeliğinde Değişiklik Yapılmasına Dair Yönetmelik,https://www.resmigazete.gov.tr/eskiler/2002/05/20020504.htm#7
2002-05-04,— Tarım ve Köyişleri Bakanlığı Personeli Görevde Yükselme Yönetmeliğinde Değişiklik Yapılmasına Dair Yönetmelik,https://www.resmigazete.gov.tr/eskiler/2002/05/20020504.htm#8
2002-05-04,— Boğaziçi Üniversitesi Lisans Eğitim ve Öğretim Yönetmeliğinin 9 uncu Maddesinde Değişiklik Yapılmasına Dair Yönetmelik,https://www.resmigazete.gov.tr/eskiler/2002/05/20020504.htm#9
2002-05-04,— Petrol Ürünlerine Uygulanacak Akaryakıt Fiyat İstikrar Payları Hakkında Tebliğ (PİGM/AFİP 2002-22),https://www.resmigazete.gov.tr/eskiler/2002/05/20020504.htm#10
2002-05-04,DÜZELTME (28/4/2002 Tarihli ve 24739 Sayılı Resmî Gazete’nin “İçindekiler” Bölümünde yayımlanan Bakanlığa Vekalet Etme İşlemi ile İlgili),https://www.resmigazete.gov.tr/eskiler/2002/05/20020504.htm#11
2002-05-05,2002/3976 6/12/1982 Tarihli ve 8/5752 Sayılı Kararnamenin Eki Merkezde Günlük Çalışma Saatlerinin Tesbitine İlişkin Karar’da Değişiklik Yapılmasına Dair Karar,https://www.resmigazete.gov.tr/eskiler/2002/05/20020505.htm#1
2002-05-05,2002/3977 2002 Yılı Tütün Destekleme Kararı,https://www.resmigazete.gov.tr/eskiler/2002/05/20020505.htm#2
2002-05-05,"— Başbakanlık ile Devlet, Bayındırlık ve İskan, Sağlık, Ulaştırma, Turizm ve Çevre Bakanlıklarına Ait 11 Adet Atama Kararı",https://www.resmigazete.gov.tr/eskiler/2002/05/20020505.htm#3
2002-05-05,— Konut Müsteşarlığı Personeli Atama ve Görevde Yükselme Yönetmeliği,https://www.resmigazete.gov.tr/eskiler/2002/05/20020505.htm#4
2002-05-05,— Sıcak Su Sayaçları Yönetmeliği (79/830/AT),https://www.resmigazete.gov.tr/eskiler/2002/05/20020505.htm#5
2002-05-05,— Gazi Üniversitesi Yaz Okulu Yönetmeliği,https://www.resmigazete.gov.tr/eskiler/2002/05/20020505.htm#6
2002-05-05,DÜZELTME (İthalatta Haksız Rekabetin Önlenmesi Hakkında Yönetmeliğe Ek Madde Eklenmesine Dair Yönetmelik ile İlgili),https://www.resmigazete.gov.tr/eskiler/2002/05/20020505.htm#7
2002-05-06,"— Devlet Bakanı ve Başbakan Yardımcısı Dr. Devlet BAHÇELİ’ye, Devlet Bakanı Prof. Dr. Şuayip ÜŞENMEZ’in Vekâlet Etmesine Dair Tezkere",https://www.resmigazete.gov.tr/eskiler/2002/05/20020506.htm#1
2002-05-06,"— Devlet Bakanı Dr. Reşat DOĞRU’ya, Devlet Bakanı Faruk BAL’ın Vekâlet Etmesine Dair Tezkere",https://www.resmigazete.gov.tr/eskiler/2002/05/20020506.htm#2
2002-05-06,"— Milli Savunma Bakanlığına, Devlet Bakanı Prof. Dr. Ramazan MİRZAOĞLU’nun Vekâlet Etmesine Dair Tezkere",https://www.resmigazete.gov.tr/eskiler/2002/05/20020506.htm#3
2002-05-06,— Sağlık Bakanlığına Tarım ve Köyişleri Bakanı Prof. Dr. Hüsnü Yusuf GÖKALP’in Vekâlet Etmesine Dair Tezkere,https://www.resmigazete.gov.tr/eskiler/2002/05/20020506.htm#4
2002-05-06,2002/3945 8/1/2002 Tarihli ve 4736 Sayılı Kanunun 1 inci Maddesinin Birinci Fıkrası Hükmünden Muaf Tutulacakların Tespitine Dair 28/1/2002 Tarihli ve 2002/3654 Sayılı Kararnamenin Eki Karar’da Değişiklik Yapılmasına İlişkin Karar,https://www.resmigazete.gov.tr/eskiler/2002/05/20020506.htm#5
2002-05-06,— Subay Sicil Yönetmeliğinin Bazı Maddelerinde Değişiklik Yapılmasına Dair Yönetmelik,https://www.resmigazete.gov.tr/eskiler/2002/05/20020506.htm#6
2002-05-06,— Türk Silâhlı Kuvvetleri Orta Öğretim Okulları Sınıf Geçme ve Sınav Yönetmeliğinin Bazı Maddelerinde Değişiklik Yapılmasına İlişkin Yönetmelik,https://www.resmigazete.gov.tr/eskiler/2002/05/20020506.htm#7
2002-05-06,— İstanbul Üniversitesi Yaz Öğretimi Yönetmeliği,https://www.resmigazete.gov.tr/eskiler/2002/05/20020506.htm#8
2002-05-06,"— Maltepe Üniversitesi Meslek Yüksekokulu Ön Lisans, Öğretim ve Sınav Yönetmeliğinin 11 ve 25 inci Maddelerinin Değiştirilmesine Dair Yönetmelik",https://www.resmigazete.gov.tr/eskiler/2002/05/20020506.htm#9
2002-05-07,"— Devlet Bakanı Hasan GEMİCİ’ye, Devlet Bakanı Mustafa YILMAZ’ın Vekâlet Etmesine Dair Tezkere",https://www.resmigazete.gov.tr/eskiler/2002/05/20020507.htm#1
2002-05-07,2002/3969 Kamu İktisadi Teşebbüsleri ve Bağlı Ortaklıklarına Ait Bazı Kadro ve Pozisyonlarda Değişiklik Yapılması Hakkında Karar,https://www.resmigazete.gov.tr/eskiler/2002/05/20020507.htm#2
2002-05-07,"— Ordu Evleri, Askerî Gazinolar ve Sosyal Tesisler Yönetmeliğinin 27 nci Maddesinin Birinci Fıkrasına Bir Bent Eklenmesine Dair Yönetmelik",https://www.resmigazete.gov.tr/eskiler/2002/05/20020507.htm#3
2002-05-07,— Harp Akademileri Yönetmeliğinin Ekinde Değişiklik Yapılmasına Dair Yönetmelik,https://www.resmigazete.gov.tr/eskiler/2002/05/20020507.htm#4
2002-05-07,— Türkiye Elektrik İletim Anonim Şirketi Genel Müdürlüğü Personelinin Görevde Yükselme Yönetmeliği,https://www.resmigazete.gov.tr/eskiler/2002/05/20020507.htm#5
2002-05-08,"2002/3946 Türkiye Cumhuriyeti Hükümeti ile Yugoslavya Federal Cumhuriyeti Federal Hükümeti Arasında İmzalanan Gümrük Suçlarının Men’i, Takibi ve Tahkimine İlişkin Karşılıklı İdari Yardım Anlaşması’nın Onaylanması Hakkında Karar",https://www.resmigazete.gov.tr/eskiler/2002/05/20020508.htm#1
2002-05-08,2002/3970 Türkiye-Ukrayna Hükümetlerarası Ticari ve Ekonomik İşbirliği Komisyonu Üçüncü Dönem Toplantısı Protokolunun Onaylanması Hakkında Karar,https://www.resmigazete.gov.tr/eskiler/2002/05/20020508.htm#2
2002-05-08,"— Enerji ve Tabii Kaynaklar Bakanlığına, Devlet Bakanı Edip Safder GAYDALI’nın Vekâlet Etmesine Dair Tezkere",https://www.resmigazete.gov.tr/eskiler/2002/05/20020508.htm#3
2002-05-08,2002/3955 3156 Kişinin Türk Vatandaşlığından Çıkmasına İzin Verilmesi ve Çeşitli Kararnameler ile Türk Vatandaşlığından Çıkmalarına İzin Verilen 48 Kişiyle İlgili Bazı Maddi Hataların Düzeltilmesi Hakkında Karar,https://www.resmigazete.gov.tr/eskiler/2002/05/20020508.htm#4
2002-05-08,— Konut Müsteşarlığı Hizmet İçi Eğitim Yönetmeliği,https://www.resmigazete.gov.tr/eskiler/2002/05/20020508.htm#5
2002-05-08,— Posta Pulu Satıcılıkları Yönetmeliği,https://www.resmigazete.gov.tr/eskiler/2002/05/20020508.htm#6
2002-05-08,— Mera Hizmetlerine Dair Özel Ödeneğin Kullanımına İlişkin Yönetmelik,https://www.resmigazete.gov.tr/eskiler/2002/05/20020508.htm#7
2002-05-08,— Gaz Sayaçları Yönetmeliği (71/318/AT),https://www.resmigazete.gov.tr/eskiler/2002/05/20020508.htm#8
2002-05-08,— Su Harici ndeki Sıvılar İçin Kullanılan Sayaçlara Dair Yönetmelik (71/319/AT),https://www.resmigazete.gov.tr/eskiler/2002/05/20020508.htm#9
2002-05-08,— Su Haricindeki Sıvılar İçin Kullanılan Sayaçların Yardımcı Donanımlarına Dair Yönetme lik (71/348/AT),https://www.resmigazete.gov.tr/eskiler/2002/05/20020508.htm#10
2002-05-08,— Su Haricindeki Sıvılar İçin Kullanılan Ölçme Sistemlerine Dair Yönetmelik (77/3 13/AT),https://www.resmigazete.gov.tr/eskiler/2002/05/20020508.htm#11
2002-05-08,— Vergi Usul Kanunu Genel Tebliği (Sıra No : 305),https://www.resmigazete.gov.tr/eskiler/2002/05/20020508.htm#12
2002-05-08,— İşkolu Tespit Kararı (No : 2002/6) — Mecburi Standard (ÖSG : 2002/21) Sayılı Tebliğ,https://www.resmigazete.gov.tr/eskiler/2002/05/20020508.htm#14
2002-05-08,— Mecburi Standard (ÖSG : 2002/22) Sayılı Tebliğ,https://www.resmigazete.gov.tr/eskiler/2002/05/20020508.htm#15
2002-05-08,— Mecburi Standard (ÖSG : 2002/26) Say ılı Tebliğ,https://www.resmigazete.gov.tr/eskiler/2002/05/20020508.htm#16
2002-05-08,— İthalatta Haksız Rekabetin Önlenmesine İlişkin Tebliğ (No : 2002/4),https://www.resmigazete.gov.tr/eskiler/2002/05/20020508.htm#17
2002-05-08,— İthalatta Haksız Rekabetin Önlenmesine İlişkin Tebliğ (No : 2002/5),https://www.resmigazete.gov.tr/eskiler/2002/05/20020508.htm#18
2002-05-08,— İthalatta Haksız Rekabetin Önlenmesine İlişkin Tebliğ (No : 2002/6),https://www.resmigazete.gov.tr/eskiler/2002/05/20020508.htm#19
2002-05-08,— Ulusal Arama ve Kurtarma Plânına İlişkin Tebliğ (No : 2002/3),https://www.resmigazete.gov.tr/eskiler/2002/05/20020508.htm#20
2002-05-08,— Rekabet Kurulunun 00-36/399-225 Sayılı Kararı,https://www.resmigazete.gov.tr/eskiler/2002/05/20020508.htm#21
2002-05-08,— Rekabet Kurulunun 00-45/478-263 Sayılı Kararı,https://www.resmigazete.gov.tr/eskiler/2002/05/20020508.htm#22
2002-05-08,— Yargıtay 2. ve 3. Hukuk Dairelerine Ait 3 Adet Karar,https://www.resmigazete.gov.tr/eskiler/2002/05/20020508.htm#23
2002-05-08,"— Danıştay İçtihatları Birleştirme Kurulunun E : 1999/1, K : 2002/1 Sayılı Kararı",https://www.resmigazete.gov.tr/eskiler/2002/05/20020508.htm#24
2002-05-09,"2002/3954 Türkiye Cumhuriyeti Genelkurmay Başkanlığı ile Çek Cumhuriyeti Savunma Bakanlığı Arasında İmzalanan Asker i Tarih, Askeri Müzecilik ve As keri Yayın Konularında İşbirliği Protokolu'nun Onaylanması Hakkında Karar",https://www.resmigazete.gov.tr/eskiler/2002/05/20020509.htm#1
2002-05-09,"— Devlet Bakanı Recep ÖNAL’a, Orman Bakanı Prof. Dr. Nami ÇAĞAN’ın Vekâlet Etmesine Dair Tezkere",https://www.resmigazete.gov.tr/eskiler/2002/05/20020509.htm#2
2002-05-09,"— Kültür Bakanlığına, Çevre Bakanı Fevzi AYTEKİN’in Vekâlet Etmesine Dair Tezkere",https://www.resmigazete.gov.tr/eskiler/2002/05/20020509.htm#3
2002-05-09,"— Turizm Bakanlığına, Devlet Bakanı Mehmet KEÇECİLER’in Vekâlet Etmesine Dair Tezkere",https://www.resmigazete.gov.tr/eskiler/2002/05/20020509.htm#4
2002-05-09,— İthalatta Gözetim ve Korunma Önlemlerine İlişkin Tebliğ (No : 2002/3),https://www.resmigazete.gov.tr/eskiler/2002/05/20020509.htm#5
2002-05-09,— Kesin İthale İlişkin Tebliğ (No : 2002/19),https://www.resmigazete.gov.tr/eskiler/2002/05/20020509.htm#6
2002-05-09,— Aydın İli Sınırları İçerisinde Orman Yangınlarının Önlenmesi Amacıyla Alınması Gereken Tedbirler Hakkında Karar (No : 2002/1),https://www.resmigazete.gov.tr/eskiler/2002/05/20020509.htm#7
2002-05-10,"— Devlet Bakanı Prof. Dr. Şükrü S. GÜREL’e, Devlet Bakanı Fikret ÜNLÜ’nün Vekâlet Etmesine Dair Tezkere",https://www.resmigazete.gov.tr/eskiler/2002/05/20020510.htm#1
2002-05-10,"— Milli Eğitim Bakanlığına, AdaletBakanı Prof. Dr. Hikmet Sami TÜRK’ün Vekâlet Etmesine Dair Tezkere",https://www.resmigazete.gov.tr/eskiler/2002/05/20020510.htm#2
2002-05-10,"— Sanayi ve Ticaret Bakanlığına, Tarım ve Köyişleri Bakanı Prof. Dr. Hüsnü Yusuf GÖKALP’in Vekâlet Etmesine Dair Tezkere",https://www.resmigazete.gov.tr/eskiler/2002/05/20020510.htm#3
2002-05-10,"2002/3986 Tarımda Kullanılan Kimyevi Gübrelerin Yurt İçinden ve Yurt Dışından Tedariki, Dağıtımı ve Desteklenmesine İlişkin Uygulamaların Yürürlükten Kaldırılması Hakkında Kararda Değişiklik Yapılmasına İlişkin Karar",https://www.resmigazete.gov.tr/eskiler/2002/05/20020510.htm#4
2002-05-10,2002/3996 Devlet Su İşleri Genel Müdürlüğü’nün 2002 Yılı Sulama ve Kurutma Tesisleri İşletme ve Bakım Ücret Tarifeleri Hakkında Karar,https://www.resmigazete.gov.tr/eskiler/2002/05/20020510.htm#5
2002-05-10,"DevletBakanı ve Başbakan Yardımcılığı, Bayındırlık ve İskan, Sağlık, Ulaştırma, Tarım ve Köyişleri, Çalışma ve Sosyal Güvenlik, Sanayi ve Ticaret, Enerji ve Tabii Kaynaklar, Orman ve Çevre Bakanlığına Ait Atama Kararları",https://www.resmigazete.gov.tr/eskiler/2002/05/20020510.htm#6
2002-05-10,— Özel Çevre Koruma Kurumu Başkanlığı İhale Yönetmeliği,https://www.resmigazete.gov.tr/eskiler/2002/05/20020510.htm#7
2002-05-10,— Bankacılık Düzenleme ve Denetleme Kurulunun 687 Sayılı Kararı,https://www.resmigazete.gov.tr/eskiler/2002/05/20020510.htm#8
2002-05-10,— Dış Ticarette Standardizasyon Tebliğinde Değişiklik Yapılması Hakkında Tebliğ (No : 2002/14),https://www.resmigazete.gov.tr/eskiler/2002/05/20020510.htm#9
2002-05-10,— Dış Ticarette Standardizasyon Tebliğinde Değişiklik Yapılması Hakkında Tebliğ (No : 2002/15),https://www.resmigazete.gov.tr/eskiler/2002/05/20020510.htm#10
2002-05-10,— Rekabet Kurulunun 93/750-159 Sayılı Kararının Karşı Oy Gerekçeleri,https://www.resmigazete.gov.tr/eskiler/2002/05/20020510.htm#11
2002-05-10,— Rekabet Kurulunun 99-30/276-166 Sayılı Kararının Karşı Oy Gerekçeleri,https://www.resmigazete.gov.tr/eskiler/2002/05/20020510.htm#12
2002-05-11,— Hükümlü Ergün BÜTÜNER’in Cezasının Kaldırılması Hakkında Karar,https://www.resmigazete.gov.tr/eskiler/2002/05/20020511.htm#1
2002-05-11,— Hakimler ve Savcılar Yüksek Kuruluna Ait Atama Kararı,https://www.resmigazete.gov.tr/eskiler/2002/05/20020511.htm#2
2002-05-11,— Bayındırlık ve İskan Bakanlığı Personeli Görevde Yük selme Yönetmeli ğinde Değişiklik Yapılması Hakkında Yönetmelik,https://www.resmigazete.gov.tr/eskiler/2002/05/20020511.htm#3
2002-05-11,— İstanbul Teknik Üniversitesi Lisans Eğitim ve Öğretim Yönetmeliğinin 20 nci Maddesinde Değişiklik Yapılmasına Dair Yönetmelik,https://www.resmigazete.gov.tr/eskiler/2002/05/20020511.htm#4
2002-05-11,— Sahne Gösterilerinde Güvenlik Tedbirleri ile İlgili İçişleri Bakanlığının 82 Sayılı Genelgesi,https://www.resmigazete.gov.tr/eskiler/2002/05/20020511.htm#5
2002-05-11,— Türk Parası Kıymetini Koruma Hakkında 32 Sayılı Karara İlişkin Tebliğ (No: 2002-32/27),https://www.resmigazete.gov.tr/eskiler/2002/05/20020511.htm#6
2002-05-11,— Kurumlar Vergisi Genel Tebliği (Seri No: 75),https://www.resmigazete.gov.tr/eskiler/2002/05/20020511.htm#7
2002-05-11,— 2001 Yılı Ürünü Zeytinyağının Tarım Satış Kooperatifleri ve Birlikleri ile Diğer Alıcılara Satışında Üreticilere Destekleme Primi Ödenmesine İlişkin Bakanlar Kurulu Kararı Uygulama Tebliği’nde Değişiklik Yapılması Hakkında Tebliğ (No : 2002/50),https://www.resmigazete.gov.tr/eskiler/2002/05/20020511.htm#8
2002-05-11,"— 2001 Yılı Ürünü Yağlık Ayçiçeği, Soya Fasulyesi ve Kanolanın Tarı m Satış Kooperatifleri ve Birlikleri ile Diğer Alıcılara Satışında Üreticilere Destekleme Primi Ödenmesine İlişkin Bakanlar Kurulu Kararı Uygulama Tebliği’nde Değişiklik Yapılması Hakkında Tebliğ (No : 2002/51)",https://www.resmigazete.gov.tr/eskiler/2002/05/20020511.htm#9
2002-05-11,— 2001 Yılı Ürünü Kütlü Pamuğun Tarım Satış Kooperatifleri ve Birlikleri ile Diğer Alıcılara Satışında Üreticilere Destekleme Primi Ödenmesine İlişkin Bakanlar Kurulu Kararı Uygulama Tebliği’nde Değişiklik Yapılması Hakkında Tebliğ (No : 2002/52),https://www.resmigazete.gov.tr/eskiler/2002/05/20020511.htm#10
2002-05-11,— Mecburi Standard Tebliğinde Değişiklik Yapılmasına Dair Tebliğ No : ÖSG-2002/28,https://www.resmigazete.gov.tr/eskiler/2002/05/20020511.htm#11
2002-05-11,— Çevrenin Korunması Yönünden Kontrol Altında Tutulan Madde ve Atıklara İlişkin Tebliğde Değişiklik Yapılması Hakkında Tebliğ (No : 2002/12),https://www.resmigazete.gov.tr/eskiler/2002/05/20020511.htm#12
2002-05-11,— 4046 Sayılı Kanun Çerçevesinde İstihdam Fazlası Personelin Diğer Kamu Kurum ve Kuruluşlarına Nakledilmesine İlişkin Usul ve Esaslar Hakkında Tebliğde Değişiklik Yapılmasına Dair Tebliğ,https://www.resmigazete.gov.tr/eskiler/2002/05/20020511.htm#13
2002-05-11,— Özelleştirme Yüksek Kurulunun 2002/29 Sayılı Kararı,https://www.resmigazete.gov.tr/eskiler/2002/05/20020511.htm#14
2002-05-11,— Çanakkale İli Sınırları İçerisinde Orman Yangınlarının Önlenmesi Amacıyla Alınması Gereken Tedbirler Hakkında Karar (No : 1),https://www.resmigazete.gov.tr/eskiler/2002/05/20020511.htm#15
2002-05-11,— Çorum Valiliği Mahalli Çevre Kurulu Kararı (No : 2002/1),https://www.resmigazete.gov.tr/eskiler/2002/05/20020511.htm#16
2002-05-11,— Van Valiliği Mahalli Çevre Kurulu Kararı (No : 2002/4),https://www.resmigazete.gov.tr/eskiler/2002/05/20020511.htm#17
2002-05-12,"— Devlet Bakanı ve Başbakan Yardımcılığı, Devlet, Milli Eğitim ve Kültür Bakanlıklarına Ait Atama Kararları",https://www.resmigazete.gov.tr/eskiler/2002/05/20020512.htm#1
2002-05-12,— Harp Akademileri Yönetmeliğinin Bazı Maddelerinin Değiştirilmesine Dair Yönetmelik,https://www.resmigazete.gov.tr/eskiler/2002/05/20020512.htm#2
2002-05-12,— İçişleri Bakanlığı Darülaceze Müessese Müdürlüğü Sicil Amirleri Yönetmeliği,https://www.resmigazete.gov.tr/eskiler/2002/05/20020512.htm#3
2002-05-12,— İçişleri Bakanlığı Darülaceze Müessese Müdürlüğü Disiplin Amirleri Yö netmeliği,https://www.resmigazete.gov.tr/eskiler/2002/05/20020512.htm#4
2002-05-12,— Ankara Üniversitesi Yaz Dönemi Eğitim-Öğretim Yönetmeliğinin Bazı Maddelerinde Değişiklik Yapılması Hakkında Yönetmelik,https://www.resmigazete.gov.tr/eskiler/2002/05/20020512.htm#5
2002-05-12,— Mecburi Standard Tebliğinde Değişiklik Yapılmasına Dair Tebliğ (No : ÖSG-2002/27),https://www.resmigazete.gov.tr/eskiler/2002/05/20020512.htm#6
2002-05-12,— Gümrük Genel Tebliği (Tarife-Sınıflandırma Kararları) (Seri No : 1),https://www.resmigazete.gov.tr/eskiler/2002/05/20020512.htm#7
2002-05-12,— Düzce İli Sınırları İçerisinde Orman Yangınlarının Önlenmesi Amacıyla Alınması Gereken Tedbirler Hakkında Karar,https://www.resmigazete.gov.tr/eskiler/2002/05/20020512.htm#8
2002-05-13,"— Milli Savunma Bakanlığına, Devlet Bakanı Prof. Dr. Ramazan MİRZAOĞLU’nun Vekâlet Etmesine Dair Tezkere",https://www.resmigazete.gov.tr/eskiler/2002/05/20020513.htm#1
2002-05-13,"— Dışişleri Bakanlığına, Devlet Bakanı ve Başbakan Yardımcısı H. Hüsamettin ÖZKAN’ın Vekâle t Etmesine Dair Tezkere",https://www.resmigazete.gov.tr/eskiler/2002/05/20020513.htm#2
2002-05-13,— T.C.Posta ve Telgraf Teşkilatı Genel Müdürlüğü (PTT) Arşiv Hizmetleri Yönetmeliğinde Değişiklik Yapılması Hakkında Yönetmelik,https://www.resmigazete.gov.tr/eskiler/2002/05/20020513.htm#3
2002-05-13,— Zirai Karantina Yönetmeliğinin II ve III Nolu Eklerinde Değişiklik Yapılması Hakkında Yönetmelik,https://www.resmigazete.gov.tr/eskiler/2002/05/20020513.htm#4
2002-05-13,— İstanbul Teknik Üniversitesi Arşiv Yönetmeliğinde Değişiklik Yapılması Hakkında Yönetmelik,https://www.resmigazete.gov.tr/eskiler/2002/05/20020513.htm#5
2002-05-13,— Mecburi Standard Tebliğinde Değişiklik Yapılmasına Dair Tebliğ (No: ÖSG-2002/29),https://www.resmigazete.gov.tr/eskiler/2002/05/20020513.htm#6
2002-05-13,— Mecburi Standard Tebliğinde Değişiklik Yapılmasına Dair Tebliğ (No: ÖSG-2002/30),https://www.resmigazete.gov.tr/eskiler/2002/05/20020513.htm#7
2002-05-13,— Bursa İli Sınırları İçerisinde Orman Alanlarına Giriş-Çıkış ve Her Çeşit Ateş Yakma Yasağı Hakkında Karar (No : 1),https://www.resmigazete.gov.tr/eskiler/2002/05/20020513.htm#8
2002-05-13,— İçel İli Sınırları İçerisinde Orman Yangınlarının Önlenmesi Amacıyla Alınması Gereken Tedbirler Hakkında Karar (No : 2002/1),https://www.resmigazete.gov.tr/eskiler/2002/05/20020513.htm#9
2002-05-14,"4755 Çocuk Haklarına Dair Sözleşmeye Ek Çocuk Satışı, Çocuk Fahişeliği ve Çocuk Pornografisi ile İlgili İhtiyari Protokolün Onaylanmasının Uygun Bulunduğu Hakkında Kanun",https://www.resmigazete.gov.tr/eskiler/2002/05/20020514.htm#1
2002-05-14,2002/4035 Akaryakıt Tüketim Vergisi Tutarlarının Tespitine İlişkin Karar,https://www.resmigazete.gov.tr/eskiler/2002/05/20020514.htm#3
2002-05-14,"— Hava Alanı Yapım, İşletim ve Sertifikalandırma Yönetmeliği (SHY-14A)",https://www.resmigazete.gov.tr/eskiler/2002/05/20020514.htm#2
2002-05-15,"Devlet Bakanı Dr. Kemal DERVİŞ’e, Orman Bakanı Prof. Dr. Nami ÇAĞAN’ın Vekâlet Etmesine Dair Tezkere",https://www.resmigazete.gov.tr/eskiler/2002/05/20020515.htm#1
2002-05-15,"— Devlet Bakanı Dr. Reşat DOĞRU’ya, Sağlık Bakanı Doç. Dr. Osman DURMUŞ’un Vekâlet Etmesine Dair Tezkere",https://www.resmigazete.gov.tr/eskiler/2002/05/20020515.htm#2
2002-05-15,— Pamukkale Üniversitesi Sürekli Eğitim ve Program Geliştirme Merkezi Yönetmeliğinin Bazı Maddelerinin Değiştirilmesi Hakkında Yönetmelik,https://www.resmigazete.gov.tr/eskiler/2002/05/20020515.htm#3
2002-05-15,— Türk Gıda Kodeksi Kakao ve Kakao Ürünleri Tebliğinde Değişiklik Yapıl mas ı Hakkında Tebliğ (No : 2002/35),https://www.resmigazete.gov.tr/eskiler/2002/05/20020515.htm#4
2002-05-15,— Petrol Ürünlerine Uygulanacak Akaryakıt Fiyat İstikrar Payları Hakkında Tebliğ (PİGM/AFİP 2002/23),https://www.resmigazete.gov.tr/eskiler/2002/05/20020515.htm#5
2002-05-15,— Kamu İhale Tebliği (No : 2002/1),https://www.resmigazete.gov.tr/eskiler/2002/05/20020515.htm#6
2002-05-16,2002/3989 Türkiye Cumhuriyeti Hükümeti ile Slovakya Cum huriyeti Hükümeti Arasında İmzalanan Hava Taşımacılığı Anlaşması’nın Onaylanması Hakkında Karar,https://www.resmigazete.gov.tr/eskiler/2002/05/20020516.htm#1
2002-05-16,2002/4024 Türkiye-Moldova Kara Ulaştırması Karma Komisyo n Toplantısı Protokolu’nun Onaylanması Hakkında Karar,https://www.resmigazete.gov.tr/eskiler/2002/05/20020516.htm#2
2002-05-16,"2002/4025 Türkiye Cumhuriyeti Genelkurmay Başkanlığı ile Macaristan Cumhuriyeti Savunma Bakanlığı Arasında İmzalanan Askeri Tarih, Askeri Arşiv, Askeri Müzecilik ve Askeri Yayın Alanında İşbirliği ile İlgili Protokol’un Onaylanması Hakkında Karar",https://www.resmigazete.gov.tr/eskiler/2002/05/20020516.htm#3
2002-05-16,2002/3985 8/1/2002 Tarihli ve 4736 Sayılı Kanunun 1 inci Maddesinin Birinci Fıkrası Hükmünden Muaf Tutulacakların Tespitine Dair Karar,https://www.resmigazete.gov.tr/eskiler/2002/05/20020516.htm#23
2002-05-16,"2002/3992 Antalya İli,Merkez İlçe, Muratpaşa (Yeniemek) Mahallesinde Bulunan ve Mülkiyeti Hazineye Ait Olan Taşınmaz Malların 4706 Sayılı Kanunun 5 inci Maddesi Çerçevesinde Kullanılmak Üzere Tespiti Hakkında Karar",https://www.resmigazete.gov.tr/eskiler/2002/05/20020516.htm#4
2002-05-16,2002/4026 Bilkent Üniversitesi Rektörlüğü’ne Bağlı Olarak Hukuk Fakültesi Kurulması Hakkında Karar,https://www.resmigazete.gov.tr/eskiler/2002/05/20020516.htm#5
2002-05-16,2002/4033 Türkiye Elektrik Dağıtım A.Ş. Genel Müdürlüğü’ne AitBazı Kadro ve Pozisyonlarda Değişiklik Yapılması Hakkında Karar,https://www.resmigazete.gov.tr/eskiler/2002/05/20020516.htm#6
2002-05-16,— TCDD Emanet İşlere Ait Uygulama Yönetmeliğinde Değişiklik Yapılmasına Dair Yönetmelik,https://www.resmigazete.gov.tr/eskiler/2002/05/20020516.htm#7
2002-05-16,— Bahçeşehir Üniversitesi Ana Yönetmeliği,https://www.resmigazete.gov.tr/eskiler/2002/05/20020516.htm#8
2002-05-16,— Bahçeşehir Üniversitesi Lisans Eğitim–Öğretim Yönetmeliği,https://www.resmigazete.gov.tr/eskiler/2002/05/20020516.htm#9
2002-05-16,— Bahçeşehir Üniversitesi Önlisans Eğitim–Öğretim Yönetmeliği,https://www.resmigazete.gov.tr/eskiler/2002/05/20020516.htm#10
2002-05-16,— Bahçeşehir Üniversitesi Fen Bilimleri Enstitüsü Eğitim–Öğretim Yönetmeliği,https://www.resmigazete.gov.tr/eskiler/2002/05/20020516.htm#11
2002-05-16,— Bahçeşehir Üniversitesi Sosyal Bilimler Enstitüsü Eğitim-Öğretim Yönetmeliği,https://www.resmigazete.gov.tr/eskiler/2002/05/20020516.htm#12
2002-05-16,— Bahçeşehir Üniversitesi Yabancı Diller ve Enformatik Okulu Eğitim ve Sınav Yönetmeliği,https://www.resmigazete.gov.tr/eskiler/2002/05/20020516.htm#13
2002-05-16,— Harran Üniversitesi Önlisans ve Lisans Eğitim-Öğretim ve Sınav Yönetmeliği,https://www.resmigazete.gov.tr/eskiler/2002/05/20020516.htm#14
2002-05-16,— Revize Edilen TS/541 Kuru İncir Standardının Dış Tic arette Zorunlu Uygulamaya Konul masına İlişkin Tebliğ (Dış Ticarette Standardizasyon: 2 002/13),https://www.resmigazete.gov.tr/eskiler/2002/05/20020516.htm#15
2002-05-16,— 2002 Yılı Nisan Ayına Ait Dahilde İşleme İzin Belgelerinin Sektörel Dağılımı Hakkında Tebliğ,https://www.resmigazete.gov.tr/eskiler/2002/05/20020516.htm#16
2002-05-16,— 2002 Yılı Nisan Ayına Ait Yurt İçi Satış Teslimler ile İlgili Belgelerin Sektörel Dağılımı Hakkında Tebliğ,https://www.resmigazete.gov.tr/eskiler/2002/05/20020516.htm#17
2002-05-16,— 2002 Yılı Nisan Ayına Ait Hariçte İşleme İzin Belgelerinin Sektörel Dağılımı Hakkında Tebliğ,https://www.resmigazete.gov.tr/eskiler/2002/05/20020516.htm#18
2002-05-16,— 2002 Yılı Nisan Ayına Ait Vergi Resim ve Harç İstisnası Belgelerinin Sektörel Dağılımı Hakkında Tebliğ,https://www.resmigazete.gov.tr/eskiler/2002/05/20020516.htm#19
2002-05-16,— Rekabet Kurulunun 99-44/467-296 Sayılı Kararı,https://www.resmigazete.gov.tr/eskiler/2002/05/20020516.htm#20
2002-05-16,— Rekabet Kurulunun 00-24/244-131 Sayılı Kararı,https://www.resmigazete.gov.tr/eskiler/2002/05/20020516.htm#21
2002-05-16,— Rekabet Kurulunun 00-50/546-301 Sayılı Kararı,https://www.resmigazete.gov.tr/eskiler/2002/05/20020516.htm#22
2002-05-17,"— Devlet Bakanı ve Başbakan Yardımcısı Dr. Devlet BAHÇELİ’ye, Devlet Bakanı Prof. Dr. Şuayip ÜŞENMEZ’in Vekâlet Etmesine Dair Tezkere",https://www.resmigazete.gov.tr/eskiler/2002/05/20020517.htm#1
2002-05-17,"— Maliye Bakanlığına, Devlet Bakanı Edip Safder GAYDALI’nın Vekâlet Etmesine Dair Tezkere",https://www.resmigazete.gov.tr/eskiler/2002/05/20020517.htm#2
2002-05-17,"— Sanayi ve Ticaret Bakanlığına, Tarım ve Köyişleri Bakanı Prof. Dr. Hüsnü Yusuf GÖKALP’in Vekâlet Etmesine Dair Tezkere",https://www.resmigazete.gov.tr/eskiler/2002/05/20020517.htm#3
2002-05-17,— Oyuncaklar Hakkında Yönetmelik,https://www.resmigazete.gov.tr/eskiler/2002/05/20020517.htm#4
2002-05-17,— Petrol Ürünlerine Uygulanacak Akaryakıt Fiyat İstikrar Payları Hakkında Tebliğ (PİGM/AFİP 2002-24),https://www.resmigazete.gov.tr/eskiler/2002/05/20020517.htm#5
2002-05-17,— Türkiye Cumhuriyet Merkez Bankasınca Uygulanacak İskonto ve Avans Faiz Oranları Hakkında Tebliğ,https://www.resmigazete.gov.tr/eskiler/2002/05/20020517.htm#6
2002-05-18,739 Medyanın Sorunlarının Araştırılarak Alınması Gereken Tedbirlerin Tespit Edilmesi Amacıyla Kurulan Meclis Araştırması Komisyonuna Üye Seçimine İlişkin Karar,https://www.resmigazete.gov.tr/eskiler/2002/05/20020518.htm#1
2002-05-18,"— İçilebilir Nitelikteki Suların İstihsali, Ambalajlanması, Satışı ve Denetlenmesi Hakkında Yönetmelikte Değişiklik Yapılmasına Dair Yönetmelik",https://www.resmigazete.gov.tr/eskiler/2002/05/20020518.htm#2
2002-05-18,— Gazi Üniversitesi Yaz Okulu Yönetmeliğinin 1 inci Maddesinin Değiştiril mesine Dair Yönetmelik,https://www.resmigazete.gov.tr/eskiler/2002/05/20020518.htm#3
2002-05-18,— Süleyman Demirel Üniversitesi Uzakt an Algılama Araştırma ve Uygulama Merkezi Yönetmeliği,https://www.resmigazete.gov.tr/eskiler/2002/05/20020518.htm#4
2002-05-18,— Tarım ve Köyişleri Bakanlığına Tahsisli Olan Bazı Yerler ile Hazineye Ait Tarım Arazilerinin Müteşebbislere Tahsisinde ve Değerlendirilmesinde Uygulanacak Esas ve Usullere İlişkin Tebliğ,https://www.resmigazete.gov.tr/eskiler/2002/05/20020518.htm#5
2002-05-18,— Proje ve Kontrolluk İşlerinde Uygulanacak Fiyat Artış Oranları Hakkında Tebliğ,https://www.resmigazete.gov.tr/eskiler/2002/05/20020518.htm#6
2002-05-18,"— İmdat Grupları ve Üçüncü Şahısların Kuracakları Elektrik Tüketim Tesisleri İzin Belgelerinin Verilmesi, Projelerin Onaylanması ve Kabul İşlemlerine İlişkin Yetkili Kuruluşların Belirlenmesine Dair Tebliğ",https://www.resmigazete.gov.tr/eskiler/2002/05/20020518.htm#7
2002-05-18,Uluslararası Gözetim Şirketleri Statüsüne İlişkin Karar (Dış Ticarette Stan dardizasyon : 2002/5),https://www.resmigazete.gov.tr/eskiler/2002/05/20020518.htm#8
2002-05-18,— İstanbul İli Sınırları İçerisinde Orman Yangınlarının Önlenmesi Amacıyla Alınması Gereken Tedbirler Hakkında Karar (No: 2002/1),https://www.resmigazete.gov.tr/eskiler/2002/05/20020518.htm#9
2002-05-19,22/6/1927 tarihli ve 5235 sayılı Bakanlar Kurulu Kararı ile yürürlüğe konulan Resmî Gazete'nin Sureti Neşir ve Muamelatının Tarzı İcrasına Dair Yönetmelik uyarınca bugün Resmî Gazete yayımlanmamıştır.,https://www.resmigazete.gov.tr/2011%20Resmi%20Gazeteleri/Resmi%20Gazete%20Tatil%20Şablon/20110101-1.htm
2002-05-20,"Milli Savunma Bakanlığına, Devlet Bakanı Prof. Dr. Ramazan MİRZAOĞLU’nun Vekâlet Etmesine Dair Tezkere",https://www.resmigazete.gov.tr/eskiler/2002/05/20020520.htm#1
2002-05-20,"— Bayındırlık ve İskan Bakanlığına, Ulaştırma Bakanı Oktay VURAL’ın Vekâlet Etmesine Dair Tezkere",https://www.resmigazete.gov.tr/eskiler/2002/05/20020520.htm#2
2002-05-20,"— Devlet Bakanı Prof. Dr. Tunca TOSKAY’a, Sanayi ve Ticaret Bakanı Ahmet Kenan TANRIKULU’nun Vekâlet Etmesine Dair Tezkere",https://www.resmigazete.gov.tr/eskiler/2002/05/20020520.htm#3
2002-05-20,"— Devlet Bakanı Faruk BAL’a, Tarım ve Köyişleri Bakanı Prof. Dr. Hüsnü Yusuf GÖKALP’in Vekâlet Etmesine Dair Tezkere",https://www.resmigazete.gov.tr/eskiler/2002/05/20020520.htm#4
2002-05-20,— Çay İşletmeleri Genel Müdürlüğü Teftiş Kurulu Yönetmeliğinde Değişiklik Yapılmasına Dair Yönetmelik,https://www.resmigazete.gov.tr/eskiler/2002/05/20020520.htm#5
2002-05-20,— Kan Ürünlerinin Ruhsatlandırılmasına Dair Yönetmelik,https://www.resmigazete.gov.tr/eskiler/2002/05/20020520.htm#6
2002-05-21,"4756 Radyo ve Televizyon Kuruluş ve Yayınları Hakkında Kanun, Basın Kanunu, Gelir Vergisi Kanunu ile Kurumlar Vergisi Kanununda Değişiklik Yapılmasına Dair Kanun",https://www.resmigazete.gov.tr/eskiler/2002/05/20020521.htm#1
2002-05-21,— Başbakanlık ile Devlet ve Kültür Bakanlıklarına Ait Atama Kararları,https://www.resmigazete.gov.tr/eskiler/2002/05/20020521.htm#2
2002-05-21,— Hayvan Irklarının Tesciline İlişkin Yönetmelik,https://www.resmigazete.gov.tr/eskiler/2002/05/20020521.htm#3
2002-05-21,— Mersin Üniversitesi Ön Lisans ve Lisans Öğretim ve Sınav Yönetmeliğinin 2 nci Maddesinde Değişiklik Yapılmasına Dair Yönetmelik,https://www.resmigazete.gov.tr/eskiler/2002/05/20020521.htm#4
2002-05-21,"Mersin Üniversitesi Beden Eğitimi ve Spor Yüksekokulu Eğitim-Öğretim ve Sınav Yönetmeliğinin 10, 15 ve 24 üncü Maddelerinin Değiştirilmesi Hakkında Yönetmelik",https://www.resmigazete.gov.tr/eskiler/2002/05/20020521.htm#5
2002-05-21,— Selçuk Üniversitesi Öğretim ve Sınav Yönetmeliğinin Bazı Maddelerinin Değiştirilmesine İlişkin Yönetmelik,https://www.resmigazete.gov.tr/eskiler/2002/05/20020521.htm#6
2002-05-21,— Trakya Üniversitesi Lisans üstü Eğitim-Öğretim Yönetmeliğinin Bazı Maddelerinde Değişiklik Yapılmasına Dair Yönetmelik,https://www.resmigazete.gov.tr/eskiler/2002/05/20020521.htm#7
2002-05-21,— Tahsilat Genel Tebliği Seri No: 425,https://www.resmigazete.gov.tr/eskiler/2002/05/20020521.htm#8
2002-05-22,"— Devlet Bakanı ve Başbakan Yardımcısı Mesut YILMAZ’a, İçişleri Bakanı Rüştü Kazım YÜCELEN’in Vekâlet Etmesine Dair Tezkere",https://www.resmigazete.gov.tr/eskiler/2002/05/20020522.htm#1
2002-05-22,"2002/4103 Türk Pirelli Lastikleri A.Ş., Goodyear Lastikleri T.A.Ş. ve Brisa Bridgestone Sabancı Lastik Sanayi ve Ticaret A.Ş. İşyerlerinde Türkiye Petrol, Kimya ve Lastik Sanayii İşçileri Sendikası (Lastik-İş) Tarafından Alınmış Bulunan Grev Kararları ile Söz Konusu Şirketler Tarafından Alınan Lokavt Kararlarının 60 Gün Süre ile Ertelenmesi Hakkında Karar",https://www.resmigazete.gov.tr/eskiler/2002/05/20020522.htm#2
2002-05-22,"— Hâkimler ve Savcılar Yüksek Kurulunca, Uyuşmazlık Mahkemesi Üyeliğine Yapılan Seçime Dair Karar",https://www.resmigazete.gov.tr/eskiler/2002/05/20020522.htm#3
2002-05-22,— İlkyardım Yönetmeliği,https://www.resmigazete.gov.tr/eskiler/2002/05/20020522.htm#4
2002-05-22,— Vakıf Meslek Yüksekokulları Yönetmeliği,https://www.resmigazete.gov.tr/eskiler/2002/05/20020522.htm#5
2002-05-22,"— Mesleki ve Teknik Eğitim Bölgesi İçindeki Meslek Yüksekokulu Öğrencilerinin İşyerlerindeki Eğitim, Uygulama ve Stajlarına İlişkin Esas ve Usuller Hakkında Yönetmelik",https://www.resmigazete.gov.tr/eskiler/2002/05/20020522.htm#6
2002-05-22,— Orman Bakanlığı 2002-2003 Av Dönemi Merkez Av Komisyonu Kararı (No: 68),https://www.resmigazete.gov.tr/eskiler/2002/05/20020522.htm#7
2002-05-22,— Yargıtay 2. ve 18. Hukuk Dairelerine Ait 3 Adet Karar,https://www.resmigazete.gov.tr/eskiler/2002/05/20020522.htm#8
2002-05-23,"4758 23 Nisan 1999 Tarihine Kadar İşlenen Suçlardan Dolayı Şartla Salıverilmeye, Dava ve Cezaların Ertelenmesine Dair Kanunda Değişiklik Yapılmasına İlişkin Kanun",https://www.resmigazete.gov.tr/eskiler/2002/05/20020523.htm#1
2002-05-23,"— Cumhurbaşkanlığına, Türkiye Büyük Millet Meclisi Başkanı Ömer İZGİ’nin Vekâlet Etmesine Dair Tezkere",https://www.resmigazete.gov.tr/eskiler/2002/05/20020523.htm#2
2002-05-23,"— Çevre Bakanlığına, Kültür Bakanı M.İstemihan TALAY’ın Vekâlet Etmesine Dair Tezkere",https://www.resmigazete.gov.tr/eskiler/2002/05/20020523.htm#3
2002-05-23,2002/4100 Elektrik Abonesi Bazı Kişi ve Kuruluşların 8/1/2002 Tarihli ve 4736 Sayılı Kanunun 1 inci Maddesinin Birinci Fıkrası Hükmünden Muaf Tutulması ve Uygulama Esaslarının Düzenlenmesine İlişkin Ekli Karar’ın Yürürlüğe Konulması Hakkında Karar,https://www.resmigazete.gov.tr/eskiler/2002/05/20020523.htm#4
2002-05-23,— Hükümlü Nesip KOÇ’un Cezasının Kaldırılmasına Dair Karar,https://www.resmigazete.gov.tr/eskiler/2002/05/20020523.htm#5
2002-05-23,"— Devlet, Sağlık ve Orman Bakanlıklarına Ait Atama Kararları",https://www.resmigazete.gov.tr/eskiler/2002/05/20020523.htm#6
2002-05-23,— Mersin Üniversitesi Sürekli Eğitim Merkezi (MEÜSEM) Yönetmeliği,https://www.resmigazete.gov.tr/eskiler/2002/05/20020523.htm#7
2002-05-23,— Kamu İhale Tebliği (Tebliğ No: 2002/2),https://www.resmigazete.gov.tr/eskiler/2002/05/20020523.htm#8
2002-05-23,— Muhasebe Uygulama ve Mali Raporlama Genel Tebliği (Tebliğ No: 2002/1),https://www.resmigazete.gov.tr/eskiler/2002/05/20020523.htm#9
2002-05-23,— Osmaniye İli Sınırları İçerisinde Orman Yangınlarının Önlenmesi Amacıyla Alınması Gereken Tedbirler Hakkında Karar (No: 2002/1),https://www.resmigazete.gov.tr/eskiler/2002/05/20020523.htm#10
2002-05-23,"— Anayasa Mahkemesinin E: 2000/19 (Siyasi Parti Mali Denetimi), K: 2002/1 sayılı Kararı",https://www.resmigazete.gov.tr/eskiler/2002/05/20020523.htm#11
2002-05-23,"— Anayasa Mahkemesinin E: 2002/2 (Siyasi Parti Mali Denetimi), K: 2002/3 sayılı Kararı",https://www.resmigazete.gov.tr/eskiler/2002/05/20020523.htm#12
2002-05-23,"— Anayasa Mahkemesinin E: 2001/4 (Siyasi Parti Mali Denetimi), K: 2002/4 sayılı Kararı",https://www.resmigazete.gov.tr/eskiler/2002/05/20020523.htm#13
2002-05-24,740 Sayıştay Birinci Başkanlığı İçin Yapılan Seçime Dair Karar,https://www.resmigazete.gov.tr/eskiler/2002/05/20020524.htm#1
2002-05-24,"— Devlet Bakanı Dr. Reşat DOĞRU’ya, Bayındırlık ve İskan Bakanı Prof. Dr. Abdülkadir AKCAN’ın Vekâlet Etmesine Dair Tezkere",https://www.resmigazete.gov.tr/eskiler/2002/05/20020524.htm#2
2002-05-24,"2002/4101 Her Türlü Boş Video Kaseti, Ses Kaseti, Bilgisayar Disketi, CD, DVD Gibi Taşıyıcı Materyaller ile Fikir ve Sanat Eserlerinin Çoğaltılmasına Yarayan Her Türlü Teknik Cihazın İmalat veya İthalat Bedeli Üzerinden Yapılacak Kesintinin Belirlenmesine İlişkin Karar",https://www.resmigazete.gov.tr/eskiler/2002/05/20020524.htm#3
2002-05-24,— Yaban Hayvanlarının Yasadışı Öldürülmeleri ile İlgili Tebliğ,https://www.resmigazete.gov.tr/eskiler/2002/05/20020524.htm#4
2002-05-24,— Yurt Dışında Fuar Düzenlenmesine ve Değerlendirilmesine İlişkin Tebliğde Değişiklik Yapılması Hakkında Tebliğ (İhracat: 2002/4),https://www.resmigazete.gov.tr/eskiler/2002/05/20020524.htm#5
2002-05-24,— Toplu Konut Yapımcılarına Açılan Kredi Miktarlarının Artırılmasına İlişkin Tebliğ (No: 2002/1),https://www.resmigazete.gov.tr/eskiler/2002/05/20020524.htm#6
2002-05-24,— Toplu Konut Yapımcılarına Kredi Açılmasına İlişkin Tebliğ (No: 2002/2),https://www.resmigazete.gov.tr/eskiler/2002/05/20020524.htm#7
2002-05-24,"— Anayasa Mahkemesinin E: 2001/9 (Siyasi Parti Mali Denetimi), K: 2002/5 Sayılı Kararı",https://www.resmigazete.gov.tr/eskiler/2002/05/20020524.htm#8
2002-05-24,"— Anayasa Mahkemesinin E: 2000/26 (Siyasi Parti Mali Denetimi), K: 2002/6 Sayılı Kararı",https://www.resmigazete.gov.tr/eskiler/2002/05/20020524.htm#9
2002-05-24,"— Anayasa Mahkemesinin E: 2000/30 (Siyasi Parti Mali Denetimi), K: 2002/7 Sayılı Kararı",https://www.resmigazete.gov.tr/eskiler/2002/05/20020524.htm#10
2002-05-25,— Polis Kolejine Giriş Yönetmeliğinde Değişiklik Yapılmasına Dair Yönetmelik,https://www.resmigazete.gov.tr/eskiler/2002/05/20020525.htm#1
2002-05-25,Bandrol Uygulamasına İlişkin Usul ve Esaslar Hakkında Yönetmelikte Değişiklik Yapılmasına Dair Yönetmelik,https://www.resmigazete.gov.tr/eskiler/2002/05/20020525.htm#2
2002-05-25,— Vakıf Hayat Taşınmazların Kurum ve Kuruluşlara Tahsisinde Uyulacak Usul ve Esaslar Hakkında Tebliğde Değişiklik Yapılmasına Dair Tebliğ,https://www.resmigazete.gov.tr/eskiler/2002/05/20020525.htm#3
2002-05-25,— Bileci k İli Sınırları İçerisinde Orman Yangınlarının Önlenmesi Amacıyla Alınması Gereken Tedbirler Hakkında Karar (No: 1),https://www.resmigazete.gov.tr/eskiler/2002/05/20020525.htm#4
2002-05-25,"— Anayasa Mahkemesinin E: 2002/68 (765 Sayılı Kanun ile İlgili), K: 2002/44 Sayılı Kararı",https://www.resmigazete.gov.tr/eskiler/2002/05/20020525.htm#5
2002-05-26,"Devlet Bakanı ve Başbakan Yardımcısı Dr. Devlet BAHÇELİ’ye, Devlet Bakanı Prof. Dr. Şuayip ÜŞENMEZ’in Vekâlet Etmesine Dair Tezkere",https://www.resmigazete.gov.tr/eskiler/2002/05/20020526.htm#1
2002-05-26,"— Devlet Bakanı Prof. Dr. Tunca TOSKAY’a, Devlet Bakanı Faruk BAL’ın Vekâlet Etmesine Dair Tezkere",https://www.resmigazete.gov.tr/eskiler/2002/05/20020526.htm#2
2002-05-26,"Ulaştırma Bakanlığına, Bayındırlık ve İskan Bakanı Prof. Dr. Abdülkadir AKCAN’ın Vekâlet Etmesine Dair Tezkere",https://www.resmigazete.gov.tr/eskiler/2002/05/20020526.htm#3
2002-05-26,"Sanayi ve Ticaret Bakanlığına, Tarım ve Köyişleri Bakanı Prof. Dr. Hüsnü Yusuf GÖKALP’in Vekâlet Etmesine Dair Tezkere",https://www.resmigazete.gov.tr/eskiler/2002/05/20020526.htm#4
2002-05-26,2002/4049 Tarım ve Köyişleri Bakanlığı Personel Genel Müdürlüğü Bünyesinde Bulunan (1) Adet Daire Başkanlığı ile (3) Adet Şube Müdürlüğünün Kaldırılması Hakkında Karar,https://www.resmigazete.gov.tr/eskiler/2002/05/20020526.htm#5
2002-05-26,2002/4092 Pamukkale Üniversitesi Rektörlüğüne Bağlı Olarak Spor Bilimleri ve Teknolojisi Yüksekokulu Kurulması Hakkında Karar,https://www.resmigazete.gov.tr/eskiler/2002/05/20020526.htm#6
2002-05-26,2002/4049 Başbakanlık Kriz Yönetim Merkezi Yönetmeliğinde Değişiklik Yapılmasına Dair Yönetmelik,https://www.resmigazete.gov.tr/eskiler/2002/05/20020526.htm#7
2002-05-26,Nükleer Güç Tesislerinin Yer Seçimi ile İlgili Etüt ve Değerlendirme Çalışmalarında Kalite Temini Yönetmeliği,https://www.resmigazete.gov.tr/eskiler/2002/05/20020526.htm#8
2002-05-26,— Türkiye Atom Enerjisi Kurumu Başkanlığı Mal ve Hizmet Üretimi ve Yayın Gelirleri Yönetmeliği,https://www.resmigazete.gov.tr/eskiler/2002/05/20020526.htm#9
2002-05-26,— Yüksek Seçim Kurulu'nun 289 Sayılı Kararı,https://www.resmigazete.gov.tr/eskiler/2002/05/20020526.htm#10
2002-05-27,"Cumhurbaşkanlığına, Türkiye Büyük Millet Meclisi Başkanı Ömer İZGİ’nin Vekâlet Etmesine Dair Tezkere",https://www.resmigazete.gov.tr/eskiler/2002/05/20020527.htm#1
2002-05-27,"— Dışişleri Bakanlığına, Devlet Bakanı Prof. Dr. Şükrü S. GÜREL’in Vekâlet Etmesine Dair Tezkere",https://www.resmigazete.gov.tr/eskiler/2002/05/20020527.htm#2
2002-05-27,— Çanakkale Onsekiz Mart Üniversitesi Yabancı Diller Eğitimi Uygulama ve Araştırma Merkezi Yabancı Dil Sertifikası Yönetmeliği,https://www.resmigazete.gov.tr/eskiler/2002/05/20020527.htm#3
2002-05-27,— İstanbul Kültür Üniversitesi Çift Anadal Programı Yönetmeliği,https://www.resmigazete.gov.tr/eskiler/2002/05/20020527.htm#4
2002-05-27,— Karabük İli Sınırları İçerisinde Orman Yangınlarının Önlenmesi Amacıyla Alınması Gereken Tedbirler Hakkında Karar (No: 2002/2),https://www.resmigazete.gov.tr/eskiler/2002/05/20020527.htm#5
2002-05-27,— Kırıkkale İli Sınırları İçerisinde Orman Yangınlarının Önlenmesi Amacıyla Alınması Gereken Tedbirler Hakkında Karar (No: 2002,https://www.resmigazete.gov.tr/eskiler/2002/05/20020527.htm#6
2002-05-28,"Devlet Bakanı Dr. Kemal DERVİŞ’e, Orman Bakanı Prof. Dr. Nami ÇAĞAN’ın Vekâlet Etmesine Dair Tezkere",https://www.resmigazete.gov.tr/eskiler/2002/05/20020528.htm#1
2002-05-28,2002/4043 4736 Sayılı Kanunun 1 inci Maddesinin Birinci Fıkrası Hükmünden Muaf Tutulacakların Tespitine Dair Karar’da Değişiklik Yapılmasına İlişkin Karar,https://www.resmigazete.gov.tr/eskiler/2002/05/20020528.htm#2
2002-05-28,"2002/4067 Antalya İli, Merkez İlçe, Zeytinköy (Yeşildere) Mahallesinde Bulunan Mülkiyeti Hazineye Ait Taşınmaz Malların, 4706 Sayılı Kanunun 5 inci Maddesi Çerçevesinde Kullanılmak Üzere Tespiti Hakkında Karar",https://www.resmigazete.gov.tr/eskiler/2002/05/20020528.htm#3
2002-05-28,2002/4086 Afyon İlinde Meydana Gelen Deprem Afetinden Zarar Gören Türkiye Elektrik Dağıtım Anonim Şirketi Abonelerinin Elektrik Enerjisi Borçlarının Ertelenmesi ve Söz Konusu Abonelerin 4736 Sayılı Kanunun 1 inci Maddesini n Birinci Fıkrası Hükmünden Muaf Tutulması Hakkında Karar,https://www.resmigazete.gov.tr/eskiler/2002/05/20020528.htm#4
2002-05-28,2002/4091 Sıcak ve Soğuk Haddelenmiş Sac İthalatında Tarife Kontenjanı Uygulanması Hakkında Karar,https://www.resmigazete.gov.tr/eskiler/2002/05/20020528.htm#5
2002-05-28,2002/4094 3083 Sayılı Sulama Alanlarında Arazi Düzenlenmesine Dair Tarım Reformu Kanunu Uyarınca “Uygulama Alanı” İlan Edilen Bazı Yerlerin “Uygulama Alanı” Kapsamından Çıkarılması Hakkında Karar,https://www.resmigazete.gov.tr/eskiler/2002/05/20020528.htm#6
2002-05-28,— Kılavuzluk ve Römorkörcülük Hizmetleri Teşkilatları Yönetmeliğinde Değişiklik Yapılmasına Dair Yönetmelik,https://www.resmigazete.gov.tr/eskiler/2002/05/20020528.htm#7
2002-05-28,— Numaralama Yönetmeliğinde Değişiklik Yapılmasına Dair Yönetmelik,https://www.resmigazete.gov.tr/eskiler/2002/05/20020528.htm#8
2002-05-28,— Yargıtay İç Yönetmeliğinin 105 ve 106 ncı Maddelerinin Değiştirilmesi Hakkında Yönetmelik,https://www.resmigazete.gov.tr/eskiler/2002/05/20020528.htm#9
2002-05-29,2002/4047 Türkiye Cumhuriyeti ile Azerbaycan Cumhuriyeti Arasında Azerbaycan Doğal Gazının Türkiye Cumhuriyeti’ne Sevkıyatına İlişkin Anlaşma’nın Onaylanması Hakkında Karar,https://www.resmigazete.gov.tr/eskiler/2002/05/20020529.htm#1
2002-05-29,"2002/4069 Türkiye-Tunus Karma T icaret, Ekonomik ve Teknik İşbirliği Komisyonu 9 uncu Dönem Toplantısı Tutanağı’nın Onaylanması Hakkında Karar",https://www.resmigazete.gov.tr/eskiler/2002/05/20020529.htm#2
2002-05-29,2002/4082 Türkiye Cumhuriyeti ile Kırgız Cumhuriyeti Arasında Uzun Vadeli Ticari ve Ekonomik İşbirliği Programı’nın Onaylanması Hakkında Karar,https://www.resmigazete.gov.tr/eskiler/2002/05/20020529.htm#3
2002-05-29,02/4090 Türkiye Cumhuriyeti Hükümeti ile Slovakya Cumhuriyeti Hükümeti Arasındaki Turizm Alanında İşbirliği Anlaşması’nın Onaylanması Hakkında Karar,https://www.resmigazete.gov.tr/eskiler/2002/05/20020529.htm#4
2002-05-29,2002/4096 Türkiye-Romanya 15 inci Dönem Turizm Karma Komisyon Toplantısı Protokolü’nün Onaylanması Hakkında Karar,https://www.resmigazete.gov.tr/eskiler/2002/05/20020529.htm#5
2002-05-29,"— İçişleri Bakanlığına, Devlet Bakanı Dr. Yılmaz KARAKOYUNLU’nun Vekâlet Etmesine Dair Tezkere",https://www.resmigazete.gov.tr/eskiler/2002/05/20020529.htm#6
2002-05-29,— İçişleri Bakanlığı Sicil Amirleri Yönetmeliği,https://www.resmigazete.gov.tr/eskiler/2002/05/20020529.htm#7
2002-05-29,— İçişleri Bakanlığı Disiplin Amirleri Yönetmeliği,https://www.resmigazete.gov.tr/eskiler/2002/05/20020529.htm#8
2002-05-29,— Maliye Bakanlığı Personeli Atama ve Görevde Yükselme Yönetmeliği,https://www.resmigazete.gov.tr/eskiler/2002/05/20020529.htm#9
2002-05-29,— M1 Sınıfı Motorlu Araçların Kütleleri ve Boyutları ile İlgili Tip Onayı Yönetmeliği (92/21/AT),https://www.resmigazete.gov.tr/eskiler/2002/05/20020529.htm#10
2002-05-29,— Türkiye Şeker Fabrikaları Anonim Şirketi Genel Müdürlüğü Arşiv Hizmetleri Hakkında Yönetmelik,https://www.resmigazete.gov.tr/eskiler/2002/05/20020529.htm#11
2002-05-29,"— T ürk Mühendis ve Mimar Odaları Birliği Şehir Planlama Mimar Mühendisleri Odası Serbest Şehircilik Hizmetleri, Büro Tescil, Mesleki Denetim ve En Az Ücret Yönetmeliği",https://www.resmigazete.gov.tr/eskiler/2002/05/20020529.htm#12
2002-05-29,Afyon Kocatepe Üniversitesi Eğitim-Öğretim ve Sınav Yönetmeliğinde Değişiklik Yapılması Hakkında Yönetmelik,https://www.resmigazete.gov.tr/eskiler/2002/05/20020529.htm#13
2002-05-29,— İstanbul Üniversitesi Yaz Öğretimi Yönetmeliğinin 8 inci Maddesinin Değiştirilmesine Dair Yönetmelik,https://www.resmigazete.gov.tr/eskiler/2002/05/20020529.htm#14
2002-05-29,— 2002 Yılı Nisan Ayına Ait Yatırım Teşvik Belgelerinin Sektörel Dağılımı Hakkında Tebliğ,https://www.resmigazete.gov.tr/eskiler/2002/05/20020529.htm#15
2002-05-29,2002 Yılı Nisan Ayına Ait Yabancı Sermayeli Yatırım Teşvik Belgelerinin Sektörel Dağılımı Hakkında Tebliğ,https://www.resmigazete.gov.tr/eskiler/2002/05/20020529.htm#16
2002-05-29,"Aydın İli Sınırları İçerisinde, Sokakta Yaşayan veya Çalıştırılan Çocukların Korunması ve Topluma Kazandırılması Hakkında Karar (No: 2002/01)",https://www.resmigazete.gov.tr/eskiler/2002/05/20020529.htm#17
2002-05-29,"— Yalova İli Sınırları İçerisinde, Orman Yangınlarının Önlenmesi Amacıyla Alınması Gereken Tedbirler Hakkında Karar (No: 1)",https://www.resmigazete.gov.tr/eskiler/2002/05/20020529.htm#18
2002-05-29,"— Anayasa Mahkemesinin E : 2000/7 (Siyasî Parti Malî Denetimi), K: 2002/2 sayılı Kararı",https://www.resmigazete.gov.tr/eskiler/2002/05/20020529.htm#19
2002-05-29,"Askerî Yüksek İdare Mahkemesi Genel Kurulu İçtihatları Birleştirme Kararı (E: 2002/1, K: 2002/1)",https://www.resmigazete.gov.tr/eskiler/2002/05/20020529.htm#20
2002-05-30,4757 Vakıflar Genel Müdürlüğünün Teşkilât ve Görevleri Hakkında Kanun Hükmünde Kararnameye Bir Geçici Madde Eklenmesi Hakkında Kanun,https://www.resmigazete.gov.tr/eskiler/2002/05/20020530.htm#1
2002-05-30,2002/4132 Kamu İhale Kurulu Başkan ve Üyelerinin Ücret ve Diğer Mali Haklarının Tespiti Hakkında Karar,https://www.resmigazete.gov.tr/eskiler/2002/05/20020530.htm#2
2002-05-30,— Hükümlü Barış YILDIRIM’ın Cezasının Kaldırılmasına Dair Karar,https://www.resmigazete.gov.tr/eskiler/2002/05/20020530.htm#3
2002-05-30,— Hükümlü Hakkı ŞEKER’in Cezasının Kaldırılmasına Dair Karar,https://www.resmigazete.gov.tr/eskiler/2002/05/20020530.htm#4
2002-05-30,— Hükümlü Nuray GEZİCİ’nin Cezasının Kaldırılmasına Dair Karar,https://www.resmigazete.gov.tr/eskiler/2002/05/20020530.htm#5
2002-05-30,2002/4118 Başbakanlık Yüksek Denetleme Kurulu Başkanlığına Kızıltan ULUKAVAK'ın Atanması Hakkında Karar,https://www.resmigazete.gov.tr/eskiler/2002/05/20020530.htm#6
2002-05-30,— Başkent Üniversitesi İngilizce Hazırlık Bölümü Eğitim-Öğretim ve Sınav Yönetmeliği,https://www.resmigazete.gov.tr/eskiler/2002/05/20020530.htm#7
2002-05-30,— Başkent Üniversitesi Tıp Fakültesi Eğitim-Öğretim ve Sınav Yönetmeliğinde Değişiklik Yapılmasına Dair Yönetmelik,https://www.resmigazete.gov.tr/eskiler/2002/05/20020530.htm#8
2002-05-30,— 4447 Sayılı İşsizlik Sigortası Kanununun Uygulanmasına İlişkin Tebliğde Değişiklik Yapılmasına Dair Tebliğ (No: 4),https://www.resmigazete.gov.tr/eskiler/2002/05/20020530.htm#9
2002-05-30,— Mecburi Standard: ÖSG-2002/33 sayılı Tebliğ,https://www.resmigazete.gov.tr/eskiler/2002/05/20020530.htm#10
2002-05-30,"— Anayasa Mahkemesinin E: 2002/61 (4616 sayılı Kanun ile İlgili), K: 2002/43 sayılı Kararı",https://www.resmigazete.gov.tr/eskiler/2002/05/20020530.htm#11
2002-05-31,"2002/4120 24/11/1994 Tarihli ve 4046 Sayılı Kanun ile İhdas Edilen Bazı Kadroların Sınıf, Unvan ve Derecelerinin Değiştirilerek Bazı Kurumlara Tahsis Edilmesi Hakkında Karar",https://www.resmigazete.gov.tr/eskiler/2002/05/20020531.htm#1
2002-05-31,"— Devlet, İçişleri, Dışişleri, Bayındırlık ve İskan, Sağlık, Tarım ve Köyişleri, Çalışma ve Sosyal Güvenlik, Enerji ve Tabii Kaynaklar Bakanlığı ile Çevre Bakanlığına Ait Atama Kararları",https://www.resmigazete.gov.tr/eskiler/2002/05/20020531.htm#2
2002-05-31,— İçişleri Bakanlığına Ait Sınır Tespit Kararı,https://www.resmigazete.gov.tr/eskiler/2002/05/20020531.htm#3
2002-05-31,— Zirai Mücadele İlaçları Kontrol Yönetmeliğinin 32 nci Maddesinin Değiştirilmesine Dair Yönetmelik,https://www.resmigazete.gov.tr/eskiler/2002/05/20020531.htm#4
2002-05-31,— Türk Gıda Kodeksi Yönetmeliğinde Değişiklik Yapılması Hakkında Yönetmelik,https://www.resmigazete.gov.tr/eskiler/2002/05/20020531.htm#5
2002-05-31,— Türkiye Elektrik Dağıtım A.Ş. Genel Müdürlüğü Satınalma ve İhale Yönetmeliğinin 39 ve 59 uncu Maddelerinin Değiştirilmesi Hakkında Yönetmelik,https://www.resmigazete.gov.tr/eskiler/2002/05/20020531.htm#6
2002-05-31,— Kahramanmaraş Sütçü İmam Üniversitesi Önlisans-Lisans Eğitim-Öğretim ve Sınav Yönetmeliğinin Geçici 1 inci Maddesinin Değiştirilmesi Hakkında Yönetmelik,https://www.resmigazete.gov.tr/eskiler/2002/05/20020531.htm#7
2002-05-31,— Kocaeli Üniversitesi Önlisans-Lisans Eğitim-Öğretim ve Sınav Yönetmeliğinin 55 inci Maddesinin Değiştirilmesine Dair Yönetmelik,https://www.resmigazete.gov.tr/eskiler/2002/05/20020531.htm#8
2002-05-31,"— Anayasa Mahkemesinin E: 2001/144 (4611 sayılı Kanun ile İlgili), K: 2002/20 Sayılı Kararı",https://www.resmigazete.gov.tr/eskiler/2002/05/20020531.htm#9
2002-05-31,— Yargıtay 20. Hukuk Dairesine Ait 2 Adet Karar,https://www.resmigazete.gov.tr/eskiler/2002/05/20020531.htm#10
2002-06-01,"4759 Sosyal Sigortalar Kanunu, Tarım İşçileri Sosyal Sigortalar Kanunu, Türkiye Cumhuriyeti Emekli Sandığı Kanunu, Esnaf ve Sanatkârlar ve Diğer Bağımsız Çalışanlar Sosyal Sigortalar Kurumu Kanunu ile Tarımda Kendi Adına ve Hesabına Çalışanlar Sosyal Sigortalar Kanununun Bazı Maddelerinde Değişiklik Yapılması Hakkında Kanun",https://www.resmigazete.gov.tr/eskiler/2002/06/20020601.htm#1
2002-06-01,"— Cumhurbaşkanlığına, Türkiye Büyük Millet Meclisi Başkanı Ömer İZGİ’nin Vekâlet Etmesine Dair Te zkere",https://www.resmigazete.gov.tr/eskiler/2002/06/20020601.htm#2
2002-06-01,"Devlet Bakanı Prof. Dr. Ramazan MİRZAOĞLU’na, Sağlık Bakanı Doç. Dr. Osman DURMUŞ’un Vekâlet Etmesine Dair Tezkere",https://www.resmigazete.gov.tr/eskiler/2002/06/20020601.htm#3
2002-06-01,"— Devlet Bakanı Fikret ÜNLÜ’ye, Devlet Bakanı Recep ÖNAL’ın Vekâlet Etmesine Dair Tezkere",https://www.resmigazete.gov.tr/eskiler/2002/06/20020601.htm#4
2002-06-01,"— Devlet akanı Dr. Reşat DOĞRU’ya, Milli Savunma Bakanı Sabahattin ÇAKMAKOĞLU’nun Vekâlet Etmesine Dair Tezkere",https://www.resmigazete.gov.tr/eskiler/2002/06/20020601.htm#5
2002-06-01,"— Dışişleri Bakanlığına, Devlet Bakanı Prof. Dr. Şükrü S. GÜREL’in Vekâlet Etmesine Dair Tezkere",https://www.resmigazete.gov.tr/eskiler/2002/06/20020601.htm#6
2002-06-01,2002/4109 8/1/2002 Tarihli ve 4736 Sayılı Kanunun 1 inci Maddesinin Birinci Fıkrası Hükmünden Muaf Tutulacakların Tespitine Dair28/1/2002 Tarihli ve 2002/3654 Sayılı Kararnamenin Eki Karar’da Değişiklik Yapılmasına İlişkin Karar,https://www.resmigazete.gov.tr/eskiler/2002/06/20020601.htm#7
2002-06-01,"2002/4110 İthalatı Türkiye Kızılay Derneği’nin Tekeli Altında Bulunan Primathamine ve Chloroquine Terkibindeki İlaçların, Tekel Altına Alınan İlaçlar Listesinden Çıkarılması Hakkında Karar",https://www.resmigazete.gov.tr/eskiler/2002/06/20020601.htm#8
2002-06-01,"2002/4129 Enerji Piyasası Düzenleme Kurulu’nda Boş Bulunan Üyeliğe, Kalan Süreyi Tamamlamak Üzere, Doç. Dr. Hüseyin SAK’ın Atanması Hakkında Karar",https://www.resmigazete.gov.tr/eskiler/2002/06/20020601.htm#9
2002-06-01,2002/4131 Dışişleri Bakanlığı Mensuplarının Bazı Görevlere Atanmalarına İlişkin Karar,https://www.resmigazete.gov.tr/eskiler/2002/06/20020601.htm#10
2002-06-01,— Mülga Dış Krediler Kur Farkı Fonu’ndan Kullanılmış Kredilere Uygulanacak Değişken Faiz Oranı Hakkında Tebliğ,https://www.resmigazete.gov.tr/eskiler/2002/06/20020601.htm#11
2002-06-01,"— Anayasa Mahkemesinin E: 2000/39 (765 Sayılı Kanun ile İlgili), K: 2002/35 Sayılı Kararı",https://www.resmigazete.gov.tr/eskiler/2002/06/20020601.htm#12
2002-06-01,"— Anayasa Mahkemesinin E: 2000/48 (1412 Sayılı Kanunda Değişiklik Yapan 3206 Sayılı Yasa ile İlgili), K: 2002/36 Sayılı Kararı",https://www.resmigazete.gov.tr/eskiler/2002/06/20020601.htm#13
2002-06-02,"Milli Eğitim Bakanlığına, Devlet Bakanı Hasan GEMİCİ’nin Vekâlet Etmesine Dair Tezkere",https://www.resmigazete.gov.tr/eskiler/2002/06/20020602.htm#1
2002-06-02,"— Ulaştırma Bakanlığına, Bayındırlık ve İskan Bakanı Prof. Dr. Abdülkadir AKCAN’ın Vekâlet Etmesine Dair Tez kere",https://www.resmigazete.gov.tr/eskiler/2002/06/20020602.htm#2
2002-06-02,"— Çevre Bakanlığına, Devlet Bakanı Mustafa YILMAZ’ın Vekâlet Etmesine Dair Tezkere",https://www.resmigazete.gov.tr/eskiler/2002/06/20020602.htm#3
2002-06-02,"— Devlet Bakanı ve Başbakan Yardımcılığı, Bayındırlık ve İskan, Ulaştırma, Tarım ve Köyişleri, Çalışma ve Sosyal Güvenlik, Enerji ve Tabii Kaynaklar ile Çevre Bakanlıklarına Ait Atama Kararları",https://www.resmigazete.gov.tr/eskiler/2002/06/20020602.htm#4
2002-06-02,— Basın Kartı Yönetmeliğinde Değişiklik Yapılması Hakkında Yönetmelik,https://www.resmigazete.gov.tr/eskiler/2002/06/20020602.htm#5
2002-06-02,— Tekerlekli Tarım veya Orman Traktörlerinin Azami Tasarım Hızı ve Yük Platformu ile İlgili Tip Onayı Yönetmeliği (74/152/AT),https://www.resmigazete.gov.tr/eskiler/2002/06/20020602.htm#6
2002-06-02,Dar İzli Tekerlekli Tarım ve Orman Traktörlerinin Arkaya Monte Edilmiş Devrilmeye Karşı Koruma Çerçevesi ile İlgili Tip Onayı Yönetmeliği (86/298/AT),https://www.resmigazete.gov.tr/eskiler/2002/06/20020602.htm#7
2002-06-02,— Elektromanyetik Uyumluluk Yönetmeliği (89/336/AT),https://www.resmigazete.gov.tr/eskiler/2002/06/20020602.htm#8
2002-06-02,— Bağ-Kur Genel Müdürlüğü Personeli Atama ve Görevde Yükselme Yönetmeliğinde Değişiklik Yapılması Hakkında Yönetmelik,https://www.resmigazete.gov.tr/eskiler/2002/06/20020602.htm#9
2002-06-02,— Başkent Üniversitesi Eğitim-Öğretim ve Sınav Yönetmeliği,https://www.resmigazete.gov.tr/eskiler/2002/06/20020602.htm#10
2002-06-02,— H acettepe Üniversitesi Öğrenci Yurtları Yönetmeliğinin Bazı Maddelerinin Değiştirilmesi Hakkında Yönetmelik,https://www.resmigazete.gov.tr/eskiler/2002/06/20020602.htm#11
2002-06-02,— Ondokuz Mayıs Üniversitesi Zihin Engelli Çocuklar Eğitim Uygulama ve Araştırma Merkezi Yönetmeliğinin 4 ve 7 nci Maddelerinin Değiştirilmesi Hakkın da Yönetmelik,https://www.resmigazete.gov.tr/eskiler/2002/06/20020602.htm#12
2002-06-02,— Çorum İli Sınırları İçerisinde Orman Yangınlarının Önlenmesi Amacıyla Alınması Gereken Tedbirler Hakkında Kar ar (No: 2002/1),https://www.resmigazete.gov.tr/eskiler/2002/06/20020602.htm#13
2002-06-02,— Yozgat İli Sınırları İçerisinde Orman Yangınlarının Önlenmesi Amacıyla Alınması Gereken Tedbirler Hakkında Karar (No: 1),https://www.resmigazete.gov.tr/eskiler/2002/06/20020602.htm#14
2002-06-03,"— Devlet Bakanı Edip Safder GAYDALI'ya, Devlet Bakanı Nejat ARSEVEN'in Vekâlet Etmesine Dair Tezkere",https://www.resmigazete.gov.tr/eskiler/2002/06/20020603.htm#1
2002-06-03,"— Enerji ve Tabii Kaynaklar Bakanlığına, Çalışma ve Sosyal Güvenlik Bakanı Yaşar OKUYAN'ın Vekâle t Etmesine Dair Tezkere",https://www.resmigazete.gov.tr/eskiler/2002/06/20020603.htm#2
2002-06-03,— Ölçü ve Ölçü Aletlerinin Metrolojik Kontrolleri İçin Genel Esaslara Dair Yönetmelik (71/316/AT),https://www.resmigazete.gov.tr/eskiler/2002/06/20020603.htm#3
2002-06-03,Adana İli Sınırları İçerisinde Orman Yangınlarının Önlenmesi Amacıyla Alınması Gereken Tedbirler Hakkında Karar (No: 2002/1),https://www.resmigazete.gov.tr/eskiler/2002/06/20020603.htm#4
2002-06-04,"741 (10/211, 245, 198, 204) Esas Numaralı Meclis Araştırması Komisyonunun Görev Süresinin Uzatılmasına İlişkin Karar",https://www.resmigazete.gov.tr/eskiler/2002/06/20020604.htm#1
2002-06-04,— İz Genişliği 1150 mm’den Fazla Olan Tekerlekli Tarım veya Orman Tra ktör lerinin Sürücü Koltuğu Önüne Monte Edilen Koruma Çerçevesi Konusunda Ulusal Tip Onayı Belgesi Verilmesine İlişkin Yönetmelik,https://www.resmigazete.gov.tr/eskiler/2002/06/20020604.htm#2
2002-06-04,"— Tekerlekli Tarım veya Orman Traktörlerinin Çalıştırma Alanı Sürüş Konumuna Geçişi, Kapıları ve Pencereleri İle İlgili Tip Onayı Yönetmeliği (80/720/AT)",https://www.resmigazete.gov.tr/eskiler/2002/06/20020604.htm#3
2002-06-04,— Mecburi Standard ÖSG-2002/35 Sayılı Tebliğ,https://www.resmigazete.gov.tr/eskiler/2002/06/20020604.htm#4
2002-06-04,"— Anayasa Mahkemesinin E : 2000/78 (6023 Sayılı Kanun ile İlgili), K : 2002/31 Sayılı Kararı",https://www.resmigazete.gov.tr/eskiler/2002/06/20020604.htm#5
2002-06-05,"2002/4106 Türkiye Cumhuriyeti Hükümeti ile Bangladeş Halk Cumhuriyeti Hükümeti Arasında İmzalanan Askeri Alanda Eğitim, Teknik ve Bilimsel İşbirliği Anlaşması’nın Onaylanması Hakkında Karar",https://www.resmigazete.gov.tr/eskiler/2002/06/20020605.htm#1
2002-06-05,2002/4107 Türkiye Cum huriyeti Adalet Bakanlığı ile Gürcistan Adalet Bakanlığı Arasında İmzalanan İşbirliği Konusunda Protokol’un Onaylanması Hakkında Karar,https://www.resmigazete.gov.tr/eskiler/2002/06/20020605.htm#2
2002-06-05,2002/4112 Türkiye-Sudan Bakanlararası Karma Ticaret ve Ekonomik İşbirliği Komisyonu Sekizinci Dönem Toplantısı Protokolu’nun Onaylanması Hakkında Karar,https://www.resmigazete.gov.tr/eskiler/2002/06/20020605.htm#3
2002-06-05,2002/4113 Türkiye Cumhuriyeti Turizm Bakanlığı ile Romanya Turizm Bakanlığı Arasında İmzalanan Turizm Alanında İşbirliğinin Geliştirilmesi Hakkında Mutabakat Zaptı’nın Onaylanması Hakkında Karar,https://www.resmigazete.gov.tr/eskiler/2002/06/20020605.htm#4
2002-06-05,2002/4114 Türkiye-Bulgaristan Karma Ulaştırma ve Haberleşme Komisyonu Toplantısı Protokolünün Onaylanması Hakkında Karar,https://www.resmigazete.gov.tr/eskiler/2002/06/20020605.htm#5
2002-06-05,2002/4127 Türkiye-Gürcistan Kara Ulaştırması Karma Komisyon Toplantısı Protokolü”nün Onaylanması Hakkında Karar,https://www.resmigazete.gov.tr/eskiler/2002/06/20020605.htm#6
2002-06-05,"Milli Savunma Bakanlığına, Devlet Bakanı Prof. Dr. Şuayip ÜŞENMEZ’in Vekâlet Etmesine Dair Tezkere",https://www.resmigazete.gov.tr/eskiler/2002/06/20020605.htm#7
2002-06-05,2002/4122 3143 KişininTürk Vatandaşlığından Çıkmasına İzin Verilmesi ve Çeşitli Kararnameler ile Türk Vatandaşlığından Çıkmalarına İzin Verilen 28 Kişiyle İlgili Bazı Maddi Hataların Düzeltilmesi Hakkında Karar,https://www.resmigazete.gov.tr/eskiler/2002/06/20020605.htm#8
2002-06-05,— Milli Piyango İdaresi Genel Müdürlüğü Bilet Satış ve İkramiye Yönetmeliğinin Bazı Maddelerinin Değiştirilmesi Hakkında Yönetmelik,https://www.resmigazete.gov.tr/eskiler/2002/06/20020605.htm#9
2002-06-05,"— Türk Silâhlı Kuvvetleri Savaş Takdirnamesi, Madalya ve Nişan Yönetmeliği",https://www.resmigazete.gov.tr/eskiler/2002/06/20020605.htm#10
2002-06-05,— Türk Silâhlı Kuvvetleri Sınıf Okulları Yönetmeliğinin 21 inci Maddesinde Değişiklik Yapılmasına Dair Yönetmelik,https://www.resmigazete.gov.tr/eskiler/2002/06/20020605.htm#11
2002-06-05,— Balıkçı Barınakları Yönetmeliğinde Değişiklik Yapılmasına Dair Yönetmelik,https://www.resmigazete.gov.tr/eskiler/2002/06/20020605.htm#12
2002-06-05,— Ölçü ve Ölçü Aletlerinin Tamir ve Ayarını Yapacak Kişilere Verilecek Yetki Belgesi Hakkında Yö netmelik,https://www.resmigazete.gov.tr/eskiler/2002/06/20020605.htm#13
2002-06-05,— Uzunluk Ölçerlere Dair Yönetmelik (73/362/AT),https://www.resmigazete.gov.tr/eskiler/2002/06/20020605.htm#14
2002-06-05,— Motorlu Araçl arın Hız Sınırlayıcı Donanımları ve Bunların Takılması ile İlgili Tip Onayı Yönetmeliği (92/24/AT),https://www.resmigazete.gov.tr/eskiler/2002/06/20020605.htm#15
2002-06-05,— Makina Emniyeti Yönetmeliği (98/37/AT),https://www.resmigazete.gov.tr/eskiler/2002/06/20020605.htm#16
2002-06-05,— Taşınabilir Basınçlı Ekipmanlar Yönetmeliği (99/36/AT),https://www.resmigazete.gov.tr/eskiler/2002/06/20020605.htm#17
2002-06-05,— Dokuz Eylül Üniversitesi Tıp Fakültesi Tıpta Uzmanlık ve Üst Uzmanlık Eğitimi Uygulama ve Değerlendirme Yönetmeliği,https://www.resmigazete.gov.tr/eskiler/2002/06/20020605.htm#18
2002-06-05,— Mecburî Standard : ÖSG-2002/31 Sayılı Tebliğ,https://www.resmigazete.gov.tr/eskiler/2002/06/20020605.htm#19
2002-06-05,— Mecburî Standard : ÖSG-2002/32 Sayılı Tebliğ,https://www.resmigazete.gov.tr/eskiler/2002/06/20020605.htm#20
2002-06-05,— Mecburî Standard : ÖSG-2002/36 Sayılı Tebliğ,https://www.resmigazete.gov.tr/eskiler/2002/06/20020605.htm#21
2002-06-05,— Mecburî Standard : ÖSG- 2002/41 Sayılı Tebliğ,https://www.resmigazete.gov.tr/eskiler/2002/06/20020605.htm#22
2002-06-05,— Petrol Ürünlerine Uygulanacak Akaryakıt Fiyat İstikrar Payları Hakkında Tebliğ (PİGM/AFİP 2002/25),https://www.resmigazete.gov.tr/eskiler/2002/06/20020605.htm#23
2002-06-05,"Anayasa Mahkemesinin E : 2001/485 (4616 Sayılı Kanun ile İlgili), K : 2002/2 Sayılı Kararı",https://www.resmigazete.gov.tr/eskiler/2002/06/20020605.htm#24
2002-06-06,"— Yükseköğretim Kurulu Üyeliğine, Başbakanlık Müsteşar Yardımcısı Özgün ÖKMEN’in Seçilmesine Dair Karar",https://www.resmigazete.gov.tr/eskiler/2002/06/20020606.htm#1
2002-06-06,— Hâkimler ve Savcılar Yüksek Kuruluna Ait Karar,https://www.resmigazete.gov.tr/eskiler/2002/06/20020606.htm#2
2002-06-06,— Çevresel Etki Değerlendirmesi Yönetmeliği,https://www.resmigazete.gov.tr/eskiler/2002/06/20020606.htm#3
2002-06-06,— Devlet Memurları Kanunu Genel Tebliği (Seri No : 154),https://www.resmigazete.gov.tr/eskiler/2002/06/20020606.htm#4
2002-06-07,"— Devlet Bakanı Faruk BAL’a, Devlet Bakanı Prof. Dr. Tunca TOSKAY’ın Vekâlet Etmesine Dair Tezkere",https://www.resmigazete.gov.tr/eskiler/2002/06/20020607.htm#1
2002-06-07,— Devlet Bakanı ve Başbakan Yardımcılığı ile Devlet Bakanlığına Ait 2 Adet Atama Kararı,https://www.resmigazete.gov.tr/eskiler/2002/06/20020607.htm#2
2002-06-07,"— Diyanet İşleri Başkanlığı Sınav, Atama, Nakil ve Görevde Yükselme Yönet meliğinde Değişiklik Yapılmasına Dair Yönetmelik",https://www.resmigazete.gov.tr/eskiler/2002/06/20020607.htm#3
2002-06-07,— Eşyanın Tercihli Menşeinin Tespiti Hakkında Yönetmelikte Değişiklik Yapılmasına Dair Yönetmelik,https://www.resmigazete.gov.tr/eskiler/2002/06/20020607.htm#4
2002-06-07,— Eti Holding A.Ş. Genel Müdürlüğü ve Bağlı Ortaklıklar Personeli Görevde Yükselme Yönetmeliğinde Değişiklik Yapılmasına Dair Yönetmelik,https://www.resmigazete.gov.tr/eskiler/2002/06/20020607.htm#5
2002-06-07,— Belediyelere Yapılacak Yardımlara Dair Uygulama Yönetmeliği,https://www.resmigazete.gov.tr/eskiler/2002/06/20020607.htm#6
2002-06-07,— 4688 Sayılı Kamu Görevlileri Sendikaları Kanununa Göre Sendika Üye Sayılarının ve Her Hizmet Kolunda Yetkili Kamu Görevlileri Sendikaları ve Bunların Bağlı Bulundukları Konfederasyonların Belirlenmesine İlişkin Tebliğ,https://www.resmigazete.gov.tr/eskiler/2002/06/20020607.htm#7
2002-06-07,— Kırklareli İli Sınırları İçerisinde Orman Yangınlarının Önlenmesi Amacıyla Alınması Gereken Tedbirler Hak kında Karar (No : 2002/2),https://www.resmigazete.gov.tr/eskiler/2002/06/20020607.htm#8
2002-06-08,"— Devlet, Bayındırlık ve İskan, Tarım ve Köyişleri ile Enerji ve Tabii Kaynaklar Bakanlığına Ait Atama Kararları",https://www.resmigazete.gov.tr/eskiler/2002/06/20020608.htm#1
2002-06-08,"— İnsan Hakları Danışma Kurulunun Kuruluş,Görev ve İşleyişi ile İlgili Usul ve Esaslar Hakkında Yönetmelikte Değişiklik Yapılmasına Dair Yönetmelik",https://www.resmigazete.gov.tr/eskiler/2002/06/20020608.htm#2
2002-06-08,— Tarım Arazilerinin Korunması ve Kullanılmasına Dair Yönetmelikte Değişiklik Yapılmasına İlişkin Yönetmelik,https://www.resmigazete.gov.tr/eskiler/2002/06/20020608.htm#3
2002-06-08,— Motorlu Araçlar ve Römorklarının Belirli Sınıflarına Ait Paçalık Sistemleri ile İlgili Tip Onayı Yönetmeliği (91/226/AT),https://www.resmigazete.gov.tr/eskiler/2002/06/20020608.htm#4
2002-06-08,— N Sınıfı Motorlu Araçların Kabin Arka Panelinin Önündeki Dış Çıkıntılar ile İlgili Tip Onayı Yönetmeliği (92/114/AT),https://www.resmigazete.gov.tr/eskiler/2002/06/20020608.htm#5
2002-06-08,— Türk Standardları Enstitüsü Teftiş Kurulu Yönetmeliğinin Yürürlükten Kaldırılmasına Dair Yönetmelik,https://www.resmigazete.gov.tr/eskiler/2002/06/20020608.htm#6
2002-06-08,— İthalinde Tek Taraflı Kontrol Sistemi Kapsamında Kota Uygulanan Tekstil Ürünlerine Ait Kotaların İkinci Bölümünün Dağıtımı ve Yönetimine İlişkin Tebliğ (No : 2002/7),https://www.resmigazete.gov.tr/eskiler/2002/06/20020608.htm#7
2002-06-08,— Sıcak ve Soğuk Haddelenmiş Sac İthalatında Tarife Kontenjanı Uygulanmasına İlişkin Tebliğ,https://www.resmigazete.gov.tr/eskiler/2002/06/20020608.htm#8
2002-06-08,— Dış Ticaret Sermaye Şirketlerine İlişkin Karar,https://www.resmigazete.gov.tr/eskiler/2002/06/20020608.htm#9
2002-06-08,— Gümrük Vergisi Askıya Alınması Planlanan Ürünlere İlişkin Tebliğ (No: 2002/20),https://www.resmigazete.gov.tr/eskiler/2002/06/20020608.htm#10
2002-06-08,— Gümrük Genel Tebliği (Tarife-Sınıflandırma Kararları) (Seri No : 2),https://www.resmigazete.gov.tr/eskiler/2002/06/20020608.htm#11
2002-06-08,— Amasya İli Sınırları İçerisinde Orman Yangınlarının Önlenmesi Amacıyla Alınması Gereken Tedbirler Hakkında Karar (No: 1),https://www.resmigazete.gov.tr/eskiler/2002/06/20020608.htm#12
2002-06-08,"— Anayasa Mahkemesinin E : 1996/23 (4139 Sayılı Kanun ile İlgili), K : 1996/36 Sayılı Kararı",https://www.resmigazete.gov.tr/eskiler/2002/06/20020608.htm#13
2002-06-09,"Devlet Bakanı Dr. Yılmaz KARAKOYUNLU’ya, Devlet Bakanı Nejat ARSEVEN’in Vekâlet Etmesine Dair Tezkere",https://www.resmigazete.gov.tr/eskiler/2002/06/20020609.htm#1
2002-06-09,"— Tarım ve Köyişleri Bakanlığına, Sanayi ve Ticaret Bakanı Ahmet Kenan TANRIKULU’nun Vekâlet Etmesine Dair Tezkere",https://www.resmigazete.gov.tr/eskiler/2002/06/20020609.htm#2
2002-06-09,Atatürk Üniversitesi Öğretim ve Sınav Yönetmeliğinin Bazı Maddelerinde Değişiklik Yapılmasına Dair Yönetmelik,https://www.resmigazete.gov.tr/eskiler/2002/06/20020609.htm#3
2002-06-09,"— Pamukkale Üniversitesi Önlisans, Lisan s Eğitim-Öğretim ve Sınav Yönetmeliğinin Bazı Maddelerinde Değişiklik Yapılması Hakkında Yönetmelik",https://www.resmigazete.gov.tr/eskiler/2002/06/20020609.htm#4
2002-06-09,— Pamukkale Üniversitesi Lisansüstü Eğitim-Öğretim Yönetmeliğinin Bazı Maddelerinde Değişiklik Yapılması Hakkında Yönetmelik,https://www.resmigazete.gov.tr/eskiler/2002/06/20020609.htm#5
2002-06-09,— Pamukkale Üniversitesi Yaz Öğretimi Yönetmeliğinin 6 ncı ve 9 uncu Maddelerinde Değişiklik Yapılması Hakkında Yönetmelik,https://www.resmigazete.gov.tr/eskiler/2002/06/20020609.htm#6
2002-06-09,Eskişehir Valiliği Mahalli Çevre Kurulu Kararı (No : 5),https://www.resmigazete.gov.tr/eskiler/2002/06/20020609.htm#7
2002-06-09,Yargıtay 2. Hukuk Dairesine Ait 3 Adet Karar,https://www.resmigazete.gov.tr/eskiler/2002/06/20020609.htm#8
2002-06-10,"— Çalışma ve Sosyal Güvenlik Bakanlığına, Devlet Bakanı Mehmet KEÇECİLER’in Vekâlet Etmesine Dair Tezkere",https://www.resmigazete.gov.tr/eskiler/2002/06/20020610.htm#1
2002-06-10,"— Orman Bakanlığına, Kültür Bakanı M. İstemihan TALAY’ın Vekâlet Etmesine Dair Tezkere",https://www.resmigazete.gov.tr/eskiler/2002/06/20020610.htm#2
2002-06-10,— Balıkesir Üniversitesi Bor Araştırma ve Uygulama Merkezi Yönetmeliği,https://www.resmigazete.gov.tr/eskiler/2002/06/20020610.htm#3
2002-06-10,— Çağ Üniversitesi Ön Lisans ve Lisans Eğitim-Öğretim ve Sınav Yönetmeliğinin 19 uncu Maddesinin Değiştirilmesine Dair Yönetmelik,https://www.resmigazete.gov.tr/eskiler/2002/06/20020610.htm#4
2002-06-10,Gebze Yüksek Teknoloji Enstitüsü – Abay Almatı Devlet Üniversitesi Yenile nebilir Enerji Kaynakları Araştırma Merkezi Yönetmeliği,https://www.resmigazete.gov.tr/eskiler/2002/06/20020610.htm#5
2002-06-10,— İzmir Valiliği Mahalli Çevre Kurulu Kararı (No : 2002/1),https://www.resmigazete.gov.tr/eskiler/2002/06/20020610.htm#6
2002-06-10,— Tokat İli Sınırları İçerisinde Orman Yangınlarının Önlenmesi Amacıyla Alınması Gereken Tedbirler Hakkında Karar (2002/1),https://www.resmigazete.gov.tr/eskiler/2002/06/20020610.htm#7
2002-06-11,"— Devlet Bakanı ve Başbakan Yardımcısı Mesut YILMAZ’a, İçişleri Bakanı Rüştü Kazım YÜCELEN’in Vekâlet Etmesine Dair Tezkere",https://www.resmigazete.gov.tr/eskiler/2002/06/20020611.htm#1
2002-06-11,"— Devlet Bakanı Faruk BAL’a, Devlet Bakanı Prof. Dr. Ramazan MİRZAOĞLU’nu n Vekâlet Etmesine Dair Tezkere",https://www.resmigazete.gov.tr/eskiler/2002/06/20020611.htm#2
2002-06-11,"— Dışişleri Bakanlığına, Devlet Bakanı Prof. Dr. Şükrü S. GÜREL’in Vekâlet Etmesine Dair Tezkere",https://www.resmigazete.gov.tr/eskiler/2002/06/20020611.htm#3
2002-06-11,— Hükümlü Tamer ÇADIRCI ’nın Cezasının Kaldırılması Hakkında Karar (No: 2002/27),https://www.resmigazete.gov.tr/eskiler/2002/06/20020611.htm#4
2002-06-11,2002/4133 Kamu Konutları Yönetmeliğinde Değişiklik Yapılmasına Dair Yönetmelik,https://www.resmigazete.gov.tr/eskiler/2002/06/20020611.htm#7
2002-06-11,— Esnaf ve Sanatkar ile Tacir ve Sanayiciyi Belirleme Koordinasyon Kurulu Kararı (No : 11),https://www.resmigazete.gov.tr/eskiler/2002/06/20020611.htm#5
2002-06-11,— İthalatta Gözetim ve Korunma Önlemlerine İlişkin Tebliğ (No : 2002/4),https://www.resmigazete.gov.tr/eskiler/2002/06/20020611.htm#6
2002-06-12,4760 Özel Tüketim Vergisi Kanunu,https://www.resmigazete.gov.tr/eskiler/2002/06/20020612.htm#1
2002-06-12,2002/4195 Akaryakıt Tüketim Vergisi Tutarlarının Tespitine İlişkin Karar,https://www.resmigazete.gov.tr/eskiler/2002/06/20020612.htm#2
2002-06-12,"2002/4197 Antalya İli, Merkez İlçe, Pınarlı Belediye Başkanlığı’nın, Yapılacak Ara Seçim Sonucu Oluşacak Belediye Meclisince Başka n Vekili Seçilinceye Kadar Mansup Bele diye Başkanınca Yönetilmesi Hakkında Karar",https://www.resmigazete.gov.tr/eskiler/2002/06/20020612.htm#3
2002-06-12,"Dışişleri, Sağlık, Sanayi ve Ticaret ile Çevre Bakanlıklarına Ait Atama Kararları",https://www.resmigazete.gov.tr/eskiler/2002/06/20020612.htm#4
2002-06-12,— Başbakanlık Yüksek Denetleme Kurulu Personeli Görevde Yükselme Yönet meliği,https://www.resmigazete.gov.tr/eskiler/2002/06/20020612.htm#5
2002-06-12,"— Yapı, Tesis ve Onarım İşleri İhalelerine Katılma Yönetmeliğinde Değişiklik Yapılması Hakkında Yönetmelik",https://www.resmigazete.gov.tr/eskiler/2002/06/20020612.htm#6
2002-06-12,— Gıda Üretim ve Satış Yerleri Hakkında Yönetmelikte Değişiklik Yapılmasına Dair Yönetmelik,https://www.resmigazete.gov.tr/eskiler/2002/06/20020612.htm#7
2002-06-12,— Güzellik ve Estetik Amaçl ı Sağlık Kuruluşları Hakkında Yönetmelikte Değişiklik Yapılmasına Dair Yönetmelik,https://www.resmigazete.gov.tr/eskiler/2002/06/20020612.htm#8
2002-06-12,— Ölçü ve Ölçü Aletlerinin Damgalanması ve ya Damga Yerine Belge Verilmesi nin Usul ve Esasları Hakkında Yönetmeliğin 15 inci Maddesinde Değişiklik Yapılmasına Dair Yönet melik,https://www.resmigazete.gov.tr/eskiler/2002/06/20020612.htm#9
2002-06-12,— Bankacılık Sektörü Yeniden Yapılandırma Programının Uygulama Esas ve Usulleri Hakkında Yönetmelikte Değişiklik Yapılmasına İlişkin Yönetmelik,https://www.resmigazete.gov.tr/eskiler/2002/06/20020612.htm#10
2002-06-12,— Geri Dönüşümlü Ambalajlı Sularda Kullanılacak Hologramlı Shiringin Nite likleri ve Temin i Hakkında Tebliğ,https://www.resmigazete.gov.tr/eskiler/2002/06/20020612.htm#11
2002-06-12,"— Sermaye Piyasası Mevzuatı Çerçevesinde Değerleme Hizmeti Verecek Şirketlere ve Bu Şirketlerin Kurulca Listeye Alınmalarına İlişkin Esaslar Hakkında Tebliğde Değişiklik Yapılmasına Dair Tebliğ (Seri : VIII, No: 36)",https://www.resmigazete.gov.tr/eskiler/2002/06/20020612.htm#12
2002-06-13,2002/4138 Türkiye Cumhuriyeti Hükümeti ve Bulgaristan Cumhuriyeti Hükümeti Arasında Posta ve Telekomünikasyon Alanında İşbirliği İçin Anlaşma’nın Onaylanması Hakkında Karar,https://www.resmigazete.gov.tr/eskiler/2002/06/20020613.htm#1
2002-06-13,"2002/4153 Türkiye Cumhuriyeti Hükümeti ve Almanya Federal Cumhuriyeti Hükümeti Arasında Mali İşbirliği Anlaşmasının Onaylanması Hakkında Karar (Samsun Katı Atık Yönetimi, KOBİ Kredi Programı ve Destekleyici Önlemler)",https://www.resmigazete.gov.tr/eskiler/2002/06/20020613.htm#2
2002-06-13,"— Çevre Bakanlığına, Milli Eğitim Bakanı Metin BOSTANCIOĞLU’nun Vekâlet Etmesine Dair Tezkere",https://www.resmigazete.gov.tr/eskiler/2002/06/20020613.htm#3
2002-06-13,"— Danıştay Üyeliğine, Sanayi ve Ticaret Bakanlığı İç Ticaret Eski Genel Müdürü Osman ALPAK’ın Seçilmesine Dair Karar 2002/28)",https://www.resmigazete.gov.tr/eskiler/2002/06/20020613.htm#4
2002-06-13,"— Danıştay Üyeliğine, Çevre Bakanlığı 1. Hukuk Müşaviri Tacettin ŞİMŞEK'in Seçilmesine Dair Karar (2002/29)",https://www.resmigazete.gov.tr/eskiler/2002/06/20020613.htm#25
2002-06-13,— Hükümlü Ulaş GÖKTAŞ’ın Cezasının Kaldırılması Hakkında Karar (No : 2002/30),https://www.resmigazete.gov.tr/eskiler/2002/06/20020613.htm#5
2002-06-13,2002/4158 Ateşli Silahlar ve Bıçaklar ile Diğer Aletler Hakkında Yönetmelikte Değişiklik Yapılmasına Dair Yönetmelik,https://www.resmigazete.gov.tr/eskiler/2002/06/20020613.htm#6
2002-06-13,"— Başbakanlık Uzman Yardımcılığı Giriş ve Başbakanlık Uzmanlığı Yeterlik Sınavları ile Başbakanlık Uzman Yardımcıları ve Başbakanlık Uzmanlarının Atama, Yetiştirilme, Görev, Yetki ve Çalışma Usul ve Esasları Hakkında Yönetmelik",https://www.resmigazete.gov.tr/eskiler/2002/06/20020613.htm#7
2002-06-13,— Altyapılı Arsa Üretimi ve Bu Arsaların Tahsis Yoluyla Satışına İlişkin Uygulamaların Usul ve Esaslarına Dair Yönetmelik,https://www.resmigazete.gov.tr/eskiler/2002/06/20020613.htm#8
2002-06-13,— Vakıf Hayrat Taşınmazların Tahsisi Hakkında Yönetmeliğin 7 nci Maddesinde Değişiklik Yapılmasına Dair Yönetmelik,https://www.resmigazete.gov.tr/eskiler/2002/06/20020613.htm#9
2002-06-13,— Tekerlekli Tarım veya Orman Traktörlerinin Bazı Parçaları ve Özellikleri ile İlgili Tip Onayı Yönetmeliği (74/151/AT),https://www.resmigazete.gov.tr/eskiler/2002/06/20020613.htm#10
2002-06-13,— Petrol İşleri Genel Müdürlüğü Personelinin Görevde Yükselme Yönetmeliği,https://www.resmigazete.gov.tr/eskiler/2002/06/20020613.htm#11
2002-06-13,"— Finansal Yeniden Yapılandırma Çerçeve Anlaşmalarının Onaylanması, Kabulü ve Uygulanmasına İlişkin Genel Şartlar Hakkında Yönetmeliğin 9 uncu Maddesinin Değiştirilmesi Hakkında Yönetmelik",https://www.resmigazete.gov.tr/eskiler/2002/06/20020613.htm#12
2002-06-13,— Anadolu Üniversitesi Yurtdışında Yaşayan Türk Vatandaşlarının Sorunlarını Araştırma Me rkezi Yö netmeliği,https://www.resmigazete.gov.tr/eskiler/2002/06/20020613.htm#13
2002-06-13,— İstanbul Üniversitesi Yaz Öğretimi Yönetmeliğinin 8 inci Maddesinde Değişiklik Yapılmasına Dair Yönetmelik,https://www.resmigazete.gov.tr/eskiler/2002/06/20020613.htm#14
2002-06-13,— Sakarya Üniversitesi Arşiv Hizmetleri Yönetmeliği,https://www.resmigazete.gov.tr/eskiler/2002/06/20020613.htm#15
2002-06-13,— İşkolu Tespit Kararı (No : 2002/8),https://www.resmigazete.gov.tr/eskiler/2002/06/20020613.htm#16
2002-06-13,— Garanti Belgesi Uygulam a Esaslarına Dair Tebliğde Değişiklik Yapılması Hakkında Tebliğ (No : TRKGM-2002/2),https://www.resmigazete.gov.tr/eskiler/2002/06/20020613.htm#17
2002-06-13,— Mecburi Standard Tebliğinde Değişiklik Yapılmasına DairTebliğ (No : ÖSG-2002/37),https://www.resmigazete.gov.tr/eskiler/2002/06/20020613.htm#18
2002-06-13,— Mecburi Standard Tebliğinde Değişiklik Yapılmasına Dair Tebliğ (No : ÖSG-2002/38),https://www.resmigazete.gov.tr/eskiler/2002/06/20020613.htm#19
2002-06-13,— Orta Anadolu Makine ve Aksamları İhracatçıları Birliği Kurulmasına İlişkin Tebliğ (İhracat 2002/19),https://www.resmigazete.gov.tr/eskiler/2002/06/20020613.htm#20
2002-06-13,— Ankara İli Sınırları İçerisinde Orman Yangınlarının Önlenmesi Amacıyla Alınması Gereken Tedbirler Hakkında Karar (No : 2002/1),https://www.resmigazete.gov.tr/eskiler/2002/06/20020613.htm#21
2002-06-13,— Eskişehir İli Sınırları İçerisinde Orman Yangınlarının Önlenmesi Amacıyla Alınması Gereken Tedbirler Hakkında Karar (No : 2002/1),https://www.resmigazete.gov.tr/eskiler/2002/06/20020613.htm#22
2002-06-13,— Zonguldak İli Sınırları İçerisinde Orman Yangınlarının Önlenmesi Amacıyla Alınması Gereken Tedbirler Hakkında Karar (No : 2002/1),https://www.resmigazete.gov.tr/eskiler/2002/06/20020613.htm#23
2002-06-13,— Danıştay Üçüncü Dairesine Ait İki Adet Karar,https://www.resmigazete.gov.tr/eskiler/2002/06/20020613.htm#24
2002-06-14,"2002/4152 Tütün, Tütün Mamulleri ve Alkollü İçkiler Piyasası Düzenleme Kurumu’nun Gelirleri Hakkında Karar",https://www.resmigazete.gov.tr/eskiler/2002/06/20020614.htm#1
2002-06-14,2002/4165 Tarımsal Destekleme Politikaları Çerçevesinde Çiftçilere Doğrudan Gelir Desteği Sağlanması ve Kayıt Sisteminin Oluşturulmasına İliş kin Karar,https://www.resmigazete.gov.tr/eskiler/2002/06/20020614.htm#2
2002-06-14,"Devlet, Maliye, Milli Eğitim, Tarım ve Köyişleri, Kültür ile Çevre Bakanlıklarına Ait Atama Kararları",https://www.resmigazete.gov.tr/eskiler/2002/06/20020614.htm#3
2002-06-14,— Orta Doğu Teknik Üniversitesi Döner Sermaye İşletmesi Yönetmeliğinin 4 üncü Maddesinin Değiştirilmesi Hakkında Yönetmelik,https://www.resmigazete.gov.tr/eskiler/2002/06/20020614.htm#4
2002-06-14,— Maden Kanunu Gereğince Yapılacak Bazı Harcamalar ile Madencilik Sektö rüne Verilecek Kredilere İlişkin Esas ve Usuller,https://www.resmigazete.gov.tr/eskiler/2002/06/20020614.htm#5
2002-06-14,"— Anayasa Mahkemesini n E : 2002/97 (4756 Sayılı Kanun ile İlgili), K : 2002/9 Sayılı Kararı",https://www.resmigazete.gov.tr/eskiler/2002/06/20020614.htm#6
2002-06-15,"— Devlet Bakanı Mustafa YILMAZ’a, Devlet Bakanı Hasan GEMİCİ’nin Vekâlet Etmesine Dair Tezkere",https://www.resmigazete.gov.tr/eskiler/2002/06/20020615.htm#1
2002-06-15,"— Devlet Bakanı Dr. Reşat DOĞRU’ya, Bayındırlık ve İskan Bakanı Prof. Dr. Abdülkadir AKCAN’ın Vekâlet Etmesine Dair Tezkere",https://www.resmigazete.gov.tr/eskiler/2002/06/20020615.htm#2
2002-06-15,2002/4142 8/1/2002 Tarihli ve 4736 Sayılı Kanunun 1 inci Maddesinin Birinci Fıkrası Hükmünden Muaf Tutulacakların Tespitine Dair 2002/3654 Sayılı Kararnamenin Eki Karar’da Değişiklik Yapılmasına İlişkin Karar,https://www.resmigazete.gov.tr/eskiler/2002/06/20020615.htm#3
2002-06-15,2002/4166 Belgesiz İhracat Kredileri ile Vergi Resim Harç İstisnası Belgeleri Hakkında Karar,https://www.resmigazete.gov.tr/eskiler/2002/06/20020615.htm#4
2002-06-15,2002/4199 2002-2003 Dönemi Hububat Ürünü Alımı ve Satımı Hakkında Karar,https://www.resmigazete.gov.tr/eskiler/2002/06/20020615.htm#5
2002-06-15,— Hükümlü Mesut AVCI’nın Cezasının Kaldırılması Hakkında Karar (No : 2002/31),https://www.resmigazete.gov.tr/eskiler/2002/06/20020615.htm#6
2002-06-15,— İstanbul Menkul Kıymetler Borsası Hisse Senetleri Piyasası Yönetmeliğinde Değişiklik Yapılmasına Dair Yönetmelik,https://www.resmigazete.gov.tr/eskiler/2002/06/20020615.htm#7
2002-06-15,— İstanbul Menkul Kıymetler Borsası Yönetmeliğinde Değişiklik Yapılmasına Dair Yönetmelik,https://www.resmigazete.gov.tr/eskiler/2002/06/20020615.htm#8
2002-06-15,— İstanbul Menkul Kıymetler Borsası Uluslararası Pazar Yönetmeliğinde Değişiklik Yapılmasına Dair Yönetmelik,https://www.resmigazete.gov.tr/eskiler/2002/06/20020615.htm#9
2002-06-15,— İşkolu TespitKararı (No : 2002/7),https://www.resmigazete.gov.tr/eskiler/2002/06/20020615.htm#10
2002-06-15,— Uluslararası Gözetim Şirketleri Statüsüne İlişkin Karar (Dış Ticarette Standardizasyon : 2002/6),https://www.resmigazete.gov.tr/eskiler/2002/06/20020615.htm#11
2002-06-15,— İzmir İli Sınırları İçerisinde Orman Yangınlarının Önlenmesi Amacıyla Alınması Gereken Tedbirler Hakkında Karar (No : 2002/2),https://www.resmigazete.gov.tr/eskiler/2002/06/20020615.htm#12
2002-06-15,— İzmir İli Sınırları İçerisinde Bazı Orman Alanlarına Giriş ve Çıkışların Yasaklanması Hakkında Karar (No : 2002/3),https://www.resmigazete.gov.tr/eskiler/2002/06/20020615.htm#13
2002-06-16,2002/4176 İstanbul’daki Köprülerin ve Viyadüklerin Depreme Karşı Güçlendirilmesi Projesi’nin Finansmanı İçin Japan Bank For International Coopera tion (JBIC)’dan Sağlanacak Krediye İlişkin Türkiye ile Japonya Arasında Teati Edilen Notaların Onaylanması Hakkında Karar,https://www.resmigazete.gov.tr/eskiler/2002/06/20020616.htm#1
2002-06-16,2002/4171 Her Türlü Irk Ayrımcılığının Ortadan Kaldırılmasına İlişkin Uluslararası Sözleşmenin İlişik Beyan ve Çekinceler Konulmak Suretiyle Onaylanması Hakkında Karar,https://www.resmigazete.gov.tr/eskiler/2002/06/20020616.htm#2
2002-06-16,"— Devlet Bakanı Prof. Dr. Şükrü S. GÜREL’e, Devlet Bakanı Prof. Dr. Tunca TOSKAY’ın Vekâlet Etmesine Dair Tezkere",https://www.resmigazete.gov.tr/eskiler/2002/06/20020616.htm#3
2002-06-16,— Hazine Müsteşarlığı Hazine Kontrolörleri Kurulu Yönetmeliğinde Değişiklik Yapılması Hakkında Yönetmelik,https://www.resmigazete.gov.tr/eskiler/2002/06/20020616.htm#4
2002-06-17,"— Cumhurbaşkanlığına, Türkiye Büyük Millet Meclisi Başkanı Ömer İZGİ ‘nin Vekâlet Etmesine Dair Tezkere",https://www.resmigazete.gov.tr/eskiler/2002/06/20020617.htm#1
2002-06-17,"— Devlet Bakanı Mehmet KEÇECİLER’e,DevletBakanlığına, Devlet Bakanı Edip Safder GAYDALI’nın Vekâlet Etmesine Dair Tezkere",https://www.resmigazete.gov.tr/eskiler/2002/06/20020617.htm#2
2002-06-17,"— Milli Savunma Bakanlığına, Devlet Bakanı Prof. Dr. Şuayip ÜŞENMEZ’in Vekâlet Etmesine Dair Tezkere",https://www.resmigazete.gov.tr/eskiler/2002/06/20020617.htm#3
2002-06-17,"— Başbakanlık, Devlet, Adalet, Milli Savunma, Bayındırlık ve İskan, Enerji ve Tabii Kaynaklar ile Kültür Bakanlıklarına Ait Atama Kararları",https://www.resmigazete.gov.tr/eskiler/2002/06/20020617.htm#4
2002-06-17,— Sınır Tespitine Dair Karar,https://www.resmigazete.gov.tr/eskiler/2002/06/20020617.htm#5
2002-06-17,Türkiye Elektromekanik Sanayii A.Ş. (TEMSAN) Genel Müdürlüğü Kapsam Dışı Personelin Disiplin ve Sicil Yönetmeliği,https://www.resmigazete.gov.tr/eskiler/2002/06/20020617.htm#6
2002-06-18,— Atatürk Üniversitesi Yaz Okulu Yönetmeliği,https://www.resmigazete.gov.tr/eskiler/2002/06/20020618.htm#1
2002-06-18,— Vergi Usul Kanunu Genel Tebliği (Sıra No: 306),https://www.resmigazete.gov.tr/eskiler/2002/06/20020618.htm#2
2002-06-18,Tütün Üretiminden Vazgeçip Alternatif Ürün Yetiştiren Üreticilerin Desteklenmesine Dair Kararın Uygulanmasına İlişkin Tebliğ (No: 2002/36),https://www.resmigazete.gov.tr/eskiler/2002/06/20020618.htm#3
2002-06-18,"— Anayasa Mahkemesinin E: 2001/129 (TBMM İçtüzüğü Değişikliği ile İlgili), K: 2002/24 sayılı Kararı",https://www.resmigazete.gov.tr/eskiler/2002/06/20020618.htm#4
2002-06-18,DÜZELTME ( Altyapılı Arsa Üretimi ve Bu Arsaların Tahsis Yoluyla Satışına İlişkin Uygulamaların Usul ve Esaslarına Dair Yönetmelik ile İlgili),https://www.resmigazete.gov.tr/eskiler/2002/06/20020618.htm#5
2002-06-19,"2002/4157 Türkiye Cumhuriyeti Adalet Bakanlığı ile Hindistan Cumhuriyeti Hükümeti Hukuk, Adalet ve Şirket İşleri Bakanlığı Arasında İmzalanan İşbirliği Konusunda Protokol’un Onaylanması Hakkında Karar",https://www.resmigazete.gov.tr/eskiler/2002/06/20020619.htm#1
2002-06-19,"2002/4164 Türkiye Cumhuriyeti Hükümeti ile Çin Halk Cumhuriyeti Hükümeti Arasında İmzalanan Gümrük Alanında İşbirliği ve Karşılıklı İdari Yardım Anlaşması’nın, Türkiye Cumhuriyeti Ulaştırma Bakanlığı ile Çin Halk Cumhuriyeti Enformasyon Endüstrisi Bakanlığı Arasındaki Bilgi Teknolojisi Alanında İşbirliği Hakkında Mutabakat Zaptı’nın ve Türkiye Cumhuriyeti Tarım ve Köyişleri Bakanlığı ile Çin Halk Cumhuriyeti Tarım Bakanlığı Arasında İmzalanan Tarım Alanında İşbirliği Mutabakat Zaptı’nın Onaylanması Hakkında Karar",https://www.resmigazete.gov.tr/eskiler/2002/06/20020619.htm#2
2002-06-19,2002/4173 Türk-Alman İşbirliği Konseyi 8 inci Toplantısı Sonucunda İmzalanan “OrtakProtokol”un Onaylanması Hakkında Karar,https://www.resmigazete.gov.tr/eskiler/2002/06/20020619.htm#3
2002-06-19,2002/4184 Türk Cumhuriyeti-Suriye Arap Cumhuriyeti Turizm İşbirliği Anlaşması Beşinci Yürütme Programı 2002-2003’ün Onaylanması Hakkında Karar,https://www.resmigazete.gov.tr/eskiler/2002/06/20020619.htm#4
2002-06-19,2002/4185 Türk-Çin Karma Ekonomik ve Ticaret Komitesi Ondördüncü Dönem Toplantısı Mutabakat Zaptı’nın Onaylanması Hakkında Karar,https://www.resmigazete.gov.tr/eskiler/2002/06/20020619.htm#5
2002-06-19,"— Dışişleri Bakanlığına, Devlet Bakanı Prof. Dr. Şükrü S. GÜREL’in Vekâlet Etmesine Dair Tezkere",https://www.resmigazete.gov.tr/eskiler/2002/06/20020619.htm#6
2002-06-19,"— Orman Bakanlığına,Çevre Bakanı Fevzi AYTEKİN’in Vekâlet Etmesine Dair Tezkere",https://www.resmigazete.gov.tr/eskiler/2002/06/20020619.htm#7
2002-06-19,"— Kültür Bakanlığına, Milli Eğitim Bakanı Metin BOSTANCIOĞLU’nun Vekâlet Etmesine Dair Tezkere",https://www.resmigazete.gov.tr/eskiler/2002/06/20020619.htm#8
2002-06-19,2002/4198 Tıpta Uzmanlık Tüzüğü,https://www.resmigazete.gov.tr/eskiler/2002/06/20020619.htm#9
2002-06-19,2002/4155 599 Kişinin Türk Vatandaşlığının Kaybettirilmesi Hakkında Karar,https://www.resmigazete.gov.tr/eskiler/2002/06/20020619.htm#10
2002-06-19,"2002/4206 Birleşmiş Milletler Güvenlik Konseyi’nin, Terör Örgütlerinin ve Terörizmi Finanse Eden Kişi ve Kuruluşların Mal Varlıklarının Dondurulmasına İlişkin Kararlarının Uygulanması Hakkındaki 2001/3483 Sayılı Bakanlar Kurulu Kararı’nın Eki Listeye Bazı Kişilerin İlave Edilmesi Hakkında Karar",https://www.resmigazete.gov.tr/eskiler/2002/06/20020619.htm#11
2002-06-19,— Türk Silahlı Kuvvetleri Astsubay Sınıflandırma Yönetmeliğinin 3 üncü Maddesinde Değişiklik Yapılmasına Dair Yönetmelik,https://www.resmigazete.gov.tr/eskiler/2002/06/20020619.htm#12
2002-06-19,— Su Ürünleri Toptan ve Perakende Satış Yerleri Yönetmeliği,https://www.resmigazete.gov.tr/eskiler/2002/06/20020619.htm#13
2002-06-19,— Teknoloji Geliştirme Bölgeleri Uygulama Yönetmeliği,https://www.resmigazete.gov.tr/eskiler/2002/06/20020619.htm#14
2002-06-19,— Türkiye Barolar Birliği Avukatlık Kanunu Yönetmeliği,https://www.resmigazete.gov.tr/eskiler/2002/06/20020619.htm#15
2002-06-19,— Enerji Piyasası Düzenleme Kurumu Yerli ve Yabancı Uzman İstihdamına İlişkin Yönetmelikte Değişiklik Yapılmasına İlişkin Yönetmelik,https://www.resmigazete.gov.tr/eskiler/2002/06/20020619.htm#16
2002-06-19,— Afyon Kocatepe Üniversitesi Eğitim-Öğretim ve Sınav Yönetmeliğinin 8 inci Maddesinde Değişiklik Yapılması Hakkında Yönetmelik,https://www.resmigazete.gov.tr/eskiler/2002/06/20020619.htm#17
2002-06-19,— Atatürk Üniversitesi Ön Lisans ve Lisans Eğitim-Öğretim ve Sınav Yönetmeliğinin Bazı Maddelerinde Değişiklik Yapılmasına Dair Yönetmelik,https://www.resmigazete.gov.tr/eskiler/2002/06/20020619.htm#18
2002-06-19,— Kahramanmaraş Sütçü İmam Üniversitesi Lisansüstü Eğitim-Öğretim ve Sınav Yönetmeliğinin Bazı Maddelerinin Değiştirilmesine Dair Yönetmelik,https://www.resmigazete.gov.tr/eskiler/2002/06/20020619.htm#19
2002-06-19,— Süleyman Demirel Üniversitesi Hazırlık Eğitimi-Öğretimi ve Sınav Yönetmeliği,https://www.resmigazete.gov.tr/eskiler/2002/06/20020619.htm#20
2002-06-19,— Yıldız Teknik Üniversitesi Yabancı Diller Yüksekokulu Zorunlu Yabancı Dil Hazırlık Öğretim ve Sınav Yönetmeliği,https://www.resmigazete.gov.tr/eskiler/2002/06/20020619.htm#21
2002-06-19,— 2003 Yılı Bütçe Çağrısı,https://www.resmigazete.gov.tr/eskiler/2002/06/20020619.htm#22
2002-06-19,— 1416 Sayılı Kanun ve Buna Bağlı Yönetmelik Uyarınca Yurt Dışında Lisans ve Lisansüstü Öğretim Yapan Öğrencilere 2002 Malî Yılında Yapılacak Ödemelere İlişkin Esaslarla İlgili Tebliğ,https://www.resmigazete.gov.tr/eskiler/2002/06/20020619.htm#23
2002-06-19,— 2002 Yılı Mayıs Ayına Ait Dahilde İşleme İzin Belgelerinin Sektörel Dağılımı Hakkında Tebliğ,https://www.resmigazete.gov.tr/eskiler/2002/06/20020619.htm#24
2002-06-19,— 2002 Yılı Mayıs Ayına Ait Yurt İçi Satış Teslimler ile İlgili Belgelerin Sektörel Dağılımı Hakkında Tebliğ,https://www.resmigazete.gov.tr/eskiler/2002/06/20020619.htm#25
2002-06-19,— 2002 Yılı Mayıs Ayına Ait Hariçte İşleme İzin Belgelerinin Sektörel Dağılımı Hakkında Tebliğ,https://www.resmigazete.gov.tr/eskiler/2002/06/20020619.htm#26
2002-06-19,— 2002 Yılı Mayıs Ayına Ait Vergi Resim ve Harç İstisnası Belgelerinin Sektörel Dağılımı Hakkında Tebliğ,https://www.resmigazete.gov.tr/eskiler/2002/06/20020619.htm#27
2002-06-19,— Reklam Gelirleri Üst Kurul Payı Genel Tebliği (Seri No: 9),https://www.resmigazete.gov.tr/eskiler/2002/06/20020619.htm#28
2002-06-19,— Afyon İli Sınırları İçerisinde Orman Yangınlarının Önlenmesi Amacıyla Alınması Gereken Tedbirler Hakkında Karar (No: 2002/1),https://www.resmigazete.gov.tr/eskiler/2002/06/20020619.htm#29
2002-06-20,743 “Kuzeyden Keşif Harekatı”nın Görev Süresinin Uzatılmasına Dair Karar,https://www.resmigazete.gov.tr/eskiler/2002/06/20020620.htm#1
2002-06-20,"— Devlet Bakanı Prof. Dr. Şükrü S. GÜREL’e, Devlet Bakanı Prof. Dr. Tunca TOSKAY’ın Vekâlet Etmesine Dair Tezkere",https://www.resmigazete.gov.tr/eskiler/2002/06/20020620.htm#2
2002-06-20,"2002/4202 Türk İşbirliği ve Kalkınma İdaresi Başkanlığı Program Koordinasyon Ofislerinin Faaliyetleri, Program Koordinatörü Olarak Görevlendirilecek Personel ve Ödenecek Ücretler ile Yerel İhtiyaçlarının Sağlanmasına Dair Karar",https://www.resmigazete.gov.tr/eskiler/2002/06/20020620.htm#3
2002-06-20,2002/4221 Kadir Has Üniversitesi Rektörlüğü’ne Bağlı Olarak Kurulmuş Bulunan “Temel Bilimler Enstitüsü”nün Adının “Fen Bilimleri Enstitüsü” Olarak Değiştirilmesi Hakkında Karar,https://www.resmigazete.gov.tr/eskiler/2002/06/20020620.htm#4
2002-06-20,2002/4296 2002 Dönemi Haşhaş Kapsülü ve Tohumu Destekleme Alımı ve Satımı Hakkında Karar,https://www.resmigazete.gov.tr/eskiler/2002/06/20020620.htm#5
2002-06-20,— Türk Silâhlı Kuvvetleri Subay Sınıflandırma Yönetmeliğinin 3 üncü Maddesinde Değişiklik Yapılmasına Dair Yönetmelik,https://www.resmigazete.gov.tr/eskiler/2002/06/20020620.htm#6
2002-06-20,— Mevduat Kabulüne Yetkili Özel Sermayeli Bankaların Ara Dönem Mali Tablolarının Düzenlenmesine ve Yayımlanmasına İlişkin Yönetmelik,https://www.resmigazete.gov.tr/eskiler/2002/06/20020620.htm#7
2002-06-20,— İşkolu Tespit Kararı (No: 2002/9),https://www.resmigazete.gov.tr/eskiler/2002/06/20020620.htm#8
2002-06-20,— Dış Ticaret Sermaye Şirketlerine İlişkin Karar,https://www.resmigazete.gov.tr/eskiler/2002/06/20020620.htm#9
2002-06-21,"744 Daha Evvel (4) İlde Uzatılan Olağanüstü Halin (2) İlde Kaldırılmasına, (2) İlde Uzatılmasına Dair Karar",https://www.resmigazete.gov.tr/eskiler/2002/06/20020621.htm#1
2002-06-21,"2002/4253 Türkiye Cumhuriyeti, Bulgaristan Cumhuriyeti ve Romanya Hükümetleri Arasında, Acil İnsani Müdahale Alanında İşbirliği Hakkında Protokolun Onaylanması Hakkında Karar",https://www.resmigazete.gov.tr/eskiler/2002/06/20020621.htm#2
2002-06-21,"— Cumhurbaşkanlığına, Türkiye Büyük Millet Meclisi Başkanı Ömer İZGİ’nin Vekâlet Etmesine Dair Tezkere",https://www.resmigazete.gov.tr/eskiler/2002/06/20020621.htm#3
2002-06-21,"— Devlet Bakanı Dr. Kemal DERVİŞ’e, Orman Bakanı Prof. Dr. Nami ÇAĞAN’ın Vekâlet Etmesine Dair Tezkere",https://www.resmigazete.gov.tr/eskiler/2002/06/20020621.htm#4
2002-06-21,"— Dışişleri Bakanlığına, Devlet Bakanı ve Başbakan Yardımcısı H. Hüsamettin ÖZKAN’ın Vekâlet Etmesine Dair Tezkere",https://www.resmigazete.gov.tr/eskiler/2002/06/20020621.htm#5
2002-06-21,2002/4210 Ondokuz Mayıs Üniversitesi Rektörlüğüne Bağlı Olarak Amasya İlinde Fen-Edebiyat Fakültesi ve Ortadoğu Teknik Üniversitesi Rektörlüğüne Bağlı Olarak Uygulamalı Matematik Enstitüsü Kurulması Hakkında Karar,https://www.resmigazete.gov.tr/eskiler/2002/06/20020621.htm#6
2002-06-21,2002/4250 616 Kişiye Türk Vatandaşlığının Kaybettirilmesi Hakkında Karar,https://www.resmigazete.gov.tr/eskiler/2002/06/20020621.htm#7
2002-06-21,— Hükümlü Madımak ÖZEN’in Cezasının Kaldırılması Hakkında Karar (No: 2002/32),https://www.resmigazete.gov.tr/eskiler/2002/06/20020621.htm#8
2002-06-21,— Uluslararası Birimler Sistemine Dair Yönetmelik (80/181/AT),https://www.resmigazete.gov.tr/eskiler/2002/06/20020621.htm#9
2002-06-21,— Çevre Bakanlığı Personelinin Yer Değiştirme Suretiyle Atanmalarına İlişkin Yönetmelikte Değişiklik Yapılmasına Dair Yönetmelik,https://www.resmigazete.gov.tr/eskiler/2002/06/20020621.htm#10
2002-06-21,— Adnan Menderes Üniversitesi Arşiv Yönetmeliğinde Değişiklik Yapılmasına Dair Yönetmelik,https://www.resmigazete.gov.tr/eskiler/2002/06/20020621.htm#11
2002-06-22,4761 Bazı Kanunlarda Değişiklik Yapılması Hakkında Kanun,https://www.resmigazete.gov.tr/eskiler/2002/06/20020622.htm#1
2002-06-22,"— Devlet Bakanı Mehmet KEÇECİLER’e, Devlet Bakanı Edip Safder GAYDALI’nın Vekâlet Etmesine Dair Tezkere",https://www.resmigazete.gov.tr/eskiler/2002/06/20020622.htm#2
2002-06-22,"— Sağlık Bakanlığına, Tarım ve Köyişleri Bakanı Prof. Dr. Hüsnü Yusuf GÖKALP’in Vekâlet Etmesine Dair Tezkere",https://www.resmigazete.gov.tr/eskiler/2002/06/20020622.htm#3
2002-06-22,"— Ulaştırma Bakanlığına, Bayındırlık ve İskan Bakanı Prof. Dr.Abdülkadir AKCAN’ın Vekâlet Etmesine Dair Tezkere",https://www.resmigazete.gov.tr/eskiler/2002/06/20020622.htm#4
2002-06-22,"— Devlet, Adalet, Maliye, Sağlık, Enerji ve Tabii Kaynaklar, Turizm ve Çevre Bakanlıklarına Ait Atama Kararları",https://www.resmigazete.gov.tr/eskiler/2002/06/20020622.htm#5
2002-06-22,— Proje ve Kontrolluk İşlerinde Uygulanacak Fiyat Artış Oranları Hakkında Tebliğ,https://www.resmigazete.gov.tr/eskiler/2002/06/20020622.htm#6
2002-06-22,— Özelleştirme İdaresi Başkanlığının 2002/ÖİB-K-05 Sayılı Kararı,https://www.resmigazete.gov.tr/eskiler/2002/06/20020622.htm#7
2002-06-23,"2002/4252 Türkiye Cumhuriyeti Hükümeti ile Romanya Hükümeti Arasında İmzalanan,Çevre Korunması Alanında İşbirliği Anlaşması’nın Onaylanması Hakkında Karar",https://www.resmigazete.gov.tr/eskiler/2002/06/20020623.htm#1
2002-06-23,"— Devlet Bakanı ve Başbakan Yardımcısı Mesut YILMAZ’a, İçişleri Bakanı Rüştü Kazım YÜCELEN’in Vekâlet Etmesine Dair Tezkere",https://www.resmigazete.gov.tr/eskiler/2002/06/20020623.htm#2
2002-06-23,"— Devlet Bakanı Prof. Dr.Tunca TOSKAY’a, Devlet Bakanı Faruk BAL’ın Vekâlet Etmesine Dair Tezkere",https://www.resmigazete.gov.tr/eskiler/2002/06/20020623.htm#3
2002-06-23,"— Devlet Bakanı Dr. Reşat DOĞRU’ya, Devlet Bakanı Prof. Dr. Şuayip ÜŞENMEZ’in Vekâlet Etmesine Dair Tezkere",https://www.resmigazete.gov.tr/eskiler/2002/06/20020623.htm#4
2002-06-23,— Seyir Halindeki Gemilerde Daha İyi Tıbbi Hizmet Verilmesi İçin Gerekli Asgari Sağlık ve Güvenlik Koşulları Hakkında Yönetmelik,https://www.resmigazete.gov.tr/eskiler/2002/06/20020623.htm#5
2002-06-24,"2002/4236 14 Aralık 1972 Tarihli Avrupa Sosyal Güvenlik Sözleşmesinin 7 nci ve 26 ncı Maddeleri Uyarınca, 5 Nisan 1966 Tarihli Hollanda Krallığı ile Türkiye Cumhuriyeti Arasındaki Sosyal Güvenlik Sözleşmesinin Revizyonunu Amaçlayan Hollanda Krallığı ile Türkiye Cumhuriyeti Arasında İmzalanan Anlaşma’nın Onaylanması Hakkında Karar",https://www.resmigazete.gov.tr/eskiler/2002/06/20020624.htm#1
2002-06-24,— Atılım Üniversitesi Arşiv Hizmetleri Hakkında Yönetmelikte Değişiklik Yapılmasına Dair Yönetmelik,https://www.resmigazete.gov.tr/eskiler/2002/06/20020624.htm#2
2002-06-24,— İstanbul Üniversitesi Sürekli Tıp Eğitimi Araştırma ve Uygulama Merkezi (İSTEM) Yönetmeliği,https://www.resmigazete.gov.tr/eskiler/2002/06/20020624.htm#3
2002-06-25,2002/4305 İthalat Rejimi Kararına Ek Karar'ın Yürürlüğe Konulması Hakkında Karar,https://www.resmigazete.gov.tr/eskiler/2002/06/20020625.htm#1
2002-06-25,— Arsa Ofisi Kanununun 11 inci Maddesinin Uygulanması Hakkında Yönetmelik,https://www.resmigazete.gov.tr/eskiler/2002/06/20020625.htm#2
2002-06-25,"— Arsa Ofisi Genel Müdürlüğü Taşınmaz Mal İktisabı, Satışı, Kiraya Verilmesi, Devri, İntikali,Trampa ve İrtifak Hakkı Tesisine İlişkin Usul ve Esaslar Hakkında Yönetmelik",https://www.resmigazete.gov.tr/eskiler/2002/06/20020625.htm#3
2002-06-25,— Türk Silâhlı Kuvvetleri İç Hizmet Yönetmeliğinin 83 üncü ve 382 nci Maddelerinde Değişiklik Yapılmasına Dair Yönetmelik,https://www.resmigazete.gov.tr/eskiler/2002/06/20020625.htm#4
2002-06-25,— İyi Laboratuvar Uygulamaları Prensipleri ve Test Laboratuvarlarının Belgelen dirilmesine Dair Yönetmelik,https://www.resmigazete.gov.tr/eskiler/2002/06/20020625.htm#5
2002-06-25,— İyi Laboratuvar Uygulamalarının Denetlenmesi ve Çalışmaların Kontrolüne Dair Yönetmelik,https://www.resmigazete.gov.tr/eskiler/2002/06/20020625.htm#6
2002-06-26,"— Milli Eğitim Bakanlığına, Kültür Bakanı M.İstemihan TALAY’ın Vekâlet Etmesine Dair Tezkere",https://www.resmigazete.gov.tr/eskiler/2002/06/20020626.htm#1
2002-06-26,2002/4222 Milli Müdafaa Mükellefiyeti Tüzüğünde Değişiklik Yapılmasına İlişkin Tüzük,https://www.resmigazete.gov.tr/eskiler/2002/06/20020626.htm#2
2002-06-26,2002/4256 4458 Sayılı Gümrük Kanununun Bazı Maddelerinin Uygulanması Hakkında Kararda Değişiklik Yapılmasına Dair Karar,https://www.resmigazete.gov.tr/eskiler/2002/06/20020626.htm#3
2002-06-26,"2002/4302 Yeniden Yapılandırma Kurulu’nda Boş Bulunan Üyeliğe, Kalan Süreyi Tamamlamak Üzere, Burhan İşler (Devlet Bakanlığı Temsilcisi)’in Atanması Hakkında Karar",https://www.resmigazete.gov.tr/eskiler/2002/06/20020626.htm#4
2002-06-26,— Hâkimler ve Savcılar Yüksek Kuruluna Ait Karar,https://www.resmigazete.gov.tr/eskiler/2002/06/20020626.htm#5
2002-06-26,2002/4223 Sulama Alanlarında Arazi Düzenlenmesine Dair Tarım Reformu Kanunu Uygulama Yönetmeliğinde Değişiklik Yapılmasına İlişkin Yönetmelik,https://www.resmigazete.gov.tr/eskiler/2002/06/20020626.htm#6
2002-06-26,— Başbakanlık Konut Müsteşarlığı Teftiş Kurulu Yönetmeliği,https://www.resmigazete.gov.tr/eskiler/2002/06/20020626.htm#7
2002-06-26,— Gümrük Yönetmeliğinde Değişiklik Yapılmasına Dair Yönetmelik,https://www.resmigazete.gov.tr/eskiler/2002/06/20020626.htm#8
2002-06-26,— Yağlı Güreş Hakim Yönetmeliğinde Değişiklik Yapılmasına Dair Yönetmelik,https://www.resmigazete.gov.tr/eskiler/2002/06/20020626.htm#9
2002-06-26,— Yağlı Güreş Müsabaka Yönetmeliğinde Değişiklik Yapılmasına Dair Yönetmelik,https://www.resmigazete.gov.tr/eskiler/2002/06/20020626.htm#10
2002-06-26,— Bayındırlık ve İskan Bakanlığı Personelinin Yer Değiştirme Suretiyle Atanmalarına İlişkin Yönetmelikte Değişiklik Yapılmasına Dair Yönetmelik,https://www.resmigazete.gov.tr/eskiler/2002/06/20020626.htm#11
2002-06-26,— Zirai Mücadelede Kullanılan Pestisit ve Benzeri Maddelerin Ruhsatlandırılması Hakkında Yönetmelikte Değişiklik Yapılmasına Dair Yönetmelik,https://www.resmigazete.gov.tr/eskiler/2002/06/20020626.htm#12
2002-06-26,— Hâkimler ve Savcılar Yüksek Kuruluna Ait 3 Adet İlke Kararı,https://www.resmigazete.gov.tr/eskiler/2002/06/20020626.htm#13
2002-06-26,— Kurumlar Vergisi Genel Tebliği (Seri No: 76),https://www.resmigazete.gov.tr/eskiler/2002/06/20020626.htm#14
2002-06-27,"— Turizm Bakanlığına, Devlet Bakanı Nejat ARSEVEN’in Vekâlet Etmesine Dair Tezkere",https://www.resmigazete.gov.tr/eskiler/2002/06/20020627.htm#1
2002-06-27,2002/4229 3134 Kişinin Türk Vatandaşlığından Çıkmasına İzin Verilmesi Hakkında Karar,https://www.resmigazete.gov.tr/eskiler/2002/06/20020627.htm#2
2002-06-27,2002/4230 3041 Kişinin Türk Vatandaşlığından Çıkmasına İzin Verilmesi Hakkında Karar,https://www.resmigazete.gov.tr/eskiler/2002/06/20020627.htm#3
2002-06-27,2002/4262 Türkiye Cumhuriyet Merkez Bankası Anonim Şirketinin Esas Mukavelesinde Değişiklik Yapılmasına İlişkin Karar,https://www.resmigazete.gov.tr/eskiler/2002/06/20020627.htm#4
2002-06-27,"2002/4300 İstanbul İli, Beykoz İlçesi, Tokatköy Mahallesinde Bulunan ve Mülkiyeti Hazineye Ait Olan Taşınmaz Malların 4706 sayılı Kanunun 5 inci Maddesi Çerçevesinde Kullanılmak Üzere Tespiti Hakkında Karar",https://www.resmigazete.gov.tr/eskiler/2002/06/20020627.htm#5
2002-06-27,2002/4332 Telekomünikasyon Kurulu'nda Boş Bulunan Üyeliklere Yapılan Atamalar Hakkında Karar,https://www.resmigazete.gov.tr/eskiler/2002/06/20020627.htm#14
2002-06-27,— Enerji ve Tabii Kaynaklar Bakanlığı Arşiv Hizmetleri Yönetmeliği,https://www.resmigazete.gov.tr/eskiler/2002/06/20020627.htm#6
2002-06-27,— Vergi Usul Kanunu Genel Tebliği (Sıra No: 307),https://www.resmigazete.gov.tr/eskiler/2002/06/20020627.htm#7
2002-06-27,— Milli Emlak Genel Tebliği (Sıra No: 261),https://www.resmigazete.gov.tr/eskiler/2002/06/20020627.htm#8
2002-06-27,— Tasfiye İşletme Bölge Müdürlükleri Haberleşme Adresleri ve Sorumluluk Alanları Hakkında Tebliğ (No: 2002/1),https://www.resmigazete.gov.tr/eskiler/2002/06/20020627.htm#9
2002-06-27,— İşkolu Tespit Kararı (No: 2002/10),https://www.resmigazete.gov.tr/eskiler/2002/06/20020627.htm#10
2002-06-27,— Kamu İhale Tebliği (No: 2002/3),https://www.resmigazete.gov.tr/eskiler/2002/06/20020627.htm#11
2002-06-27,— Erzincan Valiliği Mahalli Çevre Kurulu Kararı (No: 2002/4),https://www.resmigazete.gov.tr/eskiler/2002/06/20020627.htm#12
2002-06-27,— Erzincan Valiliği Mahalli Çevre Kurulu Kararı (No: 2002/7),https://www.resmigazete.gov.tr/eskiler/2002/06/20020627.htm#13
2002-06-28,"4762 Millî Savunma Bakanlığı ile Kara, Deniz ve Hava Kuvvetleri Komutanlıklarına Bağlı Kurumlarda Döner Sermaye Teşkili ve İşletilmesine İlişkin Kanunda Değişiklik Yapılmasına Dair Kanun",https://www.resmigazete.gov.tr/eskiler/2002/06/20020628.htm#1
2002-06-28,4763 Türkiye Cumhuriyeti ile Avrupa Topluluğu Arasında Türkiye Cumhuriyetinin Topluluk Programlarına Katılmasının Genel İlkeleri Hakkında Çerçeve Anlaşmanın Onaylanmasının Uygun Bulunduğuna Dair Kanun,https://www.resmigazete.gov.tr/eskiler/2002/06/20020628.htm#2
2002-06-28,4764 20.5.1933 Tarihli ve 2197 Sayılı Kanunun 1 inci Maddesinde Yer Alan İçel Adının Mersin Olarak Değiştirilmesi Hakkında Kanun,https://www.resmigazete.gov.tr/eskiler/2002/06/20020628.htm#3
2002-06-28,4765 Avukatlık Kanununa Bir Geçici Madde Eklenmesine Dair Kanun,https://www.resmigazete.gov.tr/eskiler/2002/06/20020628.htm#4
2002-06-28,4766 Gülhane Askerî Tıp Akademisi Kanununda Değişiklik Yapılmasına Dair Kanun,https://www.resmigazete.gov.tr/eskiler/2002/06/20020628.htm#5
2002-06-28,"2002/4241 Çocuk Haklarına Dair Sözleşme’ye Ek Çocuk Satışı, Çocuk Fahişeliği ve Çocuk Pornografisi ile İlgili İhtiyari Protokol’ün Beyan Yapılmak Suretiyle Onaylanması Hakkında Karar",https://www.resmigazete.gov.tr/eskiler/2002/06/20020628.htm#6
2002-06-28,2002/4269 Milli Eğitim Bakanlığı Öğretmen ve Yöneticilerinin Ders ve Ek Ders Saatlerine İlişkin Esaslarda Değişiklik Yapılmasına Dair Esaslar’ın Yürürlüğe Konulması Hakkında Karar,https://www.resmigazete.gov.tr/eskiler/2002/06/20020628.htm#7
2002-06-28,2002/4273 4736 Sayılı Kanunun 1 inci Maddesinin Birinci Fıkrası Hükmünden Muaf Tutulacakların Tespitine Dair Karar’da Değişiklik Yapılmasına İlişkin Karar,https://www.resmigazete.gov.tr/eskiler/2002/06/20020628.htm#8
2002-06-28,2002/4285 Tarım Reformu Uygulama Alanı Toprak Normu Esasları’nın Yürürlüğe Konulması Hakkında Karar,https://www.resmigazete.gov.tr/eskiler/2002/06/20020628.htm#9
2002-06-28,"2002/4306 Haliç üniversitesi Rektörlüğü’ne Bağlı Olarak Fen Bilimleri Enstitüsü ve Sosyal Bilimler Enstitüsü, Karadeniz Teknik Üniversitesi Rektörlüğü’ne Bağlı Olarak Artvin Eğitim Fakültesi ile Zonguldak Karaelmas Üniversitesi Rektörlüğü’ne Bağlı Olarak Karabük İli Safranbolu İlçesi’nde Fethi Toker Güzel Sanatlar ve Tasarım Fakültesi Kurulması Hakkında Karar",https://www.resmigazete.gov.tr/eskiler/2002/06/20020628.htm#10
2002-06-28,"— İl Özel İdareleri, Belediyeler ve İl Özel İdareleri ve Belediyelerin Kurdukları Birlik, Müessese ve İşletmeler ile Bunlara Bağlı Döner Sermayeli Kuruluşlardaki Memurların Görevde Yükselme Esaslarına Dair Yönetmelikte Değişiklik Yapılması Hakkında Yönetmelik",https://www.resmigazete.gov.tr/eskiler/2002/06/20020628.htm#11
2002-06-28,— Hammadde ve Şeker Fiyatları Yönetmeliği,https://www.resmigazete.gov.tr/eskiler/2002/06/20020628.htm#12
2002-06-28,"— Kültür Bakanlığı Halk Kültürlerini Araştırma ve Geliştirme Genel Müdürlüğü Halk Kültürü Arşivi Belge Kabul, Kayıt ve Yararlanma Yönetmeliğinde Değişiklik Yapılmasına Dair Yönetmelik",https://www.resmigazete.gov.tr/eskiler/2002/06/20020628.htm#13
2002-06-28,— Asgari Ücret Tespit Komisyonu Kararı (No: 2002/1),https://www.resmigazete.gov.tr/eskiler/2002/06/20020628.htm#14
2002-06-28,— Asgari Ücret Tespit Komisyonu Kararı (No: 2002/2),https://www.resmigazete.gov.tr/eskiler/2002/06/20020628.htm#15
2002-06-28,— Hatay İli Sınırları İçerisinde Orman Yangınlarının Önlenmesi Amacıyla Alınması Gereken Tedbirler Hakkında Karar (No: 2002/1),https://www.resmigazete.gov.tr/eskiler/2002/06/20020628.htm#16
2002-06-29,742 İnsan Haklarını İnceleme Komisyonunun Türkiye Büyük Millet Meclisinin Tatili Sırasında Çalışabilmesine İlişkin Karar,https://www.resmigazete.gov.tr/eskiler/2002/06/20020629.htm#1
2002-06-29,2002/4297 Patent İşbirliği Antlaşması Yönetmeliğinde Değişiklikler’in Onaylanması Hakkında Karar,https://www.resmigazete.gov.tr/eskiler/2002/06/20020629.htm#2
2002-06-29,"— Devlet Bakanı Edip Safder GAYDALI’ya, Devlet Bakanı Mehmet KEÇECİLER’in Vekâlet Etmesine Dair Tezkere",https://www.resmigazete.gov.tr/eskiler/2002/06/20020629.htm#3
2002-06-29,2002/4369 193 Sayılı Gelir Vergisi Kanunu'nun 94 üncü Maddesinin Birinci Fıkrasının 8 Numaralı Bendinde Yer Alan Ödemelerden Yapılacak Vergi Tevkifatı Hakkında Karar,https://www.resmigazete.gov.tr/eskiler/2002/06/20020629.htm#4
2002-06-29,2002/4370 Dar Mükellefiyete Tabi Kurumların Tevkifata Tabi Kazanç ve İratlarından Yapılacak Tevkifat Nispetleri Hakkında Karar,https://www.resmigazete.gov.tr/eskiler/2002/06/20020629.htm#5
2002-06-29,— Yükseköğretim Kurulu Üyeliğine; Ankara Üniversitesi Ziraat Fakültesi Öğretim Üyesi Prof. Dr. Tahsin KESİCİ'nin Atanmasına Dair Karar,https://www.resmigazete.gov.tr/eskiler/2002/06/20020629.htm#6
2002-06-29,— Yükseköğretim Kurulu Üyesi Prof. Dr. Sait GÜRAN'ın Görev Süresinin Uzatılmasına Dair Karar,https://www.resmigazete.gov.tr/eskiler/2002/06/20020629.htm#12
2002-06-29,— T.C. Emekli Sandığı Genel Müdürlüğü Dinlenme ve Bakımevleri (Huzurevleri) İşletme Yönetmeliğinde Değişiklik Yapılmasına Dair Yönetmelik,https://www.resmigazete.gov.tr/eskiler/2002/06/20020629.htm#7
2002-06-29,— 2002 Mali Yılı Bütçe Uygulama Talimatı (Yaz Okulu-Tezsiz Yüksek Lisans Programları) (Sıra No: 11),https://www.resmigazete.gov.tr/eskiler/2002/06/20020629.htm#8
2002-06-29,— Tarımsal Ürünlerde İhracat İadesi Yardımlarına İlişkin Para-Kredi ve Koordinasyon Kurulu Tebliği (No: 2002/1),https://www.resmigazete.gov.tr/eskiler/2002/06/20020629.htm#9
2002-06-29,"— Aracı Kurumların Sermayelerine ve Sermaye Yeterliliğine İlişkin Esaslar Tebliğinde Değişiklik Yapılmasına Dair Tebliğ (Seri: V, No: 56)",https://www.resmigazete.gov.tr/eskiler/2002/06/20020629.htm#10
2002-06-29,"— Sermaye Piyasası Bağımsız Dış Denetleme Hakkında Yönetmelik Hükümlerine Göre Sürekli ve Sınırlı Denetlemeye Tabi Ortaklıklar ve Kuruluşların Belirlenmesi Hakkında Tebliğde Değişiklik Yapılmasına Dair Tebliğ (Seri: X, No: 18)",https://www.resmigazete.gov.tr/eskiler/2002/06/20020629.htm#11
2002-06-30,— Hacettepe Üniversitesi Tüketici-Pazar-Araştırma-Danışma Test ve Eğitim Merkezi (TÜPADEM) Yönetmeliği,https://www.resmigazete.gov.tr/eskiler/2002/06/20020630.htm#1
2002-06-30,— İstanbul Üniversitesi Veteriner Fakültesi Meslek Yüksekokulu Öğretim ve Sınav Yönetmeliği,https://www.resmigazete.gov.tr/eskiler/2002/06/20020630.htm#2
2002-06-30,— Serbest Bölgelerde Sağlık Sertifikalarının Düzenlenmesine Dair Usul ve Esaslar Hakkında Tebliğ (No: 2002/38),https://www.resmigazete.gov.tr/eskiler/2002/06/20020630.htm#3
2002-06-30,— Gıda Maddeleri ve Gıda ile Temas Eden Ambalaj Materyallerinin İthalatında Kontrol Belgesi Onaylanması ve İthalat Aşamasındaki Kontrol İşlemleri Hakkında Tebliğ (No: 2002/39),https://www.resmigazete.gov.tr/eskiler/2002/06/20020630.htm#4
2002-06-30,— Gümrük Ge nel Tebliği (Mahrece İade) (Seri No: 2),https://www.resmigazete.gov.tr/eskiler/2002/06/20020630.htm#5
2002-07-01,2002/4286 Türkiye Cumhuriyeti Adalet Bakanlığı ile Kırgız Cumhuriyeti Adalet Bakanlığı Arasında İşbirliği Konusunda Protokol’un Onaylanması Hakkında Karar,https://www.resmigazete.gov.tr/eskiler/2002/07/20020701.htm#1
2002-07-01,— Boğaziçi Üniversitesi Döner Sermaye İşletmesi Yönetmeliği,https://www.resmigazete.gov.tr/eskiler/2002/07/20020701.htm#2
2002-07-01,— Fırat Üniversitesi Uzaktan Eğitim Merkezi (FÜ-UZEM) Yönetmeliği,https://www.resmigazete.gov.tr/eskiler/2002/07/20020701.htm#3
2002-07-01,— Fırat Üniversitesi Eğitim-Öğretim ve Sınav Yönetmeliğinin 15 inci Maddesinde Değişiklik Yapılmasına Dair Yönetmelik,https://www.resmigazete.gov.tr/eskiler/2002/07/20020701.htm#4
2002-07-01,— 2002 Yılı Mayıs Ayına Ait Yatırım Teşvik Belgelerinin Sektörel Dağılımı Hakkında Tebliğ,https://www.resmigazete.gov.tr/eskiler/2002/07/20020701.htm#5
2002-07-01,— 2002 Yılı Mayıs Ayına Ait Yabancı Sermayeli Yatırım Teşvik Belgelerinin Sektörel Dağılımı Hakkında Tebliğ,https://www.resmigazete.gov.tr/eskiler/2002/07/20020701.htm#6
2002-07-01,— Mülga Dış Krediler Kur Farkı Fonu’ndan Kullanılmış Kredilere Uygulanacak Değişken Faiz Oranı Hakkında Tebliğ,https://www.resmigazete.gov.tr/eskiler/2002/07/20020701.htm#7
2002-07-02,2002/4307 Türkiye-Lübnan Kara Ulaştırması Ortak Komisyon Toplantısı Protokolü’nün Onaylanması Hakkında Karar,https://www.resmigazete.gov.tr/eskiler/2002/07/20020702.htm#1
2002-07-02,"Dışişleri Bakanlığına, Devlet Bakanı Prof. Dr. Şükrü S.GÜREL’ in Vekâlet Etmesine Dair Tezkere",https://www.resmigazete.gov.tr/eskiler/2002/07/20020702.htm#2
2002-07-02,— Orta Doğu Teknik Üniversitesi Petrol Araştırma Merkezi Yönetmeliği,https://www.resmigazete.gov.tr/eskiler/2002/07/20020702.htm#3
2002-07-02,— Orta Doğu Teknik Üniversitesi İnşaat Eğitim – Araştırma Merkezi Yönetmeliği,https://www.resmigazete.gov.tr/eskiler/2002/07/20020702.htm#4
2002-07-02,— 17/8/1999 ve 12/11/1999 Tarihlerinde Meydana Gelen Depremlerden Zarar Görenlerin Vergi Borçları ve Vergi Cezalarının Terkini Hakkında Genel Tebliğ (Sıra No: 2),https://www.resmigazete.gov.tr/eskiler/2002/07/20020702.htm#5
2002-07-02,— Marka Tescil Başvurularına Ait Mal ve Hizmetlerin Sınıflandırılmasına İlişkin Tebliğde Değişiklik Yapılmasına Dair Tebliğ (BİK/TPE: 2002/2),https://www.resmigazete.gov.tr/eskiler/2002/07/20020702.htm#6
2002-07-02,— Karaman İlinde Anız Yakılmasının Yasaklanması Hakkında Karar (No: 2002/3),https://www.resmigazete.gov.tr/eskiler/2002/07/20020702.htm#7
2002-07-03,4767 Toplu Konut Kanununda Değişiklik Yapılmasına İlişkin Kanun,https://www.resmigazete.gov.tr/eskiler/2002/07/20020703.htm#27
2002-07-03,4768 18 Mart Gününün Şehitler Günü ve 19 Eylül Gününün Gaziler Günü İlân Edilmesi Hakkında Kanun,https://www.resmigazete.gov.tr/eskiler/2002/07/20020703.htm#28
2002-07-03,2002/4220 Türk-Bulgar Ekonomik ve Teknik İşbirliği Karma Komitesi Onbeşinci Dönem Protokolu’nun Onaylanması Hakkında Karar,https://www.resmigazete.gov.tr/eskiler/2002/07/20020703.htm#1
2002-07-03,2002/4281 T ürkiye-Türkmenistan Kara Ulaştırması Karma Komisyon Toplantısı Protokolü’nün Onaylanması Hakkında Karar,https://www.resmigazete.gov.tr/eskiler/2002/07/20020703.htm#2
2002-07-03,"2002/4287 Türkiye Cumhur iyeti ile Danimarka Krallığı Arasında İmzalanan, Sosyal Güvenlik Sözleşmesi’nin ve Eki Protokol’un Onaylanması Hakkında Karar",https://www.resmigazete.gov.tr/eskiler/2002/07/20020703.htm#3
2002-07-03,"— Devlet Bakanı ve Başbakan Yardımcısı Mesut YILMAZ’a, İçişleri Bakanı Rüştü Kazım YÜCELEN’in Vek âlet Etmesine Dair Tezkere",https://www.resmigazete.gov.tr/eskiler/2002/07/20020703.htm#4
2002-07-03,"— Devlet Bakanı Prof. Dr. Tunca TOSKAY’a, DevletBakanı Faruk BAL’ın Vekâlet Etmesine Dair Tezkere",https://www.resmigazete.gov.tr/eskiler/2002/07/20020703.htm#5
2002-07-03,"Devlet Bakanı Nejat ARSEVEN’e, Enerji ve Tabii Kaynaklar Bakanı Zeki ÇAKAN’ın Vekâlet Etmesine Dair Tezkere",https://www.resmigazete.gov.tr/eskiler/2002/07/20020703.htm#6
2002-07-03,"— DevletBakanı Dr. Yılmaz KARAKOYUNLU’ya, Çalışma ve Sosyal Güvenlik Bakanı Yaşar OKUYAN’ın Vekâlet Etmesine Dair Tezkere",https://www.resmigazete.gov.tr/eskiler/2002/07/20020703.htm#7
2002-07-03,"— Kültür Bakanlığına, Devlet Bakanı Hasan GEMİCİ’nin Vekâlet Etmesine Dair Tezkere",https://www.resmigazete.gov.tr/eskiler/2002/07/20020703.htm#8
2002-07-03,"2002/4335 İthalatçı Birliklerinin Kuruluşu, İşleyişi, Çalışma Sahaları, Organları, Üyelerinin Hak ve Görevlerine Dair Kararda Değişiklik Yapılmasına İlişkin Karar",https://www.resmigazete.gov.tr/eskiler/2002/07/20020703.htm#9
2002-07-03,"— Anayasa Mahkemesi Asıl Üyeliğine, Yargıtay I. Ceza Dairesi Üyesi Mehmet ERTEN’in Seçilmesine Dair Kar ar (No : 2002/39)",https://www.resmigazete.gov.tr/eskiler/2002/07/20020703.htm#10
2002-07-03,"— Hâkimler ve Savcılar YüksekKurulu Asıl Üyeliğine, Yargıtay Üyesi Yaşar Engin SELİMOĞLU’nun Seçilmesine Dair Karar (No : 2002/40)",https://www.resmigazete.gov.tr/eskiler/2002/07/20020703.htm#11
2002-07-03,"— Hükümlüler; Özgül DEDE, Ayşe SARI, Yüksel DOĞAN ve Ayşe EREN'in Cezalarının Kaldırılmasına Dair Kararlar",https://www.resmigazete.gov.tr/eskiler/2002/07/20020703.htm#12
2002-07-03,"— Devlet, Milli Savunma, Maliye, Milli Eğitim, Bayındırlık ve İskan, Sağlık, Ulaştırma ile Tarım ve Köyişleri Bakanlıklarına Ait Atama Kararları",https://www.resmigazete.gov.tr/eskiler/2002/07/20020703.htm#13
2002-07-03,— Hâkimler v e Savcılar Yüksek Kuruluna Ait Atama Kararları,https://www.resmigazete.gov.tr/eskiler/2002/07/20020703.htm#29
2002-07-03,— Karayolu Trafik Garanti Sigortası Hesabı Yönetmeliği,https://www.resmigazete.gov.tr/eskiler/2002/07/20020703.htm#14
2002-07-03,— Makina ve Kimya Endüstrisi Kurumu Çankırı Silah Sanayi ve Ticaret Anonim Şirketi Arşiv Hizmetleri Yönetmeliğinde Değişiklik Yapılması Hakkında Yönetmelik,https://www.resmigazete.gov.tr/eskiler/2002/07/20020703.htm#15
2002-07-03,— Devlet Malzeme Ofisi Personeli Görevde Yükselme Yönetmeliği,https://www.resmigazete.gov.tr/eskiler/2002/07/20020703.htm#16
2002-07-03,— Meslekî ve Teknik Eğitim Yönetmeliği,https://www.resmigazete.gov.tr/eskiler/2002/07/20020703.htm#17
2002-07-03,— Bayındırlık ve İskan Bakanlığı Disiplin Amirleri Yönetmeliği,https://www.resmigazete.gov.tr/eskiler/2002/07/20020703.htm#18
2002-07-03,Bayındırlık ve İskan Bakanlığı Teknik Araştırma ve Uygulama Genel Müdürlüğü Döner Sermaye İşletmesi Yönetmeliğinin Bazı Maddelerinin Değiştirilmesine Dair Yönetmelik,https://www.resmigazete.gov.tr/eskiler/2002/07/20020703.htm#19
2002-07-03,— Zirai Karantina Yönetmeliği,https://www.resmigazete.gov.tr/eskiler/2002/07/20020703.htm#20
2002-07-03,Motorlu Araçlarda Kullanılan Dizel Motorlardan Çıkan Kirletici Emisyonlara Karşı Alınan Önlemler ile İlgili Tip Onayı Yönetmeliği (72/306/AT),https://www.resmigazete.gov.tr/eskiler/2002/07/20020703.htm#21
2002-07-03,— BOTAŞ Boru Hatları ile Petrol Taşıma A.Ş. Kapsam Dışı Personel Yönetmeliğinde Değişiklik Yapılması Hakkında Yönetmelik,https://www.resmigazete.gov.tr/eskiler/2002/07/20020703.htm#22
2002-07-03,— Türkiye Barolar Birliği Staj Kredi Yönetmeliğinin Bazı Maddelerinin Değiştirilmesine Dair Yönetmelik,https://www.resmigazete.gov.tr/eskiler/2002/07/20020703.htm#23
2002-07-03,"— PTT Personelinin Görevde Yükselme Esaslarına Dair Yönetmeliğin 6, 7 ve 18 inci Maddelerinde Değişiklik Yapılmasına Dair Yönetmelik",https://www.resmigazete.gov.tr/eskiler/2002/07/20020703.htm#24
2002-07-03,— Ege Üniversitesi Lisansüstü Eğitim ve Öğretim Yönetmeliği,https://www.resmigazete.gov.tr/eskiler/2002/07/20020703.htm#25
2002-07-03,— Dahilde İşleme Rejimi Tebliğinde Değişiklik Yapılması Hakkında Tebliğ (İh racat: 2002/2),https://www.resmigazete.gov.tr/eskiler/2002/07/20020703.htm#26
2002-07-04,— Hâkimler ve Savcılar Yüksek Kuruluna Ait Atama Kararı,https://www.resmigazete.gov.tr/eskiler/2002/07/20020704.htm#1
2002-07-04,— Türkiye Şeker Fabrikaları A.Ş. Genel Müdürlüğü Görevde Yükselme Yönetmeliğinde Değişiklik Yapılmasına Dair Yönetmelik,https://www.resmigazete.gov.tr/eskiler/2002/07/20020704.htm#2
2002-07-04,— Şeker Kurumu Bütçe ve Muhasebe Yönetmeliği,https://www.resmigazete.gov.tr/eskiler/2002/07/20020704.htm#3
2002-07-04,— Cumhuriyet Üniversitesi Önlisans ve Lisans Eğitim-Öğretim ve Sınav Yönetmeliğinin 19 uncu Maddesinde Değişiklik Yapılmasına Dair Yönet melik,https://www.resmigazete.gov.tr/eskiler/2002/07/20020704.htm#4
2002-07-04,— Cumhuriyet Üniversitesi Tıp Fakültesi Eğitim-Öğretim ve Sınav Yönetmeliğinde Değişiklik Yapılmasına Dair Yönetmelik,https://www.resmigazete.gov.tr/eskiler/2002/07/20020704.htm#5
2002-07-04,— Trakya Üniversitesi Lisansüstü Eğitim-Öğretim Yönetmeliğinin Bazı Maddelerinde Değişiklik Yapılmasına ve Bir Geçici Madde Eklenmesine Dair Yönetmelik,https://www.resmigazete.gov.tr/eskiler/2002/07/20020704.htm#6
2002-07-04,"— İzmir İlinde Bulunan Jeotermal Kaynakların Araştırılması, Kuyu Açılması ve İşletilmesi ile Ruhsatlandırılmasına İliş kin Esas ve Usullerinin Uygulan masına Dair Karar (No : 2002/1)",https://www.resmigazete.gov.tr/eskiler/2002/07/20020704.htm#7
2002-07-04,Yargıtay 2 ve 20. Hukuk Dairelerine Ait 4 Adet Karar,https://www.resmigazete.gov.tr/eskiler/2002/07/20020704.htm#8
2002-07-05,"Milli Savunma Bakanlığına, Devlet Bakanı Prof. Dr. Ramazan MİRZAOĞLU’nun Vekâlet Etmesine Dair Tezkere",https://www.resmigazete.gov.tr/eskiler/2002/07/20020705.htm#1
2002-07-05,"Maliye Bakanlığına, Devlet Bakanı Mehmet KEÇECİLER’in Vekâlet Etme sine Dair Tezkere",https://www.resmigazete.gov.tr/eskiler/2002/07/20020705.htm#2
2002-07-05,"— Sanay i ve Ticaret Bakanlığına, Tarım ve Köyişleri Bakanı Prof. Dr. Hüsnü Yusuf GÖKALP’in Vekâlet Etmesine Dair Tezkere",https://www.resmigazete.gov.tr/eskiler/2002/07/20020705.htm#3
2002-07-05,2002/4328 Tarım ve Köyişleri Bakanlığı Teftiş Kurulu Tüzüğünde Değişiklik Yapılmasına İlişkin Tüzük,https://www.resmigazete.gov.tr/eskiler/2002/07/20020705.htm#4
2002-07-05,200 2/4313 Akaryakıt Dağıtım ve Pazarlama Şirketlerinin Kurulmasına İlişkin Usul ve Esaslar Hakkında Karar ile Sıvılaştırılmış Petrol Gazı Dağıtım ve Pazarlama Şirketlerinin Kurulmasına İlişkin Usul ve Esaslar Hakkında Karar,https://www.resmigazete.gov.tr/eskiler/2002/07/20020705.htm#5
2002-07-05,"2002/4329 Tabii Afet Nedeniyle Hayatını Kaybeden, Sakat Kalan ve Fiilen Oturduğu Konutları veya Kullandıkları İş Yerleri Hasar Görenlere Yapılacak Yardımlara Dair Kararda Değişiklik Yapılmasına İlişkin Karar",https://www.resmigazete.gov.tr/eskiler/2002/07/20020705.htm#6
2002-07-05,2002/4331 Türkiye’de İmal Edilen Tıbbi ve İspençiyari Müstahzarlarla Galenik Preparatlar ve Kodeks Ampullerinin ve İthal Edilen İlaçların Fiyatlarına Dair Karar,https://www.resmigazete.gov.tr/eskiler/2002/07/20020705.htm#7
2002-07-05,2002/4338 Maliye Bakanlığı Maliye Yüksek Eğitim Merkezi Başkanlığı Bünyesinde (1) Adet Şube Müdürlüğü Kurulması ile Teftiş Kurulu Başkanlığı Bünyesinde Bulunan (1) Adet Şube Müdürlüğünün Kaldırılması Hakkında Karar,https://www.resmigazete.gov.tr/eskiler/2002/07/20020705.htm#8
2002-07-05,— Türkiye Elektrik Dağıtım Anonim Şirke ti Ge nel Müdürlüğü ve Bağlı Ortaklıkları Personeli Görevde Yükselme ve Yer Değiştirme Suretiyle Atanmalarına İlişkin Yönetmelik,https://www.resmigazete.gov.tr/eskiler/2002/07/20020705.htm#9
2002-07-05,— Akdeniz Üniversitesi Uzaktan Algılama Araştırma ve Uygulama Merkezi (AKUZAL) Yönetmeliği,https://www.resmigazete.gov.tr/eskiler/2002/07/20020705.htm#10
2002-07-05,"— Çukurova Üniversitesi Fen, Sa ğlık ve Sosyal Bilimler Enstitüleri Lisansüstü Eğitim ve Öğretim Yönetmeliğinde Değişiklik Yapılmasına Dair Yönetmelik",https://www.resmigazete.gov.tr/eskiler/2002/07/20020705.htm#11
2002-07-05,— Katma Değer Vergisi Genel Tebliği (Seri No : 86),https://www.resmigazete.gov.tr/eskiler/2002/07/20020705.htm#12
2002-07-05,Tahsilat Genel Tebliği (Seri No : 426),https://www.resmigazete.gov.tr/eskiler/2002/07/20020705.htm#13
2002-07-05,Tıbbi Sülük (Hirudo medicinalis) 2002 Yılı İhraç Kotasının Tahsisi Hakkında Tebliğ (No : 2002/40),https://www.resmigazete.gov.tr/eskiler/2002/07/20020705.htm#14
2002-07-06,"— Devlet Bakanı Dr. Kemal DERVİŞ’e, Orman Bakanı Prof. Dr. Nami ÇAĞAN’ın Vekâlet Etmesine Dair Tezkere",https://www.resmigazete.gov.tr/eskiler/2002/07/20020706.htm#1
2002-07-06,2002/4311 Türk Vatandaşlığı Kaybettirilen 34 Kişi Hakkındaki Hükmün İptali ve 5 Kişi ile İlgili Bazı Maddi Hataların Düzeltilmesi Hakkında Karar,https://www.resmigazete.gov.tr/eskiler/2002/07/20020706.htm#2
2002-07-06,"2002/4365 2002/2003 Pazarlama Yılında Nişasta Kökenli Şekerler İçin Şeker Kurulu Tarafından Ayrılan Kotanın, Sakaroz Kökenli Şekerler İçin Ayrılan Kotayla İlgilendirilmeksizin % 50 Oranında Artırılması Hakkında Karar",https://www.resmigazete.gov.tr/eskiler/2002/07/20020706.htm#3
2002-07-06,— Türkiye Elektrik Dağıtım A.Ş. (TEDAŞ) Genel Müdürlüğü Arşiv Hizmetleri Hakkında Yönetmelik,https://www.resmigazete.gov.tr/eskiler/2002/07/20020706.htm#4
2002-07-07,— Subay Sicil Yönetmeliğinin 98 inci Maddesinin Değiştirilmesine Dair Yönetmelik,https://www.resmigazete.gov.tr/eskiler/2002/07/20020707.htm#1
2002-07-07,— Astsubay Sicil Yönetmeliğinin 66 ncı Maddesinin Değiştirilmesine Dair Yönetmelik,https://www.resmigazete.gov.tr/eskiler/2002/07/20020707.htm#2
2002-07-07,— Türk Mühendis ve Mimar Odaları Birliği Makina Mühendisleri Odası İş Güvenliği Mühendis Yetkilendirme Yönetmeliği,https://www.resmigazete.gov.tr/eskiler/2002/07/20020707.htm#3
2002-07-07,"— Kocaeli Üniversitesi Yabancı Dil Hazırlık, Yabancı Dil Destek ve Yabancı Dil Tamamlama Programları Yönetmeliği",https://www.resmigazete.gov.tr/eskiler/2002/07/20020707.htm#4
2002-07-07,— Kamu Görevlileri Sendikalarının Üye Sayılarının Tespitine İlişkin Tebliğ,https://www.resmigazete.gov.tr/eskiler/2002/07/20020707.htm#5
2002-07-07,— Elazığ Valiliği Mahalli Çevre Kurulu Kararı (No : 2002 /2),https://www.resmigazete.gov.tr/eskiler/2002/07/20020707.htm#6
2002-07-07,— Elazığ Valiliği Mahalli Çevre Kurulu Kararı (No : 2002/5),https://www.resmigazete.gov.tr/eskiler/2002/07/20020707.htm#7
2002-07-08,"Milli Savunma Bakanlığına, Devlet Bakanı, Prof. Dr. Ramazan MİRZAOĞ LU’nun Vekâlet Etmesine Dair Tezkere",https://www.resmigazete.gov.tr/eskiler/2002/07/20020708.htm#1
2002-07-08,— Rekabet Kurulunun 00-14/135-67 Sayılı Kararı,https://www.resmigazete.gov.tr/eskiler/2002/07/20020708.htm#2
2002-07-08,— Rekabet Kurulunun 00-34/369-207 Say ılı Kararı,https://www.resmigazete.gov.tr/eskiler/2002/07/20020708.htm#3
2002-07-08,— Rekabet Kurulunun 00-50/534-296 Sayılı Kararı,https://www.resmigazete.gov.tr/eskiler/2002/07/20020708.htm#4
2002-07-08,— İç Ticaret : 2002/2,https://www.resmigazete.gov.tr/eskiler/2002/07/20020708.htm#5
2002-07-09,"2002/4310 Azerbaycan Cumhuriyeti, Gürcistan ve Türkiye Cumhuriye ti Arasında İmzalanan Terörizm, Örgütlü Suçlar ve Diğer Önemli Suçlarla Mücadele Anlaşması’nın Onaylanması Hakkında Karar",https://www.resmigazete.gov.tr/eskiler/2002/07/20020709.htm#1
2002-07-09,2002/4312 Holl anda-Türkiye Sosyal Güvenlik Sözleşmesinin Revizyonunu Amaçlayan ve Hakların Meşruluğunu İlgilendiren Ek Anlaşma’nın Onaylanması Hakkında Karar,https://www.resmigazete.gov.tr/eskiler/2002/07/20020709.htm#2
2002-07-09,"2002/4343 Türkiye-Kuveyt Ekonomik, Sınai ve Teknik İşbirliği Karma Komitesi Beşinci Dönem Toplantısı Mutabakat Zaptı’nın Onaylanması Hakkında Karar",https://www.resmigazete.gov.tr/eskiler/2002/07/20020709.htm#3
2002-07-09,2002/4344 Türkiye Cumhuriyeti Ulaştırma Bakanığı ile Rusya Federasyonu Ulaştırma Bakanlığı Heyet ler i Arasındaki Görüşme Protokolü’nün Onaylanması Hakkında Karar,https://www.resmigazete.gov.tr/eskiler/2002/07/20020709.htm#4
2002-07-09,2002/4351 Türkiye-Suriye Kara Ulaştırması Komisyon Toplantısı Protokolü’nün Onaylanması Hakkında Karar,https://www.resmigazete.gov.tr/eskiler/2002/07/20020709.htm#5
2002-07-09,2002/4352 Türkiye-Yemen Karma Komitesi İkinci Dönem Toplantısı Protokolü’nün Onaylanması Hak kında Karar,https://www.resmigazete.gov.tr/eskiler/2002/07/20020709.htm#6
2002-07-09,2002/4360 T ürkiye-Belarus Hükümetlerarası Karma Ekonomik Komisyonu III. Dönem Toplantısı Protokolu’nun Onaylanması Hakkında Karar,https://www.resmigazete.gov.tr/eskiler/2002/07/20020709.htm#7
2002-07-09,2002/4367 Yatırımlarda Devlet Yardımları Hakkında Karar,https://www.resmigazete.gov.tr/eskiler/2002/07/20020709.htm#8
2002-07-09,"— Marmara Üniversitesi Rektörlüğüne, Prof. Dr. A. Tunç EREM’in Atanmasına Dair Karar",https://www.resmigazete.gov.tr/eskiler/2002/07/20020709.htm#9
2002-07-09,— Geleneksel Güreş Dalları Müsabaka Yönetmeliği,https://www.resmigazete.gov.tr/eskiler/2002/07/20020709.htm#10
2002-07-09,— Kızak Sporu Yarışma Yönetmeliği,https://www.resmigazete.gov.tr/eskiler/2002/07/20020709.htm#11
2002-07-09,— Türkiye Esnaf ve Sanatkarlar Sicil Gazetesi Yönetmeliğinin Bazı Maddelerinde Değişiklik Yapılmasına Dair Yönetmelik,https://www.resmigazete.gov.tr/eskiler/2002/07/20020709.htm#12
2002-07-09,— Bankaların Kuruluş ve Faaliyetleri Hakkında Yönetmelikte Değişiklik Yapılmasına İlişkin Yönetmelik,https://www.resmigazete.gov.tr/eskiler/2002/07/20020709.htm#13
2002-07-09,— Devlet Hava Meydanları İşletmesi Genel Müdürlüğü Teftiş Kurulu Yönetmeliğinde Değişiklik Yapılmasına Dair Yönetme lik,https://www.resmigazete.gov.tr/eskiler/2002/07/20020709.htm#14
2002-07-09,— Türk Mühendis ve Mimar Odaları Birliği Makine Mühendisleri Odası Araçların LPG’ye Dönüşümü İçin Mühendis Yetkilendirme Yönetmeliği,https://www.resmigazete.gov.tr/eskiler/2002/07/20020709.htm#15
2002-07-09,— Erciyes Üniversitesi Önlisans ve Lisans Eğitim-Öğretim Yönetmeliği,https://www.resmigazete.gov.tr/eskiler/2002/07/20020709.htm#16
2002-07-09,— Veteriner Biyolojik Ürünlerin İthalatında Uyulacak Esaslar Hakkında Tebliğ (No: 2002/37),https://www.resmigazete.gov.tr/eskiler/2002/07/20020709.htm#17
2002-07-09,— Mecburi Standard: ÖSG-2002/39 Sayılı Tebliğ,https://www.resmigazete.gov.tr/eskiler/2002/07/20020709.htm#18
2002-07-09,— Mecburi Standard: ÖSG-2002/40 Sayılı Tebliğ,https://www.resmigazete.gov.tr/eskiler/2002/07/20020709.htm#19
2002-07-09,— Rekabet Kurulunun 00-28/301-170 Sayılı Kararı,https://www.resmigazete.gov.tr/eskiler/2002/07/20020709.htm#20
2002-07-09,— Rekabet Kurulunun 00-47/495-270 Sayılı Kararı,https://www.resmigazete.gov.tr/eskiler/2002/07/20020709.htm#21
2002-07-09,— Re kabet Kurulunun 00-50/536-298 Sayılı Kararı,https://www.resmigazete.gov.tr/eskiler/2002/07/20020709.htm#22
2002-07-09,— Rekabet Kurulunun 01-46/471-117 Sayılı Kararı,https://www.resmigazete.gov.tr/eskiler/2002/07/20020709.htm#23
2002-07-09,"— Anayasa Mahkemesinin E: 2000/51 (601 Sayılı Kanun Hükmünde Kararname ile İlgili), K: 2002/16 Sayılı Kararı",https://www.resmigazete.gov.tr/eskiler/2002/07/20020709.htm#24
2002-07-09,"— Anayasa Mahkemesinin E: 2002/103 (5434 Sayılı Kanun ile İlgili), K: 2002/54 Sayılı Kararı",https://www.resmigazete.gov.tr/eskiler/2002/07/20020709.htm#25
2002-07-09,— Yargıtay 20. Hukuk Dairesine Ait Karar,https://www.resmigazete.gov.tr/eskiler/2002/07/20020709.htm#26
2002-07-10,İstifa Eden ve İstifaları Kabul Edilen Bakanlar ve Yerlerine Yapılan Atamalar ile İlgili Tezkere,https://www.resmigazete.gov.tr/eskiler/2002/07/20020710.htm#1
2002-07-10,"2002/4374 Kamu İktisadi Teşebbüsleri ve Bağlı Ortaklıklarının, 2002 Yılına Ait Genel Yatırım ve Finansman Programında Değişiklik Yapılmasına İlişkin Karar",https://www.resmigazete.gov.tr/eskiler/2002/07/20020710.htm#9
2002-07-10,— Hükümlü Şerafettin ERONGAN’ın Cezasının Kaldırılması Hakkında Karar (No: 2002/42),https://www.resmigazete.gov.tr/eskiler/2002/07/20020710.htm#2
2002-07-10,"— Başbakanlık ile Adalet, Bayındırlık ve İskan, Tarım ve Köyişleri, Enerji ve Tabii Kaynaklar, Turizm Bakanlıklarına Ait Atama Kararları",https://www.resmigazete.gov.tr/eskiler/2002/07/20020710.htm#3
2002-07-10,— Hakimler ve Savcılar Yüksek Kuruluna Ait Atama Kararı,https://www.resmigazete.gov.tr/eskiler/2002/07/20020710.htm#4
2002-07-10,— Sınır Tesp itine Dair BirAdet Karar,https://www.resmigazete.gov.tr/eskiler/2002/07/20020710.htm#5
2002-07-10,2002/4373 Kamu Kurum ve Kuruluşlarının Daimi Kadrolarına İlk Defa İşçi Olarak Alınacaklar Hakkında Uygulanacak Sınav Yönetmeliğinde Değişiklik Yapılmasına Dair Yönetmelik,https://www.resmigazete.gov.tr/eskiler/2002/07/20020710.htm#10
2002-07-10,— Türk Mühendis ve Mimar Odaları Birliği Disiplin Yönetmeliği,https://www.resmigazete.gov.tr/eskiler/2002/07/20020710.htm#6
2002-07-10,— Atatürk Üniversitesi Tıp Fakültesi Eğitim-Öğretim ve Sınav Yönetmeliği,https://www.resmigazete.gov.tr/eskiler/2002/07/20020710.htm#7
2002-07-10,— Galatasaray Üniversitesi İngilizce Öğretim Yönetmeliğinin Geçici 1 inci Maddes inin Yürürlükten Kaldırılmasına Dair Yönetmelik,https://www.resmigazete.gov.tr/eskiler/2002/07/20020710.htm#8
2002-07-11,İstifa Eden ve İstifaları Kabul Edilen Bakanlar ve Yerlerine Yapılan Atamalar ile İlgili Tezkere,https://www.resmigazete.gov.tr/eskiler/2002/07/20020711.htm#1
2002-07-11,2002/4345 Türkiye Cumhuriyeti ile Slovak Cumhuriyeti Arasınd a Serbest Ticaret Anlaşması’na Ek Menşeli Ürünler Kavramının Tanımı ve İdari İşbirliği Yöntemlerine İlişkin Protokol 3’ü Değiştiren 2/2001 Sayılı Ortak Komite Kararı’nın Onaylanması Hakkında Karar,https://www.resmigazete.gov.tr/eskiler/2002/07/20020711.htm#2
2002-07-11,"— Devlet Bakanı ve Başbakan Yardımcısı Mesut YILMAZ’a, İçişleri Bakanı Rüştü Kazım YÜCELEN’in Vekâlet Etmesine Dair Tezkere",https://www.resmigazete.gov.tr/eskiler/2002/07/20020711.htm#3
2002-07-11,2002/4382 Kamu Personelinin Maaşlarının Hesabına Esas Tutulan Katsayıların Yeniden Tespiti ile Muhtelif Statülerde İstihdam Edilen Sözleşmeli Personelin Ücretlerinin Artırılmasına İlişkin Karar,https://www.resmigazete.gov.tr/eskiler/2002/07/20020711.htm#4
2002-07-11,— Gençlik ve Spor Genel Müdürlüğü Per soneli Görevde Yükselme Yönetme liğinin 26 ncı Maddesinde Değişiklik Yapılmasına Dair Yönetmelik,https://www.resmigazete.gov.tr/eskiler/2002/07/20020711.htm#5
2002-07-11,"Dış Proje Kredilerinin Dış Borç Kaydı, Bütçeleştirilmesi ve Muhasebeleştirilmesine İlişkin Esas ve Usuller Hakkında Yönetmelik",https://www.resmigazete.gov.tr/eskiler/2002/07/20020711.htm#6
2002-07-11,"— Yakalama, Gözaltına Alma ve İfade Alma Yönetmeliğinde Değişiklik Yapılmasına Dair Yönetmelik",https://www.resmigazete.gov.tr/eskiler/2002/07/20020711.htm#7
2002-07-11,— Patlayıcı Madde Ateşleyici Yeterlilik Belgesinin Verilmesi Esas ve Usulle rinin Belirlenmesi Hakkında Yönetmelik,https://www.resmigazete.gov.tr/eskiler/2002/07/20020711.htm#8
2002-07-11,"— Araç Muayene İstasyonlarının Açılması, İşletilmesi ve Araç Muayenesi Hakkında Yönetmelik",https://www.resmigazete.gov.tr/eskiler/2002/07/20020711.htm#9
2002-07-11,— Organik Tarımın Esasları ve Uygulanmasına İlişkin Yönetmelik,https://www.resmigazete.gov.tr/eskiler/2002/07/20020711.htm#10
2002-07-11,— AkdenizÜ niversitesi Zorunlu Yabancı Dil Hazırlık Eğitim-Öğretim ve Sınav Yönetmeliğinin 6 ncı ve 7 nci Maddelerinde Değişiklik Yapılmasına Dair Yönet melik,https://www.resmigazete.gov.tr/eskiler/2002/07/20020711.htm#11
2002-07-11,— Mecburi Standard : ÖSG-2002/43 Sayılı Tebliğ,https://www.resmigazete.gov.tr/eskiler/2002/07/20020711.htm#12
2002-07-11,— Dış Ticarette Standardizasyon Tebliğinde Değişiklik Yapılması Hakkında Tebliğ (No : 2002/17),https://www.resmigazete.gov.tr/eskiler/2002/07/20020711.htm#13
2002-07-11,— Gümrük Genel Tebliği (Gümrük İşlemleri) (Seri No : 14),https://www.resmigazete.gov.tr/eskiler/2002/07/20020711.htm#14
2002-07-11,— Gümrük Genel Tebliği (Gümrük İşlemleri) (Seri No : 15),https://www.resmigazete.gov.tr/eskiler/2002/07/20020711.htm#15
2002-07-11,— Gümrük Genel Tebliği (Gümrük İşlemleri) (Seri No : 16),https://www.resmigazete.gov.tr/eskiler/2002/07/20020711.htm#16
2002-07-11,— Ulusal Arama ve Kurtarma Plânına İlişkin Tebliğ (No : 2002/4),https://www.resmigazete.gov.tr/eskiler/2002/07/20020711.htm#17
2002-07-11,— DMO Ana Statüsünün 4. ve 22. Maddele ri Gereğince Teşekkül Eden Standardizasyon Komitesi Kararı (No : 1,https://www.resmigazete.gov.tr/eskiler/2002/07/20020711.htm#18
2002-07-12,2002/4214 4736 Sayılı Kanunun 1 inci Maddesinin Birinci Fıkrası Hükmünden Muaf Tutulacakların Tespitine Dair 28/1/2002 Tarihli ve 2002/3654 Sayılı Kararnamenin Eki Karar’da Değişiklik Yapılmasına İlişkin Karar’ın Yürürlüğe Konulması Hakkında Karar,https://www.resmigazete.gov.tr/eskiler/2002/07/20020712.htm#1
2002-07-12,— Hükümlü Murat CANDAR’ın Cezasının Kaldırılması Hakkında Karar (No: 2002/43),https://www.resmigazete.gov.tr/eskiler/2002/07/20020712.htm#2
2002-07-12,"— Adalet, Bayındırlık ve İskan ile Turizm Bakanlıklarına Ait Atama Kararları",https://www.resmigazete.gov.tr/eskiler/2002/07/20020712.htm#3
2002-07-12,Ha kimler ve Savcılar Yüksek Kuruluna Ait Atama Kararı,https://www.resmigazete.gov.tr/eskiler/2002/07/20020712.htm#4
2002-07-12,— Hacettepe Üniversitesi Yerbilimleri Uygu lama ve Araştırma Merkezi Yönetmeliğinin Bazı Maddelerinin Değiştirilmesi Hakkında Yönetmelik,https://www.resmigazete.gov.tr/eskiler/2002/07/20020712.htm#5
2002-07-12,— Rekabet Kurulunun 00-49/517-282 Sayılı Kararı,https://www.resmigazete.gov.tr/eskiler/2002/07/20020712.htm#6
2002-07-12,— Rekabet Kurulunun 00-49/518-283 Sayılı Kararı,https://www.resmigazete.gov.tr/eskiler/2002/07/20020712.htm#7
2002-07-12,— Rekabet Kurulunun 01-12/117-30 Sayılı Kararı,https://www.resmigazete.gov.tr/eskiler/2002/07/20020712.htm#8
2002-07-12,— Rekabet Kurulunun 01-15/140-36 Sayılı Kararı,https://www.resmigazete.gov.tr/eskiler/2002/07/20020712.htm#9
2002-07-13,"Dışişleri Bakanlığına Atanan Prof. Dr. Şükrü Sina GÜREL’den Boşalan Devlet Bakanlığına, Adana Milletvekili Tayyibe GÜLEK’in Atanmasına Dair Tezkere",https://www.resmigazete.gov.tr/eskiler/2002/07/20020713.htm#1
2002-07-13,"İstifa Eden ve İstifası Kabul Edilen İsmail CEM’den Boşalan Dışişleri Bakanlığına, Devlet Bakanı ve Başbakan Yardımcısı Prof. Dr. Şükrü Sina GÜREL’in Atanmasına Dair Tezkere",https://www.resmigazete.gov.tr/eskiler/2002/07/20020713.htm#2
2002-07-13,— Hakimler ve Savcılar Yüksek Kuruluna Ait Atama Kararı,https://www.resmigazete.gov.tr/eskiler/2002/07/20020713.htm#3
2002-07-13,— Selçuk Üniver sitesi Lisansüstü Eğitim ve Öğretim Yönetmeliği,https://www.resmigazete.gov.tr/eskiler/2002/07/20020713.htm#4
2002-07-14,— Türk Standardları Enstitüsü Personel Yönetmeliği,https://www.resmigazete.gov.tr/eskiler/2002/07/20020714.htm#1
2002-07-14,— Vergi Usul Kanunu Genel Tebliği (Sıra No: 308),https://www.resmigazete.gov.tr/eskiler/2002/07/20020714.htm#2
2002-07-14,— Dikey Anlaşmalara İlişkin Grup Muafiyeti Tebliği (No: 2002/2),https://www.resmigazete.gov.tr/eskiler/2002/07/20020714.htm#3
2002-07-15,— Türk Standardları Enstitüsü Personeli Görevde Yükselme Yönetmeliği,https://www.resmigazete.gov.tr/eskiler/2002/07/20020715.htm#1
2002-07-15,Çankaya Üniversitesi Hukuk Fakültesi Lisans Eğitim-Öğretim ve Sınav Yönetmeliği,https://www.resmigazete.gov.tr/eskiler/2002/07/20020715.htm#2
2002-07-15,— Çankaya Üniversitesi Lisans Eğitim-Öğretim Süresiyle Sınav ve Değerlendirme Esaslarına İlişkin Yönetmelikte Değişiklik Yapılmasına Dair Yönetmelik,https://www.resmigazete.gov.tr/eskiler/2002/07/20020715.htm#3
2002-07-15,— Gaziantep İli Sınırları İçerisinde Tek veya Çift Yüzlü Bıçaklar ile Saldırı ve Savunmada Kullanılan Her Türlü Kesici ve Delici Aletlerin Taşınmasının Yasaklanmasına Dair Karar,https://www.resmigazete.gov.tr/eskiler/2002/07/20020715.htm#4
2002-07-16,2002/4368 Yüksek Hakem Kurulu Asil ve Yedek Üyeliklerine Seçilenler Hakkında Karar,https://www.resmigazete.gov.tr/eskiler/2002/07/20020716.htm#1
2002-07-16,— Türkiye Lokomotif ve Motor Sanayii A.Ş. (TÜLOMSAŞ) Genel Müdürlüğü Teftiş Kurulu Yönetmeliğinin 9 ve 11 inci Maddelerinin Değiştirilmesi Hakkında Yönetmelik,https://www.resmigazete.gov.tr/eskiler/2002/07/20020716.htm#2
2002-07-16,— Celal Bayar Üniversitesi Lisansüstü Eğitim ve Öğretim Yönetmeliğinin 15 inci Maddesinin Değiştirilmesine Dair Yönetmelik,https://www.resmigazete.gov.tr/eskiler/2002/07/20020716.htm#3
2002-07-16,— Yüksek Planlama Kurulunun 2 003 Yılı Program ve Mali Yılı Bütçesi Makro Çerçeve Kararı (No: 2002/39),https://www.resmigazete.gov.tr/eskiler/2002/07/20020716.htm#4
2002-07-16,— Özelleştirme Yüksek Kurulunun 2002/40 Sayılı Kararı,https://www.resmigazete.gov.tr/eskiler/2002/07/20020716.htm#5
2002-07-16,— Rekabet Kurulunun 99-16/108-43 Sayılı Kararı,https://www.resmigazete.gov.tr/eskiler/2002/07/20020716.htm#6
2002-07-16,— Rekabet Kurulunun 01-15/140-35 Sayılı Kararı,https://www.resmigazete.gov.tr/eskiler/2002/07/20020716.htm#7
2002-07-16,— Rekabet Kurulunun 01-05/140-37 Sayılı Kararı,https://www.resmigazete.gov.tr/eskiler/2002/07/20020716.htm#8
2002-07-17,— Sosyal Hizmetler ve Çocuk Esirgeme Kurumu Döner Sermaye İşletmeleri Yönetmeliği,https://www.resmigazete.gov.tr/eskiler/2002/07/20020717.htm#1
2002-07-17,— Bayındırlık ve İskan Bakanlığı Personeli Görevde Yükselme Yönetmeliğinin 26 ncı Maddesinde Değişiklik Yapılması Hakkında Yönetmelik,https://www.resmigazete.gov.tr/eskiler/2002/07/20020717.htm#2
2002-07-17,— E nerji Piyasası Düzenleme Kurumu İhale Yönetmeliği,https://www.resmigazete.gov.tr/eskiler/2002/07/20020717.htm#3
2002-07-17,— Türk Mühendis ve Mimar Odaları Birliği Şehir Plancıları Odası Ana Yönetmeliği,https://www.resmigazete.gov.tr/eskiler/2002/07/20020717.htm#4
2002-07-17,— Galatasaray Üniversitesi Fen Bilimleri Enstitüsü Lisansüstü Eğitim ve Öğretim Yönetmeliğinin 11 ve 16 ncı Maddelerinin Değiş tirilmesine Dair Yönetmelik,https://www.resmigazete.gov.tr/eskiler/2002/07/20020717.htm#5
2002-07-17,"— Yüzüncü Yıl Üniversitesi Önlisans, Lisans Öğretim ve Sınav Yönetmeliğinin 21 inci Maddesinde Değişiklik Yapılması Hakkında Yönetmelik",https://www.resmigazete.gov.tr/eskiler/2002/07/20020717.htm#6
2002-07-17,— Yüzüncü Yıl Üniversitesi Tıp Fakültesi Öğretim ve Sınav Yönetmeliği,https://www.resmigazete.gov.tr/eskiler/2002/07/20020717.htm#7
2002-07-17,— Zonguldak Karaelma s Üniversitesi Uygulama ve Araştırma Hastanesi Yönetmeliğinde Değişiklik Yapılmasına Dair Yönetmelik,https://www.resmigazete.gov.tr/eskiler/2002/07/20020717.htm#8
2002-07-17,— 2821 Sayılı Sendikalar Kanunu Gereğince İşkollarındaki İşçi Sayıları ve Sendikaların Üye Sayılarına İlişkin 2002 Temmuz Ayı İstatistikleri Hakkında Tebliğ,https://www.resmigazete.gov.tr/eskiler/2002/07/20020717.htm#9
2002-07-17,— Mecburi Standard: ÖSG-2002/42 Sayılı Tebliğ,https://www.resmigazete.gov.tr/eskiler/2002/07/20020717.htm#10
2002-07-17,— Revize Edilen TS/3074 Kabuklu Fındık ve TS/3075 İç Fındık Standartlarının Dış Ticarette Zorunlu Uygulamaya Konulmasına İlişkin Tebliğ (No : 2002/19),https://www.resmigazete.gov.tr/eskiler/2002/07/20020717.htm#11
2002-07-17,— 2002 Haziran Ayı İçerisinde Verilen Yurt İçi Satış Teslimler ile İlgili Belgelerin Sektörel Dağılımı Hakkında Tebliğ,https://www.resmigazete.gov.tr/eskiler/2002/07/20020717.htm#12
2002-07-17,— 2002 Haziran Ayı İçerisinde Verilen Hariçte İşleme İzin Belgelerinin Sektörel Dağılımı Hakkında Tebliğ,https://www.resmigazete.gov.tr/eskiler/2002/07/20020717.htm#13
2002-07-17,— 2002 Haziran Ayı İçerisinde Verilen Vergi Resim ve Harç İstisnası Belgelerinin Sektörel Dağılımı Hakkında Tebliğ,https://www.resmigazete.gov.tr/eskiler/2002/07/20020717.htm#14
2002-07-17,— 2002 Haziran Ayı İçerisinde Verilen Dahilde İşleme İzin Belgelerinin Sektörel Dağılımı Hakkında Tebliğ,https://www.resmigazete.gov.tr/eskiler/2002/07/20020717.htm#15
2002-07-17,— Özelleştirme Yüksek Kurulunun 2002/41 Sayılı Kararı,https://www.resmigazete.gov.tr/eskiler/2002/07/20020717.htm#16
2002-07-17,— Rekabet Kurulunun 99-45/476-301 Sayılı Kararı,https://www.resmigazete.gov.tr/eskiler/2002/07/20020717.htm#17
2002-07-17,— Rekabet K urulunun 00-36/394-221 Sayılı Kararı,https://www.resmigazete.gov.tr/eskiler/2002/07/20020717.htm#18
2002-07-17,— Rekabet Kurulunun 01-05/41-9 Sayılı Kararı,https://www.resmigazete.gov.tr/eskiler/2002/07/20020717.htm#19
2002-07-18,2002/4416 Kamu Kurum ve Kuruluşlarının Daimi Kadrolarına İlk Defa İşçi Olarak Alınacaklar Hakkında Uygulanacak Sınav Yönetmeliğinde Değişiklik Yapılmasına Dair Yönetmelik,https://www.resmigazete.gov.tr/eskiler/2002/07/20020718.htm#1
2002-07-18,— Dokuz Eylül Üniversitesi Devlet Konservat uvarı Hazırlayıcı Birimler (Lise Devresi) Öğretim ve Sınav Yönetmeliğinin 36 ncı Maddesinde Değişiklik Yapılması Hakkında Yönetmelik,https://www.resmigazete.gov.tr/eskiler/2002/07/20020718.htm#2
2002-07-18,— 2003 Yılı Yatırım Programı Hazırlama Esasları Hakkında Genelge,https://www.resmigazete.gov.tr/eskiler/2002/07/20020718.htm#3
2002-07-19,"— Dışişleri Bakanlığı ve Başbakan Yardımcılığına, Milli Eğitim Bakanı Prof. Dr. Necdet TEKİN’in Vekâlet Etmesine Dair Tezkere",https://www.resmigazete.gov.tr/eskiler/2002/07/20020719.htm#1
2002-07-19,"— Devlet Bakanı Tayyibe GÜLEK’e, Devlet Bakanı M. Zeki SEZER’in Vekâ let Etmesine Dair Tezkere",https://www.resmigazete.gov.tr/eskiler/2002/07/20020719.htm#2
2002-07-19,"— Bayındırlık ve İskan Bakanlığına, Ulaştırma Bakanı Oktay VURAL’ın Vekâ let Etmesine Dair Tezkere",https://www.resmigazete.gov.tr/eskiler/2002/07/20020719.htm#3
2002-07-19,"— Çevre Bakanlığına, Orman Bakanı Prof. Dr. Nami ÇAĞAN’ın Vekâlet Etmesine Dair Tezkere",https://www.resmigazete.gov.tr/eskiler/2002/07/20020719.htm#4
2002-07-19,— Motorlu Araçların Karbon Dioksit Emisyonları ve Yakıt Tüketimi ile İlgili Tip Onayı Yönetmeliğinde Değişiklik Yapılmasına Dair Yönetmelik (80/1268/AT),https://www.resmigazete.gov.tr/eskiler/2002/07/20020719.htm#5
2002-07-19,Motorlu Araçların Motor Gücü ile İlgili Tip Onayı Yönetmeliğinde Değişiklik Yapılmasına Dair Yönetmelik (80/1269/AT),https://www.resmigazete.gov.tr/eskiler/2002/07/20020719.htm#6
2002-07-19,— Kadi r Has Üniversitesi Kuruluş ve Ana Teşkilat Yönetmeliği,https://www.resmigazete.gov.tr/eskiler/2002/07/20020719.htm#7
2002-07-19,— Kadir Has Üniversitesi Mütevelli Heyetinin Oluşumuna İlişkin Usul ve Esaslar Hakkında Yönetmelik,https://www.resmigazete.gov.tr/eskiler/2002/07/20020719.htm#8
2002-07-19,Hakkari ve Tunceli İllerinden Olağanüstü Hal Uygulamasının Kaldırılmasına Dair Tebliğ,https://www.resmigazete.gov.tr/eskiler/2002/07/20020719.htm#9
2002-07-20,"— Devlet Bakanı Dr. Kemal DERVİŞ’e, Maliye Bakanı Sümer ORAL’ın Vekâlet Etmesine Dair Tezkere",https://www.resmigazete.gov.tr/eskiler/2002/07/20020720.htm#1
2002-07-20,"2002/4378 Tütün, Tütün Mamulleri ve Alkollü İçkiler Piyasası Düzenleme Kurulu Başkan ve Üyeliklerine Yapılan Atamalar Hakkında Karar",https://www.resmigazete.gov.tr/eskiler/2002/07/20020720.htm#2
2002-07-20,"— Başbakanlık, Adalet, Maliye, Bayındırlık ve İskan, Tarım ve Köyişleri, Enerji ve Tabii Kaynaklar ile Orman Bakanlıklarına Ait Atama Kararları",https://www.resmigazete.gov.tr/eskiler/2002/07/20020720.htm#3
2002-07-20,— Sınır Tespitine Dair Üç Adet Karar,https://www.resmigazete.gov.tr/eskiler/2002/07/20020720.htm#4
2002-07-20,"2002/4425 Kamu İhale Kurumunun Teşkilatı ile Kurum Personelinin Mali ve Sosyal Hakları, Çalışma Usul ve Esasları Hakkında Yönetmelik",https://www.resmigazete.gov.tr/eskiler/2002/07/20020720.htm#5
2002-07-20,2002/4426 Kamu İhale Kurumu İhale Yönetmeliği,https://www.resmigazete.gov.tr/eskiler/2002/07/20020720.htm#6
2002-07-20,"— Tütün, Tütün Mamulleri ve Alkollü İçkiler Piyasası Düze nleme Kurumu Gelirleri Hakkında Tebliğ",https://www.resmigazete.gov.tr/eskiler/2002/07/20020720.htm#7
2002-07-20,— Uluslararası Gözetim Şirketleri Statasüne İlişkin Karar (Dış Ticarette Standar dizasyon : 2002/7),https://www.resmigazete.gov.tr/eskiler/2002/07/20020720.htm#8
2002-07-20,— Dış Ticarette Standardizasyon Tebliğinde Değişiklik Yapılması Hakkında Tebliğ (No : 2002/21),https://www.resmigazete.gov.tr/eskiler/2002/07/20020720.htm#9
2002-07-21,— H ükümlü Hasan GÜRBÜZER’in Cezasının Kaldırılmasına Dair Karar (No: 2002/44,https://www.resmigazete.gov.tr/eskiler/2002/07/20020721.htm#1
2002-07-21,— Mecburi Standard Tebliğinde Değişiklik Yapılmasına Dair Tebliğ,https://www.resmigazete.gov.tr/eskiler/2002/07/20020721.htm#6
2002-07-21,— Rekabet Kurulunun 99-31/280-169 Sayılı Kararı,https://www.resmigazete.gov.tr/eskiler/2002/07/20020721.htm#2
2002-07-21,— R ekabet Kurulunun 99-49/538-339 Sayılı Kararı,https://www.resmigazete.gov.tr/eskiler/2002/07/20020721.htm#3
2002-07-21,— Rekabet Kurulunun 99-58/628-402 Sayılı Kararı,https://www.resmigazete.gov.tr/eskiler/2002/07/20020721.htm#4
2002-07-21,— Kayseri Valiliği İl Umumi Hıfzıssıhha Kurulu Kararı,https://www.resmigazete.gov.tr/eskiler/2002/07/20020721.htm#5
2002-07-22,— Afyon Kocatepe Üniversitesi Çift Anadal ve Yandal Lisans Eğitim-Öğretim Programları Yönetmeliği,https://www.resmigazete.gov.tr/eskiler/2002/07/20020722.htm#1
2002-07-22,— Atatürk Üniversitesi Önlisans ve Lisans Eğitim-Öğretim ve Sınav Yönetmeliğinin Bazı Maddelerinin Değiştirilmesin e Dair Yönetmelik,https://www.resmigazete.gov.tr/eskiler/2002/07/20020722.htm#2
2002-07-22,— Atatürk Üniversitesi Ağrı Eğitim Fakültesi Lisans Eğitim-Öğretim ve Sınav Yönetmeliği,https://www.resmigazete.gov.tr/eskiler/2002/07/20020722.htm#3
2002-07-23,"— Devlet Bakanı Dr. Kemal DERVİŞ’e, Orman Bakanı Prof. Dr. Nami ÇAĞAN’ın Vekalet Etmesine Dair Tezkere",https://www.resmigazete.gov.tr/eskiler/2002/07/20020723.htm#1
2002-07-23,"— Tarım ve Köyişleri Bakanlığına, Sanayi ve Ticaret Bakanı Ahmet Kenan TAN RIKULU’nun Vekâlet Etmesine Dair Tezkere",https://www.resmigazete.gov.tr/eskiler/2002/07/20020723.htm#2
2002-07-23,2002/4393 Akaryakıt Tüketim Vergisi Tutarlarının Tespitine İlişkin Karar,https://www.resmigazete.gov.tr/eskiler/2002/07/20020723.htm#3
2002-07-23,— Yabancı Uyruklu Kişilerle Evlenen Subay v e Astsubaylar Hakkında Yönetmelikte Değişiklik Yapılmasına Dair Yönetmelik,https://www.resmigazete.gov.tr/eskiler/2002/07/20020723.htm#4
2002-07-23,— Sigorta Murakabe Kanununa İlişkin 6 Sayılı Tebliğ,https://www.resmigazete.gov.tr/eskiler/2002/07/20020723.htm#5
2002-07-23,— Rekabet Kurulunun 00-46/488-266 Sayılı Kararı,https://www.resmigazete.gov.tr/eskiler/2002/07/20020723.htm#6
2002-07-23,— Rekabet Kurulunun 00-48/507-275 Sayılı Kararı,https://www.resmigazete.gov.tr/eskiler/2002/07/20020723.htm#7
2002-07-23,— Rekabet Kurulunun 01-24/232-60 Sayılı Kararı,https://www.resmigazete.gov.tr/eskiler/2002/07/20020723.htm#8
2002-07-23,— Rekabet Kurulunun 01-25/243-65 Sayılı Kararı,https://www.resmigazete.gov.tr/eskiler/2002/07/20020723.htm#9
2002-07-24,"2002/4420 Türk-Etiyopya Ekonomik, Ticaret ve Teknik İşbirliği Karma Komisyonu İkinci Dönem Toplantısı Protokolünün Onaylanması Hakkında Karar",https://www.resmigazete.gov.tr/eskiler/2002/07/20020724.htm#1
2002-07-24,"Devlet Bakanı Dr. Reşat DOĞRU’ya, Devlet Bakanı Prof. Dr. Şuayip ÜŞENMEZ’in Vekâlet Etmesine Dair Tezkere",https://www.resmigazete.gov.tr/eskiler/2002/07/20020724.htm#2
2002-07-24,Çevre Denetimi Yönetmeliğinde Değişiklik Yapılmasına İlişkin Yönetmelik,https://www.resmigazete.gov.tr/eskiler/2002/07/20020724.htm#3
2002-07-24,Ziraat Mühendislerinin Hizmet Alanlarındaki Çalışmalarıyla İlgili Mesleki Denetim Uygulamal arı ve Disiplin Hükümleri Hakkında Yönetmelik,https://www.resmigazete.gov.tr/eskiler/2002/07/20020724.htm#4
2002-07-24,— Atatürk Üniversitesi Ziraat Fakültesi Lisans Eğitim - Öğretim ve Sınav Yönetmeliği,https://www.resmigazete.gov.tr/eskiler/2002/07/20020724.htm#5
2002-07-24,Atatürk Üniversitesi Eczacılık Fakültesi Lisans Eğitim-Öğretim ve Sınav Yönetmeliği,https://www.resmigazete.gov.tr/eskiler/2002/07/20020724.htm#6
2002-07-24,Atatürk Üniversitesi Diş Hekimliği Fakültesi Eğitim-Öğretim ve Sınav Yönetmeliği,https://www.resmigazete.gov.tr/eskiler/2002/07/20020724.htm#7
2002-07-24,— Atatürk Üniversitesi Güzel Sanatlar Fakültesi Lisans Eğitim-Öğretim ve Sınav Yönetmeliği,https://www.resmigazete.gov.tr/eskiler/2002/07/20020724.htm#8
2002-07-24,— Atatürk Üniversitesi Kâzım Karabekir Eğitim Fakültesi Lisans Eğitim - Öğretim ve Sınav Yönetmeliği,https://www.resmigazete.gov.tr/eskiler/2002/07/20020724.htm#9
2002-07-24,— Atatürk Üniversit esi İlahiyat Fakültesi Lisans Eğitim-Öğretim ve Sınav Yönetmeliği,https://www.resmigazete.gov.tr/eskiler/2002/07/20020724.htm#10
2002-07-24,— Atılım Üniversitesi İngilizce Hazırlık Okulu Yönetmeliğinin 2 nci Maddesinde Değişiklik Yapılması Hakkında Yönetmelik,https://www.resmigazete.gov.tr/eskiler/2002/07/20020724.htm#11
2002-07-24,— Dicle Üniversitesi Arşiv Hizmetleri Yönetmeliği,https://www.resmigazete.gov.tr/eskiler/2002/07/20020724.htm#12
2002-07-24,— Harran Üniversite si Lisansüstü Eğitim ve Öğretim Yönetmeliği,https://www.resmigazete.gov.tr/eskiler/2002/07/20020724.htm#13
2002-07-24,İstanbul Üniversitesi Cerrahpaşa Tıp Fakültesi Türkçe ve İngilizce Programları Öğretim ve Sınav Yönetmeliğinin Bazı Maddelerinin Değiştirilmesine Dair Yönetmelik,https://www.resmigazete.gov.tr/eskiler/2002/07/20020724.htm#14
2002-07-24,İzmir Yüksek Teknoloji Enstitüsü (İYTE) Öğrenci Kayıt-Kabul İşleri Yönetmeliğinin 14 üncü Maddesinde Değişiklik Yapılması Hakkında Yönetmelik,https://www.resmigazete.gov.tr/eskiler/2002/07/20020724.htm#15
2002-07-24,— 2002/48 Sayılı 2001 Yılı Ürünü Kütlü Pamuğun Tarım Satış Kooperatifleri ve Birlikleri ile Diğer Alıcılara Satışında Üreticilere Destekleme Primi Ödenmesine İlişkin Bakanlar Kurulu Kararı Uygulama Tebliği’nde Değişiklik Yapılması Hakkında Tebliğ (Tebliğ No: 2002/53),https://www.resmigazete.gov.tr/eskiler/2002/07/20020724.htm#16
2002-07-24,2002/47 Sayılı 2001 Yılı Ürünü Zeytinyağının Tarım Satış Kooperatifleri ve Birlikleri ile Diğer Alıcılara Satışında Üreticilere Destekleme Primi Ödenmesine İlişkin Bakanlar Kurulu Kararı Uygulama Tebliği’nde Değişiklik Yapılması Hakkında Tebliğ (Tebliğ No: 2002/54),https://www.resmigazete.gov.tr/eskiler/2002/07/20020724.htm#17
2002-07-24,— Rekabet Kurulunun 01-25/249-69 Sayılı Kararı,https://www.resmigazete.gov.tr/eskiler/2002/07/20020724.htm#18
2002-07-24,— Rekabet Kurulunun 01-28/275-79 Sayılı Kararı,https://www.resmigazete.gov.tr/eskiler/2002/07/20020724.htm#19
2002-07-24,— Rekabet Kurulunun 01-32/315-9 2 Sayılı Kararı,https://www.resmigazete.gov.tr/eskiler/2002/07/20020724.htm#20
2002-07-24,— Rekabet Kurulunun 01-63/645-171 Sayılı Kararı,https://www.resmigazete.gov.tr/eskiler/2002/07/20020724.htm#21
2002-07-25,2002/4429 Karabük Demir Çelik Sanayi ve Ticaret Anonim Şirketi’nin Kamu İktisadi Teşebbüslerine Olan Borçlarının Ödenebilmesini Sağlamak İçin Yeniden Yapılandırılması Hakkındaki Karar,https://www.resmigazete.gov.tr/eskiler/2002/07/20020725.htm#1
2002-07-25,— Hükümlü Gülay İNCESU’nun Cezasının Kaldırılmasına Dair Karar (2002/45),https://www.resmigazete.gov.tr/eskiler/2002/07/20020725.htm#2
2002-07-25,— Hükümlü Eylem YEŞİLBAŞ’ın Cezasının Kaldırılmasına Dair Karar (2002/46),https://www.resmigazete.gov.tr/eskiler/2002/07/20020725.htm#3
2002-07-25,"— Devlet, Milli Savunma, Maliye, Bayındırlık ve İskan, Ulaştırma, Tarım ve Köyişleri, Çalışma ve Sosyal Güvenlik, Sanayi ve Ticaret ile Enerji ve Tabii Kaynaklar Bakanlıklarına Ait Atama Kararları",https://www.resmigazete.gov.tr/eskiler/2002/07/20020725.htm#4
2002-07-25,2002/4412 Menkul Kıymetler Borsalarının Kuruluş ve Çalışma Esasları Hakkında Yönetmelikte Değişiklik Yapılmasına Dair Yönetmelik,https://www.resmigazete.gov.tr/eskiler/2002/07/20020725.htm#5
2002-07-25,— Gıda Üretim ve Satış Yerleri Hakkında Yönetmelikte Değişiklik Yapılmasına Dair Yönetmelik,https://www.resmigazete.gov.tr/eskiler/2002/07/20020725.htm#6
2002-07-25,— Atatürk Üniversitesi Fen-Edebiyat Fakültesi Lisans Eğitim-Öğretim ve Sınav Yönetmeliği,https://www.resmigazete.gov.tr/eskiler/2002/07/20020725.htm#7
2002-07-25,— Dış Ticarette Standardizasyon Tebliğinde Değişiklik Yapılması Hakkında Tebliğ (No: 2002/20),https://www.resmigazete.gov.tr/eskiler/2002/07/20020725.htm#8
2002-07-26,2002/4398 Türkiye Cumhuriyeti Hükümeti ile Kazakistan Cumhuriyeti Hükümeti Arasında Türkiye Cumhuriyeti Hükümeti Program Koordinasyon Ofisi Faaliyetine Dair Anlaşmanın Onaylanması Hakkında Karar,https://www.resmigazete.gov.tr/eskiler/2002/07/20020726.htm#1
2002-07-26,2002/4404 Türkiye Cumhuriyeti ve Mısır Arap Cumhuriyeti Arasında Yatırımların Karşılıklı Teşviki ve Korunmasına İlişkin Anlaşmanın Onaylanması Hakkında Karar,https://www.resmigazete.gov.tr/eskiler/2002/07/20020726.htm#2
2002-07-26,2002/4414 Türkiye ile Almanya Arasında Nota Teatisi Yoluyla Akdedilen Yerel Yönetim Hizmetlerine Nitelik Kazandırılması Konulu Projeye İlişkin Anlaşmanın Onaylanması Hakkında Karar,https://www.resmigazete.gov.tr/eskiler/2002/07/20020726.htm#3
2002-07-26,2002/4375 Türk Vatandaşlığından Çıkmasına İzin Verilen 631 Kişi Hakkındaki Hükümlerin İptaline Dair Karar,https://www.resmigazete.gov.tr/eskiler/2002/07/20020726.htm#4
2002-07-26,"2002/4394 3133 Kişinin Türk Vatandaşlığından Çıkmasına İzin Verilmesi, Türk Vatandaşlığından Çıkmalarına İzin Verilen 28 Kişiyle İlgili Bazı Maddi Hataların Düzeltilmesi Hakkında Karar",https://www.resmigazete.gov.tr/eskiler/2002/07/20020726.htm#5
2002-07-26,2002/4390 Binaların Yangından Korunması Hakkında Yönetmelik,https://www.resmigazete.gov.tr/eskiler/2002/07/20020726.htm#6
2002-07-26,— İthalatta Haksız Rekabetin Önlenmesine İlişkin Tebliğ (2002/7),https://www.resmigazete.gov.tr/eskiler/2002/07/20020726.htm#7
2002-07-26,— İthalatta Haksız Rekabetin Önlenmesine İlişkin Tebliğ (2002/8),https://www.resmigazete.gov.tr/eskiler/2002/07/20020726.htm#8
2002-07-26,— İthalatta Haksız Rekabetin Önlenmesine İlişkin Tebliğ (2002/9),https://www.resmigazete.gov.tr/eskiler/2002/07/20020726.htm#9
2002-07-26,— 2002 Yılı Haziran Ayına Ait Yatırım Teşvik Belgelerinin Sektörel Dağılımı Hakkında Tebliğ,https://www.resmigazete.gov.tr/eskiler/2002/07/20020726.htm#10
2002-07-26,— 2002 Yılı Haziran Ayına Ait Yabancı Sermayeli Yatırım Teşvik Belgeleri Hakkında Tebliğ,https://www.resmigazete.gov.tr/eskiler/2002/07/20020726.htm#11
2002-07-26,— Rekabet Kurulunun 99-13/99-40 Sayılı Kararının Karşı Oy Gerekçeleri,https://www.resmigazete.gov.tr/eskiler/2002/07/20020726.htm#12
2002-07-27,2002/4449 Kırıkkale Üniversitesi Rektörlüğüne Bağlı Olarak Diş Hekimliği Fakültesi Kurulması Hakkında Karar,https://www.resmigazete.gov.tr/eskiler/2002/07/20020727.htm#1
2002-07-27,— Hububat Depolama Birim Hacmi İçin Standart Kütlenin Ölçümüne Dair Yönetmelik (71/347 /AT),https://www.resmigazete.gov.tr/eskiler/2002/07/20020727.htm#2
2002-07-27,— Telekomünikasyon Kurumu Bütçe ve Muhasebe Yönetmeliğine Bir Madde Eklenmesine Dair Yönetmelik,https://www.resmigazete.gov.tr/eskiler/2002/07/20020727.htm#3
2002-07-27,— İstanbul Üniversitesi Su Ürünleri Fakültesi Su Ürünleri Meslek Yüksekokulu Öğretim ve Sınav Yönetmeliği,https://www.resmigazete.gov.tr/eskiler/2002/07/20020727.htm#4
2002-07-27,— Uluslararası Gözetim Şirketleri Statüsüne İlişkin Karar (Dış Ticarette Standardizasyon: 2002/8),https://www.resmigazete.gov.tr/eskiler/2002/07/20020727.htm#5
2002-07-27,— Yargıtay Birinci Hukuk Dairesine Ait Karar,https://www.resmigazete.gov.tr/eskiler/2002/07/20020727.htm#6
2002-07-27,— Yargıtay İkinci Hukuk Dairesine Ait Üç Adet Karar,https://www.resmigazete.gov.tr/eskiler/2002/07/20020727.htm#7
2002-07-27,— Yargıtay Onsekizinci Hukuk Dairesine Ait İki Adet Karar,https://www.resmigazete.gov.tr/eskiler/2002/07/20020727.htm#8
2002-07-27,— Askeri Yargıtay İçtihatları Birleştirme Kurulu Kararı,https://www.resmigazete.gov.tr/eskiler/2002/07/20020727.htm#9
2002-07-28,"— Sığır Cinsi Hayvanların Tanımlanması, Tescili ve İzlenmesi Yönetmeliği",https://www.resmigazete.gov.tr/eskiler/2002/07/20020728.htm#1
2002-07-28,— Yurtiçi ve Yurtdışı Acele Posta Servisi Yönetmeliği,https://www.resmigazete.gov.tr/eskiler/2002/07/20020728.htm#2
2002-07-29,— Milli Piyango İdaresi Genel Müdürlüğü Sayısal Oyunlar Yönetmeliğinin Bazı Maddelerinin Değiştirilmesi Hakkında Yönetmelik,https://www.resmigazete.gov.tr/eskiler/2002/07/20020729.htm#1
2002-07-29,— Dış Ticarette Standardizasyon Tebliği (No: 2002/22),https://www.resmigazete.gov.tr/eskiler/2002/07/20020729.htm#2
2002-07-29,— Rekabet Kurulunun 99-52/564-3 54 Sayılı Tebliği,https://www.resmigazete.gov.tr/eskiler/2002/07/20020729.htm#3
2002-07-29,— Rekabet Kurulunun 01-09/84-23 Sayılı Tebliği,https://www.resmigazete.gov.tr/eskiler/2002/07/20020729.htm#4
2002-07-29,— Rekabet Kurulunun 01-63/644-170 Sayılı Tebliği,https://www.resmigazete.gov.tr/eskiler/2002/07/20020729.htm#5
2002-07-30,2002/4480 Mal ve Hizmetlere Uygulanacak Katma Değer Vergisi Oranlarının Tespiti Hakkında Karar,https://www.resmigazete.gov.tr/eskiler/2002/07/20020730.htm#1
2002-07-30,"2002/4481 4760 Sayılı Özel Tüketim Vergisi Kanununa Ekli (I) Sayılı Listenin (B) Cetvelindeki Malların, (I) Sayılı Listeye Dahil Olmayan Malların İmalinde Kullanılmak Üzere İthalatçıları veya İmalatçıları Tarafından Tesliminde, Her Bir Kilogram İçin Belirlenen Özel Tüketim Vergisinin 15.000 Türk Lirasını Aşan Kısmının Tecil Edilm esi Hakkında Karar",https://www.resmigazete.gov.tr/eskiler/2002/07/20020730.htm#2
2002-07-30,2002/4482 Özel Tüketim Vergisi Tutarlarının Belirlenmesine Dair Karar,https://www.resmigazete.gov.tr/eskiler/2002/07/20020730.htm#3
2002-07-30,"2002/4505 Hampetrol ve Petrol Ürünlerinin Alım, Satım, Fiyatlandırma Esasları ile Akaryakıt Fiyat İstikrar Payı Alınması Hakkında Kararda Değişiklik Yapılmasına Dair Karar",https://www.resmigazete.gov.tr/eskiler/2002/07/20020730.htm#4
2002-07-30,2002/4506 6802 Sayılı Gider Vergileri Kanununun Değişik 33 üncü Maddesinde Yer Alan Banka ve Sigorta Muameleleri Vergisi Nispetlerinin Tespiti Hakkındaki 28/8/1998 Tarihli ve 98/11591 Sayılı Kararnamenin Eki Kararda Değişiklik Yapılmasına İlişkin Karar,https://www.resmigazete.gov.tr/eskiler/2002/07/20020730.htm#5
2002-07-30,— Hükümlü Osman Ali ÇÖPEL’in Cezasının Kaldırılmasına Dair Karar (No: 2002/47),https://www.resmigazete.gov.tr/eskiler/2002/07/20020730.htm#6
2002-07-30,— Hükümlü Mustafa GENÇ’in Cezasının Kaldırılmasına Dair Karar (No: 2002/48),https://www.resmigazete.gov.tr/eskiler/2002/07/20020730.htm#7
2002-07-30,— Yatırımlarda Devlet Yardımları Hakkında Kararın Uygulanmasına İlişkin Tebliğ (No : 2002/1),https://www.resmigazete.gov.tr/eskiler/2002/07/20020730.htm#8
2002-07-30,— Özel Tüketim Vergisi Genel Tebliği (Seri No : 1),https://www.resmigazete.gov.tr/eskiler/2002/07/20020730.htm#9
2002-07-30,— Aksaray Valiliği Mahalli Çevre Kurulu Kararı (No: 5),https://www.resmigazete.gov.tr/eskiler/2002/07/20020730.htm#10
2002-07-30,— Çorum Valiliği Mahalli Çevre Kurulu Kararı (2002/5),https://www.resmigazete.gov.tr/eskiler/2002/07/20020730.htm#11
2002-07-31,2002/4434 Türkiye Cumhuriyeti Başbakanlık Türk İşbirliği ve Kalkınma İdaresi Başkanlığı (TİKA) ve Özbekistan Cumhuriyeti Tarım ve Su İşleri Bakanlığı Arasında Tarım Alanında İşbirliği Protokolünün Onaylanması Hakkında Karar,https://www.resmigazete.gov.tr/eskiler/2002/07/20020731.htm#1
2002-07-31,2002/4445 Türkiye ile Almanya Arasında Nota Teatisi Yoluyla Akdedilen Erzurum’daki Binaların Enerji Etkinliğini Teşvik Etmek Konulu Projeye İlişkin Anlaşmanın Onaylanması Hakkında Karar,https://www.resmigazete.gov.tr/eskiler/2002/07/20020731.htm#2
2002-07-31,2002/4446 Türkiye Cumhuriyeti ile Kazakistan Cumhuriyeti Arasında Ulaştırma Karma Komisyon Protokolünün Onaylanması Hakkında Karar,https://www.resmigazete.gov.tr/eskiler/2002/07/20020731.htm#3
2002-07-31,2002/4448 Türkiye-Macaristan Kara Ulaştırması Karma Komisyon Toplantısı Protokolünün Onaylanması Hakkında Karar,http://
2002-07-31,2002/4479 Türkiye Cumhuriyeti ile Suriye Arap Cumhuriyeti Arasında Ortak Ulaştırma Komisyonu Anlaşma Muhtırasının Onaylanması Hakkında Karar,https://www.resmigazete.gov.tr/eskiler/2002/07/20020731.htm#5
2002-07-31,"Bayındırlık ve İskan, Ulaştırma, Sanayi ve Ticaret, Turizm ile Çevre Bakanlıklarına Ait Atama Kararları",https://www.resmigazete.gov.tr/eskiler/2002/07/20020731.htm#6
2002-07-31,— Gemiadamları Yönetmeliği,https://www.resmigazete.gov.tr/eskiler/2002/07/20020731.htm#7
2002-07-31,— Türk Mühendis ve Mimar Odaları Birliği Kimya Mühendisleri Odası Ana Yönetmeliği,https://www.resmigazete.gov.tr/eskiler/2002/07/20020731.htm#8
2002-07-31,— Atatürk Üniversitesi Beden Eğitimi ve Spor Yüksekokulu Lisans Eğitim-Öğretim ve Sınav Yönetmeliği,https://www.resmigazete.gov.tr/eskiler/2002/07/20020731.htm#9
2002-07-31,— Atatürk Üniversitesi Mühendislik Fakültesi Lisans Eğitim-Öğretim ve Sınav Yönetmeliğinin Bazı Maddelerinde Değişiklik Yapılmasına Dair Yönetmelik,https://www.resmigazete.gov.tr/eskiler/2002/07/20020731.htm#10
2002-07-31,— Atatürk Üniversitesi Erzurum Sağlık Yüksek Okulu Lisans Eğitim-Öğretim ve Sınav Yönetmeliği,https://www.resmigazete.gov.tr/eskiler/2002/07/20020731.htm#11
2002-07-31,— Atatürk Üniversitesi Hemşirelik Yüksekokulu Lisans Eğitim-Öğretim ve Sınav Yönetmeliği,https://www.resmigazete.gov.tr/eskiler/2002/07/20020731.htm#12
2002-07-31,— Atatürk Üniversitesi Erzincan Eğitim Fakültesi Lisans Eğitim-Öğretim ve Sınav Yönetmeliği,https://www.resmigazete.gov.tr/eskiler/2002/07/20020731.htm#13
2002-07-31,— Atatürk Üniversitesi İktisadi ve İdari Bilimler Fakültesi Lisans Eğitim-Öğretim ve Sınav Yönetmeliği,https://www.resmigazete.gov.tr/eskiler/2002/07/20020731.htm#14
2002-07-31,— Atatürk Üniversitesi Erzincan Sağlık Yüksekokulu Lisans Eğitim-Öğretim ve Sınav Yönetmeliği,https://www.resmigazete.gov.tr/eskiler/2002/07/20020731.htm#15
2002-07-31,— Kurumlar Vergisi Genel Tebliği (Seri No: 77),https://www.resmigazete.gov.tr/eskiler/2002/07/20020731.htm#16
2002-07-31,"— LPG’nin, Tüplü, Dökme ve Otogaz Olarak Kullanımı ve Kontrolleri Hakkında Tebliğde Değişiklik Yapılmasına Dair Tebliğ (PİGM-2002/1)",https://www.resmigazete.gov.tr/eskiler/2002/07/20020731.htm#17
2002-07-31,— Petrol Ürünleri İthalinde Uygulanacak Esaslar Hakkında Tebliğde Değişiklik Yapılmasına Dair Tebliğ (PİGM-2002/2),https://www.resmigazete.gov.tr/eskiler/2002/07/20020731.htm#18
2002-07-31,"— Hampetrol ve Petrol Ürünlerinin Alım, Satım, Fiyatlandırma Esasları ile Akaryakıt Fiyat İstikrar Payı Alınması Hakkında Kararın Uygulanmasına Dair Tebliğde Değişiklik Yapılması Hakkında Tebliğ (PİGM-2002/3)",https://www.resmigazete.gov.tr/eskiler/2002/07/20020731.htm#19
2002-07-31,— Bazı Tebliğlerin Yürürlükten Kaldırılmasına Dair Tebliğ (PİGM-2002/4),https://www.resmigazete.gov.tr/eskiler/2002/07/20020731.htm#20
2002-07-31,— Yerli Olarak Üretilen Solventlerin Yurt İçi Satışında Uygulanacak Usul ve Esaslar Hakkında Tebliğ (PİGM-2002/5),https://www.resmigazete.gov.tr/eskiler/2002/07/20020731.htm#21
2002-07-31,"— Solvent,Bazyağ ve Madeniyağ İthalinde Uygulanacak Usul ve Esaslar Hakkında Tebliğ (PİGM-2002/6)",https://www.resmigazete.gov.tr/eskiler/2002/07/20020731.htm#22
2002-07-31,— Doğrudan Gelir Desteği Ödemesi Yapılmasına ve Bu Amaçla Çiftçi Kayıt Sisteminin Oluşturulmasına İlişkin Tebliğ (No: 2002/41),https://www.resmigazete.gov.tr/eskiler/2002/07/20020731.htm#23
2002-08-01,"— Milletvekillerine, Yasama Organı Eski Üyelerine, Dışardan Atandıkları Bakanlık Görevi Sona Erenlere; Bunların Eşlerine, Bakmakla Yükümlü Oldukları Çocukları ile Ana ve Babalarına, Ölenlerin Dul ve Yetimlerine Tedavi Yardımı Yapılmasına Dair Yönetmelikte Değişiklik Yapılması Hakkında Yönetmelik",https://www.resmigazete.gov.tr/eskiler/2002/08/20020801.htm#1
2002-08-01,"— Transit Petrol Boru Hatları Kurulunun Toplanma, Çalışma Esas ve Usulleri Hakkında Yönetmelik",https://www.resmigazete.gov.tr/eskiler/2002/08/20020801.htm#2
2002-08-01,— Telekomünikasyon Kurumu Tarafından İşletmecilere Uygulanacak İdari Para Cezalarına İlişkin Yönetmelik,https://www.resmigazete.gov.tr/eskiler/2002/08/20020801.htm#3
2002-08-01,— İzmir Ekonomi Üniversitesi Yaz Öğretimi Yönetmeliği,https://www.resmigazete.gov.tr/eskiler/2002/08/20020801.htm#4
2002-08-01,— Uludağ Üniversitesi Sosyal Bilimler Enstitüsü Lisansüstü Eğitim-Öğretim ve Sınav Yönetmeliğinin Bazı Maddelerinde Değişiklik Yapılmasına Dair Yönetmelik,https://www.resmigazete.gov.tr/eskiler/2002/08/20020801.htm#5
2002-08-01,— Uludağ Üniversitesi Öğrenci Kültür-Sanat ve Spor Etkinlikleri Yönetmeliğinde Değişiklik Yapılmasına Dair Yönetmelik,https://www.resmigazete.gov.tr/eskiler/2002/08/20020801.htm#6
2002-08-01,— Uludağ Üniversitesi Kredili Önlisans ve Lisans Öğretim Yönetmeliğinde Değişiklik Yapılmasına Dair Yönetmelik,https://www.resmigazete.gov.tr/eskiler/2002/08/20020801.htm#7
2002-08-01,— Yeditepe Üniversitesi Diş Hekimliği Fakültesi Lisans Eğitim-Öğretim ve Sınav Yönetmeliğinin 20 nci Maddesinde Değişiklik Yapılmasına Dair Yönetmelik,https://www.resmigazete.gov.tr/eskiler/2002/08/20020801.htm#8
2002-08-01,— Yeditepe Üniversitesi Önlisans ve Lisans Eğitim-Öğretim ve Sınav Yönetmeliğinin 58 inci Maddesinde Değişiklik Yapılmasına Dair Yönetmelik,https://www.resmigazete.gov.tr/eskiler/2002/08/20020801.htm#9
2002-08-01,— Yeditepe Üniversites i Lisans Burs Yönetmeliğinin 11 inci Maddesinde Değişiklik Yapılmasına Dair Yönetmelik,https://www.resmigazete.gov.tr/eskiler/2002/08/20020801.htm#10
2002-08-01,— Küçük ve Orta Ölçekli İşletmelerin Yatırımlarında Devlet Yardımları Hakkında Karar ve Tebliğ Hükümlerinin Uygulanmasına İlişkin Genelge (No: 2002/1),https://www.resmigazete.gov.tr/eskiler/2002/08/20020801.htm#11
2002-08-01,— Dış Ticarette Standardizasyon tebliğinde Değişiklik Yapılmasına Dair Tebliğ (No: 2002/23),https://www.resmigazete.gov.tr/eskiler/2002/08/20020801.htm#12
2002-08-01,— Rekabet Kurulunun 00-24/245-132 Sayılı Kararı,https://www.resmigazete.gov.tr/eskiler/2002/08/20020801.htm#13
2002-08-01,— Rekabet Kurulunun 00-33/355-199 Sayılı Kararı,https://www.resmigazete.gov.tr/eskiler/2002/08/20020801.htm#14
2002-08-01,— Rekabet Kurulunun 01-06/46-11 Sayılı Kararı,https://www.resmigazete.gov.tr/eskiler/2002/08/20020801.htm#15
2002-08-01,"— Kırşehir İlinde Bulunan Jeotermal Kaynakların Araştırılması, Kuyu Açılması ve İşletilmesi ile Ruhsatlandırılmasına İlişkin Esas ve Usullerin Uygulanmasına Dair Karar",https://www.resmigazete.gov.tr/eskiler/2002/08/20020801.htm#16
2002-08-01,— Kocaeli İli Sınırları İçerisinde Orman Yangınlarının Önlenmesi Amacıyla Alınması Gereken Tedbirler Hakkında Karar,https://www.resmigazete.gov.tr/eskiler/2002/08/20020801.htm#17
2002-08-01,— Kütahya İli Sınırları İçerisinde Orman Yangınlarının Önlenmesi Amacıyla Alınması Gereken Tedbirler Hakkında Karar,https://www.resmigazete.gov.tr/eskiler/2002/08/20020801.htm#18
2002-08-02,4769 Ceza İnfaz Kurumları ve Tutukevleri Personeli Eğitim Merkezleri Kanunu,https://www.resmigazete.gov.tr/eskiler/2002/08/20020802.htm#1
2002-08-02,4770 Kadınlara Karşı Her Türlü Ayrımcılığın Önlenmesi Sözleşmesine İlişkin İhtiyarî Protokolün Onaylanmasının Uygun Bulunduğu Hakkında Kanun,https://www.resmigazete.gov.tr/eskiler/2002/08/20020802.htm#2
2002-08-02,745 Türkiye Büyük Millet Meclisi Genel Seçimlerinin Yenilenmesine Dair Karar,https://www.resmigazete.gov.tr/eskiler/2002/08/20020802.htm#3
2002-08-02,2002/4464 Dünya Sağlık Teşkilatı Anasözleşmesi’nin 24 ve 25 inci Maddelerinde Yapılan Değişikliklerin Onaylanması Hakkında Karar,https://www.resmigazete.gov.tr/eskiler/2002/08/20020802.htm#4
2002-08-02,2002/ 4330 Iğdır Valisi Mustafa Tamer ’in Merkez Vali liğine Atanması Hakkında Karar,https://www.resmigazete.gov.tr/eskiler/2002/08/20020802.htm#5
2002-08-02,"2002/4504 Telekomünikasyon Kurulu Başkanlığına, Ömer Arasıl’ın Atanması Hakkında Karar",https://www.resmigazete.gov.tr/eskiler/2002/08/20020802.htm#6
2002-08-02,— Hâkimler ve Savcılar Yüksek Kuruluna Ait Karar,https://www.resmigazete.gov.tr/eskiler/2002/08/20020802.htm#7
2002-08-02,"— Ekonomik, Kültürel, Eğitim ve Teknik İşbirliği Başkanlığı Arşiv Hizmetleri Yönetmeliğinin Adının ve Bazı Maddelerinin Değiştirilmesine Dair Yönetmelik",https://www.resmigazete.gov.tr/eskiler/2002/08/20020802.htm#8
2002-08-02,— Endüstri Bölgeleri Yönetmeliği,https://www.resmigazete.gov.tr/eskiler/2002/08/20020802.htm#9
2002-08-02,— Makina ve Kimya Endüstrisi Kurumu Hurda Sanayi İşletmeleri ve Ticaret (HURDASAN) Anonim Şirketi Pazarlama ve Satış Yönetmeliği,https://www.resmigazete.gov.tr/eskiler/2002/08/20020802.htm#10
2002-08-02,— Otomatik Kontrol ve Sınıflandırma Terazilerine Dair Yönetmelik (78/1031/AT),https://www.resmigazete.gov.tr/eskiler/2002/08/20020802.htm#11
2002-08-02,— Çevre Bakanlığı Mahalli Çevre Kurulları Çalışma Esas ve Usulleri Yönetmeliğinin Bazı Maddelerinin Değiştirilmesi Hakkında Yönetmelik,https://www.resmigazete.gov.tr/eskiler/2002/08/20020802.htm#12
2002-08-02,— Türk Mühendis ve Mimar Odaları Birliği Jeoloji Mühendisleri Odası Ana Yönetmeliği,https://www.resmigazete.gov.tr/eskiler/2002/08/20020802.htm#13
2002-08-02,— Ankara Üniversitesi Yabancı Dil Eğitim-Öğretim Yönetmeliği,https://www.resmigazete.gov.tr/eskiler/2002/08/20020802.htm#14
2002-08-02,— Atatürk Üniversitesi İletişim Fakültesi Lisans Eğitim-Öğretim ve Sınav Yönetmeliği,https://www.resmigazete.gov.tr/eskiler/2002/08/20020802.htm#15
2002-08-02,— İnönü Üniversitesi Önlisans ve Lisans Eğitim-Öğretim ve Sınav Yönetmeliğinin 13 ve 14 üncü Maddelerinin Değiştirilmesine Dair Yönetmelik,https://www.resmigazete.gov.tr/eskiler/2002/08/20020802.htm#16
2002-08-02,— Mecburi Standard Tebl iği (No: ÖSG-2002/44),https://www.resmigazete.gov.tr/eskiler/2002/08/20020802.htm#17
2002-08-02,— Mecburi Standard Tebliği (No: ÖSG-2002/45),https://www.resmigazete.gov.tr/eskiler/2002/08/20020802.htm#18
2002-08-02,— Mecburi Standard Tebliğinde Değişiklik Yapılmasına Dair Tebliğ (No: ÖSG-2002/46),https://www.resmigazete.gov.tr/eskiler/2002/08/20020802.htm#19
2002-08-02,— Mecburi Standard Tebliği (No: ÖSG-2002/47),https://www.resmigazete.gov.tr/eskiler/2002/08/20020802.htm#20
2002-08-02,— Mecburi Standard Tebliği (No: ÖSG-2002/48),https://www.resmigazete.gov.tr/eskiler/2002/08/20020802.htm#21
2002-08-02,— Mecburi Standa rd Tebliği (No: ÖSG-2002/51),https://www.resmigazete.gov.tr/eskiler/2002/08/20020802.htm#22
2002-08-02,— Mecburi Standard Tebliği (No: ÖSG-2002/52),https://www.resmigazete.gov.tr/eskiler/2002/08/20020802.htm#23
2002-08-02,— Mecburi Standard Tebliği (No: ÖSG-2002/53),https://www.resmigazete.gov.tr/eskiler/2002/08/20020802.htm#24
2002-08-02,— Denizlerde ve İçsularda Ticari Amaçlı Su Ürünleri Avcılığını Düzenleyen 2002/2004 Av Dönemine Ait 35/1 Numaralı Sirküler,https://www.resmigazete.gov.tr/eskiler/2002/08/20020802.htm#25
2002-08-02,Denizlerde ve İçsularda Amatör (Sportif) Amaçlı Su Ürünleri Avcılığını Düzenleyen 2002/2004 Av Dönemine Ait 35/2 Numaralı Sirküler,https://www.resmigazete.gov.tr/eskiler/2002/08/20020802.htm#26
2002-08-03,"— Devlet, İçişleri, Ulaştırma, Tarım ve Köyişleri, Çalışma ve Sosyal Güvenlik, Sanayi ve Ticaret Bakanlığı ile Kültür Bakanlığına Ait Atama Kararları",https://www.resmigazete.gov.tr/eskiler/2002/08/20020803.htm#1
2002-08-03,— Rekabet Kurulunun 01-07/64-20 Sayılı Kararı,https://www.resmigazete.gov.tr/eskiler/2002/08/20020803.htm#2
2002-08-03,— Rekab et Kurulunun 01-40/401-103 Sayılı Kararı,https://www.resmigazete.gov.tr/eskiler/2002/08/20020803.htm#3
2002-08-03,— Rekabet Kurulunun 01-45/452-116 Sayılı Kararı,https://www.resmigazete.gov.tr/eskiler/2002/08/20020803.htm#4
2002-08-03,"— Anayasa Mahkemesinin E: 2001/385 (4682 Sayılı Kanun ile İlgili), K: 2002/40 Sayılı Kararı",https://www.resmigazete.gov.tr/eskiler/2002/08/20020803.htm#5
2002-08-04,Elektrik Piyasası Lisans Yönetmeliği,https://www.resmigazete.gov.tr/eskiler/2002/08/20020804.htm#1
2002-08-05,"Devlet Bakanı Dr. Yılmaz KARAKOYUNLU'ya, Devlet Bakanı Edip Safder GAYDALI'nın Vekâlet Etmesine Dair Tezkere",https://www.resmigazete.gov.tr/eskiler/2002/08/20020805.htm#1
2002-08-05,"Enerji ve Tabii Kaynaklar Bakanlığına, Çalışma ve Sosyal Güvenlik Bakanı Yaşar OKUYAN'ın Vekâlet Etmesine Dair Tezkere",https://www.resmigazete.gov.tr/eskiler/2002/08/20020805.htm#2
2002-08-05,Yüksek Seçim Kurulunun 411 Sayılı Kararı,https://www.resmigazete.gov.tr/eskiler/2002/08/20020805.htm#3
2002-08-06,"Adalet, İçişleri ve Ulaştırma Bakanlıklarına Yapılan Atamalara Dair İşlem",https://www.resmigazete.gov.tr/eskiler/2002/08/20020806.htm#1
2002-08-06,"— Dışişleri Bakanlığı ve Başbakan Yardımcılığına, Orman Bakanı Prof. Dr. Nami ÇAĞAN’ın Vekâlet Etmesine Dair Tezkere",https://www.resmigazete.gov.tr/eskiler/2002/08/20020806.htm#2
2002-08-06,2002/4483 517 Kişinin Türk Vatandaşlığının Kaybettirilmesi Hakkında Karar,https://www.resmigazete.gov.tr/eskiler/2002/08/20020806.htm#3
2002-08-06,Hakimler ve Savcılar Yüksek Kuruluna Ait Bir Adet Karar,https://www.resmigazete.gov.tr/eskiler/2002/08/20020806.htm#4
2002-08-06,— Sürekli Tartım Yapan Bant Basküllerine Dair Yönetmelik (75/410/AT),https://www.resmigazete.gov.tr/eskiler/2002/08/20020806.htm#5
2002-08-06,— 2002 Yılı Sosyal Sigortalar Kurumu Başkanlığı İlaç List esi ve Uygulama Talimatı’nda Değişiklik Yapılmasına Dair Talimat (Seri No : 2002/2),https://www.resmigazete.gov.tr/eskiler/2002/08/20020806.htm#6
2002-08-06,— Rekabet Kurulunun 99-40/423-270 Sayılı Kararı,https://www.resmigazete.gov.tr/eskiler/2002/08/20020806.htm#7
2002-08-06,— Rekabet Kurulunun 99-58/624-398 Sayılı Kararı,https://www.resmigazete.gov.tr/eskiler/2002/08/20020806.htm#8
2002-08-06,— Rekabet Kurulunun 00-38/415-232 Sayılı Kararı,https://www.resmigazete.gov.tr/eskiler/2002/08/20020806.htm#9
2002-08-06,— Isparta İli Sınırları İçerisinde Orman Yangınlarının Önlenmesi Amacıyla Alınması Gereken Tedbirler Hakkında Karar (No : 2002/1),https://www.resmigazete.gov.tr/eskiler/2002/08/20020806.htm#10
2002-08-06,— Yozgat Valiliği Mahalli Çevre Kurulu Kararı (No : 4),https://www.resmigazete.gov.tr/eskiler/2002/08/20020806.htm#11
2002-08-06,— Yüksek Seçim Kurulunun 412 Sayılı Kararı,https://www.resmigazete.gov.tr/eskiler/2002/08/20020806.htm#12
2002-08-06,— Yüksek Seçim Kurulunun 414 Sayılı Kararı,https://www.resmigazete.gov.tr/eskiler/2002/08/20020806.htm#13
2002-08-07,"2002/4507 Kamu İktisadi Teşebbüsleri ve Bağlı Ortaklıklarının, 2002 Yılına Ait Genel Yatırım ve Finansman Programında Değişiklik Yapılmasına İlişkin Karar",https://www.resmigazete.gov.tr/eskiler/2002/08/20020807.htm#1
2002-08-07,— Haliç Üniversitesi Önlisans ve Li sans Eğitim-Öğretim ve Sınav Yönetmeliğinde Değişiklik Yapılmasına Dair Yönetmelik,https://www.resmigazete.gov.tr/eskiler/2002/08/20020807.htm#2
2002-08-07,— İzmir Ekonomi Üniversitesi Meslek Yüksekokulu Eğitim – Öğretim Süresiyle Sınav ve Değerlendirme Esaslarına İlişkin Yönetmelik,https://www.resmigazete.gov.tr/eskiler/2002/08/20020807.htm#3
2002-08-07,— İhracat 96/31 Sayılı İhracı Yasak ve Ön İzne Bağlı Mallara İlişkin Tebliğ’de Değişiklik Yapılmasına Dair Tebliğ (İhracat : 2002/7),https://www.resmigazete.gov.tr/eskiler/2002/08/20020807.htm#4
2002-08-08,"— Yaşar OKUYAN’dan Boşalan Çalışma ve Sosyal Güvenlik Bakanlığına, Devlet Bakanı Nejat ARSEVEN’in, Bu Suretle Boşalacak Devlet Bakanlığına İse, Kahramanmaraş Milletvekili Ali DOĞAN’ın Atanmasına Dair Tezkere",https://www.resmigazete.gov.tr/eskiler/2002/08/20020808.htm#1
2002-08-08,2002/4512 Tuz Gölü Özel Çevre Koruma Bölgesinin Sınırlarının Değiştirilmesine İlişkin Karar,https://www.resmigazete.gov.tr/eskiler/2002/08/20020808.htm#2
2002-08-08,Hükümlü Ayla ÖZCAN’ın Cezasının Kaldırılması Hakkında Karar,https://www.resmigazete.gov.tr/eskiler/2002/08/20020808.htm#3
2002-08-08,2002/4516 Genelkurmay Başkanlığı’na Kara Kuvvetleri Komutanı Orgeneral Hilmi ÖZKÖK’ün Atanmasına Dair Karar,https://www.resmigazete.gov.tr/eskiler/2002/08/20020808.htm#4
2002-08-08,"Devlet Bakanı ve Başbakan Yardımcılığı, Milli Savunma, Maliye, Tarım ve Köyişleri ile Enerji ve Tabii Kaynaklar Bakanlıklarına Ait Atama Kararları",https://www.resmigazete.gov.tr/eskiler/2002/08/20020808.htm#5
2002-08-08,— İlkokul Öğretmenleri Sağlık ve Sosyal Yardım Sandığı Anastatüsü’nün 15 inci Maddesinin 1 inci Fıkrasının Değiştirilmesine İlişkin Anastatü Değişikliği,https://www.resmigazete.gov.tr/eskiler/2002/08/20020808.htm#6
2002-08-08,— Yüksek Seçim Kurulunun 426 Sayılı Kararı,https://www.resmigazete.gov.tr/eskiler/2002/08/20020808.htm#7
2002-08-09,4771 Çeşitli Kanunlarda Değişiklik Yapılmasına İlişkin Kanun,https://www.resmigazete.gov.tr/eskiler/2002/08/20020809.htm#1
2002-08-09,"2002/4513 Atatürk Orman Çiftliği Müdürlüğü Satınalma-Satma, Yapma-Yaptırma, Kiralama ve Kiraya Verme İşlerine Ait Yönetmelikte Değişiklik Yapılmasına Dair Yönetmelik",https://www.resmigazete.gov.tr/eskiler/2002/08/20020809.htm#2
2002-08-09,— Rekabet Kurulunun 00-41/446-244 Sayılı Kararı,https://www.resmigazete.gov.tr/eskiler/2002/08/20020809.htm#3
2002-08-09,— Rekabet Kurulunun 00-49/516-281 Sayılı Kararı,https://www.resmigazete.gov.tr/eskiler/2002/08/20020809.htm#4
2002-08-09,— Rekabet Kurulunun 01-22/199-55 Sayılı Kararı,https://www.resmigazete.gov.tr/eskiler/2002/08/20020809.htm#5
2002-08-10,"— Başbakanlık, Milli Eğitim ile Çevre Bakanlıklarına Ait Atama Kararları",https://www.resmigazete.gov.tr/eskiler/2002/08/20020810.htm#1
2002-08-10,— Çanakkale Onsekiz Mart Üniversitesi Arşiv Hizmetleri Yönetmeliği,https://www.resmigazete.gov.tr/eskiler/2002/08/20020810.htm#2
2002-08-10,— Bankacılık Düzenleme ve Denetleme Kurulu Kararı (KararSayısı : 774),https://www.resmigazete.gov.tr/eskiler/2002/08/20020810.htm#3
2002-08-10,— Genelkurmay Başkanı Orgeneral Hüseyin KIVRIKOĞLU’na Devlet Şeref Madalyası Verilmesi Hakkında Tebliğ,https://www.resmigazete.gov.tr/eskiler/2002/08/20020810.htm#4
2002-08-10,— Uluslararası Gözetim Şirketleri Statüsüne İlişkin Karar (Dış Ticarette Standar dizasyon : 2002/9),https://www.resmigazete.gov.tr/eskiler/2002/08/20020810.htm#5
2002-08-10,— Yüksek Seçim Kurulunun 430 Sayılı Kararı,https://www.resmigazete.gov.tr/eskiler/2002/08/20020810.htm#6
2002-08-10,— Yüksek Seçim Kurulunun 434 Sayılı Kararı,https://www.resmigazete.gov.tr/eskiler/2002/08/20020810.htm#7
2002-08-11,"— İstifa Eden ve İstifası Kabul Edilen Kemal DERVİŞ'den Boşalan Devlet Bakanlığına, İstanbul Milletvekili Masum TÜRKER'in Atanmasına Dair Tezkere",https://www.resmigazete.gov.tr/eskiler/2002/08/20020811.htm#1
2002-08-11,— Elektrik Piyasası Tarifeler Yönetmeliği,https://www.resmigazete.gov.tr/eskiler/2002/08/20020811.htm#2
2002-08-11,— Gaziantep Üniversitesi Sağlık ve Araştırma Uygulama Merkezi Yönetmeliği,https://www.resmigazete.gov.tr/eskiler/2002/08/20020811.htm#3
2002-08-11,— Dağıtım Sistemi Gelirinin Düzenlenmesi Hakkında Tebliğ,https://www.resmigazete.gov.tr/eskiler/2002/08/20020811.htm#4
2002-08-11,— İletim Sistemi Gelirinin Düzenlenmesi Hakkında Tebliğ,https://www.resmigazete.gov.tr/eskiler/2002/08/20020811.htm#5
2002-08-11,— İletim Sistemi İşletim Gelirinin Düzenlenmesi Hakkında Tebliğ,https://www.resmigazete.gov.tr/eskiler/2002/08/20020811.htm#6
2002-08-11,— Perakende Satış Hizmet Geliri ile Perakende Enerji Satış Fiyatlarının Düzenlenmesi Hakkında Tebliğ,https://www.resmigazete.gov.tr/eskiler/2002/08/20020811.htm#7
2002-08-11,— İletim ve Dağıtım Bağlantı Bedellerinin Belirlenmesi Hakkında Tebliğ,https://www.resmigazete.gov.tr/eskiler/2002/08/20020811.htm#8
2002-08-12,"Milli Savunma Bakanlığına, Devlet Bakanı Prof. Dr. Ramazan MİRZAOĞLU’nun Vekâlet Etmesine Dair Tezkere",https://www.resmigazete.gov.tr/eskiler/2002/08/20020812.htm#1
2002-08-12,2002/4514 Başbakanlık Yüksek Denetleme Kurulu Üyeliğine Mustafa KILIÇ’ın Atanm asına Dair Karar,https://www.resmigazete.gov.tr/eskiler/2002/08/20020812.htm#2
2002-08-12,— Ankara Üniversitesi Eğitim ve Öğretim Yönetmeliğinde Değişiklik Yapılması Hakkında Yönetmelik,https://www.resmigazete.gov.tr/eskiler/2002/08/20020812.htm#3
2002-08-12,— İstanbul Ticaret Üniversitesi İngilizce Hazırlık Sınıfı Yönetmeliğinin 9 uncu Maddesinin Değiştirilmesine Dair Yönetmelik,https://www.resmigazete.gov.tr/eskiler/2002/08/20020812.htm#4
2002-08-12,— Kamu İktisadi Teşebbüslerince İşletilen Limanların Deniz Sınırlarının ve Koordinatlarının Belirlenmesine İlişkin Tebliğde Değişiklik Yapılmasına Dair Tebliğ (No: 2002/5),https://www.resmigazete.gov.tr/eskiler/2002/08/20020812.htm#5
2002-08-12,Danıştay Altıncı Dairesine Ait Karar,https://www.resmigazete.gov.tr/eskiler/2002/08/20020812.htm#6
2002-08-13,4772 4726 Sayılı 2002 Malî Yılı Bütçe Kanunu ile Bağlı Cetvellerde Değişiklik Yapılmasına Dair Kanun,https://www.resmigazete.gov.tr/eskiler/2002/08/20020813.htm#1
2002-08-13,— Hükümlü İbrahim TEKİN'in Cezasının Kaldırılması Hakkında Karar,https://www.resmigazete.gov.tr/eskiler/2002/08/20020813.htm#2
2002-08-13,"— Gençlik ve Spor Genel Müdürlüğü Voleybol Yarışma, Hakem ve Antrenör Yönetmeliğinin Adının ve Bazı Maddelerinin Değiştirilmesine Dair Yönet melik",https://www.resmigazete.gov.tr/eskiler/2002/08/20020813.htm#3
2002-08-13,"— Basketbol Yarışma, Disiplin, Hakem ve Antrenör Yönetmeliğinin Adının ve Bazı Maddelerin Değiştirilmesine Dair Yönetmelik",https://www.resmigazete.gov.tr/eskiler/2002/08/20020813.htm#4
2002-08-13,"— Kurum İdari Kurulları, Yüksek İdari Kurul, Kamu İşveren Kurulu ve Uzlaştırma Kurulunun Teşkili ile Çalışma Usul ve Esaslarına İlişkin Yönetmeliğin Bazı Maddelerinde Değişiklik Yapılması Hakkında Yönetmelik",https://www.resmigazete.gov.tr/eskiler/2002/08/20020813.htm#5
2002-08-13,— Dumlupınar Üniversitesi Lisansüstü Eğitim-Öğretim Yönetmeliğinin 3 üncü Maddesinin Değiştirilmesine Dair Yönetmelik,https://www.resmigazete.gov.tr/eskiler/2002/08/20020813.htm#6
2002-08-14,"Milli Eğitim, Tarım ve Köyişleri, Enerji ve Tabii Kaynaklar ile Çevre Bakanlıklarına Ait Atama Kararları",https://www.resmigazete.gov.tr/eskiler/2002/08/20020814.htm#1
2002-08-14,Türkiye Sanayi Sevk ve İdare Enstitüsü Yönetmeliğinin Yürürlükten Kaldırılmasına İlişki n Yönetmelik,https://www.resmigazete.gov.tr/eskiler/2002/08/20020814.htm#2
2002-08-14,— Futbolda Müşterek Bahis Oyunları Uygulama Yönetmeliği,https://www.resmigazete.gov.tr/eskiler/2002/08/20020814.htm#3
2002-08-14,"— Spor Toto Teşkilat Müdürlüğü Kuruluş, Görev, Yetki ve Sorumluluk Yönetmeliğinde Değişiklik Yapılmasına Dair Yönetmelik",https://www.resmigazete.gov.tr/eskiler/2002/08/20020814.htm#4
2002-08-14,— Esnaf ve Sanatkarlar ve Diğer Bağımsız Çalışanlar Sosyal Sigor talar Kurumunca 6183 sayılı Amme Alacaklarının Tahsil Usulü Hakkında Kanuna Göre Kullanılacak Yetkilerin Usul ve Esasları Hakkında Yönetmelikte Değişiklik Yapılmasına Dair Yönetmelik,https://www.resmigazete.gov.tr/eskiler/2002/08/20020814.htm#5
2002-08-14,— Bağ-Kur Genel Müdürlüğü İhale Yönetmeliğinde Değişiklik Yapılmasın a Dair Yönetmelik,https://www.resmigazete.gov.tr/eskiler/2002/08/20020814.htm#6
2002-08-14,— Gümrük Yönetmeliğinde Değişiklik Yapılması Hakkında Yönetmelik,https://www.resmigazete.gov.tr/eskiler/2002/08/20020814.htm#7
2002-08-14,"— Telekomünikasyon Kurumu Gelirlerinin Tarh, Tebligat, Tahakkuk, Tahsilat Usul ve Esasları Hakkında Yönetmelik",https://www.resmigazete.gov.tr/eskiler/2002/08/20020814.htm#8
2002-08-14,Gıda Maddeleri ve Gıda ile Temas Eden Ambalaj Materyallerinin İthalatında Kontrol Belgesi Onaylanması ve İthalat Aşamasındaki Kontrol İşlemleri Hakkında Tebliğ’de Değişiklik Yapılmasına DairTebliğ (No : 2002/42),https://www.resmigazete.gov.tr/eskiler/2002/08/20020814.htm#9
2002-08-15,"4773 İş Kanunu, Sendikalar Kanunu ile Basın Mesleğinde Çalışanlarla Çalıştıranlar Arasındaki Münasebetlerin Tanzimi Hakkında Kanunda Değişiklik Yapılması Hakkında Kanun",https://www.resmigazete.gov.tr/eskiler/2002/08/20020815.htm#1
2002-08-15,— Hük ümlü Semra ASKERİ’nin Cezasının Kaldırılması Hakkında Karar (No: 2002/51),https://www.resmigazete.gov.tr/eskiler/2002/08/20020815.htm#2
2002-08-15,— Milli Savunma Bakanlığına Ait Atama Kararı,https://www.resmigazete.gov.tr/eskiler/2002/08/20020815.htm#3
2002-08-15,— Türkiye Bilimsel ve Teknik Araştırma Kurumu Yayın Yönetmeliği,https://www.resmigazete.gov.tr/eskiler/2002/08/20020815.htm#4
2002-08-15,— Denizcilik Müsteşarlığı Arşiv Hizmetleri Hakkında Yönetmelikte Değişiklik Yapılmasına Dair Yönetmelik,https://www.resmigazete.gov.tr/eskiler/2002/08/20020815.htm#5
2002-08-15,— Çevre Bakanlığı Yüksek Çevre Kurulu ile Çevre Teknik Komitesi Çalışma Esaslarına İlişkin Yönetmeliğin Bazı Maddelerinin Değiştirilmesi Hakkında Yönetmelik,https://www.resmigazete.gov.tr/eskiler/2002/08/20020815.htm#6
2002-08-16,"— Devlet Bakanı Dr. Reşat DOĞRU’ya, Devlet Bakanı Faruk BAL’ın Vekâlet Etmesine Dair Tezkere",https://www.resmigazete.gov.tr/eskiler/2002/08/20020816.htm#1
2002-08-16,— Antrenör Eğitim Yönetmeliği,https://www.resmigazete.gov.tr/eskiler/2002/08/20020816.htm#2
2002-08-16,— Binicilik Federasyonu Binicilik Antrenörü Eğitimi Yönetmeliğinin Yürürlükten Kaldırılmasına Dair Yönetmelik,https://www.resmigazete.gov.tr/eskiler/2002/08/20020816.htm#3
2002-08-16,— Motorlu Araçlar ve Römorklarının Sıvı Yakıt Depoları ve Arka Koruma Donanımlarına İlişkin Tip Onayı Yönetmeliğinde Değişiklik Yapılmasına Dair Yönetmelik (2000/8/AT ile Değişik 70/221/AT),https://www.resmigazete.gov.tr/eskiler/2002/08/20020816.htm#4
2002-08-16,— Özelleştirme İdaresi Başkanlığı Personeli Atama ve Görevde Yükselme Yönetmeliğinde Değişiklik Yapılması Hakkında Yönetmelik,https://www.resmigazete.gov.tr/eskiler/2002/08/20020816.htm#5
2002-08-16,— Türk Gıda Kodeksi Meyve Suyu ve Benzeri Ürünler Tebliğinde Değişiklik Yapılması Hakkında Tebliğ (No: 2002/43),https://www.resmigazete.gov.tr/eskiler/2002/08/20020816.htm#6
2002-08-16,"— 308 Sayılı Tohumlukların Tescil, Kontrol ve Sertifikasyonu Hakkında Kanuna Tabi Tohumluk Çeşitleri Hakkında Tebliğ (No: 2002/44)",https://www.resmigazete.gov.tr/eskiler/2002/08/20020816.htm#7
2002-08-16,— Mecburi Standard Tebliği (No : ÖSG-2002/54),https://www.resmigazete.gov.tr/eskiler/2002/08/20020816.htm#8
2002-08-16,— Mecburi Standard Tebliğinde Değişiklik Yapılmasına Dair Tebliğ (No : ÖSG-2002/55),https://www.resmigazete.gov.tr/eskiler/2002/08/20020816.htm#9
2002-08-16,— Mecburi Standard Tebliği (No : ÖSG-2002/56),https://www.resmigazete.gov.tr/eskiler/2002/08/20020816.htm#10
2002-08-16,— Mecburi Standard Tebliği (No : ÖSG-2002/57),https://www.resmigazete.gov.tr/eskiler/2002/08/20020816.htm#11
2002-08-16,— İhracat Sayılan Satış ve Teslimler Hakkında Tebliğde Değişiklik Yapılmasına Dair Tebliğ (İhracat: 2002/5),https://www.resmigazete.gov.tr/eskiler/2002/08/20020816.htm#12
2002-08-16,— Rekabet Kurulunun 99-35/337-208 Sayılı Kararı,https://www.resmigazete.gov.tr/eskiler/2002/08/20020816.htm#13
2002-08-16,— Rekabet Kurulunun 99-48/528-333 S ayılı Kararı,https://www.resmigazete.gov.tr/eskiler/2002/08/20020816.htm#14
2002-08-16,— Rekabet Kurulunun 00-9/85-40 Sayılı Kararı,https://www.resmigazete.gov.tr/eskiler/2002/08/20020816.htm#15
2002-08-17,— Hükümlü Mehmet ŞAHİN’in Cezasının Kaldırılması Hakkında Karar,https://www.resmigazete.gov.tr/eskiler/2002/08/20020817.htm#1
2002-08-17,"2002/4556 Nüfus Hizmetlerine Ait Kuruluş, Görev ve Çalışma Yönetmeliğinin Yürürlükten Kaldırılmasına Dair Yönetmelik",https://www.resmigazete.gov.tr/eskiler/2002/08/20020817.htm#2
2002-08-17,— Ser best Bölgeler Uygulama Yönetmeliğinin Bazı Maddelerinde Değişiklik Yapılmasına Dair Yönetmelik,https://www.resmigazete.gov.tr/eskiler/2002/08/20020817.htm#3
2002-08-17,— İskan Kanunu Uygulama Yönetmeliği,https://www.resmigazete.gov.tr/eskiler/2002/08/20020817.htm#4
2002-08-18,— Diyanet İşleri Başkanlığı Din İşleri Yüksek Kurulunun Çalışma Usul ve Esasları Hakkında Yönetmelik,https://www.resmigazete.gov.tr/eskiler/2002/08/20020818.htm#1
2002-08-18,— Kurban Hizmetlerinin Diyanet İşleri Başkanlığınca Yürütülmesine Dair Yönetmelik,https://www.resmigazete.gov.tr/eskiler/2002/08/20020818.htm#2
2002-08-18,— Yağlı Güreş Müsabaka Yönetmeliğinde Değişiklik Yapılmasına Dair Yönetmelik,https://www.resmigazete.gov.tr/eskiler/2002/08/20020818.htm#3
2002-08-18,— Makina ve Kimya Endüstrisi Hurda Sanayi İşletmeleri ve Ticaret (HURDASAN) Anonim Şirketi Arşiv Hizmetleri Yönetmeliğinde Değişiklik Yapılmasına Dair Yönetmelik,https://www.resmigazete.gov.tr/eskiler/2002/08/20020818.htm#4
2002-08-18,— Esnaf ve Sanatkarların Mesleki Eğitimini Geliştirme ve Destekleme Fonu Yönetmeliğinde Değişiklik Yapılmasına İlişkin Yönetmelik — Kafkas Üniversitesi Kafkasya ve Orta Asya Araştırma Merkezi Yönetmeliği,https://www.resmigazete.gov.tr/eskiler/2002/08/20020818.htm#5
2002-08-19,"Devlet Bakanı ve Başbakan Yardımcısı Mesut YILMAZ’a, Devlet Bakanı Dr. Yılmaz KARAKOYUNLU’nun Vekâlet Etmesine Dair Tezkere",https://www.resmigazete.gov.tr/eskiler/2002/08/20020819.htm#1
2002-08-19,Maliye Teftiş Kurulu Yönetmeliğinde Değişiklik Yapılmasına Dair Yönetmelik,https://www.resmigazete.gov.tr/eskiler/2002/08/20020819.htm#2
2002-08-19,— Kahramanmaraş Sütçü İmam Üniversitesi Sürekli Eğitim Merkezi (KSÜ-SEM) Yönetmeliği,https://www.resmigazete.gov.tr/eskiler/2002/08/20020819.htm#3
2002-08-19,İstanbul Valiliği Mahalli Çevre Kurulu Kararı (No : 4),https://www.resmigazete.gov.tr/eskiler/2002/08/20020819.htm#4
2002-08-20,"— Milli Eğitim Bakanlığına, Kültür Bakanı Prof. Dr. B. Suat ÇAĞLAYAN’ın Vekâlet Etmesine Dair Tezkere",https://www.resmigazete.gov.tr/eskiler/2002/08/20020820.htm#1
2002-08-20,2002/4565 Akaryakıt Tüketim Vergisi Tutarlarının Tespitine İlişkin Karar,https://www.resmigazete.gov.tr/eskiler/2002/08/20020820.htm#3
2002-08-20,2002/4600 İthalat Rejimi Kararına Ek Karar'ın Yürürlüğe Konulması Hakkında Karar,https://www.resmigazete.gov.tr/eskiler/2002/08/20020820.htm#4
2002-08-20,2002/4557 Türk Silahlı Kuvvetleri Sağlık Yeteneği Yönetmeliğinde Değişiklik Yapılmasına Dair Yönetmelik,https://www.resmigazete.gov.tr/eskiler/2002/08/20020820.htm#2
2002-08-20,— Botaş (Ceyhan) Limanı Yönetmeliğinin Bazı Maddelerinin Değiştirilmesine Dair Yönetme lik,https://www.resmigazete.gov.tr/eskiler/2002/08/20020820.htm#5
2002-08-20,— Bandırma Liman Yönetmeliğinin 22 nci Maddesinin Değiştirilmesine Dair Yönetmelik,https://www.resmigazete.gov.tr/eskiler/2002/08/20020820.htm#6
2002-08-20,— Gemiadamları Yönetmeliğinde Değişiklik Yapılmasına Dair Yönetmelik,https://www.resmigazete.gov.tr/eskiler/2002/08/20020820.htm#7
2002-08-20,— Hayvan Irklarının Tesciline İlişkin Yönetmeliğin 5 inci Maddesinin Değiştirilmesine Dair Yönetm elik,https://www.resmigazete.gov.tr/eskiler/2002/08/20020820.htm#8
2002-08-20,— Hayvan Gen Kaynaklarının Korunması Hakkında Yönetmeliğin 5 inci Maddesinde Değişiklik Yapılmasına Dair Yönetmelik,https://www.resmigazete.gov.tr/eskiler/2002/08/20020820.htm#9
2002-08-20,— İller Bankası Personel Yönetmeliğinin 47 nci Maddesinin Değiştirilmesine Dair Yönetmelik,https://www.resmigazete.gov.tr/eskiler/2002/08/20020820.htm#10
2002-08-20,— Ev Tipi Ampullerin Enerji Etik etlemesine İlişkin Tebliğ (TRKGM: 2002/02) (98/11/AT),https://www.resmigazete.gov.tr/eskiler/2002/08/20020820.htm#11
2002-08-20,Ev Tipi Çamaşır Makinelerinin Enerji Etiketlemesine İlişkin Tebliğ (TRKGM: 2002/03) (95/12/AT),https://www.resmigazete.gov.tr/eskiler/2002/08/20020820.htm#12
2002-08-20,— Ev Tipi Bulaşık Makinelerinin Enerji Etiketlemesine İlişkin Tebliğ (TRKGM: 2002/04) (97/17/AT),https://www.resmigazete.gov.tr/eskiler/2002/08/20020820.htm#13
2002-08-20,— Ev Tipi Çamaşır Kurutma Makinelerinin Enerji Etiketlemesine İlişkin Tebliğ (TRKGM: 2002/05) (95/13/AT),https://www.resmigazete.gov.tr/eskiler/2002/08/20020820.htm#14
2002-08-20,— Ev Tipi Kurutmalı Çamaşır Makinelerinin Enerji Etiketlemesine İlişkin Tebliğ (TRKGM: 2002/06) (96/60/AT),https://www.resmigazete.gov.tr/eskiler/2002/08/20020820.htm#15
2002-08-21,2002/4559 Merkezi Ankara’da Olmak Üzere “Türkiye Belediyeler Birliği” Adıyla Bir Mahalli İdare Birliğinin Kurulmasına İzin Verilmesi Hakkında Karar,https://www.resmigazete.gov.tr/eskiler/2002/08/20020821.htm#1
2002-08-21,2002/4576 3083 Sayılı Sulama Alanlarında Arazi Düzenlenmesine Dair Tarım Reformu Kanunu Uyarınca Uygulama Alanı İlan Edilmiş Bulunan Şanlıurfa İli’nde Yeni Yerleşim Birimleri Kurulması ve Söz Konusu Yerleşim Birimlerinin Uygulama Alanı Olarak Tespit Edilmesine İlişkin Karar,https://www.resmigazete.gov.tr/eskiler/2002/08/20020821.htm#2
2002-08-21,2002/4518 Başbakanlık Kriz Yönetim Merkezi Yönetmeliğinde Değişiklik Yapılmasına Dair Yönetmelik,https://www.resmigazete.gov.tr/eskiler/2002/08/20020821.htm#3
2002-08-21,— Deniz Ticaret Filosunun Geliştirilmesi ve Gemi İnşa Tesislerinin Teşviki Hakkında Kanunun Uygulanması ile İlgili Yönetmelikte Değişiklik Yapılması Hakkında Yönetmelik,https://www.resmigazete.gov.tr/eskiler/2002/08/20020821.htm#4
2002-08-21,"— Bahçeşehir Üniversitesi Ana Yönetmeliğinin 28, 47 ve 48 inci Maddelerinde Değişiklik Yapılmasına Dair Yönetmelik",https://www.resmigazete.gov.tr/eskiler/2002/08/20020821.htm#5
2002-08-21,"— Balıkesir Üniversitesi Önlisans ve Lisans Eğitim-Öğretim ve Sınav Yönetmeliğinin 7, 10 ve 18 inci Maddelerinde Değişiklik Yapılmasına Dair Yönetmelik",https://www.resmigazete.gov.tr/eskiler/2002/08/20020821.htm#6
2002-08-21,— Ce lal Bayar Üniversitesi Lisansüstü Eğitim ve Öğretim Yönetmeliğinin 2 nci Maddesinde Değişiklik Yapılmasına Dair Yönetmelik,https://www.resmigazete.gov.tr/eskiler/2002/08/20020821.htm#7
2002-08-21,— Orta Doğu Teknik Üniversitesi Uygulamalı Etik Araştırma Merkezi (UEAM)Yönetmeliği,https://www.resmigazete.gov.tr/eskiler/2002/08/20020821.htm#8
2002-08-22,"2002/4545 ""Akdeniz’in Deniz Ortamı ve Kıyı Bölgesinin Korunması Sözleşmesi”ne, “Akdeniz’de Gemilerden ve Uçaklardan Boşaltma veya Denizde Yakmadan Kaynaklanan Kirliliğin Önlenmesi ve Ortadan Kaldırılması Pro tokolü”ne, “Akdeniz’in Kara Kökenli Kaynaklardan ve Faaliyetlerden Dolayı Kirlenmeye Karşı Korunması Protokolü”ne ve “Akdeniz’de Özel Koruma Alanları ve Biyolojik Çeşitliliğe İlişkin Protokol”e Katılmamız Hakkında Karar",https://www.resmigazete.gov.tr/eskiler/2002/08/20020822.htm#1
2002-08-22,"2002/4532 Emniyet Gen el Müdürlüğüne Ait Araç, Gereç, Mal ve Malzemelerin Satış, Hibe, HEK ve Hurda Durum ve İşlemleri ile Hizmet Satışına Dair Yönetmelik",https://www.resmigazete.gov.tr/eskiler/2002/08/20020822.htm#2
2002-08-22,— Kılavuz Kaptan Yeterlikleri Hakkında Yönetmeliğinin 3 üncü Maddesinde Değişiklik Yapılmasına Dair Yönetmelik,https://www.resmigazete.gov.tr/eskiler/2002/08/20020822.htm#3
2002-08-22,— Kılavuzluk ve Römorkörcülük Hizmetleri Teşkilatları Yönetmeliğin 2 nci Maddesinde Değişiklik Yapılmasına Dair Yönetmelik,https://www.resmigazete.gov.tr/eskiler/2002/08/20020822.htm#4
2002-08-22,— Türk Uluslararası Gemi Sicili Yönetmeliğinin 3 üncü Maddesinde Değişiklik Yapılmasına Dair Yönetmelik,https://www.resmigazete.gov.tr/eskiler/2002/08/20020822.htm#5
2002-08-22,— Diş Protez Laboratuvarları Yönetmeliğinde Değişiklik Yapılmasına Dair Yönetmelik,https://www.resmigazete.gov.tr/eskiler/2002/08/20020822.htm#6
2002-08-22,— Zirai Mücadele İlaçlarının Toptan ve Perakende Satılması ile Depolanması Hakkında Yönetmelikte Değişiklik Yapılmasına Dair Yönetmelik,https://www.resmigazete.gov.tr/eskiler/2002/08/20020822.htm#7
2002-08-22,— Kültür Bakanlığı Atama ve Görevde Yükselme Yönetmeliğinde Değişiklik Yapılmasına Dair Yönetmelik,https://www.resmigazete.gov.tr/eskiler/2002/08/20020822.htm#8
2002-08-22,— Ege Üniversitesi Eğitim-Öğretim Yönetmeliği,https://www.resmigazete.gov.tr/eskiler/2002/08/20020822.htm#9
2002-08-22,— Sakarya Üniversitesi Lisansüstü Eğitim ve Öğretim Yönetmeliğinin 4 üncü Maddesinde Değişiklik Yapılması Hakkında Yönetmelik,https://www.resmigazete.gov.tr/eskiler/2002/08/20020822.htm#10
2002-08-22,— 2002 Yılı Temmuz Ayına Ait Yatırım Teşvik Belgelerinin Sektörel Dağılımı Hakkında Tebliğ,https://www.resmigazete.gov.tr/eskiler/2002/08/20020822.htm#11
2002-08-22,— 2002 Yılı Temmuz Ayına Ait Yabancı Sermayeli Yatırım Teşvik Belgelerinin Sektörel Dağılımı Hakkında Tebliğ,https://www.resmigazete.gov.tr/eskiler/2002/08/20020822.htm#12
2002-08-22,— 2002 Yılı Temmuz Ayına Ait Dahilde İşleme İzin Belgelerinin Sektörel Dağılımı Hakkında Tebliğ,https://www.resmigazete.gov.tr/eskiler/2002/08/20020822.htm#13
2002-08-22,— 2002 Yılı Temmuz Ayına Ait Yurt İçi Satış Teslimler ile İlgili Belgelerin Sektörel Dağılımı Hakkında Tebliğ,https://www.resmigazete.gov.tr/eskiler/2002/08/20020822.htm#14
2002-08-22,— 2002 Yılı Temmuz Ayına Ait Hariçte İşleme İzin Belgelerinin Sektörel Dağılımı Hakkında Tebliğ,https://www.resmigazete.gov.tr/eskiler/2002/08/20020822.htm#15
2002-08-22,— 2002 Yılı Temmuz Ayına Ait Vergi Resim ve Harç İstisnası Belgelerinin Sektörel Dağılımı Hakkında Tebliğ,https://www.resmigazete.gov.tr/eskiler/2002/08/20020822.htm#16
2002-08-23,"2002/4594 Türkiye Cumhuriyeti Hükümeti ve Kamboçya Krallığı Kraliyet Hükümeti Arasında İmzalanan, Ticaret ve Ekonomik İşbirliği Anlaşması’nın Onaylanması Hakkında Karar",https://www.resmigazete.gov.tr/eskiler/2002/08/20020823.htm#1
2002-08-23,2002/4583 Çeşitli Kararnamelerle Türk Vatandaşlığı Kaybettirilen Bazı Kişiler Hakkındaki Hükümlerin İptaline Dair Karar,https://www.resmigazete.gov.tr/eskiler/2002/08/20020823.htm#2
2002-08-23,— İller Bankası Genel Müdürlüğü Personeli Görevde Yükselme Yönetmeliğinin Bazı Maddelerinde Değişiklik Yapılması Hakkında Yönetmelik,https://www.resmigazete.gov.tr/eskiler/2002/08/20020823.htm#3
2002-08-23,— Sağlık Bakanlığı Sağlık Meslek Liseleri Sınıf Geçme ve Sınav Yönetmeliğinde Değişiklik Yapılmasına Dair Yönetmelik,https://www.resmigazete.gov.tr/eskiler/2002/08/20020823.htm#4
2002-08-23,"— Nüfus Planlaması Hizmetlerini Yürütecek Personelin Eğitimi,Görev, Yetki ve Sorumlulukları Hakkında Yönetmelikte Değişiklik Yapılmasına Dair Yönetmelik",https://www.resmigazete.gov.tr/eskiler/2002/08/20020823.htm#5
2002-08-23,— Çevrenin Korunması Yönünden Kontrol Altında Tutulan Madde ve Atıklara İlişkin Tebliğde Değişiklik Yapılması Hakkında Tebliğ (Dış Ticarette Standardizasyon: 2002/24),https://www.resmigazete.gov.tr/eskiler/2002/08/20020823.htm#6
2002-08-23,— Basın İlân Kurumu Teşkiline Dair 195 Sayılı Kanun Uyarınca Yayınlanacak İlân ve Reklâmlar ile Bunları Yayınlayacak Mevkuteler Hakkında 15.2.1977 Tarihli ve 67 Sayılı Genel Kurul Kararı’nın Bazı Maddelerinin Değiştirilmesine Dair Genel Kurul Kararı (No: 160),https://www.resmigazete.gov.tr/eskiler/2002/08/20020823.htm#7
2002-08-23,— Basında Fikren veya Bedenen Çalışanlara Verilecek Borç Para ve Yapılacak Yardımlar Hakkındaki 18 Kasım 1977 Tarihli ve 68 Sayılı Genel Kurul Kararı’nın Bazı Maddelerinin Değiştirilmesine Dair Genel Kurul Kararı (No: 161),https://www.resmigazete.gov.tr/eskiler/2002/08/20020823.htm#8
2002-08-24,2002/4602 Türkiye Cumhuriyeti Başbakanlık Türk İşbirliği ve Kalkınma İdaresi Başkanlığı (TİKA) ile Özbekistan Cumhuriyeti Dış Ekonomik İlişkiler Bakanlığı Arasında İmzalanan İşbirliği Protokolü’nün Onaylanması Hakkında Karar,https://www.resmigazete.gov.tr/eskiler/2002/08/20020824.htm#1
2002-08-24,— Adalet Bakanlığı Memur Sınav-Atama ve Nakil Yönetmeliğinde Değişiklik Yapılmasına Dair Yönetmelik,https://www.resmigazete.gov.tr/eskiler/2002/08/20020824.htm#2
2002-08-24,— Bayındırlık ve İskan Bakanlığı Bütçesinde Yer Alan Mahalli İdarelere Yapılacak Yardımlar Ödeneğinin Kullanım Esasları Hakkında Yönetmelik,https://www.resmigazete.gov.tr/eskiler/2002/08/20020824.htm#3
2002-08-24,Anonim ve Limited Şirketlerin Sermayelerini Yeni Asgari Miktarlara Yükseltme Sürelerinin Uzatılmasına İlişkin Tebliğ (İç Ticaret-2002/4),https://www.resmigazete.gov.tr/eskiler/2002/08/20020824.htm#4
2002-08-25,"İstifa Eden ve İstifası Kabul Edilen Fikret ÜNLÜ'den Boşalan Devlet Bakanlığına, İstanbul Milletvekili Erdoğan TOPRAK'ın Atanmasına Dair İşlem",https://www.resmigazete.gov.tr/eskiler/2002/08/20020825.htm#1
2002-08-25,Kültür Bakanlığına Ait Atama Kararı,https://www.resmigazete.gov.tr/eskiler/2002/08/20020825.htm#2
2002-08-25,— Türk Gıda Kodeksi Yönetmeliğinde Değişiklik Yapılmasına Dair Yönetmelik,https://www.resmigazete.gov.tr/eskiler/2002/08/20020825.htm#3
2002-08-25,Türk Gıda Kodeksi Gıdalarda Kullanılan Renklendiriciler Tebliği (No: 2002/55),https://www.resmigazete.gov.tr/eskiler/2002/08/20020825.htm#4
2002-08-25,— Türk Gıda Kodeksi Gıdalarda Kullanılan Tatlandırıcılar Tebliği (No: 2002/56),https://www.resmigazete.gov.tr/eskiler/2002/08/20020825.htm#5
2002-08-25,— Türk Gıda Kodeksi Renklendiriciler ve Tatlandırıcılar Dışındaki Gıda Katkı Maddeleri Tebliği (No: 2002/57),https://www.resmigazete.gov.tr/eskiler/2002/08/20020825.htm#6
2002-08-25,— Türk Gıda Kodeksi Gıda Maddelerinin Genel Etiketleme ve Beslenme Yönünden Etiketleme Kuralları Tebliği (No: 2002/58),https://www.resmigazete.gov.tr/eskiler/2002/08/20020825.htm#7
2002-08-26,"2002/4546 Türkiye Cumhuriyeti Hükümeti Temsilcileri ile Gürcistan Hükümeti Temsilcileri Arasında Çoruh Nehri Üzerinde Yapılmakta Olan Hidrolik Yapılardan Dolayı Çoruh Havzasının Gürcistan Sınırından İtibaren Olası Mansap ve Çevre Etkilerini Belirlemek Amacıyla Gürcistan-Karadeniz-Batum Sahili,Çoruh Nehri ve Kolları Havadan Çekilen Sayısal Renkli Ortofoto Harita Yapımı ile Çoruh Nehri ve Kollarının Enkesitlerinin Alınması İşi Konusunda İşbirliği Yapılmasına Ait Mutabakat Zaptı'nın Onaylanması Hakkında Karar",https://www.resmigazete.gov.tr/eskiler/2002/08/20020826.htm#1
2002-08-26,"2002/4608 Türkiye Cumhuriyeti Devlet Personel Başkanlığı ile Çin Halk Cumhuriyeti Personel Bakanlığı Arasında İmzalanan, Kamu İdaresi ve İnsan Kaynaklarının Geliştirilmesi Alanlarında İşbirliği Protokolü'nün Onaylanması Hakkında Karar",https://www.resmigazete.gov.tr/eskiler/2002/08/20020826.htm#2
2002-08-26,"— Devlet Bakan ı Prof. Dr. Ramazan MİRZAOĞLU’na, Tarım ve Köyişleri Bakanı Prof. Dr. Hüsnü Yusuf GÖKALP’in Vekâlet Etmesine Dair Tezkere",https://www.resmigazete.gov.tr/eskiler/2002/08/20020826.htm#3
2002-08-26,— Yüksek Seçim Kurulunun 472 Sayılı Kararı,https://www.resmigazete.gov.tr/eskiler/2002/08/20020826.htm#4
2002-08-27,2002/4610 Türkiye Cumhuriyeti Bayındırlık ve İskan Bakanlığı ve Çin Halk Cumhuriyeti İnşaat Bakanlığı Arasında İmzalanan Mutabakat Zaptı’nın Onaylanması Hakkında Karar,https://www.resmigazete.gov.tr/eskiler/2002/08/20020827.htm#1
2002-08-27,"— Gemi ve Deniz Araçlarının İnşası,Tadilatı,Bakım-Onarımlarında Uygulanacak Hususlara İlişkin Yönetmeliğe Bir Geçici Madde Eklenmesine Dair Yönetmelik",https://www.resmigazete.gov.tr/eskiler/2002/08/20020827.htm#2
2002-08-27,— Türk Silâhlı Kuvvetlerine Mensup Subay ve Astsubayların Atanma ve Yer Değiştirmeleri Hakkında Yönetmeliğin Bazı Maddelerinde Değişiklik Yapılmasına Dair Yönetmelik,https://www.resmigazete.gov.tr/eskiler/2002/08/20020827.htm#3
2002-08-27,— Türkiye Elektrik İletim Anonim Şirketi Genel Müdürlüğü Personelinin Görevde Yükselme Yönetmeliğinde Değişiklik Yapılması Hakkında Yönetmelik,https://www.resmigazete.gov.tr/eskiler/2002/08/20020827.htm#4
2002-08-27,— Kocaeli Üniversitesi Güzel Sanatlar Fakültesi Önlisans-Lisans Eğitim-Öğretim ve Sınav Yönetmeliği,https://www.resmigazete.gov.tr/eskiler/2002/08/20020827.htm#5
2002-08-28,"2002/4586 Türkiye Cumhuriyeti ile Ukrayna Arasında Nota Teatisi Yoluyla Akdedilen Büyükelçiliklerde, Konsolosluklarda ve Uluslararası Kuruluş Temsilciliklerinde Gönderen Ülke Tarafından Görevlendirilen Diplomat ve İdari-Teknik Personelin Aile Bireylerinin (Eş-Çocuk) Kabul Eden Devlette Kazanç Getiren Bir İşte Çalışabilmelerine İlişkin Anlaşmanın Onaylanması Hakkında Karar",https://www.resmigazete.gov.tr/eskiler/2002/08/20020828.htm#1
2002-08-28,2002/4589 Türk-Yunan Karma Ekonomik Komisyonu Birinci Dönem Toplantısı Mutabakat Zaptı’nın Onaylanması Hakkında Karar,https://www.resmigazete.gov.tr/eskiler/2002/08/20020828.htm#2
2002-08-28,2002/4595 Türkiye Cumhuriyeti ile Çek Cumhuriyeti Arasındaki Serbest Ticaret Anlaşması’na ek “Menşeli Ürünler” Kavramının Tanımı ve İdari İşbirliği Yöntemleri Hakkında Protokol 3’ün Değiştirilmesine Dair 2/2001 Sayılı Ortak Komite Kararı’nın Onaylanması Hakkında Karar,https://www.resmigazete.gov.tr/eskiler/2002/08/20020828.htm#3
2002-08-28,"2002/4550 Türkiye Cumhuriyeti Hükümeti ile Bosna-Hersek Arasında İmzalanan, Gümrük Konularında İşbirliği ve Karşılıklı Yardım Anlaşması’nın Onaylanması Hakkında Karar",https://www.resmigazete.gov.tr/eskiler/2002/08/20020828.htm#4
2002-08-28,"2002/4558 Türkiye Cumhuriyeti Hükümeti ile Pa kistan İslam Cumhuriyeti Hükümeti Arasında İmzalanan, Gümrük Konularında İşbirliği ve Karşılıklı Yardımlaşma Anlaşması’nın Onaylanması Hakkında Karar",https://www.resmigazete.gov.tr/eskiler/2002/08/20020828.htm#5
2002-08-28,2002/4603 Türk-Romen Kara Ulaştırması Ortak Komisyon Toplantısı Protokolü’nün Onaylanması Hakkında Karar,https://www.resmigazete.gov.tr/eskiler/2002/08/20020828.htm#6
2002-08-28,"002/4604 Türkiye Cumhuriyeti Hükümeti ile Ukrayna Bakanlar Kurulu Arasında İmzalanan, Beden Eğitimi ve Spor Alanında İşbirliği Anlaşması’nın Onaylanması Hakkında Karar",https://www.resmigazete.gov.tr/eskiler/2002/08/20020828.htm#7
2002-08-28,"— Devlet Bakanı Erdoğan TOPRAK’a, Devlet Bakanı Masum T ÜRKER’in Vekâlet Etmesine Dair Tezkere",https://www.resmigazete.gov.tr/eskiler/2002/08/20020828.htm#8
2002-08-28,"— Devlet Bakanı Dr. Reşat DOĞRU’ya, Devlet Bakanı Faruk BAL’ın Vekâlet Etmesine Dair Tezkere",https://www.resmigazete.gov.tr/eskiler/2002/08/20020828.htm#9
2002-08-28,"— TCDD Alım, Satım ve İhale Yönetmeliğinde Değişiklik Yapılmasına Dair Yönetmelik",https://www.resmigazete.gov.tr/eskiler/2002/08/20020828.htm#10
2002-08-28,— Basın İlân Kurumu Yönetmeliğinin Bazı Maddelerinin Değiştirilmesine Dair Yönetmelik,https://www.resmigazete.gov.tr/eskiler/2002/08/20020828.htm#11
2002-08-28,— Mecburi Standard: ÖSG-2002/49 Sayılı Tebliğ,https://www.resmigazete.gov.tr/eskiler/2002/08/20020828.htm#12
2002-08-28,— Mecburi Standard: ÖSG-2002/50 Sayılı Tebliğ,https://www.resmigazete.gov.tr/eskiler/2002/08/20020828.htm#13
2002-08-28,— Dahilde İşleme İzni Hakkında Tebliğde Değişiklik Yapılmasına Dair Tebliğ (İhracat: 2002/8),https://www.resmigazete.gov.tr/eskiler/2002/08/20020828.htm#14
2002-08-28,— Kars Valiliği Mahalli Çevre Kurulu Kararı (No: 3),https://www.resmigazete.gov.tr/eskiler/2002/08/20020828.htm#15
2002-08-29,"2002/4592 Türkiye Cumhuriyeti Hükümeti ile Tayland Krallığı Hükümeti Arasında İmzalanan, Çevre Alanında İşbirliği Anlaşması’nın Onaylanması Hakkında Karar",https://www.resmigazete.gov.tr/eskiler/2002/08/20020829.htm#1
2002-08-29,"— Devlet Bakanı M. Zeki SEZER’e,Devlet Bakanı Melda BAYER’in Vekâlet Etmesine Dair Tezkere",https://www.resmigazete.gov.tr/eskiler/2002/08/20020829.htm#2
2002-08-29,2002/4568 Mezarlıklar Hakkındaki Nizamnamenin Bir Maddesinin Değiştirilmesine İlişkin Tüzük,https://www.resmigazete.gov.tr/eskiler/2002/08/20020829.htm#3
2002-08-29,2002/4597 Türkiye Bankalar Birliği Statüsü’nün Yürürlüğe Konulması Hakkında Karar,https://www.resmigazete.gov.tr/eskiler/2002/08/20020829.htm#4
2002-08-29,2002/4648 Gaziosmanpaşa Üniversitesi Rektörlüğüne Bağlı Olarak Yabancı Diller Yüksekokulu Kurulması Hakkında Karar,https://www.resmigazete.gov.tr/eskiler/2002/08/20020829.htm#5
2002-08-29,— Hükümlü Haydar BARAN'ın Cezasının Kaldırılması Hakkında Karar (2002/53),https://www.resmigazete.gov.tr/eskiler/2002/08/20020829.htm#6
2002-08-29,— Hükümlü Gülperi ÖZEN'in Cezasının Kaldırılması Hakkında Karar (2002/54),https://www.resmigazete.gov.tr/eskiler/2002/08/20020829.htm#7
2002-08-29,"— Başbakanlık, Milli Savunma ile Enerji ve Tabii Kaynaklar Bakanlıklarına Ait Atama Kararları",https://www.resmigazete.gov.tr/eskiler/2002/08/20020829.htm#8
2002-08-29,2002/4566 Döner Sermayeli Kuruluşlar İhale Yönetmeliğinde Değişiklik Yapılmasına Dair Yönetmelik,https://www.resmigazete.gov.tr/eskiler/2002/08/20020829.htm#9
2002-08-29,2002/4613 Kamu Kurum ve Kuruluşlarının Daimi Kadrolarına İlk Defa İşçi Olarak Alınacaklar Hakkında Uygulanacak Sınav Yönetmeliğinde Değişiklik Yapılmasına Dair Yönetmelik,https://www.resmigazete.gov.tr/eskiler/2002/08/20020829.htm#10
2002-08-29,2002/4635 Devlet Memurlarının Tedavi Yardımı ve Cenaze Giderleri Yönetmeliğinde Değişiklik Yapılmasına Dair Yönetmelik,https://www.resmigazete.gov.tr/eskiler/2002/08/20020829.htm#11
2002-08-29,— Enerji Piyasası Düzenleme Kurulunun 51 Sayılı Kararı,https://www.resmigazete.gov.tr/eskiler/2002/08/20020829.htm#12
2002-08-30,22/6/1927 tarihli ve 5235 sayılı Bakanlar Kurulu Kararı ile yürürlüğe konulan Resmî Gazete'nin Sureti Neşir ve Muamelatının Tarzı İcrasına Dair Yönetmelik uyarınca bugün Resmî Gazete yayımlanmamıştır.,https://www.resmigazete.gov.tr/2011%20Resmi%20Gazeteleri/Resmi%20Gazete%20Tatil%20Şablon/20110101-1.htm
2002-08-31,2002/4668 Türkiye Cumhuriyeti Orman Bakanlığı ve Japonya Uluslararası İşbirliği Ajansı Arasında Anlaşmaya Varılan Türkiye Cumhuriyeti’nde Çoruh Nehri Katılımcı Havza Islahı Master Plan Çalışması İçin Çalışma Kapsamı’nın Onaylanması Hakkında Karar,https://www.resmigazete.gov.tr/eskiler/2002/08/20020831.htm#1
2002-08-31,"— Dışişleri Bakanlığı ve Başbakan Yardımcılığına, Orman Bakanı Prof. Dr. Nami ÇAĞAN’ın Vekâlet Etmesine Dair Tezkere",https://www.resmigazete.gov.tr/eskiler/2002/08/20020831.htm#2
2002-08-31,"— Çevre Bakanlığına, Devlet Bakanı Hüseyin Tayfun İÇLİ’nin Vekâ let Etmesine Dair Tezkere",https://www.resmigazete.gov.tr/eskiler/2002/08/20020831.htm#3
2002-08-31,— Hükümlü Mehmet TAMER'in Cezasının Kaldırılması Hakkında Karar (No: 2002/55),https://www.resmigazete.gov.tr/eskiler/2002/08/20020831.htm#4
2002-08-31,— Hükümlü Mustafa Erkan ÇETİN'in Cezasının Kaldırılması Hakkında Karar (No: 2002/56),https://www.resmigazete.gov.tr/eskiler/2002/08/20020831.htm#5
2002-08-31,— Hazine Müsteşarlığı Sigorta Denetleme Kurulu Yönetmeliğinde Değişiklik Yapılması Hakkında Yönetmelik,https://www.resmigazete.gov.tr/eskiler/2002/08/20020831.htm#6
2002-08-31,— Özürlülere Verilecek Sağlık Kurulu Raporları Hakkında Yönetmelik Ekinde Yer Alan Özürlü Sağlık Kurulu Raporu Vermeye Yetkili Sağlık Kuruluşlarına Yeni Sağlık Kuruluşlarının İlave Edilmesine İlişkin Tebliğ,https://www.resmigazete.gov.tr/eskiler/2002/08/20020831.htm#7
2002-08-31,— İthal ve İhraç Edilecek Gıdaların Giriş ve Çıkış Kapılarının Tespit ve İlanına Dair Tebliğ’de Değişiklik Yapılması Hakkında Tebliğ (No: 2002/46),https://www.resmigazete.gov.tr/eskiler/2002/08/20020831.htm#8
2002-08-31,— Anayasa Mahkemesinin Esas No: 2001/3 (Siyasî Parti-İhtar) Karar No: 2001/3),https://www.resmigazete.gov.tr/eskiler/2002/08/20020831.htm#9
2002-08-31,"— Anayasa Mahkemesinin Esas No: 2002/121, Karar No: 2002/62 Sayılı Kararı",https://www.resmigazete.gov.tr/eskiler/2002/08/20020831.htm#10
2002-08-31,— Yüksek Seçim Kurulunun 474 Sayılı Kararı,https://www.resmigazete.gov.tr/eskiler/2002/08/20020831.htm#11
2002-08-31,— Yüksek Seçim Kurulunun 481 Sayılı Kararı,https://www.resmigazete.gov.tr/eskiler/2002/08/20020831.htm#12
2002-08-31,— Yüksek Seçim Kurulunun 482 Sayılı Kararı,https://www.resmigazete.gov.tr/eskiler/2002/08/20020831.htm#13
2002-09-01,"2002/4615 Türkiye Cumhuriyeti ile Avrupa Topluluğu Arasında İmzalanan, Türkiye Cumhuriyetinin Topluluk Programlarına Katılmasının Genel İlkeleri Hakkında Çerçeve Anlaşması’nın Onaylanması Hakkında Karar",https://www.resmigazete.gov.tr/eskiler/2002/09/20020901.htm#1
2002-09-01,"— Cumhurbaşkanlığına, Türkiye Büyük Millet Meclisi Başkanı Ömer İZGİ’nin Vekâlet Etmesine Dair Tezkere",https://www.resmigazete.gov.tr/eskiler/2002/09/20020901.htm#2
2002-09-01,2002/4547 Türk İşbirliği ve Kalkınma İdaresi Başkanlığında Çalıştırılacak Sözleşmeli Personel Hakkında Hizmet Sözleşmesi Esasları’nın Yürürlüğe Konulması Hakkında Karar,https://www.resmigazete.gov.tr/eskiler/2002/09/20020901.htm#3
2002-09-01,— Borç ve Risk Yönetiminin Koordinasyonu ve Yürütülmesine İlişkin Esas ve Usuller Hakkında Yönetmelik,https://www.resmigazete.gov.tr/eskiler/2002/09/20020901.htm#4
2002-09-01,— Türk Gıda Kodeksi Baharat Tebliğinde Değişiklik Yapılması Hakkında Tebliğ (No: 2002/45),https://www.resmigazete.gov.tr/eskiler/2002/09/20020901.htm#5
2002-09-01,— Turizm Tesisleri Yönetmeliğinin Uygulanmasına Dari Tebliğ (No: 2002/1),https://www.resmigazete.gov.tr/eskiler/2002/09/20020901.htm#6
2002-09-01,— Uluslararası Gözetim Şirketleri Statüsüne İlişkin Karar (Dış Ticarette Standardizasyon: 2002/10),https://www.resmigazete.gov.tr/eskiler/2002/09/20020901.htm#7
2002-09-01,— Rekabet Kurulunun 01-25/245-67 Sayılı Kararı,https://www.resmigazete.gov.tr/eskiler/2002/09/20020901.htm#8
2002-09-01,— Rekabet Kurulunun 01-33/331-94 Sayılı Kararı,https://www.resmigazete.gov.tr/eskiler/2002/09/20020901.htm#9
2002-09-01,— Mülga Dış Krediler Kur Farkı Fonu’ndan Kullanılmış Kredilere Uygulanacak Değişken Faiz Oranı Hakkında Tebliğ,https://www.resmigazete.gov.tr/eskiler/2002/09/20020901.htm#10
2002-09-02,"— Dışişleri Bakanlığı ve Başbakan Yardımcılığına, Orman Bakanı Prof. Dr. Nami ÇAĞAN’ın Vekâlet Etmesine Dair Tezkere",https://www.resmigazete.gov.tr/eskiler/2002/09/20020902.htm#1
2002-09-02,Harp Akademileri Yönetmeliğinin 3 üncü ve 50 nci Maddelerinde Değişiklik Yapılmasına Dair Yönetmelik,https://www.resmigazete.gov.tr/eskiler/2002/09/20020902.htm#2
2002-09-02,— Işık Üniversitesi Yaz Öğretimi Yönetmeliği,https://www.resmigazete.gov.tr/eskiler/2002/09/20020902.htm#3
2002-09-02,— İstanbul Üniversitesi Veteriner Fakültesi Öğretim ve Sınav Yönetmeliğinin Bazı Maddelerinin Değiştirilmesine Dair Yönetmelik,https://www.resmigazete.gov.tr/eskiler/2002/09/20020902.htm#4
2002-09-02,— Kars Valiliği Mahalli Çevre Kurulu Kararı (No: 4),https://www.resmigazete.gov.tr/eskiler/2002/09/20020902.htm#5
2002-09-02,DÜZELTME (Esnaf ve Sanatkarların Mesleki Eğitimini Geliştirme ve Destekleme Fonu Yönetmeliğinde Değişiklik Yapılmasına İlişkin Yönetmelik ile İlgili),https://www.resmigazete.gov.tr/eskiler/2002/09/20020902.htm#6
2002-09-03,"Dışişleri Bakanlığı ve Başbakan Yardımcılığına, Orman Bakanı Prof. Dr. Nami ÇAĞAN’ın Vekâlet Etmesine Dair Tezkere",https://www.resmigazete.gov.tr/eskiler/2002/09/20020903.htm#1
2002-09-03,2002/4660 Tapu ve Kadastro Genel Müdürlüğü Teftiş Kurulu Tüzüğünde Değişiklik Yapılmasına Dair Tüzük,https://www.resmigazete.gov.tr/eskiler/2002/09/20020903.htm#2
2002-09-03,2002/4616 Türkiye ile Avrupa Topluluğu Arasında Oluşturulan Gümrük Birliğinin Uygulanmasına İlişkin Esaslar Hakkında Karar,https://www.resmigazete.gov.tr/eskiler/2002/09/20020903.htm#3
2002-09-03,2002/4656 Mersin Üniversitesi Rektörlüğü’ne Bağlı Olarak Takı Teknol ojisi ve Tasa rımı Yüksekokulu Kurulması Hakkında Karar,https://www.resmigazete.gov.tr/eskiler/2002/09/20020903.htm#4
2002-09-03,— Yüzüncü Yıl Üniversitesi Fen Bilimleri Enstitüsü Lisansüstü Eğitim-Öğretim ve Sınav Yönetmeliğinin 10 uncu ve 11 inci Maddelerinin Değiştirilmesi Hakkında Yönetmelik,https://www.resmigazete.gov.tr/eskiler/2002/09/20020903.htm#5
2002-09-03,2001/3 Sayılı 2002 Yılı Fuar Takvimi Tebliği’nde Değişiklik Yapılmasına Dair Tebliğ (No: İTG- 2002/5),https://www.resmigazete.gov.tr/eskiler/2002/09/20020903.htm#6
2002-09-03,— Dış Ticarette Standardizasyon Tebliği (No: 2002/25),https://www.resmigazete.gov.tr/eskiler/2002/09/20020903.htm#7
2002-09-04,2002/4624 Türkiye Cumhuriyeti Milli Savunma Bakanlığı ile Macaristan Cumhuriyeti Savunma Bakanlığı Arasında Haritacılık Alanında İşbirliğine Dair Uygulama Protokolu’nun Onaylanması Hakkında Karar,https://www.resmigazete.gov.tr/eskiler/2002/09/20020904.htm#1
2002-09-04,2002 /4629 Türkiye-Pakistan Ekonomik ve Teknik İşbirliği Bakanlararası Karma Komisyonu Onikinci Dönem Toplantısı Protokolü’nün Onaylanması Hakkında Karar,https://www.resmigazete.gov.tr/eskiler/2002/09/20020904.htm#2
2002-09-04,"2002/4630 Türkiye Cumhuriyeti Hükümeti ile Kamerun Cumhuriyeti Hükümeti Arasında Ekonomik, Teknik ve Ticari İşbirliği Anlaşması’nın Onaylanması Hakkında Karar",https://www.resmigazete.gov.tr/eskiler/2002/09/20020904.htm#3
2002-09-04,2002/4634 Hükümetimiz ile Birleşmiş Milletler Nüfus Fonu (UNFPA) Arasında İmzalanan “Hizmetiçi Üreme Sağlığı Eğitim Programının Güçlendirilmesi” Konulu Proje Belgesinin Onaylanması Hakkında Karar,https://www.resmigazete.gov.tr/eskiler/2002/09/20020904.htm#4
2002-09-04,2002/4649 Türkiye Cumhuriyeti Genelkurmay Başkanlığı ile Moritanya İslam Cumhuriyeti Genelkurmay Başkanlığı Arasında İmzalanan Askeri Eğitim İşbirliği Anlaşması’nın Onaylanması Hakkında Karar,https://www.resmigazete.gov.tr/eskiler/2002/09/20020904.htm#5
2002-09-04,2002/4669 Bazı Bakanlar Kurulu Kararlarında Değişiklik Yapılmasına İlişkin Karar,https://www.resmigazete.gov.tr/eskiler/2002/09/20020904.htm#6
2002-09-04,— Başbakanlık Devlet Meteoroloji İşleri Genel Müdürlüğü Uzman ve Uzman Yardımcılığı Yetiştirme ve Sınav Yönetmeliğinde Değişiklik Yapılmasına Dair Yönetmelik,https://www.resmigazete.gov.tr/eskiler/2002/09/20020904.htm#7
2002-09-04,— Devlet Meteoroloji İşleri Genel Müdürlüğüne Ait Motorlu Araçların Koruyucu Bakım Yönetmeliğinin Yürürlükten Kaldırılmasına Dair Yönetmelik,https://www.resmigazete.gov.tr/eskiler/2002/09/20020904.htm#8
2002-09-04,— Emniyet Hizmetleri Sınıfı Mensupları Kıyafet Yönetmeliğinde Değişiklik Yapılmasına Dair Yönetmelik,https://www.resmigazete.gov.tr/eskiler/2002/09/20020904.htm#9
2002-09-04,— Büyük Şehir Belediyeleri Koordinasyon Merkezleri ve Fon Yönetmeliğinin 24 üncü Maddesinde Değişiklik Yapılmasına Dair Yönetmelik,https://www.resmigazete.gov.tr/eskiler/2002/09/20020904.htm#10
2002-09-04,— Yakın ve Orta Doğu Çalışma Eğitim Merkezi Başkanlığı Arşiv Yönetmeliği,https://www.resmigazete.gov.tr/eskiler/2002/09/20020904.htm#11
2002-09-04,— Damga Yönetmeliğinde Değişiklik Yapılmasına Dair Yönetmelik,https://www.resmigazete.gov.tr/eskiler/2002/09/20020904.htm#12
2002-09-04,— Elektrik Piyasası İthalat ve İhracat Yönetmeliği,https://www.resmigazete.gov.tr/eskiler/2002/09/20020904.htm#13
2002-09-04,— Elektrik Piyasası Serbest Tüketici Yönetmeliği,https://www.resmigazete.gov.tr/eskiler/2002/09/20020904.htm#14
2002-09-04,— Mustafa Kemal Üniversitesi Tıp Fakültesi Öğretim ve Sınav Yönetmeliği,https://www.resmigazete.gov.tr/eskiler/2002/09/20020904.htm#15
2002-09-04,— Mustafa Kemal Üniversitesi Tıp Fakültesi İngilizce Hazırlık Eğitimi Yönetmeliği,https://www.resmigazete.gov.tr/eskiler/2002/09/20020904.htm#16
2002-09-04,— Mustafa Kemal Üniversitesi Sağlık Uygulama ve Araştırma Hastanesi Yönetmeliği,https://www.resmigazete.gov.tr/eskiler/2002/09/20020904.htm#17
2002-09-04,— Yüzüncü Yıl Üniversitesi Sağlık Bilimleri Enstitüsü Eğitim-Öğretim ve Sınav Yönetmeliğinin 2 nci Maddesinin Değiştirilmesi Hakkında Yönetmelik,https://www.resmigazete.gov.tr/eskiler/2002/09/20020904.htm#18
2002-09-04,— Yüzüncü Yıl Üniversitesi Sosyal Bilimler Enstitüsü Lisansüstü Eğitim-Öğretim ve Sınav Yönetmeliğinin 2 nci Maddesinin Değiştirilmesi Hakkında Yönetmelik,https://www.resmigazete.gov.tr/eskiler/2002/09/20020904.htm#19
2002-09-04,— Emlak Vergisi Kanunu Genel Tebliği (Seri No: 34),https://www.resmigazete.gov.tr/eskiler/2002/09/20020904.htm#20
2002-09-04,— Rekabet Kurulunun 00-9/89-44 Sayılı Kararı,https://www.resmigazete.gov.tr/eskiler/2002/09/20020904.htm#21
2002-09-04,— Rekabet Kurulunun 00-18/176-94 Sayılı Kararı,https://www.resmigazete.gov.tr/eskiler/2002/09/20020904.htm#22
2002-09-04,— Rekabet Kurulunun 00-43/465-2 55 Sayılı Kararı,https://www.resmigazete.gov.tr/eskiler/2002/09/20020904.htm#23
2002-09-04,DÜZELTME (Sakarya Üniversitesi Lisansüstü Eğitim ve Öğretim Yönetmeliğinin 4 üncü Maddesinde Değişiklik Yapılması Hakkında Yönetmelik ile İlgili),https://www.resmigazete.gov.tr/eskiler/2002/09/20020904.htm#24
2002-09-05,"— Devlet Bakanı Prof. Dr. Tunca TOSKAY’a, Sanayi ve Ticaret Bakanı Ahmet Kenan TANRIKULU’nun Vekâlet Etmesine Dair Tezkere",https://www.resmigazete.gov.tr/eskiler/2002/09/20020905.htm#1
2002-09-05,— Anadolu Üniversitesi Karikatür Sanatını Araştırma ve Uygulama Merkezi Yönetmeliğ,https://www.resmigazete.gov.tr/eskiler/2002/09/20020905.htm#2
2002-09-05,— Bartın Valiliği Mahalli Çevre Kurulu Kararı (No: 42),https://www.resmigazete.gov.tr/eskiler/2002/09/20020905.htm#3
2002-09-05,"— Anayasa Mahkemesinin E: 2001/5 (2464 Sayılı Kanun ile İlgili), K: 2002/42 Sayılı Kararı",https://www.resmigazete.gov.tr/eskiler/2002/09/20020905.htm#4
2002-09-05,— Yüksek Se çim Kurulunun 478 Sayılı Kararı,https://www.resmigazete.gov.tr/eskiler/2002/09/20020905.htm#5
2002-09-05,— Yüksek Seçim Kurulunun 491 Sayılı Kararı,https://www.resmigazete.gov.tr/eskiler/2002/09/20020905.htm#6
2002-09-06,"Sağlık Bakanlığına, Devlet Bakanı Prof. Dr. Ramazan MİRZAOĞLU’nun Vekâlet Etmesine Dair Tezkere",https://www.resmigazete.gov.tr/eskiler/2002/09/20020906.htm#1
2002-09-06,"Ulaştırma Bakanlığına, Adalet Bakanı Prof. Dr. Aysel ÇELİKEL’in Vekâlet Etmesine Dair Tezkere",https://www.resmigazete.gov.tr/eskiler/2002/09/20020906.htm#2
2002-09-06,— Çalışma ve Sosyal Güvenlik Bakanlığı Per sonelinin Görevde Yükselme Esas larına Dair Yönetmelikte Değişiklik Yapılması Hakkında Yönetmelik,https://www.resmigazete.gov.tr/eskiler/2002/09/20020906.htm#3
2002-09-06,"— Kafkas Üniversitesi Kayıt, Eğitim-Öğretim ve Sınav Yönetmeliği",https://www.resmigazete.gov.tr/eskiler/2002/09/20020906.htm#4
2002-09-06,— Mersin Üniversitesi Uzaktan Eğitim Merkezi (MERUZEM) Yönetmeliği,https://www.resmigazete.gov.tr/eskiler/2002/09/20020906.htm#5
2002-09-06,— Sektörel Dış Ticaret Şirketi Statüsü Verilmesine İlişkin Karar,https://www.resmigazete.gov.tr/eskiler/2002/09/20020906.htm#6
2002-09-06,— Gümrük Genel Tebliğinde Değişiklik Yapılmasına Dair Tebliğ (Gümrük İşlemleri) (Seri No: 17),https://www.resmigazete.gov.tr/eskiler/2002/09/20020906.htm#7
2002-09-06,— Kamu İhale Tebliği (No: 2002/4),https://www.resmigazete.gov.tr/eskiler/2002/09/20020906.htm#8
2002-09-06,"DÜZELTME (Kültür Bakanlığı Halk Kültürlerini Araştırma ve Geliştirme Genel Müdürlüğü Halk Kültürü Arşivi Belge Kabul, Kayıt ve Yararlanma Yönetmeliğinde Değişiklik Yapılmasına Dair Yönetmelik ile İlgili)",https://www.resmigazete.gov.tr/eskiler/2002/09/20020906.htm#9
2002-09-07,— Doğal Gaz Piyasası Lisans Yönetmeliği,https://www.resmigazete.gov.tr/eskiler/2002/09/20020907.htm#1
2002-09-07,— Erzincan Valiliği Mahalli Çevre Kurulu Kararı (No : 2002/8),https://www.resmigazete.gov.tr/eskiler/2002/09/20020907.htm#2
2002-09-08,"— Milli Savunma Bakanlığına, Devlet Bakanı Faruk BAL’ın Vekâlet Etmesine Dair Tezkere",https://www.resmigazete.gov.tr/eskiler/2002/09/20020908.htm#1
2002-09-08,— Yapı Malzemeleri Yönetmeliği (89/106/EEC),https://www.resmigazete.gov.tr/eskiler/2002/09/20020908.htm#2
2002-09-08,— Yıldız Teknik Üniversitesi Meslek Yüksekokulu Önlisans Eğitim-Öğretim ve Sınav Yönetmeliği,https://www.resmigazete.gov.tr/eskiler/2002/09/20020908.htm#3
2002-09-08,— Yüksek Seçim Kurulunun 509 Sayılı Kararı,https://www.resmigazete.gov.tr/eskiler/2002/09/20020908.htm#4
2002-09-09,— Hükümlü Hatun AN'ın Cezasının Kaldırılması Hakkında Karar (No: 2002/57),https://www.resmigazete.gov.tr/eskiler/2002/09/20020909.htm#5
2002-09-09,— Hükümlü Hakan BARAN'ın Cezasının Kaldırılması Hakkında Karar (No: 2002/58),https://www.resmigazete.gov.tr/eskiler/2002/09/20020909.htm#6
2002-09-09,— Hükümlü Agop İPLİKCİ'nin Cezasının Kaldırılması Hakkında Karar (No: 2002/59),https://www.resmigazete.gov.tr/eskiler/2002/09/20020909.htm#7
2002-09-09,"— Hacettepe Üniversitesi Önlisans, Lisans Eğitim-Öğretim ve Sınav Yönetmeliği",https://www.resmigazete.gov.tr/eskiler/2002/09/20020909.htm#1
2002-09-09,— Dokuz Eylül Üniversitesi Lisansüstü Eğitim ve Öğretim Yönetmeliğinin Bazı Maddelerinde Değişiklik Yapılması Hakkında Yönetmelik,https://www.resmigazete.gov.tr/eskiler/2002/09/20020909.htm#2
2002-09-09,— Gaziantep Valiliği Mahalli Çevre Kurulu Kararı (No : 2002/5),https://www.resmigazete.gov.tr/eskiler/2002/09/20020909.htm#3
2002-09-09,— Kayseri İli Taşkın Kontrol Tesislerini İşletme Hakkında Karar (No: 2002/1),https://www.resmigazete.gov.tr/eskiler/2002/09/20020909.htm#4
2002-09-10,"Dışişleri Bakanlığı ve Başbakan Yardımcılığına, Orman Bakanı Prof. Dr. Nami ÇAĞAN’ın Vekâlet Etmesine Dair Tezkere",https://www.resmigazete.gov.tr/eskiler/2002/09/20020910.htm#1
2002-09-10,PTT Biriktirme ve Yardım Sandığı Yönetmeliğinde Değişiklik Yapılması Hakkında Yönetmelik,https://www.resmigazete.gov.tr/eskiler/2002/09/20020910.htm#2
2002-09-10,— Adnan Menderes Üniversitesi Ön Lisans ve Lisans Eğitim-Öğretim ve Sınav Yönetmeliğinin 8 ve 21 inci Maddelerinde Değişiklik Yapılması Hakkında Yönetmelik,https://www.resmigazete.gov.tr/eskiler/2002/09/20020910.htm#3
2002-09-10,— Eskişehir Osmangazi Üniversitesi Sürekli Eğitim Merkezi Yönetmeliği,https://www.resmigazete.gov.tr/eskiler/2002/09/20020910.htm#4
2002-09-10,Eskişehir Osmangazi Üniversitesi Halkbilim Araştırma ve Uygulama Merkezi (HAMER) Yönetmeliği,https://www.resmigazete.gov.tr/eskiler/2002/09/20020910.htm#5
2002-09-11,2002/4670 Tabi Afet Nedeniyle Gelir Kaybı ve Alt Yapı Hasarına Uğrayan İl Özel İdarelerine Yapılacak Yardımlara Dair Karar,https://www.resmigazete.gov.tr/eskiler/2002/09/20020911.htm#1
2002-09-11,— Galatasaray Üniversitesi İktisadi ve İdari Bilimler Fakültesi Lisans Öğretim ve Sınav Yönetmeliğinde Değişiklik Yapılmasına Dair Yönetmelik,https://www.resmigazete.gov.tr/eskiler/2002/09/20020911.htm#2
2002-09-11,— İşkolu Tespit Kararı (No : 2002/11),https://www.resmigazete.gov.tr/eskiler/2002/09/20020911.htm#3
2002-09-11,— İşkolu Tespit Kararı (No : 2002/12),https://www.resmigazete.gov.tr/eskiler/2002/09/20020911.htm#4
2002-09-11,— İşkolu Tespit Kararı (No : 2002/13),https://www.resmigazete.gov.tr/eskiler/2002/09/20020911.htm#5
2002-09-11,— Malatya Valiliği Mahalli Çevre Kurulu Kararı (No: 2002/3),https://www.resmigazete.gov.tr/eskiler/2002/09/20020911.htm#6
2002-09-11,— Malatya Valiliği Mahalli Çevre Kurulu Kararı (No: 2002/4),https://www.resmigazete.gov.tr/eskiler/2002/09/20020911.htm#7
2002-09-11,— Denizlerde ve İçsularda Ticari Amaçlı Su Ürünleri Avcılığını Düzenleyen 35/1 Numaralı Sirkülerde Değişiklik Yapılmasına Dair Sirküler,https://www.resmigazete.gov.tr/eskiler/2002/09/20020911.htm#8
2002-09-11,— Denizlerde ve İçsularda Amatör (Sportif) Amaçlı Su Ürünleri Avcılığını Düzenleyen 35/2 Numaralı Sirkülerde Değişiklik Yapılmasına Dair Sirküler,https://www.resmigazete.gov.tr/eskiler/2002/09/20020911.htm#9
2002-09-11,— Yüksek Seçim Kurulunun 508 Sayılı Kararı,https://www.resmigazete.gov.tr/eskiler/2002/09/20020911.htm#10
2002-09-12,"— Devlet Bakanı ve Başbakan Yardımcısı Mesut YILMAZ’a, Devlet Bakanı Dr. Yılmaz KARAKOYUNLU’nun Vekâlet Etmesine Dair Tezkere",https://www.resmigazete.gov.tr/eskiler/2002/09/20020912.htm#1
2002-09-12,"Milli Eğitim Bakanlığına, Kültür Bakanı Prof. Dr. B. Suat ÇAĞLAYAN’ın Vekâlet Etmesine Dair Tezkere",https://www.resmigazete.gov.tr/eskiler/2002/09/20020912.htm#2
2002-09-12,— Hükümlü Yılmaz BABATÜMGÖZ’ün Cezasının Kaldırılması Hakkında Karar (No : 2002/60),https://www.resmigazete.gov.tr/eskiler/2002/09/20020912.htm#3
2002-09-12,— Kılavuz Kaptan Yeterlikleri Hakkında Yönetmelikte Değişiklik Yapılmasına Dair Yönetmelik,https://www.resmigazete.gov.tr/eskiler/2002/09/20020912.htm#4
2002-09-12,— Gal atasaray Üniversitesi İletişim Fakültesi Lisans Öğretim ve Sınav Yönetmeliğinde Değişiklik Yapılmasına Dair Yönetmelik,https://www.resmigazete.gov.tr/eskiler/2002/09/20020912.htm#5
2002-09-12,— Galatasaray Üniversitesi Fen-Edebiyat Fakültesi Lisans Öğretim ve Sınav Yönetmeliğinde Değişiklik Yapılmasına Dair Yönetmelik,https://www.resmigazete.gov.tr/eskiler/2002/09/20020912.htm#6
2002-09-12,— Gümrük Genel Tebliği (Gümrük İşlemleri) (Seri No: 18),https://www.resmigazete.gov.tr/eskiler/2002/09/20020912.htm#7
2002-09-12,— Rekabet Kurulunun 00-26/276-154 Sayılı Kararı,https://www.resmigazete.gov.tr/eskiler/2002/09/20020912.htm#8
2002-09-12,— Rekabet Kurulunun 01-43/427-110 Sayılı Kararı,https://www.resmigazete.gov.tr/eskiler/2002/09/20020912.htm#9
2002-09-12,— Rekabet Kurulunun 01-55/544-128 Sayılı Kararı,https://www.resmigazete.gov.tr/eskiler/2002/09/20020912.htm#10
2002-09-12,— Batman Valiliği İl Emniyet Komisyon Kararı (No: 2002/,https://www.resmigazete.gov.tr/eskiler/2002/09/20020912.htm#11
2002-09-12,— İstanbul Valiliği Mahalli Çevre Kurulu Kararı (No: 4),https://www.resmigazete.gov.tr/eskiler/2002/09/20020912.htm#12
2002-09-13,"İstifa Eden ve İstifası Kabul Edilen Edip Safder GAYDALI’dan Boşalan Devlet Bakanlığına, Şırnak Milletvekili Prof.Dr . Mehmet Salih YILDIRIM’ın Atanmasına Dair Tezkere",https://www.resmigazete.gov.tr/eskiler/2002/09/20020913.htm#1
2002-09-13,2002/4702 Toplu Konut İdaresince Satılan Konutlarda Maliyet Artışı Yansıtılan Konut Alıcılarının Taksitlerinin ve Borç Bakiyelerinin 2005 Yılının Birinci Altı Aylık Dönem Başlangıcına Kadar Sabitlenmesine iİişkin Karar,https://www.resmigazete.gov.tr/eskiler/2002/09/20020913.htm#2
2002-09-13,— Çevre Sağlığı Denetimi ve Denetçileri Hakkında Yönetmelik,https://www.resmigazete.gov.tr/eskiler/2002/09/20020913.htm#3
2002-09-14,"2002/4671 3213 sayılı Maden Kanunu Kapsamına Giren Madenlerin Çıkartılması veya Bunun İçin Gerekli Olan İşletme ve Arama Faaliyetleri Sebebiyle Taşınmaz Malları Tamamen Kamulaştırılanlara, Kamu Kurum ve Kuruluşlarının, Daimi İşçi Taleplerine Göndermede Öncelik Tanınmasına İlişkin Karar",https://www.resmigazete.gov.tr/eskiler/2002/09/20020914.htm#1
2002-09-14,2002/4675 Özel Tüketim Vergisi Tutarlarının Belirlenmesine İlişkin Karar,https://www.resmigazete.gov.tr/eskiler/2002/09/20020914.htm#2
2002-09-14,2002/4698 Romanya Menşeli Bazı Tarım Ürünleri İthalatında Tarife Kontenjanı Uygulanması Hakkında Karar,https://www.resmigazete.gov.tr/eskiler/2002/09/20020914.htm#3
2002-09-14,Türkiye Elektrik İletim Anonim Şirketi Kadrolu Personel Sicil Amirleri Yönetmeliği,https://www.resmigazete.gov.tr/eskiler/2002/09/20020914.htm#4
2002-09-14,— Türkiye Elektrik İletim Anonim Şirketi Sözleşmeli Personel Sicil Amirleri Yönetmeliği,https://www.resmigazete.gov.tr/eskiler/2002/09/20020914.htm#5
2002-09-14,İthalatta Haksız Rekabetin Önlenmesine İlişkin Tebliğ (No: 2002/11),https://www.resmigazete.gov.tr/eskiler/2002/09/20020914.htm#6
2002-09-14,— Uluslararası Gözetim Şirketleri Statüsüne İlişkin Karar (Dış Ticarette Stan dardizasyon 2002/11),https://www.resmigazete.gov.tr/eskiler/2002/09/20020914.htm#7
2002-09-14,— Balıkesir Valiliği Mahalli Çevre Kurulu Kararı (No: 2002/7),https://www.resmigazete.gov.tr/eskiler/2002/09/20020914.htm#8
2002-09-15,"— Sağlık Bakanlığına, Tarım ve Köyişleri Bakanı Prof. Dr. Hüsnü Yusuf GÖKALP’in Vekâlet Etmesine Dair Tezkere",https://www.resmigazete.gov.tr/eskiler/2002/09/20020915.htm#1
2002-09-15,"Çalışma ve Sosyal Güvenlik Bakanlığına, Turizm Bakanı Mustafa TAŞAR’ın Vekâlet Etmesine Dair Tezkere",https://www.resmigazete.gov.tr/eskiler/2002/09/20020915.htm#2
2002-09-15,2002/4673 İthalat Rejimi Kararına Ek Karar,https://www.resmigazete.gov.tr/eskiler/2002/09/20020915.htm#3
2002-09-15,— Tahsilat Genel Tebliği Seri No: 427,https://www.resmigazete.gov.tr/eskiler/2002/09/20020915.htm#4
2002-09-16,— Anadolu Üniversitesi Açıköğretim Hizmetleri Yayın ve Uygulama Yönetmeliğinin 8 inci Maddesinin Değiştirilmesine İlişkin Yönetmelik,https://www.resmigazete.gov.tr/eskiler/2002/09/20020916.htm#1
2002-09-16,— Yeditepe Üniversitesi Lisans Burs Yönetmeliğinin 19 uncu Maddesinde Değişiklik Yapılmasına Dair Yönetmelik,https://www.resmigazete.gov.tr/eskiler/2002/09/20020916.htm#2
2002-09-16,— Amasya Valiliği Mahalli Çevre Kurulu Kararı (No: 2002/4),https://www.resmigazete.gov.tr/eskiler/2002/09/20020916.htm#3
2002-09-16,— Eskişehir Valiliği Mahalli Çevre Kurulu Kararı (No: 6),https://www.resmigazete.gov.tr/eskiler/2002/09/20020916.htm#4
2002-09-16,"— 3 Kasım 2002 Pazar Günü Yapılacak Olan 22 nci Dönem Mill etvekili Genel Seçimine Katılmaya Hak Kazanan Siyasi Partiler Tarafından Gösterilmiş Olan Adaylarla, Seçime Bağımsız Olarak Katılmak Üzere Başvurmuş Olan Adaylara İlişkin “Geçici Aday Listeleri” Hakkında Karar",https://www.resmigazete.gov.tr/eskiler/2002/09/20020916.htm#5
2002-09-17,"— Cumhurbaşkanlığına, Türkiye Büyük Millet Meclisi Başkanı Ömer İZGİ’nin Vekâlet Etmesine Dair Tezkere",https://www.resmigazete.gov.tr/eskiler/2002/09/20020917.htm#1
2002-09-17,— Devlet Bakanı Dr. Reşat DOĞRU’ya Bayındırlık ve İskan Bakanı Prof. Dr. Abdülkadir AKCAN’ın Vekâlet Etmesine Dair Tezkere,https://www.resmigazete.gov.tr/eskiler/2002/09/20020917.htm#2
2002-09-17,"— Enerji ve Tabii Kaynaklar Bakanlığına, Devlet Bakanı Mehmet KEÇECİLER’in Vekâlet Etmesine Dair Tezkere",https://www.resmigazete.gov.tr/eskiler/2002/09/20020917.htm#3
2002-09-17,2002/4680 2 Kişinin Türk Vatandaşlığından Çıkmasına İzin Verilmesi Hakkında Karar,https://www.resmigazete.gov.tr/eskiler/2002/09/20020917.htm#4
2002-09-17,— Türk Silâhlı Kuvvetleri İzin Yönetmeliğinin Bazı Maddelerinde Değişiklik Yapılmasına Dair Yönetmelik,https://www.resmigazete.gov.tr/eskiler/2002/09/20020917.htm#5
2002-09-17,— Akupunktur Tedavisi Uygulanan Özel Sağlık Kuruluşları ile Bu Tedavinin Uygulanması Hakkında Yönetmelik,https://www.resmigazete.gov.tr/eskiler/2002/09/20020917.htm#6
2002-09-17,— Anadolu Ü niversitesi Devlet Konservatuvarı Opera Hazırlık Sınıfı Öğretim ve Sınav Yönetmeliği,https://www.resmigazete.gov.tr/eskiler/2002/09/20020917.htm#7
2002-09-17,— Adana Valiliği Mahalli Çevre Kurulu Kararı (No: 2002/4),https://www.resmigazete.gov.tr/eskiler/2002/09/20020917.htm#8
2002-09-18,"2002/4677 Karadeniz Ekonomik İşbirliği Katılımcı Devletleri Hükümetleri Arasında Suçla,Özellikle Örgütlü Suç Türleriyle Mücadele İşbirliği Anlaşması’na Ek Protokol’ün Onaylanması Hakkında Karar",https://www.resmigazete.gov.tr/eskiler/2002/09/20020918.htm#1
2002-09-18,2002/4703 Kadınlara Karşı Her Türlü Ayrımcılığın Önlenmesi Sözleşmesine İlişkin İhtiyari Protokol’ün Onaylanması Hakkında Karar,https://www.resmigazete.gov.tr/eskiler/2002/09/20020918.htm#2
2002-09-18,"2002/4691 Birleşmiş Milletler Eğitim, Bilim ve Kültür Teşkilatı (UNESCO) Kültür Bakanları III. Yuvarlak Masa Toplantısı ile İlgili Olarak Türkiye ile Adı Geçen Teşkilat Arasında Toplantının Organizasyonu Konusunda Teknik Hususları İçeren Anlaşmanın Onaylanması Hakkında Karar",https://www.resmigazete.gov.tr/eskiler/2002/09/20020918.htm#3
2002-09-18,"— İçişleri, Dışişleri ve Çevre Bakanlıklarına Ait Atama Kararları",https://www.resmigazete.gov.tr/eskiler/2002/09/20020918.htm#4
2002-09-18,"— Yakalama, Gözaltına Alma ve İfade Alma Yönetmeliğinin Bazı Maddelerinde Değişiklik Yapılmasına Dair Yönetmelik",https://www.resmigazete.gov.tr/eskiler/2002/09/20020918.htm#5
2002-09-18,— Doğal Gaz Piyasası İç Tesisat Yönetmeliği,https://www.resmigazete.gov.tr/eskiler/2002/09/20020918.htm#6
2002-09-18,— Tasarruf Mevduatı Sigorta Fonu Yönetmeliğinde Değişiklik Yapılmasına İlişkin Yönetmelik,https://www.resmigazete.gov.tr/eskiler/2002/09/20020918.htm#7
2002-09-18,— Özel Finans Kurumları Özel Cari ve Katılma Hesapları Güvence Fonu Yönetmeliği,https://www.resmigazete.gov.tr/eskiler/2002/09/20020918.htm#8
2002-09-18,"— Karadeniz Teknik Üniversitesi Çift Ana Dal,Yan Dal ve Yaz Dönemi Yönetmeliğinin 8 inci Maddesinin Değiştirilmesine Dair Yönetmelik",https://www.resmigazete.gov.tr/eskiler/2002/09/20020918.htm#9
2002-09-18,— Süleyman Demirel Üniversitesi Lisansüstü Eğitim-Öğretim Yönetmeliğinin 4 üncü Maddesinde Değişiklik Yapılmasına Dair Yönetmelik,https://www.resmigazete.gov.tr/eskiler/2002/09/20020918.htm#10
2002-09-18,— Proje ve Kontrolluk İşlerinde Uygulanacak Fiyat Artış Oranları Hakkında Tebliğ,https://www.resmigazete.gov.tr/eskiler/2002/09/20020918.htm#11
2002-09-18,— Mecburi Standard: ÖSG-2002/58 Sayılı Tebliğ,https://www.resmigazete.gov.tr/eskiler/2002/09/20020918.htm#12
2002-09-18,— Özelleştirme Yüksek Kurulunun 2002/47 Sayılı Kararı,https://www.resmigazete.gov.tr/eskiler/2002/09/20020918.htm#13
2002-09-18,— 2002 Yılı Ağustos Ayına Ait Dahilde İşleme İzin Belgelerinin Sektörel Dağılımı Hakkında Tebliğ,https://www.resmigazete.gov.tr/eskiler/2002/09/20020918.htm#14
2002-09-18,— 2002 Yılı Ağustos Ayına Ait Yurt İçi Satış Teslimler ile İlgili Belgelerin Sektörel Dağılımı Hakkında Tebliğ,https://www.resmigazete.gov.tr/eskiler/2002/09/20020918.htm#15
2002-09-18,— 2002 Yılı Ağustos Ayına Ait Hariçte İşleme İzin Belgelerinin Sektörel Dağılımı Hakkında Tebliğ,https://www.resmigazete.gov.tr/eskiler/2002/09/20020918.htm#16
2002-09-18,— 2002 Yılı Ağustos Ayına Ait Vergi Resim ve Harç İstisnası Belgelerinin Sektörel Dağılımı Hakkında Tebliğ,https://www.resmigazete.gov.tr/eskiler/2002/09/20020918.htm#17
2002-09-18,— İthalatta Haksız Rekabetin Önlenmesine İlişkin Tebliğ (2002/10),https://www.resmigazete.gov.tr/eskiler/2002/09/20020918.htm#18
2002-09-18,— İthalatta Haksız Rekabetin Önlenmesine İlişkin Tebliğ (2002/12),https://www.resmigazete.gov.tr/eskiler/2002/09/20020918.htm#19
2002-09-18,— Avrupa Topluluğu Menşeli Bazı Tarım Ürünleri İthalatında Tarife Kontenjanı Uygulanmasına İlişkin Tebliğde Değişiklik Yapılmasına Dair Tebliğ,https://www.resmigazete.gov.tr/eskiler/2002/09/20020918.htm#20
2002-09-18,— Gümrük Genel Tebliği (Ticari Kullanıma Mahsus Kara Taşıtları)(Seri No: 1),https://www.resmigazete.gov.tr/eskiler/2002/09/20020918.htm#21
2002-09-18,— Türk Medeni Kanunu Hükümlerine Göre Kurulan Vakıflar Hakkında Tebliğde Değişiklik Yapılmasına Dair Tebliğ (Tebliğ No: 2002/2),https://www.resmigazete.gov.tr/eskiler/2002/09/20020918.htm#22
2002-09-18,— Konya Valiliği Mahalli Çevre Kurulu Kararı (No: 2002/5),https://www.resmigazete.gov.tr/eskiler/2002/09/20020918.htm#23
2002-09-18,"— Anayasa Mahkemesinin E : 2000/10 (926 Sayılı Kanun ile İlgili), K : 2000/47 Sayılı Kararı",https://www.resmigazete.gov.tr/eskiler/2002/09/20020918.htm#24
2002-09-19,2002/4722 Çorum Belediye Başkanlığı’nın Yeni Belediye Başkanı Seçilinceye Kadar Mansup Belediye Başkanınca Yönetilmesi Hakkında Karar,https://www.resmigazete.gov.tr/eskiler/2002/09/20020919.htm#1
2002-09-19,— Hacettepe Üniversitesi Çocuk Hakları Uygulama ve Araştırma Merkezi Yönetmeliği,https://www.resmigazete.gov.tr/eskiler/2002/09/20020919.htm#2
2002-09-19,— Düzce Valiliği Mahalli Çevre Kurulu Kararı (No: 26),https://www.resmigazete.gov.tr/eskiler/2002/09/20020919.htm#3
2002-09-19,— Karaman Valiliği Mahalli Çevre Kurulu Kararı (No: 2002/5),https://www.resmigazete.gov.tr/eskiler/2002/09/20020919.htm#4
2002-09-19,— Yüksek Seçim K urulunun 565 Sayılı Kararı,https://www.resmigazete.gov.tr/eskiler/2002/09/20020919.htm#5
2002-09-20,"— Tarım ve Köyişleri Bakanlığına, Sağlık Bakanı Doç. Dr. Osman DURMUŞ’un Vekâlet Etmesine Dair Tezkere",https://www.resmigazete.gov.tr/eskiler/2002/09/20020920.htm#1
2002-09-20,— Uyuşmazlık Mahkemesi Hukuk Bölümü Yedek Üyeliğine Danıştay Üyesi Ahmet BAŞPINAR’ın Seçilmesi Hakkında Karar,https://www.resmigazete.gov.tr/eskiler/2002/09/20020920.htm#2
2002-09-20,— Hükümlü Resul AYAZ'ın Cezasının Kaldırılması Hakkında Karar (2002/61),https://www.resmigazete.gov.tr/eskiler/2002/09/20020920.htm#3
2002-09-20,— Hükümlü Zeynel YILDIZ'ın Cezasının Kaldırılması Hakkında Karar,https://www.resmigazete.gov.tr/eskiler/2002/09/20020920.htm#4
2002-09-20,(2002/62),https://www.resmigazete.gov.tr/eskiler/2002/09/20020920.htm#3
2002-09-20,— Hükümlü Nazan YILMAZ'ın Cezasının Kaldırılması Hakkında Karar,https://www.resmigazete.gov.tr/eskiler/2002/09/20020920.htm#5
2002-09-20,(2002/63),https://www.resmigazete.gov.tr/eskiler/2002/09/20020920.htm#3
2002-09-20,— Kültür ve Turizm Bakanlıklarına Ait Atama Kararları,https://www.resmigazete.gov.tr/eskiler/2002/09/20020920.htm#6
2002-09-20,"— Milli Eğitim Bakanlığına Bağlı Kurumlar a Ait Açma, Kapatma ve Ad Verme Yönetmeliğinde Değişiklik Yapılmasına Dair Yönetmelik",https://www.resmigazete.gov.tr/eskiler/2002/09/20020920.htm#7
2002-09-20,— Türk Vatandaşlarının Günlük Yaşamlarında Geleneksel Olarak Kullandıkları Farklı Dil ve Lehçelerin Öğrenilmesi Hakkında Yönetmelik,https://www.resmigazete.gov.tr/eskiler/2002/09/20020920.htm#8
2002-09-20,"— Küçük ve Orta Ölçekli Sanayi Geliştirme ve Destekleme İdaresi Başkanlığı Bütçesinin Gelir, Gider ve Muhasebesine İlişkin Yönetmelik",https://www.resmigazete.gov.tr/eskiler/2002/09/20020920.htm#9
2002-09-21,"— Devlet Bakanı Erdoğan TOPRAK’a, Devlet Bakanı Hüseyin Tayfun İÇLİ’nin Vekâlet Etmesine Dair Tezkere",https://www.resmigazete.gov.tr/eskiler/2002/09/20020921.htm#1
2002-09-21,— Vakıf Taşınmaz Malların Kiralama Usul ve Esasları Hakkında Tebliğde Değişiklik Yapılmasına Dair Tebliğ,https://www.resmigazete.gov.tr/eskiler/2002/09/20020921.htm#2
2002-09-21,"— Anayasa Mahkemesi’nin E: 1996/76 (4213 Sayılı Kanun ile İlgili), K: 1998/6 Sayılı Kararı",https://www.resmigazete.gov.tr/eskiler/2002/09/20020921.htm#3
2002-09-22,"— Çalışma ve Sosyal Güvenlik Bakanlığına, Turizm Bakanı Mustafa TAŞAR’ın Vekâlet Etmesine Dair Tezkere",https://www.resmigazete.gov.tr/eskiler/2002/09/20020922.htm#1
2002-09-22,2002/4706 Bazı Yerlerin “Uygulama Alanı” Olara k Tespiti Hakkında Karar,https://www.resmigazete.gov.tr/eskiler/2002/09/20020922.htm#2
2002-09-22,"2002/4720 Bölgesel İstatistiklerin Toplanması, Geliştirilmesi, Bölgelerin Sosyo-Ekonomik Analizlerinin Yapılması, Bölgesel Politikaların Çerçevesinin Belirlenmesi ve Avrupa Birliği Bölgesel İstatistik Sistemine Uygun Karşılaştırılabilir İstatistiki Veri Tabanı Oluşturulması Amacıyla Ülke Çapında İstatistiki Bölge Birimleri Sınıflandırmasının Tanımlanmasına İlişkin Hakkında Karar",https://www.resmigazete.gov.tr/eskiler/2002/09/20020922.htm#3
2002-09-22,2002/4726 8/1/2002 Tarihli ve 4736 Sayılı Kanunun 1 inci Maddesinin Birinci Fıkrası Hükmünden Muaf Tutulacakların Tespitine Dair 28/1/2002 Tarihli ve 2002/3654 Sayılı Kararnamenin Eki Karar’da Değişiklik Yapılmasına İlişkin Karar,https://www.resmigazete.gov.tr/eskiler/2002/09/20020922.htm#4
2002-09-22,Tarım Arazilerinin Korunması ve Kullanılmasına Dair Yönetmelikte Değişiklik Yapılmasına İlişkin Yönetmelik,https://www.resmigazete.gov.tr/eskiler/2002/09/20020922.htm#5
2002-09-22,— Okul Öncesi Eğitim Kurumları Yönetmeliğinde Değişiklik Yapılmasına Dair Yönetmelik,https://www.resmigazete.gov.tr/eskiler/2002/09/20020922.htm#6
2002-09-22,— Çanakkale Onsekiz Mart Üniversitesi Yaz Okulu Yönetmeliği,https://www.resmigazete.gov.tr/eskiler/2002/09/20020922.htm#7
2002-09-22,— Karadeniz Teknik Üniversitesi Tıp Fakültesi Eğitim-Öğretim ve Sınav Yönetmeliğinin Bazı Maddelerinde Değişiklik Yapılmasına Dair Yönetmelik,https://www.resmigazete.gov.tr/eskiler/2002/09/20020922.htm#8
2002-09-22,"Kamu İktisadi Teşebbüsleri ve Bağlı Ortaklıklarının Sözleşmeli ve Kapsam Dışı Personeli ile Yönetim Kurulu Başkan ve Üyeleri, Denetçi ve Tasfiye Kurulu Üyelerine 2002 Yılında Uygulanacak Ücretlerin Tespitine İlişkin Tebliğ (No: 2002/3)",https://www.resmigazete.gov.tr/eskiler/2002/09/20020922.htm#9
2002-09-23,"— Dışişleri Bakanlığı ve Başbakan Yardımcılığına, Orman Bakanı Prof. Dr. Nami ÇAĞAN’ın Vekâlet Etmesine Dair Tezkere",https://www.resmigazete.gov.tr/eskiler/2002/09/20020923.htm#1
2002-09-23,"Milli Savunma Bakanlığına, Devlet Bakanı Prof. Dr. Ramazan MİRZAOĞLU’nun Vekâlet Etmesine Dair Tezkere",https://www.resmigazete.gov.tr/eskiler/2002/09/20020923.htm#2
2002-09-23,— Bitki Koruma Ürünlerinde Kalite Kontrol Analizlerini Yapacak Özel Laboratuvarlar Hakkında Yönetmelik,https://www.resmigazete.gov.tr/eskiler/2002/09/20020923.htm#3
2002-09-23,— Türk Gıda Kodeksi Yönetmeliğinde Değişiklik Yapılmasına Dair Yönetmelik,https://www.resmigazete.gov.tr/eskiler/2002/09/20020923.htm#4
2002-09-23,— Türk Gıda Kodeksi Gıda Maddelerinde Belirli Bulaşanların Maksimum Seviyelerinin Belirlenmesi Hakkında Tebliğ (No:2002/63),https://www.resmigazete.gov.tr/eskiler/2002/09/20020923.htm#5
2002-09-24,2002/4683 Fikir ve Sanat Eseri Sahipleri ile Komşu Hak Sahipleri Meslek Birlikleri ve Federasyonları Hakkında Tüzükte Değişiklik Yapılmasına İlişkin Tüzük,https://www.resmigazete.gov.tr/eskiler/2002/09/20020924.htm#1
2002-09-24,2002/4724 Sanayi ve Ticaret Bakanlığı Kontrolörler Tüzüğünde Değişiklik Yapılmasına İlişkin Tüzük,https://www.resmigazete.gov.tr/eskiler/2002/09/20020924.htm#2
2002-09-24,"2002/4705 Tütün, Tütün Mamulleri ve Alkollü İçkiler Piyasası Düzenleme Kurulu Başkan ve Üyelerinin Ücret ve Diğer Mali Haklarının Tespiti Hakkında Karar",https://www.resmigazete.gov.tr/eskiler/2002/09/20020924.htm#3
2002-09-24,— Millî Eğitim Bakanlığına Bağlı Özel Öğretim Kurumları Yönetmeliğinde Değişiklik Yapılmasına Dair Yönetmelik,https://www.resmigazete.gov.tr/eskiler/2002/09/20020924.htm#4
2002-09-24,— İthalatta Gözetim ve Korunma Önlemlerine İlişkin Tebliğ (No: 2002/5),https://www.resmigazete.gov.tr/eskiler/2002/09/20020924.htm#5
2002-09-24,— İthalatta Gözetim ve Korunma Önlemlerine İlişkin Tebliğ (No: 2002/6),https://www.resmigazete.gov.tr/eskiler/2002/09/20020924.htm#6
2002-09-24,— İthalatta Gözetim ve Korunma Önlemlerine İlişkin Tebliğ (No: 2002/7),https://www.resmigazete.gov.tr/eskiler/2002/09/20020924.htm#7
2002-09-24,— Rekabet Kurulunun 01-56/562-133 Sayılı Kararı,https://www.resmigazete.gov.tr/eskiler/2002/09/20020924.htm#8
2002-09-24,— Rekabet Kurulunun 01-61/640-169 Sayılı Kararı,https://www.resmigazete.gov.tr/eskiler/2002/09/20020924.htm#9
2002-09-24,— Rekabet Kurulunun 02-02/17-2 Sayılı Kararı,https://www.resmigazete.gov.tr/eskiler/2002/09/20020924.htm#10
2002-09-25,"— Devlet Bakanı Masum TÜRKER’e, Devlet Bakanı Erdoğan TOPRAK’ın Vekâlet Etmesine Dair Tez kere",https://www.resmigazete.gov.tr/eskiler/2002/09/20020925.htm#1
2002-09-25,2002/4734 Öğretmenlere Öğretim Yılında Hazırlık Ödeneği Verilmesi Hakkında Karar,https://www.resmigazete.gov.tr/eskiler/2002/09/20020925.htm#2
2002-09-25,— Elektrik Piyasası Müşteri Hizmetleri Yönetmeliği,https://www.resmigazete.gov.tr/eskiler/2002/09/20020925.htm#3
2002-09-25,— Doğal Gaz Piyasası Sertifika Yönetmeliği,https://www.resmigazete.gov.tr/eskiler/2002/09/20020925.htm#4
2002-09-25,— Ankara Valiliği Mahalli Çevre Kurulu Kararı (No: 2002/6),https://www.resmigazete.gov.tr/eskiler/2002/09/20020925.htm#5
2002-09-25,— Samsun Valiliği Mahalli Çevre Kurulu Kararı (No: 3),https://www.resmigazete.gov.tr/eskiler/2002/09/20020925.htm#6
2002-09-26,"— İçişleri Bakanlığına,Adalet Bakanı Prof. Dr.Aysel ÇELİKEL’in Vekâlet Etmesine Dair Tezkere",https://www.resmigazete.gov.tr/eskiler/2002/09/20020926.htm#1
2002-09-26,"2002/4765 Fındık Üreticisinin Fiyat Hareketlerinden Korunması ve Tarım Reformu Uygulama Projesi Gözetilerek Piyasa İstikrarının Sağlanması Amacıyla, Arz Fazlası 2002 Yılı Ürünü Kabuklu Fındığın Devlet Adına Satın Alınmasına İlişkin Karar",https://www.resmigazete.gov.tr/eskiler/2002/09/20020926.htm#2
2002-09-26,— Hükümlü Mehmet AKÇAY’ın Cezasının Kaldırılması Hakkında Karar,https://www.resmigazete.gov.tr/eskiler/2002/09/20020926.htm#3
2002-09-26,"— Devlet, Milli Savunma, Enerji ve Tabii Kaynaklar ile Kültür Bakanlıklarına Ait Atama Kararları",https://www.resmigazete.gov.tr/eskiler/2002/09/20020926.htm#4
2002-09-26,— Doğal Gaz Piyasası Tarifeler Yönetmeliği,https://www.resmigazete.gov.tr/eskiler/2002/09/20020926.htm#5
2002-09-26,"— Alkol ve Alkollü İçki Tesislerinin Haiz Olmaları Gereken Teknik Şartlar, Kurulmaları, İşletilmeleri ve denetlenmelerine İlişkin Usul ve Esaslar Hakkında Yönetmelik",https://www.resmigazete.gov.tr/eskiler/2002/09/20020926.htm#6
2002-09-26,— Enerji Piyasası Düzenleme Kurulunun 57 Sayılı Kararı,https://www.resmigazete.gov.tr/eskiler/2002/09/20020926.htm#7
2002-09-26,"— 3 Kasım 2002 Pazar Günü Yapılacak Olan XXII. Dönem Milletvekili Genel Seçimine Katılmaya Hak Kazanan Siyasi Partiler Tarafından Gösterilmiş Olan Adaylarla, Seçime Bağımsız Olarak Katılmak Üzere Başvurmuş Olan Adaylara İlişkin “Kesin Aday Listeleri” Hakkında Karar",https://www.resmigazete.gov.tr/eskiler/2002/09/20020926.htm#8
2002-09-26,DÜZELTME (Elektrik Piyasası Müşteri Hizmetleri Yönetmeliği ile İlgili),https://www.resmigazete.gov.tr/eskiler/2002/09/20020926.htm#9
2002-09-27,"— Devlet Bakanı M. Zeki SEZER’e, Devlet Bakanı Hüseyin Tayfın İÇLİ’nin Vekâlet Etmesine Dair Tezkere",https://www.resmigazete.gov.tr/eskiler/2002/09/20020927.htm#1
2002-09-27,"— Milli Eğitim Bakanlığına, Kültür Bakanı Prof. Dr. B. Suat ÇAĞLAYAN’ın Vekâlet Etmesine Dair Tez kere",https://www.resmigazete.gov.tr/eskiler/2002/09/20020927.htm#2
2002-09-27,"— Tarım ve Köyişleri Bakanlığına, Sağlık Bakanı Doç. Dr. Osman DURMUŞ’un Vekâlet Etmesine Dair Tezkere",https://www.resmigazete.gov.tr/eskiler/2002/09/20020927.htm#3
2002-09-27,— Makina ve Kimya Endüstrisi Kurumu Makina Sanayi ve Ticaret Anonim Şirketi (MAKSAM) Genel Müdürlüğü Memurları Disiplin Kurulları ve Disiplin Amirleri Hakkında Yönetmelik,https://www.resmigazete.gov.tr/eskiler/2002/09/20020927.htm#4
2002-09-27,— Makina ve Kimya Endüstrisi Kurumu Makina Sanayi ve Ticaret Anonim Şirketi (MAKSAM) Genel Müdürlüğü Sözleşmeli Personel Disiplin Kurulları ve Disiplin Amirleri Hakkında Yönetmelik,https://www.resmigazete.gov.tr/eskiler/2002/09/20020927.htm#5
2002-09-27,— Nüfus ve Vatandaşlık Hizmetlerine Ait Görev ve Çalışma Yönetmeliği,https://www.resmigazete.gov.tr/eskiler/2002/09/20020927.htm#6
2002-09-27,"— İl Özel İdareleri, Belediyeler ve İl Özel İdareleri ve Belediyelerin Kurdukları Birlik, Müessese ve İşletmeler ile Bunlara Bağlı Döner Sermayeli Kuruluşlardaki Memurların Görevde Yükselme Esaslarına Dair Yönetmelikte Değişiklik Yapılması Hakkında Yönetmelik",https://www.resmigazete.gov.tr/eskiler/2002/09/20020927.htm#7
2002-09-27,— Tarımsal Amaçlı Kooperatiflere Kullandırılacak Kredilere İlişkin Yönetmelikte Değişiklik Yapılmasına Dair Yönetmelik,https://www.resmigazete.gov.tr/eskiler/2002/09/20020927.htm#8
2002-09-27,— Petrol İşleri Genel Müdürlüğü Teftiş Kurulu Yönetmeliğinde Değişiklik Yapılmasına Dair Yönetmelik,https://www.resmigazete.gov.tr/eskiler/2002/09/20020927.htm#9
2002-09-27,— BOTAŞ Boru Hatları ile Petrol Taşıma A.Ş. Kapsam Dışı Personel Yönetmeliğinde Değişiklik Yapılması Hakkında Yönetmelik,https://www.resmigazete.gov.tr/eskiler/2002/09/20020927.htm#10
2002-09-27,— GSM Telefon Aboneliğine İlişkin Usul ve Esaslar Hakkında Yönetmelik,https://www.resmigazete.gov.tr/eskiler/2002/09/20020927.htm#11
2002-09-27,— Atılım Üniversitesi Sosyal Bilimler Enstitüsü Lisansüstü Eğitim-Öğretim ve Sınav Yönetmeliğinin 7 nci Maddesinin Değiştirilmesi Hakkında Yönetmelik,https://www.resmigazete.gov.tr/eskiler/2002/09/20020927.htm#12
2002-09-27,— Atılım Üniversitesi Fen Bilimleri Enstitüsü Yüksek Lisans Eğitim-Öğretim Yönetmeliğinin 2 nci Maddesine “e” Bendi Eklenmesi Hakkında Yönetmelik,https://www.resmigazete.gov.tr/eskiler/2002/09/20020927.htm#13
2002-09-27,— Bankacılık Düzenleme ve Denetleme Kurulu Kararı (Karar No: 826),https://www.resmigazete.gov.tr/eskiler/2002/09/20020927.htm#14
2002-09-27,— Sektörel Dış Ticaret Şirketi Statülerinin Geri Alınmasına İlişkin Karar,https://www.resmigazete.gov.tr/eskiler/2002/09/20020927.htm#15
2002-09-27,— Dahilde İşleme Rejimi Tebliği (İhracat: 2002/6),https://www.resmigazete.gov.tr/eskiler/2002/09/20020927.htm#16
2002-09-27,— Romanya Menşeli Bazı Tarım Ürünleri İthalatında Tarife Kontenjanı Uygulanmasına İlişkin Tebliğ,https://www.resmigazete.gov.tr/eskiler/2002/09/20020927.htm#17
2002-09-27,— Yüksek Seçim Kurulunun 675 Sayılı Kararı,https://www.resmigazete.gov.tr/eskiler/2002/09/20020927.htm#18
2002-09-28,— Emniyet Teşkilatında Kullanılacak Tanıtıcı Bayraklar Hakkında Yönetmelikte Değişiklik Yapılmasına Dair Yönetmelik,https://www.resmigazete.gov.tr/eskiler/2002/09/20020928.htm#1
2002-09-28,— Bankacılık Düzenleme ve Denetleme Kurulunun 819 Sayılı Kararı,https://www.resmigazete.gov.tr/eskiler/2002/09/20020928.htm#2
2002-09-28,— Patates Halka Çürüklüğü (Clavibacter michiganensis subsp. sepedonicus) Hastalığı ile Mücadele Hakkında Tebliğ (No: 2002/59),https://www.resmigazete.gov.tr/eskiler/2002/09/20020928.htm#3
2002-09-28,— Van İlinde Sokakta Yaşayan veya Çalışan Çocukların Korunması Suretiyle Kamu Esenliğinin Sağlanması ile İlgili Güvenlik Kararı (No: 2002/1),https://www.resmigazete.gov.tr/eskiler/2002/09/20020928.htm#4
2002-09-28,"— Anayasa Mahkemesinin E: 2000/25 (Siyasi Parti Mali Denetimi), K: 2002/8 Sayılı Kararı",https://www.resmigazete.gov.tr/eskiler/2002/09/20020928.htm#5
2002-09-28,"— Anayasa Mahkemesinin E: 2001/1 (Siyasi Parti Mali Denetimi), K: 2002/9 Sayılı Kararı",https://www.resmigazete.gov.tr/eskiler/2002/09/20020928.htm#6
2002-09-28,"— Anayasa Mahkemesinin E: 2001/15 (Siyasi Parti Mali Denetimi), K: 2002/10 Sayılı Kararı",https://www.resmigazete.gov.tr/eskiler/2002/09/20020928.htm#7
2002-09-28,"— Anayasa Mahkemesinin E: 2000/5 (Siyasi Parti Mali Denetimi), K: 2002/11 Sayılı Kararı",https://www.resmigazete.gov.tr/eskiler/2002/09/20020928.htm#8
2002-09-28,(Enerji Piyasası Düzenleme Kurulunun 57 Sayılı Kararı ile İlgili),https://www.resmigazete.gov.tr/eskiler/2002/09/20020928.htm#9
2002-09-29,— Toprak Mahsulleri Ofisi Genel Müdürlüğü Disiplin Amirleri Yönetmeliği,https://www.resmigazete.gov.tr/eskiler/2002/09/20020929.htm#1
2002-09-29,"— Patates Kist Nematodları (Globodera rostochiensis Wollenweber, Globodera pallida Stone) ile Mücadele Hakkında Tebliğ (No: 2002/60)",https://www.resmigazete.gov.tr/eskiler/2002/09/20020929.htm#2
2002-09-29,— Patates Kanseri [Synchytrium endobioticum (Schilberszky) Percival] ile Mücadele Hakkında Tebliğ (No: 2002/61),https://www.resmigazete.gov.tr/eskiler/2002/09/20020929.htm#3
2002-09-29,— Ralstonia solanacearum (Smith) Yabuuchi et al.’ ile Mücadele Hakkında Tebliğ (No: 2002/62),https://www.resmigazete.gov.tr/eskiler/2002/09/20020929.htm#4
2002-09-29,— Samsun İlinde Sokakta Yaşayan veya Çalıştırılan Çocukların Korunması Suretiyle Kamu Esenliğinin Sağlanması ile İlgili Güvenlik Kararı (No: 2002/1),https://www.resmigazete.gov.tr/eskiler/2002/09/20020929.htm#5
2002-09-30,— Elektrik Üretim Anonim Şirketi Genel Müdürlüğü Teftiş Kurulu Yönetmeliği,https://www.resmigazete.gov.tr/eskiler/2002/09/20020930.htm#1
2002-09-30,— Yüksek Seçim Kurulunun 629 Sayılı Kararı,https://www.resmigazete.gov.tr/eskiler/2002/09/20020930.htm#2
2002-09-30,— Yüksek Seçim Kurulunun 690 Sayılı Kararı,https://www.resmigazete.gov.tr/eskiler/2002/09/20020930.htm#3
2002-10-01,2002/4710 Türkiye Cumhuriyeti ile Kırgız Cumhuriyeti Arasında Uluslararası Karayolu Taşımacılığı Konusunda II. Karma Komisyon Toplantısı Protokolü’nün Onaylanması Hakkında Karar,https://www.resmigazete.gov.tr/eskiler/2002/10/20021001.htm#1
2002-10-01,"— Çalışma ve Sosyal GüvenlikBakanlığına, Turizm Bakanı Mustafa TAŞAR’ın Vekâlet Etmesine Dair Tezkere",https://www.resmigazete.gov.tr/eskiler/2002/10/20021001.htm#2
2002-10-01,— Varlık Yönetim Şirketlerinin Kuruluş ve Faaliyet Esasları Hakkında Yönetmelik,https://www.resmigazete.gov.tr/eskiler/2002/10/20021001.htm#3
2002-10-01,— Celal Bayar Üniversitesi Eğitim-Öğretim ve Sınav Çerçeve Yönetmeliğinin 14 üncü Maddesinin Değiştirilmesine Dair Yönetmelik,https://www.resmigazete.gov.tr/eskiler/2002/10/20021001.htm#4
2002-10-01,— Gümrük Genel Tebliği (Gümrük İşlemleri) Seri No : 19,https://www.resmigazete.gov.tr/eskiler/2002/10/20021001.htm#5
2002-10-01,— Mülga Dış Krediler Kur Farkı Fonu’ndan Kullanılmış Kredilere Uygulanacak Değişken Faiz Oranı Hakkında Tebliğ,https://www.resmigazete.gov.tr/eskiler/2002/10/20021001.htm#6
2002-10-02,746 Türkiye Büyük Millet Meclisinin Tatile Girmesine İlişkin Karar,https://www.resmigazete.gov.tr/eskiler/2002/10/20021002.htm#1
2002-10-02,"— Devlet Bakanı ve Başbakan Yardımcısı Mesut YILMAZ’a, Devlet Bakanı Dr. Yılmaz KARAKOYUNLU’nun Vekâlet Etmesine Dair Tezkere",https://www.resmigazete.gov.tr/eskiler/2002/10/20021002.htm#2
2002-10-02,"— Bayındırlık ve İskan Bakanlığına, Devlet Bakanı Dr. Reşat DOĞRU’nun Vekâlet Etmesine Dair Tezkere",https://www.resmigazete.gov.tr/eskiler/2002/10/20021002.htm#3
2002-10-02,2002/4732 3051 Kişinin Türk Vatandaşlığından Çıkmasına İzin Verilmesi Hakkında Karar,https://www.resmigazete.gov.tr/eskiler/2002/10/20021002.htm#4
2002-10-02,2002/4737 3031 Kişinin Türk Vatandaşlığından Çıkmasına İzin Verilmesi ve Çeşitli Kararnameler ile Türk Vatandaşlığından Çıkmalarına İzin Verilen 33 Kişiyle İlgili Bazı Maddi Hataların Düzeltilmesi Hakkında Karar,https://www.resmigazete.gov.tr/eskiler/2002/10/20021002.htm#5
2002-10-02,2002/4733 3160 Kişinin Türk Vatandaşlığından Çıkmasına İzin Verilmesi ve Çeşitli Kararnameler ile Türk Vatandaşlığından Çıkmalarına İzin Verilen 19 Kişiyle İlgili Bazı Maddi Hataların Düzeltilmesi Hakkında Karar,https://www.resmigazete.gov.tr/eskiler/2002/10/20021002.htm#6
2002-10-02,Hükümlü Hasan ÇEPE’nin Cezasının Kaldırılması Hakkında Karar (No : 2002/ 65),https://www.resmigazete.gov.tr/eskiler/2002/10/20021002.htm#7
2002-10-02,— A.TR Dolaşım Belgeleri Yönetmeliğinin Yürürlükten Kaldırılmasına Dair Yönetmelik,https://www.resmigazete.gov.tr/eskiler/2002/10/20021002.htm#8
2002-10-02,— 556 Sayılı Markaların Korunması Hakkında Kanun Hükmünde Kararnamenin Uygulama Şeklini Gösterir Yönetmelikte Değişiklik Yapılmasına Dair Yönetmelik,https://www.resmigazete.gov.tr/eskiler/2002/10/20021002.htm#9
2002-10-02,— A nadolu Üniversitesi Sivil Havacılık Yüksekokulu Pilotaj Bölümü Öğretim ve Sınav Yönetmeliğinde Değişiklik Yapılmasına Dair Yönetmelik,https://www.resmigazete.gov.tr/eskiler/2002/10/20021002.htm#10
2002-10-02,— Anadolu Üniversitesi Öğretim ve Sınav Yönetmeliğinde Değişiklik Yapılmasına Dair Yönetmelik,https://www.resmigazete.gov.tr/eskiler/2002/10/20021002.htm#11
2002-10-02,— Anadolu Üniversitesi Li sansüstü Eğitim-Öğretim ve Sınav Yönetmeliğinde Değişiklik Yapılmasına Dair Yönetmelik,https://www.resmigazete.gov.tr/eskiler/2002/10/20021002.htm#12
2002-10-02,— Kadir Has Üniversitesi Lisans ve Önlisans Eğitim ve Öğretim Yönetmeliği,https://www.resmigazete.gov.tr/eskiler/2002/10/20021002.htm#13
2002-10-02,— Vergi Usul Kanunu Genel Tebliği (Sıra No : 309),https://www.resmigazete.gov.tr/eskiler/2002/10/20021002.htm#14
2002-10-02,— 2002 Yılı Ağustos Ayına Ait Yatırım Teşvik Belgelerinin Sektörel Dağılımı Hakkında Tebliğ,https://www.resmigazete.gov.tr/eskiler/2002/10/20021002.htm#15
2002-10-02,— 2002 Yılı Ağustos Ayına Ait Yabancı Sermayeli Yatırım Teşvik Belgelerinin Sektörel Dağılımı Hakkında Tebliğ,https://www.resmigazete.gov.tr/eskiler/2002/10/20021002.htm#16
2002-10-02,— Amasya Valiliği Mahalli Çevre Kurulu Kararı (No : 2002/6),https://www.resmigazete.gov.tr/eskiler/2002/10/20021002.htm#17
2002-10-02,— Bursa Valiliği Mahalli Çevre Kurulu Kararı (No : 5),https://www.resmigazete.gov.tr/eskiler/2002/10/20021002.htm#18
2002-10-03,— Sanayi ve Ticaret Bakanlığı Teftiş Kurulu Yönetmeliğinde Değişiklik Yapılmasına Dair Yönetmelik,https://www.resmigazete.gov.tr/eskiler/2002/10/20021003.htm#1
2002-10-03,— Kültür ve Tabiat Varlıklarını Koruma Yüksek Kurulu ile Koruma Kurulları Yönetmeliğinin 8 inci Maddesinde Değişiklik Yapılması ve Geçici Bir Madde Eklenmesi Hakkında Yönetmelik,https://www.resmigazete.gov.tr/eskiler/2002/10/20021003.htm#2
2002-10-03,— Gazi Üniversitesi Bilim ve Teknoloji Stratejil eri Araştırma ve Geliştirme Merkezi (GAZİBİTEM) Yönetmeliği,https://www.resmigazete.gov.tr/eskiler/2002/10/20021003.htm#3
2002-10-03,— Rekabet Kurulunun 00-28/299-168 Sayılı Kararı,https://www.resmigazete.gov.tr/eskiler/2002/10/20021003.htm#4
2002-10-03,— Rekabet Kurulunun 00-43 /466-256 Sayılı Kararı,https://www.resmigazete.gov.tr/eskiler/2002/10/20021003.htm#5
2002-10-03,— Rekabet Kurulunun 00-48/508-276 Sayılı Kararı,https://www.resmigazete.gov.tr/eskiler/2002/10/20021003.htm#6
2002-10-03,— Rekabet Kurulunun 01-09/82-22 Sayılı Kararı,https://www.resmigazete.gov.tr/eskiler/2002/10/20021003.htm#7
2002-10-03,— Çorum Valiliği Mahalli Çevre Kurulu Kararı (No : 2002/3),https://www.resmigazete.gov.tr/eskiler/2002/10/20021003.htm#8
2002-10-03,— Çorum Valiliği Mahalli Çevre Kurulu Kararı (No : 2002/7),https://www.resmigazete.gov.tr/eskiler/2002/10/20021003.htm#9
2002-10-03,— Yüksek Seçim Kurulunun 711 Sayılı Kararı,https://www.resmigazete.gov.tr/eskiler/2002/10/20021003.htm#10
2002-10-04,2002/4738 2002 Yılı Yatırım Programının Düzeltilmesi Hakkında Karar,https://www.resmigazete.gov.tr/eskiler/2002/10/20021004.htm#1
2002-10-04,2002/4747 Basın-İlan Kurumu Genel Kurulunda Boşalan Bayındırlık ve İskan Bakanlığı Temsilciliğine Bakanlık Müsteşar Vekili Harun ÖNDE R’in Görevlendirilmesi Hakkında Karar,https://www.resmigazete.gov.tr/eskiler/2002/10/20021004.htm#2
2002-10-04,2002/4749 Ankara Üniversitesi Rektörlüğüne Bağlı Olarak Biyoteknoloji Enstitüsü Kurulması Hakkında Karar,https://www.resmigazete.gov.tr/eskiler/2002/10/20021004.htm#3
2002-10-04,2002/4750 8/1/2002 Tarihli ve 4736 Sayılı Kanunun 1 inci Maddesinin Birinci Fıkrası Hükmünden Muaf Tutulacakların Tespitine Dair 28/1/2002 Tarihli ve 2002/3654 Sayılı Kararnamenin Eki Kararda Değişiklik Yapılmasına İlişkin Karar,https://www.resmigazete.gov.tr/eskiler/2002/10/20021004.htm#4
2002-10-04,2002/4751 Uluslararası Piyasalardan Ham Petrol Teminine İlişkinKarar,https://www.resmigazete.gov.tr/eskiler/2002/10/20021004.htm#5
2002-10-04,— Cemaat Vakıflarının Taşınmaz Mal Edinmeleri ve Bun lar Üzerinde Tasarrufta Bulunmaları Hakkında Yönetmelik,https://www.resmigazete.gov.tr/eskiler/2002/10/20021004.htm#6
2002-10-04,"— Anayasa Mahkemesinin E : 1999/46 (2004 Sayılı İcra ve İflas Kanunu, 1580 Sayılı Belediye Kanunu ile İlgili), K: 2000/25 Sayılı Kararı",https://www.resmigazete.gov.tr/eskiler/2002/10/20021004.htm#7
2002-10-04,"— Anayasa Mahkeme sinin E : 2001/382 (4706 Sayılı Hazineye Ait Taşınmaz Malların Değerlendirilmesi ve Katma Değer Vergisi Kanununda Değişiklik Yapılması Hakkında Kanun ile İlgili), K: 2002/21 Sayılı Kararı",https://www.resmigazete.gov.tr/eskiler/2002/10/20021004.htm#8
2002-10-05,2002/4735 8/1/2002 Tarihli ve 4736 Sayılı Kanunun 1 inci Maddesinin Birinci Fıkrası Hükmünden Muaf Tutulacakların Tespitine Dair 28/1/2002 Tarihli ve 2002/3654 Sayılı Kararnamenin Eki Karar’da Değişiklik Yapılmasına İlişkin Karar,https://www.resmigazete.gov.tr/eskiler/2002/10/20021005.htm#7
2002-10-05,2002/4772 Arz Fazlası 2002 Yılı Ürünü Kabuklu Fındığın Devlet Adına Satın Alınmasına İlişkin 23/9/2002 Tarihli ve 2002/4765 Sayılı Kararnamenin Eki Kararda Değişiklik Yapılmasına İlişkin Karar,https://www.resmigazete.gov.tr/eskiler/2002/10/20021005.htm#1
2002-10-05,— Polis Meslek Yüksek Okulları Giriş Yönetmeliğinin Bazı Maddelerinin Değiş tirilmesine Dair Yönetmelik,https://www.resmigazete.gov.tr/eskiler/2002/10/20021005.htm#2
2002-10-05,— Bankaların Birleşme ve Devirleri Hakkında Yönetmeliğin 18 inci Maddesinde Değişiklik Yapılmasına İlişkin Yönetmelik,https://www.resmigazete.gov.tr/eskiler/2002/10/20021005.htm#3
2002-10-05,Akdeniz Üniversitesi Uzaktan Algılama Araştırma ve Uygulama Merkezi (AKUZAL) Yönetmeliğinin Bazı Maddelerinde Değişiklik Yapılmasına Dair Yönetmelik,https://www.resmigazete.gov.tr/eskiler/2002/10/20021005.htm#4
2002-10-05,— Gümrük Genel Tebliği (Yatırım Teşvik) (Seri No: 7),https://www.resmigazete.gov.tr/eskiler/2002/10/20021005.htm#5
2002-10-05,DÜZELTME (Sanayi ve Ticaret Bakanlığı Teftiş Kurulu Yönetmeliğinde Değişiklik Yapılmasına Dair Yönetmelik ile İlgili),https://www.resmigazete.gov.tr/eskiler/2002/10/20021005.htm#6
2002-10-06,2002/4731 Türkiye Cumhuriyeti ile Dünya Sağlık Örgütü Avrupa Bölge Ofisi Arasında İki Yıllık İşbirliği Anlaşması 2002-2003'nın Onaylanması Hakkında Karar,https://www.resmigazete.gov.tr/eskiler/2002/10/20021006.htm#1
2002-10-06,— Hâkimler ve Savcılar Yüksek Kuruluna Ait Atama Kararı,https://www.resmigazete.gov.tr/eskiler/2002/10/20021006.htm#2
2002-10-06,Mersin Üniversitesi Devlet Konservatuvarı Müzik ve Bale İlköğretim Okulu Yönetmeliği,https://www.resmigazete.gov.tr/eskiler/2002/10/20021006.htm#3
2002-10-06,— Orta Doğu Teknik Üniversitesi Meslek Yüksekokulu ile İlişkilendirilen Mesleki ve Teknik Ortaöğretim Kurumlarındaki Meslek Yüksekokulu Eğitim-Öğretimine İlişkin Yönetmelik,https://www.resmigazete.gov.tr/eskiler/2002/10/20021006.htm#4
2002-10-06,— Yüzüncü Yıl Üniversitesi Sosyal Bilimler Enstitüsü Lisansüstü Eğitim-Öğretim ve Sınav Yönetmeliğinin 2 ve 5 inci Maddelerinde Değişiklik Yapılmasına Dair Yönetmelik,https://www.resmigazete.gov.tr/eskiler/2002/10/20021006.htm#5
2002-10-07,"— Enerji ve Tabii Kaynaklar Bakanlığına, Devlet Bakanı Mehmet KEÇECİLER’in Vekâlet Etmesine Dair Tezkere",https://www.resmigazete.gov.tr/eskiler/2002/10/20021007.htm#1
2002-10-07,— Yüzüncü Yıl Üniversitesi Fen Bilimleri Enstitüsü Lisansüstü Eğitim Öğretim ve Sınav Yönetmeliğinin 10 ve 19 uncu Maddelerinde Değişiklik Yapılmasına Dair Yönetmelik,https://www.resmigazete.gov.tr/eskiler/2002/10/20021007.htm#2
2002-10-07,— Aydın Valiliği Mahalli Çevre Kurulu Kararı (No: 68),https://www.resmigazete.gov.tr/eskiler/2002/10/20021007.htm#3
2002-10-08,"— Kültür Bakanlığına, Milli Eğitim Bakanı Prof. Dr. Necdet TEKİN’in Vekâlet Etmesine Dair Tezkere",https://www.resmigazete.gov.tr/eskiler/2002/10/20021008.htm#1
2002-10-08,— Türkiye Vagon Sanayii Anonim Şirketi Genel Müdürlüğü Kadrolu Personel Sicil Amirleri Yönetmeliği,https://www.resmigazete.gov.tr/eskiler/2002/10/20021008.htm#2
2002-10-08,— Türkiye Vagon Sanayii Anonim Şirketi Genel Müdürlüğü Sözleşmeli Personel Sicil Amirleri Yönetmeliği,https://www.resmigazete.gov.tr/eskiler/2002/10/20021008.htm#3
2002-10-08,— 969 Sayılı Tarım ve Köyişleri Bakanlığının 867 ve 170 Sayılı Kanunlara Tabi İşletmeler Dışında Kalan Taşra Kuruluşlarına Döner Sermaye Verilmesi Hak kında Kanuna Bağlı Döner Sermaye İşletmeleri Yönetmeliği,https://www.resmigazete.gov.tr/eskiler/2002/10/20021008.htm#4
2002-10-08,— Çevresel Etki Değerlendirmesi Yönetmeliğinin 18 inci Maddesinde Değişiklik Yapılmasına Dair Yönetmelik,https://www.resmigazete.gov.tr/eskiler/2002/10/20021008.htm#5
2002-10-08,— Arz Fazlası 2002 Yılı Ürünü Kabuklu Fındığın Devlet Adına Satın Alınmasına İlişkin Bakanlar Kurulu Kararı Uygulama Tebliği (No: 2002/1),https://www.resmigazete.gov.tr/eskiler/2002/10/20021008.htm#6
2002-10-08,Transit Karayolları Üzerinde TIR Denetleme ve Konaklama Noktaları Kurulması Hakkında Tebliğ İhbarı Mecburi Hayvan Hastalıkları Hakkında Tebliğ (No : 2002/64),https://www.resmigazete.gov.tr/eskiler/2002/10/20021008.htm#7
2002-10-08,İhbarı Mecburî Hayvan Hastalıkları Hakkında Tebliğ (No: 2002/64),https://www.resmigazete.gov.tr/eskiler/2002/10/20021008.htm#8
2002-10-09,"Çevre Bakanlığına, Devlet Bakanı Melda BAYER’in Vekâlet Etmesine Dair Tezkere",https://www.resmigazete.gov.tr/eskiler/2002/10/20021009.htm#1
2002-10-09,Afyon Kocatepe Üniversitesi Eğitim-Öğretim ve Sınav Yönetmeliğinin 25 inci Maddesinde Değişiklik Yapılması Hakkında Yönetmelik,https://www.resmigazete.gov.tr/eskiler/2002/10/20021009.htm#2
2002-10-09,— Kadir Has Üniversitesi Sürekli Eğitim Merkezi (K-HASSEM) Yönetmeliği,https://www.resmigazete.gov.tr/eskiler/2002/10/20021009.htm#3
2002-10-09,Muğla Üniversitesi Yabancı Dil Hazırlık Programı Eğitim – Öğretim Yönetmeliğinin Bir Maddesinin Değiştirilmesi Hakkında Yönetmelik,https://www.resmigazete.gov.tr/eskiler/2002/10/20021009.htm#4
2002-10-09,Niğde Valiliği Mahalli Çevre Kurulu Kararı (No : 2002/7),https://www.resmigazete.gov.tr/eskiler/2002/10/20021009.htm#5
2002-10-09,Niğde Valiliği Mahalli Çevre Kurulu Kararı (No : 2002/8),https://www.resmigazete.gov.tr/eskiler/2002/10/20021009.htm#6
2002-10-10,2002/4808 Kamu Personelinin Maaşlarının Hesabına Esas Tutulan Katsayıların Yeniden Tespiti ile Muhtelif Statülerde İstihdam Edilen Sözleşmeli Personelin Ücretlerinin Artırılmasına İlişkin Karar,https://www.resmigazete.gov.tr/eskiler/2002/10/20021010.htm#1
2002-10-10,— Hükümlü Ertuğrul KAYA’nın Cezasının Kaldırılması Hakkında Karar (No: 2002/66),https://www.resmigazete.gov.tr/eskiler/2002/10/20021010.htm#2
2002-10-10,— Hükümlü Ali TEKİN’in Cezasının Kaldırılması Hakkında Karar (No: 2002/67),https://www.resmigazete.gov.tr/eskiler/2002/10/20021010.htm#3
2002-10-10,— Hükümlü Mete YALÇIN’ın Cezasının Kaldırılması Hakkında Karar (No: 2002/68),https://www.resmigazete.gov.tr/eskiler/2002/10/20021010.htm#4
2002-10-10,— Hükümlü Barış GÖNÜLŞEN’in Cezasının Kaldırılması Hakkında Karar (No: 2002/69),https://www.resmigazete.gov.tr/eskiler/2002/10/20021010.htm#5
2002-10-10,— Hükümlü Esmahan EKİNCİ’nin Cezasının Kaldırılması Hakkında Karar (No: 2002/70),https://www.resmigazete.gov.tr/eskiler/2002/10/20021010.htm#6
2002-10-10,— Hükümlü Mehmet ACETTİN’in Cezasının Kaldırılması Hakkında Karar (No: 2002/71),https://www.resmigazete.gov.tr/eskiler/2002/10/20021010.htm#7
2002-10-10,"İçişleri, Maliye, Enerji ve Tabii Kaynaklar ile Orman Bakanlıklarına Ait Atama Kararları",https://www.resmigazete.gov.tr/eskiler/2002/10/20021010.htm#8
2002-10-10,— Muğla Üniversitesi Ön Lisans ve Lisans Eğitim – Öğretim ve Sınav Yönetmeliğinin Bazı Maddelerinin Değiştirilmesi Hakkında Yönetmelik,https://www.resmigazete.gov.tr/eskiler/2002/10/20021010.htm#9
2002-10-10,— Bazı Mecburî Standardların Uygulamadan Kaldırılmasına Dair Tebliğ (No: ÖSG-2002/61),https://www.resmigazete.gov.tr/eskiler/2002/10/20021010.htm#10
2002-10-10,— Yüksek S eçim Kurulunun 748 Sayılı Kararı,https://www.resmigazete.gov.tr/eskiler/2002/10/20021010.htm#11
2002-10-10,DÜZELTME (Anadolu Üniversitesi Sivil Havacılık Yüksekokulu Pilotaj Bölümü Öğretim ve Sınav Yönetmeliğinde De ğişiklik Yapılmasına Dair Yönetmelik ile İlgili),https://www.resmigazete.gov.tr/eskiler/2002/10/20021010.htm#12
2002-10-11,— Ufuk Üniversitesi İngilizce Hazırlık Sınıfı Eğitim-Öğretim ve Sınav Yönetmeliği,https://www.resmigazete.gov.tr/eskiler/2002/10/20021011.htm#1
2002-10-11,— Türk Gıda Kodeksi Gıdalarda Kullanılan Tatlandırıcılar Tebliğinde Değişiklik Yapılması Hakkında Tebliğ (No: 2002/65),https://www.resmigazete.gov.tr/eskiler/2002/10/20021011.htm#2
2002-10-11,— Gümr ük Genel Tebliği (Gümrük İşlemleri) (Seri No : 20),https://www.resmigazete.gov.tr/eskiler/2002/10/20021011.htm#3
2002-10-11,— Rüzgar ve Güneş Ölçümlerine İlişkin Tebliğ,https://www.resmigazete.gov.tr/eskiler/2002/10/20021011.htm#4
2002-10-11,— Yüksek Seçim Kurulunun 752 Sayılı Kararı,https://www.resmigazete.gov.tr/eskiler/2002/10/20021011.htm#5
2002-10-12,Ufuk Üniversitesi Öğrenci Kayıt Kabul Yönetmeliği,https://www.resmigazete.gov.tr/eskiler/2002/10/20021012.htm#1
2002-10-12,— Ufuk Üniversitesi Ön Lisans ve Lisans E ğitim-Öğretim Sınav ve Değerlendirme Yönetmeliği,https://www.resmigazete.gov.tr/eskiler/2002/10/20021012.htm#2
2002-10-12,Dış Ticarette Standardizasyon Tebliğinde Değişiklik Yapılması Hakkında Tebliğ (No: 2002/26),https://www.resmigazete.gov.tr/eskiler/2002/10/20021012.htm#3
2002-10-13,"İçişleri Bakanlığına, Adalet Bakanı Prof. Dr. Aysel ÇELİKEL’in Vekâlet Etmesine Dair Tezkere",https://www.resmigazete.gov.tr/eskiler/2002/10/20021013.htm#1
2002-10-13,Abant İzzet Baysal Üniversitesi Arşiv Hizmetleri Yönetmeliği,https://www.resmigazete.gov.tr/eskiler/2002/10/20021013.htm#2
2002-10-13,— Gaziantep Üniversitesi Öğrenci Sağlık İşleri ve Sağlık Raporları Yönetmeliği,https://www.resmigazete.gov.tr/eskiler/2002/10/20021013.htm#3
2002-10-14,"Bayındırlık ve İskan Bakanlığına, Devlet Bakanı Dr. Reşat DOĞRU’nun Vekâlet Etmesine Dair Tezkere",https://www.resmigazete.gov.tr/eskiler/2002/10/20021014.htm#1
2002-10-14,Tekerlekli Tarım veya Orman Traktörlerinin Sürücüsü Tarafından Algılanan Gürültü Seviyesi ile İlgili Tip Onayı Yönetmeliği (77/311/AT),https://www.resmigazete.gov.tr/eskiler/2002/10/20021014.htm#2
2002-10-14,— Lisansüstü Eğitim ve Öğretim Yönetmeliğinde Değişiklik Yapılmasına Dair Yönetmelik,https://www.resmigazete.gov.tr/eskiler/2002/10/20021014.htm#3
2002-10-14,Kırklareli Valiliği Mahalli Çevre Kurulu Kararı (No: 2002/8),https://www.resmigazete.gov.tr/eskiler/2002/10/20021014.htm#4
2002-10-15,2002/4741 3109 Kişinin Türk Vatandaşlığından Çıkmasına İzin Verilmesi Hakkında Karar,https://www.resmigazete.gov.tr/eskiler/2002/10/20021015.htm#1
2002-10-15,— Hazine Müsteşarlığı Arşiv Hizmetleri Hakkında Yönetmelik,https://www.resmigazete.gov.tr/eskiler/2002/10/20021015.htm#2
2002-10-15,— Milli Savunma Bakanlığı Hesap Teftiş Yönetmeliği,https://www.resmigazete.gov.tr/eskiler/2002/10/20021015.htm#3
2002-10-15,"— İçişleri Bakanlığı İller İdaresi Genel Müdürlüğü Dernekler Daire Başkanlığı Merkez ve Taşra Teşkilatı Kuruluş,Görev, Çalışma ve Denetim Usul ve Esaslarına Dair Yönetmelik",https://www.resmigazete.gov.tr/eskiler/2002/10/20021015.htm#4
2002-10-15,— Gıda Işınlama Yönetmeliğinde Değişiklik Yapılması Hakkında Yönetmelik,https://www.resmigazete.gov.tr/eskiler/2002/10/20021015.htm#5
2002-10-15,— Tekerlekli T arım veya Orman Traktörlerinin Aydınlatma ve Işıklı Sinyal Cihazlarının Yerleştirilmesi ile İlgili Tip Onayı Yönetmeliği (78/933/AT),https://www.resmigazete.gov.tr/eskiler/2002/10/20021015.htm#6
2002-10-15,— Sivil Kullanım Amaçlı Patlayıcı Maddelerin Belgelendirilmesi Piyasaya Arzı ve Denetlenmesi Hakkında Yönetmelik (93/15 /AT),https://www.resmigazete.gov.tr/eskiler/2002/10/20021015.htm#7
2002-10-15,— Kahramanmaraş Sütçü İmam Üniversitesi Sağlık Uygulama ve Araştırma Hastanesi Yönetmeliği,https://www.resmigazete.gov.tr/eskiler/2002/10/20021015.htm#8
2002-10-15,— Yeditepe Üniversitesi Arşiv Hizmetleri Yönetmeliği,https://www.resmigazete.gov.tr/eskiler/2002/10/20021015.htm#9
2002-10-15,— Gümrük Genel Tebliği (Tarife-İzahname) (Seri No: 3),https://www.resmigazete.gov.tr/eskiler/2002/10/20021015.htm#10
2002-10-15,— 2002 Yılı Eylül Ayına Ait Dahilde İşleme İ zin Belgelerinin Sektörel Dağılımı Hakkında Tebliğ,https://www.resmigazete.gov.tr/eskiler/2002/10/20021015.htm#11
2002-10-15,— 2002 Yılı Eylül Ayına Ait Yurt İçi Satış Teslimler ile İlgili Belgelerin Sektörel Dağılımı Hakkında Tebliğ,https://www.resmigazete.gov.tr/eskiler/2002/10/20021015.htm#12
2002-10-15,— 2002 Yılı Eylül Ayına Ait Hariçte İşleme İzin Belgelerinin Sektörel Dağılımı Hakkında Tebliğ,https://www.resmigazete.gov.tr/eskiler/2002/10/20021015.htm#13
2002-10-15,— 2 002 Yılı Eylül Ayına Ait Vergi Resim ve Harç İstisnası Belgelerinin Se ktörel Dağılımı Hakkında Tebliğ,https://www.resmigazete.gov.tr/eskiler/2002/10/20021015.htm#14
2002-10-16,— Hâkimler ve Savcılar Yüksek Kuruluna Ait Atama Kararı,https://www.resmigazete.gov.tr/eskiler/2002/10/20021016.htm#1
2002-10-16,— Erciyes Üniversitesi Önlisans ve Lisans Eğitim-ÖğretimYönetmeliğinin Geçici 1 inci Maddesinde Değişiklik Yapılmasına Dair Yönetmelik,https://www.resmigazete.gov.tr/eskiler/2002/10/20021016.htm#2
2002-10-16,— Mustafa Kemal Üniversitesi Önlisans ve Lisans Öğretim ve Sınav Yönetmeliğinin 5 ve 15 inci Maddelerinin Değiştirilmesine Dair Yönetmelik,https://www.resmigazete.gov.tr/eskiler/2002/10/20021016.htm#3
2002-10-16,— Sigorta Şirketlerinin Faaliyetine Son Verilmesi ve Tasfiye İşlemlerinin Yürütülmesi Sırasında Teminatların Sigortalı Alacaklarına Tahsis Edilmesine İlişkin Tebliğ (No: 7),https://www.resmigazete.gov.tr/eskiler/2002/10/20021016.htm#4
2002-10-16,— Dış Ticarette Standardizasyon Tebliği (No: 2002/27),https://www.resmigazete.gov.tr/eskiler/2002/10/20021016.htm#5
2002-10-16,"— Yozgat İlinde Bulunan Jeotermal Kaynakların Araştırılması, Açılması ve İşletilmesi ile Ruhsatlandırılmasına İlişkin Esas ve Usulleri Uygulanmasına Dair Karar (No: 419)",https://www.resmigazete.gov.tr/eskiler/2002/10/20021016.htm#6
2002-10-16,"— Anayasa Mahkemesinin E: 2000/3 (Siyasî Parti Malî Denetimi), K: 2002/12 Sayılı Kararı",https://www.resmigazete.gov.tr/eskiler/2002/10/20021016.htm#7
2002-10-16,"— Anayasa Mahkemesinin E: 2000/14 (Siyasî Parti Malî Denetimi), K: 2002/13 Sayılı Kararı",https://www.resmigazete.gov.tr/eskiler/2002/10/20021016.htm#8
2002-10-16,"— Anayasa Mahkemesinin E: 2001/11 (Siyasî Parti Malî Denetimi), K: 2002/14 Sayılı Kararı",https://www.resmigazete.gov.tr/eskiler/2002/10/20021016.htm#9
2002-10-16,— (Devlet Malzeme Ofisi Personeli Görevde Yükselme Yönetmeliği ile İlgili),https://www.resmigazete.gov.tr/eskiler/2002/10/20021016.htm#10
2002-10-16,— (Türk Gıda Kodeksi Gıda Maddelerinde Belirli Bulaşanların Maksimum Seviyelerinin Belirlenmesi Hakkında 2002/63 Sayılı Tebliğ ile İlgili),https://www.resmigazete.gov.tr/eskiler/2002/10/20021016.htm#11
2002-10-17,— Maliye Bakanlığı Hesap Uzmanları Kurulu Yönetmeliğinde Değişiklik Yapılmasına Dair Yönetmelik,https://www.resmigazete.gov.tr/eskiler/2002/10/20021017.htm#1
2002-10-17,— Bütçe Kontrolörleri Görev ve Çalışma Yönetmeliğinde Değişiklik Yapılmasına Dair Yönetmelik — Atatürk Üniversitesi Meslek Yüksekokulları Ön Lisans Eğitim-Öğretim ve Sınav Yönetmeliği,https://www.resmigazete.gov.tr/eskiler/2002/10/20021017.htm#3
2002-10-17,— İş Kolu Tespit Kararı (No: 2002/14),https://www.resmigazete.gov.tr/eskiler/2002/10/20021017.htm#4
2002-10-17,— İş Kolu Tespit Kararı (No: 2002/15),https://www.resmigazete.gov.tr/eskiler/2002/10/20021017.htm#5
2002-10-18,Hükümlü İbrahim TOYELDEMİR'in Cezasının Kaldırılmasına Dair Karar,https://www.resmigazete.gov.tr/eskiler/2002/10/20021018.htm#1
2002-10-18,Hükümlü Erol ALTIOKKA'nın Cezasının Kaldırılmasına Dair Karar,https://www.resmigazete.gov.tr/eskiler/2002/10/20021018.htm#2
2002-10-18,Hükümlü Mehmet LEYLEK'in Cezasının Kaldırılmasına Dair Karar,https://www.resmigazete.gov.tr/eskiler/2002/10/20021018.htm#3
2002-10-18,— Başbakanlık Merkez Teşkilatı ve Basımevi Döner Sermaye İşletmesi Müdürlüğü Görevde Yükselme Usul ve Esaslarına Dair Yönetmelikte Değişiklik Yapılmasına Dair Yönetmelik,https://www.resmigazete.gov.tr/eskiler/2002/10/20021018.htm#4
2002-10-18,— Yıldız Teknik Üniversitesi Stratejik Araştırmalar Merkezi Yönetmeliğinin 4 ve 6 ncı Maddelerinin Değiştirilmesi Hakkında Yönetmelik,https://www.resmigazete.gov.tr/eskiler/2002/10/20021018.htm#5
2002-10-18,— 23/6/1992 Tarihli ve 21263 Sayılı Resmî Gazete’de Yayımlanan Enerji ve Tabii Kaynaklar Bakanlığı Tebliği’nde Değişiklik Yapılmasına Dair Tebliğ,https://www.resmigazete.gov.tr/eskiler/2002/10/20021018.htm#6
2002-10-19,— Tarım ve Köyişleri Bakanlığı Teftiş Kurulu Yönetmeliği,https://www.resmigazete.gov.tr/eskiler/2002/10/20021019.htm#1
2002-10-19,— Zirai Karantina Yönetmeliğinin III Numaralı Ekinde Değişiklik Yapılmasına Dair Yönetmelik,https://www.resmigazete.gov.tr/eskiler/2002/10/20021019.htm#2
2002-10-19,— Radyo ve Televizyon Üst Kurulu Kapalı Devre Radyo ve Televizyon Yayınları Yönetmeliği,https://www.resmigazete.gov.tr/eskiler/2002/10/20021019.htm#3
2002-10-20,— Çalışma ve Sosyal Güvenlik Bakanlığı Yurtdışı Teşkilatında Görevlendirilecek Personelin Atanma Usul ve Esasları Hakkında Yönetmelik,https://www.resmigazete.gov.tr/eskiler/2002/10/20021020.htm#1
2002-10-20,— Tekerlekli Tarım veya Orman Traktörlerinin Aydınlatma ve Işıklı Sinyal Cihazları İle İlgili Aksam Tip Onayı Yönetmeliği (79/532/AT),https://www.resmigazete.gov.tr/eskiler/2002/10/20021020.htm#2
2002-10-20,— Ankara Üniversitesi Sürekli Eğitim Merkezi (ANKÜSEM) Yönetmeliğinin 11 inci Maddesinin Değiştirilmesi Hakkında Yönetmelik,https://www.resmigazete.gov.tr/eskiler/2002/10/20021020.htm#3
2002-10-20,— Ankara Üniversitesi Uzaktan Eğitim Merkezi (ANKUZEM)Yönetmeliğinin Bazı Maddelerinin Değiştirilmesi Hakkında Yönetmelik,https://www.resmigazete.gov.tr/eskiler/2002/10/20021020.htm#4
2002-10-20,— Atatürk Üniversitesi Erzincan Hukuk Fakültesi Lisans Eğitim-Öğretim ve Sınav Yönetmeliği,https://www.resmigazete.gov.tr/eskiler/2002/10/20021020.htm#5
2002-10-21,— Polis Akademisi Başkanlığı Polis Meslek Yüksekokulları Eğitim-Öğretim Yönetmeliğinin Bazı Maddelerinin Değiştirilmesine Dair Yönetmelik,https://www.resmigazete.gov.tr/eskiler/2002/10/20021021.htm#1
2002-10-21,— Artvin Valiliği Mahalli Çevre Kurulu Kararı (No: 6),https://www.resmigazete.gov.tr/eskiler/2002/10/20021021.htm#2
2002-10-21,— Yargıtay 18. Hukuk Dairesine Ait Bir Adet Karar,https://www.resmigazete.gov.tr/eskiler/2002/10/20021021.htm#3
2002-10-21,— Danıştay Başkanlar Kurulunun 27 Nolu Kararı,https://www.resmigazete.gov.tr/eskiler/2002/10/20021021.htm#4
2002-10-21,"— Sayıştay Genel Kurulu İçtihadı Birleştirme Kararı (E: 2002/1, K: 5039/2)",https://www.resmigazete.gov.tr/eskiler/2002/10/20021021.htm#5
2002-10-22,"2002/4809 Kamu İktisadi Teşebbüsleri ve Bağlı Ortaklıklarının, 2003 Yılına Ait Genel Yatırım ve Finansman Programı'nın Tespiti Hakkında Karar",https://www.resmigazete.gov.tr/eskiler/2002/10/20021022.htm#1
2002-10-22,— Türkiye ve Orta Doğu Amme İdaresi Enstitüsü Genel Müdürlüğü İdari Personelinin Görevde Yükselme Yönetmeliğinde Değişiklik Yapılması Hakkında Yönetmelik,https://www.resmigazete.gov.tr/eskiler/2002/10/20021022.htm#2
2002-10-22,— Devlet Meteoroloji İşleri Genel Müdürlüğü Teftiş Kurulu Yönetmeliğinde Değişiklik Yapılmasına Dair Yönetmelik,https://www.resmigazete.gov.tr/eskiler/2002/10/20021022.htm#3
2002-10-22,— Millî Savunma Bakanlığı Akaryakıt İkmal ve NATOPOL Tesisleri İşletme Başkanlığı Merkez ve Taşra Teşkilâtında Görevli Devlet Memurları İçin Sicil Düzenleyecek Yetkili Amirler Hakkında Yönetmelik,https://www.resmigazete.gov.tr/eskiler/2002/10/20021022.htm#4
2002-10-22,— Toplantı ve Gösteri Yürüyüşleri Kanununun Uygulanmasına Dair Yönetmelikte Değişiklik Yapılmasına İlişkin Yönetmelik,https://www.resmigazete.gov.tr/eskiler/2002/10/20021022.htm#5
2002-10-22,"— Her Yıl Yarış Dönemi İçin Lisanslarını Vize Ettirmek ve Yeniden Lisans Almak İsteyen Antrenör, Jokey, Jokey Yamağı, Centilmen Binici ve Seyislerin Kayıt Bürolarına Müracaat Usul ve Şekillerine İlişkin Yönetmelikte Değişiklik Yapılmasına Dair Yönetmelik",https://www.resmigazete.gov.tr/eskiler/2002/10/20021022.htm#6
2002-10-22,— Yükseköğretim Kurumlarında Akademik Değerlendirme ve Kalite Kontrol Yönetmeliği,https://www.resmigazete.gov.tr/eskiler/2002/10/20021022.htm#7
2002-10-22,— Enerji Piyasası Düzenleme Kurulunun 61 Sayılı Kararı,https://www.resmigazete.gov.tr/eskiler/2002/10/20021022.htm#8
2002-10-23,2002/4793 Türkiye Cumhuriyeti Hükümeti ile Estonya Cumhuriyeti Hükümeti Arasında Savunma Konularına İlişkin Alanlarda İşbirliği Anlaşması’nın Onaylanması Hakkında Karar,https://www.resmigazete.gov.tr/eskiler/2002/10/20021023.htm#1
2002-10-23,"— Dışişleri Bakanlığı ve Başbakan Yardımcılığına, Milli Eğitim Bakanı Prof. Dr. Necdet TEKİN’in Vekâlet Etmesine Dair Tezkere",https://www.resmigazete.gov.tr/eskiler/2002/10/20021023.htm#2
2002-10-23,— Hâkimler ve Savcılar Yüksek Kuruluna Ait Atama Kararı,https://www.resmigazete.gov.tr/eskiler/2002/10/20021023.htm#3
2002-10-23,2002/4773 Kamu Görevlerine İlk Defa Atanacaklar İçin Yapılacak Sınavlar Hakkında Genel Yönetmelikte Değişiklik Yapılması Hakkında Yönetmelik,https://www.resmigazete.gov.tr/eskiler/2002/10/20021023.htm#4
2002-10-23,— Veteriner İspençiyari ve Tıbbi Müstahzarlar Ruhsat Yönetmeliği,https://www.resmigazete.gov.tr/eskiler/2002/10/20021023.htm#5
2002-10-23,"— Çevre Bakanlığı Taşra Teşkilatı Görev, Yetki, Sorumluluk ve Çalışma Esasları Yönetmeliğinin Bir Maddesinde Değişiklik Yapılmasına İlişkin Yönetmelik",https://www.resmigazete.gov.tr/eskiler/2002/10/20021023.htm#6
2002-10-23,— Bankaların Kuruluş ve Faaliyetleri Hakkında Yönetmelikte Değişiklik Yapılmasına Dair Yönetmelik,https://www.resmigazete.gov.tr/eskiler/2002/10/20021023.htm#7
2002-10-23,— Muhasebe Uygulama Yönetmeliğinde Değişiklik Yapılmasına Dair Yönetmelik,https://www.resmigazete.gov.tr/eskiler/2002/10/20021023.htm#8
2002-10-23,— 2002 Yılı Sosyal Sigortalar Kurumu Başkanlığı İlaç Listesi ve Uygulama Talimatı (Seri No: 2002/3),https://www.resmigazete.gov.tr/eskiler/2002/10/20021023.htm#9
2002-10-23,— Yüksek Seçim Kurulunun 793 sayılı Kararı,https://www.resmigazete.gov.tr/eskiler/2002/10/20021023.htm#10
2002-10-23,— Yüksek Seçim Kurulunun 794 sayılı Kararı,https://www.resmigazete.gov.tr/eskiler/2002/10/20021023.htm#11
2002-10-24,"— Sporcu Lisans, Tescil, Vize ve Transfer Yönetmeliğinde Değişiklik Yapılmasına Dair Yönetmelik",https://www.resmigazete.gov.tr/eskiler/2002/10/20021024.htm#1
2002-10-24,— Kalıtsal Kan Hastalıklarından Hemoglobinopati Kontrol Programı ile Tanı ve Tedavi Merkezleri Yönetmeliği,https://www.resmigazete.gov.tr/eskiler/2002/10/20021024.htm#2
2002-10-24,— Selçuk Ünive rsitesi Öğretim ve Sınav Yönetmeliğinin 8 inci Maddesinin Değiştirilmesine Dair Yönetmelik,https://www.resmigazete.gov.tr/eskiler/2002/10/20021024.htm#3
2002-10-24,— Selçuk Üniversitesi Tıp Fakültesi Öğretim ve Sınav Yönetmeliğinin Adının ve 15 inci Maddesinin Değiştirilmesine Dair Yönetmelik,https://www.resmigazete.gov.tr/eskiler/2002/10/20021024.htm#4
2002-10-24,Selçuk Üniversitesi Diş Hekimliği Fakültesi Öğretim ve Sınav Yönetmeliğinin 4 üncü Maddesinin Değiştirilmesine Dair Yönetmelik,https://www.resmigazete.gov.tr/eskiler/2002/10/20021024.htm#5
2002-10-24,— Selçuk Üniversitesi Devlet Konservatuvar ı Lisans Öğretim ve Sınav Yönetmeliğinin 12 nci Maddesinin Değiştirilmesine Dair Yönetmelik,https://www.resmigazete.gov.tr/eskiler/2002/10/20021024.htm#6
2002-10-24,— Akaryakıt Dağıtım ve Pazarlama Şirketlerinin Kurulmasına İlişkin Usul ve Esaslar Hakkında Kararın Uygulanmasına Dair Tebliğ (PİGM-2002/7),https://www.resmigazete.gov.tr/eskiler/2002/10/20021024.htm#7
2002-10-24,"— Yargıtay 2, 18 ve 20 nci Hukuk Dairelerine Ait 4 Adet Karar",https://www.resmigazete.gov.tr/eskiler/2002/10/20021024.htm#8
2002-10-24,— Yüksek Seçim Kurulunun 805 Sayılı Kararı,https://www.resmigazete.gov.tr/eskiler/2002/10/20021024.htm#9
2002-10-25,2002/4811 4761 Sayılı Bazı Kanunlarda Değişiklik Yapılması Hakkında Kanunun 20 nci Maddesi ve 631 Sayılı Kanun Hükmünde Kararnamenin 14 üncü Maddesi Kapsamındaki Personelin Mali ve Sosyal Haklarına İlişkin Karar,https://www.resmigazete.gov.tr/eskiler/2002/10/20021025.htm#1
2002-10-25,"2002/4842 Kütlü Pamuk, Yağlık Ayçiçeği, Soya Fasulyesi, Kanola ve Zeytinyağı Üreticilerine Destekleme Primi Ödenmesine Dair Karar",https://www.resmigazete.gov.tr/eskiler/2002/10/20021025.htm#2
2002-10-25,2002/4843 Özel Tüketim Vergisi Tutarla rının Belirlenmesine İlişkin Karar,https://www.resmigazete.gov.tr/eskiler/2002/10/20021025.htm#3
2002-10-25,— Danıştay Üyeliğine Musa Nihat TURAN’ın Seçilmesine Dair Karar,https://www.resmigazete.gov.tr/eskiler/2002/10/20021025.htm#4
2002-10-25,— Hükümlü Tuğrul Caner KILINÇ’ın Cezasının Kaldırılmasına Dair Karar (No: 2002/76),https://www.resmigazete.gov.tr/eskiler/2002/10/20021025.htm#5
2002-10-25,— Hükümlü Ercan UÇUK’un Cezasının Kaldırılmasına Dair Karar (No: 2002/77),https://www.resmigazete.gov.tr/eskiler/2002/10/20021025.htm#6
2002-10-25,— Hükümlü Ali ŞAHMO’nun Cezasının Kaldırılmasına Dair Karar (No: 2002/78),https://www.resmigazete.gov.tr/eskiler/2002/10/20021025.htm#7
2002-10-25,— Hükümlü Gürhan HIZMAY’ın Cezasının Kaldırılmasına Dair Karar (No: 2002/79),https://www.resmigazete.gov.tr/eskiler/2002/10/20021025.htm#8
2002-10-25,"— Devlet, Bayındırlık ve İskan, Sağlık, Sanayi ve Ticaret ile Çevre Bakanlıklarına Ait Atama Kararları",https://www.resmigazete.gov.tr/eskiler/2002/10/20021025.htm#9
2002-10-25,"— İçilebilir Nitelikteki Suların İstihsali, Ambalajlanması, Satışı ve Denetlenmesi Hakkında Yönetmelikte Değişiklik Yapılmasına Dair Yönetmelik",https://www.resmigazete.gov.tr/eskiler/2002/10/20021025.htm#10
2002-10-25,— Mecb uri Standard Tebliğinde Değişiklik Yapılmasına Dair Tebliğ (No: ÖSG-2002/68),https://www.resmigazete.gov.tr/eskiler/2002/10/20021025.htm#11
2002-10-25,— Mecburi Standard Tebliğinde Değişiklik Yapılmasına Dair Tebliğ (No: ÖSG-2002/70),https://www.resmigazete.gov.tr/eskiler/2002/10/20021025.htm#12
2002-10-25,"— Menkul Kıymetlerin Geri Alma veya Satma Taahhüdü ile Alım Satımı Hakkında Tebliğde Değişiklik Yapılmasına Dair Tebliğ (Seri: V, No: 57)",https://www.resmigazete.gov.tr/eskiler/2002/10/20021025.htm#13
2002-10-25,"— Aracı Kurumların Sermayelerine ve Sermaye Yeterliliğine İlişkin Esaslar Tebliğinde Değişiklik Yapılmasına Dair Tebliğ (Seri: V, No: 58)",https://www.resmigazete.gov.tr/eskiler/2002/10/20021025.htm#14
2002-10-25,(23/10/2002 Tarihli ve 24915 sayılı Resmî Gazete’de Yayımlanan “Bakanlığa Vekâlet Etme İşlemi” ile İlgili),https://www.resmigazete.gov.tr/eskiler/2002/10/20021025.htm#15
2002-10-26,— Hâkimler ve Savcılar Yüksek Kuruluna Ait Karar,https://www.resmigazete.gov.tr/eskiler/2002/10/20021026.htm#1
2002-10-26,— Kimyevi Gübre Denetim Yönetmeliğinin 3 Numaralı Ekinde Değişiklik Yapılmasına Dair Yönetmelik,https://www.resmigazete.gov.tr/eskiler/2002/10/20021026.htm#2
2002-10-26,— Doğal Gaz Piyasası Tesisler Yönetmeliği,https://www.resmigazete.gov.tr/eskiler/2002/10/20021026.htm#3
2002-10-26,— Doğal Gaz Piyasası İletim Şebekesi İşleyiş Yönetmeliği,https://www.resmigazete.gov.tr/eskiler/2002/10/20021026.htm#4
2002-10-26,— Enerji Piyasası Düzenleme Kurulunun 64 Sayılı Kararı,https://www.resmigazete.gov.tr/eskiler/2002/10/20021026.htm#5
2002-10-26,— Enerji Piyasası Düzenleme Kurulunun 65 Sayılı Kararı,https://www.resmigazete.gov.tr/eskiler/2002/10/20021026.htm#6
2002-10-26,— Özel Tüketim Vergisi Genel Tebliği (Seri No: 2),https://www.resmigazete.gov.tr/eskiler/2002/10/20021026.htm#8
2002-10-26,— Kurumlar Vergisi Genel Tebliği (Seri No: 78),https://www.resmigazete.gov.tr/eskiler/2002/10/20021026.htm#9
2002-10-26,— Mecburi Standard Tebliğinde Değişiklik Yapılmasına Dair Tebliğ,https://www.resmigazete.gov.tr/eskiler/2002/10/20021026.htm#7
2002-10-27,"— Cumhurbaşkanlığına, Türkiye Büyük Millet Meclisi Başkanı Ömer İZGİ’nin Vekâlet Etmesine Dair Tezkere",https://www.resmigazete.gov.tr/eskiler/2002/10/20021027.htm#1
2002-10-27,"— Dışişleri Bakanlığı ve Başbakan Yardımcılığına, Orman Bakanı Prof. Dr. Nami ÇAĞAN’ın Vekâlet Etmesine Dair Tezkere",https://www.resmigazete.gov.tr/eskiler/2002/10/20021027.htm#2
2002-10-27,— Muhtemel Patlayıcı Ortamda Kullanılan Teçhizat ve Koruyucu Sistemler ile İlgili Yönetmelik (94/9/AT),https://www.resmigazete.gov.tr/eskiler/2002/10/20021027.htm#3
2002-10-27,— Erzincan Valiliği Mahalli Çevre Kurulu Kararı (No: 2002/10),https://www.resmigazete.gov.tr/eskiler/2002/10/20021027.htm#4
2002-10-28,"— Devlet Bakanı ve Başbakan Yardımcısı Mesut YILMAZ’a,DevletBakanı Dr. Yılmaz KARAKOYUNLU’nun Vekâlet Etmesine Dair Tezkere",https://www.resmigazete.gov.tr/eskiler/2002/10/20021028.htm#1
2002-10-28,— Rekabet Kurulunun 01-25/242-64 Sayılı Kararı,https://www.resmigazete.gov.tr/eskiler/2002/10/20021028.htm#2
2002-10-28,— Rekabet Kurulunun 01-25/244-66 Sayılı Kararı,https://www.resmigazete.gov.tr/eskiler/2002/10/20021028.htm#3
2002-10-28,— Rekabet Kurulunun 01-29/283-84 Sayılı Kararı,https://www.resmigazete.gov.tr/eskiler/2002/10/20021028.htm#4
2002-10-29,22/6/1927 tarihli ve 5235 sayılı Bakanlar Kurulu Kararı ile yürürlüğe konulan Resmî Gazete'nin Sureti Neşir ve Muamelatının Tarzı İcrasına Dair Yönetmelik uyarınca bugün Resmî Gazete yayımlanmamıştır.,https://www.resmigazete.gov.tr/2011%20Resmi%20Gazeteleri/Resmi%20Gazete%20Tatil%20Şablon/20110101-1.htm
2002-10-30,— Radyo ve Televizyon Üst Kurulu Teşkilatı Kuruluş ve Görev Yönetmeliği,https://www.resmigazete.gov.tr/eskiler/2002/10/20021030.htm#1
2002-10-30,— Mecburi Standard Tebliği (No: ÖSG-2002/71),https://www.resmigazete.gov.tr/eskiler/2002/10/20021030.htm#2
2002-10-31,2002/48 37 Türk Vatandaşlığından Çıkmasına İzin Verilen 450 Kişiye Ait Hükmün İptaline Dair Karar,https://www.resmigazete.gov.tr/eskiler/2002/10/20021031.htm#1
2002-10-31,— Hâkimler ve Savcılar Yüksek Kurulu Asıl Üyeliğine Yargı tay Üyesi Celal ALTUNKAYNAK'ın Seçilmesine Dair Karar,https://www.resmigazete.gov.tr/eskiler/2002/10/20021031.htm#16
2002-10-31,— Hâkimler ve Savcılar Yüksek Kuruluna Ait Karar,https://www.resmigazete.gov.tr/eskiler/2002/10/20021031.htm#2
2002-10-31,— Galatasaray Üniversitesi İktisadi ve İdari Bilimler Fakültesi Lisans Öğretim ve Sınav Yönetmeliğinin 14 üncü Maddesinin Değiştirilmesine Dair Yö netmelik,https://www.resmigazete.gov.tr/eskiler/2002/10/20021031.htm#3
2002-10-31,— Doğrudan Gelir Desteği Ödemesi Yapılmasına ve Bu Amaçla Çiftçi Kayıt Sisteminin Oluşturulmasına İlişkin Tebliğde Değişiklik Yapılmasına İlişkin Tebliğ,https://www.resmigazete.gov.tr/eskiler/2002/10/20021031.htm#4
2002-10-31,— Mecburi Standard: ÖSG-2002/62 Sayılı Tebliğ,https://www.resmigazete.gov.tr/eskiler/2002/10/20021031.htm#5
2002-10-31,— Mecburi S tandard: ÖSG-2002/63 Sayılı Tebliğ,https://www.resmigazete.gov.tr/eskiler/2002/10/20021031.htm#6
2002-10-31,Mecburi Standard Tebliğinde Değişiklik Yapılmasına Dair Tebliğ (No: ÖSG-2002/64),https://www.resmigazete.gov.tr/eskiler/2002/10/20021031.htm#7
2002-10-31,— Mecburi Standard: ÖSG-2002/65 Sayılı Tebliğ,https://www.resmigazete.gov.tr/eskiler/2002/10/20021031.htm#8
2002-10-31,— Mecburi Standard: ÖSG-2002/66 Sayılı Tebliğ,https://www.resmigazete.gov.tr/eskiler/2002/10/20021031.htm#9
2002-10-31,— Mecburi Standard: ÖSG-2002/67 Sayılı Tebliğ,https://www.resmigazete.gov.tr/eskiler/2002/10/20021031.htm#10
2002-10-31,Mecburi Standard Tebliğinde Değişiklik Yapılmasına Dair Tebliğ (No: ÖSG-2002/69),https://www.resmigazete.gov.tr/eskiler/2002/10/20021031.htm#11
2002-10-31,— Mecburi Standard: ÖSG-2002/72 Sayılı Tebliğ,https://www.resmigazete.gov.tr/eskiler/2002/10/20021031.htm#12
2002-10-31,— Mecburi Standard: ÖSG-2002/73 Sayılı Tebliğ,https://www.resmigazete.gov.tr/eskiler/2002/10/20021031.htm#13
2002-10-31,— 2002 Yılı Eylül Ayına Ait Yatırım Teşvik Belgelerinin Sektörel Dağılımı Hakkında Tebl iğ,https://www.resmigazete.gov.tr/eskiler/2002/10/20021031.htm#14
2002-10-31,— 2002 Yılı Eylül Ayına Ait Yabancı Sermayeli Teşvik ve Yatırım İzin Belgelerinin Sektörel Dağılımı Hakkında Tebliğ,https://www.resmigazete.gov.tr/eskiler/2002/10/20021031.htm#15
2002-11-01,2002/4847 Sosyal Sigortalar Kurumu ve Bağ-Kur Tarafından Ödenen Gelir ve Aylıklara İlişkin Kararın Yürürlüğe Konulması Hakkında Karar,https://www.resmigazete.gov.tr/eskiler/2002/11/20021101.htm#1
2002-11-01,"— Devlet, Adalet, Bayındırlık ve İskan, Kültür ile Orman Bakanlıklarına Ait Atama Kararları",https://www.resmigazete.gov.tr/eskiler/2002/11/20021101.htm#2
2002-11-01,— İhracat Yönetmeliğinde Değişiklik Yapılmasına Dair Yönetmelik,https://www.resmigazete.gov.tr/eskiler/2002/11/20021101.htm#3
2002-11-01,— Vakıflar Genel Müdürlüğü Personeli Görevde Yükselme ve Atama Yönetmeliğinde Değişiklik Yapılması Hakkında Yönetmelik,https://www.resmigazete.gov.tr/eskiler/2002/11/20021101.htm#4
2002-11-01,— Türkiye Elektrik Ticaret ve Taahhüt Anonim Şirketi Genel Müdürlüğü Personelinin Görevde Yükselme Yönetmeliğinde Değişiklik Yapılmasına Dair Yönetmelik,https://www.resmigazete.gov.tr/eskiler/2002/11/20021101.htm#5
2002-11-01,— Fırat Üniversitesi Sürekli Eğitim Merkezi Yönetmeliğinin Bazı Maddelerinde Değişiklik Yapılması Hakkında Yönetmelik,https://www.resmigazete.gov.tr/eskiler/2002/11/20021101.htm#6
2002-11-01,— Gü mrük Genel Tebliği (Gümrük İşlemleri) (Seri No : 21),https://www.resmigazete.gov.tr/eskiler/2002/11/20021101.htm#7
2002-11-01,— Mülga Dış Krediler Kur Farkı Fonu’ndan Kullanılmış Kredilere Uygulanacak Değişken Faiz Oranı Hakkında Tebliğ,https://www.resmigazete.gov.tr/eskiler/2002/11/20021101.htm#8
2002-11-01,— Anayasa Mahkemesinin E : 2002/52 (4611 Sayılı Kanun ile İlgili) K : 2002/84 Sayılı Kararı,https://www.resmigazete.gov.tr/eskiler/2002/11/20021101.htm#9
2002-11-02,"— Başbakanlık, Devlet, Maliye, Milli Eğitim, Bayındırlık ve İskan, Sanayi ve Ticaret ile Enerji ve Tabii Kaynaklar B akanlıklarına Ait Atama Kararları",https://www.resmigazete.gov.tr/eskiler/2002/11/20021102.htm#1
2002-11-02,"— Devlet Personel Uzman Yardımcılığı ve Uzmanlığı Sınav, Görev, Yetki, Çalışma Usul ve Esasları Hakkında Yönetmelik",https://www.resmigazete.gov.tr/eskiler/2002/11/20021102.htm#2
2002-11-02,— Dış Ticarette Standardizasyon Tebliğinde Değişiklik Yapılması Hakkında Tebliğ (No : 2002/28),https://www.resmigazete.gov.tr/eskiler/2002/11/20021102.htm#3
2002-11-02,— Dış Ticarette Standardizasyon Tebliğinde Değişiklik Yapılması Hakkında Tebliğ (No : 2002/29),https://www.resmigazete.gov.tr/eskiler/2002/11/20021102.htm#4
2002-11-02,"— Sermaye Piyasasında Bağımsız Denetim Hakkında Tebliğde Değişiklik Yapılmasına Dair Tebliğ (Seri: X, No: 19)",https://www.resmigazete.gov.tr/eskiler/2002/11/20021102.htm#5
2002-11-03,"— Gençlik ve Spor Genel Müdürlüğü Spor Federasyonlarının Teşkilatı Çalışma, Görev, Yetki ve Sorumluluk Yönetmeliğini n 13 ve 14 üncü Maddelerinde De ğişiklik Yapılmasına Dair Yönetmelik",https://www.resmigazete.gov.tr/eskiler/2002/11/20021103.htm#1
2002-11-03,"— Maliye Bakanlığı Gelirler Genel Müdürlüğü Gelir Uzmanlığı Görev, Çalışma ve Atama Yönetmeliğinde Değişiklik Yapılmasına Dair Yönetmelik",https://www.resmigazete.gov.tr/eskiler/2002/11/20021103.htm#2
2002-11-03,— Elektrik İşleri Etüt İdaresi Genel Müdürlüğü Teftiş Kurulu Yönetmeliğinde Değişiklik Yapılmasına İlişkin Yönetmelik,https://www.resmigazete.gov.tr/eskiler/2002/11/20021103.htm#3
2002-11-03,— Doğal Gaz Piyasası Dağıtım ve Müşteri Hizmetleri Yönetmeliği,https://www.resmigazete.gov.tr/eskiler/2002/11/20021103.htm#4
2002-11-03,— Mersin Üniversitesi Restor asyon ve Koruma Merkezi Yönetmeliği,https://www.resmigazete.gov.tr/eskiler/2002/11/20021103.htm#5
2002-11-04,"— Maliye Bakanlığına, Devlet Bakanı Mehmet KEÇECİLER’in Vekâlet Etmesine Dair Tezkere",https://www.resmigazete.gov.tr/eskiler/2002/11/20021104.htm#1
2002-11-04,— Başbakanlık Denizcilik Müsteşarlığı Teftiş Kurulu Yönetmeliği,https://www.resmigazete.gov.tr/eskiler/2002/11/20021104.htm#2
2002-11-04,— Kaplıcalar Yönetmeliğinde Değişiklik Yapılmasına Dair Yönetmelik,https://www.resmigazete.gov.tr/eskiler/2002/11/20021104.htm#3
2002-11-04,"— Pamukkale Üniversitesi Önlisans, Lisan s Eğitim-Öğretim ve Sınav Yönetmeliğinin 9 uncu Maddesinde Değişiklik Yapılması Hakkında Yönetmelik",https://www.resmigazete.gov.tr/eskiler/2002/11/20021104.htm#4
2002-11-04,"— Serbest Muhasebecilik, Serbest Muhasebeci Mali Müşavirlik ve Yeminli Mali Müşavirlik Kanunu Genel Tebliği (Sıra No: 33)",https://www.resmigazete.gov.tr/eskiler/2002/11/20021104.htm#5
2002-11-04,— Mersin İlinde Sokakta Yaşayan ve Sokakta Çalıştırılan Çocukların Korunması Suretiyle Kamu Esenliğinin Sağlanması ile İlgili Karar (No: 2002/1),https://www.resmigazete.gov.tr/eskiler/2002/11/20021104.htm#6
2002-11-05,— Başbakan Bülent ECEVİT Başkanlığındaki 57. Hükümetin İstifa Etmesi ile İlgili Tezkere,https://www.resmigazete.gov.tr/eskiler/2002/11/20021105.htm#1
2002-11-05,Hâkimler ve Savcılar Yüksek Kurulunca Yargıtay Üyeliklerine Seçi lenler Hakkında Karar (No : 498),https://www.resmigazete.gov.tr/eskiler/2002/11/20021105.htm#2
2002-11-05,Hâkimler ve Savcılar Yüksek Kurulunca Danıştay Üyeliklerine Seçilenler Hakkında Karar (No : 499),https://www.resmigazete.gov.tr/eskiler/2002/11/20021105.htm#3
2002-11-05,— Hükümlü Sadık YILMAZ’ın Cezasının Kaldırılması Hakkında Ka rar (No 2002/81),https://www.resmigazete.gov.tr/eskiler/2002/11/20021105.htm#4
2002-11-05,— Milli Savunma Bakanlığına Ait Atama Kararı,https://www.resmigazete.gov.tr/eskiler/2002/11/20021105.htm#5
2002-11-05,Hâkimler ve Savcılar Yüksek Kuruluna Ait Atama Kararları,https://www.resmigazete.gov.tr/eskiler/2002/11/20021105.htm#6
2002-11-05,— Sınır Tespitine Dair İki Adet Karar,https://www.resmigazete.gov.tr/eskiler/2002/11/20021105.htm#7
2002-11-05,Yargıtay2. Hukuk Dairesin e Ait 5 Adet Karar,https://www.resmigazete.gov.tr/eskiler/2002/11/20021105.htm#8
2002-11-06,"— Maliye Bakanlığına, Devlet Bakanı Mehmet KEÇECİLER’in Vekâlet Etmesine Dair Tezkere",https://www.resmigazete.gov.tr/eskiler/2002/11/20021106.htm#1
2002-11-06,2002/4845 Bazı Kamu Kurum ve Kuruluşlarına Ait Kadroların Düzenlenmesi Hakkında Karar,https://www.resmigazete.gov.tr/eskiler/2002/11/20021106.htm#2
2002-11-06,"— Anayasa Mahkemesinin E : 2002/99, (4758 Sayılı Kanun ile İlgili) K : 2002/51 Sayılı Kararı",https://www.resmigazete.gov.tr/eskiler/2002/11/20021106.htm#3
2002-11-06,— Yargıtay 2. ve 14. Hukuk Dairelerine Ait 5 Adet Karar,https://www.resmigazete.gov.tr/eskiler/2002/11/20021106.htm#4
2002-11-07,— Devlet Meteoroloji İşleri Genel Müdürlüğü Hizmetiçi Eğitim Yönetmeliği,https://www.resmigazete.gov.tr/eskiler/2002/11/20021107.htm#1
2002-11-07,— Türkiye Gübre Sanayii A.Ş. Genel Müdürlüğü Teftiş Kurulu Yönetmeliğinin 2 nci Maddesinde Değişiklik Yapılmasına Dair Yönetmelik,https://www.resmigazete.gov.tr/eskiler/2002/11/20021107.htm#2
2002-11-07,— Hiperbarik Oksijen Tedavisi Uygulan an Özel Sağlık Kuruluşları Hakkında Yönetmelikte Değişiklik Yapılmasına İlişkin Yönetmelik,https://www.resmigazete.gov.tr/eskiler/2002/11/20021107.htm#3
2002-11-07,— Tarımda Kullanılan Kimyevi Gübrelere Dair Yönetmeliğin Eklerinde Değişiklik Yapılması Hakkında Yönetmelik,https://www.resmigazete.gov.tr/eskiler/2002/11/20021107.htm#4
2002-11-07,— İstanbul Teknik Üniversitesi Türk Musikisi Devlet Konservatuvarı Lisans Eğitim ve Öğretim Yönetmeliği,https://www.resmigazete.gov.tr/eskiler/2002/11/20021107.htm#5
2002-11-07,— Kastamonu Valiliği Mahalli Çevre Kurulu Kararı (No : 7),https://www.resmigazete.gov.tr/eskiler/2002/11/20021107.htm#6
2002-11-08,"— Turizm Bakanlığına, Çalışma ve Sosyal Güvenlik Bakanı Nejat ARSEVEN’in Vekâlet Etmesine Dair Tezkere",https://www.resmigazete.gov.tr/eskiler/2002/11/20021108.htm#1
2002-11-08,— Hükümlü Aydan ODABAŞ'ın Cezasının Kaldırılması Hakkında Karar (No: 2002/82),https://www.resmigazete.gov.tr/eskiler/2002/11/20021108.htm#6
2002-11-08,"— Maliye Bakanlığı Araştırma, Planlama ve Koordinasyon Kurulu Başkanlığı Maliye Uzmanlığı Görev ve Çalışma Yönetmeliğinde Değişiklik Yapılmasına Dair Yönetmelik",https://www.resmigazete.gov.tr/eskiler/2002/11/20021108.htm#2
2002-11-08,— Radyo ve Televizyon Üst Kurulu Personel Yönetmeliği,https://www.resmigazete.gov.tr/eskiler/2002/11/20021108.htm#3
2002-11-08,— İhracat 96/31 Sayılı İhracatı Yasak ve Ön İzne Bağlı Mallara İlişkin Tebliğ’de Değişiklik Yapılmasına Dair Tebliğ (İhracat : 2002/9),https://www.resmigazete.gov.tr/eskiler/2002/11/20021108.htm#4
2002-11-08,DÜZELTME (İçişleri Bakanlığı Sicil ve Disiplin Amirleri Yönetmelik ile İlgili),https://www.resmigazete.gov.tr/eskiler/2002/11/20021108.htm#5
2002-11-09,Hükümlü Ahmet KAYA’nın Cezasının Kaldırılması Hakkında Karar (No : 2002/83),https://www.resmigazete.gov.tr/eskiler/2002/11/20021109.htm#1
2002-11-09,"Nükleer Güvenlik Serisi Dokümanlarının Hazırlanması, Kabulü, Yürürlüğe Girmesi ve Değiştirilmesine İlişkin Yönetmelik",https://www.resmigazete.gov.tr/eskiler/2002/11/20021109.htm#2
2002-11-09,— Milli Kütüphane Kullanıcı Hizmetleri Yönetmeliği,https://www.resmigazete.gov.tr/eskiler/2002/11/20021109.htm#3
2002-11-09,"Anayasa Mahkemesinin E: 2001/377 (4708 Sayılı Kanun ile İlgili), K: 2002/59 Sayılı Kararı",https://www.resmigazete.gov.tr/eskiler/2002/11/20021109.htm#4
2002-11-09,"Anayasa Mahkemesinin E: 2002/116 (491 Sayılı KHK ile İlgi li), K: 2002/67 Sayılı Kararı",https://www.resmigazete.gov.tr/eskiler/2002/11/20021109.htm#5
2002-11-10,— Mersin Üniversitesi Gülnar Meslek Yü ksekokulu Öğrenci Yurdu Yönetmeliği,https://www.resmigazete.gov.tr/eskiler/2002/11/20021110.htm#1
2002-11-10,— Sabancı Üniversitesi Lisansüstü Öğrenimi Yönetmeliği,https://www.resmigazete.gov.tr/eskiler/2002/11/20021110.htm#2
2002-11-10,— Sabancı Üniversitesi Temel Geliştirme Yılı Yönetmeliği,https://www.resmigazete.gov.tr/eskiler/2002/11/20021110.htm#3
2002-11-10,— Mali Suçları Araştırma Kurulu Genel Tebliği (Sıra No: 4),https://www.resmigazete.gov.tr/eskiler/2002/11/20021110.htm#4
2002-11-10,— 3 Kasım 2002 Pazar Günü Yapılan 22 nci Dönem Milletvekili Genel Seçimine Katılmaya Hak Kazanan Siyasi Partiler Tarafından Gösterilmiş Olan Adaylarla Seçime Bağımsız Olarak Katılmak Üzere Başvurmuş Olan Adaylara İlişkin “Kesin Aday Listeleri” Hakkında Karar,https://www.resmigazete.gov.tr/eskiler/2002/11/20021110.htm#5
2002-11-11,— İstanbul Bilgi Üniversitesi Kredili Sistem Lisans ve Önlisans Öğretim ve Sınav Yönetmeliği,https://www.resmigazete.gov.tr/eskiler/2002/11/20021111.htm#1
2002-11-11,— Muğla Üniversitesi Atatürk İlkeleri ve İnkılâp Tarihi Araştırma ve Uygulama Merkezi Yönetmeliği,https://www.resmigazete.gov.tr/eskiler/2002/11/20021111.htm#2
2002-11-11,— Sabancı Üniversitesi Lisans Öğrenimi Yönetmeliği,https://www.resmigazete.gov.tr/eskiler/2002/11/20021111.htm#3
2002-11-11,"— Yargıtay İçtihatları Birleştirme Hukuk Genel Kurulu Kararı (Esas No: 2000/2, Karar No: 2002/1)",https://www.resmigazete.gov.tr/eskiler/2002/11/20021111.htm#4
2002-11-12,2002/4889 Bazı Alanların Teknoloji Geliştirme Bölgesi Olarak Tespit Edilmesine İlişkin Karar,https://www.resmigazete.gov.tr/eskiler/2002/11/20021112.htm#1
2002-11-12,— Muhasebat Genel Müdürlüğü Devlet Muhasebe Uzmanları Görev ve Çalışma Yönetmeliğinde Değişiklik Yapılmasına Dair Yönetmelik,https://www.resmigazete.gov.tr/eskiler/2002/11/20021112.htm#2
2002-11-12,— Muhasebat Genel Müdürlüğü Muhasebe Denetmenleri Görev ve Çalışma Yönetmeliğinde Değişiklik Yapılmasına Dair Yönetmelik,https://www.resmigazete.gov.tr/eskiler/2002/11/20021112.htm#3
2002-11-12,— Muğla Üniversitesi Fonetik Araştırma ve Uygulama Merkezi Yönetmeliği,https://www.resmigazete.gov.tr/eskiler/2002/11/20021112.htm#4
2002-11-13,"Milli Savunma Bakanlığına, Devlet Bakanı Prof. Dr. Ramazan MİRZAOĞLU’nun Vekâlet Etmesine Dair Tezkere",https://www.resmigazete.gov.tr/eskiler/2002/11/20021113.htm#1
2002-11-13,Yükseköğretim Kurulu Üyeliğine Prof. Dr. Ali Ekrem ÖZKUL'un Seçilmesine Dair Karar,https://www.resmigazete.gov.tr/eskiler/2002/11/20021113.htm#2
2002-11-13,Milli Savunma Bakanlığına Ait Bir Adet Atama Kararı,https://www.resmigazete.gov.tr/eskiler/2002/11/20021113.htm#3
2002-11-13,Sınır Tespitine Dair Bir Adet Karar,https://www.resmigazete.gov.tr/eskiler/2002/11/20021113.htm#4
2002-11-13,— Eti Elektrometalurji A.Ş. Genel Müdürlüğü Memurları Disiplin Kurulları ve Disiplin Amirleri Yönetmeliği,https://www.resmigazete.gov.tr/eskiler/2002/11/20021113.htm#5
2002-11-13,— Eti Elektrometalurji A.Ş. Genel Müdürlüğü Sözleşmeli Personel Disiplin Kurulları ve Disiplin Amirleri Yönetmeliği,https://www.resmigazete.gov.tr/eskiler/2002/11/20021113.htm#6
2002-11-13,— Eti Elektrometalurji A.Ş. Genel Müdürlüğü Sicil Raporu Vermeye Yetkili Amirler Yönetmeliği,https://www.resmigazete.gov.tr/eskiler/2002/11/20021113.htm#7
2002-11-13,Elektrik İşleri Etüd İdaresi Genel Müdürlüğü Personeli Atama ve Görevde Yükselme Yönetmeliğinde Değişiklik Yapılmasına Dair Yönetmelik,https://www.resmigazete.gov.tr/eskiler/2002/11/20021113.htm#8
2002-11-13,— Türkiye Petrolleri A.O. Kapsam Dışı Personel Yönetmeliğinde Değişiklik Yapılması Hakkında Yönetmelik,https://www.resmigazete.gov.tr/eskiler/2002/11/20021113.htm#9
2002-11-13,— Elektrik Üretim A.Ş. Genel Müdürlüğü Kadrolu Personel Sicil Amirleri Yönetmeliği,https://www.resmigazete.gov.tr/eskiler/2002/11/20021113.htm#10
2002-11-13,— Elektrik Üretim A.Ş. Genel Müdürlüğü Sözleşmeli Personel Sicil Amirleri Yönetmeliği,https://www.resmigazete.gov.tr/eskiler/2002/11/20021113.htm#11
2002-11-13,Fırat Üniversitesi Eğitim-Öğretim ve Sınav Yönetmeliğinin 18 inci Maddesinde Değişiklik Yapılmasına Dair Yönetmelik,https://www.resmigazete.gov.tr/eskiler/2002/11/20021113.htm#12
2002-11-13,— Sakarya Üniv ersitesi Lisansüstü Eğitim ve Öğretim Yönetmeliğinin 4 üncü Maddesinde Değişiklik Yapılması Hakkında Yönetmelik,https://www.resmigazete.gov.tr/eskiler/2002/11/20021113.htm#13
2002-11-13,— Özelleştirme İdaresi Başkanlığının 2002/ÖİB-K-17 Sayılı Kararı,https://www.resmigazete.gov.tr/eskiler/2002/11/20021113.htm#14
2002-11-13,— Çekle Ödemelerin Düzenlenmesi ve Çek Hamillerinin Korunması Hakkında 3167 Sayılı Kanun’a İlişkin Tebliğ (Sıra No: 8),https://www.resmigazete.gov.tr/eskiler/2002/11/20021113.htm#15
2002-11-13,"— Anayasa Mahkemesinin E: 2001/343 (1479 Sayılı Kanunda Değişiklik Yapan 3396 Sayılı Yasa ile İlgili), K: 2002/41 Sayılı Kararı",https://www.resmigazete.gov.tr/eskiler/2002/11/20021113.htm#16
2002-11-14,"— Devlet Bakanı Tayyibe GÜLEK’e, Devlet Bakanı M. Zeki SEZER’in Vekâlet Etmesine Dair Tezkere",https://www.resmigazete.gov.tr/eskiler/2002/11/20021114.htm#1
2002-11-14,2002/4727 2002-2003 Öğretim Yılında Yükseköğretim Kurumlarında Cari Hizmet Maliyetlerine Öğrenci Katkısı Olarak Alınacak Katkı Payları ile İkinci Öğretim Ücretlerinin Tespitine Dair Esasların Yürürlüğe Konulması Hakkında Karar,https://www.resmigazete.gov.tr/eskiler/2002/11/20021114.htm#25
2002-11-14,2002/4850 Türk Telekomünikasyon A.Ş. Genel Müdürlüğü'ne Ait Kadro Kararı,https://www.resmigazete.gov.tr/eskiler/2002/11/20021114.htm#2
2002-11-14,2002/4888 Yüksek Öğretim Kurumları Öğretim Elemanlarına Ait Kadro Kararı,https://www.resmigazete.gov.tr/eskiler/2002/11/20021114.htm#26
2002-11-14,— Milli Piyango İdaresi Genel Müdürlüğü Teftiş Kurulu Yönetmeliğinde Değişiklik Yapılmasına Dair Yönetmelik,https://www.resmigazete.gov.tr/eskiler/2002/11/20021114.htm#3
2002-11-14,— Eti Elektrometalurji A.Ş. Genel Müdürlüğü Personel Görevde Yükselme Yönetmeliği,https://www.resmigazete.gov.tr/eskiler/2002/11/20021114.htm#4
2002-11-14,— Eti Elektrometalurji A.Ş. Genel Müdürlüğü Sözleşmeli Personel Sicil ve Başarı Değerlemesi Raporu Vermeye Yetkili Amirler Yönetmeliği,https://www.resmigazete.gov.tr/eskiler/2002/11/20021114.htm#5
2002-11-14,— Maliye Bakanlığı Tasfiye Kontrolörleri Görev ve Çalışma Yönetmeliğinde Değişiklik Yapılmasına Dair Yönetmelik,https://www.resmigazete.gov.tr/eskiler/2002/11/20021114.htm#6
2002-11-14,"— Maliye Bakanlığı Gelirler Genel Müdürlüğü Vergi İstihbarat Uzmanlığı Görev, Yetki, Çalışma ve Atama Yönetmeliğinde Değişiklik Yapılmasına Dair Yönetmelik",https://www.resmigazete.gov.tr/eskiler/2002/11/20021114.htm#7
2002-11-14,"— Maliye Bakanlığı Gelirler Genel Müdürlüğü Vergi Denetmenleri Görev, Yetki, Çalışma ve Atama Yönetmeliğinde Değişiklik Yapılmasına Dair Yönetmelik",https://www.resmigazete.gov.tr/eskiler/2002/11/20021114.htm#8
2002-11-14,— Göçmen İşçi Çocuklarının Eğitimine İlişkinY önetmelik,https://www.resmigazete.gov.tr/eskiler/2002/11/20021114.htm#9
2002-11-14,— Su Ürünleri Yönetmeliğinde Değişiklik Yapılmasına Dair Yönetmelik,https://www.resmigazete.gov.tr/eskiler/2002/11/20021114.htm#10
2002-11-14,"— İki veya Üç Tekerlekli Motorlu Araçların Kumandaları, İkazları ve Göstergelerinin Tanıtımı ile İlgili Tip Onayı Yönetmeliği (93/29/AT)",https://www.resmigazete.gov.tr/eskiler/2002/11/20021114.htm#11
2002-11-14,— İki Tekerlekli Motorlu Araçların Park Ayakları ile İlgili Tip Onayı Yönetmeliği (93/31/AT),https://www.resmigazete.gov.tr/eskiler/2002/11/20021114.htm#12
2002-11-14,— İki veya Üç Tekerlekli Motorlu Araçların Yetkisiz Kullanımını Önlemek Amacıyla Tasarlanmış Koruyucu Tertibatlar ile İlgili Tip Onayı Yönetmeliği (93/33/AT),https://www.resmigazete.gov.tr/eskiler/2002/11/20021114.htm#13
2002-11-14,— İki veya Üç Tekerlekli Motorlu Araçların Arka Tescil Plakasının Takılma Yeri ile İlgili Tip Onayı Yönetmeliği,https://www.resmigazete.gov.tr/eskiler/2002/11/20021114.htm#14
2002-11-14,(93/94/AT),https://www.resmigazete.gov.tr/eskiler/2002/11/20021114.htm#13
2002-11-14,— Kayıt ve Tescil Usul ve Esasları Hakkında Yönetmelik,https://www.resmigazete.gov.tr/eskiler/2002/11/20021114.htm#15
2002-11-14,— Elektrik Piyasası Lisans Yönetmeliğinde Değişiklik Yapılmasına İlişkin Yönetmelik,https://www.resmigazete.gov.tr/eskiler/2002/11/20021114.htm#16
2002-11-14,— Türk Parası Kıymetini Koruma Hakkında 32 Sayılı Karar ile Başbakanlık Hazine Müsteşarlığı’nın 91-32/5 Sayılı Tebliğine İlişkin Türkiye Cumhuriyet Merkez Bankası Genelgesi (Sayı: 2002/5),https://www.resmigazete.gov.tr/eskiler/2002/11/20021114.htm#17
2002-11-14,— 2003 Yılı Fuar Takvimi (No: İTG-2002/6),https://www.resmigazete.gov.tr/eskiler/2002/11/20021114.htm#18
2002-11-14,— 2002 Yılı Ekim Ayına Ait Dahilde İşleme İzin Belgelerinin Sektörel Dağılımı Hakkında Tebliğ,https://www.resmigazete.gov.tr/eskiler/2002/11/20021114.htm#19
2002-11-14,— 2002 Yılı Ekim Ayına Ait Yurt İçi Satış Teslimler ile İlgili Belgelerin Sektörel Dağılımı Hakkında Tebliğ,https://www.resmigazete.gov.tr/eskiler/2002/11/20021114.htm#20
2002-11-14,— 2002 Yılı Ekim Ayına Ait Hariçte İşleme İzin Belgelerinin Sektörel Dağılımı Hakkında Tebliğ,https://www.resmigazete.gov.tr/eskiler/2002/11/20021114.htm#21
2002-11-14,— 2002 Yılı Ekim Ayına Ait Vergi Resim ve Harç İstisnası Belgelerinin Sektörel Dağılımı Hakkında Tebliğ,https://www.resmigazete.gov.tr/eskiler/2002/11/20021114.htm#22
2002-11-14,— İzmir Valiliği Mahalli Çevre Kurulu Kararı (No: 168/2002/08),https://www.resmigazete.gov.tr/eskiler/2002/11/20021114.htm#23
2002-11-14,"— Anayasa Mahkemesinin E: 1997/26(765 Sayılı Kanun ile İlgili), K: 1998/10 Sayılı Kararı",https://www.resmigazete.gov.tr/eskiler/2002/11/20021114.htm#24
2002-11-15,— Cumhurbaşkanlığına Ait Onüç Adet Atama Kararı,https://www.resmigazete.gov.tr/eskiler/2002/11/20021115.htm#1
2002-11-15,— Devlet Planlama Teşkilatı Müsteşarlığı Arşiv Hizmetleri Yönetmeliğinde Değişiklik Yapılması Hakkında Yönetmelik,https://www.resmigazete.gov.tr/eskiler/2002/11/20021115.htm#2
2002-11-15,Gıdaların Üretimi Tüketimi ve Denetlenmesine Dair Yönetmelikte Değişiklik Yapılmasına Dair Yönetmelik,https://www.resmigazete.gov.tr/eskiler/2002/11/20021115.htm#3
2002-11-15,"— Suni Tohumlama,Tabii Tohumlama, Ovum ve Embriyo Transferi Faaliyetlerinin Usul ve Esasları Hakkında Yönetmelik",https://www.resmigazete.gov.tr/eskiler/2002/11/20021115.htm#4
2002-11-15,— Yurt İçinde Fuar Düzenlenmesine Dair Yönetmeliğin 16 ncı Maddesinin Değiştirilmesine Dair Yönetmelik,https://www.resmigazete.gov.tr/eskiler/2002/11/20021115.htm#5
2002-11-15,— Serbest Muhasebeci ve Serbest Muhasebeci Mali Müşavirlerin Kaşe Kullanma Usul ve Esasları Hakkında Yönetmelik,https://www.resmigazete.gov.tr/eskiler/2002/11/20021115.htm#6
2002-11-15,— Türk Patent Enstitüsü Başkanlığı Uzman ve Uzman Yardımcılığı Sınav Yönetmeliğinin 3 ve 7 nci Maddelerinde Değişiklik Yapılması Hakkında Yönetmelik,https://www.resmigazete.gov.tr/eskiler/2002/11/20021115.htm#7
2002-11-15,"— Anayasa Mahkemesinin (E: 1997/61), (K:1998/59) Sayılı Kararı",https://www.resmigazete.gov.tr/eskiler/2002/11/20021115.htm#8
2002-11-16,"2002/4896 Birleşmiş Milletler Güvenlik Konseyi’nin, Terör Örgütlerinin ve Terörizmi Finanse Eden Kişi ve Kuruluşların Mal Varlıklarının Dondurulmasına İlişkin Kararlarının Uygulanması Hakkındaki 2001/3483 Sayılı Bakanlar Kurulu Kararının Ekinde Yapılan Bazı İlave ve Eksiltmeler Hakkında Karar",https://www.resmigazete.gov.tr/eskiler/2002/11/20021116.htm#1
2002-11-16,— İki Tekerlekli Motorlu Araçların Yolcu El Tutamakları ile İlgili Tip Onayı Yönetmeliği (93/32/AT),https://www.resmigazete.gov.tr/eskiler/2002/11/20021116.htm#2
2002-11-16,— İki veya Üç Tekerlekli Motorlu Araçlar İçin Zorunlu İşaretlemeler ile İlgili Tip Onayı Yönetmeliği (93/34/AT),https://www.resmigazete.gov.tr/eskiler/2002/11/20021116.htm#3
2002-11-17,"Bakanlar Kurulu'nun Yeniden Kurulması İçin, Türkiye Cumhuriyeti Anayasası'nın 109. Maddesi Uyarınca, Kayseri Milletvekili Sayın Abdullah GÜL'ün Görevlendirilmesine Dair Tezkere",https://www.resmigazete.gov.tr/eskiler/2002/11/20021117.htm#9
2002-11-17,2002/4854 Tır Karneleri Himayesinde Uluslararası Eşya Taşınmasına Dair Gümrük Sözleşmesi’nin Değişikliklerinin Onaylanması Hakkında Karar,https://www.resmigazete.gov.tr/eskiler/2002/11/20021117.htm#1
2002-11-17,Hükümlü Cenk BOZBAŞ'ın Cezasının Kaldırılması Hakkında Karar (No: 2002/98),https://www.resmigazete.gov.tr/eskiler/2002/11/20021117.htm#7
2002-11-17,Hükümlü Petek TÜRKMEN'in Cezasının Kaldırılması Hakkında Karar (No: 2002/99),https://www.resmigazete.gov.tr/eskiler/2002/11/20021117.htm#8
2002-11-17,Milli Savunma ve Milli Eğitim Bakanlığına Ait İki Adet Atama Kararı,https://www.resmigazete.gov.tr/eskiler/2002/11/20021117.htm#10
2002-11-17,Sınır Tespitine Ait Bir Adet Karar,https://www.resmigazete.gov.tr/eskiler/2002/11/20021117.htm#11
2002-11-17,— İki veya Üç Tekerlekli Motorlu Araçların Hız Ölçerleri ile İlgili Tip Onayı Yönetmeliği (2000/7/AT),https://www.resmigazete.gov.tr/eskiler/2002/11/20021117.htm#2
2002-11-17,— Rekabet Kurulunun 01-29/285-85 Sayılı Kararı,https://www.resmigazete.gov.tr/eskiler/2002/11/20021117.htm#3
2002-11-17,— Rekabet Kurulunun 01-40/402-104 Sayılı Kararı,https://www.resmigazete.gov.tr/eskiler/2002/11/20021117.htm#4
2002-11-17,— Rekabet Kurulunun 01-58/603-158 Sayılı Kararı,https://www.resmigazete.gov.tr/eskiler/2002/11/20021117.htm#5
2002-11-17,— Rekabet Kurulunun 01-58/605-160 Sayılı Kararı,https://www.resmigazete.gov.tr/eskiler/2002/11/20021117.htm#6
2002-11-18,"2002/4871 Türkiye Cumhuriyeti Hükümeti ile Sri Lanka Demokratik Sosyalist Cumhuriyeti Hükümeti Arasında İmzalanan, Ekonomik ve Teknik İşbirliği Anlaşması’nın Onaylanması Hakkında Karar",https://www.resmigazete.gov.tr/eskiler/2002/11/20021118.htm#1
2002-11-18,— Orta Doğu Teknik Üniversitesi Öğrenci Sağlık İşleri ve Sağlık Raporları Yönetmeliği,https://www.resmigazete.gov.tr/eskiler/2002/11/20021118.htm#2
2002-11-18,— Yargıtay 14. Hukuk Dairesine Ait 2 Adet Karar,https://www.resmigazete.gov.tr/eskiler/2002/11/20021118.htm#3
2002-11-19,Bakanlar Kurulu'nun Atanmasına Dair Başbakanlık ve Cumhurbaşkanlığı Tezkereleri İle Onaylanan Bakanlar Kurulu Listesi,https://www.resmigazete.gov.tr/eskiler/2002/11/20021119.htm#1
2002-11-19,2002/4883 Türkiye-Azerbaycan Kara Ulaştırması Karma Komisyonu Toplantısı Protokolü’nün Onaylanması Hakkında Karar,https://www.resmigazete.gov.tr/eskiler/2002/11/20021119.htm#2
2002-11-19,— Hakimler ve Savcılar Yüksek Kuruluna Ait Atama Kararı,https://www.resmigazete.gov.tr/eskiler/2002/11/20021119.htm#3
2002-11-19,"2002/4910 Tütün, Tütün Mamulleri ve Alkollü İçkiler Piyasası Düzenleme Kurumu Teşkilatı, Çalışma Usul ve Esasları ile Personelinin Mali ve Sosyal Hakları Hakkında Yönetmelik",https://www.resmigazete.gov.tr/eskiler/2002/11/20021119.htm#4
2002-11-19,— Mali Suçları Araştırma Kurulu Mali Suçları Araştırma Uzmanları Görev ve Çalışma Yönetmeliğinde Değişiklik Yapılmasına Dair Yönetmelik,https://www.resmigazete.gov.tr/eskiler/2002/11/20021119.htm#5
2002-11-19,— Maliye Bakanlığı Muhasebat Kontrolörleri Görev ve Çalışma Yönetmeliğinde Değişiklik Yapılmasına Dair Yönetmelik,https://www.resmigazete.gov.tr/eskiler/2002/11/20021119.htm#6
2002-11-19,"— Maliye Bakanlığı Muhasebat Genel Müdürlüğü Muhasebe Uzmanlığı Görev, Çalışma ve Atama Yönetmeliğinde Değişiklik Yapılmasına Dair Yönetmelik",https://www.resmigazete.gov.tr/eskiler/2002/11/20021119.htm#7
2002-11-19,— Öğretmenler Günü Kutlama Yönetmeliğinde Değişiklik Yapılmasına Dair Yönetmelik,https://www.resmigazete.gov.tr/eskiler/2002/11/20021119.htm#8
2002-11-19,"— Anadolu Üniversitesi Bitki, İlaç ve Bilimsel Araştırmalar Merkezi (AÜBİBAM) Yönetmeliği",https://www.resmigazete.gov.tr/eskiler/2002/11/20021119.htm#9
2002-11-19,— Çanakkale Onsekiz Mart Üniversitesi Önlisans-Lisans Eğitim-Öğretim ve Sınav Yönetmeliğinin 6 ncı Maddesinde Değişiklik Yapılmasına Dair Yönetmelik,https://www.resmigazete.gov.tr/eskiler/2002/11/20021119.htm#10
2002-11-19,— Doğal Çiçek Soğanlarının 2003 Yılı İhracat Listesi Hakkında Tebliğ (No: 2002/67),https://www.resmigazete.gov.tr/eskiler/2002/11/20021119.htm#11
2002-11-19,(Elektrik Piyasası Lisans Yönetmeliğinde Değişiklik Yapılmasına İlişkin Yönetmelik ile İlgili),https://www.resmigazete.gov.tr/eskiler/2002/11/20021119.htm#12
2002-11-20,"— Dışişleri Bakanlığına, Milli Savunma Bakanı Vecdi GÖNÜL’ün Vekâlet Etmesine Dair Tezkere",https://www.resmigazete.gov.tr/eskiler/2002/11/20021120.htm#1
2002-11-20,— Başbakanlık Müsteşarı Dr. Füsun KOROĞLU’nun Görevinden Alınması ve Yerine Fikret Nesip ÜÇCAN’ın Atanmasına Dair Karar,https://www.resmigazete.gov.tr/eskiler/2002/11/20021120.htm#2
2002-11-20,— İki veya Üç Tekerlekli Motorlu Araçlara Aydınlatma ve Işıklı Sinyal Cihazlarının Yerleştirilmesi ile İlgili Tip Onayı Yönetmeliği (93/92/AT),https://www.resmigazete.gov.tr/eskiler/2002/11/20021120.htm#3
2002-11-20,— Hizmet Alımı İhaleleri Uygulama Yönetmeliği,https://www.resmigazete.gov.tr/eskiler/2002/11/20021120.htm#4
2002-11-20,— Mal Alımı İhaleleri Uygulama Yönetmeliği,https://www.resmigazete.gov.tr/eskiler/2002/11/20021120.htm#5
2002-11-20,— Yapım İşleri İhaleleri Uygulama Yönetmeliği,https://www.resmigazete.gov.tr/eskiler/2002/11/20021120.htm#6
2002-11-20,— Enerji Piyasası Düzenleme Kurumuna Ait Tebliğ,https://www.resmigazete.gov.tr/eskiler/2002/11/20021120.htm#7
2002-11-21,"— Özürlüler İdaresi Başkanlığı Özürlüler Uzman Yardımcısı ve Özürlüler Uzmanı Sınavı, Yetiştirilmeleri, Görev ve Sorumlulukları Hakkında Yönetmelikte Değişiklik Yapılmasına Dair Yönetmelik",https://www.resmigazete.gov.tr/eskiler/2002/11/20021121.htm#1
2002-11-21,— Maliye Bakanlığı Devlet Bütçe Uzmanları Görev ve Çalışma Yönetmeliğinin Ek 1 inci Maddesinin Değiştirilmesine Dair Yönetmelik,https://www.resmigazete.gov.tr/eskiler/2002/11/20021121.htm#2
2002-11-21,— Maliye Bakanlığı Milli Emlak Kontrolörleri Yönetmeliğinde Değişiklik Yapılmasına Dair Yönetmelik,https://www.resmigazete.gov.tr/eskiler/2002/11/20021121.htm#3
2002-11-21,"— Maliye Bakanlığı Milli Emlak Genel Müdürlüğü Devlet Malları Uzmanlığı Görev, Çalışma ve Atama Yönetmeliğinde Değişiklik Yapılmasına Dair Yönetmelik",https://www.resmigazete.gov.tr/eskiler/2002/11/20021121.htm#4
2002-11-21,— Zirai Karantina Numune Alma Yönetmeliğinin 16 ncı Maddesinde Değişiklik Yapılmasına Dair Yönetmelik,https://www.resmigazete.gov.tr/eskiler/2002/11/20021121.htm#5
2002-11-21,— Bağ-Kur Sağlık Sigortası Yardımları Yönetmeliğinde Değişiklik Yapılmasına Dair Yönetmelik,https://www.resmigazete.gov.tr/eskiler/2002/11/20021121.htm#6
2002-11-21,— Gelibolu Yarımadası Tarihi Milli Parkındaki Yapıların Denetimi ve Yıkılması ile İzin ve İrtifak Hakkı Uygulamaları Yönetmeliği,https://www.resmigazete.gov.tr/eskiler/2002/11/20021121.htm#7
2002-11-21,— Boğaziçi Üniversitesi İnsani Gelişme Uygulama ve Araştırma Merkezi (Human Development Research Center) Yönetmeliği,https://www.resmigazete.gov.tr/eskiler/2002/11/20021121.htm#8
2002-11-21,Gaziantep Üniversitesi Lisans Eğitim-Öğretim Süresi ile Sınav ve Değerlendirme Esaslarına İlişkin Yönetmeliğin 4 üncü ve 7 nci Maddelerinin Değiştirilmesine ve Yönetmeliğe Geçici Bir Madde Eklenmesine Dair Yönetmelik,https://www.resmigazete.gov.tr/eskiler/2002/11/20021121.htm#9
2002-11-21,— Gaziantep Üni versitesi Öğrenci Kayıt Kabul İşleri Yönetmeliğinin 5 inci Maddesinin Değiştirilmesine Dair Yönetmelik,https://www.resmigazete.gov.tr/eskiler/2002/11/20021121.htm#10
2002-11-21,"— Gaziantep Üniversitesi Türk Musikisi Devlet Konservatuvarı (TMDK) Lisans Eğitim-Öğretim, Sınav ve Değerlendirme Esaslarına İlişkin Yönetmeliğin Yürürlükten Kaldırılmasına Dair Yönetmelik",https://www.resmigazete.gov.tr/eskiler/2002/11/20021121.htm#11
2002-11-21,"Gaziantep Üniversitesi Beden Eğitimi ve Spor Yüksekokulu Lisans Eğitim-Öğretim, Sınav ve Değerlendirme Yönetmeliğinin Yürürlükten Kaldırılmasına Dair Yönetmelik",https://www.resmigazete.gov.tr/eskiler/2002/11/20021121.htm#12
2002-11-21,— Trakya Üniversitesi Lisansüstü Eğitim-Öğretim Yönetmeliğinin 14 üncü Maddesinde Değişiklik Yapılmasına Dair Yönetmelik,https://www.resmigazete.gov.tr/eskiler/2002/11/20021121.htm#13
2002-11-21,Başbakanlığın Kamu Yatırımları ile İlgili Genelgesi (2002/52),https://www.resmigazete.gov.tr/eskiler/2002/11/20021121.htm#18
2002-11-21,— İthalinde Tek Taraflı Kontrol Sistemi Kapsamında Kota Uygulanan Tekstil Ürünlerine Ait Kotaların Birinci Bölümünün Dağıtım ve Yönetimine İlişkin Tebliğ (2002/9),https://www.resmigazete.gov.tr/eskiler/2002/11/20021121.htm#14
2002-11-21,Karayolları Motorlu Araçlar Mali Sorumluluk Sigortası Branşının Tesisi Hakkında Tebliğ,https://www.resmigazete.gov.tr/eskiler/2002/11/20021121.htm#15
2002-11-21,Uluslararası Gözetim Şirketleri Statüsüne İlişkin Karar (Dış Ticarette Standardizasyon: 2002/12),https://www.resmigazete.gov.tr/eskiler/2002/11/20021121.htm#16
2002-11-21,(Bartın Valiliği Mahalli Çevre Kurulunun 42 sayılı Kararı ile İlgili),https://www.resmigazete.gov.tr/eskiler/2002/11/20021121.htm#17
2002-11-22,2002/4879 Türk-Slovak Karma Ekonomik Komisyonu İkinci Dönem Toplantısı Protokolu’nun Onaylanması Hakkında Karar,https://www.resmigazete.gov.tr/eskiler/2002/11/20021122.htm#1
2002-11-22,"2002/4903 Türkiye-Gine Ticaret,Ekonomik ve Teknik İşbirliği Karma Komisyonu I. Dönem Toplantısı Tutanağı’nın Onaylanması Hakkında Karar",https://www.resmigazete.gov.tr/eskiler/2002/11/20021122.htm#2
2002-11-22,"— Devlet Bakanı Ali BABACAN’a, Devlet Bakanı ve Başbakan Yardımcısı Doç. Dr. Abdüllatif ŞENER’in Vekâlet Etmesine Dair Tezkere",https://www.resmigazete.gov.tr/eskiler/2002/11/20021122.htm#3
2002-11-22,— PTT Teftiş Kurulu Yönetmeliğinde Değişiklik Yapılmasına Dair Yönetmelik,https://www.resmigazete.gov.tr/eskiler/2002/11/20021122.htm#4
2002-11-22,— İki veya Üç Tekerlekli Motorlu Araçların Frenleri ile İlgili Tip Onayı Yönetmeliği (93/14/AT),https://www.resmigazete.gov.tr/eskiler/2002/11/20021122.htm#5
2002-11-22,— İki veya Üç Tekerlekli Motorlu Araçların Sesli İkaz Cihazları ile İlgili Tip Onayı Yönetmeliği (93/30/AT),https://www.resmigazete.gov.tr/eskiler/2002/11/20021122.htm#6
2002-11-22,— İki veya Üç Tekerlekli Motorlu Araçların Kütleleri ve Boyutları ile İlgili Tip Onayı Yönetmeliği (93/93/AT),https://www.resmigazete.gov.tr/eskiler/2002/11/20021122.htm#7
2002-11-22,"— İki veya Üç Tekerlekli Motorlu Araçların Azami Tasarım Hızı, Azami Torku ve Azami Net Motor Gücü ile İlgili Tip Onayı Yönetmeliği (95/1/AT)",https://www.resmigazete.gov.tr/eskiler/2002/11/20021122.htm#8
2002-11-22,— Mecburi Standard: SB-2002/02 Sayılı Tebliğ,https://www.resmigazete.gov.tr/eskiler/2002/11/20021122.htm#9
2002-11-22,— Mecburi Standard: SB-2002/04 Sayılı Tebliğ,https://www.resmigazete.gov.tr/eskiler/2002/11/20021122.htm#10
2002-11-22,— Mecburi Standard: SB-2002/05 Sayılı Tebliğ,https://www.resmigazete.gov.tr/eskiler/2002/11/20021122.htm#11
2002-11-22,— Mecburi Standard: SB-2002/07 Sayılı Tebliğ,https://www.resmigazete.gov.tr/eskiler/2002/11/20021122.htm#12
2002-11-22,— Mecburi Standard: SB-2002/08 Sayılı Tebliğ,https://www.resmigazete.gov.tr/eskiler/2002/11/20021122.htm#13
2002-11-22,— Mecburi Standard: SB-2002/09 Sayılı Tebliğ,https://www.resmigazete.gov.tr/eskiler/2002/11/20021122.htm#14
2002-11-22,— Mecburi Standard: SB-2002/10 Sayılı Tebliğ,https://www.resmigazete.gov.tr/eskiler/2002/11/20021122.htm#15
2002-11-22,— Tek Taraflı Kontrol Sistemi Kapsamında Gözetime Tabi Tekstil Ürünlerinin İthaline İlişkin 2002/3 Sayılı Tebliğde Değişiklik Yapılmasına Dair Tebliğ (No: 2002/8),https://www.resmigazete.gov.tr/eskiler/2002/11/20021122.htm#16
2002-11-22,— Rekabet Kurulunun 01-33/329-93 Sayılı Kararı,https://www.resmigazete.gov.tr/eskiler/2002/11/20021122.htm#17
2002-11-22,— Rekabet Kurulunun 01-37/365-97 Sayılı Kararı,https://www.resmigazete.gov.tr/eskiler/2002/11/20021122.htm#18
2002-11-22,— Rekabet Kurulunun 01-51/517-127 Sayılı Kararı,https://www.resmigazete.gov.tr/eskiler/2002/11/20021122.htm#19
2002-11-22,— Rekabet Kurulunun 01-59/629-166 Sayılı Kararı,https://www.resmigazete.gov.tr/eskiler/2002/11/20021122.htm#20
2002-11-22,— Rekabet Kurulunun 01-59/637-168 Sayılı Kararı,https://www.resmigazete.gov.tr/eskiler/2002/11/20021122.htm#21
2002-11-22,— Rekabet Kurulunun 02-26/269-108 Sayılı Kararı,https://www.resmigazete.gov.tr/eskiler/2002/11/20021122.htm#22
2002-11-22,— Rekabet Kurulunun 02-26/270-109 Sayılı Kararı,https://www.resmigazete.gov.tr/eskiler/2002/11/20021122.htm#23
2002-11-22,— Rekabet Kurulunun 02-39/432-182 Sayılı Kararı,https://www.resmigazete.gov.tr/eskiler/2002/11/20021122.htm#24
2002-11-22,— Basın İlan Kurumu Genel Kurulu Prensip Kararı,https://www.resmigazete.gov.tr/eskiler/2002/11/20021122.htm#25
2002-11-23,— Hâkimler ve Savcılar Yüksek Kuruluna Ait Karar (No: 520),https://www.resmigazete.gov.tr/eskiler/2002/11/20021123.htm#1
2002-11-23,— Sanayi ve Ticaret Bakanlığı Tüketici ve Rekabet Uzmanlığı Sınav ve Çalışma Esasları Yönetmeliğinde Değişiklik Yapılmasına Dair Yönetmelik,https://www.resmigazete.gov.tr/eskiler/2002/11/20021123.htm#2
2002-11-23,— Yargıtay 11. ve 14. Hukuk Dairelerine Ait 3 Adet Karar,https://www.resmigazete.gov.tr/eskiler/2002/11/20021123.htm#3
2002-11-24,"— Maliye Bakanlığı Gelirler Genel Müdürlüğü Devlet Gelir Uzmanlığı Görev, Çalışma ve Atama Yönetmeliğinde Değişiklik Yapılmasına Dair Yönetmelik",https://www.resmigazete.gov.tr/eskiler/2002/11/20021124.htm#1
2002-11-24,— Gazi Üniversitesi Sosyal Bilimler Enstitüsü Lisansüstü Eğitim-Öğretim ve Sınav Yönetmeliğinin 14 ve 16 ncı Maddelerinde Değişiklik Yapılmasına İlişkin Yönetmelik,https://www.resmigazete.gov.tr/eskiler/2002/11/20021124.htm#2
2002-11-24,— Balıkesir Valiliği İl Hıfzıssıhha Kurulu Kararı (No: 2002/12),https://www.resmigazete.gov.tr/eskiler/2002/11/20021124.htm#3
2002-11-24,— Mardin Valiliği M ahalli Çevre Kurulu Kararı (No: 2002/4),https://www.resmigazete.gov.tr/eskiler/2002/11/20021124.htm#4
2002-11-25,"— Osmangazi Üniversitesi Lisansüstü Eğitim,Öğretim ve Sınav Yönetmeliğinin 12 nci Maddesinde Değişiklik Yapılmasına Dair Yönetmelik",https://www.resmigazete.gov.tr/eskiler/2002/11/20021125.htm#1
2002-11-25,— Hatay Valiliği Mahalli Çevre Kurulu Kararı (No: 89),https://www.resmigazete.gov.tr/eskiler/2002/11/20021125.htm#2
2002-11-26,"Cumhurbaşkanlığına, Türkiye Büyük Millet Meclisi Başkanı Bülent ARINÇ'ın Vekâlet Etmesine Dair Tezkere",https://www.resmigazete.gov.tr/eskiler/2002/11/20021126.htm#1
2002-11-26,Danışmanlık Hizmet Alımı İhaleleri Uygulama Yönetmeliği,https://www.resmigazete.gov.tr/eskiler/2002/11/20021126.htm#2
2002-11-26,— Akdeniz Üniversi tesi Stratejik Araştırmalar Merkezi (AKSAM) Yönetmeliği,https://www.resmigazete.gov.tr/eskiler/2002/11/20021126.htm#3
2002-11-26,— İstanbul Teknik Üniversitesi Lisansüstü Eğitim ve Öğretim Yönetmeliğinin 15 inci Maddesinde Değişiklik Yapılmasına Dair Yönetmelik,https://www.resmigazete.gov.tr/eskiler/2002/11/20021126.htm#4
2002-11-26,— Mersin Üniversitesi Stratejik Araştırmalar Merkezi Yönetmeliği,https://www.resmigazete.gov.tr/eskiler/2002/11/20021126.htm#5
2002-11-26,Mimar Sinan Üniversitesi Ön Lisans ve Lisans Eğitim-Öğretim Yönetmeliği,https://www.resmigazete.gov.tr/eskiler/2002/11/20021126.htm#6
2002-11-26,— 2002 Yılı Ekim Ayına Ait Yatırım Teşvik Belgelerinin Sektörel Dağılımı Hakkında Tebliğ,https://www.resmigazete.gov.tr/eskiler/2002/11/20021126.htm#7
2002-11-26,— 2002 Yılı Ekim Ayına Ait Yabancı Sermayeli Yatırım Teşvik Belgelerinin Sektörel Dağılımı Hakkında Tebliğ,https://www.resmigazete.gov.tr/eskiler/2002/11/20021126.htm#8
2002-11-26,— Rekabet Kurulunun 99-36/368-235 Sayılı Kararı,https://www.resmigazete.gov.tr/eskiler/2002/11/20021126.htm#9
2002-11-26,— Rekabet Kurulunun 99-36/369-236 Sayılı Kararı,https://www.resmigazete.gov.tr/eskiler/2002/11/20021126.htm#10
2002-11-26,— Rekabet Kurulunun 00-18/179-97 Sayılı Kararı,https://www.resmigazete.gov.tr/eskiler/2002/11/20021126.htm#11
2002-11-26,— Rekabet Kurulunun 01-22/192-50 Sayılı Kararı,https://www.resmigazete.gov.tr/eskiler/2002/11/20021126.htm#12
2002-11-26,Uyuşmazlık Mahkemesine Ait 15 Adet Karar,https://www.resmigazete.gov.tr/eskiler/2002/11/20021126.htm#13
2002-11-27,— Kuruluşların Bağlı ve İlgili Oldukları Bakanlıkların Değiştirilmesi ile İlgili Tezkere,https://www.resmigazete.gov.tr/eskiler/2002/11/20021127.htm#1
2002-11-27,"— Milli Savunma Bakanlığına, İçişleri Bakanı Abdülkadir AKSU’nun Vekâlet Etmesine Dair Tezkere",https://www.resmigazete.gov.tr/eskiler/2002/11/20021127.htm#2
2002-11-27,— Devlet Bakanlığına Ait Bir Adet Atama Kararı,https://www.resmigazete.gov.tr/eskiler/2002/11/20021127.htm#3
2002-11-27,— İşkolu Tespit Kararı (No : 2002/16),https://www.resmigazete.gov.tr/eskiler/2002/11/20021127.htm#4
2002-11-27,— İşkolu Tespit Kararı (No : 2002/17),https://www.resmigazete.gov.tr/eskiler/2002/11/20021127.htm#5
2002-11-27,— Çin Halk Cumhuriyeti Menşeli Belirli Ürünlere Ait Kotaların Dağıtımına İlişkin Tebliğ (No : 2002/9),https://www.resmigazete.gov.tr/eskiler/2002/11/20021127.htm#6
2002-11-28,"— Milli Eğitim Bakanlığına, Maliye Bakanı Kemal UNAKITAN’ın Vekâlet Etme sine Dair Tezkere",https://www.resmigazete.gov.tr/eskiler/2002/11/20021128.htm#1
2002-11-28,— Elektrik Piyasasında Birden Fazla Piyasa Faaliyetini Sürdürmekte Olan Tüzel Kişilerin Mevcut Sözleşmelerinde Yapılacak Tadillere ve İletim Faaliyeti ile Vazgeçilen Faaliyetlerin Devrine İlişkin Yönetmelik,https://www.resmigazete.gov.tr/eskiler/2002/11/20021128.htm#2
2002-11-28,— Avukatlık Asgari Ücret Tarifesi Genel Hükümler,https://www.resmigazete.gov.tr/eskiler/2002/11/20021128.htm#3
2002-11-28,— 1412 Sayılı Ceza Muhakemeleri Usulü Kanunu Gereğince Yapılacak Hukuki Yardımlar İçin Avukatlık Ücret Tarifesi,https://www.resmigazete.gov.tr/eskiler/2002/11/20021128.htm#4
2002-11-28,"— Anayasa Mahkemesinin E: 1995/13 (2981 Sayılı Kanunda Değişiklik Yapan 3290 Sayılı Kanun ile İlgili), K: 1995/51 Sayılı Kararı",https://www.resmigazete.gov.tr/eskiler/2002/11/20021128.htm#5
2002-11-29,748 Bakanlar Kuruluna Güven Oylaması Hakkında Karar,https://www.resmigazete.gov.tr/eskiler/2002/11/20021129.htm#1
2002-11-29,"— Devlet Bakanı Kürşad TÜZMEN’e, Devlet Bakanı Prof. Dr. Mehmet AYDIN’ın Vekâlet Etmesine Dair Tezkere",https://www.resmigazete.gov.tr/eskiler/2002/11/20021129.htm#2
2002-11-29,— Enerji Piyasası Düzenleme Kurulu Kararı (No : 71),https://www.resmigazete.gov.tr/eskiler/2002/11/20021129.htm#3
2002-11-29,— Anayasa Mahkemesinin E : 2002/115 (4616 Sayılı Kanun ile İlgili) K : 2002/66 Sayılı Kararı,https://www.resmigazete.gov.tr/eskiler/2002/11/20021129.htm#4
2002-11-30,"Ulaştırma Bakanlığına, Enerji ve Tabii Kaynaklar Bakanı Dr. Hilmi GÜLER’in Vekâlet Etmesine Dair Tezkere",https://www.resmigazete.gov.tr/eskiler/2002/11/20021130.htm#1
2002-11-30,Harp Akademileri Yönetmeliğinin 37 nci Maddesinde Değişiklik Yapılmasına Dair Yö netmelik,https://www.resmigazete.gov.tr/eskiler/2002/11/20021130.htm#2
2002-11-30,— Millî Savunma Bakanlığı Akaryakıt İkmal ve NATO POL Tesisleri İşletme Başkanlığı Ünitelerinde ve Boru Hattı İşletmelerinde Petrol Ürünlerine Uygulanacak Fire Yönetmeliği,https://www.resmigazete.gov.tr/eskiler/2002/11/20021130.htm#3
2002-11-30,Uluslararası Gözetim Şirketleri Statüsüne İlişkin Karar (Dış Ticarette Standardizasyon: 2002/13),https://www.resmigazete.gov.tr/eskiler/2002/11/20021130.htm#4
2002-12-01,"— Devlet Bakanı Kürşad TÜZMEN’e, Devlet Bakanı Prof. Dr. Mehmet AYDIN’ın Vekâlet Etmesine Dair Tezkere",https://www.resmigazete.gov.tr/eskiler/2002/12/20021201.htm#1
2002-12-01,— Hacettepe Üniversitesi Biyomühendislik Uygulama ve Araştırma Merkezi Yönetmeliği,https://www.resmigazete.gov.tr/eskiler/2002/12/20021201.htm#2
2002-12-01,— Hace ttepe Üniversitesi Arı ve Arı Ürünleri Uygulama ve Araştırma Merkezi (HARÜM) Yönetmeliği,https://www.resmigazete.gov.tr/eskiler/2002/12/20021201.htm#3
2002-12-01,"— Hacettepe Üniversitesi Doku ve Organ Nakli Eğitim, Uygulama ve Araştırma Merkezi Yönetmeliği",https://www.resmigazete.gov.tr/eskiler/2002/12/20021201.htm#4
2002-12-01,— Mülga Dış Krediler Kur Farkı Fonu’ndan Kullanılmış Kredilere Uygulanacak Değişken Faiz Oranı Hakkında Tebliğ,https://www.resmigazete.gov.tr/eskiler/2002/12/20021201.htm#5
2002-12-02,— Türk Mühendis ve Mimar Odaları Birliği (TMMOB) Ana Yönetmeliği,https://www.resmigazete.gov.tr/eskiler/2002/12/20021202.htm#1
2002-12-02,— Başbakanlık Teftiş Kurulunun 19/99-31 ve 19/00-76 Sayılı Kararları,https://www.resmigazete.gov.tr/eskiler/2002/12/20021202.htm#2
2002-12-02,— Rekabet Kurulunun 99-38/404/260 Sayılı Kararı,https://www.resmigazete.gov.tr/eskiler/2002/12/20021202.htm#3
2002-12-02,— Rekabet Kurulunun 01-25/2 40/62 Sayılı Kararı,https://www.resmigazete.gov.tr/eskiler/2002/12/20021202.htm#4
2002-12-02,— Rekabet Kurulunun 01-44/434/112 Sayılı Kararı,https://www.resmigazete.gov.tr/eskiler/2002/12/20021202.htm#5
2002-12-02,— Rekabet Kurulunun 01-46/476/119 Sayılı Kararı,https://www.resmigazete.gov.tr/eskiler/2002/12/20021202.htm#6
2002-12-02,— Rekabet Kurulunun 01-49/498/122 Sayılı Kararı,https://www.resmigazete.gov.tr/eskiler/2002/12/20021202.htm#7
2002-12-02,— Rekabet Kurulunun 01-51/514/126 Sayılı Kararı,https://www.resmigazete.gov.tr/eskiler/2002/12/20021202.htm#8
2002-12-03,— Hükümlü Şaduman KABACI (MUTLU)’nun Cezasının Kaldırılması Hakkında Karar (No : 2002/100),https://www.resmigazete.gov.tr/eskiler/2002/12/20021203.htm#1
2002-12-03,— Hükümlü Haydar ÖZBİLGİN’in Cezasının Kaldırılması Hakkında Karar (No : 2002/101),https://www.resmigazete.gov.tr/eskiler/2002/12/20021203.htm#2
2002-12-03,— Hükümlü Leyla ALP’in C ezasının Kaldırılması Hakkında Karar (No : 2002/102),https://www.resmigazete.gov.tr/eskiler/2002/12/20021203.htm#3
2002-12-03,— Hükümlü Muharrem KURŞUN’un Cezasının Kaldırılması Hakkında Karar (No : 2002/103),https://www.resmigazete.gov.tr/eskiler/2002/12/20021203.htm#4
2002-12-03,— Hükümlü Sedat FELEK’in Cezasının Kaldırılması Hakkında Karar (No : 2002/104),https://www.resmigazete.gov.tr/eskiler/2002/12/20021203.htm#5
2002-12-03,— Hükümlü Ali Haydar GEÇGİN’in Cezasının Kaldırılması Hakkında Karar (No : 2002/105),https://www.resmigazete.gov.tr/eskiler/2002/12/20021203.htm#6
2002-12-03,— Makina ve Kimya Endüstrisi Kurumu Elma dağ Barut Sanayi ve Ticaret Anonim Şirketi Satış Yönetmeliği,https://www.resmigazete.gov.tr/eskiler/2002/12/20021203.htm#7
2002-12-03,— Millî Savunma Bakanlığı Akaryakıt İkmal ve NATOPOL Tesisleri İşletme Başkanlığı Demirbaş Eşya Kayıt Silme Yönetmeliğinin 6 ncı Maddesinde Değişiklik Yapılmasına Dair Yönetmelik,https://www.resmigazete.gov.tr/eskiler/2002/12/20021203.htm#8
2002-12-03,— Belirli Tekstil Ürünleri İthalatında Gözetim ve Korunma Önlemleri Hakkında Yönetmelikte Değişiklik Yapılmasına Dair Yönetmelik,https://www.resmigazete.gov.tr/eskiler/2002/12/20021203.htm#9
2002-12-04,"— Dışişleri Bakanlığına, Milli Savunma Bakanı M. Vecdi GÖNÜL’ün Vekâlet Etmesine Dair Tezkere",https://www.resmigazete.gov.tr/eskiler/2002/12/20021204.htm#1
2002-12-04,2002/4914 Resmi İlan Fiyatlarının Yeniden Tespit Edilmesi Hakkında Karar,https://www.resmigazete.gov.tr/eskiler/2002/12/20021204.htm#9
2002-12-04,Hükümlü Gamze BAYRAM'ın Cezasının Kaldırılması Hakkında Karar (No: 2002/107),https://www.resmigazete.gov.tr/eskiler/2002/12/20021204.htm#7
2002-12-04,"Muğla Üniversitesi Rektörlüğüne, Prof. Dr. Şener OKTİK'in Atanmasına Dair Karar",https://www.resmigazete.gov.tr/eskiler/2002/12/20021204.htm#8
2002-12-04,"— Tütün Üretimi, Üretici Tütünlerinin Pazarlanması, İç ve Dış Ticareti, Denetimi ve Tütün Eksperliği ile İlgili Usul ve Esaslar Hakkında Yönetmelik",https://www.resmigazete.gov.tr/eskiler/2002/12/20021204.htm#2
2002-12-04,— Milli Emlak Genel Tebliği (Sıra No : 264),https://www.resmigazete.gov.tr/eskiler/2002/12/20021204.htm#3
2002-12-04,— Rekabet Kurulunun 00-45/476-261 Sayılı Kararı,https://www.resmigazete.gov.tr/eskiler/2002/12/20021204.htm#4
2002-12-04,— Rekabet Kurulunun 00-50/547-302 Sayılı Kararı,https://www.resmigazete.gov.tr/eskiler/2002/12/20021204.htm#5
2002-12-04,— Rekabet Kurulunun 01-10/102-25 Sayılı Kararı,https://www.resmigazete.gov.tr/eskiler/2002/12/20021204.htm#6
2002-12-05,22/6/1927 tarihli ve 5235 sayılı Bakanlar Kurulu Kararı ile yürürlüğe konulan Resmî Gazete'nin Sureti Neşir ve Muamelatının Tarzı İcrasına Dair Yönetmelik uyarınca bugün Resmî Gazete yayımlanmamıştır.,https://www.resmigazete.gov.tr/2011%20Resmi%20Gazeteleri/Resmi%20Gazete%20Tatil%20Şablon/20110101-1.htm
2002-12-06,22/6/1927 tarihli ve 5235 sayılı Bakanlar Kurulu Kararı ile yürürlüğe konulan Resmî Gazete'nin Sureti Neşir ve Muamelatının Tarzı İcrasına Dair Yönetmelik uyarınca bugün Resmî Gazete yayımlanmamıştır.,https://www.resmigazete.gov.tr/2011%20Resmi%20Gazeteleri/Resmi%20Gazete%20Tatil%20Şablon/20110101-1.htm
2002-12-07,22/6/1927 tarihli ve 5235 sayılı Bakanlar Kurulu Kararı ile yürürlüğe konulan Resmî Gazete'nin Sureti Neşir ve Muamelatının Tarzı İcrasına Dair Yönetmelik uyarınca bugün Resmî Gazete yayımlanmamıştır.,https://www.resmigazete.gov.tr/2011%20Resmi%20Gazeteleri/Resmi%20Gazete%20Tatil%20Şablon/20110101-1.htm
2002-12-08,"— Dışişleri Bakanlığına, Sanayi ve Ticaret Bakanı Ali COŞKUN’un Vekâlet Etmesine Dair Tezkere",https://www.resmigazete.gov.tr/eskiler/2002/12/20021208.htm#8
2002-12-08,2002/4918 Kamu Konutları Yönetmeliğinde Değişiklik Yapılmasına Dair Yönetmelik,https://www.resmigazete.gov.tr/eskiler/2002/12/20021208.htm#1
2002-12-08,— Vergi Usul Kanunu Genel Tebliği (Sıra No: 310),https://www.resmigazete.gov.tr/eskiler/2002/12/20021208.htm#2
2002-12-08,— İthalatta Haksız Rekabetin Önlenmesine İlişkin Tebliğ (No : 2002/13),https://www.resmigazete.gov.tr/eskiler/2002/12/20021208.htm#3
2002-12-08,— İthalatta Haksız Rekabetin Önlenmesine İlişkin Tebliğ (No : 2002/14),https://www.resmigazete.gov.tr/eskiler/2002/12/20021208.htm#4
2002-12-08,— Elektrik Piyasasında Kullanılacak Sayaçlar Hakkında Tebliğ,https://www.resmigazete.gov.tr/eskiler/2002/12/20021208.htm#5
2002-12-08,— Yargıtay 20. Hukuk Dairesine Ait Karar,https://www.resmigazete.gov.tr/eskiler/2002/12/20021208.htm#6
2002-12-08,— Yüksek Seçim Kurulunun 978 Sayılı Kararı,https://www.resmigazete.gov.tr/eskiler/2002/12/20021208.htm#7
2002-12-09,— Kamu İhale Kurulunun 2002/DK-7 Sayılı Kararı,https://www.resmigazete.gov.tr/eskiler/2002/12/20021209.htm#1
2002-12-09,— Uyuşmazlık Mahkemesine Ait 10 Adet Karar,https://www.resmigazete.gov.tr/eskiler/2002/12/20021209.htm#2
2002-12-10,"— Devlet Bakanı Ali BABACAN’a, Devlet Bakanı ve Başbakan Yardımcısı Doç. Dr. Abdüllatif ŞENER’in Vekâlet Etmesine Dair Tezkere",https://www.resmigazete.gov.tr/eskiler/2002/12/20021210.htm#1
2002-12-10,"— Milli Savunma Bakanlığına, İçişleri Bakanı Abdülkadir AKSU’nun Vekâlet Etmesine Dair Tezkere",https://www.resmigazete.gov.tr/eskiler/2002/12/20021210.htm#2
2002-12-10,Hükümlü Fatma Sibel HORASAN (SARISOY)’ın Cezasının Kaldırılmasına Dair Karar (No: 2002/108),https://www.resmigazete.gov.tr/eskiler/2002/12/20021210.htm#8
2002-12-10,"2002/4913 Bankacılık Düzenleme ve Denetleme Kurulu'nda İstifa Nedeniyle Boşalan İkinci Başkanlığa, Kalan Süreyi Tamamlamak Üzere, İbrahim Halil Çanakcı'nın Atanması Hakkında Karar",https://www.resmigazete.gov.tr/eskiler/2002/12/20021210.htm#9
2002-12-10,— Millî Savunma Bakanlığı Akaryakıt İkmal ve NATOPOL Tesisleri İşletme Başkanlığı Akaryakıt Ölçü ve Stok İşlemleri Yönetmeliği,https://www.resmigazete.gov.tr/eskiler/2002/12/20021210.htm#3
2002-12-10,— Gaziantep Üniversitesi Meslek Yüksekokulları Eğitim-Öğretim Süresi ile Sınav Değerlendirme Esaslarına İlişkin Yönetmeliğin Bazı Maddelerinde Değişiklik Yapılmasına İlişkin Yönetmelik,https://www.resmigazete.gov.tr/eskiler/2002/12/20021210.htm#4
2002-12-10,— Rekabet Kurulunun 01-30/298-88 sayılı Kararı,https://www.resmigazete.gov.tr/eskiler/2002/12/20021210.htm#5
2002-12-10,— Rekabet Kurulunun 01-43/425-108 sayılı Kararı,https://www.resmigazete.gov.tr/eskiler/2002/12/20021210.htm#6
2002-12-10,— Rekabet Kurulunun 01-59/624-165 sayılı Kararı,https://www.resmigazete.gov.tr/eskiler/2002/12/20021210.htm#7
2002-12-11,"— Başbakanlığa, Devlet Bakanı ve Başbakan Yardımcısı Mehmet Ali ŞAHİN’in Vekâlet Etmesine Dair Tezkere",https://www.resmigazete.gov.tr/eskiler/2002/12/20021211.htm#1
2002-12-11,"— Hakimler ve Savcılar Yüksek Kurulunca, Adalet Bakanlığı Müsteşarı İhsan ERBAŞ’ın Yargıtay Üyeliğine Seçilmesi Hakkında Karar (No: 551)",https://www.resmigazete.gov.tr/eskiler/2002/12/20021211.htm#2
2002-12-11,"— Ordu Evleri, Askerî Gazinolar ve Sosyal Tesisler Yönetmeliğinin Ek-27’sinde Değişiklik Yapılmasına Dair Yönetmelik",https://www.resmigazete.gov.tr/eskiler/2002/12/20021211.htm#3
2002-12-11,— Selçuk Üniversitesi Sağlık Araştırma ve Uygulama Merkezi (Selçuklu Tıp Fakültesi Hastanesi) Yönetmeliği,https://www.resmigazete.gov.tr/eskiler/2002/12/20021211.htm#4
2002-12-11,— İşkolu Tespit Kararı (No: 2002/18),https://www.resmigazete.gov.tr/eskiler/2002/12/20021211.htm#5
2002-12-12,"— Atatürk Üniversitesi Fen Bilimleri Enstitüsü Lisansüstü Eğitim,Öğretim ve Sınav Yönetmeliğinin Bazı Maddelerinin Değiştirilmesine Dair Yönetmelik",https://www.resmigazete.gov.tr/eskiler/2002/12/20021212.htm#1
2002-12-12,— Erciyes Üniversitesi Yaz Okulu Yönetmeliği,https://www.resmigazete.gov.tr/eskiler/2002/12/20021212.htm#2
2002-12-12,— İstanbul Bilgi Üniversitesi Deniz Hukuku Araştırma Merkezi Yönetmeliği,https://www.resmigazete.gov.tr/eskiler/2002/12/20021212.htm#3
2002-12-12,"— Yüzüncü Yıl Üniversitesi Önlisans,Lisans Öğretim ve Sınav Yönetmeliğinin 8 inci Maddesinde Değişiklik Yapılmasına İlişkin Yönetmelik",https://www.resmigazete.gov.tr/eskiler/2002/12/20021212.htm#4
2002-12-12,— Zorunlu Deprem Sigortası Genel Şartlarında Değişiklik Yapılmasına Dair Genel Şartlar,https://www.resmigazete.gov.tr/eskiler/2002/12/20021212.htm#10
2002-12-12,— Zorunlu Deprem Sigortası Tarife ve Talimatında Değişiklik Yapılmasına Dair Tarife ve Talimat,https://www.resmigazete.gov.tr/eskiler/2002/12/20021212.htm#11
2002-12-12,— Gümrük Vergisi Askıya Alınması Planlanan Ürünlere İlişkin Tebliğ (İthalat: 2002/21),https://www.resmigazete.gov.tr/eskiler/2002/12/20021212.htm#5
2002-12-12,— Kamu İhale Genel Tebliği (No: 2002/5),https://www.resmigazete.gov.tr/eskiler/2002/12/20021212.htm#6
2002-12-12,— Kamu İhale Genel Tebliği (No: 2002/6),https://www.resmigazete.gov.tr/eskiler/2002/12/20021212.htm#7
2002-12-12,— Kilis Valiliği Mahalli Çevre Kurulu Kararı (No: 4),https://www.resmigazete.gov.tr/eskiler/2002/12/20021212.htm#8
2002-12-12,— Yüksek Seçim Kurulunun 989 Sayılı Kararı,https://www.resmigazete.gov.tr/eskiler/2002/12/20021212.htm#9
2002-12-13,"— Devlet Bakanı Ali BABACAN'a, Devlet Bakanı ve Başbakan Yardımcısı Doç. Dr. Abdüllatif ŞENER'in Vekâlet Etmesine Dair Tezkere",https://www.resmigazete.gov.tr/eskiler/2002/12/20021213.htm#2
2002-12-13,"— Çevre Bakanlığına, Orman Bakanı Osman PEPE'nin Vekâlet Etmesine Dair Tezkere",https://www.resmigazete.gov.tr/eskiler/2002/12/20021213.htm#1
2002-12-13,Hükümlü Hüseyin Ali GÜNAY'ın Cezasının Kaldırılmasına Dair Karar (No: 2002/109),https://www.resmigazete.gov.tr/eskiler/2002/12/20021213.htm#3
2002-12-13,— Hükümlü Erdal ARIKAN'ın Cezasının Kaldırılmasına Dair Karar (No: 2002/10),https://www.resmigazete.gov.tr/eskiler/2002/12/20021213.htm#4
2002-12-13,2002/4924 Dışişleri Bakanlığının Bazı Mensuplarının Çeşitli Görevlere Atanmaları Hakkında Karar,https://www.resmigazete.gov.tr/eskiler/2002/12/20021213.htm#5
2002-12-13,"— Milli Savunma, İçişleri ve Ulaştırma Bakanlıklarına Ait Üç Adet Atama Kararı",https://www.resmigazete.gov.tr/eskiler/2002/12/20021213.htm#6
2002-12-13,— İstanbul Bilgi Üniversitesi Kredisiz Sistem Lisans ve Önlisans Öğretim ve Sınav Yönetmeliği,https://www.resmigazete.gov.tr/eskiler/2002/12/20021213.htm#7
2002-12-13,— İthalatta Haksız Rekabetin Önlenmesine İlişkin Tebliğ (No: 2002/15),https://www.resmigazete.gov.tr/eskiler/2002/12/20021213.htm#8
2002-12-13,— Danıştay İçtihatları Birleştirme Kuruluna Ait Bir Adet Karar,https://www.resmigazete.gov.tr/eskiler/2002/12/20021213.htm#9
2002-12-14,— Milli Savunma Bakanlığına Ait Bir Adet Karar,https://www.resmigazete.gov.tr/eskiler/2002/12/20021214.htm#1
2002-12-14,"— Sivil Savunma İdaresi Fon Hesaplarının Toplanma İdare, Sarf ve Kayıt Usullerini Gösterir Yönetmeliğin Yürürlükten Kaldırılması Hakkında Yönetmelik",https://www.resmigazete.gov.tr/eskiler/2002/12/20021214.htm#2
2002-12-14,"— 4077 Sayılı Tüketicinin Korunması Hakkında Kanunun 8 inci, 22 nci ve Tüketici Sorunları Hakem Heyetleri Yönetmeliği’nin 5 inci Maddelerinde Yer Alan Parasal Sınırların Artırılmasına İlişkin Tebliğ (TRKGM-2002/7)",https://www.resmigazete.gov.tr/eskiler/2002/12/20021214.htm#3
2002-12-14,"— Samsun İlinde, Hamsi ve Balık Nakliyatı Yapacak Araçlarda Aranacak Şartlara İlişkin Karar (No: 2002/12)",https://www.resmigazete.gov.tr/eskiler/2002/12/20021214.htm#4
2002-12-14,"— Samsun İlinde, Spor Müsabakalarının Düzen İçinde Yapılması ve Olay Çıkmasının Önlenmesi Amacıyla Alınan Yasaklama Kararı",https://www.resmigazete.gov.tr/eskiler/2002/12/20021214.htm#5
2002-12-15,— İstanbul Üniversitesi Beden Eğitimi ve Spor Yüksekokulu Lisans Öğretim ve Sınav Yönetmeliği,https://www.resmigazete.gov.tr/eskiler/2002/12/20021215.htm#1
2002-12-15,"— Üremeye Yardımcı Tedavi Yöntemleri Konusunda Eğitim Verecek Merkezlerin Nitelikleri, Tespiti, Çalışma Usul ve Esasları ile Eğitim Programı ve Sertifika Verilmesine Dair Tebliğ",https://www.resmigazete.gov.tr/eskiler/2002/12/20021215.htm#2
2002-12-15,"— Sivas İlinde Bulunan Jeotermal Kaynakların Araştırılması, Kuyu Açılması ve İşletilmesi ile Ruhsatlandırılmasına İlişkin Esas ve Usullerin Uygulanmasına Dair Karar (No: 2002/1)",https://www.resmigazete.gov.tr/eskiler/2002/12/20021215.htm#3
2002-12-16,— Ufuk Üniversitesi Lisansüstü Eğitim ve Öğretim Yönetmeliği,https://www.resmigazete.gov.tr/eskiler/2002/12/20021216.htm#1
2002-12-16,— Yalova Valiliği Mahalli Çevre Kurulu Kararı (No: 2002/8),https://www.resmigazete.gov.tr/eskiler/2002/12/20021216.htm#2
2002-12-17,"— Turizm Bakanlığına,İçişleri Bakanı Abdülkadir AKSU’nun Vekâlet Etmesine Dair Tezkere",https://www.resmigazete.gov.tr/eskiler/2002/12/20021217.htm#1
2002-12-17,— Maliye Bakanlığı Personeli Atama ve Görevde Yükselme Yönetmeliğinde Değişiklik Yapılması Hakkında Y önetmelik,https://www.resmigazete.gov.tr/eskiler/2002/12/20021217.htm#2
2002-12-17,Afyon Kocatepe Üniversitesi Lisansüstü Eğitim-Öğretim ve Sınav Yönetmeliğinin 21 inci Maddesinde Değişiklik Yapılmasına Dair Yönetmelik,https://www.resmigazete.gov.tr/eskiler/2002/12/20021217.htm#3
2002-12-17,— Zonguldak Karaelmas Üniversitesi Lisansüstü Eğitim-Öğretim ve Sınav Yönetmeliğinin Bazı Maddelerinin Değiştir ilmesine Dair Yönetmelik,https://www.resmigazete.gov.tr/eskiler/2002/12/20021217.htm#4
2002-12-18,"Maliye, Bayındırlık ve İskan, Sanayi ve Ticaret ile Kültür Bakanlıklarına Ait Atama Kararları",https://www.resmigazete.gov.tr/eskiler/2002/12/20021218.htm#7
2002-12-18,— Adalet Bakanlığı Memur Sınav-Atama ve Nakil Yönetmeliğinin 10 uncu Maddesinde Değişiklik Yapılmasına Dair Yönetmelik,https://www.resmigazete.gov.tr/eskiler/2002/12/20021218.htm#1
2002-12-18,— Türk Silâhlı Kuvvetleri Stratejik Hedef Plânın Gerçekleştirilmesi Maksadıyla Yapılacak Harcamalar İçin Verilen Avans ve Kredi İşlemlerine İlişkin Yönetmeliğin 8 inci Maddesine Bir Fıkra Eklenmesi Hakkında Yönetmelik,https://www.resmigazete.gov.tr/eskiler/2002/12/20021218.htm#2
2002-12-18,— Radyo ve Televizyon Yayınlarının Dili Hakkında Yönetmelik,https://www.resmigazete.gov.tr/eskiler/2002/12/20021218.htm#3
2002-12-18,"— Diyanet İşleri Başkanlığı Sınav, Atama, Nakil ve Görevde Yükselme Yönetmeliğinde Değişiklik Yapılmasına Dair Yönetmelik",https://www.resmigazete.gov.tr/eskiler/2002/12/20021218.htm#4
2002-12-18,Kamu İhale Kurulunun 2002/DK-8 Sayılı Kararı,https://www.resmigazete.gov.tr/eskiler/2002/12/20021218.htm#5
2002-12-18,"— Yem Katkıları ve Premikslerin Üretimi, İthalatı, İhracatı, Satışı ve Kullanımı Hakkında Tebliğ (No: 2002/66)",https://www.resmigazete.gov.tr/eskiler/2002/12/20021218.htm#6
2002-12-19,"— Devlet Bakanı Kürşad TÜZMEN’e, Devlet Bakanı Prof. Dr. Mehmet AYDIN’ın Vekâlet Etmesine Dair Tezkere",https://www.resmigazete.gov.tr/eskiler/2002/12/20021219.htm#1
2002-12-19,"— Dışişleri Bakanlığına, Milli Savunma Bakanı M. Vecdi GÖNÜL’ün Vekâlet Etmesine Dair Tezkere",https://www.resmigazete.gov.tr/eskiler/2002/12/20021219.htm#2
2002-12-19,— Kamu İhale Kurumu İnsan Kaynakları Yönetmeliği,https://www.resmigazete.gov.tr/eskiler/2002/12/20021219.htm#3
2002-12-19,— Kamu İhale Uzman Yardımcıları Yarışma ve Yeterlik Sınavları ile Kamu İhale Uzman ve Uzman Yardımcılarının Çalışma Esas ve Usulleri Hakkında Yönetmelik,https://www.resmigazete.gov.tr/eskiler/2002/12/20021219.htm#4
2002-12-19,— Hizmet Alımları Muayene ve Kabul Yönetmeliği,https://www.resmigazete.gov.tr/eskiler/2002/12/20021219.htm#5
2002-12-19,— Danışmanlık Hizmet Alımları Muayene ve Kabul Yönetmeliği,https://www.resmigazete.gov.tr/eskiler/2002/12/20021219.htm#6
2002-12-19,"— Mal Alımları Denetim, Muayene ve Kabul İşlemlerine Dair Yönetmelik",https://www.resmigazete.gov.tr/eskiler/2002/12/20021219.htm#7
2002-12-19,— Yapım İşleri Muayene ve Kabul Yönetmeliği,https://www.resmigazete.gov.tr/eskiler/2002/12/20021219.htm#8
2002-12-19,Gıda Değeri Olan Hayvanlara Uygulanması Yasak Olan Maddeler Hakkında Tebliğ (No: 2002/68),https://www.resmigazete.gov.tr/eskiler/2002/12/20021219.htm#9
2002-12-19,"(Diyanet İşleri Başkanlığı Sınav, Atama, Nakil ve Görevde Yükselme Yönetmeliğinde Değişiklik Yapılmasına Dair Yönetmelik ile İlgili)",https://www.resmigazete.gov.tr/eskiler/2002/12/20021219.htm#10
2002-12-20,749 Türkiye Büyük Millet Meclisi Komisyonları Üyeliklerine Yapılan Seçime Dair Karar,https://www.resmigazete.gov.tr/eskiler/2002/12/20021220.htm#1
2002-12-20,751 Ergene Nehrindeki Kirliliğin ve Çevreye Etkilerinin Araştırılarak Alınması Gereken Önlemlerin Belirlenmesi Amacıyla Bir Meclis Araştırması Komisyonu Kurulmasına İlişkin Karar,https://www.resmigazete.gov.tr/eskiler/2002/12/20021220.htm#2
2002-12-20,752 Türkiye Büyük Millet Meclisi Başkanlık Divanı Üyelikleri İçin Yapılan Seçime Dair Karar,https://www.resmigazete.gov.tr/eskiler/2002/12/20021220.htm#3
2002-12-20,Devlet Bakanı ve Başbakan Yardımcılığına Ait Bir Adet Karar,https://www.resmigazete.gov.tr/eskiler/2002/12/20021220.htm#4
2002-12-20,— Basın İlân Kurumu Genel Kurul Üyeliğine Cumhurbaşkanlığı Basın Başdanışmanı Metin YALMAN’ın Yeniden Görevlendirilmesi Hakkında Karar (No: 2002/111),https://www.resmigazete.gov.tr/eskiler/2002/12/20021220.htm#5
2002-12-20,— Erciyes Üniversitesi Önlisans ve Lisans Eğitim-Öğretim Yönetmeliğinin Bazı Maddelerinde Değişiklik Yapılmasına Dair Yönetmelik,https://www.resmigazete.gov.tr/eskiler/2002/12/20021220.htm#6
2002-12-21,— Hükümlü Suzan BARAN'ın Cezasının Kaldırılmasına Dair Karar (No: 2002/112),https://www.resmigazete.gov.tr/eskiler/2002/12/20021221.htm#1
2002-12-21,— Hükümlü İlhan VARSAK'ın Cezasının Kaldırılmasına Dair Karar (No: 2002/113),https://www.resmigazete.gov.tr/eskiler/2002/12/20021221.htm#2
2002-12-21,— Hükümlü Namık Kemal BEKTAŞ'ın Cezasının Kaldırılmasına Dair Karar (No: 2002/114),https://www.resmigazete.gov.tr/eskiler/2002/12/20021221.htm#3
2002-12-21,— Hâkimler ve Savcılar Yüksek Kuruluna Ait Karar,https://www.resmigazete.gov.tr/eskiler/2002/12/20021221.htm#4
2002-12-21,— Hazine Garantileri Kapsamında Yapılacak Ödemelerin Üstlenilmesinde Uygulanacak Usul ve Esaslar Hakkında Yönetmelik,https://www.resmigazete.gov.tr/eskiler/2002/12/20021221.htm#5
2002-12-21,"— Derilerin Elde Edilmesi, Taşınması, Toplanması, Korunması, Ambalajlanması ve Depolanması Hakkında Yönetmelik",https://www.resmigazete.gov.tr/eskiler/2002/12/20021221.htm#6
2002-12-21,— Türk Tabipleri Birliği İşyeri Hekimi Çalışma Onayı Yönetmeliği,https://www.resmigazete.gov.tr/eskiler/2002/12/20021221.htm#7
2002-12-21,— Yüksek Öğrenim Kredi ve Yurtlar Kurumu Katkı Kredisi Yönetmeliğinde Değişiklik Yapılmasına Dair Yönetmelik,https://www.resmigazete.gov.tr/eskiler/2002/12/20021221.htm#8
2002-12-21,— Yüksek Öğrenim Kredi ve Yurtlar Kurumu Öğrenim Kredisi Yönetmeliğinde Değişiklik Yapılmasına Dair Yönetmelik,https://www.resmigazete.gov.tr/eskiler/2002/12/20021221.htm#9
2002-12-21,— Bankacılık Düzenleme ve Denetleme Kurulu Kararı (No: 929),https://www.resmigazete.gov.tr/eskiler/2002/12/20021221.htm#10
2002-12-21,— Zorunlu Karayolları Mali Sorumluluk Sigortası Tarife ve Talimatı,https://www.resmigazete.gov.tr/eskiler/2002/12/20021221.htm#11
2002-12-21,— Zorunlu Otobüs Koltuk Ferdi Kaza Sigortası Tarife ve Talimatı,https://www.resmigazete.gov.tr/eskiler/2002/12/20021221.htm#12
2002-12-21,— Tehlikeli Maddeler Zorunlu Sorumluluk Sigortası Tarife ve Talimatı,https://www.resmigazete.gov.tr/eskiler/2002/12/20021221.htm#13
2002-12-21,— Tüpgaz Zorunlu Sorumluluk Sigortası Tarife ve Talimatı,https://www.resmigazete.gov.tr/eskiler/2002/12/20021221.htm#14
2002-12-21,— Edirne Valiliği Mahalli Çevre Kurulu Kararı (No: 5),https://www.resmigazete.gov.tr/eskiler/2002/12/20021221.htm#15
2002-12-21,— Kars Valiliği Mahalli Çevre Kurulu Kararı (No: 6),https://www.resmigazete.gov.tr/eskiler/2002/12/20021221.htm#16
2002-12-21,— Tekirdağ Valiliği Mahalli Çevre Kurulu Kararı (No: 8),https://www.resmigazete.gov.tr/eskiler/2002/12/20021221.htm#17
2002-12-21,— Yargıtay 18. Hukuk Dairesine Ait Karar,https://www.resmigazete.gov.tr/eskiler/2002/12/20021221.htm#18
2002-12-21,(Sağlık Bakanlığının SB-2002/09 sayılı Mecburi Standart Tebliği ile İlgili),https://www.resmigazete.gov.tr/eskiler/2002/12/20021221.htm#19
2002-12-22,2002/4930 Özel Tüketim Vergisi Tutarlarının Belirlenmesine İlişkin Ekli Karar'ın Yürürlüğe Konulması Hakkında Karar,https://www.resmigazete.gov.tr/eskiler/2002/12/20021222.htm#1
2002-12-22,— Ege Üniversitesi Stratejik Araştırmalar Merkezi (ESAM)Yönetmeliği,https://www.resmigazete.gov.tr/eskiler/2002/12/20021222.htm#2
2002-12-22,— 2002 Yılı Kasım Ayına Ait Dahilde İşleme İzin Belgelerinin Sektörel Dağılımı Hakkında Tebliğ,https://www.resmigazete.gov.tr/eskiler/2002/12/20021222.htm#3
2002-12-22,— 2002 Yılı Kasım Ayına Ait Yurt İçi Satış Teslimler ile İlgili Belgelerin Sektörel Dağılımı Hakkında Tebliğ,https://www.resmigazete.gov.tr/eskiler/2002/12/20021222.htm#4
2002-12-22,— 2002 Yılı Kasım Ayına Ait Hariçte İşleme İzin Belgelerinin Sektörel Dağılımı Hakkında Tebliğ,https://www.resmigazete.gov.tr/eskiler/2002/12/20021222.htm#5
2002-12-22,— 2002 Yılı Kasım Ayına Ait Vergi Resim ve Harç İstisnası Belgelerinin Sektörel Dağılımı Hakkında Tebliğ,https://www.resmigazete.gov.tr/eskiler/2002/12/20021222.htm#6
2002-12-22,"— Kaydileştirilen Sermaye Piyasası Araçlarına İlişkin Kayıtların Tutulmasının Usul ve Esasları Hakkında Tebliğ (Seri: IV, No: 28)",https://www.resmigazete.gov.tr/eskiler/2002/12/20021222.htm#7
2002-12-23,"— Devlet Bakanı Kürşad TÜZMEN’e, Devlet Bakanı Prof. Dr. Mehmet AYDIN’ın Vekâlet Etmesine Dair Tezkere",https://www.resmigazete.gov.tr/eskiler/2002/12/20021223.htm#1
2002-12-23,"— Dışişleri Bakanlığına, Milli Savunma Bakanı M.Vecdi GÖNÜL’ün Vekâlet Etmesine Dair Tezkere",https://www.resmigazete.gov.tr/eskiler/2002/12/20021223.htm#2
2002-12-23,"— Enerji ve Tabii Kaynaklar Bakanlığına, Ulaştırma Bakanı Binali YILDIRIM’ın Vekâlet Etmesine Dair Tezkere",https://www.resmigazete.gov.tr/eskiler/2002/12/20021223.htm#3
2002-12-23,— Atatürk Üniversitesi Sosyal Bilimler Enstitüsü Lisansüstü Eğitim-Öğretim Yönetmeliğinin Bazı Maddelerinde Değişiklik Yapılmasına Dair Yönetmelik,https://www.resmigazete.gov.tr/eskiler/2002/12/20021223.htm#4
2002-12-23,"— Gaziantep Üniversitesi Tıp Fakültesi Önlisans, Lisans ve Tıp Doktorluğu Eğitim-Öğretim ve Sınav Yönetmeliğinin 4 üncü Maddesinin Değiştirilmesine Dair Yönetmelik",https://www.resmigazete.gov.tr/eskiler/2002/12/20021223.htm#5
2002-12-23,— Rekabet Kurumunun 01-43/426-109 Sayılı Kararı,https://www.resmigazete.gov.tr/eskiler/2002/12/20021223.htm#6
2002-12-23,— Rekabet Kurumunun 01-57/581-143 Sayılı Kararı,https://www.resmigazete.gov.tr/eskiler/2002/12/20021223.htm#7
2002-12-23,— Rekabet Kurumunun 02-02/20-5 Sayılı Kararı,https://www.resmigazete.gov.tr/eskiler/2002/12/20021223.htm#8
2002-12-23,— Rekabet Kurumunun 02-13/129-56 Sayılı Kararı,https://www.resmigazete.gov.tr/eskiler/2002/12/20021223.htm#9
2002-12-24,"— Milli Emlak Genel Müdürlüğü Milli Emlak Denetmenlerinin Görev, Yetki, Çalışma ve Atama Usulüne İlişkin Yönetmelikte Değişiklik Yapılmasına Dair Yönetmelik",https://www.resmigazete.gov.tr/eskiler/2002/12/20021224.htm#1
2002-12-24,"— Maliye Bakanlığı Milli Emlak Genel Müdürlüğü Milli Emlak Uzmanlığı Görev,Çalışma ve Atama Yönetmeliğinde Değişiklik Yapılmasına Dair Yönetmelik",https://www.resmigazete.gov.tr/eskiler/2002/12/20021224.htm#2
2002-12-24,— Elektrik Üretim Anonim Şirketi Genel Müdürlüğü Personelinin Görevde Yükselme Yönetmeliğinde Değişiklik Yapılmasına Dair Yönetmelik,https://www.resmigazete.gov.tr/eskiler/2002/12/20021224.htm#3
2002-12-24,— Kültür Bakanlığı Atama ve Görevde Yükselme Yönetmeliğinde Değişiklik Yapılmasına Dair Yönetmelik,https://www.resmigazete.gov.tr/eskiler/2002/12/20021224.htm#4
2002-12-24,"— Mimarlık, Peyzaj Mimarlığı, Mühendislik, Kentsel Tasarım Projeleri, Şehir ve Bölge Planlama ve Güzel Sanat Eserleri Yarışmaları Yönetmeliği",https://www.resmigazete.gov.tr/eskiler/2002/12/20021224.htm#5
2002-12-25,"Başbakanlık ile Maliye, Bayındırlık ve İskan, Sağlık, Tarım ve Köyişleri, Enerji ve Tabii Kaynaklar ve Kültür Bakanlıklarına Ait Atama Kararları",https://www.resmigazete.gov.tr/eskiler/2002/12/20021225.htm#1
2002-12-25,Sınır Tespitine Dair İki Adet Karar,https://www.resmigazete.gov.tr/eskiler/2002/12/20021225.htm#2
2002-12-25,— Terör Eylemleri Nedeniyle Şehit Olan veya Çalışamayacak Derecede Malul Kalan Kamu Görevlileri ile Er ve Erbaşların Yakınlarının Malul Olup da Çalışabilir Durumda Olanların İstihdamı Hakkında Yönetmelikte Değişik lik Y apılmasına Dair Yönetmelik,https://www.resmigazete.gov.tr/eskiler/2002/12/20021225.htm#3
2002-12-25,— Kamu Görevlileri Sendikaları Kanunu Kapsamına Giren Kurum ve Kuruluşların Girdikleri Hizmet Kollarının Belirlenmesine İlişkin Yönetmeliğin Eki Listede Değişiklik Yapılmasına İlişkin Yönetmelik,https://www.resmigazete.gov.tr/eskiler/2002/12/20021225.htm#4
2002-12-25,Kamu İhale Kurulunun 2002/DK-15 Sayılı Kararı,https://www.resmigazete.gov.tr/eskiler/2002/12/20021225.htm#5
2002-12-25,— Kamu İhale Kurulunun 2002/DK-16 Sayılı Kararı,https://www.resmigazete.gov.tr/eskiler/2002/12/20021225.htm#6
2002-12-25,— Tıbbi Sülük (Hirudo medicinalis) 2003 Yılı İhraç Kotasının Tahsisi Hakkında Tebliğ (No: 2002/69),https://www.resmigazete.gov.tr/eskiler/2002/12/20021225.htm#7
2002-12-25,— Resmi Arabulucu İsim Listesi,https://www.resmigazete.gov.tr/eskiler/2002/12/20021225.htm#8
2002-12-25,— Şanlıurfa Valiliği Mahalli Çevre Kurulu Kararı (No : 2002/9),https://www.resmigazete.gov.tr/eskiler/2002/12/20021225.htm#9
2002-12-26,"— Sağlık Bakanlığına, Kültür Bakanı Doç. Dr. Hüseyin ÇELİK’in Vekâlet Etme sine Dair Tezkere",https://www.resmigazete.gov.tr/eskiler/2002/12/20021226.htm#1
2002-12-26,— Hükümlü Hülya TÜRÜÇ’ün Cezasının Kaldırılması Hakkında Karar (No: 2002/15),https://www.resmigazete.gov.tr/eskiler/2002/12/20021226.htm#2
2002-12-26,— Hükümlü Nur ay ÖZÇELİK’in Cezasının Kaldırılması Hakkında Karar (No: 2002/16),https://www.resmigazete.gov.tr/eskiler/2002/12/20021226.htm#3
2002-12-26,— Üniversiteler Öğrenci Konseyi Yönetmeliği,https://www.resmigazete.gov.tr/eskiler/2002/12/20021226.htm#4
2002-12-26,— Hacettepe Üniversitesi Çevre Uygulama v e Araştırma Merkezi Yönetmeliğinin Bazı Maddelerinin Değiştirilmesi Hakkında Yönetmelik,https://www.resmigazete.gov.tr/eskiler/2002/12/20021226.htm#5
2002-12-26,— Y alova Valiliği Mahalli Çevre Kurulu Kararı (No : 2002/6),https://www.resmigazete.gov.tr/eskiler/2002/12/20021226.htm#6
2002-12-26,— Yalova Valiliği Mahalli Çevre Kurulu Kararı (No : 2002/11),https://www.resmigazete.gov.tr/eskiler/2002/12/20021226.htm#7
2002-12-26,— Anayasa Mahkemesinin E : 2002/38 (2495 Sayılı Kanun ile İlgili) K : 2002/89 Sayılı Kararı,https://www.resmigazete.gov.tr/eskiler/2002/12/20021226.htm#8
2002-12-26,"— Yargıtay 2, 12 ve 18. Hukuk Dairelerine Ait 4 Adet Karar",https://www.resmigazete.gov.tr/eskiler/2002/12/20021226.htm#9
2002-12-26,— Yüksek Seçim Kurulunun 1035 Sayılı Kararı,https://www.resmigazete.gov.tr/eskiler/2002/12/20021226.htm#10
2002-12-27,753 “Kuzeyden Keşif Harekatı”nın Görev Süresinin Uzatılmasına Dair Karar,https://www.resmigazete.gov.tr/eskiler/2002/12/20021227.htm#1
2002-12-27,"— Başbakanlık, Devlet, Bayındırlık ve İskan, Ulaştırma, Tarım ve Köyişleri, Sanayi ve Ticaret, Enerji ve Tabii Kayn aklar ile Kültür Bakanlıklarına Ait Atama Kararları",https://www.resmigazete.gov.tr/eskiler/2002/12/20021227.htm#2
2002-12-27,— Hakimler ve Savcılar Yüksek Kuruluna Ait Karar,https://www.resmigazete.gov.tr/eskiler/2002/12/20021227.htm#3
2002-12-27,— Dış Ticarette Teknik Düzenlemeler ve Standardizasyon Yönetmeliği,https://www.resmigazete.gov.tr/eskiler/2002/12/20021227.htm#4
2002-12-27,— Yurt Dışı Tebligat ve İstinabe Taleplerinde Uyulması Gereken Usul ve Esaslara Dair Tebliğ,https://www.resmigazete.gov.tr/eskiler/2002/12/20021227.htm#5
2002-12-27,— Kamu Kurum ve Kuruluşlarının Daimi Kadrolarına İlk Defa İşçi Olarak Alınacaklar İçin Yapılacak Merkezi Sınava Girecekler ile Eğitim Düzeyleri İtibarıyla Merkezi Sınav Dışında Kalanlar ve Bunların İşe Yerleştirilmelerine İlişkin Usul ve Esaslar’da Değişiklik Yapılmasına Dair Tebliğ,https://www.resmigazete.gov.tr/eskiler/2002/12/20021227.htm#6
2002-12-27,— 2002 Yılı Kasım Ayına Ait Yatırım Teşvik Belgelerinin Sektörel Dağılımı Hakkında Tebliğ,https://www.resmigazete.gov.tr/eskiler/2002/12/20021227.htm#7
2002-12-27,— 2002 Yılı Kasım Ayına Ait Yabancı Sermayeli Yatırım Teşvik Belgelerinin Sektörel Dağılımı Hakkında Tebliğ,https://www.resmigazete.gov.tr/eskiler/2002/12/20021227.htm#8
2002-12-27,— Dış Ticarette Standardizasyon Tebliği (No: 2003/1),https://www.resmigazete.gov.tr/eskiler/2002/12/20021227.htm#9
2002-12-27,— Dış Ticarette Standardizasyon Tebliği (No: 2003/2),https://www.resmigazete.gov.tr/eskiler/2002/12/20021227.htm#10
2002-12-27,— Çevrenin Korunması Yönünden Kontrol Altında Tutulan Yakıt ve Atıklara İlişkin Tebliğ (Dış Ticarette Standardizasyon: 2003/3),https://www.resmigazete.gov.tr/eskiler/2002/12/20021227.htm#11
2002-12-27,— Dış Ticarette Standardizasyon Tebliği (No: 2003/4),https://www.resmigazete.gov.tr/eskiler/2002/12/20021227.htm#12
2002-12-27,— Dış Ticarette Standardizasyon Tebliği (No: 2003/5),https://www.resmigazete.gov.tr/eskiler/2002/12/20021227.htm#14.1
2002-12-27,— Çevrenin Korunması Yönünden Kontrol Altında Tutulan Kimyasallara İlişkin Tebliğ(Dış Ticarette,https://www.resmigazete.gov.tr/eskiler/2002/12/20021227.htm#15.1
2002-12-27,Standardizasyon : 2003/6),https://www.resmigazete.gov.tr/eskiler/2002/12/20021227.htm#14
2002-12-27,— Çi ft Taraflı Kontrol Sistemi Kapsamında Kota Uygulanan Tekstil Ürünlerinin İthaline İlişkin Tebliğ (2003/1),https://www.resmigazete.gov.tr/eskiler/2002/12/20021227.htm#16
2002-12-27,— Çift Taraflı Kontrol Sistemi Kapsamında Gözetime Tabi Tekstil Ürünlerinin İthaline İlişkin Tebliğ (2003/2),https://www.resmigazete.gov.tr/eskiler/2002/12/20021227.htm#17
2002-12-27,— Tek Taraflı Kontrol Sistemi Kapsamında Gözetime Tabi Tekstil Ürünlerinin İthaline İlişkin Tebliğ (2003/3),https://www.resmigazete.gov.tr/eskiler/2002/12/20021227.htm#18
2002-12-27,— Tek Taraflı Kontrol Sistemi Kapsamında Kotaya Tabi Tekstil Ürünlerine Ait Kotaların Dağıtımı ve Yönetimine İlişkin Tebliğ (2003/4),https://www.resmigazete.gov.tr/eskiler/2002/12/20021227.htm#19
2002-12-27,— Belirli Üçüncü Ülkelerde İşlem Gördükten Sonra Geri İthal Edilen Belirli Tekstil Ürünlerine ve Giyim Eşyasına Uygulanan Ekonomik Etkili Hariçte İşleme Rejimi Tebliği (2003/5),https://www.resmigazete.gov.tr/eskiler/2002/12/20021227.htm#20
2002-12-27,— Hindistan Menşeli Tekstil Ürünlerinin İthaline İlişkin Tebliğ (2003/6),https://www.resmigazete.gov.tr/eskiler/2002/12/20021227.htm#21
2002-12-27,— Dahilde İşleme İzni Hakkında Tebliğde Değişiklik Yapılmasına Dair Tebliğ (İhracat: 2002/11),https://www.resmigazete.gov.tr/eskiler/2002/12/20021227.htm#22
2002-12-27,— 27.9.2002-30.11.2002 Tarihleri Arasında Firma Talebine İstinaden İptal Edilen Dahilde İşleme İzin Belgeleri Hakkında Tebliğ,https://www.resmigazete.gov.tr/eskiler/2002/12/20021227.htm#23
2002-12-27,— Türk Diş Hekimlerinin Yapacakları Muayene ve Tedavilere Uygulanacak Ücretlerin A sgari Hadleri Hakkında Tebliğ,https://www.resmigazete.gov.tr/eskiler/2002/12/20021227.htm#24
2002-12-28,4776 2003 Malî Yılı Genel ve Katma Bütçeleri Kanunlaşıncaya Kadar Devlet Harcamalarının Yapılmasın a ve Devlet Gelirlerinin Tahsiline Yetki Verilmesine Dair Kanun,https://www.resmigazete.gov.tr/eskiler/2002/12/20021228.htm#1
2002-12-28,2002/4970 Özel Tüketim Vergisi Tutarlarının Belirlenmesine İlişkin Karar,https://www.resmigazete.gov.tr/eskiler/2002/12/20021228.htm#2
2002-12-28,"2002/4983 213 Sayılı Vergi Usul Kanununun 177, 232, 252 ve 313 üncü Maddeleri ile İlgili Kararın Yürürlüğe Konulması Hakkında Karar",https://www.resmigazete.gov.tr/eskiler/2002/12/20021228.htm#3
2002-12-28,"2002/4998 Türkiye Sınırları İçinde Tek Meskeni Olup, Gelirleri Münhasıran Kanunla Kurulan Sosyal Güvenlik K urumlarından Aldıkları Aylıklardan İbaret Bulunanların veya Bunlardan Kendileri Üzerine Kayıtlı Meskeni Olmayanların Anılan Kurumlardan Aylık Almayan ve Herhangi Bir Geliri de Bulunmayan Eşleri ile Şehitlerin Dul ve Yetimlerine ve Gazilere Ait Tek Meske nin Bina Vergisi Oranının 2003 Yılı için Sıfıra İndirilmesi Hakkında Karar",https://www.resmigazete.gov.tr/eskiler/2002/12/20021228.htm#4
2002-12-28,"2002/5001 506 Sayılı Sosyal Sigortalar Kanunu ve 2925 Sayılı Tarım İşçileri Sosyal Sigortalar Kanununa Göre Sigortalı ve Hak Sahibi Olan Kimselere, Bu Kanunlar Gereğince Bağlanan Gelir ve Aylıkların Ödeme Tarihlerinin Yeniden Be lirlenmesine İlişkin Karar",https://www.resmigazete.gov.tr/eskiler/2002/12/20021228.htm#5
2002-12-28,— Hükümlü Şadi GÖKÇE’nin Cezasının Kaldırılması Hakkında Karar (No : 2002/117),https://www.resmigazete.gov.tr/eskiler/2002/12/20021228.htm#6
2002-12-28,— Hükümlü Mahmu t YÜCEL’in Cezasının Kaldırılması Hakkında Karar (No : 2002/118),https://www.resmigazete.gov.tr/eskiler/2002/12/20021228.htm#7
2002-12-28,— Hükümlü Ömer ÜNAL’ın Cezasının Kaldırılması Hakkında Karar (No : 2002/119),https://www.resmigazete.gov.tr/eskiler/2002/12/20021228.htm#8
2002-12-28,"— İçilebilir Nitelikteki Suların İstihsali, Ambalajlanması, Satışı ve Denetlenmesi Hakkında Yönetmelikte Değişiklik Yapılmasına Dair Yönetmelik",https://www.resmigazete.gov.tr/eskiler/2002/12/20021228.htm#9
2002-12-28,— Zirai Karantina Yönetmeliğinin II Numaralı Ekinde Değişiklik Yapılmasına Dair Yönetmelik,https://www.resmigazete.gov.tr/eskiler/2002/12/20021228.htm#10
2002-12-28,— Gıdaların Üretimi Tüketimi ve Denetlenmesine Dair Yönetmelikte Değişiklik Yapılmasına Dair Yönetmelik,https://www.resmigazete.gov.tr/eskiler/2002/12/20021228.htm#11
2002-12-28,— Motorlu Taşıtlar Vergisi Genel Tebliği (Seri No: 19),https://www.resmigazete.gov.tr/eskiler/2002/12/20021228.htm#12
2002-12-28,Damga Vergisi Kanunu Genel Tebliği (Seri No: 40),https://www.resmigazete.gov.tr/eskiler/2002/12/20021228.htm#13
2002-12-28,Emlak Vergisi Kanunu Genel Tebliği (Seri No: 35),https://www.resmigazete.gov.tr/eskiler/2002/12/20021228.htm#14
2002-12-28,Vergi Usul Kanunu Genel Tebliği (Sıra No: 311),https://www.resmigazete.gov.tr/eskiler/2002/12/20021228.htm#15
2002-12-28,— Veraset ve İntikal Vergisi Kanunu Genel Tebliği (Seri No: 33),https://www.resmigazete.gov.tr/eskiler/2002/12/20021228.htm#16
2002-12-28,Değerli Kağıtlar Kanunu Genel Tebliği (Seri No: 20),https://www.resmigazete.gov.tr/eskiler/2002/12/20021228.htm#17
2002-12-28,Belediye Gelirleri Kanunu Genel Tebliği (Seri No: 29),https://www.resmigazete.gov.tr/eskiler/2002/12/20021228.htm#18
2002-12-28,Harçlar Kanunu Genel Tebliği (Seri No: 40),https://www.resmigazete.gov.tr/eskiler/2002/12/20021228.htm#19
2002-12-28,— Gelir Vergisi Genel Tebliği (Seri No : 245),https://www.resmigazete.gov.tr/eskiler/2002/12/20021228.htm#20
2002-12-28,— Gelir Vergisi Genel Tebliği (Seri No : 246),https://www.resmigazete.gov.tr/eskiler/2002/12/20021228.htm#21
2002-12-28,— Mesleki Eğitimi Geliştirme ve Yaygınlaştırma Faaliyetlerinin Desteklenmesiyle İlgili Gelirlere ve Harcanmasına İlişkin Esas ve Usuller,https://www.resmigazete.gov.tr/eskiler/2002/12/20021228.htm#22
2002-12-28,— Proje ve Kontrolluk İşlerinde Uygulanacak Fiyat Artış Oranları Hakkında Tebliğ,https://www.resmigazete.gov.tr/eskiler/2002/12/20021228.htm#23
2002-12-28,— Gümrük Genel Tebliği (Güm rük Antrepo Rejimi) (Seri No: 9),https://www.resmigazete.gov.tr/eskiler/2002/12/20021228.htm#24
2002-12-28,— Gümrük Genel Tebliği (Gümrük İşlemleri) (Seri No: 22),https://www.resmigazete.gov.tr/eskiler/2002/12/20021228.htm#25
2002-12-28,"— Anayasa Mahkemesinin E: 2001/380 (2547 sayılı Kanunda Değişiklik Yapan 4689 Sayılı Kanun ile İlgili), K: 2002/69 sayılı Kararı",https://www.resmigazete.gov.tr/eskiler/2002/12/20021228.htm#26
2002-12-28,DÜZELTME (Dış Ticaret Müsteşarlığının “27/9/2002-30/11/2002 Tarihleri Arasında Firma Talebine İstinaden İptal Edilen Dahilde İşleme İzin Belgeleri” ile İlgili),https://www.resmigazete.gov.tr/eskiler/2002/12/20021228.htm#27
2002-12-29,2002/4995 Türkiye Cumhuriyeti ile Avrupa Topluluğu Arasında Türkiye’nin İşletme ve Girişimcilik ve Özellikle Küçük ve Orta Ölçekli İşletmeler Alanındaki Topluluk Programına Katılımına İlişkin “Mutabakat Zaptı”nın Onaylanması Hakkında Karar,https://www.resmigazete.gov.tr/eskiler/2002/12/20021229-1.pdf
2002-12-29,2002/4976 “Tarife Cetveli”nin 1/1/2003 Tarihinden Geçerli Olmak Üzere Yürürlüğe Konulması ve 22/12/2001 Tarihli ve 2001/3384 Sayılı Kararnamenin Yürürlükten Kaldırılması Hakkında Karar,https://www.resmigazete.gov.tr/eskiler/2002/12/20021229-2.pdf
2002-12-29,— Belirli Tekstil Ürünleri İthalatında Gözetim ve Korunma Önlemleri Hakkında Yönetmelikte Değişiklik Yapılmasına Dair Yönetmelik,https://www.resmigazete.gov.tr/eskiler/2002/12/20021229-3.pdf
2002-12-29,— Tarım veya Orman Traktörlerini Tahrik Etmek Üzere Tasarlanan Motorlardan Çıkan Gaz Emisyonları ve Partikül Kirleticilere Karşı Alınacak Tedbirler ile İlgili Tip Onayı Yönetmeliği (2000/25/AT),https://www.resmigazete.gov.tr/eskiler/2002/12/20021229-4.pdf
2002-12-29,"— Devlet Meteoroloji İşleri Genel Müdürlüğü Merkez ve Taşra Teşkilatı Görev, Yetki ve Sorumluluk Esasları Hakkında Yönetmelikte Değişiklik Yapılmasına Dair Yönetmelik",https://www.resmigazete.gov.tr/eskiler/2002/12/20021229-5.pdf
2002-12-29,— Yaşar Üniversitesi İngilizce Hazırlık Okulu Yönetmeliği,https://www.resmigazete.gov.tr/eskiler/2002/12/20021229-6.pdf
2002-12-29,— Yaşar Üniversitesi Öğrenci Sağlık İşleri ve Sağlık Raporları Yönetmeliği,https://www.resmigazete.gov.tr/eskiler/2002/12/20021229-7.pdf
2002-12-29,— Uluslararası Gözetim Şirketleri Statüsüne İlişkin Karar (Dış Ticarette Standardizasyon : 2002/14),https://www.resmigazete.gov.tr/eskiler/2002/12/20021229-8.pdf
2002-12-29,— Uluslararası Gözetim Şirketleri Statüsüne İlişkin Karar (Dış Ticarette Standardizasyon : 2002/15),https://www.resmigazete.gov.tr/eskiler/2002/12/20021229-9.pdf
2002-12-29,— Askeri Yüksek İdare Mahkemesi Başkanlar Kurulu Kararı (No : 104),https://www.resmigazete.gov.tr/eskiler/2002/12/20021229-10.pdf
2002-12-30,2002/4928 Türkiye-Macaristan 6. Dönem Turizm Karma Komisyon Toplantısı Protokolü’nün Onaylanması Hakkında Karar,https://www.resmigazete.gov.tr/eskiler/2002/12/20021230.htm#1
2002-12-30,2002/4951 1479 Sayılı Esnaf ve Sanatkarlar ve Diğer Bağımsız Çalışanlar Sosyal Sigortalar Kurumu Kanunu ile 2926 Sayılı Tarımda Kendi Adına ve Hesabına Çalışanlar Sosyal Sigortalar Kanununa Göre Aylık Almakta Olanların Aylıklarından 1/1/2003 Tarihinden Geçerli Olmak Üzere 2003 Yılında % 10 Oranında Sağlık Sigortası Primi Kesilmesi Hakkında Karar,https://www.resmigazete.gov.tr/eskiler/2002/12/20021230.htm#2
2002-12-30,"2002/5000 193 Sayılı Gelir Vergisi Kanunu’nun 23/8, 31 ve 103 üncü Maddelerinde Yer Alan Tutarlar ile Yine Aynı Kanunun 94 üncü Maddesinde Yer Alan Tevkifat Nispetleri Hakkında 30/12/1993 Tarihli ve 93/5148 Sayılı Kararnamenin Eki Karar’da Değişiklik Yapılmasına İlişkin Karar",https://www.resmigazete.gov.tr/eskiler/2002/12/20021230.htm#3
2002-12-30,— Kamu İhale Kurumu Sicil Amirleri Yönetmeliği,https://www.resmigazete.gov.tr/eskiler/2002/12/20021230.htm#4
2002-12-30,— Kamu İhale Kurumu Disiplin Amirleri Yönetmeliği,https://www.resmigazete.gov.tr/eskiler/2002/12/20021230.htm#5
2002-12-30,— Dokuz Eylül Üniversitesi Beyin Dinamiği Multidisipliner Araştırma ve Uygulama Merkezi Yönetmeliği,https://www.resmigazete.gov.tr/eskiler/2002/12/20021230.htm#6
2002-12-30,— Enerji Piyasası Düzenleme Kurulu Kararı (No: 76),https://www.resmigazete.gov.tr/eskiler/2002/12/20021230.htm#7
2002-12-30,— Enerji Piyasası Düzenleme Kurulu Kararı (No: 77),https://www.resmigazete.gov.tr/eskiler/2002/12/20021230.htm#8
2002-12-30,— Enerji Piyasası Düzenleme Kurulu Kararı (No: 78),https://www.resmigazete.gov.tr/eskiler/2002/12/20021230.htm#9
2002-12-30,— Avukatlık Asgarî Ücret Tarifesinde Değişiklik Yapılmasına Dair Tarife,https://www.resmigazete.gov.tr/eskiler/2002/12/20021230.htm#10
2002-12-31,754 Ergene Nehrindeki Kirliliğin ve Çevreye Etkilerinin Araştırılarak Alınması Gereken Önlemlerin Belirlenmesi Amacıyla Kurulan Meclis Araştırması Komisyonuna Üye Seçimine İlişkin Karar,https://www.resmigazete.gov.tr/eskiler/2002/12/20021231.htm#1
2002-12-31,"— Turizm Bakanlığına, İçişleri Bakanı Abdülkadir AKSU’nun Vekâlet Etmesine Dair Tezkere",https://www.resmigazete.gov.tr/eskiler/2002/12/20021231.htm#2
2002-12-31,2002/4985 Slovak Cumhuriyeti Menşeli Bazı Tarım ve İşlenmiş Tarım Ürünleri İthalatında Tarife Kontenjanı Uygulanması Hakkında Ka rar,https://www.resmigazete.gov.tr/eskiler/2002/12/20021231.htm#3
2002-12-31,2002/5007 Yaş İpekböceği Kozası Üreticisinin Desteklenmesine İlişkin Karar,https://www.resmigazete.gov.tr/eskiler/2002/12/20021231.htm#4
2002-12-31,— Hükümlü İsmet SINAĞ’ın Cezasının Kaldırılması Hakkında Karar (No : 2002/120),https://www.resmigazete.gov.tr/eskiler/2002/12/20021231.htm#5
2002-12-31,2002/4971 Bazı İl Valiliklerine Yapılan Atamalar Hakkında Karar,https://www.resmigazete.gov.tr/eskiler/2002/12/20021231.htm#6
2002-12-31,"— Devlet, Ulaştırma, Tarım ve Köyişleri, Sanayi ve Ticaret ile Enerji ve Tabii Kaynaklar Bakanlıklarına Ait Atama Kararları",https://www.resmigazete.gov.tr/eskiler/2002/12/20021231.htm#7
2002-12-31,— Harp Akademileri Yönetmeliğinin 47 nci Maddesinin Değiştirilmesine Dair Yönet melik,https://www.resmigazete.gov.tr/eskiler/2002/12/20021231.htm#8
2002-12-31,— Milli Prodüktivite Merkezi Personel Yönetmeliği,https://www.resmigazete.gov.tr/eskiler/2002/12/20021231.htm#9
2002-12-31,Milli Prodüktivite Merkezi Uzman Yardımcılığı ve Verimlilik Uzmanlığı Sınav Yönetmeliğinde Değişiklik Yapılmasına Dair Yönetmelik,https://www.resmigazete.gov.tr/eskiler/2002/12/20021231.htm#10
2002-12-31,— Milli Prodüktivite Merkezi Organlar Yönetmeliğinde Değişiklik Yapılmasına Dair Yönetmelik,https://www.resmigazete.gov.tr/eskiler/2002/12/20021231.htm#11
2002-12-31,— Ölçü ve Ölçü Aletlerinden Alınacak Muayene ve Damgalama Ücret Yönetmeliğinde Değişiklik Yapılması Hakkında Yönetmelik,https://www.resmigazete.gov.tr/eskiler/2002/12/20021231.htm#12
2002-12-31,— Turizm Bakanlığı Ödüller Yönetmeliğinin 17 nci Maddesinde Değişiklik Yapılmasına Dair Yönetmelik,https://www.resmigazete.gov.tr/eskiler/2002/12/20021231.htm#13
2002-12-31,"— İkili Anlaşmalar, Protokoller veya Diğer Düzenlemeler Kapsamı Dışında, Belirli Ülkeler Menşeli Tekstil Ürünleri İthalatında Gözetim ve Korunma Önlemleri Hakkında Yönetmelikte Değişiklik Yapılmasına Dair Yönetmelik",https://www.resmigazete.gov.tr/eskiler/2002/12/20021231.htm#14
2002-12-31,— İstanbul Menkul Kıymetler Borsası Hisse Senetleri Piyasası Yönetmeliğinde Değişiklik Yapılmasına Dair Yönetmelik,https://www.resmigazete.gov.tr/eskiler/2002/12/20021231.htm#15
2002-12-31,"— İstanbul Menkul Kıymetler Borsası Teşkilat, Görev ve Çalışma Esasları Yönetmeliğinde Değişiklik Yapılmasına Dair Yönetmelik",https://www.resmigazete.gov.tr/eskiler/2002/12/20021231.htm#16
2002-12-31,— Bankacılık Düzenleme ve Denetleme Kurumu İnsan Kaynakları Yönetmeliğinde Değişiklik Yapılmasına İlişkin Yönetmelik,https://www.resmigazete.gov.tr/eskiler/2002/12/20021231.htm#17
2002-12-31,— Özel Finans Kurumlarının Kuruluş ve Faaliyetleri Hakkında Yönetmelikte Değişiklik Yapılmasına Dair Yönetmelik,https://www.resmigazete.gov.tr/eskiler/2002/12/20021231.htm#18
2002-12-31,— Bankalarca Karşılık Ayrılacak Kredilerin ve Diğer Alacakların Niteliklerinin Belirlenmesi ve Ayrılacak Karşılıklara İlişkin Esas ve Usuller Hakkında Yönetmelikte Değişiklik Yapılmasına İlişkin Yönetmelik,https://www.resmigazete.gov.tr/eskiler/2002/12/20021231.htm#19
2002-12-31,"— Alkol ve Alkollü İçki Tesislerinin Haiz Olmaları Gereken Teknik Şartlar, Kurulmaları, İşletilmeleri ve Denetlenmelerine İlişkin Usul ve Esa slar Hakkında Yönetmelikte Değişiklik Yapılması Hakkında Yönetmelik",https://www.resmigazete.gov.tr/eskiler/2002/12/20021231.htm#20
2002-12-31,"— Tütün Mamulleri, Alkol ve Alkollü İçkilerin Toptan ve Perakende Satışı ile Satış Belgelerine İlişkin Yönetmelik",https://www.resmigazete.gov.tr/eskiler/2002/12/20021231.htm#21
2002-12-31,— Çankaya Üniversitesi Öğrenci Kayıt-Kabul ve Giriş Sınavları Yönetmeliği,https://www.resmigazete.gov.tr/eskiler/2002/12/20021231.htm#22
2002-12-31,— Çankaya Üniversitesi Lisans Eğitim-Öğretim ve Sınav Yönetmeliği,https://www.resmigazete.gov.tr/eskiler/2002/12/20021231.htm#23
2002-12-31,— Çankaya Üniversitesi Yaz Öğretimi Yönetmeliği,https://www.resmigazete.gov.tr/eskiler/2002/12/20021231.htm#24
2002-12-31,— Çankaya Üniversitesi Öğrenci Sağlık İşleri ve Sağlık Raporları Yönetmeliği,https://www.resmigazete.gov.tr/eskiler/2002/12/20021231.htm#25
2002-12-31,— Çankaya Üniversitesi Meslek Yüksekokulu Eğitim-Öğretim ve Sınav Yönetmeliği,https://www.resmigazete.gov.tr/eskiler/2002/12/20021231.htm#26
2002-12-31,— Enerji Piyasası Düzenleme Kurulu Kararı (No : 80),https://www.resmigazete.gov.tr/eskiler/2002/12/20021231.htm#27
2002-12-31,— İhracat ve Yatırımlarda Damga Vergisi ve Harç İstisnası Uygulaması Hakkında Tebliğ (Seri No : 6),https://www.resmigazete.gov.tr/eskiler/2002/12/20021231.htm#28
2002-12-31,— Muhasebat Genel Müdürlüğü Genel Tebliği (Sıra No : 6),https://www.resmigazete.gov.tr/eskiler/2002/12/20021231.htm#29
2002-12-31,— Asgari Ücret Tespit Komisyonu Kararı (No : 2002/3),https://www.resmigazete.gov.tr/eskiler/2002/12/20021231.htm#30
2002-12-31,— Asgari Ücret Tespit Komisyonu Kararı (No : 2002/4),https://www.resmigazete.gov.tr/eskiler/2002/12/20021231.htm#31
2002-12-31,— İthalatta Gözetim ve Korunma Önlemlerine İlişkin 2002/1 Sayılı Tebliğde Değişiklik Yapılmasına Dair Tebliğ (No : 2002/8),https://www.resmigazete.gov.tr/eskiler/2002/12/20021231.htm#32
2002-12-31,— İthalatta Gözetim ve Korunma Önlemlerine İlişkin 2002/2 Sayılı Tebliğde Değişiklik Yapılmasına Dair Tebliğ (No : 2002/10),https://www.resmigazete.gov.tr/eskiler/2002/12/20021231.htm#33
2002-12-31,"— İhracat, İhracat Sayılan Satış ve Teslimler ile Döviz Kazandırıcı Hizmet ve Faaliyetlerde Vergi, Resim ve Harç İstisnası Hakkında Tebliğde Değişiklik Yapılmasına Dair Tebliğ (İhracat : 2002/10)",https://www.resmigazete.gov.tr/eskiler/2002/12/20021231.htm#34
2002-12-31,— Gümrük Genel Tebliğinde Değişiklik Yapılmasına Dair Tebliğ (Serbest Dolaşıma Giriş) (Seri No : 2),https://www.resmigazete.gov.tr/eskiler/2002/12/20021231.htm#35
2002-12-31,— Gümrük Genel Tebliğinde Değişiklik Yapılmasına Dair Tebliğ (Gümrük İşlemleri) (Seri No : 23),https://www.resmigazete.gov.tr/eskiler/2002/12/20021231.htm#36
2002-12-31,— Gümrük Genel Teb liğinde Değişiklik Yapılmasına Dair Tebliğ (Gümrük İşlemleri) (Seri No : 24),https://www.resmigazete.gov.tr/eskiler/2002/12/20021231.htm#37
2002-12-31,— Doğal Gaz Dağıtım Şirketlerinin Perakende Satışlarında Fiili Üst Isıl Değerin Uygulanması Hakkında Tebliğ,https://www.resmigazete.gov.tr/eskiler/2002/12/20021231.htm#38
2002-12-31,— Muhasebe Uygulama Yönetmeliğine İlişkin 1 Sayılı Tebliğ – Finansal Araçların Muhasebeleştirilmesi Standardında Değişiklik YapılmasınaDair Tebliğ,https://www.resmigazete.gov.tr/eskiler/2002/12/20021231.htm#39
2002-12-31,— Muhasebe Uygulama Yönetmeliğine İlişkin 2 Sayılı Tebliğ - Maddi Duran Varlıkların Muhasebeleştirilmesi Standardında DeğişiklikYapılmasına Dair Tebliğ,https://www.resmigazete.gov.tr/eskiler/2002/12/20021231.htm#40
2002-12-31,— Muhasebe Uygulama Y önetmeliğine İlişkin 4 Sayılı Tebliğ - Kiralama İşlemlerine İlişkin Muhasebe Standardında Değişiklik YapılmasınaDair Tebliğ,https://www.resmigazete.gov.tr/eskiler/2002/12/20021231.htm#41
2002-12-31,— Muhasebe Uygulama Yönetmeliğine İlişkin 7 Sayılı Tebliğ - Varlıkların Değer Azalışının Muhasebeleştirilmesi Standardında Değişi klik Yapılmasına Dair Tebliğ,https://www.resmigazete.gov.tr/eskiler/2002/12/20021231.htm#42
2002-12-31,— Muhasebe Uygulama Yönetmeliğine İlişkin 11 Sayılı Tebliğ - Kur Değişim Etkilerinin Muhasebeleştirilmesi Standardında DeğişiklikYapılmasına Dair Tebliğ,https://www.resmigazete.gov.tr/eskiler/2002/12/20021231.htm#43
2002-12-31,"— Muhasebe Uygulama Yönetmeliğine İlişkin 12 Sayılı Tebliğ - Dönem Net Kâr/Zararı, Temel Hatalar ve Muhasebe Politikalarında Yapılan Değişikliklerin Muhasebeleştirilmesi Standardında Değişiklik Yapılmasına Dair Tebliğ",https://www.resmigazete.gov.tr/eskiler/2002/12/20021231.htm#44
2002-12-31,— Muhasebe Uygulama Yönetmeliğine İlişkin 14 Sayılı Tebliğ - Mali Tabloların Yüksek Enflasyon Dönemlerinde Düzenlenmesine İlişkin Muhasebe Standardında Değişiklik Yapılmasına Dair Tebliğ,https://www.resmigazete.gov.tr/eskiler/2002/12/20021231.htm#45
2002-12-31,— Muhasebe Uygulama Yönetmeliğine İlişkin 17 Sayılı Tebliğ - Kamuya Açıklanacak Mali Tablolar ile Bunlara İlişkin Açıklama ve Dipnotlar Standardında Değişiklik Yapılmasına Dair Tebliğ,https://www.resmigazete.gov.tr/eskiler/2002/12/20021231.htm#46
2002-12-31,— Tekdüzen Hesap Planı ve İzahnamesi Hakkında Tebliğde Değişiklik Yapılmasına Dair Tebliğ,https://www.resmigazete.gov.tr/eskiler/2002/12/20021231.htm#47
2002-12-31,— Türk Patent Enstitüsünce Uygulanacak Olan Ücret Tarifesine İlişkin Tebliğ (BİK/TPE: 2003/1),https://www.resmigazete.gov.tr/eskiler/2002/12/20021231.htm#48
