Datetime,Text,Hyperlink
2009-01-02,— Makina ve Kimya Endüstrisi Kurumu Genel Müdürlüğü Hurda İşletmesi Müdürlüğü Yurtiçi Pazarlama ve Satış Yönetmeliğinde Değişiklik Yapılmasına Dair Yönetmelik,https://www.resmigazete.gov.tr/eskiler/2009/01/20090102-1.htm
2009-01-02,— İstanbul Aydın Üniversitesi Uzaktan Öğretim Uygulama ve Araştırma Merkezi Yönetmeliği,https://www.resmigazete.gov.tr/eskiler/2009/01/20090102-2.htm
2009-01-03,"— Başbakanlığa, Devlet Bakanı ve Başbakan Yardımcısı Nazım EKREN’in Vekâlet Etmesine Dair Tezkere",https://www.resmigazete.gov.tr/eskiler/2009/01/20090103-1.htm
2009-01-03,"— Dışişleri Bakanlığına, Devlet Bakanı Mehmet AYDIN’ın Vekâlet Etmesine Dair Tezkere",https://www.resmigazete.gov.tr/eskiler/2009/01/20090103-2.htm
2009-01-03,— İhalelere Yönelik Başvurular Hakkında Yönetmelik,https://www.resmigazete.gov.tr/eskiler/2009/01/20090103-3.htm
2009-01-04,2008/14467 Türkiye Cumhuriyeti Hükümeti ve Almanya Federal Cumhuriyeti Hükümeti Arasında 2007 Yılı Mali İşbirliği Anlaşması’nın Yürürlüğe Girmesine Dair Karar,https://www.resmigazete.gov.tr/eskiler/2009/01/20090104-1.htm
2009-01-04,— Akaryakıt İkmal ve NATO Pol Tesisleri İşletme Başkanlığı Personeli Yer Değiştirme Suretiyle Atanma Esaslarına Dair Yönetmelik,https://www.resmigazete.gov.tr/eskiler/2009/01/20090104-2.htm
2009-01-04,— Sosyal Güvenlik Kontrol Memurları Yönetmeliği,https://www.resmigazete.gov.tr/eskiler/2009/01/20090104-3.htm
2009-01-04,— Ülkemizde Yapılacak Uluslararası Gençlik ve Spor Organizasyonlarının Giderlerinde Kullanmak Üzere Oluşturulan Özel Hesap Yönetmeliği,https://www.resmigazete.gov.tr/eskiler/2009/01/20090104-4.htm
2009-01-04,— Fırat Üniversitesi Lisansüstü Eğitim-Öğretim ve Sınav Yönetmeliğinde Değişiklik Yapılmasına Dair Yönetmelik,https://www.resmigazete.gov.tr/eskiler/2009/01/20090104-5.htm
2009-01-05,— Marmara Üniversitesi Doğal Afetler Uygulama ve Araştırma Merkezi Yönetmeliği,https://www.resmigazete.gov.tr/eskiler/2009/01/20090105-1.htm
2009-01-05,— İşkolu Tespit Kararı (No: 2008/89),https://www.resmigazete.gov.tr/eskiler/2009/01/20090105-2.htm
2009-01-05,— İşkolu Tespit Kararı (No: 2008/90),https://www.resmigazete.gov.tr/eskiler/2009/01/20090105-3.htm
2009-01-06,— Sertifikalı Tohum Kullanımı ve Sertifikalı Meyve/Asma Fidanı/Çilek Fidesi ile Kapama Bağ/Bahçe Tesisi Desteklemeleri Hakkında Tebliğde Değişiklik Yapılmasına Dair Tebliğ (No: 2008/74),https://www.resmigazete.gov.tr/eskiler/2009/01/20090106-1.htm
2009-01-06,— Yurtiçi Sertifikalı Tohumluk Üretimlerinin Desteklenmesi Hakkında Tebliğde Değişiklik Yapılmasına Dair Tebliğ (No: 2008/75),https://www.resmigazete.gov.tr/eskiler/2009/01/20090106-2.htm
2009-01-06,— Gümrük Genel Tebliği (Tecil ve Taksitlendirme) (Seri No: 1),https://www.resmigazete.gov.tr/eskiler/2009/01/20090106-3.htm
2009-01-06,— 2008 Yılı Kasım Ayına Ait Yatırım Teşvik Belgeleri Listesi,https://www.resmigazete.gov.tr/eskiler/2009/01/20090106-4.xls
2009-01-06,— 2008 Yılı Kasım Ayına Ait Yabancı Sermayeli Firmaların Yatırımları İçin Verilen Yatırım Teşvik Belgeleri Listesi,https://www.resmigazete.gov.tr/eskiler/2009/01/20090106-5.xls
2009-01-06,DÜZELTME (5828 Sayılı 2009 Yılı Merkezi Yönetim Bütçe Kanunu Eki Cetvel ile İlgili),https://www.resmigazete.gov.tr/eskiler/2009/01/20090106-6.htm
2009-01-07,"— Dışişleri Bakanlığına, Devlet Bakanı Mustafa Said YAZICIOĞLU’nun Vekâlet Etmesine Dair Tezkere",https://www.resmigazete.gov.tr/eskiler/2009/01/20090107-1.htm
2009-01-07,"— Ulaştırma Bakanlığına, Enerji ve Tabii Kaynaklar Bakanı M. Hilmi GÜLER’in Vekâlet Etmesine Dair Tezkere",https://www.resmigazete.gov.tr/eskiler/2009/01/20090107-2.htm
2009-01-07,— Yardım Kampanyası ile İlgili 2009/1 Sayılı Başbakanlık Genelgesi,https://www.resmigazete.gov.tr/eskiler/2009/01/20090107-5.htm
2009-01-07,— Milli Emlak Genel Tebliği (Sıra No: 321),https://www.resmigazete.gov.tr/eskiler/2009/01/20090107-3.htm
2009-01-07,— Yüksek Seçim Kurulunun 6/1/2009 Tarihli ve 7 Sayılı Kararı,https://www.resmigazete.gov.tr/eskiler/2009/01/20090107-4.htm
2009-01-08,— Türk Mühendis ve Mimar Odaları Birliği Elektrik Mühendisleri Odası Serbest Müşavir Mühendislik Hizmetleri Yönetmeliğinde Değişiklik Yapılmasına Dair Yönetmelik,https://www.resmigazete.gov.tr/eskiler/2009/01/20090108-1.htm
2009-01-08,— 2009 Yılı Merkezi Yönetim Bütçe Uygulama Tebliği (Sıra No: 1),https://www.resmigazete.gov.tr/eskiler/2009/01/20090108-2.htm
2009-01-08,— Gürcistan Menşeli Bazı Tarım ve İşlenmiş Tarım Ürünleri İthalatında Tarife Kontenjanı Uygulanmasına İlişkin Tebliğ,https://www.resmigazete.gov.tr/eskiler/2009/01/20090108-3.htm
2009-01-08,— Türkiye Finansal Raporlama Standartlarının İlk Uygulamasına İlişkin Türkiye Finansal Raporlama Standardı (TFRS 1) Hakkında Tebliğde Değişiklik Yapılmasına İlişkin Tebliğ (Sıra No: 128),https://www.resmigazete.gov.tr/eskiler/2009/01/20090108-4.htm
2009-01-08,— Satış Amaçlı Elde Tutulan Duran Varlıklar ve Durdurulan Faaliyetlere İlişkin Türkiye Finansal Raporlama Standardı (TFRS 5) Hakkında Tebliğde Değişiklik Yapılmasına İlişkin Tebliğ (Sıra No: 129),https://www.resmigazete.gov.tr/eskiler/2009/01/20090108-5.htm
2009-01-08,— Finansal Araçlar: Açıklamalara İlişkin Türkiye Finansal Raporlama Standardı (TFRS 7) Hakkında Tebliğde Değişiklik Yapılmasına İlişkin Tebliğ (Sıra No: 130),https://www.resmigazete.gov.tr/eskiler/2009/01/20090108-6.htm
2009-01-08,— Stoklara İlişkin Türkiye Muhasebe Standardı (TMS 2) Hakkında Tebliğde Değişiklik Yapılmasına İlişkin Tebliğ (Sıra No: 131),https://www.resmigazete.gov.tr/eskiler/2009/01/20090108-7.htm
2009-01-08,— Nakit Akış Tablolarına İlişkin Türkiye Muhasebe Standardı (TMS 7) Hakkında Tebliğde Değişiklik Yapılmasına İlişkin Tebliğ (Sıra No: 132),https://www.resmigazete.gov.tr/eskiler/2009/01/20090108-8.htm
2009-01-08,— Maddi Duran Varlıklara İlişkin Türkiye Muhasebe Standardı (TMS 16) Hakkında Tebliğde Değişiklik Yapılmasına İlişkin Tebliğ (Sıra No: 133),https://www.resmigazete.gov.tr/eskiler/2009/01/20090108-9.htm
2009-01-08,— Hasılata İlişkin Türkiye Muhasebe Standardı (TMS 18) Hakkında Tebliğde Değişiklik Yapılmasına İlişkin Tebliğ (Sıra No: 134),https://www.resmigazete.gov.tr/eskiler/2009/01/20090108-10.htm
2009-01-08,— Kur Değişiminin Etkilerine İlişkin Türkiye Muhasebe Standardı (TMS 21) Hakkında Tebliğde Değişiklik Yapılmasına İlişkin Tebliğ (Sıra No: 135),https://www.resmigazete.gov.tr/eskiler/2009/01/20090108-11.htm
2009-01-08,— Finansal Araçlar: Sunuma İlişkin Türkiye Muhasebe Standardı (TMS 32) Hakkında Tebliğde Değişiklik Yapılmasına İlişkin Tebliğ (Sıra No: 136),https://www.resmigazete.gov.tr/eskiler/2009/01/20090108-12.htm
2009-01-08,— Varlıklarda Değer Düşüklüğüne İlişkin Türkiye Muhasebe Standardı (TMS 36) Hakkında Tebliğde Değişiklik Yapılmasına İlişkin Tebliğ (Sıra No: 137),https://www.resmigazete.gov.tr/eskiler/2009/01/20090108-13.htm
2009-01-08,— Tarımsal Faaliyetlere İlişkin Türkiye Muhasebe Standardı (TMS 41) Hakkında Tebliğde Değişiklik Yapılmasına İlişkin Tebliğ (Sıra No: 138),https://www.resmigazete.gov.tr/eskiler/2009/01/20090108-14.htm
2009-01-08,Tıklayınız 8/1/2009 tarihli ve 27104 Mükerrer sayılı Resmî Gazete'de; Bakan Atanmasına Dair İşlem yayımlanmıştır.,http://www.resmigazete.gov.tr/eskiler/2009/01/20090108M1.htm
2009-01-09,— Dış Ticaret Müsteşarlığı Döner Sermaye İşletmesi Yönetmeliği,https://www.resmigazete.gov.tr/eskiler/2009/01/20090109-1.htm
2009-01-09,— Mıknatıslı Oyuncakların Taşıması Gereken Sağlık ve Güvenlik Risklerini Gösterir Uyarıya Dair Tebliğ,https://www.resmigazete.gov.tr/eskiler/2009/01/20090109-2.htm
2009-01-09,— Bazı Sanayi Ürünlerinin İthalatında Tarife Kontenjanı Uygulanmasına İlişkin Tebliğ,https://www.resmigazete.gov.tr/eskiler/2009/01/20090109-3.htm
2009-01-09,— Kamu İhale Genel Tebliğinde Değişiklik Yapılmasına Dair Tebliğ,https://www.resmigazete.gov.tr/eskiler/2009/01/20090109-4.htm
2009-01-10,2008/14527 Türk Patent Enstitüsü Başkanlığında Çalıştırılacak Sözleşmeli Personel Hakkında Hizmet Sözleşmesi Esasları Hakkında Karar,https://www.resmigazete.gov.tr/eskiler/2009/01/20090110-1.htm
2009-01-10,2008/14564 Türkiye Halk Bankası Anonim Şirketince Esnaf ve Sanatkarlar Kredi ve Kefalet Kooperatifleri Kefaletiyle Esnaf ve Sanatkarlara Kredi Kullandırılmasına Dair Karar,https://www.resmigazete.gov.tr/eskiler/2009/01/20090110-2.htm
2009-01-10,2009/14538 Kamu Kurum ve Kuruluşlarındaki Geçici Mahiyetteki İşleri Yürütmek Üzere Geçici Personel İstihdamı ve Bu Personele Ödenecek Ücretler Hakkında Karar,https://www.resmigazete.gov.tr/eskiler/2009/01/20090110-3.htm
2009-01-10,"2009/14539 İlgili Mevzuatı Uyarınca İstihdam Edilen Sözleşmeli Personelin Ücretlerinin Artırılması, Devlet Memurlarına Ödenecek Zam ve Tazminatlar ile Bazı Kararlarda Değişiklik Yapılmasına İlişkin Karar",https://www.resmigazete.gov.tr/eskiler/2009/01/20090110-4.htm
2009-01-10,2009/14540 Nazım Hikmet Ran’ın Türk Vatandaşlığından Çıkarılmasına İlişkin 25/7/1951 Tarihli ve 3/13401 Sayılı Bakanlar Kurulu Kararının Yürürlükten Kaldırılması Hakkında Karar,https://www.resmigazete.gov.tr/eskiler/2009/01/20090110-5.htm
2009-01-10,"2009/14556 Erzurum İlinde Bulunan ve Ekli Listede İlçesi, Mahallesi/Köyü ile Ada ve Parsel Numaraları Gösterilen Taşınmazların, 2011 Universiade Kış Oyunları Kapsamında Yapılması Planlanan Spor Tesisleri Alanlarında Kalmaları Nedeniyle Gençlik ve Spor Genel Müdürlüğü Tarafından Acele Kamulaştırılması Hakkında Karar",https://www.resmigazete.gov.tr/eskiler/2009/01/20090110-6.htm
2009-01-10,2009/14536 Türkiye Radyo-Televizyon Kurumu Yönetim Kurulu Üyeliklerine Atama Kararı,https://www.resmigazete.gov.tr/eskiler/2009/01/20090110-7.htm
2009-01-10,— Bayındırlık ve İskan ile Çevre ve Orman Bakanlıklarına Ait Atama Kararları,https://www.resmigazete.gov.tr/eskiler/2009/01/20090110-8.htm
2009-01-10,— Avrupa Birliği Genel Sekreterliğinin Başbakanlığa Bağlanmasına Dair Karar,https://www.resmigazete.gov.tr/eskiler/2009/01/20090110-9.htm
2009-01-10,"2008/14468 Sıvılaştırılmış Petrol Gazları (LPG) ile Çalışan Motorlu Taşıtlar İçin İkmal İstasyonlarının Kuruluş, Denetim, Emniyet ve Ruhsatlandırılma İşlemlerine İlişkin Yönetmeliğin Yürürlükten Kaldırılmasına Dair Yönetmelik",https://www.resmigazete.gov.tr/eskiler/2009/01/20090110-10.htm
2009-01-10,— Görev Dağılımı ile İlgili 2009/2 Sayılı Başbakanlık Genelgesi,https://www.resmigazete.gov.tr/eskiler/2009/01/20090110-11.htm
2009-01-10,— 2009 Yılı Merkezi Yönetim Bütçe Uygulama Tebliği (Sıra No: 2),https://www.resmigazete.gov.tr/eskiler/2009/01/20090110-12.htm
2009-01-11,— İzmir Yüksek Teknoloji Enstitüsü Öğretim Elemanlarının Teknoloji Geliştirme Bölgelerinde Görevlendirilme ve Şirket Kurabilmelerine İlişkin Uygulama Yönetmeliğinde Değişiklik Yapılmasına Dair Yönetmelik,https://www.resmigazete.gov.tr/eskiler/2009/01/20090111-1.htm
2009-01-11,— Yüksek Seçim Kurulunun 8/1/2009 Tarihli ve 11 Sayılı Kararı,https://www.resmigazete.gov.tr/eskiler/2009/01/20090111-2.htm
2009-01-11,— Yüksek Seçim Kurulunun 9/1/2009 Tarihli ve 12 Sayılı Kararı,https://www.resmigazete.gov.tr/eskiler/2009/01/20090111-3.htm
2009-01-11,— Yüksek Seçim Kurulunun 9/1/2009 Tarihli ve 13 Sayılı Kararı,https://www.resmigazete.gov.tr/eskiler/2009/01/20090111-4.htm
2009-01-11,— Yüksek Seçim Kurulunun 10/1/2009 Tarihli ve 16 Sayılı Kararı,https://www.resmigazete.gov.tr/eskiler/2009/01/20090111-5.htm
2009-01-12,— İthalatta Haksız Rekabetin Önlenmesine İlişkin Tebliğ (No: 2009/1),https://www.resmigazete.gov.tr/eskiler/2009/01/20090112-1.htm
2009-01-13,2008/14492 Ondokuz Mayıs Üniversitesi Rektörlüğüne Bağlı Olarak Hukuk Fakültesi Kurulması Hakkında Karar,https://www.resmigazete.gov.tr/eskiler/2009/01/20090113-1.htm
2009-01-13,"— Dışişleri Bakanlığına, Devlet Bakanı Mehmet AYDIN’ın Vekâlet Etmesine Dair Tezkere",https://www.resmigazete.gov.tr/eskiler/2009/01/20090113-2.htm
2009-01-13,— Hayat Sigortaları Yönetmeliğinde Değişiklik Yapılmasına Dair Yönetmelik,https://www.resmigazete.gov.tr/eskiler/2009/01/20090113-3.htm
2009-01-13,— Gümrük Yönetmeliğinde Değişiklik Yapılmasına Dair Yönetmelik,https://www.resmigazete.gov.tr/eskiler/2009/01/20090113-4.htm
2009-01-13,— Kısa Çalışma ve Kısa Çalışma Ödeneği Hakkında Yönetmelik,https://www.resmigazete.gov.tr/eskiler/2009/01/20090113-5.htm
2009-01-13,"— Kültür ve Turizm Uzman Yardımcılığı ve Uzmanlığı Sınav, Görev, Yetki, Çalışma Usul ve Esasları Hakkında Yönetmelikte Değişiklik Yapılmasına Dair Yönetmelik",https://www.resmigazete.gov.tr/eskiler/2009/01/20090113-6.htm
2009-01-13,— Yargıtay 7. ve 13. Hukuk Dairelerine Ait Kararlar,https://www.resmigazete.gov.tr/eskiler/2009/01/20090113-7.htm
2009-01-14,— 2006 Yılı Türk-Alman Mali İşbirliği Anlaşması Çerçevesinde Aktedilen “Belediye Altyapı Programı IV Tamamlayıcı Tedbirler” Konulu Finans Anlaşması,https://www.resmigazete.gov.tr/eskiler/2009/01/20090114-1.htm
2009-01-14,2008/14526 Bazı Anlaşmaların Yürürlük Tarihlerinin Tespit Edilmesi Hakkında Karar,https://www.resmigazete.gov.tr/eskiler/2009/01/20090114-2.htm
2009-01-14,"— İçişleri Bakanlığına, Milli Savunma Bakanı M. Vecdi GÖNÜL’ün Vekâlet Etmesine Dair Tezkere",https://www.resmigazete.gov.tr/eskiler/2009/01/20090114-3.htm
2009-01-14,"— Çalışma ve Sosyal Güvenlik Bakanlığına, Maliye Bakanı Kemal UNAKITAN’ın Vekâlet Etmesine Dair Tezkere",https://www.resmigazete.gov.tr/eskiler/2009/01/20090114-4.htm
2009-01-14,"— Enerji ve Tabii Kaynaklar Bakanlığına, Kültür ve Turizm Bakanı Ertuğrul GÜNAY’ın Vekâlet Etmesine Dair Tezkere",https://www.resmigazete.gov.tr/eskiler/2009/01/20090114-5.htm
2009-01-14,— Ulusal Gıda Referans Laboratuvar Müdürlüğü Kuruluş ve Görev Esaslarına Dair Yönetmelik,https://www.resmigazete.gov.tr/eskiler/2009/01/20090114-6.htm
2009-01-14,— Kahramanmaraş Sütçü İmam Üniversitesi Önlisans-Lisans Eğitim-Öğretim ve Sınav Yönetmeliğinde Değişiklik Yapılmasına Dair Yönetmelik,https://www.resmigazete.gov.tr/eskiler/2009/01/20090114-7.htm
2009-01-14,— 2009 Yılı Merkezi Yönetim Bütçe Uygulama Tebliği (Sıra No: 3),https://www.resmigazete.gov.tr/eskiler/2009/01/20090114-8.htm
2009-01-14,— İşkolu Tespit Kararı (No: 2009/1),https://www.resmigazete.gov.tr/eskiler/2009/01/20090114-10.htm
2009-01-14,— İşkolu Tespit Kararı (No: 2009/2),https://www.resmigazete.gov.tr/eskiler/2009/01/20090114-11.htm
2009-01-14,— 2008 Yılı Aralık Ayına Ait Dahilde İşleme İzin Belgelerinin (D1) Listesi,https://www.resmigazete.gov.tr/eskiler/2009/01/20090114-12.xls
2009-01-14,— 2008 Yılı Aralık Ayına Ait Yurt İçi Satış ve Teslim Belgelerinin (D3) Listesi,https://www.resmigazete.gov.tr/eskiler/2009/01/20090114-13.xls
2009-01-14,— 2008 Yılı Aralık Ayına Ait Hariçte İşleme İzin Belgelerinin (H) Listesi,https://www.resmigazete.gov.tr/eskiler/2009/01/20090114-14.xls
2009-01-14,"— 2008 Yılı Aralık Ayına Ait Vergi, Resim ve Harç İstisnası Belgelerinin (Y) Listesi",https://www.resmigazete.gov.tr/eskiler/2009/01/20090114-15.xls
2009-01-14,— Firma Talebine İstinaden İptal Edilen Dahilde İşleme İzin Belgeleri Listesi,https://www.resmigazete.gov.tr/eskiler/2009/01/20090114-16.xls
2009-01-14,–– Re’sen Kapatılan Dahilde İşleme İzin Belgeleri Listesi,https://www.resmigazete.gov.tr/eskiler/2009/01/20090114-17.xls
2009-01-14,— 5510 Sayılı Kanun Gereğince Kendi Adına ve Hesabına Bağımsız Çalışanlardan 5 Yılı Aşan Süreye İlişkin Prim Borcu Bulunanlar İçin Yapılacak İşlemler Hakkında Tebliğ,https://www.resmigazete.gov.tr/eskiler/2009/01/20090114-9.htm
2009-01-14,— Yargıtay 13.Hukuk Dairesine Ait Karar,https://www.resmigazete.gov.tr/eskiler/2009/01/20090114-18.htm
2009-01-15,2008/14535 Güneydoğu Anadolu Projesi Bölge Kalkınma İdaresi Başkanlığının Ankara’da Bulunan Merkezinin Şanlıurfa’ya Taşınması Hakkında Karar,https://www.resmigazete.gov.tr/eskiler/2009/01/20090115-1.htm
2009-01-15,2009/114571 6772 Sayılı Kanun Kapsamına Giren Kurumlarda Çalışan İşçilere 2009 Yılında Yapılacak İlave Tediyelerin Sürelerinin Düzenlenmesi Hakkında Karar,https://www.resmigazete.gov.tr/eskiler/2009/01/20090115-2.htm
2009-01-15,"— Devlet Bakanı Mehmet AYDIN’a, Devlet Bakanı Kürşad TÜZMEN’in Vekâlet Etmesine Dair Tezkere",https://www.resmigazete.gov.tr/eskiler/2009/01/20090115-4.htm
2009-01-15,"— Adalet Bakanlığına, Milli Eğitim Bakanı Hüseyin ÇELİK’in Vekâlet Etmesine Dair Tezkere",https://www.resmigazete.gov.tr/eskiler/2009/01/20090115-5.htm
2009-01-15,"— Dışişleri Bakanlığına, Devlet Bakanı Mustafa Said YAZICIOĞLU’nun Vekâlet Etmesine Dair Tezkere",https://www.resmigazete.gov.tr/eskiler/2009/01/20090115-3.htm
2009-01-15,— Devlet Bakanlığına Ait 2 Adet Atama Kararı,https://www.resmigazete.gov.tr/eskiler/2009/01/20090115-6.htm
2009-01-15,— Hâkimler ve Savcılar Yüksek Kuruluna Ait Atama Kararı,https://www.resmigazete.gov.tr/eskiler/2009/01/20090115-7.htm
2009-01-15,— Belediye Gelirleri Kanunu Genel Tebliği (Seri No: 36),https://www.resmigazete.gov.tr/eskiler/2009/01/20090115-8.htm
2009-01-15,— Yemlerin İthalatında İstenecek Belgeler Hakkında Tebliğde Değişiklik Yapılması Hakkında Tebliğ (No: 2008/72),https://www.resmigazete.gov.tr/eskiler/2009/01/20090115-9.htm
2009-01-15,— Tıbbi Sülük (Hirudo Medicinalis) 2009 Yılı İhraç Kotasının Tahsisi Hakkında Tebliğ (No: 2009/1),https://www.resmigazete.gov.tr/eskiler/2009/01/20090115-10.htm
2009-01-15,— Bombus Arısı Kullanımına Destekleme Ödemesi Yapılmasına Dair Bakanlar Kurulu Kararı Uygulama Tebliği (No: 2009/2),https://www.resmigazete.gov.tr/eskiler/2009/01/20090115-11.htm
2009-01-15,— İthalatta Gözetim Uygulanmasına İlişkin Tebliğ (No: 2009/1),https://www.resmigazete.gov.tr/eskiler/2009/01/20090115-12.htm
2009-01-15,— İthalatta Haksız Rekabetin Önlenmesine İlişkin Tebliğ (No: 2009/2),https://www.resmigazete.gov.tr/eskiler/2009/01/20090115-13.htm
2009-01-15,— Akrilonitril İthalatında Tarife Kontenjanı Uygulanmasına İlişkin Tebliğ,https://www.resmigazete.gov.tr/eskiler/2009/01/20090115-14.htm
2009-01-15,— Çekle Ödemelerin Düzenlenmesi ve Çek Hamilerinin Korunması Hakkında Kanuna İlişkin Tebliğde Değişiklik Yapılmasına Dair Tebliğ (No: 2009/1),https://www.resmigazete.gov.tr/eskiler/2009/01/20090115-15.htm
2009-01-15,— Yüksek Seçim Kurulunun 13/1/2009 Tarihli ve 19 sayılı Kararı,https://www.resmigazete.gov.tr/eskiler/2009/01/20090115-16.htm
2009-01-15,DÜZELTME (27/12/2008 Tarihli ve 27093 sayılı Resmî Gazete’de yayımlanan 2008/10664 sayılı Sınır Tespit Kararı ile İlgili),https://www.resmigazete.gov.tr/eskiler/2009/01/20090115-17.htm
2009-01-15,Tıklayınız 15/1/2009 tarihli ve 27111 Mükerrer sayılı Resmî Gazete'de; 2009 Yılı Yatırım Programı yayımlanmıştır.,http://www.resmigazete.gov.tr/eskiler/2009/01/20090115M1.htm
2009-01-16,"5830 Sanayi ve Ticaret Bakanlığının Teşkilat ve Görevleri Hakkında Kanun, Devlet Memurları Kanunu ve Genel Kadro ve Usulü Hakkında Kanun Hükmünde Kararnamede Değişiklik Yapılmasına Dair Kanun",https://www.resmigazete.gov.tr/eskiler/2009/01/20090116-1.htm
2009-01-16,2008/14497 Türkiye Cumhuriyeti Hükümeti ile Arnavutluk Cumhuriyeti Hükümeti Arasında İmzalanan “Silahlı Kuvvetler Sağlık Personelinin Eğitim ve İş Birliği ile İlgili Protokol’de Yapılan 3 Numaralı Değişiklik”in Onaylanması Hakkında Karar,https://www.resmigazete.gov.tr/eskiler/2009/01/20090116-2.htm
2009-01-16,2008/14502 Türkiye Cumhuriyeti Hükümeti ile Birleşmiş Milletler Kalkınma Programı Arasında İmzalanan “Türkiye’de Yasama Süreçlerine Etkin Sivil Katılım Projesi” Konulu Belgenin Onaylanması Hakkında Karar,https://www.resmigazete.gov.tr/eskiler/2009/01/20090116-3.htm
2009-01-16,"2008/14542 1980 Yılında Meydana Gelen Sel Afeki Nedeniyle Konutları Yıkılan veya Ağır Hasar Gören Hak Sahiplerine Verilmek Üzere Adana İli, Feke İlçesinde İnşa Edilen Ancak Çeşitli Nedenlerle Boş Kalan 47 Adet Konutun Bazı Kamu Kurumlarına Bedelsiz Olarak Devredilmesi Hakkında Karar",https://www.resmigazete.gov.tr/eskiler/2009/01/20090116-4.htm
2009-01-16,2009/14562 Türk Vatandaşlığı Kaybettirilen 4 Kişiye İlişkin Hükmün İptali Hakkında Karar,https://www.resmigazete.gov.tr/eskiler/2009/01/20090116-5.htm
2009-01-16,"2009/14563 3083 Sayılı Sulama Alanlarında Arazi Düzenlenmesine Dair Tarım Reformu Kanunu Uyarınca ""Uygulama Alanı"" İlan Edilen Şanlıurfa İlinde Bazı Köy Altı Yerleşim Birimlerinin Ana Köyden Ayrılarak Bağımsız Köy Haline Getirilmeleri Hakkında Karar",https://www.resmigazete.gov.tr/eskiler/2009/01/20090116-6.htm
2009-01-16,"— Devlet Bakanı ve Başbakan Yardımcısı Cemil ÇİÇEK’e, Devlet Bakanı Murat BAŞESGİOĞLU’nun Vekalet Etmesine Dair Tezkere",https://www.resmigazete.gov.tr/eskiler/2009/01/20090116-7.htm
2009-01-16,— Millî Eğitim Bakanlığı Sicil Amirleri Yönetmeliğinde Değişiklik Yapılmasına Dair Yönetmelik,https://www.resmigazete.gov.tr/eskiler/2009/01/20090116-8.htm
2009-01-16,— Millî Eğitim Bakanlığı Disiplin Amirleri Yönetmeliğinde Değişiklik Yapılmasına Dair Yönetmelik,https://www.resmigazete.gov.tr/eskiler/2009/01/20090116-9.htm
2009-01-16,— Karayolu Taşıma Yönetmeliğinde Değişiklik Yapılmasına Dair Yönetmelik,https://www.resmigazete.gov.tr/eskiler/2009/01/20090116-10.htm
2009-01-16,— Karayolu Taşımacılık Faaliyetleri Mesleki Yeterlilik Eğitimi Yönetmeliğinde Değişiklik Yapılmasına Dair Yönetmelik,https://www.resmigazete.gov.tr/eskiler/2009/01/20090116-11.htm
2009-01-16,— Özelleştirme Yüksek Kurulunun 14/1/2009 Tarihli ve 2009/01 Sayılı Kararı,https://www.resmigazete.gov.tr/eskiler/2009/01/20090116-12.htm
2009-01-16,— Özelleştirme Yüksek Kurulunun 14/1/2009 Tarihli ve 2009/02 Sayılı Kararı,https://www.resmigazete.gov.tr/eskiler/2009/01/20090116-13.htm
2009-01-16,— Özelleştirme Yüksek Kurulunun 14/1/2009 Tarihli ve 2009/03 Sayılı Kararı,https://www.resmigazete.gov.tr/eskiler/2009/01/20090116-14.htm
2009-01-17,2008/14537 Makine ve Kimya Endüstrisi Kurumu Genel Müdürlüğü ile Türkiye Kömür İşletmeleri Kurumu Genel Müdürlüğüne Ait Kadrolarda Değişiklik Yapılması Hakkında Karar,https://www.resmigazete.gov.tr/eskiler/2009/01/20090117-1.htm
2009-01-17,2009/14577 Beşeri İlaçların Fiyatlandırılmasına Dair Kararda Değişiklik Yapılması Hakkında Karar,https://www.resmigazete.gov.tr/eskiler/2009/01/20090117-2.htm
2009-01-17,"— Devlet Bakanı ve Başbakan Yardımcısı Nazım EKREN’e, Devlet Bakanı Mehmet ŞİMŞEK’in Vekâlet Etmesine Dair Tezkere",https://www.resmigazete.gov.tr/eskiler/2009/01/20090117-3.htm
2009-01-17,"— Enerji ve Tabii Kaynaklar Bakanlığına, Ulaştırma Bakanı Binali YILDIRIM’ın Vekâlet Etmesine Dair Tezkere",https://www.resmigazete.gov.tr/eskiler/2009/01/20090117-4.htm
2009-01-17,— Hakimler ve Savcılar Yüksek Kuruluna Ait Kararlar,https://www.resmigazete.gov.tr/eskiler/2009/01/20090117-5.htm
2009-01-17,— Bireysel Kredilerle Bağlantılı Sigortalar Uygulama Esasları Yönetmeliği,https://www.resmigazete.gov.tr/eskiler/2009/01/20090117-6.htm
2009-01-17,— Gümrük Yönetmeliğinde Değişiklik Yapılmasına Dair Yönetmelik,https://www.resmigazete.gov.tr/eskiler/2009/01/20090117-7.htm
2009-01-17,— Türk Gıda Kodeksi Yönetmeliğinde Değişiklik Yapılmasına Dair Yönetmelik,https://www.resmigazete.gov.tr/eskiler/2009/01/20090117-8.htm
2009-01-17,— Etkin Piyasa Gücüne Sahip İşletmecilerin Belirlenmesine İlişkin Usul ve Esaslar Hakkında Yönetmelikte Değişiklik Yapılmasına Dair Yönetmelik,https://www.resmigazete.gov.tr/eskiler/2009/01/20090117-9.htm
2009-01-17,— Vergi Usul Kanunu Genel Tebliği (Sıra No: 390),https://www.resmigazete.gov.tr/eskiler/2009/01/20090117-10.htm
2009-01-17,— Çevre Amaçlı Tarımsal Arazilerin Korunması Programını Tercih Eden Üreticilerin Desteklenmesine Dair Kararın Uygulanmasına İlişkin Tebliğ (No: 2009/3),https://www.resmigazete.gov.tr/eskiler/2009/01/20090117-11.htm
2009-01-17,— 2821 Sayılı Sendikalar Kanunu Gereğince İşkollarındaki İşçi Sayıları ve Sendikaların Üye Sayılarına İlişkin 2009 Ocak Ayı İstatistikleri Hakkında Tebliğ,https://www.resmigazete.gov.tr/eskiler/2009/01/20090117-12.htm
2009-01-17,— 2008 Yılı Sosyal Güvenlik Kurumu Sağlık Uygulama Tebliğinde Değişiklik Yapılmasına Dair Tebliğ,https://www.resmigazete.gov.tr/eskiler/2009/01/20090117-13.htm
2009-01-17,— Yüksek Seçim Kurulunun 3/1/2009 Tarihli ve 1 Sayılı Kararı,https://www.resmigazete.gov.tr/eskiler/2009/01/20090117-14.htm
2009-01-18,2008/14503 Türkiye Cumhuriyeti Hükümeti ile Birleşmiş Milletler Kalkınma Programı Arasında İmzalanan “Güney-Güney İşbirliği ve Yükselmekte Olan Yardım Verici Ülke Rolleri Arasında Köprü Oluşturmak: Türkiye’nin Uluslararası Kalkınma İşbirliğine Katılımını Güçlendirmek 2007-2010” Başlıklı Proje Belgesi ve Eklerinin Onaylanması Hakkında Karar,https://www.resmigazete.gov.tr/eskiler/2009/01/20090118-1.htm
2009-01-18,"— Başbakanlığa, Devlet Bakanı ve Başbakan Yardımcısı Hayati YAZICI’nın Vekâlet Etmesine Dair Tezkere",https://www.resmigazete.gov.tr/eskiler/2009/01/20090118-2.htm
2009-01-18,"— Devlet Bakanı Mustafa Said YAZICIOĞLU’na, Devlet Bakanı Mehmet AYDIN’ın Vekâlet Etmesine Dair Tezkere",https://www.resmigazete.gov.tr/eskiler/2009/01/20090118-3.htm
2009-01-18,"— Devlet Bakanı Egemen BAĞIŞ’a, Devlet Bakanı Nimet ÇUBUKÇU’nun Vekâlet Etmesine Dair Tezkere",https://www.resmigazete.gov.tr/eskiler/2009/01/20090118-4.htm
2009-01-18,"— Dışişleri Bakanlığına, İçişleri Bakanı Beşir ATALAY’ın Vekâlet Etmesine Dair Tezkere",https://www.resmigazete.gov.tr/eskiler/2009/01/20090118-5.htm
2009-01-18,— Artvin Çoruh Üniversitesi Lisansüstü Eğitim-Öğretim ve Sınav Yönetmeliği,https://www.resmigazete.gov.tr/eskiler/2009/01/20090118-6.htm
2009-01-18,Tıklayınız 18/1/2009 tarihli ve 27114 sayılı mükerrer Resmî Gazete'de; Cumhurbaşkanlığına Vekâlet Etme İşlemi yayımlanmıştır.,http://www.resmigazete.gov.tr/eskiler/2009/01/20090118M1.htm
2009-01-19,2008/14561 Türkiye Cumhuriyeti Hükümeti ile Endonezya Cumhuriyeti Hükümeti Arasında İmzalanan “Ekonomik ve Teknik İşbirliği Karma Komisyonu Yedinci Dönem Toplantısı Mutabakat Zaptı”nın Onaylanması Hakkında Karar,https://www.resmigazete.gov.tr/eskiler/2009/01/20090119-1.htm
2009-01-19,"— Devlet Bakanı Mehmet ŞİMŞEK’e, Maliye Bakanı Kemal UNAKITAN’ın Vekâlet Etmesine Dair Tezkere",https://www.resmigazete.gov.tr/eskiler/2009/01/20090119-2.htm
2009-01-20,2009/14551 Avrupa Topluluğu’nun Rekabet Edebilirlik ve Yenilik Çerçeve Programı’nın (2007-2013) Girişimcilik ve Yenilik Özel Programına Türkiye Cumhuriyeti’nin Katılımı Konusunda Türkiye Cumhuriyeti ile Avrupa Topluluğu Arasında Mutabakat Zaptı”nın Onaylanması Hakkında Karar,https://www.resmigazete.gov.tr/eskiler/2009/01/20090120-1.htm
2009-01-20,"— Devlet Bakanı Kürşad TÜZMEN'e, Ulaştırma Bakanı Binali YILDIRIM’ın Vekâlet Etmesine Dair Tezkere",https://www.resmigazete.gov.tr/eskiler/2009/01/20090120-2.htm
2009-01-20,"— Milli Eğitim Bakanlığına, Sağlık Bakanı Recep AKDAĞ’ın Vekâlet Etmesine Dair Tezkere",https://www.resmigazete.gov.tr/eskiler/2009/01/20090120-3.htm
2009-01-20,— Yüzüncü Yıl Üniversitesi Lisansüstü Eğitim-Öğretim Yönetmeliği,https://www.resmigazete.gov.tr/eskiler/2009/01/20090120-4.htm
2009-01-20,— Tedavi Yardımına İlişkin Uygulama Tebliği (Sıra No: 4),https://www.resmigazete.gov.tr/eskiler/2009/01/20090120-5.htm
2009-01-20,— Tedavi Katılım Payının Uygulanması Hakkında Tebliğ (Sıra No: 5),https://www.resmigazete.gov.tr/eskiler/2009/01/20090120-6.htm
2009-01-21,"— Adalet Bakanlığına, Devlet Bakanı ve Başbakan Yardımcısı Cemil ÇİÇEK’in Vekâlet Etmesine Dair Tezkere",https://www.resmigazete.gov.tr/eskiler/2009/01/20090121-1.htm
2009-01-21,— Taksi ve Servis Otobüsleri İşletmeleri Telsiz Sistemleri Yönetmeliğinin Yürürlükten Kaldırılmasına Dair Yönetmelik,https://www.resmigazete.gov.tr/eskiler/2009/01/20090121-2.htm
2009-01-21,— Gaziantep Üniversitesi Lisansüstü Eğitim-Öğretim ve Sınav Yönetmeliğinde Değişiklik Yapılmasına Dair Yönetmelik,https://www.resmigazete.gov.tr/eskiler/2009/01/20090121-3.htm
2009-01-21,— İstanbul Bilim Üniversitesi Lisansüstü Eğitim-Öğretim ve Sınav Yönetmeliği,https://www.resmigazete.gov.tr/eskiler/2009/01/20090121-4.htm
2009-01-21,"— Marmara Üniversitesi Geleneksel El Sanatları ve Tasarım Araştırma, Geliştirme ve Merkezi Yönetmeliğinde Değişiklik Yapılmasına Dair Yönetmelik",https://www.resmigazete.gov.tr/eskiler/2009/01/20090121-5.htm
2009-01-21,— Sigorta Tahkim Usûlü ve Sigorta Hakemlerine İlişkin Tebliğ (No: 2009/1),https://www.resmigazete.gov.tr/eskiler/2009/01/20090121-6.htm
2009-01-21,— Sigorta ve Reasürans ile Emeklilik Şirketlerinin Teknik Karşılıklarının Yatırılacağı Yabancı Varlıklara İlişkin Tebliğ,https://www.resmigazete.gov.tr/eskiler/2009/01/20090121-7.htm
2009-01-21,— İran Menşeli Naylon Tekstürize İplik İthalatına Yönelik Olarak Gözetim Önlemi Alınmasına İlişkin 2001/6 Sayılı Tebliğ’in Yürürlükten Kaldırılmasına İlişkin Tebliğ,https://www.resmigazete.gov.tr/eskiler/2009/01/20090121-8.htm
2009-01-21,— İthalatta Gözetim Uygulanmasına İlişkin 2004/21 Sayılı Tebliğ’in Yürürlükten Kaldırılmasına İlişkin Tebliğ,https://www.resmigazete.gov.tr/eskiler/2009/01/20090121-9.htm
2009-01-21,— İthalatta Gözetim Uygulanmasına İlişkin 2005/11 Sayılı Tebliğ’in Yürürlükten Kaldırılmasına İlişkin Tebliğ,https://www.resmigazete.gov.tr/eskiler/2009/01/20090121-10.htm
2009-01-21,— İthalatta Gözetim Uygulanmasına İlişkin 2007/13 Sayılı Tebliğ’de Değişiklik Yapılması Hakkında Tebliğ,https://www.resmigazete.gov.tr/eskiler/2009/01/20090121-11.htm
2009-01-21,"— Oydan Yoksun Paylara İlişkin Esaslar Tebliği (Seri: I, No: 36)",https://www.resmigazete.gov.tr/eskiler/2009/01/20090121-12.htm
2009-01-21,"— Borçlanma Araçlarının Kurul Kaydına Alınması ve Satışına İlişkin Esaslar Hakkında Tebliğ (Seri: II, No: 22)",https://www.resmigazete.gov.tr/eskiler/2009/01/20090121-13.htm
2009-01-21,"— Ortaklık Varantlarının Kurul Kaydına Alınmasına ve Alım Satım İşlemlerine İlişkin Esaslar Tebliği (Seri: III, No: 36)",https://www.resmigazete.gov.tr/eskiler/2009/01/20090121-14.htm
2009-01-21,"— Girişim Sermayesi Yatırım Ortaklıklarına İlişkin Esaslar Tebliğinde Değişiklik Yapılmasına Dair Tebliğ (Seri: VI, No: 23)",https://www.resmigazete.gov.tr/eskiler/2009/01/20090121-15.htm
2009-01-21,"— Yatırım Fonlarına İlişkin Esaslar Tebliğinde Değişiklik Yapılmasına Dair Tebliğ (Seri: VII, No: 37)",https://www.resmigazete.gov.tr/eskiler/2009/01/20090121-16.htm
2009-01-21,DÜZELTME (2872 Sayılı Çevre Kanunu Uyarınca Verilecek İdari Para Cezalarına İlişkin Tebliğ ile İlgili),https://www.resmigazete.gov.tr/eskiler/2009/01/20090121-17.htm
2009-01-22,— Tarım ve Köyişleri Bakanlığına Ait Atama Kararı,https://www.resmigazete.gov.tr/eskiler/2009/01/20090122-7.htm
2009-01-22,— Zirai Karantina İnspektör Yönetmeliği,https://www.resmigazete.gov.tr/eskiler/2009/01/20090122-1.htm
2009-01-22,— Çiftlik Muhasebe Veri Ağı Sisteminin Kuruluş ve Çalışma Usul ve Esasları Hakkında Yönetmelik,https://www.resmigazete.gov.tr/eskiler/2009/01/20090122-2.htm
2009-01-22,— Sanayi ve Ticaret Bakanlığı Personelinin Yetiştirilmek Amacıyla Yurtdışına Gönderilmeleri Hakkında Yönetmelik,https://www.resmigazete.gov.tr/eskiler/2009/01/20090122-3.htm
2009-01-22,— İthalatta Gözetim Uygulanmasına İlişkin 2007/26 Sayılı Tebliğ’de Değişiklik Yapılması Hakkında Tebliğ,https://www.resmigazete.gov.tr/eskiler/2009/01/20090122-4.htm
2009-01-22,— İthalatta Gözetim Uygulanmasına İlişkin Tebliğ (No: 2009/3),https://www.resmigazete.gov.tr/eskiler/2009/01/20090122-5.htm
2009-01-22,— İthalatta Gözetim Uygulanmasına İlişkin Tebliğ (No: 2009/4),https://www.resmigazete.gov.tr/eskiler/2009/01/20090122-6.htm
2009-01-23,5832 Dernekler Kanununda Değişiklik Yapılmasına Dair Kanun,https://www.resmigazete.gov.tr/eskiler/2009/01/20090123-1.htm
2009-01-23,2008/14569 Resmi İlan Fiyatlarının Tespit Edilmesi Hakkında Karar,https://www.resmigazete.gov.tr/eskiler/2009/01/20090123-2.htm
2009-01-23,2008/14575 Millî Eğitim Bakanlığı Yönetici ve Öğretmenlerinin Ders ve Ek Ders Saatlerine İlişkin Kararda Değişiklik Yapılmasına Dair Karar,https://www.resmigazete.gov.tr/eskiler/2009/01/20090123-3.htm
2009-01-23,"— Devlet Bakanı Mehmet ŞİMŞEK’e, Maliye Bakanı Kemal UNAKITAN’ın Vekâlet Etmesine Dair Tezkerenin Amerika Birleşik Devletleri Kısmının İptaline Dair Tezkere",https://www.resmigazete.gov.tr/eskiler/2009/01/20090123-4.htm
2009-01-23,2009/14578 Kuzey Kıbrıs Türk Cumhuriyeti Nezdinde Türkiye Cumhuriyeti Büyükelçisi Şakir FAKILI’nın Atanması Hakkında Karar,https://www.resmigazete.gov.tr/eskiler/2009/01/20090123-5.htm
2009-01-23,"— Milli Savunma, Bayındırlık ve İskan, Sağlık, Ulaştırma, Tarım ve Köyişleri, Sanayi ve Ticaret ile Çevre ve Orman Bakanlıklarına Ait Atama Kararları",https://www.resmigazete.gov.tr/eskiler/2009/01/20090123-6.htm
2009-01-23,— Sanayi ve Ticaret Bakanlığına Ait Görevden Alma Kararı,https://www.resmigazete.gov.tr/eskiler/2009/01/20090123-7.htm
2009-01-23,— İdari Bağlılığın Değiştirilmesine Dair Karar,https://www.resmigazete.gov.tr/eskiler/2009/01/20090123-8.htm
2009-01-23,— Bankalarca Kredilerin ve Diğer Alacakların Niteliklerinin Belirlenmesi ve Bunlar İçin Ayrılacak Karşılıklara İlişkin Usul ve Esaslar Hakkında Yönetmelikte Değişiklik Yapılmasına İlişkin Yönetmelik,https://www.resmigazete.gov.tr/eskiler/2009/01/20090123-9.htm
2009-01-23,Bankaların Likidite Yeterliliğinin Ölçülmesine ve Değerlendirilmesine İlişkin Yönetmelikte Değişiklik Yapılmasına İlişkin Yönetmelik,https://www.resmigazete.gov.tr/eskiler/2009/01/20090123-10.htm
2009-01-23,— Bankaların İzne Tabi İşlemleri ile Dolaylı Pay Sahipliğine İlişkin Yönetmelikte Değişiklik Yapılmasına İlişkin Yönetmelik,https://www.resmigazete.gov.tr/eskiler/2009/01/20090123-11.htm
2009-01-23,— Heliport Yapım ve İşletim Yönetmeliği (SHY-14B),https://www.resmigazete.gov.tr/eskiler/2009/01/20090123-12.htm
2009-01-23,— İthalatta Gözetim Uygulanmasına İlişkin 2009/1 Sayılı Tebliğde Değişiklik Yapılması Hakkında Tebliğ,https://www.resmigazete.gov.tr/eskiler/2009/01/20090123-13.htm
2009-01-23,— Bankacılık Düzenleme ve Denetleme Kurulunun 2991 Sayılı Kararı,https://www.resmigazete.gov.tr/eskiler/2009/01/20090123-14.htm
2009-01-23,— Bankacılık Düzenleme ve Denetleme Kurulunun 2995 Sayılı Kararı,https://www.resmigazete.gov.tr/eskiler/2009/01/20090123-15.htm
2009-01-24,2009/14570 Bazı Mahalli İdare Birliklerinin Kurulmasına İzin Verilmesi Hakkında Karar,https://www.resmigazete.gov.tr/eskiler/2009/01/20090124-1.htm
2009-01-24,— Refik Saydam Hıfzıssıhha Merkezi Başkanlığı Personeli Görevde Yükselme ve Unvan Değişikliği Yönetmeliğinde Değişiklik Yapılmasına Dair Yönetmelik,https://www.resmigazete.gov.tr/eskiler/2009/01/20090124-2.htm
2009-01-24,— Türkiye Kick Boks Federasyonu Ana Statüsünde Değişiklik Yapılmasına Dair Ana Statü,https://www.resmigazete.gov.tr/eskiler/2009/01/20090124-3.htm
2009-01-24,— 2009 Yılı Merkezi Yönetim Bütçe Uygulama Tebliği (Sıra No: 6),https://www.resmigazete.gov.tr/eskiler/2009/01/20090124-4.htm
2009-01-24,"— 2009 Yılı Serbest Muhasebecilik, Serbest Muhasebeci Mali Müşavirlik ve Yeminli Mali Müşavirlik Asgari Ücret Tarifesi",https://www.resmigazete.gov.tr/eskiler/2009/01/20090124-5.pdf
2009-01-24,— Beşeri İlaçların Fiyatlandırılması Hakkında Tebliğde Değişiklik Yapılmasına Dair Tebliğ,https://www.resmigazete.gov.tr/eskiler/2009/01/20090124-6.htm
2009-01-24,— Kooperatifler ve Üst Kuruluşlarının Genel Kurul Toplantılarına Bakanlık Temsilcisi Görevlendirilmesi İşlemlerinde Uyulması Gerekli Usul ve Esaslara İlişkin Tebliğ,https://www.resmigazete.gov.tr/eskiler/2009/01/20090124-7.htm
2009-01-24,— İthalatta Gözetim Uygulanmasına İlişkin 2004/3 Sayılı Tebliğ’de Değişiklik Yapılması Hakkında Tebliğ,https://www.resmigazete.gov.tr/eskiler/2009/01/20090124-8.htm
2009-01-24,— İthalatta Gözetim Uygulanmasına İlişkin 2006/15 Sayılı Tebliğ’de Değişiklik Yapılması Hakkında Tebliğ,https://www.resmigazete.gov.tr/eskiler/2009/01/20090124-9.htm
2009-01-24,— İthalatta Gözetim Uygulanmasına İlişkin 2007/2 Sayılı Tebliğ’de Değişiklik Yapılmasına İlişkin Tebliğ,https://www.resmigazete.gov.tr/eskiler/2009/01/20090124-10.htm
2009-01-24,— İthalatta Gözetim Uygulanmasına İlişkin 2007/14 Sayılı Tebliğ’de Değişiklik Yapılması Hakkında Tebliğ,https://www.resmigazete.gov.tr/eskiler/2009/01/20090124-11.htm
2009-01-24,— İthalatta Gözetim Uygulanmasına İlişkin 2007/15 Sayılı Tebliğ’de Değişiklik Yapılması Hakkında Tebliğ,https://www.resmigazete.gov.tr/eskiler/2009/01/20090124-12.htm
2009-01-24,— İthalatta Gözetim Uygulanmasına İlişkin 2007/35 Sayılı Tebliğ’de Değişiklik Yapılması Hakkında Tebliğ,https://www.resmigazete.gov.tr/eskiler/2009/01/20090124-13.htm
2009-01-24,— İthalatta Gözetim Uygulanmasına İlişkin 2007/36 Sayılı Tebliğ’de Değişiklik Yapılması Hakkında Tebliğ,https://www.resmigazete.gov.tr/eskiler/2009/01/20090124-14.htm
2009-01-24,— İthalatta Gözetim Uygulanmasına İlişkin 2007/37 Sayılı Tebliğ’de Değişiklik Yapılması Hakkında Tebliğ,https://www.resmigazete.gov.tr/eskiler/2009/01/20090124-15.htm
2009-01-24,— İthalatta Gözetim Uygulanmasına İlişkin 2008/6 Sayılı Tebliğ’de Değişiklik Yapılması Hakkında Tebliğ,https://www.resmigazete.gov.tr/eskiler/2009/01/20090124-16.htm
2009-01-24,— İthalatta Gözetim Uygulanmasına İlişkin Tebliğ (No: 2009/2),https://www.resmigazete.gov.tr/eskiler/2009/01/20090124-17.htm
2009-01-24,— Ticari Kalite Denetim Yeterlik Belgesi İptaline İlişkin Tebliğ (No: 2009/21),https://www.resmigazete.gov.tr/eskiler/2009/01/20090124-18.htm
2009-01-24,— Bankalarda Bilgi Sistemleri Yönetiminde Esas Alınacak İlkelere İlişkin Tebliğde Değişiklik Yapılmasına Dair Tebliğ,https://www.resmigazete.gov.tr/eskiler/2009/01/20090124-19.htm
2009-01-24,— Özelleştirme İdaresi Başkanlığının 23/1/2009 Tarihli ve 2009/08 Sayılı Kararı,https://www.resmigazete.gov.tr/eskiler/2009/01/20090124-20.htm
2009-01-24,"— Anayasa Mahkemesinin E: 2004/70 (Yürürlüğü Durdurma), K: 2009/2 Sayılı Kararı (2872 ve 3213 Sayılı Kanunlarda Değişiklik Yapan 26/5/2004 Tarihli ve 5177 Sayılı Kanun ile İlgili)",https://www.resmigazete.gov.tr/eskiler/2009/01/20090124-21.htm
2009-01-25,2009/14576 Uluslararası İmar ve Kalkınma Bankasından Sağlanan Krediye İlişkin Türkiye Cumhuriyeti ile Adı Geçen Banka Arasında İmzalanan Anlaşma ve Eki Mektubun Yürürlüğe Girmesi Hakkında Karar,https://www.resmigazete.gov.tr/eskiler/2009/01/20090125-1.htm
2009-01-25,"— Dışişleri Bakanlığına, Devlet Bakanı Mustafa Said YAZICIOĞLU’nun Vekâlet Etmesine Dair Tezkere",https://www.resmigazete.gov.tr/eskiler/2009/01/20090125-2.htm
2009-01-25,"— Tarım ve Köyişleri Bakanlığına, Sanayi ve Ticaret Bakanı Mehmet Zafer ÇAĞLAYAN’ın Vekâlet Etmesine Dair Tezkere",https://www.resmigazete.gov.tr/eskiler/2009/01/20090125-3.htm
2009-01-25,— Tarımsal Üretime Yönelik Düşük Faizli Yatırım ve İşletme Kredisi Kullandırılmasına İlişkin Uygulama Esasları Tebliği (No: 2009/15),https://www.resmigazete.gov.tr/eskiler/2009/01/20090125-4.htm
2009-01-25,— Yurtiçi Sertifikalı Tohumluk Üretimlerinin Desteklenmesi Hakkında Tebliğde Değişiklik Yapılmasına Dair Tebliğ (No: 2009/16),https://www.resmigazete.gov.tr/eskiler/2009/01/20090125-5.htm
2009-01-25,— Sertifikalı Tohum Kullanımı ve Sertifikalı Meyve/Asma Fidanı/Çilek Fidesi ile Kapama Bağ/Bahçe Tesisi Desteklemeleri Hakkında Tebliğde Değişiklik Yapılmasına Dair Tebliğ (No: 2009/17),https://www.resmigazete.gov.tr/eskiler/2009/01/20090125-6.htm
2009-01-25,— Tütün Üretiminden Vazgeçip Alternatif Ürün Yetiştiren Üreticilerin Desteklenmesine Dair Kararın Uygulanmasına İlişkin Tebliğde Değişiklik Yapılmasına Dair Tebliğ (No: 2009/18),https://www.resmigazete.gov.tr/eskiler/2009/01/20090125-7.htm
2009-01-25,— 2008 Yılı Ürünü Hububat ve Baklagil Üreticilerine Destekleme Primi Ödenmesine Dair Bakanlar Kurulu Kararı Uygulama Tebliğinde Değişiklik Yapılmasına Dair Tebliğ (2009/19),https://www.resmigazete.gov.tr/eskiler/2009/01/20090125-8.htm
2009-01-25,"— 2008 Yılı Ürünü Kütlü Pamuk, Yağlık Ayçiçeği, Soya Fasulyesi, Kanola, Dane Mısır, Aspir ve Zeytinyağı Üreticilerine Destekleme Primi Ödenmesine İlişkin Bakanlar Kurulu Kararı Uygulama Tebliğinde Değişiklik Yapılmasına Dair Tebliğ (No: 2009/20)",https://www.resmigazete.gov.tr/eskiler/2009/01/20090125-9.htm
2009-01-25,— İşkolu Tespit Kararı (No: 2009/3),https://www.resmigazete.gov.tr/eskiler/2009/01/20090125-10.htm
2009-01-26,"— Devlet Bakanı Kürşad TÜZMEN’e, Devlet Bakanı Murat BAŞESGİOĞLU’nun Vekâlet Etmesine Dair Tezkere",https://www.resmigazete.gov.tr/eskiler/2009/01/20090126-1.htm
2009-01-26,"— Enerji ve Tabii Kaynaklar Bakanlığına, Kültür ve Turizm Bakanı Ertuğrul GÜNAY’ın Vekâlet Etmesine Dair Tezkere",https://www.resmigazete.gov.tr/eskiler/2009/01/20090126-2.htm
2009-01-26,— İstanbul Üniversitesi Siyasal Bilgiler Fakültesi Lisans Öğretim ve Sınav Yönetmeliğinde Değişiklik Yapılmasına Dair Yönetmelik,https://www.resmigazete.gov.tr/eskiler/2009/01/20090126-3.htm
2009-01-26,— Marmara Üniversitesi Uzaktan Eğitim Uygulama ve Araştırma Merkezi Yönetmeliği,https://www.resmigazete.gov.tr/eskiler/2009/01/20090126-4.htm
2009-01-26,— Zonguldak Karaelmas Üniversitesi Tıp Fakültesi Eğitim-Öğretim ve Sınav Yönetmeliğinde Değişiklik Yapılmasına Dair Yönetmelik,https://www.resmigazete.gov.tr/eskiler/2009/01/20090126-5.htm
2009-01-26,— İthalatta Kota ve Tarife Kontenjanı İdaresine İlişkin 2006/5 Sayılı Tebliğ’de Değişiklik Yapılması Hakkında Tebliğ,https://www.resmigazete.gov.tr/eskiler/2009/01/20090126-6.htm
2009-01-26,— İthalatta Kota ve Tarife Kontenjanı İdaresine İlişkin 2006/6 Sayılı Tebliğ’de Değişiklik Yapılması Hakkında Tebliğ,https://www.resmigazete.gov.tr/eskiler/2009/01/20090126-7.htm
2009-01-26,— İthalatta Kota ve Tarife Kontenjanı İdaresine İlişkin 2006/7 Sayılı Tebliğ’de Değişiklik Yapılması Hakkında Tebliğ,https://www.resmigazete.gov.tr/eskiler/2009/01/20090126-8.htm
2009-01-26,— İthalatta Kota ve Tarife Kontenjanı İdaresine İlişkin 2006/8 Sayılı Tebliğ’de Değişiklik Yapılması Hakkında Tebliğ,https://www.resmigazete.gov.tr/eskiler/2009/01/20090126-9.htm
2009-01-26,— İthalatta Kota ve Tarife Kontenjanı İdaresine İlişkin 2007/1 Sayılı Tebliğ’de Değişiklik Yapılması Hakkında Tebliğ,https://www.resmigazete.gov.tr/eskiler/2009/01/20090126-10.htm
2009-01-26,— İthalatta Kota ve Tarife Kontenjanı İdaresine İlişkin 2008/1 Sayılı Tebliğ’de Değişiklik Yapılması Hakkında Tebliğ,https://www.resmigazete.gov.tr/eskiler/2009/01/20090126-11.htm
2009-01-26,— İthalatta Kota ve Tarife Kontenjanı İdaresine İlişkin 2008/2 Sayılı Tebliğ’de Değişiklik Yapılması Hakkında Tebliğ,https://www.resmigazete.gov.tr/eskiler/2009/01/20090126-12.htm
2009-01-26,— İthalatta Kota ve Tarife Kontenjanı İdaresine İlişkin 2008/4 Sayılı Tebliğ’de Değişiklik Yapılması Hakkında Tebliğ,https://www.resmigazete.gov.tr/eskiler/2009/01/20090126-13.htm
2009-01-26,— İthalatta Kota ve Tarife Kontenjanı İdaresine İlişkin 2008/5 Sayılı Tebliğ’de Değişiklik Yapılması Hakkında Tebliğ,https://www.resmigazete.gov.tr/eskiler/2009/01/20090126-14.htm
2009-01-27,5831 Tapu Kanunu ile Bazı Kanunlarda Değişiklik Yapılmasına Dair Kanun,https://www.resmigazete.gov.tr/eskiler/2009/01/20090127-1.htm
2009-01-27,"Devlet Bakanı Mehmet ŞİMŞEK'e, Devlet Bakanı ve Başbakan Yardımcısı Nazım EKREN'in Vek â let Etmesine Dair Tezkere",https://www.resmigazete.gov.tr/eskiler/2009/01/20090127-2.htm
2009-01-27,"Dışişleri Bakanı Ali BABACAN'a, İçişleri Bakanı Beşir ATALAY'ın Vek â let Etmesine Dair Tezkere",https://www.resmigazete.gov.tr/eskiler/2009/01/20090127-3.htm
2009-01-27,"— Devlet Bakanı ve Başbakan Yardımcılığı, İçişleri, Maliye ile Ulaştırma Bakanlıklarına Ait Atama Kararları",https://www.resmigazete.gov.tr/eskiler/2009/01/20090127-4.htm
2009-01-27,— İdari Bağlılığın Değiştirilmesi Hakkında Karar,https://www.resmigazete.gov.tr/eskiler/2009/01/20090127-5.htm
2009-01-27,— İşkolu Tespit Kararı (No: 2009/4),https://www.resmigazete.gov.tr/eskiler/2009/01/20090127-6.htm
2009-01-27,— İşkolu Tespit Kararı (No: 2009/5),https://www.resmigazete.gov.tr/eskiler/2009/01/20090127-7.htm
2009-01-27,— Kamu Görevlileri Etik Kurulunun 26/12/2008 Tarihli ve 2008/206 sayılı Kararı,https://www.resmigazete.gov.tr/eskiler/2009/01/20090127-8.htm
2009-01-28,— 5833 Markaların Korunması Hakkında Kanun Hükmünde Kararnamede Değişiklik Yapılmasına Dair Kanun,https://www.resmigazete.gov.tr/eskiler/2009/01/20090128-1.htm
2009-01-28,— 5834 Karşılıksız Çek ve Prostestolu Senetler ile Kredi ve Kredi Kartları Borçlarına İlişkin Kayıtların Dikkate Alınmaması Hakkında Kanun,https://www.resmigazete.gov.tr/eskiler/2009/01/20090128-2.htm
2009-01-28,"— Başbakanlığa, Devlet Bakanı ve Başbakan Yardımcısı Cemil ÇİÇEK’in Vekâlet Etmesine Dair Tezkere",https://www.resmigazete.gov.tr/eskiler/2009/01/20090128-3.htm
2009-01-28,"— Devlet Bakanı Mehmet AYDIN’a, Devlet Bakanı Mustafa Said YAZICIOĞLU’nun Vekâlet Etmesine Dair Tezkere",https://www.resmigazete.gov.tr/eskiler/2009/01/20090128-4.htm
2009-01-28,"— Devlet Bakanı Egemene BAĞIŞ’a, Sanayi ve Ticaret Bakanı Mehmet Zafer ÇAĞLAYAN’ın Vekâlet Etmesine Dair Tezkere",https://www.resmigazete.gov.tr/eskiler/2009/01/20090128-5.htm
2009-01-28,"— Yükseköğretim Kurulu Üyeliğine, Prof. Dr. Atilla ERİŞ’in Yeniden Seçilmesine Dair Karar",https://www.resmigazete.gov.tr/eskiler/2009/01/20090128-6.htm
2009-01-28,— Erzincan Üniversitesi Önlisans ve Lisans Eğitim-Öğretim ve Sınav Yönetmeliğinde Değişiklik Yapılmasına Dair Yönetmelik,https://www.resmigazete.gov.tr/eskiler/2009/01/20090128-7.htm
2009-01-28,— İstanbul Üniversitesi Lisansüstü Eğitim ve Öğretim Yönetmeliğinde Değişiklik Yapılmasına Dair Yönetmelik,https://www.resmigazete.gov.tr/eskiler/2009/01/20090128-8.htm
2009-01-28,— Yeditepe Üniversitesi Yeditepe Göz Hastalıkları Araştırma ve Uygulama Merkezi Yönetmeliğinde Değişiklik Yapılmasına Dair Yönetmelik,https://www.resmigazete.gov.tr/eskiler/2009/01/20090128-9.htm
2009-01-28,— Kültür Yatırımı ve Girişimlerinde Teşvik Kapsamında Çalıştırılacak Personele İlişkin Usul ve Esaslara Dair Tebliğ,https://www.resmigazete.gov.tr/eskiler/2009/01/20090128-10.htm
2009-01-28,— Dış Ticaret Sermaye Şirketlerine İlişkin Karar,https://www.resmigazete.gov.tr/eskiler/2009/01/20090128-11.htm
2009-01-28,— İhalelere Yönelik Başvurular Hakkında Tebliğ,https://www.resmigazete.gov.tr/eskiler/2009/01/20090128-12.htm
2009-01-28,— Yargıtay 2. Hukuk Dairesine Ait Karar,https://www.resmigazete.gov.tr/eskiler/2009/01/20090128-13.htm
2009-01-28,— Yargıtay 2. Hukuk Dairesine Ait Karar,https://www.resmigazete.gov.tr/eskiler/2009/01/20090128-14.htm
2009-01-28,— Yargıtay 2. Hukuk Dairesine Ait Karar,https://www.resmigazete.gov.tr/eskiler/2009/01/20090128-15.htm
2009-01-28,— Yargıtay 2. Hukuk Dairesine Ait Karar,https://www.resmigazete.gov.tr/eskiler/2009/01/20090128-16.htm
2009-01-29,2009/14597 Kuzey Atlantik Antlaşmasına Hırvatistan Cumhuriyeti’nin Katılımına İlişkin Protokol'ün Onaylanması Hakkında Karar,https://www.resmigazete.gov.tr/eskiler/2009/01/20090129-1.htm
2009-01-29,2009/14598 Kuzey Atlantik Antlaşmasına Arnavutluk Cumhuriyeti’nin Katılımına İlişkin Protokol'ün Onaylanması Hakkında Karar,https://www.resmigazete.gov.tr/eskiler/2009/01/20090129-2.htm
2009-01-29,— Millî Eğitim Bakanlığı Okul Kütüphaneleri Yönetmeliğinde Değişiklik Yapılmasına Dair Yönetmelik,https://www.resmigazete.gov.tr/eskiler/2009/01/20090129-3.htm
2009-01-29,— Millî Eğitim Bakanlığı Yayınlarının Standartlaştırılması ve Numaralandırılmasına İlişkin Yönetmelikte Değişiklik Yapılmasına Dair Yönetmelik,https://www.resmigazete.gov.tr/eskiler/2009/01/20090129-4.htm
2009-01-29,— 2008 Yılı Sosyal Güvenlik Kurumu Sağlık Uygulama Tebliğinde Değişiklik Yapılmasına Dair Tebliğ,https://www.resmigazete.gov.tr/eskiler/2009/01/20090129-5.htm
2009-01-29,— İhracat 2007/2 Sayılı Dahilde İşleme Rejimine İlişkin İşlemlerin Bilgisayar Veri İşleme Tekniği Yoluyla Yapılmasına Dair Tebliğ'de Değişiklik Yapılması Hakkında Tebliğ (İhracat: 2009/1),https://www.resmigazete.gov.tr/eskiler/2009/01/20090129-6.htm
2009-01-29,— Tekstil ve Konfeksiyon İthalatının Kayda Alınmasına İlişkin 2009/21 Sayılı Tebliğ’de Değişiklik Yapılması Hakkında Tebliğ,https://www.resmigazete.gov.tr/eskiler/2009/01/20090129-7.htm
2009-01-29,— 5627 Sayılı Enerji Verimliliği Kanunu’nun 10 uncu Maddesine ve 5326 Sayılı Kabahatler Kanunu’nun 3 üncü ve 17/7 nci Maddelerine Göre 2009 Yılında Uygulanacak Olan İdarî Para Cezalarına İlişkin Tebliğ (Sıra Numarası: 2009/1),https://www.resmigazete.gov.tr/eskiler/2009/01/20090129-8.htm
2009-01-29,— Tanker Temizleme Tesisleri Tebliği,https://www.resmigazete.gov.tr/eskiler/2009/01/20090129-9.htm
2009-01-29,"— Altyapı Gayrimenkul Yatırım Ortaklıklarına İlişkin Esaslar Tebliği (Seri: VI, No: 24)",https://www.resmigazete.gov.tr/eskiler/2009/01/20090129-10.htm
2009-01-29,"— Anayasa Mahkemesinin E: 2006/158, K: 2008/150 Sayılı Kararı (19/9/2006 Tarihli ve 5543 Sayılı Kanun ile İlgili)",https://www.resmigazete.gov.tr/eskiler/2009/01/20090129-11.htm
2009-01-29,"— Anayasa Mahkemesinin E: 2007/64, K: 2008/154 Sayılı Kararı (29/6/2006 Tarihli ve 5535 Sayılı Kanun ile İlgili)",https://www.resmigazete.gov.tr/eskiler/2009/01/20090129-12.htm
2009-01-29,"— Anayasa Mahkemesinin E: 2007/73, K: 2008/158 Sayılı Kararı (15/11/2000 Tarihli ve 4603 Sayılı Kanunda Değişiklik Yapan 18/4/2007 Tarihli ve 5626 Sayılı Kanun ile İlgili)",https://www.resmigazete.gov.tr/eskiler/2009/01/20090129-13.htm
2009-01-29,"— Anayasa Mahkemesinin E: 2008/46, K: 2008/163 Sayılı Kararı (22/11/2001 Tarihli ve 4721 Sayılı Kanun ile İlgili)",https://www.resmigazete.gov.tr/eskiler/2009/01/20090129-14.htm
2009-01-29,"— Anayasa Mahkemesinin E: 2004/2, K: 2008/5 Sayılı Kararı (2820 Sayılı Kanun ile İlgili)",https://www.resmigazete.gov.tr/eskiler/2009/01/20090129-15.htm
2009-01-29,"— Anayasa Mahkemesinin E: 2004/99, K: 2008/120 Sayılı Kararı (25/2/2003 Tarihli ve 4811 Sayılı Kanun ile İlgili)",https://www.resmigazete.gov.tr/eskiler/2009/01/20090129-16.htm
2009-01-29,"— Anayasa Mahkemesinin E: 2004/95, K: 2008/156 Sayılı Kararı (12/12/2003 Tarihli ve 5020 Sayılı Kanun ile İlgili)",https://www.resmigazete.gov.tr/eskiler/2009/01/20090129-17.htm
2009-01-29,"— Anayasa Mahkemesinin E: 2007/66, K: 2008/157 Sayılı Kararı (15/5/2007 Tarihli ve 5661 Sayılı Kanun ile İlgili)",https://www.resmigazete.gov.tr/eskiler/2009/01/20090129-18.htm
2009-01-29,"— Anayasa Mahkemesinin E: 2007/58, K: 2008/178 Sayılı Kararı (22/5/1930 Tarihli ve 1632 Sayılı Kanunda Değişiklik Yapan 14/6/1989 Tarihli ve 3574 Sayılı Kanun ile İlgili)",https://www.resmigazete.gov.tr/eskiler/2009/01/20090129-19.htm
2009-01-30,2009/14579 Kuzey Kıbrıs Türk Cumhuriyeti’ne Yapılacak Yolculuklarda Verilecek Gündeliklere Dair Karar ile Yurtdışı Gündeliklerine Dair Karar,https://www.resmigazete.gov.tr/eskiler/2009/01/20090130-1.htm
2009-01-30,"— Ege Üniversitesi Kaynak Teknolojisi Eğitim, Araştırma, Muayene, Uygulama ve Araştırma Merkezi Yönetmeliği",https://www.resmigazete.gov.tr/eskiler/2009/01/20090130-2.htm
2009-01-30,— Nesli Tehlike Altında Olan Yabani Hayvan ve Bitki Türlerinin Dış Ticaretine İlişkin Tebliğ (Dış Ticaret: 2009/1),https://www.resmigazete.gov.tr/eskiler/2009/01/20090130-3.htm
2009-01-30,— 2008 Yılı Aralık Ayına Ait Yatırım Teşvik Belgeleri Listesi,https://www.resmigazete.gov.tr/eskiler/2009/01/20090130-4.xls
2009-01-30,— 2008 Yılı Aralık Ayında Yabancı Sermayeli Firmaların Yatırımları İçin Verilen Yatırım Teşvik Belgeleri Listesi,https://www.resmigazete.gov.tr/eskiler/2009/01/20090130-5.xlsx
2009-01-30,— Kamu İhale Tebliği (No: 2009/1),https://www.resmigazete.gov.tr/eskiler/2009/01/20090130-6.htm
2009-01-30,"Tıklayınız 30/1/2009 tarihli ve 27126 sayılı mükerrer Resmî Gazete'de; 2009/14615 sayılı ""Tarımsal Desteklemelere İlişkin 2009 Yılı Bütçesinden Yapılacak Desteklemelerin Birim Fiyatlarından %10 Kesinti Yapılması Hakkında Karar"" yayımlanmıştır.",http://www.resmigazete.gov.tr/eskiler/2009/01/20090130M1.htm
2009-01-31,"2009/14599 2009 Yılı Yatırım Programında 2000D020100 Proje Numarası ile Yer Alan “Ermenek Barajı ve HES Barajı” Kapsamında, Ekli Haritada Gösterilen Baraj Göl Sahası ve Relokasyon Yolu Güzergahında Bulunan taşınmazların Devlet Su İşleri Genel Müdürlüğü Tarafından Acele Kamulaştırılması Hakkında Karar",https://www.resmigazete.gov.tr/eskiler/2009/01/20090131-1.htm
2009-01-31,— İthalatta Gözetim Uygulanması Yönetmeliğinde Değişiklik Yapılmasına Dair Yönetmelik,https://www.resmigazete.gov.tr/eskiler/2009/01/20090131-2.htm
2009-01-31,— İthalatta Kota ve Tarife Kontenjanı İdaresi Yönetmeliğinde Değişiklik Yapılmasına Dair Yönetmelik,https://www.resmigazete.gov.tr/eskiler/2009/01/20090131-3.htm
2009-01-31,— Türkiye Radyo-Televizyon Kurumu Reklâm Yönetmeliğinde Değişiklik Yapılmasına Dair Yönetmelik,https://www.resmigazete.gov.tr/eskiler/2009/01/20090131-4.htm
2009-01-31,— Doçentlik Sınav Yönetmeliği,https://www.resmigazete.gov.tr/eskiler/2009/01/20090131-5.htm
2009-01-31,— Özelleştirme Yüksek Kurulunun 30/1/2009 Tarihli ve 2009/ÖİB-K-01 Sayılı Kararı,https://www.resmigazete.gov.tr/eskiler/2009/01/20090131-6.htm
2009-01-31,— Özelleştirme Yüksek Kurulunun 30/1/2009 Tarihli ve 2009/ÖİB-K-02 Sayılı Kararı,https://www.resmigazete.gov.tr/eskiler/2009/01/20090131-7.htm
2009-01-31,— Peloidlerin Üretimi ve Satışı Hakkındaki Tebliğde Değişiklik Yapılmasına Dair Tebliğ,https://www.resmigazete.gov.tr/eskiler/2009/01/20090131-8.htm
2009-01-31,— 2008 Yılı Sosyal Güvenlik Kurumu Sağlık Uygulama Tebliğinde Değişiklik Yapılmasına Dair Tebliğ,https://www.resmigazete.gov.tr/eskiler/2009/01/20090131-9.htm
2009-02-01,"— Çalışma ve Sosyal Güvenlik Bakanlığına, Devlet Bakanı ve Başbakan Yardımcısı Hayati YAZICI’nın Vekâlet Etmesine Dair Tezkere",https://www.resmigazete.gov.tr/eskiler/2009/02/20090201-1.htm
2009-02-01,— Voleybol Türkiye Ligi Yönetmeliğinin Yürürlükten Kaldırılmasına Dair Yönetmelik,https://www.resmigazete.gov.tr/eskiler/2009/02/20090201-2.htm
2009-02-01,— Rahvan Binicilik Müsabaka Yönetmeliğinin Yürürlükten Kaldırılmasına Dair Yönetmelik,https://www.resmigazete.gov.tr/eskiler/2009/02/20090201-3.htm
2009-02-01,— Geleneksel Spor Dalları Federasyonu Atlı Cirit Müsabaka Yönetmeliğinin Yürürlükten Kaldırılmasına Dair Yönetmelik,https://www.resmigazete.gov.tr/eskiler/2009/02/20090201-4.htm
2009-02-01,— Binicilik Hakem Yönetmeliğinin Yürürlükten Kaldırılmasına Dair Yönetmelik,https://www.resmigazete.gov.tr/eskiler/2009/02/20090201-5.htm
2009-02-01,— Binicilik Federasyonu Konkur Atları Hakkında Yönetmeliğinin Yürürlükten Kaldırılmasına Dair Yönetmelik,https://www.resmigazete.gov.tr/eskiler/2009/02/20090201-6.htm
2009-02-01,— Binicilik Federasyonu Yarışma Yönetmeliğinin Yürürlükten Kaldırılmasına Dair Yönetmelik,https://www.resmigazete.gov.tr/eskiler/2009/02/20090201-7.htm
2009-02-01,— Güreş Hakem Yönetmeliğinin Yürürlükten Kaldırılmasına Dair Yönetmelik,https://www.resmigazete.gov.tr/eskiler/2009/02/20090201-8.htm
2009-02-01,— Memur ve İşçi Sayısı Beş Yüzden Fazla Olan Kamu ve Özel Sektör Kuruluşları ile Fabrikaların Yapmakla Mükellef Oldukları Spor Tesisleri Hakkında Yönetmeliğin Yürürlükten Kaldırılmasına Dair Yönetmelik,https://www.resmigazete.gov.tr/eskiler/2009/02/20090201-9.htm
2009-02-02,"— Gaziosmanpaşa Üniversitesi Lisansüstü Eğitim, Öğretim ve Sınav Yönetmeliğinde Değişiklik Yapılmasına Dair Yönetmelik",https://www.resmigazete.gov.tr/eskiler/2009/02/20090202-1.htm
2009-02-02,— Kırıkkale Üniversitesi Lisansüstü Eğitim-Öğretim ve Sınav Yönetmeliğinde Değişiklik Yapılmasına Dair Yönetmelik,https://www.resmigazete.gov.tr/eskiler/2009/02/20090202-2.htm
2009-02-02,— Ordu Üniversitesi Lisansüstü Eğitim-Öğretim ve Sınav Yönetmeliğinde Değişiklik Yapılmasına Dair Yönetmelik,https://www.resmigazete.gov.tr/eskiler/2009/02/20090202-3.htm
2009-02-02,— Yapı Malzemeleri Yönetmeliği (89/106/EC) Kapsamında Meyen Uluslararası Uygunluk Değerlendirme Hizmetleri Ltd. Şti.’nin Onaylanmış Kuruluş Olarak Görevlendirilmesine Dair Tebliğde Değişiklik Yapılmasına İlişkin Tebliğ (No: YİG-15/2009-01),https://www.resmigazete.gov.tr/eskiler/2009/02/20090202-4.htm
2009-02-02,— Yapı Malzemeleri Yönetmeliği (89/106/EEC) Kapsamında Türkiye Çimento Müstahsilleri Birliği - Kalite ve Çevre Kurulu İktisadi İşletmesinin Onaylanmış Kuruluş Olarak Görevlendirilmesine Dair Tebliğde Değişiklik Yapılmasına İlişkin Tebliğ (No: YİG-15/2009-02),https://www.resmigazete.gov.tr/eskiler/2009/02/20090202-5.htm
2009-02-02,— İşkolu Tespit Kararı (No: 2009/6),https://www.resmigazete.gov.tr/eskiler/2009/02/20090202-6.htm
2009-02-03,2008/14596 Emniyet Genel Müdürlüğünün Merkez Teşkilatında 1 Adet Daire Başkanlığı ve Bu Daire Başkanlığına Bağlı Olarak 5 Adet Şube Müdürlüğü Kurulması Hakkında Karar,https://www.resmigazete.gov.tr/eskiler/2009/02/20090203-1.htm
2009-02-03,2009/14580 22/7/2006 Tarihli ve 2006/10731 Sayılı Kararnamenin Eki Kararda Değişiklik Yapılmasına İlişkin Karar,https://www.resmigazete.gov.tr/eskiler/2009/02/20090203-2.htm
2009-02-03,2009/14592 193 Sayılı Gelir Vergisi Kanununun 94 üncü Maddesinde Yer Alan Tevkifat Nispetleri Hakkında Karar,https://www.resmigazete.gov.tr/eskiler/2009/02/20090203-3.htm
2009-02-03,2009/14593 5520 Sayılı Kurumlar Vergisi Kanununun 30 uncu Maddesinde Yer Alan Dar Mükellefiyete Tabi Kurumların Vergi Kesintisine Tabi Kazanç ve İratlarından Yapılacak Vergi Kesintisi Oranları Hakkında Karar,https://www.resmigazete.gov.tr/eskiler/2009/02/20090203-4.htm
2009-02-03,2009/14594 5520 Sayılı Kurumlar Vergisi Kanununun 15 inci Maddesinde Yer Alan Vergi Kesinti Oranları Hakkında Karar,https://www.resmigazete.gov.tr/eskiler/2009/02/20090203-5.htm
2009-02-03,"— Cumhurbaşkanlığına, Türkiye Büyük Millet Meclisi Başkanı Köksal TOPTAN’ın Vekâlet Etmesine Dair Tezkere",https://www.resmigazete.gov.tr/eskiler/2009/02/20090203-6.htm
2009-02-03,"— Devlet Bakanı Kürşad TÜZMEN’e, Devlet Bakanı Mehmet AYDIN’ın Vekâlet Etmesine Dair Tezkere",https://www.resmigazete.gov.tr/eskiler/2009/02/20090203-7.htm
2009-02-03,"— Milli Savunma Bakanlığına, Bayındırlık ve İskan Bakanı Faruk Nafız ÖZAK’ın Vekâlet Etmesine Dair Tezkere",https://www.resmigazete.gov.tr/eskiler/2009/02/20090203-8.htm
2009-02-03,"— Ulaştırma Bakanlığına, Milli Eğitim Bakanı Hüseyin ÇELİK’in Vekâlet Etmesine Dair Tezkere",https://www.resmigazete.gov.tr/eskiler/2009/02/20090203-9.htm
2009-02-03,"— Başbakanlık ile Adalet, Maliye, Millî Eğitim, Çalışma ve Sosyal Güvenlik, Kültür ve Turizm Bakanlıklarına Ait Atama Kararları",https://www.resmigazete.gov.tr/eskiler/2009/02/20090203-10.htm
2009-02-03,— Mesleki Sorumluluk Sigortası Genel Şartları Avukatlık Mesleki Sorumluluk Sigortası Klozu,https://www.resmigazete.gov.tr/eskiler/2009/02/20090203-11.htm
2009-02-03,— Yurtdışı Müteahhitlik Belgesi Tebliğinde Değişiklik Yapılmasına Dair Tebliğ,https://www.resmigazete.gov.tr/eskiler/2009/02/20090203-12.htm
2009-02-03,— Danıştay Altıncı Dairesine Ait Karar,https://www.resmigazete.gov.tr/eskiler/2009/02/20090203-13.htm
2009-02-03,"Tıklayınız 3/2/2009 tarihli ve 27130 sayılı mükerrer Resmî Gazete'de, 2009/14616, 2009/14631, 2009/14632 sayılı Milletler Andlaşmalar yayımlanmıştır.",http://www.resmigazete.gov.tr/eskiler/2009/02/20090203M1.htm
2009-02-04,2009/14581 Yurtdışında Sürekli Görevlendirilecek Personel Hakkında Yönetmelikte Değişiklik Yapılmasına Dair Yönetmelik,https://www.resmigazete.gov.tr/eskiler/2009/02/20090204-1.htm
2009-02-04,2009/14595 Hayvan Sağlığı ve Zabıtası Yönetmeliğinde Değişiklik Yapılması Hakkında Yönetmelik,https://www.resmigazete.gov.tr/eskiler/2009/02/20090204-2.htm
2009-02-04,— Emniyet Teşkilatı Personeli Kimlik Kartları ile Polis Kimlik Kokartları Yönetmeliğinde Değişiklik Yapılmasına Dair Yönetmelik,https://www.resmigazete.gov.tr/eskiler/2009/02/20090204-3.htm
2009-02-04,— Yalancı Tavuk Vebası Hastalığına Karşı Korunma ve Mücadele Yönetmeliği,https://www.resmigazete.gov.tr/eskiler/2009/02/20090204-4.htm
2009-02-04,— Ro-Ro Yolcu Gemileri ve Yüksek Hızlı Yolcu Tekneleri Yönetmeliğinde Değişiklik Yapılmasına Dair Yönetmelik,https://www.resmigazete.gov.tr/eskiler/2009/02/20090204-5.htm
2009-02-04,— Çevre Düzeni Planlarına Dair Yönetmelikte Değişiklik Yapılması Hakkında Yönetmelik,https://www.resmigazete.gov.tr/eskiler/2009/02/20090204-6.htm
2009-02-04,— Bilecik Üniversitesi Lisans Eğitim-Öğretim ve Sınav Yönetmeliği,https://www.resmigazete.gov.tr/eskiler/2009/02/20090204-7.htm
2009-02-04,— Bilecik Üniversitesi Önlisans Eğitim-Öğretim ve Sınav Yönetmeliği,https://www.resmigazete.gov.tr/eskiler/2009/02/20090204-8.htm
2009-02-04,— Bilecik Üniversitesi Yaz Okulu Yönetmeliği,https://www.resmigazete.gov.tr/eskiler/2009/02/20090204-9.htm
2009-02-04,— Erciyes Üniversitesi Kayseri Araştırma ve Uygulama Merkezi Yönetmeliği,https://www.resmigazete.gov.tr/eskiler/2009/02/20090204-10.htm
2009-02-04,— Genel Yönetim Mali İstatistikleri Genel Tebliği (Genel Yönetim Sektörünün Kapsamı) (Sıra No: 2),https://www.resmigazete.gov.tr/eskiler/2009/02/20090204-11.htm
2009-02-04,— Türk Gıda Kodeksi Şarap Tebliği (No: 2008/67),https://www.resmigazete.gov.tr/eskiler/2009/02/20090204-12.htm
2009-02-04,— Tasfiye İşletme Bölge Müdürlükleri Hizmet Tarifesi,https://www.resmigazete.gov.tr/eskiler/2009/02/20090204-13.htm
2009-02-04,— 4735 Sayılı Kamu İhale Sözleşmeleri Kanunu Kapsamındaki Yapım İşlerinde Beklenmeyen Fiyat Artışları Nedeniyle Uygulanacak İlave Fiyat Farkı Esaslarının Uygulanmasına İlişkin Tebliğ,https://www.resmigazete.gov.tr/eskiler/2009/02/20090204-14.htm
2009-02-04,— Yargıtay 10. Hukuk Dairesine Ait Karar,https://www.resmigazete.gov.tr/eskiler/2009/02/20090204-15.htm
2009-02-05,— Gümrüksüz Satış Mağazaları Yönetmeliğinde Değişiklik Yapılmasına Dair Yönetmelik,https://www.resmigazete.gov.tr/eskiler/2009/02/20090205-1.htm
2009-02-05,— Telsiz Yayın Kontrolü (TYK) Yönetmeliğinin Yürürlükten Kaldırılmasına Dair Yönetmelik,https://www.resmigazete.gov.tr/eskiler/2009/02/20090205-2.htm
2009-02-05,— Telsiz Operatörleri Sınav Yönetmeliğinin Yürürlükten Kaldırılmasına Dair Yönetmelik,https://www.resmigazete.gov.tr/eskiler/2009/02/20090205-3.htm
2009-02-05,— Kayıt Dışı Ekonomiyle Mücadele Stratejisi Eylem Planı ile İlgili 2009/3 Sayılı Başbakanlık Genelgesi,https://www.resmigazete.gov.tr/eskiler/2009/02/20090205-4.htm
2009-02-05,— Yargıtay Başkanlar Kurulunun 26/1/2009 Tarihli ve 1 Sayılı Kararı,https://www.resmigazete.gov.tr/eskiler/2009/02/20090205-5.htm
2009-02-06,2009/14585 Türkiye Cumhuriyeti Genelkurmay Başkanlığı ile Azerbaycan Cumhuriyeti Savunma Bakanlığı Arasında İmzalanan “Azerbaycan Ali Harbi Tayyareçilik Mektebi’ne Eğitim-Öğretim Desteğine İlişkin Protokol”ün Onaylanması Hakkında Karar,https://www.resmigazete.gov.tr/eskiler/2009/02/20090206-1.htm
2009-02-06,2009/14591 Türk Standardları Enstitüsü (TSE) Tarafından Temsil Edilen Türkiye Cumhuriyeti Hükümeti ile Sanayi Standardları ve Sanayi Hizmetleri Kamu İdaresi (KOWSMD) Tarafından Temsil Edilen Kuveyt Devleti Hükümeti Arasında İmzalanan “Teknik İşbirliğine İlişkin Mutabakat Zaptı”nın Onaylanması Hakkında Karar,https://www.resmigazete.gov.tr/eskiler/2009/02/20090206-2.htm
2009-02-06,"— Devlet Bakanı Egemen BAĞIŞ’a, Devlet Bakanı Murat BAŞESGİOĞLU’nun Vekâlet Etmesine Dair Tezkere",https://www.resmigazete.gov.tr/eskiler/2009/02/20090206-3.htm
2009-02-06,"— Dışişleri Bakanlığına, İçişleri Bakanı Beşir ATALAY’ın Vekâlet Etmesine Dair Tezkere",https://www.resmigazete.gov.tr/eskiler/2009/02/20090206-23.htm
2009-02-06,— Araştırma ve Geliştirme Projelerinin Desteklenmesinde Uygulanacak Usul ve Esaslara İlişkin Tebliğ (No: 2009/26),https://www.resmigazete.gov.tr/eskiler/2009/02/20090206-5.htm
2009-02-06,— Türk Gıda Kodeksi Et Ürünleri Tebliğinde Değişiklik Yapılması Hakkında Tebliğ (No: 2009/4),https://www.resmigazete.gov.tr/eskiler/2009/02/20090206-6.htm
2009-02-06,— Türk Gıda Kodeksi Krema ve Kaymak Tebliğinde Değişiklik Yapılması Hakkında Tebliğ (No: 2009/5),https://www.resmigazete.gov.tr/eskiler/2009/02/20090206-7.htm
2009-02-06,— Türk Gıda Kodeksi Mikrobiyolojik Kriterler Tebliği (No: 2009/6),https://www.resmigazete.gov.tr/eskiler/2009/02/20090206-8.htm
2009-02-06,— Türk Gıda Kodeksi Baharat Tebliğinde Değişiklik Yapılması Hakkında Tebliğ (No: 2009/7),https://www.resmigazete.gov.tr/eskiler/2009/02/20090206-9.htm
2009-02-06,— Türk Gıda Kodeksi Yumurta ve Yumurta Ürünleri Tebliğinde Değişiklik Yapılması Hakkında Tebliğ (No: 2009/8),https://www.resmigazete.gov.tr/eskiler/2009/02/20090206-10.htm
2009-02-06,— Türk Gıda Kodeksi Bebek Formülleri Tebliğinde Değişiklik Yapılması Hakkında Tebliğ (No: 2009/9),https://www.resmigazete.gov.tr/eskiler/2009/02/20090206-11.htm
2009-02-06,— Türk Gıda Kodeksi Devam Formülleri Tebliğinde Değişiklik Yapılması Hakkında Tebliğ (No: 2009/10),https://www.resmigazete.gov.tr/eskiler/2009/02/20090206-12.htm
2009-02-06,— Türk Gıda Kodeksi Bebek ve Küçük Çocuk Ek Gıdaları Tebliğinde Değişiklik Yapılması Hakkında Tebliğ (No: 2009/11),https://www.resmigazete.gov.tr/eskiler/2009/02/20090206-13.htm
2009-02-06,— Türk Gıda Kodeksi Çiğ Kanatlı Eti ve Hazırlanmış Kanatlı Eti Karışımları Tebliğinde Değişiklik Yapılması Hakkında Tebliğ (No: 2009/12),https://www.resmigazete.gov.tr/eskiler/2009/02/20090206-14.htm
2009-02-06,— Türk Gıda Kodeksi Çiğ Kırmızı Et ve Hazırlanmış Kırmızı Et Karışımları Tebliğinde Değişiklik Yapılması Hakkında Tebliğ (No: 2009/13),https://www.resmigazete.gov.tr/eskiler/2009/02/20090206-15.htm
2009-02-06,— Türk Gıda Kodeksi Çiğ Süt ve Isıl İşlem Görmüş İçme Sütleri Tebliğinde Değişiklik Yapılması Hakkında Tebliğ (No: 2009/14),https://www.resmigazete.gov.tr/eskiler/2009/02/20090206-16.htm
2009-02-06,— İthalatta Haksız Rekabetin Önlenmesine İlişkin Tebliğ (No: 2009/3),https://www.resmigazete.gov.tr/eskiler/2009/02/20090206-17.htm
2009-02-06,— İthalatta Haksız Rekabetin Önlenmesine İlişkin Tebliğ (No: 2009/4),https://www.resmigazete.gov.tr/eskiler/2009/02/20090206-18.htm
2009-02-06,"— Özel Durumların Kamuya Açıklanmasına İlişkin Esaslar Tebliği (Seri: VIII, No: 54)",https://www.resmigazete.gov.tr/eskiler/2009/02/20090206-19.htm
2009-02-06,"— İhraç Ettiği Sermaye Piyasası Araçları Bir Borsada İşlem Görmeyen Ortaklıkların Özel Durumlarının Kamuya Açıklanmasına İlişkin Esaslar Tebliği (Seri: VIII, No: 57)",https://www.resmigazete.gov.tr/eskiler/2009/02/20090206-20.htm
2009-02-06,"— 5627 Sayılı Enerji Verimliliği Kanunu Kapsamında Yapılacak Yetkilendirmeler, Sertifikalandırmalar, Raporlamalar ve Projeler Konusunda Uygulanacak Usul ve Esaslar Hakkında Tebliğ (No: 2009/2)",https://www.resmigazete.gov.tr/eskiler/2009/02/20090206-21.htm
2009-02-06,DÜZELTME (31/1/2009 tarihli ve 27127 sayılı Resmî Gazete’de yayımlanan Özelleştirme İdaresi Başkanlığının 2009/ÖİB-K-01 ve 2009/ÖİB-K-02 sayılı Kararları ile İlgili),https://www.resmigazete.gov.tr/eskiler/2009/02/20090206-22.htm
2009-02-07,"— Dışişleri Bakanlığına, Devlet Bakanı Mustafa Said YAZICIOĞLU’nun Vekâlet Etmesine Dair Tezkere",https://www.resmigazete.gov.tr/eskiler/2009/02/20090207-1.htm
2009-02-07,— Sağlık Hizmeti Sunan 4734 Sayılı Kamu İhale Kanunu Kapsamındaki İdarelerin Teşhis ve Tedaviye Yönelik Olarak Birbirlerinden Yapacakları Mal ve Hizmet Alımlarına İlişkin Yönetmelik,https://www.resmigazete.gov.tr/eskiler/2009/02/20090207-2.htm
2009-02-07,— Tapu ve Kadastro Genel Müdürlüğü Döner Sermaye İşletmesi Yönetmeliği,https://www.resmigazete.gov.tr/eskiler/2009/02/20090207-3.htm
2009-02-07,— Isınmadan Kaynaklanan Hava Kirliliğinin Kontrolü Yönetmeliğinde Değişiklik Yapılmasına Dair Yönetmelik,https://www.resmigazete.gov.tr/eskiler/2009/02/20090207-4.htm
2009-02-07,— 2009 Yılı Merkezi Yönetim Bütçe Uygulama Tebliği (Sıra No: 7),https://www.resmigazete.gov.tr/eskiler/2009/02/20090207-5.htm
2009-02-07,— Tedavi Yardımına İlişkin Uygulama Tebliği (Sıra No: 8),https://www.resmigazete.gov.tr/eskiler/2009/02/20090207-6.htm
2009-02-07,— İşkolu Tespit Kararı (No: 2009/7),https://www.resmigazete.gov.tr/eskiler/2009/02/20090207-7.htm
2009-02-08,— Vakıflar Genel Müdürlüğü Sicil Amirleri Yönetmeliği,https://www.resmigazete.gov.tr/eskiler/2009/02/20090208-1.htm
2009-02-08,— Vakıflar Genel Müdürlüğü Disiplin Amirleri Yönetmeliği,https://www.resmigazete.gov.tr/eskiler/2009/02/20090208-2.htm
2009-02-08,— Yerli Hayvan Irk ve Hatlarının Tescili Hakkında Tebliğde Değişiklik Yapılmasına Dair Tebliğ (No: 2009/21),https://www.resmigazete.gov.tr/eskiler/2009/02/20090208-3.htm
2009-02-08,— Devlet Muhasebesi Standardı 5 - Borçlanma Maliyetleri,https://www.resmigazete.gov.tr/eskiler/2009/02/20090208-4.htm
2009-02-08,— Yüksek Seçim Kurulunun 7/2/2009 Tarihli ve 76 Sayılı Kararı,https://www.resmigazete.gov.tr/eskiler/2009/02/20090208-5.htm
2009-02-09,"— Dışişleri Bakanlığına, Devlet Bakanı Mehmet AYDIN’ın Vekâlet Etmesine Dair Tezkere",https://www.resmigazete.gov.tr/eskiler/2009/02/20090209-1.htm
2009-02-09,— Kamu Kurum ve Kuruluşlarının Hazine Garantisi Olmaksızın Hibe Hariç Dış İmkân Sağlamasına İzin Verilmesine ve Sağlanan Dış İmkânın İzlenmesine İlişkin Yönetmelik,https://www.resmigazete.gov.tr/eskiler/2009/02/20090209-2.htm
2009-02-09,— Kafkas Üniversitesi Lisansüstü Eğitim-Öğretim ve Sınav Yönetmeliği,https://www.resmigazete.gov.tr/eskiler/2009/02/20090209-3.htm
2009-02-10,2009/14601 Türkiye Adalet Akademisi Başkanı Olarak Ahmet Hamsici’nin Görevlendirilmesi Hakkında Karar,https://www.resmigazete.gov.tr/eskiler/2009/02/20090210-1.htm
2009-02-10,2009/14614 Türkiye Cumhuriyeti Hükümeti ve Avrupa Toplulukları Komisyonu Arasında Katılım Öncesi Yardım Aracı (IPA) ile Temin Edilen Yardımın Uygulanması Çerçevesinde Türkiye Cumhuriyetine Sağlanan Avrupa Topluluğu Mali Yardımlarıyla İlgili İşbirliği Kuralları Hakkında Çerçeve Anlaşma’nın Yürürlüğe Girdiği Tarihin 24 Aralık 2008 Olarak Tespit Edilmesi Hakkında Karar,https://www.resmigazete.gov.tr/eskiler/2009/02/20090210-2.htm
2009-02-10,2009/14617 Dahilde İşleme Rejimi Kararında Değişiklik Yapılması Hakkında Karar,https://www.resmigazete.gov.tr/eskiler/2009/02/20090210-3.htm
2009-02-10,2009/14630 Basın İlan Kurumu Genel Kurulu Temsilciliklerinde Yapılan Görevlendirmeler Hakkında Karar,https://www.resmigazete.gov.tr/eskiler/2009/02/20090210-4.htm
2009-02-10,"— Devlet Bakanı Egemen BAĞIŞ’a, Devlet Bakanı Mehmet ŞİMŞEK’in Vekâlet Etmesine Dair Tezkere",https://www.resmigazete.gov.tr/eskiler/2009/02/20090210-5.htm
2009-02-10,"— Maliye Bakanlığına, Devlet Bakanı ve Başbakan Yardımcısı Nazım EKREN’in Vekâlet Etmesine Dair Tezkere",https://www.resmigazete.gov.tr/eskiler/2009/02/20090210-6.htm
2009-02-10,2009/14600 Başbakanlık Yüksek Denetleme Kurulu Üyeliğine Hüsnü Tekin’in Atanması Hakkında Karar,https://www.resmigazete.gov.tr/eskiler/2009/02/20090210-7.htm
2009-02-10,"2009/14620 Dışişleri Bakanlığı Avrupa Konseyi ve İnsan Hakları Genel Müdür Yardımcısı, Elçi Metin Hüsrev Ünler’in Kosova Cumhuriyeti Nezdinde Türkiye Cumhuriyeti Büyükelçisi Olarak Atanması Hakkında Karar",https://www.resmigazete.gov.tr/eskiler/2009/02/20090210-8.htm
2009-02-10,"— Başbakanlık ile Devlet, Dışişleri, Millî Eğitim, Bayındırlık ve İskan, Ulaştırma, Sanayi ve Ticaret, Enerji ve Tabii Kaynaklar, Kültür ve Turizm Bakanlıklarına Ait Atama Kararları",https://www.resmigazete.gov.tr/eskiler/2009/02/20090210-9.htm
2009-02-10,"— Koyun ve Keçi Türü Hayvanların Tanımlanması, Tescili ve İzlenmesi Yönetmeliği",https://www.resmigazete.gov.tr/eskiler/2009/02/20090210-10.htm
2009-02-10,— Zirai Karantina Yönetmeliği,https://www.resmigazete.gov.tr/eskiler/2009/02/20090210-11.htm
2009-02-10,— Vakıflar Genel Müdürlüğü Personeli Görevde Yükselme ve Unvan Değişikliği Yönetmeliği,https://www.resmigazete.gov.tr/eskiler/2009/02/20090210-12.htm
2009-02-10,"— Türkiye Zihinsel Engelliler Spor Federasyonunun İsminin, Türkiye Özel Sporcular Spor Federasyonu Olarak Değiştirilmesine Dair Karar",https://www.resmigazete.gov.tr/eskiler/2009/02/20090210-13.htm
2009-02-10,"— Türkiye Muay Thai Federasyonuna, İdari ve Mali Yönden Özerklik Verilmesine Dair Karar",https://www.resmigazete.gov.tr/eskiler/2009/02/20090210-14.htm
2009-02-10,"— Türkiye Wushu Federasyonuna, İdari ve Mali Yönden Özerklik Verilmesine Dair Karar",https://www.resmigazete.gov.tr/eskiler/2009/02/20090210-15.htm
2009-02-10,— Yüksek Seçim Kurulunun 31/1/2009 Tarihli ve 63 Sayılı Kararı,https://www.resmigazete.gov.tr/eskiler/2009/02/20090210-16.htm
2009-02-11,5835 Kültür ve Tabiat Varlıklarını Koruma Kanununda Değişiklik Yapılmasına Dair Kanun,https://www.resmigazete.gov.tr/eskiler/2009/02/20090211-1.htm
2009-02-11,2009/14606 Tarım ve Köyişleri Bakanlığının Taşra Teşkilatında Yer Alan Tarımsal Hidroloji Araştırma ve Eğitim Merkezi Müdürlüğünün Adının Uluslararası Tarımsal Araştırma ve Eğitim Merkezi Müdürlüğü Olarak Değiştirilmesi ve Söz Konusu Müdürlüğün Doğrudan Merkeze Bağlı Taşra Teşkilatına Dönüştürülmesi Hakkında Karar,https://www.resmigazete.gov.tr/eskiler/2009/02/20090211-2.htm
2009-02-11,"2009/14634 Uygulama Alanı İlan Edilen Şanlıurfa İli, Suruç İlçesi, Merkez Bucağı, Dumlukuyu Köyüne Bağlı Kalkanlı (Hemi) Köy Altı Yerleşim Biriminin, Ana Köyden Ayrılarak Merkezi Kalkanlı Bağlısı Olmak Üzere Kalkanlı Adıyla Bağımsız Köy Haline Getirilmesi Hakkında Karar",https://www.resmigazete.gov.tr/eskiler/2009/02/20090211-3.htm
2009-02-11,— Hakimler ve Savcılar Yüksek Kurulunca Danıştay Üyeliklerine Seçilenler Hakkında Karar (No: 48),https://www.resmigazete.gov.tr/eskiler/2009/02/20090211-4.htm
2009-02-11,— Devlet Bakanlığına Ait Atama Kararı,https://www.resmigazete.gov.tr/eskiler/2009/02/20090211-11.htm
2009-02-11,— Özel Öğretim Kurumlarında Ücretsiz veya Burslu Okutulacak Öğrenci ve Kursiyerler Hakkında Yönetmelik,https://www.resmigazete.gov.tr/eskiler/2009/02/20090211-5.htm
2009-02-11,— Özel Öğretim Kurumları Öğrenci ve Kursiyer Ücretleri Tespit ve Tahsil Yönetmeliği,https://www.resmigazete.gov.tr/eskiler/2009/02/20090211-6.htm
2009-02-11,— Yurtdışı Yükseköğretim Diplomaları Denklik Yönetmeliğinde Değişiklik Yapılmasına Dair Yönetmelik,https://www.resmigazete.gov.tr/eskiler/2009/02/20090211-7.htm
2009-02-11,— Veteriner Biyolojik Ürünlerin İthalatında Uyulacak Esaslar Hakkında Tebliğde Değişiklik Yapılması Hakkında Tebliğ (No: 2009/27),https://www.resmigazete.gov.tr/eskiler/2009/02/20090211-8.htm
2009-02-11,— Gümrük Genel Tebliğinde Değişiklik Yapılmasına Dair Tebliğ (Gümrük İşlemleri) (Seri No: 68),https://www.resmigazete.gov.tr/eskiler/2009/02/20090211-9.htm
2009-02-11,— Özelleştirme Yüksek Kurulunun 9/2/2009 Tarihli ve 2009/12 Sayılı Kararı,https://www.resmigazete.gov.tr/eskiler/2009/02/20090211-10.htm
2009-02-12,Uluslararası İmar ve Kalkınma Bankası ile Akdedilen İstanbul Belediye Altyapı Projesi Konulu Kredi ve Garanti Anlaşmaları ve Ek Mektuplar,https://www.resmigazete.gov.tr/eskiler/2009/02/20090212-1.htm
2009-02-12,"— Cumhurbaşkanlığına, Türkiye Büyük Millet Meclisi Başkanı Köksal TOPTAN'ın ve Daha Sonra Türkiye Büyük Millet Meclisi Başkanı Vekili Nevzat PAKDİL’in Vekâlet Etmesine Dair Tezkere",https://www.resmigazete.gov.tr/eskiler/2009/02/20090212-2.htm
2009-02-12,"— Devlet Bakanı Kürşad TÜZMEN’e, Ulaştırma Bakanı Binali YILDIRIM’ın Vekâlet Etmesine Dair Tezkere",https://www.resmigazete.gov.tr/eskiler/2009/02/20090212-3.htm
2009-02-12,"— Enerji ve Tabii Kaynaklar Bakanlığına, Kültür ve Turizm Bakanı Ertuğrul GÜNAY’ın Vekâlet Etmesine Dair Tezkere",https://www.resmigazete.gov.tr/eskiler/2009/02/20090212-4.htm
2009-02-12,— Bitki Koruma Ürünlerinin Reçeteli Satış Usul ve Esasları Hakkında Yönetmelik,https://www.resmigazete.gov.tr/eskiler/2009/02/20090212-5.htm
2009-02-12,— Motorlu Araçlar ve Römorkları Tip Onayı Yönetmeliğinde (98/14/AT) Değişiklik Yapılmasına Dair Yönetmelik,https://www.resmigazete.gov.tr/eskiler/2009/02/20090212-6.htm
2009-02-12,— Gençlik ve Spor Genel Müdürlüğü Federasyon Başkanları Seçim Yönetmeliği,https://www.resmigazete.gov.tr/eskiler/2009/02/20090212-7.htm
2009-02-12,— Gençlik ve Spor Genel Müdürlüğü Sponsorluk Yönetmeliğinde Değişiklik Yapılmasına Dair Yönetmelik,https://www.resmigazete.gov.tr/eskiler/2009/02/20090212-8.htm
2009-02-12,— İnönü Üniversitesi Zorunlu ve İsteğe Bağlı Yabancı Dil (İngilizce) Hazırlık Sınıfları Eğitim-Öğretim ve Sınav Yönetmeliğinde Değişiklik Yapılmasına Dair Yönetmelik,https://www.resmigazete.gov.tr/eskiler/2009/02/20090212-9.htm
2009-02-12,— Katma Değer Vergisi Genel Tebliği (Seri No: 112),https://www.resmigazete.gov.tr/eskiler/2009/02/20090212-10.htm
2009-02-12,— Finansal Araçlar: Sunuma İlişkin Türkiye Muhasebe Standardı (TMS 32) Hakkında Tebliğde Değişiklik Yapılmasına İlişkin Tebliğ (Sıra No: 139),https://www.resmigazete.gov.tr/eskiler/2009/02/20090212-11.htm
2009-02-12,— Finansal Tabloların Sunuluşuna İlişkin Türkiye Muhasebe Standardı (TMS 1) Hakkında Tebliğde Değişiklik Yapılmasına İlişkin Tebliğ (Sıra No: 140),https://www.resmigazete.gov.tr/eskiler/2009/02/20090212-12.htm
2009-02-12,— Finansal Araçlar: Açıklamalara İlişkin Türkiye Finansal Raporlama Standardı (TFRS 7) Hakkında Tebliğde Değişiklik Yapılmasına İlişkin Tebliğ (Sıra No: 141),https://www.resmigazete.gov.tr/eskiler/2009/02/20090212-13.htm
2009-02-12,— Finansal Araçlar: Muhasebeleştirme ve Ölçmeye İlişkin Türkiye Muhasebe Standardı (TMS 39) Hakkında Tebliğde Değişiklik Yapılmasına İlişkin Tebliğ (Sıra No: 142),https://www.resmigazete.gov.tr/eskiler/2009/02/20090212-14.htm
2009-02-12,— Türkiye Finansal Raporlama Standartları Yorumları Hakkında Tebliğde Değişiklik Yapılmasına İlişkin Tebliğ (Sıra No: 143),https://www.resmigazete.gov.tr/eskiler/2009/02/20090212-15.htm
2009-02-12,— İştiraklerdeki Yatırımlara İlişkin Türkiye Muhasebe Standardı (TMS 28) Hakkında Tebliğde Değişiklik Yapılmasına İlişkin Tebliğ (Sıra No: 144),https://www.resmigazete.gov.tr/eskiler/2009/02/20090212-16.htm
2009-02-12,— İş Ortaklıklarındaki Paylara İlişkin Türkiye Muhasebe Standardı (TMS 31) Hakkında Tebliğde Değişiklik Yapılmasına İlişkin Tebliğ (Sıra No: 145),https://www.resmigazete.gov.tr/eskiler/2009/02/20090212-17.htm
2009-02-12,— Yüksek Seçim Kurulunun 10/2/2009 Tarihli ve 115 Sayılı Kararı,https://www.resmigazete.gov.tr/eskiler/2009/02/20090212-18.htm
2009-02-13,5837 Askerlik Kanunu ile Bazı Kanunlarda Değişiklik Yapılmasına Dair Kanun,https://www.resmigazete.gov.tr/eskiler/2009/02/20090213-1.htm
2009-02-13,"934 Türk Silahlı Kuvvetleri Deniz Unsurlarının, Korsanlık/Deniz Haydutluğu ve Silahlı Soygun Eylemleriyle Mücadele Amacıyla Yürütülen Uluslararası Çabalara Destek Vermek Üzere Aden Körfezi, Somali Karasuları ve Açıkları, Arap Denizi ve Mücavir Bölgelerde Görevlendirilmesi Hususunda Anayasanın 92 nci Maddesi Uyarınca Hükümete Bir Yıl Süreyle İzin Verilmesine Dair Karar",https://www.resmigazete.gov.tr/eskiler/2009/02/20090213-2.htm
2009-02-13,— Devlet Hava Meydanları İşletmesi Genel Müdürlüğü Personeli Görevde Yükselme ve Unvan Değişikliği Yönetmeliğinde Değişiklik Yapılması Hakkında Yönetmelik,https://www.resmigazete.gov.tr/eskiler/2009/02/20090213-3.htm
2009-02-13,"— Tersane, Tekne İmal ve Çekek Yerlerine İşletme İzni Verilmesine İlişkin Usul ve Esaslar Hakkında Yönetmelikte Değişiklik Yapılmasına Dair Yönetmelik",https://www.resmigazete.gov.tr/eskiler/2009/02/20090213-4.htm
2009-02-13,— Devlet Meteoroloji İşleri Genel Müdürlüğü Personeli Görevde Yükselme ve Unvan Değişikliği Yönetmeliğinde Değişiklik Yapılmasına Dair Yönetmelik,https://www.resmigazete.gov.tr/eskiler/2009/02/20090213-5.htm
2009-02-13,— Devlet Malzeme Ofisi Memurları Sicil Amirleri Yönetmeliği,https://www.resmigazete.gov.tr/eskiler/2009/02/20090213-6.htm
2009-02-13,— Devlet Malzeme Ofisi Memurları Disiplin Amirleri Yönetmeliği,https://www.resmigazete.gov.tr/eskiler/2009/02/20090213-7.htm
2009-02-13,— Devlet Malzeme Ofisi Sözleşmeli Personeli Sicil Amirleri Yönetmeliği,https://www.resmigazete.gov.tr/eskiler/2009/02/20090213-8.htm
2009-02-13,— Devlet Malzeme Ofisi Sözleşmeli Personeli Disiplin Amirleri Yönetmeliği,https://www.resmigazete.gov.tr/eskiler/2009/02/20090213-9.htm
2009-02-13,— Türk Mühendis ve Mimar Odaları Birliği Makina Mühendisleri Odası Ana Yönetmeliğinde Değişiklik Yapılmasına Dair Yönetmelik,https://www.resmigazete.gov.tr/eskiler/2009/02/20090213-10.htm
2009-02-13,— Türk Mühendis ve Mimar Odaları Birliği Makina Mühendisleri Odası Uzmanlık ve Belgelendirme Yönetmeliğinde Değişiklik Yapılmasına Dair Yönetmelik,https://www.resmigazete.gov.tr/eskiler/2009/02/20090213-11.htm
2009-02-13,— Türk Mühendis ve Mimar Odaları Birliği Kimya Mühendisleri Odası Meslekiçi Sürekli Eğitim ve Belgelendirme Yönetmeliği,https://www.resmigazete.gov.tr/eskiler/2009/02/20090213-12.htm
2009-02-13,— Tekerlekli Araçlar ve Bu Araçlara Takılan ve/veya Araçlarda Kullanılan Aksam ve Parçalar ile İlgili Birleşmiş Milletler Avrupa Ekonomik Komisyonu Teknik Düzenlemelerinin Uygulamaya Konulmasına ve Bazı Tebliğlerin Yürürlükten Kaldırılmasına Dair Tebliğ (SGM-2009/1),https://www.resmigazete.gov.tr/eskiler/2009/02/20090213-13.htm
2009-02-13,— Motorlu Araçlar ve Römorkları Tip Onayı Yönetmeliğinin Uygulama Usul ve Esasları Hakkında Tebliğde Değişiklik Yapılmasına Dair Tebliğ (No: SGM-2009/2),https://www.resmigazete.gov.tr/eskiler/2009/02/20090213-14.htm
2009-02-13,— Yüksek Seçim Kurulunun 12/2/2009 Tarihli ve 153 Sayılı Kararı,https://www.resmigazete.gov.tr/eskiler/2009/02/20090213-15.htm
2009-02-14,"2009/14626 Türkiye Cumhuriyeti Hükümeti ile Macaristan Cumhuriyeti Hükümeti Arasında İmzalanan “2008-2011 Yıllarına İlişkin Eğitim, Bilim ve Kültür Alanlarında İşbirliği Programı”nın Onaylanması Hakkında Karar",https://www.resmigazete.gov.tr/eskiler/2009/02/20090214-1.htm
2009-02-14,"— Devlet Bakanı Nimet ÇUBUKÇU'ya, Tarım ve Köyişleri Bakanı Mehmet Mehdi EKER’in Vekâlet Etmesine Dair Tezkere",https://www.resmigazete.gov.tr/eskiler/2009/02/20090214-2.htm
2009-02-14,— Sürücü Koltuğuna İlave Olarak Sekizden Fazla Koltuğu Bulunan ve Yolcu Taşımak Amacıyla Kullanılan Araçların Özel Hükümleri ile İlgili Tip Onayı Yönetmeliğinde (2001/85/AT) Değişiklik Yapılmasına Dair Yönetmelik,https://www.resmigazete.gov.tr/eskiler/2009/02/20090214-3.htm
2009-02-14,— Kamu Taşınmazlarının Turizm Yatırımlarına Tahsisi Hakkında Yönetmelikte Değişiklik Yapılmasına Dair Yönetmelik,https://www.resmigazete.gov.tr/eskiler/2009/02/20090214-4.htm
2009-02-14,— Parasal Sınırlar ve Oranlar Hakkında Genel Tebliğ (Sayı: 2009/1),https://www.resmigazete.gov.tr/eskiler/2009/02/20090214-5.htm
2009-02-14,— İthalatta Gözetim Uygulanmasına İlişkin Tebliğ (No: 2009/5),https://www.resmigazete.gov.tr/eskiler/2009/02/20090214-6.htm
2009-02-15,2009/14613 Avrupa Sosyal Şartına Değişiklik Getiren Protokol’ün Onaylanması Hakkında Karar,https://www.resmigazete.gov.tr/eskiler/2009/02/20090215-1.htm
2009-02-15,— Kartellerin Ortaya Çıkarılması Amacıyla Aktif İşbirliği Yapılmasına Dair Yönetmelik,https://www.resmigazete.gov.tr/eskiler/2009/02/20090215-2.htm
2009-02-15,"— Rekabeti Sınırlayıcı Anlaşma, Uyumlu Eylem ve Kararlar ile Hakim Durumun Kötüye Kullanılması Halinde Verilecek Para Cezalarına İlişkin Yönetmelik",https://www.resmigazete.gov.tr/eskiler/2009/02/20090215-3.htm
2009-02-15,— Türk Mühendis ve Mimar Odaları Birliği İnşaat Mühendisleri Odası Yetkinlik Belgelendirme Yönetmeliği,https://www.resmigazete.gov.tr/eskiler/2009/02/20090215-4.htm
2009-02-15,— 2009 Yılı Ocak Ayına Ait Dahilde İşleme İzin Belgelerinin (D1) Listesi,https://www.resmigazete.gov.tr/eskiler/2009/02/20090215-5.pdf
2009-02-15,— 2009 Yılı Ocak Ayına Ait Yurt İçi Satış ve Teslim Belgelerinin (D3) Listesi,https://www.resmigazete.gov.tr/eskiler/2009/02/20090215-6.pdf
2009-02-15,— 2009 Yılı Ocak Ayına Ait Hariçte İşleme İzin Belgelerinin (H) Listesi,https://www.resmigazete.gov.tr/eskiler/2009/02/20090215-7.pdf
2009-02-15,"— 2009 Yılı Ocak Ayına Ait Vergi, Resim ve Harç İstisnası Belgelerinin (Y) Listesi",https://www.resmigazete.gov.tr/eskiler/2009/02/20090215-8.pdf
2009-02-15,— Firma Talebine İstinaden İptal Edilen Dahilde İşleme İzin Belgeleri Listesi,https://www.resmigazete.gov.tr/eskiler/2009/02/20090215-9.pdf
2009-02-15,— Re’sen Kapatılan Dahilde İşleme İzin Belgeleri Listesi,https://www.resmigazete.gov.tr/eskiler/2009/02/20090215-10.pdf
2009-02-15,— Müsteşarlıkça Re’sen İptal Edilen Dahilde İşleme İzin Belgeleri Listesi,https://www.resmigazete.gov.tr/eskiler/2009/02/20090215-11.pdf
2009-02-15,— Yüksek Seçim Kurulunun 14/2/2009 Tarih ve 170 Sayılı Kararı,https://www.resmigazete.gov.tr/eskiler/2009/02/20090215-12.htm
2009-02-16,2009/14625 Türkiye Cumhuriyeti Hükümeti ile Birleşmiş Milletler Gıda ve Tarım Örgütü (GTÖ) Arasında İmzalanan “GTÖ Orta Asya Alt Bölge Ofisi Anlaşması”nın Onaylanması Hakkında Karar,https://www.resmigazete.gov.tr/eskiler/2009/02/20090216-1.htm
2009-02-16,— Devlet Bakanı Kürşad TÜZMEN’e Devlet Bakanı Murat BAŞESGİOĞLU’nun Vekâlet Etmesine Dair Tezkere,https://www.resmigazete.gov.tr/eskiler/2009/02/20090216-2.htm
2009-02-16,— Dışişleri Bakanı Ali BABACAN’a Milli Eğitim Bakanı Hüseyin ÇELİK’in Vekâlet Etmesine Dair Tezkere,https://www.resmigazete.gov.tr/eskiler/2009/02/20090216-3.htm
2009-02-16,— Sanayi ve Ticaret Bakanı Mehmet Zafer ÇAĞLAYAN’a Devlet Bakanı ve Başbakan Yardımcısı Cemil ÇİÇEK’in Vekâlet Etmesine Dair Tezkere,https://www.resmigazete.gov.tr/eskiler/2009/02/20090216-4.htm
2009-02-16,— Türk Gıda Kodeksi Gıda Maddelerindeki Bulaşanların Maksimum Limitleri Hakkında Tebliğde Değişiklik Yapılması Hakkında Tebliğ (Tebliğ No: 2009/22),https://www.resmigazete.gov.tr/eskiler/2009/02/20090216-5.htm
2009-02-16,— Türk Gıda Kodeksi Hayvansal Kökenli Gıdalarda Veteriner İlaçları Maksimum Kalıntı Limitleri Tebliğinde Değişiklik Yapılması Hakkında Tebliğ (Tebliğ No: 2009/23),https://www.resmigazete.gov.tr/eskiler/2009/02/20090216-6.htm
2009-02-16,— Türk Gıda Kodeksi Bulgur Tebliği (Tebliğ No: 2009/24),https://www.resmigazete.gov.tr/eskiler/2009/02/20090216-7.htm
2009-02-16,— Türk Gıda Kodeksi Fermente Süt Ürünleri Tebliği (Tebliğ No: 2009/25),https://www.resmigazete.gov.tr/eskiler/2009/02/20090216-8.htm
2009-02-17,5836 Birleşmiş Milletler İklim Değişikliği Çerçeve Sözleşmesine Yönelik Kyoto Protokolüne Katılmamızın Uygun Bulunduğuna Dair Kanun,https://www.resmigazete.gov.tr/eskiler/2009/02/20090217-1.htm
2009-02-17,2009/14612 Türkiye Cumhuriyeti Hükümeti ile Litvanya Cumhuriyeti Hükümeti Arasında İmzalanan “Savunma Sanayii İşbirliği Anlaşması”nın Onaylanması Hakkında Karar,https://www.resmigazete.gov.tr/eskiler/2009/02/20090217-2.htm
2009-02-17,"— Devlet Bakanı ve Başbakan Yardımcısı Nazım EKREN’e, Devlet Bakanı Mehmet ŞİMŞEK’in Vekâlet Etmesine Dair Tezkere",https://www.resmigazete.gov.tr/eskiler/2009/02/20090217-3.htm
2009-02-17,"— Devlet Bakanı Mehmet AYDIN’a, Devlet Bakanı Nimet ÇUBUKÇU’nun Vekâlet Etmesine Dair Tezkere",https://www.resmigazete.gov.tr/eskiler/2009/02/20090217-4.htm
2009-02-17,"— Milli Savunma Bakanlığına, İçişleri Bakanı Beşir ATALAY’ın Vekâlet Etmesine Dair Tezkere",https://www.resmigazete.gov.tr/eskiler/2009/02/20090217-5.htm
2009-02-17,"— Maliye Bakanlığına, Ulaştırma Bakanı Binali YILDIRIM’ın Vekâlet Etmesine Dair Tezkere",https://www.resmigazete.gov.tr/eskiler/2009/02/20090217-6.htm
2009-02-17,"— Enerji ve Tabii Kaynaklar Bakanlığına, Kültür ve Turizm Bakanı Ertuğrul GÜNAY’ın Vekâlet Etmesine Dair Tezkere",https://www.resmigazete.gov.tr/eskiler/2009/02/20090217-7.htm
2009-02-17,— Devlet ile İçişleri Bakanlıklarına Ait Atama Kararları,https://www.resmigazete.gov.tr/eskiler/2009/02/20090217-8.htm
2009-02-17,— Çevre Düzeni Planlarına Dair Yönetmelikte Değişiklik Yapılmasına Dair Yönetmelik,https://www.resmigazete.gov.tr/eskiler/2009/02/20090217-9.htm
2009-02-17,— Türkiye ve Orta Doğu Amme İdaresi Enstitüsü Genel Müdürlüğü Personeli Görevde Yükselme ve Unvan Değişikliği Yönetmeliğinde Değişiklik Yapılmasına Dair Yönetmelik,https://www.resmigazete.gov.tr/eskiler/2009/02/20090217-10.htm
2009-02-17,— Araştırma Reaktörlerinde Olağandışı Olay Bildirim ve Raporlama Yönetmeliği,https://www.resmigazete.gov.tr/eskiler/2009/02/20090217-11.htm
2009-02-17,— Araştırma Reaktörlerinin Güvenliği İçin Özel İlkeler Yönetmeliği,https://www.resmigazete.gov.tr/eskiler/2009/02/20090217-12.htm
2009-02-17,— Araştırma Reaktörlerinde Kayıt ve Raporlama Yönetmeliği,https://www.resmigazete.gov.tr/eskiler/2009/02/20090217-13.htm
2009-02-17,— Endüstriyel Radyografide Radyasyondan Korunma ve Lisanslama Yönetmeliğinde Değişiklik Yapılmasına Dair Yönetmelik,https://www.resmigazete.gov.tr/eskiler/2009/02/20090217-14.htm
2009-02-17,— Nükleer Tesislerin Güvenliği İçin Kalite Yönetimi Temel Gerekleri Yönetmeliğinde Değişiklik Yapılmasına Dair Yönetmelik,https://www.resmigazete.gov.tr/eskiler/2009/02/20090217-15.htm
2009-02-17,— Ön Güvenlik Analiz Raporu Kapsamında Kalite Temin Esasları Yönetmeliğinin Yürürlükten Kaldırılmasına Dair Yönetmelik,https://www.resmigazete.gov.tr/eskiler/2009/02/20090217-16.htm
2009-02-17,— Nükleer Güç Tesislerinin Yer Seçimi ile İlgili Etüt ve Değerlendirme Çalışmalarında Kalite Temini Yönetmeliğinin Yürürlükten Kaldırılmasına Dair Yönetmelik,https://www.resmigazete.gov.tr/eskiler/2009/02/20090217-17.htm
2009-02-17,— Nükleer ve Radyolojik Tehlike Durumu Ulusal Uygulama Yönetmeliğinde Değişiklik Yapılmasına Dair Yönetmelik,https://www.resmigazete.gov.tr/eskiler/2009/02/20090217-18.htm
2009-02-17,— Adnan Menderes Üniversitesi Lisansüstü Eğitim-Öğretim Yönetmeliğinde Değişiklik Yapılmasına Dair Yönetmelik,https://www.resmigazete.gov.tr/eskiler/2009/02/20090217-19.htm
2009-02-17,— Anadolu Üniversitesi Açıköğretim Sistemine Göre Öğretim Yapan Fakülteler Öğretim ve Sınav Yönetmeliğinde Değişiklik Yapılmasına Dair Yönetmelik,https://www.resmigazete.gov.tr/eskiler/2009/02/20090217-20.htm
2009-02-17,— Anadolu Üniversitesi Açıköğretim Fakültesi İngilizce Öğretmenliği Programı Öğretim ve Sınav Yönetmeliğinde Değişiklik Yapılmasına Dair Yönetmelik,https://www.resmigazete.gov.tr/eskiler/2009/02/20090217-22.htm
2009-02-17,— Anadolu Üniversitesi Açıköğretim Sistemine Göre Öğretim Yapan Fakültelerin Kredili Sisteme Dayalı Öğretim ve Sınav Yönetmeliğinde Değişiklik Yapılmasına Dair Yönetmelik,https://www.resmigazete.gov.tr/eskiler/2009/02/20090217-21.htm
2009-02-17,— Otomatik Tanımlama Sistemi (AIS) Klas-B CS Cihazının Gemilere Donatılmasına ve Özelliklerine Dair Tebliğde Değişiklik Yapılmasına İlişkin Tebliğ,https://www.resmigazete.gov.tr/eskiler/2009/02/20090217-23.htm
2009-02-17,— Yüksek Seçim Kurulunun 16/2/2009 Tarihli ve 183 Sayılı Kararı,https://www.resmigazete.gov.tr/eskiler/2009/02/20090217-24.htm
2009-02-18,— Numaralandırma Yönetmeliğinde Değişiklik Yapılmasına Dair Yönetmelik,https://www.resmigazete.gov.tr/eskiler/2009/02/20090218-1.htm
2009-02-18,— Devlet Malzeme Ofisi Personeli Görevde Yükselme ve Unvan Değişikliği Yönetmeliği,https://www.resmigazete.gov.tr/eskiler/2009/02/20090218-2.htm
2009-02-18,— Türkiye Petrolleri Anonim Ortaklığı Personel Yönetmeliğinde Değişiklik Yapılmasına Dair Yönetmelik,https://www.resmigazete.gov.tr/eskiler/2009/02/20090218-3.htm
2009-02-18,— Yükseköğretim Kurumları Arasında Öğrenci ve Öğretim Üyesi Değişim Programına İlişkin Yönetmelik,https://www.resmigazete.gov.tr/eskiler/2009/02/20090218-4.htm
2009-02-18,— Numara Ücretlerinin Uygulanmasına İlişkin Usûl ve Esaslar Hakkında Tebliğde Değişiklik Yapılmasına Dair Tebliğ,https://www.resmigazete.gov.tr/eskiler/2009/02/20090218-5.htm
2009-02-19,2009/14633 Türkiye Kızılay Derneği Tüzüğü,https://www.resmigazete.gov.tr/eskiler/2009/02/20090219-1.htm
2009-02-19,— Yapı Malzemeleri Yönetmeliği (89/106/EEC) Kapsamında Uygulanacak Teknik Şartnamelerin Yayımlanması Hakkında Tebliğde Değişiklik Yapılmasına Dair Tebliğ (No: YİG/2009-03),https://www.resmigazete.gov.tr/eskiler/2009/02/20090219-2.htm
2009-02-19,— Çevrenin Korunması Yönünden Kontrol Altında Tutulan Metal Hurdalara İlişkin Dış Ticarette Standardizasyon Tebliği (No: 2009/23),https://www.resmigazete.gov.tr/eskiler/2009/02/20090219-3.htm
2009-02-20,"— Cumhurbaşkanlığına, Türkiye Büyük Millet Meclisi Başkanı Köksal TOPTAN’ın Vekâlet Etmesine Dair Tezkere",https://www.resmigazete.gov.tr/eskiler/2009/02/20090220-1.htm
2009-02-20,"— Devlet Bakanı Mehmet ŞİMŞEK’e, Devlet Bakanı ve Başbakan Yardımcısı Hayati YAZICI’nın Vekâlet Etmesine Dair Tezkere",https://www.resmigazete.gov.tr/eskiler/2009/02/20090220-2.htm
2009-02-20,"— Devlet Bakanı Mustafa Said YAZICIOĞLU’na, Devlet Bakanı Nimet ÇUBUKÇU’nun Vekâlet Etmesine Dair Tezkere",https://www.resmigazete.gov.tr/eskiler/2009/02/20090220-3.htm
2009-02-20,"— Ulaştırma Bakanlığına, Çevre ve Orman Bakanı Veysel EROĞLU’nun Vekâlet Etmesine Dair Tezkere",https://www.resmigazete.gov.tr/eskiler/2009/02/20090220-4.htm
2009-02-20,— Başbakanlığa Ait Atama Kararı,https://www.resmigazete.gov.tr/eskiler/2009/02/20090220-5.htm
2009-02-20,— Türk Silahlı Kuvvetleri Astsubay Sınıflandırma Yönetmeliğinde Değişiklik Yapılmasına Dair Yönetmelik,https://www.resmigazete.gov.tr/eskiler/2009/02/20090220-6.htm
2009-02-20,— Karayolu Taşımacılık Faaliyetleri Mesleki Yeterlilik Eğitimi Yönetmeliğinde Değişiklik Yapılmasına Dair Yönetmelik,https://www.resmigazete.gov.tr/eskiler/2009/02/20090220-7.htm
2009-02-20,— Elektromanyetik Uyumluluk Yönetmeliğinde (2004/108/AT) Değişiklik Yapılmasına Dair Yönetmelik,https://www.resmigazete.gov.tr/eskiler/2009/02/20090220-8.htm
2009-02-20,— Türkiye Bilardo Federasyonu Ana Statüsünde Değişiklik Yapılmasına Dair Ana Statü,https://www.resmigazete.gov.tr/eskiler/2009/02/20090220-9.htm
2009-02-20,— Milletlerarası Tahkim Ücret Tarifesi Hakkında Tebliğ,https://www.resmigazete.gov.tr/eskiler/2009/02/20090220-10.htm
2009-02-20,— Adalet Bakanlığına Ait Depo ve Garajlarda Muhafaza Edilen Mahcuz Mallar İçin Alınacak Ücret Tarifesi Hakkında Tebliğ,https://www.resmigazete.gov.tr/eskiler/2009/02/20090220-11.htm
2009-02-20,— 5225 Sayılı Kültür Yatırımları ve Girişimlerini Teşvik Kanunu Genel Tebliği (Seri No: 1),https://www.resmigazete.gov.tr/eskiler/2009/02/20090220-12.htm
2009-02-20,— 5811 Sayılı Bazı Varlıkların Milli Ekonomiye Kazandırılması Hakkında Kanuna İlişkin Genel Tebliğ (Seri No: 2),https://www.resmigazete.gov.tr/eskiler/2009/02/20090220-13.htm
2009-02-20,— İthalatta Haksız Rekabetin Önlenmesine İlişkin 2009/3 Sayılı Tebliğ’de Değişiklik Yapılması Hakkında Tebliğ,https://www.resmigazete.gov.tr/eskiler/2009/02/20090220-14.htm
2009-02-20,— Yargıtay 13. Hukuk Dairesine Ait Karar,https://www.resmigazete.gov.tr/eskiler/2009/02/20090220-15.htm
2009-02-21,2009/14662 Kültür ve Turizm Bakanlığı Kültür Varlıkları ve Müzeler Genel Müdürlüğü Bünyesinde 2 Adet Daire Başkanlığı Kurulması ve Birimi ve Adedi Belirtilen Şube Müdürlüklerinin Anılan Genel Müdürlüğe Bağlanması Hakkında Karar,https://www.resmigazete.gov.tr/eskiler/2009/02/20090221-1.htm
2009-02-21,2009/14663 Kültür ve Turizm Bakanlığının Taşra Teşkilatına Bağlı Olarak Batman İli’nde Batman Müzesi Müdürlüğü Kurulması Hakkında Karar,https://www.resmigazete.gov.tr/eskiler/2009/02/20090221-2.htm
2009-02-21,"2009/14667 Milli Savunma Bakanlığı Tarafından, 4734 Sayılı Kamu İhale Kanununun 3 üncü Maddesinin (b) Bendi Kapsamında Yapılacak İhalelere İlişkin 4/11/2003 Tarihli ve 2003/6392 Sayılı Kararnamenin Eki Esaslarda Değişiklik Yapılması Hakkında Esaslar",https://www.resmigazete.gov.tr/eskiler/2009/02/20090221-3.htm
2009-02-21,— Nükleer Tesislerdeki Güvenlik Esaslarını Belirleyecek Güvenlik Rehberlerinin Hazırlanması ve Yürürlüğe Konmasına İlişkin Yönetmeliğin Yürürlükten Kaldırılmasına Dair Yönetmelik,https://www.resmigazete.gov.tr/eskiler/2009/02/20090221-4.htm
2009-02-21,"— Nükleer Güvenlik Serisi Dokümanlarının Hazırlanması, Kabulü, Yürürlüğe Girmesi ve Değiştirilmesine İlişkin Yönetmeliğin Yürürlükten Kaldırılmasına Dair Yönetmelik",https://www.resmigazete.gov.tr/eskiler/2009/02/20090221-5.htm
2009-02-21,"— Anayasa Mahkemesinin E: 2007/12 (Siyasî Parti Malî Denetimi), K: 2009/1 Sayılı Kararı",https://www.resmigazete.gov.tr/eskiler/2009/02/20090221-6.htm
2009-02-21,"— Anayasa Mahkemesinin E: 2003/25 (Siyasî Parti Malî Denetimi), K: 2009/2 Sayılı Kararı",https://www.resmigazete.gov.tr/eskiler/2009/02/20090221-7.htm
2009-02-21,"— Anayasa Mahkemesinin E: 2006/37 (Siyasî Parti Malî Denetimi), K: 2009/3 Sayılı Kararı",https://www.resmigazete.gov.tr/eskiler/2009/02/20090221-8.htm
2009-02-21,"— Anayasa Mahkemesinin E: 2007/23 (Siyasî Parti Malî Denetimi), K: 2009/4 Sayılı Kararı",https://www.resmigazete.gov.tr/eskiler/2009/02/20090221-9.htm
2009-02-21,"— Anayasa Mahkemesinin E: 2006/7 (Siyasî Parti Malî Denetimi), K: 2009/5 Sayılı Kararı",https://www.resmigazete.gov.tr/eskiler/2009/02/20090221-10.htm
2009-02-21,"— Anayasa Mahkemesinin E: 2007/4 (Siyasî Parti Malî Denetimi), K: 2009/6 Sayılı Kararı",https://www.resmigazete.gov.tr/eskiler/2009/02/20090221-11.htm
2009-02-21,"— Anayasa Mahkemesinin E: 2006/10 (Siyasî Parti Malî Denetimi), K: 2009/9 Sayılı Kararı",https://www.resmigazete.gov.tr/eskiler/2009/02/20090221-12.htm
2009-02-21,"— Anayasa Mahkemesinin E: 2007/45 (Siyasî Parti Malî Denetimi), K: 2009/10 Sayılı Kararı",https://www.resmigazete.gov.tr/eskiler/2009/02/20090221-13.htm
2009-02-21,"— Anayasa Mahkemesinin E: 2003/5 (Siyasî Parti Malî Denetimi), K: 2009/12 Sayılı Kararı",https://www.resmigazete.gov.tr/eskiler/2009/02/20090221-14.htm
2009-02-21,"— Anayasa Mahkemesinin E: 2005/28 (Siyasî Parti Malî Denetimi), K: 2009/13 Sayılı Kararı",https://www.resmigazete.gov.tr/eskiler/2009/02/20090221-15.htm
2009-02-21,"— Anayasa Mahkemesinin E: 2006/33 (Siyasî Parti Malî Denetimi), K: 2009/14 Sayılı Kararı",https://www.resmigazete.gov.tr/eskiler/2009/02/20090221-16.htm
2009-02-21,"— Anayasa Mahkemesinin E: 2002/21 (Siyasî Parti Malî Denetimi), K: 2009/15 Sayılı Kararı",https://www.resmigazete.gov.tr/eskiler/2009/02/20090221-17.htm
2009-02-21,"— Anayasa Mahkemesinin E: 2003/12 (Siyasî Parti Malî Denetimi), K: 2009/16 Sayılı Kararı",https://www.resmigazete.gov.tr/eskiler/2009/02/20090221-18.htm
2009-02-21,"— Anayasa Mahkemesinin E: 2000/22 (Siyasî Parti Malî Denetimi), K: 2009/17 Sayılı Kararı",https://www.resmigazete.gov.tr/eskiler/2009/02/20090221-19.htm
2009-02-21,"— Anayasa Mahkemesinin E: 2001/7 (Siyasî Parti Malî Denetimi), K: 2009/18 Sayılı Kararı",https://www.resmigazete.gov.tr/eskiler/2009/02/20090221-20.htm
2009-02-21,"— Anayasa Mahkemesinin E: 2002/9 (Siyasî Parti Malî Denetimi), K: 2009/19 Sayılı Kararı",https://www.resmigazete.gov.tr/eskiler/2009/02/20090221-21.htm
2009-02-21,"— Anayasa Mahkemesinin E: 2002/30 (Siyasî Parti Malî Denetimi), K: 2009/20 Sayılı Kararı",https://www.resmigazete.gov.tr/eskiler/2009/02/20090221-22.htm
2009-02-21,"— Anayasa Mahkemesinin E: 2005/12 (Siyasî Parti Malî Denetimi), K: 2009/21 Sayılı Kararı",https://www.resmigazete.gov.tr/eskiler/2009/02/20090221-23.htm
2009-02-22,— Sosyal Güvenlik Kurumu Personeli Atama ve Yer Değiştirme Yönetmeliği,https://www.resmigazete.gov.tr/eskiler/2009/02/20090222-1.htm
2009-02-22,— Kimyevi ve Organik Gübre Piyasa ve Şikayet Denetimi İçin Alınacak Numunelerin Analizlerinin Yaptırılacağı Analiz ve Referans Kurum Laboratuvarları ile Analiz Ücretleri Hakkında Tebliğ (No: 2009/28),https://www.resmigazete.gov.tr/eskiler/2009/02/20090222-2.htm
2009-02-22,— 2009 Yılı Ocak Ayına Ait Yatırım Teşvik Belgeleri Listesi,https://www.resmigazete.gov.tr/eskiler/2009/02/20090222-3.xls
2009-02-22,— 2009 Yılı Ocak Ayında Yabancı Sermayeli Firmaların Yatırımları İçin Verilen Yatırım Teşvik Belgeleri Listesi,https://www.resmigazete.gov.tr/eskiler/2009/02/20090222-4.xls
2009-02-22,— Ticari Kalite Denetim Yeterlik Belgesi İptaline İlişkin Tebliğ (No: 2009/24),https://www.resmigazete.gov.tr/eskiler/2009/02/20090222-5.htm
2009-02-22,— 60 Seri No.lu Gümrük Genel Tebliği (Gümrük İşlemleri) ve 1 Seri No.lu Gümrük Genel Tebliğinde (Yetkilendirilmiş Gümrük Müşavirleri) Değişiklik Yapılmasına Dair Tebliğ,https://www.resmigazete.gov.tr/eskiler/2009/02/20090222-6.htm
2009-02-23,"— Devlet Bakanı Kürşad TÜZMEN’e, Devlet Bakanı Murat BAŞESGİOĞLU’nun Vekâlet Etmesine Dair Tezkere",https://www.resmigazete.gov.tr/eskiler/2009/02/20090223-1.htm
2009-02-23,— Atatürk Üniversitesi Edebiyat Fakültesi Lisans Eğitim-Öğretim ve Sınav Yönetmeliği,https://www.resmigazete.gov.tr/eskiler/2009/02/20090223-2.htm
2009-02-23,— Atatürk Üniversitesi Fen Fakültesi Lisans Eğitim-Öğretim ve Sınav Yönetmeliği,https://www.resmigazete.gov.tr/eskiler/2009/02/20090223-3.htm
2009-02-23,— Atatürk Üniversitesi Fen-Edebiyat Fakültesi Lisans Eğitim-Öğretim ve Sınav Yönetmeliğinin Yürürlükten Kaldırılmasına Dair Yönetmelik,https://www.resmigazete.gov.tr/eskiler/2009/02/20090223-4.htm
2009-02-24,935 Türkiye Büyük Millet Meclisinin Çalışmalarına Ara Vermesine Dair Karar,https://www.resmigazete.gov.tr/eskiler/2009/02/20090224-1.htm
2009-02-24,"— Tarım ve Köyişleri Bakanlığına, Sağlık Bakanı Recep AKDAĞ’ın Vekâlet Etmesine Dair Tezkere",https://www.resmigazete.gov.tr/eskiler/2009/02/20090224-2.htm
2009-02-24,"— Sanayi ve Ticaret Bakanlığına, Devlet Bakanı Mustafa Said YAZICIOĞLU’nun Vekâlet Etmesine Dair Tezkere",https://www.resmigazete.gov.tr/eskiler/2009/02/20090224-3.htm
2009-02-25,2009/14669 Kütahya-Afyon-Uşak Bölgesel Havaalanı Projesi Kapsamında Bazı Taşınmazların Ulaştırma Bakanlığı Tarafından Acele Kamulaştırılması Hakkında Karar,https://www.resmigazete.gov.tr/eskiler/2009/02/20090225-1.htm
2009-02-25,"— Devlet Bakanı Mehmet AYDIN’a, Devlet Bakanı Nimet ÇUBUKÇU’nun Vekâlet Etmesine Dair Tezkere",https://www.resmigazete.gov.tr/eskiler/2009/02/20090225-2.htm
2009-02-25,— Milli Eğitim Bakanlığı Öğretmenlerinin Atama ve Yer Değiştirme Yönetmeliğinde Değişiklik Yapılmasına Dair Yönetmelik,https://www.resmigazete.gov.tr/eskiler/2009/02/20090225-3.htm
2009-02-25,— Gerçek Kişiler ve Özel Hukuk Tüzel Kişilerin ile Kamu Kurum ve Kuruluşlarınca Açılacak Aile Danışma Merkezleri Hakkında Yönetmelik,https://www.resmigazete.gov.tr/eskiler/2009/02/20090225-4.htm
2009-02-25,— Karayolu ile Şehirlerarası Yolcu Taşımacılığı Alanında Uygulanacak Taban Ücret Tarifesi Hakkında Tebliğ (No: 54),https://www.resmigazete.gov.tr/eskiler/2009/02/20090225-5.htm
2009-02-25,— Çiftçi Kayıt Sistemine Dahil Olan Çiftçilere Toprak Analizi Destekleme Ödemesi Yapılmasına Dair Tebliğde Değişiklik Yapılmasına Dair Tebliğ (No: 2009/29),https://www.resmigazete.gov.tr/eskiler/2009/02/20090225-6.htm
2009-02-25,— İthalatta Haksız Rekabetin Önlenmesine İlişkin Tebliğ (No: 2009/5),https://www.resmigazete.gov.tr/eskiler/2009/02/20090225-7.htm
2009-02-25,— Enerji Kaynaklarının ve Enerjinin Kullanımında Verimliliğinin Artırılmasına Dair Yönetmeliğin 7 nci Maddesine Göre Yetki Belgesi ve Sertifika Bedellerinin Yetkilendirilmiş Kurumlara Ödenecek Bölümü Hakkında Tebliğ (Sıra No: 2009/3),https://www.resmigazete.gov.tr/eskiler/2009/02/20090225-8.htm
2009-02-25,— Yüksek Seçim Kurulunun 17/2/2009 Tarihli ve 192 Sayılı Kararı,https://www.resmigazete.gov.tr/eskiler/2009/02/20090225-9.htm
2009-02-26,— Organik Tarım ve İyi Tarım Uygulamaları Destekleme Ödemesi Yapılmasına Dair Tebliğ (No: 2009/30),https://www.resmigazete.gov.tr/eskiler/2009/02/20090226-1.htm
2009-02-26,— Gemi Adamları İaşe Bedeli Tespit Kurulu Kararı,https://www.resmigazete.gov.tr/eskiler/2009/02/20090226-2.htm
2009-02-26,"— Anayasa Mahkemesinin E: 2006/55, K: 2008/145 Sayılı Kararı (9/12/1994 Tarihli ve 4059 Sayılı Kanun ile İlgili)",https://www.resmigazete.gov.tr/eskiler/2009/02/20090226-3.htm
2009-02-26,"— Anayasa Mahkemesinin E: 2005/90, K: 2008/146 Sayılı Kararı (26/5/2005 Tarihli ve 5355 Sayılı Kanun ile İlgili)",https://www.resmigazete.gov.tr/eskiler/2009/02/20090226-4.htm
2009-02-26,"— Anayasa Mahkemesinin E: 2005/88, K: 2008/166 Sayılı Kararı (26/9/2004 Tarihli ve 5235 Sayılı Kanunda Değişiklik Yapan 11/5/2005 Tarihli ve 5348 Sayılı Kanun ile İlgili)",https://www.resmigazete.gov.tr/eskiler/2009/02/20090226-5.htm
2009-02-26,"— Anayasa Mahkemesinin E: 2007/90, K: 2009/2 Sayılı Kararı (17/7/1964 Tarihli ve 506 Sayılı Kanun ile İlgili)",https://www.resmigazete.gov.tr/eskiler/2009/02/20090226-6.htm
2009-02-26,— Yargıtay 4. Hukuk Dairesine Ait Karar,https://www.resmigazete.gov.tr/eskiler/2009/02/20090226-7.htm
2009-02-27,— Tarım ve Köyişleri Bakanlığı Memurlarının Yer Değiştirme Suretiyle Atanmalarına İlişkin Yönetmelikte Değişiklik Yapılmasına Dair Yönetmelik,https://www.resmigazete.gov.tr/eskiler/2009/02/20090227-1.htm
2009-02-27,"— Yapı, Tesis ve Onarım İşleri İhalelerinde Kullanılan Müteahhitlik Karneleri ve İş Bitirme Belgelerinin 2009 Yılına Ait Değerlendirme Katsayıları Hakkında Tebliğ",https://www.resmigazete.gov.tr/eskiler/2009/02/20090227-2.htm
2009-02-27,"— Kültür ve Tabiat Varlıklarını Koruma Kanunu Kapsamındaki Kültür Varlıklarının Rölöve, Restorasyon, Restitüsyon Projeleri, Sokak Sağlıklaştırma, Çevre Düzenleme Projeleri ve Bunların Uygulamaları ile Değerlendirme, Muhafaza, Nakil İşleri ve Kazı Çalışmalarına İlişkin Mal ve Hizmet Alımlarında Parasal Limitlerin Güncellenmesi Hakkında Tebliğ (No: 2009/1)",https://www.resmigazete.gov.tr/eskiler/2009/02/20090227-3.htm
2009-02-27,— Bedelsiz İhracata İlişkin İhracat 2008/12 Sayılı Tebliğ’de Değişiklik Yapılmasına Dair Tebliğ (İhracat: 2009/02),https://www.resmigazete.gov.tr/eskiler/2009/02/20090227-4.htm
2009-02-28,"2009/14640 Kocaeli İli, Yeniköy Mevkiinde Bulunan Kocaeli Serbest Bölgesinin Sınırlarının Yeniden Belirlenmesi Hakkında Karar",https://www.resmigazete.gov.tr/eskiler/2009/02/20090228-1.htm
2009-02-28,2009/14641 Bozok Üniversitesi Rektörlüğüne Bağlı Olarak İletişim Fakültesi ile Turizm İşletmeciliği ve Otelcilik Yüksekokulu Kurulması Hakkında Karar,https://www.resmigazete.gov.tr/eskiler/2009/02/20090228-2.htm
2009-02-28,2009/14642 Gaziantep Üniversitesi Rektörlüğüne Bağlı Olarak Güzel Sanatlar Fakültesi ile İslahiye İktisadi ve İdari Bilimler Fakültesi Kurulması Hakkında Karar,https://www.resmigazete.gov.tr/eskiler/2009/02/20090228-3.htm
2009-02-28,2009/14652 Trakya Üniversitesi Rektörlüğüne Bağlı Olarak Keşan Yusuf Çapraz Uygulamalı Bilimler Yüksekokulu Kurulması Hakkında Karar,https://www.resmigazete.gov.tr/eskiler/2009/02/20090228-4.htm
2009-02-28,"2009/14655 2009 Yılı Yatırım Programında 1994K050060 Proje Numarası ile Yer Alan Trabzon İçmesuyu Projesi (Atasu Barajı ve HES) Kapsamında, Enerji Tüneli Çıkışı ve Denge Bacası Alanı ile Cebri Boru Hattı ve Ulaşım Yolu Güzergahında Bulunan Taşınmazların Devlet Su İşleri Genel Müdürlüğü Tarafından Acele Kamulaştırılması Hakkında Karar",https://www.resmigazete.gov.tr/eskiler/2009/02/20090228-5.htm
2009-02-28,2009/14660 Sürekli Görevle Yurt Dışında Bulunan Memurların Aylıklarına İlişkin 2/4/2004 tarihli ve 2004/7356 Sayılı Kararnamenin Eki Kararda Değişiklik Yapılması Hakkında Karar,https://www.resmigazete.gov.tr/eskiler/2009/02/20090228-6.htm
2009-02-28,"2009/14661 Millî Eğitim Bakanlığı Adına Öğretmen ve Eğitim Uzmanı Yetiştiren Yükseköğretim Kurumlarında Öğrenim Yapan Burslu Öğrencilere, 1/1/2009 Tarihinden İtibaren Ayda 180 TL. Burs Verilmesi Hakkında Karar",https://www.resmigazete.gov.tr/eskiler/2009/02/20090228-7.htm
2009-02-28,"2009/14668 Toprak Mahsulleri Ofisi Genel Müdürlüğünün, Fındık Tarım Satış Kooperatifleri Birliğinin Stoklarında Bulunan Kabuklu Fındıkları Satın Almakla Görevlendirilmesine İlişkin 31/10/2007 Tarihli ve 2007/12757 Sayılı Kararnamenin Eki Kararda Değişiklik Yapılmasına Dair Karar",https://www.resmigazete.gov.tr/eskiler/2009/02/20090228-8.htm
2009-02-28,"— Devlet Bakanı ve Başbakan Yardımcısı Cemil ÇİÇEK’e, Devlet Bakanı ve Başbakan Yardımcısı Hayati YAZICI’nın Vekâlet Etmesine Dair Tezkere",https://www.resmigazete.gov.tr/eskiler/2009/02/20090228-9.htm
2009-02-28,"— Ulaştırma Bakanlığına, Enerji ve Tabii Kaynaklar Bakanı M. Hilmi GÜLER’in Vekâlet Etmesine Dair Tezkere",https://www.resmigazete.gov.tr/eskiler/2009/02/20090228-10.htm
2009-02-28,"— Başbakanlık ile Devlet, Sağlık, Tarım ve Köyişleri, Çalışma ve Sosyal Güvenlik, Sanayi ve Ticaret, Enerji ve Tabii Kaynaklar ve Çevre ve Orman Bakanlıklarına Ait Atama Kararları",https://www.resmigazete.gov.tr/eskiler/2009/02/20090228-11.htm
2009-02-28,— Spor Müsabakalarına Dayalı Sabit İhtimalli ve Müşterek Bahis Oyunları Uygulama Yönetmeliği,https://www.resmigazete.gov.tr/eskiler/2009/02/20090228-12.htm
2009-02-28,"— Sosyal Hizmetler ve Çocuk Esirgeme Kurumu Genel Müdürlüğü Özürlülerin Tespiti, İncelenmesi, Bakım ve Rehabilitasyonuna Dair Yönetmelikte Değişiklik Yapılması Hakkında Yönetmelik",https://www.resmigazete.gov.tr/eskiler/2009/02/20090228-13.htm
2009-02-28,— Kamu Bilgi Sistemlerinde Birlikte Çalışabilirlik Esasları ile İlgili 2009/4 Sayılı Başbakanlık Genelgesi,https://www.resmigazete.gov.tr/eskiler/2009/02/20090228-14.htm
2009-02-28,— Diyaliz Sertifikalarının Resertifikasyonu Hakkında Tebliğ,https://www.resmigazete.gov.tr/eskiler/2009/02/20090228-15.htm
2009-02-28,— İthalatta Haksız Rekabetin Önlenmesine İlişkin Tebliğ (No: 2009/6),https://www.resmigazete.gov.tr/eskiler/2009/02/20090228-16.htm
2009-02-28,"Tıklayınız 28/2/2009 tarihli ve 27155 sayılı mükerrer Resmî Gazete'de, 5838 sayılı ""Bazı Kanunlarda Değişiklik Yapılması Hakkında Kanun"" ve 5839 sayılı ""Yükseköğretim Kurumları Teşkilatı Kanununda Değişiklik Yapılmasına Dair Kanun"" yayımlanmıştır.",http://www.resmigazete.gov.tr/eskiler/2009/02/20090228M1.htm
2009-03-01,"— Dışişleri Bakanlığına, Devlet Bakanı Mustafa Said YAZICIOĞLU’nun Vekâlet Etmesine Dair Tezkere",https://www.resmigazete.gov.tr/eskiler/2009/03/20090301-1.htm
2009-03-01,— Emekliliğe Yönelik Taahhütte Bulunan Kuruluşların Aktüeryal Denetimi Hakkında Yönetmelik,https://www.resmigazete.gov.tr/eskiler/2009/03/20090301-2.htm
2009-03-01,— Sigorta ve Reasürans ile Emeklilik Şirketlerinde Bağımsız Denetim Yapılmasına İlişkin Yönetmelikte Değişiklik Yapılmasına Dair Yönetmelik,https://www.resmigazete.gov.tr/eskiler/2009/03/20090301-3.htm
2009-03-01,— Sigortacılık Bağımsız Denetim İlkelerine İlişkin Yönetmelikte Değişiklik Yapılmasına Dair Yönetmelik,https://www.resmigazete.gov.tr/eskiler/2009/03/20090301-4.htm
2009-03-01,— Sigorta ve Reasürans ile Emeklilik Şirketlerinin Sermaye Yeterliliklerinin Ölçülmesine ve Değerlendirilmesine İlişkin Yönetmelikte Değişiklik Yapılmasına Dair Yönetmelik,https://www.resmigazete.gov.tr/eskiler/2009/03/20090301-5.htm
2009-03-01,— Sigorta ve Reasürans ile Emeklilik Şirketlerinin Mali Bünyelerine İlişkin Yönetmelikte Değişiklik Yapılmasına Dair Yönetmelik,https://www.resmigazete.gov.tr/eskiler/2009/03/20090301-6.htm
2009-03-01,— Sigorta Eksperleri İcra Komitesinin Kuruluş ve Çalışma Usul ve Esasları Yönetmeliği,https://www.resmigazete.gov.tr/eskiler/2009/03/20090301-7.htm
2009-03-01,— Sosyal Güvenlik Kurumu Sicil Amirleri Yönetmeliğinde Değişiklik Yapılmasına Dair Yönetmelik,https://www.resmigazete.gov.tr/eskiler/2009/03/20090301-8.htm
2009-03-01,— Sosyal Güvenlik Kurumu Disiplin Amirleri Yönetmeliğinde Değişiklik Yapılmasına Dair Yönetmelik,https://www.resmigazete.gov.tr/eskiler/2009/03/20090301-9.htm
2009-03-02,"— Yükseköğretim Kurulu Üyeliğine, Marmara Üniversitesi Hukuk Fakültesi Öğretim Üyesi Prof. Dr. Mehmet Akif AYDIN'ın Seçilmesine Dair Karar (No: 2009/2)",https://www.resmigazete.gov.tr/eskiler/2009/03/20090302-3.htm
2009-03-02,— Elektronik Haberleşme Güvenliği Yönetmeliğinde Değişiklik Yapılmasına Dair Yönetmelik,https://www.resmigazete.gov.tr/eskiler/2009/03/20090302-1.htm
2009-03-02,— Telsiz ve Telekomünikasyon Terminal Ekipmanları Yönetmeliğinde (1999/5/EC) Değişiklik Yapılmasına Dair Yönetmelik,https://www.resmigazete.gov.tr/eskiler/2009/03/20090302-2.htm
2009-03-03,"— Devlet Bakanı ve Başbakan Yardımcısı Nazım EKREN’e, Devlet Bakanı Mustafa Said YAZICIOĞLU’nun Vekâlet Etmesine Dair Tezkere",https://www.resmigazete.gov.tr/eskiler/2009/03/20090303-1.htm
2009-03-03,"— Devlet Bakanı Mehmet ŞİMŞEK’e, Devlet Bakanı Egemen BAĞIŞ’ın Vekâlet Etmesine Dair Tezkere",https://www.resmigazete.gov.tr/eskiler/2009/03/20090303-2.htm
2009-03-03,— Maliye Bakanlığına Ulaştırma Bakanı Binali YILDIRIM’ın Vekâlet Etmesine Dair Tezkere,https://www.resmigazete.gov.tr/eskiler/2009/03/20090303-3.htm
2009-03-03,— Makina Emniyeti Yönetmeliği (2006/42/AT),https://www.resmigazete.gov.tr/eskiler/2009/03/20090303-4.htm
2009-03-03,— Dicle Üniversitesi Önlisans ve Lisans Eğitim-Öğretim ve Sınav Yönetmeliğinde Değişiklik Yapılmasına Dair Yönetmelik,https://www.resmigazete.gov.tr/eskiler/2009/03/20090303-5.htm
2009-03-03,— Iğdır Üniversitesi Lisansüstü Eğitim-Öğretim Yönetmeliği,https://www.resmigazete.gov.tr/eskiler/2009/03/20090303-6.htm
2009-03-03,2/1 Numaralı Ticari Amaçlı Su Ürünleri Avcılığını Düzenleyen Tebliğde Değişiklik Yapılmasına Dair Tebliğ (No: 2009/31),https://www.resmigazete.gov.tr/eskiler/2009/03/20090303-7.htm
2009-03-04,"— Dışişleri Bakanı Ali BABACAN’a, Devlet Bakanı Mehmet AYDIN’ın Vekâlet Etmesine Dair Tezkere",https://www.resmigazete.gov.tr/eskiler/2009/03/20090304-1.htm
2009-03-04,"— Enerji ve Tabii Kaynaklar Bakanı M. Hilmi GÜLER’e, Kültür ve Turizm Bakanı Ertuğrul GÜNAY’ın Vekalet Etmesine Dair Tezkere",https://www.resmigazete.gov.tr/eskiler/2009/03/20090304-2.htm
2009-03-04,"— Dışişleri ile Maliye, Sanayi ve Ticaret Bakanlıklarına Ait Atama Kararları",https://www.resmigazete.gov.tr/eskiler/2009/03/20090304-3.htm
2009-03-04,— Millî Eğitim Bakanlığı Anadolu Öğretmen Liseleri Yönetmeliğinde Değişiklik Yapılmasına Dair Yönetmelik,https://www.resmigazete.gov.tr/eskiler/2009/03/20090304-4.htm
2009-03-04,— Millî Eğitim Bakanlığı Fen Liseleri Yönetmeliğinde Değişiklik Yapılmasına Dair Yönetmelik,https://www.resmigazete.gov.tr/eskiler/2009/03/20090304-5.htm
2009-03-04,— Millî Eğitim Bakanlığı Sosyal Bilimler Liseleri Yönetmeliğinde Değişiklik Yapılmasına Dair Yönetmelik,https://www.resmigazete.gov.tr/eskiler/2009/03/20090304-6.htm
2009-03-04,— Millî Eğitim Bakanlığı Yabancı Dil Eğitimi ve Öğretimi Yönetmeliğinde Değişiklik Yapılmasına Dair Yönetmelik,https://www.resmigazete.gov.tr/eskiler/2009/03/20090304-7.htm
2009-03-04,— Millî Eğitim Bakanlığı Ortaöğretim Kurumları Ödül ve Disiplin Yönetmeliğinde Değişiklik Yapılmasına Dair Yönetmelik,https://www.resmigazete.gov.tr/eskiler/2009/03/20090304-8.htm
2009-03-04,— Millî Eğitim Bakanlığı Özel Akşam Liseleri Yönetmeliğinde Değişiklik Yapılmasına Dair Yönetmelik,https://www.resmigazete.gov.tr/eskiler/2009/03/20090304-9.htm
2009-03-04,— Özel Öğretim Kurumlarına Yapılacak Mali Yardım Yönetmeliğinin Yürürlükten Kaldırılmasına Dair Yönetmelik,https://www.resmigazete.gov.tr/eskiler/2009/03/20090304-10.htm
2009-03-04,— Öğretmeni Yetiştirme Merkezi Disiplin Yönetmeliğinin Yürürlükten Kaldırılmasına Dair Yönetmelik,https://www.resmigazete.gov.tr/eskiler/2009/03/20090304-11.htm
2009-03-04,— Sıvılaştırılmış Petrol Gazları (LPG) Dağıtım Şirketleri ile Yetkili Bayilerin ve Tüketicilerin Uymaları Gereken Usul ve Esaslara İlişkin Tebliğin Yürürlükten Kaldırılmasına Dair Tebliğ,https://www.resmigazete.gov.tr/eskiler/2009/03/20090304-12.htm
2009-03-04,"Tıklayınız 4/3/2009 tarihli ve 27159 sayılı mükerrer Resmî Gazete'de; Danışmanlık Hizmet Alımı, Yapım İşleri, Mal Alımı, Hizmet Alımı, Çerçeve Anlaşma İhale Uygulama Yönetmelikleri ile Yapım İşleri Muayene ve Kabul Yönetmeliği yayımlanmıştır.",http://www.resmigazete.gov.tr/eskiler/2009/03/20090304M1.htm
2009-03-05,2009/14670 Namık Kemal Üniversitesi Rektörlüğüne Bağlı Olarak İktisadi ve İdari Bilimler Fakültesi ile Yabancı Diller Yüksekokulu Kurulması Hakkında Karar,https://www.resmigazete.gov.tr/eskiler/2009/03/20090305-1.htm
2009-03-05,2009/14671 Fırat Üniversitesi Rektörlüğüne Bağlı Olarak İktisadi ve İdari Bilimler Fakültesi Kurulması Hakkında Karar,https://www.resmigazete.gov.tr/eskiler/2009/03/20090305-2.htm
2009-03-05,"— Millî Savunma Bakanlığına, Çalışma ve Sosyal Güvenlik Bakanı Faruk ÇELİK’in Vekalet Etmesine Dair Tezkere",https://www.resmigazete.gov.tr/eskiler/2009/03/20090305-3.htm
2009-03-05,"— Devlet, Millî Savunma, İçişleri, Millî Eğitim, Tarım ve Köyişleri, Çalışma ve Sosyal Güvenlik, Enerji ve Tabii Kaynaklar ve Kültür veTurizm Bakanlıklarına Ait Atama Kararları",https://www.resmigazete.gov.tr/eskiler/2009/03/20090305-4.htm
2009-03-05,— Pamukkale Üniversitesi Döner Sermaye İşletmesi Yönetmeliğinde Değişiklik Yapılmasına Dair Yönetmelik,https://www.resmigazete.gov.tr/eskiler/2009/03/20090305-5.htm
2009-03-05,— Gümrük Genel Tebliği (İhracaat) (Seri No: 1),https://www.resmigazete.gov.tr/eskiler/2009/03/20090305-6.htm
2009-03-05,— Dış Ticaret Sermaye Şirketlerine İlişkin Karar,https://www.resmigazete.gov.tr/eskiler/2009/03/20090305-7.htm
2009-03-05,"— Anayasa Mahkemesinin E: 2004/87, K: 2009/5 Sayılı Kararı (16/7/2004 Tarihli ve 5230 Sayılı Kanun ile ilgili)",https://www.resmigazete.gov.tr/eskiler/2009/03/20090305-8.htm
2009-03-05,— Yüksek Seçim Kurulunun 6/1/2009 ve 6 Sayılı Kararı,https://www.resmigazete.gov.tr/eskiler/2009/03/20090305-9.htm
2009-03-06,— Umuma Açık Yerler ve İçkili Yerler ile Resmi veya Özel Öğretim Kurumları Arasındaki Uzaklıkların Belirlenmesine Dair Yönetmelikte Değişiklik Yapılmasına Dair Yönetmelik,https://www.resmigazete.gov.tr/eskiler/2009/03/20090306-1.htm
2009-03-06,— Gümrük Yönetmeliğinde Değişiklik Yapılmasına Dair Yönetmelik,https://www.resmigazete.gov.tr/eskiler/2009/03/20090306-2.htm
2009-03-06,— Devlet Opera ve Balesi Genel Müdürlüğü Sicil Amirleri Yönetmeliği,https://www.resmigazete.gov.tr/eskiler/2009/03/20090306-3.htm
2009-03-06,— Devlet Opera ve Balesi Genel Müdürlüğü Disiplin Amirleri Yönetmeliği,https://www.resmigazete.gov.tr/eskiler/2009/03/20090306-4.htm
2009-03-06,"— 5201 Sayılı Kanun Gereğince Kontrole Tâbi Tutulacak Harp Araç ve Gereçleri ile Silah, Mühimmat ve Bunlara Ait Yedek Parçalar, Askeri Patlayıcı Maddeler, Bunlara Ait Teknolojilere İlişkin Liste (2009 Yılı)",https://www.resmigazete.gov.tr/eskiler/2009/03/20090306-5.htm
2009-03-06,— İthalatta Haksız Rekabetin Önlenmesine İlişkin Tebliğ (No: 2009/7),https://www.resmigazete.gov.tr/eskiler/2009/03/20090306-6.htm
2009-03-07,2009/14698 Gün Işığından Daha Fazla Yararlanmak Amacıyla Bütün Yurtta Saatlerin Yeniden Düzenlenmesi Hakkında Karar,https://www.resmigazete.gov.tr/eskiler/2009/03/20090307-1.htm
2009-03-07,2009/14740 Dışişleri Bakanlığı Bazı Mensuplarının Çeşitli Görevlere Atanmaları Hakkında Karar,https://www.resmigazete.gov.tr/eskiler/2009/03/20090307-2.htm
2009-03-07,Kültür ve Turizm Bakanlığına Ait Atama Kararı,https://www.resmigazete.gov.tr/eskiler/2009/03/20090307-3.htm
2009-03-07,— Türkiye Badminton Federasyonu Ana Statüsünde Değişiklik Yapılmasına Dair Ana Statü,https://www.resmigazete.gov.tr/eskiler/2009/03/20090307-4.htm
2009-03-07,— Merkezi Yönetim Muhasebe Yönetmeliği Genel Tebliği (Sayı: 2),https://www.resmigazete.gov.tr/eskiler/2009/03/20090307-5.htm
2009-03-07,— Hayvancılığın Desteklenmesi Hakkında Uygulama Esasları Tebliğinde Değişiklik Yapılmasına Dair Tebliğ (No: 2009/33),https://www.resmigazete.gov.tr/eskiler/2009/03/20090307-6.htm
2009-03-07,— TIR Uygulama Tebliğinde Değişiklik Yapılmasına Dair Tebliğ,https://www.resmigazete.gov.tr/eskiler/2009/03/20090307-7.htm
2009-03-07,— Kamu Görevlileri Etik Kurulunun 23/1/2009 Tarihli ve 2009/1 Sayılı Kararı,https://www.resmigazete.gov.tr/eskiler/2009/03/20090307-8.htm
2009-03-08,"— Dışişleri Bakanlığına, İçişleri Bakanı Beşir ATALAY’ın Vekâlet Etmesine Dair Tezkere",https://www.resmigazete.gov.tr/eskiler/2009/03/20090308-1.htm
2009-03-08,— Kontrol Laboratuvarlarının Kuruluş ve Görevleri Hakkında Yönetmelikte Değişiklik Yapılmasına Dair Yönetmelik,https://www.resmigazete.gov.tr/eskiler/2009/03/20090308-2.htm
2009-03-08,— Sabancı Üniversitesi Ana Yönetmeliği,https://www.resmigazete.gov.tr/eskiler/2009/03/20090308-3.htm
2009-03-08,— Ticari Kalite Denetim Yeterlik Belgesi Sahibi İmalatçı-İhracatçıların Listesi,https://www.resmigazete.gov.tr/eskiler/2009/03/20090308-4.htm
2009-03-08,— Yargıtay 2. ve 7. Hukuk Dairelerine Ait Kararlar,https://www.resmigazete.gov.tr/eskiler/2009/03/20090308-5.htm
2009-03-09,Tarımsal Ürünlerde İhracat İadesi Yardımlarına İlişkin Tebliğ (No: 2009/1),https://www.resmigazete.gov.tr/eskiler/2009/03/20090309-1.htm
2009-03-10,2009/14701 Türkiye Cumhuriyeti Hükümeti ile Gürcistan Hükümeti Arasında İmzalanan “TİKA Tiflis Program Koordinasyon Ofisinin Statüsüne İlişkin Protokol’ün Onaylanması Hakkında Karar,https://www.resmigazete.gov.tr/eskiler/2009/03/20090310-1.htm
2009-03-10,2009-14764 Türk Parası Kıymetini Koruma Hakkında 32 Sayılı Kararda Değişiklik Yapılmasına Dair Karar,https://www.resmigazete.gov.tr/eskiler/2009/03/20090310-2.htm
2009-03-10,"— Cumhurbaşkanlığına, Türkiye Büyük Millet Meclisi Başkanı Köksal TOPTAN’ın Vekâlet Etmesine Dair Tezkere",https://www.resmigazete.gov.tr/eskiler/2009/03/20090310-3.htm
2009-03-10,— Ekonomi Koordinasyon Kurulu ile İlgili 2009/5 Sayılı Başbakanlık Genelgesi,https://www.resmigazete.gov.tr/eskiler/2009/03/20090310-4.htm
2009-03-10,"— Anayasa Mahkemesinin E: 2004/24, K: 2008/165 Sayılı Kararı (3/3/2004 Tarihli ve 5102 Sayılı Kanun ile İlgili)",https://www.resmigazete.gov.tr/eskiler/2009/03/20090310-5.htm
2009-03-10,— Yargıtay 2. Hukuk Dairesine Ait Kararlar,https://www.resmigazete.gov.tr/eskiler/2009/03/20090310-6.htm
2009-03-11,"— Devlet Bakanı Egemen BAĞIŞ’a, Devlet Bakanı Nimet ÇUBUKÇU’nun Vekâlet Etmesine Dair Tezkere",https://www.resmigazete.gov.tr/eskiler/2009/03/20090311-1.htm
2009-03-11,"— Milli Savunma Bakanlığına, Sanayi ve Ticaret Bakanı Mehmet Zafer ÇAĞLAYAN’ın Vekâlet Etmesine Dair Tezkere",https://www.resmigazete.gov.tr/eskiler/2009/03/20090311-2.htm
2009-03-11,— Organ ve Doku Nakli Hizmetleri Yönetmeliğinde Değişiklik Yapılmasına Dair Yönetmelik,https://www.resmigazete.gov.tr/eskiler/2009/03/20090311-3.htm
2009-03-11,— Özel Hastaneler Yönetmeliğinde Değişiklik Yapılmasına Dair Yönetmelik,https://www.resmigazete.gov.tr/eskiler/2009/03/20090311-4.htm
2009-03-11,— Ayakta Teşhis ve Tedavi Yapılan Özel Sağlık Kuruluşları Hakkında Yönetmelikte Değişiklik Yapılmasına Dair Yönetmelik,https://www.resmigazete.gov.tr/eskiler/2009/03/20090311-5.htm
2009-03-11,— Tarımsal Yayım ve Danışmanlık Hizmetlerinin Düzenlenmesine Dair Yönetmelikte Değişiklik Yapılmasına Dair Yönetmelik,https://www.resmigazete.gov.tr/eskiler/2009/03/20090311-6.htm
2009-03-11,— Karayolu Yolcu Taşımacılığında Kullanılan Terminallere İlişkin Tavan Ücret Tarifeleri Hakkında Tebliğ (No: 55),https://www.resmigazete.gov.tr/eskiler/2009/03/20090311-7.htm
2009-03-11,— İşkolu Tespit Kararı (No: 2009/8),https://www.resmigazete.gov.tr/eskiler/2009/03/20090311-8.htm
2009-03-11,— Gümrük Genel Tebliğinde Değişiklik Yapılması Hakkında Tebliğ (Hariçte İşleme-Geçici Çıkış-Geri Gelen Eşya) (Seri No: 4),https://www.resmigazete.gov.tr/eskiler/2009/03/20090311-9.htm
2009-03-11,— Danıştay Üçüncü Daire Başkanlığına Ait Karar,https://www.resmigazete.gov.tr/eskiler/2009/03/20090311-10.htm
2009-03-12,— Gemi ve Su Araçlarının Tonilatolarını Ölçme Yönetmeliği,https://www.resmigazete.gov.tr/eskiler/2009/03/20090312-1.htm
2009-03-12,— Islah Amaçlı Yetiştirici Birliklerinin Kurulması ve Hizmetleri Hakkında Yönetmelikte Değişiklik Yapılmasına Dair Yönetmelik,https://www.resmigazete.gov.tr/eskiler/2009/03/20090312-2.htm
2009-03-12,— 3218 Sayılı Serbest Bölgeler Kanunu Genel Tebliği (Seri No: 1),https://www.resmigazete.gov.tr/eskiler/2009/03/20090312-3.htm
2009-03-13,2009/14681 Gaziosmanpaşa Üniversitesi Rektörlüğüne Bağlı Olarak Mühendislik ve Doğa Bilimleri Fakültesi ile Güzel Sanatlar Fakültesi Kurulması Hakkında Karar,https://www.resmigazete.gov.tr/eskiler/2009/03/20090313-1.htm
2009-03-13,2009/14697 Yeni Uydu Temini Amacıyla Türksat Uydu Haberleşme Kablo TV ve İşletme Anonim Şirketine Yetki Verilmesine İlişkin Karar,https://www.resmigazete.gov.tr/eskiler/2009/03/20090313-2.htm
2009-03-13,2009/14737 Bakanlıklararası Ortak Kültür Komisyonunun Çalışma Esas ve Usulleri ile Bu Komisyon Tarafından Yurtdışında Görevlendirilecek Personelin Nitelikleri ile Hak ve Yükümlülüklerinin Belirlenmesine İlişkin Kararda Değişiklik Yapılmasına Dair Karar,https://www.resmigazete.gov.tr/eskiler/2009/03/20090313-3.htm
2009-03-13,2009/14763 Koç Üniversitesi Rektörlüğüne Bağlı Olarak Tıp Fakültesi Kurulması Hakkında Karar,https://www.resmigazete.gov.tr/eskiler/2009/03/20090313-4.htm
2009-03-13,"— Devlet Bakanı Mehmet ŞİMŞEK’e, Devlet Bakanı ve Başbakan Yardımcısı Nazım EKREN’in Vekâlet Etmesine Dair Tezkere",https://www.resmigazete.gov.tr/eskiler/2009/03/20090313-5.htm
2009-03-13,2009/14692 Tütün ve Alkol Piyasası Düzenleme Kurulunda Boş Bulunan Başkanlığa ve Başkan Vekilliğine Yapılan Atamalar Hakkında Karar,https://www.resmigazete.gov.tr/eskiler/2009/03/20090313-6.htm
2009-03-13,2009/14782 Sermaye Piyasası Kurulunda Boş Bulunan Başkanlık ve Üyeliğe Atama Yapılması Hakkında Karar,https://www.resmigazete.gov.tr/eskiler/2009/03/20090313-7.htm
2009-03-13,"— Başbakanlık ile Millî Savunma, Maliye, Millî Eğitim, Sağlık ve Tarım ve Köyişleri Bakanlıklarına Ait Atama Kararları",https://www.resmigazete.gov.tr/eskiler/2009/03/20090313-8.htm
2009-03-13,— Öğretmenler Günü Kutlama Yönetmeliğinde Değişiklik Yapılmasına Dair Yönetmelik,https://www.resmigazete.gov.tr/eskiler/2009/03/20090313-9.htm
2009-03-13,— Tapu ve Kadastro Genel Müdürlüğü Sicil Amirleri Yönetmeliğinde Değişiklik Yapılmasına Dair Yönetmelik,https://www.resmigazete.gov.tr/eskiler/2009/03/20090313-10.htm
2009-03-13,— Tapu ve Kadastro Genel Müdürlüğü Disiplin Amirleri Yönetmeliğinde Değişiklik Yapılmasına Dair Yönetmelik,https://www.resmigazete.gov.tr/eskiler/2009/03/20090313-11.htm
2009-03-13,— İşkolu Tespit Kararı (No: 2009/9),https://www.resmigazete.gov.tr/eskiler/2009/03/20090313-12.htm
2009-03-14,5841 Çeşitli Kanunlarda Değişiklik Yapılmasına Dair Kanun,https://www.resmigazete.gov.tr/eskiler/2009/03/20090314-1.htm
2009-03-14,2009/14673 8/1/2002 Tarihli ve 4736 Sayılı Kanunun 1 inci Maddesinin Birinci Fıkrası Hükmünden Muaf Tutulacakların Tespitine Dair 28/1/2002 Tarihli ve 2002/3654 Sayılı Kararnamenin Eki Kararda Değişiklik Yapılmasına İlişkin Ekli Kararın Yürürlüğe Konulması Hakkında Karar,https://www.resmigazete.gov.tr/eskiler/2009/03/20090314-2.htm
2009-03-14,2009/14678 Ateşli Silahlar ve Bıçaklar ile Diğer Aletler Hakkında Yönetmelikte Değişiklik Yapılmasına Dair Yönetmeliğin Yürürlülüğe Konulması Hakkında Karar,https://www.resmigazete.gov.tr/eskiler/2009/03/20090314-3.htm
2009-03-14,2009/14680 Çanakkale Onsekiz Mart Üniversitesi Rektörlüğüne Bağlı Olarak Yabancı Diller Yüksekokulu Kurulması Hakkında Karar,https://www.resmigazete.gov.tr/eskiler/2009/03/20090314-4.htm
2009-03-14,"2009/14682 Süleyman Demirel Üniversitesi Rektörlüğü Bünyesinde Bulunan Isparta Sağlık Yüksekokulunun Kapatılarak, Adı Geçen Rektörlüğe Bağlı Olarak Sağlık Bilimleri Fakültesi Kurulması Hakkında Karar",https://www.resmigazete.gov.tr/eskiler/2009/03/20090314-5.htm
2009-03-14,2009/14693 Çukurova Üniversitesi Rektörlüğüne Bağlı Olarak Yabancı Diller Yüksekokulu Kurulması Hakkında Karar,https://www.resmigazete.gov.tr/eskiler/2009/03/20090314-6.htm
2009-03-14,2009/14694 Yüzüncü Yıl Üniversitesi Rektörlüğüne Bağlı Olarak Turizm ve Otel İşletmeciliği Yüksekokulu Kurulması Hakkında Karar,https://www.resmigazete.gov.tr/eskiler/2009/03/20090314-7.htm
2009-03-14,2009/14695 Kastamonu Üniversitesi Rektörlüğüne Bağlı Olarak Turizm İşletmeciliği ve Otelcilik Yüksekokulu Kurulması Hakkında Karar,https://www.resmigazete.gov.tr/eskiler/2009/03/20090314-8.htm
2009-03-14,2009/14724 Karadeniz Teknik Üniversitesi Rektörlüğüne Bağlı Olarak Karadeniz Araştırmaları Enstitüsü Kurulması Hakkında Karar,https://www.resmigazete.gov.tr/eskiler/2009/03/20090314-9.htm
2009-03-14,2009/14725 Adnan Menderes Üniversitesi Rektörlüğüne Bağlı Olarak Yabancı Diller Yüksekokulu Kurulması Hakkında Karar,https://www.resmigazete.gov.tr/eskiler/2009/03/20090314-10.htm
2009-03-14,2009/14726 Nevşehir Üniversitesi Rektörlüğüne Bağlı Olarak Turizm İşletmeciliği ve Otelcilik Yüksekokulu Kurulması Hakkında Karar,https://www.resmigazete.gov.tr/eskiler/2009/03/20090314-11.htm
2009-03-14,2009/14727 Atatürk Üniversitesi Rektörlüğüne Bağlı Olarak Sağlık Bilimleri Fakültesi Kurulması Hakkında Karar,https://www.resmigazete.gov.tr/eskiler/2009/03/20090314-12.htm
2009-03-14,2009/14728 Mustafa Kemal Üniversitesi Rektörlüğüne Bağlı Olarak Fizik Tedavi ve Rehabilitasyon Yüksekokulu Kurulması Hakkında Karar,https://www.resmigazete.gov.tr/eskiler/2009/03/20090314-13.htm
2009-03-14,"2009/14730 Zonguldak İli, Çaycuma İlçesi, Filyos Irmağı Havzasında Yer Alan Filyos Serbest Bölgesinin Sınırlarının Ekli Krokide Yer Aldığı Şekilde Yeniden Belirlenmesi ve Söz Konusu Bölgede Yer Alan Özel Mülkiyete Ait Taşınmazların Maliye Bakanlığı (Millî Emlak Genel Müdürlüğü) Tarafından Kamulaştırılması Hakkında Karar",https://www.resmigazete.gov.tr/eskiler/2009/03/20090314-14.htm
2009-03-14,2009/14735 Vilayetler Hizmet Birliğinin Kurulmasına İzin Verilmesi Hakkında Karar,https://www.resmigazete.gov.tr/eskiler/2009/03/20090314-15.htm
2009-03-14,"2009/14739 Tarım Reformu Kanunu Uyarınca “Uygulama Alanı” İlan Edilen ve Ekli Listede Adları Belirtilen Yerleşim Yerlerinin, Karşılarında Gösterilen Kararnamelerin Kapsamından Çıkarılması Hakkında Karar",https://www.resmigazete.gov.tr/eskiler/2009/03/20090314-16.htm
2009-03-14,2009/14756 Hayvan Sağlığı ve Zabıtası Yönetmeliğinde Değişiklik Yapılması Hakkında Yönetmeliğin Yürürlüğe Konulması Hakkında Karar,https://www.resmigazete.gov.tr/eskiler/2009/03/20090314-17.htm
2009-03-14,2009/14765 Diyanet İşleri Başkanlığı Taşra Teşkilatında Ankara ve Rize İllerinde Birer Adet Eğitim Merkezi Müdürlüğü Kurulması Hakkında Karar,https://www.resmigazete.gov.tr/eskiler/2009/03/20090314-18.htm
2009-03-14,— Hazine Taşınmazlarının İdaresi Hakkında Yönetmelikte Değişiklik Yapılmasına Dair Yönetmelik,https://www.resmigazete.gov.tr/eskiler/2009/03/20090314-19.htm
2009-03-14,— Özel Eğitim Hizmetleri Yönetmeliğinde Değişiklik Yapılmasına Dair Yönetmelik,https://www.resmigazete.gov.tr/eskiler/2009/03/20090314-20.htm
2009-03-14,— Millî Eğitim Bakanlığı Rehberlik ve Psikolojik Danışma Hizmetleri Yönetmeliğinde Değişiklik Yapılmasına Dair Yönetmelik,https://www.resmigazete.gov.tr/eskiler/2009/03/20090314-21.htm
2009-03-14,— Spor Toto Teşkilat Başkanlığı İsim Hakları Yönetmeliği,https://www.resmigazete.gov.tr/eskiler/2009/03/20090314-22.htm
2009-03-14,— Sosyal Güvenlik Kurumu Taşınır Satış İşlemleri Yönetmeliği,https://www.resmigazete.gov.tr/eskiler/2009/03/20090314-23.htm
2009-03-14,— Harçlar Kanunu Genel Tebliği (Seri No: 59),https://www.resmigazete.gov.tr/eskiler/2009/03/20090314-24.htm
2009-03-15,— Türkiye Hentbol Federasyonu Ana Statüsünde Değişiklik Yapılmasına Dair Ana Statü,https://www.resmigazete.gov.tr/eskiler/2009/03/20090315-1.htm
2009-03-15,2009/14729 Küçüklerin Evlât Edinilmesinde Aracılık Faaliyetlerinin Yürütülmesine İlişkin Tüzük’ün Yürürlülüğe Konulmasına Dair Karar,https://www.resmigazete.gov.tr/eskiler/2009/03/20090315-2.htm
2009-03-15,2009/14736 Geliştirme Ödeneği Ödenmesine Dair Kararda Değişiklik Yapılmasına İlişkin Karar’ın Yürürlülüğe Konulmasına Dair Karar,https://www.resmigazete.gov.tr/eskiler/2009/03/20090315-3.htm
2009-03-15,2009/14742 Patates Siğili Görülen Alanlarda ve Güvenlik Kuşağında Uygulanacak Desteğe İlişkin Karar’ın Yürürlülüğe Konulmasına Dair Karar,https://www.resmigazete.gov.tr/eskiler/2009/03/20090315-4.htm
2009-03-15,"2009/14754 Tütün, Tütün Mamulleri, Tuz ve Alkol İşletmeleri Anonim Şirketine 4733 sayılı Kanunun Geçici 6 ncı Maddesi Gereğince Yapılacak Ödemelerde Uygulanacak Usul ve Esaslara İlişkin Ekli Karar’ın Yürürlülüğe Konulmasına Dair Karar",https://www.resmigazete.gov.tr/eskiler/2009/03/20090315-5.htm
2009-03-15,2009/14772 Tarımsal Yayım ve Danışmanlık Hizmetlerinin Desteklenmesi Hakkında Karar’ın Yürürlülüğe Konulmasına Dair Karar,https://www.resmigazete.gov.tr/eskiler/2009/03/20090315-6.htm
2009-03-15,2009/14773 Ekli (I) Sayılı Listede Belirtilen Yerleşim Alanlarının “Uygulama Alanı” Olarak Tespiti ve Bu Yerlerdeki Üçüncü Sınıf Tarım Arazisinde Dağıtılacak Toprak Normunun Ekli (II) Sayılı Listede Gösterildiği Şekilde Belirlenmesine Dair Karar,https://www.resmigazete.gov.tr/eskiler/2009/03/20090315-7.htm
2009-03-15,— Kıyı Tesisi Yapım Taleplerinin Değerlendirilmesine Dair Tebliğ (No: 2009/2),https://www.resmigazete.gov.tr/eskiler/2009/03/20090315-8.htm
2009-03-15,— Bankacılık Düzenleme ve Denetmele Kurulunun 12/3/2009 Tarih ve 3069 ile 3074 sayılı Kararları,https://www.resmigazete.gov.tr/eskiler/2009/03/20090315-9.htm
2009-03-16,2009/14802 Bazı Mallara Uygulanacak Katma Değer Vergisi ile Özel Tüketim Vergisi Oranlarının Belirlenmesine İlişkin Kararın Yürürlülüğe Konulması Hakkında Karar,https://www.resmigazete.gov.tr/eskiler/2009/03/20090316-7.htm
2009-03-16,2009/14803 Kaynak Kullanımını Destekleme Fonu Kesintileri Hakkında Kararın Yürürlülüğe Konulması Hakkında Karar,https://www.resmigazete.gov.tr/eskiler/2009/03/20090316-8.htm
2009-03-16,— Millî Eğitim Bakanlığı Açık İlköğretim Okulu Yönetmeliğinde Değişiklik Yapılmasına Dair Yönetmelik,https://www.resmigazete.gov.tr/eskiler/2009/03/20090316-1.htm
2009-03-16,— Millî Eğitim Bakanlığı Meslekî Açıköğretim Lisesi Yönetmeliğinde Değişiklik Yapılmasına Dair Yönetmelik,https://www.resmigazete.gov.tr/eskiler/2009/03/20090316-2.htm
2009-03-16,— Bakıma Muhtaç Özürlülerin Tespiti ve Bakım Hizmeti Esaslarının Belirlenmesine İlişkin Yönetmelikte Değişiklik Yapılmasına Dair Yönetmelik,https://www.resmigazete.gov.tr/eskiler/2009/03/20090316-3.htm
2009-03-16,— Bakıma Muhtaç Özürlülere Yönelik Özel Bakım Merkezleri Yönetmeliğinde Değişiklik Yapılmasına Dair Yönetmelik,https://www.resmigazete.gov.tr/eskiler/2009/03/20090316-4.htm
2009-03-16,— İller Bankası Genel Müdürlüğü Personeli Görevde Yükselme ve Unvan Değişikliği Yönetmeliğinde Değişiklik Yapılmasına Dair Yönetmelik,https://www.resmigazete.gov.tr/eskiler/2009/03/20090316-5.htm
2009-03-16,— Çankırı Karatekin Üniversitesi Lisansüstü Eğitim-Öğretim ve Sınav Yönetmeliği,https://www.resmigazete.gov.tr/eskiler/2009/03/20090316-6.htm
2009-03-17,2009/14687 Bazı Anlaşmaların Yürürlüğe Girdiği Tarihlerin Tespit Edilmesi Hakkında Karar,https://www.resmigazete.gov.tr/eskiler/2009/03/20090317-1.htm
2009-03-17,"— Kültür ve Turizm Bakanlığına, Milli Eğitim Bakanı Hüseyin ÇELİK’in Vekâlet Etmesine Dair Tezkere",https://www.resmigazete.gov.tr/eskiler/2009/03/20090317-2.htm
2009-03-17,— Enerji ve Tabii Kaynaklar Bakanlığına Ait Atama Kararı,https://www.resmigazete.gov.tr/eskiler/2009/03/20090317-3.htm
2009-03-17,— Milli Eğitim Bakanlığı Açıköğretim Lisesi Yönetmeliğinde Değişiklik Yapılmasına Dair Yönetmelik,https://www.resmigazete.gov.tr/eskiler/2009/03/20090317-4.htm
2009-03-17,— Anonim ve Limited Şirketlerin Kuruluş ve Ana Sözleşme Değişikliği İşlemlerine İlişkin Esaslar Hakkında Tebliğde Değişiklik Yapılmasına Dair Tebliğ (İç Ticaret: 2009/1),https://www.resmigazete.gov.tr/eskiler/2009/03/20090317-5.htm
2009-03-17,— 2009 Yılı Şubat Ayına Ait Yatırım Teşvik Belgeleri Listesi,https://www.resmigazete.gov.tr/eskiler/2009/03/20090317-6.xls
2009-03-17,— 2009 Yılı Şubat Ayında Yabancı Sermayeli Firmaların Yatırımları İçin Verilen Yatırım Teşvik Belgeleri Listesi,https://www.resmigazete.gov.tr/eskiler/2009/03/20090317-7.xls
2009-03-17,(25/2/2009 Tarihli ve 2009/14736 sayılı “Geliştirme Ödeneği Ödenmesine Dair Kararda Değişiklik Yapılmasına İlişkin Karar” ile ilgili),https://www.resmigazete.gov.tr/eskiler/2009/03/20090317-8.htm
2009-03-18,2009/14688 Türkiye Cumhuriyeti Hükümeti ile Kosova Cumhuriyeti Hükümeti Arasında İmzalanan “Karşılıklı Vize Muafiyeti Anlaşması”nın Onaylanması Hakkında Karar,https://www.resmigazete.gov.tr/eskiler/2009/03/20090318-1.htm
2009-03-18,2009/14689 Türkiye-Vietnam Karma Ekonomik ve Ticaret Komitesi Dördüncü Dönem Toplantısı Mutabakat Zaptı’nın Onaylanması Hakkında Karar,https://www.resmigazete.gov.tr/eskiler/2009/03/20090318-2.htm
2009-03-18,2009/14691 Türk-Moğol Karma Ekonomik ve Ticaret Komitesi V. Dönem Toplantısı Protokolü’nün Onaylanması Hakkında Karar,https://www.resmigazete.gov.tr/eskiler/2009/03/20090318-3.htm
2009-03-18,2009/14719 Türkiye-Belarus Hükümetlerarası Karma Ekonomik Komisyonu Altıncı Dönem Toplantısı Protokolu’nun Onaylanması Hakkında Karar,https://www.resmigazete.gov.tr/eskiler/2009/03/20090318-4.htm
2009-03-18,2009/14752 Türkiye Cumhuriyeti Hükümeti ile Yemen Cumhuriyeti Hükümeti Arasında İmzalanan “Büyükelçilik ve Rezidans Binalarının İnşası İçin Arsa Takasına İlişkin Anlaşma”nın Onaylanması Hakkında Karar,https://www.resmigazete.gov.tr/eskiler/2009/03/20090318-5.htm
2009-03-18,2009/14761 Türkiye Cumhuriyeti Hükümeti ile Fas Krallığı Hükümeti Arasında İmzalanan “Su Alanında Teknik İşbirliği Anlaşması”nın Onaylanması Hakkında Karar,https://www.resmigazete.gov.tr/eskiler/2009/03/20090318-6.htm
2009-03-18,2009/14762 “Karadeniz Ekonomik İşbirliği (KEİ) Örgütü Üyesi Devletlerin Vatandaşı İşadamları İçin Vize İşlemlerinin Basitleştirilmesi Anlaşması” ile “Karadeniz Ekonomik İşbirliği (KEİ) Örgütü Üyesi Devletlerin Vatandaşı Profesyonel Kamyon Sürücüleri İçin Vize İşlemlerinin Basitleştirilmesi Anlaşması”nın Onaylanması Hakkında Karar,https://www.resmigazete.gov.tr/eskiler/2009/03/20090318-7.htm
2009-03-18,— Ön Ödeme Usul ve Esasları Hakkında Genel Tebliğde Değişiklik Yapılması Hakkında Tebliğ (Sayı: 2009/1),https://www.resmigazete.gov.tr/eskiler/2009/03/20090318-8.htm
2009-03-18,— Tekstil Teknik Komitesinin Oluşumu ve Görevlerine Dair Tebliğde Değişiklik Yapılmasına İlişkin Tebliğ (No: SGM/2009-3),https://www.resmigazete.gov.tr/eskiler/2009/03/20090318-9.htm
2009-03-18,— Ayakkabı Teknik Komitesinin Oluşumu ve Görevlerine Dair Tebliğde Değişiklik Yapılmasına İlişkin Tebliğ (No: SGM/2009-4),https://www.resmigazete.gov.tr/eskiler/2009/03/20090318-10.htm
2009-03-18,— Dış Ticarette Standardizasyon Tebliği (No: 2009/25),https://www.resmigazete.gov.tr/eskiler/2009/03/20090318-11.htm
2009-03-18,— Elma İhracatında İhracat İadesi Yardımı Yapılmasına İlişkin Tebliğ (No: 2009/2),https://www.resmigazete.gov.tr/eskiler/2009/03/20090318-12.htm
2009-03-18,"— Anayasa Mahkemesinin E: 2007/105, K: 2008/75 Sayılı Kararı (9/11/2007 Tarihli ve 5710 Sayılı Kanun ile İlgili)",https://www.resmigazete.gov.tr/eskiler/2009/03/20090318-13.htm
2009-03-18,"— Anayasa Mahkemesinin E: 2004/83, K: 2008/107 Sayılı Kararı (30/6/2004 Tarihli ve 5204 Sayılı Kanun ile İlgili)",https://www.resmigazete.gov.tr/eskiler/2009/03/20090318-14.htm
2009-03-18,"— Anayasa Mahkemesinin E: 2008/42, K: 2008/167 Sayılı Kararı (22/4/1983 Tarihli ve 2820 Sayılı Kanun ile İlgili)",https://www.resmigazete.gov.tr/eskiler/2009/03/20090318-15.htm
2009-03-19,"— Hâkimler ve Savcılar Yüksek Kurulu Yedek Üyeliğine, Yargıtay Üyesi Ayşe Albayrak DOĞAN’ın Seçilmesine Dair Karar (No: 2009/3)",https://www.resmigazete.gov.tr/eskiler/2009/03/20090319-1.htm
2009-03-19,"— Yükseköğretim Kurulu Üyeliğine, Prof. Dr. Sait BİLGİÇ’in Seçilmesine Dair Karar (No: 2009/4)",https://www.resmigazete.gov.tr/eskiler/2009/03/20090319-2.htm
2009-03-19,— Başbakanlığa Ait Atama Kararları,https://www.resmigazete.gov.tr/eskiler/2009/03/20090319-3.htm
2009-03-19,— Çevre Gelirlerinin Takip ve Tahsili ile Tahsilat Karşılığı Öngörülen Ödeneğin Kullanımı Hakkında Yönetmelikte Değişiklik Yapılmasına Dair Yönetmelik,https://www.resmigazete.gov.tr/eskiler/2009/03/20090319-4.htm
2009-03-19,— Mimarlık ve Mühendislik Hizmet Bedellerinin Hesabında Kullanılacak 2009 Yılı Yapı Yaklaşık Birim Maliyetleri Hakkında Tebliğ,https://www.resmigazete.gov.tr/eskiler/2009/03/20090319-5.htm
2009-03-19,— Proje ve Kontrolluk İşlerinde Uygulanacak Fiyat Artış Oranları Hakkında Tebliğ,https://www.resmigazete.gov.tr/eskiler/2009/03/20090319-6.htm
2009-03-19,— Bir Kısım Motorlu Karayolu Taşıtlarının Piyasadan Çekilmesine İlişkin Tebliğ (No: 56),https://www.resmigazete.gov.tr/eskiler/2009/03/20090319-7.htm
2009-03-19,— İşkolu Tespit Kararı (No: 2009/10),https://www.resmigazete.gov.tr/eskiler/2009/03/20090319-8.htm
2009-03-19,— Yargıtay 3. ve 18. Hukuk Dairelerine Ait Kararlar,https://www.resmigazete.gov.tr/eskiler/2009/03/20090319-9.htm
2009-03-20,— Uzman Erbaş Yönetmeliğinde Değişiklik Yapılmasına Dair Yönetmelik,https://www.resmigazete.gov.tr/eskiler/2009/03/20090320-1.htm
2009-03-20,— Meslekî ve Teknik Eğitim Yönetmeliğinde Değişiklik Yapılmasına Dair Yönetmelik,https://www.resmigazete.gov.tr/eskiler/2009/03/20090320-2.htm
2009-03-20,— Tohumlukların Yetiştirileceği Özel Üretim Alanlarının Özellikleri ve Bu Alanlarda Uyulması Gereken Kuralların Belirlenmesine Dair Yönetmelikte Değişiklik Yapılmasına Dair Yönetmelik,https://www.resmigazete.gov.tr/eskiler/2009/03/20090320-3.htm
2009-03-20,— Kredi Kartı İşlemlerinde Uygulanacak Azami Faiz Oranları Hakkında Tebliğde Değişiklik Yapılmasına Dair Tebliğ (Sayı: 2009/2),https://www.resmigazete.gov.tr/eskiler/2009/03/20090320-4.htm
2009-03-20,— Yüksek Seçim Kurulunun 18/3/2009 Tarihli ve 477 Sayılı Kararı,https://www.resmigazete.gov.tr/eskiler/2009/03/20090320-5.htm
2009-03-20,(“Sigorta ve Reasürans ile Emeklilik Şirketlerinin Sermaye Yeterliliklerinin Ölçülmesine ve Değerlendirilmesine İlişkin Yönetmelikte Değişiklik Yapılmasına Dair Yönetmelik” ile “Sigorta ve Reasürans ile Emeklilik Şirketlerinin Mali Bünyelerine İlişkin Yönetmelikte Değişiklik Yapılmasına Dair Yönetmelik” ile ilgili),https://www.resmigazete.gov.tr/eskiler/2009/03/20090320-6.htm
2009-03-21,— Ticari Reklam ve İlânlara İlişkin İlkeler ve Uygulama Esaslarına Dair Yönetmelikte Değişiklik Yapılması Hakkında Yönetmelik,https://www.resmigazete.gov.tr/eskiler/2009/03/20090321-1.htm
2009-03-21,— Nükleer Güç Santrali Sahalarına İlişkin Yönetmelik,https://www.resmigazete.gov.tr/eskiler/2009/03/20090321-2.htm
2009-03-21,— Yüksek Aktiviteli Kapalı Radyoaktif Kaynakların ve Sahipsiz Kaynakların Kontrolü Yönetmeliği,https://www.resmigazete.gov.tr/eskiler/2009/03/20090321-3.htm
2009-03-22,2009/14804 T.C. Ziraat Bankası A.Ş. ve Tarım Kredi Kooperatiflerince Tarımsal Üretime Dair Düşük Faizli Yatırım ve İşletme Kredisi Kullandırılmasına İlişkin Kararda Değişiklik Yapılmasına Dair Karar,https://www.resmigazete.gov.tr/eskiler/2009/03/20090322-1.htm
2009-03-22,"— Özürlülük Ölçütü, Sınıflandırılması ve Özürlülere Verilecek Sağlık Kurulu Raporları Hakkında Yönetmelikte Değişiklik Yapılmasına Dair Yönetmelik",https://www.resmigazete.gov.tr/eskiler/2009/03/20090322-2.htm
2009-03-22,— İstanbul Menkul Kıymetler Borsası Hisse Senetleri Piyasası Yönetmeliğinde Değişiklik Yapılmasına Dair Yönetmelik,https://www.resmigazete.gov.tr/eskiler/2009/03/20090322-3.htm
2009-03-22,— İthalatta Haksız Rekabetin Önlenmesine İlişkin Tebliğ (No: 2009/8),https://www.resmigazete.gov.tr/eskiler/2009/03/20090322-4.htm
2009-03-22,— Yüksek Seçim Kurulunun 21/3/2009 Tarihli ve 481 Sayılı Kararı,https://www.resmigazete.gov.tr/eskiler/2009/03/20090322-5.htm
2009-03-23,"— Cumhurbaşkanlığına, Türkiye Büyük Millet Meclisi Başkanı Köksal TOPTAN'ın Vekalet Etmesine Dair Tezkere",https://www.resmigazete.gov.tr/eskiler/2009/03/20090323-7.htm
2009-03-23,"— Devlet Bakanı Kürşad TÜZMEN’e, Devlet Bakanı Mehmet AYDIN’ın Vekâlet Etmesine Dair Tezkere",https://www.resmigazete.gov.tr/eskiler/2009/03/20090323-1.htm
2009-03-23,"— İçişleri Bakanlığına, Milli Savunma Bakanı M. Vecdi GÖNÜL’ün Vekâlet Etmesine Dair Tezkere",https://www.resmigazete.gov.tr/eskiler/2009/03/20090323-2.htm
2009-03-23,— Tarım ve Köyişleri Bakanlığı Döner Sermaye İşletmeleri Uygulama Yönetmeliğinde Değişiklik Yapılmasına Dair Yönetmelik,https://www.resmigazete.gov.tr/eskiler/2009/03/20090323-3.htm
2009-03-23,— İstanbul Teknik Üniversitesi Lisansüstü Eğitim ve Öğretim Yönetmeliğinde Değişiklik Yapılmasına Dair Yönetmelik,https://www.resmigazete.gov.tr/eskiler/2009/03/20090323-4.htm
2009-03-23,— İstanbul Teknik Üniversitesi Yaz Öğretimi Yönetmeliğinde Değişiklik Yapılmasına Dair Yönetmelik,https://www.resmigazete.gov.tr/eskiler/2009/03/20090323-5.htm
2009-03-23,— Türkiye Motosiklet Federasyonu Ana Statüsünde Değişiklik Yapılmasına Dair Ana Statü,https://www.resmigazete.gov.tr/eskiler/2009/03/20090323-6.htm
2009-03-24,5840 Kadın Erkek Fırsat Eşitliği Komisyonu Kanunu,https://www.resmigazete.gov.tr/eskiler/2009/03/20090324-1.htm
2009-03-24,— 5746 Sayılı Araştırma ve Geliştirme Faaliyetlerinin Desteklenmesi Hakkında Kanun Genel Tebliği (Seri No: 2),https://www.resmigazete.gov.tr/eskiler/2009/03/20090324-2.htm
2009-03-24,— 4735 Sayılı Kamu İhale Sözleşmeleri Kanunu Kapsamındaki Yapım İşlerinde Beklenmeyen Fiyat Artışları Nedeniyle Uygulanacak İlave Fiyat Farkı Esaslarının Uygulanmasına İlişkin Tebliğde Değişiklik Yapılmasına Dair Tebliğ,https://www.resmigazete.gov.tr/eskiler/2009/03/20090324-3.htm
2009-03-25,"— Cumhurbaşkanlığına, Türkiye Büyük Millet Meclisi Başkanı Vekili Eyyüp Cenap GÜLPINAR’ın Vekâlet Etmesine Dair Tezkere",https://www.resmigazete.gov.tr/eskiler/2009/03/20090325-1.htm
2009-03-25,"— Devlet Bakanı Egemen BAĞIŞ’a, Sanayi ve Ticaret Bakanı Mehmet Zafer ÇAĞLAYAN’ın Vekâlet Etmesine Dair Tezkere",https://www.resmigazete.gov.tr/eskiler/2009/03/20090325-2.htm
2009-03-25,"— Dışişleri Bakanlığına, Devlet Bakanı Mustafa Said YAZICIOĞLU’nun Vekâlet Etmesine Dair Tezkere",https://www.resmigazete.gov.tr/eskiler/2009/03/20090325-3.htm
2009-03-25,"— İstanbul Menkul Kıymetler Borsası Teşkilat, Görev ve Çalışma Esasları Yönetmeliğinde Değişiklik Yapılmasına Dair Yönetmelik",https://www.resmigazete.gov.tr/eskiler/2009/03/20090325-4.htm
2009-03-25,— Motorlu Taşıtlar Vergisi Genel Tebliği (Seri No: 33),https://www.resmigazete.gov.tr/eskiler/2009/03/20090325-5.htm
2009-03-25,— İşkolu Tespit Kararı (No: 2009/11),https://www.resmigazete.gov.tr/eskiler/2009/03/20090325-6.htm
2009-03-25,— Gümrük Genel Tebliği (Serbest Dolaşıma Giriş) (Seri No: 11),https://www.resmigazete.gov.tr/eskiler/2009/03/20090325-7.htm
2009-03-25,— Gümrük Genel Tebliğinde Değişiklik Yapılmasına Dair Tebliğ (Gümrük İşlemleri) (Seri No: 69),https://www.resmigazete.gov.tr/eskiler/2009/03/20090325-8.htm
2009-03-25,— İthalatta Gözetim Uygulanmasına İlişkin 2004/20 Sayılı Tebliğde Değişiklik Yapılması Hakkında Tebliğ,https://www.resmigazete.gov.tr/eskiler/2009/03/20090325-9.htm
2009-03-25,— 2009 Yılı Şubat Ayına Ait Dahilde İşleme İzin Belgelerinin (D1) Listesi,https://www.resmigazete.gov.tr/eskiler/2009/03/20090325-10.xls
2009-03-25,— 2009 Yılı Şubat Ayına Ait Yurt İçi Satış ve Teslim Belgelerinin (D3) Listesi,https://www.resmigazete.gov.tr/eskiler/2009/03/20090325-11.xls
2009-03-25,— 2009 Yılı Şubat Ayına Ait Hariçte İşleme İzin Belgelerinin (H) Listesi,https://www.resmigazete.gov.tr/eskiler/2009/03/20090325-12.xls
2009-03-25,"— 2009 Yılı Şubat Ayına Ait Vergi, Resim ve Harç İstisnası Belgelerinin (Y) Listesi",https://www.resmigazete.gov.tr/eskiler/2009/03/20090325-13.xls
2009-03-25,— Firma Talebine İstinaden İptal Edilen Dahilde İşleme İzin Belgeleri Listesi,https://www.resmigazete.gov.tr/eskiler/2009/03/20090325-14.xls
2009-03-25,— Re’sen Kapatılan Dahilde İşleme İzin Belgeleri Listesi,https://www.resmigazete.gov.tr/eskiler/2009/03/20090325-15.xls
2009-03-26,2009/14806 Türkiye Cumhuriyeti Tarafından Kuzey Kıbrıs Türk Cumhuriyeti’ne Sağlanan Krediye İlişkin Anlaşmanın Yürürlüğe Girmesi Hakkında Karar,https://www.resmigazete.gov.tr/eskiler/2009/03/20090326-1.htm
2009-03-26,— Kıymetli Madenler Borsalarının Kuruluş ve Çalışma Esasları Hakkında Genel Yönetmelikte Değişiklik Yapılmasına Dair Yönetmelik,https://www.resmigazete.gov.tr/eskiler/2009/03/20090326-2.htm
2009-03-26,— Enerji Kaynaklarının ve Enerjinin Kullanımında Verimliliğin Artırılmasına Dair Yönetmelikte Değişiklik Yapılmasına Dair Yönetmelik,https://www.resmigazete.gov.tr/eskiler/2009/03/20090326-3.htm
2009-03-26,— Ambulans ve Acil Bakım Teknikerleri ile Acil Tıp Teknisyenlerinin Çalışma Usul ve Esaslarına Dair Tebliğ,https://www.resmigazete.gov.tr/eskiler/2009/03/20090326-4.htm
2009-03-26,— Türk Standartları Enstitüsü Tarafından Uygunluk Değerlendirmesi Yapılan Ürünlerin İthalatına Dair Dış Ticarette Standardizasyon Tebliği’nde Değişiklik Yapılması Hakkında Tebliğ (No: 2009/22),https://www.resmigazete.gov.tr/eskiler/2009/03/20090326-5.htm
2009-03-26,— Sağlık Bakanlığı’ndan Özel İzin Alınması Gereken Maddelerin İthalatına Dair Dış Ticarette Standardizasyon Tebliği’nde Değişiklik Yapılması Hakkında Tebliğ (No: 2009/28),https://www.resmigazete.gov.tr/eskiler/2009/03/20090326-6.htm
2009-03-26,— Çevrenin Korunması Yönünden Kontrol Altında Tutulan Kimyasalların İthalatına Dair Dış Ticarette Standardizasyon Tebliği’nde Değişiklik Yapılması Hakkında Tebliğ (No: 2009/29),https://www.resmigazete.gov.tr/eskiler/2009/03/20090326-7.htm
2009-03-26,"— Tütün, Tütün Mamulleri, Alkol ve Alkollü İçkilerin İthalatına Dair Dış Ticarette Standardizasyon Tebliği’nde Değişiklik Yapılması Hakkında Tebliğ (No: 2009/30)",https://www.resmigazete.gov.tr/eskiler/2009/03/20090326-8.htm
2009-03-26,— Sağlık Bakanlığı’nın Denetimine Tabi Bazı Ürünlerin İthalatına Dair Dış Ticarette Standardizasyon Tebliği’nde Değişiklik Yapılması Hakkında Tebliğ (No: 2009/31),https://www.resmigazete.gov.tr/eskiler/2009/03/20090326-9.htm
2009-03-26,"— Yargıtay 2, 6 ve 18. Hukuk Dairelerine Ait Kararlar",https://www.resmigazete.gov.tr/eskiler/2009/03/20090326-10.htm
2009-03-27,— Kamu Sosyal Tesislerine İlişkin Tebliğ (Sayı: 2009-9),https://www.resmigazete.gov.tr/eskiler/2009/03/20090327-1.htm
2009-03-27,— Çiftlik Muhasebe Veri Ağı Sistemine Dahil Olan Tarımsal İşletmelere Katılım Desteği Ödemesi Yapılmasına Dair Tebliğ (No: 2009/35),https://www.resmigazete.gov.tr/eskiler/2009/03/20090327-2.htm
2009-03-27,— Gürcistan Menşeli Bazı Tarım ve İşlenmiş Tarım Ürünleri İthalatında Tarife Kontenjanı Uygulanmasına İlişkin Tebliğ'de Değişiklik Yapılması Hakkında Tebliğ,https://www.resmigazete.gov.tr/eskiler/2009/03/20090327-3.htm
2009-03-27,— Kimyasal Silahlar Sözleşmesi Ekinde Yer Alan Kimyasal Maddelerin İthaline İlişkin İthalat 2009/17 Sayılı Tebliğ’de Değişiklik Yapılması Hakkında Tebliğ,https://www.resmigazete.gov.tr/eskiler/2009/03/20090327-4.htm
2009-03-27,— 4703 Sayılı Ürünlere İlişkin Teknik Mevzuatın Hazırlanması ve Uygulanmasına Dair Kanunla Düzenlenmiş Olan İdari Para Cezalarının Yeni Değerlerinin Duyurulmasına İlişkin Tebliğ (No: 2009/27),https://www.resmigazete.gov.tr/eskiler/2009/03/20090327-5.htm
2009-03-27,"— Sayıştay Genel Kurulu İçtihadı Birleştirme Kararı (E.No: 2009/1, K.No: 5244/3)",https://www.resmigazete.gov.tr/eskiler/2009/03/20090327-6.htm
2009-03-28,— Hastalıktan Arilikte Bölümlendirme Yönetmeliği,https://www.resmigazete.gov.tr/eskiler/2009/03/20090328-1.htm
2009-03-28,"— Anayasa Mahkemesinin E. 2006/53, K. 2009/21 Sayılı Kararı (4/7/2001 Tarihli ve 631 Sayılı K.H.K. ile İlgili)",https://www.resmigazete.gov.tr/eskiler/2009/03/20090328-2.htm
2009-03-28,— Yargıtay 2. Hukuk Dairesine Ait Karar,https://www.resmigazete.gov.tr/eskiler/2009/03/20090328-3.htm
2009-03-29,2009/14799 Sözleşmeli Personel Çalıştırılmasına İlişkin Esaslarda Değişiklik Yapılmasına Dair Esaslar Hakkında Karar,https://www.resmigazete.gov.tr/eskiler/2009/03/20090329-1.htm
2009-03-29,"2009/14805 İçişleri Bakanlığı Nüfus ve Vatandaşlık İşleri Genel Müdürlüğü Merkez ve Taşra Teşkilatında İstihdam Edilen Memurlar ile Sözleşmeli Personelden 375 Sayılı Kanun Hükmünde Kararnamenin Ek 3 üncü Maddesinde Yer Alan Ek Ödemeden Yararlananlara, Nüfus Hizmetlerine Yönelik Her Türlü İş ve İşlemleri Yürütmek Üzere İş Hacimlerinde Meydana Gelen Artıştan Dolayı Yoğun Mesai Yapmaları Nedeniyle Ek Ödeme Verilmesine İlişkin Karar",https://www.resmigazete.gov.tr/eskiler/2009/03/20090329-2.htm
2009-03-29,2009/14811 Bulgaristan Plakalı Taşıtlara Uygulanacak Standart Depo Muafiyetine İlişkin Esaslar Hakkında Karar,https://www.resmigazete.gov.tr/eskiler/2009/03/20090329-3.htm
2009-03-29,2009/14812 Bazı Mallara Uygulanacak Katma Değer Vergisi Oranlarının Tespiti ile Mal ve Hizmetlere Uygulanacak Katma Değer Vergisi Oranlarının Tespitine İlişkin Kararda Değişiklik Yapılması Hakkındaki Karar,https://www.resmigazete.gov.tr/eskiler/2009/03/20090329-4.htm
2009-03-29,2009/14813 492 Sayılı Harçlar Kanununun (4) Sayılı Tarifesinin “I-Tapu İşlemleri” Başlıklı Bölümünün 20 Numaralı Fıkrasında Yer Alan Nispi Harçların Yeniden Belirlenmesine İlişkin Karar,https://www.resmigazete.gov.tr/eskiler/2009/03/20090329-5.htm
2009-03-29,"— Dışişleri Bakanlığına, Devlet Bakanı Mehmet AYDIN’ın Vekâlet Etmesine Dair Tezkere",https://www.resmigazete.gov.tr/eskiler/2009/03/20090329-6.htm
2009-03-29,— Numaralandırma Yönetmeliğinde Değişiklik Yapılmasına Dair Yönetmelik,https://www.resmigazete.gov.tr/eskiler/2009/03/20090329-7.htm
2009-03-29,— Telekomünikasyon Hizmet ve Altyapılarına İlişkin Yetkilendirme Yönetmeliğinde Değişiklik Yapılmasına Dair Yönetmelik,https://www.resmigazete.gov.tr/eskiler/2009/03/20090329-8.htm
2009-03-29,— Yüksek Seçim Kurulunun 28/3/2009 Tarihli ve 529 Sayılı Kararı,https://www.resmigazete.gov.tr/eskiler/2009/03/20090329-9.htm
2009-03-30,2009/14810 Aydın Valisi Mustafa MALAY’ın Merkez Valiliğine Atanması Hakkında Karar,https://www.resmigazete.gov.tr/eskiler/2009/03/20090330-1.htm
2009-03-30,2009/14808 Jandarma Teşkilatı Görev ve Yetkileri Yönetmeliğinde Değişiklik Yapılmasına Dair Yönetmelik,https://www.resmigazete.gov.tr/eskiler/2009/03/20090330-2.htm
2009-03-30,"2009/14809 Emniyet ve Asayiş İşlerinde İl, İlçe ve Bucaklardaki Jandarma ve Emniyet Ödevlerinin Yapılması ve Yetkilerinin Kullanılması Suretini ve Aralarındaki Münasebetleri Gösterir Yönetmelikte Değişiklik Yapılmasına Dair Yönetmelik",https://www.resmigazete.gov.tr/eskiler/2009/03/20090330-3.htm
2009-03-30,— Kırsal Kalkınma Yatırımlarının Desteklenmesi Programı Çerçevesinde Makine ve Ekipman Alımlarının Desteklenmesi Hakkında Tebliğ (No: 2009/34),https://www.resmigazete.gov.tr/eskiler/2009/03/20090330-4.htm
2009-03-31,"Dışişleri Bakanlığına, Devlet Bakanı Mehmet AYDIN'ın Vekâlet Etmesine Dair Tezkerenin Katar Kısmının İptaline Dair Tezkere",https://www.resmigazete.gov.tr/eskiler/2009/03/20090332-1.htm
2009-03-31,"— İstanbul Altın Borsası Teşkilat, Görev ve Çalışma Esasları Yönetmeliğinde Değişiklik Yapılmasına Dair Yönetmelik",https://www.resmigazete.gov.tr/eskiler/2009/03/20090331-2.htm
2009-03-31,— İstanbul Altın Borsası Teftiş Kurulu Yönetmeliği,https://www.resmigazete.gov.tr/eskiler/2009/03/20090331-3.htm
2009-03-31,— Türkiye Radyo-Televizyon Kurumunda Memur Statüsünde İstihdam Edilen Personel Yönetmeliğinde Değişiklik Yapılmasına,https://www.resmigazete.gov.tr/eskiler/2009/03/20090331-4.htm
2009-03-31,Dair Yönetmelik,https://www.resmigazete.gov.tr/eskiler/2009/03/20090331-3.htm
2009-03-31,— Tasarruf Mevduatı Sigorta Fonu Alacaklarının Takip ve Tahsiline İlişkin Esas ve Usuller Hakkında Yönetmelikte Değişiklik Yapılmasına,https://www.resmigazete.gov.tr/eskiler/2009/03/20090331-5.htm
2009-03-31,Dair Yönetmelik,https://www.resmigazete.gov.tr/eskiler/2009/03/20090331-4.htm
2009-03-31,— Türk Diş Hekimleri Birliği Diş Hekimleri Odaları İl ve İlçe Temsilcilikleri Yönetmeliği,https://www.resmigazete.gov.tr/eskiler/2009/03/20090331-6.htm
2009-03-31,— Atılım Üniversitesi Öğrenci Kayıt-Kabul Önlisans ve Lisans Eğitim-Öğretim Sınav Yönetmeliğinde Değişiklik Yapılmasına Dair Yönetmelik,https://www.resmigazete.gov.tr/eskiler/2009/03/20090331-7.htm
2009-03-31,— Atılım Üniversitesi Fen Bilimleri Enstitüsü Lisansüstü Eğitim-Öğretim ve Sınav Yönetmeliğinde Değişiklik Yapılmasına Dair Yönetmelik,https://www.resmigazete.gov.tr/eskiler/2009/03/20090331-8.htm
2009-03-31,— Sektörel Dış Ticaret Şirketi Statüsü Verilmesine İlişkin Karar,https://www.resmigazete.gov.tr/eskiler/2009/03/20090331-9.htm
2009-03-31,— Bankacılık Düzenleme ve Denetleme Kurulunun 26/3/2009 Tarihli ve 3099 Sayılı Kararı,https://www.resmigazete.gov.tr/eskiler/2009/03/20090331-10.htm
2009-03-31,— Bankacılık Düzenleme ve Denetleme Kurulunun 26/3/2009 Tarihli ve 3103 Sayılı Kararı,https://www.resmigazete.gov.tr/eskiler/2009/03/20090331-11.htm
2009-03-31,— Bankacılık Düzenleme ve Denetleme Kurulunun 26/3/2009 Tarihli ve 3111 Sayılı Kararı,https://www.resmigazete.gov.tr/eskiler/2009/03/20090331-12.htm
2009-04-01,"2009/14814 Millî Eğitim Bakanlığına Bağlı Her Derece ve Türdeki Örgün ve Yaygın Eğitim Kurumlarında Görev Yapan Yönetici ve Öğretmenlerin 30/3/2009 Tarihinde Aylık Karşılığı Ders, Varsa Ek Ders, Ders Niteliğinde Yönetim Görevi ile Hazırlık ve Planlama Görevi Karşılığı Ders ve Ek Ders Görevlerini Yapmış Sayılması Hakkında Karar",https://www.resmigazete.gov.tr/eskiler/2009/04/20090401-1.htm
2009-04-01,"— Başbakanlığa, Devlet Bakanı ve Başbakan Yardımcısı Hayati YAZICI’nın Vekâlet Etmesine Dair Tezkere",https://www.resmigazete.gov.tr/eskiler/2009/04/20090401-2.htm
2009-04-01,"— Devlet Bakanı ve Başbakan Yardımcısı Nazım EKREN’e, Devlet Bakanı ve Başbakan Yardımcısı CEMİL ÇİÇEK’in Vekâlet Etmesine",https://www.resmigazete.gov.tr/eskiler/2009/04/20090401-3.htm
2009-04-01,Dair Tezkere,https://www.resmigazete.gov.tr/eskiler/2009/04/20090401-2.htm
2009-04-01,"— Devlet Bakanı Mehmet ŞİMŞEK’e, Maliye Bakanı KEMAL UNAKITAN’ın Vekâlet Etmesine Dair Tezkere",https://www.resmigazete.gov.tr/eskiler/2009/04/20090401-4.htm
2009-04-01,"— Başbakanlık, Devlet Bakanı ve Başbakan Yardımcılığına Ait Atama Kararları",https://www.resmigazete.gov.tr/eskiler/2009/04/20090401-5.htm
2009-04-01,— Hacettepe Üniversitesi Tıp Fakültesi Öğretim ve Sınav Yönetmeliğinde Değişiklik Yapılmasına Dair Yönetmelik,https://www.resmigazete.gov.tr/eskiler/2009/04/20090401-6.htm
2009-04-01,— Ticaret Şirketlerinin Tüzel Kişiliği Bulunmayan Bir Ortaklık Yapısı ile İşlettikleri Ticari İşletmelerin Ticaret Sicillerine Tescili Hakkında Tebliğ (İç Ticaret: 2009/2),https://www.resmigazete.gov.tr/eskiler/2009/04/20090401-7.htm
2009-04-01,— Mecburi Standardın Yürürlükten Kaldırılmasına Dair Tebliğ (No: ÖSG-2009/1),https://www.resmigazete.gov.tr/eskiler/2009/04/20090401-8.htm
2009-04-01,— İhracı Yasak ve Ön İzne Bağlı Mallara İlişkin Tebliğde (İhracat 96/31) Değişiklik Yapılmasına Dair Tebliğ (No: İhracat 2009/3),https://www.resmigazete.gov.tr/eskiler/2009/04/20090401-9.htm
2009-04-02,"— Enerji ve Tabii Kaynaklar Bakanlığına, Ulaştırma Bakanı Binali YILDIRIM’ın Vekâlet Etmesine Dair Tezkere",https://www.resmigazete.gov.tr/eskiler/2009/04/20090402-1.htm
2009-04-02,— Sığır Bovine Tüberkülozu Yönetmeliği,https://www.resmigazete.gov.tr/eskiler/2009/04/20090402-2.htm
2009-04-02,"— Eti Maden İşletmeleri Genel Müdürlüğü Eski, Deklase, İhtiyaç Dışı ve Hurda Malzemeler Tespit ve Değerlendirme Yönetmeliği",https://www.resmigazete.gov.tr/eskiler/2009/04/20090402-3.htm
2009-04-02,— Türk Mühendis ve Mimar Odaları Birliği Makine Mühendisleri Odası Bilirkişilik Yönetmeliği,https://www.resmigazete.gov.tr/eskiler/2009/04/20090402-4.htm
2009-04-02,— Türk Parası Kıymetini Koruma Hakkında 32 Sayılı Karara İlişkin 2008-32/34 Sayılı Tebliğde Değişiklik Yapılmasına Dair Tebliğ (No: 2009-32/36),https://www.resmigazete.gov.tr/eskiler/2009/04/20090402-5.htm
2009-04-02,— Bankalarca Kamuya Açıklanacak Finansal Tablolar ile Bunlara İlişkin Açıklama ve Dipnotlar Hakkında Tebliğde Değişiklik Yapılmasına İlişkin Tebliğ,https://www.resmigazete.gov.tr/eskiler/2009/04/20090402-6.htm
2009-04-02,— Özelleştirme İdaresi Başkanlığının 1/4/2009 Tarihli ve 2009/ÖİB-K-04 Sayılı Kararı,https://www.resmigazete.gov.tr/eskiler/2009/04/20090402-7.htm
2009-04-03,"— Cumhurbaşkanlığına, Türkiye Büyük Millet Meclisi Başkanı Köksal TOPTAN’ın Vekâlet Etmesine Dair Tezkere",https://www.resmigazete.gov.tr/eskiler/2009/04/20090403-1.htm
2009-04-03,"— Millî Savunma Bakanlığına, Bayındırlık ve İskan Bakanı Faruk Nafiz ÖZAK’ın Vekâlet Etmesine Dair Tezkere",https://www.resmigazete.gov.tr/eskiler/2009/04/20090403-2.htm
2009-04-03,"— Dışişleri Bakanlığına, İçişleri Bakanı Beşir ATALAY’ın Vekâlet Etmesine Dair Tezkere",https://www.resmigazete.gov.tr/eskiler/2009/04/20090403-3.htm
2009-04-03,— Hâkimler ve Savcılar Yüksek Kuruluna Ait Karar,https://www.resmigazete.gov.tr/eskiler/2009/04/20090403-4.htm
2009-04-03,— Gümrük Yönetmeliğinde Değişiklik Yapılmasına Dair Yönetmelik,https://www.resmigazete.gov.tr/eskiler/2009/04/20090403-5.htm
2009-04-03,— Bruselloz ile Mücadele Yönetmeliği,https://www.resmigazete.gov.tr/eskiler/2009/04/20090403-6.htm
2009-04-03,— Parasal Sınırlar ve Oranlar Hakkında Genel Tebliğde Değişiklik Yapılması Hakkında Tebliğ,https://www.resmigazete.gov.tr/eskiler/2009/04/20090403-7.htm
2009-04-03,— 2008 Yılı Sosyal Güvenlik Kurumu Sağlık Uygulama Tebliğinde Değişiklik Yapılmasına Dair Tebliğ,https://www.resmigazete.gov.tr/eskiler/2009/04/20090403-8.htm
2009-04-03,"— Anayasa Mahkemesinin E: 2002/54, K: 2008/43 Sayılı Kararı (1/3/1926 Tarihli ve 765 Sayılı Kanunda Değişiklik Yapan 26/9/2004 Tarihli ve 5237 Sayılı Kanun ile İlgili)",https://www.resmigazete.gov.tr/eskiler/2009/04/20090403-9.htm
2009-04-03,"— Anayasa Mahkemesinin E: 2002/71, K: 2008/44 Sayılı Kararı (1/3/1926 Tarihli ve 765 Sayılı Kanunda Değişiklik Yapan 26/9/2004 Tarihli ve 5237 Sayılı Kanun ile İlgili)",https://www.resmigazete.gov.tr/eskiler/2009/04/20090403-10.htm
2009-04-03,"— Anayasa Mahkemesinin E: 2007/104, K: 2008/164 Sayılı Kararı (24/2/1983 Tarihli ve 2802 Sayılı Kanunda Değişiklik Yapan 29/6/2006 Tarihli ve 5536 Sayılı Kanun ile İlgili)",https://www.resmigazete.gov.tr/eskiler/2009/04/20090403-11.htm
2009-04-03,"— Anayasa Mahkemesinin E: 2005/33, K: 2008/182 Sayılı Kararı (14/7/1965 Tarihli ve 657 Sayılı Kanunda Değişiklik Yapan 17/9/2004 Tarihli ve 5234 Sayılı Kanun ile İlgili)",https://www.resmigazete.gov.tr/eskiler/2009/04/20090403-12.htm
2009-04-03,"— Anayasa Mahkemesinin E: 2005/124, K: 2009/13 Sayılı Kararı (3/7/2005 Tarihli ve 5395 Sayılı Kanun İle İlgili)",https://www.resmigazete.gov.tr/eskiler/2009/04/20090403-13.htm
2009-04-03,"— Anayasa Mahkemesinin E: 2005/152, K: 2009/14 Sayılı Kararı (17/9/2004 Tarihli ve 5234 Sayılı Kanun İle İlgili)",https://www.resmigazete.gov.tr/eskiler/2009/04/20090403-14.htm
2009-04-03,"— Anayasa Mahkemesinin E: 2005/85, K: 2009/15 Sayılı Kararı (3/7/2005 Tarihli ve 5397 Sayılı Kanun İle İlgili)",https://www.resmigazete.gov.tr/eskiler/2009/04/20090403-15.htm
2009-04-04,"2008/14797 17 Ağustos 1999 ve 12 Kasım 1999 Tarihlerinde Meydana Gelen Depremler Nedeniyle İşyerleri Yıkılan veya Ağır Hasar Gören Hak Sahiplerine Verilmek Üzere Kocaeli İlinde İnşa Edilen Ancak Çeşitli Nedenlerle Boş Kalan İşyerlerinden Ekli Listede Bulunduğu Yer ile Ada, Blok ve İşyeri Numaraları Gösterilenlerin Bedelsiz Olarak Kocaeli Büyükşehir Belediyesine Devredilmesi Hakkında Karar",https://www.resmigazete.gov.tr/eskiler/2009/04/20090404-1.htm
2009-04-04,2009/14778 Dışişleri Bakanlığı Bazı Mensuplarının Çeşitli Görevlere Atanmaları Hakkında Karar,https://www.resmigazete.gov.tr/eskiler/2009/04/20090404-2.htm
2009-04-04,2009/14807 Rekabet Kurulu Üyeliklerine Atama Yapılması Hakkında Karar,https://www.resmigazete.gov.tr/eskiler/2009/04/20090404-3.htm
2009-04-04,"— Millî Savunma, İçişleri ve Sağlık Bakanlıklarına Ait Atama Kararları",https://www.resmigazete.gov.tr/eskiler/2009/04/20090404-4.htm
2009-04-04,— Egzoz Gazı Emisyonu Kontrolü Yönetmeliği,https://www.resmigazete.gov.tr/eskiler/2009/04/20090404-5.htm
2009-04-04,"— Anayasa Mahkemesinin E: 2006/140, K: 2008/185 Sayılı Kararı (28//9/2006 Tarihli ve 5548 Sayılı Kanun ile İlgili)",https://www.resmigazete.gov.tr/eskiler/2009/04/20090404-6.htm
2009-04-04,"— Anayasa Mahkemesinin E: 2005/36, K: 2009/12 Sayılı Kararı (2/9/1971 Tarihli ve 1479 Sayılı Kanunda Değişiklik Yapan 20/6/1987 Tarihli ve 3396 Sayılı Kanun ile İlgili)",https://www.resmigazete.gov.tr/eskiler/2009/04/20090404-7.htm
2009-04-05,"— Tütün Mamullerinin Zararlarından Korumaya Yönelik Üretim Şekline, Etiketlenmesine ve Denetlenmesine İlişkin Usul ve Esaslar Hakkında Yönetmelikte Değişiklik Yapılmasına Dair Yönetmelik",https://www.resmigazete.gov.tr/eskiler/2009/04/20090405-1.htm
2009-04-05,— Anadolu Üniversitesi Açıköğretim Sistemine Göre Öğretim Yapan Fakülteler Öğretim ve Sınav Yönetmeliğinde Değişiklik Yapılmasına Dair Yönetmelik,https://www.resmigazete.gov.tr/eskiler/2009/04/20090405-2.htm
2009-04-05,— Anadolu Üniversitesi Açıköğretim Sistemine Göre Öğretim Yapan Fakültelerin Kredili Sisteme Dayalı Öğretim ve Sınav Yönetmeliğinde Değişiklik Yapılmasına Dair Yönetmelik,https://www.resmigazete.gov.tr/eskiler/2009/04/20090405-3.htm
2009-04-05,— Türkiye Yelken Federasyonu Ana Statüsünde Değişiklik Yapılmasına Dair Ana Statü,https://www.resmigazete.gov.tr/eskiler/2009/04/20090405-4.htm
2009-04-05,— İç Denetçi Adaylarının Belirlenmesinde Uyulacak Esas ve Usuller Hakkında Tebliğ (Sıra No: 3),https://www.resmigazete.gov.tr/eskiler/2009/04/20090405-5.htm
2009-04-05,— TS 5269 Prina Yağı Standardının Tadiline İlişkin Dış Ticarette Standardizasyon Tebliği (No: 2009/26),https://www.resmigazete.gov.tr/eskiler/2009/04/20090405-6.htm
2009-04-06,"— Tarım ve Köyişleri Bakanlığına, Devlet Bakanı Nimet ÇUBUKÇU’nun Vekâlet Etmesine Dair Tezkere",https://www.resmigazete.gov.tr/eskiler/2009/04/20090406-1.htm
2009-04-06,— Türkiye Basketbol Federasyonu Ana Statüsünde Değişiklik Yapılmasına Dair Ana Statü,https://www.resmigazete.gov.tr/eskiler/2009/04/20090406-2.htm
2009-04-06,Tıklayınız 6/4/2009 Tarihli ve 27192 Sayılı Mükerrer Resmî Gazete'de; Erzincan Üniversitesine Ait 3 Adet Yönetmelik ile Yüksek Seçim Kurulu'nun 591 Sayılı Kararı Yayımlanmıştır.,http://www.resmigazete.gov.tr/eskiler/2009/04/20090406M1.htm
2009-04-07,— Vakıf Yükseköğretim Kurumları Yönetmeliğinde Değişiklik Yapılmasına Dair Yönetmelik,https://www.resmigazete.gov.tr/eskiler/2009/04/20090407-1.htm
2009-04-07,— Erzincan Üniversitesi Fen-Edebiyat Fakültesi Lisans Eğitim-Öğretim ve Sınav Yönetmeliğinde Değişiklik Yapılmasına Dair Yönetmelik,https://www.resmigazete.gov.tr/eskiler/2009/04/20090407-2.htm
2009-04-07,— Erzincan Üniversitesi Hukuk Fakültesi Lisans Eğitim-Öğretim ve Sınav Yönetmeliğinde Değişiklik Yapılmasına Dair Yönetmelik,https://www.resmigazete.gov.tr/eskiler/2009/04/20090407-3.htm
2009-04-07,— Erzincan Üniversitesi Meslek Yüksek Okulları Ön Lisans Eğitim-Öğretim ve Sınav Yönetmeliğinde Değişiklik Yapılmasına Dair Yönetmelik,https://www.resmigazete.gov.tr/eskiler/2009/04/20090407-4.htm
2009-04-07,— Kültür ve Tabiat Varlıklarını Koruma Yüksek Kurulunun 20/3/2009 Tarihli ve 749 Sayılı Kararı,https://www.resmigazete.gov.tr/eskiler/2009/04/20090407-8.htm
2009-04-07,— Alberk QA Uluslararası Teknik Kontrol ve Belgelendirme Limited Şirketi’nin Onaylanmış Kuruluş Olarak Görevlendirilmesine Dair Tebliğ (No: SGM 2009/5),https://www.resmigazete.gov.tr/eskiler/2009/04/20090407-5.htm
2009-04-07,— Meyer Uluslararası Uygunluk Değerlendirme Hizmetleri Limited Şirketi’nin Onaylanmış Kuruluş Olarak Görevlendirilmesine Dair Tebliğde Değişiklik Yapılmasına Dair Tebliğ (No: SGM 2009/6),https://www.resmigazete.gov.tr/eskiler/2009/04/20090407-6.htm
2009-04-07,— Türk Standardları Enstitüsünün Onaylanmış Kuruluş Olarak Görevlendirilmesine Dair Tebliğde Değişiklik Yapılmasına Dair Tebliğ (No: SGM 2009/7),https://www.resmigazete.gov.tr/eskiler/2009/04/20090407-7.htm
2009-04-08,"2009/14791 ""Türkiye Cumhuriyeti Hükümeti ile Lübnan Cumhuriyeti Hükümeti Arasında İmzalanan Terörizm, Örgütlü Suçlar, Uyuşturucu ve Psikotrop Madde Kaçakçılığıyla Mücadele Alanında İşbirliği Anlaşması""nın Onaylanması Hakkında Karar",https://www.resmigazete.gov.tr/eskiler/2009/04/20090408-1.htm
2009-04-08,2009/14796 “Türk-Çin Karma Ekonomik ve Ticaret Komitesi Onbeşinci Dönem Toplantısı Mutabakat Zaptı”nın Onaylanması Hakkında Karar,https://www.resmigazete.gov.tr/eskiler/2009/04/20090408-2.htm
2009-04-08,2009/14800 Emniyet Genel Müdürlüğü Bünyesinde Doğrudan Merkeze Bağlı Taşra Teşkilatı Olarak Mersin İlinde Mersin Polis Meslek Eğitim Merkezi Müdürlüğü ve Bu Müdürlüğe Bağlı Olarak (6) Adet Şube Müdürlüğü Kurulması Hakkında Karar,https://www.resmigazete.gov.tr/eskiler/2009/04/20090408-3.htm
2009-04-08,"— Adalet Bakanlığına, Devlet Bakanı ve Başbakan Yardımcısı Cemil ÇİÇEK’in Vekalet Etmesine Dair Tezkere",https://www.resmigazete.gov.tr/eskiler/2009/04/20090408-11.htm
2009-04-08,— Dış Ticaret Müsteşarlığı Personeli Görevde Yükselme ve Unvan Değişikliği Yönetmeliğinde Değişiklik Yapılmasına Dair Yönetmelik,https://www.resmigazete.gov.tr/eskiler/2009/04/20090408-4.htm
2009-04-08,— Ormancılık ve Orman Ürünleri Bürolarının Kuruluş ve Çalışma Esasları Yönetmeliği,https://www.resmigazete.gov.tr/eskiler/2009/04/20090408-5.htm
2009-04-08,— Türkiye Adalet Akademisi Sicil Amirleri Yönetmeliği,https://www.resmigazete.gov.tr/eskiler/2009/04/20090408-6.htm
2009-04-08,— Türkiye Adalet Akademisi Disiplin Amirleri Yönetmeliğinde Değişiklik Yapılmasına Dair Yönetmelik,https://www.resmigazete.gov.tr/eskiler/2009/04/20090408-7.htm
2009-04-08,— Milli Emlak Genel Tebliği (Sıra No: 322),https://www.resmigazete.gov.tr/eskiler/2009/04/20090408-8.htm
2009-04-08,— 2/1 Numaralı Ticari Amaçlı Su Ürünleri Avcılığını Düzenleyen Tebliğde Değişiklik Yapılmasına Dair Tebliğ (No: 2009-37),https://www.resmigazete.gov.tr/eskiler/2009/04/20090408-9.htm
2009-04-08,— İş Kolu Tespit Kararı (2009/12),https://www.resmigazete.gov.tr/eskiler/2009/04/20090408-12.htm
2009-04-08,— İş Kolu Tespit Kararı (2009/13),https://www.resmigazete.gov.tr/eskiler/2009/04/20090408-13.htm
2009-04-08,— DÜZELTME: (Gıda Güvenliği ve Kalitesinin Denetimini ve Kontrolüne Dair Yönetmelik ile İlgili),https://www.resmigazete.gov.tr/eskiler/2009/04/20090408-10.htm
2009-04-09,— Kamu Kurum ve Kuruluşlarının Nakit Taleplerinin Tespitine İlişkin Yönetmelik,https://www.resmigazete.gov.tr/eskiler/2009/04/20090409-1.htm
2009-04-09,— Okul Spor Kulüpleri Yönetmeliğinde Değişiklik Yapılmasına Dair Yönetmelik,https://www.resmigazete.gov.tr/eskiler/2009/04/20090409-2.htm
2009-04-09,"— İstanbul Kültür Üniversitesi Kuruluş, Örgütlenme ve İşleyiş Yönetmeliğinde Değişiklik Yapılmasına Dair Yönetmelik",https://www.resmigazete.gov.tr/eskiler/2009/04/20090409-3.htm
2009-04-09,— Türkiye Halter Federasyonu Ana Statüsünde Değişiklik Yapılmasına Dair Ana Statü,https://www.resmigazete.gov.tr/eskiler/2009/04/20090409-4.htm
2009-04-09,— Gümrük Genel Tebliği (Gümrük Kontrolü Altında İşleme) Seri No: 2,https://www.resmigazete.gov.tr/eskiler/2009/04/20090409-5.htm
2009-04-09,— Arayüz Teknik Özelliklerinin Yayımlanmasına İlişkin Tebliğ,https://www.resmigazete.gov.tr/eskiler/2009/04/20090409-6.htm
2009-04-09,— Reeskont ve Avans İşlemlerinde Uygulanacak Faiz Oranları Hakkında Tebliğ,https://www.resmigazete.gov.tr/eskiler/2009/04/20090409-7.htm
2009-04-09,"— Anayasa Mahkemesinin E: 2008/71, K: 2008/183 Sayılı Kararı (4/6/2008 Tarihli ve 5766 Sayılı Kanun ile İlgili)",https://www.resmigazete.gov.tr/eskiler/2009/04/20090409-8.htm
2009-04-10,5844 Türkiye Cumhuriyeti Hükümeti ile Bulgaristan Cumhuriyeti Hükümeti Arasında Bilimsel ve Teknolojik İşbirliği Anlaşmasının Onaylanmasının Uygun Bulunduğuna Dair Kanun,https://www.resmigazete.gov.tr/eskiler/2009/04/20090410-1.htm
2009-04-10,5845 Uluslararası Karayolu Yolcu ve Eşya Taşımacılığına İlişkin Türkiye Cumhuriyeti ve Portekiz Cumhuriyeti Arasında Anlaşmanın Onaylanmasının Uygun Bulunduğuna Dair Kanun,https://www.resmigazete.gov.tr/eskiler/2009/04/20090410-2.htm
2009-04-10,"5846 Türkiye Cumhuriyeti Hükümeti, Mısır Arap Cumhuriyeti Hükümeti ve Suriye Arap Cumhuriyeti Hükümeti Arasında Turizm Alanında İşbirliğine İlişkin Mutabakat Zaptının Onaylanmasının Uygun Bulunduğuna Dair Kanun",https://www.resmigazete.gov.tr/eskiler/2009/04/20090410-3.htm
2009-04-10,5847 Türkiye Cumhuriyeti Hükümeti ile Yemen Cumhuriyeti Hükümeti Arasında Sağlık Alanında İşbirliğine Dair Anlaşmanın Onaylanmasının Uygun Bulunduğu Hakkında Kanun,https://www.resmigazete.gov.tr/eskiler/2009/04/20090410-4.htm
2009-04-10,5848 Türkiye Cumhuriyeti ile Avusturya Cumhuriyeti Arasında Gelir Üzerinden Alınan Vergilerde Çifte Vergilendirmeyi Önleme Anlaşması ve Eki Protokolün Onaylanmasının Uygun Bulunduğuna Dair Kanun,https://www.resmigazete.gov.tr/eskiler/2009/04/20090410-5.htm
2009-04-10,5850 Asya Karayolları Ağı Hükümetlerarası Anlaşmasına Katılmamızın Uygun Bulunduğuna Dair Kanun,https://www.resmigazete.gov.tr/eskiler/2009/04/20090410-6.htm
2009-04-10,5851 Türkiye Cumhuriyeti Dışişleri Bakanlığı ile Arap Devletleri Ligi Genel Sekreterliği Arasında Mutabakat Muhtırasının Onaylanmasının Uygun Bulunduğuna Dair Kanun,https://www.resmigazete.gov.tr/eskiler/2009/04/20090410-7.htm
2009-04-10,5852 Türkiye Cumhuriyeti ve Körfez Arap Ülkeleri İşbirliği Konseyi Üyesi Ülkeler Arasında Ekonomik İşbirliğine İlişkin Çerçeve Anlaşmanın Onaylanmasının Uygun Bulunduğuna Dair Kanun,https://www.resmigazete.gov.tr/eskiler/2009/04/20090410-8.htm
2009-04-10,5854 Denizde Seyir Güvenliğine Karşı Yasadışı Eylemlerin Önlenmesine Dair Sözleşmeye Ait 2005 Protokolünün Onaylanmasının Uygun Bulunduğuna Dair Kanun,https://www.resmigazete.gov.tr/eskiler/2009/04/20090410-9.htm
2009-04-10,5855 Çok Uluslu Çoğrafi Veri Ortak Üretim Programı Mutabakat Muhtırasının Onaylanmasının Uygun Bulunduğuna Dair Kanun,https://www.resmigazete.gov.tr/eskiler/2009/04/20090410-10.htm
2009-04-10,5856 Türkiye Cumhuriyeti Hükümeti ile Bosna-Hersek Bakanlar Kurulu Arasında İşbirliği Protokolünün Onaylanmasının Uygun Bulunduğuna Dair Kanun,https://www.resmigazete.gov.tr/eskiler/2009/04/20090410-11.htm
2009-04-10,"— Başbakanlık ile Devlet Bakanı ve Başbakan Yardımcılığı, Adalet, Millî Eğitim, Bayındırlık ve İskan, Çalışma ve Sosyal Güvenlik, Sanayi ve Ticaret, Enerji ve Tabii Kaynaklar ve Çevre ve Orman Bakanlıklarına Ait Atama Kararları",https://www.resmigazete.gov.tr/eskiler/2009/04/20090410-12.htm
2009-04-10,"— Van İl Kültür ve Turizm Müdürlüğüne, Yüzüncü Yıl Üniversitesi Fen Edebiyat Fakültesi Öğretim Üyesi Yrd.Doç.Dr.Zeki TAŞTAN'ın Görevlendirilmesi Hakkında Karar",https://www.resmigazete.gov.tr/eskiler/2009/04/20090410-13.htm
2009-04-10,— Hâkimler ve Savcılar Yüksek Kuruluna Ait Karar,https://www.resmigazete.gov.tr/eskiler/2009/04/20090410-14.htm
2009-04-10,"— Millî Savunma Bakanlığı, Genelkurmay Başkanlığı ve Kuvvet Komutanlıklarında Görevli Devlet Memurlarının Görevde Yükselme ve Unvan Değişikliği Yönetmeliğinde Değişiklik Yapılmasına Dair Yönetmelik",https://www.resmigazete.gov.tr/eskiler/2009/04/20090410-15.htm
2009-04-10,— Kültür ve Turizm Bakanlığı Araştırma ve Eğitim Genel Müdürlüğü Halk Kültürü Bilgi ve Belge Merkezi Hizmetleri Yönetmeliği,https://www.resmigazete.gov.tr/eskiler/2009/04/20090410-16.htm
2009-04-10,— Türkiye Kömür İşletmeleri Kurumu Genel Müdürlüğü Teftiş Kurulu Yönetmeliğinde Değişiklik Yapılmasına Dair Yönetmelik,https://www.resmigazete.gov.tr/eskiler/2009/04/20090410-17.htm
2009-04-10,— Mersin Üniversitesi Ortak Zorunlu Yabancı Dil ve Yabancı Dil Hazırlık Eğitim-Öğretim Yönetmeliğinde Değişiklik Yapılmasına Dair Yönetmelik,https://www.resmigazete.gov.tr/eskiler/2009/04/20090410-18.htm
2009-04-10,"Tıklayınız 10/4/2009 Tarihli ve 27196 Sayılı Mükerrer Resmî Gazete'de; 82 sayılı ""TBMM Kamu İktisadi Teşebbüsleri Komisyonu Kararı"" yayımlanmıştır.",http://www.resmigazete.gov.tr/eskiler/2009/04/20090410M1.htm
2009-04-11,"— Devlet Bakanı Egemen BAĞIŞ'a, Sanayi ve Ticaret Bakanı Mehmet Zafer ÇAĞLAYAN’ın Vekâlet Etmesine Dair Tezkere",https://www.resmigazete.gov.tr/eskiler/2009/04/20090411-1.htm
2009-04-11,"— İçişleri Bakanlığına, Milli Savunma Bakanı M. Vecdi GÖNÜL’ün Vekâlet Etmesine Dair Tezkere",https://www.resmigazete.gov.tr/eskiler/2009/04/20090411-2.htm
2009-04-11,"— Danıştay Üyeliğine, Devlet Malzeme Ofisi Genel Müdürü ve Yönetim Kurulu Başkanı İlyas ARLI’nın Seçilmesine Dair Karar (No: 2009/5",https://www.resmigazete.gov.tr/eskiler/2009/04/20090411-3.htm
2009-04-11,— Başka Bir Göreve Atanmak Üzere Görevden Alma İle İlgili Karar,https://www.resmigazete.gov.tr/eskiler/2009/04/20090411-4.htm
2009-04-11,— Ankara Üniversitesi Latin Amerika Çalışmaları Araştırma ve Uygulama Merkezi Yönetmeliği,https://www.resmigazete.gov.tr/eskiler/2009/04/20090411-5.htm
2009-04-11,"— Batman Üniversitesi Önlisans, Lisan Eğitim-Öğretim ve Sınav Yönetmeliği",https://www.resmigazete.gov.tr/eskiler/2009/04/20090411-6.htm
2009-04-11,— Gebze Yüksek Teknoloji Enstitüsü Lisansüstü Eğitim-Öğretim Yönetmeliğinde Değişiklik Yapılmasına Dair Yönetmelik,https://www.resmigazete.gov.tr/eskiler/2009/04/20090411-7.htm
2009-04-11,— İstanbul Üniversitesi Lisansüstü Eğitim ve Öğretim Yönetmeliğinde Değişiklik Yapılmasına Dair Yönetmelik,https://www.resmigazete.gov.tr/eskiler/2009/04/20090411-8.htm
2009-04-11,— Patates Siğili Görülen Alanlarda ve Güvenlik Kuşağında Uygulanacak Desteğe İlişkin Bakanlar Kurulu Kararı Uygulama Tebliği (No: 2009/36),https://www.resmigazete.gov.tr/eskiler/2009/04/20090411-9.htm
2009-04-11,"— Serbest Bölgelerden Başka Bir Ülkeye Yapılan Satışların Türkiye İhracat Kredi Bankası A.Ş.’nin Kredi, Sigorta ve Garanti Hizmetlerinden Yararlandırılması Hakkında Tebliğ (İhracat 2009/5)",https://www.resmigazete.gov.tr/eskiler/2009/04/20090411-10.htm
2009-04-11,— Gümrük Genel Tebliğinde Değişiklik Yapılması Hakkında Tebliğ (Mahrece İade) (Seri No: 3),https://www.resmigazete.gov.tr/eskiler/2009/04/20090411-11.htm
2009-04-11,— Danıştay Yedinci Dairesine Ait Karar,https://www.resmigazete.gov.tr/eskiler/2009/04/20090411-12.htm
2009-04-11,Tıklayınız 10/4/2009 Tarihli ve 27196 Sayılı Mükerrer Resmî Gazete'de 27/3/2009 Tarihli ve 82 Sayılı TBMM Kamu İktisadi Teşebbüsleri Komisyonu Kararı Yayımlanmıştır.,http://www.resmigazete.gov.tr/eskiler/2009/04/20090410M1.htm
2009-04-12,— Kalkınma Ajansları Proje ve Faaliyet Destekleme Yönetmeliğinde Değişiklik Yapılmasına Dair Yönetmelik,https://www.resmigazete.gov.tr/eskiler/2009/04/20090412-1.htm
2009-04-12,— Fatih Üniversitesi İngilizce Hazırlık Sınıfı Eğitim-Öğretim ve Sınav Yönetmeliği,https://www.resmigazete.gov.tr/eskiler/2009/04/20090412-2.htm
2009-04-12,— Fatih Üniversitesi Meslek Yüksekokulları Öğretim ve Sınav Yönetmeliği,https://www.resmigazete.gov.tr/eskiler/2009/04/20090412-3.htm
2009-04-12,— Fatih Üniversitesi Tıp Fakültesi Eğitim-Öğretim ve Sınav Yönetmeliği,https://www.resmigazete.gov.tr/eskiler/2009/04/20090412-4.htm
2009-04-12,— İnönü Üniversitesi Lisansüstü Eğitim-Öğretim Yönetmeliğinde Değişiklik Yapılmasına Dair Yönetmelik,https://www.resmigazete.gov.tr/eskiler/2009/04/20090412-5.htm
2009-04-12,— İstanbul Kültür Üniversitesi Rehberlik ve Psikolojik Danışmanlık Uygulama ve Araştırma Merkezi Yönetmeliği,https://www.resmigazete.gov.tr/eskiler/2009/04/20090412-6.htm
2009-04-12,— İstanbul Kültür Üniversitesi Ekonomi-Finans Uygulama ve Araştırma Merkezi Yönetmeliği,https://www.resmigazete.gov.tr/eskiler/2009/04/20090412-7.htm
2009-04-12,— İstanbul Kültür Üniversitesi Geomatik Uygulama ve Araştırma Merkezi Yönetmeliği,https://www.resmigazete.gov.tr/eskiler/2009/04/20090412-8.htm
2009-04-12,— İstanbul Kültür Üniversitesi Fikri Haklar Uygulama ve Araştırma Merkezi Yönetmeliği,https://www.resmigazete.gov.tr/eskiler/2009/04/20090412-9.htm
2009-04-13,— Gümrük Müsteşarlığı Yer Değiştirme Yönetmeliğinde Değişiklik Yapılmasına Dair Yönetmelik,https://www.resmigazete.gov.tr/eskiler/2009/04/20090413-1.htm
2009-04-13,— Kocaeli Üniversitesi Önlisans-Lisans Eğitim-Öğretim ve Sınav Yönetmeliğinde Değişiklik Yapılmasına Dair Yönetmelik,https://www.resmigazete.gov.tr/eskiler/2009/04/20090413-2.htm
2009-04-13,— Trakya Üniversitesi Devlet Konservatuvarı Lisans Öğretim ve Sınav Yönetmeliği,https://www.resmigazete.gov.tr/eskiler/2009/04/20090413-3.htm
2009-04-13,— Trakya Üniversitesi Yabancı Diller Yüksekokulu Hazırlık Eğitim-Öğretim ve Sınav Yönetmeliği,https://www.resmigazete.gov.tr/eskiler/2009/04/20090413-4.htm
2009-04-13,"Tıklayınız 13/4/2009 Tarihli ve 27199 Sayılı Mükerrer Resmî Gazete'de; 2009/14883, 2009/14884 sayılı Milletlerarası Andlaşmalar yayımlanmıştır.",http://www.resmigazete.gov.tr/eskiler/2009/04/20090413M1.htm
2009-04-14,5842 Türkiye Cumhuriyeti Hükümeti ile Rusya Federasyonu Hükümeti Arasında Savunma Sanayii Alanında İkili İş Birliği Süresince Mübadele Edilen veya Oluşturulan Gizlilik Dereceli Bilgi ve Malzemelerin Karşılıklı Korunması Anlaşmasının Onaylanmasının Uygun Bulunduğuna Dair Kanun,https://www.resmigazete.gov.tr/eskiler/2009/04/20090414-1.htm
2009-04-14,5843 Türkiye Cumhuriyeti Hükümeti ile Rusya Federasyonu Hükümeti Arasında İki Taraflı Askeri Teknik İşbirliği Çerçevesinde Kullanılan ve Elde Edilen Fikri ve Sınai Mülkiyet Haklarının Karşılıklı Korunmasına İlişkin Müşterek Anlaşmasının Onaylanmasının Uygun Bulunduğuna Dair Kanun,https://www.resmigazete.gov.tr/eskiler/2009/04/20090414-2.htm
2009-04-14,5849 Türkiye Cumhuriyeti Hükümeti ile Almanya Federal Cumhuriyeti Hükümeti Arasında Türkiyede Bir Türk-Alman Üniversitesinin Kurulmasına Dair Anlaşmanın Onaylanmasının Uygun Bulunduğu Hakkında Kanun,https://www.resmigazete.gov.tr/eskiler/2009/04/20090414-3.htm
2009-04-14,5853 Türkiye Cumhuriyeti Hükümeti ve Avustralya Hükümeti Arasında Askeri Alanda İş Birliği Çerçeve Anlaşmasının Onaylanmasının Uygun Bulunduğuna Dair Kanun,https://www.resmigazete.gov.tr/eskiler/2009/04/20090414-4.htm
2009-04-14,5857 Türkiye Cumhuriyeti Hükümeti ile Hindistan Cumhuriyeti Hükümeti Arasında Bilim ve Teknoloji Alanlarında İşbirliği Anlaşmasının Onaylanmasının Uygun Bulunduğuna Dair Kanun,https://www.resmigazete.gov.tr/eskiler/2009/04/20090414-5.htm
2009-04-14,5858 Türkiye Cumhuriyeti Hükümeti ile Ukrayna Bakanlar Kurulu Arasında Bilimsel ve Teknolojik İşbirliği Anlaşmasının Onaylanmasının Uygun Bulunduğuna Dair Kanun,https://www.resmigazete.gov.tr/eskiler/2009/04/20090414-6.htm
2009-04-14,5859 Türkiye Cumhuriyeti ile İspanya Krallığı Arasında Bilimsel ve Teknolojik İşbirliği Anlaşmasının Onaylanmasının Uygun Bulunduğuna Dair Kanun,https://www.resmigazete.gov.tr/eskiler/2009/04/20090414-7.htm
2009-04-14,5860 Türkiye Cumhuriyeti Hükümeti ile Tayland Krallığı Hükümeti Arasında Bilimsel ve Teknolojik İşbirliği Anlaşmasının Onaylanmasının Uygun Bulunduğuna Dair Kanun,https://www.resmigazete.gov.tr/eskiler/2009/04/20090414-8.htm
2009-04-14,5861 Türkiye Cumhuriyeti Hükümeti ile Sudan Cumhuriyeti Hükümeti Arasında Bilimsel ve Teknolojik İşbirliği Anlaşmasının Onaylanmasının Uygun Bulunduğuna Dair Kanun,https://www.resmigazete.gov.tr/eskiler/2009/04/20090414-9.htm
2009-04-14,5862 Türkiye Cumhuriyeti Hükümeti ile Belarus Cumhuriyeti Hükümeti Arasında Veterinerlik Alanında İşbirliği Anlaşmasının Onaylanmasının Uygun Bulunduğuna Dair Kanun,https://www.resmigazete.gov.tr/eskiler/2009/04/20090414-10.htm
2009-04-14,5863 Türkiye Cumhuriyeti Küçük ve Orta Ölçekli Sanayi Geliştirme ve Destekleme İdaresi Başkanlığı ile Romanya Kobiler ve Kooperatifler Ulusal Kurumu Arasındaki Mutabakat ve İşbirliği Zaptının Onaylanmasının Uygun Bulunduğuna Dair Kanun,https://www.resmigazete.gov.tr/eskiler/2009/04/20090414-11.htm
2009-04-14,5864 Türkiye Cumhuriyeti Hükümeti ile Sudan Cumhuriyeti Hükümeti Arasında Denizcilik Anlaşmasının Onaylanmasının Uygun Bulunduğuna Dair Kanun,https://www.resmigazete.gov.tr/eskiler/2009/04/20090414-12.htm
2009-04-14,5865 Türkiye Cumhuriyeti Hükümeti ile Mısır Arap Cumhuriyeti Hükümeti Arasında Uluslararası Karayolu Taşımacılığı Anlaşmasının Onaylanmasının Uygun Bulunduğuna Dair Kanun,https://www.resmigazete.gov.tr/eskiler/2009/04/20090414-13.htm
2009-04-14,5866 Hava Yoluyla Uluslararası Taşımacılığa İlişkin Belirli Kuralların Birleştirilmesine Dair Sözleşmenin Onaylanmasının Uygun Bulunduğuna Dair Kanun,https://www.resmigazete.gov.tr/eskiler/2009/04/20090414-14.htm
2009-04-14,5867 Türkiye Cumhuriyeti Hükümeti ve Kolombiya Cumhuriyeti Hükümeti Arasında Ticaret İşbirliği Anlaşmasının Onaylanmasının Uygun Bulunduğuna Dair Kanun,https://www.resmigazete.gov.tr/eskiler/2009/04/20090414-15.htm
2009-04-14,5868 Türkiye Cumhuriyeti Hükümeti ile Güney Afrika Cumhuriyeti Hükümeti Arasında Gümrük İdarelerinin Karşılıklı Yardımlaşmasına İlişkin Anlaşmanın Onaylanmasının Uygun Bulunduğuna Dair Kanun,https://www.resmigazete.gov.tr/eskiler/2009/04/20090414-16.htm
2009-04-14,"5869 Türkiye Cumhuriyeti Hükümeti ile Kazakistan Cumhuriyeti Hükümeti Arasında Uluslararası Terörizm, Organize Suçlar, Uyuşturucu Ve Psikotrop Maddelerle Bunların Katkı Maddeleri ve Benzerlerinin Kaçakçılığı ve Diğer Tiplerdeki Suçlarla Mücadelede İşbirliği Anlaşmasının Onaylanmasının Uygun Bulunduğuna Dair Kanun",https://www.resmigazete.gov.tr/eskiler/2009/04/20090414-17.htm
2009-04-14,5870 Milletlerarası Mal Satımına İlişkin Sözleşmeler Hakkında Birleşmiş Milletler Antlaşmasına Katılmamızın Uygun Bulunduğuna Dair Kanun,https://www.resmigazete.gov.tr/eskiler/2009/04/20090414-18.htm
2009-04-14,5871 Kalıcı Organik Kirleticilere İlişkin Stokholm Sözleşmesinin Onaylanmasının Uygun Bulunduğuna Dair Kanun,https://www.resmigazete.gov.tr/eskiler/2009/04/20090414-19.htm
2009-04-14,5872 Ekonomik İşbirliği Teşkilatı (EİT) Kaçakçılık ve Gümrük Suçları Veri Bankasının Kurulması ve İşletilmesine Dair Anlaşmanın Onaylanmasının Uygun Bulunduğuna Dair Kanun,https://www.resmigazete.gov.tr/eskiler/2009/04/20090414-20.htm
2009-04-14,"5873 Türkiye Cumhuriyeti Tarım ve Köyişleri Bakanlığı ile Avustralya Tarım, Balıkçılık ve Ormancılık Bakanlığı Arasındaki Tarım Alanında Teknik, Bilimsel ve Ekonomik İşbirliği Konulu Mutabakat Zaptının Onaylanmasının Uygun Bulunduğuna Dair Kanun",https://www.resmigazete.gov.tr/eskiler/2009/04/20090414-21.htm
2009-04-14,5874 Türkiye Cumhuriyeti Hükümeti ile Belarus Cumhuriyeti Hükümeti Arasında Karantina ve Bitki Koruma Alanında İşbirliği Anlaşmasının Onaylanmasının Uygun Bulunduğuna Dair Kanun,https://www.resmigazete.gov.tr/eskiler/2009/04/20090414-22.htm
2009-04-14,5875 Türkiye Cumhuriyeti Hükümeti ile Moldova Cumhuriyeti Hükümeti Arasında Bitki Koruma (Bitki Karantina) Alanında İşbirliği Anlaşmasının Onaylanmasının Uygun Bulunduğuna Dair Kanun,https://www.resmigazete.gov.tr/eskiler/2009/04/20090414-23.htm
2009-04-14,5876 Türkiye Cumhuriyeti Hükümeti ve Slovak Cumhuriyeti Hükümeti Arasında Ekonomik İşbirliği Anlaşmasının Onaylanmasının Uygun Bulunduğu Hakkında Kanun,https://www.resmigazete.gov.tr/eskiler/2009/04/20090414-24.htm
2009-04-14,5877 Bakü-Tiflis-Kars Yeni Demiryolu Bağlantısına İlişkin Anlaşmanın Onaylanmasının Uygun Bulunduğuna Dair Kanun,https://www.resmigazete.gov.tr/eskiler/2009/04/20090414-25.htm
2009-04-14,5878 Avrupa Orta Vadeli Hava Tahminleri Merkezi İmtiyazları ve Dokunulmazlıklarına Dair Düzeltilmiş Protokole Katılmamızın Uygun Bulunduğuna Dair Kanun,https://www.resmigazete.gov.tr/eskiler/2009/04/20090414-26.htm
2009-04-14,5879 Avrupa Orta Vadeli Hava Tahminleri Merkezini Oluşturan Düzeltilmiş Sözleşmeye Katılmamızın Uygun Bulunduğuna Dair Kanun,https://www.resmigazete.gov.tr/eskiler/2009/04/20090414-27.htm
2009-04-14,5880 Avrupa Topluluğu ile Türkiye Cumhuriyeti Arasında Türkiye Cumhuriyetinin Topluluk İstihdam ve Sosyal Dayanışma Programına Katılımı Hakkında Mutabakat Zaptının Onaylanmasının Uygun Bulunduğuna Dair Kanun,https://www.resmigazete.gov.tr/eskiler/2009/04/20090414-28.htm
2009-04-14,5881 Dışişleri Bakanlığı Tarafından Temsil Edilen Türkiye Cumhuriyeti ile Fransız Kalkınma Ajansı Arasında Kuruluş Sözleşmesinin Onaylanmasının Uygun Bulunduğuna Dair Kanun,https://www.resmigazete.gov.tr/eskiler/2009/04/20090414-29.htm
2009-04-14,5882 Türkiye Cumhuriyeti Hükümeti ile Fransa Cumhuriyeti Hükümeti Arasında Yatırımların Karşılıklı Teşviki ve Korunması Anlaşması ve Eki Protokolün Onaylanmasının Uygun Bulunduğuna Dair Kanun,https://www.resmigazete.gov.tr/eskiler/2009/04/20090414-30.htm
2009-04-14,5883 Türkiye Cumhuriyeti ve Avustralya Arasında Yatırımların Karşılıklı Teşviki ve Korunmasına İlişkin Anlaşma ile Ek Protokolün Onaylanmasının Uygun Bulunduğuna Dair Kanun,https://www.resmigazete.gov.tr/eskiler/2009/04/20090414-31.htm
2009-04-14,5884 Türkiye Cumhuriyeti Hükümeti ile Suriye Arap Cumhuriyeti Hükümeti Arasında Kendi Toprakları Arası ve Ötesinde Hava Hizmetlerine İlişkin Hava Taşımacılığı Anlaşmasının Onaylanmasının Uygun Bulunduğuna Dair Kanun,https://www.resmigazete.gov.tr/eskiler/2009/04/20090414-32.htm
2009-04-14,5885 Türkiye Cumhuriyeti Hükümeti ile Suriye Arap Cumhuriyeti Hükümeti Arasında Karayolları ve Köprüler ile İlgili İşbirliği Mutabakat Zaptının Onaylanmasının Uygun Bulunduğuna Dair Kanun,https://www.resmigazete.gov.tr/eskiler/2009/04/20090414-33.htm
2009-04-14,5886 Türkiye Cumhuriyeti Hükümeti ile Sudan Cumhuriyeti Hükümeti Arasında Sağlık ve Tıp Alanlarında İşbirliğine Dair Protokolün Onaylanmasının Uygun Bulunduğuna Dair Kanun,https://www.resmigazete.gov.tr/eskiler/2009/04/20090414-34.htm
2009-04-14,2009/14850 Hayvancılığın Desteklenmesi Hakkında Karar,https://www.resmigazete.gov.tr/eskiler/2009/04/20090414-35.htm
2009-04-14,"2009/14851 Çiftçi Kayıt Sistemine Dahil Olan Çiftçilere Mazot, Kimyevi Gübre ve Toprak Analizi Destekleme Ödemesi Yapılmasına Dair Karar",https://www.resmigazete.gov.tr/eskiler/2009/04/20090414-36.htm
2009-04-14,2009/14881 Bazı Mallara Uygulanacak Katma Değer Vergisi Oranlarının Tespitine İlişkin Kararda Değişiklik Yapılması Hakkında Karar,https://www.resmigazete.gov.tr/eskiler/2009/04/20090414-37.htm
2009-04-14,2009/14882 4760 Sayılı Özel Tüketim Vergisi Kanununa Ekli (III) Sayılı Listenin (A) Cetvelinde Yer Alan Malların Vergi Oranları ve Asgari Maktu Vergi Tutarlarının Yeniden Belirlenmesine İlişkin Karar,https://www.resmigazete.gov.tr/eskiler/2009/04/20090414-38.htm
2009-04-14,"— Cumhurbaşkanlığına, Türkiye Büyük Millet Meclisi Başkanı Köksal TOPTAN’ın Vekâlet Etmesine Dair Tezkere",https://www.resmigazete.gov.tr/eskiler/2009/04/20090414-39.htm
2009-04-14,"— Devlet Bakanı Mehmet AYDIN’a, Devlet Bakanı Murat BAŞESGİOĞLU’nun Vekâlet Etmesine Dair Tezkere",https://www.resmigazete.gov.tr/eskiler/2009/04/20090414-40.htm
2009-04-14,"— Devlet Bakanı Kürşad TÜZMEN’e, Devlet Bakanı Nimet ÇUBUKÇU’nun Vekâlet Etmesine Dair Tezkere",https://www.resmigazete.gov.tr/eskiler/2009/04/20090414-41.htm
2009-04-14,"— Milli Savunma Bakanlığına, Çalışma ve Sosyal Güvenlik Bakanı Faruk ÇELİK’in Vekâlet Etmesine Dair Tezkere",https://www.resmigazete.gov.tr/eskiler/2009/04/20090414-42.htm
2009-04-14,"— Dışişleri Bakanlığına, Devlet Bakanı Mustafa Said YAZICIOĞLU’nun Vekâlet Etmesine Dair Tezkere",https://www.resmigazete.gov.tr/eskiler/2009/04/20090414-43.htm
2009-04-14,"— Maliye Bakanlığına, Devlet Bakanı Mehmet ŞİMŞEK’in Vekâlet Etmesine Dair Tezkere",https://www.resmigazete.gov.tr/eskiler/2009/04/20090414-44.htm
2009-04-14,"— Sağlık Bakanlığına, İçişleri Bakanı Beşir ATALAY’ın Vekâlet Etmesine Dair Tezkere",https://www.resmigazete.gov.tr/eskiler/2009/04/20090414-45.htm
2009-04-14,"— Çevre ve Orman Bakanlığına, Enerji ve Tabii Kaynaklar Bakanı M. Hilmi GÜLER’in Vekâlet Etmesine Dair Tezkere",https://www.resmigazete.gov.tr/eskiler/2009/04/20090414-46.htm
2009-04-14,— Denizcilik Müsteşarlığı Tarafından Gerçekleştirilecek Piyasa Gözetimi ve Denetimine İlişkin Usul ve Esaslar Hakkında Yönetmelikte Değişiklik Yapılmasına Dair Yönetmelik,https://www.resmigazete.gov.tr/eskiler/2009/04/20090414-47.htm
2009-04-14,— Elektrik Piyasası Dengeleme ve Uzlaştırma Yönetmeliği,https://www.resmigazete.gov.tr/eskiler/2009/04/20090414-48.htm
2009-04-14,— Türkiye Radyo-Televizyon Kurumu Hizmetlerinin Tanımı ve Bu Hizmetlere Atanacak Personel Yönetmeliğinde Değişiklik Yapılmasına Dair Yönetmelik,https://www.resmigazete.gov.tr/eskiler/2009/04/20090414-49.htm
2009-04-14,"— 2012 Olimpiyat Oyunlarına Hazırlanmak Amacıyla Yetiştirilecek Sporcuların Tespiti, Harçlıklarının Belirlenmesi, İaşe, İbate ve Yol Giderlerinin Karşılanmasına Dair Yönetmelik",https://www.resmigazete.gov.tr/eskiler/2009/04/20090414-50.htm
2009-04-14,— Türk Parası Kıymetini Koruma Hakkında 32 Sayılı Karar ile Başbakanlık Hazine Müsteşarlığının 2008-32/34 Sayılı Tebliğine İlişkin I-M Sayılı Türkiye Cumhuriyet Merkez Bankası Genelgesinde Değişiklik Yapılmasına Dair Genelge (Sayı: 2009/3),https://www.resmigazete.gov.tr/eskiler/2009/04/20090414-51.htm
2009-04-14,— İşkolu Tespit Kararı (No: 2009/14),https://www.resmigazete.gov.tr/eskiler/2009/04/20090414-52.htm
2009-04-14,— 2009 Yılı Mart Ayında Düzenlenen Dahilde İşleme İzin Belgelerinin (D1) Listesi,https://www.resmigazete.gov.tr/eskiler/2009/04/20090414-53.xls
2009-04-14,— 2009 Yılı Mart Ayında Düzenlenen Yurt İçi Satış ve Teslim Belgelerinin (D3) Listesi,https://www.resmigazete.gov.tr/eskiler/2009/04/20090414-54.xls
2009-04-14,— 2009 Yılı Mart Ayında Düzenlenen Hariçte İşleme İzin Belgelerinin (H) Listesi,https://www.resmigazete.gov.tr/eskiler/2009/04/20090414-55.xls
2009-04-14,"— 2009 Yılı Mart Ayında Düzenlenen Vergi, Resim ve Harç İstisnası Belgelerinin (Y) Listesi",https://www.resmigazete.gov.tr/eskiler/2009/04/20090414-56.xls
2009-04-14,— Re’sen Kapatılan Dahilde İşleme İzin Belgeleri,https://www.resmigazete.gov.tr/eskiler/2009/04/20090414-57.xls
2009-04-14,— Firma Talebine İstinaden İptal Edilen Dahilde İşleme İzin Belgeleri,https://www.resmigazete.gov.tr/eskiler/2009/04/20090414-58.xls
2009-04-14,— İthalatta Gözetim Uygulanmasına İlişkin Tebliğ (2009/6),https://www.resmigazete.gov.tr/eskiler/2009/04/20090414-59.htm
2009-04-14,"— Aracı Kurumlar Tarafından Yatırılan Teminatların Kullanım Esasları Tebliği (Seri: V, No: 101)",https://www.resmigazete.gov.tr/eskiler/2009/04/20090414-60.htm
2009-04-14,— Zorunlu Karşılıklar Hakkında Tebliğde Değişiklik Yapılmasına Dair Tebliğ (Sayı: 2009/4),https://www.resmigazete.gov.tr/eskiler/2009/04/20090414-61.htm
2009-04-15,936 Kadın Erkek Fırsat Eşitliği Komisyonuna Üye Seçimine İlişkin Karar,https://www.resmigazete.gov.tr/eskiler/2009/04/20090415-1.htm
2009-04-15,— Atılım Üniversitesi Öğrenci Kayıt-Kabul Önlisans ve Lisans Eğitim-Öğretim Sınav Yönetmeliğinde Değişiklik Yapılmasına Dair Yönetmelik,https://www.resmigazete.gov.tr/eskiler/2009/04/20090415-2.htm
2009-04-15,— Celal Bayar Üniversitesi Eğitim ve Öğretim Yönetmeliğinde Değişiklik Yapılmasına Dair Yönetmelik,https://www.resmigazete.gov.tr/eskiler/2009/04/20090415-3.htm
2009-04-15,— Fatih Üniversitesi Lisansüstü Eğitim-Öğretim ve Sınav Yönetmeliği,https://www.resmigazete.gov.tr/eskiler/2009/04/20090415-4.htm
2009-04-15,— Türkiye Dağcılık Federasyonu Ana Statüsünde Değişiklik Yapılmasına Dair Ana Statü,https://www.resmigazete.gov.tr/eskiler/2009/04/20090415-5.htm
2009-04-15,"— Finansal Kiralama, Faktoring ve Finansman Şirketlerince Alacakları İçin Ayrılacak Karşılıklara İlişkin Usul ve Esaslar Hakkında Tebliğde Değişiklik Yapılmasına Dair Tebliğ",https://www.resmigazete.gov.tr/eskiler/2009/04/20090415-6.htm
2009-04-15,— Yargıtay 2. Hukuk Dairesine Ait Kararlar,https://www.resmigazete.gov.tr/eskiler/2009/04/20090415-7.htm
2009-04-16,"— Tarım ve Köyişleri Bakanlığına, Ulaştırma Bakanı Binali YILDIRIM’ın Vekâlet Etmesine Dair Tezkere",https://www.resmigazete.gov.tr/eskiler/2009/04/20090416-1.htm
2009-04-16,"— Devlet Bakanı Egemen BAĞIŞ’a, Sanayi ve Ticaret Bakanı Mehmet Zafer ÇAĞLAYAN’ın Vekâlet Etmesine Dair Tezkere",https://www.resmigazete.gov.tr/eskiler/2009/04/20090416-2.htm
2009-04-16,"— Bayındırlık ve İskan Bakanlığına, Tarım ve Köyişleri Bakanı Mehmet Mehdi EKER’in Vekâlet Etmesine Dair Tezkere",https://www.resmigazete.gov.tr/eskiler/2009/04/20090416-3.htm
2009-04-16,— Toprak Mahsulleri Ofisi Genel Müdürlüğü Sözleşmeli Personel Sicil Amirleri Yönetmeliğinde Değişiklik Yapılmasına Dair Yönetmelik,https://www.resmigazete.gov.tr/eskiler/2009/04/20090416-4.htm
2009-04-16,— Toprak Mahsulleri Ofisi Genel Müdürlüğü Sözleşmeli Personeli Disiplin Amirleri Yönetmeliğinde Değişiklik Yapılmasına Dair Yönetmelik,https://www.resmigazete.gov.tr/eskiler/2009/04/20090416-5.htm
2009-04-16,— Gazi Üniversitesi Öğretim Elemanlarının Teknoloji Geliştirme Bölgelerinde Görevlendirilme ve Şirket Kurabilmelerine İlişkin Yönetme-likte Değişiklik Yapılmasına Dair Yönetmelik,https://www.resmigazete.gov.tr/eskiler/2009/04/20090416-6.htm
2009-04-16,— İstanbul Kültür Üniversitesi Lisansüstü Eğitim-Öğretim ve Sınav Yönetmeliğinde Değişiklik Yapılmasına Dair Yönetmelik,https://www.resmigazete.gov.tr/eskiler/2009/04/20090416-7.htm
2009-04-16,— Kastamonu Üniversitesi Eğitim-Öğretim ve Sınav Yönetmeliğinde Değişiklik Yapılmasına Dair Yönetmelik,https://www.resmigazete.gov.tr/eskiler/2009/04/20090416-8.htm
2009-04-16,— İthalatta Gözetim Uygulanmasına İlişkin 2006/10 Sayılı Tebliğ’de Değişiklik Yapılması Hakkında Tebliğ,https://www.resmigazete.gov.tr/eskiler/2009/04/20090416-9.htm
2009-04-17,937 Sivas Milletvekili ve Büyük Birlik Partisi Genel Başkanı Muhsin Yazıcıoğlu ve 5 Kişinin Hayatını Kaybettiği Helikopter Kazası ve Kurtarma Çalışmalarının Tüm Yönleriyle Araştırılarak Benzer Durumların Yaşanmaması İçin Alınması Gereken Önlemlerin Belirlenmesi Amacıyla Bir Meclis Araştırma Komisyonu Kurulmasına İlişkin Karar,https://www.resmigazete.gov.tr/eskiler/2009/04/20090417-1.htm
2009-04-17,"— Dışişleri Bakanlığına, İçişleri Bakanı Beşir ATALAY’ın Vekâlet Etmesine Dair Tezkere",https://www.resmigazete.gov.tr/eskiler/2009/04/20090417-2.htm
2009-04-17,— Milli Eğitim Bakanlığına Bağlı Okullarda Enerji Yöneticisi Görevlendirilmesine İlişkin Yönetmelik,https://www.resmigazete.gov.tr/eskiler/2009/04/20090417-3.htm
2009-04-17,— Türkiye Briç Federasyonu Ana Statüsünde Değişiklik Yapılmasına Dair Ana Statü,https://www.resmigazete.gov.tr/eskiler/2009/04/20090417-4.htm
2009-04-17,— İşkolu Tespit Kararı (No: 2009/15),https://www.resmigazete.gov.tr/eskiler/2009/04/20090417-5.htm
2009-04-17,— İşkolu Tespit Kararı (No: 2009/16),https://www.resmigazete.gov.tr/eskiler/2009/04/20090417-6.htm
2009-04-17,— İşkolu Tespit Kararı (No: 2009/17),https://www.resmigazete.gov.tr/eskiler/2009/04/20090417-7.htm
2009-04-18,"— Başbakanlığa, Devlet Bakanı ve Başbakan Yardımcısı Cemil ÇİÇEK’in Vekâlet Etmesine Dair Tezkere",https://www.resmigazete.gov.tr/eskiler/2009/04/20090418-1.htm
2009-04-18,— Hâkimler ve Savcılar Yüksek Kuruluna Ait Atama Kararları,https://www.resmigazete.gov.tr/eskiler/2009/04/20090418-2.htm
2009-04-18,— Kız Teknik Öğretim Okullarına Bağlı Kreş Yönetmeliğinin Yürürlükten Kaldırılmasına Dair Yönetmelik,https://www.resmigazete.gov.tr/eskiler/2009/04/20090418-3.htm
2009-04-18,— Okulların Merasim Geçişi Yönetmeliğinin Yürürlükten Kaldırılmasına Dair Yönetmelik,https://www.resmigazete.gov.tr/eskiler/2009/04/20090418-4.htm
2009-04-18,— İthalatta Haksız Rekabetin Önlenmesine İlişkin Tebliğ (No: 2009/9),https://www.resmigazete.gov.tr/eskiler/2009/04/20090418-5.htm
2009-04-18,— İthalatta Haksız Rekabetin Önlenmesine İlişkin Tebliğ (No: 2009/10),https://www.resmigazete.gov.tr/eskiler/2009/04/20090418-6.htm
2009-04-18,— İthalatta Haksız Rekabetin Önlenmesine İlişkin Tebliğ (No: 2009/11),https://www.resmigazete.gov.tr/eskiler/2009/04/20090418-7.htm
2009-04-18,— İthalatta Haksız Rekabetin Önlenmesine İlişkin Tebliğ (No: 2009/12),https://www.resmigazete.gov.tr/eskiler/2009/04/20090418-8.htm
2009-04-18,— İthalatta Haksız Rekabetin Önlenmesine İlişkin Tebliğ (No: 2009/13),https://www.resmigazete.gov.tr/eskiler/2009/04/20090418-9.htm
2009-04-18,— Bankacılık Düzenleme ve Denetleme Kurulunun 16/4/2009 Tarihli ve 3149 Sayılı Kararı,https://www.resmigazete.gov.tr/eskiler/2009/04/20090418-10.htm
2009-04-19,"— Devlet Bakanı Mustafa Said YAZICIOĞLU’na, Devlet Bakanı Nimet ÇUBUKÇU’nun Vekâlet Etmesine Dair Tezkere",https://www.resmigazete.gov.tr/eskiler/2009/04/20090419-1.htm
2009-04-19,— Millî Eğitim Bakanlığı Yayınları ve Eğitim Araçları Satış İşleri Yönetmeliğinde Değişiklik Yapılmasına Dair Yönetmelik,https://www.resmigazete.gov.tr/eskiler/2009/04/20090419-2.htm
2009-04-19,— Millî Eğitim Bakanlığı Açık İlköğretim Okulu Yönetmeliğinde Değişiklik Yapılmasına Dair Yönetmelik,https://www.resmigazete.gov.tr/eskiler/2009/04/20090419-3.htm
2009-04-19,— Beykent Üniversitesi Önlisans ve Lisans Eğitim-Öğretim Yönetmeliğinde Değişiklik Yapılmasına Dair Yönetmelik,https://www.resmigazete.gov.tr/eskiler/2009/04/20090419-5.htm
2009-04-19,— Beykent Üniversitesi Yaz Öğretimi Yönetmeliğinde Değişiklik Yapılmasına Dair Yönetmelik,https://www.resmigazete.gov.tr/eskiler/2009/04/20090419-4.htm
2009-04-19,— Basınçlı Ekipmanlar Teknik Komitesinin Oluşumu ve Görevlerine Dair Tebliğ (No: SGM/2009-8),https://www.resmigazete.gov.tr/eskiler/2009/04/20090419-6.htm
2009-04-19,— Gaz Yakan Cihazlar Teknik Komitesinin Oluşumu ve Görevlerine Dair Tebliğ (No: SGM/2009-9),https://www.resmigazete.gov.tr/eskiler/2009/04/20090419-7.htm
2009-04-20,"— Devlet Bakanı ve Başbakan Yardımcısı Nazım EKREN’e, Devlet Bakanı Mehmet ŞİMŞEK’in Vekâlet Etmesine Dair Tezkere",https://www.resmigazete.gov.tr/eskiler/2009/04/20090420-1.htm
2009-04-20,"— Devlet Bakanı Egemen BAĞIŞ'a, Devlet Bakanı Murat BAŞESGİOĞLU'nun Vekâlet Etmesine Dair Tezkere",https://www.resmigazete.gov.tr/eskiler/2009/04/20090420-2.htm
2009-04-20,"— Sağlık Bakanlığına, Milli Eğitim Bakanı Hüseyin ÇELİK’in Vekâlet Etmesine Dair Tezkere",https://www.resmigazete.gov.tr/eskiler/2009/04/20090420-3.htm
2009-04-20,"— Korunması Gerekli Taşınır Kültür ve Tabiat Varlıklarının Tasnifi, Tescili ve Müzelere Alınmaları Hakkında Yönetmelik",https://www.resmigazete.gov.tr/eskiler/2009/04/20090420-4.htm
2009-04-20,— Sivil Hava Ulaşımına Açık Havaalanlarında Yer Alan Terminaller ile Sıhhi İşyerleri İçin İşyeri Açma ve Çalışma Ruhsatlarına İlişkin Yönetmelikte (SHY-33B) Değişiklik Yapılmasına Dair Yönetmelik,https://www.resmigazete.gov.tr/eskiler/2009/04/20090420-5.htm
2009-04-20,— İnönü Üniversitesi Engelli Çocuklar Araştırma ve Uygulama Merkezi Yönetmeliği,https://www.resmigazete.gov.tr/eskiler/2009/04/20090420-6.htm
2009-04-20,— İnönü Üniversitesi Sürekli Eğitim Uygulama ve Araştırma Merkezi Yönetmeliği,https://www.resmigazete.gov.tr/eskiler/2009/04/20090420-7.htm
2009-04-21,"— Devlet Bakanı Kürşad TÜZMEN’e, Maliye Bakanı Kemal UNAKITAN’ın Vekâlet Etmesine Dair Tezkere",https://www.resmigazete.gov.tr/eskiler/2009/04/20090421-1.htm
2009-04-21,"— Devlet Bakanı Egemen BAĞIŞ’a, Devlet Bakanı Murat BAŞESGİOĞLU’nun Vekâlet Etmesine Dair Tezkerede Değişiklik Yapılmasına Dair Tezkere",https://www.resmigazete.gov.tr/eskiler/2009/04/20090421-2.htm
2009-04-21,"— Dışişleri Bakanlığına, İçişleri Bakanı Beşir ATALAY’ın Vekâlet Etmesine Dair Tezkere",https://www.resmigazete.gov.tr/eskiler/2009/04/20090421-3.htm
2009-04-21,— Hafif Yolcu ve Ticari Araçlardan Çıkan Emisyonlar (Euro 5 ve Euro 6) Bakımından ve Araç Tamir ve Bakım Bilgilerine Erişim Konusunda Motorlu Araçların Tip Onayına İlişkin Yönetmelik ((AT) 715/2007),https://www.resmigazete.gov.tr/eskiler/2009/04/20090421-4.htm
2009-04-21,— Patent Haklarının Korunması Hakkında Kanun Hükmünde Kararnamenin Uygulama Şeklini Gösterir Yönetmelikte Değişiklik Yapılmasına Dair Yönetmelik,https://www.resmigazete.gov.tr/eskiler/2009/04/20090421-5.htm
2009-04-21,— 555 Sayılı Coğrafi İşaretlerin Korunması Hakkındaki Kanun Hükmünde Kararnamenin Uygulama Şeklini Gösterir Yönetmelikte Değişiklik Yapılmasına Dair Yönetmelik,https://www.resmigazete.gov.tr/eskiler/2009/04/20090421-6.htm
2009-04-21,— Endüstriyel Tasarımların Korunması Hakkında Kanun Hükmünde Kararnamenin Uygulama Şeklini Gösterir Yönetmelikte Değişiklik Yapılmasına Dair Yönetmelik,https://www.resmigazete.gov.tr/eskiler/2009/04/20090421-7.htm
2009-04-21,— Türkiye Golf Federasyonu Ana Statüsünde Değişiklik Yapılmasına Dair Ana Statü,https://www.resmigazete.gov.tr/eskiler/2009/04/20090421-8.htm
2009-04-21,"— Yargıtay 2, 6 ve 18. Hukuk Dairelerine Ait Kararlar",https://www.resmigazete.gov.tr/eskiler/2009/04/20090421-9.htm
2009-04-22,5887 Dünya Bankası Grubu ve Uluslararası Para Fonu Guvernörler Kurullarının 2009 Yıllık Toplantıları Münasebetiyle Türkiye Cumhuriyeti Hükümeti ile Dünya Bankası Grubu ve Uluslararası Para Fonu Arasında Düzenlenen Mutabakat Zaptının Onaylanmasının Uygun Bulunduğuna Dair Kanun,https://www.resmigazete.gov.tr/eskiler/2009/04/20090422-1.htm
2009-04-22,5888 Türkiye Cumhuriyeti Tarım ve Köyişleri Bakanlığı ve Filistin Ulusal Yönetimi Tarım Bakanlığı Arasında Tarım Alanında İşbirliği Konulu Mutabakat Zaptının Onaylanmasının Uygun Bulunduğuna Dair Kanun,https://www.resmigazete.gov.tr/eskiler/2009/04/20090422-2.htm
2009-04-22,5889 Türkiye Cumhuriyeti Sağlık Bakanlığı ve Suudi Arabistan Krallığı Sağlık Bakanlığı Arasında Sağlık Alanında Mutabakat Zaptının Onaylanmasının Uygun Bulunduğuna Dair Kanun,https://www.resmigazete.gov.tr/eskiler/2009/04/20090422-3.htm
2009-04-22,5890 Türkiye Cumhuriyeti Sağlık Bakanlığı ile Bahreyn Krallığı Sağlık Bakanlığı Arasında Sağlık Alanında İşbirliğine Dair Mutabakat Zaptının Onaylanmasının Uygun Bulunduğu Hakkında Kanun,https://www.resmigazete.gov.tr/eskiler/2009/04/20090422-4.htm
2009-04-22,"— Devlet Bakanı Mehmet AYDIN’a, Adalet Bakanı Mehmet Ali ŞAHİN’in Vekâlet Etmesine Dair Tezkere",https://www.resmigazete.gov.tr/eskiler/2009/04/20090422-5.htm
2009-04-22,"— Devlet Bakanı Mehmet ŞİMŞEK’e, Devlet Bakanı ve Başbakan Yardımcısı Nazım EKREN’in Vekâlet Etmesine Dair Tezkere",https://www.resmigazete.gov.tr/eskiler/2009/04/20090422-6.htm
2009-04-22,"— Ulaştırma Bakanlığına, Çevre ve Orman Bakanı Veysel EROĞLU’nun Vekâlet Etmesine Dair Tezkere",https://www.resmigazete.gov.tr/eskiler/2009/04/20090422-7.htm
2009-04-22,"— Enerji ve Tabii Kaynaklar Bakanlığına, Tarım ve Köyişleri Bakanı Mehmet Mehdi EKER’in Vekâlet Etmesine Dair Tezkere",https://www.resmigazete.gov.tr/eskiler/2009/04/20090422-8.htm
2009-04-22,"— Kültür ve Turizm Bakanlığına, Sanayi ve Ticaret Bakanı Mehmet Zafer ÇAĞLAYAN’ın Vekâlet Etmesine Dair Tezkere",https://www.resmigazete.gov.tr/eskiler/2009/04/20090422-9.htm
2009-04-22,"— 2521 Sayılı Avda ve Sporda Kullanılan Tüfekler, Nişan Tabancaları ve Av Bıçaklarının Yapımı, Alımı, Satımı ve Bulundurulmasına Dair Kanunun Uygulanmasına İlişkin Yönetmelikte Değişiklik Yapılmasına Dair Yönetmelik",https://www.resmigazete.gov.tr/eskiler/2009/04/20090422-10.htm
2009-04-22,— Beşeri Tıbbi Ürünler Ruhsatlandırma Yönetmeliğinde Değişiklik Yapılmasına Dair Yönetmelik,https://www.resmigazete.gov.tr/eskiler/2009/04/20090422-11.htm
2009-04-22,— Türkiye Bilimsel ve Teknolojik Araştırma Kurumu Araştırma Destek Programları Başkanlığı Tarafından Yürütülen Programlara İlişkin Yönetmelik,https://www.resmigazete.gov.tr/eskiler/2009/04/20090422-12.htm
2009-04-22,"— Türk Mühendis ve Mimar Odaları Birliği Çevre Mühendisleri Odası Serbest Çevre Mühendisliği Hizmetleri Uygulama, Tescil, Denetim ve Asgari Ücret Yönetmeliği",https://www.resmigazete.gov.tr/eskiler/2009/04/20090422-13.htm
2009-04-22,— Afyon Kocatepe Üniversitesi Lisansüstü Eğitim-Öğretim ve Sınav Yönetmeliğinde Değişiklik Yapılmasına Dair Yönetmelik,https://www.resmigazete.gov.tr/eskiler/2009/04/20090422-14.htm
2009-04-22,— İşkolu Tespit Kararı (No: 2009/18),https://www.resmigazete.gov.tr/eskiler/2009/04/20090422-15.htm
2009-04-24,"— Cumhurbaşkanlığına, Türkiye Büyük Millet Meclisi Başkanı Köksal TOPTAN'ın Vekâlet Etmesine Dair Tezkere",https://www.resmigazete.gov.tr/eskiler/2009/04/20090424-1.htm
2009-04-24,2009/14897 Bilgi Teknolojileri ve İletişim Kurulunda Boş Bulunan Üyeliklere Yapılan Atamalar Hakkında Karar,https://www.resmigazete.gov.tr/eskiler/2009/04/20090424-2.htm
2009-04-24,— Sağlık Bakanlığına Bağlı Sağlık Kurum ve Kuruluşlarında Görevli Personele Döner Sermaye Gelirlerinden Ek Ödeme Yapılması Hakkında Yönetmelikte Değişiklik Yapılmasına Dair Yönetmelik,https://www.resmigazete.gov.tr/eskiler/2009/04/20090424-3.htm
2009-04-24,"— Sanayi ve Ticaret Uzmanı ve Uzman Yardımcılarının Sınav, Atama, Çalışma Usul ve Esasları Hakkında Yönetmelik",https://www.resmigazete.gov.tr/eskiler/2009/04/20090424-4.htm
2009-04-24,— Kültür Yatırım ve Girişimlerinin Belgelendirilmesine ve Niteliklerine İlişkin Yönetmelik,https://www.resmigazete.gov.tr/eskiler/2009/04/20090424-5.htm
2009-04-24,— 4734 Sayılı Kamu İhale Kanununun 3 üncü Maddesinin (e) Bendine Göre Yapılacak Alımlarda Uygulanacak Usul ve Esaslara İlişkin Yönetmelik,https://www.resmigazete.gov.tr/eskiler/2009/04/20090424-6.htm
2009-04-24,— Balıkesir Üniversitesi Lisansüstü Eğitim ve Öğretim Yönetmeliğinde Değişiklik Yapılmasına Dair Yönetmelik,https://www.resmigazete.gov.tr/eskiler/2009/04/20090424-7.htm
2009-04-24,— Gümrük Genel Tebliğinde Değişiklik Yapılmasına Dair Tebliğ (Genelleştirilmiş Tercihler Sistemi) (Seri No: 2),https://www.resmigazete.gov.tr/eskiler/2009/04/20090424-8.htm
2009-04-24,— Kamu İhale Kurulunun 2/4/2009 Tarihli ve 2009/DK.D-45 Sayılı Kararı,https://www.resmigazete.gov.tr/eskiler/2009/04/20090424-9.htm
2009-04-24,— Bilgi Teknolojileri ve İletişim Kurulunun 4/3/2009 Tarihli ve 2009/09 Sayılı Kararı,https://www.resmigazete.gov.tr/eskiler/2009/04/20090424-10.htm
2009-04-25,— Asgarî İşçilik İncelemelerinde Uzlaşma Yönetmeliği,https://www.resmigazete.gov.tr/eskiler/2009/04/20090425-2.htm
2009-04-25,— Yurtiçinde İşe Yerleştirme Hizmetleri Hakkında Yönetmelik,https://www.resmigazete.gov.tr/eskiler/2009/04/20090425-3.htm
2009-04-25,— PTT Genel Müdürlüğü Taşınır Mal Satım İşlemleri Yönetmeliği,https://www.resmigazete.gov.tr/eskiler/2009/04/20090425-1.htm
2009-04-25,— Telsiz ve Telekomünikasyon Terminal Ekipmanları Yönetmeliğinin Atıfta Bulunduğu Standartlara Dair Tebliğ (2009/1),https://www.resmigazete.gov.tr/eskiler/2009/04/20090425-4.htm
2009-04-25,DÜZELTME (13/4/2009 Tarihli ve 2009/14897 Sayılı Bakanlar Kurulu Kararı ile İlgili),https://www.resmigazete.gov.tr/eskiler/2009/04/20090425-5.htm
2009-04-26,— Kozmetik Yönetmeliğinde Değişiklik Yapılmasına Dair Yönetmelik,https://www.resmigazete.gov.tr/eskiler/2009/04/20090426-1.htm
2009-04-26,— Milli Emlak Genel Tebliği (Sıra No: 323),https://www.resmigazete.gov.tr/eskiler/2009/04/20090426-2.htm
2009-04-26,— Milli Emlak Genel Tebliği (Sıra No: 324),https://www.resmigazete.gov.tr/eskiler/2009/04/20090426-3.htm
2009-04-27,5892 Ulusal Bayram ve Genel Tatiller Hakkında Kanunda Değişiklik Yapılmasına Dair Kanun,https://www.resmigazete.gov.tr/eskiler/2009/04/20090427-1.htm
2009-04-27,2009/14944 Sinan Çetin Vakfı Tarafından İstanbul İlinde Plato Meslek Yüksekokulu Kurulması Hakkında Karar,https://www.resmigazete.gov.tr/eskiler/2009/04/20090427-2.htm
2009-04-27,"— Milli Eğitim Bakanlığına, Sağlık Bakanı Recep AKDAĞ’ın Vekâlet Etmesine Dair Tezkere",https://www.resmigazete.gov.tr/eskiler/2009/04/20090427-3.htm
2009-04-27,2009/14923 Mehmet Kadri Şander Gürbüz’ün Tanzanya Birleşik Cumhuriyeti Nezdinde Türkiye Cumhuriyeti Büyükelçisi Olarak Atanması Hakkında Karar,https://www.resmigazete.gov.tr/eskiler/2009/04/20090427-4.htm
2009-04-27,"— Devlet Bakanı ve Başbakan Yardımcılığı, Devlet, Dışişleri, Maliye, Millî Eğitim, Bayındırlık ve İskan, Çalışma ve Sosyal Güvenlik ile Sanayi ve Ticaret Bakanlıklarına Ait Atama Kararları",https://www.resmigazete.gov.tr/eskiler/2009/04/20090427-5.htm
2009-04-27,— Sınır Tespitine Dair Karar,https://www.resmigazete.gov.tr/eskiler/2009/04/20090427-6.htm
2009-04-27,— Motorlu Araçlarda İklimlendirme Sistemlerinden Çıkan Emisyonlarla İlgili Tip Onayı Yönetmeliği (2006/40/AT),https://www.resmigazete.gov.tr/eskiler/2009/04/20090427-7.htm
2009-04-28,"2009/14819 Tarım ve Köyişleri Bakanlığının Doğrudan Merkeze Bağlı Taşra Teşkilatında Yer Alan Zirai Üretim İşletmesi, Personel ve Makine Eğitim Merkez Müdürlüğünün Adının Uluslararası Tarımsal Eğitim Merkezi Müdürlüğü Olarak Değiştirilmesi Hakkında Karar",https://www.resmigazete.gov.tr/eskiler/2009/04/20090428-1.htm
2009-04-28,"2009/14830 İstanbul İli, Beykoz İlçesinde Bulunan Bazı Taşınmazların, “Ali Bahadır Deresi Dere Islahı” Alanı İçinde Kalmaları Nedeniyle İstanbul Büyükşehir Belediyesi Tarafından Acele Kamulaştırılması Hakkında Karar",https://www.resmigazete.gov.tr/eskiler/2009/04/20090428-2.htm
2009-04-28,2009/14846 Erzincan Üniversitesi Rektörlüğüne Bağlı Olarak Sivil Havacılık Yüksekokulu Kurulması Hakkında Karar,https://www.resmigazete.gov.tr/eskiler/2009/04/20090428-3.htm
2009-04-28,2009/14847 Bazı İllerde Adları Yazılı Mahalli İdare Birliklerinin Kurulmasına İzin Verilmesi Hakkında Karar,https://www.resmigazete.gov.tr/eskiler/2009/04/20090428-4.htm
2009-04-28,2009/14849 Ordu Üniversitesi Rektörlüğüne Bağlı Olarak Diş Hekimliği Fakültesi ile Güzel Sanatlar Fakültesi Kurulması Hakkında Karar,https://www.resmigazete.gov.tr/eskiler/2009/04/20090428-5.htm
2009-04-28,2009/14863 Sivil Hava Araçları Üçüncü Şahıs Malî Mesuliyet Devlet Garantisi Hesabının Tasfiyesi Hakkında Karar,https://www.resmigazete.gov.tr/eskiler/2009/04/20090428-6.htm
2009-04-28,"2009/14885 17 Ağustos 1999 ve 12 Kasım 1999 Tarihlerinde Meydana Gelen Depremler Nedeniyle İşyerleri Yıkılan veya Ağır Hasar Gören Hak Sahiplerine Verilmek Üzere Düzce İli, Fevzi Çakmak Mahallesinde İnşa Edilen 87 Adet İşyerinin, Düzce İl Özel İdaresine Bedelsiz Olarak Devredilmesi Hakkında Karar",https://www.resmigazete.gov.tr/eskiler/2009/04/20090428-7.htm
2009-04-28,2009/14886 Sosyal Güvenlik Kurumu Başkanlığına Ait Boş Kadrolarda Değişiklik Yapılması Hakkında Karar,https://www.resmigazete.gov.tr/eskiler/2009/04/20090428-8.htm
2009-04-28,"2009/14912 Brunei Sultanlığı (Brunei Darussalam) Vatandaşlarına, Ülkemize Yapacakları Turistik Amaçlı Seyahatlerinde Toplam Kalış (İkamet) Süresi 180 Gün İçerisinde 90 Günü Geçmemek Kaydıyla Vize Muafiyeti Sağlanması Hakkında Karar",https://www.resmigazete.gov.tr/eskiler/2009/04/20090428-9.htm
2009-04-28,2009/14919 Türkiye Radyo-Televizyon Kurumunun Euronews SA Adlı Uluslararası Yayın Kuruluşuna Ortak Olmasına İlişkin Karar,https://www.resmigazete.gov.tr/eskiler/2009/04/20090428-10.htm
2009-04-28,2009/14930 Sürekli Görevle Yurt Dışında Bulunan Memurların Aylıklarına İlişkin 2/4/2004 Tarihli ve 2004/7356 Sayılı Kararnamenin Eki Kararda Değişiklik Yapılması Hakkında Karar,https://www.resmigazete.gov.tr/eskiler/2009/04/20090428-11.htm
2009-04-28,2009/14931 Kamu İktisadi Teşebbüsleri ve Bağlı Ortaklıklarının 2009 Yılına Ait Genel Yatırım ve Finansman Programında Değişiklik Yapılmasına İlişkin Karar,https://www.resmigazete.gov.tr/eskiler/2009/04/20090428-12.htm
2009-04-28,2009/14934 Hitit Üniversitesi Rektörlüğüne Bağlı Olarak Beden Eğitimi ve Spor Yüksekokulu Kurulması Hakkında Karar,https://www.resmigazete.gov.tr/eskiler/2009/04/20090428-13.htm
2009-04-28,2009/14935 Devlet Su İşleri Genel Müdürlüğünün 2009 Yılı Sulama ve Kurutma Tesisleri İşletme ve Bakım Ücret Tarifelerine İlişkin Karar,https://www.resmigazete.gov.tr/eskiler/2009/04/20090428-14.htm
2009-04-28,"— Milli Eğitim Bakanlığına, Sağlık Bakanı Recep AKDAĞ’ın Vekâlet Etmesine Dair Tezkerenin İptaline Dair Tezkere",https://www.resmigazete.gov.tr/eskiler/2009/04/20090428-15.htm
2009-04-28,2009/14875 Yeniden Yapılandırma Kurulunda Boş Bulunan Üyeliğe Ali BOĞA (Sanayi ve Ticaret Bakanlığı Temsilcisi)’nın Atanması Hakkında Karar,https://www.resmigazete.gov.tr/eskiler/2009/04/20090428-16.htm
2009-04-28,— Başka Bir Göreve Atanmak Üzere Görevden Alma ile İlgili Karar,https://www.resmigazete.gov.tr/eskiler/2009/04/20090428-17.htm
2009-04-28,2009/14815 Devlet Memurları Yiyecek Yardımı Yönetmeliğinde Değişiklik Yapılması Hakkında Yönetmelik,https://www.resmigazete.gov.tr/eskiler/2009/04/20090428-18.htm
2009-04-28,— Atılım Üniversitesi Sosyal Bilimler Enstitüsü Lisansüstü Eğitim-Öğretim ve Sınav Yönetmeliği,https://www.resmigazete.gov.tr/eskiler/2009/04/20090428-19.htm
2009-04-28,— Namık Kemal Üniversitesi Yaz Okulu Eğitim-Öğretim Yönetmeliğinde Değişiklik Yapılmasına Dair Yönetmelik,https://www.resmigazete.gov.tr/eskiler/2009/04/20090428-20.htm
2009-04-28,— 2009 Yılı Mart Ayına Ait Yatırım Teşvik Belgeleri Listesi,https://www.resmigazete.gov.tr/eskiler/2009/04/20090428-21.xls
2009-04-28,— 2009 Yılı Mart Ayında Yabancı Sermayeli Firmaların Yatırımları İçin Verilen Teşvik Belgeleri Listesi,https://www.resmigazete.gov.tr/eskiler/2009/04/20090428-22.xls
2009-04-29,2009/14856 Türkiye-Güney Afrika Karma Ekonomik Komisyonu 1. Dönem Toplantısı Ortak Bildirisi’nin Onaylanması Hakkında Karar,https://www.resmigazete.gov.tr/eskiler/2009/04/20090429-1.htm
2009-04-29,2009/14857 Türkiye-İran Sınır Ticareti Ortak Komitesi V. Dönem Toplantısı Mutabakat Zaptı’nın Onaylanması Hakkında Karar,https://www.resmigazete.gov.tr/eskiler/2009/04/20090429-2.htm
2009-04-29,2009/14848 Soyadı Nizamnamesinde Değişiklik Yapılmasına Dair Tüzük,https://www.resmigazete.gov.tr/eskiler/2009/04/20090429-2--1.htm
2009-04-29,"2009/14898 Banka ve Sigorta İşçileri Sendikası ile Türkiye İş Bankası Anonim Şirketi İşletmesi ve Bağlı İşyerleri Arasında Akdedilen Toplu İş Sözleşmesinin, Aynı İşkolunda Faaliyette Bulunan İşyerlerine Teşmili Hakkında Karar",https://www.resmigazete.gov.tr/eskiler/2009/04/20090429-3.htm
2009-04-29,"— Cumhurbaşkanlığına, Türkiye Büyük Millet Meclisi Başkanı Köksal TOPTAN’ın Vekâlet Etmesine Dair Tezkere",https://www.resmigazete.gov.tr/eskiler/2009/04/20090429-4--1.htm
2009-04-29,"— Devlet Bakanı Nimet ÇUBUKÇU’ya, Tarım ve Köyişleri Bakanı Mehmet Mehdi EKER’in Vekâlet Etmesine Dair Tezkere",https://www.resmigazete.gov.tr/eskiler/2009/04/20090429-4--2.htm
2009-04-29,"— Devlet Bakanı Egemen BAĞIŞ’a, Sanayi ve Ticaret Bakanı Mehmet Zafer ÇAĞLAYAN’ın Vekâlet Etmesine Dair Tezkere",https://www.resmigazete.gov.tr/eskiler/2009/04/20090429-4--3.htm
2009-04-29,— İçişleri Bakanlığına Ait Atama Kararı,https://www.resmigazete.gov.tr/eskiler/2009/04/20090429-4--4.htm
2009-04-29,"2009/14929 Merkezi Kayıt Kuruluşunun Kuruluş, Faaliyet, Çalışma ve Denetim Esasları Hakkında Yönetmelikte Değişiklik Yapılmasına Dair Yönetmelik",https://www.resmigazete.gov.tr/eskiler/2009/04/20090429-4--5.htm
2009-04-29,— Diyanet İşleri Başkanlığı Sınav Yönetmeliğinde Değişiklik Yapılmasına Dair Yönetmelik,https://www.resmigazete.gov.tr/eskiler/2009/04/20090429-4.htm
2009-04-29,— Diyanet İşleri Başkanlığı Atama ve Yer Değiştirme Yönetmeliğinde Değişiklik Yapılmasına Dair Yönetmelik,https://www.resmigazete.gov.tr/eskiler/2009/04/20090429-5.htm
2009-04-29,"— Aile ve Sosyal Araştırmalar Genel Müdürlüğü Aile ve Sosyal Araştırma Uzman Yardımcılığı Giriş, Aile ve Sosyal Araştırma Uzmanlığı Yeterlik Sınavları ile Atama ve Yetiştirilmelerine Dair Yönetmelikte Değişiklik Yapılması Hakkında Yönetmelik",https://www.resmigazete.gov.tr/eskiler/2009/04/20090429-6.htm
2009-04-29,— Ticari Amaçlı Patateslerin İzlenebilirliği Hakkında Yönetmelik,https://www.resmigazete.gov.tr/eskiler/2009/04/20090429-7.htm
2009-04-29,— Çevre Kanununca Alınması Gereken İzin ve Lisanslar Hakkında Yönetmelik,https://www.resmigazete.gov.tr/eskiler/2009/04/20090429-8.htm
2009-04-29,— Dicle Üniversitesi Lisansüstü Eğitim-Öğretim ve Sınav Yönetmeliği,https://www.resmigazete.gov.tr/eskiler/2009/04/20090429-9.htm
2009-04-29,— Türkiye Binicilik Federasyonu Ana Statüsünde Değişiklik Yapılmasına Dair Ana Statü,https://www.resmigazete.gov.tr/eskiler/2009/04/20090429-10.htm
2009-04-29,— Türkiye Otomobil Sporları Federasyonu Ana Statüsünde Değişiklik Yapılmasına Dair Ana Statü,https://www.resmigazete.gov.tr/eskiler/2009/04/20090429-11.htm
2009-04-29,— Sağlık Kurum ve Kuruluşlarında Hasta ve Çalışan Güvenliğinin Sağlanması ve Korunmasına İlişkin Usul ve Esaslar Hakkında Tebliğ,https://www.resmigazete.gov.tr/eskiler/2009/04/20090429-12.htm
2009-04-29,— Ozon Tabakasını İncelten Maddelerin İhracına İlişkin Tebliğ (İhracat: 2009/4),https://www.resmigazete.gov.tr/eskiler/2009/04/20090429-13.htm
2009-04-29,"— Kaydileştirilen Sermaye Piyasası Araçlarına İlişkin Kayıtların Tutulmasının Usul ve Esasları Hakkında Tebliğde Değişiklik Yapılmasına Dair Tebliğ (Seri IV, No: 42)",https://www.resmigazete.gov.tr/eskiler/2009/04/20090429-14.htm
2009-04-30,"2009/14900 13 Kişinin Türk Vatandaşlığına Alınması, Türk Vatandaşlığına Alınan 16 Kişiye İlişkin Hükümlerin İptali ve 4 Kişi ile İlgili Maddi Hataların Düzeltilmesi Hakkında Karar",https://www.resmigazete.gov.tr/eskiler/2009/04/20090430-1.htm
2009-04-30,— Ağaçlandırma Yönetmeliğinde Değişiklik Yapılmasına Dair Yönetmelik,https://www.resmigazete.gov.tr/eskiler/2009/04/20090430-2.htm
2009-04-30,— 406 Sayılı Telgraf ve Telefon Kanununun Geçici 7 nci Maddesinin Uygulanmasına Dair Usul ve Esaslar Hakkında Yönetmeliğin Yürürlükten Kaldırılmasına Dair Yönetmelik,https://www.resmigazete.gov.tr/eskiler/2009/04/20090430-3.htm
2009-04-30,— Telsiz Genel Müdürlüğü Personelinin Atama ve Görevde Yükselme Yönetmeliğinin Yürürlükten Kaldırılmasına Dair Yönetmelik,https://www.resmigazete.gov.tr/eskiler/2009/04/20090430-4.htm
2009-04-30,— Adnan Menderes Üniversitesi Ön Lisans ve Lisans Eğitim-Öğretim ve Sınav Yönetmeliğinde Değişiklik Yapılmasına Dair Yönetmelik,https://www.resmigazete.gov.tr/eskiler/2009/04/20090430-5.htm
2009-04-30,— İzmir Yüksek Teknoloji Enstitüsü Lisans Eğitim-Öğretim Süresi ile Sınav ve Değerlendirme Esaslarına İlişkin Yönetmelikte Değişiklik Yapılmasına Dair Yönetmelik,https://www.resmigazete.gov.tr/eskiler/2009/04/20090430-6.htm
2009-04-30,— Mehmet Akif Ersoy Üniversitesi Lisansüstü Eğitim-Öğretim ve Sınav Yönetmeliği,https://www.resmigazete.gov.tr/eskiler/2009/04/20090430-7.htm
2009-05-02,— Devlet Bakanlığı Sayısının Onbire Çıkarılması ve Bakanların Atanmasına Dair Tezkere,https://www.resmigazete.gov.tr/eskiler/2009/05/20090502-1.htm
2009-05-02,2009/14922 Bazı Yerleşim Alanlarının “Uygulama Alanı” Olarak Tespit Edilmesi Hakkında Karar,https://www.resmigazete.gov.tr/eskiler/2009/05/20090502-2.htm
2009-05-02,"— Devlet Bakanı Mehmet ŞİMŞEK’e, Devlet Bakanı ve Başbakan Yardımcısı Nazım EKREN’in Vekâlet Etmesine Dair Tezkerenin Çek Cumhuriyeti Kısmının İptaline Dair Tezkere",https://www.resmigazete.gov.tr/eskiler/2009/05/20090502-3.htm
2009-05-02,"— Devlet Bakanı ve Başbakan Yardımcılığı, Adalet, Millî Eğitim ile Çalışma ve Sosyal Güvenlik Bakanlıklarına Ait Atama Kararları",https://www.resmigazete.gov.tr/eskiler/2009/05/20090502-4.htm
2009-05-02,"— Din Öğretimi Genel Müdürlüğüne, Ankara Üniversitesi İlahiyat Fakültesi Öğretim Üyesi Prof. Dr. İrfan AYCAN’ın Görevlendirilmesi Hakkında Karar",https://www.resmigazete.gov.tr/eskiler/2009/05/20090502-5.htm
2009-05-02,— Özel İletişim Vergisi Genel Tebliği (Seri No: 5),https://www.resmigazete.gov.tr/eskiler/2009/05/20090502-6.htm
2009-05-02,— İthalatta Korunma Önlemlerine İlişkin Tebliğ (No: 2009/1),https://www.resmigazete.gov.tr/eskiler/2009/05/20090502-7.htm
2009-05-02,— İthalatta Korunma Önlemlerine İlişkin Tebliğ (No: 2009/2),https://www.resmigazete.gov.tr/eskiler/2009/05/20090502-8.htm
2009-05-02,— Özelleştirme Yüksek Kurulunun 30/4/2009 Tarihli ve 2009/16 Sayılı Kararı,https://www.resmigazete.gov.tr/eskiler/2009/05/20090502-9.htm
2009-05-02,"(Anayasa Mahkemesinin 17/1/2008 Tarihli ve E. 2002/54, K. 2008/43 Sayılı Kararı ile İlgili)",https://www.resmigazete.gov.tr/eskiler/2009/05/20090502-10.htm
2009-05-03,2009/14821 Türkiye Cumhuriyeti ile Avrupa Konseyi Arasında “Mahkeme Yönetim Sistemine Destek” ve “Yolsuzluğun Önlenmesi İçin Etik”e Dair Avrupa Topluluğu/Avrupa Konseyi Ortak Projeleri Çerçevesinde Avrupa Konseyi Sekreteryası’nın Türkiye’de (Ankara) Kurulmuş Olan Program Destek Ofisi'ne İlişkin Olarak İmzalanan “Mutabakat Zaptı”nın Onaylanması Hakkında Karar,https://www.resmigazete.gov.tr/eskiler/2009/05/20090503-1.htm
2009-05-03,"2009/14864 Türkiye Cumhuriyeti Hükümeti ile Cibuti Cumhuriyeti Hükümeti Arasında Diplomatik, Hizmet ve Hususi Pasaport Hamillerine Karşılıklı Vize Muafiyeti Getirilmesine Dair Anlaşmanın Onaylanması Hakkında Karar",https://www.resmigazete.gov.tr/eskiler/2009/05/20090503-2.htm
2009-05-03,"— Ulaştırma Bakanlığına, Çevre ve Orman Bakanı Veysel EROĞLU'nun Vekâlet Etmesine Dair Tezkere",https://www.resmigazete.gov.tr/eskiler/2009/05/20090503-3.htm
2009-05-03,— Türkiye Radyo-Televizyon Kurumu Yönetim Kurulunun Çalışma Esasları Hakkında Yönetmelik,https://www.resmigazete.gov.tr/eskiler/2009/05/20090503-4.htm
2009-05-03,— Gümrük Genel Tebliği (Gümrük İşlemleri) (No: 70),https://www.resmigazete.gov.tr/eskiler/2009/05/20090503-5.htm
2009-05-03,— Türkiye Finansal Raporlama Standartlarının İlk Uygulamasına İlişkin Türkiye Finansal Raporlama Standardı (TFRS 1) Hakkında Tebliğ (No: 146),https://www.resmigazete.gov.tr/eskiler/2009/05/20090503-6.htm
2009-05-04,2009/14870 Türkiye Cumhuriyeti Milli Savunma Bakanlığına NATO Bakım ve İkmal Ajansı (NBİA) Tarafından Mühimmat Lojistik Desteği Sağlanmasına Dair TUR-39 Numaralı Satış Anlaşmasının Onaylanması Hakkında Karar,https://www.resmigazete.gov.tr/eskiler/2009/05/20090504-1.htm
2009-05-04,2009/14878 Türkiye Cumhuriyeti Devlet Planlama Teşkilatı Müsteşarlığı ve Suriye Arap Cumhuriyeti Devlet Planlama Komisyonu Arasındaki Anlayış Muhtırasının 2009 ve 2010 Yılları Yürütme Programının Onaylanması Hakkında Karar,https://www.resmigazete.gov.tr/eskiler/2009/05/20090504-2.htm
2009-05-04,"— Devlet Bakanı Egemen BAĞIŞ’a, Devlet Bakanı Mehmet AYDIN'ın Vekâlet Etmesine Dair Tezkere",https://www.resmigazete.gov.tr/eskiler/2009/05/20090504-3.htm
2009-05-04,— Dicle Üniversitesi Önlisans ve Lisans Eğitim-Öğretim ve Sınav Yönetmeliğinde Değişiklik Yapılmasına Dair Yönetmelik,https://www.resmigazete.gov.tr/eskiler/2009/05/20090504-4.htm
2009-05-04,— Yaşar Üniversitesi Araştırma-Geliştirme ve Uygulama Merkezi Yönetmeliği,https://www.resmigazete.gov.tr/eskiler/2009/05/20090504-5.htm
2009-05-04,Tıklayınız 4/5/2009 tarihli ve 27218 sayılı mükerrer Resmî Gazete'de; Görev Dağılımı ve Kurullarda Görev Alacak Hükümet Üyeleri ile İlgili 2009/6 ve 2009/7 sayılı Başbakanlık Genelgeleri ve Yüksek Öğrenim Kredi ve Yurtlar Kurumunun Başbakanlığa Bağlanması Hakkında Karar yayımlanmıştır.,http://www.resmigazete.gov.tr/eskiler/2009/05/20090504M1.htm
2009-05-05,5891 Küçük ve Orta Ölçekli Sanayi Geliştirme ve Destekleme İdaresi Başkanlığı Kurulması Hakkında Kanunda Değişiklik Yapılmasına Dair Kanun,https://www.resmigazete.gov.tr/eskiler/2009/05/20090505-1.htm
2009-05-05,"— Devlet Bakanı ve Başbakan Yardımcısı Ali BABACAN’a, Devlet Bakanı Hayati YAZICI’nın Vekâlet Etmesine Dair Tezkere",https://www.resmigazete.gov.tr/eskiler/2009/05/20090505-2.htm
2009-05-05,"— Ulaştırma Bakanlığına, Çevre ve Orman Bakanı Veysel EROĞLU'nun Vekalet Etmesine Dair Tezkerenin İptaline Dair Tezkere",https://www.resmigazete.gov.tr/eskiler/2009/05/20090505-3.htm
2009-05-05,"— Milli Savunma, İçişleri, Ulaştırma, Kültür ve Turizm, Çevre ve Orman ile Enerji ve Tabii Kaynaklar Bakanlıklarına Ait Atama Kararları",https://www.resmigazete.gov.tr/eskiler/2009/05/20090505-4.htm
2009-05-05,— Hava Kalitesi Değerlendirme ve Yönetimi Yönetmeliğinde Değişiklik Yapılmasına Dair Yönetmelik,https://www.resmigazete.gov.tr/eskiler/2009/05/20090505-5.htm
2009-05-05,— Onaylanmış Kuruluşlara Dair Yönetmelikte Değişiklik Yapılmasına Dair Yönetmelik,https://www.resmigazete.gov.tr/eskiler/2009/05/20090505-6.htm
2009-05-05,— Doğuş Üniversitesi İngilizce Hazırlık Sınıfı Eğitim-Öğretim ve Sınav Yönetmeliğinde Değişiklik Yapılmasına Dair Yönetmelik,https://www.resmigazete.gov.tr/eskiler/2009/05/20090505-7.htm
2009-05-05,— Balıkesir Üniversitesi Bandırma İktisadi ve İdari Bilimler Fakültesi Yabancı Dil Hazırlık Sınıfı Eğitim-Öğretim ve Sınav Yönetmeliği,https://www.resmigazete.gov.tr/eskiler/2009/05/20090505-8.htm
2009-05-05,— Mustafa Kemal Üniversitesi Sürekli Eğitim Uygulama ve Araştırma Merkezi Yönetmeliği,https://www.resmigazete.gov.tr/eskiler/2009/05/20090505-9.htm
2009-05-05,— Kapadokya Meslek Yüksekokulu Satın Alma ve İhale Yönetmeliği,https://www.resmigazete.gov.tr/eskiler/2009/05/20090505-10.htm
2009-05-05,— İşkolu Tespit Kararı (No: 2009/19),https://www.resmigazete.gov.tr/eskiler/2009/05/20090505-14.htm
2009-05-05,— Özel Kullanıma Mahsus Kara Taşıtlarına İlişkin 6 Seri No.lu Gümrük Genel Tebliğinde Değişiklik Yapılmasına Dair Tebliğ (Seri No: 10),https://www.resmigazete.gov.tr/eskiler/2009/05/20090505-11.htm
2009-05-05,— Nakit Dışı Varlıkların Ortaklara Dağıtımına İlişkin Türkiye Finansal Raporlama Standardı Yorumu (TFRS Yorum 17) Hakkında Tebliğ (Sıra No: 147),https://www.resmigazete.gov.tr/eskiler/2009/05/20090505-12.htm
2009-05-05,— Satış Amaçlı Elde Tutulan Duran Varlıklar ve Durdurulan Faaliyetlere İlişkin Türkiye Finansal Raporlama Standardı (TFRS 5) Hakkında Tebliğde Değişiklik Yapılmasına İlişkin Tebliğ (Sıra No: 148),https://www.resmigazete.gov.tr/eskiler/2009/05/20090505-13.htm
2009-05-06,— Millî Savunma Bakanlığı Akaryakıt İkmal ve NATO POL Tesisleri İşletme Başkanlığı Personeli Görevde Yükselme ve Unvan Değişikliği Yönetmeliğinde Değişiklik Yapılmasına Dair Yönetmelik,https://www.resmigazete.gov.tr/eskiler/2009/05/20090506-1.htm
2009-05-06,— Ulusal Süt Konseyi Kuruluş ve Çalışma Esasları Hakkında Yönetmelikte Değişiklik Yapılmasına Dair Yönetmelik,https://www.resmigazete.gov.tr/eskiler/2009/05/20090506-2.htm
2009-05-06,— Kültür ve Tabiat Varlıklarını Koruma Yüksek Kurulu ve Koruma Bölge Kurulları Çalışmaları ile Koruma Yüksek Kuruluna Yapılacak İtirazlara Dair Yönetmelikte Değişiklik Yapılmasına Dair Yönetmelik,https://www.resmigazete.gov.tr/eskiler/2009/05/20090506-3.htm
2009-05-06,— Orman Mühendisleri Odası Mesleki Deneyim Kazanma ve Meslek Mensupluğu Sınav Yönetmeliği,https://www.resmigazete.gov.tr/eskiler/2009/05/20090506-4.htm
2009-05-06,"— Celal Bayar Üniversitesi Tıp Fakültesi Eğitim, Öğretim ve Sınav Yönetmeliği",https://www.resmigazete.gov.tr/eskiler/2009/05/20090506-5.htm
2009-05-06,"Tıklayınız 6/5/2009 tarihli ve 27220 sayılı mükerrer Resmî Gazete'de; 2009/14970 sayılı ""Sporda Dopinge Karşı Uluslararası Sözleşme'ye Katılmamız Hakkında Karar"" yayımlanmıştır.",http://www.resmigazete.gov.tr/eskiler/2009/05/20090506M1.htm
2009-05-07,"— Cumhurbaşkanlığına, Türkiye Büyük Millet Meclisi Başkanı Vekili Nevzat PAKDİL, Daha Sonra İse Türkiye Büyük Millet Meclisi Başkanı Köksal TOPTAN’ın Vekâlet Etmesine Dair Tezkere",https://www.resmigazete.gov.tr/eskiler/2009/05/20090507-1.htm
2009-05-07,"— Devlet Bakanı Egemen BAĞIŞ’a, Devlet Bakanı Mehmet AYDIN’ın Vekalet Etmesine Dair Tezkerede Değişiklik Yapılması Hakkında Tezkere",https://www.resmigazete.gov.tr/eskiler/2009/05/20090507-2.htm
2009-05-07,"— Dışişleri Bakanlığına, Devlet Bakanı ve Başbakan Yardımcısı Ali BABACAN’ın Vekâlet Etmesine Dair Tezkere",https://www.resmigazete.gov.tr/eskiler/2009/05/20090507-3.htm
2009-05-07,"— Enerji ve Tabii Kaynaklar Bakanlığına, Ulaştırma Bakanı Binali YILDIRIM’ın Vekâlet Etmesine Dair Tezkere",https://www.resmigazete.gov.tr/eskiler/2009/05/20090507-4.htm
2009-05-07,— Yükseköğretim Kurumlarının Yurtdışındaki Kapsama Dahil Yükseköğretim Kurumlarıyla Ortak Eğitim ve Öğretim Programları Tesisi Hakkında Yönetmelikte Değişiklik Yapılmasına Dair Yönetmelik,https://www.resmigazete.gov.tr/eskiler/2009/05/20090507-5.htm
2009-05-07,— Yurtdışı Yükseköğretim Diplomaları Denklik Yönetmeliğinde Değişiklik Yapılmasına Dair Yönetmelik,https://www.resmigazete.gov.tr/eskiler/2009/05/20090507-6.htm
2009-05-07,"— Gazi Üniversitesi Türkçe Öğrenim, Araştırma ve Uygulama Merkezi Yönetmeliğinde (GÜ TÖMER) Değişiklik Yapılmasına Dair Yönetmelik",https://www.resmigazete.gov.tr/eskiler/2009/05/20090507-7.htm
2009-05-07,— Kırsal Kalkınma Yatırımlarının Desteklenmesi Programı Çerçevesinde Tarıma Dayalı Yatırımların Desteklenmesi Tebliğinde Değişiklik Yapılmasına Dair Tebliğ (No: 2009/38),https://www.resmigazete.gov.tr/eskiler/2009/05/20090507-8.htm
2009-05-07,— Yargıtay 2. ve 3. Hukuk Dairelerine Ait Kararlar,https://www.resmigazete.gov.tr/eskiler/2009/05/20090507-9.htm
2009-05-08,"— Dışişleri Bakanlığına, İçişleri Bakanı Beşir ATALAY’ın Vekâlet Etmesine Dair Tezkere",https://www.resmigazete.gov.tr/eskiler/2009/05/vekalet.htm
2009-05-08,— KEK Eşbaşkanlıkları ile İlgili 2009/8 Sayılı Başbakanlık Genelgesi,https://www.resmigazete.gov.tr/eskiler/2009/05/20090508-7.htm
2009-05-08,— Türkiye-Avrupa Birliği Katılım Öncesi Yardım Aracı (IPA) Çerçeve Anlaşması Genel Tebliği (Sıra No: 1),https://www.resmigazete.gov.tr/eskiler/2009/05/20090508-1.htm
2009-05-08,"— Çiftçi Kayıt Sistemine Dahil Olan Çiftçilere Mazot, Kimyevi Gübre ve Toprak Analizi Destekleme Ödemesi Yapılmasına Dair Tebliğ (No: 2009/41)",https://www.resmigazete.gov.tr/eskiler/2009/05/20090508-2.htm
2009-05-08,— Gümrük Genel Tebliği (Gümrük İşlemleri) (Seri No: 71),https://www.resmigazete.gov.tr/eskiler/2009/05/20090508-3.htm
2009-05-08,— Özelleştirme Yüksek Kurulunun 30/4/2009 Tarihli ve 2009/20 Sayılı Kararı,https://www.resmigazete.gov.tr/eskiler/2009/05/20090508-4.htm
2009-05-08,— Özelleştirme Yüksek Kurulunun 30/4/2009 Tarihli ve 2009/21 Sayılı Kararı,https://www.resmigazete.gov.tr/eskiler/2009/05/20090508-5.htm
2009-05-08,— Özelleştirme Yüksek Kurulunun 30/4/2009 Tarihli ve 2009/22 Sayılı Kararı,https://www.resmigazete.gov.tr/eskiler/2009/05/20090508-6.htm
2009-05-09,"— Devlet Bakanı ve Başbakan Yardımcısı Bülent ARINÇ’a, Devlet Bakanı ve Başbakan Yardımcısı Cemil ÇİÇEK’in Vekâlet Etmesine Dair Tezkere",https://www.resmigazete.gov.tr/eskiler/2009/05/Vekalet-1.htm
2009-05-09,"— Dışişleri Bakanlığına, Devlet Bakanı Mehmet AYDIN’ın Vekâlet Etmesine Dair Tezkere",https://www.resmigazete.gov.tr/eskiler/2009/05/Vekalet-2.htm
2009-05-09,— Türkiye Şeker Fabrikaları Anonim Şirketi Genel Müdürlüğü Mal ve Hizmet Satış Yönetmeliği,https://www.resmigazete.gov.tr/eskiler/2009/05/20090509-1.htm
2009-05-09,— Özelleştirme Yüksek Kurulu’nun 30/4/2009 Tarihli ve 2009/26 Sayılı Kararı,https://www.resmigazete.gov.tr/eskiler/2009/05/20090509-2.htm
2009-05-10,— Kırıkkale Üniversitesi Kanser Araştırma ve Uygulama Merkezi Yönetmeliği,https://www.resmigazete.gov.tr/eskiler/2009/05/20090510-1.htm
2009-05-10,— Kırıkkale Üniversitesi Danışma-Rehberlik Uygulama ve Araştırma Merkezi Yönetmeliği,https://www.resmigazete.gov.tr/eskiler/2009/05/20090510-2.htm
2009-05-10,— 2009 Yılı Nisan Ayına Ait Dahilde İşleme İzin Belgelerinin (D1) Listesi,https://www.resmigazete.gov.tr/eskiler/2009/05/20090510-3.htm
2009-05-10,— 2009 Yılı Nisan Ayına Ait Yurt İçi Satış ve Teslim Belgelerinin (D3) Listesi,https://www.resmigazete.gov.tr/eskiler/2009/05/20090510-4.htm
2009-05-10,— 2009 Yılı Nisan Ayına Ait Hariçte İşleme İzin Belgelerinin (H) Listesi,https://www.resmigazete.gov.tr/eskiler/2009/05/20090510-5.htm
2009-05-10,"— 2009 Yılı Nisan Ayına Ait Vergi, Resim ve Harç İstisnası Belgelerinin (Y) Listesi",https://www.resmigazete.gov.tr/eskiler/2009/05/20090510-6.htm
2009-05-10,— Firma Talebine İstinaden İptal Edilen Dahilde İşleme İzin Belgeleri Listesi,https://www.resmigazete.gov.tr/eskiler/2009/05/20090510-7.htm
2009-05-10,— Re’sen Kapatılan Dahilde İşleme İzin Belgeleri Listesi,https://www.resmigazete.gov.tr/eskiler/2009/05/20090510-8.htm
2009-05-11,— Erciyes Üniversitesi Lisansüstü Eğitim ve Öğretim Yönetmeliğinde Değişiklik Yapılmasına Dair Yönetmelik,https://www.resmigazete.gov.tr/eskiler/2009/05/20090511-1.htm
2009-05-11,— İstanbul Arel Üniversitesi Yaz Öğretimi Yönetmeliği,https://www.resmigazete.gov.tr/eskiler/2009/05/20090511-2.htm
2009-05-11,Tıklayınız 11/5/2009 tarihli ve 27225 sayılı mükerrer Resmî Gazete'de; 29 Mart 2009 Pazar Günü Yapılan Mahalli İdareler Genel Seçimi Sonuçları ile İlgili 1850 sayılı Yüksek Seçim Kurulu Kararı yayımlanmıştır.,http://www.resmigazete.gov.tr/eskiler/2009/05/20090511M1.htm
2009-05-12,"— Başbakanlığa, Devlet Bakanı ve Başbakan Yardımcısı Cemil ÇİÇEK’in Vekâlet Etmesine Dair Tezkere",https://www.resmigazete.gov.tr/eskiler/2009/05/20090512-1.htm
2009-05-12,"— Devlet Bakanı Mehmet Zafer ÇAĞLAYAN’a, Devlet Bakanı Mehmet AYDIN’ın Vekâlet Etmesine Dair Tezkere",https://www.resmigazete.gov.tr/eskiler/2009/05/20090512-2.htm
2009-05-12,"— Devlet Bakanı Egemen BAĞIŞ’a, Maliye Bakanı Mehmet ŞİMŞEK’in Vekâlet Etmesine Dair Tezkere",https://www.resmigazete.gov.tr/eskiler/2009/05/20090512-3.htm
2009-05-12,"— Dışişleri Bakanlığına, İçişleri Bakanı Beşir ATALAY’ın Vekâlet Etmesine Dair Tezkere",https://www.resmigazete.gov.tr/eskiler/2009/05/20090512-4.htm
2009-05-12,"— Enerji ve Tabii Kaynaklar Bakanlığına, Devlet Bakanı Faruk Nafız ÖZAK’ın Vekâlet Etmesine Dair Tezkere",https://www.resmigazete.gov.tr/eskiler/2009/05/20090512-5.htm
2009-05-12,"— Kültür ve Turizm Bakanlığına, Milli Eğitim Bakanı Nimet ÇUBUKÇU’nun Vekâlet Etmesine Dair Tezkere",https://www.resmigazete.gov.tr/eskiler/2009/05/20090512-6.htm
2009-05-12,— Petrol Piyasası Bilgi Sistemi Yönetmeliğinde Değişiklik Yapılmasına Dair Yönetmelik,https://www.resmigazete.gov.tr/eskiler/2009/05/20090512-7.htm
2009-05-12,— İstanbul Arel Üniversitesi Önlisans ve Lisans Eğitim-Öğretim ve Sınav Yönetmeliği,https://www.resmigazete.gov.tr/eskiler/2009/05/20090512-8.htm
2009-05-12,— Kocaeli Üniversitesi Lisansüstü Eğitim ve Öğretim Yönetmeliğinde Değişiklik Yapılmasına Dair Yönetmelik,https://www.resmigazete.gov.tr/eskiler/2009/05/20090512-9.htm
2009-05-13,2009/14979 Birleşmiş Milletler İklim Değişikliği Çerçeve Sözleşmesine Yönelik Kyoto Protokolü’ne Katılmamız Hakkında Karar,https://www.resmigazete.gov.tr/eskiler/2009/05/20090513-1.htm
2009-05-13,"— Devlet Bakanı Selma Aliye KAVAF’a, Devlet Bakanı Hayati YAZICI’nın Vekâlet Etmesine Dair Tezkere",https://www.resmigazete.gov.tr/eskiler/2009/05/20090513-2.htm
2009-05-13,"— Ulaştırma Bakanlığına, Adalet Bakanı Sadullah ERGİN’in Vekâlet Etmesine Dair Tezkere",https://www.resmigazete.gov.tr/eskiler/2009/05/20090513-3.htm
2009-05-13,— Türk Mühendis ve Mimar Odaları Birliği Makina Mühendisleri Odası Personel Yönetmeliğinde Değişiklik Yapılmasına Dair Yönetmelik,https://www.resmigazete.gov.tr/eskiler/2009/05/20090513-4.htm
2009-05-13,— Ahi Evran Üniversitesi Önlisans ve Lisans Eğitim-Öğretim ve Sınav Yönetmeliğinde Değişiklik Yapılmasına Dair Yönetmelik,https://www.resmigazete.gov.tr/eskiler/2009/05/20090513-5.htm
2009-05-13,— Mimar Sinan Güzel Sanatlar Üniversitesi Ön Lisans ve Lisans Öğretim Yönetmeliğinde Değişiklik Yapılmasına Dair Yönetmelik,https://www.resmigazete.gov.tr/eskiler/2009/05/20090513-6.htm
2009-05-13,— Mimar Sinan Güzel Sanatlar Üniversitesi Şehircilik Uygulama ve Araştırma Merkezi Yönetmeliği,https://www.resmigazete.gov.tr/eskiler/2009/05/20090513-7.htm
2009-05-13,— Türk Gıda Kodeksi Renklendiriciler ve Tatlandırıcılar Dışındaki Gıda Katkı Maddelerinin Saflık Kriterleri Tebliğinde Değişiklik Yapılması Hakkında Tebliğ (No: 2009/39),https://www.resmigazete.gov.tr/eskiler/2009/05/20090513-8.htm
2009-05-13,— İşkolu Tespit Kararı (No: 2009/20),https://www.resmigazete.gov.tr/eskiler/2009/05/20090513-9.htm
2009-05-13,— İşkolu Tespit Kararı (No: 2009/21),https://www.resmigazete.gov.tr/eskiler/2009/05/20090513-10.htm
2009-05-13,— İthalatta Gözetim Uygulanmasına İlişkin Tebliğ (No: 2009/7),https://www.resmigazete.gov.tr/eskiler/2009/05/20090513-11.htm
2009-05-13,— Uluslararası Gözetim Şirketi Statüsüne İlişkin Dış Ticarette Standardizasyon Tebliği’nde Değişiklik Yapılmasına Dair Tebliğ (No: 2009/34),https://www.resmigazete.gov.tr/eskiler/2009/05/20090513-12.htm
2009-05-13,— Finansal Araçlar: Açıklamalara İlişkin Türkiye Finansal Raporlama Standardı (TFRS 7) Hakkında Tebliğde Değişiklik Yapılmasına İlişkin Tebliğ (Sıra No: 149),https://www.resmigazete.gov.tr/eskiler/2009/05/20090513-13.htm
2009-05-13,— Finansal Araçlar: Muhasebeleştirme ve Ölçmeye İlişkin Türkiye Muhasebe Standardı (TMS 39) Hakkında Tebliğde Değişiklik Yapılmasına İlişkin Tebliğ (Sıra No: 150),https://www.resmigazete.gov.tr/eskiler/2009/05/20090513-14.htm
2009-05-13,— Türkiye Finansal Raporlama Standartları Yorumları Hakkında Tebliğde Değişiklik Yapılmasına İlişkin Tebliğ (Sıra No: 151),https://www.resmigazete.gov.tr/eskiler/2009/05/20090513-15.htm
2009-05-13,— Sigorta Sözleşmelerine İlişkin Türkiye Finansal Raporlama Standardı (TFRS 4) Hakkında Tebliğde Değişiklik Yapılmasına İlişkin Tebliğ (Sıra No: 152),https://www.resmigazete.gov.tr/eskiler/2009/05/20090513-16.htm
2009-05-14,2009/14980 Türkiye Cumhuriyeti Hükümeti ile Suriye Arap Cumhuriyeti Hükümeti Arasında İmzalanan “Karayolları ve Köprüler ile İlgili İşbirliği Mutabakat Zaptı”nın Onaylanması Hakkında Karar,https://www.resmigazete.gov.tr/eskiler/2009/05/20090514-1.htm
2009-05-14,"2009/14981 Türkiye Cumhuriyeti Hükümeti, Mısır Arap Cumhuriyeti Hükümeti ve Suriye Arap Cumhuriyeti Hükümeti Arasında İmzalanan “Turizm Alanında İşbirliğine İlişkin Mutabakat Zaptı”nın Onaylanması Hakkında Karar",https://www.resmigazete.gov.tr/eskiler/2009/05/20090514-2.htm
2009-05-14,2009/14982 Türkiye Cumhuriyeti Hükümeti ile Suriye Arap Cumhuriyeti Hükümeti Arasında İmzalanan “Sağlık Alanında İşbirliğine Dair Anlaşma”nın Onaylanması Hakkında Karar,https://www.resmigazete.gov.tr/eskiler/2009/05/20090514-3.htm
2009-05-14,2009/14983 Türkiye Cumhuriyeti ve Suriye Arap Cumhuriyeti Arasında İmzalanan “2009-2011 Yıllarını Kapsayan Turizm İşbirliği Anlaşması Yedinci Yürütme Programı”nın Onaylanması Hakkında Karar,https://www.resmigazete.gov.tr/eskiler/2009/05/20090514-4.htm
2009-05-14,"— Devlet Bakanı ve Başbakan Yardımcısı Ali BABACAN’a, Çevre ve Orman Bakanı Veysel EROĞLU’nun Vekâlet Etmesine Dair Tezkere",https://www.resmigazete.gov.tr/eskiler/2009/05/20090514-5.htm
2009-05-14,"— İçişleri Bakanlığına, Milli Savunma Bakanı M.Vecdi GÖNÜL’ün Vekâlet Etmesine Dair Tezkere",https://www.resmigazete.gov.tr/eskiler/2009/05/20090514-6.htm
2009-05-14,— Subay ve Astsubay Atama Yönetmeliğinde Değişiklik Yapılmasına Dair Yönetmelik,https://www.resmigazete.gov.tr/eskiler/2009/05/20090514-7.htm
2009-05-14,— Tarım ve Köyişleri Bakanlığı Personeli Görevde Yükselme ve Unvan Değişikliği Yönetmeliğinde Değişiklik Yapılmasına Dair Yönetmelik,https://www.resmigazete.gov.tr/eskiler/2009/05/20090514-8.htm
2009-05-14,— Türk Mühendis ve Mimar Odaları Birliği Makina Mühendisleri Odası Serbest Müşavirlik ve Mühendislik Hizmetleri ve Asgari Ücret Yönetmeliğinde Değişiklik Yapılmasına Dair Yönetmelik,https://www.resmigazete.gov.tr/eskiler/2009/05/20090514-9.htm
2009-05-14,"— Kocaeli Üniversitesi Yabancı Dil Hazırlık, Yabancı Dil Destek ve Yabancı Dil Tamamlama Programları Yönetmeliğinde Değişiklik Yapılmasına Dair Yönetmelik",https://www.resmigazete.gov.tr/eskiler/2009/05/20090514-10.htm
2009-05-14,— Nevşehir Üniversitesi Yaz Okulu Yönetmeliğinde Değişiklik Yapılmasına Dair Yönetmelik,https://www.resmigazete.gov.tr/eskiler/2009/05/20090514-11.htm
2009-05-14,— 1 Kişinin 1. Sınıf Mülki İdare Amirliğine Yükseltilmesi Hakkında Karar,https://www.resmigazete.gov.tr/eskiler/2009/05/20090514-12.htm
2009-05-15,2009/14947 Rize Üniversitesi Rektörlüğüne Bağlı Olarak Turgut Kıran Denizcilik Yüksekokulu Kurulması Hakkında Karar,https://www.resmigazete.gov.tr/eskiler/2009/05/20090515-1.htm
2009-05-15,2009/14955 8/1/2002 Tarihli ve 4736 Sayılı Kanunun 1 inci Maddesinin Birinci Fıkrası Hükmünden Muaf Tutulacakların Tespitine Dair 28/1/2002 Tarihli ve 2002/3654 Sayılı Kararnamenin Eki Kararda Değişiklik Yapılmasına İlişkin Karar,https://www.resmigazete.gov.tr/eskiler/2009/05/20090515-2.htm
2009-05-15,2009/14956 Ankara-Sivas Hızlı Tren Projesi Kapsamında Bulunan Arazi ve Üzerinde Kalan Muhdesatların Türkiye Cumhuriyeti Devlet Demiryolları İşletmesi Genel Müdürlüğü Tarafından Acele Kamulaştırılması Hakkında Karar,https://www.resmigazete.gov.tr/eskiler/2009/05/20090515-3.htm
2009-05-15,2009/14957 Yıldız Teknik Üniversitesi Rektörlüğüne Bağlı Olarak Gemi İnşaatı ve Denizcilik Fakültesi Kurulması Hakkında Karar,https://www.resmigazete.gov.tr/eskiler/2009/05/20090515-4.htm
2009-05-15,"— Cumhurbaşkanlığına, Türkiye Büyük Millet Meclisi Başkanı Köksal TOPTAN’ın Vekâlet Etmesine Dair Tezkere",https://www.resmigazete.gov.tr/eskiler/2009/05/20090515-5.htm
2009-05-15,"— Devlet Bakanı Mehmet Zafer ÇAĞLAYAN’a, Devlet Bakanı Mehmet AYDIN’ın Vekâlet Etmesine Dair Tezkere",https://www.resmigazete.gov.tr/eskiler/2009/05/20090515-6.htm
2009-05-15,"— Dışişleri Bakanlığına, Devlet Bakanı Hayati YAZICI’nın Vekâlet Etmesine Dair Tezkere",https://www.resmigazete.gov.tr/eskiler/2009/05/20090515-7.htm
2009-05-15,"— Tarım ve Köyişleri Bakanlığına, Bayındırlık ve İskan Bakanı Mustafa DEMİR’in Vekâlet Etmesine Dair Tezkere",https://www.resmigazete.gov.tr/eskiler/2009/05/20090515-8.htm
2009-05-15,"— Kültür ve Turizm Bakanlığına, Maliye Bakanı Mehmet ŞİMŞEK’in Vekâlet Etmesine Dair Tezkere",https://www.resmigazete.gov.tr/eskiler/2009/05/20090515-9.htm
2009-05-15,— Hükümlü Mustafa VARLIK'ın Kalan Cezasının Kaldırılmasına Dair Karar (No: 2009/6),https://www.resmigazete.gov.tr/eskiler/2009/05/20090515-10.htm
2009-05-15,— Hükümlü Hasan Hüseyin SEVİM'in Kalan Cezasının Kaldırılmasına Dair Karar (No: 2009/7),https://www.resmigazete.gov.tr/eskiler/2009/05/20090515-11.htm
2009-05-15,— Hükümlü Murat YILMAZ'ın Kalan Cezasının Kaldırılmasına Dair Karar (No: 2009/8),https://www.resmigazete.gov.tr/eskiler/2009/05/20090515-12.htm
2009-05-15,— Başbakanlığa Ait Atama Kararı,https://www.resmigazete.gov.tr/eskiler/2009/05/20090515-13.htm
2009-05-15,— Tohumculuk Sektöründe Yetkilendirme ve Denetleme Yönetmeliği,https://www.resmigazete.gov.tr/eskiler/2009/05/20090515-14.htm
2009-05-15,— Hayvancılığın Desteklenmesi Hakkında Uygulama Esasları Tebliği (No: 2009/44),https://www.resmigazete.gov.tr/eskiler/2009/05/20090515-15.htm
2009-05-15,— Danıştay Üçüncü Dairesine Ait Kararlar,https://www.resmigazete.gov.tr/eskiler/2009/05/20090515-16.htm
2009-05-16,5893 Posta Kanununda Değişiklik Yapılmasına Dair Kanun,https://www.resmigazete.gov.tr/eskiler/2009/05/20090516-1.htm
2009-05-16,5894 Türkiye Futbol Federasyonu Kuruluş ve Görevleri Hakkında Kanun,https://www.resmigazete.gov.tr/eskiler/2009/05/20090516-2.htm
2009-05-16,5895 Türkiye Cumhuriyeti Hükümeti ile Türkmenistan Hükümeti Arasında Ekonomik İşbirliğine Dair Hükümetlerarası Türk-Türkmen Komisyonu Hakkında Anlaşmanın Onaylanmasının Uygun Bulunduğuna İlişkin Kanun,https://www.resmigazete.gov.tr/eskiler/2009/05/20090516-3.htm
2009-05-16,5896 Türkiye Cumhuriyeti Hükümeti ile Türkmenistan Hükümeti Arasında Ticari ve Ekonomik İşbirliğine Dair Anlaşmanın Onaylanmasının Uygun Bulunduğuna Dair Kanun,https://www.resmigazete.gov.tr/eskiler/2009/05/20090516-4.htm
2009-05-16,5897 Denizcilik Müsteşarlığının Kuruluş ve Görevleri Hakkında Kanun Hükmünde Kararname ile Bazı Kanunlarda Değişiklik Yapılmasına Dair Kanun,https://www.resmigazete.gov.tr/eskiler/2009/05/20090516-5.htm
2009-05-16,5898 Uçucu Maddelerin Zararlarından İnsan Sağlığının Korunmasına Dair Kanun,https://www.resmigazete.gov.tr/eskiler/2009/05/20090516-6.htm
2009-05-16,938 Sivas Milletvekili ve Büyük Birlik Partisi Genel Başkanı Muhsin Yazıcıoğlu ve 5 Kişinin Hayatını Kaybettiği Helikopter Kazası ve Kurtarma Çalışmalarının Tüm Yönleriyle Araştırılarak Benzer Durumların Yaşanmaması İçin Alınması Gereken Önlemlerin Belirlenmesi Amacıyla Kurulan Meclis Araştırması Komisyonuna Üye Seçimine İlişkin Karar,https://www.resmigazete.gov.tr/eskiler/2009/05/20090516-7.htm
2009-05-16,2008/14451 Sınır Ticaretinin Düzenlenmesine İlişkin Karar,https://www.resmigazete.gov.tr/eskiler/2009/05/20090516-8.htm
2009-05-16,2009/14951 Bazı Anlaşmaların Yürürlüğe Girdiği Tarihlerin Tespit Edilmesi Hakkında Karar,https://www.resmigazete.gov.tr/eskiler/2009/05/20090516-9.htm
2009-05-16,2009/14966 Türk Vatandaşlığı Kaybettirilen 5 Kişiye İlişkin Hükümlerin İptali Hakkında Karar,https://www.resmigazete.gov.tr/eskiler/2009/05/20090516-10.htm
2009-05-16,"2009/14973 Milli Savunma Bakanlığı Tarafından, 4734 Sayılı Kamu İhale Kanununun 3 üncü Maddesinin (b) Bendi Kapsamında Yapılacak İhalelere İlişkin Esasların Yürürlüğe Konulması Hakkında Karar",https://www.resmigazete.gov.tr/eskiler/2009/05/20090516-11.htm
2009-05-16,"— Başbakanlığa, Devlet Bakanı ve Başbakan Yardımcısı Cemil ÇİÇEK’in Vekâlet Etmesine Dair Tezkere",https://www.resmigazete.gov.tr/eskiler/2009/05/20090516-12.htm
2009-05-16,"— Ulaştırma Bakanlığına, Adalet Bakanı Sadullah ERGİN’in Vekâlet Etmesine Dair Tezkere",https://www.resmigazete.gov.tr/eskiler/2009/05/20090516-13.htm
2009-05-16,"— Enerji ve Tabii Kaynaklar Bakanlığına, Sanayi ve Ticaret Bakanı Nihat ERGÜN’ün Vekâlet Etmesine Dair Tezkere",https://www.resmigazete.gov.tr/eskiler/2009/05/20090516-14.htm
2009-05-16,— Başbakanlığa Ait Atama Kararı,https://www.resmigazete.gov.tr/eskiler/2009/05/20090516-15.htm
2009-05-16,2009/14954 Mal Memurlarının Kayyımlığı Hakkında Yönetmelik,https://www.resmigazete.gov.tr/eskiler/2009/05/20090516-16.htm
2009-05-16,— Hammadde ve Şeker Fiyatları Yönetmeliğinde Değişiklik Yapılmasına Dair Yönetmelik,https://www.resmigazete.gov.tr/eskiler/2009/05/20090516-17.htm
2009-05-16,— Şeker Depolama Kesintisi ve Prim Ödemeleri Yönetmeliğinde Değişiklik Yapılmasına Dair Yönetmelik,https://www.resmigazete.gov.tr/eskiler/2009/05/20090516-18.htm
2009-05-16,— Elektronik Haberleşme Cihazlarına Güvenlik Sertifikası Düzenlenmesine İlişkin Yönetmelik,https://www.resmigazete.gov.tr/eskiler/2009/05/20090516-19.htm
2009-05-16,— Kısa Mesaj Hizmetlerinde Türkçe Karakter Kullanımına Dair Yönetmelik,https://www.resmigazete.gov.tr/eskiler/2009/05/20090516-20.htm
2009-05-16,— Sıvılaştırılmış Doğal Gaz Depolama Tesisi Temel Kullanım Usul ve Esaslarının Belirlenmesine Dair Yönetmelik,https://www.resmigazete.gov.tr/eskiler/2009/05/20090516-21.htm
2009-05-16,— İşkolu Tespit Kararı (No: 2009/22),https://www.resmigazete.gov.tr/eskiler/2009/05/20090516-22.htm
2009-05-17,"— Milli Savunma Bakanlığına, İçişleri Bakanı Beşir ATALAY’ın Vekâlet Etmesine Dair Tezkere",https://www.resmigazete.gov.tr/eskiler/2009/05/20090517-1.htm
2009-05-17,"— Sanayi ve Ticaret Uzmanı ve Uzman Yardımcılarının Sınav, Atama, Çalışma Usul ve Esasları Hakkında Yönetmelikte Değişiklik Yapılmasına Dair Yönetmelik",https://www.resmigazete.gov.tr/eskiler/2009/05/20090517-2.htm
2009-05-17,— Rüzgâr Enerjisine Dayalı Lisans Başvurularının Teknik Değerlendirilmesi Hakkında Yönetmelikte Değişiklik Yapılmasına Dair Yönetmelik,https://www.resmigazete.gov.tr/eskiler/2009/05/20090517-3.htm
2009-05-17,— Esnaf ve Sanatkârların Ödeyecekleri Kayıt Ücreti ve Yıllık Aidat Hakkında Yönetmelikte Değişiklik Yapılmasına Dair Yönetmelik,https://www.resmigazete.gov.tr/eskiler/2009/05/20090517-4.htm
2009-05-17,— Çevre ve Orman Bakanlığı Döner Sermayeli İşletmeler Yönetmeliği,https://www.resmigazete.gov.tr/eskiler/2009/05/20090517-5.htm
2009-05-18,"— Devlet Bakanı Faruk ÇELİK’e, Devlet Bakanı ve Başbakan Yardımcısı Bülent ARINÇ’ın Vekâlet Etmesine Dair Tezkere",https://www.resmigazete.gov.tr/eskiler/2009/05/20090518-1.htm
2009-05-18,"— Sağlık Bakanlığına, Çalışma ve Sosyal Güvenlik Bakanı Ömer DİNÇER’in Vekâlet Etmesine Dair Tezkere",https://www.resmigazete.gov.tr/eskiler/2009/05/20090518-2.htm
2009-05-18,"— Düzce Üniversitesi Arıcılık Araştırma, Geliştirme ve Uygulama Merkezi Yönetmeliği",https://www.resmigazete.gov.tr/eskiler/2009/05/20090518-3.htm
2009-05-18,— Ege Üniversitesi Öğretim Üyesi Yetiştirme Programı Yönetmeliğinde Değişiklik Yapılmasına Dair Yönetmelik,https://www.resmigazete.gov.tr/eskiler/2009/05/20090518-4.htm
2009-05-18,— Erciyes Üniversitesi Çocuk İhmali ve İstismarını Engelleme Uygulama ve Araştırma Merkezi Yönetmeliği,https://www.resmigazete.gov.tr/eskiler/2009/05/20090518-5.htm
2009-05-18,— Kastamonu Üniversitesi Yaz Dönemi Eğitim-Öğretim Yönetmeliğinde Değişiklik Yapılmasına Dair Yönetmelik,https://www.resmigazete.gov.tr/eskiler/2009/05/20090518-6.htm
2009-05-20,"2009/14948 Türk-Arnavut Ekonomik, Ticari, Sanayi ve Teknik İşbirliği Karma Komisyonu Onuncu Dönem Protokolü’nün Onaylanması Hakkında Karar",https://www.resmigazete.gov.tr/eskiler/2009/05/20090520-1.htm
2009-05-20,"2009/14959 2009 Yılı Yatırım Programında 2008E030240 Proje Numarası ile Yer Alan “Ağrı Havaalanı Pistinin Genişletilmesi ve Müteferrik İşler” Projesi Kapsamında Taşınmazların Ulaştırma Bakanlığı (Demiryollar, Limanlar ve Hava Meydanları İnşaatı Genel Müdürlüğü) Tarafından Acele Kamulaştırılması Hakkında Karar",https://www.resmigazete.gov.tr/eskiler/2009/05/20090520-2.htm
2009-05-20,2009/14965 m-CPP (meta-chlorophenylpiperazin) İsimli Maddenin 2313 Sayılı Uyuşturucu Maddelerin Murakabesi Hakkında Kanun Hükümlerine Tabi Tutulması Hakkında Karar,https://www.resmigazete.gov.tr/eskiler/2009/05/20090520-3.htm
2009-05-20,"— Devlet Bakanı Hayati YAZICI’ya, Devlet Bakanı ve Başbakan Yardımcısı Cemil ÇİÇEK’in Vekâlet Etmesine Dair Tezkere",https://www.resmigazete.gov.tr/eskiler/2009/05/20090520-4.htm
2009-05-20,"— Devlet Bakanı Egemen BAĞIŞ’a, Devlet Bakanı Selma Aliye KAVAF’ın Vekâlet Etmesine Dair Tezkere",https://www.resmigazete.gov.tr/eskiler/2009/05/20090520-5.htm
2009-05-20,"— Enerji ve Tabii Kaynaklar Bakanlığına, Ulaştırma Bakanı Binali YILDIRIM’ın Vekâlet Etmesine Dair Tezkere",https://www.resmigazete.gov.tr/eskiler/2009/05/20090520-6.htm
2009-05-20,"— Adnan Menderes Üniversitesi Şehir Sağlığını Geliştirme, Araştırma ve Uygulama Merkezi Yönetmeliği",https://www.resmigazete.gov.tr/eskiler/2009/05/20090520-7.htm
2009-05-20,— Ankara Üniversitesi Astronomi ve Uzay Bilimleri Araştırma ve Uygulama Merkezi Yönetmeliğinde Değişiklik Yapılmasına Dair Yönetmelik,https://www.resmigazete.gov.tr/eskiler/2009/05/20090520-8.htm
2009-05-20,— İzmir Yüksek Teknoloji Enstitüsü Yabancı Diller Bölümü Hazırlık Sınıfı Yönetmeliği,https://www.resmigazete.gov.tr/eskiler/2009/05/20090520-9.htm
2009-05-20,"— Karabük Üniversitesi Sürekli Eğitim, Uygulama ve Araştırma Merkezi Yönetmeliği",https://www.resmigazete.gov.tr/eskiler/2009/05/20090520-10.htm
2009-05-20,— Bankacılık Düzenleme ve Denetleme Kurulunun 14/5/2009 Tarihli ve 3183 Sayılı Kararı,https://www.resmigazete.gov.tr/eskiler/2009/05/20090520-11.htm
2009-05-20,— Bilgi Teknolojileri ve İletişim Kurulunun 3/4/2009 Tarihli ve 2009/DK/214 Sayılı Kararı,https://www.resmigazete.gov.tr/eskiler/2009/05/20090520-12.htm
2009-05-20,— Yargıtay 13. Hukuk Dairesine Ait Karar,https://www.resmigazete.gov.tr/eskiler/2009/05/20090520-13.htm
2009-05-21,"— Dışişleri Bakanlığına, Devlet Bakanı ve Başbakan Yardımcısı Ali BABACAN’ın Vekâlet Etmesine Dair Tezkere",https://www.resmigazete.gov.tr/eskiler/2009/05/20090521-1.htm
2009-05-21,— Ankara Üniversitesi Beyin Araştırmaları ve Uygulama Merkezi Yönetmeliği,https://www.resmigazete.gov.tr/eskiler/2009/05/20090521-2.htm
2009-05-21,— Süleyman Demirel Üniversitesi Arkeoloji Uygulama ve Araştırma Merkezi Yönetmeliği,https://www.resmigazete.gov.tr/eskiler/2009/05/20090521-3.htm
2009-05-21,— Tarımsal Yayım ve Danışmanlık Hizmetlerine Destekleme Ödemesi Yapılmasına Dair Tebliğ (No: 2009/45),https://www.resmigazete.gov.tr/eskiler/2009/05/20090521-4.htm
2009-05-21,"— Kaydileştirilen Sermaye Piyasası Araçlarına İlişkin Kayıtların Tutulmasının Usul ve Esasları Hakkında Tebliğde Değişiklik Yapılmasına Dair Tebliğ (Seri: IV, No: 43)",https://www.resmigazete.gov.tr/eskiler/2009/05/20090521-5.htm
2009-05-22,2009/14984 Emniyet Genel Müdürlüğünün Merkez Teşkilatında 8 Adet Şube Müdürlüğü Kurulması Hakkında Karar,https://www.resmigazete.gov.tr/eskiler/2009/05/20090522-1.htm
2009-05-22,2009/15013 Bazı Anlaşmaların Yürürlüğe Girdiği Tarihlerin Tespit Edilmesi Hakkında Karar,https://www.resmigazete.gov.tr/eskiler/2009/05/20090522-2.htm
2009-05-22,"— Devlet Bakanı Faruk Nafız ÖZAK’a, Devlet Bakanı Selma Aliye KAVAF’ın Vekâlet Etmesine Dair Tezkere",https://www.resmigazete.gov.tr/eskiler/2009/05/20090522-3.htm
2009-05-22,— Kuluçkahane ve Damızlık Kanatlı İşletmeleri Yönetmeliğinde Değişiklik Yapılmasına Dair Yönetmelik,https://www.resmigazete.gov.tr/eskiler/2009/05/20090522-4.htm
2009-05-22,— Süleyman Demirel Üniversitesi Göller Bölgesi Su Kaynakları Araştırma ve Uygulama Merkezi Yönetmeliği,https://www.resmigazete.gov.tr/eskiler/2009/05/20090522-5.htm
2009-05-22,— Yargıtay 2. ve 13. Hukuk Dairelerine Ait Kararlar,https://www.resmigazete.gov.tr/eskiler/2009/05/20090522-6.htm
2009-05-23,"— Dışişleri Bakanlığına, İçişleri Bakanı Beşir ATALAY’ın Vekâlet Etmesine Dair Tezkere",https://www.resmigazete.gov.tr/eskiler/2009/05/20090523-1.htm
2009-05-23,"— Tarım ve Köyişleri Bakanlığına, Milli Eğitim Bakanı Nimet ÇUBUKÇU’nun Vekâlet Etmesine Dair Tezkere",https://www.resmigazete.gov.tr/eskiler/2009/05/20090523-2.htm
2009-05-23,— Karabük Üniversitesi Hazırlık Eğitimi Yönetmeliğinin Yürürlükten Kaldırılmasına Dair Yönetmelik,https://www.resmigazete.gov.tr/eskiler/2009/05/20090523-3.htm
2009-05-24,"— Enerji ve Tabii Kaynaklar Bakanlığına, Çalışma ve Sosyal Güvenlik Bakanı Ömer DİNÇER'in Vekâlet Etmesine Dair Tezkere",https://www.resmigazete.gov.tr/eskiler/2009/05/20090524-1.htm
2009-05-24,Millî Eğitim Bakanlığı İlköğretim Müfettişleri Başkanlıkları Yönetmeliğinde Değişiklik Yapılmasına Dair Yönetmelik,https://www.resmigazete.gov.tr/eskiler/2009/05/20090524-2.htm
2009-05-24,— İnönü Üniversitesi Üstün Yetenekliler Eğitim Araştırma ve Uygulama Merkezi Yönetmeliği,https://www.resmigazete.gov.tr/eskiler/2009/05/20090524-3.htm
2009-05-25,— Devlet Bakanı Mehmet Zafer ÇAĞLAYAN'a Kültür ve Turizm Bakanı Ertuğrul GÜNAY'ın Vekâlet Etmesine Dair Tezkere,https://www.resmigazete.gov.tr/eskiler/2009/05/20090525-1.htm
2009-05-25,"— Ulaştırma Bakanlığına, Çevre ve Orman Bakanı Veysel EROĞLU'nun Vekâlet Etmesine Dair Tezkere",https://www.resmigazete.gov.tr/eskiler/2009/05/20090525-2.htm
2009-05-25,— Seyir Yardımcıları Yönetmeliği,https://www.resmigazete.gov.tr/eskiler/2009/05/20090525-3.htm
2009-05-25,Orman Genel Müdürlüğü Teknik Personelinin Atama ve Yer Değiştirme Yönetmeliğinin Yürürlükten Kaldırılmasına Dair Yönetmelik,https://www.resmigazete.gov.tr/eskiler/2009/05/20090525-4.htm
2009-05-25,— Atatürk Üniversitesi Yaz Okulu Yönetmeliğinde Değişiklik Yapılmasına Dair Yönetmelik,https://www.resmigazete.gov.tr/eskiler/2009/05/20090525-5.htm
2009-05-25,Türkiye Atletizm Federasyonu Ana Statüsünde Değişiklik Yapılmasına Dair Ana Statü,https://www.resmigazete.gov.tr/eskiler/2009/05/20090525-6.htm
2009-05-25,Türkiye Hentbol Federasyonu Ana Statüsünde Değişiklik Yapılmasına Dair Ana Statü,https://www.resmigazete.gov.tr/eskiler/2009/05/20090525-7.htm
2009-05-26,5899 Türkiye Cumhuriyeti Hükümeti ile Suriye Arap Cumhuriyeti Hükümeti Arasında Süleymaniye Külliyesinin Korunması Hakkında İşbirliği Protokolünün Onaylanmasının Uygun Bulunduğuna Dair Kanun,https://www.resmigazete.gov.tr/eskiler/2009/05/Kanun.htm
2009-05-26,"2009/14989 2009 Yılı Yatırım Programında 2007E010140 Proje Numarasıyla Yer Alan ""Halkalı-Kapıkule Yeni Demiryolu İnşaatı"" Projesi Kapsamında, Bazı Taşınmazların Ulaştırma Bakanlığı (Demiryollar, Limanlar ve Hava Meydanları İnşaatı Genel Müdürlüğü) Tarafından Acele Kamulaştırılması Hakkında Karar",https://www.resmigazete.gov.tr/eskiler/2009/05/2009-14989.htm
2009-05-26,2009/15001 Kullanım Hakkı Ücretlerine İlişkin Asgari Değerlerin Belirlenmesi Hakkındaki Kararın Yürürlüğe Konulması Hakkında Karar,https://www.resmigazete.gov.tr/eskiler/2009/05/2009-15001.htm
2009-05-26,2009/15002 Elektronik Haberleşme Hizmetlerinin Yürütülmesi ile İlgili Olarak Türk Boğazlarında Kurulacak Olan Alt Yapıya İlişkin Geçiş Hakkı İzin ve Uygulamaları Hakkındaki Karar’ın Yürürlüğe Konulması Hakkında Karar,https://www.resmigazete.gov.tr/eskiler/2009/05/2009-15002.htm
2009-05-26,"2009/15020 Büyükşehir Belediyeleri, Belediyeler ve Bunların Bağlı Kuruluşlarına Genel Bütçe Vergi Gelirleri Tahsilat Toplamı Üzerinden Ayrılacak Paylardan Yapılacak Kesintiler Hakkındaki Bazı Kararnamelerde Değişiklik Yapılmasına İlişkin Kararın Yürürlüğe Konulması Hakkında Karar",https://www.resmigazete.gov.tr/eskiler/2009/05/2009-15020.htm
2009-05-26,"— Cumhurbaşkanlığına, Türkiye Büyük Millet Meclisi Başkanı Köksal TOPTAN’ın Vekâlet Etmesine Dair Tezkere",https://www.resmigazete.gov.tr/eskiler/2009/05/cum%20vekalet.htm
2009-05-26,"— Devlet Bakanı Faruk ÇELİK’e, Devlet Bakanı Faruk Nafiz ÖZAK’ın Vekâlet Etmesine Dair Tezkere",https://www.resmigazete.gov.tr/eskiler/2009/05/Bak%20vekalet-1.htm
2009-05-26,"— Sanayi ve Ticaret Bakanlığına, Bayındırlık ve İskan Bakanı Mustafa DEMİR’in Vekâlet Etmesine Dair Tezkere",https://www.resmigazete.gov.tr/eskiler/2009/05/Bak%20vekalet-2.htm
2009-05-26,"— Başbakanlık, Sağlık, Enerji ve Tabii Kaynaklar ile Çevre ve Orman Bakanlıklarına Ait Atama Kararları",https://www.resmigazete.gov.tr/eskiler/2009/05/Atama%20Kararları.htm
2009-05-26,— Sınır Tespitine Dair 4 Adet Karar,https://www.resmigazete.gov.tr/eskiler/2009/05/Sınır%20Tespit%20Kararları.htm
2009-05-26,2009/15018 Yurtdışında Sürekli Görevlendirilecek Personel Hakkında Yönetmelikte Değişiklik Yapılmasına Dair Yönetmelik,https://www.resmigazete.gov.tr/eskiler/2009/05/2009-15018%20YÖNET.htm
2009-05-26,— Hacettepe Üniversitesi Adli Bilişim Araştırma ve Uygulama Merkezi Yönetmeliği,https://www.resmigazete.gov.tr/eskiler/2009/05/20090526-1.htm
2009-05-26,"— Hacettepe Üniversitesi Trafik ve Yol Güvenliği Eğitim, Araştırma ve Uygulama Merkezi Yönetmeliği",https://www.resmigazete.gov.tr/eskiler/2009/05/20090526-2.htm
2009-05-26,— Mehmet Akif Ersoy Üniversitesi Teke Yöresi Halk Kültürü Uygulama ve Araştırma Merkezi Yönetmeliğinde Değişiklik Yapılmasına Dair Yönetmelik,https://www.resmigazete.gov.tr/eskiler/2009/05/20090526-3.htm
2009-05-26,— Mersin Üniversitesi Deniz Kaplumbağaları Uygulama ve Araştırma Merkezi Yönetmeliği,https://www.resmigazete.gov.tr/eskiler/2009/05/20090526-4.htm
2009-05-26,— Nevşehir Üniversitesi Sürekli Eğitim Uygulama ve Araştırma Merkezi Yönetmeliği,https://www.resmigazete.gov.tr/eskiler/2009/05/20090526-5.htm
2009-05-26,— Mali Suçları Araştırma Kurulu Genel Tebliği (Sıra No: 8),https://www.resmigazete.gov.tr/eskiler/2009/05/20090526-6.htm
2009-05-26,— İş Kolu Tespit Kararı (No. 2009/23),https://www.resmigazete.gov.tr/eskiler/2009/05/20090526-7.htm
2009-05-26,— İş Kolu Tespit Kararı (No. 2009/24),https://www.resmigazete.gov.tr/eskiler/2009/05/20090526-8.htm
2009-05-26,"— Özürlü, Eski Hükümlü ve Terör Mağdurlarının İstihdamı Hakkındaki Usul ve Esaslara İlişkin Tebliğin Yürürlükten Kaldırılmasına Dair Tebliğ",https://www.resmigazete.gov.tr/eskiler/2009/05/20090526-9.htm
2009-05-27,2009/14988 Bazı Mahalli İdare Birliklerinin Kurulmasına İzin Verilmesi Hakkında Karar,https://www.resmigazete.gov.tr/eskiler/2009/05/Bak.Kurulu.htm
2009-05-27,2009/14990 Yurt İçi Sertifikalı Tohum Kullanımı ve Sertifikalı Tohum Üretiminin Desteklenmesine Dair Karar,https://www.resmigazete.gov.tr/eskiler/2009/05/Bak.Kurulu-1.htm
2009-05-27,2009/14991 Bitkisel Üretim Faaliyetinde Sertifikalı Fidan/Fide Kullanımının Desteklenmesine Dair Karar,https://www.resmigazete.gov.tr/eskiler/2009/05/Bak.Kurulu-2.htm
2009-05-27,2009/14992 Bazı Yerleşim Alanlarının Uygulama Alanı Olarak Tespiti Hakkında Karar,https://www.resmigazete.gov.tr/eskiler/2009/05/Bak.Kurulu-3.htm
2009-05-27,2009/14999 8/1/2002 Tarihli ve 4736 Sayılı Kanunun 1 inci Maddesinin Birinci Fıkrası Hükmünden Muaf Tutulacakların Tespiti Hakkında Karar,https://www.resmigazete.gov.tr/eskiler/2009/05/Bak.Kurulu-4.htm
2009-05-27,"— Devlet Bakanı ve Başbakan Yardımcısı Bülent ARINÇ’a, Devlet Bakanı Mehmet AYDIN’ın Vekâlet Etmesine Dair Tezkere",https://www.resmigazete.gov.tr/eskiler/2009/05/Bak%20vekalet-1.htm
2009-05-27,"— Enerji ve Tabii Kaynaklar Bakanlığına, Sağlık Bakanı Recep AKDAĞ’ın Vekâlet Etmesine Dair Tezkere",https://www.resmigazete.gov.tr/eskiler/2009/05/Bak%20vekalet-2.htm
2009-05-27,— Hâkimler ve Savcılar Yüksek Kuruluna Ait Karar,https://www.resmigazete.gov.tr/eskiler/2009/05/Hakimler.htm
2009-05-27,— Türk Mühendis ve Mimar Odaları Birliği İnşaat Mühendisleri Odası Meslek İçi Eğitim Yönetmeliği,https://www.resmigazete.gov.tr/eskiler/2009/05/Türk%20Mühendis.htm
2009-05-27,— Gazi Üniversitesi Gazi Bankacılık ve Sigortacılık Araştırma Merkezi (GBSAM) Yönetmeliğinin Yürürlükten Kaldırılmasına Dair Yönetmelik,https://www.resmigazete.gov.tr/eskiler/2009/05/Gazi-1.htm
2009-05-27,— Gazi Üniversitesi İletişim Araştırmaları ve Uygulama Merkezi Yönetmeliğinin Yürürlükten Kaldırılmasına Dair Yönetmelik,https://www.resmigazete.gov.tr/eskiler/2009/05/Gazi-2.htm
2009-05-27,— İş Kolu Tespit Kararı (No: 2009/25),https://www.resmigazete.gov.tr/eskiler/2009/05/İşkolu.htm
2009-05-27,— Gümrük Genel Tebliğinde Değişiklik Yapılmasına Dair Tebliğ (Gümrük Antrepo Rejimi)(Seri No: 17),https://www.resmigazete.gov.tr/eskiler/2009/05/Gümrük.htm
2009-05-27,— Özelleştirme İdaresi Başkanlığının 25/5/2009 Tarihli ve ÖİB-K-10 Sayılı Kararı,https://www.resmigazete.gov.tr/eskiler/2009/05/Özelleştirme.htm
2009-05-28,2009/14996 Bazı Alanların Turizm Merkezi Olarak İlan Edilmesi ve Bazı Turizm Merkezleri Sınırlarının Değiştirilmesi Hakkında Karar,https://www.resmigazete.gov.tr/eskiler/2009/05/20090528-1.htm
2009-05-28,— Gümrük Yönetmeliğinde Değişiklik Yapılmasına Dair Yönetmelik,https://www.resmigazete.gov.tr/eskiler/2009/05/20090528-2.htm
2009-05-28,— Başarılı Sporculara Aylık Bağlanması ve Devlet Sporcusu Unvanı Verilmesi Hakkında Yönetmelik,https://www.resmigazete.gov.tr/eskiler/2009/05/20090528-3.htm
2009-05-28,— Elektronik Haberleşme Sektörüne İlişkin Yetkilendirme Yönetmeliği,https://www.resmigazete.gov.tr/eskiler/2009/05/20090528-4.htm
2009-05-28,— İşletmecilere Ait Ticari Sırların Korunması ile Kamuoyuna Açıklanabilecek Bilgilerin Yayımlanmasına İlişkin Usul ve Esaslar Hakkında Yönetmelik,https://www.resmigazete.gov.tr/eskiler/2009/05/20090528-5.htm
2009-05-28,— İzmir Ekonomi Üniversitesi Öğrenci Kayıt-Kabul İşleri Yönetmeliğinde Değişiklik Yapılmasına Dair Yönetmelik,https://www.resmigazete.gov.tr/eskiler/2009/05/20090528-6.htm
2009-05-28,— İzmir Ekonomi Üniversitesi Meslek Yüksekokulu Eğitim-Öğretim Süresiyle Sınav ve Değerlendirme Esaslarına İlişkin Yönetmelikte Değişiklik Yapılmasına Dair Yönetmelik,https://www.resmigazete.gov.tr/eskiler/2009/05/20090528-7.htm
2009-05-28,— Türkiye Kürek Federasyonu Ana Statüsünde Değişiklik Yapılmasına Dair Ana Statü,https://www.resmigazete.gov.tr/eskiler/2009/05/20090528-8.htm
2009-05-29,— İçişleri Bakanlığı Mahalli İdareler Kontrolörleri Yönetmeliğinde Değişiklik Yapılmasına Dair Yönetmelik,https://www.resmigazete.gov.tr/eskiler/2009/05/20090529-1.htm
2009-05-29,— Gazi Üniversitesi Sosyal Bilimler Enstitüsü Lisansüstü Eğitim-Öğretim ve Sınav Yönetmeliği,https://www.resmigazete.gov.tr/eskiler/2009/05/20090529-2.htm
2009-05-30,939 Radyo ve Televizyon Üst Kurulu Üyelikleri İçin Yapılan Seçime Dair Karar,https://www.resmigazete.gov.tr/eskiler/2009/05/20090530-1.htm
2009-05-30,"— Millli Savunma Bakanlığına, Kültür ve Turizm Bakanı Ertuğrul GÜNAY’ın Vekalet Etmesine Dair Tezkere",https://www.resmigazete.gov.tr/eskiler/2009/05/20090530-2.htm
2009-05-30,— H,https://www.resmigazete.gov.tr/eskiler/2009/05/20090530-3.htm
2009-05-30,— Gümrük Müsteşarlığı Personeli Görevde Yükselme ve Unvan Değişikliği Yönetmeliği,https://www.resmigazete.gov.tr/eskiler/2009/05/20090530-4.htm
2009-05-30,— Gümrük Yönetmeliğinde Değişiklik Yapılmasına Dair Yönetmelik,https://www.resmigazete.gov.tr/eskiler/2009/05/20090530-5.htm
2009-05-30,— Millî Eğitim Bakanlığı Öğretmenlerinin Atama ve Yer Değiştirme Yönetmeliğinde Değişiklik Yapılmasına Dair Yönetmelik,https://www.resmigazete.gov.tr/eskiler/2009/05/20090530-6.htm
2009-05-30,— Beşeri Tıbbi Ürünler Ambalaj ve Etiketleme Yönetmeliğinde Değişiklik Yapılmasına Dair Yönetmelik,https://www.resmigazete.gov.tr/eskiler/2009/05/20090530-7.htm
2009-05-30,— Su Ürünleri Yetiştiriciliği Yönetmeliğinde Değişiklik Yapılmasına Dair Yönetmelik,https://www.resmigazete.gov.tr/eskiler/2009/05/20090530-8.htm
2009-05-30,— Gümrük Genel Tebliği (Hariçte İşleme-Geçici İhracat) (Seri No: 1),https://www.resmigazete.gov.tr/eskiler/2009/05/20090530-9.htm
2009-05-30,"— Sermaye Piyasasında Faaliyette Bulunanlar İçin Lisanslama ve Sicil Tutmaya İlişkin Esaslar Hakkında Tebliğde Değişiklik Yapılmasına Dair Tebliğ (Seri: VIII, No: 59)",https://www.resmigazete.gov.tr/eskiler/2009/05/20090530-10.htm
2009-05-30,"— Sermaye Piyasası Mevzuatı Çerçevesinde Gayrimenkul Değerleme Hizmeti Verecek Şirketler ile Bu Şirketlerin Kurulca Listeye Alınmalarına İlişkin Esaslar Hakkında Tebliğde Değişiklik Yapılmasına Dair Tebliğ (Seri: VIII, No: 60)",https://www.resmigazete.gov.tr/eskiler/2009/05/20090530-11.htm
2009-05-30,"— Bilgi, Belge ve Açıklamaların Elektronik Ortamda İmzalanarak Kamuyu Aydınlatma Platformuna Gönderilmesine İlişkin Esaslar Hakkında Tebliğ (Seri: VIII, No: 61)",https://www.resmigazete.gov.tr/eskiler/2009/05/20090530-12.htm
2009-05-30,"— Anayasa Mahkemesinin E: 2003/60, K: 2008/97 sayılı Kararı (14/7/1965 tarihli ve 657 sayılı Kanunda Değişiklik Yapan 1/5/2003 tarihli ve 4856 sayılı Kanun ile İlgili)",https://www.resmigazete.gov.tr/eskiler/2009/05/20090530-13.htm
2009-05-30,"— Anayasa Mahkemesinin E: 2005/165, K: 2009/4 sayılı Kararı (9/6/1932 tarihli ve 2004 sayılı Kanunda Değişiklik Yapan 29/6/1956 tarihli ve 6762 sayılı Kanun ile İlgili)",https://www.resmigazete.gov.tr/eskiler/2009/05/20090530-14.htm
2009-05-30,"— Anayasa Mahkemesinin E: 2005/107, K: 2009/23 sayılı Kararı (26/9/2004 tarihli ve 5237 sayılı Kanun ile İlgili)",https://www.resmigazete.gov.tr/eskiler/2009/05/20090530-15.htm
2009-05-30,"— Anayasa Mahkemesinin E: 2008/92, K: 2009/45 sayılı Kararı (4/12/2003 tarihli ve 5015 sayılı Kanunda Değişiklik Yapan 3/7/2005 tarihli ve 5398 sayılı Kanun ile İlgili)",https://www.resmigazete.gov.tr/eskiler/2009/05/20090530-16.htm
2009-05-30,"— Anayasa Mahkemesinin E: 2009/16, K: 2009/46 sayılı Kararı (24/6/1995 tarihli ve 555 sayılı KHK ile İlgili)",https://www.resmigazete.gov.tr/eskiler/2009/05/20090530-17.htm
2009-05-30,"— Anayasa Mahkemesinin E: 2008/6 (Siyasi Parti Mali Denetimi), K: 2009/22 sayılı Kararı",https://www.resmigazete.gov.tr/eskiler/2009/05/20090530-18.htm
2009-05-30,"— Anayasa Mahkemesinin E: 2008/33 (Siyasi Parti Mali Denetimi), K: 2009/23 sayılı Kararı",https://www.resmigazete.gov.tr/eskiler/2009/05/20090530-19.htm
2009-05-30,"— Anayasa Mahkemesinin E: 2008/2 (Siyasi Parti Mali Denetimi), K: 2009/24 sayılı Kararı",https://www.resmigazete.gov.tr/eskiler/2009/05/20090530-20.htm
2009-05-30,"— Anayasa Mahkemesinin E: 2008/25 (Siyasi Parti Mali Denetimi), K: 2009/25 sayılı Kararı",https://www.resmigazete.gov.tr/eskiler/2009/05/20090530-21.htm
2009-05-30,"— Anayasa Mahkemesinin E: 2007/29 (Siyasi Parti Mali Denetimi), K: 2009/30 sayılı Kararı",https://www.resmigazete.gov.tr/eskiler/2009/05/20090530-22.htm
2009-05-30,"— Anayasa Mahkemesinin E: 2007/38 (Siyasi Parti Mali Denetimi), K: 2009/32 sayılı Kararı",https://www.resmigazete.gov.tr/eskiler/2009/05/20090530-23.htm
2009-05-30,"— Anayasa Mahkemesinin E: 2006/40 (Siyasi Parti Mali Denetimi), K: 2009/34 sayılı Kararı",https://www.resmigazete.gov.tr/eskiler/2009/05/20090530-24.htm
2009-05-30,"— Anayasa Mahkemesinin E: 2007/43 (Siyasi Parti Mali Denetimi), K: 2009/35 sayılı Kararı",https://www.resmigazete.gov.tr/eskiler/2009/05/20090530-25.htm
2009-05-30,"— Anayasa Mahkemesinin E: 1999/18 (Siyasi Parti Mali Denetimi), K: 2009/36 sayılı Kararı",https://www.resmigazete.gov.tr/eskiler/2009/05/20090530-26.htm
2009-05-30,"— Anayasa Mahkemesinin E: 2007/24 (Siyasi Parti Mali Denetimi), K: 2009/37 sayılı Kararı",https://www.resmigazete.gov.tr/eskiler/2009/05/20090530-27.htm
2009-05-30,(Çevre Kanununca Alınması Gereken İzin ve Lisanslar Hakkında Yönetmelik ile İlgili),https://www.resmigazete.gov.tr/eskiler/2009/05/20090530-28.htm
2009-05-31,"— Dışişleri Bakanlığına, Devlet Bakanı ve Başbakan Yardımcısı Ali BABACAN’ın Vek",https://www.resmigazete.gov.tr/eskiler/2009/05/20090531-1.htm
2009-05-31,— Belediye ve Bağlı Kuruluşları ile Mahalli İdare Birlikleri Norm Kadro İlke ve Standartlarına Dair Yönetmelikte Değişiklik Yapılmasına İlişkin Yönetmelik,https://www.resmigazete.gov.tr/eskiler/2009/05/20090531-2.htm
2009-05-31,— Milli Prodüktivite Merkezi Uzman Yardımcılığı ve Verimlilik Uzmanlığı Sınav Yönetmeliğinde Değişiklik Yapılmasına Dair Yönetmelik,https://www.resmigazete.gov.tr/eskiler/2009/05/20090531-3.htm
2009-05-31,— Milli Prodüktivite Merkezi Personel Yönetmeliğinde Değişiklik Yapılmasına Dair Yönetmelik,https://www.resmigazete.gov.tr/eskiler/2009/05/20090531-4.htm
2009-05-31,— Milli Prodüktivite Merkezi Organlar Yönetmeliğinde Değişiklik Yapılmasına Dair Yönetmelik,https://www.resmigazete.gov.tr/eskiler/2009/05/20090531-5.htm
2009-05-31,— İstanbul Kültür Üniversitesi Önlisans ve Lisans Eğitim-Öğretim ve Sınav Yönetmeliği,https://www.resmigazete.gov.tr/eskiler/2009/05/20090531-6.htm
2009-05-31,— Pamukkale Üniversitesi Sağlık Araştırma ve Uygulama Merkezi Yönetmeliğinde Değişiklik Yapılmasına Dair Yönetmelik,https://www.resmigazete.gov.tr/eskiler/2009/05/20090531-7.htm
2009-05-31,— Pamukkale Üniversitesi Ders Dışı Öğrenci Faaliyetlerinin Düzenlenmesi Hakkında Yönetmeliğin Yürürlükten Kaldırılmasına Dair Yönetmelik,https://www.resmigazete.gov.tr/eskiler/2009/05/20090531-8.htm
2009-05-31,— Bir Kısım Motorlu Karayolu Taşıtlarının Piyasadan Çekilmesine İlişkin Tebliğde Değişiklik Yapılmasına Dair Tebliğ (No: 57),https://www.resmigazete.gov.tr/eskiler/2009/05/20090531-9.htm
2009-05-31,— Ağır ve Tehlikeli İşlerde Çalıştırılacak İşçilerin Mesleki Eğitimlerine Dair Tebliğ,https://www.resmigazete.gov.tr/eskiler/2009/05/20090531-10.htm
2009-05-31,— İthalatta Korunma Önlemlerine İlişkin Tebliğ (No: 2009/3),https://www.resmigazete.gov.tr/eskiler/2009/05/20090531-11.htm
2009-05-31,— İthalatta Korunma Önlemlerine İlişkin Tebliğ (No: 2009/4),https://www.resmigazete.gov.tr/eskiler/2009/05/20090531-12.htm
2009-06-01,"— İstanbul Bilgi Üniversitesi Çift Anadal, Yan Dal ve Üstün Başarı Programları Yönetmeliğinde Değişiklik Yapılmasına Dair Yönetmelik",https://www.resmigazete.gov.tr/eskiler/2009/06/20090601-1.htm
2009-06-01,— İstanbul Bilgi Üniversitesi Kredili Sistem Lisans ve Önlisans Öğretim ve Sınav Yönetmeliğinde Değişiklik Yapılmasına Dair Yönetmelik,https://www.resmigazete.gov.tr/eskiler/2009/06/20090601-2.htm
2009-06-01,— İstanbul Bilgi Üniversitesi Lisansüstü Eğitim ve Öğretim Yönetmeliğinde Değişiklik Yapılmasına Dair Yönetmelik,https://www.resmigazete.gov.tr/eskiler/2009/06/20090601-3.htm
2009-06-01,— TOBB Ekonomi ve Teknoloji Üniversitesi Lisansüstü Eğitim-Öğretim ve Sınav Yönetmeliğinde Değişiklik Yapılmasına Dair Yönetmelik,https://www.resmigazete.gov.tr/eskiler/2009/06/20090601-4.htm
2009-06-01,— Uşak Üniversitesi Lisansüstü Eğitim-Öğretim ve Sınav Yönetmeliği,https://www.resmigazete.gov.tr/eskiler/2009/06/20090601-5.htm
2009-06-01,— 2009 Yılı Nisan Ayına Ait Yatırım Teşvik Belgeleri Listesi,https://www.resmigazete.gov.tr/eskiler/2009/06/20090601-6.xls
2009-06-01,— 2009 Yılı Nisan Ayında Yabancı Sermayeli Firmaların Yatırımları İçin Verilen Yatırım Teşvik Belgeleri Listesi,https://www.resmigazete.gov.tr/eskiler/2009/06/20090601-7.xls
2009-06-01,— 2009-2010 Av Dönemi Merkez Av Komisyonu Kararı (No: 8),https://www.resmigazete.gov.tr/eskiler/2009/06/20090601-8.htm
2009-06-02,"— Devlet Bakanı Hayati YAZICI’ya, Devlet Bakanı ve Başbakan Yardımcısı Cemil ÇİÇEK’in Vekâlet Etmesine Dair Tezkerede Değişiklik Yapılması Hakkında Tezkere",https://www.resmigazete.gov.tr/eskiler/2009/06/20090602-1.htm
2009-06-02,— Akdeniz Üniversitesi Ön Lisans ve Lisans Eğitim-Öğretim ve Sınav Yönetmeliğinde Değişiklik Yapılmasına Dair Yönetmelik,https://www.resmigazete.gov.tr/eskiler/2009/06/20090602-2.htm
2009-06-02,— Dokuz Eylül Üniversitesi Batı Anadolu Seramiği Uygulama ve Araştırma Merkezi Yönetmeliği,https://www.resmigazete.gov.tr/eskiler/2009/06/20090602-3.htm
2009-06-02,"— Anayasa Mahkemesinin E: 2002/6 (Değişik İşler), K: 2008/6 Sayılı Kararı",https://www.resmigazete.gov.tr/eskiler/2009/06/20090602-4.htm
2009-06-02,"— Anayasa Mahkemesinin E: 2007/91, K: 2009/25 Sayılı Kararı (26/9/2004 Tarihli ve 5237 Sayılı Kanun ile İlgili)",https://www.resmigazete.gov.tr/eskiler/2009/06/20090602-5.htm
2009-06-02,"— Anayasa Mahkemesinin E: 2007/69, K: 2009/26 Sayılı Kararı (26/9/2004 Tarihli ve 5237 Sayılı Kanun ile İlgili)",https://www.resmigazete.gov.tr/eskiler/2009/06/20090602-6.htm
2009-06-02,"— Anayasa Mahkemesinin E: 2006/107, K: 2009/28 Sayılı Kararı (26/9/2004 Tarihli ve 5237 Sayılı Kanun ile İlgili)",https://www.resmigazete.gov.tr/eskiler/2009/06/20090602-7.htm
2009-06-02,"— Anayasa Mahkemesinin E: 2006/17, K: 2009/33 Sayılı Kararı (26/9/2004 Tarihli ve 5237 Sayılı Kanun ile İlgili)",https://www.resmigazete.gov.tr/eskiler/2009/06/20090602-8.htm
2009-06-02,"— Anayasa Mahkemesinin E: 2006/123, K: 2009/43 Sayılı Kararı (26/9/2004 Tarihli ve 5237 Sayılı Kanunda Değişiklik Yapan 29/6/2005 Tarihli ve 5377 Sayılı Kanun ile İlgili)",https://www.resmigazete.gov.tr/eskiler/2009/06/20090602-9.htm
2009-06-03,2009/15022 Kanuni veya İş Merkezi Kanada’da Olup Uluslararası Hava Yolu Taşımacılığı Yapan Dar Mükellef Kurumların Türkiye’de Elde Ettikleri Hava Taşımacılık Kazançlarının Vergilendirilme Esasları Hakkında Karar,https://www.resmigazete.gov.tr/eskiler/2009/06/20090603-6.htm
2009-06-03,"— Devlet Bakanı Mehmet AYDIN’a, Devlet Bakanı Faruk Nafiz ÖZAK’ın Vekâlet Etmesine Dair Tezkere",https://www.resmigazete.gov.tr/eskiler/2009/06/20090603-1.htm
2009-06-03,— Sivil Hava Ulaşımına Açık Havaalanlarında Yer Alan Gayrisıhhi İşyerleri İçin İşyeri Açma ve Çalışma Ruhsatlarına İlişkin Yönetmelikte (SYH-33A) Değişiklik Yapılmasına Dair Yönetmelik,https://www.resmigazete.gov.tr/eskiler/2009/06/20090603-2.htm
2009-06-03,— Türkiye Halk Oyunları Federasyonu Ana Statüsünde Değişiklik Yapılmasına Dair Ana Statü,https://www.resmigazete.gov.tr/eskiler/2009/06/20090603-3.htm
2009-06-03,— Türkiye Eskrim Federasyonu Ana Statüsünde Değişiklik Yapılmasına Dair Ana Statü,https://www.resmigazete.gov.tr/eskiler/2009/06/20090603-4.htm
2009-06-03,— Ticari Kalite Denetim Yeterlik Belgesi İptaline İlişkin Tebliğ (No: 2009/32),https://www.resmigazete.gov.tr/eskiler/2009/06/20090603-5.htm
2009-06-04,"— Devlet Bakanı ve Başbakan Yardımcısı Ali BABACAN’a, Maliye Bakanı Mehmet ŞİMŞEK’in Vekâlet Etmesine Dair Tezkere",https://www.resmigazete.gov.tr/eskiler/2009/06/20090604-1.htm
2009-06-04,"— Dışişleri Bakanlığına, İçişleri Bakanı Beşir ATALAY’ın Vekâlet Etmesine Dair Tezkere",https://www.resmigazete.gov.tr/eskiler/2009/06/20090604-2.htm
2009-06-04,— Tapu ve Kadastro Genel Müdürlüğü Personeli Yer Değiştirme Suretiyle Atanma Esaslarına Dair Yönetmelikte Değişiklik Yapılmasına Dair Yönetmelik,https://www.resmigazete.gov.tr/eskiler/2009/06/20090604-3.htm
2009-06-04,— Kamu İhale Kurumu İnsan Kaynakları Yönetmeliğinde Değişiklik Yapılmasına Dair Yönetmelik,https://www.resmigazete.gov.tr/eskiler/2009/06/20090604-4.htm
2009-06-04,— Cumhuriyet Üniversitesi Uzaktan Eğitim Merkezi Yönetmeliği,https://www.resmigazete.gov.tr/eskiler/2009/06/20090604-5.htm
2009-06-04,— Çankaya Üniversitesi Yaz Öğretimi Yönetmeliği,https://www.resmigazete.gov.tr/eskiler/2009/06/20090604-6.htm
2009-06-04,— Mustafa Kemal Üniversitesi Tarımsal Araştırma ve Uygulama Merkezi Yönetmeliği,https://www.resmigazete.gov.tr/eskiler/2009/06/20090604-7.htm
2009-06-04,— Uludağ Üniversitesi Önlisans ve Lisans Yaz Öğretimi Yönetmeliğinde Değişiklik Yapılmasına Dair Yönetmelik,https://www.resmigazete.gov.tr/eskiler/2009/06/20090604-8.htm
2009-06-04,— Yüzüncü Yıl Üniversitesi Sağlık Araştırma ve Uygulama Merkezi Yönetmeliği,https://www.resmigazete.gov.tr/eskiler/2009/06/20090604-9.htm
2009-06-04,— Tarımsal Üretime Yönelik Düşük Faizli Yatırım ve İşletme Kredisi Kullandırılmasına İlişkin Uygulama Esasları Tebliğinde Değişiklik Yapılmasına Dair Tebliğ (No: 2009/43),https://www.resmigazete.gov.tr/eskiler/2009/06/20090604-10.htm
2009-06-04,— İthalatta Korunma Önlemlerine İlişkin Tebliğ (No: 2009/6,https://www.resmigazete.gov.tr/eskiler/2009/06/20090604-11.htm
2009-06-04,"— Anayasa Mahkemesinin E: 2005/5 (Siyasi Parti Malî Denetimi), K: 2009/28 Sayılı Kararı",https://www.resmigazete.gov.tr/eskiler/2009/06/20090604-12.htm
2009-06-04,"— Anayasa Mahkemesinin E: 2006/3 (Siyasi Parti Malî Denetimi), K: 2009/29 Sayılı Kararı",https://www.resmigazete.gov.tr/eskiler/2009/06/20090604-13.htm
2009-06-04,"— Anayasa Mahkemesinin E: 2005/38 (Siyasi Parti Malî Denetimi), K: 2009/33 Sayılı Kararı",https://www.resmigazete.gov.tr/eskiler/2009/06/20090604-14.htm
2009-06-04,"— Anayasa Mahkemesinin E: 2001/18 (Siyasi Parti Malî Denetimi), K: 2009/38 Sayılı Kararı",https://www.resmigazete.gov.tr/eskiler/2009/06/20090604-15.htm
2009-06-04,"— Anayasa Mahkemesinin E: 2002/27 (Siyasi Parti Malî Denetimi), K: 2009/39 Sayılı Kararı",https://www.resmigazete.gov.tr/eskiler/2009/06/20090604-16.htm
2009-06-05,5900 Türkiye Cumhuriyeti Hükümeti ile Slovenya Cumhuriyeti Hükümeti Arasında Sağlık ve Tıp Alanında İşbirliğine Dair Anlaşmanın Onaylanmasının Uygun Bulunduğu Hakkında Kanun,https://www.resmigazete.gov.tr/eskiler/2009/06/20090605-1.htm
2009-06-05,"2009/15017 2008-2009 Pazarlama Yılında Nişasta Kökenli Şekerler İçin Şeker Kurulu Tarafından Ayrılan Kotanın, Sakaroz Kökenli Şekerler İçin Ayrılan Kotayla İlgilendirilmeksizin % 25 Oranında Artırılması Hakkında Karar",https://www.resmigazete.gov.tr/eskiler/2009/06/20090605-2.htm
2009-06-05,"— Başbakanlığa, Devlet Bakanı ve Başbakan Yardımcısı Bülent ARINÇ’ın Vekâlet Etmesine Dair Tezkere",https://www.resmigazete.gov.tr/eskiler/2009/06/20090605-3.htm
2009-06-05,"— Devlet Bakanı Egemen BAĞIŞ’a, Devlet Bakanı Faruk ÇELİK’in Vekâlet Etmesine Dair Tezkere",https://www.resmigazete.gov.tr/eskiler/2009/06/20090605-4.htm
2009-06-05,"— Tarım ve Köyişleri Bakanlığına, Millî Eğitim Bakanı Nimet ÇUBUKÇU’nun Vekâlet Etmesine Dair Tezkere",https://www.resmigazete.gov.tr/eskiler/2009/06/20090605-5.htm
2009-06-05,"— Maliye, Ulaştırma, Enerji ve Tabii Kaynaklar, Kültür ve Turizm ile Çevre ve Orman Bakanlıklarına Ait Atama Kararları",https://www.resmigazete.gov.tr/eskiler/2009/06/20090605-6.htm
2009-06-05,— Hâkimler ve Savcılar Yüksek Kuruluna Ait Karar,https://www.resmigazete.gov.tr/eskiler/2009/06/20090605-7.htm
2009-06-05,2009/15012 Resmî Gazete’nin Sureti Neşir ve Muamelatının Tarzı İcrasına Dair Yönetmelikte Değişiklik Yapılmasına Dair Yönetmelik,https://www.resmigazete.gov.tr/eskiler/2009/06/20090605-8.htm
2009-06-05,— Başbakan ve Bakanların Karşılanma ve Uğurlanmaları ile İlgili 2009/10 Sayılı Başbakanlık Genelgesi,https://www.resmigazete.gov.tr/eskiler/2009/06/20090605-9.htm
2009-06-05,— Gemilerden Atık Alınması ve Atıkların Kontrolü Yönetmeliği Çerçevesinde Uygulanacak Ücretler ve Esaslar Hakkında Tebliğ (No: 2009/3),https://www.resmigazete.gov.tr/eskiler/2009/06/20090605-10.htm
2009-06-05,— İthalatta Korunma Önlemlerine İlişkin Tebliğ (No: 2009/5),https://www.resmigazete.gov.tr/eskiler/2009/06/20090605-11.htm
2009-06-05,— Gümrük Vergisi Askıya Alınması ve Avrupa Birliği Tarafından Tarife Kontenjanı Açılması Planlanan Ürünlere İlişkin Tebliğ (İthalat: 2009/22),https://www.resmigazete.gov.tr/eskiler/2009/06/20090605-12.htm
2009-06-05,"— Anayasa Mahkemesinin E: 2005/40, K: 2009/17 Sayılı Kararı (24/5/1983 Tarihli ve 2829 Sayılı Kanun ile İlgili)",https://www.resmigazete.gov.tr/eskiler/2009/06/20090605-13.htm
2009-06-05,"— Anayasa Mahkemesinin E: 2007/96, K: 2009/34 Sayılı Kararı (26/9/2004 Tarihli ve 5237 Sayılı Kanun ile İlgili)",https://www.resmigazete.gov.tr/eskiler/2009/06/20090605-14.htm
2009-06-05,"— Anayasa Mahkemesinin E: 2006/154, K: 2009/35 Sayılı Kararı (26/9/2004 Tarihli ve 5237 Sayılı Kanun ile İlgili)",https://www.resmigazete.gov.tr/eskiler/2009/06/20090605-15.htm
2009-06-05,"— Anayasa Mahkemesinin E: 2007/46, K: 2009/36 Sayılı Kararı (26/9/2004 Tarihli ve 5237 Sayılı Kanun ile İlgili)",https://www.resmigazete.gov.tr/eskiler/2009/06/20090605-16.htm
2009-06-05,"— Anayasa Mahkemesinin E: 2007/22, K: 2009/37 Sayılı Kararı (26/9/2004 Tarihli ve 5237 Sayılı Kanun ile İlgili)",https://www.resmigazete.gov.tr/eskiler/2009/06/20090605-17.htm
2009-06-05,"— Anayasa Mahkemesinin E: 2007/85, K: 2009/42 Sayılı Kararı (26/9/2004 Tarihli ve 5237 Sayılı Kanun ile İlgili)",https://www.resmigazete.gov.tr/eskiler/2009/06/20090605-18.htm
2009-06-05,"— Anayasa Mahkemesinin E: 2008/3, K: 2009/44 Sayılı Kararı (30/4/1992 Tarihli ve 3797 Sayılı Kanunda Değişiklik Yapan 3/4/1998 Tarihli ve 4359 Sayılı Kanun ile İlgili)",https://www.resmigazete.gov.tr/eskiler/2009/06/20090605-19.htm
2009-06-05,"— Anayasa Mahkemesinin E: 2009/23, K: 2009/56 Sayılı Kararı (26/9/2004 Tarihli ve 5237 Sayılı Kanun ile İlgili)",https://www.resmigazete.gov.tr/eskiler/2009/06/20090605-20.htm
2009-06-05,— Yargıtay 2. Hukuk Dairesine Ait Karar,https://www.resmigazete.gov.tr/eskiler/2009/06/20090605-21.htm
2009-06-06,2009/15007 Bazı Alanlarda Arazi Toplulaştırması Yapılması Hakkında Karar,https://www.resmigazete.gov.tr/eskiler/2009/06/20090606-1.htm
2009-06-06,2009/15011 Bazı Yerleşim Alanlarının “Uygulama Alanı” Olarak Tespiti Hakkında Karar,https://www.resmigazete.gov.tr/eskiler/2009/06/20090606-2.htm
2009-06-06,2009/15014 Kibrit İthalatında Geçici Korunma Önlemi Uygulamasına İlişkin Karar,https://www.resmigazete.gov.tr/eskiler/2009/06/20090606-3.htm
2009-06-06,2009/15016 Erzurum İli Sınırları İçerisinde Bulunan Bazı Alanların “Erzurum Nene Hatun Tarihi Milli Parkı” Olarak Belirlenmesi Hakkında Karar,https://www.resmigazete.gov.tr/eskiler/2009/06/20090606-4.htm
2009-06-06,"— Tarım ve Köyişleri Bakanlığına, Millî Eğitim Bakanı Nimet ÇUBUKÇU’nun Vekalet Etmesine Dair Tezkerenin İptaline Dair Tezkere",https://www.resmigazete.gov.tr/eskiler/2009/06/20090606-5.htm
2009-06-06,"— Başbakanlık ile Devlet, Enerji ve Tabii Kaynaklar Bakanlıklarına Ait Atama Kararları",https://www.resmigazete.gov.tr/eskiler/2009/06/20090606-6.htm
2009-06-06,— Türkiye Büyük Millet Meclisinde Basın ve Yayın Mensuplarının Çalışmaları Hakkında Yönetmelik,https://www.resmigazete.gov.tr/eskiler/2009/06/20090606-7.htm
2009-06-06,— Sınır Ticaret Merkezlerinden Yapılacak İhracat ve İthalata İlişkin Yönetmeliğin Yürürlükten Kaldırılmasına Dair Yönetmelik,https://www.resmigazete.gov.tr/eskiler/2009/06/20090606-8.htm
2009-06-06,— Kent Konseyi Yönetmeliğinde Değişiklik Yapılmasına Dair Yönetmelik,https://www.resmigazete.gov.tr/eskiler/2009/06/20090606-9.htm
2009-06-06,— Cumhuriyet Üniversitesi Önlisans ve Lisans Eğitim-Öğretim ve Sınav Yönetmeliğinde Değişiklik Yapılmasına Dair Yönetmelik,https://www.resmigazete.gov.tr/eskiler/2009/06/20090606-10.htm
2009-06-06,— Süleyman Demirel Üniversitesi Sürekli Eğitim Araştırma ve Uygulama Merkezi Yönetmeliğinde Değişiklik Yapılmasına Dair Yönetmelik,https://www.resmigazete.gov.tr/eskiler/2009/06/20090606-11.htm
2009-06-06,— Ticari Kalite Denetim Yeterlik Belgesi Verilmesinde Uygulanacak Esaslara İlişkin Tebliğ (No: 2009/33),https://www.resmigazete.gov.tr/eskiler/2009/06/20090606-12.htm
2009-06-07,— İçişleri Bakanlığı Sicil Amirleri Yönetmeliğinde Değişiklik Yapılmasına Dair Yönetmelik,https://www.resmigazete.gov.tr/eskiler/2009/06/20090607-1.htm
2009-06-07,— İçişleri Bakanlığı Disiplin Amirleri Yönetmeliğinde Değişiklik Yapılmasına Dair Yönetmelik,https://www.resmigazete.gov.tr/eskiler/2009/06/20090607-2.htm
2009-06-07,— Türk Mühendis ve Mimar Odaları Birliği Makina Mühendisleri Odası Serbest Müşavirlik Mühendislik Büroları Tescil ve Mesleki Denetim Yönetmeliğinde Değişiklik Yapılmasına Dair Yönetmelik,https://www.resmigazete.gov.tr/eskiler/2009/06/20090607-3.htm
2009-06-07,— Erciyes Üniversitesi Tıp Fakültesi Eğitim-Öğretim ve Sınav Yönetmeliğinde Değişiklik Yapılmasına Dair Yönetmelik,https://www.resmigazete.gov.tr/eskiler/2009/06/20090607-4.htm
2009-06-07,— Gaziantep Üniversitesi Lisansüstü Eğitim-Öğretim ve Sınav Yönetmeliğinde Değişiklik Yapılmasına Dair Yönetmelik,https://www.resmigazete.gov.tr/eskiler/2009/06/20090607-5.htm
2009-06-07,— İşkolu Tespit Kararı (No: 2009/26),https://www.resmigazete.gov.tr/eskiler/2009/06/20090607-6.htm
2009-06-08,— Ankara Üniversitesi Ankara Çalışmaları Araştırma ve Uygulama Merkezi Yönetmeliği,https://www.resmigazete.gov.tr/eskiler/2009/06/20090608-1.htm
2009-06-08,— Gazi Üniversitesi Sosyal Bilimler Enstitüsü Lisansüstü Eğitim-Öğretim ve Sınav Yönetmeliğinde Değişiklik Yapılmasına Dair Yönetmelik,https://www.resmigazete.gov.tr/eskiler/2009/06/20090608-2.htm
2009-06-08,— Ordu Üniversitesi Devlet Konservatuvarı Eğitim-Öğretim ve Sınav Yönetmeliği,https://www.resmigazete.gov.tr/eskiler/2009/06/20090608-3.htm
2009-06-09,"— Dışişleri Bakanlığına, İçişleri Bakanı Beşir ATALAY’ın Vekâlet Etmesine Dair Tezkere",https://www.resmigazete.gov.tr/eskiler/2009/06/20090609-1.htm
2009-06-09,"— Çalışma ve Sosyal Güvenlik Bakanlığına, Sanayi ve Ticaret Bakanı Nihat ERGÜN’ün Vekâlet Etmesine Dair Tezkere",https://www.resmigazete.gov.tr/eskiler/2009/06/20090609-2.htm
2009-06-09,"— Niğde Üniversitesi Rektörlüğüne, Prof. Dr. Adnan GÖRÜR’ün Atanmasına Dair Karar",https://www.resmigazete.gov.tr/eskiler/2009/06/20090609-3.htm
2009-06-09,— Bayındırlık ve İskan Bakanlığı Sicil Amirleri Yönetmeliğinde Değişiklik Yapılmasına Dair Yönetmelik,https://www.resmigazete.gov.tr/eskiler/2009/06/20090609-4.htm
2009-06-09,— Bayındırlık ve İskan Bakanlığı Disiplin Amirleri Yönetmeliğinde Değişiklik Yapılmasına Dair Yönetmelik,https://www.resmigazete.gov.tr/eskiler/2009/06/20090609-5.htm
2009-06-09,— Hudut ve Sahiller Sağlık Genel Müdürlüğünce 6183 Sayılı Amme Alacaklarının Tahsil Usulü Hakkında Kanuna Göre Kullanılacak Yetkilere İlişkin Yönetmelik,https://www.resmigazete.gov.tr/eskiler/2009/06/20090609-6.htm
2009-06-09,— Gezi Tekneleri Yönetmeliğinde Değişiklik Yapılmasına Dair Yönetmelik,https://www.resmigazete.gov.tr/eskiler/2009/06/20090609-7.htm
2009-06-09,— Bitki Koruma Ürünlerinin Toptan ve Perakende Satılması ile Depolanması Hakkında Yönetmelikte Değişiklik Yapılmasına Dair Yönetmelik,https://www.resmigazete.gov.tr/eskiler/2009/06/20090609-8.htm
2009-06-09,— Bankalar ve Konsolide Denetime Tabi Kuruluşlarca Yapılabilecek Bağış ve Yardımlara İlişkin Yönetmelikte Değişiklik Yapılmasına Dair Yönetmelik,https://www.resmigazete.gov.tr/eskiler/2009/06/20090609-9.htm
2009-06-09,— Türkiye Barolar Birliği Baro Hakem Kurulu Yönetmeliğinin Yürürlükten Kaldırılmasına Dair Yönetmelik,https://www.resmigazete.gov.tr/eskiler/2009/06/20090609-11.htm
2009-06-09,— Türkiye Barolar Birliği Avukatlık Sınav Yönetmeliğinin Yürürlükten Kaldırılmasına Dair Yönetmelik,https://www.resmigazete.gov.tr/eskiler/2009/06/20090609-10.htm
2009-06-09,— Çanakkale Onsekiz Mart Üniversitesi Kadın Araştırmaları ve Uygulamaları Merkezi Yönetmeliğinde Değişiklik Yapılmasına Dair Yönetmelik,https://www.resmigazete.gov.tr/eskiler/2009/06/20090609-12.htm
2009-06-09,— Gazi Üniversitesi Deprem Araştırma ve Uygulama Merkezi Yönetmeliği,https://www.resmigazete.gov.tr/eskiler/2009/06/20090609-13.htm
2009-06-09,— İşkolu Tespit Kararı (No: 2009/27),https://www.resmigazete.gov.tr/eskiler/2009/06/20090609-14.htm
2009-06-09,— İşkolu Tespit Kararı (No: 2009/28),https://www.resmigazete.gov.tr/eskiler/2009/06/20090609-15.htm
2009-06-09,— İşkolu Tespit Kararı (No: 2009/29),https://www.resmigazete.gov.tr/eskiler/2009/06/20090609-16.htm
2009-06-10,"— Milli Savunma Bakanlığına, Sağlık Bakanı Recep AKDAĞ’ın Vekâlet Etmesine Dair Tezkere",https://www.resmigazete.gov.tr/eskiler/2009/06/20090610-1.htm
2009-06-10,— Sahil Sağlık Denetleme Merkezleri Yönetmeliği,https://www.resmigazete.gov.tr/eskiler/2009/06/20090610-2.htm
2009-06-10,— İstanbul Arel Üniversitesi Çift Anadal ve Yandal Lisans Eğitim-Öğretim Programları Yönetmeliği,https://www.resmigazete.gov.tr/eskiler/2009/06/20090610-3.htm
2009-06-10,— Kırıkkale Üniversitesi Uzaktan Eğitim Araştırma ve Uygulama Merkezi Yönetmeliği,https://www.resmigazete.gov.tr/eskiler/2009/06/20090610-4.htm
2009-06-10,"— Anayasa Mahkemesinin E: 2005/57, K: 2009/19 Sayılı Kararı (24/6/1995 Tarihli ve 551 Sayılı KHK’de Değişiklik Yapan 22/6/2004 Tarihli ve 5194 Sayılı Kanun ile İlgili)",https://www.resmigazete.gov.tr/eskiler/2009/06/20090610-5.htm
2009-06-10,"— Anayasa Mahkemesinin E: 2005/116, K: 2009/27 Sayılı Kararı (26/9/2004 Tarihli ve 5237 Sayılı Kanun ile İlgili)",https://www.resmigazete.gov.tr/eskiler/2009/06/20090610-6.htm
2009-06-10,"— Anayasa Mahkemesinin E: 2008/93, K: 2009/41 Sayılı Kararı (26/9/2004 Tarihli ve 5237 Sayılı Kanunda Değişiklik Yapan 29/6/2005 Tarihli ve 5377 Sayılı Kanun ile İlgili)",https://www.resmigazete.gov.tr/eskiler/2009/06/20090610-7.htm
2009-06-11,— Gümrük Yönetmeliğinde Değişiklik Yapılmasına Dair Yönetmelik,https://www.resmigazete.gov.tr/eskiler/2009/06/20090611-1.htm
2009-06-11,— Karayolu Taşıma Yönetmeliği,https://www.resmigazete.gov.tr/eskiler/2009/06/20090611-2.htm
2009-06-11,— Başkent Üniversitesi Diş Hekimliği Fakültesi Eğitim-Öğretim ve Sınav Yönetmeliğinde Değişiklik Yapılmasına Dair Yönetmelik,https://www.resmigazete.gov.tr/eskiler/2009/06/20090611-3.htm
2009-06-11,— Ege Üniversitesi Aile Planlaması ve Kısırlık Araştırma ve Uygulama Merkezi Yönetmeliğinde Değişiklik Yapılmasına Dair Yönetmelik,https://www.resmigazete.gov.tr/eskiler/2009/06/20090611-4.htm
2009-06-11,— Süleyman Demirel Üniversitesi Önlisans ve Lisans Eğitim-Öğretim ve Sınav Yönetmeliğinde Değişiklik Yapılmasına Dair Yönetmelik,https://www.resmigazete.gov.tr/eskiler/2009/06/20090611-5.htm
2009-06-11,— Gümrük Genel Tebliği (Gümrük İşlemleri) (Seri No: 72),https://www.resmigazete.gov.tr/eskiler/2009/06/20090611-6.htm
2009-06-11,— İthalinde Tek Taraflı Kontrol Sistemi Kapsamında Kota Uygulanan Tekstil Ürünlerine Ait Kotaların İkinci Bölümünün Dağıtımı ve Yönetimine İlişkin Tebliğ (No: 2009/5),https://www.resmigazete.gov.tr/eskiler/2009/06/20090611-7.htm
2009-06-11,— 2009 Yılı Mayıs Ayına Ait Dahilde İşleme İzin Belgelerinin (D1) Listesi,https://www.resmigazete.gov.tr/eskiler/2009/06/20090611-8.xls
2009-06-11,— 2009 Yılı Mayıs Ayına Ait Yurt İçi Satış ve Teslim Belgelerinin (D3) Listesi,https://www.resmigazete.gov.tr/eskiler/2009/06/20090611-9.xls
2009-06-11,— 2009 Yılı Mayıs Ayına Ait Hariçte İşleme İzin Belgelerinin (H) Listesi,https://www.resmigazete.gov.tr/eskiler/2009/06/20090611-10.xls
2009-06-11,"— 2009 Yılı Mayıs Ayına Ait Vergi, Resim ve Harç İstisnası Belgelerinin (Y) Listesi",https://www.resmigazete.gov.tr/eskiler/2009/06/20090611-11.xls
2009-06-11,— Firma Talebine İstinaden İptal Edilen Dahilde İşleme İzin Belgeleri Listesi,https://www.resmigazete.gov.tr/eskiler/2009/06/20090611-12.xls
2009-06-11,— Re’sen Kapatılan Dahilde İşleme İzin Belgeleri Listesi,https://www.resmigazete.gov.tr/eskiler/2009/06/20090611-13.xls
2009-06-11,— Enerji Piyasası Düzenleme Kurulunun 28/5/2009 Tarihli ve 2108/30 Sayılı Kararı,https://www.resmigazete.gov.tr/eskiler/2009/06/20090611-14.htm
2009-06-11,"— Anayasa Mahkemesinin E: 2004/69, K: 2009/6 Sayılı Kararı (27/5/2004 Tarihli ve 5179 Sayılı Kanun ile İlgili)",https://www.resmigazete.gov.tr/eskiler/2009/06/20090611-15.htm
2009-06-11,"— Anayasa Mahkemesinin E: 2004/70, K: 2009/7 Sayılı Kararı (9/8/1983 Tarihli ve 2872 ve 4/6/1985 Tarihli ve 3213 Sayılı Kanunlarda Değişiklik Yapan 26/5/2004 Tarihli ve 5177 Sayılı Kanun ile İlgili)",https://www.resmigazete.gov.tr/eskiler/2009/06/20090611-16.htm
2009-06-11,"— Anayasa Mahkemesinin E: 2009/7, K: 2009/29 Sayılı Kararı (19/10/2005 Tarihli ve 5411 Sayılı Kanun ile İlgili)",https://www.resmigazete.gov.tr/eskiler/2009/06/20090611-17.htm
2009-06-12,5901 Türk Vatandaşlığı Kanunu,https://www.resmigazete.gov.tr/eskiler/2009/06/20090612-1.htm
2009-06-12,2009/15064 Bazı Valiliklere Yapılan Atamalar Hakkında Karar,https://www.resmigazete.gov.tr/eskiler/2009/06/20090612-2.htm
2009-06-12,"— Devlet, Milli Savunma, Maliye, Milli Eğitim ile Bayındırlık ve İskan Bakanlıklarına Ait Atama Kararları",https://www.resmigazete.gov.tr/eskiler/2009/06/20090612-3.htm
2009-06-12,— Sınır Tespitine Dair Karar,https://www.resmigazete.gov.tr/eskiler/2009/06/20090612-4.htm
2009-06-12,— Başbakanlık Yüksek Denetleme Kurulu Denetçi Yardımcılığı Giriş ve Yeterlik Sınavları ile Denetçiliğe Atama Yönetmeliği,https://www.resmigazete.gov.tr/eskiler/2009/06/20090612-5.htm
2009-06-12,— Bitki Koruma Ürünlerinin Reçeteli Satış Usul ve Esasları Hakkında Yönetmelik,https://www.resmigazete.gov.tr/eskiler/2009/06/20090612-6.htm
2009-06-12,— Rüzgar Enerjisine Dayalı Lisans Başvurularının Teknik Değerlendirilmesi Hakkında Yönetmelikte Değişiklik Yapılmasına Dair Yönetmelik,https://www.resmigazete.gov.tr/eskiler/2009/06/20090612-7.htm
2009-06-12,"— Enerji Uzman ve Uzman Yardımcılarının Sınav, Görev, Yetki, Çalışma Usul ve Esasları Hakkında Yönetmelik",https://www.resmigazete.gov.tr/eskiler/2009/06/20090612-8.htm
2009-06-12,— İstanbul Üniversitesi Yabancı Dil Eğitim-Öğretim ve Sınav Yönetmeliğinde Değişiklik Yapılmasına Dair Yönetmelik,https://www.resmigazete.gov.tr/eskiler/2009/06/20090612-9.htm
2009-06-12,— Reeskont ve Avans İşlemlerinde Uygulanacak Faiz Oranları Hakkında Tebliğ,https://www.resmigazete.gov.tr/eskiler/2009/06/20090612-10.htm
2009-06-12,— Kredi Kartı İşlemlerinde Uygulanacak Azami Faiz Oranları Hakkında Tebliğde Değişiklik Yapılmasına Dair Tebliğ (Sayı: 2009/5),https://www.resmigazete.gov.tr/eskiler/2009/06/20090612-11.htm
2009-06-12,— Bankacılık Düzenleme ve Denetleme Kurulunun 10/6/2009 Tarihli ve 3215 Sayılı Kararı,https://www.resmigazete.gov.tr/eskiler/2009/06/20090612-12.htm
2009-06-13,"— Devlet Bakanı Mehmet AYDIN’a, Devlet Bakanı Faruk ÇELİK’in Vekâlet Etmesine Dair Tezkere",https://www.resmigazete.gov.tr/eskiler/2009/06/20090613-1.htm
2009-06-13,— Türkiye Bilimsel ve Teknolojik Araştırma Kurumu Bilim Kurulunun Çalışma Usul ve Esaslarına İlişkin Yönetmelik,https://www.resmigazete.gov.tr/eskiler/2009/06/20090613-2.htm
2009-06-13,— Türkiye Barolar Birliği Avukatlık Ortaklığı Yönetmeliğinde Değişiklik Yapılmasına Dair Yönetmelik,https://www.resmigazete.gov.tr/eskiler/2009/06/20090613-3.htm
2009-06-13,— 1 Sıra Nolu Genel Yönetim Mali İstatistikleri Genel Tebliğinde Değişiklik Yapılmasına Dair Genel Tebliğ (Sıra No: 3),https://www.resmigazete.gov.tr/eskiler/2009/06/20090613-4.htm
2009-06-13,— Denizlerde Kurulan Balık Yetiştiriciliği Tesislerinin İzlenmesine İlişkin Tebliğ,https://www.resmigazete.gov.tr/eskiler/2009/06/20090613-5.htm
2009-06-13,"— Anayasa Mahkemesinin E: 2004/10, K: 2009/7 Sayılı Kararı (Yürürlüğü Durdurma ile İlgili)",https://www.resmigazete.gov.tr/eskiler/2009/06/20090613-6.htm
2009-06-13,"— Anayasa Mahkemesinin E: 2004/85, K: 2009/8 Sayılı Kararı (Yürürlüğü Durdurma ile İlgili)",https://www.resmigazete.gov.tr/eskiler/2009/06/20090613-7.htm
2009-06-14,"— Tarım ve Köyişleri Bakanlığına, Milli Eğitim Bakanı Nimet ÇUBUKÇU'nun Vekâlet Etmesine Dair Tezkere",https://www.resmigazete.gov.tr/eskiler/2009/06/20090614-1.htm
2009-06-14,"— Kültür ve Turizm Bakanlığına, Devlet Bakanı Mehmet Zafer ÇAĞLAYAN'ın Vekâlet Etmesine Dair Tezkere",https://www.resmigazete.gov.tr/eskiler/2009/06/20090614-2.htm
2009-06-14,— Anadolu Üniversitesi Lisansüstü Eğitim-Öğretim ve Sınav Yönetmeliğinde Değişiklik Yapılmasına Dair Yönetmelik,https://www.resmigazete.gov.tr/eskiler/2009/06/20090614-3.htm
2009-06-14,— Çukurova Üniversitesi Lisansüstü Eğitim ve Öğretim Yönetmeliğinde Değişiklik Yapılmasına Dair Yönetmelik,https://www.resmigazete.gov.tr/eskiler/2009/06/20090614-4.htm
2009-06-14,"— ""Tarım ve Köyişleri Bakanlığının Denetimine Tabi Ürünlerin İthalatına Dair Dış Ticarette Standardizasyon Tebliği""nde Değişiklik Yapılmasına Dair Dış Ticarette Standardizasyon Tebliği (No: 2009/36)",https://www.resmigazete.gov.tr/eskiler/2009/06/20090614-5.htm
2009-06-15,"— Devlet Bakanı Selma Aliye KAVAF'a, Devlet Bakanı Hayati YAZICI'nın Vekâlet Etmesine Dair Tezkere",https://www.resmigazete.gov.tr/eskiler/2009/06/20090615-1.htm
2009-06-15,— Türkiye ve Orta Doğu Amme İdaresi Enstitüsü eDevlet Merkezi Yönetmeliği,https://www.resmigazete.gov.tr/eskiler/2009/06/20090615-2.htm
2009-06-15,— Türkiye ve Orta Doğu Amme İdaresi Enstitüsü Yerel Yönetimler Merkezi Yönetmeliği,https://www.resmigazete.gov.tr/eskiler/2009/06/20090615-3.htm
2009-06-15,— Türkiye ve Orta Doğu Amme İdaresi Enstitüsü Dış İlişkiler Merkezi Yönetmeliği,https://www.resmigazete.gov.tr/eskiler/2009/06/20090615-4.htm
2009-06-15,— Abant İzzet Baysal Üniversitesi Sağlık Araştırma ve Uygulama Merkezi Yönetmeliği,https://www.resmigazete.gov.tr/eskiler/2009/06/20090615-5.htm
2009-06-16,2009/15082 Türk Parası Kıymetini Koruma Hakkında 32 Sayılı Kararda Değişiklik Yapılmasına Dair Karar,https://www.resmigazete.gov.tr/eskiler/2009/06/20090616-1.htm
2009-06-16,"— Dışişleri Bakanlığına, Devlet Bakanı Mehmet AYDIN’ın Vekâlet Etmesine Dair Tezkere",https://www.resmigazete.gov.tr/eskiler/2009/06/20090616-2.htm
2009-06-16,"— Devlet Bakanı Faruk Nafız ÖZAK’a, Devlet Bakanı Cevdet YILMAZ’ın Vekâlet Etmesine Dair Tezkere",https://www.resmigazete.gov.tr/eskiler/2009/06/20090616-3.htm
2009-06-16,"— Devlet Bakanı Faruk ÇELİK’e, Milli Savunma Bakanı M. Vecdi GÖNÜL’ün Vekâlet Etmesine Dair Tezkere",https://www.resmigazete.gov.tr/eskiler/2009/06/20090616-4.htm
2009-06-16,"— Adalet Bakanlığına, Devlet Bakanı ve Başbakan Yardımcısı Cemil ÇİÇEK’in Vekâlet Etmesine Dair Tezkere",https://www.resmigazete.gov.tr/eskiler/2009/06/20090616-5.htm
2009-06-16,"— Devlet ile Milli Savunma, İçişleri, Sağlık, Tarım ve Köyişleri, Çalışma ve Sosyal Güvenlik, Kültür ve Turizm ve Çevre ve Orman Bakanlıklarına Ait Atama Kararları",https://www.resmigazete.gov.tr/eskiler/2009/06/20090616-6.htm
2009-06-16,— Millî Eğitim Bakanlığı Güzel Sanatlar ve Spor Liseleri Yönetmeliği,https://www.resmigazete.gov.tr/eskiler/2009/06/20090616-7.htm
2009-06-16,— Devlet Meteoroloji İşleri Genel Müdürlüğü Döner Sermaye İşletmesi Yönetmeliği,https://www.resmigazete.gov.tr/eskiler/2009/06/20090616-8.htm
2009-06-16,— Sınır Ticaretinin Uygulanmasına İlişkin Tebliğ (İhracat: 2009/7),https://www.resmigazete.gov.tr/eskiler/2009/06/20090616-9.htm
2009-06-16,— Kamu Görevlileri Etik Kurulunun 6/5/2009 Tarihli ve 2009/19 Sayılı Kararı,https://www.resmigazete.gov.tr/eskiler/2009/06/20090616-10.htm
2009-06-16,Tıklayınız 16/6/2009 tarihli ve 27260 sayılı mükerrer Resmî Gazete'de; 2009/15081 sayılı Bazı Mallara Uygulanacak Katma Değer Vergisi ile Özel Tüketim Vergisi Oranlarının Belirlenmesine Dair Karar yayımlanmıştır.,http://www.resmigazete.gov.tr/eskiler/2009/06/20090616M1.htm
2009-06-17,5902 Afet ve Acil Durum Yönetimi Başkanlığının Teşkilat ve Görevleri Hakkında Kanun,https://www.resmigazete.gov.tr/eskiler/2009/06/20090617-1.htm
2009-06-17,5903 Türkiye Cumhuriyeti Devleti ile Suriye Arap Cumhuriyeti Devleti Arasındaki Kara Sınırı Boyunca Yapılacak Mayın Temizleme Faaliyetleri ile İhale İşlemleri Hakkında Kanun,https://www.resmigazete.gov.tr/eskiler/2009/06/20090617-2.htm
2009-06-17,— İller Bankası Genel Müdürlüğü Personeli Görevde Yükselme ve Unvan Değişikliği Yönetmeliğinde Değişiklik Yapılmasına Dair Yönetmelik,https://www.resmigazete.gov.tr/eskiler/2009/06/20090617-3.htm
2009-06-17,— İstanbul Gelişim Meslek Yüksekokulu Öğretim ve Sınav Yönetmeliği,https://www.resmigazete.gov.tr/eskiler/2009/06/20090617-4.htm
2009-06-17,— Ordu Üniversitesi Döner Sermaye İşletmesi Yönetmeliği,https://www.resmigazete.gov.tr/eskiler/2009/06/20090617-5.htm
2009-06-17,— Kamu İşletmelerinin Faaliyetlerinin İzlenmesi ve Raporlanmasına Dair Tebliğ,https://www.resmigazete.gov.tr/eskiler/2009/06/20090617-6.htm
2009-06-17,— İthalatta Korunma Önlemlerine İlişkin Tebliğ (No: 2009/7),https://www.resmigazete.gov.tr/eskiler/2009/06/20090617-7.htm
2009-06-17,— İthalatta Korunma Önlemlerine İlişkin Tebliğ (No: 2009/8),https://www.resmigazete.gov.tr/eskiler/2009/06/20090617-8.htm
2009-06-17,— İthalatta Korunma Önlemlerine İlişkin Tebliğ (No: 2009/9),https://www.resmigazete.gov.tr/eskiler/2009/06/20090617-9.htm
2009-06-18,"— Çevre ve Orman Bakanlığına, Ulaştırma Bakanı Binali YILDIRIM’ın Vekâlet Etmesine Dair Tezkere",https://www.resmigazete.gov.tr/eskiler/2009/06/20090618-1.htm
2009-06-18,— İçişleri Bakanlığına Ait Atama Kararı,https://www.resmigazete.gov.tr/eskiler/2009/06/20090618-14.htm
2009-06-18,— Atılım Üniversitesi Performans Yönetimi Uygulama ve Araştırma Merkezi Yönetmeliği,https://www.resmigazete.gov.tr/eskiler/2009/06/20090618-2.htm
2009-06-18,— Boğaziçi Üniversitesi Asya Çalışmaları Uygulama ve Araştırma Merkezi Yönetmeliği,https://www.resmigazete.gov.tr/eskiler/2009/06/20090618-3.htm
2009-06-18,— Hacettepe Üniversitesi Dil Öğretimi Uygulama ve Araştırma Merkezi Yönetmeliği,https://www.resmigazete.gov.tr/eskiler/2009/06/20090618-4.htm
2009-06-18,— Mehmet Akif Ersoy Üniversitesi Mehmet Akif Ersoy Uygulama ve Araştırma Merkezi Yönetmeliği,https://www.resmigazete.gov.tr/eskiler/2009/06/20090618-5.htm
2009-06-18,— İşkolu Tespit Kararı (No: 2009/30),https://www.resmigazete.gov.tr/eskiler/2009/06/20090618-6.htm
2009-06-18,— İşkolu Tespit Kararı (No: 2009/31),https://www.resmigazete.gov.tr/eskiler/2009/06/20090618-7.htm
2009-06-18,— İşkolu Tespit Kararı (No: 2009/32),https://www.resmigazete.gov.tr/eskiler/2009/06/20090618-8.htm
2009-06-18,— İşkolu Tespit Kararı (No: 2009/33),https://www.resmigazete.gov.tr/eskiler/2009/06/20090618-9.htm
2009-06-18,— İthalatta Haksız Rekabetin Önlenmesine İlişkin Tebliğ (No: 2009/14),https://www.resmigazete.gov.tr/eskiler/2009/06/20090618-10.htm
2009-06-18,— İthalatta Haksız Rekabetin Önlenmesine İlişkin Tebliğ (No: 2009/15),https://www.resmigazete.gov.tr/eskiler/2009/06/20090618-11.htm
2009-06-18,— İthalatta Haksız Rekabetin Önlenmesine İlişkin Tebliğ (No: 2009/16),https://www.resmigazete.gov.tr/eskiler/2009/06/20090618-12.htm
2009-06-18,— İthalatta Haksız Rekabetin Önlenmesine İlişkin Tebliğ (No: 2009/17),https://www.resmigazete.gov.tr/eskiler/2009/06/20090618-13.htm
2009-06-19,2009/15032 Türkiye Cumhuriyeti ve Avustralya Arasında İmzalanan “Yatırımların Karşılıklı Teşviki ve Korunmasına İlişkin Anlaşma”nın Onaylanması Hakkında Karar,https://www.resmigazete.gov.tr/eskiler/2009/06/20090619-1.htm
2009-06-19,— Sigorta Bilgi Merkezi Yönetmeliğinde Değişiklik Yapılmasına Dair Yönetmelik,https://www.resmigazete.gov.tr/eskiler/2009/06/20090619-2.htm
2009-06-19,— Karayolları Motorlu Araçlar Zorunlu Malî Sorumluluk Sigortasında Tarife Uygulama Esasları Hakkında Yönetmelikte Değişiklik Yapılmasına Dair Yönetmelik,https://www.resmigazete.gov.tr/eskiler/2009/06/20090619-3.htm
2009-06-19,— Doğal Afet Sigortaları Kurumu Yönetim Kurulu Çalışma Usul ve Esasları Hakkında Yönetmelikte Değişiklik Yapılmasına Dair Yönetmelik,https://www.resmigazete.gov.tr/eskiler/2009/06/20090619-4.htm
2009-06-19,— Güvence Hesabı Yönetmeliğinde Değişiklik Yapılmasına Dair Yönetmelik,https://www.resmigazete.gov.tr/eskiler/2009/06/20090619-5.htm
2009-06-19,— Türkiye Motorlu Taşıt Bürosunun Çalışma Usul ve Esasları Hakkında Yönetmelikte Değişiklik Yapılmasına Dair Yönetmelik,https://www.resmigazete.gov.tr/eskiler/2009/06/20090619-6.htm
2009-06-19,— Devlet Opera ve Balesi Genel Müdürlüğü Sicil Amirleri Yönetmeliğinde Değişiklik Yapılmasına Dair Yönetmelik,https://www.resmigazete.gov.tr/eskiler/2009/06/20090619-7.htm
2009-06-19,— Devlet Opera ve Balesi Genel Müdürlüğü Disiplin Amirleri Yönetmeliğinde Değişiklik Yapılmasına Dair Yönetmelik,https://www.resmigazete.gov.tr/eskiler/2009/06/20090619-8.htm
2009-06-19,— Türkiye İş Kurumu İşgücü Uyum Hizmetleri Yönetmeliğinde Değişiklik Yapılmasına Dair Yönetmelik,https://www.resmigazete.gov.tr/eskiler/2009/06/20090619-9.htm
2009-06-19,"— Türkiye Radyo-Televizyon Kurumu Personelinin Konser, Festival ve Benzeri Sanat Faaliyetlerinde Görevlendirilme Usul ve Esaslarına Dair Yönetmelikte Değişiklik Yapılmasına Dair Yönetmelik",https://www.resmigazete.gov.tr/eskiler/2009/06/20090619-10.htm
2009-06-19,"— İstanbul Altın Borsası Bütçe, Muhasebe ve Alım Satım Yönetmeliğinde Değişiklik Yapılmasına Dair Yönetmelik",https://www.resmigazete.gov.tr/eskiler/2009/06/20090619-11.htm
2009-06-19,— Afyon Kocatepe Üniversitesi Güneş ve Rüzgâr Enerjisi Uygulama ve Araştırma Merkezi Yönetmeliği,https://www.resmigazete.gov.tr/eskiler/2009/06/20090619-12.htm
2009-06-19,— Afyon Kocatepe Üniversitesi Jeotermal-Mineralli Sular ve Maden Kaynakları Uygulama ve Araştırma Merkezi Yönetmeliği,https://www.resmigazete.gov.tr/eskiler/2009/06/20090619-13.htm
2009-06-19,— Anadolu Üniversitesi Uzaktan Eğitim Ön Lisans ve Lisans Öğretim ve Sınav Yönetmeliği,https://www.resmigazete.gov.tr/eskiler/2009/06/20090619-14.htm
2009-06-19,— Çanakkale Onsekiz Mart Üniversitesi Nanobilim ve Teknoloji Araştırma ve Uygulama Merkezi Yönetmeliği,https://www.resmigazete.gov.tr/eskiler/2009/06/20090619-15.htm
2009-06-19,— Fırat Üniversitesi Engelliler Araştırma ve Uygulama Merkezi Yönetmeliği,https://www.resmigazete.gov.tr/eskiler/2009/06/20090619-16.htm
2009-06-19,— İstanbul Arel Üniversitesi Lisansüstü Eğitim-Öğretim ve Sınav Yönetmelik,https://www.resmigazete.gov.tr/eskiler/2009/06/20090619-17.htm
2009-06-19,— Ordu Üniversitesi Lisansüstü Eğitim-Öğretim ve Sınav Yönetmeliğinde Değişiklik Yapılmasına Dair Yönetmelik,https://www.resmigazete.gov.tr/eskiler/2009/06/20090619-18.htm
2009-06-20,2009/15031 Avrupa Topluluğu ile Türkiye Cumhuriyeti Arasında Türkiye Cumhuriyeti’nin Topluluk İstihdam ve Sosyal Dayanışma Programı (PROGRESS)’na Katılımı Hakkında Mutabakat Zaptı’nın Onaylanması Hakkında Karar,https://www.resmigazete.gov.tr/eskiler/2009/06/20090620-1.htm
2009-06-20,2009/15092 Ceza İnfaz Kurumlarının Yönetimi ile Ceza ve Güvenlik Tedbirlerinin İnfazı Hakkında Tüzükte Değişiklik Yapılmasına Dair Tüzük,https://www.resmigazete.gov.tr/eskiler/2009/06/20090620-2.htm
2009-06-20,"2009/15094 Trabzon 2011 Avrupa Olimpik Gençlik Yaz Oyunları Organizasyonunda da Kullanılmak Üzere Öğrenci Yurdu Yapılmak Amacıyla, Trabzon İli, Merkez İlçesinde Bulunan Bazı Taşınmazların Bayındırlık ve İskan Bakanlığı Tarafından Acele Kamulaştırılması Hakkında Karar",https://www.resmigazete.gov.tr/eskiler/2009/06/20090620-3.htm
2009-06-20,2009/15095 Hububat Ürünü Alımı ve Satımı Hakkında Karar,https://www.resmigazete.gov.tr/eskiler/2009/06/20090620-4.htm
2009-06-20,"— Başbakanlığa, Devlet Bakanı ve Başbakan Yardımcısı Bülent ARINÇ’ın Vekâlet Etmesine Dair Tezkere",https://www.resmigazete.gov.tr/eskiler/2009/06/20090620-5.htm
2009-06-20,"— Devlet Bakanı Egemen BAĞIŞ’a, Devlet Bakanı Faruk Nafız ÖZAK’ın Vekâlet Etmesine Dair Tezkere",https://www.resmigazete.gov.tr/eskiler/2009/06/20090620-6.htm
2009-06-20,"— Sağlık, Ulaştırma, Kültür ve Turizm ile Çevre ve Orman Bakanlıklarına Ait Atama Kararları",https://www.resmigazete.gov.tr/eskiler/2009/06/20090620-7.htm
2009-06-20,— Esnaf ve Sanatkarlar Meslek Kuruluşlarının Genel Kurul Toplantıları ve Bu Toplantılarda Bulundurulacak Bakanlık Temsilcileri veya Hükümet Komiserleri Yönetmeliğinde Değişiklik Yapılmasına Dair Yönetmelik,https://www.resmigazete.gov.tr/eskiler/2009/06/20090620-8.htm
2009-06-20,— Türkiye Radyo-Televizyon Kurumu Ambar Yönetmeliğinin Yürürlükten Kaldırılmasına Dair Yönetmelik,https://www.resmigazete.gov.tr/eskiler/2009/06/20090620-9.htm
2009-06-20,— Elektrik Piyasası Lisans Yönetmeliğinde Değişiklik Yapılmasına Dair Yönetmelik,https://www.resmigazete.gov.tr/eskiler/2009/06/20090620-10.htm
2009-06-20,— 2008 Yılı Sosyal Güvenlik Kurumu Sağlık Uygulama Tebliğinde Değişiklik Yapılmasına Dair Tebliğ,https://www.resmigazete.gov.tr/eskiler/2009/06/20090620-11.htm
2009-06-20,— Makina Teknik Komitesinin Oluşumu ve Görevlerine Dair Tebliğ (No: SGM/2009-10),https://www.resmigazete.gov.tr/eskiler/2009/06/20090620-12.htm
2009-06-20,— Sulak Alanlar Tebliği (No: 5),https://www.resmigazete.gov.tr/eskiler/2009/06/20090620-13.htm
2009-06-20,— İthalatta Kota ve Tarife Kontenjanı İdaresine İlişkin Tebliğ (No: 2009/1),https://www.resmigazete.gov.tr/eskiler/2009/06/20090620-14.htm
2009-06-20,— İthalatta Korunma Önlemlerine İlişkin Tebliğ (No: 2009/10),https://www.resmigazete.gov.tr/eskiler/2009/06/20090620-15.htm
2009-06-20,— İthalatta Haksız Rekabetin Önlenmesine İlişkin Tebliğ (No: 2009/19),https://www.resmigazete.gov.tr/eskiler/2009/06/20090620-16.htm
2009-06-20,— TS 1131 Sarmısak Standardının Tadiline İlişkin Dış Ticarette Standardizasyon Tebliği (No: 2009/40),https://www.resmigazete.gov.tr/eskiler/2009/06/20090620-17.htm
2009-06-20,— Kataloğa Dayalı Açık Artırma Yöntemi ile Pazarlanacak 2008 Ürünü Üretici Tütünlerine İlişkin Açık Artırma Başlangıç Fiyatları Hakkında Tebliğ,https://www.resmigazete.gov.tr/eskiler/2009/06/20090620-18.htm
2009-06-20,— Alkollü İçki Reklamlarında Uyulacak İlkeler Hakkında Tebliğde Değişiklik Yapılmasına Dair Tebliğ,https://www.resmigazete.gov.tr/eskiler/2009/06/20090620-19.htm
2009-06-20,— Bankacılık Düzenleme ve Denetleme Kurulunun 18/6/2009 Tarihli ve 3236 Sayılı Kararı,https://www.resmigazete.gov.tr/eskiler/2009/06/20090620-20.htm
2009-06-21,"— Milli Savunma Bakanlığına, Bayındırlık ve İskan Bakanı Mustafa DEMİR'in Vek â let Etmesine Dair Tezkere",https://www.resmigazete.gov.tr/eskiler/2009/06/20090621-1.htm
2009-06-21,— Aksaray Üniversitesi Sürekli Eğitim Uygulama ve Araştırma Merkezi Yönetmeliği,https://www.resmigazete.gov.tr/eskiler/2009/06/20090621-2.htm
2009-06-21,— Marmara Üniversitesi Türkiye-Almanya İlişkileri Uygulama ve Araştırma Merkezi Yönetmeliği,https://www.resmigazete.gov.tr/eskiler/2009/06/20090621-3.htm
2009-06-22,— Kocaeli Üniversitesi Fen-Edebiyat Fakültesi Batı Dilleri ve Edebiyatları Bölümü Yabancı Dil Hazırlık Programı Eğitim-Öğretim ve Sınav Yönetmeliği,https://www.resmigazete.gov.tr/eskiler/2009/06/20090622-1.htm
2009-06-23,2009/15026 Bakanlıklararası Ortak Kültür Komisyonunun Çalışma Esas ve Usulleri ile Bu Komisyon Tarafından Yurtdışında Görevlendirilecek Personelin Nitelikleri ile Hak ve Yükümlülüklerinin Belirlenmesine İlişkin Kararda Değişiklik Yapılmasına Dair Karar,https://www.resmigazete.gov.tr/eskiler/2009/06/20090623-1.htm
2009-06-23,2009/15035 İnönü Üniversitesi Rektörlüğüne Bağlı Olarak Hukuk Fakültesi Kurulması Hakkında Karar,https://www.resmigazete.gov.tr/eskiler/2009/06/20090623-2.htm
2009-06-23,2009/15036 Marmara Üniversitesi Rektörlüğüne Bağlı Olarak Takı Teknolojisi ve Tasarımı Yüksekokulu Kurulması Hakkında Karar,https://www.resmigazete.gov.tr/eskiler/2009/06/20090623-3.htm
2009-06-23,2009/15037 Ondokuz Mayıs Üniversitesi Rektörlüğüne Bağlı Olarak Sivil Havacılık Yüksekokulu Kurulması Hakkında Karar,https://www.resmigazete.gov.tr/eskiler/2009/06/20090623-4.htm
2009-06-23,2009/15038 Dokuz Eylül Üniversitesi Rektörlüğüne Bağlı Olarak Spor Bilimleri ve Teknolojisi Yüksekokulu Kurulması Hakkında Karar,https://www.resmigazete.gov.tr/eskiler/2009/06/20090623-5.htm
2009-06-23,"2009/15039 Tarım ve Köyişleri Bakanlığının Taşra Teşkilatında Yer Alan Bazı Gümrük Müdürlüklerinin Kaldırılması, Anılan Bakanlığın Doğrudan Merkeze Bağlı Taşra Teşkilatı Olarak Bazı Veteriner Sınır Kontrol Noktası Müdürlükleri Kurulması Hakkında Karar",https://www.resmigazete.gov.tr/eskiler/2009/06/20090623-6.htm
2009-06-23,"2009/15041 Kamu Kurum ve Kuruluşlarının Yurtdışı Teşkilatını Oluşturan Birimlerin Nitelik, Kurulduğu Şehir ve Ülke, Görev Alanı Akredite Edildiği Ülkeler ve Bağlı Bulunduğu Misyonlar Hakkındaki 99/12770 Sayılı Kararda Değişiklik Yapılmasına İlişkin Karar",https://www.resmigazete.gov.tr/eskiler/2009/06/20090623-7.htm
2009-06-23,"— Cumhurbaşkanlığına, Türkiye Büyük Millet Meclisi Başkanı Vekili Eyyüp Cenap GÜLPINAR, Daha Sonra İse Türkiye Büyük Millet Meclisi Başkanı Köksal TOPTAN’ın Vekâlet Etmesine Dair Tezkere",https://www.resmigazete.gov.tr/eskiler/2009/06/20090623-8.htm
2009-06-23,"— Başbakanlığa, Devlet Bakanı ve Başbakan Yardımcısı Bülent ARINÇ’ın Vekalet Etmesine Dair Tezkerinin İptaline Dair Tezkere",https://www.resmigazete.gov.tr/eskiler/2009/06/20090623-9.htm
2009-06-23,"— Devlet Bakanı ve Başbakan Yardımcısı Ali BABACAN’a, Devlet Bakanı Cevdet YILMAZ’ın Vekâlet Etmesine Dair Tezkere",https://www.resmigazete.gov.tr/eskiler/2009/06/20090623-10.htm
2009-06-23,"— Devlet Bakanı Mehmet Zafer ÇAĞLAYAN’a, Sanayi ve Ticaret Bakanı Nihat ERGÜN’ün Vekâlet Etmesine Dair Tezkere",https://www.resmigazete.gov.tr/eskiler/2009/06/20090623-11.htm
2009-06-23,"— Devlet Bakanı Egemen BAĞIŞ’a, Devlet Bakanı Faruk Nafız ÖZAK'ın Vekâlet Etmesine Dair Tezkerenin İptaline Dair Tezkere",https://www.resmigazete.gov.tr/eskiler/2009/06/20090623-12.htm
2009-06-23,"— İçişleri Bakanlığına, Adalet Bakanı Sadullah ERGİN’in Vekâlet Etmesine Dair Tezkere",https://www.resmigazete.gov.tr/eskiler/2009/06/20090623-13.htm
2009-06-23,2009/15093 Dışişleri Bakanlığı Mensuplarının Çeşitli Görevlere Atanmalarına Dair Karar,https://www.resmigazete.gov.tr/eskiler/2009/06/20090623-14.htm
2009-06-23,— Balıkçı Gemilerinin Emniyeti Hakkında Yönetmelikte Değişiklik Yapılmasına Dair Yönetmelik,https://www.resmigazete.gov.tr/eskiler/2009/06/20090623-15.htm
2009-06-23,(Milli Eğitim Bakanlığı Güzel Sanatlar ve Spor Liseleri Yönetmeliği ile İlgili),https://www.resmigazete.gov.tr/eskiler/2009/06/20090623-16.htm
2009-06-24,5908 Türkiye Cumhuriyeti ile Sovyet Sosyalist Cumhuriyetler Birliği Arasında Akdedilen 27 Nisan 1988 Tarihli Konsolosluk Sözleşmesinin Bazı Maddelerinin Tadiline İlişkin Türkiye Cumhuriyeti ile Rusya Federasyonu Arasında Protokolün Onaylanmasının Uygun Bulunduğuna Dair Kanun,https://www.resmigazete.gov.tr/eskiler/2009/06/kanun-1.htm
2009-06-24,5909 Kamu Finansmanı ve Borç Yönetiminin Düzenlenmesi Hakkında Kanunda Değişiklik Yapılmasına Dair Kanun,https://www.resmigazete.gov.tr/eskiler/2009/06/kanun-2.htm
2009-06-24,"— Devlet Bakanı Hayati YAZICI’ya, Milli Savunma Bakanı M. Vecdi GÖNÜL’ün Vekâlet Etmesine Dair Tezkere",https://www.resmigazete.gov.tr/eskiler/2009/06/bak.vekalet-1.htm
2009-06-24,"— Devlet Bakanı Faruk Nafız ÖZAK’a, Tarım ve Köyişleri Bakanı Mehmet Mehdi EKER’in Vekâlet Etmesine Dair Tezkere",https://www.resmigazete.gov.tr/eskiler/2009/06/bak.vekalet-2.htm
2009-06-24,— Abant İzzet Baysal Üniversitesi Ekonomik ve Sosyal Araştırmalar Araştırma ve Uygulama Merkezi Yönetmeliği,https://www.resmigazete.gov.tr/eskiler/2009/06/20090624-1.htm
2009-06-24,— Adıyaman Üniversitesi Tarımsal Uygulama ve Arazi Yönetimi Uygulama ve Araştırma Merkezi Yönetmeliği,https://www.resmigazete.gov.tr/eskiler/2009/06/20090624-2.htm
2009-06-24,— Adnan Menderes Üniversitesi Yabancı Dil Öğretimi ve Yabancı Dille Öğretim Yapılmasında Uyulacak Esaslara İlişkin Yönetmelik,https://www.resmigazete.gov.tr/eskiler/2009/06/20090624-3.htm
2009-06-24,— Marmara Üniversitesi Yaz Okulu Yönetmeliği,https://www.resmigazete.gov.tr/eskiler/2009/06/20090624-4.htm
2009-06-24,— Süleyman Demirel Üniversitesi Orman Yangınlarıyla Mücadele Eğitim Uygulama ve Araştırma Merkezi Yönetmeliği,https://www.resmigazete.gov.tr/eskiler/2009/06/20090624-5.htm
2009-06-24,"— 10 kHz - 60 GHz Frekans Bandında Çalışan Sabit Telekomünikasyon Cihazlarından Kaynaklanan Elektromanyetik Alan Şiddeti Limit Değerlerinin Belirlenmesi, Ölçüm Yöntemleri ve Denetlenmesi Hakkında Yönetmelik’te Geçen Meskun Mahal ile İlgili Tebliğin Yürürlükten Kaldırılmasına Dair Tebliğ",https://www.resmigazete.gov.tr/eskiler/2009/06/tebliğ-1.htm
2009-06-24,— Özelleştirme Yüksek Kurulunun 22/6/2009 Tarihli ve 2009/29 Sayılı Kararı,https://www.resmigazete.gov.tr/eskiler/2009/06/20090624-6.htm
2009-06-24,— Özelleştirme Yüksek Kurulunun 22/6/2009 Tarihli ve 2009/30 Sayılı Kararı,https://www.resmigazete.gov.tr/eskiler/2009/06/20090624-7.htm
2009-06-24,— Özelleştirme Yüksek Kurulunun 22/6/2009 Tarihli ve 2009/31 Sayılı Kararı,https://www.resmigazete.gov.tr/eskiler/2009/06/20090624-8.htm
2009-06-24,— Özelleştirme Yüksek Kurulunun 22/6/2009 Tarihli ve 2009/32 Sayılı Kararı,https://www.resmigazete.gov.tr/eskiler/2009/06/20090624-9.htm
2009-06-25,"940 Birleşmiş Milletler Güvenlik Konseyinin UNIFIL’in Görev Süresinin Uzatılması Yönünde Karar Alması Durumunda; Hudut, Şümul ve Miktarı Hükümetçe Belirlenecek Türk Silahlı Kuvvetleri Unsurlarının, 1701 Sayılı Birleşmiş Milletler Güvenlik Konseyi Kararı ve 880 Sayılı Türkiye Büyük Millet Meclisi Kararı ile Tespit Edilen İlkeler Kapsamında 5 Eylül 2009 Tarihinden İtibaren Bir Yıl Daha UNIFIL Harekatına İştarak Etmesi ve Bununla İlgili Gerekli Düzenlemelerin Hükümet Tarafından Yapılması İçin Anayasanın 92 nci Maddesi Uyarınca İzin Verilmesine Dair Karar",https://www.resmigazete.gov.tr/eskiler/2009/06/20090625-1.htm
2009-06-25,2009/15059 Uluslararası Karayolu Yolcu ve Eşya Taşımacılığına İlişkin Türkiye Cumhuriyeti ve Portekiz Cumhuriyeti Arasında Anlaşma’nın Onaylanması Hakkında Karar,https://www.resmigazete.gov.tr/eskiler/2009/06/20090625-2.htm
2009-06-25,"— Başbakanlığa, Devlet Bakanı ve Başbakan Yardımcısı Bülent ARINÇ’ın Vek",https://www.resmigazete.gov.tr/eskiler/2009/06/20090625-3.htm
2009-06-25,"— Devlet Bakanı Faruk ÇELİK’e, Devlet Bakanı ve Başbakan Yardımcısı Cemil ÇİÇEK’in Vek let Etmesine Dair Tezkere",https://www.resmigazete.gov.tr/eskiler/2009/06/20090625-4.htm
2009-06-25,"— Devlet Bakanı Egemen BAĞIŞ’a, Enerji ve Tabii Kaynaklar Bakanı Taner YILDIZ’ın Vek let Etmesine Dair Tezkere",https://www.resmigazete.gov.tr/eskiler/2009/06/20090625-5.htm
2009-06-25,"— Devlet Bakanı Selma Aliye KAVAF’a, Milli Eğitim Bakanı Nimet ÇUBUKÇU’nun Vek let Etmesine Dair Tezkere",https://www.resmigazete.gov.tr/eskiler/2009/06/20090625-6.htm
2009-06-25,"— Dışişleri Bakanlığına, Devlet Bakanı Mehmet AYDIN’ın Vekâlet Etmesine Dair Tezkere",https://www.resmigazete.gov.tr/eskiler/2009/06/20090625-7.htm
2009-06-25,— Orman Sayılan Alanlarda Verilecek İzinler Hakkında Yönetmelikte Değişiklik Yapılmasına Dair Yönetmelik,https://www.resmigazete.gov.tr/eskiler/2009/06/20090625-8.htm
2009-06-25,— Adli Yargı Hâkimleri ve Cumhuriyet Savcıları ile İdari Yargı Hâkim ve Savcıları Hakkında 2802 Sayılı Hâkimler ve Savcılar Kanunu’nun 55 inci Maddesi Uyarınca Tespit edilen Yıllık Ara Vermeden (Adli Tatil) Yararlanma Koşul ve Yöntemlerine İlişkin Hâkimler ve Savcılar Yüksek Kurulu İlke Kararı (No:10),https://www.resmigazete.gov.tr/eskiler/2009/06/20090625-9.htm
2009-06-25,— 1/5/1983 Tarihli ve 18034 Sayılı Resmî Gazete’de Yayımlanan 7/4/1983 Tarihli ve 1 Sayılı Adli Yargı Hâkim ve Cumhuriyet Savcıları ile İdari Yargı Hakîm ve Savcıları Hakkında 2802 Sayılı Hâkimler ve Savcılar Kanununun 19 ve 118 inci Maddeleri Uyarınca Tespit Edilen Kademe İlerlemesi Esaslarına İlişkin Hâkimler ve Savcılar Yüksek Kurulu İlke Kararırın Yürürlükten Kaldırılması Hakkında İlke Kararı,https://www.resmigazete.gov.tr/eskiler/2009/06/20090625-10.htm
2009-06-25,— 1/5/1983 Tarihli ve 18034 Sayılı Resmî Gazete’de Yayımlanan 7/4/1983 Tarihli ve 2 Sayılı Adli Yargı Hâkim ve Cumhuriyet Savcıları ile İdari Yargı Hâkim ve Savcıları Hakkında 2802 Sayılı Hâkimler ve Savcılar Kanununun 21 ve 118 inci Maddeleri Uyarınca Tespit Edilen Derece Yükselmesi Esaslarına İlişkin Hâkimler ve Savcılar Yüksek Kurulu İlke Kararında Değişiklik Yapılması Hakkında İlke Kararı,https://www.resmigazete.gov.tr/eskiler/2009/06/20090625-11.htm
2009-06-25,— Adli Yargı Hâkim ve Cumhuriyet Savcıları ile İdari Yargı Hâkim ve Savcıları Hakkında 2802 Sayılı Hâkimler ve Savcılar Kanununun 15 ve 118 inci Maddeleri Uyarınca Tespit Edilen Birinci Sınıf Olma Esaslarına İlişkin Hâkimler ve Savcılar Yüksek Kurulu İlke Kararı (No:189/1),https://www.resmigazete.gov.tr/eskiler/2009/06/20090625-12.htm
2009-06-25,— Adli Yargı Hâkim ve Cumhuriyet Savcıları ile İdari Yargı Hâkim ve Savcıları Hakkında 2802 Sayılı Hâkimler ve Savcılar Kanununun 33 ve 118 inci Maddeleri Uyarınca Tespit Edilen Birinci Sınıf Olan Hâkim ve Savcıların Çalışmalarının Değerlendirilmesi Esaslarına İlişkin H kimler ve Savcılar Yüksek Kurulu İlke Kararı (No:189/2),https://www.resmigazete.gov.tr/eskiler/2009/06/20090625-13.htm
2009-06-25,— Vergi Usul Kanunu Genel Tebliği (Sıra No: 391),https://www.resmigazete.gov.tr/eskiler/2009/06/20090625-14.htm
2009-06-25,— İthalatta Haksız Rekabetin Önlenmesine İlişkin Tebliğ (No: 2009/18),https://www.resmigazete.gov.tr/eskiler/2009/06/20090625-15.htm
2009-06-25,— Müşterilerden Varlık Transferlerine İlişkin Türkiye Finansal Raporlama Standardı Yorumu (TFRS Yorum 18) Hakkında Tebliğ (Sıra No: 153),https://www.resmigazete.gov.tr/eskiler/2009/06/20090625-16.htm
2009-06-25,"— Anayasa Mahkemesinin E: 2006/72, K: 2009/24 Sayılı Kararı (26/9/2004 Tarihli ve 5237 Sayılı Kanun ile İlgili)",https://www.resmigazete.gov.tr/eskiler/2009/06/20090625-18.htm
2009-06-25,"— Anayasa Mahkemesinin E: 2006/19, K: 2009/32 Sayılı Kararı (26/9/2004 Tarihli ve 5237 Sayılı Kanun ile İlgili)",https://www.resmigazete.gov.tr/eskiler/2009/06/20090625-19.htm
2009-06-25,"— Anayasa Mahkemesinin E: 2009/17, K: 2009/47 Sayılı Kararı (26/9/2004 Tarihli ve 5237 Sayılı Kanun ile İlgili)",https://www.resmigazete.gov.tr/eskiler/2009/06/20090625-20.htm
2009-06-25,"— Anayasa Mahkemesinin E: 2007/14, K: 2009/48 Sayılı Kararı (4/12/2004 Tarihli ve 5271 Sayılı Kanun ile 23/3/2005 Tarihli ve 5320 Sayılı Kanunda Değişiklik Yapan 6/12/2006 Tarihli ve 5560 Sayılı Kanun ile İlgili)",https://www.resmigazete.gov.tr/eskiler/2009/06/20090625-21.htm
2009-06-25,"— Anayasa Mahkemesinin E: 2007/9, K: 2009/49 Sayılı Kararı (4/12/2004 Tarihli ve 5271 Sayılı Kanunda Değişiklik Yapan 6/12/2006 Tarihli ve 5560 Sayılı Kanun ile İlgili)",https://www.resmigazete.gov.tr/eskiler/2009/06/20090625-22.htm
2009-06-25,"— Anayasa Mahkemesinin E: 2007/42, K: 2009/50 Sayılı Kararı (4/12/2004 Tarihli ve 5271 Sayılı Kanunda Değişiklik Yapan 6/12/2006 Tarihli ve 5560 Sayılı Kanun ile İlgili)",https://www.resmigazete.gov.tr/eskiler/2009/06/20090625-23.htm
2009-06-25,"— Anayasa Mahkemesinin E: 2008/45, K: 2009/53 Sayılı Kararı (4/12/2004 Tarihli ve 5271 Sayılı Kanunda Değişiklik Yapan 6/12/2006 Tarihli ve 5560 Sayılı Kanun ile İlgili)",https://www.resmigazete.gov.tr/eskiler/2009/06/20090625-24.htm
2009-06-26,944 Sayıştay Birinci Başkanlığı İçin Yapılan Seçime Dair Karar,https://www.resmigazete.gov.tr/eskiler/2009/06/20090626-1.htm
2009-06-26,945 Sayıştayda Boş Bulunan Altı Üyelik İçin Yapılan Seçime Dair Karar,https://www.resmigazete.gov.tr/eskiler/2009/06/20090626-2.htm
2009-06-26,2009/15030 Türkiye-Suudi Arabistan Ekonomik Komisyonu Dokuzuncu Dönem Toplantısı Protokolü’nün Onaylanması Hakkında Karar,https://www.resmigazete.gov.tr/eskiler/2009/06/20090626-3.htm
2009-06-26,2009/15047 Türk-Yemen Ortak Komitesi Dördüncü Dönem Protokolü’nün Onaylanması Hakkında Karar,https://www.resmigazete.gov.tr/eskiler/2009/06/20090626-4.htm
2009-06-26,2009/15051 Türkiye Cumhuriyeti Sağlık Bakanlığı ile Bahreyn Krallığı Sağlık Bakanlığı Arasında İmzalanan “Sağlık Alanında İşbirliğine Dair Mutabakat Zaptı”nın Onaylanması Hakkında Karar,https://www.resmigazete.gov.tr/eskiler/2009/06/20090626-5.htm
2009-06-26,"2009/15053 Türkiye Cumhuriyeti Hükümeti ile Fransa Cumhuriyeti Hükümeti Arasında İmzalanan “Yatırımların Karşılıklı Teşviki ve Korunması Anlaşması ve Eki Protokol""ün Onaylanması Hakkında Karar",https://www.resmigazete.gov.tr/eskiler/2009/06/20090626-6.htm
2009-06-26,2009/15057 Türkiye Cumhuriyeti ile Avusturya Cumhuriyeti Arasında İmzalanan “Çifte Vergilendirmeyi Önleme Anlaşması ve Eki Protokol”ün Onaylanması Hakkında Karar,https://www.resmigazete.gov.tr/eskiler/2009/06/20090626-7.htm
2009-06-26,2009/15058 Türkiye Cumhuriyeti Hükümeti ile Endonezya Cumhuriyeti Hükümeti Arasında İmzalanan “Tarım Alanında İşbirliği Konulu Mutabakat Zaptı”nın Onaylanması Hakkında Karar,https://www.resmigazete.gov.tr/eskiler/2009/06/20090626-8.htm
2009-06-26,"2009/15089 Afyonkarahisar İli, Sinanpaşa İlçesi Sınırları İçerisinde Bulunan Bazı Alanların “26 Ağustos Tabiat Parkı” Olarak Belirlenmesi Hakkında Karar",https://www.resmigazete.gov.tr/eskiler/2009/06/20090626-9.htm
2009-06-26,2009/15128 Düzcam İthalatında Korunma Önlemi Uygulanmasına İlişkin Karar,https://www.resmigazete.gov.tr/eskiler/2009/06/20090626-10.htm
2009-06-26,"— Çevre ve Orman Bakanlığına, Ulaştırma Bakanı Binali YILDIRIM’ın Vekalet Etmesine Dair Tezkere",https://www.resmigazete.gov.tr/eskiler/2009/06/20090626-11.htm
2009-06-26,— Yapı Malzemelerinin Tabi Olacağı Kriterler Hakkında Yönetmelik,https://www.resmigazete.gov.tr/eskiler/2009/06/20090626-12.htm
2009-06-26,"— Gemi ve Deniz Araçlarının İnşa, Tadilat, Bakım, Onarım ve Söküm İşlemlerinde Gazdan Arındırma Yönetmeliğinde Değişiklik Yapılmasına Dair Yönetmelik",https://www.resmigazete.gov.tr/eskiler/2009/06/20090626-13.htm
2009-06-26,"— Finansal Kiralama, Faktoring ve Finansman Şirketlerinin Kuruluş ve Faaliyet Esasları Hakkında Yönetmelikte Değişiklik Yapılmasına Dair Yönetmelik",https://www.resmigazete.gov.tr/eskiler/2009/06/20090626-14.htm
2009-06-26,— Türk Mühendis ve Mimar Odaları Birliği Mimarlar Odası Ana Yönetmeliğinde Değişiklik Yapılmasına Dair Yönetmelik,https://www.resmigazete.gov.tr/eskiler/2009/06/20090626-15.htm
2009-06-26,— Gazi Üniversitesi Nanotıp ve İleri Teknojiler Uygulama ve Araştırma Merkezi Yönetmeliği,https://www.resmigazete.gov.tr/eskiler/2009/06/20090626-16.htm
2009-06-26,— Karamanoğlu Mehmetbey Üniversitesi Ön Lisans ve Lisans Eğitim-Öğretim ve Sınav Yönetmeliği,https://www.resmigazete.gov.tr/eskiler/2009/06/20090626-17.htm
2009-06-26,— Mersin Üniversitesi Lisansüstü Eğitim ve Öğretim Yönetmeliğinde Değişiklik Yapılmasına Dair Yönetmelik,https://www.resmigazete.gov.tr/eskiler/2009/06/20090626-18.htm
2009-06-26,— Mersin Üniversitesi Uzaktan Eğitim Uygulama ve Araştırma Merkezi Yönetmeliği,https://www.resmigazete.gov.tr/eskiler/2009/06/20090626-19.htm
2009-06-26,"— 10 kHz-60 GHz Frekans Bandında Çalışan Sabit Telekomünikasyon Cihazlarından Kaynaklanan Elektromanyetik Alan Şiddeti Limit Değerlerinin Belirlenmesi, Ölçüm Yöntemleri ve Denetlenmesi Hakkında Yönetmeliğin Uygulanmasına İlişkin Tebliğin Yürürlükten Kaldırılmasına Dair Tebliğ",https://www.resmigazete.gov.tr/eskiler/2009/06/20090626-20.htm
2009-06-26,— Kamu Görevlileri Etik Kurulunun 11/6/2009 Tarihli ve 2009/23 Sayılı Kararı,https://www.resmigazete.gov.tr/eskiler/2009/06/20090626-21.htm
2009-06-27,2009/15029 Türkiye Cumhuriyeti Kültür ve Turizm Bakanlığı ile Suudi Arabistan Krallığı Turizm Yüksek Komisyonu Arasında İmzalanan “Turizm İşbirliği Mutabakat Zaptı”nın Onaylanması Hakkında Karar,https://www.resmigazete.gov.tr/eskiler/2009/06/20090627-1.htm
2009-06-27,2009/15045 Türkiye Cumhuriyeti Hükümeti ile Hırvatistan Cumhuriyeti Hükümeti Arasında İmzalanan “Ekonomik İşbirliği Anlaşması”nın Onaylanması Hakkında Karar,https://www.resmigazete.gov.tr/eskiler/2009/06/20090627-2.htm
2009-06-27,2009/15052 Türkiye Cumhuriyeti Hükümeti ve Kolombiya Cumhuriyeti Hükümeti Arasında İmzalanan “Ticaret İşbirliği Anlaşması”nın Onaylanması Hakkında Karar,https://www.resmigazete.gov.tr/eskiler/2009/06/20090627-3.htm
2009-06-27,"2009/15055 Türkiye-Etiyopya Karma Ekonomik, Ticari ve Teknik İşbirliği Komisyonu 5. Dönem Toplantısı Mutabakat Zaptının Onaylanması Hakkında Karar",https://www.resmigazete.gov.tr/eskiler/2009/06/20090627-4.htm
2009-06-27,2009/15062 Türkiye Cumhuriyeti Hükümeti ile Sudan Cumhuriyeti Hükümeti Arasında İmzalanan “Bilimsel ve Teknolojik İşbirliği Anlaşması”nın Onaylanması Hakkında Karar,https://www.resmigazete.gov.tr/eskiler/2009/06/20090627-5.htm
2009-06-27,2009/15065 Ekonomik İşbirliği Teşkilatı (EİT) Kaçakçılık ve Gümrük Suçları Veri Bankasının Kurulması ve İşletilmesine Dair Anlaşma’nın Onaylanması Hakkında Karar,https://www.resmigazete.gov.tr/eskiler/2009/06/20090627-6.htm
2009-06-27,2009/15073 Türkiye Cumhuriyeti Hükümeti ile Birleşmiş Milletler Sınai Kalkınma Örgütü (BMSKÖ) Arasındaki Uluslararası Hidrojen Enerjisi Teknolojileri Merkezinin Kurulması ve İşletilmesi (UHETEM) Proje’sinin Süresinin 31 Aralık 2010’a Kadar Uzatılmasına Dair Protokolün Onaylanması Hakkında Karar,https://www.resmigazete.gov.tr/eskiler/2009/06/20090627-7.htm
2009-06-27,"2009/15076 Türkiye Cumhuriyeti Hükümeti ile Kenya Cumhuriyeti Hükümeti Arasında İmzalanan “Diplomatik, Resmi, Hizmet ve Hususi Pasaport Hamilleri İçin Vizenin Karşılıklı Olarak Kaldırılmasına Dair Anlaşma”nın Onaylanması Hakkında Karar",https://www.resmigazete.gov.tr/eskiler/2009/06/20090627-8.htm
2009-06-27,2009/15077 Türkiye Cumhuriyeti Tarım ve Köyişleri Bakanlığı ve Filistin Ulusal Yönetimi Tarım Bakanlığı Arasında İmzalanan “Tarım Alanında İşbirliği Konulu Mutabakat Zaptı”nın Onaylanması Hakkında Karar,https://www.resmigazete.gov.tr/eskiler/2009/06/20090627-9.htm
2009-06-27,"2009/15088 Türkiye-Mali Ticaret, Ekonomik ve Teknik İşbirliği Karma Komisyonu I. Dönem Toplantısı Mutabakat Zaptı’nın Onaylanması Hakkında Karar",https://www.resmigazete.gov.tr/eskiler/2009/06/20090627-10.htm
2009-06-27,— Adli Tıp Kurumu Kanunu Uygulama Yönetmeliğinde Değişiklik Yapılmasına Dair Yönetmelik,https://www.resmigazete.gov.tr/eskiler/2009/06/20090627-11.htm
2009-06-27,— Türkiye Barolar Birliği Avukatlık Kanunu Yönetmeliğinde Değişiklik Yapılmasına Dair Yönetmelik,https://www.resmigazete.gov.tr/eskiler/2009/06/20090627-12.htm
2009-06-27,— Numaralandırma Yönetmeliği,https://www.resmigazete.gov.tr/eskiler/2009/06/20090627-13.htm
2009-06-27,— Elektronik Kimlik Bilgisini Haiz Cihazlara Dair Yönetmelik,https://www.resmigazete.gov.tr/eskiler/2009/06/20090627-14.htm
2009-06-27,— Doğal Gaz Piyasası Sertifika Yönetmeliğinde Değişiklik Yapılmasına Dair Yönetmelik,https://www.resmigazete.gov.tr/eskiler/2009/06/20090627-15.htm
2009-06-27,— Türkiye Yatırım Destek ve Tanıtım Ajansı Muhasebe Yönetmeliğinde Değişiklik Yapılmasına Dair Yönetmelik,https://www.resmigazete.gov.tr/eskiler/2009/06/20090627-16.htm
2009-06-27,— Türk Gıda Kodeksi Yumurta ve Yumurta Ürünleri Tebliğinde Değişiklik Yapılması Hakkında Tebliğ (No: 2009/46),https://www.resmigazete.gov.tr/eskiler/2009/06/20090627-17.htm
2009-06-27,— Kentsel Atıksu Arıtımı Yönetmeliği Hassas ve Az Hassas Su Alanları Tebliği,https://www.resmigazete.gov.tr/eskiler/2009/06/20090627-18.htm
2009-06-27,— Kamu İktisadi Teşebbüslerinde 2009 Yılında Uygulanacak Ücretlerin Tespitine İlişkin Tebliğ (No: 2009/1),https://www.resmigazete.gov.tr/eskiler/2009/06/20090627-19.htm
2009-06-27,"— Yargıtay 13, 18 ve 19. Hukuk Dairelerine Ait Kararlar",https://www.resmigazete.gov.tr/eskiler/2009/06/20090627-20.htm
2009-06-28,2009/15074 Türkiye Cumhuriyeti Dışişleri Bakanlığı ile Arap Devletleri Ligi Genel Sekreterliği Arasında Mutabakat Muhtırasının Onaylanması Hakkında Karar,https://www.resmigazete.gov.tr/eskiler/2009/06/20090628-1.htm
2009-06-28,"2009/15078 Türkiye Cumhuriyeti Tarım ve Köyişleri Bakanlığı ile Avustralya Tarım, Balıkçılık ve Ormancılık Bakanlığı Arasındaki Tarım Alanında Teknik, Bilimsel ve Ekonomik İşbirliği Konulu Mutabakat Zaptının Onaylanması Hakkında Karar",https://www.resmigazete.gov.tr/eskiler/2009/06/20090628-2.htm
2009-06-28,2009/15090 Türkiye Cumhuriyeti Sağlık Bakanlığı ve Suudi Arabistan Krallığı Sağlık Bakanlığı Arasında Sağlık Alanında Mutabakat Zaptının Onaylanması Hakkında Karar,https://www.resmigazete.gov.tr/eskiler/2009/06/20090628-3.htm
2009-06-28,"— 4749 Sayılı Kanun Kapsamında Türkiye Cumhuriyeti Tarafından Hibe Alınması, Hibe Verilmesi ve Hibelerin Takibine İlişkin Usul ve Esaslara Dair Yönetmelik",https://www.resmigazete.gov.tr/eskiler/2009/06/20090628-4.htm
2009-06-28,— Motorlu Araçlar ve Römorkları Tip Onayı Yönetmeliği (2007/46/AT),https://www.resmigazete.gov.tr/eskiler/2009/06/20090628-5.htm
2009-06-28,— Yükseköğretim Kurumları Arasında Ön Lisans ve Lisans Düzeyinde Yatay Geçiş Esaslarına İlişkin Yönetmelikte Değişiklik Yapılmasına Dair Yönetmelik,https://www.resmigazete.gov.tr/eskiler/2009/06/20090628-6.htm
2009-06-28,— Yükseköğretim Kurumlarında Yabancı Dil Öğretimi ve Yabancı Dille Öğretim Yapılmasında Uyulacak Esaslara İlişkin Yönetmelikte Değişiklik Yapılmasına Dair Yönetmelik,https://www.resmigazete.gov.tr/eskiler/2009/06/20090628-7.htm
2009-06-28,— Ücret Garanti Fonu Yönetmeliği,https://www.resmigazete.gov.tr/eskiler/2009/06/20090628-8.htm
2009-06-28,— 2009 Yılı Mayıs Ayına Ait Yatırım Teşvik Belgeleri Listesi,https://www.resmigazete.gov.tr/eskiler/2009/06/20090628-9.xls
2009-06-28,— 2009 Yılı Mayıs Ayında Yabancı Sermayeli Firmaların Yatırımları İçin Verilen Yatırım Teşvik Belgeleri Listesi,https://www.resmigazete.gov.tr/eskiler/2009/06/20090628-10.xls
2009-06-29,"— Devlet Bakanı Faruk ÇELİK’e, Devlet Bakanı Hayati YAZICI’nın Vekâlet Etmesine Dair Tezkere",https://www.resmigazete.gov.tr/eskiler/2009/06/20090629-1.htm
2009-06-29,"— Kültür ve Turizm Bakanlığına, Çevre ve Orman Bakanı Veysel EROĞLU’nun Vekâlet Etmesine Dair Tezkere",https://www.resmigazete.gov.tr/eskiler/2009/06/20090629-2.htm
2009-06-29,— Kapadokya Meslek Yüksekokulu Eğitim-Öğretim ve Sınav Yönetmeliği,https://www.resmigazete.gov.tr/eskiler/2009/06/20090629-3.htm
2009-06-29,— Kapadokya Meslek Yüksekokulu Yabancı Dil Eğitim-Öğretim ve Sınav Yönetmeliği,https://www.resmigazete.gov.tr/eskiler/2009/06/20090629-4.htm
2009-06-29,— Kapadokya Meslek Yüksekokulu Yaz Öğretimi Yönetmeliği,https://www.resmigazete.gov.tr/eskiler/2009/06/20090629-5.htm
2009-06-30,— Gümrük Yönetmeliğinde Değişiklik Yapılmasına Dair Yönetmelik,https://www.resmigazete.gov.tr/eskiler/2009/06/20090630-1.htm
2009-06-30,— Su Kirliliği Kontrolü Yönetmeliği Havzalarda Özel Hüküm Belirleme Çalışmalarına İlişkin Usul ve Esaslar Tebliği,https://www.resmigazete.gov.tr/eskiler/2009/06/20090630-2.htm
2009-06-30,— Gümrük Genel Tebliği (Basitleştirilmiş Usul) (Seri No: 2),https://www.resmigazete.gov.tr/eskiler/2009/06/20090630-3.htm
2009-06-30,— Karayolları Motorlu Araçlar Zorunlu Mali Sorumluluk Sigortası Genel Şartlarında Değişiklik Yapılmasına İlişkin Genel Şart,https://www.resmigazete.gov.tr/eskiler/2009/06/20090630-4.htm
2009-06-30,— Yargıtay 2 ve 18. Hukuk Dairelerine Ait Kararlar,https://www.resmigazete.gov.tr/eskiler/2009/06/20090630-5.htm
2009-07-01,941 Dilekçe Komisyonunun Türkiye Büyük Millet Meclisinin Tatili Sırasında Çalışabilmesine İlişkin Karar,https://www.resmigazete.gov.tr/eskiler/2009/07/20090701-1.htm
2009-07-01,942 Kadın Erkek Fırsat Eşitliği Komisyonunun Türkiye Büyük Millet Meclisinin Tatili Sırasında Çalışabilmesine İlişkin Karar,https://www.resmigazete.gov.tr/eskiler/2009/07/20090701-2.htm
2009-07-01,943 İnsan Haklarını İnceleme Komisyonunun Türkiye Büyük Millet Meclisinin Tatili Sırasında Çalışabilmesine İlişkin Karar,https://www.resmigazete.gov.tr/eskiler/2009/07/20090701-3.htm
2009-07-01,"— Devlet Bakanı ve Başbakan Yardımcısı Ali BABACAN’a, Devlet Bakanı Cevdet YILMAZ’ın Vekâlet Etmesine Dair Tezkerenin Çin Halk Cumhuriyeti Kısmının İptaline Dair Tezkere",https://www.resmigazete.gov.tr/eskiler/2009/07/20090701-3-1.htm
2009-07-01,"— Devlet Bakanı Egemen BAĞIŞ’a, Devlet Bakanı Faruk Nafız ÖZAK’ın Vekâlet Etmesine Dair Tezkere",https://www.resmigazete.gov.tr/eskiler/2009/07/20090701-3-2.htm
2009-07-01,"— Enerji ve Tabii Kaynaklar Bakanlığına, Çalışma ve Sosyal Güvenlik Bakanı Ömer DİNÇER’in Vekâlet Etmesine Dair Tezkere",https://www.resmigazete.gov.tr/eskiler/2009/07/20090701-3-3.htm
2009-07-01,— Kıyı Tesislerine İşletme İzni Verilmesine İlişkin Usul ve Esaslar Hakkında Yönetmelikte Değişiklik Yapılmasına Dair Yönetmelik,https://www.resmigazete.gov.tr/eskiler/2009/07/20090701-4.htm
2009-07-01,— Ağrı İbrahim Çeçen Üniversitesi Lisansüstü Eğitim ve Öğretim Yönetmeliği,https://www.resmigazete.gov.tr/eskiler/2009/07/20090701-5.htm
2009-07-01,— Ege Üniversitesi Sürekli Eğitim Merkezi (EGESEM) Yönetmeliğinde Değişiklik Yapılmasına Dair Yönetmelik,https://www.resmigazete.gov.tr/eskiler/2009/07/20090701-6.htm
2009-07-01,— Marmara Üniversitesi Enfeksiyon Hastalıkları Epidemiyolojisi Araştırma ve Uygulama Merkezi Yönetmeliği,https://www.resmigazete.gov.tr/eskiler/2009/07/20090701-7.htm
2009-07-01,— Türkiye Muay Thai Federasyonu Ana Statüsü,https://www.resmigazete.gov.tr/eskiler/2009/07/20090701-8.htm
2009-07-01,— Dahilde İşleme Rejimi Tebliğinde Değişiklik Yapılmasına Dair Tebliğ (İhracat: 2009/6),https://www.resmigazete.gov.tr/eskiler/2009/07/20090701-9.htm
2009-07-02,2009/15129 Kısa Çalışma Süresinin Altı Ay Uzatılması Hakkında Bakanlar Kurulu Kararı,https://www.resmigazete.gov.tr/eskiler/2009/07/20090702-1.htm
2009-07-02,2009/15152 İlgili Mevzuatı Uyarınca İstihdam Edilen Sözleşmeli Personelin Ücretlerinin Arttırılması ve 8/2/2002 Tarihli ve 2002/3729 Sayılı Kararnamenin Eki Kararda Değişiklik Yapılmasına İlişkin Kararın Yürürlüğe Konulması Hakkında Bakanlar Kurulu Kararı,https://www.resmigazete.gov.tr/eskiler/2009/07/20090702-2.htm
2009-07-02,"– Dışişleri Bakanlığına, İçişleri Bakanı Beşir ATALAY'ın Vek â let Etmesine Dair Tezkere",https://www.resmigazete.gov.tr/eskiler/2009/07/20090702-3.htm
2009-07-02,– Numara Taşınabilirliği Yönetmeliği,https://www.resmigazete.gov.tr/eskiler/2009/07/20090702-4.htm
2009-07-02,– Spektrum Yönetimi Yönetmeliği,https://www.resmigazete.gov.tr/eskiler/2009/07/20090702-5.htm
2009-07-03,5904 Gelir Vergisi Kanunu ve Bazı Kanunlarda Değişiklik Yapılması Hakkında Kanun,https://www.resmigazete.gov.tr/eskiler/2009/07/20090703-1..htm
2009-07-03,5905 Askeri Hakimler Kanununda Değişiklik Yapılmasına Dair Kanun,https://www.resmigazete.gov.tr/eskiler/2009/07/20090703-2..htm
2009-07-03,5906 Türk Silahlı Kuvvetleri Personel Kanununda Değişiklik Yapılmasına Dair Kanun,https://www.resmigazete.gov.tr/eskiler/2009/07/20090703-3..htm
2009-07-03,5907 Türk Silahlı Kuvvetlerinde İstihdam Edilecek Sözleşmeli Subay ve Astsubaylar Hakkında Kanunda Değişiklik Yapılmasına Dair Kanun,https://www.resmigazete.gov.tr/eskiler/2009/07/20090703-4..htm
2009-07-03,5910 Türkiye İhracatçılar Meclisi ile İhracatçı Birliklerinin Kuruluş ve Görevleri Hakkında Kanun,https://www.resmigazete.gov.tr/eskiler/2009/07/20090703-5..htm
2009-07-03,"2009/15130 Dünya Bankasından Sağlanan Krediye İlişkin Türkiye Cumhuriyeti ile Adı Geçen Banka Arasında İmzalanan İlişik Anlaşma ve Eki Mektubun, İmza Tarihinden Geçerli Olmak Üzere Yürürlüğe Girmesi Hakkında Karar",https://www.resmigazete.gov.tr/eskiler/2009/07/20090703-6..htm
2009-07-03,2009/15147 Türkiye Cumhuriyeti Hükümeti ile Yemen Cumhuriyeti Hükümeti Arasında Sağlık Alanında İşbirliğine Dair Anlaşma’nın Onaylanması Hakkında Karar,https://www.resmigazete.gov.tr/eskiler/2009/07/20090703-7..htm
2009-07-03,2009/15148 Türkiye Cumhuriyeti Hükümeti ile Sudan Cumhuriyeti Hükümeti Arasında Sağlık ve Tıp Alanlarında İşbirliğine Dair Protokol’ün Onaylanması Hakkında Karar,https://www.resmigazete.gov.tr/eskiler/2009/07/20090703-8..htm
2009-07-03,2009/15149 Türkiye Cumhuriyeti Hükümeti ile Slovenya Cumhuriyeti Hükümeti Arasında Sağlık ve Tıp Alanında İşbirliğine Dair Anlaşma’nın Onaylanması Hakkında Karar,https://www.resmigazete.gov.tr/eskiler/2009/07/20090703-9..htm
2009-07-03,2009/15132 2011 Trabzon Avrupa Olimpik Gençlik Festivali Organizasyonunda Görev Alacak Genel Koordinatör ve Personele Ödenecek Ücret ile Çalıştırılabilecek Personel Sayısının Belirlenmesine Dair Karar,https://www.resmigazete.gov.tr/eskiler/2009/07/20090703-10..htm
2009-07-03,2009/15133 2011 Erzurum Dünya Üniversitelerarası Kış Spor Oyunları Organizasyonunda Görev Alacak Genel Koordinatör ve Personele Ödenecek Ücret ile Çalıştırılabilecek Personel Sayısının Belirlenmesine Dair Karar,https://www.resmigazete.gov.tr/eskiler/2009/07/20090703-11..htm
2009-07-03,2009/15146 Banka ve Sigorta İşçileri Sendikası ile Türkiye İş Bankası Anonim Şirketi İşletmesi ve Bağlı İşyerleri Arasında Akdedilen Toplu İş Sözleşmesinin Aynı İşkolunda Faaliyette Bulunan Bazı İşyerlerine Teşmil Edilmesine İlişkin 19/3/2009 Tarihli ve 2009/14890 Sayılı Kararnamenin Eki Kararda Değişiklik Yapılması Hakkındaki Ekli Kararın Yürürlüğe Konulmasına Dair Karar,https://www.resmigazete.gov.tr/eskiler/2009/07/20090703-12..htm
2009-07-03,2009/15150 Belgesiz İhracat Kredileri ile Vergi Resim ve Harç İstisnası Belgeleri Hakkında Kararın Yürürlüğe Konulmasına Dair Karar,https://www.resmigazete.gov.tr/eskiler/2009/07/20090703-13..htm
2009-07-03,2009/15151 2009 Yılı Yatırım Programının Düzeltilmesi Hakkında Karar,https://www.resmigazete.gov.tr/eskiler/2009/07/20090703-14..htm
2009-07-03,"— Devlet Bakanı ve Başbakan Yardımcısı Ali BABACAN’a, Devlet Bakanı Mehmet AYDIN’ın Vekâlet Etmesine Dair Tezkere",https://www.resmigazete.gov.tr/eskiler/2009/07/20090703-15..htm
2009-07-03,— Başbakanlık ile Bayındırlık ve İskan Bakanlığına Ait Atama Kararları,https://www.resmigazete.gov.tr/eskiler/2009/07/20090703-16..htm
2009-07-03,— Meyve Fidanı ve Üretim Materyali Sertifikasyonu ile Pazarlaması Yönetmeliği,https://www.resmigazete.gov.tr/eskiler/2009/07/20090703-17..htm
2009-07-03,— Asma Fidanı ve Üretim Materyali Sertifikasyonu ile Pazarlaması Yönetmeliği,https://www.resmigazete.gov.tr/eskiler/2009/07/20090703-18..htm
2009-07-03,— Sosyal Güvenlik Kurumları Harcama Belgeleri Yönetmeliğinde Değişiklik Yapılmasına Dair Yönetmelik,https://www.resmigazete.gov.tr/eskiler/2009/07/20090703-19..htm
2009-07-03,— Sanayi Kaynaklı Hava Kirliliğinin Kontrolü Yönetmeliği,https://www.resmigazete.gov.tr/eskiler/2009/07/20090703-20..htm
2009-07-03,— 2022 Sayılı Kanun Kapsamında Aylık Alan Özürlülere Sağlık Kurulu Raporu Vermeye Yetkili Hastanelerin Belirlenmesi ile Sağlık Raporlarının Alınmasına İlişkin Usul ve Esaslar Hakkında Yönetmelik,https://www.resmigazete.gov.tr/eskiler/2009/07/20090703-21..htm
2009-07-03,"— Mal Alımları Denetim, Muayene ve Kabul İşlemlerine Dair Yönetmelikte Değişiklik Yapılmasına Dair Yönetmelik",https://www.resmigazete.gov.tr/eskiler/2009/07/20090703-22..htm
2009-07-03,— Hizmet Alımı İhaleleri Uygulama Yönetmeliğinde Değişiklik Yapılmasına Dair Yönetmelik,https://www.resmigazete.gov.tr/eskiler/2009/07/20090703-23..htm
2009-07-03,— Mal Alımı İhaleleri Uygulama Yönetmeliğinde Değişiklik Yapılmasına Dair Yönetmelik,https://www.resmigazete.gov.tr/eskiler/2009/07/20090703-24..htm
2009-07-03,— Danışmanlık Hizmet Alımı İhaleleri Uygulama Yönetmeliğinde Değişiklik Yapılmasına Dair Yönetmelik,https://www.resmigazete.gov.tr/eskiler/2009/07/20090703-25..htm
2009-07-03,— Çerçeve Anlaşma İhaleleri Uygulama Yönetmeliğinde Değişiklik Yapılmasına Dair Yönetmelik,https://www.resmigazete.gov.tr/eskiler/2009/07/20090703-26..htm
2009-07-03,— Yapım İşleri İhaleleri Uygulama Yönetmeliğinde Değişiklik Yapılmasına Dair Yönetmelik,https://www.resmigazete.gov.tr/eskiler/2009/07/20090703-27..htm
2009-07-03,— Fikri ve Sınai Mülkiyet Hakları Koordinasyon Kurulu ile İlgili 2009/11 Sayılı Başbakanlık Genelgesi,https://www.resmigazete.gov.tr/eskiler/2009/07/20090703-28..htm
2009-07-03,— Sendikal Gelişmeler Doğrultusunda Alınacak Önlemler ile İlgili 2009/12 Sayılı Başbakanlık Genelgesi,https://www.resmigazete.gov.tr/eskiler/2009/07/20090733-28.-1.htm
2009-07-03,— Parasal Sınırlar ve Oranlar Hakkında Genel Tebliğde Değişiklik Yapılması Hakkında Tebliğ,https://www.resmigazete.gov.tr/eskiler/2009/07/20090703-29..htm
2009-07-03,— İşkolu Tespit Kararı (No: 2009/34),https://www.resmigazete.gov.tr/eskiler/2009/07/20090703-30..htm
2009-07-03,— İşkolu Tespit Kararı (No: 2009/35),https://www.resmigazete.gov.tr/eskiler/2009/07/20090703-31..htm
2009-07-03,— İthalatta Korunma Önlemlerine İlişkin Tebliğ (No: 2009/11),https://www.resmigazete.gov.tr/eskiler/2009/07/20090703-32..htm
2009-07-03,— Elektrik Piyasasında İletim ve Dağıtım Sistemlerine Bağlantı ve Sistem Kullanımı Hakkında Tebliğ’de Değişiklik Yapılmasına İlişkin Tebliğ,https://www.resmigazete.gov.tr/eskiler/2009/07/20090703-33..htm
2009-07-04,"2009/15107 Türkiye Cumhuriyeti, Maliye Bakanlığı, Mali Suçları Araştırma Kurulu Başkanlığı (MASAK) ile Makedonya Cumhuriyeti, Karapara Aklama ve Terörizmin Finansmanını Önleme Bürosu Arasında Karapara Aklama ve Terörizmin Finansmanı ile İlgili Finansal İstihbarat Değişiminde İşbirliğine Dair Mutabakat Muhtırasının Yürürlüğe Konulması Hakkında Karar",https://www.resmigazete.gov.tr/eskiler/2009/07/20090704-5.htm
2009-07-04,"2009/15112 Sigortalı İşsizler ile Türkiye İş Kurumuna Kayıtlı Diğer İşsizlere Yönelik İş Bulma, Danışmanlık Hizmetleri, Mesleki Eğitim, İşgücü Uyum ve Toplum Yararına Çalışma Hizmetleri ile İşgücü Piyasası Araştırma ve Planlama Çalışmaları Kapsamında Yapılacak Giderlerin Yıllık Miktarının 2009 ve 2010 Yılları İçin İşsizlik Sigortası Primi Olarak Bir Önceki Yıl İçinde İşsizlik Sigortası Fonuna Aktarılan Devlet Payının Yüzde Ellisine Çıkarılması Hakkında Karar",https://www.resmigazete.gov.tr/eskiler/2009/07/20090704-6.htm
2009-07-04,"2009/15144 Dışişleri Bakanlığı Müsteşarı, Büyükelçi Ertuğrul Apakan’ın, Birleşmiş Milletler Nezdinde Türkiye Cumhuriyeti Daimi Temsilcisi Olarak Atanması Hakkında Karar",https://www.resmigazete.gov.tr/eskiler/2009/07/20090704-7.htm
2009-07-04,"2009/15127 Muhasebe Yetkilisi Adaylarının Eğitimi, Sertifika Verilmesi ile Muhasebe Yetkililerinin Çalışma Usul ve Esasları Hakkında Yönetmelikte Değişiklik Yapılmasına Dair Yönetmelik",https://www.resmigazete.gov.tr/eskiler/2009/07/20090704-8.htm
2009-07-04,— Mahalli İdareler Personelinin Görevde Yükselme ve Unvan Değişikliği Esaslarına Dair Yönetmelik,https://www.resmigazete.gov.tr/eskiler/2009/07/20090704-1.htm
2009-07-04,— Türkiye Şeker Fabrikaları Anonim Şirketi Genel Müdürlüğü Mal ve Hizmet Alımı Yönetmeliğinde Değişiklik Yapılmasına Dair Yönetmelik,https://www.resmigazete.gov.tr/eskiler/2009/07/20090704-2.htm
2009-07-04,— Kapadokya Meslek Yüksekokulu Eğitim-Öğretim ve Sınav Yönetmeliğinin Yürürlükten Kaldırılmasına Dair Yönetmelik,https://www.resmigazete.gov.tr/eskiler/2009/07/20090704-3.htm
2009-07-04,— Özelleştirme Yüksek Kurulunun 2/7/2009 Tarihli ve 2009/43 Sayılı Kararı,https://www.resmigazete.gov.tr/eskiler/2009/07/20090704-4.htm
2009-07-05,"2009/15106 Resmi İstatistik Programı (2007-2011, Revize 2)’nın Kabul Edilmesi Hakkında Karar",https://www.resmigazete.gov.tr/eskiler/2009/07/20090705-1.htm
2009-07-05,"— Sağlık Bakanlığına, Milli Eğitim Bakanı Nimet ÇUBUKÇU’nun Vekâlet Etmesine Dair Tezkere",https://www.resmigazete.gov.tr/eskiler/2009/07/20090705-2.htm
2009-07-05,"— Tarım ve Köyişleri Bakanlığına, Devlet Bakanı Mehmet Zafer ÇAĞLAYAN’ın Vekâlet Etmesine Dair Tezkere",https://www.resmigazete.gov.tr/eskiler/2009/07/20090705-3.htm
2009-07-05,— Giresun Üniversitesi Fındık Araştırma ve Uygulama Merkezi Yönetmeliği,https://www.resmigazete.gov.tr/eskiler/2009/07/20090705-4.htm
2009-07-05,— Özyeğin Üniversitesi Lisans Eğitim-Öğretim Yönetmeliği,https://www.resmigazete.gov.tr/eskiler/2009/07/20090705-5.htm
2009-07-05,— Sinop Üniversitesi Eğitim-Öğretim ve Sınav Yönetmeliği,https://www.resmigazete.gov.tr/eskiler/2009/07/20090705-6.htm
2009-07-06,"2009/15104 Türkiye Cumhuriyeti Hükümeti ile Küba Cumhuriyeti Hükümeti Arasında İmzalanan “Eğitim, Bilim, Kültür ve Sanat, Basın-Yayın, Gençlik ve Spor Hakkında İşbirliği Programı”nın Onaylanmasına Dair Karar",https://www.resmigazete.gov.tr/eskiler/2009/07/20090706-1.htm
2009-07-06,2009/15105 Türkiye Cumhuriyeti Hükümeti ile Ukrayna Bakanlar Kurulu Arasında İmzalanan “Demiryolu Taşımacılığı Alanında İşbirliği Anlaşması”nın Onaylanmasına Dair Karar,https://www.resmigazete.gov.tr/eskiler/2009/07/20090706-2.htm
2009-07-06,2009/15116 Türkiye Cumhuriyeti Hükümeti ve Slovak Cumhuriyeti Hükümeti Arasında İmzalanan “Ekonomik İşbirliği Anlaşması”nın Onaylanmasına Dair Karar,https://www.resmigazete.gov.tr/eskiler/2009/07/20090706-3.htm
2009-07-06,— Ankara Üniversitesi Beyin Araştırmaları ve Uygulama Merkezi Yönetmeliğinde Değişiklik Yapılmasına Dair Yönetmelik,https://www.resmigazete.gov.tr/eskiler/2009/07/20090706-4.htm
2009-07-06,— Erciyes Üniversitesi Hukuk Fakültesi Eğitim-Öğretim Yönetmeliğinde Değişiklik Yapılmasına Dair Yönetmelik,https://www.resmigazete.gov.tr/eskiler/2009/07/20090706-5.htm
2009-07-06,— Rize Üniversitesi Tıp Fakültesi Eğitim-Öğretim ve Sınav Yönetmeliği,https://www.resmigazete.gov.tr/eskiler/2009/07/20090706-6.htm
2009-07-06,Tıklayınız 6/7/2009 tarihli ve 27280 sayılı mükerrer Resmî Gazete'de; Yüksek Seçim Kurulu'nun 2469 Sayılı Kararı yayımlanmıştır.,http://www.resmigazete.gov.tr/eskiler/2009/07/20090706M1.htm
2009-07-07,5911 Gümrük Kanunu ile Bazı Kanun ve Kanun Hükmünde Kararnamelerde Değişiklik Yapılmasına Dair Kanun,https://www.resmigazete.gov.tr/eskiler/2009/07/20090707-1.htm
2009-07-07,5912 Kat Mülkiyeti Kanununda Değişiklik Yapılmasına İlişkin Kanun,https://www.resmigazete.gov.tr/eskiler/2009/07/20090707-2.htm
2009-07-07,5913 Yükseköğretim Kurumları Teşkilatı Kanununda Değişiklik Yapılmasına Dair Kanun,https://www.resmigazete.gov.tr/eskiler/2009/07/20090707-3.htm
2009-07-07,"5914 Türkiye Cumhuriyeti Hükümeti ile İslam Konferansı Örgütüne Bağlı İslam Ülkeleri İstatistik, Ekonomik ve Sosyal Araştırmalar ve Eğitim Merkezi (SESRIC) Arasında Ankara/Oran Diplomatik Sitede Arsa Tahsisine İlişkin Protokolün Onaylanmasının Uygun Bulunduğuna Dair Kanun",https://www.resmigazete.gov.tr/eskiler/2009/07/20090707-4.htm
2009-07-07,5915 Banka Kartları ve Kredi Kartları Kanununda Değişiklik Yapılması Hakkında Kanun,https://www.resmigazete.gov.tr/eskiler/2009/07/20090707-5.htm
2009-07-07,— Devlet Bakanı Selma Aliye KAVAF’a Devlet Bakanı Faruk ÇELİK’in Vekâlet Etmesine Dair Tezkere,https://www.resmigazete.gov.tr/eskiler/2009/07/20090707-6.htm
2009-07-07,"— Çalışma ve Sosyal Güvenlik Bakanlığına, Bayındırlık ve İskan Bakanı Mustafa DEMİR’in Vekâlet Etmesine Dair Tezkere",https://www.resmigazete.gov.tr/eskiler/2009/07/20090707-7.htm
2009-07-07,"— Trakya Üniversitesi Lisans Eğitim, Öğretim ve Sınav Yönetmeliğinde Değişiklik Yapılmasına Dair Yönetmelik",https://www.resmigazete.gov.tr/eskiler/2009/07/20090707-8.htm
2009-07-07,— Trakya Üniversitesi Lisansüstü Eğitim-Öğretim Yönetmeliğinde Değişiklik Yapılmasına Dair Yönetmelik,https://www.resmigazete.gov.tr/eskiler/2009/07/20090707-9.htm
2009-07-07,— Trakya Üniversitesi Devlet Konservatuvarı Lisans Öğretim ve Sınav Yönetmeliğinde Değişiklik Yapılmasına Dair Yönetmelik,https://www.resmigazete.gov.tr/eskiler/2009/07/20090707-10.htm
2009-07-07,"— Trakya Üniversitesi Meslek Yüksekokulları Eğitim, Öğretim ve Sınav Yönetmeliğinde Değişiklik Yapılmasına Dair Yönetmelik",https://www.resmigazete.gov.tr/eskiler/2009/07/20090707-11.htm
2009-07-07,— Trakya Üniversitesi Edirne Sağlık Yüksekokulu Eğitim-Öğretim ve Sınav Yönetmeliğinde Değişiklik Yapılmasına Dair Yönetmelik,https://www.resmigazete.gov.tr/eskiler/2009/07/20090707-12.htm
2009-07-07,— Trakya Üniversitesi Tıp Fakültesi Eğitim-Öğretim ve Sınav Yönetmeliğinde Değişiklik Yapılmasına Dair Yönetmelik,https://www.resmigazete.gov.tr/eskiler/2009/07/20090707-13.htm
2009-07-07,"— İflas İdaresi Ücreti, Yazı ve Tebligat Masrafı Tarifesi Hakkında Tebliğ",https://www.resmigazete.gov.tr/eskiler/2009/07/20090707-14.htm
2009-07-07,— 5746 Sayılı Araştırma ve Geliştirme Faaliyetlerinin Desteklenmesi Hakkında Kanun Genel Tebliği (Seri No: 3),https://www.resmigazete.gov.tr/eskiler/2009/07/20090707-15.htm
2009-07-07,— Damga Vergisi Kanunu Genel Tebliği (Seri No: 52),https://www.resmigazete.gov.tr/eskiler/2009/07/20090707-16.htm
2009-07-07,— 4688 Sayılı Kamu Görevlileri Sendikaları Kanunu Gereğince Kamu Görevlileri Sendikaların Sayıları ve Konfederasyonların Üye Sayılarına İlişkin 2009 Temmuz İstatistikleri Hakkında Tebliğ,https://www.resmigazete.gov.tr/eskiler/2009/07/20090707-17.htm
2009-07-07,"— Anayasa Mahkemesinin E: 2008/5, K: 2009/81 Sayılı Kararı (22/4/1983 Tarihli ve 2820 Sayılı Kanunda Değişiklik Yapan 2/1/2003 Tarihli ve 4778 Sayılı Kanun ile İlgili)",https://www.resmigazete.gov.tr/eskiler/2009/07/20090707-18.htm
2009-07-08,2009/15125 Türkiye Cumhuriyeti Sağlık Bakanlığı ve Dünya Sağlık Örgütü Avrupa Bölge Ofisi Arasında İki Yıllık İşbirliği Anlaşması (2004-2005) nın Onaylanması Hakkında Karar,https://www.resmigazete.gov.tr/eskiler/2009/07/20090708-1.htm
2009-07-08,"2009/15108 Savunma Sanayii Müsteşarlığı Tarafından, 4734 Sayılı Kamu İhale Kanununun 3 üncü Maddesinin (b) Bendi Kapsamında Yapılacak İhalelere İlişkin Esasların Yürürlüğe Konulması Hakkında Karar",https://www.resmigazete.gov.tr/eskiler/2009/07/20090708-2.htm
2009-07-08,"— Devlet Bakanı Egemen BAĞIŞ’a, Devlet Bakanı Faruk Nafız ÖZAK’ın Vekâlet Etmesine Dair Tezkere",https://www.resmigazete.gov.tr/eskiler/2009/07/20090708-3.htm
2009-07-08,"— Devlet Bakanı Egemen BAĞIŞ’a, Milli Savunma Bakanı M. Vecdi GÖNÜL’ün Vekâlet Etmesine Dair Tezkere",https://www.resmigazete.gov.tr/eskiler/2009/07/20090708-4.htm
2009-07-08,— Çağ Üniversitesi Önlisans ve Lisans Eğitim-Öğretim ve Sınav Yönetmeliğinde Değişiklik Yapılmasına Dair Yönetmelik,https://www.resmigazete.gov.tr/eskiler/2009/07/20090708-5.htm
2009-07-08,— Cumhuriyet Üniversitesi Uzaktan Eğitim Merkezi Yönetmeliğinde Değişiklik Yapılmasına Dair Yönetmelik,https://www.resmigazete.gov.tr/eskiler/2009/07/20090708-6.htm
2009-07-08,— Erciyes Üniversitesi Hidroklimatoloji Fiziksel Tıp Araştırma ve Uygulama Merkezi Yönetmeliğinin Yürürlükten Kaldırılmasına Dair Yönetmelik,https://www.resmigazete.gov.tr/eskiler/2009/07/20090708-7.htm
2009-07-08,— Erciyes Üniversitesi Tıp Fakültesi Hastanesi Araştırma ve Uygulama Merkezi Yönetmeliğinin Yürürlükten Kaldırılmasına Dair Yönetmelik,https://www.resmigazete.gov.tr/eskiler/2009/07/20090708-8.htm
2009-07-08,"— Anayasa Mahkemesinin E: 2006/99, K: 2009/9 Sayılı Kararı (26/4/2006 Tarihli ve 5491 Sayılı Kanun ile İlgili)",https://www.resmigazete.gov.tr/eskiler/2009/07/20090708-9.htm
2009-07-09,5916 Avrupa Birliği Genel Sekreterliği Teşkilat ve Görevleri Hakkında Kanun,https://www.resmigazete.gov.tr/eskiler/2009/07/20090709-1.htm
2009-07-09,5918 Türk Ceza Kanunu ile Bazı Kanunlarda Değişiklik Yapılmasına Dair Kanun,https://www.resmigazete.gov.tr/eskiler/2009/07/20090709-2.htm
2009-07-09,5919 Türkiye Cumhuriyeti ile Cezayir Demokratik Halk Cumhuriyeti Arasında Dostluk ve İşbirliği Anlaşmasının Onaylanmasının Uygun Bulunduğuna Dair Kanun,https://www.resmigazete.gov.tr/eskiler/2009/07/20090709-3.htm
2009-07-09,"— Başbakanlığa, Devlet Bakanı ve Başbakan Yardımcısı Bülent ARINÇ’ın Vekâlet Etmesine Dair Tezkere",https://www.resmigazete.gov.tr/eskiler/2009/07/20090709-4.htm
2009-07-09,"— Devlet Bakanı ve Başbakan Yardımcısı Ali BABACAN’a, Devlet Bakanı Cevdet YILMAZ’ın Vekâlet Etmesine Dair Tezkere",https://www.resmigazete.gov.tr/eskiler/2009/07/20090709-5.htm
2009-07-09,"— Devlet Bakanı Hayati YAZICI’ya, Devlet Bakanı Mehmet Zafer ÇAĞLAYAN’ın Vekâlet Etmesine Dair Tezkere",https://www.resmigazete.gov.tr/eskiler/2009/07/20090709-6.htm
2009-07-09,"— Devlet Bakanı Faruk Nafız ÖZAK’a, Devlet Bakanı Selma Aliye KAVAF’ın Vekâlet Etmesine Dair Tezkere",https://www.resmigazete.gov.tr/eskiler/2009/07/20090709-7.htm
2009-07-09,"— Maliye Bakanlığına, İçişleri Bakanı Beşir ATALAY’ın Vekâlet Etmesine Dair Tezkere",https://www.resmigazete.gov.tr/eskiler/2009/07/20090709-8.htm
2009-07-09,2009/15096 Başbakanlık Yüksek Denetleme Kurulunda Boş Bulunan Üyeliklere Yapılan Atamalar Hakkında Karar,https://www.resmigazete.gov.tr/eskiler/2009/07/20090709-9.htm
2009-07-09,"— Başbakanlık, Devlet Bakanı ve Başbakan Yardımcılığı, Devlet, Adalet, Milli Savunma, Sağlık, Ulaştırma, Tarım ve Köyişleri, Sanayi ve Ticaret, Kültür ve Turizm ile Çevre ve Orman Bakanlıklarına Ait Atama Kararları",https://www.resmigazete.gov.tr/eskiler/2009/07/20090709-10.htm
2009-07-09,— Özürlü Bireylere Uygulanacak Destek Eğitim Programları ve Eğitim Giderlerinin Karşılanmasına Dair Yönetmelik,https://www.resmigazete.gov.tr/eskiler/2009/07/20090709-11.htm
2009-07-09,— Gelişmekte Olan Spor Branşları Federasyonu Rafting Hakem Yönetmeliği,https://www.resmigazete.gov.tr/eskiler/2009/07/20090709-12.htm
2009-07-09,— Gelişmekte Olan Spor Branşları Federasyonu Korfbol Hakem Yönetmeliği,https://www.resmigazete.gov.tr/eskiler/2009/07/20090709-13.htm
2009-07-09,— Ankara Üniversitesi Psikiyatrik Kriz Uygulama ve Araştırma Merkezi Yönetmeliğinde Değişiklik Yapılmasına Dair Yönetmelik,https://www.resmigazete.gov.tr/eskiler/2009/07/20090709-14.htm
2009-07-09,— Çukurova Üniversitesi Öğretim Elemanlarının Teknoloji Geliştirme Bölgesinde Görevlendirme ve Şirket Kurabilmelerine Dair Yönetmelikte Değişiklik Yapılmasına Dair Yönetmelik,https://www.resmigazete.gov.tr/eskiler/2009/07/20090709-15.htm
2009-07-09,— Hacettepe Üniversitesi Devlet Konservatuvarı Lisans Öğretim ve Sınav Yönetmeliğinde Değişiklik Yapılmasına Dair Yönetmelik,https://www.resmigazete.gov.tr/eskiler/2009/07/20090709-16.htm
2009-07-09,— İstanbul Gelişim Meslek Yüksekokulu Ana Yönetmeliği,https://www.resmigazete.gov.tr/eskiler/2009/07/20090709-17.htm
2009-07-09,— Temerrüde Düşmüş Kredi Kartı Borçlarının Yapılandırılmasında Kullanılacak Endeks Katsayıları Hakkında Tebliğ,https://www.resmigazete.gov.tr/eskiler/2009/07/20090709-18.htm
2009-07-09,Tıklayınız 9/7/2009 tarihli ve 27283 sayılı mükerrer Resmî Gazete'de; Yüksek Seçim Kurulu'nun 8/7/2009 Tarihli ve 2490 Sayılı Kararı yayımlanmıştır.,http://www.resmigazete.gov.tr/eskiler/2009/07/20090709M1.htm
2009-07-10,5917 Bütçe Kanunlarında Yer Alan Bazı Hükümlerin İlgili Kanun ve Kanun Hükmünde Kararnamelere Eklenmesi ile Bazı Kanun ve Kanun Hükmünde Kararnamelerde Değişiklik Yapılmasına İlişkin Kanun,https://www.resmigazete.gov.tr/eskiler/2009/07/20090710-1.htm
2009-07-10,"2009/15124 Türkiye Cumhuriyeti Hükümeti ve Avusturalya Hükümeti Arasında İmzalanan Ticaret, Ekonomik ve Teknik İşbirliği Karma Ekonomik Komitesi VI. Dönem Toplantısı Mutabakat Zaptının Onaylanmasına Dair Karar",https://www.resmigazete.gov.tr/eskiler/2009/07/20090710-2.htm
2009-07-10,— Devlet Bakanlığına Ait Atama Kararı,https://www.resmigazete.gov.tr/eskiler/2009/07/20090710-3.htm
2009-07-10,— Dış Ticaret Müsteşarlığı Personelinin Yurt Dışı Sürekli Göreve Atanmasına İlişkin Yönetmelik,https://www.resmigazete.gov.tr/eskiler/2009/07/20090710-4.htm
2009-07-10,— Refik Saydam Hıfzıssıhha Merkezi Başkanlığı Merkez ve Taşra Teşkilatında Görevli Personele Döner Sermaye Gelirlerinden Ek Ödeme Yapılmasına Dair Yönetmelikte Değişiklik Yapılması Hakkında Yönetmelik,https://www.resmigazete.gov.tr/eskiler/2009/07/20090710-5.htm
2009-07-10,— Tehlikeli Maddelerin Karayoluyla Taşınması Hakkında Yönetmelikte Değişiklik Yapılmasına Dair Yönetmelik,https://www.resmigazete.gov.tr/eskiler/2009/07/20090710-6.htm
2009-07-10,— Aydınlatma Yönetmeliği,https://www.resmigazete.gov.tr/eskiler/2009/07/20090710-7.htm
2009-07-10,— Elektrik Piyasası Dağıtım Yönetmeliğinde Değişiklik Yapılmasına Dair Yönetmelik,https://www.resmigazete.gov.tr/eskiler/2009/07/20090710-8.htm
2009-07-10,— Türkiye Radyo-Televizyon Kurumu Festival ve Benzeri Hizmetler Yönetmeliğinin Yürürlükten Kaldırılmasına Dair Yönetmelik,https://www.resmigazete.gov.tr/eskiler/2009/07/20090710-9.htm
2009-07-10,"— Türkiye Radyo-Televizyon Kurumu Genel Sekreterlik Basım ve Yayın Müdürlüğü Ofset Tesislerinin Kurum Dışı Hizmetlerinde Uygulanacak Satım, Alım, Yapım ve İhale Yönetmeliğinin Yürürlükten Kaldırılmasına Dair Yönetmelik",https://www.resmigazete.gov.tr/eskiler/2009/07/20090710-10.htm
2009-07-10,— Mecburi Standard Tebliği (No: ÖSG-2009/05),https://www.resmigazete.gov.tr/eskiler/2009/07/20090710-11.htm
2009-07-10,— Mecburi Standard Tebliği (No: ÖSG-2009/08),https://www.resmigazete.gov.tr/eskiler/2009/07/20090710-12.htm
2009-07-10,— Devlet Muhasebesi Standardı 6 (DMS 6) Konsolide ve Bireysel Mali Tablolar,https://www.resmigazete.gov.tr/eskiler/2009/07/20090710-13.htm
2009-07-10,— Yargıtay 7 nci Hukuk Dairesine Ait Karar,https://www.resmigazete.gov.tr/eskiler/2009/07/20090710-14.htm
2009-07-11,"2009/15141 Kamu Kurum ve Kuruluşlarının Yurtdışı Teşkilatını Oluşturan Birimlerin Nitelik, Kurulduğu Şehir ve Ülke, Görev Alanı, Akredite Edildiği Ülkeler ve Bağlı Bulunduğu Misyonlar Hakkında 99/12770 Sayılı Kararda Değişiklik Yapılmasına İlişkin Karar",https://www.resmigazete.gov.tr/eskiler/2009/07/20090711-1.htm
2009-07-11,"— Ulaştırma Bakanlığına, Sağlık Bakanı Recep AKDAĞ’ın Vekâlet Etmesine Dair Tezkere",https://www.resmigazete.gov.tr/eskiler/2009/07/20090711-2.htm
2009-07-11,— Nükleer ve Radyolojik Tehlike Durumu Ulusal Uygulama Yönetmeliğinde Değişiklik Yapılmasına Dair Yönetmelik,https://www.resmigazete.gov.tr/eskiler/2009/07/20090711-3.htm
2009-07-11,— Fazla veya Yersiz Ödemelerin Tahsiline İlişkin Usul ve Esaslar Hakkında Yönetmelikte Değişiklik Yapılmasına Dair Yönetmelik,https://www.resmigazete.gov.tr/eskiler/2009/07/20090711-4.htm
2009-07-11,— Pamukkale Üniversitesi Lisansüstü Eğitim ve Öğretim Yönetmeliği,https://www.resmigazete.gov.tr/eskiler/2009/07/20090711-5.htm
2009-07-11,— Türk Parası Kıymetini Koruma Hakkında 32 Sayılı Karara İlişkin 2008-32/34 Sayılı Tebliğde Değişiklik Yapılmasına Dair Tebliğ (No : 2009-32/37),https://www.resmigazete.gov.tr/eskiler/2009/07/20090711-6.htm
2009-07-11,— İthalatta Korunma Önlemlerine İlişkin Tebliğ (No: 2009/12),https://www.resmigazete.gov.tr/eskiler/2009/07/20090711-7.htm
2009-07-11,— İthalatta Korunma Önlemlerine İlişkin Tebliğ (No: 2009/13),https://www.resmigazete.gov.tr/eskiler/2009/07/20090711-8.htm
2009-07-11,— İthalatta Korunma Önlemlerine İlişkin Tebliğ (No: 2009/14),https://www.resmigazete.gov.tr/eskiler/2009/07/20090711-9.htm
2009-07-11,— İthalatta Korunma Önlemlerine İlişkin Tebliğ (No: 2009/15),https://www.resmigazete.gov.tr/eskiler/2009/07/20090711-10.htm
2009-07-11,— İthalatta Korunma Önlemlerine İlişkin Tebliğ (No: 2009/16),https://www.resmigazete.gov.tr/eskiler/2009/07/20090711-11.htm
2009-07-12,"— Devlet Bakanı Mehmet Zafer ÇAĞLAYAN’a, Kültür ve Turizm Bakanı Ertuğrul GÜNAY’ın Vekâlet Etmesine Dair Tezkere",https://www.resmigazete.gov.tr/eskiler/2009/07/20090712-1.htm
2009-07-12,— Motorlu Araçlar ve Römorklarının Isıtma Sistemleri ile İlgili Tip Onayı Yönetmeliğinde (2001/56/AT) Değişiklik Yapılmasına Dair Yönetmelik,https://www.resmigazete.gov.tr/eskiler/2009/07/20090712-2.htm
2009-07-12,— Motorlu Araçların ve Römorklarının Arka Tescil Plakasının Takıldığı ve Sabitlendiği Alan ile İlgili Tip Onayı Yönetmeliğinde (70/222/AT) Değişiklik Yapılmasına Dair Yönetmelik,https://www.resmigazete.gov.tr/eskiler/2009/07/20090712-3.htm
2009-07-12,— Motorlu Araçların ve Römorklarının Yönlendirme (Direksiyon) Tertibatı ile İlgili Tip Onayı Yönetmeliğinde (70/311/AT) Değişiklik Yapılmasına Dair Yönetmelik,https://www.resmigazete.gov.tr/eskiler/2009/07/20090712-4.htm
2009-07-12,— Motorlu Araçların ve Römorklarının Kapılarının Özelliklerine İlişkin Tip Onayı Yönetmeliğinde (70/387/AT) Değişiklik Yapılmasına Dair Yönetmelik,https://www.resmigazete.gov.tr/eskiler/2009/07/20090712-5.htm
2009-07-12,— Motorlu Araçların İzinsiz Kullanıma Karşı Koruma Cihazları ile İlgili Tip Onayı Yönetmeliğinde (74/61/AT) Değişiklik Yapılmasına Dair Yönetmelik,https://www.resmigazete.gov.tr/eskiler/2009/07/20090712-6.htm
2009-07-12,— Motorlu Araçların İç Donanımları (Bir Çarpma Halinde Direksiyon Mekanizmasının Davranışı) ile İlgili Tip Onayı Yönetmeliğinde (74/297/AT) Değişiklik Yapılmasına Dair Yönetmelik,https://www.resmigazete.gov.tr/eskiler/2009/07/20090712-7.htm
2009-07-12,"— Motorlu Araçların İç Donanımı (Kumanda, İkaz ve Göstergelerin Tanımı) ile İlgili Tip Onayı Yönetmeliğinde (78/316/AT) Değişiklik Yapılmasına Dair Yönetmelik",https://www.resmigazete.gov.tr/eskiler/2009/07/20090712-8.htm
2009-07-12,— Motorlu Araçlar ve Römorklarının Belirli Sınıflarına Ait Paçalık Sistemleri ile İlgili Tip Onayı Yönetmeliğinde (91/226/AT) Değişiklik Yapılmasına Dair Yönetmelik,https://www.resmigazete.gov.tr/eskiler/2009/07/20090712-9.htm
2009-07-12,— Motorlu Araçlar ve Römorklarının Emniyet Camları ve Cam Malzemeleri ile İlgili Tip Onayı Yönetmeliğinde (92/22/AT) Değişiklik Yapılmasına Dair Yönetmelik,https://www.resmigazete.gov.tr/eskiler/2009/07/20090712-10.htm
2009-07-12,— Motorlu Araçlar ve Römorklarının Lastikleri ve Bu Lastiklerin Takılması ile İlgili Tip Onayı Yönetmeliğinde (92/23/AT) Değişiklik Yapılmasına Dair Yönetmelik,https://www.resmigazete.gov.tr/eskiler/2009/07/20090712-11.htm
2009-07-12,— N Sınıfı Motorlu Araçların Kabin Arka Panelinin Önündeki Dış Çıkıntılar ile İlgili Tip Onayı Yönetmeliğinde (92/114/AT) Değişiklik Yapılmasına Dair Yönetmelik,https://www.resmigazete.gov.tr/eskiler/2009/07/20090712-12.htm
2009-07-12,— Motorlu Araçların Yandan Çarpma Halinde Araçta Bulunan Kişilerin Korunması ile İlgili Tip Onayı Yönetmeliğinde (96/27/AT) Değişiklik Yapılmasına Dair Yönetmelik,https://www.resmigazete.gov.tr/eskiler/2009/07/20090712-13.htm
2009-07-13,— Düzce Üniversitesi Döner Sermaye İşletmesi Yönetmeliğinde Değişiklik Yapılmasına Dair Yönetmelik,https://www.resmigazete.gov.tr/eskiler/2009/07/20090713-1.htm
2009-07-13,"— Eskişehir Osmangazi Üniversitesi Diploma, Diploma Eki, Diploma Defteri, Mezuniyet Belgesi ile Diğer Belgelerin Düzenlenmesine İlişkin Yönetmelikte Değişiklik Yapılmasına Dair Yönetmelik",https://www.resmigazete.gov.tr/eskiler/2009/07/20090713-3.htm
2009-07-13,— Mecburi Standard Tebliği (No: ÖSG-2009/02),https://www.resmigazete.gov.tr/eskiler/2009/07/20090713-4.htm
2009-07-13,— Mecburi Standard Tebliği (No: ÖSG-2009/03),https://www.resmigazete.gov.tr/eskiler/2009/07/20090713-5.htm
2009-07-13,— Mecburi Standard Tebliği (No: ÖSG-2009/04),https://www.resmigazete.gov.tr/eskiler/2009/07/20090713-6.htm
2009-07-13,— Mecburi Standard Tebliği (No: ÖSG-2009/06),https://www.resmigazete.gov.tr/eskiler/2009/07/20090713-7.htm
2009-07-13,— Mecburi Standard Tebliği (No: ÖSG-2009/07),https://www.resmigazete.gov.tr/eskiler/2009/07/20090713-8.htm
2009-07-13,— Mecburi Standard Tebliği (No: ÖSG-2009/10),https://www.resmigazete.gov.tr/eskiler/2009/07/20090713-9.htm
2009-07-13,— Mecburi Standard Tebliği (No: ÖSG-2009/12),https://www.resmigazete.gov.tr/eskiler/2009/07/20090713-10.htm
2009-07-13,— 2009 Yılı Haziran Ayına Ait Dahilde İşleme İzin Belgelerinin (D1) Listesi,https://www.resmigazete.gov.tr/eskiler/2009/07/20090713-11.xls
2009-07-13,— 2009 Yılı Haziran Ayına Ait Yurt İçi Satış ve Teslim Belgelerinin (D3) Listesi,https://www.resmigazete.gov.tr/eskiler/2009/07/20090713-12.xls
2009-07-13,— 2009 Yılı Haziran Ayına Ait Hariçte İşleme İzin Belgelerinin (H) Listesi,https://www.resmigazete.gov.tr/eskiler/2009/07/20090713-13.xls
2009-07-13,"— 2009 Yılı Haziran Ayına Ait Vergi, Resim ve Harç İstisnası Belgelerinin (Y) Listesi",https://www.resmigazete.gov.tr/eskiler/2009/07/20090713-14.xls
2009-07-13,— Re’sen Kapatılan Dahilde İşleme İzin Belgeleri,https://www.resmigazete.gov.tr/eskiler/2009/07/20090713-15.xls
2009-07-13,— Firma Talebine İstinaden İptal Edilen Dahilde İşleme İzin Belgeleri,https://www.resmigazete.gov.tr/eskiler/2009/07/20090713-16.xls
2009-07-14,2009/15137 Engellilerin Haklarına İlişkin Sözleşmenin Onaylanması Hakkında Karar,https://www.resmigazete.gov.tr/eskiler/2009/07/20090714-1.htm
2009-07-14,"— Cumhurbaşkanlığına, Türkiye Büyük Millet Meclisi Başkanı Köksal TOPTAN’ın Vekâlet Etmesine Dair Tezkere",https://www.resmigazete.gov.tr/eskiler/2009/07/20090714-2.htm
2009-07-14,— Kaymakam Adayları Yönetmeliğinde Değişiklik Yapılmasına Dair Yönetmelik,https://www.resmigazete.gov.tr/eskiler/2009/07/20090714-3.htm
2009-07-14,— İstanbul Aydın Üniversitesi Önlisans-Lisans Eğitim-Öğretim ve Sınav Yönetmeliği,https://www.resmigazete.gov.tr/eskiler/2009/07/20090714-4.htm
2009-07-14,"— İstanbul Aydın Üniversitesi Uzaktan Eğitim Programları Uygulama, Eğitim-Öğretim ve Sınav Yönetmeliği",https://www.resmigazete.gov.tr/eskiler/2009/07/20090714-5.htm
2009-07-14,— Değerli Kağıtlar Kanunu Genel Tebliği (Sayı: 2009/2),https://www.resmigazete.gov.tr/eskiler/2009/07/20090714-6.htm
2009-07-14,— Mecburi Standard Tebliği (No: ÖSG-2009/9),https://www.resmigazete.gov.tr/eskiler/2009/07/20090714-7.htm
2009-07-14,— Mecburi Standard Tebliği (No: ÖSG-2009/11),https://www.resmigazete.gov.tr/eskiler/2009/07/20090714-8.htm
2009-07-14,— Gümrük Genel Tebliğinde Değişiklik Yapılmasına Dair Tebliğ (Genelleştirilmiş Tercihler Sistemi) (Seri No: 3),https://www.resmigazete.gov.tr/eskiler/2009/07/20090714-9.htm
2009-07-15,"2009/15196 Sosyal Hizmetler ve Çocuk Esirgeme Kurumu Genel Müdürlüğünün Merkez ve Taşra Teşkilatı ile Sosyal Hizmet Kuruluşlarında Okutulacak Ders Saatlerinin Sayısı, Ders Görevi Alacakların Nitelikleri ve Benzeri Diğer Hususların Tespitine Dair Esaslarda Değişiklik Yapılmasına İlişkin Esaslar’ın Yürürlüğe Konulması Hakkında Karar",https://www.resmigazete.gov.tr/eskiler/2009/07/20090715-1.htm
2009-07-15,2009/15197 Kredi Garanti Kurumlarına Sağlanacak Hazine Desteğine İlişkin Usul ve Esaslar Hakkında Karar,https://www.resmigazete.gov.tr/eskiler/2009/07/20090715-2.htm
2009-07-15,"2009/15198 Türkiye İhracat Kredi Bankası Anonim Şirketi Tarafından Sağlanan Kredi, Garanti ve Sigorta Destekleri Hakkında Karar",https://www.resmigazete.gov.tr/eskiler/2009/07/20090715-3.htm
2009-07-15,2009/15200 Bazı Mallarda Uygulanan Özel Tüketim Vergisi Tutarlarının Belirlenmesi ve Bazı Kararnamelerde Değişiklik Yapılmasına İlişkin Karar,https://www.resmigazete.gov.tr/eskiler/2009/07/20090715-4.htm
2009-07-15,2009/15201 Fındık Üreticilerine Alan Bazlı Gelir Desteği ve Alternatif Ürüne Geçen Üreticilere Telafi Edici Ödeme Yapılmasına Dair Karar,https://www.resmigazete.gov.tr/eskiler/2009/07/20090715-5.htm
2009-07-15,2009/15202 Fındık Alımı ve Satımı Hakkında Kararın Yürürlükten Kaldırılmasına İlişkin Karar,https://www.resmigazete.gov.tr/eskiler/2009/07/20090715-6.htm
2009-07-15,"— Adalet Bakanlığına, Devlet Bakanı Hayati YAZICI’nın Vekâlet Etmesine Dair Tezkere",https://www.resmigazete.gov.tr/eskiler/2009/07/20090715-7.htm
2009-07-15,"— İçişleri Bakanlığına, Milli Savunma Bakanı M. Vecdi GÖNÜL’ün Vekâlet Etmesine Dair Tezkere",https://www.resmigazete.gov.tr/eskiler/2009/07/20090715-8.htm
2009-07-15,2009/15203 Fındık Üretiminin Planlanması ve Dikim Alanlarının Belirlenmesine İlişkin Usul ve Esaslar Hakkında Yönetmelik,https://www.resmigazete.gov.tr/eskiler/2009/07/20090715-9.htm
2009-07-15,— Subay Sicil Yönetmeliğinde Değişiklik Yapılmasına Dair Yönetmelik,https://www.resmigazete.gov.tr/eskiler/2009/07/20090715-10.htm
2009-07-15,— Astsubay Sicil Yönetmeliğinde Değişiklik Yapılmasına Dair Yönetmelik,https://www.resmigazete.gov.tr/eskiler/2009/07/20090715-11.htm
2009-07-15,— Kamu İdarelerince Hazırlanacak Performans Programları Hakkında Yönetmelikte Değişiklik Yapılmasına Dair Yönetmelik,https://www.resmigazete.gov.tr/eskiler/2009/07/20090715-12.htm
2009-07-15,— Beykoz Lojistik Meslek Yüksekokulu Önlisans Eğitim-Öğretim ve Sınav Yönetmeliği,https://www.resmigazete.gov.tr/eskiler/2009/07/20090715-13.htm
2009-07-15,— Dahilde İşleme Rejimine İlişkin İşlemlerin Bilgisayar Veri İşleme Tekniği Yoluyla Yapılmasına Dair Tebliğde Değişiklik Yapılması Hakkında Tebliğ (İhracat: 2009/8),https://www.resmigazete.gov.tr/eskiler/2009/07/20090715-14.htm
2009-07-15,— İthalatta Gözetim Uygulanmasına İlişkin Tebliğ (No: 2009/8),https://www.resmigazete.gov.tr/eskiler/2009/07/20090715-15.htm
2009-07-15,— Uluslararası Gözetim Şirketi Statüsüne İlişkin Dış Ticarette Standardizasyon Tebliği (No: 2009/39),https://www.resmigazete.gov.tr/eskiler/2009/07/20090715-16.htm
2009-07-15,— Şarap Üretimi ve Piyasaya Arzı ile İlgili Tebliğde Değişiklik Yapılmasına Dair Tebliğ,https://www.resmigazete.gov.tr/eskiler/2009/07/20090715-17.htm
2009-07-15,— Başka Firmalar Adına (Fason) Alkollü İçki Üretiminin Yapılamayacağına İlişkin Tütün ve Alkol Piyasası Düzenleme Kurulu Kararı (No: 4832),https://www.resmigazete.gov.tr/eskiler/2009/07/20090715-18.htm
2009-07-16,2008/14002 Türkiye Petrolleri Anonim Ortaklığı Tarafından Akdeniz’de Türk Karasuları Dışında Yer Alan Bazı Bölgelerde Jeolojik İstikşaf Yapılmasına İzin Verilmesi Hakkında Karar,https://www.resmigazete.gov.tr/eskiler/2009/07/20090716-1.htm
2009-07-16,2008/14003 Türkiye Petrolleri Anonim Ortaklığı Tarafından Akdeniz’de Türk Karasuları Dışında Yer Alan Bazı Bölgelerde Jeolojik İstikşaf Yapılmasına İzin Verilmesi Hakkında Karar,https://www.resmigazete.gov.tr/eskiler/2009/07/20090716-2.htm
2009-07-16,2008/14004 Türkiye Petrolleri Anonim Ortaklığı Tarafından Akdeniz’de Türk Karasuları Dışında Yer Alan Bazı Bölgelerde Petrol Ameliyatı Yapılmasına İzin Verilmesi Hakkında Karar,https://www.resmigazete.gov.tr/eskiler/2009/07/20090716-3.htm
2009-07-16,2008/14005 Türkiye Petrolleri Anonim Ortaklığı Tarafından Akdeniz’de Türk Karasuları Dışında Yer Alan Bazı Bölgelerde Petrol Ameliyatı Yapılmasına İzin Verilmesi Hakkında Karar,https://www.resmigazete.gov.tr/eskiler/2009/07/20090716-4.htm
2009-07-16,2009/15199 Yatırımlarda Devlet Yardımları Hakkında Karar,https://www.resmigazete.gov.tr/eskiler/2009/07/20090716-5.htm
2009-07-16,— Milli Eğitim Bakanlığı Anadolu Öğretmen Liseleri Yönetmeliğinde Değişiklik Yapılmasına Dair Yönetmelik,https://www.resmigazete.gov.tr/eskiler/2009/07/20090716-6.htm
2009-07-16,"— Türk Mühendis ve Mimar Odaları Birliği Jeofizik Mühendisleri Odası Serbest Müşavirlik Mühendislik Hizmetleri, Büro Tescil ve Mesleki Denetim Yönetmeliğinde Değişiklik Yapılmasına Dair Yönetmelik",https://www.resmigazete.gov.tr/eskiler/2009/07/20090716-7.htm
2009-07-16,— Pamukkale Üniversitesi Lisans Eğitim ve Öğretim Yönetmeliği,https://www.resmigazete.gov.tr/eskiler/2009/07/20090716-8.htm
2009-07-16,— 4207 Sayılı Kanun Hükümlerinin Uygulanması ile İlgili 2009/13 Sayılı Başbakanlık Genelgesi,https://www.resmigazete.gov.tr/eskiler/2009/07/20090716-9.htm
2009-07-16,DÜZELTME (2009/15198 Sayılı Bakanlar Kurulu Kararı ile İlgili),https://www.resmigazete.gov.tr/eskiler/2009/07/20090716-10.htm
2009-07-17,2009/15164 Dahilde İşleme Rejimi Kararında Değişiklik Yapılması Hakkında Karar,https://www.resmigazete.gov.tr/eskiler/2009/07/20090717-1.htm
2009-07-17,"— Devlet Bakanı Egemen BAĞIŞ’a, Devlet Bakanı Selma Aliye KAVAF’ın Vekâlet Etmesine Dair Tezkere",https://www.resmigazete.gov.tr/eskiler/2009/07/20090717-2.htm
2009-07-17,"— Maliye Bakanlığına, Devlet Bakanı Cevdet YILMAZ’ın Vekâlet Etmesine Dair Tezkere",https://www.resmigazete.gov.tr/eskiler/2009/07/20090717-3.htm
2009-07-17,2009/15168 Bazı Dışişleri Mensuplarının Atanmalarına Dair Karar,https://www.resmigazete.gov.tr/eskiler/2009/07/20090717-4.htm
2009-07-17,"— Başbakanlık, Devlet, Maliye, Millî Eğitim, Ulaştırma ile Çalışma ve Sosyal Güvenlik Bakanlıklarına Ait Atama Kararları",https://www.resmigazete.gov.tr/eskiler/2009/07/20090717-5.htm
2009-07-17,— Diyanet İşleri Başkanlığı Sicil Amirleri Yönetmeliğinde Değişiklik Yapılmasına Dair Yönetmelik,https://www.resmigazete.gov.tr/eskiler/2009/07/20090717-6.htm
2009-07-17,— Telsiz Yönetmeliğinin Yürürlükten Kaldırılmasına Dair Yönetmelik,https://www.resmigazete.gov.tr/eskiler/2009/07/20090717-7.htm
2009-07-17,— Anadolu Meteoroloji Meslek Lisesi Yönetmeliğinin Yürürlükten Kaldırılmasına Dair Yönetmelik,https://www.resmigazete.gov.tr/eskiler/2009/07/20090717-8.htm
2009-07-17,— Telsiz İşlemlerine İlişkin Usul ve Esaslar Hakkında Yönetmelik,https://www.resmigazete.gov.tr/eskiler/2009/07/20090717-9.htm
2009-07-17,— Marmara Üniversitesi Çift Diplomaya Yönelik Uluslararası Ortak Programlar Eğitim ve Öğretim Yönetmeliği,https://www.resmigazete.gov.tr/eskiler/2009/07/20090717-10.htm
2009-07-17,— Tedavi Yardımına İlişkin Uygulama Tebliği (Sıra No: 10),https://www.resmigazete.gov.tr/eskiler/2009/07/20090717-11.htm
2009-07-17,— Mecburi Standard Tebliğinde Değişiklik Yapılmasına Dair Tebliğ,https://www.resmigazete.gov.tr/eskiler/2009/07/20090717-12.htm
2009-07-17,— Yapı Malzemeleri Yönetmeliği (89/106/EEC) Kapsamında TEBAR Test Belgelendirme Araştırma ve Geliştirme Ticaret A.Ş.’nin Onaylanmış Kuruluş Olarak Görevlendirilmesine Dair Tebliğ (No: YİG/2009-04),https://www.resmigazete.gov.tr/eskiler/2009/07/20090717-13.htm
2009-07-17,— Yapı Malzemeleri Yönetmeliği (89/106/EEC) Kapsamında Universal Sertifikasyon ve Gözetim Hizmetleri Ticaret Ltd. Şti.’nin Onaylanmış Kuruluş Olarak Görevlendirilmesine Dair Tebliğ (No: YİG/2009-05),https://www.resmigazete.gov.tr/eskiler/2009/07/20090717-14.htm
2009-07-17,— 2821 Sayılı Sendikalar Kanunu Gereğince; İşkollarındaki İşçi Sayıları ve Sendikaların Üye Sayılarına İlişkin 2009 Temmuz Ayı İstatistikleri Hakkında Tebliğ,https://www.resmigazete.gov.tr/eskiler/2009/07/20090717-15.htm
2009-07-17,— İthalatta Kota ve Tarife Kontenjanı İdaresine İlişkin Tebliğ (No: 2009/2),https://www.resmigazete.gov.tr/eskiler/2009/07/20090717-16.htm
2009-07-17,— Özelleştirme Yüksek Kurulunun 14/7/2009 Tarihli ve 2009/44 Sayılı Kararı,https://www.resmigazete.gov.tr/eskiler/2009/07/20090717-17.htm
2009-07-18,2009/15172 Bazı Kurum ve Kuruluşlara Ait Dolu ve Boş Kadrolarda Değişiklik Yapılması Hakkında Karar,https://www.resmigazete.gov.tr/eskiler/2009/07/20090718-1.htm
2009-07-18,2009/15195 Haşhaş Kapsülü ve Tohumu Alımı ve Satımı Hakkında Karar,https://www.resmigazete.gov.tr/eskiler/2009/07/20090718-2.htm
2009-07-18,"— Devlet Bakanı Faruk Nafız ÖZAK’a, Devlet Bakanı Faruk ÇELİK’in Vekâlet Etmesine Dair Tezkere",https://www.resmigazete.gov.tr/eskiler/2009/07/20090718-3.htm
2009-07-18,2009/15243 Dışişleri Bakanlığı Mensuplarından Bazılarının Çeşitli Görevlere Atanmalarına Dair Karar,https://www.resmigazete.gov.tr/eskiler/2009/07/20090718-4.htm
2009-07-18,2009/15153 Tıpta ve Diş Hekimliğinde Uzmanlık Eğitimi Yönetmeliği,https://www.resmigazete.gov.tr/eskiler/2009/07/20090718-5.htm
2009-07-18,— Telsiz Çağrı Cihazları ve Halk Bandı Telsiz Cihazlarının Kurma ve Kullanma Esasları Hakkında Yönetmeliğin Yürürlükten Kaldırılmasına Dair Yönetmelik,https://www.resmigazete.gov.tr/eskiler/2009/07/20090718-6.htm
2009-07-18,— Özel Telsiz Sistemleri Yönetmeliği,https://www.resmigazete.gov.tr/eskiler/2009/07/20090718-7.htm
2009-07-19,"2009/15242 Türkiye Cumhuriyeti Hükümeti ile İslam Konferansı Örgütüne Bağlı İslam Ülkeleri İstatistik, Ekonomik ve Sosyal Araştırmalar ve Eğitim Merkezi (SESRIC) Arasında Ankara/Oran Diplomatik Site’de Arsa Tahsisine İlişkin Protokolün Onaylanmasına Dair Karar",https://www.resmigazete.gov.tr/eskiler/2009/07/20090719-1.htm
2009-07-19,2009/15216 Türkiye ile Avrupa Topluluğu Arasında Oluşturulan Gümrük Birliğinin Uygulanmasına İlişkin Esaslar Hakkında Kararda Değişiklik Yapılmasına Dair Karar,https://www.resmigazete.gov.tr/eskiler/2009/07/20090719-2.htm
2009-07-19,"— Devlet Bakanı ve Başbakan Yardımcısı Cemil ÇİÇEK’e, Devlet Bakanı Hayati YAZICI’nın Vekâlet Etmesine Dair Tezkere",https://www.resmigazete.gov.tr/eskiler/2009/07/20090719-3.htm
2009-07-19,"— Sanayi ve Ticaret Bakanlığına, Çalışma ve Sosyal Güvenlik Bakanı Ömer DİNÇER’in Vekâlet Etmesine Dair Tezkere",https://www.resmigazete.gov.tr/eskiler/2009/07/20090719-4.htm
2009-07-19,"— Enerji ve Tabii Kaynaklar Bakanlığına, Ulaştırma Bakanı Binali YILDIRIM’ın Vekâlet Etmesine Dair Tezkere",https://www.resmigazete.gov.tr/eskiler/2009/07/20090719-5.htm
2009-07-19,"— Yükseköğretim Kurulu Üyeliğine, Boğaziçi Üniversitesi Öğretim Üyesi Prof. Dr. Ayşe SOYSAL’ın Seçilmesine Dair Karar (No: 2009/11)",https://www.resmigazete.gov.tr/eskiler/2009/07/20090719-6.htm
2009-07-19,"— Yükseköğretim Kurulu Üyeliğine, İstanbul Üniversitesi Rektörü Prof. Dr. Yunus SÖYLET’in Seçilmesine Dair Karar (No: 2009/12)",https://www.resmigazete.gov.tr/eskiler/2009/07/20090719-7.htm
2009-07-19,— Batı Balkan Menşe Kümülasyon Sistemi Kapsamı Ticarette Eşyanın Tercihli Menşeinin Tespiti Hakkında Yönetmelik,https://www.resmigazete.gov.tr/eskiler/2009/07/20090719-8.htm
2009-07-19,— İki Taraflı Menşe Kümülasyon Sistemi Kapsamı Ticarette Eşyanın Tercihli Menşeinin Tespiti Hakkında Yönetmelik,https://www.resmigazete.gov.tr/eskiler/2009/07/20090719-9.htm
2009-07-19,— İstanbul Üniversitesi Sağlık Hizmetleri Meslek Yüksekokulu Ön Lisans Öğretim ve Sınav Yönetmeliğinde Değişiklik Yapılmasına Dair Yönetmelik,https://www.resmigazete.gov.tr/eskiler/2009/07/20090719-10.htm
2009-07-19,— Piri Reis Üniversitesi İngilizce Hazırlık Sınıfı Eğitim-Öğretim ve Sınav Yönetmeliği,https://www.resmigazete.gov.tr/eskiler/2009/07/20090719-11.htm
2009-07-20,— İzmir Üniversitesi Sürekli Eğitim Uygulama ve Araştırma Merkezi Yönetmeliği,https://www.resmigazete.gov.tr/eskiler/2009/07/20090720-1.htm
2009-07-20,— Süleyman Demirel Üniversitesi Lisansüstü Eğitim ve Öğretim Yönetmeliğinde Değişiklik Yapılmasına Dair Yönetmelik,https://www.resmigazete.gov.tr/eskiler/2009/07/20090720-2.htm
2009-07-21,"— Devlet Bakanı Egemen BAĞIŞ’a, Devlet Bakanı Mehmet Zafer ÇAĞLAYAN’ın Vekâlet Etmesine Dair Tezkere",https://www.resmigazete.gov.tr/eskiler/2009/07/20090721-1.htm
2009-07-21,"— Devlet Bakanı Selma Aliye KAVAF’a, Milli Eğitim Bakanı Nimet ÇUBUKÇU’nun Vekâlet Etmesine Dair Tezkere",https://www.resmigazete.gov.tr/eskiler/2009/07/20090721-2.htm
2009-07-21,— Sosyal Güvenlik Kurumuna Yapılan Sigortalı ve İşyeri Bildirimlerinin Bazı Kurumlara Yapılması Gereken Bildirimler Yerine Geçmesine Dair Usul ve Esasları Hakkında Yönetmelik,https://www.resmigazete.gov.tr/eskiler/2009/07/20090721-3.htm
2009-07-21,— Elektrik Piyasası İthalat ve İhracat Yönetmeliğinde Değişiklik Yapılmasına Dair Yönetmelik,https://www.resmigazete.gov.tr/eskiler/2009/07/20090721-4.htm
2009-07-21,— Fırat Üniversitesi Eğitim-Öğretim ve Sınav Yönetmeliğinde Değişiklik Yapılmasına Dair Yönetmelik,https://www.resmigazete.gov.tr/eskiler/2009/07/20090721-6.htm
2009-07-21,— Fırat Üniversitesi Lisansüstü Eğitim-Öğretim ve Sınav Yönetmeliğinde Değişiklik Yapılmasına Dair Yönetmelik,https://www.resmigazete.gov.tr/eskiler/2009/07/20090721-7.htm
2009-07-21,— Batman Üniversitesi Lisansüstü Eğitim ve Öğretim Yönetmeliği,https://www.resmigazete.gov.tr/eskiler/2009/07/20090721-8.htm
2009-07-21,— Öğrenim ve/veya Katkı Kredisi Borçlarının 5917 Sayılı Bütçe Kanunlarında Yer Alan Bazı Hükümlerin İlgili Kanun ve Kanun Hükmünde Kararnamelere Eklenmesi ile Bazı Kanun ve Kanun Hükmünde Kararnamelerde Değişiklik Yapılmasına İlişkin Kanun Hükümlerine Göre Yeniden Yapılandırılması ve Takibi ile İlgili Usul ve Esaslara İlişkin Tebliğ,https://www.resmigazete.gov.tr/eskiler/2009/07/20090721-9.htm
2009-07-21,"— Aracı Kuruluş Varantlarının Kurul Kaydına Alınmasına ve Alım Satım İşlemlerine İlişkin Esaslar Tebliği (Seri: III, No: 37)",https://www.resmigazete.gov.tr/eskiler/2009/07/20090721-10.htm
2009-07-21,— Bankacılık Düzenleme ve Denetleme Kurumunun 16/7/2009 Tarihli ve 3263 Sayılı Kararı,https://www.resmigazete.gov.tr/eskiler/2009/07/20090721-11.htm
2009-07-22,2009/15181 Türkiye Cumhuriyeti Hükümeti ile Mısır Arap Cumhuriyeti Hükümeti Arasında Uluslararası Karayolu Taşımacılığı Anlaşmasının Onaylanması Hakkında Karar,https://www.resmigazete.gov.tr/eskiler/2009/07/20090722-1.htm
2009-07-22,"— Başbakanlığa, Devlet Bakanı ve Başbakan Yardımcısı Cemil ÇİÇEK’in Vekâlet Etmesine Dair Tezkere",https://www.resmigazete.gov.tr/eskiler/2009/07/20090722-2.htm
2009-07-22,"— Dışişleri Bakanlığına, Devlet Bakanı Mehmet AYDIN’ın Vekâlet Etmesine Dair Tezkere",https://www.resmigazete.gov.tr/eskiler/2009/07/20090722-3.htm
2009-07-22,"— Enerji ve Tabii Kaynaklar Bakanlığına, Adalet Bakanı Sadullah ERGİN’in Vekâlet Etmesine Dair Tezkere",https://www.resmigazete.gov.tr/eskiler/2009/07/20090722-4.htm
2009-07-22,"— Maliye, Milli Eğitim, Tarım ve Köyişleri ile Çevre ve Orman Bakanlıklarına Ait Atama Kararları",https://www.resmigazete.gov.tr/eskiler/2009/07/20090722-11.htm
2009-07-22,— Merkezi Yönetim Harcama Belgeleri Yönetmeliğinde Değişiklik Yapılmasına Dair Yönetmelik,https://www.resmigazete.gov.tr/eskiler/2009/07/20090722-5.htm
2009-07-22,— Sözleşmeli Sağlık Personeli Atama ve Nakil Yönetmeliğinde Değişiklik Yapılmasına Dair Yönetmelik,https://www.resmigazete.gov.tr/eskiler/2009/07/20090722-6.htm
2009-07-22,— İhalelere Yönelik Başvurular Hakkında Yönetmelikte Değişiklik Yapılmasına Dair Yönetmelik,https://www.resmigazete.gov.tr/eskiler/2009/07/20090722-7.htm
2009-07-22,— İstanbul Ticaret Üniversitesi Lisansüstü Eğitim-Öğretim ve Sınav Yönetmeliğinde Değişiklik Yapılmasına Dair Yönetmelik,https://www.resmigazete.gov.tr/eskiler/2009/07/20090722-8.htm
2009-07-22,— Cumhuriyet Üniversitesi Diş Hekimliği Fakültesi Eğitim-Öğretim Sınav Yönetmeliğinde Değişiklik Yapılmasına Dair Yönetmelik,https://www.resmigazete.gov.tr/eskiler/2009/07/20090722-9.htm
2009-07-22,— Yeditepe Üniversitesi Ana Yönetmeliğinde Değişiklik Yapılmasına Dair Yönetmelik,https://www.resmigazete.gov.tr/eskiler/2009/07/20090722-10.htm
2009-07-23,2009/15228 Vakıflar Tüzüğünün Yürürlükten Kaldırılmasına Dair Tüzük,https://www.resmigazete.gov.tr/eskiler/2009/07/20090723-1.htm
2009-07-23,2009/15229 Vakıflarda İntifa Haklarının Ne Suretle Tesbit ve İta Edileceği Hakkında 17/7/1936 Tarihli Vakıflar Nizamnamesine Ek Nizamnamenin Yürürlükten Kaldırılmasına Dair Tüzük,https://www.resmigazete.gov.tr/eskiler/2009/07/20090723-2.htm
2009-07-23,"2009/15230 Vakıf Zeytinlik, İncirlik, Fındıklık, Narenciye ve Meyvalıkların Satış Şekli Hakkındaki Nizamnamenin Yürürlükten Kaldırılmasına Dair Tüzük",https://www.resmigazete.gov.tr/eskiler/2009/07/20090723-3.htm
2009-07-23,"2009/15158 Devlet Demiryolları İşletmesi Genel Müdürlüğünde 657 Sayılı Devlet Memurları Kanununa Tabi Olarak Görev Yapan Personele, 2009 Yılında 5.500 Saate Kadar Fazla Çalışma Yaptırılması ve Saat Başına, 1,10 TL Fazla Çalışma Ücreti Ödenmesi Hakkında Karar",https://www.resmigazete.gov.tr/eskiler/2009/07/20090723-4.htm
2009-07-23,"2009/15165 Türkiye Bilimsel ve Teknolojik Araştırma Kurumunca, 4734 Sayılı Kamu İhale Kanununun 3 üncü Maddesinin (f) Bendi Kapsamında Yapılacak İhalelere İlişkin 2/4/2004 Tarihli ve 2004/7113 Sayılı Kararnamenin Yürürlükten Kaldırılması Hakkında Karar",https://www.resmigazete.gov.tr/eskiler/2009/07/20090723-5.htm
2009-07-23,2009/15173 Türkiye Tarım Havzalarının Belirlenmesine İlişkin Karar,https://www.resmigazete.gov.tr/eskiler/2009/07/20090723-6.htm
2009-07-23,2009/15175 Gümrük Müsteşarlığı Gümrükler Genel Müdürlüğü Bünyesinde Yer Alan 2 Adet Şube Müdürlüğünün Muhabere ve Elektronik Dairesi Başkanlığına Bağlanması Hakkında Karar,https://www.resmigazete.gov.tr/eskiler/2009/07/20090723-7.htm
2009-07-23,2009/15191 Sürekli Görevle Yurt Dışında Bulunan Memurlara Ödenecek Aylıklara İlişkin Karar,https://www.resmigazete.gov.tr/eskiler/2009/07/20090723-8.htm
2009-07-23,2009/15205 Bazı İllerde Mahalli İdare Birliklerinin Kurulması Hakkında Karar,https://www.resmigazete.gov.tr/eskiler/2009/07/20090723-9.htm
2009-07-23,"2009/15206 Kırıkkale İli, Bahşılı İlçesi, Karaahmetli Beldesi Hudutları Dahilinde Bulunan Alanın “Karaahmetli Tabiat Parkı” Olarak Belirlenmesi Hakkında Karar",https://www.resmigazete.gov.tr/eskiler/2009/07/20090723-10.htm
2009-07-23,2009/15214 Yükseköğretim Kurumlarında Yabancı Uyruklu Öğretim Elemanı Çalıştırılması Esaslarına İlişkin Kararda Değişiklik Yapılmasına Dair Karar,https://www.resmigazete.gov.tr/eskiler/2009/07/20090723-11.htm
2009-07-23,2009/15217 Akdeniz Üniversitesi Rektörlüğü Bünyesinde Bulunan Akseki Sağlık Yüksekokulunun Kapatılması Hakkında Karar,https://www.resmigazete.gov.tr/eskiler/2009/07/20090723-12.htm
2009-07-23,2009/15218 İstanbul Bilgi Üniversitesi Rektörlüğüne Bağlı Olarak Mimarlık Fakültesi Kurulması Hakkında Karar,https://www.resmigazete.gov.tr/eskiler/2009/07/20090723-13.htm
2009-07-23,2009/15219 Yaşar Üniversitesi Rektörlüğü Bünyesinde Bulunan Mühendislik-Mimarlık Fakültesinin Kapatılarak Adı Geçen Rektörlüğe Bağlı Olarak Mühendisilik ve Mimarlık Fakültesi Kurulması Hakkında Karar,https://www.resmigazete.gov.tr/eskiler/2009/07/20090723-14.htm
2009-07-23,2009/15232 İzmir Üniversitesi Rektörlüğüne Bağlı Olarak Yabancı Diller Yüksekokulu Kurulması Hakkında Karar,https://www.resmigazete.gov.tr/eskiler/2009/07/20090723-15.htm
2009-07-23,"2009/15233 1163 Sayılı Kooperatifler Kanununa Tabi Kooperatiflerde, Bir Ortaklık Payının Değerinin 100 (Yüz) Türk Lirasına Yükseltilmesi Hakkında Karar",https://www.resmigazete.gov.tr/eskiler/2009/07/20090723-16.htm
2009-07-23,"2009/15239 Gümrük Müsteşarlığının Taşra Teşkilatında Yer Alan, İzmir Gümrük ve Muhafaza Başmüdürlüğüne Bağlı Aydın Gümrük Muhafaza Müdürlüğünün Kaldırılması Hakkında Karar",https://www.resmigazete.gov.tr/eskiler/2009/07/20090723-17.htm
2009-07-23,2009/15241 Ayakkabı İthalatında Geçici Korunma Önlemi Uygulanmasına İlişkin Karar,https://www.resmigazete.gov.tr/eskiler/2009/07/20090723-18.htm
2009-07-23,"— Millî Savunma Bakanlığına, İçişleri Bakanı Beşir ATALAY’ın Vekâlet Etmesine Dair Tezkere",https://www.resmigazete.gov.tr/eskiler/2009/07/20090723-19.htm
2009-07-23,"— Çevre ve Orman Bakanlığına, Bayındırlık ve İskan Bakanı Mustafa DEMİR’in Vekâlet Etmesine Dair Tezkere",https://www.resmigazete.gov.tr/eskiler/2009/07/20090723-20.htm
2009-07-23,— Eczaneler ve Eczane Hizmetleri Hakkında Yönetmelikte Değişiklik Yapılmasına Dair Yönetmelik,https://www.resmigazete.gov.tr/eskiler/2009/07/20090723-21.htm
2009-07-23,— Sağlık Meslek Liseleri Yönetmeliğinin Yürürlükten Kaldırılmasına Dair Yönetmelik,https://www.resmigazete.gov.tr/eskiler/2009/07/20090723-22.htm
2009-07-23,— Sağlık Meslek Liselerinde Görevli Stajiyer Öğretmenlerin Yetiştirilmelerine ve Stajiyerliklerinin Kaldrılmasına Dair Yönetmeliğin Yürürlükten Kaldırılması Hakkında Yönetmelik,https://www.resmigazete.gov.tr/eskiler/2009/07/20090723-23.htm
2009-07-23,— Sağlık Bakanlığına Bağlı Okullarda Okutulacak Ders Kitapları ile Eğitim Araçları Yönetmeliğinin Yürürlükten Kaldırılmasına Dair Yönetmelik,https://www.resmigazete.gov.tr/eskiler/2009/07/20090723-24.htm
2009-07-23,"— Sağlık Bakanlığına Bağlı Eğitim Kurumlarını Hizmete Açma, Kapatma ve Bunlara Ad Verme Usul ve Esaslarına Dair Yönetmeliğin Yürürlükten Kaldırılması Hakkında Yönetmelik",https://www.resmigazete.gov.tr/eskiler/2009/07/20090723-25.htm
2009-07-23,— Sağlık Bakanlığı Sağlık Meslek Liseleri Sınıf Geçme ve Sınav Yönetmeliğinin Yürürlükten Kaldırılmasına Dair Yönetmelik,https://www.resmigazete.gov.tr/eskiler/2009/07/20090723-26.htm
2009-07-23,— Sağlık Bakanlığı Sağlık Meslek Liseleri Ödül ve Disiplin Yönetmeliğinin Yürürlükten Kaldırılmasına Dair Yönetmelik,https://www.resmigazete.gov.tr/eskiler/2009/07/20090723-27.htm
2009-07-23,— Sağlık Bakanlığı Anadolu Sağlık Meslek Liseleri Yönetmeliğinin Yürürlükten Kaldırılmasına Dair Yönetmelik,https://www.resmigazete.gov.tr/eskiler/2009/07/20090723-28.htm
2009-07-23,— Refik Saydam Hıfzıssıhha Merkezi Başkanlığı Merkez ve Taşra Teşkilatında Görevli Personele Döner Sermaye Gelirlerinden Ek Ödeme Yapılmasına Dair Yönetmelikte Değişiklik Yapılmasına Dair Yönetmelik,https://www.resmigazete.gov.tr/eskiler/2009/07/20090723-29.htm
2009-07-23,— Türkiye Bilimsel ve Teknolojik Araştırma Kurumu AR-GE Projeleri İhale Yönetmeliği,https://www.resmigazete.gov.tr/eskiler/2009/07/20090723-30.htm
2009-07-23,— Türkiye Radyo-Televizyon Kurumu Sicil Amirleri Yönetmeliği,https://www.resmigazete.gov.tr/eskiler/2009/07/20090723-31.htm
2009-07-23,— Türkiye Radyo-Televizyon Kurumunda Memur Statüsünde İstihdam Edilen Personel Yönetmeliğinde Değişiklik Yapılmasına Dair Yönetmelik,https://www.resmigazete.gov.tr/eskiler/2009/07/20090723-32.htm
2009-07-23,— Atatürk Üniversitesi Ön Lisans ve Lisans Eğitim-Öğretim ve Sınav Yönetmeliği,https://www.resmigazete.gov.tr/eskiler/2009/07/20090723-33.htm
2009-07-23,— Cumhuriyet Üniversitesi Önlisans ve Lisans Eğitim-Öğretim ve Sınav Yönetmeliğinde Değişiklik Yapılmasına Dair Yönetmelik,https://www.resmigazete.gov.tr/eskiler/2009/07/20090723-34.htm
2009-07-23,"— İnsan Taşımak Üzere Tasarımlanan Kablolu Taşıma Tesisatının Ruhsatlandırılması, Bakım ve İşletilmesine Dair Tebliğ (SGM: 2009/11)",https://www.resmigazete.gov.tr/eskiler/2009/07/20090723-35.htm
2009-07-23,"DÜZELTME: (21/7/2009 tarihli ve 27295 sayılı Resmî Gazete’de Yayımlanan, Sosyal Güvenlik Kurumuna Yapılan Sigortalı ve İşyeri Bildirimlerinin Bazı Kurumlara Yapılması Gereken Bildirimler Yerine Geçmesine Dair Usul ve Esasları Hakkında Yönetmelik ile İlgili)",https://www.resmigazete.gov.tr/eskiler/2009/07/20090723-36.htm
2009-07-24,2009/15186 Dışişleri Bakanlığı Tarafından Temsil Edilen Türkiye Cumhuriyeti ile Fransız Kalkınma Ajansı Arasında Kuruluş Sözleşmesi,https://www.resmigazete.gov.tr/eskiler/2009/07/20090724-1.htm
2009-07-24,"2009/15134 Orman Mühendisliği, Orman Endüstri Mühendisliği ve Ağaç İşleri Endüstri Mühendisliği Serbest Yeminli Meslek Mensupları Tüzüğü",https://www.resmigazete.gov.tr/eskiler/2009/07/20090724-2.htm
2009-07-24,"2009/15154 Tarım Arazilerinin Korunması, Kullanılması ve Arazi Toplulaştırmasına İlişkin Tüzük",https://www.resmigazete.gov.tr/eskiler/2009/07/20090724-3.htm
2009-07-24,"2009/15187 Milli İstihbarat Teşkilatı Müsteşarlığı Tarafından, 4734 Sayılı Kamu İhale Kanununun 3 üncü Maddesinin (b) Bendi Kapsamında Yapılacak İhalelere İlişkin Esaslar Hakkında Karar",https://www.resmigazete.gov.tr/eskiler/2009/07/20090724-4.htm
2009-07-24,2009/15215 Diyanet İşleri Başkanlığınca Düzenlenen Eğitim Faaliyetlerinde Uygulanacak Ders ve Ek Ders Saatlerine İlişkin Karar,https://www.resmigazete.gov.tr/eskiler/2009/07/20090724-5.htm
2009-07-24,2009/15212 Deniz Turizmi Yönetmeliği,https://www.resmigazete.gov.tr/eskiler/2009/07/20090724-6.htm
2009-07-24,— Türk Silahlı Kuvvetleri Çevre Denetimi Yönetmeliği,https://www.resmigazete.gov.tr/eskiler/2009/07/20090724-7.htm
2009-07-24,— Zirai Karantina Yönetmeliğinde Değişiklik Yapılmasına Dair Yönetmelik,https://www.resmigazete.gov.tr/eskiler/2009/07/20090724-8.htm
2009-07-24,— Küçük ve Orta Ölçekli İşletmeleri Geliştirme ve Destekleme İdaresi Başkanlığı İnsan Kaynakları Yönetmeliği,https://www.resmigazete.gov.tr/eskiler/2009/07/20090724-9.htm
2009-07-24,— Ağrı İbrahim Çeçen Üniversitesi Ön Lisans ve Lisan Eğitim-Öğretim ve Sınav Yönetmeliği,https://www.resmigazete.gov.tr/eskiler/2009/07/20090724-10.htm
2009-07-24,"— Karadeniz Teknik Üniversitesi Çift Ana Dal, Yan Dal ve Yaz Okulu Yönetmeliğinde Değişiklik Yapılmasına Dair Yönetmelik",https://www.resmigazete.gov.tr/eskiler/2009/07/20090724-11.htm
2009-07-24,— Trakya Üniversitesi Lisansüstü Eğitim-Öğretim Yönetmeliğinde Değişiklik Yapılmasına Dair Yönetmelik,https://www.resmigazete.gov.tr/eskiler/2009/07/20090724-12.htm
2009-07-24,— İşkolu Tespit Kararı (No: 2009/36),https://www.resmigazete.gov.tr/eskiler/2009/07/20090724-13.htm
2009-07-24,— Türk Parası Kıymetini Koruma Hakkında 32 Sayılı Karara İlişkin 2008-32/35 Sayılı Tebliğde Değişiklik Yapılmasına Dair Tebliğ (No: 2009-32/38),https://www.resmigazete.gov.tr/eskiler/2009/07/20090724-14.htm
2009-07-24,— Gümrük Genel Tebliği (Tarife-Sınıflandırma Kararları) (Seri No: 11),https://www.resmigazete.gov.tr/eskiler/2009/07/20090724-15.htm
2009-07-24,— Özelleştirme Yüksek Kurulunun 23/7/2009 Tarihli ve 2009/47 Sayılı Kararı,https://www.resmigazete.gov.tr/eskiler/2009/07/20090724-16.htm
2009-07-24,— Uyuşmazlık Mahkemesi Hukuk ve Ceza Bölümlerine Ait Kararlar,https://www.resmigazete.gov.tr/eskiler/2009/07/20090724-17.htm
2009-07-25,2009/15182 Türkiye Cumhuriyeti Hükümeti ile Suriye Arap Cumhuriyeti Hükümeti Arasında Uluslararası Karayolu Yük ve Yolcu Taşımacılığı Anlaşmasının Onaylanması Hakkında Karar,https://www.resmigazete.gov.tr/eskiler/2009/07/20090725-1.htm
2009-07-25,2009/15223 Türkiye Cumhuriyeti Jandarma Genel Komutanlığı ile Ukrayna İçişleri Bakanlığı İç Birlikler Ana Departmanı Arasında Güvenlik Alanında Personel Eğitimi ve Öğretimi İşbirliği Protokolünün Onaylanması Hakkında Karar,https://www.resmigazete.gov.tr/eskiler/2009/07/20090725-2.htm
2009-07-25,2009/15227 Türkiye Cumhuriyeti Hükümeti ile Güney Afrika Cumhuriyeti Hükümeti Arasında Gümrük İdarelerinin Karşılıklı Yardımlaşmasına İlişkin Anlaşmasının Onaylanması Hakkında Karar,https://www.resmigazete.gov.tr/eskiler/2009/07/20090725-3.htm
2009-07-25,2009/15235 Türkiye Cumhuriyeti Hükümeti ile Suriye Arap Cumhuriyeti Hükümeti Arasında Süleymaniye Külliyesi’nin Korunması Hakkında İşbirliği Protokolünün Onaylanması Hakkında Karar,https://www.resmigazete.gov.tr/eskiler/2009/07/20090725-4.htm
2009-07-25,2009/15236 Bazı Düzey 2 Bölgelerinde Kalkınma Ajansları Kurulması Hakkında Karar,https://www.resmigazete.gov.tr/eskiler/2009/07/20090725-5.htm
2009-07-25,"— Devlet, Milli Savunma, Bayındırlık ve İskan, Sağlık, Çalışma ve Sosyal Güvenlik, Sanayi ve Ticaret ile Çevre ve Orman Bakanlıklarına Ait Atama Kararları",https://www.resmigazete.gov.tr/eskiler/2009/07/20090725-5-2.htm
2009-07-25,— Erzincan İli Tercan İlçesine Bağlı Altunkent Beldesinin İsminin “Kargın” Olarak Değiştirilmesi Hakkında Karar,https://www.resmigazete.gov.tr/eskiler/2009/07/20090725-6.htm
2009-07-25,— Sosyal Hizmetler ve Çocuk Esirgeme Kurumu Genel Müdürlüğü Çocuk Evleri Çalışma Usul ve Esasları Hakkında Yönetmelikte Değişiklik Yapılmasına Dair Yönetmelik,https://www.resmigazete.gov.tr/eskiler/2009/07/20090725-7.htm
2009-07-25,— İstanbul Bilgi Üniversitesi Kredili Sistem Lisans ve Önlisans Öğretim ve Sınav Yönetmeliğinde Değişiklik Yapılmasına Dair Yönetmelik,https://www.resmigazete.gov.tr/eskiler/2009/07/20090725-8.htm
2009-07-25,— Bölünmüş Yol Yapımı İle İlgili 2009/14 Sayılı Başbakanlık Genelgesi,https://www.resmigazete.gov.tr/eskiler/2009/07/20090725-9.htm
2009-07-25,"— Mülki İdare Amirleri Atama, Değerlendirme ve Yer Değiştirme Yönetmeliğinin Eki Cetvellerde Değişiklik Yapılması Hakkında Tebliğ (No: 2009/1)",https://www.resmigazete.gov.tr/eskiler/2009/07/20090725-10.htm
2009-07-25,— İthalatta Haksız Rekabetin Önlenmesine İlişkin Tebliğ (No: 2009/20),https://www.resmigazete.gov.tr/eskiler/2009/07/20090725-11.htm
2009-07-25,— İthalatta Haksız Rekabetin Önlenmesine İlişkin Tebliğ (No: 2009/22),https://www.resmigazete.gov.tr/eskiler/2009/07/20090725-12.htm
2009-07-25,— İthalatta Haksız Rekabetin Önlenmesine İlişkin Tebliğ (No: 2009/23),https://www.resmigazete.gov.tr/eskiler/2009/07/20090725-13.htm
2009-07-25,— İthalatta Haksız Rekabetin Önlenmesine İlişkin Tebliğ (No: 2009/24),https://www.resmigazete.gov.tr/eskiler/2009/07/20090725-14.htm
2009-07-25,— İthalatta Haksız Rekabetin Önlenmesine İlişkin Tebliğ (No: 2009/25),https://www.resmigazete.gov.tr/eskiler/2009/07/20090725-15.htm
2009-07-25,— İthalatta Haksız Rekabetin Önlenmesine İlişkin Tebliğ (No: 2009/26),https://www.resmigazete.gov.tr/eskiler/2009/07/20090725-16.htm
2009-07-25,— Gümrük Genel Tebliğinde Değişiklik Yapılmasına Dair Tebliğ (Gümrük İşlemleri) (Seri No: 73),https://www.resmigazete.gov.tr/eskiler/2009/07/20090725-17.htm
2009-07-25,DÜZELTME 21/7/2009 Tarihli ve 27295 Sayılı Resmî Gazete’de Yayımlanan Elektrik Piyasası İthalat ve İhracat Yönetmeliğinde Değişiklik Yapılmasına Dair Yönetmelik ile İlgili,https://www.resmigazete.gov.tr/eskiler/2009/07/20090725-18.htm
2009-07-26,2009/15244 Yurtdışı Gündeliklerine Dair Karar,https://www.resmigazete.gov.tr/eskiler/2009/07/20090726-1.htm
2009-07-26,"2009/15246 Kamu Kurum ve Kuruluşlarının Yurtdışı Teşkilatını Oluşturan Birimlerin Nitelik, Kurulduğu Şehir ve Ülke, Görev Alanı, Akredite Edildiği Ülkeler ve Bağlı Bulunduğu Misyonlar Hakkındaki 13/4/1999 Tarihli ve 99/12770 Sayılı Bakanlar Kurulu Kararında Değişiklik Yapılmasına İlişkin Karar",https://www.resmigazete.gov.tr/eskiler/2009/07/20090726-2.htm
2009-07-26,2009/15270 Elektrikli Süpergeler İthalatında Geçici Korunma Önlemi Uygulanmasına İlişkin Karar,https://www.resmigazete.gov.tr/eskiler/2009/07/20090726-3.htm
2009-07-26,2009/15271 Devlet Planlama Teşkilatı Müsteşarlığının Merkez Teşkilatında 12 Adet Daire Başkanlığı Kurulması ve Anılan Müsteşarlığa Ait Dolu ve Boş Kadrolarda Değişiklik Yapılması Hakkında Karar,https://www.resmigazete.gov.tr/eskiler/2009/07/20090726-4.htm
2009-07-26,"— Devlet Bakanı ve Başbakan Yardımcısı Ali BABACAN’a, Devlet Bakanı Cevdet YILMAZ’ın Vekâlet Etmesine Dair Tezkere",https://www.resmigazete.gov.tr/eskiler/2009/07/20090726-5.htm
2009-07-26,"— Devlet ile Adalet, Milli Savunma, Dışişleri, Sağlık ve Sanayi ve Ticaret Bakanlıklarına Ait Atama Kararları",https://www.resmigazete.gov.tr/eskiler/2009/07/20090726-6.htm
2009-07-26,— Türkiye Yatırım Destek ve Tanıtım Ajansı İç Denetim Yönetmeliği,https://www.resmigazete.gov.tr/eskiler/2009/07/20090726-8.htm
2009-07-26,— Giresun Üniversitesi Lisansüstü Eğitim-Öğretim ve Sınav Yönetmeliğinde Değişiklik Yapılmasına Dair Yönetmelik,https://www.resmigazete.gov.tr/eskiler/2009/07/20090726-10.htm
2009-07-26,— Giresun Üniversitesi Önlisans ve Lisans Eğitim-Öğretim ve Sınav Yönetmeliğinde Değişiklik Yapılmasına Dair Yönetmelik,https://www.resmigazete.gov.tr/eskiler/2009/07/20090726-11.htm
2009-07-26,— İstanbul Aydın Üniversitesi Lisansüstü Eğitim-Öğretim ve Sınav Yönetmeliği,https://www.resmigazete.gov.tr/eskiler/2009/07/20090726-14.htm
2009-07-26,— Karadeniz Teknik Üniversitesi Diş Hekimliği Fakültesi Eğitim-Öğretim ve Sınav Yönetmeliğinde Değişiklik Yapılmasına Dair Yönetmelik,https://www.resmigazete.gov.tr/eskiler/2009/07/20090726-15.htm
2009-07-26,"— Karadeniz Teknik Üniversitesi Önlisans ve Lisans Eğitim-Öğretim, Sınav, Değerlendirme ve Öğrenci İşleri Yönetmeliğinde Değişiklik Yapılmasına Dair Yönetmelik",https://www.resmigazete.gov.tr/eskiler/2009/07/20090726-16.htm
2009-07-26,— Karadeniz Teknik Üniversitesi Sağlık Yüksekokulları Lisans Eğitim-Öğretim ve Sınav Yönetmeliğinde Değişiklik Yapılmasına Dair Yönetmelik,https://www.resmigazete.gov.tr/eskiler/2009/07/20090726-17.htm
2009-07-26,— Karadeniz Teknik Üniversitesi Yabancı Dil Hazırlık Sınıfı Yönetmeliği,https://www.resmigazete.gov.tr/eskiler/2009/07/20090726-18.htm
2009-07-26,— Ondokuzmayıs Üniversitesi Eğitim-Öğretim ve Sınav Yönetmeliğinde Değişiklik Yapılmasına Dair Yönetmelik,https://www.resmigazete.gov.tr/eskiler/2009/07/20090726-19.htm
2009-07-27,— İçişleri Bakanlığına Ait Atama Kararı,https://www.resmigazete.gov.tr/eskiler/2009/07/20090727-1-1.htm
2009-07-27,— Hacettepe Üniversitesi Lisansüstü Eğitim-Öğretim ve Sınav Yönetmeliğinde Değişiklik Yapılmasına Dair Yönetmelik,https://www.resmigazete.gov.tr/eskiler/2009/07/20090727-1.htm
2009-07-27,— Türkiye Üniversite Sporları Federasyonu Ana Statüsünde Değişiklik Yapılmasına Dair Ana Statü,https://www.resmigazete.gov.tr/eskiler/2009/07/20090727-2.htm
2009-07-27,— İşkolu Tespit Kararı (No: 2009/37),https://www.resmigazete.gov.tr/eskiler/2009/07/20090727-3.htm
2009-07-27,— Mecburi Standardın Yürürlükten Kaldırılmasına Dair Tebliğ (No: ÖSG-2009/14),https://www.resmigazete.gov.tr/eskiler/2009/07/20090727-4.htm
2009-07-27,— Mecburi Standardın Yürürlükten Kaldırılmasına Dair Tebliğ (No: ÖSG-2009/15),https://www.resmigazete.gov.tr/eskiler/2009/07/20090727-5.htm
2009-07-27,— Mecburi Standard Tebliğinde Değişiklik Yapılmasına Dair Tebliğ (No: ÖSG-2009/17),https://www.resmigazete.gov.tr/eskiler/2009/07/20090727-6.htm
2009-07-27,— 2009 Yılı Haziran Ayına Ait Yatırım Teşvik Belgeleri Listesi,https://www.resmigazete.gov.tr/eskiler/2009/07/20090727-7.xls
2009-07-27,— 2009 Yılı Haziran Ayına Ait Yabancı Sermayeli Firmaların Yatırımları İçin Verilen Yatırım Teşvik Belgeleri Listesi,https://www.resmigazete.gov.tr/eskiler/2009/07/20090727-8.xls
2009-07-27,— Gümrük Genel Tebliği (Transit Rejimi) (Seri No: 1),https://www.resmigazete.gov.tr/eskiler/2009/07/20090727-9.htm
2009-07-27,— Yargıtay 2. Hukuk Dairesine Ait Karar,https://www.resmigazete.gov.tr/eskiler/2009/07/20090727-10.htm
2009-07-28,"2009/15179 Türkiye Cumhuriyeti Hükümeti ile Almanya Federal Cumhuriyeti Hükümeti Arasında İmzalanan “Savunma Teçhizatı Araştırma, Geliştirme, Üretim, Tedarik, Hizmet İçi Destek ve Sınai İşbirliği Alanında İşbirliği Yapmaya İlişkin Anlaşma”nın Onaylanması Hakkında Karar",https://www.resmigazete.gov.tr/eskiler/2009/07/20090728-1.htm
2009-07-28,2009/15180 Dünya Bankası Grubu ve Uluslararası Para Fonu Guvernörler Kurullarının 2009 Yıllık Toplantıları Münasebetiyle Türkiye Cumhuriyeti Hükümeti ile Dünya Bankası Grubu ve Uluslararası Para Fonu Arasında Düzenlenen Mutabakat Zaptı’nın Onaylanması Hakkında Karar,https://www.resmigazete.gov.tr/eskiler/2009/07/20090728-2.htm
2009-07-28,2009/15184 Türkiye Cumhuriyeti Hükümeti ile Almanya Federal Cumhuriyeti Hükümeti Arasında İmzalanan “Türkiye’de Bir Türk-Alman Üniversitesinin Kurulmasına Dair Anlaşma”nın Onaylanması Hakkında Karar,https://www.resmigazete.gov.tr/eskiler/2009/07/20090728-3.htm
2009-07-28,2009/15263 Vakıflar Genel Müdürlüğü Teftiş Kurulu Tüzüğünün Yürürlükten Kaldırılmasına Dair Tüzük,https://www.resmigazete.gov.tr/eskiler/2009/07/tüzük.htm
2009-07-28,2009/15250 3083 Sayılı Sulama Alanlarında Arazi Düzenlenmesine Dair Tarım Reformu Kanunu Uyarınca Uygulama Alanı İlan Edilen Şanlıurfa İlinde Bulunan Bazı Yerleşim Yerlerinin Ana Köyden Ayrılarak Yeleken Adında Yeni Köy Kurulması Hakkında Karar,https://www.resmigazete.gov.tr/eskiler/2009/07/bkk-1.htm
2009-07-28,2009/15251 Bazı Yerleşim Alanlarının “Uygulama Alanı” Olarak Tespiti ve Bazı Yerleşim Alanlarındaki Üçüncü Sınıf Tarım Arazilerinde Dağıtılacak Toprak Normunun Belirlenmesi Hakkında Karar,https://www.resmigazete.gov.tr/eskiler/2009/07/bkk-2.htm
2009-07-28,2009/15265 Bazı Alanların Teknoloji Geliştirme Bölgesi Olarak Tespit Edilmesine ve Bazı Teknoloji Geliştirme Bölgelerinin Sınırlarında Değişiklik Yapılmasına İlişkin Karar,https://www.resmigazete.gov.tr/eskiler/2009/07/bkk-3.htm
2009-07-28,2009/15279 Rekabet Kurulunda Boş Bulunan Üyeliğe Reşit Gürpınar’ın Atanması Hakkında Karar,https://www.resmigazete.gov.tr/eskiler/2009/07/Atama%20Kararı.htm
2009-07-28,— Hâkimler ve Savcılar Yüksek Kuruluna Ait Kararlar,https://www.resmigazete.gov.tr/eskiler/2009/07/Hakimler%20ve%20Savcılar.htm
2009-07-28,— Ardahan Üniversitesi Önlisans-Lisans Eğitim-Öğretim ve Sınav Yönetmeliği,https://www.resmigazete.gov.tr/eskiler/2009/07/20090728-4.htm
2009-07-28,— Gazi Üniversitesi Bilgisayar Bilimleri Uygulama ve Araştırma Merkezi Yönetmeliği,https://www.resmigazete.gov.tr/eskiler/2009/07/20090728-5.htm
2009-07-28,— Gümüşhane Üniversitesi Ön Lisans ve Lisans Eğitim-Öğretim ve Sınav Yönetmeliği,https://www.resmigazete.gov.tr/eskiler/2009/07/20090728-6.htm
2009-07-28,— Hitit Üniversitesi Lisansüstü Eğitim-Öğretim Yönetmeliğinde Değişiklik Yapılmasına Dair Yönetmelik,https://www.resmigazete.gov.tr/eskiler/2009/07/20090728-7.htm
2009-07-28,— Siirt Üniversitesi Ön Lisans ve Lisans Eğitim-Öğretim Yönetmeliğinde Değişiklik Yapılmasına Dair Yönetmelik,https://www.resmigazete.gov.tr/eskiler/2009/07/20090728-8.htm
2009-07-28,— Yatırımlarda Devlet Yardımları Hakkında Kararın Uygulanmasına İlişkin Tebliğ (No: 2009/1),https://www.resmigazete.gov.tr/eskiler/2009/07/Tebliğ%20hazine.htm
2009-07-28,— Kamu Personeli Genel Tebliği (Devlet Memurluğuna Alınma) (Seri No: 1),https://www.resmigazete.gov.tr/eskiler/2009/07/Tebliğ%20Devlet%20Personel.htm
2009-07-28,"— Aracılık Faaliyetleri ve Aracı Kuruluşlara İlişkin Esaslar Hakkında Tebliğ ile Aracılık Faaliyetinde Belge ve Kayıt Düzeni Hakkında Tebliğde Değişiklik Yapılmasına Dair Tebliğ (Seri: V, No: 112)",https://www.resmigazete.gov.tr/eskiler/2009/07/Tebliğ%20Sermaye.htm
2009-07-28,— Numara Ücretlerinin Uygulanmasına İlişkin Usul ve Esaslar Hakkında Tebliğin Yürürlükten Kaldırılmasına Dair Tebliğ,https://www.resmigazete.gov.tr/eskiler/2009/07/Tebliğ%20bilgi.htm
2009-07-28,— Yargıtay 17. Hukuk Dairesine Ait Karar,https://www.resmigazete.gov.tr/eskiler/2009/07/yargı.htm
2009-07-29,2009/15268 Türkiye Cumhuriyeti Küçük ve Orta Ölçekli Sanayi Geliştirme ve Destekleme İdaresi Başkanlığı ile Romanya KOBİ’ler ve Kooperatifler Ulusal Kurumu Arasındaki Mutabakat ve İşbirliği Zaptı’nın Onaylanması Hakkında Karar,https://www.resmigazete.gov.tr/eskiler/2009/07/20090729-1.htm
2009-07-29,— Çanakkale Onsekiz Mart Üniversitesi Sualtı Araştırma ve Uygulama Merkezi Yönetmeliği,https://www.resmigazete.gov.tr/eskiler/2009/07/20090729-2.htm
2009-07-29,— Haliç Üniversitesi Ön Lisans ve Lisans Eğitim-Öğretim ve Sınav Yönetmeliğinde Değişiklik Yapılmasına Dair Yönetmelik,https://www.resmigazete.gov.tr/eskiler/2009/07/20090729-3.htm
2009-07-29,"— Kocaeli Üniversitesi Yabancı Dil Hazırlık, Yabancı Dil Destek ve Yabancı Dil Tamamlama Programları Yönetmeliğinin Yürürlükten Kaldırılmasına Dair Yönetmelik",https://www.resmigazete.gov.tr/eskiler/2009/07/20090729-4.htm
2009-07-29,— Yeditepe Üniversitesi Döner Sermaye Yönetmeliğinde Değişiklik Yapılmasına Dair Yönetmelik,https://www.resmigazete.gov.tr/eskiler/2009/07/20090729-5.htm
2009-07-29,— Finansal Tabloların Sunuluşuna İlişkin Türkiye Muhasebe Standardı (TMS 1) Hakkında Tebliğde Değişiklik Yapılmasına İlişkin Tebliğ (Sıra No: 154),https://www.resmigazete.gov.tr/eskiler/2009/07/20090729-6.htm
2009-07-29,— Nakit Akış Tablolarına İlişkin Türkiye Muhasebe Standardı (TMS 7) Hakkında Tebliğde Değişiklik Yapılmasına İlişkin Tebliğ (Sıra No: 155),https://www.resmigazete.gov.tr/eskiler/2009/07/20090729-7.htm
2009-07-29,— Kiralama İşlemlerine İlişkin Türkiye Muhasebe Standardı (TMS 17) Hakkında Tebliğde Değişiklik Yapılmasına İlişkin Tebliğ (Sıra No: 156),https://www.resmigazete.gov.tr/eskiler/2009/07/20090729-8.htm
2009-07-29,— Varlıklarda Değer Düşüklüğüne İlişkin Türkiye Muhasebe Standardı (TMS 36) Hakkında Tebliğde Değişiklik Yapılmasına İlişkin Tebliğ (Sıra No: 157),https://www.resmigazete.gov.tr/eskiler/2009/07/20090729-9.htm
2009-07-29,— Maddi Olmayan Duran Varlıklara İlişkin Türkiye Muhasebe Standardı (TMS 38) Hakkında Tebliğde Değişiklik Yapılmasına İlişkin Tebliğ (Sıra No: 158),https://www.resmigazete.gov.tr/eskiler/2009/07/20090729-10.htm
2009-07-29,— Finansal Araçlar: Muhasebeleştirme ve Ölçmeye İlişkin Türkiye Muhasebe Standardı (TMS 39) Hakkında Tebliğde Değişiklik Yapılmasına İlişkin Tebliğ (Sıra No: 159),https://www.resmigazete.gov.tr/eskiler/2009/07/20090729-11.htm
2009-07-29,— Türkiye Finansal Raporlama Standartlarının İlk Uygulamasına İlişkin Türkiye Finansal Raporlama Standardı (TFRS 1) Hakkında Tebliğde Değişiklik Yapılmasına İlişkin Tebliğ (Sıra No: 160),https://www.resmigazete.gov.tr/eskiler/2009/07/20090729-12.htm
2009-07-29,— Hisse Bazlı Ödemelere İlişkin Türkiye Finansal Raporlama Standardı (TFRS 2) Hakkında Tebliğde Değişiklik Yapılmasına İlişkin Tebliğ (Sıra No: 161),https://www.resmigazete.gov.tr/eskiler/2009/07/20090729-13.htm
2009-07-29,— Satış Amaçlı Elde Tutulan Duran Varlıklar ve Durdurulan Faaliyetlere İlişkin Türkiye Finansal Raporlama Standardı (TFRS 5) Hakkında Tebliğde Değişiklik Yapılmasına İlişkin Tebliğ (Sıra No: 162),https://www.resmigazete.gov.tr/eskiler/2009/07/20090729-14.htm
2009-07-29,— Faaliyet Bölümlerine İlişkin Türkiye Finansal Raporlama Standardı (TFRS 8) Hakkında Tebliğde Değişiklik Yapılmasına İlişkin Tebliğ (Sıra No: 163),https://www.resmigazete.gov.tr/eskiler/2009/07/20090729-15.htm
2009-07-29,— Türkiye Finansal Raporlama Standartları Yorumları Hakkında Tebliğde Değişiklik Yapılmasına İlişkin Tebliğ (Sıra No: 164),https://www.resmigazete.gov.tr/eskiler/2009/07/20090729-16.htm
2009-07-29,— Yurtdışındaki İşletmede Bulunan Net Yatırımın Finansal Riskten Korunmasına İlişkin Türkiye Finansal Raporlama Standardı Yorumu Hakkında Tebliğde Değişiklik Yapılmasına İlişkin Tebliğ (Sıra No: 165),https://www.resmigazete.gov.tr/eskiler/2009/07/20090729-17.htm
2009-07-29,"— Anayasa Mahkemesinin E: 2009/45, K: 2009/14 (Yürürlüğü Durdurma) Sayılı Kararı (4/6/2009 Tarihli ve 5903 Sayılı Kanun ile İlgili)",https://www.resmigazete.gov.tr/eskiler/2009/07/20090729-18.htm
2009-07-30,2009/15257 Türkiye Cumhuriyeti ile İspanya Krallığı Arasında İmzalanan “Bilimsel ve Teknolojik İşbirliği Anlaşması”nın Onaylanması Hakkında Karar,https://www.resmigazete.gov.tr/eskiler/2009/07/20090730-1.htm
2009-07-30,2009/15272 Kalıcı Organik Kirleticilere İlişkin Stokholm Sözleşmesi’nin Onaylanması Hakkında Karar,https://www.resmigazete.gov.tr/eskiler/2009/07/20090730-2.htm
2009-07-30,"— Dışişleri Bakanlığına, Enerji ve Tabii Kaynaklar Bakanı Taner YILDIZ'ın Vekâlet Etmesine Dair Tezkere",https://www.resmigazete.gov.tr/eskiler/2009/07/20090730-2-1.htm
2009-07-30,2009/15245 Kamu Görevlerine İlk Defa Atanacaklar İçin Yapılacak Sınavlar Hakkında Genel Yönetmelikte Değişiklik Yapılmasına Dair Yönetmelik,https://www.resmigazete.gov.tr/eskiler/2009/07/20090730-3.htm
2009-07-30,— Ulaştırma Bakanlığı Döner Sermaye İşletmesi Yönetmeliğinde Değişiklik Yapılması Hakkında Yönetmelik,https://www.resmigazete.gov.tr/eskiler/2009/07/20090730-3-1.htm
2009-07-30,— Sosyal Hizmetler ve Çocuk Esirgeme Kurumu Hizmetlerine Katılımın Sağlanması ve Katkıda Bulunanların Onurlandırılmasına İlişkin Yönetmelikte Değişiklik Yapılmasına Dair Yönetmelik,https://www.resmigazete.gov.tr/eskiler/2009/07/20090730-4.htm
2009-07-30,— Telgraf Hizmetleri Yönetmeliği,https://www.resmigazete.gov.tr/eskiler/2009/07/20090730-5.htm
2009-07-30,— Balıkesir Üniversitesi Uzaktan Eğitim Uygulama ve Araştırma Merkezi Yönetmeliği,https://www.resmigazete.gov.tr/eskiler/2009/07/20090730-6.htm
2009-07-30,— Bayburt Üniversitesi Ön Lisans ve Lisans Eğitim-Öğretim Yönetmeliği,https://www.resmigazete.gov.tr/eskiler/2009/07/20090730-7.htm
2009-07-30,— Kırıkkale Üniversitesi Lisansüstü Eğitim-Öğretim ve Sınav Yönetmeliğinde Değişiklik Yapılmasına Dair Yönetmelik,https://www.resmigazete.gov.tr/eskiler/2009/07/20090730-8.htm
2009-07-30,— Yalova Üniversitesi Sürekli Eğitim Uygulama ve Araştırma Merkezi Yönetmeliği,https://www.resmigazete.gov.tr/eskiler/2009/07/20090730-9.htm
2009-07-30,— Yapı Malzemeleri Yönetmeliği (89/106/EEC) Kapsamında Olup CE İşareti Taşıması Mecburi Olmayan Yapı Malzemelerinin Tâbi Olacakları Ulusal Düzenlemeler Hakkında Tebliğ’in Yürürlükten Kaldırılmasına Dair Tebliğ,https://www.resmigazete.gov.tr/eskiler/2009/07/20090730-10.htm
2009-07-30,— İthalatta Korunma Önlemlerine İlişkin Tebliğ (No: 2009/17),https://www.resmigazete.gov.tr/eskiler/2009/07/20090730-11.htm
2009-07-30,— İthalatta Haksız Rekabetin Önlenmesine İlişkin Tebliğ (No: 2009/21),https://www.resmigazete.gov.tr/eskiler/2009/07/20090730-12.htm
2009-07-31,"— Tarım ve Köyişleri Bakanlığına, Devlet Bakanı Faruk Nafız ÖZAK'ın Vek â let Etmesine Dair Tezkere",https://www.resmigazete.gov.tr/eskiler/2009/07/20090731-1..htm
2009-07-31,2009/15169 Kamu Hizmetlerinin Sunumunda Uyulacak Usul ve Esaslara İlişkin Yönetmelik,https://www.resmigazete.gov.tr/eskiler/2009/07/20090731-1.htm
2009-07-31,"— Bürokrasinin Azaltılması ve İşlemlerin Basitleştirilmesine Yönelik Başbakanlık, Bakanlıklar ile Bazı Bağlı ve İlgili Kuruluşlara Ait 170 Adet Yönetmelik",https://www.resmigazete.gov.tr/eskiler/2009/07/20090731-2.htm
2009-08-01,2009/15238 Türkiye Cumhuriyeti Genelkurmay Başkanlığı ve Arnavutluk Cumhuriyeti Savunma Bakanlığı Arasında İmzalanan “Kuçova Hava Meydanının Modernizasyonu Hakkında Protokol”ün Onaylanması Hakkında Karar,https://www.resmigazete.gov.tr/eskiler/2009/08/20090801-1.htm
2009-08-01,2009/15258 Türkiye Cumhuriyeti Hükümeti ile Hindistan Cumhuriyeti Hükümeti Arasında İmzalanan “Bilim ve Teknoloji Alanlarında İşbirliği Anlaşması”nın Onaylanması Hakkında Karar,https://www.resmigazete.gov.tr/eskiler/2009/08/20090801-2.htm
2009-08-01,— Subay ve Astsubay Atama Yönetmeliğinde Değişiklik Yapılmasına Dair Yönetmelik,https://www.resmigazete.gov.tr/eskiler/2009/08/20090801-3.htm
2009-08-01,— İller Bankası Kanunu Uygulama Yönetmeliğinde Değişiklik Yapılmasına Dair Yönetmelik,https://www.resmigazete.gov.tr/eskiler/2009/08/20090801-3-1.htm
2009-08-01,— Banka Kartları ve Kredi Kartları Hakkında Yönetmelikte Değişiklik Yapılmasına Dair Yönetmelik,https://www.resmigazete.gov.tr/eskiler/2009/08/20090801-3-2.htm
2009-08-01,— Borsa Dışı Teşkilatlanmış Menkul Kıymetler Piyasalarının Kuruluş ve Çalışma Esasları Hakkında Yönetmelikte Değişiklik Yapılmasına Dair Yönetmelik,https://www.resmigazete.gov.tr/eskiler/2009/08/20090801-4.htm
2009-08-01,— Fatih Üniversitesi Lisansüstü Eğitim-Öğretim ve Sınav Yönetmeliğinde Değişiklik Yapılmasına Dair Yönetmelik,https://www.resmigazete.gov.tr/eskiler/2009/08/20090801-5.htm
2009-08-01,— Fatih Üniversitesi Lisans Öğretim ve Sınav Yönetmeliğinde Değişiklik Yapılmasına Dair Yönetmelik,https://www.resmigazete.gov.tr/eskiler/2009/08/20090801-6.htm
2009-08-01,— İşkolu Tespit Kararı (No: 2009/38),https://www.resmigazete.gov.tr/eskiler/2009/08/20090801-7.htm
2009-08-01,— İthalatta Haksız Rekabetin Önlenmesine İlişkin Tebliğ (No: 2009/27),https://www.resmigazete.gov.tr/eskiler/2009/08/20090801-8.htm
2009-08-01,— İthalatta Haksız Rekabetin Önlenmesine İlişkin Tebliğ (No: 2009/28),https://www.resmigazete.gov.tr/eskiler/2009/08/20090801-9.htm
2009-08-01,— İthalatta Gözetim Uygulanmasına İlişkin 2006/10 Sayılı Tebliğ’de Değişiklik Yapılması Hakkında Tebliğ,https://www.resmigazete.gov.tr/eskiler/2009/08/20090801-10.htm
2009-08-01,— Yargıtay 2. Hukuk Dairesine Ait Karar,https://www.resmigazete.gov.tr/eskiler/2009/08/20090801-11.htm
2009-08-01,"DÜZELTME (2009/1 sayılı “Mülki İdare Amirleri Atama, Değerlendirme ve Yerdeğiştirme Yönetmeliğin Eki Cetvellerde Değişiklik Yapılması Hakkında Tebliğ"" ile İlgili",https://www.resmigazete.gov.tr/eskiler/2009/08/20090801-12.htm
2009-08-02,"— İcra Müdür ve Yardımcılarının Sınav, Mülakat, Atama ve Nakil Yönetmeliğinde Değişiklik Yapılmasına Dair Yönetmelik",https://www.resmigazete.gov.tr/eskiler/2009/08/20090802-1..htm
2009-08-02,— Ankara Üniversitesi Kalkınma Çalışmaları Uygulama ve Araştırma Merkezi Yönetmeliği,https://www.resmigazete.gov.tr/eskiler/2009/08/20090802-1.htm
2009-08-02,— Çanakkale Onsekiz Mart Üniversitesi Lisansüstü Eğitim-Öğretim ve Sınav Yönetmeliğinde Değişiklik Yapılmasına Dair Yönetmelik,https://www.resmigazete.gov.tr/eskiler/2009/08/20090802-2.htm
2009-08-02,"— Iğdır Üniversitesi Önlisans, Lisans Eğitim-Öğretim ve Sınav Yönetmeliği",https://www.resmigazete.gov.tr/eskiler/2009/08/20090802-3.htm
2009-08-02,— Mardin Artuklu Üniversitesi Ön Lisans ve Lisans Eğitim-Öğretim ve Sınav Yönetmeliği,https://www.resmigazete.gov.tr/eskiler/2009/08/20090802-4.htm
2009-08-03,— Kalkınma Ajansları Denetim Yönetmeliği,https://www.resmigazete.gov.tr/eskiler/2009/08/20090803-1..htm
2009-08-03,— Orman Genel Müdürlüğü Teftiş Kurulu Yönetmeliğinde Değişiklik Yapılmasına Dair Yönetmelik,https://www.resmigazete.gov.tr/eskiler/2009/08/20090803-1...htm
2009-08-03,— Ege Üniversitesi Sürekli Eğitim Merkezi (EGESEM) Yönetmeliğinde Değişiklik Yapılmasına Dair Yönetmelik,https://www.resmigazete.gov.tr/eskiler/2009/08/20090803-1.htm
2009-08-03,— Erciyes Üniversitesi Klinik Mühendisliği Araştırma ve Uygulama Merkezi Yönetmeliği,https://www.resmigazete.gov.tr/eskiler/2009/08/20090803-2.htm
2009-08-03,— Haliç Üniversitesi Lisansüstü Eğitim-Öğretim ve Sınav Yönetmeliği,https://www.resmigazete.gov.tr/eskiler/2009/08/20090803-3.htm
2009-08-03,— Siirt Üniversitesi Lisansüstü Eğitim-Öğretim ve Sınav Yönetmeliği,https://www.resmigazete.gov.tr/eskiler/2009/08/20090803-4.htm
2009-08-03,— Gümüşhane Üniversitesi Çift Ana Dal Lisans ve Yan Dal Yönetmeliği,https://www.resmigazete.gov.tr/eskiler/2009/08/20090803-5.htm
2009-08-04,2009/15277 Fatih Üniversitesi Rektörlüğüne Bağlı Olarak Eğitim Fakültesi Kurulması Hakkında Karar,https://www.resmigazete.gov.tr/eskiler/2009/08/20090804-1.htm
2009-08-04,2009/15278 İstanbul Bilim Üniversitesi Rektörlüğüne Bağlı Olarak Sosyal Bilimler Enstitüsü Kurulması Hakkında Karar,https://www.resmigazete.gov.tr/eskiler/2009/08/20090804-2.htm
2009-08-04,— Hâkimler ve Savcılar Yüksek Kuruluna Ait Atama Kararı,https://www.resmigazete.gov.tr/eskiler/2009/08/20090804-3.htm
2009-08-04,— Bankacılık Düzenleme ve Denetleme Kurulunun 30/7/2009 Tarihli ve 3280 Sayılı Kararı,https://www.resmigazete.gov.tr/eskiler/2009/08/20090804-4.htm
2009-08-05,— Millî Savunma ile İçişleri Bakanlıklarına Ait Atama Kararları,https://www.resmigazete.gov.tr/eskiler/2009/08/20090805-1.htm
2009-08-05,— Hâkimler ve Savcılar Yüksek Kuruluna Ait Atama Kararları,https://www.resmigazete.gov.tr/eskiler/2009/08/20090805-2.htm
2009-08-05,— İnternet Toplu Kullanım Sağlayıcıları Hakkında Yönetmelikte Değişiklik Yapılmasına Dair Yönetmelik,https://www.resmigazete.gov.tr/eskiler/2009/08/20090805-3.htm
2009-08-05,— İnönü Üniversitesi Lisansüstü Eğitim-Öğretim Yönetmeliğinde Değişiklik Yapılmasına Dair Yönetmelik,https://www.resmigazete.gov.tr/eskiler/2009/08/20090805-4.htm
2009-08-05,— Bilim ve Teknoloji Yüksek Kurulu’nun Onsekizinci ve Ondokuzuncu Toplantısı ile İlgili 2009/16 Sayılı Başbakanlık Genelgesi,https://www.resmigazete.gov.tr/eskiler/2009/08/20090805-5.htm
2009-08-05,— Kuzey Kore’ye Yönelik Yaptırımlar ile İlgili 2009/17 Sayılı Başbakanlık Genelgesi,https://www.resmigazete.gov.tr/eskiler/2009/08/20090805-6.htm
2009-08-05,— İthalatta Haksız Rekabetin Önlenmesine İlişkin Tebliğ (No: 2009/29),https://www.resmigazete.gov.tr/eskiler/2009/08/20090805-7.htm
2009-08-05,— İthalatta Haksız Rekabetin Önlenmesine İlişkin Tebliğ (No: 2009/30),https://www.resmigazete.gov.tr/eskiler/2009/08/20090805-8.htm
2009-08-05,— Yargıtay 13. Hukuk Dairesine Ait Kararlar,https://www.resmigazete.gov.tr/eskiler/2009/08/20090805-9.htm
2009-08-05,— Danıştay Yedinci Dairesine Ait Karar,https://www.resmigazete.gov.tr/eskiler/2009/08/20090805-10.htm
2009-08-06,946 Türkiye Büyük Millet Meclisi Başkanlığına Antalya Milletvekili Mehmet Ali ŞAHİN’in Seçildiğine Dair Karar,https://www.resmigazete.gov.tr/eskiler/2009/08/20090806-1.htm
2009-08-06,— Adalet ve Dışişleri Bakanlıklarına Ait Atama Kararları,https://www.resmigazete.gov.tr/eskiler/2009/08/20090806-2.htm
2009-08-06,— Gülhane Askerî Tıp Akademisi Yönetmeliğinde Değişiklik Yapılmasına Dair Yönetmelik,https://www.resmigazete.gov.tr/eskiler/2009/08/20090806-3.htm
2009-08-06,— Bayındırlık ve İskan Bakanlığı Personelinin Yer Değiştirme Suretiyle Atanmalarına İlişkin Yönetmelik,https://www.resmigazete.gov.tr/eskiler/2009/08/20090806-4.htm
2009-08-06,"— Hayvancılık İşletmelerinin Kuruluş, Çalışma, Denetleme Usul ve Esaslarına Dair Yönetmelikte Değişiklik Yapılmasına Dair Yönetmelik",https://www.resmigazete.gov.tr/eskiler/2009/08/20090806-5.htm
2009-08-06,— Türkiye Radyo-Televizyon Kurumu Geçici Danışma Kurulları Yönetmeliği,https://www.resmigazete.gov.tr/eskiler/2009/08/20090806-6.htm
2009-08-06,"— Tütün Mamullerinin Zararlarından Korumaya Yönelik Üretim Şekline, Etiketlenmesine ve Denetlenmesine İlişkin Usul ve Esaslar Hakkında Yönetmelikte Değişiklik Yapılmasına Dair Yönetmelik",https://www.resmigazete.gov.tr/eskiler/2009/08/20090806-7.htm
2009-08-06,— Mehmet Akif Ersoy Üniversitesi Biyolojik Kaynaklar Uygulama ve Araştırma Merkezi Yönetmeliği,https://www.resmigazete.gov.tr/eskiler/2009/08/20090806-8.htm
2009-08-06,— İşkolu Tespit Kararı (No: 2009/39),https://www.resmigazete.gov.tr/eskiler/2009/08/20090806-9.htm
2009-08-06,— İşkolu Tespit Kararı (No: 2009/40),https://www.resmigazete.gov.tr/eskiler/2009/08/20090806-10.htm
2009-08-06,— İşkolu Tespit Kararı (No: 2009/41),https://www.resmigazete.gov.tr/eskiler/2009/08/20090806-11.htm
2009-08-06,— İşkolu Tespit Kararı (No: 2009/42),https://www.resmigazete.gov.tr/eskiler/2009/08/20090806-12.htm
2009-08-06,— Turizm Tesislerinin Belgelendirilmesine ve Niteliklerine İlişkin Yönetmeliğin Uygulanmasına Dair Tebliğde Değişiklik Yapılmasına Dair Tebliğ,https://www.resmigazete.gov.tr/eskiler/2009/08/20090806-13.htm
2009-08-06,— Dahilde İşleme Rejimi Tebliğinde Değişiklik Yapılmasına Dair Tebliğ (İhracat: 2009/9),https://www.resmigazete.gov.tr/eskiler/2009/08/20090806-14.htm
2009-08-06,— İthalatta Gözetim Uygulanmasına İlişkin 2009/8 Sayılı Tebliğ’de Değişiklik Yapılması Hakkında Tebliğ,https://www.resmigazete.gov.tr/eskiler/2009/08/20090806-15.htm
2009-08-07,"— Atatürk Kültür, Dil ve Tarih Yüksek Kurumu Başkanlığına, Prof. Dr. Bahaettin YEDİYILDIZ'ın Görevlendirilmesi Hakkında Karar",https://www.resmigazete.gov.tr/eskiler/2009/08/20090807-10.htm
2009-08-07,"— Telekomünikasyon Yoluyla Yapılan İletişimin Tespiti, Dinlenmesi, Sinyal Bilgilerinin Değerlendirilmesi ve Kayda Alınmasına Dair Usul ve Esaslar ile Telekomünikasyon İletişim Başkanlığının Kuruluş, Görev ve Yetkileri Hakkında Yönetmelikte Değişiklik Yapılmasına Dair Yönetmelik",https://www.resmigazete.gov.tr/eskiler/2009/08/20090807-1.htm
2009-08-07,"— Bilgi Teknolojileri ve İletişim Kurumu Gelirlerinin Tarh, Tebligat, Tahakkuk, Tahsilât Usul ve Esasları Hakkında Yönetmelik",https://www.resmigazete.gov.tr/eskiler/2009/08/20090807-2.htm
2009-08-07,— Kadir Has Üniversitesi Lisans ve Önlisans Eğitim ve Öğretim Yönetmeliğinde Değişiklik Yapılmasına Dair Yönetmelik,https://www.resmigazete.gov.tr/eskiler/2009/08/20090807-3.htm
2009-08-07,— Sınıflandırma Çalışmalarına İlişkin Değerlendirme Formlarının Hazırlanmasına ve Uygulanmasına İlişkin Tebliğ,https://www.resmigazete.gov.tr/eskiler/2009/08/20090807-4.htm
2009-08-07,— Denizcilik Yakıtlarına İlişkin Teknik Düzenleme Tebliği (İhrakiye Seri No: 2),https://www.resmigazete.gov.tr/eskiler/2009/08/20090807-5.htm
2009-08-07,— Benzin Türlerine İlişkin Teknik Düzenleme Tebliği (Akaryakıt Seri No: 14),https://www.resmigazete.gov.tr/eskiler/2009/08/20090807-6.htm
2009-08-07,— Motorin Türlerine İlişkin Teknik Düzenleme Tebliği (Akaryakıt Seri No: 15),https://www.resmigazete.gov.tr/eskiler/2009/08/20090807-7.htm
2009-08-07,— Gazyağına İlişkin Teknik Düzenleme Tebliği (Akaryakıt Seri No: 16),https://www.resmigazete.gov.tr/eskiler/2009/08/20090807-8.htm
2009-08-07,— Fuel Oil Türlerine İlişkin Teknik Düzenleme Tebliği (Akaryakıt Seri No: 17),https://www.resmigazete.gov.tr/eskiler/2009/08/20090807-9.htm
2009-08-08,947 Türkiye Büyük Millet Meclisi Başkanlık Divanı Üyelikleri İçin Yapılan Seçime Dair Karar,https://www.resmigazete.gov.tr/eskiler/2009/08/20090808-1.htm
2009-08-08,"— Uluslararası İmar ve Kalkınma Bankası ile İmzalanan, “Özel Sektör Yenilenebilir Enerji ve Enerji Verimliliği Projesi” ile İlgili Garanti, Kredi Anlaşmaları ve Ek Mektuplar",https://www.resmigazete.gov.tr/eskiler/2009/08/20090808-2.htm
2009-08-08,2009/15300 Yağlık Ayçiçeği Tohumu ve Ham Ayçiçeği Tohumu Yağı İthalatında Tarife Kontenjanı Uygulanması Hakkında Karar,https://www.resmigazete.gov.tr/eskiler/2009/08/20090808-3.htm
2009-08-08,"— Enerji ve Tabii Kaynaklar Bakanlığına, Sağlık Bakanı Recep AKDAĞ’ın Vekâlet Etmesine Dair Tezkere",https://www.resmigazete.gov.tr/eskiler/2009/08/20090808-4.htm
2009-08-08,"— Başbakanlık, Milli Savunma ile Kültür ve Turizm Bakanlıklarına Ait Atama Kararları",https://www.resmigazete.gov.tr/eskiler/2009/08/20090808-5.htm
2009-08-08,— Anadolu Tapu ve Kadastro Meslek Lisesi Yönetmeliğinin Yürürlükten Kaldırılmasına Dair Yönetmelik,https://www.resmigazete.gov.tr/eskiler/2009/08/20090808-6.htm
2009-08-08,— Ahi Evran Üniversitesi Çevre Sorunları Uygulama ve Araştırma Merkezi Yönetmeliği,https://www.resmigazete.gov.tr/eskiler/2009/08/20090808-7.htm
2009-08-09,"— Devlet Bakanı Faruk ÇELİK’e, Milli Savunma Bakanı M. Vecdi GÖNÜL’ün Vekâlet Etmesine Dair Tezkere",https://www.resmigazete.gov.tr/eskiler/2009/08/20090809-1.htm
2009-08-09,"— Sanayi ve Ticaret Bakanlığına, Devlet Bakanı Faruk Nafız ÖZAK'ın Vekâlet Etmesine Dair Tezkere",https://www.resmigazete.gov.tr/eskiler/2009/08/20090809-2.htm
2009-08-09,2009/15188 Kamu Kurum ve Kuruluşlarına İşçi Alınmasında Uygulanacak Usul ve Esaslar Hakkında Yönetmelik,https://www.resmigazete.gov.tr/eskiler/2009/08/20090809-3.htm
2009-08-09,— İthalatta Gözetim Uygulanmasına İlişkin Tebliğ (No: 2009/9),https://www.resmigazete.gov.tr/eskiler/2009/08/20090809-4.htm
2009-08-09,— Danıştay Dördüncü ve Onuncu Dairelerine Ait Kararlar,https://www.resmigazete.gov.tr/eskiler/2009/08/20090809-5.htm
2009-08-10,"— Kültür ve Tabiat Varlıklarını Koruma Kanunu Kapsamındaki Kültür Varlıklarının Rölöve, Restorasyon, Restitüsyon Projeleri, Sokak Sağlıklaştırma, Çevre Düzenleme Projeleri ve Bunların Uygulamaları ile Değerlendirme, Muhafaza, Nakil İşleri ve Kazı Çalışmalarına İlişkin Mal ve Hizmet Alımlarına Dair Yönetmelikte Değişiklik Yapılmasına Dair Yönetmelik",https://www.resmigazete.gov.tr/eskiler/2009/08/20090810-1.htm
2009-08-11,"— Devlet Bakanı Mehmet Zafer ÇAĞLAYAN’a, Devlet Bakanı ve Başbakan Yardımcısı Cemil ÇİÇEK’in Vekâlet Etmesine Dair Tezkere",https://www.resmigazete.gov.tr/eskiler/2009/08/20090811-1.htm
2009-08-11,"— Dışişleri Bakanlığına, Devlet Bakanı Mehmet AYDIN’ın Vekâlet Etmesine Dair Tezkere",https://www.resmigazete.gov.tr/eskiler/2009/08/20090811-2.htm
2009-08-11,— Hâkimler ve Savcılar Yüksek Kuruluna Ait Atama Kararları,https://www.resmigazete.gov.tr/eskiler/2009/08/20090811-3.htm
2009-08-11,— Özürlü Bireylere Uygulanacak Destek Eğitim Programları ve Eğitim Giderlerinin Karşılanmasına Dair Yönetmelikte Değişiklik Yapılmasına Dair Yönetmelik,https://www.resmigazete.gov.tr/eskiler/2009/08/20090811-4.htm
2009-08-11,— Tarım İşletmeleri Genel Müdürlüğü Kadrolu Personel Sicil Amirleri Yönetmeliği,https://www.resmigazete.gov.tr/eskiler/2009/08/20090811-5.htm
2009-08-11,— Tarım İşletmeleri Genel Müdürlüğü Sözleşmeli Personel Sicil Amirleri Yönetmeliği,https://www.resmigazete.gov.tr/eskiler/2009/08/20090811-6.htm
2009-08-11,— Tarım İşletmeleri Genel Müdürlüğü Kadrolu Personel Disiplin Amirleri Yönetmeliği,https://www.resmigazete.gov.tr/eskiler/2009/08/20090811-7.htm
2009-08-11,— Tarım İşletmeleri Genel Müdürlüğü Sözleşmeli Personel Disiplin Amirleri Yönetmeliği,https://www.resmigazete.gov.tr/eskiler/2009/08/20090811-8.htm
2009-08-11,— Denetim Komisyonu Başkan ve Üyelerine İkramiye Ödenmesine İlişkin Usul ve Esaslar Hakkında Yönetmelik,https://www.resmigazete.gov.tr/eskiler/2009/08/20090811-9.htm
2009-08-11,— Makina ve Kimya Endüstrisi Kurumu Sigorta İşleri Yönetmeliği,https://www.resmigazete.gov.tr/eskiler/2009/08/20090811-10.htm
2009-08-11,— Dış Ticaret Sermaye Şirketlerine İlişkin Karar,https://www.resmigazete.gov.tr/eskiler/2009/08/20090811-11.htm
2009-08-11,"— İhraççıların Muafiyet Şartlarına ve Kurul Kaydından Çıkarılmalarına İlişkin Esaslar Tebliğinde Değişiklik Yapılmasına Dair Tebliğ (Seri: IV, No: 45)",https://www.resmigazete.gov.tr/eskiler/2009/08/20090811-12.htm
2009-08-11,(Kültür ve Turizm Bakanlığının 2009/11107 ve 2009/11108 sayılı Atama Kararları ile İlgili),https://www.resmigazete.gov.tr/eskiler/2009/08/20090811-13.htm
2009-08-12,— Milli Eğitim Bakanlığı Denklik Yönetmeliğinde Değişiklik Yapılmasına Dair Yönetmelik,https://www.resmigazete.gov.tr/eskiler/2009/08/20090812-1.htm
2009-08-12,— Tarım ve Köyişleri Bakanlığı Taşra Teşkilatı Personelinin Yer Değiştirme Suretiyle Atanmalarına İlişkin Yönetmelik,https://www.resmigazete.gov.tr/eskiler/2009/08/20090812-2.htm
2009-08-12,— Çanakkale Onsekiz Mart Üniversitesi Sağlık Uygulama ve Araştırma Merkezi Yönetmeliğinde Değişiklik Yapılmasına Dair Yönetmelik,https://www.resmigazete.gov.tr/eskiler/2009/08/20090812-3.htm
2009-08-12,— Ege Üniversitesi Eğitim ve Öğretim Yönetmeliği,https://www.resmigazete.gov.tr/eskiler/2009/08/20090812-4.htm
2009-08-12,— Ege Üniversitesi Hiv/Aids Uygulama ve Araştırma Merkezi Yönetmeliği,https://www.resmigazete.gov.tr/eskiler/2009/08/20090812-5.htm
2009-08-12,— Ege Üniversitesi Gözlemevi Uygulama ve Araştırma Merkezi Yönetmeliği,https://www.resmigazete.gov.tr/eskiler/2009/08/20090812-6.htm
2009-08-12,"— Hacettepe Üniversitesi Önlisans, Lisans Eğitim-Öğretim ve Sınav Yönetmeliğinde Değişiklik Yapılmasına Dair Yönetmelik",https://www.resmigazete.gov.tr/eskiler/2009/08/20090812-7.htm
2009-08-12,— Kırıkkale Üniversitesi Lisansüstü Eğitim-Öğretim ve Sınav Yönetmeliğinde Değişiklik Yapılmasına Dair Yönetmelik,https://www.resmigazete.gov.tr/eskiler/2009/08/20090812-8.htm
2009-08-12,— Rize Üniversitesi Öğrenci Yurtları Yönetmeliği,https://www.resmigazete.gov.tr/eskiler/2009/08/20090812-9.htm
2009-08-12,— 5811 Sayılı Bazı Varlıkların Milli Ekonomiye Kazandırılması Hakkında Kanuna İlişkin Genel Tebliğ (Seri No: 3),https://www.resmigazete.gov.tr/eskiler/2009/08/20090812-10.htm
2009-08-12,— Belediye Gelirleri Kanunu Genel Tebliği (Seri No: 37),https://www.resmigazete.gov.tr/eskiler/2009/08/20090812-11.htm
2009-08-12,— Gelir Vergisi Genel Tebliği (Seri No: 272),https://www.resmigazete.gov.tr/eskiler/2009/08/20090812-%2012.htm
2009-08-12,— Türk Standartları Enstitüsünün Kişisel Koruyucu Donanım Yönetmeliği Kapsamında Bulunan Ayak ve Bacak Koruyucuları Konusunda Onaylanmış Kuruluş Olarak Görevlendirilmesine Dair Tebliğ,https://www.resmigazete.gov.tr/eskiler/2009/08/20090812-13.htm
2009-08-13,— Millî Savunma Bakanlığı Akaryakıt İkmal ve NATO POL Tesisleri İşletme Başkanlığı Personeli Görevde Yükselme ve Unvan Değişikliği Yönetmeliğinde Değişiklik Yapılmasına Dair Yönetmelik,https://www.resmigazete.gov.tr/eskiler/2009/08/20090813-1.htm
2009-08-13,— Millî Eğitim Bakanlığı Eğitim Kurumları Yöneticilerinin Atama ve Yer Değiştirmelerine İlişkin Yönetmelik,https://www.resmigazete.gov.tr/eskiler/2009/08/20090813-2.htm
2009-08-13,— Bingöl Üniversitesi Lisansüstü Eğitim ve Öğretim Yönetmeliği,https://www.resmigazete.gov.tr/eskiler/2009/08/20090813-3.htm
2009-08-13,— Kurumlar Vergisi Genel Tebliği (Seri No: 4),https://www.resmigazete.gov.tr/eskiler/2009/08/20090813-4.htm
2009-08-14,— Tarım Meslek Liseleri Yönetmeliğinin Yürürlükten Kaldırılmasına Dair Yönetmelik,https://www.resmigazete.gov.tr/eskiler/2009/08/20090814-1.htm
2009-08-14,— Asansör Yönetmeliğinde (95/16/AT) Değişiklik Yapılmasına Dair Yönetmelik,https://www.resmigazete.gov.tr/eskiler/2009/08/20090814-2.htm
2009-08-14,— Türkiye Barolar Birliği Sosyal Yardım ve Dayanışma Fonu Yönetmeliğinde Değişiklik Yapılmasına Dair Yönetmelik,https://www.resmigazete.gov.tr/eskiler/2009/08/20090814-3.htm
2009-08-14,"— Türk Mühendis ve Mimar Odaları Birliği Jeofizik Mühendisleri Odası Serbest Müşavirlik Mühendislik Hizmetleri, Büro Tescil ve Mesleki Denetim Yönetmeliğinde Değişiklik Yapılmasına Dair Yönetmelik",https://www.resmigazete.gov.tr/eskiler/2009/08/20090814-4.htm
2009-08-14,— Afyon Kocatepe Üniversitesi Uzaktan Eğitim Meslek Yüksekokulu Ön Lisans Eğitim-Öğretim ve Sınav Yönetmeliği,https://www.resmigazete.gov.tr/eskiler/2009/08/20090814-5.htm
2009-08-14,— Ankara Üniversitesi Güneydoğu Avrupa Çalışmaları Uygulama ve Araştırma Merkezi Yönetmeliği,https://www.resmigazete.gov.tr/eskiler/2009/08/20090814-6.htm
2009-08-14,— Dokuz Eylül Üniversitesi Yabancı Diller Yüksekokulu Hazırlık Eğitim-Öğretim Yönetmeliğinin Yürürlükten Kaldırılmasına Dair Yönetmelik,https://www.resmigazete.gov.tr/eskiler/2009/08/20090814-7.htm
2009-08-14,— Gaziosmanpaşa Üniversitesi Önlisans ve Lisans Eğitim-Öğretim ve Sınav Yönetmeliği,https://www.resmigazete.gov.tr/eskiler/2009/08/20090814-8.htm
2009-08-14,— Gebze Yüksek Teknoloji Enstitüsü Lisans Eğitim-Öğretim Yönetmeliğinde Değişiklik Yapılmasına Dair Yönetmelik,https://www.resmigazete.gov.tr/eskiler/2009/08/20090814-9.htm
2009-08-14,— İstanbul Kültür Üniversitesi Satın Alma ve İhale Yönetmeliği,https://www.resmigazete.gov.tr/eskiler/2009/08/20090814-10.htm
2009-08-14,— Ordu Üniversitesi Önlisans ve Lisans Eğitim-Öğretim ve Sınav Yönetmeliğinde Değişiklik Yapılmasına Dair Yönetmelik,https://www.resmigazete.gov.tr/eskiler/2009/08/20090814-11.htm
2009-08-14,— Pamukkale Üniversitesi Önlisans Eğitim-Öğretim Yönetmeliği,https://www.resmigazete.gov.tr/eskiler/2009/08/20090814-12.htm
2009-08-14,— Rize Üniversitesi Önlisans ve Lisans Eğitim-Öğretim ve Sınav Yönetmeliğinde Değişiklik Yapılmasına Dair Yönetmelik,https://www.resmigazete.gov.tr/eskiler/2009/08/20090814-13.htm
2009-08-14,— Selçuk Üniversitesi Meram ve Selçuklu Tıp Fakülteleri Eğitim-Öğretim ve Sınav Yönetmeliğinde Değişiklik Yapılmasına Dair Yönetmelik,https://www.resmigazete.gov.tr/eskiler/2009/08/20090814-14.htm
2009-08-14,— Uşak Üniversitesi Eğitim-Öğretim ve Sınav Yönetmeliği,https://www.resmigazete.gov.tr/eskiler/2009/08/20090814-15.htm
2009-08-14,— Türkiye Dans Sporları Federasyonu Ana Statüsünde Değişiklik Yapılmasına Dair Ana Statü,https://www.resmigazete.gov.tr/eskiler/2009/08/20090814-16.htm
2009-08-14,— 2009 Yılı Temmuz Ayına Ait Dahilde İşleme İzin Belgelerinin (D1) Listesi,https://www.resmigazete.gov.tr/eskiler/2009/08/20090814-17.xls
2009-08-14,— 2009 Yılı Temmuz Ayına Ait Yurt İçi Satış ve Teslim Belgelerinin (D3) Listesi,https://www.resmigazete.gov.tr/eskiler/2009/08/20090814-18.xls
2009-08-14,— 2009 Yılı Temmuz Ayına Ait Hariçte İşleme İzin Belgelerinin (H) Listesi,https://www.resmigazete.gov.tr/eskiler/2009/08/20090814-19.xls
2009-08-14,"— 2009 Yılı Temmuz Ayına Ait Vergi, Resim ve Harç İstisnası Belgelerinin (Y) Listesi",https://www.resmigazete.gov.tr/eskiler/2009/08/20090814-20.xls
2009-08-14,— Firma Talebine İstinaden İptal Edilen Dahilde İşleme İzin Belgeleri Listesi,https://www.resmigazete.gov.tr/eskiler/2009/08/20090814-21.xls
2009-08-14,— Re’sen Kapatılan Dahilde İşleme İzin Belgeleri Listesi,https://www.resmigazete.gov.tr/eskiler/2009/08/20090814-22.xls
2009-08-15,— Millî Eğitim Bakanlığı Eğitim Teknolojileri Genel Müdürlüğü Döner Sermaye İşletmesi Yönetmeliği,https://www.resmigazete.gov.tr/eskiler/2009/08/20090815-1.htm
2009-08-15,— İşyeri Sağlık ve Güvenlik Birimleri ile Ortak Sağlık ve Güvenlik Birimleri Hakkında Yönetmelik,https://www.resmigazete.gov.tr/eskiler/2009/08/20090815-2.htm
2009-08-15,"— Radyo ve Televizyon Üst Kurulu Uzman Yardımcılığı Giriş ve Yeterlik Sınavları ile Uzmanlığa Atanma, Yetiştirilme, Görev, Yetki ve Çalışma Usul ve Esasları Hakkında Yönetmelikte Değişiklik Yapılmasına Dair Yönetmelik",https://www.resmigazete.gov.tr/eskiler/2009/08/20090815-3.htm
2009-08-15,— Bankaların Sermaye Yeterliliğinin Ölçülmesine ve Değerlendirilmesine İlişkin Yönetmelikte Değişiklik Yapılmasına Dair Yönetmelik,https://www.resmigazete.gov.tr/eskiler/2009/08/20090815-4.htm
2009-08-15,— Kaçak Petrolün Tespit ve Tasfiyesine Dair Usul ve Esaslar Hakkında Yönetmelikte Değişiklik Yapılmasına Dair Yönetmelik,https://www.resmigazete.gov.tr/eskiler/2009/08/20090815-5.htm
2009-08-15,— Su Yapıları Denetim Hizmetleri Yönetmeliği,https://www.resmigazete.gov.tr/eskiler/2009/08/20090815-6.htm
2009-08-15,— Karayolu Yolcu Taşımacılığında Kullanılan Terminallere İlişkin Tavan Ücret Tarifeleri Hakkında Tebliğ (No: 58),https://www.resmigazete.gov.tr/eskiler/2009/08/20090815-7.htm
2009-08-15,— Yağlık Ayçiçeği Tohumu ve Ham Ayçiçeği Tohumu Yağı İthalatında Tarife Kontenjanı Uygulanmasına İlişkin Tebliğ,https://www.resmigazete.gov.tr/eskiler/2009/08/20090815-8.htm
2009-08-16,— Akdeniz Üniversitesi Tohumculuk ve Tarımsal Biyoteknoloji Araştırma ve Uygulama Merkezi Yönetmeliği,https://www.resmigazete.gov.tr/eskiler/2009/08/20090816-1.htm
2009-08-16,— Çukurova Üniversitesi Biyoteknoloji Araştırma ve Uygulama Merkezi Yönetmeliği,https://www.resmigazete.gov.tr/eskiler/2009/08/20090816-2.htm
2009-08-16,— Kırıkkale Üniversitesi Ön Lisans ve Lisans Eğitim-Öğretim ve Sınav Yönetmeliği,https://www.resmigazete.gov.tr/eskiler/2009/08/20090816-3.htm
2009-08-17,Dokuz Eylül Üniversitesi Elektronik Malzemeler Üretimi ve Uygulama Merkezi Yönetmeliği,https://www.resmigazete.gov.tr/eskiler/2009/08/20090817-1.htm
2009-08-17,— Dokuz Eylül Üniversitesi Senfonik Müzik Uygulama ve Araştırma Merkezi Yönetmeliği,https://www.resmigazete.gov.tr/eskiler/2009/08/20090817-2.htm
2009-08-17,"— Dokuz Eylül Üniversitesi Ses Kayıt Stüdyosu, Akustik ve Bilişsel Müzikoloji Uygulama ve Araştırma Merkezi Yönetmeliği",https://www.resmigazete.gov.tr/eskiler/2009/08/20090817-3.htm
2009-08-18,5921 İşsizlik Sigortası Kanunu ile Sosyal Sigortalar ve Genel Sağlık Sigortası Kanununda Değişiklik Yapılmasına Dair Kanun,https://www.resmigazete.gov.tr/eskiler/2009/08/20090818-1.htm
2009-08-18,2009/15287 Tuz İthalatında Geçici Korunma Önlemi Uygulanmasına İlişkin Karar,https://www.resmigazete.gov.tr/eskiler/2009/08/20090818-2.htm
2009-08-18,2009/15288 Motosiklet İthalatında Geçici Korunma Önlemi Uygulanmasına İlişkin Karar,https://www.resmigazete.gov.tr/eskiler/2009/08/20090818-3.htm
2009-08-18,2009/15289 Buharlı Ütüler İthalatında Geçici Korunma Önlemi Uygulanmasına İlişkin Karar,https://www.resmigazete.gov.tr/eskiler/2009/08/20090818-4.htm
2009-08-18,2009/15290 İthalat Rejimi Kararına Ek Karar,https://www.resmigazete.gov.tr/eskiler/2009/08/20090818-5.htm
2009-08-18,2009/15291 Okan Üniversitesi Rektörlüğüne Bağlı Olarak Sağlık Bilimleri Yüksekokulu Kurulması Hakkında Karar,https://www.resmigazete.gov.tr/eskiler/2009/08/20090818-6.htm
2009-08-18,2009/15299 Kültür ve Turizm Bakanlığından Belgeli Konaklama İşletmelerinin İhracatçı Sayılması İçin Sağlamaları Gereken Döviz Miktarına İlişkin Karar,https://www.resmigazete.gov.tr/eskiler/2009/08/20090818-7.htm
2009-08-18,2009/15308 2009-2010 Eğitim-Öğretim Yılında Yükseköğretim Kurumlarında Cari Hizmet Maliyetlerine Öğrenci Katkısı Olarak Alınacak Katkı Payları ile İkinci Öğretim Ücretlerinin Tespitine Dair Karar,https://www.resmigazete.gov.tr/eskiler/2009/08/20090818-8.htm
2009-08-18,2009/15301 Dışişleri Bakanlığı Mensuplarından Bazılarının Çeşitli Görevlere Atanmaları Hakkında Karar,https://www.resmigazete.gov.tr/eskiler/2009/08/20090818-9.htm
2009-08-18,"— Başbakanlık, Devlet, Adalet, Bayındırlık ve İskan, Sağlık ile Tarım ve Köyişleri Bakanlıklarına Ait Atama Kararları",https://www.resmigazete.gov.tr/eskiler/2009/08/20090818-9-1.htm
2009-08-18,— Kırsal Kalkınma Programı Yönetim Otoritesinin Görevleri ile Çalışma Usul ve Esasları Hakkında Yönetmelik,https://www.resmigazete.gov.tr/eskiler/2009/08/20090818-10.htm
2009-08-18,— Aydınlatma ve Işıklı Sinyal Cihazlarının Motorlu Araçlara ve Römorklarına Yerleştirilmesi ile İlgili Tip Onayı Yönetmeliğinde (76/756/AT) Değişiklik Yapılmasına Dair Yönetmelik,https://www.resmigazete.gov.tr/eskiler/2009/08/20090818-11.htm
2009-08-18,— Elektrik Piyasasında Üretim Faaliyetinde Bulunmak Üzere Su Kullanım Hakkı Anlaşması İmzalanmasına İlişkin Usul ve Esaslar Hakkında Yönetmelikte Değişiklik Yapılmasına Dair Yönetmelik,https://www.resmigazete.gov.tr/eskiler/2009/08/20090818-12.htm
2009-08-18,— İstanbul Menkul Kıymetler Borsası Gelişen İşletmeler Piyasası Yönetmeliği,https://www.resmigazete.gov.tr/eskiler/2009/08/20090818-13.htm
2009-08-18,— İstanbul Menkul Kıymetler Borsası Yönetmeliğinde Değişiklik Yapılmasına Dair Yönetmelik,https://www.resmigazete.gov.tr/eskiler/2009/08/20090818-14.htm
2009-08-18,"— İstanbul Menkul Kıymetler Borsası Teşkilat, Görev ve Çalışma Esasları Yönetmeliğinde Değişiklik Yapılmasına Dair Yönetmelik",https://www.resmigazete.gov.tr/eskiler/2009/08/20090818-15.htm
2009-08-18,— Kapadokya Meslek Yüksekokulu Ana Yönetmeliği,https://www.resmigazete.gov.tr/eskiler/2009/08/20090818-16.htm
2009-08-18,— Maltepe Üniversitesi Avrasya Çalışmaları Uygulama ve Araştırma Merkezi Yönetmeliği,https://www.resmigazete.gov.tr/eskiler/2009/08/20090818-17.htm
2009-08-18,— Yargıtay 13. Hukuk Dairesine Ait Karar,https://www.resmigazete.gov.tr/eskiler/2009/08/20090818-18.htm
2009-08-19,"— Devlet Bakanı Faruk ÇELİK’e, Devlet Bakanı Hayati YAZICI’nın Vekâlet Etmesine Dair Tezkere",https://www.resmigazete.gov.tr/eskiler/2009/08/20090819-1.htm
2009-08-19,"— Enerji ve Tabii Kaynaklar Bakanlığına, Çalışma ve Sosyal Güvenlik Bakanı Ömer DİNÇER’in Vekâlet Etmesine Dair Tezkere",https://www.resmigazete.gov.tr/eskiler/2009/08/20090819-2.htm
2009-08-19,"— Mersin İli Mezitli İlçesi Merkez Bucağı Yüksekoluk Köyünün, Aynı İlin Toroslar İlçesi Merkez Bucağına Bağlanması Hakkında Karar",https://www.resmigazete.gov.tr/eskiler/2009/08/20090819-3.htm
2009-08-19,2009/15307 Madencilik Faaliyetleri İzin Yönetmeliğinde Değişiklik Yapılmasına Dair Yönetmelik,https://www.resmigazete.gov.tr/eskiler/2009/08/20090819-4.htm
2009-08-19,— Acıbadem Üniversitesi Yabancı Diller Hazırlık Okulu Eğitim-Öğretim ve Sınav Yönetmeliği,https://www.resmigazete.gov.tr/eskiler/2009/08/20090819-5.htm
2009-08-19,— Çankaya Üniversitesi Lisansüstü Eğitim ve Öğretim Yönetmeliğinde Değişiklik Yapılmasına Dair Yönetmelik,https://www.resmigazete.gov.tr/eskiler/2009/08/20090819-6.htm
2009-08-19,— Çankaya Üniversitesi Hukuk Fakültesi Lisans Eğitim-Öğretim ve Sınav Yönetmeliğinde Değişiklik Yapılmasına Dair Yönetmelik,https://www.resmigazete.gov.tr/eskiler/2009/08/20090819-7.htm
2009-08-19,"— Çankaya Üniversitesi Sürekli Eğitim, Danışma, Araştırma ve Uygulama Merkezi (SEDAM) Yönetmeliğinde Değişiklik Yapılmasına Dair Yönetmelik",https://www.resmigazete.gov.tr/eskiler/2009/08/20090819-8.htm
2009-08-19,— Fatih Üniversitesi Meslek Yüksekokulları Öğretim ve Sınav Yönetmeliğinde Değişiklik Yapılmasına Dair Yönetmelik,https://www.resmigazete.gov.tr/eskiler/2009/08/20090819-9.htm
2009-08-19,— Gaziantep Üniversitesi Naci Topçuoğlu Meslek Yüksekokulu Önlisans Eğitim-Öğretim ile Sınav ve Değerlendirme Esaslarına İlişkin Yönetmelik,https://www.resmigazete.gov.tr/eskiler/2009/08/20090819-10.htm
2009-08-19,— İstanbul Üniversitesi Sürekli Eğitim Uygulama ve Araştırma Merkezi Yönetmeliği,https://www.resmigazete.gov.tr/eskiler/2009/08/20090819-11.htm
2009-08-19,— Karadeniz Teknik Üniversitesi Lisansüstü Eğitim-Öğretim Yönetmeliğinde Değişiklik Yapılmasına Dair Yönetmelik,https://www.resmigazete.gov.tr/eskiler/2009/08/20090819-12.htm
2009-08-19,— Özyeğin Üniversitesi İngilizce Dil Hazırlık Programı Eğitim-Öğretim Yönetmeliği,https://www.resmigazete.gov.tr/eskiler/2009/08/20090819-13.htm
2009-08-19,— Yaşar Üniversitesi Satın Alma ve İhale Yönetmeliğinde Değişiklik Yapılmasına Dair Yönetmelik,https://www.resmigazete.gov.tr/eskiler/2009/08/20090819-14.htm
2009-08-19,— İşkolu Tespit Kararı (No: 2009/43),https://www.resmigazete.gov.tr/eskiler/2009/08/20090819-15.htm
2009-08-20,2009/15292 Bazı Anlaşmaların Yürürlüğe Girdiği Tarihlerin Tespit Edilmesi Hakkında Karar,https://www.resmigazete.gov.tr/eskiler/2009/08/20090820-1.htm
2009-08-20,"2009/15298 Kamu Kurum ve Kuruluşlarının Yurtdışı Teşkilatını Oluşturan Birimlerin Nitelik, Kurulduğu Şehir ve Ülke, Görev Alanı, Akredite Edildiği Ülkeler ve Bağlı Bulunduğu Misyonlar Hakkındaki 13/4/1999 Tarihli ve 12770 Sayılı Bakanlar Kurulu Kararında Değişiklik Yapılmasına İlişkin Karar",https://www.resmigazete.gov.tr/eskiler/2009/08/20090820-2.htm
2009-08-20,2009/15306 Bulgaristan Plakalı Taşıtlara Uygulanacak Standart Depo Muafiyetine İlişkin Esaslar Hakkında Kararın Yürürlükten Kaldırılmasına Dair Karar,https://www.resmigazete.gov.tr/eskiler/2009/08/20090820-3.htm
2009-08-20,"— Devlet Bakanı Mehmet Zafer ÇAĞLAYAN’a, Kültür ve Turizm Bakanı Ertuğrul GÜNAY’ın Vekâlet Etmesine Dair Tezkere",https://www.resmigazete.gov.tr/eskiler/2009/08/20090820-4.htm
2009-08-20,— Sosyal Sigorta İşlemleri Yönetmeliğinde Değişiklik Yapılmasına Dair Yönetmelik,https://www.resmigazete.gov.tr/eskiler/2009/08/20090820-5.htm
2009-08-20,— İstanbul Üniversitesi Uzaktan Eğitim Uygulama ve Araştırma Merkezi Yönetmeliği,https://www.resmigazete.gov.tr/eskiler/2009/08/20090820-6.htm
2009-08-20,— Piri Reis Üniversitesi Ana Yönetmeliği,https://www.resmigazete.gov.tr/eskiler/2009/08/20090820-7.htm
2009-08-20,— Uşak Üniversitesi Uzaktan Eğitim Meslek Yüksekokulu Önlisans Eğitim-Öğretim ve Sınav Yönetmeliği,https://www.resmigazete.gov.tr/eskiler/2009/08/20090820-8.htm
2009-08-20,— Yapı Malzemeleri Yönetmeliği (89/106/EEC) Kapsamında Alberk QA Uluslararası Teknik Kontrol ve Belgelendirme Ltd. Şti.’nin Onaylanmış Kuruluş Olarak Görevlendirilmesine Dair Tebliğ (No: YİG/2009-07),https://www.resmigazete.gov.tr/eskiler/2009/08/20090820-9.htm
2009-08-20,— Yapı Malzemeleri Yönetmeliği (89/106/EEC) Kapsamında Kalitest Belgelendirme ve Eğitim Hizmetleri Ltd. Şti.’nin Onaylanmış Kuruluş Olarak Görevlendirilmesine Dair Tebliğ (No: YİG/2009-08),https://www.resmigazete.gov.tr/eskiler/2009/08/20090820-10.htm
2009-08-20,— Yatırımlarda Devlet Yardımları Hakkında Kararın Uygulanmasına İlişkin 2009/1 Sayılı Tebliğ’de Değişiklik Yapılmasına İlişkin Tebliğ (No: 2009/2),https://www.resmigazete.gov.tr/eskiler/2009/08/20090820-11.htm
2009-08-21,2009/15294 Avrupa Orta Vadeli Hava Tahminleri Merkezini Oluşturan Düzeltilmiş Sözleşme’ye Katılmamız Hakkında Karar,https://www.resmigazete.gov.tr/eskiler/2009/08/20090821-1.htm
2009-08-21,2009/15295 Avrupa Orta Vadeli Hava Tahminleri Merkezi İmtiyazları ve Dokunulmazlıklarına Dair Düzeltilmiş Protokol’e Katılmamız Hakkında Karar,https://www.resmigazete.gov.tr/eskiler/2009/08/20090821-2.htm
2009-08-21,— Hazine Müsteşarlığı Sigorta Denetleme Kurulu Yönetmeliği,https://www.resmigazete.gov.tr/eskiler/2009/08/20090821-3.htm
2009-08-21,— Vadeli İşlem ve Opsiyon Borsası Yönetmeliğinde Değişiklik Yapılmasına Dair Yönetmelik,https://www.resmigazete.gov.tr/eskiler/2009/08/20090821-4.htm
2009-08-21,— Vadeli İşlem ve Opsiyon Borsalarının Kuruluş ve Çalışma Esasları Hakkında Yönetmelikte Değişiklik Yapılmasına Dair Yönetmelik,https://www.resmigazete.gov.tr/eskiler/2009/08/20090821-5.htm
2009-08-21,— Kıymetli Madenler Borsalarının Kuruluş ve Çalışma Esasları Hakkında Genel Yönetmelikte Değişiklik Yapılmasına Dair Yönetmelik,https://www.resmigazete.gov.tr/eskiler/2009/08/20090821-6.htm
2009-08-21,— Adalet Bakanlığı Burslu Öğrenci Yönetmeliğinin Yürürlükten Kaldırılmasına Dair Yönetmelik,https://www.resmigazete.gov.tr/eskiler/2009/08/20090821-7.htm
2009-08-21,— Adalet Meslek Lisesi Yönetmeliğinin Yürürlükten Kaldırılmasına Dair Yönetmelik,https://www.resmigazete.gov.tr/eskiler/2009/08/20090821-8.htm
2009-08-21,"— Taşınmaz Malların Sınırlandırma, Tespit ve Kontrol İşleri Hakkındaki Yönetmelikte Değişiklik Yapılmasına Dair Yönetmelik",https://www.resmigazete.gov.tr/eskiler/2009/08/20090821-9.htm
2009-08-21,— Kadastro Bilirkişileri Hakkında Yönetmelikte Değişiklik Yapılmasına Dair Yönetmelik,https://www.resmigazete.gov.tr/eskiler/2009/08/20090821-10.htm
2009-08-21,— Karayolu Taşıma Yönetmeliğinde Değişiklik Yapılmasına Dair Yönetmelik,https://www.resmigazete.gov.tr/eskiler/2009/08/20090821-11.htm
2009-08-21,— Türk Standartları Enstitüsü Personel Yönetmeliğinde Değişiklik Yapılmasına Dair Yönetmelik,https://www.resmigazete.gov.tr/eskiler/2009/08/20090821-12.htm
2009-08-21,"— Acıbadem Üniversitesi Önlisans ve Lisans Eğitim, Öğretim ve Sınav Yönetmeliği",https://www.resmigazete.gov.tr/eskiler/2009/08/20090821-13.htm
2009-08-21,"— Acıbadem Üniversitesi Lisansüstü Eğitim, Öğretim ve Sınav Yönetmeliği",https://www.resmigazete.gov.tr/eskiler/2009/08/20090821-14.htm
2009-08-21,— Beykent Üniversitesi Lisansüstü Eğitim ve Öğretim Yönetmeliği,https://www.resmigazete.gov.tr/eskiler/2009/08/20090821-15.htm
2009-08-21,— İzmir Ekonomi Üniversitesi Afrika Stratejik Araştırmalar Uygulama ve Araştırma Merkezi (EKOAF) Yönetmeliği,https://www.resmigazete.gov.tr/eskiler/2009/08/20090821-16.htm
2009-08-21,— İzmir Ekonomi Üniversitesi Liderlik ve Yönetişim Uygulama ve Araştırma Merkezi (EKOLİDER) Yönetmeliği,https://www.resmigazete.gov.tr/eskiler/2009/08/20090821-17.htm
2009-08-21,— Yapı Malzemeleri Yönetmeliği (89/106/EEC) Kapsamında Uygulanacak Teknik Şartnamelerin Yayımlanması Hakkında Tebliğin Değiştirilmesine Dair Tebliğ (No: YİG/2009-06),https://www.resmigazete.gov.tr/eskiler/2009/08/20090821-18.htm
2009-08-21,— Preselenmiş Pamukların Tek Balya Standardizasyonuna ve Kontrolüne İlişkin Tebliğ (No: 2009/37),https://www.resmigazete.gov.tr/eskiler/2009/08/20090821-19.htm
2009-08-21,— Preselenmiş Pamukların Standardizasyonuna İlişkin Tebliğ’in Bazı Maddelerinin Değiştirilmesine İlişkin Tebliğ (No: 2009/38),https://www.resmigazete.gov.tr/eskiler/2009/08/20090821-20.htm
2009-08-22,2009/15282 Türkiye Cumhuriyeti Hükümeti ile Ukrayna Bakanlar Kurulu Arasında İmzalanan “Bilimsel ve Teknolojik İşbirliği Anlaşması”nın Onaylanması Hakkında Karar,https://www.resmigazete.gov.tr/eskiler/2009/08/20090822-1.htm
2009-08-22,2009/15315 Bazı Mallara Uygulanacak Katma Değer Vergisi ve Özel Tüketim Vergisi Oranlarının Belirlenmesine Dair Karar,https://www.resmigazete.gov.tr/eskiler/2009/08/20090822-2.htm
2009-08-22,— Bayındırlık ve İskan Bakanlığına Ait Atama Kararı,https://www.resmigazete.gov.tr/eskiler/2009/08/20090822-2-1.htm
2009-08-22,— Organize Sanayi Bölgeleri Uygulama Yönetmeliği,https://www.resmigazete.gov.tr/eskiler/2009/08/20090822-3.htm
2009-08-22,— İzmir Ekonomi Üniversitesi Ana Yönetmeliğinde Değişiklik Yapılmasına Dair Yönetmelik,https://www.resmigazete.gov.tr/eskiler/2009/08/20090822-4.htm
2009-08-22,— İzmir Ekonomi Üniversitesi Alım-Satım Yönetmeliğinde Değişiklik Yapılmasına Dair Yönetmelik,https://www.resmigazete.gov.tr/eskiler/2009/08/20090822-5.htm
2009-08-22,"— Türk Sahipli Olup, Yabancı Bayrakta Bulunan ve Özel Kullanıma Mahsus Gemi Deniz ve İç Su Araçlarının İthal Edilmesine İlişkin Tebliğ (No: 2009/3)",https://www.resmigazete.gov.tr/eskiler/2009/08/20090822-6.htm
2009-08-22,— Kamu İhale Genel Tebliği,https://www.resmigazete.gov.tr/eskiler/2009/08/20090822-7.htm
2009-08-22,— Basın İlan Kurumu Teşkiline Dair 195 Sayılı Kanun’un 49 uncu Maddesinde Yer Alan Basın Ahlak Esasları Hakkında 129 Sayılı Genel Kurul Kararı’nın 1 inci Maddesi (g) Bendinde Değişiklik Yapılmasına Dair Genel Kurul Kararı (No: 183),https://www.resmigazete.gov.tr/eskiler/2009/08/20090822-8.htm
2009-08-23,— Gazi Üniversitesi Sanat ve Tasarım Uygulama ve Araştırma Merkezi (SANTUM) Yönetmeliği,https://www.resmigazete.gov.tr/eskiler/2009/08/20090823-1.htm
2009-08-23,— Marmara Üniversitesi İmmün Yetmezlik Uygulama ve Araştırma Merkezi Yönetmeliği,https://www.resmigazete.gov.tr/eskiler/2009/08/20090823-2.htm
2009-08-23,— Ondokuz Mayıs Üniversitesi Uzaktan Eğitim Uygulama ve Araştırma Merkezi Yönetmeliği,https://www.resmigazete.gov.tr/eskiler/2009/08/20090823-3.htm
2009-08-23,— Ondokuz Mayıs Üniversitesi Samsun Sağlık Yüksekokulu Uzaktan Ebelik Lisans Tamamlama Programı Eğitim-Öğretim ve Sınav Yönetmeliği,https://www.resmigazete.gov.tr/eskiler/2009/08/20090823-4.htm
2009-08-23,— Yalova Üniversitesi Döner Sermaye İşletmesi Yönetmeliği,https://www.resmigazete.gov.tr/eskiler/2009/08/20090823-5.htm
2009-08-23,— İstanbul Kavram Meslek Yüksekokulu Önlisans Eğitim-Öğretim ve Sınav Yönetmeliği,https://www.resmigazete.gov.tr/eskiler/2009/08/20090823-6.htm
2009-08-23,— Türkiye Karate Federasyonu Ana Statüsünde Değişiklik Yapılmasına Dair Ana Statü,https://www.resmigazete.gov.tr/eskiler/2009/08/20090823-7.htm
2009-08-24,— Doğuş Üniversitesi İngilizce Hazırlık Sınıfı Eğitim-Öğretim ve Sınav Yönetmeliğinde Değişiklik Yapılmasına Dair Yönetmelik,https://www.resmigazete.gov.tr/eskiler/2009/08/20090824-1.htm
2009-08-24,— Eskişehir Osmangazi Üniversitesi Lisansüstü Eğitim ve Öğretim Yönetmeliğinde Değişiklik Yapılmasına Dair Yönetmelik,https://www.resmigazete.gov.tr/eskiler/2009/08/20090824-2.htm
2009-08-24,— Eskişehir Osmangazi Üniversitesi Yabancı Diller Bölümü Öğretim ve Sınav Yönetmeliğinde Değişiklik Yapılmasına Dair Yönetmelik,https://www.resmigazete.gov.tr/eskiler/2009/08/20090824-3.htm
2009-08-24,— Kırklareli Üniversitesi Döner Sermaye İşletmesi Yönetmeliği,https://www.resmigazete.gov.tr/eskiler/2009/08/20090824-4.htm
2009-08-24,— Uşak Üniversitesi Halı Uygulama ve Araştırma Merkezi Yönetmeliği,https://www.resmigazete.gov.tr/eskiler/2009/08/20090824-5.htm
2009-08-25,— Avrupa Birliği ve Uluslararası Kuruluşların Kaynaklarından Kamu İdarelerine Proje Karşılığı Aktarılan Hibe Tutarlarının Harcanması ve Muhasebeleştirilmesine İlişkin Yönetmelikte Değişiklik Yapılmasına Dair Yönetmelik,https://www.resmigazete.gov.tr/eskiler/2009/08/20090825-1.htm
2009-08-25,— Ondokuz Mayıs Üniversitesi Lisansüstü Eğitim-Öğretim Yönetmeliği,https://www.resmigazete.gov.tr/eskiler/2009/08/20090825-2.htm
2009-08-25,— Bankacılık Düzenleme ve Denetleme Kurulunun 20/8/2009 Tarihli ve 3317 sayılı Kararı,https://www.resmigazete.gov.tr/eskiler/2009/08/20090825-3.htm
2009-08-25,— Bankacılık Düzenleme ve Denetleme Kurulunun 20/8/2009 Tarihli ve 3320 sayılı Kararı,https://www.resmigazete.gov.tr/eskiler/2009/08/20090825-4.htm
2009-08-25,— Bankacılık Düzenleme ve Denetleme Kurulunun 20/8/2009 Tarihli ve 3323 sayılı Kararı,https://www.resmigazete.gov.tr/eskiler/2009/08/20090825-5.htm
2009-08-25,Tıklayınız 25/8/2009 tarihli ve 27330 sayılı mükerrer Resmî Gazete'de; Ulusal Meslek Standartlarına Dair Tebliğ yayımlanmıştır.,http://www.resmigazete.gov.tr/eskiler/2009/08/20090825M1.htm
2009-08-26,2009/15283 Aslında Vakıf Olan Tarihi ve Mimari Kıymeti Haiz Eski Eserlerin Vakıflar Genel Müdürlüğüne Devrine Dair 7044 Sayılı Kanunun Uygulanma Şeklini Gösteren Tüzüğün Yürürlükten Kaldırılmasına Dair Tüzük,https://www.resmigazete.gov.tr/eskiler/2009/08/20090826-1.htm
2009-08-26,— Türkiye Wushu Federasyonu Ana Statüsü,https://www.resmigazete.gov.tr/eskiler/2009/08/20090826-2.htm
2009-08-26,— Kıymetli Madenler Borsası Aracı Kuruluşlarının Faaliyet Esasları ile Kıymetli Madenler Aracı Kurumlarının Kuruluşu Hakkında Yönetmelikte Değişiklik Yapılmasına Dair Yönetmelik,https://www.resmigazete.gov.tr/eskiler/2009/08/20090826-3.htm
2009-08-26,— Türkiye Radyo-Televizyon Kurumu Rekl â m Yönetmeliği,https://www.resmigazete.gov.tr/eskiler/2009/08/20090826-4.htm
2009-08-26,— Gaziantep Üniversitesi Diş Hekimliği Fakültesi Eğitim-Öğretim ve Sınav Yönetmeliği,https://www.resmigazete.gov.tr/eskiler/2009/08/20090826-5.htm
2009-08-26,— Fındık Üreticilerine Alan Bazlı Gelir Desteği ve Alternatif Ürüne Geçen Üreticilere Telafi Edici Ödeme Yapılmasına Dair Kararın Uygulanmasına İlişkin Tebliğ (No: 2009/50),https://www.resmigazete.gov.tr/eskiler/2009/08/20090826-6.htm
2009-08-26,— İşkolu Tespit Kararı (No: 2009/44),https://www.resmigazete.gov.tr/eskiler/2009/08/20090826-7.htm
2009-08-26,— Mecburi Standard Tebliğinde Değişiklik Yapılmasına Dair Tebliğ (No: ÖSG-2009/23),https://www.resmigazete.gov.tr/eskiler/2009/08/20090826-8.htm
2009-08-26,— Mecburi Standard Tebliğinde Değişiklik Yapılmasına Dair Tebliğ (No: ÖSG-2009/24),https://www.resmigazete.gov.tr/eskiler/2009/08/20090826-9.htm
2009-08-26,— İthalatta Kota ve Tarife Kontenjanı İdaresine İlişkin Tebliğ (No: 2009/3),https://www.resmigazete.gov.tr/eskiler/2009/08/20090826-10.htm
2009-08-26,— İthalatta Kota ve Tarife Kontenjanı İdaresine İlişkin Tebliğ (No: 2009/4),https://www.resmigazete.gov.tr/eskiler/2009/08/20090826-11.htm
2009-08-27,2009/15310 Türkiye Cumhuriyeti Genelkurmay Başkanlığı ile Kore Cumhuriyeti Milli Savunma Bakanlığı Arasında İmzalanan “Karşılıklı Lojistik Destek İçin Mutabakat Muhtırası”nın Onaylanması Hakkında Karar,https://www.resmigazete.gov.tr/eskiler/2009/08/20090827-1.htm
2009-08-27,"— Sağlık Bakanlığına, Milli Eğitim Bakanı Nimet ÇUBUKÇU’nun Vekâlet Etmesine Dair Tezkere",https://www.resmigazete.gov.tr/eskiler/2009/08/20090827-2.htm
2009-08-27,— Bayındırlık ve İskan Bakanlığı Personelinin Yer Değiştirme Suretiyle Atanmalarına İlişkin Yönetmelikte Değişiklik Yapılmasına Dair Yönetmelik,https://www.resmigazete.gov.tr/eskiler/2009/08/20090827-3.htm
2009-08-27,— Türk Mühendis ve Mimar Odaları Birliği Kimya Mühendisleri Odası Bilirkişilik Yönetmeliği,https://www.resmigazete.gov.tr/eskiler/2009/08/20090827-4.htm
2009-08-27,"— Türk Mühendis ve Mimar Odaları Birliği İnşaat Mühendisleri Odası Serbest İnşaat Mühendisliği Hizmetleri Uygulama, Tescil, Denetim ve Belgelendirme Yönetmeliğinde Değişiklik Yapılmasına Dair Yönetmelik",https://www.resmigazete.gov.tr/eskiler/2009/08/20090827-5.htm
2009-08-27,— Sakarya Üniversitesi Kadın Araştırmaları Uygulama ve Araştırma Merkezi Yönetmeliği,https://www.resmigazete.gov.tr/eskiler/2009/08/20090827-6.htm
2009-08-28,2009/15309 İstanbul Arel Üniversitesi Rektörlüğüne Bağlı Olarak Sağlık Bilimleri Yüksekokulu Kurulması Hakkında Karar,https://www.resmigazete.gov.tr/eskiler/2009/08/20090828-1.htm
2009-08-28,"— Devlet Bakanı Mehmet Zafer ÇAĞLAYAN’a, Devlet Bakanı Mehmet AYDIN’ın Vekâlet Etmesine Dair Tezkere",https://www.resmigazete.gov.tr/eskiler/2009/08/20090828-2.htm
2009-08-28,"— Dışişleri Bakanlığına, Enerji ve Tabii Kaynaklar Bakanı Taner YILDIZ’ın Vekâlet Etmesine Dair Tezkere",https://www.resmigazete.gov.tr/eskiler/2009/08/20090828-3.htm
2009-08-28,"— Devlet, Maliye, Ulaştırma, Sanayi ve Ticaret ile Çevre ve Orman Bakanlıklarına Ait Atama Kararları",https://www.resmigazete.gov.tr/eskiler/2009/08/20090828-4.htm
2009-08-28,"— Antalya İli Alanya İlçesine Bağlı Cikcilli, Oba, Çıplaklı, Tosmur ve Kestel Belediyeleri ile Asmaca, Paşaköy ve Mahmutseydi Köylerinin Tüzel Kişiliklerinin Kaldırılarak Alanya Belediyesi Sınırları İçine Katılması Hakkında Karar",https://www.resmigazete.gov.tr/eskiler/2009/08/20090828-5.htm
2009-08-28,— Acıbadem Üniversitesi Satın Alma ve İhale Yönetmeliği,https://www.resmigazete.gov.tr/eskiler/2009/08/20090828-6.htm
2009-08-28,— Gazi Üniversitesi Engelli Bireyler İçin Görsel Sanatlar Eğitimi Uygulama ve Araştırma Merkezi Yönetmeliği,https://www.resmigazete.gov.tr/eskiler/2009/08/20090828-7.htm
2009-08-28,— İstanbul Üniversitesi Kimsesiz Çocuklar Araştırma ve Uygulama Merkezi Yönetmeliğinin Yürürlükten Kaldırılmasına Dair Yönetmelik,https://www.resmigazete.gov.tr/eskiler/2009/08/20090828-8.htm
2009-08-28,— Marmara Üniversitesi Çocuk Koruma Uygulama ve Araştırma Merkezi Yönetmeliği,https://www.resmigazete.gov.tr/eskiler/2009/08/20090828-9.htm
2009-08-28,— Muğla Üniversitesi Ön Lisans ve Lisans Eğitim-Öğretim ve Sınav Yönetmeliğinde Değişiklik Yapılmasına Dair Yönetmelik,https://www.resmigazete.gov.tr/eskiler/2009/08/20090828-10.htm
2009-08-28,— Uludağ Üniversitesi Üniversite-Sanayi İşbirliği Geliştirme Uygulama ve Araştırma Merkezi Yönetmeliği,https://www.resmigazete.gov.tr/eskiler/2009/08/20090828-11.htm
2009-08-28,— Zonguldak Karaelmas Üniversitesi Lisans Eğitim-Öğretim ve Sınav Yönetmeliği,https://www.resmigazete.gov.tr/eskiler/2009/08/20090828-12.htm
2009-08-28,— Zonguldak Karaelmas Üniversitesi Devlet Konservatuvarı Lisans Eğitim-Öğretim ve Sınav Yönetmeliği,https://www.resmigazete.gov.tr/eskiler/2009/08/20090828-13.htm
2009-08-28,— Zonguldak Karaelmas Üniversitesi Meslek Yüksekokulları Eğitim-Öğretim ve Sınav Yönetmeliği,https://www.resmigazete.gov.tr/eskiler/2009/08/20090828-14.htm
2009-08-28,— Zonguldak Karaelmas Üniversitesi Sağlık Yüksekokulu Eğitim-Öğretim ve Sınav Yönetmeliği,https://www.resmigazete.gov.tr/eskiler/2009/08/20090828-15.htm
2009-08-28,— Zonguldak Karaelmas Üniversitesi Önlisans Lisans Eğitim-Öğretim ve Sınav Yönetmeliğinin Yürürlükten Kaldırılmasına Dair Yönetmelik,https://www.resmigazete.gov.tr/eskiler/2009/08/20090828-16.htm
2009-08-28,— Zonguldak Karaelmas Üniversitesi Yaz Okulu Eğitim-Öğretim ve Sınav Yönetmeliği,https://www.resmigazete.gov.tr/eskiler/2009/08/20090828-17.htm
2009-08-28,— Zonguldak Karaelmas Üniversitesi Tıp Fakültesi Eğitim-Öğretim ve Sınav Yönetmeliğinde Değişiklik Yapılmasına Dair Yönetmelik,https://www.resmigazete.gov.tr/eskiler/2009/08/20090828-18.htm
2009-08-28,— Zonguldak Karaelmas Üniversitesi Lisansüstü Eğitim-Öğretim ve Sınav Yönetmeliğinde Değişiklik Yapılmasına Dair Yönetmelik,https://www.resmigazete.gov.tr/eskiler/2009/08/20090828-19.htm
2009-08-28,— Mecburi Standardın Yürürlükten Kaldırılmasına Dair Tebliğ (No:ÖSG-2009/21),https://www.resmigazete.gov.tr/eskiler/2009/08/20090828-20.htm
2009-08-28,— Mecburi Standardın Yürürlükten Kaldırılmasına Dair Tebliğ (No:ÖSG-2009/22),https://www.resmigazete.gov.tr/eskiler/2009/08/20090828-21.htm
2009-08-28,— 2009 Yılı Temmuz Ayına Ait Yatırım Teşvik Belgeleri Listesi,https://www.resmigazete.gov.tr/eskiler/2009/08/20090828-22.xls
2009-08-28,— 2009 Yılı Temmuz Ayında Yabancı Sermayeli Firmalara Verilen Belgeler ve Yararlandırılan Teşvik Unsurları Listesi,https://www.resmigazete.gov.tr/eskiler/2009/08/20090828-23.xls
2009-08-29,— Bireysel Emeklilik Aracıları Hakkında Yönetmelik,https://www.resmigazete.gov.tr/eskiler/2009/08/20090829-1.htm
2009-08-29,— Polis Akademisi Güvenlik Bilimleri Enstitüsü Lisansüstü Eğitim-Öğretim Yönetmeliğinde Değişiklik Yapılmasına Dair Yönetmelik,https://www.resmigazete.gov.tr/eskiler/2009/08/20090829-2.htm
2009-08-29,— Milli Eğitim Bakanlığı Eğitim Kurumları Yöneticilerinin Atama ve Yer Değiştirmelerine İlişkin Yönetmelikte Değişiklik Yapılmasına Dair Yönetmelik,https://www.resmigazete.gov.tr/eskiler/2009/08/20090829-3.htm
2009-08-29,— Milli Eğitim Bakanlığı Kurumlarında Sözleşmeli veya Ek Ders Görevi ile Görevlendirilecek Uzman ve Usta Öğreticiler Hakkında Yönetmelikte Değişiklik Yapılmasına Dair Yönetmelik,https://www.resmigazete.gov.tr/eskiler/2009/08/20090829-4.htm
2009-08-29,— Okul Öncesi Eğitim Kurumları Yönetmeliğinde Değişiklik Yapılmasına Dair Yönetmelik,https://www.resmigazete.gov.tr/eskiler/2009/08/20090829-5.htm
2009-08-29,— Sanayi ve Ticaret Bakanlığı Sicil Amirleri Yönetmeliğinde Değişiklik Yapılmasına Dair Yönetmelik,https://www.resmigazete.gov.tr/eskiler/2009/08/20090829-6.htm
2009-08-29,— Sanayi ve Ticaret Bakanlığı Disiplin Amirleri Yönetmeliğinde Değişiklik Yapılmasına Dair Yönetmelik,https://www.resmigazete.gov.tr/eskiler/2009/08/20090829-7.htm
2009-08-29,"— Sanayi ve Ticaret Uzmanı ve Uzman Yardımcılarının Sınav, Atama, Çalışma Usul ve Esasları Hakkında Yönetmelikte Değişiklik Yapılmasına Dair Yönetmelik",https://www.resmigazete.gov.tr/eskiler/2009/08/20090829-8.htm
2009-08-29,— Türk Süsleme Sanatları ve Geleneksel El Sanatları Kursları Yönetmeliği,https://www.resmigazete.gov.tr/eskiler/2009/08/20090829-9.htm
2009-08-29,— Türkiye Cumhuriyet Merkez Bankası Denetim Yönetmeliği,https://www.resmigazete.gov.tr/eskiler/2009/08/20090829-10.htm
2009-08-29,— Uzak Mesafe Telefon Hizmetinin Sunulmasına İlişkin Usul ve Esaslar Hakkında Tebliğin Yürürlükten Kaldırılmasına Dair Tebliğ,https://www.resmigazete.gov.tr/eskiler/2009/08/20090829-11.htm
2009-08-29,DÜZELTME (Sosyal Sigorta İşlemleri Yönetmeliğinde Değişiklik Yapılmasına Dair Yönetmelik ile ilgili),https://www.resmigazete.gov.tr/eskiler/2009/08/20090829-12.htm
2009-08-30,ÖNCEKİ,http://www.resmigazete.gov.tr/eskiler/2011/01/20110125.htm
2009-08-30,SONRAKİ,http://www.resmigazete.gov.tr/eskiler/2011/01/20110126.htm
2009-08-31,"— Dışişleri Bakanlığına, Enerji ve Tabii Kaynaklar Bakanı Taner YILDIZ'ın Vek â let Etmesine Dair Tezkere",https://www.resmigazete.gov.tr/eskiler/2009/08/20090831-1.htm
2009-08-31,— Artvin Çoruh Üniversitesi Eğitim-Öğretim ve Sınav Yönetmeliği,https://www.resmigazete.gov.tr/eskiler/2009/08/20090831-2.htm
2009-08-31,— Balıkesir Üniversitesi Sağlık Uygulama ve Araştırma Merkezi Yönetmeliği,https://www.resmigazete.gov.tr/eskiler/2009/08/20090831-3.htm
2009-08-31,— Bilecik Üniversitesi Lisans Eğitim-Öğretim ve Sınav Yönetmeliğinde Değişiklik Yapılmasına Dair Yönetmelik,https://www.resmigazete.gov.tr/eskiler/2009/08/20090831-4.htm
2009-08-31,— Bilecik Üniversitesi Yaz Okulu Yönetmeliğinde Değişiklik Yapılmasına Dair Yönetmelik,https://www.resmigazete.gov.tr/eskiler/2009/08/20090831-5.htm
2009-08-31,— Cumhuriyet Üniversitesi Önlisans ve Lisans Eğitim-Öğretim ve Sınav Yönetmeliğinde Değişiklik Yapılmasına Dair Yönetmelik,https://www.resmigazete.gov.tr/eskiler/2009/08/20090831-6.htm
2009-08-31,— Fatih Üniversitesi Satın Alma Yönetmeliği,https://www.resmigazete.gov.tr/eskiler/2009/08/20090831-7.htm
2009-08-31,— Fatih Üniversitesi Endüstriyel Otomasyon Teknolojileri Uygulama ve Araştırma Merkezi Yönetmeliği,https://www.resmigazete.gov.tr/eskiler/2009/08/20090831-8.htm
2009-09-01,"— Devlet Bakanı ve Başbakan Yardımcısı Bülent ARINÇ’a, Devlet Bakanı Faruk ÇELİK’in Vekâlet Etmesine Dair Tezkere",https://www.resmigazete.gov.tr/eskiler/2009/09/20090901-1.htm
2009-09-01,"— Devlet Bakanı Egemen BAĞIŞ’a, Devlet Bakanı Faruk Nafız ÖZAK’ın Vekâlet Etmesine Dair Tezkere",https://www.resmigazete.gov.tr/eskiler/2009/09/20090901-2.htm
2009-09-01,"— Dışişleri Bakanlığına, İçişleri Bakanı Beşir ATALAY’ın Vekâlet Etmesine Dair Tezkere",https://www.resmigazete.gov.tr/eskiler/2009/09/20090901-3.htm
2009-09-01,— Kırsal Kalkınma Programı İzleme Komitesinin Teşekkülü ile Çalışma Usul ve Esasları Hakkında Yönetmelik,https://www.resmigazete.gov.tr/eskiler/2009/09/20090901-4.htm
2009-09-01,— Elektronik Haberleşme Sektöründe Etkin Piyasa Gücüne Sahip İşletmeciler ile Bu İşletmecilere Getirilecek Yükümlülüklerin Belirlenmesi Hakkında Yönetmelik,https://www.resmigazete.gov.tr/eskiler/2009/09/20090901-5.htm
2009-09-01,— Karabük Üniversitesi Uzaktan Eğitim Uygulama ve Araştırma Merkezi Yönetmeliği,https://www.resmigazete.gov.tr/eskiler/2009/09/20090901-6.htm
2009-09-01,— Rize Üniversitesi Yabancı Dil Hazırlık Sınıfı Yönetmeliği,https://www.resmigazete.gov.tr/eskiler/2009/09/20090901-7.htm
2009-09-01,— Asansör Teknik Komitesinin Oluşumu ve Görevlerine Dair Tebliğ (SGM: 2009/13),https://www.resmigazete.gov.tr/eskiler/2009/09/20090901-8.htm
2009-09-01,— Risk Değerlendirmesi ve Acil Müdahale Planlarını Hazırlayacak Kurum/Kuruluşların Asgari Özelliklerine Dair Tebliğde Değişiklik Yapılmasına Dair Tebliğ,https://www.resmigazete.gov.tr/eskiler/2009/09/20090901-9.htm
2009-09-01,— İthalatta Kota ve Tarife Kontenjanı İdaresine İlişkin Tebliğ (No: 2009/5),https://www.resmigazete.gov.tr/eskiler/2009/09/20090901-10.htm
2009-09-01,— İthalatta Kota ve Tarife Kontenjanı İdaresine İlişkin Tebliğ (No: 2009/6),https://www.resmigazete.gov.tr/eskiler/2009/09/20090901-11.htm
2009-09-01,— İthalatta Kota ve Tarife Kontenjanı İdaresine İlişkin Tebliğ (No: 2009/7),https://www.resmigazete.gov.tr/eskiler/2009/09/20090901-12.htm
2009-09-01,— Yargıtay 2. Hukuk Dairesine Ait Karar,https://www.resmigazete.gov.tr/eskiler/2009/09/20090901-13.htm
2009-09-02,2009/15345 Dicle Üniversitesi Rektörlüğü Bünyesinde Bulunan Fen-Edebiyat Fakültesinin Kapatılarak Adı Geçen Rektörlüğe Bağlı Olarak Fen Fakültesi ve Edebiyat Fakültesi Kurulması Hakkında Karar,https://www.resmigazete.gov.tr/eskiler/2009/09/20090902-1.htm
2009-09-02,2009/15332 Kamu İhale Kurulu Üyeliğine Erkan Demirtaş’ın Atanması Hakkında Karar,https://www.resmigazete.gov.tr/eskiler/2009/09/20090902-2.htm
2009-09-02,— Özelleştirme Uygulamalarında Değer Tespiti ve İhale Yönetmeliğinde Değişiklik Yapılmasına Dair Yönetmelik,https://www.resmigazete.gov.tr/eskiler/2009/09/20090902-3.htm
2009-09-02,— Gümrük Genel Tebliğinin Yürürlükten Kaldırılmasına Dair Tebliğ (Gümrüksüz Satış Mağazaları) (Seri No:1),https://www.resmigazete.gov.tr/eskiler/2009/09/20090902-4.htm
2009-09-02,"— Çağrı Yoluyla Ortaklık Paylarının Toplanmasına İlişkin Esaslar Tebliği (Seri: IV, No: 44)",https://www.resmigazete.gov.tr/eskiler/2009/09/20090902-5.htm
2009-09-03,2009/15318 Elektrik İşleri Etüd İdaresi Genel Müdürlüğü Teşkilatında Düzenleme Yapılması Hakkında Karar,https://www.resmigazete.gov.tr/eskiler/2009/09/20090903-1.htm
2009-09-03,2009/15328 Kültür ve Turizm Bakanlığının Taşra Teşkilatı Olarak Ankara İli’nde Yer Alan Devlet Geleneksel Türk Tiyatrosu Topluluğu ile Devlet Halk Ozanları Topluluğu Müdürlüklerinin Kaldırılması Hakkında Karar,https://www.resmigazete.gov.tr/eskiler/2009/09/20090903-2.htm
2009-09-03,"2009/15329 İçişleri Bakanlığının Merkez Teşkilatında, İller İdaresi Genel Müdürlüğü Bünyesinde 1 Adet Daire Başkanlığı ile 3 Adet Şube Müdürlüğü Kurulması Hakkında Karar",https://www.resmigazete.gov.tr/eskiler/2009/09/20090903-3.htm
2009-09-03,2009/15336 İran Menşeli Naylon İplik İthalatında Korunma Önlemi Uygulanmasına İlişkin Karar,https://www.resmigazete.gov.tr/eskiler/2009/09/20090903-4.htm
2009-09-03,2009/15344 Borçlanma Araçlarının İhraç Limitlerine Dair Karar,https://www.resmigazete.gov.tr/eskiler/2009/09/20090903-5.htm
2009-09-03,2009/15346 Diyanet İşleri Başkanlığının Merkez Teşkilatında 2 Adet Şube Müdürlüğü Kurulması Hakkında Karar,https://www.resmigazete.gov.tr/eskiler/2009/09/20090903-6.htm
2009-09-03,2009/15347 Terör ve Terörle Mücadeleden Doğan Zararların Karşılanması Hakkında Kanunun Geçici 1 inci Maddesi ile 28/12/2005 Tarihli ve 5442 Sayılı Kanunun Geçici 1 inci Maddesi Gereğince Yapılan Başvuruların Sonuçlandırılma Süresinin Uzatılmasına Dair Karar,https://www.resmigazete.gov.tr/eskiler/2009/09/20090903-7.htm
2009-09-03,2009/15350 Dış Ticaret Müsteşarlığının Taşra Teşkilatının Yeniden Düzenlenmesi Hakkında Karar,https://www.resmigazete.gov.tr/eskiler/2009/09/20090903-8.htm
2009-09-03,2009/15354 Bazı Yerleşim Yerlerinin “Uygulama Alanı” Olarak Tespiti ve Bazı Yerleşim Alanlarındaki Üçüncü Sınıf Tarım Arazilerinde Dağıtılacak Toprak Normunun Belirlenmesi Hakkında Karar,https://www.resmigazete.gov.tr/eskiler/2009/09/20090903-9.htm
2009-09-03,2009/15355 Türk Tasarım Danışma Konseyi Hakkında Karar,https://www.resmigazete.gov.tr/eskiler/2009/09/20090903-10.htm
2009-09-03,2009/15362 Bazı İllerde Mahalli İdare Birliklerinin Kurulması Hakkında Karar,https://www.resmigazete.gov.tr/eskiler/2009/09/20090903-11.htm
2009-09-03,"— Maliye Bakanlığına, Bayındırlık ve İskan Bakanı Mustafa DEMİR’in Vekâlet Etmesine Dair Tezkere",https://www.resmigazete.gov.tr/eskiler/2009/09/20090903-12.htm
2009-09-03,"— Ulaştırma Bakanlığına, Çevre ve Orman Bakanı Veysel EROĞLU’nun Vekâlet Etmesine Dair Tezkere",https://www.resmigazete.gov.tr/eskiler/2009/09/20090903-13.htm
2009-09-03,— Türkiye İhracatçılar Meclisi ile İhracatçı Birliklerinin Kuruluş ve Görevleri Hakkında Yönetmelik,https://www.resmigazete.gov.tr/eskiler/2009/09/20090903-14.htm
2009-09-03,— Türkiye İhracatçılar Meclisi ve İhracatçı Birlikleri İnsan Kaynakları Yönetmeliği,https://www.resmigazete.gov.tr/eskiler/2009/09/20090903-15.htm
2009-09-03,— Askeri Kantin Yönetmeliğinde Değişiklik Yapılmasına Dair Yönetmelik,https://www.resmigazete.gov.tr/eskiler/2009/09/20090903-16.htm
2009-09-03,— Kamu Taşınmazlarının Yatırımlara Tahsisine İlişkin Usul ve Esaslar,https://www.resmigazete.gov.tr/eskiler/2009/09/20090903-17.htm
2009-09-03,"— Kıyı Emniyeti Genel Müdürlüğü Deniz ve Hava Bandı Telsiz Haberleşme Sistemlerinin Kurulması, Kullanım İzinlerinin Verilmesi, Ruhsatlandırılması ile Tarifelerinin Düzenlenmesine Dair Yönetmelik",https://www.resmigazete.gov.tr/eskiler/2009/09/20090903-18.htm
2009-09-03,— Abant İzzet Baysal Üniversitesi Öğrenci Yurtları Yönetmeliği,https://www.resmigazete.gov.tr/eskiler/2009/09/20090903-19.htm
2009-09-03,— İzmir Üniversitesi Yabancı Diller Yüksekokulu Hazırlık Sınıfı Eğitim-Öğretim ve Sınav Yönetmeliği,https://www.resmigazete.gov.tr/eskiler/2009/09/20090903-20.htm
2009-09-03,— Trakya Üniversitesi Yandal Programı Yönetmeliği,https://www.resmigazete.gov.tr/eskiler/2009/09/20090903-21.htm
2009-09-03,— Trakya Üniversitesi Çift Anadal Programı Yönetmeliği,https://www.resmigazete.gov.tr/eskiler/2009/09/20090903-22.htm
2009-09-03,— Universal Sertifikasyon ve Gözetim Hizmetleri Tic.Ltd.Şti.nin Kişisel Koruyucu Donanım Yönetmeliği Kapsamında Onaylanmış Kuruluş Olarak Görevlendirilmesine Dair Tebliğ,https://www.resmigazete.gov.tr/eskiler/2009/09/20090903-23.htm
2009-09-04,"2009/15311 Türkiye Cumhuriyeti Hükümeti ile İsrail Devleti Hükümeti Arasında Standardizasyon, Uygunluk Değerlendirmesi ve Metroloji Alanında İşbirliği Anlaşması’nın Yürürlük Tarihinin Tespit Edilmesi Hakkında Karar",https://www.resmigazete.gov.tr/eskiler/2009/09/20090904-1.htm
2009-09-04,"2009/15326 Türkiye Cumhuriyeti, Maliye Bakanlığı, Mali Suçları Araştırma Kurulu Başkanlığı (MASAK) ile Kore Cumhuriyeti, Maliye ve Ekonomi Bakanlığı, Kore Mali İstihbarat Birimi (KOFIU) Arasında Karapara Aklama ve Terörizmin Finansmanı ile İlgili Finansal İstihbarat Değişiminde İşbirliğine Dair Mutabakat Muhtırası’nın Yürürlüğe Konulması Hakkında Karar",https://www.resmigazete.gov.tr/eskiler/2009/09/20090904-2.htm
2009-09-04,2009/15327 Bazı Alanların Samsun Teknoloji Geliştirme Bölgesi Olarak Tespit Edilmesi Hakkında Karar,https://www.resmigazete.gov.tr/eskiler/2009/09/20090904-3.htm
2009-09-04,"2009/15330 İhraççıların, Sermaye Piyasası Kurulunca Kayda Alınan, Satışı Yapılacak Sermaye Piyasası Araçlarının İhraç Değerleri Üzerinden Kurul’a Yatıracakları Ücrete İlişkin Karar’ın Yürürlüğe Konulması Hakkında Karar",https://www.resmigazete.gov.tr/eskiler/2009/09/20090904-4.htm
2009-09-04,2009/15337 Bazı Anlaşmaların Yürürlük Tarihlerinin Tespit Edilmesi Hakkında Karar,https://www.resmigazete.gov.tr/eskiler/2009/09/20090904-5.htm
2009-09-04,2009/15340 21 Kişinin Türk Vatandaşlığına Alınması Hakkında Karar,https://www.resmigazete.gov.tr/eskiler/2009/09/20090904-6.htm
2009-09-04,2009/15363 Bazı Alanların Malatya Teknoloji Geliştirme Bölgesi Olarak Tespit Edilmesi Hakkında Karar,https://www.resmigazete.gov.tr/eskiler/2009/09/20090904-7.htm
2009-09-04,"— Devlet Bakanı ve Başbakan Yardımcısı Ali BABACAN’a, Devlet Bakanı Cevdet YILMAZ’ın Vekâlet Etmesine Dair Tezkere",https://www.resmigazete.gov.tr/eskiler/2009/09/20090904-8.htm
2009-09-04,"— Dışişleri Bakanlığına, Devlet Bakanı Selma Aliye KAVAF’ın Vekâlet Etmesine Dair Tezkere",https://www.resmigazete.gov.tr/eskiler/2009/09/20090904-9.htm
2009-09-04,2009/15395 Vali Atamaları Hakkında Karar,https://www.resmigazete.gov.tr/eskiler/2009/09/20090904-10.htm
2009-09-04,— Gümrüksüz Satış Mağazaları Yönetmeliğinde Değişiklik Yapılmasına Dair Yönetmelik,https://www.resmigazete.gov.tr/eskiler/2009/09/20090904-11.htm
2009-09-04,— Askerî Müzeler Yönetmeliğinde Değişiklik Yapılmasına Dair Yönetmelik,https://www.resmigazete.gov.tr/eskiler/2009/09/20090904-12.htm
2009-09-04,— Tehlikeli Atıkların Kontrolü Yönetmeliğinde Değişiklik Yapılmasına Dair Yönetmelik,https://www.resmigazete.gov.tr/eskiler/2009/09/20090904-13.htm
2009-09-04,— Sosyal Hizmetler ve Çocuk Esirgeme Kurumu Genel Müdürlüğü Koruma Bakım ve Rehabilitasyon Merkezleri Yönetmeliği,https://www.resmigazete.gov.tr/eskiler/2009/09/20090904-14.htm
2009-09-04,— İşkolu Tespit Kararı (No: 2009/45),https://www.resmigazete.gov.tr/eskiler/2009/09/20090904-15.htm
2009-09-05,2009/15320 Türk İşbirliği ve Kalkınma İdaresi Başkanlığı ile İslam Kalkınma Bankası Arasında İmzalanan “Teknik İşbirliğine İlişkin Mutabakat Zaptı”nın Onaylanması Hakkında Karar,https://www.resmigazete.gov.tr/eskiler/2009/09/20090905-1.htm
2009-09-05,2009/15334 Türkiye Cumhuriyeti ile Sovyet Sosyalist Cumhuriyetler Birliği Arasında Akdedilen 27 Nisan 1988 Tarihli Konsolosluk Sözleşmesinin Bazı Maddelerinin Tadiline İlişkin Türkiye Cumhuriyeti ile Rusya Federasyonu Arasında İmzalanan Protokol”ün Onaylanması Hakkında Karar,https://www.resmigazete.gov.tr/eskiler/2009/09/20090905-2.htm
2009-09-05,2009/15381 Selçuk Üniversitesi Rektörlüğüne Bağlı Olarak Turizm İşletmeciliği ve Otelcilik Yüksekokulu Kurulması Hakkında Karar,https://www.resmigazete.gov.tr/eskiler/2009/09/20090905-3.htm
2009-09-05,"2009/15382 Avrupa Eğitim Vakfı Tarafından, İstanbul İlinde Avrupa Meslek Yüksekokulu Kurulması Hakkında Karar",https://www.resmigazete.gov.tr/eskiler/2009/09/20090905-4.htm
2009-09-05,"2009/15386 5520 Sayılı Kurumlar Vergisi Kanununun Geçici 5 inci Maddesinde Yer Alan Yetkiye İstinaden, 31/12/2009 Tarihine Kadar Anılan Geçici 5 inci Madde Kapsamında Yapılacak Birleşmelerde Uygulanacak İndirimli Kurumlar Vergisi Oranı Hakkında Kararın Yürürlüğe Konulması Hakkında Karar",https://www.resmigazete.gov.tr/eskiler/2009/09/20090905-5.htm
2009-09-05,2009/15387 Gaziantep Üniversitesi Rektörlüğüne Bağlı Olarak Sağlık Bilimleri Fakültesi Kurulması Hakkında Karar,https://www.resmigazete.gov.tr/eskiler/2009/09/20090905-6.htm
2009-09-05,2009/15398 6802 Sayılı Gider Vergileri Kanununun 33 üncü Maddesinde Yer Alan Banka ve Sigorta Muameleleri Vergisi Nispetlerinin Tespiti Hakkındaki 28/8/1998 Tarihli ve 98/11591 Sayılı Kararnamenin Eki Kararda Değişiklik Yapılmasına İlişkin Kararın Yürürlüğe Konulması Hakkında Karar,https://www.resmigazete.gov.tr/eskiler/2009/09/20090905-7.htm
2009-09-05,2009/15399 Adıyaman Üniversitesi Rektörlüğüne Bağlı Olarak Güzel Sanatlar Fakültesi Kurulması Hakkında Karar,https://www.resmigazete.gov.tr/eskiler/2009/09/20090905-8.htm
2009-09-05,2009/15390 Dışişleri Bakanlığı Mensuplarından Bazılarının Çeşitli Görevlere Atanmaları Hakkında Karar,https://www.resmigazete.gov.tr/eskiler/2009/09/20090905-9.htm
2009-09-05,"— Devlet, Dışişleri, Millî Eğitim ve Ulaştırma Bakanlıklarına Ait Atama Kararları",https://www.resmigazete.gov.tr/eskiler/2009/09/20090905-10.htm
2009-09-05,— Çanakkale Onsekiz Mart Üniversitesi Süt ve Süt Ürünleri Uygulama ve Araştırma Merkezi Yönetmeliği,https://www.resmigazete.gov.tr/eskiler/2009/09/20090905-11.htm
2009-09-05,— Sinop Üniversitesi Döner Sermaye İşletmesi Yönetmeliği,https://www.resmigazete.gov.tr/eskiler/2009/09/20090905-12.htm
2009-09-05,— Tedavi Yardımına İlişkin Uygulama Tebliği (Sıra No: 11),https://www.resmigazete.gov.tr/eskiler/2009/09/20090905-13.htm
2009-09-06,"2009/15358 Türkiye Cumhuriyeti Hükümeti ile Lübnan Cumhuriyeti Hükümeti Arasında İmzalanan ""2009-2011 Yıllarını Kapsayan Turistik İşbirliği Anlaşması Uygulama Protokolü""nün Onaylanması Hakkında Karar",https://www.resmigazete.gov.tr/eskiler/2009/09/20090906-1.htm
2009-09-06,"2009/15369 Türkiye Cumhuriyeti Genelkurmay Başkanlığı ile Cezayir Demokratik Halk Cumhuriyeti Milli Savunma Bakanlığı Arasında İmzalanan ""Askeri Eğitim Alanında İş Birliği Anlaşması""nın Onaylanması Hakkında Karar",https://www.resmigazete.gov.tr/eskiler/2009/09/20090906-2.htm
2009-09-06,— Erzincan Üniversitesi Ön Lisans ve Lisans Eğitim-Öğretim ve Sınav Yönetmeliği,https://www.resmigazete.gov.tr/eskiler/2009/09/20090906-3.htm
2009-09-06,— Maltepe Üniversitesi Lisansüstü Eğitim-Öğretim ve Sınav Yönetmeliği,https://www.resmigazete.gov.tr/eskiler/2009/09/20090906-4.htm
2009-09-06,— Nevşehir Üniversitesi Döner Sermaye İşletmesi Yönetmeliği,https://www.resmigazete.gov.tr/eskiler/2009/09/20090906-5.htm
2009-09-07,"— Dışişleri Bakanlığına, Devlet Bakanı Mehmet AYDIN’ın Vekâlet Etmesine Dair Tezkere",https://www.resmigazete.gov.tr/eskiler/2009/09/20090907-1.htm
2009-09-07,— Karamanoğlu Mehmetbey Üniversitesi Döner Sermaye İşletmesi Yönetmeliği,https://www.resmigazete.gov.tr/eskiler/2009/09/20090907-2.htm
2009-09-07,— Tunceli Üniversitesi Önlisans ve Lisans Eğitim-Öğretim ve Sınav Yönetmeliği,https://www.resmigazete.gov.tr/eskiler/2009/09/20090907-3.htm
2009-09-07,— Tunceli Üniversitesi Lisansüstü Öğretim ve Sınav Yönetmeliği,https://www.resmigazete.gov.tr/eskiler/2009/09/20090907-4.htm
2009-09-08,2009/15361 Türk Vatandaşlığı Kaybettirilen 6 Kişi Hakkındaki Kararların Geri Alınmasına Dair Karar,https://www.resmigazete.gov.tr/eskiler/2009/09/20090908-1.htm
2009-09-08,"2009/15389 Kamu Kurum ve Kuruluşlarının Yurtdışı Teşkilatını Oluşturan Birimlerin Nitelik, Kurulduğu Şehir ve Ülke, Görev Alanı, Akredite Edildiği Ülkeler ve Bağlı Bulunduğu Misyonlar Hakkındaki 13/4/1999 Tarihli ve 99/12770 Sayılı Bakanlar Kurulu Kararında Değişiklik Yapılmasına İlişkin Karar",https://www.resmigazete.gov.tr/eskiler/2009/09/20090908-2.htm
2009-09-08,"2009/15396 Çorum İlinde Bulunan Bazı Taşınmazların, “Çorum-Merkez Kentsel Yenileme (Gecekondu Dönüşüm) Projesi” Alanı İçinde Kalmaları Nedeniyle Çorum Belediyesi Tarafından Acele Kamulaştırılması Hakkında Karar",https://www.resmigazete.gov.tr/eskiler/2009/09/20090908-3.htm
2009-09-08,"— Devlet Bakanı Selma Aliye KAVAF’a, Devlet Bakanı Hayati YAZICI’nın Vekâlet Etmesine Dair Tezkere",https://www.resmigazete.gov.tr/eskiler/2009/09/20090908-4.htm
2009-09-08,"— Milli Savunma Bakanlığına, İçişleri Bakanı Beşir ATALAY’ın Vekâlet Etmesine Dair Tezkere",https://www.resmigazete.gov.tr/eskiler/2009/09/20090908-5.htm
2009-09-08,2009/15343 Avrupa Birliği Eğitim ve Gençlik Programları Merkezi Başkanlığı İnsan Kaynakları Yönetmeliğinde Değişiklik Yapılmasına Dair Yönetmelik,https://www.resmigazete.gov.tr/eskiler/2009/09/20090908-6.htm
2009-09-08,— Harp Akademileri Yönetmeliğinde Değişiklik Yapılmasına Dair Yönetmelik,https://www.resmigazete.gov.tr/eskiler/2009/09/20090908-7.htm
2009-09-08,— Yapım İşleri İhaleleri Uygulama Yönetmeliğinde Değişiklik Yapılmasına Dair Yönetmelik,https://www.resmigazete.gov.tr/eskiler/2009/09/20090908-8.htm
2009-09-08,— Erişim ve Arabağlantı Yönetmeliği,https://www.resmigazete.gov.tr/eskiler/2009/09/20090908-9.htm
2009-09-08,— Üniversitelerde Akademik Teşkilat Yönetmeliğinde Değişiklik Yapılmasına Dair Yönetmelik,https://www.resmigazete.gov.tr/eskiler/2009/09/20090908-10.htm
2009-09-08,"— Kilis 7 Aralık Üniversitesi Ön Lisans, Lisans Eğitim-Öğretim ve Sınav Yönetmeliği",https://www.resmigazete.gov.tr/eskiler/2009/09/20090908-11.htm
2009-09-09,2009/15359 Sağlık Bakanlığı ve Sosyal Güvenlik Kurumu Başkanlığınca Yürütülecek Olan Sağlıkta Dönüşüm ve Sosyal Güvenlik Reformu Projesinin Finansman İhtiyacının Karşılanması Amacıyla Uluslararası İmar ve Kalkınma Bankasından Sağlanan Krediye Dair Anlaşma ve Mektupların Yürürlüğe Girmesi Hakkında Karar,https://www.resmigazete.gov.tr/eskiler/2009/09/20090909-1.htm
2009-09-09,2009/15391 Türkiye Cumhuriyeti ile Cezayir Demokratik Halk Cumhuriyeti Arasında İmzalanan “Dostluk ve İşbirliği Anlaşması”nın Onaylanması Hakkında Karar,https://www.resmigazete.gov.tr/eskiler/2009/09/20090909-2.htm
2009-09-09,"2009/15392 Türkiye Cumhuriyeti Hükümeti ile Çin Halk Cumhuriyeti Hükümeti Arasında İmzalanan “Kültür Varlığının Çalınmasının, Kaçak Kazı ve Yasa Dışı İthali ve İhracının Önlenmesine İlişkin Anlaşma”nın Onaylanması Hakkında Karar",https://www.resmigazete.gov.tr/eskiler/2009/09/20090909-3.htm
2009-09-09,"2009/15401 Türkiye Cumhuriyeti Hükümeti ile Lübnan Cumhuriyeti Hükümeti Arasında İmzalanan “Teknik Düzenlemeler, Standardizasyon, Metroloji, Akreditasyon ve Uygunluk Değerlendirmesi Alanlarında İşbirliğine Dair Mutabakat Zaptı”nın Onaylanması Hakkında Karar",https://www.resmigazete.gov.tr/eskiler/2009/09/20090909-4.htm
2009-09-09,2009/15375 Bazı Anlaşmaların Yürürlüğe Girdiği Tarihlerinin Tespit Edilmesi Hakkında Karar,https://www.resmigazete.gov.tr/eskiler/2009/09/20090909-5.htm
2009-09-09,2009/15406 Yurt İçi Sertifikalı Tohum Kullanımı ve Yurt İçi Sertifikalı Tohum Üretimi Desteklemeleri 2009 Yılı Uygulaması Birim Ödeme Miktarlarına Dair Karar,https://www.resmigazete.gov.tr/eskiler/2009/09/20090909-6.htm
2009-09-09,"— Devlet Bakanı Faruk Nafız ÖZAK’a, Devlet Bakanı Mehmet Zafer ÇAĞLAYAN’ın Vekâlet Etmesine Dair Tezkere",https://www.resmigazete.gov.tr/eskiler/2009/09/20090909-7.htm
2009-09-09,"— Dışişleri Bakanlığına, Enerji ve Tabii Kaynaklar Bakanı Taner YILDIZ’ın Vekâlet Etmesine Dair Tezkere",https://www.resmigazete.gov.tr/eskiler/2009/09/20090909-8.htm
2009-09-09,"— Maliye Bakanlığına, Devlet Bakanı ve Başbakan Yardımcısı Ali BABACAN’ın Vekâlet Etmesine Dair Tezkere",https://www.resmigazete.gov.tr/eskiler/2009/09/20090909-9.htm
2009-09-09,2009/15316 Binaların Yangından Korunması Hakkında Yönetmelikte Değişiklik Yapılmasına Dair Yönetmelik,https://www.resmigazete.gov.tr/eskiler/2009/09/20090909-10.htm
2009-09-09,— Çevre ve Orman Bakanlığı Döner Sermayeli İşletmeler Yönetmeliğinde Değişiklik Yapılmasına Dair Yönetmelik,https://www.resmigazete.gov.tr/eskiler/2009/09/20090909-11.htm
2009-09-09,— Proje ve Kontrolluk İşlerinde Uygulanacak Fiyat Artış Oranları Hakkında Tebliğ,https://www.resmigazete.gov.tr/eskiler/2009/09/20090909-12.htm
2009-09-09,— Kamu Kurum ve Kuruluşlarının Daimi Kadrolarına İlk Defa İşçi Olarak Alınacakları İçin Yapılacak Merkezi Sınava Girecekler ile Eğitim Düzeyleri İtibarıyla Merkezi Sınav Dışında Kalanlar ve Bunların İşe Yerleştirilmelerine İlişkin Usul ve Esaslar Hakkında Tebliğin Yürürlükten Kaldırılmasına Dair Tebliğ,https://www.resmigazete.gov.tr/eskiler/2009/09/20090909-13.htm
2009-09-09,— İşkolu Tespit Kararı (No: 2009/46),https://www.resmigazete.gov.tr/eskiler/2009/09/20090909-14.htm
2009-09-10,2009/15393 Türkiye Cumhuriyeti Kültür ve Turizm Bakanlığı ile Makedonya Cumhuriyeti Kültür Bakanlığı Arasında İmzalanan “2009-2011” Yıllarına Ait Kültürel İşbirliği Programı”nın Onaylanması Hakkında Karar,https://www.resmigazete.gov.tr/eskiler/2009/09/20090910-1.htm
2009-09-10,"2009/15404 Türkiye Cumhuriyeti Hükümeti ile Bulgaristan Cumhuriyeti Hükümeti Arasında İmzalanan “Teknik Düzenlemeler, Standardizasyon, Uygunluk Değerlendirmesi ve Metroloji Alanlarında Danışma ve İşbirliği Mekanizması Tesis Edilmesine Dair Mutabakat Zaptı”nın Onaylanması Hakkında Karar",https://www.resmigazete.gov.tr/eskiler/2009/09/20090910-2.htm
2009-09-10,— Milli Eğitim Bakanlığı Eğitim Kurumları Yöneticilerinin Atama ve Yer Değiştirmelerine İlişkin Yönetmelikte Değişiklik Yapılmasına Dair Yönetmelik,https://www.resmigazete.gov.tr/eskiler/2009/09/20090910-3.htm
2009-09-10,— İzmir Üniversitesi Yaz Okulu Yönetmeliği,https://www.resmigazete.gov.tr/eskiler/2009/09/20090910-4.htm
2009-09-10,— Namık Kemal Üniversitesi Tıp Fakültesi Eğitim-Öğretim ve Sınav Yönetmeliği,https://www.resmigazete.gov.tr/eskiler/2009/09/20090910-5.htm
2009-09-10,— Ondokuz Mayıs Üniversitesi Samsun Sağlık Yüksekokulu Uzaktan Ebelik Lisans Tamamlama Programı Eğitim-Öğretim ve Sınav Yönetmeliğinde Değişiklik Yapılmasına Dair Yönetmelik,https://www.resmigazete.gov.tr/eskiler/2009/09/20090910-6.htm
2009-09-10,— İşkolu Tespit Kararı (No: 2009/47),https://www.resmigazete.gov.tr/eskiler/2009/09/20090910-7.htm
2009-09-10,(2/9/2009 Tarihli ve 2009/15406 Sayılı Bakanlar Kurulu Kararı ile İlgili),https://www.resmigazete.gov.tr/eskiler/2009/09/20090910-8.htm
2009-09-11,— Gazi Üniversitesi Eğitim Bilimleri Enstitüsü Lisansüstü Eğitim-Öğretim ve Sınav Yönetmeliği,https://www.resmigazete.gov.tr/eskiler/2009/09/20090911-1.htm
2009-09-11,— İşkolu Tespit Kararı (No: 2009/48),https://www.resmigazete.gov.tr/eskiler/2009/09/20090911-2.htm
2009-09-12,"— Dışişleri Bakanlığına, Devlet Bakanı Mehmet AYDIN’ın Vekâlet Etmesine Dair Tezkere",https://www.resmigazete.gov.tr/eskiler/2009/09/20090912-1.htm
2009-09-12,"— Devlet Bakanı Faruk ÇELİK’e, Devlet Bakanı ve Başbakan Yardımcısı Bülent ARINÇ’ın Vekâlet Etmesine Dair Tezkere",https://www.resmigazete.gov.tr/eskiler/2009/09/20090912-2.htm
2009-09-12,"— Devlet Bakanı ve Başbakan Yardımcılığı, Millî Eğitim, Bayındırlık ve İskan, Çalışma ve Sosyal Güvenlik, Sanayi ve Ticaret ile Çevre ve Orman Bakanlıklarına Ait Atama Kararları",https://www.resmigazete.gov.tr/eskiler/2009/09/20090912-3.htm
2009-09-12,— Bitki Koruma Ürünlerinin Ruhsatlandırılması Hakkında Yönetmelik,https://www.resmigazete.gov.tr/eskiler/2009/09/20090912-4.htm
2009-09-12,— Dış Ticaret Sermaye Şirketlerine İlişkin Karar,https://www.resmigazete.gov.tr/eskiler/2009/09/20090912-5.htm
2009-09-12,"— Varlık Teminatlı Menkul Kıymetlere İlişkin Esaslar Tebliği (Seri: III, No: 38)",https://www.resmigazete.gov.tr/eskiler/2009/09/20090912-6.htm
2009-09-13,"— Tarım ve Köyişleri Bakanlığına, Milli Eğitim Bakanı Nimet ÇUBUKÇU’nun Vekâlet Etmesine Dair Tezkere",https://www.resmigazete.gov.tr/eskiler/2009/09/20090913-1.htm
2009-09-13,"— Özel Teknelerin Donatımı, Kaydı ve Belgelendirilmesi ile Özel Tekneleri Kullanacak Kişilerin Yeterlikleri Hakkında Yönetmelikte Değişiklik Yapılmasına Dair Yönetmelik",https://www.resmigazete.gov.tr/eskiler/2009/09/20090913-2.htm
2009-09-13,— Sosyal Hizmetler ve Çocuk Esirgeme Kurumu Genel Müdürlüğü Sicil Amirleri Yönetmeliğinde Değişiklik Yapılmasına Dair Yönetmelik,https://www.resmigazete.gov.tr/eskiler/2009/09/20090913-3.htm
2009-09-13,— Sosyal Hizmetler ve Çocuk Esirgeme Kurumu Genel Müdürlüğü Disiplin Amirleri Yönetmeliği,https://www.resmigazete.gov.tr/eskiler/2009/09/20090913-4.htm
2009-09-13,— Bilecik Üniversitesi Döner Sermaye İşletmesi Yönetmeliği,https://www.resmigazete.gov.tr/eskiler/2009/09/20090913-5.htm
2009-09-13,— Türk Standardları Enstitüsünün Onaylanmış Kuruluş Olarak Görevlendirilmesine Dair Tebliğ (No: SGM 2009/14),https://www.resmigazete.gov.tr/eskiler/2009/09/20090913-6.htm
2009-09-13,— S & Q Mart Kalite Güvenlik Sanayi ve Ticaret A.Ş.’nin Onaylanmış Kuruluş Olarak Görevlendirilmesine Dair Tebliğ (No: SGM 2009/15),https://www.resmigazete.gov.tr/eskiler/2009/09/20090913-7.htm
2009-09-13,— Meyer Uluslararası Uygunluk Değerlendirme Hizmetleri Limited Şirketi’nin Onaylanmış Kuruluş Olarak Görevlendirilmesine Dair Tebliğde Değişiklik Yapılmasına Dair Tebliğ (No: SGM 2009/16),https://www.resmigazete.gov.tr/eskiler/2009/09/20090913-8.htm
2009-09-13,— Alberk QA Uluslararası Teknik Kontrol ve Belgelendirme Limited Şirketi’nin Onaylanmış Kuruluş Olarak Görevlendirilmesine Dair Tebliğde Değişiklik Yapılmasına Dair Tebliğ (No: SGM 2009/17),https://www.resmigazete.gov.tr/eskiler/2009/09/20090913-9.htm
2009-09-14,"— Devlet Bakanı Mehmet Zafer ÇAĞLAYAN’a, Çevre ve Orman Bakanı Veysel EROĞLU’nun Vekâlet Etmesine Dair Tezkere",https://www.resmigazete.gov.tr/eskiler/2009/09/20090914-1.htm
2009-09-14,"— Maliye Bakanlığına, İçişleri Bakanı Beşir ATALAY’ın Vekâlet Etmesine Dair Tezkere",https://www.resmigazete.gov.tr/eskiler/2009/09/20090914-2.htm
2009-09-14,"— Sanayi ve Ticaret Bakanlığına, Enerji ve Tabii Kaynaklar Bakanı Taner YILDIZ’ın Vekâlet Etmesine Dair Tezkere",https://www.resmigazete.gov.tr/eskiler/2009/09/20090914-3.htm
2009-09-14,— Bağlama Kütüğü Uygulama Yönetmeliği,https://www.resmigazete.gov.tr/eskiler/2009/09/20090914-4.htm
2009-09-14,— 2009 Yılı Ağustos Ayına Ait Dahilde İşleme İzin Belgelerinin (D1) Listesi,https://www.resmigazete.gov.tr/eskiler/2009/09/20090914-5.xls
2009-09-14,— 2009 Yılı Ağustos Ayına Ait Yurt İçi Satış ve Teslim Belgelerinin (D3) Listesi,https://www.resmigazete.gov.tr/eskiler/2009/09/20090914-6.xls
2009-09-14,— 2009 Yılı Ağustos Ayına Ait Hariçte İşleme İzin Belgelerinin (H) Listesi,https://www.resmigazete.gov.tr/eskiler/2009/09/20090914-7.xls
2009-09-14,"— 2009 Yılı Ağustos Ayına Ait Vergi, Resim ve Harç İstisnası Belgelerinin (Y) Listesi",https://www.resmigazete.gov.tr/eskiler/2009/09/20090914-8.xls
2009-09-14,— Firma Talebine İstinaden İptal Edilen Dahilde İşleme İzin Belgeleri Listesi,https://www.resmigazete.gov.tr/eskiler/2009/09/20090914-9.xls
2009-09-14,— Re’sen Kapatılan Dahilde İşleme İzin Belgeleri Listesi,https://www.resmigazete.gov.tr/eskiler/2009/09/20090914-10.xls
2009-09-15,2009/15408 Şans Oyunları Tertip Eden Kurum ve Kuruluşların Yatırım ve İşletme Giderlerine İlişkin Azami Oranların Tespitine Dair Kararda Değişiklik Yapılmasına İlişkin Karar,https://www.resmigazete.gov.tr/eskiler/2009/09/20090915-1.htm
2009-09-15,"— Sağlık Bakanlığına, Çalışma ve Sosyal Güvenlik Bakanı Ömer DİNÇER’in Vekâlet Etmesine Dair Karar",https://www.resmigazete.gov.tr/eskiler/2009/09/20090915-2.htm
2009-09-15,2009/15407 Dışişleri Bakanlığının Bazı Mensuplarının Çeşitli Görevlere Atanmalarına Dair Karar,https://www.resmigazete.gov.tr/eskiler/2009/09/20090915-3.htm
2009-09-15,2009/15409 Dışişleri Bakanlığının Bazı Mensuplarının Çeşitli Görevlere Atanmalarına Dair Karar,https://www.resmigazete.gov.tr/eskiler/2009/09/20090915-4.htm
2009-09-15,— Devlet Bakanlığı ile Dışişleri Bakanlığına Ait Atama Kararları,https://www.resmigazete.gov.tr/eskiler/2009/09/20090915-5.htm
2009-09-15,— Zonguldak Karaelmas Üniversitesi Kütüphane Hizmetleri Yönetmeliğinin Yürürlükten Kaldırılmasına Dair Yönetmelik,https://www.resmigazete.gov.tr/eskiler/2009/09/20090915-6.htm
2009-09-15,— Danıştay Onuncu Dairesine Ait Kararlar,https://www.resmigazete.gov.tr/eskiler/2009/09/20090915-7.htm
2009-09-15,Tıklayınız 15/9/2009 tarihli ve 27350 sayılı mükerrer Resmî Gazete'de; Yüksek Seçim Kurulu'nun 2642 sayılı Kararı yayımlanmıştır.,http://www.resmigazete.gov.tr/eskiler/2009/09/20090915M1.htm
2009-09-16,2009/15410 4736 Sayılı Kanunun 1 inci Maddesinin Birinci Fıkrası Hükmünden Muaf Tutulacakların Tespitine Dair 28/1/2002 Tarihli ve 2002/3654 Sayılı Kararnamenin Eki Kararda Değişiklik Yapılmasına İlişkin Karar,https://www.resmigazete.gov.tr/eskiler/2009/09/20090916-1.htm
2009-09-16,2009/15411 6772 Sayılı Kanun Kapsamına Giren Kurumlarda Çalışan İşçilere 2009 Yılında Yapılacak İlave Tediyelerinin Sürelerinin Düzenlenmesi Hakkında Karar,https://www.resmigazete.gov.tr/eskiler/2009/09/20090916-2.htm
2009-09-16,— Mill î Eğitim Bakanlığına Ait Atama Kararları,https://www.resmigazete.gov.tr/eskiler/2009/09/20090916-3.htm
2009-09-16,— Ruhsatlandırılmış veya Ruhsatlandırma Başvurusu Yapılmış Beşeri Tıbbi Ürünlerdeki Değişikliklere Dair Yönetmelikte Değişiklik Yapılmasına Dair Yönetmelik,https://www.resmigazete.gov.tr/eskiler/2009/09/20090916-4.htm
2009-09-16,— Ardahan Üniversitesi Kafkasya ve Orta Asya Araştırmaları Uygulama ve Araştırma Merkezi Yönetmeliği,https://www.resmigazete.gov.tr/eskiler/2009/09/20090916-5.htm
2009-09-16,— İzmir Üniversitesi Önlisans ve Lisans Eğitim-Öğretim ve Sınav Yönetmeliği,https://www.resmigazete.gov.tr/eskiler/2009/09/20090916-6.htm
2009-09-16,— Karamanoğlu Mehmetbey Üniversitesi Lisansüstü Eğitim-Öğretim ve Sınav Yönetmeliği,https://www.resmigazete.gov.tr/eskiler/2009/09/20090916-7.htm
2009-09-16,— Ordu Üniversitesi Önlisans ve Lisans Eğitim-Öğretim ve Sınav Yönetmeliğinde Değişiklik Yapılmasına Dair Yönetmelik,https://www.resmigazete.gov.tr/eskiler/2009/09/20090916-8.htm
2009-09-16,— Selçuk Üniversitesi Selçuklu Tıp Fakültesi Sağlık Uygulama ve Araştırma Merkezi Yönetmeliği,https://www.resmigazete.gov.tr/eskiler/2009/09/20090916-9.htm
2009-09-16,"Tıklayınız 16/9/2009 tarihli ve 27351 sayılı mükerrer Resmî Gazete'de; 2009/15430 Orta Vadeli Program (2010-2012)""ın Kabul Edilmesi Hakkında Bakanlar Kurulu Kararı yayımlanmıştır.",http://www.resmigazete.gov.tr/eskiler/2009/09/20090916M1.htm
2009-09-17,"2009/15429 Engin Fikirler Eğitim ve Kültür Vakfı Tarafından, İstanbul İlinde Nişantaşı Meslek Yüksekokulu Kurulması Hakkında Karar",https://www.resmigazete.gov.tr/eskiler/2009/09/bak-1.htm
2009-09-17,"— Devlet Bakanı ve Başbakan Yardımcısı Cemil ÇİÇEK’e, Devlet Bakanı Mehmet AYDIN’ın Vekâlet Etmesine Dair Tezkere",https://www.resmigazete.gov.tr/eskiler/2009/09/20090917-1.htm
2009-09-17,"— Devlet Bakanı ve Başbakan Yardımcısı Ali BABACAN’a, Adalet Bakanı Sadullah ERGİN’in Vekâlet Etmesine Dair Tezkere",https://www.resmigazete.gov.tr/eskiler/2009/09/20090917-2.htm
2009-09-17,"— Devlet Bakanı Egemen BAĞIŞ’a, Devlet Bakanı Hayati YAZICI’nın Vekâlet Etmesine Dair Tezkere",https://www.resmigazete.gov.tr/eskiler/2009/09/20090917-3.htm
2009-09-17,"2009/15432 İstifa Nedeniyle Boşalan Türkiye Radyo-Televizyon Kurumu Yönetim Kurulu Üyeliğine, Recep ŞAHİN’in Atanması Hakkında Karar",https://www.resmigazete.gov.tr/eskiler/2009/09/bak-2.htm
2009-09-17,— Devlet Bakanlıkları ile Sanayi ve Ticaret Bakanlığına Ait Atama Kararları,https://www.resmigazete.gov.tr/eskiler/2009/09/20090917-4.htm
2009-09-17,— Okul Servis Araçları Hizmet Yönetmeliğinde Değişiklik Yapılmasına Dair Yönetmelik,https://www.resmigazete.gov.tr/eskiler/2009/09/20090917-5.htm
2009-09-17,— Türkiye Radyo-Televizyon Kurumunda Sözleşmeli Statüde İstihdam Edilen Personel Yönetmeliğinde Değişiklik Yapılmasına Dair Yönetmelik,https://www.resmigazete.gov.tr/eskiler/2009/09/20090917-6.htm
2009-09-17,— Dicle Üniversitesi Veteriner Fakültesi Ön Lisans ve Lisans Eğitim-Öğretim ve Sınav Yönetmeliğinde Değişiklik Yapılmasına Dair Yönetmelik,https://www.resmigazete.gov.tr/eskiler/2009/09/20090917-7.htm
2009-09-17,— Kredi Kartı İşlemlerinde Uygulanacak Azami Faiz Oranları Hakkında Tebliğde Değişiklik Yapılmasına Dair Tebliğ (Sayı: 2009/6),https://www.resmigazete.gov.tr/eskiler/2009/09/20090917-8.htm
2009-09-17,— Yurtiçi Sertifikalı Tohum Kullanımı Desteklemesi Hakkında Tebliğ (No: 2009/52),https://www.resmigazete.gov.tr/eskiler/2009/09/20090917-9.htm
2009-09-17,— 2009 Yılı Ağustos Ayına Ait Yatırım Teşvik Belgeleri Listesi,https://www.resmigazete.gov.tr/eskiler/2009/09/20090917-10.xls
2009-09-17,— 2009 Yılı Ağustos Ayına Ait Yatırım Teşvik Belgeleri Listesi,https://www.resmigazete.gov.tr/eskiler/2009/09/20090917-11.pdf
2009-09-17,— 2009 Yılı Ağustos Ayında Yabancı Sermayeli Firmaların Yatırımları İçin Verilen Yatırım Teşvik Belgeleri Listesi,https://www.resmigazete.gov.tr/eskiler/2009/09/20090917-12.xls
2009-09-17,— İthalatta Gözetim Uygulanmasına İlişkin Tebliğ (No: 2009/10),https://www.resmigazete.gov.tr/eskiler/2009/09/20090917-13.htm
2009-09-17,— Bazı Tekstil ve Konfeksiyon Ürünlerinin Denetimine İlişkin Tebliğ (İthalat: 2009/22),https://www.resmigazete.gov.tr/eskiler/2009/09/20090917-14.htm
2009-09-17,— İthalatta Haksız Rekabetin Önlenmesine İlişkin Tebliğ (No: 2009/31),https://www.resmigazete.gov.tr/eskiler/2009/09/20090917-15.htm
2009-09-17,— İthalatta Haksız Rekabetin Önlenmesine İlişkin Tebliğ (No: 2009/32),https://www.resmigazete.gov.tr/eskiler/2009/09/20090917-16.htm
2009-09-17,— İthalatta Haksız Rekabetin Önlenmesine İlişkin Tebliğ (No: 2009/34),https://www.resmigazete.gov.tr/eskiler/2009/09/20090917-17.htm
2009-09-18,2009/15427 İthalat Rejimi Kararına Ek Karar,https://www.resmigazete.gov.tr/eskiler/2009/09/20090918-1.htm
2009-09-18,2009/15431 KOSGEB Tarafından Verilecek Hizmetler ve Desteklerden Yararlanacak Küçük ve Orta Büyüklükteki İşletmelere İlişkin Sektörel ve Bölgesel Önceliklerin Belirlenmesi Hakkında Karar,https://www.resmigazete.gov.tr/eskiler/2009/09/20090918-2.htm
2009-09-18,2009/15433 Bazı Düzey 2 Bölgelerinde Kalkınma Ajansları Kurulmasına Dair Bakanlar Kurulu Kararlarında Değişiklik Yapılması Hakkında Karar,https://www.resmigazete.gov.tr/eskiler/2009/09/20090918-3.htm
2009-09-18,2009/15434 Beşeri İlaçların Fiyatlandırılmasına Dair Kararda Değişiklik Yapılması Hakkında Karar,https://www.resmigazete.gov.tr/eskiler/2009/09/20090918-4.htm
2009-09-18,"— Devlet Bakanı Faruk Nafiz ÖZAK’a, Sağlık Bakanı Recep AKDAĞ’ın Vekâlet Etmesine Dair Tezkere",https://www.resmigazete.gov.tr/eskiler/2009/09/20090918-5.htm
2009-09-18,"— Devlet Bakanı Mehmet Zafer ÇAĞLAYAN’a, Sanayi ve Ticaret Bakanı Nihat ERGÜN’ün Vekâlet Etmesine Dair Tezkere",https://www.resmigazete.gov.tr/eskiler/2009/09/20090918-6.htm
2009-09-18,"— Millî Savunma Bakanlığına, Kültür ve Turizm Bakanı Ertuğrul GÜNAY’ın Vekâlet Etmesine Dair Tezkere",https://www.resmigazete.gov.tr/eskiler/2009/09/20090918-7.htm
2009-09-18,2009/15435 Bankacılık Düzenleme ve Denetleme Kurulu Üyeliklerine Yapılan Atamalar Hakkında Karar,https://www.resmigazete.gov.tr/eskiler/2009/09/20090918-8.htm
2009-09-18,— Dışişleri Bakanlığına Ait Atama Kararı,https://www.resmigazete.gov.tr/eskiler/2009/09/20090918-9.htm
2009-09-18,— Muş Alparslan Üniversitesi Ön Lisans Eğitim-Öğretim ve Sınav Yönetmeliği,https://www.resmigazete.gov.tr/eskiler/2009/09/20090918-10.htm
2009-09-18,— Muş Alparslan Üniversitesi Lisans Eğitim-Öğretim ve Sınav Yönetmeliği,https://www.resmigazete.gov.tr/eskiler/2009/09/20090918-11.htm
2009-09-18,— Ordu Üniversitesi Yabancı Diller Uygulama ve Araştırma Merkezi Yönetmeliği,https://www.resmigazete.gov.tr/eskiler/2009/09/20090918-12.htm
2009-09-18,— 2010-2012 Dönemi Yatırım Programı Hazırlıkları İle İlgili 2009/1 Sayılı Devlet Planlama Teşkilatı Müsteşarlığı Genelgesi,https://www.resmigazete.gov.tr/eskiler/2009/09/20090918-13.htm
2009-09-18,— Tedavi Katılım Payının Uygulanması Hakkında Tebliğ (Sıra No: 12),https://www.resmigazete.gov.tr/eskiler/2009/09/20090918-14.htm
2009-09-18,— 2010-2012 Dönemi Bütçe Çağrısı ve Eki Bütçe Hazırlama Rehberi,https://www.resmigazete.gov.tr/eskiler/2009/09/20090918-15.htm
2009-09-18,— Dahilde İşleme Rejimi Tebliğinde Değişiklik Yapılmasına Dair Tebliğ (İhracaat: 2009/10),https://www.resmigazete.gov.tr/eskiler/2009/09/20090918-16.htm
2009-09-18,— İhracı Yasak ve Ön İzne Bağlı Mallara İlişkin Tebliğde (İhracat: 96/31) Değişiklik Yapılmasına Dair Tebliğ (İhracaat: 2009/11),https://www.resmigazete.gov.tr/eskiler/2009/09/20090918-17.htm
2009-09-18,— Dış Ticaret Sermaye Şirketi Statüsüne İlişkin Tebliğ (İhracaat: 2004/12)’de Değişiklik Yapılmasına Dair Tebliğ (İhracat: 2009/12),https://www.resmigazete.gov.tr/eskiler/2009/09/20090918-18.htm
2009-09-18,— 60 Seri No.lu Gümrük Genel Tebliği (Gümrük İşlemleri) ve 1 Seri No.lu Gümrük Genel Tebliğinde (Yetkilendirilmiş Gümrük Müşavirleri) Değişiklik Yapılmasına Dair Tebliğ,https://www.resmigazete.gov.tr/eskiler/2009/09/20090918-19.htm
2009-09-18,— 2008 Yılı Sosyal Güvenlik Kurumu Sağlık Uygulama Tebliğinde Değişiklik Yapılmasına Dair Tebliğ,https://www.resmigazete.gov.tr/eskiler/2009/09/20090918-20.htm
2009-09-18,— Orta Vadeli Mali Plan (2010-2012)’in Kabulüne Dair 17/9/2009 Tarihli ve 2009/29 Sayılı Yüksek Planlama Kurulu Kararı,https://www.resmigazete.gov.tr/eskiler/2009/09/20090918-21.htm
2009-09-19,2009/15415 Türkiye Cumhuriyeti Kültür ve Turizm Bakanlığı ile Sırbistan Cumhuriyeti Kültür Bakanlığı Arasında Kültürel İşbirliği Protokolü’nün Onaylanması Hakkında Karar,https://www.resmigazete.gov.tr/eskiler/2009/09/20090919-1.htm
2009-09-19,2009/15425 Türkiye Cumhuriyeti’nin Avrupa Topluluğu’nun Rekabet Edebilirlik ve Yenilik Çerçeve Programı’nın (2007-2013) Bilgi ve İletişim Teknolojileri Politika Destek Programına Katılımı Konusunda Türkiye Cumhuriyeti ile Avrupa Topluluğu Arasında Mutabakat Zaptı’nın Onaylanması Hakkında Karar,https://www.resmigazete.gov.tr/eskiler/2009/09/20090919-2.htm
2009-09-19,— Cumhurbaşkanlığına Türkiye Büyük Millet Meclisi Başkanı Mehmet Ali ŞAHİN’in Vekâlet Etmesine Dair Tezkere,https://www.resmigazete.gov.tr/eskiler/2009/09/20090919-3.htm
2009-09-19,"— Başbakanlığa, Devlet Bakanı ve Başbakan Yardımcısı Cemil ÇİÇEK’in Vekâlet Etmesine Dair Tezkere",https://www.resmigazete.gov.tr/eskiler/2009/09/20090919-4.htm
2009-09-19,"— Devlet Bakanı ve Başbakan Yardımcısı Bülent ARINÇ’a, Devlet Bakanı Faruk ÇELİK’in Vekâlet Etmesine Dair Tezkere",https://www.resmigazete.gov.tr/eskiler/2009/09/20090919-5.htm
2009-09-19,"— Devlet Bakanı ve Başbakan Yardımcısı Ali BABACAN’a, Devlet Bakanı Cevdet YILMAZ’ın Vekâlet Etmesine Dair Tezkere",https://www.resmigazete.gov.tr/eskiler/2009/09/20090919-6.htm
2009-09-19,"— Devlet Bakanı Egemen BAĞIŞ’a, Devlet Bakanı Selma Aliye KAVAF’ın Vekâlet Etmesine Dair Tezkere",https://www.resmigazete.gov.tr/eskiler/2009/09/20090919-7.htm
2009-09-19,"— Dışişleri Bakanlığına, Enerji ve Tabii Kaynaklar Bakanı Taner YILDIZ’ın Vekâlet Etmesine Dair Tezkere",https://www.resmigazete.gov.tr/eskiler/2009/09/20090919-8.htm
2009-09-19,"— Maliye Bakanlığına, Bayındırlık ve İskan Bakanı Mustafa DEMİR’in Vekâlet Etmesine Dair Tezkere",https://www.resmigazete.gov.tr/eskiler/2009/09/20090919-9.htm
2009-09-19,2009/15428 Devlet Memurlarının Şikayet ve Müracaatları Hakkında Yönetmelikte Değişiklik Yapılmasına Dair Yönetmelik,https://www.resmigazete.gov.tr/eskiler/2009/09/20090919-10.htm
2009-09-19,"— Millî Eğitim Bakanlığına Bağlı Fen Liseleri, Sosyal Bilimler Liseleri, Güzel Sanatlar ve Spor Liseleri ile Her Türdeki Anadolu Liseleri Öğretmenlerinin Seçimi ve Atamalarına Dair Yönetmelik",https://www.resmigazete.gov.tr/eskiler/2009/09/20090919-11.htm
2009-09-19,— Gezi Tekneleri Yönetmeliğinde Değişiklik Yapılmasına Dair Yönetmelik,https://www.resmigazete.gov.tr/eskiler/2009/09/20090919-13.htm
2009-09-19,— Kamu Kurum ve Kuruluşlarına Eski Hükümlü İşçi Alınmasında Uygulanacak Usul ve Esaslar Hakkında Yönetmelik,https://www.resmigazete.gov.tr/eskiler/2009/09/20090919-12.htm
2009-09-19,— Küçük ve Orta Ölçekli Sanayi Geliştirme ve Destekleme İdaresi Başkanlığı (KOSGEB) Kobi Kredi Faiz Desteği Yönetmeliği,https://www.resmigazete.gov.tr/eskiler/2009/09/20090919-14.htm
2009-09-19,— Küçük ve Orta Ölçekli Sanayi Geliştirme ve Destekleme İdaresi Başkanlığı (KOSGEB) Destekleri Yönetmeliğinde Değişiklik Yapılmasına Dair Yönetmelik,https://www.resmigazete.gov.tr/eskiler/2009/09/20090919-15.htm
2009-09-19,— Öğretim Üyesi Dışındaki Öğretim Elemanı Kadrolarına Naklen veya Açıktan Yapılacak Atamalarda Uygulanacak Merkezi Sınav ile Giriş Sınavlarına İlişkin Usul ve Esaslar Hakkında Yönetmelikte Değişiklik Yapılmasına Dair Yönetmelik,https://www.resmigazete.gov.tr/eskiler/2009/09/20090919-16.htm
2009-09-19,— Meslek Yüksekokulları ve Açıköğretim Ön Lisans Programları Mezunlarının Lisans Öğrenimlerine Devamları Hakkında Yönetmelikte Değişiklik Yapılmasına Dair Yönetmelik,https://www.resmigazete.gov.tr/eskiler/2009/09/20090919-17.htm
2009-09-19,— Bingöl Üniversitesi Ön Lisans ve Lisans Eğitim-Öğretim ve Sınav Yönetmeliği,https://www.resmigazete.gov.tr/eskiler/2009/09/20090919-18.htm
2009-09-19,— Yalova Üniversitesi Yabancı Dil ve Hazırlık Eğitim-Öğretim ve Sınav Yönetmeliği,https://www.resmigazete.gov.tr/eskiler/2009/09/20090919-19.htm
2009-09-19,— Genel Yönetim Mali İstatistikleri Genel Tebliği (Genel Yönetim Sektörü Kapsamına İlk Defa Alınan Kamu İdarelerinin Mali Verileri) (Sıra No: 4),https://www.resmigazete.gov.tr/eskiler/2009/09/20090919-20.htm
2009-09-19,— Ulusal Meslek Standartlarına Dair Tebliğ,https://www.resmigazete.gov.tr/eskiler/2009/09/20090919-21.htm
2009-09-19,DÜZELTME (İhracat 2009/11 sayılı “İhracı Yasak ve Ön İzne Bağlı Mallara İlişkin Tebliğde (İhracat 96/31) Değişiklik Yapılmasına Dair Tebliğ” ile ilgili),https://www.resmigazete.gov.tr/eskiler/2009/09/20090919-22.htm
2009-09-23,"— Devlet Bakanı Mehmet Zafer ÇAĞLAYAN’a, Devlet Bakanı Mehmet AYDIN’ın Vekâlet Etmesine Dair Tezkere",https://www.resmigazete.gov.tr/eskiler/2009/09/20090923-1.htm
2009-09-23,— Aksaray Üniversitesi Lisansüstü Eğitim-Öğretim ve Sınav Yönetmeliği,https://www.resmigazete.gov.tr/eskiler/2009/09/20090923-2.htm
2009-09-23,— Düzce Üniversitesi Ön Lisans Eğitim-Öğretim ve Sınav Yönetmeliğinde Değişiklik Yapılmasına Dair Yönetmelik,https://www.resmigazete.gov.tr/eskiler/2009/09/20090923-3.htm
2009-09-23,— Düzce Üniversitesi Lisans Eğitim-Öğretim ve Sınav Yönetmeliğinde Değişiklik Yapılmasına Dair Yönetmelik,https://www.resmigazete.gov.tr/eskiler/2009/09/20090923-4.htm
2009-09-23,— Fatih Üniversitesi Tıp Fakültesi Eğitim-Öğretim ve Sınav Yönetmeliğinde Değişiklik Yapılmasına Dair Yönetmelik,https://www.resmigazete.gov.tr/eskiler/2009/09/20090923-5.htm
2009-09-23,— Fırat Üniversitesi Biyoteknoloji Uygulama ve Araştırma Merkezi Yönetmeliği,https://www.resmigazete.gov.tr/eskiler/2009/09/20090923-6.htm
2009-09-23,— İnönü Üniversitesi Tıp Fakültesi Öğretim ve Sınav Yönetmeliğinde Değişiklik Yapılmasına Dair Yönetmelik,https://www.resmigazete.gov.tr/eskiler/2009/09/20090923-7.htm
2009-09-23,— Sakarya Üniversitesi Yaz Öğretimi Yönetmeliğinde Değişiklik Yapılmasına Dair Yönetmelik,https://www.resmigazete.gov.tr/eskiler/2009/09/20090923-8.htm
2009-09-24,— Bankacılık Düzenleme ve Denetleme Kurulunun 16/9/2009 Tarihli ve 3350 Sayılı Kararı,https://www.resmigazete.gov.tr/eskiler/2009/09/20090924-1.htm
2009-09-25,— Avrupa Birliği Genel Sekreterliği Avrupa Birliği İşleri Uzman Yardımcılığı Giriş ve Uzman Yeterlik Sınavı Yönetmeliği,https://www.resmigazete.gov.tr/eskiler/2009/09/20090925-1.htm
2009-09-26,— Özel Güvenlik Hizmetlerine Dair Kanunun Uygulanmasına İlişkin Yönetmelikte Değişiklik Yapılmasına Dair Yönetmelik,https://www.resmigazete.gov.tr/eskiler/2009/09/20090926-1.htm
2009-09-26,— Geleneksel Güreş Dalları Müsabaka Yönetmeliğinin Yürürlükten Kaldırılmasına Dair Yönetmelik,https://www.resmigazete.gov.tr/eskiler/2009/09/20090926-2.htm
2009-09-26,— İstifası Kabul Edilen Federasyon Kurullarının Yönetmeliklerde Belirtilen Yetkilerinin Kullanılmasına İlişkin Yönetmeliğin Yürürlükten Kaldırılmasına Dair Yönetmelik,https://www.resmigazete.gov.tr/eskiler/2009/09/20090926-3.htm
2009-09-26,— Yağlı Güreş Hakem Yönetmeliğinin Yürürlükten Kaldırılmasına Dair Yönetmelik,https://www.resmigazete.gov.tr/eskiler/2009/09/20090926-4.htm
2009-09-26,— 2/1 Numaralı Ticari Amaçlı Su Ürünleri Avcılığını Düzenleyen Tebliğde Değişiklik Yapılmasına Dair Tebliğ (No: 2009/51),https://www.resmigazete.gov.tr/eskiler/2009/09/20090926-5.htm
2009-09-27,"— Millî Savunma Bakanlığına, İçişleri Bakanı Beşir ATALAY’ın Vekalet Etmesine Dair Tezkere",https://www.resmigazete.gov.tr/eskiler/2009/09/20090927-1.htm
2009-09-27,— Beykoz Lojistik Meslek Yüksekokulu Ana Yönetmeliği,https://www.resmigazete.gov.tr/eskiler/2009/09/20090927-2.htm
2009-09-27,— Tarımsal Yayım ve Danışmanlık Hizmetlerine Destekleme Ödemesi Yapılmasına Dair Tebliğde Değişiklik Yapılmasına İlişkin Tebliğ (No: 53),https://www.resmigazete.gov.tr/eskiler/2009/09/20090927-3.htm
2009-09-28,"— Maliye Bakanlığına, Bayındırlık ve İskan Bakanı Mustafa DEMİR’in Vekalet Etmesine Dair Tezkere",https://www.resmigazete.gov.tr/eskiler/2009/09/20090928-1.htm
2009-09-28,— Beykoz Lojistik Meslek Yüksekokulu Satın Alma ve İhale Yönetmeliği,https://www.resmigazete.gov.tr/eskiler/2009/09/20090928-2.htm
2009-09-28,— Aylık Prim ve Hizmet Belgesinin Sosyal Güvenlik Kurumuna Verilmesine ve Primlerin Ödenme Sürelerine Dair Usul ve Esaslar Hakkında Tebliğde Değişiklik Yapılmasına Dair Tebliğ,https://www.resmigazete.gov.tr/eskiler/2009/09/20090928-3.htm
2009-09-29,"— Devlet, Milli Eğitim ile Bayındırlık ve İskan Bakanlıklarına Ait Atama Kararları",https://www.resmigazete.gov.tr/eskiler/2009/09/20090929-1.htm
2009-09-29,— Atatürk Üniversitesi Tıp Fakültesi Eğitim-Öğretim ve Sınav Yönetmeliğinde Değişiklik Yapılmasına Dair Yönetmelik,https://www.resmigazete.gov.tr/eskiler/2009/09/20090929-2.htm
2009-09-29,— Hacettepe Üniversitesi Tıp Fakültesi Eğitim-Öğretim ve Sınav Yönetmeliği,https://www.resmigazete.gov.tr/eskiler/2009/09/20090929-3.htm
2009-09-29,— İnönü Üniversitesi Uzaktan Eğitim Uygulama ve Araştırma Merkezi Yönetmeliği,https://www.resmigazete.gov.tr/eskiler/2009/09/20090929-4.htm
2009-09-29,— Tedavi Yardımına İlişkin Uygulama Tebliği (Sıra No: 13),https://www.resmigazete.gov.tr/eskiler/2009/09/20090929-5.htm
2009-09-30,2009/15456 5811 Sayılı Bazı Varlıkların Milli Ekonomiye Kazandırılması Hakkında Kanunun 3 üncü Maddesinin Birinci ve İkinci Fıkralarında Belirtilen Bildirim ve Beyan Sürelerinin Uzatılması Hakkında Karar,https://www.resmigazete.gov.tr/eskiler/2009/09/20090930-1.htm
2009-09-30,"— Dışişleri Bakanlığına, Devlet Bakanı Egemen BAĞIŞ’ın Vekâlet Etmesine Dair Tezkere",https://www.resmigazete.gov.tr/eskiler/2009/09/20090930-2.htm
2009-09-30,"— Enerji ve Tabii Kaynaklar Bakanlığına, Sağlık Bakanı Recep AKDAĞ’ın Vekâlet Etmesine Dair Tezkere",https://www.resmigazete.gov.tr/eskiler/2009/09/20090930-3.htm
2009-09-30,— Beşeri Tıbbi Ürünler Ambalaj ve Etiketleme Yönetmeliğinde Değişiklik Yapılmasına Dair Yönetmelik,https://www.resmigazete.gov.tr/eskiler/2009/09/20090930-4.htm
2009-09-30,— Tapu ve Kadastro Genel Müdürlüğü Personeli Görevde Yükselme ve Unvan Değişikliği Yönetmeliğinde Değişiklik Yapılmasına Dair Yönetmelik,https://www.resmigazete.gov.tr/eskiler/2009/09/20090930-5.htm
2009-09-30,— Elektrik Piyasası Lisans Yönetmeliğinde Değişiklik Yapılmasına Dair Yönetmelik,https://www.resmigazete.gov.tr/eskiler/2009/09/20090930-6.htm
2009-09-30,— Orta Doğu Teknik Üniversitesi Güneş Enerjisi Uygulama ve Araştırma Merkezi Yönetmeliği,https://www.resmigazete.gov.tr/eskiler/2009/09/20090930-7.htm
2009-09-30,— Selçuk Üniversitesi Selçuklu Tıp Fakültesi Sağlık Uygulama ve Araştırma Merkezi Yönetmeliğinde Değişiklik Yapılmasına Dair Yönetmelik,https://www.resmigazete.gov.tr/eskiler/2009/09/20090930-8.htm
2009-09-30,— Kısa Vadeli Sigorta Kolları Uygulama Tebliğinde Değişiklik Yapılmasına Dair Tebliğ,https://www.resmigazete.gov.tr/eskiler/2009/09/20090930-9.htm
2009-10-01,— Elektrik Piyasası Dengeleme ve Uzlaştırma Yönetmeliğinde Değişiklik Yapılmasına Dair Yönetmelik,https://www.resmigazete.gov.tr/eskiler/2009/10/20091001-1.htm
2009-10-01,— Dumlupınar Üniversitesi Tıp Fakültesi Eğitim-Öğretim ve Sınav Yönetmeliği,https://www.resmigazete.gov.tr/eskiler/2009/10/20091001-2.htm
2009-10-01,— Gümüşhane Üniversitesi Lisansüstü Eğitim-Öğretim ve Sınav Yönetmeliği,https://www.resmigazete.gov.tr/eskiler/2009/10/20091001-3.htm
2009-10-01,— Kadir Has Üniversitesi Lisansüstü Eğitim ve Öğretim Yönetmeliği,https://www.resmigazete.gov.tr/eskiler/2009/10/20091001-4.htm
2009-10-01,— Muğla Üniversitesi Döner Sermaye İşletmesi Yönetmeliğinde Değişiklik Yapılmasına Dair Yönetmelik,https://www.resmigazete.gov.tr/eskiler/2009/10/20091001-5.htm
2009-10-02,"— Cumhurbaşkanlığına, Türkiye Büyük Millet Meclisi Başkanı Mehmet Ali ŞAHİN’in Vekâlet Etmesine Dair Tezkere",https://www.resmigazete.gov.tr/eskiler/2009/10/20091002-1.htm
2009-10-02,"— Dışişleri Bakanlığına, Devlet Bakanı Mehmet AYDIN’ın Vekâlet Etmesine Dair Tezkere",https://www.resmigazete.gov.tr/eskiler/2009/10/20091002-2.htm
2009-10-02,"— Sanayi ve Ticaret Bakanlığına, Çalışma ve Sosyal Güvenlik Bakanı Ömer DİNÇER’in Vekâlet Etmesine Dair Tezkere",https://www.resmigazete.gov.tr/eskiler/2009/10/20091002-3.htm
2009-10-02,— Millî Savunma Bakanlığına Ait Atama Kararları,https://www.resmigazete.gov.tr/eskiler/2009/10/20091002-4.htm
2009-10-02,— Sınır Tespitine Dair Karar,https://www.resmigazete.gov.tr/eskiler/2009/10/20091002-5.htm
2009-10-02,— Dışişleri Bakanlığı Sınav Yönetmeliği,https://www.resmigazete.gov.tr/eskiler/2009/10/20091002-6.htm
2009-10-02,— Özel Teknelerin Donatımı ve Kullanacak Kişilerin Yeterlikleri Hakkında Yönetmelikte Değişiklik Yapılmasına Dair Yönetmelik,https://www.resmigazete.gov.tr/eskiler/2009/10/20091002-7.htm
2009-10-02,— Bartın Üniversitesi Önlisans ve Lisans Eğitim-Öğretim ve Sınav Yönetmeliği,https://www.resmigazete.gov.tr/eskiler/2009/10/20091002-8.htm
2009-10-02,— İstanbul Uluslararası Finans Merkezi Stratejisi ve Eylem Planı ile İlgili 29/9/2009 Tarihli ve 2009/31 sayılı Yüksek Planlama Kurulu Kararı,https://www.resmigazete.gov.tr/eskiler/2009/10/20091002-9.htm
2009-10-02,— Danıştay İkinci Dairesine Ait Karar,https://www.resmigazete.gov.tr/eskiler/2009/10/20091002-10.htm
2009-10-03,"2009/15419 “Türkiye Cumhuriyeti Hükümeti ile İslam Konferansı Teşkilatı Arasında Hibe Anlaşması” ve “Türkiye Cumhuriyeti Hükümeti Tarafından İslam Konferansı Teşkilatı, İslam Ülkeleri İstatistiksel, Ekonomik ve Sosyal Araştırma ve Eğitim Merkezi’ne Hizmet Binası Yapımı İçin Verilen Hibenin Kullandırılmasına İlişkin Usul ve Esaslara Dair Protokol”ün Onaylanması Hakkında Karar",https://www.resmigazete.gov.tr/eskiler/2009/10/20091003-1.htm
2009-10-03,"2009/15437 Türkiye Cumhuriyeti, Maliye Bakanlığı, Mali Suçları Araştırma Kurulu Başkanlığı (MASAK) ile Hırvatistan Cumhuriyeti, Maliye Bakanlığı, Karapara Aklama ile Mücadele Bürosu (AMLO) Arasında Karapara Aklama ve Terörizmin Finansmanı ile İlgili Finansal İstihbarat Değişiminde İşbirliğine Dair Mutabakat Muhtırası’nın Onaylanması Hakkında Karar",https://www.resmigazete.gov.tr/eskiler/2009/10/20091003-2.htm
2009-10-03,"2009/15412 1 Mayıs 2003 Tarihinde Bingöl İlinde Meydana Gelen Deprem Nedeniyle Konutları Yıkılan veya Ağır Hasar Gören Hak Sahiplerine Verilmek Üzere Bingöl İli, Merkez İlçesi, Sarıçiçek Köyü, Pancar Yeri (Kantar) Mevkiinde İnşa Edilen Ancak Çeşitli Nedenlerle Boş Kalan ve Ekli Listede Parsel, Ada ve Konut Numaraları Gösterilen 69 Adet Konutun Bingöl Valiliğine Bedelsiz Olarak Devredilmesi Hakkında Karar",https://www.resmigazete.gov.tr/eskiler/2009/10/20091003-3.htm
2009-10-03,2009/15413 Doğu Anadolu Serbest Bölgesinin Yer ve Sınırları ile İşletme İznine İlişkin Hükümlerin Yürürlükten Kaldırılmasına Dair Karar,https://www.resmigazete.gov.tr/eskiler/2009/10/20091003-4.htm
2009-10-03,2009/15414 Eskişehir Osmangazi Üniversitesi Rektörlüğüne Bağlı Olarak Sanat ve Tasarım Fakültesi Kurulması Hakkında Karar,https://www.resmigazete.gov.tr/eskiler/2009/10/20091003-5.htm
2009-10-03,2009/15438 Gazi Üniversitesi Rektörlüğü Bünyesinde Bulunan Mühendislik-Mimarlık Fakültesinin Kapatılarak Adı Geçen Rektörlüğe Bağlı Olarak Mühendislik Fakültesi ve Mimarlık Fakültesi Kurulması Hakkında Karar,https://www.resmigazete.gov.tr/eskiler/2009/10/20091003-6.htm
2009-10-03,2009/15439 Bazı Alanların İstanbul Teknoloji Geliştirme Bölgesi Olarak Tespit Edilmesi Hakkında Karar,https://www.resmigazete.gov.tr/eskiler/2009/10/20091003-7.htm
2009-10-03,2009/15443 Bazı Anlaşmaların Yürürlük Tarihlerinin Tespit Edilmesi Hakkında Karar,https://www.resmigazete.gov.tr/eskiler/2009/10/20091003-8.htm
2009-10-03,— Hâkimler ve Savcılar Yüksek Kurulu Başkanlığına Ait Atama Kararları,https://www.resmigazete.gov.tr/eskiler/2009/10/20091003-9.htm
2009-10-03,— Atatürk Üniversitesi Uzaktan Eğitim Uygulama ve Araştırma Merkezi Yönetmeliği,https://www.resmigazete.gov.tr/eskiler/2009/10/20091003-10.htm
2009-10-03,— Siirt Üniversitesi Ön Lisans ve Lisans Eğitim-Öğretim Yönetmeliğinde Değişiklik Yapılmasına Dair Yönetmelik,https://www.resmigazete.gov.tr/eskiler/2009/10/20091003-11.htm
2009-10-03,— Anayasa Mahkemesinin E: 2005/79 K: 2009/38 Sayılı Kararı (5377 Sayılı Kanun ile İlgili),https://www.resmigazete.gov.tr/eskiler/2009/10/20091003-12.htm
2009-10-03,— Anayasa Mahkemesinin E: 2009/49 (Siyasî Parti Malî Denetimi) K: 2009/40 Sayılı Kararı,https://www.resmigazete.gov.tr/eskiler/2009/10/20091003-13.htm
2009-10-03,— Anayasa Mahkemesinin E: 2008/20 (Siyasî Parti Malî Denetimi) K: 2009/41 Sayılı Kararı,https://www.resmigazete.gov.tr/eskiler/2009/10/20091003-14.htm
2009-10-03,— Anayasa Mahkemesinin E: 2008/23 (Siyasî Parti Malî Denetimi) K: 2009/42 Sayılı Kararı,https://www.resmigazete.gov.tr/eskiler/2009/10/20091003-15.htm
2009-10-03,— Anayasa Mahkemesinin E: 2007/43 K: 2009/51 Sayılı Kararı (23/3/2005 Tarihli ve 5320 Sayılı Kanunda Değişiklik Yapan 6/12/2006 Tarihli ve 5560 Sayılı Kanun ile İlgili),https://www.resmigazete.gov.tr/eskiler/2009/10/20091003-16.htm
2009-10-03,— Anayasa Mahkemesinin E: 2008/106 K: 2009/54 Sayılı Kararı (4/12/2004 Tarihli ve 5271 Sayılı Kanunda Değişiklik Yapan 6/12/2006 Tarihli ve 5560 Sayılı Kanun ile İlgili),https://www.resmigazete.gov.tr/eskiler/2009/10/20091003-17.htm
2009-10-03,— Anayasa Mahkemesinin E: 2009/25 K: 2009/57 Sayılı Kararı (26/9/2004 Tarihli ve 5237 Sayılı Kanunda Değişiklik Yapan 30/4/2008 Tarihli ve 5759 Sayılı Kanun ile İlgili),https://www.resmigazete.gov.tr/eskiler/2009/10/20091003-18.htm
2009-10-04,2009/15455 Türkiye Cumhuriyeti ile Avrupa Kömür ve Çelik Topluluğu Arasında Avrupa Kömür ve Çelik Topluluğu’nu Kuran Antlaşmanın Yetki Alanına Giren Ürünlerin Ticareti ile İlgili 25 Temmuz 1996 Tarihli Anlaşma Çerçevesinde Kurulan Ortak Komite’nin Anlaşmanın 1 No’lu Protokolünü Değiştiren 1/2009 Sayılı Kararı’nın Onaylanması Hakkında Karar,https://www.resmigazete.gov.tr/eskiler/2009/10/20091004-1.htm
2009-10-04,"— Adalet Bakanlığına, Devlet Bakanı ve Başbakan Yardımcısı Cemil ÇİÇEK’in Vekâlet Etmesine Dair Tezkere",https://www.resmigazete.gov.tr/eskiler/2009/10/20091004-2.htm
2009-10-04,2009/15479 Bazı Valilerin Görev Yerlerinin Değiştirilmesi Hakkında Karar,https://www.resmigazete.gov.tr/eskiler/2009/10/20091004-3.htm
2009-10-04,— Yaşar Üniversitesi Lisans Eğitim-Öğretim ve Sınav Yönetmeliği,https://www.resmigazete.gov.tr/eskiler/2009/10/20091004-4.htm
2009-10-04,— Yaşar Üniversitesi Meslek Yüksekokulu Ön Lisans Eğitim-Öğretim ve Sınav Yönetmeliği,https://www.resmigazete.gov.tr/eskiler/2009/10/20091004-5.htm
2009-10-05,2009/15444 Türkiye Cumhuriyeti Hükümeti ile İspanya Krallığı Hükümeti Arasında İmzalanan Suçla Mücadelede İşbirliği Anlaşması’nın Onaylanması Hakkında Karar,https://www.resmigazete.gov.tr/eskiler/2009/10/20091005-1.htm
2009-10-05,2009/15445 Türkiye Cumhuriyeti Hükümeti ile Sırbistan Cumhuriyeti Hükümeti Arasında İmzalanan Savunma Sanayii Alanında İş Birliği Kapsamında Mübadele Edilen Gizlilik Dereceli Bilgi ve Malzemenin Karşılıklı Korunması Anlaşması’nın Onaylanması Hakkında Karar,https://www.resmigazete.gov.tr/eskiler/2009/10/20091005-2.htm
2009-10-05,"— Enerji ve Tabii Kaynaklar Bakanlığına, Çevre ve Orman Bakanı Veysel EROĞLU’nun Vekâlet Etmesine Dair Tezkere",https://www.resmigazete.gov.tr/eskiler/2009/10/20091005-3.htm
2009-10-05,— Ufuk Üniversitesi Tıp Fakültesi Eğitim-Öğretim ve Sınav Yönetmeliği,https://www.resmigazete.gov.tr/eskiler/2009/10/20091005-4.htm
2009-10-05,— İşkolu Tespit Kararı (No: 2009/49),https://www.resmigazete.gov.tr/eskiler/2009/10/20091005-5.htm
2009-10-05,— İthalatta Haksız Rekabetin Önlenmesine İlişkin Tebliğ (No: 2009/33),https://www.resmigazete.gov.tr/eskiler/2009/10/20091005-6.htm
2009-10-06,2009/15418 Türkiye Cumhuriyeti Jandarma Genel Komutanlığı ile Cezayir Demokratik Halk Cumhuriyeti Milli Jandarma Komutanlığı Arasında İmzalanan “Eğitim Alanında İş Birliği Protokolü”nün Onaylanması Hakkında Karar,https://www.resmigazete.gov.tr/eskiler/2009/10/20091006-1.htm
2009-10-06,"— Dışişleri Bakanlığına, İçişleri Bakanı Beşir ATALAY’ın Vekâlet Etmesine Dair Tezkere",https://www.resmigazete.gov.tr/eskiler/2009/10/20091006-2.htm
2009-10-06,"— Devlet, Millî Savunma, İçişleri, Dışişleri, Maliye, Millî Eğitim, Sağlık, Ulaştırma, Tarım ve Köyişleri, Çalışma ve Sosyal Güvenlik, Sanayi ve Ticaret, Enerji ve Tabii Kaynaklar ile Çevre ve Orman Bakanlıklarına Ait Atama Kararları",https://www.resmigazete.gov.tr/eskiler/2009/10/20091006-3.htm
2009-10-06,— Adalet Bakanlığına Ait Görevlendirme Kararları,https://www.resmigazete.gov.tr/eskiler/2009/10/20091006-4.htm
2009-10-06,2009/15478 Bazı Akaryakıt Türlerindeki Kükürt Oranının Azaltılmasına İlişkin Yönetmelik,https://www.resmigazete.gov.tr/eskiler/2009/10/20091006-5.htm
2009-10-06,— Gazi Üniversitesi Fen Bilimleri Enstitüsü Lisansüstü Eğitim-Öğretim ve Sınav Yönetmeliğinde Değişiklik Yapılmasına Dair Yönetmelik,https://www.resmigazete.gov.tr/eskiler/2009/10/20091006-6.htm
2009-10-06,— Gaziosmanpaşa Üniversitesi Lisansüstü Eğitim-Öğretim ve Sınav Yönetmeliği,https://www.resmigazete.gov.tr/eskiler/2009/10/20091006-7.htm
2009-10-06,— Kırıkkale Üniversitesi Lisansüstü Eğitim-Öğretim ve Sınav Yönetmeliğinde Değişiklik Yapılmasına Dair Yönetmelik,https://www.resmigazete.gov.tr/eskiler/2009/10/20091006-8.htm
2009-10-06,"— Anayasa Mahkemesinin E: 2005/134, K: 2009/3 Sayılı Kararı (1/7/2003 Tarihli ve 4915 Sayılı Kanun ile İlgili)",https://www.resmigazete.gov.tr/eskiler/2009/10/20091006-9.htm
2009-10-06,"— Anayasa Mahkemesinin E: 2009/38, K: 2009/70 Sayılı Kararı (26/9/2004 Tarihli ve 5237 Sayılı Kanunda Değişiklik Yapan 30/4/2008 Tarihli ve 5759 Sayılı Kanunla İlgili)",https://www.resmigazete.gov.tr/eskiler/2009/10/20091006-10.htm
2009-10-06,"— Anayasa Mahkemesinin E: 2006/42, K: 2009/73 Sayılı Kararı (3/7/2005 Tarihli ve 5402 Sayılı Kanun ile İlgili)",https://www.resmigazete.gov.tr/eskiler/2009/10/20091006-11.htm
2009-10-06,"— Anayasa Mahkemesinin E: 2006/144, K: 2009/87 Sayılı Kararı (23/2/2006 Tarihli ve 5464 Sayılı Kanun ile İlgili)",https://www.resmigazete.gov.tr/eskiler/2009/10/20091006-12.htm
2009-10-06,"— Anayasa Mahkemesinin E: 2006/93, K: 2009/88 Sayılı Kararı (9/8/1983 Tarihli ve 2872 Sayılı Kanun ile İlgili)",https://www.resmigazete.gov.tr/eskiler/2009/10/20091006-13.htm
2009-10-06,"— Anayasa Mahkemesinin E: 2008/52, K: 2009/89 Sayılı Kararı (9/8/1983 Tarihli ve 2872 Sayılı Kanunda Değişiklik Yapan 26/4/2006 Tarihli ve 5491 Sayılı Kanun ile İlgili)",https://www.resmigazete.gov.tr/eskiler/2009/10/20091006-14.htm
2009-10-06,"— Anayasa Mahkemesinin E: 2005/67, K: 2009/99 Sayılı Kararı (4/11/1981 Tarihli ve 2547 Sayılı Kanunda Değişiklik Yapan 21/4/2005 Tarihli ve 5335 Sayılı Kanun ile İlgili)",https://www.resmigazete.gov.tr/eskiler/2009/10/20091006-15.htm
2009-10-07,2009/15423 Asya Karayolları Ağı Hükümetlerarası Anlaşması’na Katılmamız Hakkında Karar,https://www.resmigazete.gov.tr/eskiler/2009/10/20091007-1.htm
2009-10-07,2009/15481 4458 Sayılı Gümrük Kanununun Bazı Maddelerinin Uygulanması Hakkında Karar,https://www.resmigazete.gov.tr/eskiler/2009/10/20091007-2.htm
2009-10-07,"— Cumhurbaşkanlığına, Türkiye Büyük Millet Meclisi Başkanı Mehmet Ali ŞAHİN’in Vekâlet Etmesine Dair Tezkere",https://www.resmigazete.gov.tr/eskiler/2009/10/20091007-3.htm
2009-10-07,"— Devlet Bakanı Hayati YAZICI’ya, Devlet Bakanı ve Başbakan Yardımcısı Bülent ARINÇ’ın Vekâlet Etmesine Dair Tezkere",https://www.resmigazete.gov.tr/eskiler/2009/10/20091007-4.htm
2009-10-07,"— Devlet Bakanı Mehmet Zafer ÇAĞLAYAN’a, Sanayi ve Ticaret Bakanı Nihat ERGÜN’ün Vekâlet Etmesine Dair Tezkere",https://www.resmigazete.gov.tr/eskiler/2009/10/20091007-5.htm
2009-10-07,"— Devlet Bakanı Egemen BAĞIŞ’a, Devlet Bakanı Faruk Nafız ÖZAK’ın Vekâlet Etmesine Dair Tezkere",https://www.resmigazete.gov.tr/eskiler/2009/10/20091007-6.htm
2009-10-07,"— Devlet Bakanı Selma Aliye KAVAF’a, Devlet Bakanı Faruk ÇELİK’in Vekâlet Etmesine Dair Tezkere",https://www.resmigazete.gov.tr/eskiler/2009/10/20091007-7.htm
2009-10-07,— Belediye ve Bağlı Kuruluşları ile Mahalli İdare Birlikleri Norm Kadro İlke ve Standartlarına Dair Yönetmelikte Değişiklik Yapılması Hakkında Yönetmelik,https://www.resmigazete.gov.tr/eskiler/2009/10/20091007-8.htm
2009-10-07,— Gençlik ve Spor Genel Müdürlüğü Gençlik ve Spor Faaliyetlerinin Düzenlenmesine Dair Yönetmelikte Değişiklik Yapılması Hakkında Yönetmelik,https://www.resmigazete.gov.tr/eskiler/2009/10/20091007-9.htm
2009-10-07,— Tarihi Kırkpınar Yağlı Güreş Yönetmeliğinin Yürürlükten Kaldırılmasına Dair Yönetmelik,https://www.resmigazete.gov.tr/eskiler/2009/10/20091007-10.htm
2009-10-07,— Pamukkale Üniversitesi Deniz Kaplumbağaları Uygulama ve Araştırma Merkezi Yönetmeliği,https://www.resmigazete.gov.tr/eskiler/2009/10/20091007-11.htm
2009-10-07,"— Uydu Uplink Cihazlarının İthali, İmali, Bulundurulması ve Kullanılması ile İlgili Tebliğin Yürürlükten Kaldırılmasına Dair Tebliğ",https://www.resmigazete.gov.tr/eskiler/2009/10/20091007-12.htm
2009-10-07,"— Anayasa Mahkemesinin E: 2005/2, K: 2008/181 Sayılı Kararı (22/5/2003 Tarihli ve 4857 Sayılı Kanun ile İlgili)",https://www.resmigazete.gov.tr/eskiler/2009/10/20091007-13.htm
2009-10-07,"— Anayasa Mahkemesinin E: 2002/4, (Siyasi Parti Kapatma), K: 2009/2 Sayılı Kararı",https://www.resmigazete.gov.tr/eskiler/2009/10/20091007-14.htm
2009-10-07,"— Anayasa Mahkemesinin E: 2002/3 (Siyasi Parti Kapatma), K: 2009/3 Sayılı Kararı",https://www.resmigazete.gov.tr/eskiler/2009/10/20091007-15.htm
2009-10-07,"— Anayasa Mahkemesinin E: 2009/22, K: 2009/55 Sayılı Kararı (4/12/2004 Tarihli ve 5271 Sayılı Kanunda Değişiklik Yapan 6/12/2006 Tarihli ve 5560 Sayılı Kanun ile İlgili)",https://www.resmigazete.gov.tr/eskiler/2009/10/20091007-16.htm
2009-10-07,"— Anayasa Mahkemesinin E: 2005/69, K: 2009/61 Sayılı Kararı (22/5/1930 Tarihli ve 1632 Sayılı Kanun ile İlgili)",https://www.resmigazete.gov.tr/eskiler/2009/10/20091007-17.htm
2009-10-07,"— Anayasa Mahkemesinin E: 2005/159, K: 2009/62 Sayılı Kararı (25/10/1963 Tarihli ve 353, 26/10/1963 Tarihli ve 357 Sayılı Kanunlar ile İlgili)",https://www.resmigazete.gov.tr/eskiler/2009/10/20091007-18.htm
2009-10-07,"— Anayasa Mahkemesinin E: 2008/30, K: 2009/96 Sayılı Kararı (22/11/2001 Tarihli ve 4721 Sayılı Kanun ile İlgili)",https://www.resmigazete.gov.tr/eskiler/2009/10/20091007-19.htm
2009-10-07,"— Anayasa Mahkemesinin E: 2006/143, K: 2009/98 Sayılı Kararı (9/3/1954 Tarihli ve 6343 Sayılı Kanunda Değişiklik Yapan 3/4/1984 Tarihli 2993 Sayılı Kanun ile İlgili)",https://www.resmigazete.gov.tr/eskiler/2009/10/20091007-20.htm
2009-10-07,"— Anayasa Mahkemesinin E: 2005/66, K: 2009/102 Sayılı Kararı (5/5/2005 Tarihli ve 5345 Sayılı Kanun ile İlgili)",https://www.resmigazete.gov.tr/eskiler/2009/10/20091007-21.htm
2009-10-07,"— Anayasa Mahkemesinin E: 2005/114, K: 2009/105 Sayılı Kararı (22/11/2001 Tarihli ve 4721, 3/12/2001 Tarihli ve 4722 Sayılı Kanunlarla İlgili)",https://www.resmigazete.gov.tr/eskiler/2009/10/20091007-22.htm
2009-10-07,"— Anayasa Mahkemesinin E: 2007/31, K: 2009/109 Sayılı Kararı (4/7/2001 Tarihli ve 631 Sayılı Kanunda Değişiklik Yapan 31/7/2003 Tarihli ve 4969 Sayılı Kanun ile İlgili)",https://www.resmigazete.gov.tr/eskiler/2009/10/20091007-23.htm
2009-10-07,"— Anayasa Mahkemesinin E: 2006/65, K: 2009/114 Sayılı Kararı (4/4/1929 Tarihli ve 1412 Sayılı Kanunda Değişiklik Yapan 21/1/1983 Tarihli ve 2789, 18/11/1992 Tarihli ve 3842, 4/12/2004 Tarihli ve 5271 Sayılı Kanunlarla İlgili)",https://www.resmigazete.gov.tr/eskiler/2009/10/20091007-24.htm
2009-10-07,Tıklayınız 7/10/2009 tarihli ve 27369 sayılı mükerrer Resmî Gazete'de; Gümrük Yönetmeliği ile Tasfiye Yönetmeliği yayımlanmıştır.,http://www.resmigazete.gov.tr/eskiler/2009/10/20091007M1.htm
2009-10-08,— Askerî Kantin Yönetmeliğinde Değişiklik Yapılmasına Dair Yönetmelik,https://www.resmigazete.gov.tr/eskiler/2009/10/20091008-1.htm
2009-10-08,— Ankara Üniversitesi Yer Bilimleri Uygulama ve Araştırma Merkezi Yönetmeliği,https://www.resmigazete.gov.tr/eskiler/2009/10/20091008-2.htm
2009-10-08,— Gebze Yüksek Teknoloji Enstitüsü Lisansüstü Eğitim-Öğretim Yönetmeliğinde Değişiklik Yapılmasına Dair Yönetmelik,https://www.resmigazete.gov.tr/eskiler/2009/10/20091008-3.htm
2009-10-08,— Kırıkkale Üniversitesi Diş Hekimliği Fakültesi Eğitim-Öğretim ve Sınav Yönetmeliği,https://www.resmigazete.gov.tr/eskiler/2009/10/20091008-4.htm
2009-10-08,— Süleyman Demirel Üniversitesi Uzaktan Eğitim Meslek Yüksekokulu Önlisans Eğitim-Öğretim ve Sınav Yönetmeliğinde Değişiklik Yapılmasına Dair Yönetmelik,https://www.resmigazete.gov.tr/eskiler/2009/10/20091008-5.htm
2009-10-08,— Kamu İdarelerinin Taşınmaz Kiralamalarına İlişkin Genelge (Sayı: 2009-1),https://www.resmigazete.gov.tr/eskiler/2009/10/20091008-6.htm
2009-10-08,— Finansal Araçlar: Muhasebeleştirme ve Ölçmeye İlişkin Türkiye Muhasebe Standardı (TMS 39) Hakkında Tebliğde Değişiklik Yapılmasına İlişkin Tebliğ (Sıra No: 166),https://www.resmigazete.gov.tr/eskiler/2009/10/20091008-7.htm
2009-10-09,"— Devlet Bakanı ve Başbakan Yardımcısı Ali BABACAN’a, Devlet Bakanı Cevdet YILMAZ’ın Vekâlet Etmesine Dair Tezkere",https://www.resmigazete.gov.tr/eskiler/2009/10/20091009-1.htm
2009-10-09,"— Maliye Bakanlığına, Bayındırlık ve İskan Bakanı Mustafa DEMİR’in Vekâlet Etmesine Dair Tezkere",https://www.resmigazete.gov.tr/eskiler/2009/10/20091009-2.htm
2009-10-09,"— Tarım ve Köyişleri Bakanlığına, Milli Eğitim Bakanı Nimet ÇUBUKÇU’nun Vekâlet Etmesine Dair Tezkere",https://www.resmigazete.gov.tr/eskiler/2009/10/20091009-3.htm
2009-10-09,— Çanakkale Onsekiz Mart Üniversitesi Botanik Bahçesi ve Herbaryum Uygulama ve Araştırma Merkezi Yönetmeliği,https://www.resmigazete.gov.tr/eskiler/2009/10/20091009-4.htm
2009-10-09,— Zonguldak Karaelmas Üniversitesi Diş Hekimliği Fakültesi Eğitim-Öğretim ve Sınav Yönetmeliği,https://www.resmigazete.gov.tr/eskiler/2009/10/20091009-5.htm
2009-10-09,— Kültür ve Tabiat Varlıklarını Koruma Yüksek Kurulunun 23/9/2009 Tarihli ve 751 Sayılı Kararı,https://www.resmigazete.gov.tr/eskiler/2009/10/20091009-6.htm
2009-10-10,"— Dışişleri Bakanlığına, Devlet Bakanı Mehmet AYDIN’ın Vekâlet Etmesine Dair Tezkere",https://www.resmigazete.gov.tr/eskiler/2009/10/20091010-1.htm
2009-10-10,— Gençlik ve Spor Genel Müdürlüğü Görevde Yükselme ve Unvan Değişikliği Yönetmeliğinde Değişiklik Yapılmasına Dair Yönetmelik,https://www.resmigazete.gov.tr/eskiler/2009/10/20091010-2.htm
2009-10-10,"— Devlet Opera ve Balesi Genel Müdürlüğünde Sözleşmeli Olarak Görev Yapan Sanatkar Memur, Uygulatıcı Uzman Memur ve Uzman Memurlar Hakkında Sınav Yönetmeliği",https://www.resmigazete.gov.tr/eskiler/2009/10/20091010-3.htm
2009-10-10,"— Orman, Orman Endüstri ve Ağaç İşleri Endüstri Mühendisleri ile Serbest Meslek Bürolarının Çalışma Alanlarına Dair Yönetmelik",https://www.resmigazete.gov.tr/eskiler/2009/10/20091010-4.htm
2009-10-10,— Su Kirliliği Kontrolü Yönetmeliği İdari Usuller Tebliği,https://www.resmigazete.gov.tr/eskiler/2009/10/20091010-5.htm
2009-10-10,— Su Kirliliği Kontrolü Yönetmeliği Numune Alma ve Analiz Metodları Tebliği,https://www.resmigazete.gov.tr/eskiler/2009/10/20091010-6.htm
2009-10-10,— TS 1222 Patates Standardının Revizyonu ve Tadiline İlişkin Dış Ticarette Standardizasyon Tebliği (No: 2009/41),https://www.resmigazete.gov.tr/eskiler/2009/10/20091010-7.htm
2009-10-10,— TS 1280 İç Antep Fıstığı Standardı ve TS 143 Mercimek (Kabuklu ve İç) Standardının Tadiline İlişkin Dış Ticarette Standardizasyon Tebliği (No: 2009/42),https://www.resmigazete.gov.tr/eskiler/2009/10/20091010-8.htm
2009-10-10,— TS 141 Kuru Fasulye Standardının Revizyonu ve Tadiline İlişkin Dış Ticarette Standardizasyon Tebliği (No: 2009/45),https://www.resmigazete.gov.tr/eskiler/2009/10/20091010-9.htm
2009-10-11,— Çevre ve Orman Bakanlığı Ağaçlandırma ve Erozyon Kontrolü Hizmetlerine İlişkin Usul ve Esaslarda Değişiklik Yapılmasına Dair Usul ve Esaslar,https://www.resmigazete.gov.tr/eskiler/2009/10/20091011-1.htm
2009-10-11,— Afyon Kocatepe Üniversitesi Yabancı Dil Hazırlık Sınıfı Eğitim-Öğretim ve Sınav Yönetmeliğinde Değişiklik Yapılmasına Dair Yönetmelik,https://www.resmigazete.gov.tr/eskiler/2009/10/20091011-2.htm
2009-10-11,— Denizcilik Yakıtlarına İlişkin Teknik Düzenleme Tebliğinde Değişiklik Yapılmasına İlişkin Tebliğ (İhrakiye Seri No: 3),https://www.resmigazete.gov.tr/eskiler/2009/10/20091011-3.htm
2009-10-12,"— Devlet Bakanı Mehmet Zafer ÇAĞLAYAN’a, Kültür ve Turizm Bakanı Ertuğrul GÜNAY’ın Vekâlet Etmesine Dair Tezkere",https://www.resmigazete.gov.tr/eskiler/2009/10/20091012-1.htm
2009-10-12,— Ordu Üniversitesi Sert Kabuklu Meyve Türleri Uygulama ve Araştırma Merkezi Yönetmeliği,https://www.resmigazete.gov.tr/eskiler/2009/10/20091012-2.htm
2009-10-13,"948 Türk Silahlı Kuvvetlerinin, Irak’ın Kuzeyinden Ülkemize Yönelik Terör Tehdidinin ve Saldırılarının Bertaraf Edilmesi Amacıyla, Sınır Ötesi Harekat ve Müdahalede Bulunmak Üzere, Irak’ın PKK Teröristlerinin Yuvalandıkları Kuzey Bölgesi ile Mücavir Alanlara Gönderilmesi ve Görevlendirilmesi İçin Türkiye Büyük Millet Meclisinin 17/10/2007 Tarih ve 903 Sayılı Kararıyla Hükümete Verilen ve 8/10/2008 Tarihli ve 929 Sayılı Kararı ile Bir Yıl Uzatılan İzin Süresinin, Anayasının 92 nci Maddesi Uyarınca 17/10/2009 Tarihinden İtibaren Bir Yıl Daha Uzatılmasına Dair Karar",https://www.resmigazete.gov.tr/eskiler/2009/10/20091013-1.htm
2009-10-13,"— Devlet Bakanı Mehmet AYDIN’a, Devlet Bakanı ve Başbakan Yardımcısı Cemil ÇİÇEK’in Vekâlet Etmesine Dair Tezkere",https://www.resmigazete.gov.tr/eskiler/2009/10/20091013-2.htm
2009-10-13,"— Devlet Bakanı Hayati YAZICI’ya, Devlet Bakanı Faruk ÇELİK’in Vekâlet Etmesine Dair Tezkere",https://www.resmigazete.gov.tr/eskiler/2009/10/20091013-3.htm
2009-10-13,"— Devlet Bakanı Cevdet YILMAZ’a, Maliye Bakanı Mehmet ŞİMŞEK’in Vekâlet Etmesine Dair Tezkere",https://www.resmigazete.gov.tr/eskiler/2009/10/20091013-4.htm
2009-10-13,"— Millî Savunma Bakanlığına, Devlet Bakanı Faruk Nafız ÖZAK’ın Vekâlet Etmesine Dair Tezkere",https://www.resmigazete.gov.tr/eskiler/2009/10/20091013-5.htm
2009-10-13,"— İçişleri Bakanlığına, Adalet Bakanı Sadullah ERGİN’in Vekâlet Etmesine Dair Tezkere",https://www.resmigazete.gov.tr/eskiler/2009/10/20091013-6.htm
2009-10-13,"— Dışişleri Bakanlığına, Devlet Bakanı ve Başbakan Yardımcısı Ali BABACAN’ın Vekâlet Etmesine Dair Tezkere",https://www.resmigazete.gov.tr/eskiler/2009/10/20091013-7.htm
2009-10-13,"— Sağlık Bakanlığına, Çalışma ve Sosyal Güvenlik Bakanı Ömer DİNÇER’in Vekâlet Etmesine Dair Tezkere",https://www.resmigazete.gov.tr/eskiler/2009/10/20091013-8.htm
2009-10-13,"— Ulaştırma Bakanlığına, Bayındırlık ve İskân Bakanı Mustafa DEMİR’in Vekâlet Etmesine Dair Tezkere",https://www.resmigazete.gov.tr/eskiler/2009/10/20091013-9.htm
2009-10-13,"— Tarım ve Köyişleri Bakanlığına, Millî Eğitim Bakanı Nimet ÇUBUKÇU’nun Vekâlet Etmesine Dair Tezkere",https://www.resmigazete.gov.tr/eskiler/2009/10/20091013-10.htm
2009-10-13,"— Enerji ve Tabii Kaynaklar Bakanlığına, Devlet Bakanı Egemen BAĞIŞ’ın Vekâlet Etmesine Dair Tezkere",https://www.resmigazete.gov.tr/eskiler/2009/10/20091013-11.htm
2009-10-13,"— Çevre ve Orman Bakanlığına, Sanayi ve Ticaret Bakanı Nihat ERGÜN’ün Vekâlet Etmesine Dair Tezkere",https://www.resmigazete.gov.tr/eskiler/2009/10/20091013-12.htm
2009-10-13,— Cumhurbaşkanlığı Kültür ve Sanat Büyük Ödülü Yönetmeliğinde Değişiklik Yapılmasına Dair Yönetmelik,https://www.resmigazete.gov.tr/eskiler/2009/10/20091013-13.htm
2009-10-13,— Gençlik ve Spor Genel Müdürlüğü Amatör Spor Dalları Ceza Yönetmeliğinde Değişiklik Yapılmasına Dair Yönetmelik,https://www.resmigazete.gov.tr/eskiler/2009/10/20091013-14.htm
2009-10-13,— Gençlik ve Spor Genel Müdürlüğü Teftiş Kurulu Yönetmeliğinde Değişiklik Yapılmasına Dair Yönetmelik,https://www.resmigazete.gov.tr/eskiler/2009/10/20091013-15.htm
2009-10-13,— Gençlik ve Spor Genel Müdürlüğü Tahkim Kurulu Yönetmeliğinde Değişiklik Yapılmasına Dair Yönetmelik,https://www.resmigazete.gov.tr/eskiler/2009/10/20091013-16.htm
2009-10-13,— Gençlik ve Spor Genel Müdürlüğü Gençlik ve Spor Kulüpleri Yönetmeliğinde Değişiklik Yapılmasına Dair Yönetmelik,https://www.resmigazete.gov.tr/eskiler/2009/10/20091013-17.htm
2009-10-13,— Gençlik ve Spor Genel Müdürlüğü İşletme Yönetmeliğinde Değişiklik Yapılmasına Dair Yönetmelik,https://www.resmigazete.gov.tr/eskiler/2009/10/20091013-18.htm
2009-10-13,— Millî Sporcu Belgesi Verilmesi Hakkında Yönetmelikte Değişiklik Yapılmasına Dair Yönetmelik,https://www.resmigazete.gov.tr/eskiler/2009/10/20091013-19.htm
2009-10-13,— Bilecik Üniversitesi Lisans Eğitim-Öğretim ve Sınav Yönetmeliğinde Değişiklik Yapılmasına Dair Yönetmelik,https://www.resmigazete.gov.tr/eskiler/2009/10/20091013-20.htm
2009-10-13,— Bilecik Üniversitesi Önlisans Eğitim-Öğretim ve Sınav Yönetmeliğinde Değişiklik Yapılmasına Dair Yönetmelik,https://www.resmigazete.gov.tr/eskiler/2009/10/20091013-21.htm
2009-10-13,— İstanbul Üniversitesi Hasan Ali Yücel Eğitim Fakültesi Öğretim ve Sınav Yönetmeliğinde Değişiklik Yapılmasına Dair Yönetmelik,https://www.resmigazete.gov.tr/eskiler/2009/10/20091013-22.htm
2009-10-13,— İstanbul Üniversitesi Beden Eğitimi ve Spor Yüksekokulu Lisans Eğitim-Öğretim ve Sınav Yönetmeliğinde Değişiklik Yapılmasına Dair Yönetmelik,https://www.resmigazete.gov.tr/eskiler/2009/10/20091013-23.htm
2009-10-13,— Kalitest Belgelendirme ve Eğitim Hizmetleri Limited Şirketi’nin Onaylanmış Kuruluş Olarak Görevlendirilmesine Dair Tebliğ (SGM: 2009/18,https://www.resmigazete.gov.tr/eskiler/2009/10/20091013-24.htm
2009-10-13,"— Sermaye Piyasasında Faaliyette Bulunanlar İçin Lisanslama ve Sicil Tutmaya İlişkin Esaslar Hakkında Tebliğde Değişiklik Yapılmasına Dair Tebliğ (Seri: VIII, No: 62)",https://www.resmigazete.gov.tr/eskiler/2009/10/20091013-25.htm
2009-10-13,"— Anayasa Mahkemesinin E: 2006/129, K: 2009/19 (Yürürlüğü Durdurma) (4/2/1924 Tarihli ve 406 Sayılı Kanunda Değişiklik Yapan 16/6/2004 Tarihli ve 5189 Sayılı Kanun ile İlgili)",https://www.resmigazete.gov.tr/eskiler/2009/10/20091013-26.htm
2009-10-14,"— Enerji ve Tabii Kaynaklar Bakanlığına, Sağlık Bakanı Recep AKDAĞ’ın Vekâlet Etmesine Dair Tezkere",https://www.resmigazete.gov.tr/eskiler/2009/10/20091014-1.htm
2009-10-14,2009/15469 Dışişleri Bakanlığının Bazı Mensuplarının Çeşitli Görevlere Atanmalarına Dair Karar,https://www.resmigazete.gov.tr/eskiler/2009/10/atama-1.htm
2009-10-14,"— Başbakanlık, Devlet, Adalet, İçişleri, Milli Eğitim, Çalışma ve Sosyal Güvenlik, Sanayi ve Ticaret, Enerji ve Tabii Kaynaklar ile Çevre ve Orman Bakanlıklarına Ait Atama Kararları",https://www.resmigazete.gov.tr/eskiler/2009/10/atama-2.htm
2009-10-14,— Bartın Üniversitesi Lisansüstü Eğitim-Öğretim ve Sınav Yönetmeliği,https://www.resmigazete.gov.tr/eskiler/2009/10/20091014-2.htm
2009-10-14,— İstanbul Üniversitesi İstatistik Uygulama ve Araştırma Merkezi Yönetmeliği,https://www.resmigazete.gov.tr/eskiler/2009/10/20091014-3.htm
2009-10-14,— İzmir Ekonomi Üniversitesi Toplumsal Cinsiyet Sorunları ve Kadın Çalışmaları Uygulama ve Araştırma Merkezi Yönetmeliği,https://www.resmigazete.gov.tr/eskiler/2009/10/20091014-4.htm
2009-10-14,— Kırıkkale Üniversitesi Tıp Fakültesi Süleyman Demirel Araştırma ve Uygulama Hastanesi Yönetmeliğinde Değişiklik Yapılmasına Dair Yönetmelik,https://www.resmigazete.gov.tr/eskiler/2009/10/20091014-5.htm
2009-10-14,— Dış Ticaret Sermaye Şirketlerine İlişkin Karar,https://www.resmigazete.gov.tr/eskiler/2009/10/20091014-6.htm
2009-10-15,2009/15462 Kültür ve Turizm Bakanlığının Taşra Teşkilatında Yer Alan Bursa Gemlik İlçe Halk Kütüphanesi Müdürlüğünün Kaldırılması Hakkında Karar,https://www.resmigazete.gov.tr/eskiler/2009/10/Bakanlar%20kurulu-1.htm
2009-10-15,"— Başbakanlığa, Devlet Bakanı ve Başbakan Yardımcısı Bülent ARINÇ’ın Vekâlet Etmesine Dair Tezkere",https://www.resmigazete.gov.tr/eskiler/2009/10/20091015-1.htm
2009-10-15,"— Devlet Bakanı Mehmet Zafer ÇAĞLAYAN’a, Kültür ve Turizm Bakanı Ertuğrul GÜNAY’ın Vekâlet Etmesine Dair Tezkere",https://www.resmigazete.gov.tr/eskiler/2009/10/20091015-2.htm
2009-10-15,"— Milli Savunma Bakanlığına, Devlet Bakanı Hayati YAZICI’nın Vekâlet Etmesine Dair Tezkere",https://www.resmigazete.gov.tr/eskiler/2009/10/20091015-3.htm
2009-10-15,"— Dışişleri Bakanlığına, Devlet Bakanı ve Başbakan Yardımcısı Ali BABACAN’ın Vekâlet Etmesine Dair Tezkere",https://www.resmigazete.gov.tr/eskiler/2009/10/20091015-4.htm
2009-10-15,"— Bayındırlık ve İskan Bakanlığına, Sanayi ve Ticaret Bakanı Nihat ERGÜN’ün Vekâlet Etmesine Dair Tezkere",https://www.resmigazete.gov.tr/eskiler/2009/10/20091015-5.htm
2009-10-15,"— Sağlık Bakanlığına, Çalışma ve Sosyal Güvenlik Bakanı Ömer DİNÇER’in Vekâlet Etmesine Dair Tezkere",https://www.resmigazete.gov.tr/eskiler/2009/10/20091015-6.htm
2009-10-15,"— Ulaştırma Bakanlığına, Maliye Bakanı Mehmet ŞİMŞEK’in Vekâlet Etmesine Dair Tezkere",https://www.resmigazete.gov.tr/eskiler/2009/10/20091015-7.htm
2009-10-15,"— Tarım ve Köyişleri Bakanlığına, Milli Eğitim Bakanı Nimet ÇUBUKÇU’nun Vekâlet Etmesine Dair Tezkere",https://www.resmigazete.gov.tr/eskiler/2009/10/20091015-8.htm
2009-10-15,"— Enerji ve Tabii Kaynaklar Bakanlığına, Devlet Bakanı Faruk Nafız ÖZAK’ın Vekâlet Etmesine Dair Tezkere",https://www.resmigazete.gov.tr/eskiler/2009/10/20091015-9.htm
2009-10-15,"— Çevre ve Orman Bakanlığına, Devlet Bakanı Faruk ÇELİK’in Vekalet Etmesine Dair Tezkere",https://www.resmigazete.gov.tr/eskiler/2009/10/20091015-10.htm
2009-10-15,"2009/15465 Merkezi Kayıt Kuruluşunun Kuruluş, Faaliyet, Çalışma ve Denetim Esasları Hakkında Yönetmelikte Değişiklik Yapılmasına Dair Yönetmelik",https://www.resmigazete.gov.tr/eskiler/2009/10/20091015-11.htm
2009-10-15,2009/15468 VHF ve UHF Bandında Çalışan Amatör Telsiz Cihazlarının Performans Standartları Hakkında Yönetmelik (TGM-ST-008)’in Yürürlükten Kaldırılmasına Dair Yönetmelik,https://www.resmigazete.gov.tr/eskiler/2009/10/20091015-12.htm
2009-10-15,— İşkolu Tespit Kararı (No: 2009/50),https://www.resmigazete.gov.tr/eskiler/2009/10/20091015-13.htm
2009-10-15,— İşkolu Tespit Kararı (No: 2009/51),https://www.resmigazete.gov.tr/eskiler/2009/10/20091015-14.htm
2009-10-15,— Yargıtay 2. Hukuk Dairesine Ait Kararlar,https://www.resmigazete.gov.tr/eskiler/2009/10/20091015-15.htm
2009-10-16,2009/15477 2000’li Yılların Taktik Muhabere Sistemlerini Tanımlayan Standardizasyon Anlaşmalarının Geliştirilmesi Mutabakat Muhtırası (TACOMS POST-2000) 2 nci Değişiklik Ekinin Onaylanması Hakkında Karar,https://www.resmigazete.gov.tr/eskiler/2009/10/20091016-1.htm
2009-10-16,"2009/15499 Diplomatik, Hususi, Hizmet ve Umuma Mahsus Pasaport Hamili Suriye Vatandaşlarının Türkiye’ye Yapacakları Turistik Amaçlı Seyahatlerinde, İkamet Sürelerinin 180 Gün İçinde 90 Günü Aşmaması Kaydıyla Tek Taraflı Vize Muafiyeti Sağlanması Hakkında Karar",https://www.resmigazete.gov.tr/eskiler/2009/10/20091016-2.htm
2009-10-16,2009/15500 Kırsal Kalkınma Yatırımlarının Desteklenmesi Hakkında Kararda Değişiklik Yapılmasına Dair Karar,https://www.resmigazete.gov.tr/eskiler/2009/10/20091016-3.htm
2009-10-16,"— Dışişleri Bakanlığına, İçişleri Bakanı Beşir ATALAY’ın Vekâlet Etmesine Dair Tezkere",https://www.resmigazete.gov.tr/eskiler/2009/10/20091016-4.htm
2009-10-16,"— Çevre ve Orman Bakanlığına, Devlet Bakanı Faruk ÇELİK’in Vekâlet Etmesine Dair Tezkere",https://www.resmigazete.gov.tr/eskiler/2009/10/20091016-5.htm
2009-10-16,— Maliye Bakanlığına Ait Atama Kararları,https://www.resmigazete.gov.tr/eskiler/2009/10/20091016-6.htm
2009-10-16,— Diyanet İşleri Başkanlığı Atama ve Yer Değiştirme Yönetmeliğinde Değişiklik Yapılmasına Dair Yönetmelik,https://www.resmigazete.gov.tr/eskiler/2009/10/20091016-7.htm
2009-10-16,— Millî Eğitim Bakanlığı İmam-Hatip Liseleri Yönetmeliğinde Değişiklik Yapılmasına Dair Yönetmelik,https://www.resmigazete.gov.tr/eskiler/2009/10/20091016-8.htm
2009-10-16,— Millî Eğitim Bakanlığı Taşımalı İlköğretim Yönetmeliğinde Değişiklik Yapılmasına Dair Yönetmelik,https://www.resmigazete.gov.tr/eskiler/2009/10/20091016-9.htm
2009-10-16,"— Ulaştırma ve Haberleşme Uzman ve Uzman Yardımcılarının Sınav, Atama, Çalışma Usul ve Esasları Hakkında Yönetmelik",https://www.resmigazete.gov.tr/eskiler/2009/10/20091016-10.htm
2009-10-16,— Petrol Piyasası Lisans Yönetmeliğinde Değişiklik Yapılmasına Dair Yönetmelik,https://www.resmigazete.gov.tr/eskiler/2009/10/20091016-11.htm
2009-10-16,— İstanbul Üniversitesi Enez Bölgesi Arkeoloji Araştırmaları Uygulama ve Araştırma Merkezi Yönetmeliği,https://www.resmigazete.gov.tr/eskiler/2009/10/20091016-12.htm
2009-10-16,— İstanbul Üniversitesi Türk Halkbilimi Uygulama ve Araştırma Merkezi Yönetmeliği,https://www.resmigazete.gov.tr/eskiler/2009/10/20091016-13.htm
2009-10-16,— İstanbul Üniversitesi Sürekli Eğitim Uygulama ve Araştırma Merkezi Yönetmeliğinde Değişiklik Yapılmasına Dair Yönetmelik,https://www.resmigazete.gov.tr/eskiler/2009/10/20091016-14.htm
2009-10-16,— Süleyman Demirel Üniversitesi Nörolojik Bilimler Uygulama ve Araştırma Merkezi Yönetmeliği,https://www.resmigazete.gov.tr/eskiler/2009/10/20091016-15.htm
2009-10-16,— Yataklı Sağlık Tesislerinde Acil Servis Hizmetlerinin Uygulama Usul ve Esasları Hakkında Tebliğ,https://www.resmigazete.gov.tr/eskiler/2009/10/20091016-16.htm
2009-10-16,— Zorunlu Karşılıklar Hakkında Tebliğde Değişiklik Yapılmasına Dair Tebliğ (Sayı: 2009/7),https://www.resmigazete.gov.tr/eskiler/2009/10/20091016-17.htm
2009-10-17,949 Türkiye Büyük Millet Meclisi Komisyonları Üyeliklerine Yapılan Seçime Dair Karar,https://www.resmigazete.gov.tr/eskiler/2009/10/20091017-1.htm
2009-10-17,2009/15453 Türkiye Cumhuriyeti Genelkurmay Başkanlığı ile Kore Cumhuriyeti Milli Savunma Bakanlığı Arasında Personelin Sosyal ve Kültürel Amaçlı Mübadelesine İlişkin Protokol’ün Onaylanması Hakkında Karar,https://www.resmigazete.gov.tr/eskiler/2009/10/20091017-2.htm
2009-10-17,2009/15458 Türkiye Cumhuriyeti Hükümeti ile Bosna-Hersek Bakanlar Kurulu Arasında İmzalanan İşbirliği Protokolü’nün Onaylanması Hakkında Karar,https://www.resmigazete.gov.tr/eskiler/2009/10/20091017-3.htm
2009-10-17,"2009/15482 Radyo, Televizyon, Video ve Birleşik Cihazlardan Alınacak Ücretlerin Tespitine İlişkin 20/12/2004 Tarihli ve 2004/8331 Sayılı Kararnamenin Eki Kararda Değişiklik Yapılmasına İlişkin Kararın Yürürlüğe Konulması Hakkında Karar",https://www.resmigazete.gov.tr/eskiler/2009/10/20091017-4.htm
2009-10-17,2009/15501 Ulaştırma Bakanlığı Kara Ulaştırması Genel Müdürlüğü Bünyesinde 3 Adet Daire Başkanlığı ile 11 Adet Şube Müdürlüğü Kurulması Hakkında Karar,https://www.resmigazete.gov.tr/eskiler/2009/10/20091017-5.htm
2009-10-17,"Yükseköğretim Kurulu Üyeliğine, Prof. Dr. Mustafa İSEN’in Seçilmesi Hakkında Karar (2009/17)",https://www.resmigazete.gov.tr/eskiler/2009/10/20091017-6.htm
2009-10-17,— Hâkimler ve Savcılar Yüksek Kuruluna Ait Karar,https://www.resmigazete.gov.tr/eskiler/2009/10/20091017-7.htm
2009-10-17,2009/15480 Memurlara Yapılacak Giyecek Yardımı Yönetmeliğinde Değişiklik Yapılmasına Dair Yönetmelik,https://www.resmigazete.gov.tr/eskiler/2009/10/20091017-8.htm
2009-10-17,— Millî Savunma Bakanlığı Sevk Tehiri İşlemleri Yönetmeliği,https://www.resmigazete.gov.tr/eskiler/2009/10/20091017-9.htm
2009-10-17,— Organik Tarımın Esasları ve Uygulanmasına İlişkin Yönetmelikte Değişiklik Yapılmasına Dair Yönetmelik,https://www.resmigazete.gov.tr/eskiler/2009/10/20091017-10.htm
2009-10-17,— Zirai Karantina Yönetmeliğinde Değişiklik Yapılmasına Dair Yönetmelik,https://www.resmigazete.gov.tr/eskiler/2009/10/20091017-11.htm
2009-10-17,— Gençlik Merkezleri Yönetmeliğinde Değişiklik Yapılmasına Dair Yönetmelik,https://www.resmigazete.gov.tr/eskiler/2009/10/20091017-12.htm
2009-10-17,— İller Bankası Genel Müdürlüğü Personeli Görevde Yükselme ve Unvan Değişikliği Yönetmeliğinde Değişiklik Yapılmasına Dair Yönetmelik,https://www.resmigazete.gov.tr/eskiler/2009/10/20091017-13.htm
2009-10-17,— Özelleştirme Yüksek Kurulunun 12/10/2009 Tarihli ve 2009/53 Sayılı Kararı,https://www.resmigazete.gov.tr/eskiler/2009/10/20091017-14.htm
2009-10-17,"Tıklayınız 17/10/2009 tarihli ve 27379 sayılı mükerrer Resmî Gazete'de; 2009/15513 sayılı ""2010 Yılı Programı ile 2010 Yılı Programının Uygulanması, Koordinasyonu ve İzlenmesine Dair Kararın Kabulü"" ile 2009/15514 sayılı ""Kamu İktisadi Teşebbüsleri ve Bağlı Ortaklarının, 2010 Yılına Ait, Genel Yatırım ve Finansman Programının Tespitine Dair Karar"" yayımlanmıştır.",http://www.resmigazete.gov.tr/eskiler/2009/10/20091017M1.htm
2009-10-18,2009/15471 Türkiye Cumhuriyeti Hükümeti ile Kırgız Cumhuriyeti Hükümeti Arasında Kendi Vatandaşlarının Geri Kabulüne İlişkin Anlaşmanın Onaylanması Hakkında Karar,https://www.resmigazete.gov.tr/eskiler/2009/10/20091018-1.htm
2009-10-18,"— Enerji ve Tabii Kaynaklar Bakanlığına, Adalet Bakanı Sadullah ERGİN’in Vekâlet Etmesine Dair Tezkere",https://www.resmigazete.gov.tr/eskiler/2009/10/20091018-2.htm
2009-10-18,"— Tarım ve Köyişleri Bakanlığına, Devlet Bakanı Faruk Nafız ÖZAK’ın, Vekâlet Etmesine Dair Tezkere",https://www.resmigazete.gov.tr/eskiler/2009/10/20091018-3.htm
2009-10-18,— Ağrı İbrahim Çeçen Üniversitesi Sürekli Eğitim Uygulama ve Araştırma Merkezi Yönetmeliği,https://www.resmigazete.gov.tr/eskiler/2009/10/20091018-4.htm
2009-10-18,— Çağ Üniversitesi Ön Lisans ve Lisans Eğitim-Öğretim ve Sınav Yönetmeliğinde Değişiklik Yapılmasına Dair Yönetmelik,https://www.resmigazete.gov.tr/eskiler/2009/10/20091018-5.htm
2009-10-18,— Okan Üniversitesi Ulaştırma Teknolojileri ve Akıllı Otomotiv Sistemleri Uygulama ve Araştırma Merkezi Yönetmeliği,https://www.resmigazete.gov.tr/eskiler/2009/10/20091018-6.htm
2009-10-18,— 2009 Yılı Eylül Ayına Ait Dahilde İşleme İzin Belgelerinin (D1) Listesi,https://www.resmigazete.gov.tr/eskiler/2009/10/20091018-7.xls
2009-10-18,— 2009 Yılı Eylül Ayına Ait Yurt İçi Satış ve Teslim Belgelerinin (D3) Listesi,https://www.resmigazete.gov.tr/eskiler/2009/10/20091018-8.xls
2009-10-18,— 2009 Yılı Eylül Ayına Ait Hariçte İşleme İzin Belgelerinin (H) Listesi,https://www.resmigazete.gov.tr/eskiler/2009/10/20091018-9.xls
2009-10-18,"— 2009 Yılı Eylül Ayına Ait Vergi, Resim ve Harç İstisnası Belgelerinin (Y) Listesi",https://www.resmigazete.gov.tr/eskiler/2009/10/20091018-10.xls
2009-10-18,— Firma Talebine İstinaden İptal Edilen Dahilde İşleme İzin Belgeleri Listesi,https://www.resmigazete.gov.tr/eskiler/2009/10/20091018-11.xls
2009-10-18,— Re’sen Kapatılan Dahilde İşleme İzin Belgeleri Listesi,https://www.resmigazete.gov.tr/eskiler/2009/10/20091018-12.xls
2009-10-18,— Re’sen İptal Edilen Dahilde İşleme İzin Belgeleri Listesi,https://www.resmigazete.gov.tr/eskiler/2009/10/20091018-13.xls
2009-10-19,"2009/15473 Türkiye Cumhuriyeti Hükümeti ile Katar Devleti Hükümeti Arasında Diplomatik, Hizmet ve Hususi Pasaport Hamilleri İçin Vizenin Karşılıklı Olarak Kaldırılmasına Dair Mutabakat Muhtırasının Onaylanması Hakkında Karar",https://www.resmigazete.gov.tr/eskiler/2009/10/20091019-1.htm
2009-10-19,"— Yükseköğretim Kurulu Üyeliğine, Prof. Dr. M. A. Yekta SARAÇ’ın Yeniden Seçilmesi Hakkında Karar (No: 2009/15)",https://www.resmigazete.gov.tr/eskiler/2009/10/20091019-2.htm
2009-10-19,"— Yükseköğretim Kurulu Üyeliğine, Sosyal Güvenlik Kurumu Başkanı Dr. M. Emin ZARARSIZ’ın Seçilmesi Hakkında Karar (No: 2009/16)",https://www.resmigazete.gov.tr/eskiler/2009/10/20091019-3.htm
2009-10-19,— İzmir Üniversitesi Ana Yönetmeliği,https://www.resmigazete.gov.tr/eskiler/2009/10/20091019-4.htm
2009-10-20,"— Devlet Bakanı Mehmet Zafer ÇAĞLAYAN’a, Devlet Bakanı Mehmet AYDIN’ın Vekâlet Etmesine Dair Tezkere",https://www.resmigazete.gov.tr/eskiler/2009/10/20091020-1.htm
2009-10-20,"— Devlet Bakanı Egemen BAĞIŞ’a, Devlet Bakanı Selma Aliye KAVAF’ın Vekâlet Etmesine Dair Tezkere",https://www.resmigazete.gov.tr/eskiler/2009/10/20091020-2.htm
2009-10-20,"— Milli Savunma Bakanlığına, Bayındırlık ve İskan Bakanı Mustafa DEMİR’in Vekâlet Etmesine Dair Tezkere",https://www.resmigazete.gov.tr/eskiler/2009/10/20091020-3.htm
2009-10-20,"— Maliye Bakanlığına, Devlet Bakanı Cevdet YILMAZ’ın Vekâlet Etmesine Dair Tezkere",https://www.resmigazete.gov.tr/eskiler/2009/10/20091020-4.htm
2009-10-20,"— Ulaştırma Bakanlığına, Çevre ve Orman Bakanı Veysel EROĞLU’nun Vekâlet Etmesine Dair Tezkere",https://www.resmigazete.gov.tr/eskiler/2009/10/20091020-5.htm
2009-10-20,— Hâkimler ve Savcılar Yüksek Kuruluna Ait Karar,https://www.resmigazete.gov.tr/eskiler/2009/10/20091020-6.htm
2009-10-20,— Türkiye Radyo-Televizyon Kurumu Kuruluş ve Görevleri Hakkında Yönetmelik,https://www.resmigazete.gov.tr/eskiler/2009/10/20091020-7.htm
2009-10-20,— Muğla Üniversitesi Sağlık Uygulama ve Araştırma Merkezi Yönetmeliği,https://www.resmigazete.gov.tr/eskiler/2009/10/20091020-8.htm
2009-10-20,"— Sermaye Piyasası Araçlarının Kredili Alım, Açığa Satış ve Ödünç Alma ve Verme İşlemleri Hakkında Tebliğde Değişiklik Yapılmasına Dair Tebliğ (Seri: V, No: 111)",https://www.resmigazete.gov.tr/eskiler/2009/10/20091020-9.htm
2009-10-21,— Milli Eğitim Bakanlığı Özel Dershaneler Yönetmeliği,https://www.resmigazete.gov.tr/eskiler/2009/10/20091021-1.htm
2009-10-21,— Elektrik Piyasası Lisans Yönetmeliğinde Değişiklik Yapılmasına Dair Yönetmelik,https://www.resmigazete.gov.tr/eskiler/2009/10/20091021-2.htm
2009-10-21,— Türkiye Taekwondo Federasyonu Ana Statüsünde Değişiklik Yapılmasına Dair Ana Statü,https://www.resmigazete.gov.tr/eskiler/2009/10/20091021-3.htm
2009-10-21,— Mecburi Standardın Yürürlükten Kaldırılmasına Dair Tebliğ (No: ÖSG-2009/25),https://www.resmigazete.gov.tr/eskiler/2009/10/20091021-4.htm
2009-10-21,— Mecburi Standardın Yürürlükten Kaldırılmasına Dair Tebliğ (No: ÖSG-2009/26),https://www.resmigazete.gov.tr/eskiler/2009/10/20091021-5.htm
2009-10-21,— Bankacılık Düzenleme ve Denetleme Kurulunun 15/10/2009 Tarihli ve 3387 Sayılı Kararı,https://www.resmigazete.gov.tr/eskiler/2009/10/20091021-6.htm
2009-10-21,"— Yargıtay 7, 18 ve 21. Hukuk Dairelerine Ait Kararlar",https://www.resmigazete.gov.tr/eskiler/2009/10/20091021-7.htm
2009-10-22,"— Dışişleri Bakanlığına, Enerji ve Tabii Kaynaklar Bakanı Taner YILDIZ’ın Vekâlet Etmesine Dair Tezkere",https://www.resmigazete.gov.tr/eskiler/2009/10/20091022-4.htm
2009-10-22,"— Yükseköğretim Kurulu Üyeliğine, Prof. Dr. Recep ÖZTÜRK’ün Seçilmesi Hakkında Karar (No: 2009/18)",https://www.resmigazete.gov.tr/eskiler/2009/10/20091022-8.htm
2009-10-22,2009/15508 Dışişleri Bakanlığı Bazı Mensuplarının Çeşitli Görevlere Atanmalarına Dair Karar,https://www.resmigazete.gov.tr/eskiler/2009/10/20091022-7.htm
2009-10-22,— Ulaştırma Bakanlığına Ait Atama Kararı,https://www.resmigazete.gov.tr/eskiler/2009/10/20091022-9.htm
2009-10-22,— Sağlık Bakanlığı Atama ve Nakil Yönetmeliğinde Değişiklik Yapılmasına Dair Yönetmelik,https://www.resmigazete.gov.tr/eskiler/2009/10/20091022-1.htm
2009-10-22,— Çevre Denetimi Yönetmeliğinde Değişiklik Yapılmasına Dair Yönetmelik,https://www.resmigazete.gov.tr/eskiler/2009/10/20091022-2.htm
2009-10-22,— Ulusal Bor Araştırma Enstitüsü Proje Destekleme Esaslarına Dair Yönetmelik,https://www.resmigazete.gov.tr/eskiler/2009/10/20091022-3.htm
2009-10-22,— Tır Uygulama Tebliğinde Değişiklik Yapılmasına Dair Tebliğ,https://www.resmigazete.gov.tr/eskiler/2009/10/20091022-5.htm
2009-10-22,"— Aracılık Faaliyetleri ve Aracı Kuruluşlara İlişkin Esaslar Hakkında Tebliğde Değişiklik Yapılmasına Dair Tebliğ (Seri: V, No: 113)",https://www.resmigazete.gov.tr/eskiler/2009/10/20091022-6.htm
2009-10-23,"— Maliye Bakanlığı Personeli Görevde Yükselme, Unvan Değişikliği ve Atama Yönetmeliğinde Değişiklik Yapılmasına Dair Yönetmelik",https://www.resmigazete.gov.tr/eskiler/2009/10/20091023-1.htm
2009-10-23,— Millî Eğitim Bakanlığı Özel Hizmet İçi Eğitim Merkezleri Yönetmeliği,https://www.resmigazete.gov.tr/eskiler/2009/10/20091023-2.htm
2009-10-23,— Petrol Piyasasında Uygulanacak Teknik Kriterler Hakkında Yönetmelikte Değişiklik Yapılmasına Dair Yönetmelik,https://www.resmigazete.gov.tr/eskiler/2009/10/20091023-3.htm
2009-10-23,"— İhracat 2008/6 Sayılı İhracat, Transit Ticaret, İhracat Sayılan Satış ve Teslimler ile Döviz Kazandırıcı Hizmet ve Faaliyetlerde Vergi, Resim ve Harç İstisnası Hakkında Tebliğde Değişiklik Yapılmasına Dair Tebliğ (İhracat: 2009/13)",https://www.resmigazete.gov.tr/eskiler/2009/10/20091023-4.htm
2009-10-24,2009/15523 Türkiye Cumhuriyeti ile Kuzey Kıbrıs Türk Cumhuriyeti Arasında İmzalanan 20/7/2006 Tarihli Ekonomik ve Mali İşbirliği Protokolüne 2. Ek Protokolün Onaylanması Hakkında Karar,https://www.resmigazete.gov.tr/eskiler/2009/10/20091024-1.htm
2009-10-24,"— Başbakanlığa, Devlet Bakanı Hayati YAZICI’nın Vekâlet Etmesine Dair Tezkere",https://www.resmigazete.gov.tr/eskiler/2009/10/20091024-2.htm
2009-10-24,"— Devlet Bakanı ve Başbakan Yardımcısı Cemil ÇİÇEK’e, Bayındırlık ve İskan Bakanı Mustafa DEMİR’in Vekâlet Etmesine Dair Tezkere",https://www.resmigazete.gov.tr/eskiler/2009/10/20091024-3.htm
2009-10-24,"— Devlet Bakanı Mehmet AYDIN’a, Sağlık Bakanı Recep AKDAĞ’ın Vekâlet Etmesine Dair Tezkere",https://www.resmigazete.gov.tr/eskiler/2009/10/20091024-4.htm
2009-10-24,"— Devlet Bakanı Mehmet Zafer ÇAĞLAYAN’a, Adalet Bakanı Sadullah ERGİN’in Vekâlet Etmesine Dair Tezkere",https://www.resmigazete.gov.tr/eskiler/2009/10/20091024-5.htm
2009-10-24,"— Devlet Bakanı Selma Aliye KAVAF’a, Devlet Bakanı Egemen BAĞIŞ’ın Vekâlet Etmesine Dair Tezkere",https://www.resmigazete.gov.tr/eskiler/2009/10/20091024-6.htm
2009-10-24,"— Dışişleri Bakanlığına, Milli Savunma Bakanı M. Vecdi GÖNÜL’ün Vekâlet Etmesine Dair Tezkere",https://www.resmigazete.gov.tr/eskiler/2009/10/20091024-7.htm
2009-10-24,"— Enerji ve Tabii Kaynaklar Bakanlığına, İçişleri Bakanı Beşir ATALAY’ın Vekâlet Etmesine Dair Tezkere",https://www.resmigazete.gov.tr/eskiler/2009/10/20091024-8.htm
2009-10-24,— Millî Savunma Bakanlığına Ait Atama Kararı,https://www.resmigazete.gov.tr/eskiler/2009/10/20091024-9.htm
2009-10-24,— Türkiye Demiryolu Makinaları Sanayi Anonim Şirketi Genel Müdürlüğünün 4734 Sayılı Kanunun 3 üncü Maddesinin Birinci Fıkrasının (g) Bendi Kapsamında Yapacağı Mal ve Hizmet Alımları Hakkında Yönetmelik,https://www.resmigazete.gov.tr/eskiler/2009/10/20091024-10.htm
2009-10-24,— Türkiye Radyo-Televizyon Kurumu Hizmetlerinin Tanımı ve Bu Hizmetlere Atanacak Personel Yönetmeliğinde Değişiklik Yapılmasına Dair Yönetmelik,https://www.resmigazete.gov.tr/eskiler/2009/10/20091024-11.htm
2009-10-24,— Karayolları Genel Müdürlüğü Sicil Amirleri Yönetmeliği,https://www.resmigazete.gov.tr/eskiler/2009/10/20091024-12.htm
2009-10-24,— Özelleştirme Yüksek Kurulunun 19/10/2009 Tarih ve 2009/59 Sayılı Kararı,https://www.resmigazete.gov.tr/eskiler/2009/10/20091024-13.htm
2009-10-25,"— Cumhurbaşkanlığına, Türkiye Büyük Millet Meclisi Başkanı Mehmet Ali ŞAHİN’in Vekâlet Etmesine Dair Tezkere",https://www.resmigazete.gov.tr/eskiler/2009/10/20091025-1.htm
2009-10-25,"— Devlet Bakanı Faruk ÇELİK’e, Devlet Bakanı ve Başbakan Yardımcısı Bülent ARINÇ’ın Vekâlet Etmesine Dair Tezkere",https://www.resmigazete.gov.tr/eskiler/2009/10/20091025-2.htm
2009-10-25,"— Tarım ve Köyişleri Bakanlığına, Sanayi ve Ticaret Bakanı Nihat ERGÜN’ün Vekâlet Etmesine Dair Tezkere",https://www.resmigazete.gov.tr/eskiler/2009/10/20091025-3.htm
2009-10-25,"— Çalışma ve Sosyal Güvenlik Bakanlığına, Devlet Bakanı Faruk Nafız ÖZAK’ın Vekâlet Etmesine Dair Tezkere",https://www.resmigazete.gov.tr/eskiler/2009/10/20091025-4.htm
2009-10-25,— Galatasaray Üniversitesi Atatürk İlkeleri ve İnkıl p Tarihi Uygulama ve Araştırma Merkezi Yönetmeliği,https://www.resmigazete.gov.tr/eskiler/2009/10/20091025-5.htm
2009-10-25,"— Sermaye Piyasasında Bağımsız Denetim Standartları Hakkında Tebliğde Değişiklik Yapılmasına Dair Tebliğ (Seri: X, No: 25)",https://www.resmigazete.gov.tr/eskiler/2009/10/20091025-6.htm
2009-10-26,"— Devlet Bakanı ve Başbakan Yardımcısı Ali BABACAN’a, Ulaştırma Bakanı Binali YILDIRIM’ın Vekâlet Etmesine Dair Tezkere",https://www.resmigazete.gov.tr/eskiler/2009/10/20091026-1.htm
2009-10-26,"— Devlet Bakanı Cevdet YILMAZ’a, Maliye Bakanı Mehmet ŞİMŞEK’in Vekâlet Etmesine Dair Tezkere",https://www.resmigazete.gov.tr/eskiler/2009/10/20091026-2.htm
2009-10-26,"— Kültür ve Turizm Bakanlığına, Milli Eğitim Bakanı Nimet ÇUBUKÇU’nun Vekâlet Etmesine Dair Tezkere",https://www.resmigazete.gov.tr/eskiler/2009/10/20091026-3.htm
2009-10-26,"— Gıda ve Yem Amaçlı Genetik Yapısı Değiştirilmiş Organizmalar ve Ürünlerinin İthalatı, İşlenmesi, İhracatı, Kontrol ve Denetimine Dair Yönetmelik",https://www.resmigazete.gov.tr/eskiler/2009/10/20091026-4.htm
2009-10-26,— Türkiye Adalet Akademisi Başkan ve Başkan Yardımcıları Adaylarının Seçilme Usul ve Esaslarına Dair Yönetmelikte Değişiklik Yapılması Hakkında Yönetmelik,https://www.resmigazete.gov.tr/eskiler/2009/10/20091026-5.htm
2009-10-26,— Kamu Kurum ve Kuruluşlarına Eski Hükümlü İşçi Alınmasında Uygulanacak Usul ve Esaslar Hakkında Yönetmelikte Değişiklik Yapılmasına Dair Yönetmelik,https://www.resmigazete.gov.tr/eskiler/2009/10/20091026-6.htm
2009-10-26,— Dokuz Eylül Üniversitesi Kadın Hakları ve Sorunları Uygulama ve Araştırma Merkezi Yönetmeliği,https://www.resmigazete.gov.tr/eskiler/2009/10/20091026-7.htm
2009-10-27,2009/15531 Fındık Alanlarının Tespitine Dair Kararda Değişiklik Yapılmasına İlişkin Karar,https://www.resmigazete.gov.tr/eskiler/2009/10/20091027-1.htm
2009-10-27,"— Devlet Bakanı ve Başbakan Yardımcısı Bülent ARINÇ’a, Çevre ve Orman Bakanı Veysel EROĞLU’nun Vekâlet Etmesine Dair Tezkere",https://www.resmigazete.gov.tr/eskiler/2009/10/20091027-2.htm
2009-10-27,— Uluslararası Emniyet Yönetimi Kodunun Türk Bayraklı Gemilere ve İşletmecilerine Uygulanmasına Dair Yönetmelik,https://www.resmigazete.gov.tr/eskiler/2009/10/20091027-3.htm
2009-10-27,— Türkiye Radyo-Televizyon Kurumu Sicil Amirleri Yönetmeliğinde Değişiklik Yapılmasına Dair Yönetmelik,https://www.resmigazete.gov.tr/eskiler/2009/10/20091027-4.htm
2009-10-27,— Tekel Teftiş Kurulu Yönetmeliğinde Değişiklik Yapılmasına Dair Yönetmelik,https://www.resmigazete.gov.tr/eskiler/2009/10/20091027-5.htm
2009-10-27,"— Tütün, Tütün Mamulleri, Tuz ve Alkol İşletmeleri Anonim Şirketi Satım ve Kiraya Verme Yönetmeliğinde Değişiklik Yapılmasına Dair Yönetmelik",https://www.resmigazete.gov.tr/eskiler/2009/10/20091027-6.htm
2009-10-28,"— Devlet Bakanı Egemen BAĞIŞ’a, Ulaştırma Bakanı Binali YILDIRIM’ın Vekâlet Etmesine Dair Tezkere",https://www.resmigazete.gov.tr/eskiler/2009/10/20091028-1.htm
2009-10-28,"— Devlet Bakanı Faruk Nafız ÖZAK’a, Devlet Bakanı Selma Aliye KAVAF’ın Vekâlet Etmesine Dair Tezkere",https://www.resmigazete.gov.tr/eskiler/2009/10/20091028-2.htm
2009-10-28,"— Sağlık Bakanlığına, Çalışma ve Sosyal Güvenlik Bakanı Ömer DİNÇER’in Vekâlet Etmesine Dair Tezkere",https://www.resmigazete.gov.tr/eskiler/2009/10/20091028-3.htm
2009-10-28,"— 2809 Sayılı Yükseköğretim Kurumları Teşkilatı Kanununun Ek 55 inci Maddesinde Belirtilen Özel Hesabın Oluşturulması, Kullanımı ve Denetimine Dair Yönetmelik",https://www.resmigazete.gov.tr/eskiler/2009/10/20091028-4.htm
2009-10-28,"— Gençlik ve Spor Genel Müdürlüğü Hukuk Müşavirliğinin Görev, Çalışma ve Vekalet Ücretinin Dağıtılması Hakkında Yönetmelikte Değişiklik Yapılmasına Dair Yönetmelik",https://www.resmigazete.gov.tr/eskiler/2009/10/20091028-5.htm
2009-10-28,— Muğla Üniversitesi Ön Lisans ve Lisans Eğitim-Öğretim ve Sınav Yönetmeliğinde Değişiklik Yapılmasına Dair Yönetmelik,https://www.resmigazete.gov.tr/eskiler/2009/10/20091028-6.htm
2009-10-28,— Zonguldak Karaelmas Üniversitesi Arşiv Yönetmeliğinin Yürürlükten Kaldırılmasına Dair Yönetmelik,https://www.resmigazete.gov.tr/eskiler/2009/10/20091028-7.htm
2009-10-28,— Türk Silahlı Kuvvetleri Mensuplarından Malul Olanlara ve Şehit Olanların Mirasçılarına “Devlet Övünç Madalyası” Verilmesine Dair Tebliğ,https://www.resmigazete.gov.tr/eskiler/2009/10/20091028-8.htm
2009-10-28,— Jandarma Genel Komutanlığı Mensuplarından Malul Olanlara ve Şehit Olanların Mirasçılarına “Devlet Övünç Madalyası” Verilmesine Dair Tebliğ,https://www.resmigazete.gov.tr/eskiler/2009/10/20091028-9.htm
2009-10-28,— Emlak Vergisi Kanunu Genel Tebliği (Seri No: 55),https://www.resmigazete.gov.tr/eskiler/2009/10/20091028-10.htm
2009-10-28,— İşkolu Tespit Kararı (No: 2009/52),https://www.resmigazete.gov.tr/eskiler/2009/10/20091028-11.htm
2009-10-28,— İşkolu Tespit Kararı (No: 2009/53),https://www.resmigazete.gov.tr/eskiler/2009/10/20091028-12.htm
2009-10-28,— İşkolu Tespit Kararı (No: 2009/54),https://www.resmigazete.gov.tr/eskiler/2009/10/20091028-13.htm
2009-10-28,— 2009 Yılı Kurban Hizmetlerinin Uygulanmasına Dair Tebliğ,https://www.resmigazete.gov.tr/eskiler/2009/10/20091028-14.htm
2009-10-28,— Bakanlıklararası Hac ve Umre Kurulu Kararı Doğrultusunda Hac Döneminde Suudi Arabistan’da Çalışacak Geçici İşçiler ile İlgili Tebliğ,https://www.resmigazete.gov.tr/eskiler/2009/10/20091028-15.htm
2009-10-28,— Avukatlık Asgari Ücret Tarifesinde Değişiklik Yapılmasına Dair Tarife,https://www.resmigazete.gov.tr/eskiler/2009/10/20091028-16.htm
2009-10-30,5922 Milletvekili Seçimi Kanununda Değişiklik Yapılmasına Dair Kanun,https://www.resmigazete.gov.tr/eskiler/2009/10/20091030-1.htm
2009-10-30,"— Devlet Bakanı ve Başbakan Yardımcısı Ali BABACAN’a, Ulaştırma Bakanı Binali YILDIRIM’ın Vekâlet Etmesine Dair Tezkerenin İptaline Dair Tezkere",https://www.resmigazete.gov.tr/eskiler/2009/10/20091030-2.htm
2009-10-30,"— Devlet Bakanı Mehmet Zafer ÇAĞLAYAN’a, Ulaştırma Bakanı Binali YILDIRIM’ın Vekâlet Etmesine Dair Tezkere",https://www.resmigazete.gov.tr/eskiler/2009/10/20091030-3.htm
2009-10-30,"— Dışişleri Bakanlığına, İçişleri Bakanı Beşir ATALAY’ın Vekâlet Etmesine Dair Tezkere",https://www.resmigazete.gov.tr/eskiler/2009/10/20091030-4.htm
2009-10-30,"— Sanayi ve Ticaret Bakanlığına, Enerji ve Tabii Kaynaklar Bakanı Taner YILDIZ’ın Vekâlet Etmesine Dair Tezkere",https://www.resmigazete.gov.tr/eskiler/2009/10/20091030-5.htm
2009-10-30,— Dışişleri Bakanlığına Ait Atama Kararı,https://www.resmigazete.gov.tr/eskiler/2009/10/20091030-6.htm
2009-10-30,— Enerji ve Tabii Kaynaklar Bakanlığına Ait Görevlendirme Kararı,https://www.resmigazete.gov.tr/eskiler/2009/10/20091030-7.htm
2009-10-30,— Millî Eğitim Bakanlığı Özel Öğretim Kurumları Yönetmeliğinde Değişiklik Yapılmasına Dair Yönetmelik,https://www.resmigazete.gov.tr/eskiler/2009/10/20091030-8.htm
2009-10-30,— Orman Sayılan Alanlarda Verilecek İzinler Hakkında Yönetmelikte Değişiklik Yapılmasına Dair Yönetmelik,https://www.resmigazete.gov.tr/eskiler/2009/10/20091030-9.htm
2009-10-30,— Eskişehir Osmangazi Üniversitesi Kadın Araştırmaları Uygulama ve Araştırma Merkezi Yönetmeliği,https://www.resmigazete.gov.tr/eskiler/2009/10/20091030-10.htm
2009-10-30,— Deniz Çevresinin Petrol ve Diğer Zararlı Maddelerle Kirlenmesinde Acil Durumlarda Müdahale Görevi Verilebilecek Şirket/Kurum/Kuruluşların Seçimine İlişkin Tebliğ (No: 2009/4),https://www.resmigazete.gov.tr/eskiler/2009/10/20091030-11.htm
2009-10-30,— Kırsal Kalkınma Yatırımlarının Desteklenmesi Programı Çerçevesinde Tarıma Dayalı Yatırımların Desteklenmesi Tebliği (No: 2009/47),https://www.resmigazete.gov.tr/eskiler/2009/10/20091030-12.htm
2009-10-30,— Yargıtay 15. Hukuk Dairesine Ait Karar,https://www.resmigazete.gov.tr/eskiler/2009/10/20091030-13.htm
2009-10-30,"Tıklayınız 30/10/2009 tarihli ve 27391 sayılı mükerrer Resmî Gazete'de; 2009/15454 sayılı ""Tehlikeli Malların Karayolu ile Uluslararası Taşımacılığına İlişkin Avrupa Anlaşması'na Katılmamız Hakkında Karar"" yayımlanmıştır.",http://www.resmigazete.gov.tr/eskiler/2009/10/20091030M1.htm
2009-10-31,"2009/15486 Dokuz Eylül Üniversitesi Rektörlüğü Bünyesinde Bulunan Deniz İşletmeciliği ve Yönetimi Yüksekokulunun Kapatılarak, Adı Geçen Rektörlüğe Bağlı Olarak Denizcilik Fakültesi Kurulması Hakkında Karar",https://www.resmigazete.gov.tr/eskiler/2009/10/20091031-1.htm
2009-10-31,"2009/15496 Çevre ve Orman Bakanlığının Merkez Teşkilatında, Çevre Yönetimi Genel Müdürlüğü Bünyesinde 1 Adet Daire Başkanlığı ile 2 Adet Şube Müdürlüğü Kurulması Hakkında Karar",https://www.resmigazete.gov.tr/eskiler/2009/10/20091031-2.htm
2009-10-31,2009/15498 Güneydoğu Anadolu Projesi Eylem Planı Kapsamındaki İllerde Süt Sığırcılığı Yatırımlarının Desteklenmesine İlişkin Karar,https://www.resmigazete.gov.tr/eskiler/2009/10/20091031-3.htm
2009-10-31,2009/15510 Bazı İllerde Mahalli İdare Birliklerinin Kurulmasına İzin Verilmesi Hakkında Karar,https://www.resmigazete.gov.tr/eskiler/2009/10/20091031-4.htm
2009-10-31,"2009/15515 Litvanya Vatandaşlarına, Ülkemize Yapacakları Turistik Amaçlı Seyahatlerinde Toplam Kalış (İkamet) Süresi 180 Gün İçerisinde 90 Günü Geçmemek Kaydıyla Vize Muafiyeti Sağlanması Hakkında Karar",https://www.resmigazete.gov.tr/eskiler/2009/10/20091031-5.htm
2009-10-31,"— Devlet Bakanı Mehmet AYDIN’a, Devlet Bakanı Faruk Nafız ÖZAK’ın Vekâlet Etmesine Dair Tezkere",https://www.resmigazete.gov.tr/eskiler/2009/10/20091031-6.htm
2009-10-31,"— Devlet Bakanı Mehmet Zafer ÇAĞLAYAN’a, Ulaştırma Bakanı Binali YILDIRIM’ın Vekâlet Etmesine Dair Tezkere",https://www.resmigazete.gov.tr/eskiler/2009/10/20091031-7.htm
2009-10-31,2009/15519 Türk Silahlı Kuvvetleri Sağlık Yeteneği Yönetmeliğinde Değişiklik Yapılmasına Dair Yönetmelik,https://www.resmigazete.gov.tr/eskiler/2009/10/20091031-8.htm
2009-10-31,"— Sınır Ticaret Merkezlerinin Fiziki Olarak Düzenlenmesi, Eşya ve Stok Kontrollerinin Yapılması ile Bu Merkezlere Giriş ve Çıkışlara İlişkin Usul ve Esaslara Dair Yönetmelik",https://www.resmigazete.gov.tr/eskiler/2009/10/20091031-9.htm
2009-10-31,— Gümrük Laboratuarlarının Faaliyetleri Hakkında Yönetmelik,https://www.resmigazete.gov.tr/eskiler/2009/10/20091031-10.htm
2009-10-31,— Tedavi Katılım Paylarının Tahsiline İlişkin Usul ve Esaslar Hakkında Tebliğ (Sayı: 2009/2),https://www.resmigazete.gov.tr/eskiler/2009/10/20091031-11.htm
2009-11-01,"— Cumhurbaşkanlığına, Türkiye Büyük Millet Meclisi Başkanı Mehmet Ali ŞAHİN’in Vekâlet Etmesine Dair Tezkere",https://www.resmigazete.gov.tr/eskiler/2009/11/20091101-1.htm
2009-11-01,"— Milli Savunma Bakanlığına, Adalet Bakanı Sadullah ERGİN’in Vekâlet Etmesine Dair Tezkere",https://www.resmigazete.gov.tr/eskiler/2009/11/20091101-2.htm
2009-11-01,"— Dışişleri Bakanlığına, İçişleri Bakanı Beşir ATALAY’ın Vekâlet Etmesine Dair Tezkere",https://www.resmigazete.gov.tr/eskiler/2009/11/20091101-3.htm
2009-11-01,"Tıklayınız 1/11/2009 tarihli ve 27393 sayılı mükerrer Resmî Gazete'de; ""2010 Yılı Programı"" yayımlanmıştır.",http://www.resmigazete.gov.tr/eskiler/2009/11/20091101M1.htm
2009-11-02,— Kırıkkale Üniversitesi Kadın Sorunları Uygulama ve Araştırma Merkezi Yönetmeliği,https://www.resmigazete.gov.tr/eskiler/2009/11/20091102-1.htm
2009-11-02,— Kamu Görevlileri Etik Kurulunun 9/10/2009 Tarihli ve 2009/38 Sayılı Kararı,https://www.resmigazete.gov.tr/eskiler/2009/11/20091102-2.htm
2009-11-03,"2009/15487 ""Model Cezaevi Uygulamalarının Yayılması ve Türkiye’de Cezaevi Reformunun Desteklenmesi”ne Dair Avrupa Topluluğu, Avrupa Konseyi ve Türkiye Cumhuriyeti Arasındaki Ortak Program Çerçevesinde Avrupa Konseyi Sekretaryası'nın Türkiye Cumhuriyeti’ndeki (Ankara) Program Destek Ofisine İlişkin Olarak Türkiye Cumhuriyeti Hükümeti ve Avrupa Konseyi Arasında İmzalanan Mutabakat Muhtırası’nın Onaylanması Hakkında Karar",https://www.resmigazete.gov.tr/eskiler/2009/11/20091103-1.htm
2009-11-03,"2009/15492 Filistin’in, “Mısır, Irak, Ürdün, Suriye ve Türkiye’nin (MIÜST) Beş Elektrik Güç Kuruluşu Arasındaki Elektrik Enterkonneksiyonu İçin Genel Enterkonneksiyon Anlaşması” ile “Beş Ülke Arasında (Mısır, Irak, Ürdün, Suriye, Türkiye-EIJST"" Elektriksel Enterkonneksiyon İçin Genel Alışveriş Anlaşması’na Katılımına Dair Ek Anlaşmaların Onaylanması Hakkında Karar",https://www.resmigazete.gov.tr/eskiler/2009/11/20091103-2.htm
2009-11-03,2009/15512 Türkiye Cumhuriyeti Genelkurmay Başkanlığı ile Suriye Arap Cumhuriyeti Ordusu Genel Komutanlığı Arasında İmzalanan “Personelin Sosyal ve Kültürel Amaçlı Mübadelesine İlişkin Protokol”ün Onaylanması Hakkında Karar,https://www.resmigazete.gov.tr/eskiler/2009/11/20091103-3.htm
2009-11-03,"— Tarım ve Köyişleri Bakanlığına, Milli Eğitim Bakanı Nimet ÇUBUKÇU’nun Vekâlet Etmesine Dair Tezkere",https://www.resmigazete.gov.tr/eskiler/2009/11/20091103-4.htm
2009-11-03,"— Çalışma ve Sosyal Güvenlik Bakanlığına, Sağlık Bakanı Recep AKDAĞ’ın Vekâlet Etmesine Dair Tezkere",https://www.resmigazete.gov.tr/eskiler/2009/11/20091103-5.htm
2009-11-03,"— Sanayi ve Ticaret Bakanlığına, Enerji ve Tabii Kaynaklar Bakanı Taner YILDIZ’ın Vekâlet Etmesine Dair Tezkere",https://www.resmigazete.gov.tr/eskiler/2009/11/20091103-6.htm
2009-11-03,"— Çevre ve Orman Bakanlığına, Bayındırlık ve İskan Bakanı Mustafa DEMİR’in Vekâlet Etmesine Dair Tezkere",https://www.resmigazete.gov.tr/eskiler/2009/11/20091103-7.htm
2009-11-03,— Hâkimler ve Savcılar Yüksek Kuruluna Ait Karar,https://www.resmigazete.gov.tr/eskiler/2009/11/20091103-8.htm
2009-11-03,— Okul Spor Kulüpleri Yönetmeliğinde Değişiklik Yapılmasına İlişkin Yönetmelik,https://www.resmigazete.gov.tr/eskiler/2009/11/20091103-9.htm
2009-11-03,— 4123 Sayılı Kanunun Geçici Birinci Maddesinin Uygulanmasına Dair Yönetmelikte Değişiklik Yapılmasına İlişkin Yönetmelik,https://www.resmigazete.gov.tr/eskiler/2009/11/20091103-10.htm
2009-11-03,— Sanayi ve Ticaret Bakanlığı Piyasa Gözetimi ve Denetimi Yönetmeliğinde Değişiklik Yapılmasına Dair Yönetmelik,https://www.resmigazete.gov.tr/eskiler/2009/11/20091103-11.htm
2009-11-03,— Türk Standardları Enstitüsünün Onaylanmış Kuruluş Olarak Görevlendirilmesine Dair Tebliğ,https://www.resmigazete.gov.tr/eskiler/2009/11/20091103-12.htm
2009-11-04,2009/15488 Bazı Ülkelerin ve Beyanla Brezilya’nın “Uluslararası Çocuk Kaçırmanın Hukuki Veçhelerine Dair Sözleşme”ye Katılmalarına İlişkin Kabul Beyanında Bulunulması Hakkında Karar,https://www.resmigazete.gov.tr/eskiler/2009/11/20091104-1.htm
2009-11-04,2009/15491 Bazı Ülkelerin “Hukuki veya Ticari Konularda Yabancı Ülkelerde Delil Sağlanması Hakkında Sözleşme”ye Katılmalarına İlişkin Kabul Beyanında Bulunulması Hakkında Karar,https://www.resmigazete.gov.tr/eskiler/2009/11/20091104-2.htm
2009-11-04,— Erciyes Üniversitesi Psikolojik Danışma ve Rehberlik Uygulama ve Araştırma Merkezi Yönetmeliği,https://www.resmigazete.gov.tr/eskiler/2009/11/20091104-3.htm
2009-11-04,— Gaziantep Üniversitesi Önlisans ve Lisans Eğitim-Öğretim ile Sınav ve Değerlendirme Esaslarına İlişkin Yönetmelikte Değişiklik Yapılmasına Dair Yönetmelik,https://www.resmigazete.gov.tr/eskiler/2009/11/20091104-4.htm
2009-11-04,"— Çevre Denetimi Yönetmeliği ve Çevre Kanununca Alınması Gereken İzin ve Lisanslar Hakkında Yönetmelik Kapsamında Çevre Görevlilerine, Çevre Danışmanlık Kurum ve Kuruluşlarına Yeterlik Verilmesi Hakkında Tebliğ",https://www.resmigazete.gov.tr/eskiler/2009/11/20091104-5.htm
2009-11-05,2009/15511 Türkiye Cumhuriyeti Hükümeti ile Venezuela Cumhuriyeti Hükümeti Arasında İmzalanan “Turizm Alanında İşbirliği Anlaşması”nın Onaylanması Hakkında Karar,https://www.resmigazete.gov.tr/eskiler/2009/11/20091105-1.htm
2009-11-05,2009/15518 Türkiye Cumhuriyeti Hükümeti ile Rusya Federasyonu Hükümeti Arasında İmzalanan “Savunma Sanayii Alanında İkili İş Birliği Süresince Mübadele Edilen veya Oluşturulan Gizlilik Dereceli Bilgi ve Malzemelerin Karşılıklı Korunması Anlaşması”nın Onaylanması Hakkında Karar,https://www.resmigazete.gov.tr/eskiler/2009/11/20091105-2.htm
2009-11-05,"— Devlet Bakanı Egemen BAĞIŞ’a, Devlet Bakanı Faruk Nafız ÖZAK’ın Vekâlet Etmesine Dair Tezkere",https://www.resmigazete.gov.tr/eskiler/2009/11/20091105-3.htm
2009-11-05,— Borsa Dışı Teşkilatlanmış Menkul Kıymetler Piyasalarının Kuruluş ve Çalışma Esasları Hakkında Yönetmelikte Değişiklik Yapılmasına Dair Yönetmelik,https://www.resmigazete.gov.tr/eskiler/2009/11/20091105-4.htm
2009-11-05,— Ankara Üniversitesi Lisansüstü Eğitim-Öğretim Yönetmeliği,https://www.resmigazete.gov.tr/eskiler/2009/11/20091105-5.htm
2009-11-05,— Celal Bayar Üniversitesi Sağlık Uygulama ve Araştırma Merkezi Yönetmeliği,https://www.resmigazete.gov.tr/eskiler/2009/11/20091105-6.htm
2009-11-05,— Erciyes Üniversitesi Astronomi ve Uzay Bilimleri Gözlemevi Uygulama ve Araştırma Merkezi Yönetmeliği,https://www.resmigazete.gov.tr/eskiler/2009/11/20091105-7.htm
2009-11-05,— Türkiye Okçuluk Federasyonu Ana Statüsünde Değişiklik Yapılmasına Dair Ana Statü,https://www.resmigazete.gov.tr/eskiler/2009/11/20091105-8.htm
2009-11-05,— Ulusal Meslek Standartlarına Dair Tebliğ,https://www.resmigazete.gov.tr/eskiler/2009/11/20091105-9.htm
2009-11-06,2009/15517 Türkiye Cumhuriyeti Hükümeti ile Tayland Krallığı Hükümeti Arasında İmzalanan “Bilimsel ve Teknolojik İşbirliği Anlaşması”nın Onaylanması Hakkında Karar,https://www.resmigazete.gov.tr/eskiler/2009/11/20091106-1.htm
2009-11-06,"— Devlet Bakanı ve Başbakan Yardımcısı Ali BABACAN’a, Devlet Bakanı ve Başbakan Yardımcısı Cemil ÇİÇEK’in Vekâlet Etmesine Dair Tezkere",https://www.resmigazete.gov.tr/eskiler/2009/11/20091106-2.htm
2009-11-06,"— Dışişleri Bakanlığına, Devlet Bakanı Selma Aliye KAVAF’ın Vekâlet Etmesine Dair Tezkere",https://www.resmigazete.gov.tr/eskiler/2009/11/20091106-3.htm
2009-11-06,— Hükümlü ve Tutukluların Ziyaret Edilmeleri Hakkında Yönetmelikte Değişiklik Yapılmasına Dair Yönetmelik,https://www.resmigazete.gov.tr/eskiler/2009/11/20091106-4.htm
2009-11-06,— Erciyes Üniversitesi Orta Anadolu Biyoteknoloji Uygulama ve Araştırma Merkezi Yönetmeliği,https://www.resmigazete.gov.tr/eskiler/2009/11/20091106-5.htm
2009-11-06,— İstanbul Gelişim Meslek Yüksekokulu Zorunlu İngilizce Hazırlık Sınıfı Eğitim-Öğretim ve Sınav Yönetmeliği,https://www.resmigazete.gov.tr/eskiler/2009/11/20091106-6.htm
2009-11-06,— Kıyı Tesisleri Deniz Kirliliği Zorunlu Mali Sorumluluk Sigortası Tarife ve Talimatı,https://www.resmigazete.gov.tr/eskiler/2009/11/20091106-7.htm
2009-11-06,— Yangın Söndürme Cihazlarının Servis Hizmetleri Hakkında Tebliğin Yürürlükten Kaldırılmasına Dair Tebliğ (No: ÖSG-2009/27),https://www.resmigazete.gov.tr/eskiler/2009/11/20091106-8.htm
2009-11-07,"— Devlet Bakanı Faruk ÇELİK’e, Milli Savunma Bakanı M. Vecdi GÖNÜL’ün Vekâlet Etmesine Dair Tezkere",https://www.resmigazete.gov.tr/eskiler/2009/11/20091107-1.htm
2009-11-07,— Hükümlü Nurettin ATEŞ’in Kalan Cezasının Kaldırılmasına Dair Karar (No: 2009/19),https://www.resmigazete.gov.tr/eskiler/2009/11/20091107-2.htm
2009-11-07,— Hükümlü Şirin AYDIN’ın Kalan Cezasının Kaldırılmasına Dair Karar (No: 2009/20),https://www.resmigazete.gov.tr/eskiler/2009/11/20091107-3.htm
2009-11-07,— Hükümlü Fehmi AKAR’ın Kalan Cezasının Kaldırılmasına Dair Karar (No: 2009/21),https://www.resmigazete.gov.tr/eskiler/2009/11/20091107-4.htm
2009-11-07,— Hükümlü Güler ZERE’nin Kalan Cezasının Kaldırılmasına Dair Karar (No: 2009/22),https://www.resmigazete.gov.tr/eskiler/2009/11/20091107-5.htm
2009-11-07,— Kimlik Paylaşımı ve Adres Kayıt Sistemi Üzerinden Alınan Bilgiler Karşılığında Katılma Payı Ödenmesine İlişkin Usul ve Esaslar Hakkında Tebliğ,https://www.resmigazete.gov.tr/eskiler/2009/11/20091107-6.htm
2009-11-07,— Tütün Mamulleri ve Alkollü İçkilerde Bandrollü Ürün İzleme Sistemi Genel Tebliği (Seri No: 6),https://www.resmigazete.gov.tr/eskiler/2009/11/20091107-7.htm
2009-11-07,— 2009 Yılı Kurban Hizmetlerinin Uygulanmasına Dair Tebliğde Değişiklik Yapılmasına Dair Tebliğ,https://www.resmigazete.gov.tr/eskiler/2009/11/20091107-8.htm
2009-11-08,"— Devlet Bakanı Faruk ÇELİK’e, Devlet Bakanı Hayati YAZICI’nın Vekâlet Etmesine Dair Tezkere",https://www.resmigazete.gov.tr/eskiler/2009/11/20091108-1.htm
2009-11-08,— İşkolu Tespit Kararı (No: 2009/55),https://www.resmigazete.gov.tr/eskiler/2009/11/20091108-2.htm
2009-11-08,— Ticari Kalite Denetim Yeterlik Belgesi İptaline İlişkin Tebliğ (No: 2009/46),https://www.resmigazete.gov.tr/eskiler/2009/11/20091108-3.htm
2009-11-08,— Bankacılık Düzenleme ve Denetleme Kurulunun 5/11/2009 Tarihli ve 3414 Sayılı Kararı,https://www.resmigazete.gov.tr/eskiler/2009/11/20091108-4.htm
2009-11-09,— Eti Maden İşletmeleri Genel Müdürlüğü Ana Statüsü,https://www.resmigazete.gov.tr/eskiler/2009/11/20091109-1.htm
2009-11-10,"950 (10/333, 334, 335) Esas Numaralı Meclis Araştırması Komisyonunun Görev Süresinin Uzatılmasına İlişkin Karar",https://www.resmigazete.gov.tr/eskiler/2009/11/20091110-1.htm
2009-11-10,"— Devlet Bakanı Hayati YAZICI’ya, Devlet Bakanı Faruk ÇELİK’in Vekâlet Etmesine Dair Tezkere",https://www.resmigazete.gov.tr/eskiler/2009/11/20091110-2.htm
2009-11-10,"— Devlet Bakanı Cevdet YILMAZ’a, Devlet Bakanı Mehmet Zafer ÇAĞLAYAN’ın Vekâlet Etmesine Dair Tezkere",https://www.resmigazete.gov.tr/eskiler/2009/11/20091110-3.htm
2009-11-10,"— Maliye Bakanlığına, Çalışma ve Sosyal Güvenlik Bakanı Ömer DİNÇER’in Vekâlet Etmesine Dair Tezkere",https://www.resmigazete.gov.tr/eskiler/2009/11/20091110-4.htm
2009-11-10,"— Tarım ve Köyişleri Bakanlığına, Milli Eğitim Bakanı Nimet ÇUBUKÇU’nun Vekâlet Etmesine Dair Tezkerenin İptaline Dair Tezkere",https://www.resmigazete.gov.tr/eskiler/2009/11/20091110-5.htm
2009-11-10,— Trabzon İli Beşikdüzü İlçesine Bağlı Türkelli Beldesinin İsminin “Oğuz” Olarak Değiştirilmesine Dair Karar,https://www.resmigazete.gov.tr/eskiler/2009/11/20091110-6.htm
2009-11-10,— Tapu Sicil Müdürlüklerince Düzenlenen Resm,https://www.resmigazete.gov.tr/eskiler/2009/11/20091110-7.htm
2009-11-10,— Tarıma Dayalı İhtisas Organize Sanayi Bölgeleri Uygulama Yönetmeliği,https://www.resmigazete.gov.tr/eskiler/2009/11/20091110-8.htm
2009-11-10,— Kimyasalların Envanteri ve Kontrolü Hakkında Yönetmelikte Değişiklik Yapılmasına Dair Yönetmelik,https://www.resmigazete.gov.tr/eskiler/2009/11/20091110-9.htm
2009-11-10,— Devlet Meteoroloji İşleri Genel Müdürlüğü Personelinin Yer Değiştirme Suretiyle Atanmalarına İlişkin Yönetmelik,https://www.resmigazete.gov.tr/eskiler/2009/11/20091110-10.htm
2009-11-10,— Trakya Üniversitesi Kadın Sorunları Uygulama ve Araştırma Merkezi Yönetmeliği,https://www.resmigazete.gov.tr/eskiler/2009/11/20091110-11.htm
2009-11-10,"— Anayasa Mahkemesinin E: 2005/30, K: 2009/18 Sayılı Kararı (2/9/1971 Tarihli ve 1479 Sayılı Kanunda Değişiklik Yapan 31/5/2000 Tarihli ve 4571, 20/3/2002 Tarihli ve 4747 Sayılı Kanunlar ile İlgili)",https://www.resmigazete.gov.tr/eskiler/2009/11/20091110-12.htm
2009-11-10,"— Anayasa Mahkemesinin E: 2006/94, K: 2009/92 Sayılı Kararı (27/6/1989 Tarihli ve 375 Sayılı Kanun Hükmünde Kararnamede Değişiklik Yapan 21/3/2006 Tarihli ve 5473 Sayılı Kanun ile İlgili)",https://www.resmigazete.gov.tr/eskiler/2009/11/20091110-13.htm
2009-11-10,"— Anayasa Mahkemesinin E: 2007/94, K: 2009/140 Sayılı Kararı (29/3/2003 Tarihli ve 4833 Sayılı Kanun ile İlgili)",https://www.resmigazete.gov.tr/eskiler/2009/11/20091110-14.htm
2009-11-11,2009/15534 Hububat ve Baklagil Üreticilerine Destekleme Primi Ödenmesine Dair Karar,https://www.resmigazete.gov.tr/eskiler/2009/11/20091111-1.htm
2009-11-11,"2009/15537 Çiftçi Kayıt Sistemine Dahil Olan Çiftçilere Mazot, Kimyevi Gübre ve Toprak Analizi Destekleme Ödemesi Yapılması, Bitkisel Üretim Faaliyetinde Sertifikalı Fidan/Fide Kullanımının Desteklenmesi ve Hayvancılığın Desteklenmesine İlişkin Karar",https://www.resmigazete.gov.tr/eskiler/2009/11/20091111-2.htm
2009-11-11,"— Sanayi ve Ticaret Bakanlığına, Enerji ve Tabii Kaynaklar Bakanı Taner YILDIZ’ın Vekâlet Etmesine Dair Tezkere",https://www.resmigazete.gov.tr/eskiler/2009/11/20091111-3.htm
2009-11-11,"— Başbakanlık ile Devlet, Adalet, İçişleri, Bayındırlık ve İskan, Sağlık, Enerji ve Tabii Kaynaklar, Çevre ve Orman Bakanlıkları ve",https://www.resmigazete.gov.tr/eskiler/2009/11/20091111-4.htm
2009-11-11,Hâkimler ve Savcılar Yüksek Kuruluna Ait Atama Kararları — Denizcilik Müsteşarlığı Sicil Amirleri Yönetmeliğinde Değişiklik Yapılmasına Dair Yönetmelik,https://www.resmigazete.gov.tr/eskiler/2009/11/20091111-5.htm
2009-11-11,— Denizcilik Müsteşarlığı Disiplin Amirleri Yönetmeliğinde Değişiklik Yapılmasına Dair Yönetmelik,https://www.resmigazete.gov.tr/eskiler/2009/11/20091111-6.htm
2009-11-11,"— Çalışma ve Sosyal Güvenlik Bakanlığı Yurtdışı İşçi Hizmetleri Uzman Yardımcılığı ve Uzmanlığı Atama, Görev ve Çalışma Yönetmeliğinde Değişiklik Yapılması Hakkında Yönetmelik",https://www.resmigazete.gov.tr/eskiler/2009/11/20091111-7.htm
2009-11-11,— Türkiye Elektrik Dağıtım A.Ş. Genel Müdürlüğü ve Bağlı Dağıtım Şirketlerinin 4734 Sayılı Kamu İhale Kanununun 3 üncü Maddesinin (g) Bendi Kapsamında Yapacağı Mal ve Hizmet Alımları Hakkında Yönetmelik,https://www.resmigazete.gov.tr/eskiler/2009/11/20091111-8.htm
2009-11-11,— Gümrük Genel Tebliğinde Değişiklik Yapılmasına Dair Tebliğ (Tarife) (Seri No: 12),https://www.resmigazete.gov.tr/eskiler/2009/11/20091111-9.htm
2009-11-11,"— Türk Sahipli Olup, Yabancı Bayrakta Bulunan ve Özel Kullanıma Mahsus Gemi Deniz ve İç Su Araçlarının İthal Edilmesine İlişkin Tebliğde Değişiklik Yapılmasına Dair Tebliğ (No: 2009/5)",https://www.resmigazete.gov.tr/eskiler/2009/11/20091111-10.htm
2009-11-12,"2009/15527 Erzurum İli, Aziziye İlçesinde Bulunan Bazı Taşınmazların “Aziziye Kentsel Yenileme (Gecekondu Dönüşüm) Projesi” Alanı İçinde Kalmaları Nedeniyle Aziziye Belediyesi Tarafından Acele Kamulaştırılması Hakkında Karar",https://www.resmigazete.gov.tr/eskiler/2009/11/20091112-1.htm
2009-11-12,2009/15547 Basın İlan Kurumu Genel Kurulundaki Bazı Temsilciliklere Yapılan Görevlendirmeler Hakkında Karar,https://www.resmigazete.gov.tr/eskiler/2009/11/20091112-2.htm
2009-11-12,"— Başbakanlık, Devlet, Millî Savunma, Millî Eğitim, Bayındırlık ve İskân, Ulaştırma, Kültür ve Turizm ile Çevre ve Orman Bakanlıklarına Ait Atama Kararları",https://www.resmigazete.gov.tr/eskiler/2009/11/20091112-3.htm
2009-11-12,— Tarife Yönetmeliği,https://www.resmigazete.gov.tr/eskiler/2009/11/20091112-4.htm
2009-11-12,— Bankaların Kredi İşlemlerine İlişkin Yönetmelikte Değişiklik Yapılmasına Dair Yönetmelik,https://www.resmigazete.gov.tr/eskiler/2009/11/20091112-5.htm
2009-11-12,— Yapı Malzemeleri Yönetmeliği (89/106/EEC) Kapsamında Era Yönetim Danışmanlığı Hizmetleri Ltd. Şti.’nin Onaylanmış Kuruluş Olarak Görevlendirilmesine Dair Tebliğ (No: YİG/2009-09),https://www.resmigazete.gov.tr/eskiler/2009/11/20091112-6.htm
2009-11-12,— Yapı Malzemeleri Yönetmeliği (89/106/EEC) Kapsamında Türk Standartları Enstitüsünün Onaylanmış Kuruluş Olarak Görevlendirilmesine Dair Tebliğde Değişiklik Yapılmasına Dair Tebliğ (No: YİG/2009-10),https://www.resmigazete.gov.tr/eskiler/2009/11/20091112-7.htm
2009-11-12,— Doğal Çiçek Soğanlarının 2010 Yılı İhracat Listesi Hakkında Tebliğ (No: 2009/55),https://www.resmigazete.gov.tr/eskiler/2009/11/20091112-8.htm
2009-11-12,— Kıymetli Maden Standartları ve Rafinerileri Hakkında Tebliğde Değişiklik Yapılmasına İlişkin Tebliğ (No: 2009/1),https://www.resmigazete.gov.tr/eskiler/2009/11/20091112-9.htm
2009-11-12,— İthalatta Haksız Rekabetin Önlenmesine İlişkin Tebliğ (No: 2009/35),https://www.resmigazete.gov.tr/eskiler/2009/11/20091112-10.htm
2009-11-12,— İthalatta Haksız Rekabetin Önlenmesine İlişkin Tebliğ (No: 2009/36),https://www.resmigazete.gov.tr/eskiler/2009/11/20091112-11.htm
2009-11-12,— Gümrük Genel Tebliği (Yatırım Teşvik) (Seri No: 9),https://www.resmigazete.gov.tr/eskiler/2009/11/20091112-12.htm
2009-11-12,— Yargıtay 2 ve 3. Hukuk Dairelerine Ait Kararlar,https://www.resmigazete.gov.tr/eskiler/2009/11/20091112-13.htm
2009-11-13,2009/15533 İslam Konferansı Teşkilatı Üyesi Devletler Arasında Tercihli Ticaret Sistemi (TPS-OIC) Menşe Kuralları’nın Onaylanması Hakkında Karar,https://www.resmigazete.gov.tr/eskiler/2009/11/20091113-1.htm
2009-11-13,"2009/15544 Kamu Kurum ve Kuruluşlarının Yurtdışı Teşkilatını Oluşturan Birimlerin Nitelik, Kurulduğu Şehir ve Ülke, Görev Alanı, Akredite Edildiği Ülkeler ve Bağlı Bulunduğu Misyonlar Hakkındaki 13/4/1999 Tarihli ve 99/12770 Sayılı Bakanlar Kurulu Kararında Değişiklik Yapılmasına İlişkin Karar",https://www.resmigazete.gov.tr/eskiler/2009/11/20091113-2.htm
2009-11-13,2009/15545 Karayolu Yolcu Taşımacılığı Zorunlu Koltuk Ferdi Kaza Sigortası Hakkında Kararda Değişiklik Yapılmasına İlişkin Karar,https://www.resmigazete.gov.tr/eskiler/2009/11/20091113-3.htm
2009-11-13,"2009/15546 Bazı Yükseköğretim Kurumları Bünyesinde Bulunan Teknik Eğitim Fakülteleri, Mesleki Eğitim Fakülteleri, Mesleki ve Teknik Eğitim Fakülteleri, Ticaret ve Turizm Eğitim Fakülteleri ile Endüstriyel Sanatlar Eğitim Fakültesinin Kapatılması ve Aynı Yükseköğretim Kurumlarına Bağlı Olarak Yeni Fakülteler Kurulması Hakkında Karar",https://www.resmigazete.gov.tr/eskiler/2009/11/20091113-4.htm
2009-11-13,"— Devlet Bakanı ve Başbakan Yardımcısı Cemil ÇİÇEK’e, Devlet Bakanı Hayati YAZICI’nın Vekâlet Etmesine Dair Tezkere",https://www.resmigazete.gov.tr/eskiler/2009/11/20091113-5.htm
2009-11-13,"— Devlet Bakanı Egemen BAĞIŞ’a, Devlet Bakanı Selma Aliye KAVAF’ın Vekâlet Etmesine Dair Tezkere",https://www.resmigazete.gov.tr/eskiler/2009/11/20091113-6.htm
2009-11-13,"— Devlet Bakanı Cevdet YILMAZ’a, Maliye Bakanı Mehmet ŞİMŞEK’in Vekâlet Etmesine Dair Tezkere",https://www.resmigazete.gov.tr/eskiler/2009/11/20091113-7.htm
2009-11-13,2009/15549 Ereğli Kömür Havzası Amelebirliği Biriktirme ve Yardımlaşma Sandığı Yönetmeliğinde Değişiklik Yapılmasına Dair Yönetmelik,https://www.resmigazete.gov.tr/eskiler/2009/11/20091113-8.htm
2009-11-13,— Hazine Müsteşarlığı Sicil Amirleri Yönetmeliğinde Değişiklik Yapılmasına Dair Yönetmelik,https://www.resmigazete.gov.tr/eskiler/2009/11/20091113-9.htm
2009-11-13,— Hazine Müsteşarlığı Disiplin Amirleri Yönetmeliğinde Değişiklik Yapılmasına Dair Yönetmelik,https://www.resmigazete.gov.tr/eskiler/2009/11/20091113-10.htm
2009-11-13,— Vadeli İşlem ve Opsiyon Borsalarının Kuruluş ve Çalışma Esasları Hakkında Yönetmelikte Değişiklik Yapılmasına Dair Yönetmelik,https://www.resmigazete.gov.tr/eskiler/2009/11/20091113-11.htm
2009-11-13,— Kıymetli Madenler Borsalarının Kuruluş ve Çalışma Esasları Hakkında Genel Yönetmelikte Değişiklik Yapılmasına Dair Yönetmelik,https://www.resmigazete.gov.tr/eskiler/2009/11/20091113-12.htm
2009-11-13,— Türk Vatandaşlarının Günlük Yaşamlarında Geleneksel Olarak Kullandıkları Farklı Dil ve Lehçelerde Yapılacak Radyo ve Televizyon Yayınları Hakkında Yönetmelik,https://www.resmigazete.gov.tr/eskiler/2009/11/20091113-13.htm
2009-11-13,— Türkiye Cimnastik Federasyonu Ana Statüsünde Değişiklik Yapılmasına Dair Ana Statü,https://www.resmigazete.gov.tr/eskiler/2009/11/20091113-14.htm
2009-11-13,— 2009 Yılı Ekim Ayına Ait Dahilde İşleme İzin Belgelerinin (D1) Listesi,https://www.resmigazete.gov.tr/eskiler/2009/11/20091113-15.xls
2009-11-13,— 2009 Yılı Ekim Ayına Ait Yurt İçi Satış ve Teslim Belgelerinin (D3) Listesi,https://www.resmigazete.gov.tr/eskiler/2009/11/20091113-16.xls
2009-11-13,— 2009 Yılı Ekim Ayına Ait Hariçte İşleme İzin Belgelerinin (H) Listesi,https://www.resmigazete.gov.tr/eskiler/2009/11/20091113-17.xls
2009-11-13,"— 2009 Yılı Ekim Ayına Ait Vergi, Resim ve Harç İstisnası Belgelerinin (Y) Listesi",https://www.resmigazete.gov.tr/eskiler/2009/11/20091113-18.xls
2009-11-13,— Firma Talebine İstinaden İptal Edilen Dahilde İşleme İzin Belgeleri Listesi,https://www.resmigazete.gov.tr/eskiler/2009/11/20091113-19.xls
2009-11-13,— Re’sen Kapatılan Dahilde İşleme İzin Belgeleri Listesi,https://www.resmigazete.gov.tr/eskiler/2009/11/20091113-20.xls
2009-11-13,"— Anayasa Mahkemesinin E: 2006/79, K: 2009/97 Sayılı Kararı (17/7/2004 Tarihli ve 5233 Sayılı Kanun ile İlgili)",https://www.resmigazete.gov.tr/eskiler/2009/11/20091113-21.htm
2009-11-14,2009/15530 Antalya ve Muğla İlleri Sını rları İçerisinde Bulunan “Saklıkent Milli Parkı”nın Sınırlarının Değiştirilmesi Hakkında Karar,https://www.resmigazete.gov.tr/eskiler/2009/11/20091114-1.htm
2009-11-14,2009/15536 Kamu İktisadi Teşebbüsleri ve Bağlı Ortaklıklarına Ait Bazı Kadrolarda Değişiklik Yapılmasına Dair Karar,https://www.resmigazete.gov.tr/eskiler/2009/11/20091114-2.htm
2009-11-14,"— Dışişleri Bakanlığına, Devlet Bakanı Mehmet AYDIN’ın, Vekâlet Etmesine Dair Tezkere",https://www.resmigazete.gov.tr/eskiler/2009/11/20091114-3.htm
2009-11-14,— Otomotik Olmayan Tartı Aletleri Yönetmeliğinde (90/384/AT) Değişiklik Yapılmasına Dair Yönetmelik,https://www.resmigazete.gov.tr/eskiler/2009/11/20091114-4.htm
2009-11-14,— Havaalanları Yer Hizmetleri Yönetmeliğinde (SHY-22) Değişiklik Yapılmasına Dair Yönetmelik,https://www.resmigazete.gov.tr/eskiler/2009/11/20091114-5.htm
2009-11-14,— Elektrik Piyasasında Üretim Faaliyetinde Bulunmak Üzere Su Kullanım Hakkı Anlaşması İmzalanmasına İlişkin Usul ve Esaslar Hakkında Yönetmelikte Değişiklik Yapılmasına Dair Yönetmelik,https://www.resmigazete.gov.tr/eskiler/2009/11/20091114-6.htm
2009-11-14,— Adnan Menderes Üniversitesi Tıp ve Sağlık Bilimleri Merkezi Yönetmeliğinde Değişiklik Yapılmasına Dair Yönetmelik,https://www.resmigazete.gov.tr/eskiler/2009/11/20091114-7.htm
2009-11-14,— Vergi Usul Kanunu Genel Tebliği (Sıra No: 392),https://www.resmigazete.gov.tr/eskiler/2009/11/20091114-8.htm
2009-11-14,"— Çiftçi Kayıt Sistemine Dâhil Olan Çiftçilere Mazot, Kimyevi Gübre ve Toprak Analizi Destekleme Ödemesi Yapılmasına Dair Tebliğde Değişiklik Yapılmasına Dair Tebliğ (No: 2009/56)",https://www.resmigazete.gov.tr/eskiler/2009/11/20091114-9.htm
2009-11-14,— 2009 Yılı Ürünü Hububat ve Baklagil Üreticilerine Destekleme Primi Ödenmesine Dair Bakanlar Kurulu Kararı Uygulama Tebliği (No: 2009/59),https://www.resmigazete.gov.tr/eskiler/2009/11/20091114-10.htm
2009-11-14,— Szutest Teknik Kontrol ve Belgelendirme Hizmetleri Ticaret Limitet Şirketi’nin Onaylanmış Kuruluş Olarak Görevlendirilmesine Dair Tebliğ (SGM: 2009/19),https://www.resmigazete.gov.tr/eskiler/2009/11/20091114-11.htm
2009-11-14,— Sektörel Dış Ticaret Şirketi Statüsü Verilmesine İlişkin Karar,https://www.resmigazete.gov.tr/eskiler/2009/11/20091114-12.htm
2009-11-14,"— İşverenlere Verilen Devlet Yardımı, Teşvik ve Desteklerde Sosyal Güvenlik Kurumundan Alınacak Borcu Yoktur Belgesinin Düzenlenmesine İlişkin Usul ve Esaslara Dair Tebliğde Değişiklik Yapılması Hakkında Tebliğ",https://www.resmigazete.gov.tr/eskiler/2009/11/20091114-13.htm
2009-11-14,"— Yatırım Fonlarına İlişkin Esaslar Tebliğinde Değişiklik Yapılmasına Dair Tebliğ (Seri: VII, No: 38)",https://www.resmigazete.gov.tr/eskiler/2009/11/20091114-14.htm
2009-11-15,— Merkezi Finans ve İhale Birimi Personel Yönetmeliğinde Değişiklik Yapılmasına Dair Yönetmelik,https://www.resmigazete.gov.tr/eskiler/2009/11/20091115-1.htm
2009-11-15,— Ankara Üniversitesi Önlisans ve Lisans Uzaktan Eğitim Yönetmeliği,https://www.resmigazete.gov.tr/eskiler/2009/11/20091115-2.htm
2009-11-15,— Atılım Üniversitesi Metal Şekillendirme Mükemmeliyet Uygulama ve Araştırma Merkezi Yönetmeliği,https://www.resmigazete.gov.tr/eskiler/2009/11/20091115-3.htm
2009-11-15,— Hacettepe Üniversitesi Tıp Fakültesi Eğitim-Öğretim ve Sınav Yönetmeliğinde Değişiklik Yapılmasına Dair Yönetmelik,https://www.resmigazete.gov.tr/eskiler/2009/11/20091115-4.htm
2009-11-15,— Hacettepe Üniversitesi Farmasötik ve Biyofarmasötik Bilimler Teknoloji Uygulama ve Araştırma Merkezi (FATUM) Yönetmeliğinde Değişiklik Yapılmasına Dair Yönetmelik,https://www.resmigazete.gov.tr/eskiler/2009/11/20091115-5.htm
2009-11-16,"— Başbakanlığa, Devlet Bakanı ve Başbakan Yardımcısı Ali BABACAN’ın Vekâlet Etmesine Dair Tezkere",https://www.resmigazete.gov.tr/eskiler/2009/11/20091116-1.htm
2009-11-16,"— Devlet Bakanı Faruk ÇELİK’e, Devlet Bakanı ve Başbakan Yardımcısı Bülent ARINÇ’ın Vekâlet Etmesine Dair Tezkere",https://www.resmigazete.gov.tr/eskiler/2009/11/20091116-2.htm
2009-11-16,"— Devlet Bakanı Egemen BAĞIŞ’a, Devlet Bakanı Mehmet Zafer ÇAĞLAYAN’ın Vekâlet Etmesine Dair Tezkere",https://www.resmigazete.gov.tr/eskiler/2009/11/20091116-3.htm
2009-11-16,"— Tarım ve Köyişleri Bakanlığına, Milli Eğitim Bakanı Nimet ÇUBUKÇU’nun Vekâlet Etmesine Dair Tezkere",https://www.resmigazete.gov.tr/eskiler/2009/11/20091116-4.htm
2009-11-16,"— Sanayi ve Ticaret Bakanlığına, Devlet Bakanı Faruk Nafız ÖZAK’ın Vekâlet Etmesine Dair Tezkere",https://www.resmigazete.gov.tr/eskiler/2009/11/20091116-5.htm
2009-11-16,— İstanbul Üniversitesi Epilepsi Uygulama ve Araştırma Merkezi Yönetmeliği,https://www.resmigazete.gov.tr/eskiler/2009/11/20091116-6.htm
2009-11-16,— Selçuk Üniversitesi Dilek Sabancı Devlet Konservatuvarı Eğitim-Öğretim ve Sınav Yönetmeliği,https://www.resmigazete.gov.tr/eskiler/2009/11/20091116-7.htm
2009-11-17,"— Milli Savunma Bakanlığına, Kültür ve Turizm Bakanı Ertuğrul GÜNAY’ın Vekâlet Etmesine Dair Tezkere",https://www.resmigazete.gov.tr/eskiler/2009/11/20091117-1.htm
2009-11-17,"— İçişleri Bakanlığına, Adalet Bakanı Sadullah ERGİN’in Vekâlet Etmesine Dair Tezkere",https://www.resmigazete.gov.tr/eskiler/2009/11/20091117-2.htm
2009-11-17,"— Ulaştırma ve Haberleşme Uzman ve Uzman Yardımcılarının Sınav, Atama, Çalışma Usul ve Esasları Hakkında Yönetmelikte Değişiklik Yapılması Hakkında Yönetmelik",https://www.resmigazete.gov.tr/eskiler/2009/11/20091117-3.htm
2009-11-17,— Gemilerin Teknik Yönetmeliği,https://www.resmigazete.gov.tr/eskiler/2009/11/20091117-4.htm
2009-11-17,— Devlet Hava Meydanları İşletmesi Genel Müdürlüğü Personeli Görevde Yükselme ve Unvan Değişikliği Yönetmeliğinde Değişiklik Yapılması Hakkında Yönetmelik,https://www.resmigazete.gov.tr/eskiler/2009/11/20091117-5.htm
2009-11-17,— Yargıtay 4. Hukuk Dairesine Ait Karar,https://www.resmigazete.gov.tr/eskiler/2009/11/20091117-6.htm
2009-11-18,2009/15585 8/1/2002 Tarihli ve 4736 Sayılı Kanunun 1 inci Maddesinin Birinci Fıkrası Hükmünden Muaf Tutulacakların Tespitine Dair 28/1/2002 Tarihli ve 2002/3654 Sayılı Kararnamenin Eki Kararda Değişiklik Yapılmasına İlişkin Karar,https://www.resmigazete.gov.tr/eskiler/2009/11/20091118-7.htm
2009-11-18,2009/15586 Yaş Çay Üreticilerine 2009 Yılı Ürünü Deste k leme Primi Ödenmesine İlişkin Karar,https://www.resmigazete.gov.tr/eskiler/2009/11/20091118-8.htm
2009-11-18,"— Dışişleri Bakanlığına, Enerji ve Tabii Kaynaklar Bakanı Taner YILDIZ’ın Vekâlet Etmesine Dair Tezkere",https://www.resmigazete.gov.tr/eskiler/2009/11/20091118-6.htm
2009-11-18,"— Devlet Personel Uzman Yardımcılığı ve Uzmanlığı Sınav, Görev, Yetki, Çalışma Usul ve Esasları Hakkında Yönetmelikte Değişiklik Yapılmasına Dair Yönetmelik",https://www.resmigazete.gov.tr/eskiler/2009/11/20091118-1.htm
2009-11-18,— Gazi Üniversitesi Nanotıp İleri Teknolojiler Uygulama ve Araştırma Merkezi Yönetmeliğinde Değişiklik Yapılmasına Dair Yönetmelik,https://www.resmigazete.gov.tr/eskiler/2009/11/20091118-2.htm
2009-11-18,— İstanbul Teknik Üniversitesi Çift Diplomaya Yönelik Uluslararası Ortak Lisans Programları Eğitim ve Öğretim Yönetmeliğinde Değişiklik Yapılmasına Dair Yönetmelik,https://www.resmigazete.gov.tr/eskiler/2009/11/20091118-3.htm
2009-11-18,— Marmara Üniversitesi Nöroşirurji Uygulama ve Araştırma Merkezi Yönetmeliği,https://www.resmigazete.gov.tr/eskiler/2009/11/20091118-4.htm
2009-11-18,— Uludağ Üniversitesi Lisansüstü Eğitim ve Öğretim Yönetmeliğinde Değişiklik Yapılmasına Dair Yönetmelik,https://www.resmigazete.gov.tr/eskiler/2009/11/20091118-5.htm
2009-11-19,2009/15550 “Bingöl Havaalanı İnşaatı” Projesi Kapsamındaki Bazı Taşınmazların Kamulaştırılması Hakkında Karar,https://www.resmigazete.gov.tr/eskiler/2009/11/20091119-4.htm
2009-11-19,2009/15565 Kamu Alacakları İçin Uygulanan Gecikme Zammı Oranının Yeniden Belirlenmesine İlişkin Karar,https://www.resmigazete.gov.tr/eskiler/2009/11/20091119-5.htm
2009-11-19,"2009/15581 Gümrük Müsteşarlığı Gümrükler Muhafaza Genel Müdürlüğü Tarafından, 4734 Sayılı Kamu İhale Kanununun 3 üncü Maddesinin (b) Bendi Kapsamında Yapılacak İhalelere İlişkin Esaslar",https://www.resmigazete.gov.tr/eskiler/2009/11/20091119-6.htm
2009-11-19,"— Devlet, Millî Savunma, İçişleri, Sanayi ve Ticaret ile Çevre ve Orman Bakanlıklarına Ait Atama Kararları",https://www.resmigazete.gov.tr/eskiler/2009/11/20091119-3.htm
2009-11-19,"— 2009 Yılı Ürünü Kütlü Pamuk, Yağlık Ayçiçeği, Soya Fasulyesi, Kanola, Dane Mısır, Aspir ve Zeytinyağı Üreticilerine Destekleme Primi Ödenmesine İlişkin Bakanlar Kurulu Kararı Uygulama Tebliği (No: 2009/58)",https://www.resmigazete.gov.tr/eskiler/2009/11/20091119-1.htm
2009-11-19,— İthalatta Haksız Rekabetin Önlenmesine İlişkin Tebliğ (No: 2009/3 7 ),https://www.resmigazete.gov.tr/eskiler/2009/11/20091119-2.htm
2009-11-20,2009/15551 Sürekli Görevle Yurt Dışında Bulunan Memurlara Ödenecek Aylıklara İlişkin Kararda Değişiklik Yapılmasına Dair Karar,https://www.resmigazete.gov.tr/eskiler/2009/11/20091120-9.htm
2009-11-20,2009/15561 Ankara Üniversitesi Rektörlüğüne Bağlı Olarak Kök Hücre Enstitüsü Kurulması Hakkında Karar,https://www.resmigazete.gov.tr/eskiler/2009/11/20091120-10.htm
2009-11-20,"2009/15575 Şanlıurfa İli, Siverek İlçesi, Şekerli Bucağı, Bakmaç Köyüne Bağlı Atmaca ve Karakütük Köy Altı Yerleşim Birimlerinin, Ana Köyden Ayrılarak Merkezi Atmaca Bağlısı Olmak Üzere Atmaca Adıyla Bağımsız Köy Haline Getirilmesi Hakkında Karar",https://www.resmigazete.gov.tr/eskiler/2009/11/20091120-1.htm
2009-11-20,"2009/15577 Elektrik İşleri Etüt İdaresi Genel Müdürlüğünce Düzenlenen Hizmet İçi Eğitim, Kurs ve Seminerlerde Ücretle Okutulacak Ders Saati Sayısı, Ders Görevi Alacakların Nitelikleri ve Diğer Hususların Tespitine İlişkin Esaslar Hakkında Karar",https://www.resmigazete.gov.tr/eskiler/2009/11/20091120-2.htm
2009-11-20,2009/15578 İstanbul Bilgi Üniversitesi Rektörlüğüne Bağlı Olarak Mühendislik Fakültesi Kurulması Hakkında Karar,https://www.resmigazete.gov.tr/eskiler/2009/11/20091120-3.htm
2009-11-20,2009/15559 Memurların Hastalık Raporlarını Verecek Hekim ve Sağlık Kurulları Hakkında Yönetmelikte Değişiklik Yapılmasına Dair Yönetmelik,https://www.resmigazete.gov.tr/eskiler/2009/11/20091120-11.htm
2009-11-20,— Basın-Yayın ve Enformasyon Genel Müdürlüğü Personeli Görevde Yükselme ve Unvan Değişikliği Yönetmeliğinde Değişiklik Yapılmasına Dair Yönetmelik,https://www.resmigazete.gov.tr/eskiler/2009/11/20091120-4.htm
2009-11-20,— Millî Eğitim Bakanlığı Özel Öğretim Kurumları Yönetmeliğinde Değişiklik Yapılmasına Dair Yönetmelik,https://www.resmigazete.gov.tr/eskiler/2009/11/20091120-5.htm
2009-11-20,— İller Bankası Genel Müdürlüğü Personeli Görevde Yükselme ve Unvan Değişikliği Yönetmeliğinde Değişiklik Yapılmasına Dair Yönetmelik,https://www.resmigazete.gov.tr/eskiler/2009/11/20091120-6.htm
2009-11-20,"— Gıda ve Yem Amaçlı Genetik Yapısı Değiştirilmiş Organizmalar ve Ürünlerinin İthalatı, İşlenmesi, İhracatı, Kontrol ve Denetimine Dair Yönetmelikte Değişiklik Yapılmasına Dair Yönetmelik",https://www.resmigazete.gov.tr/eskiler/2009/11/20091120-12.htm
2009-11-20,— Güneydoğu Anadolu Projesi Eylem Planı Kapsamındaki İllerde Süt Sığırcılığı Yatırımlarının Desteklenmesine İlişkin Uygulama Esasları Tebliği (No: 2009/57),https://www.resmigazete.gov.tr/eskiler/2009/11/20091120-7.htm
2009-11-20,"— Kaydileştirilen Sermaye Piyasası Araçlarına İlişkin Kayıtların Tutulmasının Usul ve Esasları Hakkında Tebliğde Değişiklik Yapılmasına Dair Tebliğ (Seri: IV, No: 46)",https://www.resmigazete.gov.tr/eskiler/2009/11/20091120-8.htm
2009-11-21,"— Dışişleri Bakanlığına, Enerji ve Tabii Kaynaklar Bakanı Taner YILDIZ’ın Vekâlet Etmesine Dair Tezkereye, Program Değişikliği Nedeniyle İran'ın İlave Edilmesine Dair Tezkere",https://www.resmigazete.gov.tr/eskiler/2009/11/20091121-8.htm
2009-11-21,"— Devlet, Maliye, Millî Eğitim, Tarım ve Köyişleri, Çalışma ve Sosyal Güvenlik ile Enerji ve Tabii Kaynaklar Bakanlıklarına Ait Atama Kararları",https://www.resmigazete.gov.tr/eskiler/2009/11/20091121-9.htm
2009-11-21,— Hakimler ve Savcılar Yüksek Kuruluna Ait Karar,https://www.resmigazete.gov.tr/eskiler/2009/11/20091121-1.htm
2009-11-21,— Bitki Koruma Ürünlerinin Uygulama Usul ve Esasları Hakkında Yönetmelik,https://www.resmigazete.gov.tr/eskiler/2009/11/20091121-2.htm
2009-11-21,— Selçuk Üniversitesi Sağlık Uygulama ve Araştırma Merkezleri Yönetmeliği,https://www.resmigazete.gov.tr/eskiler/2009/11/20091121-3.htm
2009-11-21,— Tahsilat Genel Tebliği (Seri: C) (Sıra No: 1),https://www.resmigazete.gov.tr/eskiler/2009/11/20091121-4.htm
2009-11-21,— Gümrük Genel Tebliği (Gümrük İşlemleri) (Seri No: 74),https://www.resmigazete.gov.tr/eskiler/2009/11/20091121-5.htm
2009-11-21,— Bazı Tebliğlerde Değişiklik Yapılmasına Dair Tebliğ (No: 2009/3),https://www.resmigazete.gov.tr/eskiler/2009/11/20091121-6.htm
2009-11-21,— Otobiodizel’e İlişkin Teknik Düzenleme Tebliği (Akaryakıt Seri No: 18),https://www.resmigazete.gov.tr/eskiler/2009/11/20091121-7.htm
2009-11-22,— İçişleri Bakanlığı Personeli Görevde Yükselme ve Unvan Değişikliği Usul ve Esaslarına Dair Yönetmelikte Değişiklik Yapılmasına Dair Yönetmelik,https://www.resmigazete.gov.tr/eskiler/2009/11/20091122-1.htm
2009-11-22,— Trakya Üniversitesi Yabancı Diller Yüksekokulu Hazırlık Eğitim-Öğretim ve Sınav Yönetmeliğinde Değişiklik Yapılmasına Dair Yönetmelik,https://www.resmigazete.gov.tr/eskiler/2009/11/20091122-2.htm
2009-11-22,— 2009 Yılı Eylül Ayında 28/8/2006 Tarih ve 2006/10921 Sayılı Kararnameye Göre Düzenlenen Yatırım Teşvik Belgeleri Listesi,https://www.resmigazete.gov.tr/eskiler/2009/11/20091122-3.xls
2009-11-22,— 2009 Yılı Eylül Ayında 14/7/2009 Tarih ve 2009/15199 Sayılı Kararnameye Göre Düzenlenen Yatırım Teşvik Belgeleri Listesi,https://www.resmigazete.gov.tr/eskiler/2009/11/20091122-4.pdf
2009-11-22,— 2009 Yılı Eylül Ayında Yabancı Sermayeli Firmaların Yatırımları İçin Verilen Yatırım Teşvik Belgeleri Listesi,https://www.resmigazete.gov.tr/eskiler/2009/11/20091122-5.xls
2009-11-22,— 2006/4 Sayılı Tebliğ Kapsamındaki Devlet Yardımlarının Bilgisayar Veri İşleme Tekniği Yoluyla Uygulanmasına Dair Tebliğ (İhracat: 2009/14),https://www.resmigazete.gov.tr/eskiler/2009/11/20091122-6.htm
2009-11-23,"— Başbakanlığa, Devlet Bakanı ve Başbakan Yardımcısı Bülent ARINÇ’ın Vekâlet Etmesine Dair Tezkere",https://www.resmigazete.gov.tr/eskiler/2009/11/20091123-1.htm
2009-11-23,"— Devlet Bakanı Mehmet Zafer ÇAĞLAYAN’a, Devlet Bakanı ve Başbakan Yardımcısı Cemil ÇİÇEK’in Vekâlet Etmesine Dair Tezkere",https://www.resmigazete.gov.tr/eskiler/2009/11/20091123-2.htm
2009-11-23,"— Devlet Bakanı Faruk ÇELİK’e, Milli Savunma Bakanı M.Vecdi GÖNÜL’ün Vekâlet Etmesine Dair Tezkere",https://www.resmigazete.gov.tr/eskiler/2009/11/20091123-3.htm
2009-11-23,"— Ulaştırma Bakanlığına, Çevre ve Orman Bakanı Veysel EROĞLU’nun Vekâlet Etmesine Dair Tezkere",https://www.resmigazete.gov.tr/eskiler/2009/11/20091123-4.htm
2009-11-23,"— Enerji ve Tabii Kaynaklar Bakanlığına, Sağlık Bakanı Recep AKDAĞ’ın Vekâlet Etmesine Dair Tezkere",https://www.resmigazete.gov.tr/eskiler/2009/11/20091123-5.htm
2009-11-23,— Çevre ve Orman Bakanlığı Personelinin Görevde Yükselme ve Unvan Değişikliği Yönetmeliğinde Değişiklik Yapılmasına Dair Yönetmelik,https://www.resmigazete.gov.tr/eskiler/2009/11/20091123-6.htm
2009-11-23,— Yargıtay 4. Hukuk Dairesine Ait Karar,https://www.resmigazete.gov.tr/eskiler/2009/11/20091123-7.htm
2009-11-24,5923 Türkiye Cumhuriyeti ile Karadağ Arasında Serbest Ticaret Anlaşmasının Onaylanmasının Uygun Bulunduğuna Dair Kanun,https://www.resmigazete.gov.tr/eskiler/2009/11/20091124-1.htm
2009-11-24,2009/15564 Türkiye Cumhuriyeti Hükümeti ile Romanya Hükümeti Arasında İmzalanan Kendi Vatandaşlarının ve Ülkelerinde Yasadışı Konumda Bulunan Yabancıların Geri Kabulüne İlişkin Anlaşmanın Onaylanması Hakkında Karar,https://www.resmigazete.gov.tr/eskiler/2009/11/20091124-2.htm
2009-11-24,"2009/15612 Bazı Yükseköğretim Kurumları Bünyesinde Bulunan Teknik Eğitim Fakülteleri, Mesleki Eğitim Fakülteleri, Mesleki ve Teknik Eğitim Fakülteleri, Ticaret ve Turizm Eğitim Fakülteleri ile Endüstriyel Sanatlar Eğitim Fakültesinin Kapatılması ve Aynı Yükseköğretim Kurumlarına Bağlı Olarak Yeni Fakülteler Kurulması Hakkındaki 2/11/2009 Tarihli ve 2009/15546 Sayılı Bakanlar Kurulu Kararında Değişiklik Yapılmasına İlişkin Karar",https://www.resmigazete.gov.tr/eskiler/2009/11/20091124-3.htm
2009-11-24,"— Devlet Bakanı Selma Aliye KAVAF’a, Sanayi ve Ticaret Bakanı Nihat ERGÜN’ün Vekâlet Etmesine Dair Tezkere",https://www.resmigazete.gov.tr/eskiler/2009/11/20091124-4.htm
2009-11-24,"— Dışişleri Bakanlığına, Devlet Bakanı Mehmet AYDIN’ın Vekâlet Etmesine Dair Tezkere",https://www.resmigazete.gov.tr/eskiler/2009/11/20091124-5.htm
2009-11-24,— Hâkimler ve Savcılar Yüksek Kuruluna Ait Atama Karar,https://www.resmigazete.gov.tr/eskiler/2009/11/20091124-6.htm
2009-11-24,"— Sosyal Yardım Uzman Yardımcılığı ve Sosyal Yardım Uzmanlığı Sınav, Atama, Görev, Yetki, Çalışma Usul ve Esasları Hakkında Yönetmelikte Değişiklik Yapılmasına Dair Yönetmelik",https://www.resmigazete.gov.tr/eskiler/2009/11/20091124-7.htm
2009-11-24,— Bartın Üniversitesi Döner Sermaye İşletmesi Yönetmeliği,https://www.resmigazete.gov.tr/eskiler/2009/11/20091124-8.htm
2009-11-24,— İstanbul Bilgi Üniversitesi Murat Sertel İleri İktisadi İncelemeler Uygulama ve Araştırma Merkezi Yönetmeliği,https://www.resmigazete.gov.tr/eskiler/2009/11/20091124-9.htm
2009-11-24,— Özürlü ve Eski Hükümlülerin Kamu Kurum ve Kuruluşlarında İşçi Olarak İstihdamlarına İlişkin Tebliğin Yürürlükten Kaldırılmasına Dair Tebliğ,https://www.resmigazete.gov.tr/eskiler/2009/11/20091124-10.htm
2009-11-24,"— Sermaye Piyasası Mevzuatı Çerçevesinde Gayrimenkul Değerleme Hizmeti Verecek Şirketler ile Bu Şirketlerin Kurulca Listeye Alınmalarına İlişkin Esaslar Hakkında Tebliğde Değişiklik Yapılmasına Dair Tebliğ (Seri: VIII, No: 64)",https://www.resmigazete.gov.tr/eskiler/2009/11/20091124-11.htm
2009-11-25,"— İçişleri Bakanlığına, Adalet Bakanı Sadullah ERGİN’in Vekâlet Etmesine Dair Tezkere",https://www.resmigazete.gov.tr/eskiler/2009/11/20091125-1.htm
2009-11-25,— Anadolu Üniversitesi Rektörlüğüne Prof. Dr. Davut AYDIN’ın Atanmasına Dair Karar,https://www.resmigazete.gov.tr/eskiler/2009/11/20091125-2.htm
2009-11-25,2009/15596 İç Denetim Koordinasyon Kurulu Başkan ve Üyeliklerine Yapılan Atamalar Hakkında Karar,https://www.resmigazete.gov.tr/eskiler/2009/11/20091125-3.htm
2009-11-25,2009/15608 Dışişleri Bakanlığının Bazı Mensuplarının Çeşitli Görevlere Atanmalarına Dair Karar,https://www.resmigazete.gov.tr/eskiler/2009/11/20091125-4.htm
2009-11-25,"— Devlet Bakanı ve Başbakan Yardımcılığı, Devlet, İçişleri, Millî Eğitim, Sağlık, Tarım ve Köyişleri ile Kültür ve Turizm Bakanlıklarına Ait Atama Kararları",https://www.resmigazete.gov.tr/eskiler/2009/11/20091125-5.htm
2009-11-25,— İstanbul Teknik Üniversitesi Lisansüstü Eğitim ve Öğretim Yönetmeliğinde Değişiklik Yapılmasına Dair Yönetmelik,https://www.resmigazete.gov.tr/eskiler/2009/11/20091125-6.htm
2009-11-25,— Kırıkkale Üniversitesi Döner Sermaye İşletmesi Yönetmeliğinde Değişiklik Yapılmasına Dair Yönetmelik,https://www.resmigazete.gov.tr/eskiler/2009/11/20091125-7.htm
2009-11-25,— Yalova Üniversitesi Lisansüstü Eğitim-Öğretim ve Sınav Yönetmeliği,https://www.resmigazete.gov.tr/eskiler/2009/11/20091125-8.htm
2009-11-25,— Yalova Üniversitesi Yaz Öğretimi Yönetmeliği,https://www.resmigazete.gov.tr/eskiler/2009/11/20091125-9.htm
2009-11-25,— İş Sağlığı ve Güvenliğine İlişkin Tehlike Sınıfları Listesi Tebliği,https://www.resmigazete.gov.tr/eskiler/2009/11/20091125-10.htm
2009-11-25,— Tarım ve Köyişleri Bakanlığı'nın Denetimine Tabi Ürünlerin İthalatına Dair Dış Ticarette Standardizasyon Tebliği'nde Değişiklik Yapıl-masına Dair Dış Ticarette Standardizasyon Tebliği (No: 2009/47),https://www.resmigazete.gov.tr/eskiler/2009/11/20091125-11.htm
2009-11-25,"— Borçlanma Araçlarının Kurul Kaydına Alınması ve Satışına İlişkin Esaslar Hakkında Tebliğ'de Değişiklik Yapılmasına Dair Tebliğ (Seri: II, No: 23)",https://www.resmigazete.gov.tr/eskiler/2009/11/20091125-12.htm
2009-11-26,2009/15590 Bazı Yerleşim Yerlerinde Arazi Toplulaştırması Yapılması Hakkında Karar,https://www.resmigazete.gov.tr/eskiler/2009/11/20091126-1.htm
2009-11-26,"2009/15593 ""İzmir Karaada Yaban Hayatı Geliştirme Sahası""nın Yaban Hayatı Geliştirme Sahası Statüsünün Kaldırılması Hakkında Karar",https://www.resmigazete.gov.tr/eskiler/2009/11/20091126-2.htm
2009-11-26,2009/15598 Aydın-Didim Yat Limanının Daimi Yolcu Giriş-Çıkış Deniz Hudut Kapısı Olarak Tespiti Hakkında Karar,https://www.resmigazete.gov.tr/eskiler/2009/11/20091126-3.htm
2009-11-26,"2009/15601 İstanbul Şehir Üniversitesi Rektörlüğü Bünyesinde Yer Alan; Fen-Edebiyat Fakültesinin Adının İnsan ve Toplum Bilimleri Fakültesi, İktisadi ve İdari Bilimler Fakültesinin Adının İşletme ve Yönetim Bilimleri Fakültesi, Mühendislik Fakültesinin Adının Mühendislik ve Doğa Bilimleri Fakültesi Olarak Değiştirilmesi Hakkında Karar",https://www.resmigazete.gov.tr/eskiler/2009/11/20091126-4.htm
2009-11-26,2009/15602 Organik Tarım ve İyi Tarım Uygulamaları ile Bombus Arısı Kullanımına Destekleme Ödemesi Yapılmasına Dair Karar,https://www.resmigazete.gov.tr/eskiler/2009/11/20091126-5.htm
2009-11-26,"2009/15603 Manisa İli, Kırkağaç İlçesi Hudutları İçerisinde Bulunan Alanda Arazi Toplulaştırması Yapılması Hakkında Karar",https://www.resmigazete.gov.tr/eskiler/2009/11/20091126-6.htm
2009-11-26,"— Devlet Bakanı Mehmet Zafer ÇAĞLAYAN’a, Kültür ve Turizm Bakanı Ertuğrul GÜNAY’ın Vekâlet Etmesine Dair Tezkere",https://www.resmigazete.gov.tr/eskiler/2009/11/20091126-7.htm
2009-11-26,"— Devlet Bakanı Mehmet Zafer ÇAĞLAYAN’a, Ulaştırma Bakanı Binali YILDIRIM’ın Vekâlet Etmesine Dair Tezkere",https://www.resmigazete.gov.tr/eskiler/2009/11/20091126-8.htm
2009-11-26,2009/15594 Yurtdışında Sürekli Görevlendirilecek Personel Hakkında Yönetmelikte Değişiklik Yapılmasına Dair Yönetmelik,https://www.resmigazete.gov.tr/eskiler/2009/11/20091126-9.htm
2009-11-26,— Selçuk Üniversitesi Bölgesel Gelişme Uygulama ve Araştırma Merkezi Yönetmeliği,https://www.resmigazete.gov.tr/eskiler/2009/11/20091126-10.htm
2009-11-26,— Ulusal Meslek Standartlarına Dair Tebliğ,https://www.resmigazete.gov.tr/eskiler/2009/11/20091126-11.htm
2009-11-26,"— Anayasa Mahkemesinin E: 2009/3 (Değişik İşler), K: 2009/2 Sayılı Kararı",https://www.resmigazete.gov.tr/eskiler/2009/11/20091126-12.htm
2009-11-26,"— Anayasa Mahkemesinin E: 2007/115, K: 2009/80 Sayılı Kararı (30/3/2005 Tarihli ve 5326 Sayılı Kanunda Değişiklik Yapan 6/12/2006 Tarihli ve 5560 Sayılı Kanun ile İlgili)",https://www.resmigazete.gov.tr/eskiler/2009/11/20091126-13.htm
2009-11-26,"— Anayasa Mahkemesinin E: 2006/121, K: 2009/90 Sayılı Kararı (12/4/1991 Tarihli ve 3713 Sayılı Kanunda Değişiklik Yapan 29/6/2006 Tarihli ve 5532 Sayılı Kanun ile İlgili)",https://www.resmigazete.gov.tr/eskiler/2009/11/20091126-14.htm
2009-11-26,"Tıklayınız 26/11/2009 tarihli ve 27418 sayılı mükerrer Resmî Gazete'de; 5924, 5925, 5926 ve 5927 sayılı Kanunlar ile Gümrük Müsteşarlığı ve Enerji Piyasası Düzenleme Kurumuna ait Yönetmelikler ve Anayasa Mahkemesine ait ondört adet karar yayımlanmıştır.",http://www.resmigazete.gov.tr/eskiler/2009/11/20091126M1.htm
2009-12-01,2009/15597 Mardin Artuklu Üniversitesi Rektörlüğüne Bağlı Olarak Türkiye’de Yaşayan Diller Enstitüsü Kurulması Hakkında Karar,https://www.resmigazete.gov.tr/eskiler/2009/12/20091201-1.htm
2009-12-01,"2009/15604 Malatya İli, Merkez İlçesi, Orduzu Beldesi Hudutları Dahilinde Bulunan Bazı Alanların “Turgut Özal Tabiat Parkı” Olarak Belirlenmesi Hakkında Karar",https://www.resmigazete.gov.tr/eskiler/2009/12/20091201-2.htm
2009-12-01,"— Cumhurbaşkanlığına, Türkiye Büyük Millet Meclisi Başkanı Mehmet Ali ŞAHİN’in Vekâlet Etmesine Dair Tezkere",https://www.resmigazete.gov.tr/eskiler/2009/12/20091201-3.htm
2009-12-01,"— Dışişleri Bakanlığına, Enerji ve Tabii Kaynaklar Bakanı Taner YILDIZ’ın Vekâlet Etmesine Dair Tezkere",https://www.resmigazete.gov.tr/eskiler/2009/12/20091201-4.htm
2009-12-01,— Başbakanlığa Ait Atama Kararı,https://www.resmigazete.gov.tr/eskiler/2009/12/20091201-5.htm
2009-12-01,2009/15611 Kamu İhale Kurumu Teşkilatı ve Personelinin Çalışma Usul ve Esasları Hakkında Yönetmelik,https://www.resmigazete.gov.tr/eskiler/2009/12/20091201-6.htm
2009-12-01,— Sermaye Şirketlerinin Genel Kurul Toplantıları ve Bu Toplantılarda Bulunacak Sanayi ve Ticaret Bakanlığı Komiserleri Hakkında Yönetmelikte Değişiklik Yapılmasına Dair Yönetmelik,https://www.resmigazete.gov.tr/eskiler/2009/12/20091201-7.htm
2009-12-01,— Kültür ve Turizm Bakanlığı Teftiş Kurulu Yönetmeliğinde Değişiklik Yapılmasına Dair Yönetmelik,https://www.resmigazete.gov.tr/eskiler/2009/12/20091201-8.htm
2009-12-01,— Türk Mühendis ve Mimar Odaları Birliği Jeofizik Mühendisleri Odası Meslek İçi Eğitim ve Belgelendirme Yönetmeliğinde Değişiklik Yapılmasına Dair Yönetmelik,https://www.resmigazete.gov.tr/eskiler/2009/12/20091201-9.htm
2009-12-01,— Kamu Haznedarlığı Genel Tebliğinde Değişiklik Yapılmasına Dair Tebliğ,https://www.resmigazete.gov.tr/eskiler/2009/12/20091201-10.htm
2009-12-01,— Gümrük Vergisi Askıya Alınması ve Avrupa Birliği Tarafından Tarife Kontenjanı Açılması Planlanan Ürünlere İlişkin Tebliğ (İthalat: 2009/22),https://www.resmigazete.gov.tr/eskiler/2009/12/20091201-11.htm
2009-12-02,"— Devlet Bakanı Egemen BAĞIŞ’a, Devlet Bakanı Mehmet AYDIN’ın Vekâlet Etmesine Dair Tezkere",https://www.resmigazete.gov.tr/eskiler/2009/12/20091202-1.htm
2009-12-02,"— Devlet Bakanı Selma Aliye KAVAF’a, Devlet Bakanı Hayati YAZICI’nın Vekâlet Etmesine Dair Tezkere",https://www.resmigazete.gov.tr/eskiler/2009/12/20091202-2.htm
2009-12-02,"— Sağlık Bakanlığına, Çalışma ve Sosyal Güvenlik Bakanı Ömer DİNÇER’in Vekâlet Etmesine Dair Tezkere",https://www.resmigazete.gov.tr/eskiler/2009/12/20091202-3.htm
2009-12-02,"— Sanayi ve Ticaret Bakanlığına, Devlet Bakanı Faruk Nafız ÖZAK’ın Vekâlet Etmesine Dair Tezkere",https://www.resmigazete.gov.tr/eskiler/2009/12/20091202-4.htm
2009-12-02,DÜZELTME (16/11/2009 Tarihli ve 2009/15611 Sayılı Bakanlar Kurulu Kararı ile Yürürlüğe Konulan “Kamu İhale Kurumu Teşkilatı ve Personelinin Çalışma Usul ve Esasları Hakkında Yönetmelik” ile İlgili),https://www.resmigazete.gov.tr/eskiler/2009/12/20091202-5.htm
2009-12-03,"— Çevre ve Orman Bakanlığına, Bayındırlık ve İskan Bakanı Mustafa DEMİR’in Vekâlet Etmesine Dair Tezkere",https://www.resmigazete.gov.tr/eskiler/2009/12/20091203-1.htm
2009-12-03,— Çanakkale Onsekiz Mart Üniversitesi Türkiye-Avustralya Çalışmaları Uygulama ve Araştırma Merkezi Yönetmeliği,https://www.resmigazete.gov.tr/eskiler/2009/12/20091203-2.htm
2009-12-03,— Tunceli Üniversitesi Su Ürünleri Uygulama ve Araştırma Merkezi Yönetmeliği,https://www.resmigazete.gov.tr/eskiler/2009/12/20091203-3.htm
2009-12-03,— Taşınır Mal Yönetmeliği Genel Tebliği (Sayı: 2),https://www.resmigazete.gov.tr/eskiler/2009/12/20091203-4.htm
2009-12-03,— İşkolu Tespit Kararı (2009/56),https://www.resmigazete.gov.tr/eskiler/2009/12/20091203-5.htm
2009-12-03,"— Aracı Kurumlar Tarafından Yatırılan Teminatların Kullanım Esasları Tebliğinde Değişiklik Yapılmasına Dair Tebliğ (Seri: V, No: 114)",https://www.resmigazete.gov.tr/eskiler/2009/12/20091203-6.htm
2009-12-03,— Bankacılık Düzenleme ve Denetleme Kurulunun 25/11/2009 Tarihli ve 3433 Sayılı Kararı,https://www.resmigazete.gov.tr/eskiler/2009/12/20091203-7.htm
2009-12-03,"— Anayasa Mahkemesinin E: 2004/76, K: 2008/108 Sayılı Kararı (17/7/2004 Tarihli ve 5232 Sayılı Kanunda Değişiklik Yapan 2/12/1999 Tarihli ve 4483 Sayılı Kanun ile İlgili)",https://www.resmigazete.gov.tr/eskiler/2009/12/20091203-8.htm
2009-12-03,"Tıklayınız 3/12/2009 tarihli ve 27421 sayılı mükerrer Resmî Gazete'de; 2009/15631 sayılı ""Beşeri İlaçların Fiyatlandırılmasına Dair Kararda Değişiklik Yapılması Hakkında Karar"" yayımlanmıştır.",http://www.resmigazete.gov.tr/eskiler/2009/12/20091203M1.htm
2009-12-04,"— İçişleri Bakanlığına, Adalet Bakanı Sadullah ERGİN’in Vekâlet Etmesine Dair Tezkere",https://www.resmigazete.gov.tr/eskiler/2009/12/20091204-1.htm
2009-12-04,— Millî Savunma Bakanlığı Akaryakıt İkmal ve NATO POL Tesisleri İşletme Başkanlığı Personeli Görevde Yükselme ve Unvan Değişikliği Yönetmeliğinde Değişiklik Yapılmasına Dair Yönetmelik,https://www.resmigazete.gov.tr/eskiler/2009/12/20091204-2.htm
2009-12-04,— Kan ve Kan Ürünleri Yönetmeliğinde Değişiklik Yapılmasına Dair Yönetmelik,https://www.resmigazete.gov.tr/eskiler/2009/12/20091204-3.htm
2009-12-04,— İşletme Belgesi Hakkında Yönetmelik,https://www.resmigazete.gov.tr/eskiler/2009/12/20091204-4.htm
2009-12-04,— Ardahan Üniversitesi Önlisans-Lisans Eğitim-Öğretim ve Sınav Yönetmeliğinde Değişiklik Yapılmasına Dair Yönetmelik,https://www.resmigazete.gov.tr/eskiler/2009/12/20091204-5.htm
2009-12-04,— Uşak Üniversitesi Uzaktan Eğitim Meslek Yüksekokulu Önlisans Eğitim-Öğretim ve Sınav Yönetmeliğinde Değişiklik Yapılmasına Dair Yönetmelik,https://www.resmigazete.gov.tr/eskiler/2009/12/20091204-6.htm
2009-12-04,— Katılım Öncesi AB’den Sağlanacak Fonların Yönetimi ile İlgili 2009/18 Sayılı Başbakanlık Genelgesi,https://www.resmigazete.gov.tr/eskiler/2009/12/20091204-7.htm
2009-12-04,— 2008 Yılı Sosyal Güvenlik Kurumu Sağlık Uygulama Tebliğinde Değişiklik Yapılmasına Dair Tebliğ,https://www.resmigazete.gov.tr/eskiler/2009/12/20091204-8.htm
2009-12-04,— Özelleştirme Yüksek Kurulunun 3/12/2009 Tarihli ve 2009/66 Sayılı Kararı,https://www.resmigazete.gov.tr/eskiler/2009/12/20091204-9.htm
2009-12-04,— Özelleştirme Yüksek Kurulunun 3/12/2009 Tarihli ve 2009/67 Sayılı Kararı,https://www.resmigazete.gov.tr/eskiler/2009/12/20091204-10.htm
2009-12-04,— Özelleştirme İdaresi Başkanlığının 2/12/2009 Tarihli ve 2009/ÖİB-K-16 Sayılı Kararı,https://www.resmigazete.gov.tr/eskiler/2009/12/20091204-11.htm
2009-12-04,— Özelleştirme İdaresi Başkanlığının 3/12/2009 Tarihli ve 2009/ÖİB-K-17 Sayılı Kararı,https://www.resmigazete.gov.tr/eskiler/2009/12/20091204-12.htm
2009-12-04,— Yargıtay 13. Hukuk Dairesine Ait Kararlar,https://www.resmigazete.gov.tr/eskiler/2009/12/20091204-13.htm
2009-12-05,"— Devlet Bakanı Egemen BAĞIŞ’a, Devlet Bakanı Selma Aliye KAVAF’ın Vekâlet Etmesine Dair Tezkere",https://www.resmigazete.gov.tr/eskiler/2009/12/20091205-1.htm
2009-12-05,"— Çevre ve Orman Bakanlığına, Ulaştırma Bakanı Binali YILDIRIM’ın Vekâlet Etmesine Dair Tezkere",https://www.resmigazete.gov.tr/eskiler/2009/12/20091205-2.htm
2009-12-05,— Antalya İli Kumluca İlçesine Bağlı Çavuşköy Beldesinin İsminin “Adrasan” Olarak Değiştirilmesi Hakkında Karar,https://www.resmigazete.gov.tr/eskiler/2009/12/20091205-3.htm
2009-12-05,"— Kadının Statüsü Genel Müdürlüğü Kadının Statüsü Uzman Yardımcılığı Giriş, Kadının Statüsü Uzmanlığı Yeterlik Sınavları ile Atama ve Yetiştirilmelerine Dair Yönetmelikte Değişiklik Yapılmasına Dair Yönetmelik",https://www.resmigazete.gov.tr/eskiler/2009/12/20091205-4.htm
2009-12-05,"— Ücret, Prim, İkramiye ve Bu Nitelikteki Her Türlü İstihkakın Bankalar Aracılığıyla Ödenmesine Dair Yönetmelikte Değişiklik Yapılması Hakkında Yönetmelik",https://www.resmigazete.gov.tr/eskiler/2009/12/20091205-5.htm
2009-12-05,— Yaş Sebze ve Meyve Üretici Birliklerinin Tabi Olduğu Esaslar Hakkında Yönetmelikte Değişiklik Yapılmasına Dair Yönetmelik,https://www.resmigazete.gov.tr/eskiler/2009/12/20091205-6.htm
2009-12-05,— Gençlik ve Spor Genel Müdürlüğü Özerk Spor Federasyonları Çerçeve Statüsünde Değişiklik Yapılmasına Dair Statü,https://www.resmigazete.gov.tr/eskiler/2009/12/20091205-7.htm
2009-12-05,— Türkiye Radyo-Televizyon Kurumu Teftiş Kurulu Yönetmeliğinde Değişiklik Yapılmasına Dair Yönetmelik,https://www.resmigazete.gov.tr/eskiler/2009/12/20091205-8.htm
2009-12-05,— Devlet Opera ve Balesi Genel Müdürlüğü Personeli Görevde Yükselme ve Unvan Değişikliği Yönetmeliğinde Değişiklik Yapılmasına Dair Yönetmelik,https://www.resmigazete.gov.tr/eskiler/2009/12/20091205-9.htm
2009-12-05,— Türkiye’de Saydamlığın Artırılması ve Yolsuzlukla Mücadelenin Güçlendirilmesi Stratejisi ile İlgili 2009/19 Sayılı Başbakanlık Genelgesi,https://www.resmigazete.gov.tr/eskiler/2009/12/20091205-10.htm
2009-12-05,— Gümrük Genel Tebliği (Gümrük Kontrolü Altında İşleme) (Seri No: 3),https://www.resmigazete.gov.tr/eskiler/2009/12/20091205-11.htm
2009-12-05,— Katma Değer Vergisi Genel Tebliği (Seri No: 113),https://www.resmigazete.gov.tr/eskiler/2009/12/20091205-12.htm
2009-12-05,— Yurtiçi Sertifikalı Tohum Üretiminin Desteklenmesi Hakkında Tebliğ (No: 2009/60),https://www.resmigazete.gov.tr/eskiler/2009/12/20091205-13.htm
2009-12-05,— Gümrük Genel Tebliği (Gümrük Antrepo Rejimi) (Seri No: 18),https://www.resmigazete.gov.tr/eskiler/2009/12/20091205-14.htm
2009-12-05,— Elektrik Piyasası Kanununun 11 inci Maddesi Uyarınca 2010 Yılında Uygulanacak Para Cezaları Hakkında Tebliğ,https://www.resmigazete.gov.tr/eskiler/2009/12/20091205-15.htm
2009-12-05,— Elektrik Piyasası Kanununda Değişiklik Yapılması ve Doğalgaz Piyasası Hakkında Kanunun 9 uncu Maddesi Uyarınca 2010 Yılında Uygulanacak Para Cezaları Hakkında Tebliğ,https://www.resmigazete.gov.tr/eskiler/2009/12/20091205-16.htm
2009-12-05,— Petrol Piyasası Kanununun 19 uncu Maddesi Uyarınca 2010 Yılında Uygulanacak Para Cezaları Hakkında Tebliğ,https://www.resmigazete.gov.tr/eskiler/2009/12/20091205-17.htm
2009-12-05,— Sıvılaştırılmış Petrol Gazları (LPG) Piyasası Kanunu ve Elektrik Piyasası Kanununda Değişiklik Yapılmasına Dair Kanunun 16 ncı Maddesi Uyarınca 2010 Yılında Uygulanacak Para Cezaları Hakkında Tebliğ,https://www.resmigazete.gov.tr/eskiler/2009/12/20091205-18.htm
2009-12-05,"— 116 Mülki İdare Amirinin, 1. Sınıf Mülki İdare Amirliğine Yükseltilmesi Hakkında Karar",https://www.resmigazete.gov.tr/eskiler/2009/12/20091205-19.htm
2009-12-06,"— Başbakanlığa, Devlet Bakanı ve Başbakan Yardımcısı Bülent ARINÇ’ın Vekâlet Etmesine Dair Tezkere",https://www.resmigazete.gov.tr/eskiler/2009/12/20091206-1.htm
2009-12-06,"— Devlet Bakanı ve Başbakan Yardımcısı Ali BABACAN’a, Devlet Bakanı Cevdet YILMAZ’ın Vekâlet Etmesine Dair Tezkere",https://www.resmigazete.gov.tr/eskiler/2009/12/20091206-2.htm
2009-12-06,"— Dışişleri Bakanlığına, Devlet Bakanı Mehmet AYDIN’ın Vekâlet Etmesine Dair Tezkere",https://www.resmigazete.gov.tr/eskiler/2009/12/20091206-3.htm
2009-12-06,"— Maliye Bakanlığına, Milli Eğitim Bakanı Nimet ÇUBUKÇU’nun Vekâlet Etmesine Dair Tezkere",https://www.resmigazete.gov.tr/eskiler/2009/12/20091206-4.htm
2009-12-06,"— Bayındırlık ve İskan Bakanlığına, Devlet Bakanı Faruk Nafız ÖZAK’ın Vekâlet Etmesine Dair Tezkere",https://www.resmigazete.gov.tr/eskiler/2009/12/20091206-5.htm
2009-12-06,"— Başbakanlık, Devlet Bakanı ve Başbakan Yardımcılığı ile Devlet Bakanlığına Ait Atama Kararları",https://www.resmigazete.gov.tr/eskiler/2009/12/20091206-6.htm
2009-12-06,"— Adlî Tıp Kurumu İkinci Adlî Tıp İhtisas Kurulu Nöroloji Üyeliğine, Düzce Üniversitesi Tıp Fakültesi Dahili Tıp Bilimleri Bölümü Nöroloji Anabilim Dalı Öğretim Üyesi Doç.Dr. Abdulkadir KOÇER’in Görevlendirilmesi Hakkında Karar",https://www.resmigazete.gov.tr/eskiler/2009/12/20091206-7.htm
2009-12-06,— İstanbul Teknik Üniversitesi Türk Musikisi Devlet Konservatuarı Lisans Eğitim ve Öğretim Yönetmeliği,https://www.resmigazete.gov.tr/eskiler/2009/12/20091206-8.htm
2009-12-06,— İstanbul Arel Üniversitesi Kariyer Planlama Uygulama ve Araştırma Merkezi Yönetmeliği,https://www.resmigazete.gov.tr/eskiler/2009/12/20091206-9.htm
2009-12-06,— İthalatta Gözetim Uygulanmasına İlişkin Tebliğ (No: 2009/11),https://www.resmigazete.gov.tr/eskiler/2009/12/20091206-10.htm
2009-12-06,— İthalatta Korunma Önlemlerine İlişkin Tebliğ (No: 2009/18),https://www.resmigazete.gov.tr/eskiler/2009/12/20091206-11.htm
2009-12-07,"— İstanbul Arel Üniversitesi Psikolojik Danışma, Rehberlik Uygulama ve Araştırma Merkezi Yönetmeliği",https://www.resmigazete.gov.tr/eskiler/2009/12/20091207-1.htm
2009-12-07,— Kadir Has Üniversitesi Teknoloji ve Hukuk Uygulama ve Araştırma Merkezi Yönetmeliği,https://www.resmigazete.gov.tr/eskiler/2009/12/20091207-2.htm
2009-12-08,2009/15614 Bazı Yerlerde Arazi Toplulaştırması Yapılması Hakkında Karar,https://www.resmigazete.gov.tr/eskiler/2009/12/20091208-1.htm
2009-12-08,2009/15621 Silifke Aksıfat Grubu İçmesuyu Birliği’ne Üye Olan Sarıaydın ve Mara Köylerinin Adı Geçen Birliğe Katılmalarının Zorunlu Hale Getirilmesi Hakkında Karar,https://www.resmigazete.gov.tr/eskiler/2009/12/20091208-2.htm
2009-12-08,"2009/15622 Bazı İlçelerdeki Emniyet Amirliklerinin, İlçe Emniyet Müdürlüklerine Dönüştürülmesi Hakkında Karar",https://www.resmigazete.gov.tr/eskiler/2009/12/20091208-3.htm
2009-12-08,2009/15623 Polis Akademisine Bağlı Olarak Kırşehir Polis Meslek Yüksek Okulu ve Sivas Polis Meslek Yüksek Okulunun Açılması Hakkında Karar,https://www.resmigazete.gov.tr/eskiler/2009/12/20091208-4.htm
2009-12-08,"— Devlet Bakanı Egemen BAĞIŞ’a, Devlet Bakanı Selma Aliye KAVAF’ın Vekâlet Etmesine Dair Tezkerede Değişiklik Yapılmasına Dair Tezkere",https://www.resmigazete.gov.tr/eskiler/2009/12/20091208-5.htm
2009-12-08,"— Millî Savunma Bakanlığına, Devlet Bakanı Faruk ÇELİK’in Vekâlet Etmesine Dair Tezkere",https://www.resmigazete.gov.tr/eskiler/2009/12/20091208-6.htm
2009-12-08,"— Devlet Bakanı ve Başbakan Yardımcılığı, Dışişleri, Maliye, Bayındırlık ve İskan, Sağlık, Tarım ve Köyişleri, Çalışma ve Sosyal Güvenlik, Enerji ve Tabii Kaynaklar ile Çevre ve Orman Bakanlıklarına Ait Atama Kararları",https://www.resmigazete.gov.tr/eskiler/2009/12/20091208-17.htm
2009-12-08,"— Millî Eğitim Bakanlığına Bağlı Fen Liseleri, Sosyal Bilimler Liseleri, Güzel Sanatlar ve Spor Liseleri ile Her Türdeki Anadolu Liseleri Öğretmenlerinin Seçimi ve Atamalarına Dair Yönetmelikte Değişiklik Yapılmasına Dair Yönetmelik",https://www.resmigazete.gov.tr/eskiler/2009/12/20091208-7.htm
2009-12-08,— Ortez-Protezleri Ismarlama Olarak Üreten ve/veya Uygulayan Merkezler ile İşitme Cihazı Satış ve Uygulaması Yapan Merkezler Hakkında Yönetmelikte Değişiklik Yapılmasına Dair Yönetmelik,https://www.resmigazete.gov.tr/eskiler/2009/12/20091208-8.htm
2009-12-08,— Zirai Karantina Yönetmeliğinde Değişiklik Yapılmasına Dair Yönetmelik,https://www.resmigazete.gov.tr/eskiler/2009/12/20091208-9.htm
2009-12-08,— İstanbul Arel Üniversitesi Satın Alma ve İhale Yönetmeliği,https://www.resmigazete.gov.tr/eskiler/2009/12/20091208-10.htm
2009-12-08,— Ondokuz Mayıs Üniversitesi Temiz Enerji Teknolojileri Uygulama ve Araştırma Merkezi Yönetmeliği,https://www.resmigazete.gov.tr/eskiler/2009/12/20091208-11.htm
2009-12-08,— Yalova Üniversitesi Önlisans Eğitim-Öğretim ve Sınav Yönetmeliği,https://www.resmigazete.gov.tr/eskiler/2009/12/20091208-12.htm
2009-12-08,— Yalova Üniversitesi Lisans Eğitim-Öğretim ve Sınav Yönetmeliği,https://www.resmigazete.gov.tr/eskiler/2009/12/20091208-13.htm
2009-12-08,— Meyer Uluslararası Uygunluk Değerlendirme Hizmetleri Limited Şirketinin Tıbbi Cihaz Yönetmeliği Kapsamında Onaylanmış Kuruluş Olarak Görevlendirilmesine Dair Tebliğ,https://www.resmigazete.gov.tr/eskiler/2009/12/20091208-14.htm
2009-12-08,— İşkolu Tespit Kararı (No: 2009/57),https://www.resmigazete.gov.tr/eskiler/2009/12/20091208-15.htm
2009-12-08,— Yargıtay 18. Hukuk Dairesine Ait Karar,https://www.resmigazete.gov.tr/eskiler/2009/12/20091208-16.htm
2009-12-08,"Tıklayınız 8/12/2009 tarihli ve 27426 sayılı mükerrer Resmî Gazete'de, 16/11/2009 tarihli ve 2009/15627 sayılı ""Kamu İdaresi Sağlık Hizmeti Sunucuları Dışındaki Vakıf Üniversiteleri Dahil Sözleşmeli Sağlık Hizmeti Sunucuları Tarafından, Sağlık Hizmetleri Fiyatlandırma Komisyonunca Belirlenen Sağlık Hizmetleri Bedeline Ek Olarak Alınabilecek İlave Ücretin Belirlenmesine İlişkin Karar"" yayımlanmıştır.",http://www.resmigazete.gov.tr/eskiler/2009/12/20091208M1.htm
2009-12-09,— Karayolları Motorlu Araçlar Zorunlu Mali Sorumluluk Sigortasında Tarife Uygulama Esasları Hakkında Yönetmelikte Değişiklik Yapılmasına Dair Yönetmelik,https://www.resmigazete.gov.tr/eskiler/2009/12/20091209-1.htm
2009-12-09,— Küçük ve Orta Ölçekli İşletmeleri Geliştirme ve Destekleme İdaresi Başkanlığı Disiplin Yönetmeliği,https://www.resmigazete.gov.tr/eskiler/2009/12/20091209-2.htm
2009-12-09,— Plato Meslek Yüksekokulu Ana Yönetmeliği,https://www.resmigazete.gov.tr/eskiler/2009/12/20091209-3.htm
2009-12-09,— Plato Meslek Yüksekokulu Eğitim-Öğretim ve Sınav Yönetmeliği,https://www.resmigazete.gov.tr/eskiler/2009/12/20091209-4.htm
2009-12-09,— Sabancı Üniversitesi Temel Geliştirme Yılı Yönetmeliğinde Değişiklik Yapılmasına Dair Yönetmelik,https://www.resmigazete.gov.tr/eskiler/2009/12/20091209-5.htm
2009-12-09,— İşyeri Sağlık ve Güvenlik Birimleri ile Ortak Sağlık ve Güvenlik Birimleri Hakkında Yönetmeliğin Uygulanmasına Dair Tebliğ,https://www.resmigazete.gov.tr/eskiler/2009/12/20091209-6.htm
2009-12-09,— Bankacılık Düzenleme ve Denetleme Kurulunun 3/12/2009 Tarihli ve 3446 Sayılı Kararı,https://www.resmigazete.gov.tr/eskiler/2009/12/20091209-7.htm
2009-12-09,— Bankacılık Düzenleme ve Denetleme Kurulunun 3/12/2009 Tarihli ve 3447 Sayılı Kararı,https://www.resmigazete.gov.tr/eskiler/2009/12/20091209-8.htm
2009-12-09,— Yargıtay 18. Hukuk Dairesine Ait Karar,https://www.resmigazete.gov.tr/eskiler/2009/12/20091209-9.htm
2009-12-10,5928 Türkiye Cumhuriyeti Hükümeti ile Tacikistan Cumhuriyeti Hükümeti Arasında Türk İşbirliği ve Kalkınma İdaresi Başkanlığı Program Koordinasyon Ofisinin Faaliyetine İlişkin Anlaşmanın Onaylanmasının Uygun Bulunduğuna Dair Kanun,https://www.resmigazete.gov.tr/eskiler/2009/12/20091210-1.htm
2009-12-10,5929 2005 Uluslararası Zeytinyağı ve Sofralık Zeytin Anlaşmasına Katılmamızın Uygun Bulunduğuna Dair Kanun,https://www.resmigazete.gov.tr/eskiler/2009/12/20091210-2.htm
2009-12-10,5933 Türkiye Cumhuriyeti Hükümeti ile Kuveyt Devleti Hükümeti Arasında Sağlık Alanında İşbirliğine Dair Anlaşmanın Onaylanmasının Uygun Bulunduğuna Dair Kanun,https://www.resmigazete.gov.tr/eskiler/2009/12/20091210-3.htm
2009-12-10,"— Cumhurbaşkanlığına, Türkiye Büyük Millet Meclisi Başkanı Vekili Sadık YAKUT’un Vekâlet Etmesine Dair Tezkere",https://www.resmigazete.gov.tr/eskiler/2009/12/20091210-4.htm
2009-12-10,"— Devlet Bakanı Mehmet Zafer ÇAĞLAYAN’a, Kültür ve Turizm Bakanı Ertuğrul GÜNAY’ın Vekâlet Etmesine Dair Tezkere",https://www.resmigazete.gov.tr/eskiler/2009/12/20091210-5.htm
2009-12-10,"— Devlet Bakanı Egemen BAĞIŞ’a, Devlet Bakanı ve Başbakan Yardımcısı Cemil ÇİÇEK’in Vekâlet Etmesine Dair Tezkere",https://www.resmigazete.gov.tr/eskiler/2009/12/20091210-6.htm
2009-12-10,"— Devlet Bakanı Selma Aliye KAVAF’a, Devlet Bakanı Hayati YAZICI’nın Vekâlet Etmesine Dair Tezkere",https://www.resmigazete.gov.tr/eskiler/2009/12/20091210-7.htm
2009-12-10,"— İçişleri Bakanlığına, Sağlık Bakanı Recep AKDAĞ’ın Vekâlet Etmesine Dair Tezkere",https://www.resmigazete.gov.tr/eskiler/2009/12/20091210-8.htm
2009-12-10,"— Sanayi ve Ticaret Bakanlığına, Enerji ve Tabii Kaynaklar Bakanı Taner YILDIZ’’ın Vekâlet Etmesine Dair Tezkere",https://www.resmigazete.gov.tr/eskiler/2009/12/20091210-9.htm
2009-12-10,— Başbakanlık ile Kültür ve Turizm Bakanlığına Ait Atama Kararları,https://www.resmigazete.gov.tr/eskiler/2009/12/20091210-10.htm
2009-12-10,— İstanbul Üniversitesi Küresel Siyaset ve Yönetim Uygulama ve Araştırma Merkezi Yönetmeliği,https://www.resmigazete.gov.tr/eskiler/2009/12/20091210-11.htm
2009-12-10,— Tedavi Yardımına İlişkin Uygulama Tebliği (Sıra No: 14),https://www.resmigazete.gov.tr/eskiler/2009/12/20091210-12.htm
2009-12-10,— Gümrük Genel Tebliğinde Değişiklik Yapılmasına Dair Tebliğ (Gümrük İşlemleri) (Seri No: 75),https://www.resmigazete.gov.tr/eskiler/2009/12/20091210-13.htm
2009-12-10,— Yargıtay 14. Hukuk Dairesine Ait Karar,https://www.resmigazete.gov.tr/eskiler/2009/12/20091210-14.htm
2009-12-11,951 Madencilik Sektöründeki Sorunların Araştırılarak Alınması Gereken Önlemlerin Belirlenmesi Amacıyla Bir Meclis Araştırması Komisyonu Kurulmasına İlişkin Karar,https://www.resmigazete.gov.tr/eskiler/2009/12/20091211-1.htm
2009-12-11,2009/15639 Türkiye Cumhuriyeti Hükümeti ile Arnavutluk Cumhuriyeti Hükümeti Arasında Vizenin Karşılıklı Olarak Kaldırılmasına Dair Anlaşmanın Onaylanması Hakkında Karar,https://www.resmigazete.gov.tr/eskiler/2009/12/20091211-19.htm
2009-12-11,"— İçişleri Bakanlığına, Sağlık Bakanı Recep AKDAĞ’ın Vekâlet Etmesine Dair Tezkerinin İptaline Dair Tezkere",https://www.resmigazete.gov.tr/eskiler/2009/12/20091211-2.htm
2009-12-11,— Bankaların Likidite Yeterliliğinin Ölçülmesine ve Değerlendirilmesine İlişkin Yönetmelikte Değişiklik Yapılmasına Dair Yönetmelik,https://www.resmigazete.gov.tr/eskiler/2009/12/20091211-3.htm
2009-12-11,— İstanbul Üniversitesi Lisansüstü Eğitim ve Öğretim Yönetmeliğinde Değişiklik Yapılmasına Dair Yönetmelik,https://www.resmigazete.gov.tr/eskiler/2009/12/20091211-4.htm
2009-12-11,— Zirve Üniversitesi Sürekli Eğitim Uygulama ve Araştırma Merkezi Yönetmeliği,https://www.resmigazete.gov.tr/eskiler/2009/12/20091211-5.htm
2009-12-11,— Zirve Üniversitesi Orta Doğu Stratejik Araştırmalar Uygulama ve Araştırma Merkezi Yönetmeliği,https://www.resmigazete.gov.tr/eskiler/2009/12/20091211-6.htm
2009-12-11,— 4077 Sayılı Tüketicinin Korunması Hakkında Kanunun 25 inci Maddesine Göre 2010 Yılında Uygulanacak Olan İdari Para Cezalarına İlişkin Tebliğ (No: TRKGM-2009/2),https://www.resmigazete.gov.tr/eskiler/2009/12/20091211-7.htm
2009-12-11,— 4 077 Sayılı Tüketicinin Korunması Hakkında Kanunun 22 nci ve Tüketici Sorunları Hakem Heyetleri Yönetmeliğinin 5 inci Maddelerinde Yer Alan Parasal Sınırların Artırılmasına İlişkin Tebliğ (No: TRKGM-2009/3),https://www.resmigazete.gov.tr/eskiler/2009/12/20091211-8.htm
2009-12-11,— İthalatta Haksız Rekabetin Önlenmesine İlişkin Tebliğ (No: 2009/38),https://www.resmigazete.gov.tr/eskiler/2009/12/20091211-9.htm
2009-12-11,— 2009 Yılı Kasım Ayına Ait Dahilde İşleme İzin Belgelerinin (D1) Listesi,https://www.resmigazete.gov.tr/eskiler/2009/12/20091211-10.xls
2009-12-11,— 2009 Yılı Kasım Ayına Ait Yurt İçi Satış ve Teslim Belgelerinin (D3) Listesi,https://www.resmigazete.gov.tr/eskiler/2009/12/20091211-11.xls
2009-12-11,— 2009 Yılı Kasım Ayına Ait Hariçte İşleme İzin Belgelerinin (H) Listesi,https://www.resmigazete.gov.tr/eskiler/2009/12/20091211-12.xls
2009-12-11,"— 2009 Yılı Kasım Ayına Ait Vergi, Resim ve Harç İstisnası Belgelerinin (Y) Listesi",https://www.resmigazete.gov.tr/eskiler/2009/12/20091211-13.xls
2009-12-11,— Firma Talebine İstinaden İptal Edilen Dahilde İşleme İzin Belgeleri Listesi,https://www.resmigazete.gov.tr/eskiler/2009/12/20091211-14.xls
2009-12-11,— Re’sen Kapatılan Dahilde İşleme İzin Belgeleri Listesi,https://www.resmigazete.gov.tr/eskiler/2009/12/20091211-15.xls
2009-12-11,— Tekdüzen Hesap Planı ve İzahnamesi Hakkında Tebliğde Değişiklik Yapılmasına Dair Tebliğ,https://www.resmigazete.gov.tr/eskiler/2009/12/20091211-16.htm
2009-12-11,— Katılım Bankalarınca Uygulanacak Tekdüzen Hesap Planı ve İzahnamesi Hakkında Tebliğde Değişiklik Yapılmasına Dair Tebliğ,https://www.resmigazete.gov.tr/eskiler/2009/12/20091211-17.htm
2009-12-11,— Ulusal Meslek Standartlarına Dair Tebliğ,https://www.resmigazete.gov.tr/eskiler/2009/12/20091211-18.htm
2009-12-12,2009/15618 Türkiye Cumhuriyeti Hükümeti ile Tacikistan Cumhuriyeti Hükümeti Arasında İmzalanan “Hizmet ve Hususi Pasaport Hamilleri İçin Vizenin Karşılıklı Olarak Kaldırılmasına Dair Anlaşma”nın Onaylanması Hakkında Karar,https://www.resmigazete.gov.tr/eskiler/2009/12/20091212-1.htm
2009-12-12,"— Dışişleri Bakanlığına, Devlet Bakanı Mehmet AYDIN’ın Vekâlet Etmesine Dair Tezkere",https://www.resmigazete.gov.tr/eskiler/2009/12/20091212-2.htm
2009-12-12,— Avrupa Birliği Genel Sekreterliği Avrupa Birliği İşleri Uzman Yardımcılığı Giriş ve Uzman Yeterlik Sınavı Yönetmeliğinde Değişiklik Yapılmasına Dair Yönetmelik,https://www.resmigazete.gov.tr/eskiler/2009/12/20091212-3.htm
2009-12-12,"— Ceza İnfaz Kurumları ve Tutukevleri Personeli Eğitim Merkezleri Kuruluş, Görev ve Çalışma Yönetmeliğinde Değişiklik Yapılmasına Dair Yönetmelik",https://www.resmigazete.gov.tr/eskiler/2009/12/20091212-4.htm
2009-12-12,— Görev Dağılımı ile İlgili 2009/20 Sayılı Başbakanlık Genelgesi,https://www.resmigazete.gov.tr/eskiler/2009/12/20091212-5.htm
2009-12-13,"— Devlet Bakanı ve Başbakan Yardımcısı Ali BABACAN’a, Devlet Bakanı Cevdet YILMAZ’ın Vekâlet Etmesine Dair Tezkerenin Meksika Kısmının İptaline Dair Tezkere",https://www.resmigazete.gov.tr/eskiler/2009/12/20091213-1.htm
2009-12-13,— Gençlik ve Spor Genel Müdürlüğüne Ait Taşınmazların İdaresi Hakkında Yönetmelik,https://www.resmigazete.gov.tr/eskiler/2009/12/20091213-2.htm
2009-12-14,"2009/15643 Anayasa Mahkemesi’nin 11/12/2009 Tarihli ve E: 2007/1 (Siyasi Parti-Kapatma), K: 2009/4 Sayılı Kararı ile Kapatılarak Bütün Malları Hazineye Geçen Demokratik Toplum Partisi’nin Tasfiye İşlemlerinin Maliye Bakanlığı’nca Yapılması Hakkında Karar",https://www.resmigazete.gov.tr/eskiler/2009/12/20091214-1.htm
2009-12-14,"— Devlet Bakanı Mehmet Zafer ÇAĞLAYAN’a, Devlet Bakanı Faruk Nafız ÖZAK’ın Vekâlet Etmesine Dair Tezkere",https://www.resmigazete.gov.tr/eskiler/2009/12/20091214-2.htm
2009-12-14,"— Sporcu Lisans, Tescil, Vize ve Transfer Yönetmeliğinde Değişiklik Yapılmasına Dair Yönetmelik",https://www.resmigazete.gov.tr/eskiler/2009/12/20091214-3.htm
2009-12-14,"— Anayasa Mahkemesinin E: 2007/1 (Siyasi Parti-Kapatma), K: 2009/4 Sayılı Kararı",https://www.resmigazete.gov.tr/eskiler/2009/12/20091214-4.htm
2009-12-14,— Yargıtay 18. Hukuk Dairesine Ait Kararlar,https://www.resmigazete.gov.tr/eskiler/2009/12/20091214-5.htm
2009-12-15,"2009/15638 Türkiye Cumhuriyeti Hükümeti, İslam Konferansı Örgütü ve İslam Konferansı Diyalog ve İşbirliği Gençlik Forumu Arasında İmzalanan ""İslam Konferansı Diyalog ve İşbirliği Gençlik Forumu’nun İstanbul’da Kurulması Hakkında Anlaşma”nın Onaylanmasına Dair Karar",https://www.resmigazete.gov.tr/eskiler/2009/12/20091215-1.htm
2009-12-15,"2009/15630 Tarım ve Köyişleri Bakanlığının Taşra Teşkilatında Yer Alan Edremit Zeytincilik Üretme İstasyonu Müdürlüğünün Adının Edremit Zeytincilik Üretim, Eğitim ve Gen Merkezi Müdürlüğü Olarak Değiştirilmesi ve Söz Konusu Müdürlüğün Doğrudan Merkeze Bağlı Taşra Teşkilatına Dönüştürülmesi Hakkında Karar",https://www.resmigazete.gov.tr/eskiler/2009/12/20091215-2.htm
2009-12-15,2009/15637 Rize Üniversitesi Rektörlüğüne Bağlı Olarak Güneysu Fizik Tedavi ve Rehabilitasyon Yüksekokulu Kurulması Hakkında Karar,https://www.resmigazete.gov.tr/eskiler/2009/12/20091215-3.htm
2009-12-15,"— Ulaştırma Bakanlığına, Sağlık Bakanı Recep AKDAĞ’ın Vekâlet Etmesine Dair Tezkere",https://www.resmigazete.gov.tr/eskiler/2009/12/20091215-4.htm
2009-12-15,— 4046 Sayılı Kanun Kapsamında Danışmanlık Hizmetleri İhalelerinde Uygulanacak Esas ve Usullere İlişkin Yönetmelikte Değişiklik Yapılmasına Dair Yönetmelik,https://www.resmigazete.gov.tr/eskiler/2009/12/20091215-5.htm
2009-12-15,— Dokuz Eylül Üniversitesi Hastahanesi (Sağlık Uygulama ve Araştırma Merkezi) Yönetmeliğinde Değişiklik Yapılmasına Dair Yönetmelik,https://www.resmigazete.gov.tr/eskiler/2009/12/20091215-6.htm
2009-12-15,"— Düzce Üniversitesi Dil, Tarih ve Kültürel Zenginlikleri Uygulama ve Araştırma Merkezi Yönetmeliği",https://www.resmigazete.gov.tr/eskiler/2009/12/20091215-7.htm
2009-12-15,— Hitit Üniversitesi Sürekli Eğitim Uygulama ve Araştırma Merkezi Yönetmeliği,https://www.resmigazete.gov.tr/eskiler/2009/12/20091215-8.htm
2009-12-15,— Yurt Dışı Tebligat ve İstinabe Taleplerinde Uyulması Gereken Usul ve Esaslara Dair Tebliğ,https://www.resmigazete.gov.tr/eskiler/2009/12/20091215-9.htm
2009-12-15,"— Hava Aromatize Edici Ürünlerin Üretimine, İthalatına, Piyasa Gözetimi ve Denetimine ve Bildirim Esaslarına Dair Tebliğ",https://www.resmigazete.gov.tr/eskiler/2009/12/20091215-10.htm
2009-12-15,— İşkolu Tespit Kararı (No: 2009/58),https://www.resmigazete.gov.tr/eskiler/2009/12/20091215-11.htm
2009-12-15,— Zorunlu Karşılıklar Hakkında Tebliğde Değişiklik Yapılmasına Dair Tebliğ (Sayı: 2009/8),https://www.resmigazete.gov.tr/eskiler/2009/12/20091215-12.htm
2009-12-15,— Yargıtay 18. Hukuk Dairesine Ait Karar,https://www.resmigazete.gov.tr/eskiler/2009/12/20091215-13.htm
2009-12-15,İLAN BÖLÜMÜNÜ GÖRMEK İÇİN TIKLAYINIZ.,http://www.resmigazete.gov.tr/ilanlar/eskiilanlar/2009/12/20091215.htm
2009-12-16,5930 Türkiye Cumhuriyeti Başbakanlık Devlet Arşivleri Genel Müdürlüğü ile Hırvatistan Cumhuriyeti Devlet Arşivi Arasında İşbirliği Protokolünün Onaylanmasının Uygun Bulunduğuna Dair Kanun,https://www.resmigazete.gov.tr/eskiler/2009/12/20091216-1.htm
2009-12-16,5931 Türkiye Cumhuriyeti Hükümeti ile İtalya Cumhuriyeti Hükümeti Arasında Türkiyede Bir Türk-İtalyan Üniversitesinin Kurulmasına Dair Anlaşmanın Onaylanmasının Uygun Bulunduğuna Dair Kanun,https://www.resmigazete.gov.tr/eskiler/2009/12/20091216-2.htm
2009-12-16,5932 Türkiye Cumhuriyeti ile Gürcistan Arasında Gelir Üzerinden Alınan Vergilerde Çifte Vergilendirmeyi Önleme ve Vergi Kaçakçılığına Engel Olma Anlaşmasının ve Eki Protokolün Onaylanmasının Uygun Bulunduğuna Dair Kanun,https://www.resmigazete.gov.tr/eskiler/2009/12/20091216-3.htm
2009-12-16,5934 Türkiye Cumhuriyeti Hükümeti ile Yemen Cumhuriyeti Hükümeti Arasında Gelir Üzerinden Alınan Vergilerde Çifte Vergilendirmeyi Önleme Anlaşmasının Onaylanmasının Uygun Bulunduğuna Dair Kanun,https://www.resmigazete.gov.tr/eskiler/2009/12/20091216-4.htm
2009-12-16,5935 Türkiye Cumhuriyeti Hükümeti ve Oman Sultanlığı Hükümeti Arasında Yatırımların Karşılıklı Teşviki ve Korunmasına İlişkin Anlaşmanın Onaylanmasının Uygun Bulunduğuna Dair Kanun,https://www.resmigazete.gov.tr/eskiler/2009/12/20091216-5.htm
2009-12-16,5936 Türkiye Cumhuriyeti Sağlık Bakanlığı ile Oman Sultanlığı Sağlık Bakanlığı Arasında Sağlık Alanında İşbirliğine Dair Mutabakat Zaptının Onaylanmasının Uygun Bulunduğuna Dair Kanun,https://www.resmigazete.gov.tr/eskiler/2009/12/20091216-6.htm
2009-12-16,5937 Türkiye Cumhuriyeti Tarım ve Köyişleri Bakanlığı ile Umman Sultanlığı Tarım ve Balıkçılık Bakanlığı Arasında Mutabakat Zaptının Onaylanmasının Uygun Bulunduğuna Dair Kanun,https://www.resmigazete.gov.tr/eskiler/2009/12/20091216-7.htm
2009-12-16,5938 Türkiye Cumhuriyeti Hükümeti ile Umman Sultanlığı Hükümeti Arasında Gelir Üzerinden Alınan Vergilerde Çifte Vergilendirmeyi Önleme ve Vergi Kaçakçılığına Engel Olma Anlaşmanın ve Eki Protokolün Onaylanmasının Uygun Bulunduğuna Dair Kanun,https://www.resmigazete.gov.tr/eskiler/2009/12/20091216-8.htm
2009-12-16,"— Ulaştırma Bakanlığına, Sağlık Bakanı Recep AKDAĞ’ın Vekâlet Etmesine Dair Tezkerenin İptaline Dair Tezkere",https://www.resmigazete.gov.tr/eskiler/2009/12/20091216-13.htm
2009-12-16,— Hâkimler ve Savcılar Yüksek Kurulunca Danıştay Üyeliklerine Seçilenler Hakkında Karar (No: 543),https://www.resmigazete.gov.tr/eskiler/2009/12/20091216-9.htm
2009-12-16,— Elektrik Tesisleri Proje Yönetmeliği,https://www.resmigazete.gov.tr/eskiler/2009/12/20091216-10.htm
2009-12-16,— Mehmet Akif Ersoy Üniversitesi Uzaktan Eğitim Uygulama ve Araştırma Merkezi Yönetmeliği,https://www.resmigazete.gov.tr/eskiler/2009/12/20091216-11.htm
2009-12-16,— Özelleştirme Yüksek Kurulunun 14/12/2009 Tarihli ve 2009/69 Sayılı Kararı,https://www.resmigazete.gov.tr/eskiler/2009/12/20091216-12.htm
2009-12-16,İLAN BÖLÜMÜNÜ GÖRMEK İÇİN TIKLAYINIZ.,http://www.resmigazete.gov.tr/ilanlar/eskiilanlar/2009/12/20091216.htm
2009-12-17,5939 Konut Edindirme Yardımı Hak Sahiplerine Ödeme Yapılmasına Dair Kanunda Değişiklik Yapılmasına İlişkin Kanun,https://www.resmigazete.gov.tr/eskiler/2009/12/20091217-16.htm
2009-12-17,5940 İmar Kanunu ile Bayındırlık ve İskan Bakanlığının Teşkilat ve Görevleri Hakkında Kanun Hükmünde Kararnamede Değişiklik Yapılmasına Dair Kanun,https://www.resmigazete.gov.tr/eskiler/2009/12/20091217-17.htm
2009-12-17,2009/15635 Türkiye Değerleme Uzmanları Birliği Statüsünün Yürürlüğe Konulması Hakkında Karar,https://www.resmigazete.gov.tr/eskiler/2009/12/20091217-18.htm
2009-12-17,2009/15641 Marmaray Projesi Kapsamındaki Bazı İşlerde Fiyat Güncellemesi Yapılması Hakkında Karar,https://www.resmigazete.gov.tr/eskiler/2009/12/20091217-19.htm
2009-12-17,"— Cumhurbaşkanlığına, Türkiye Büyük Millet Meclisi Başkanı Mehmet Ali ŞAHİN’in Vekâlet Etmesine Dair Tezkere",https://www.resmigazete.gov.tr/eskiler/2009/12/20091217-13.htm
2009-12-17,"— Çevre ve Orman Bakanlığına, Enerji ve Tabii Kaynaklar Bakanı Taner YILDIZ’ın Vekâlet Etmesine Dair Tezkere",https://www.resmigazete.gov.tr/eskiler/2009/12/20091217-14.htm
2009-12-17,"— Başbakanlık, Devlet, Adalet, İçişleri, Tarım ve Köyişleri, Çalışma ve Sosyal Güvenlik ile Enerji ve Tabii Kaynaklar Bakanlığına Ait Atama Kararları",https://www.resmigazete.gov.tr/eskiler/2009/12/20091217-20.htm
2009-12-17,"2 009/15634 Sermaye Piyasası Kurulu Teşkilat, Görev ve Çalışma Esasları Yönetmeliğinde Değişiklik Yapılmasına Dair Yönetmelik",https://www.resmigazete.gov.tr/eskiler/2009/12/20091217-21.htm
2009-12-17,— 4749 Sayılı Kanun Kapsamında Dış Finansman Sağlanmasına İlişkin Usul ve Esaslara Dair Yönetmelik,https://www.resmigazete.gov.tr/eskiler/2009/12/20091217-1.htm
2009-12-17,— İl Afet ve Acil Durum Müdürlükleri ile Sivil Savunma Arama ve Kurtarma Birlik Müdürlükleri Norm Kadro İlke ve Standartlarına Dair Yönetmelik,https://www.resmigazete.gov.tr/eskiler/2009/12/20091217-15.htm
2009-12-17,— Bitki Çeşitlerinin Kayıt Altına Alınması Yönetmeliğinde Değişiklik Yapılmasına Dair Yönetmelik,https://www.resmigazete.gov.tr/eskiler/2009/12/20091217-2.htm
2009-12-17,— Bingöl Üniversitesi Döner Sermaye İşletmesi Yönetmeliği,https://www.resmigazete.gov.tr/eskiler/2009/12/20091217-3.htm
2009-12-17,— Fatih Üniversitesi Medeniyetler Uygulama ve Araştırma Merkezi Yönetmeliği,https://www.resmigazete.gov.tr/eskiler/2009/12/20091217-4.htm
2009-12-17,"— İstanbul Teknik Üniversitesi Bilim, Mühendislik ve Teknolojide Kadın Araştırmaları Uygulama ve Araştırma Merkezi Yönetmeliği",https://www.resmigazete.gov.tr/eskiler/2009/12/20091217-5.htm
2009-12-17,— İzmir Yüksek Teknoloji Enstitüsü Yabancı Diller Bölümü Hazırlık Sınıfı Yönetmeliğinde Değişiklik Yapılmasına Dair Yönetmelik,https://www.resmigazete.gov.tr/eskiler/2009/12/20091217-6.htm
2009-12-17,— Mimar Sinan Güzel Sanatlar Üniversitesi Disiplinlerarası Kültür Çalışmaları Uygulama ve Araştırma Merkezi Yönetmeliği,https://www.resmigazete.gov.tr/eskiler/2009/12/20091217-7.htm
2009-12-17,— Afet ve Acil Durum Yüksek Kurulu ile İlgili 2009/21 sayılı Başbakanlık Genelgesi,https://www.resmigazete.gov.tr/eskiler/2009/12/20091217-8.htm
2009-12-17,— Yıllık Yatırım Programında Yer Alan Projelere Dış Finansman Sağlanmasına İlişkin Esas ve Usullere Dair Tebliğin Yürürlükten Kaldırılmasına İlişkin Tebliğ,https://www.resmigazete.gov.tr/eskiler/2009/12/20091217-9.htm
2009-12-17,— İşkolu Tespit Kararı (No: 2009/59),https://www.resmigazete.gov.tr/eskiler/2009/12/20091217-10.htm
2009-12-17,— Afet ve Acil Durum Yüksek Kurulunun 16/12/2009 Tarihli ve 1 Sayılı Kararı,https://www.resmigazete.gov.tr/eskiler/2009/12/20091217-11.htm
2009-12-17,— Kamu İhale Kurulunun 7/12/2009 Tarihli ve 2009/DK.D-164 Sayılı Kararı,https://www.resmigazete.gov.tr/eskiler/2009/12/20091217-12.htm
2009-12-18,"— Devlet Bakanı Faruk ÇELİK’e, Milli Savunma Bakanı M. Vecdi GÖNÜL’ün Vekâlet Etmesine Dair Tezkere",https://www.resmigazete.gov.tr/eskiler/2009/12/20091218-1.htm
2009-12-18,— Doğal Gaz Piyasası Dağıtım ve Müşteri Hizmetleri Yönetmeliğinde Değişiklik Yapılmasına Dair Yönetmelik,https://www.resmigazete.gov.tr/eskiler/2009/12/20091218-2.htm
2009-12-18,— BOTAŞ Boru Hatları ile Petrol Taşıma A.Ş. Kapsam Dışı Personel Yönetmeliğinde Değişiklik Yapılması Hakkında Yönetmelik,https://www.resmigazete.gov.tr/eskiler/2009/12/20091218-3.htm
2009-12-18,— İşkolu Tespit Kararı (No: 2009/60),https://www.resmigazete.gov.tr/eskiler/2009/12/20091218-4.htm
2009-12-18,— İşkolu Tespit Kararı (No: 2009/61),https://www.resmigazete.gov.tr/eskiler/2009/12/20091218-5.htm
2009-12-18,— Yeterlik Belgesi Tebliği,https://www.resmigazete.gov.tr/eskiler/2009/12/20091218-6.htm
2009-12-18,— Kullanılmış veya Yenileştirilmiş Olarak İthal Edilebilecek Bazı Maddelere İlişkin Tebliğ (İthalat: 2009/23),https://www.resmigazete.gov.tr/eskiler/2009/12/20091218-7.htm
2009-12-18,— 2009 Yılı Ekim Ayında 28/8/2006 Tarihli ve 2006/10921 Sayılı Kararnameye Göre Düzenlenen Yatırım Teşvik Belgeleri Listesi,https://www.resmigazete.gov.tr/eskiler/2009/12/20091218-8.xls
2009-12-18,— 2009 Yılı Ekim Ayında 14/7/2009 Tarihli ve 2009/15199 Sayılı Kararnameye Göre Düzenlenen Yatırım Teşvik Belgeleri Listesi,https://www.resmigazete.gov.tr/eskiler/2009/12/20091218-9.xls
2009-12-18,— 2009 Yılı Ekim Ayında Yabancı Sermayeli Firmaların Yatırımları İçin Verilen Yatırım Teşvik Belgeleri Listesi,https://www.resmigazete.gov.tr/eskiler/2009/12/20091218-10.pdf
2009-12-18,— 2009 Yılı Kasım Ayında 28/8/2006 Tarihli ve 2006/10921 Sayılı Kararnameye Göre Düzenlenen Yatırım Teşvik Belgeleri Listesi,https://www.resmigazete.gov.tr/eskiler/2009/12/20091218-11.xls
2009-12-18,— 2009 Yılı Kasım Ayında 14/7/2009 Tarihli ve 2009/15199 Sayılı Kararnameye Göre Düzenlenen Yatırım Teşvik Belgeleri Listesi,https://www.resmigazete.gov.tr/eskiler/2009/12/20091218-12.xls
2009-12-18,— 2009 Yılı Kasım Ayına Ait Belgeler ve Yararlandırılan Teşvik Unsurları Listesi,https://www.resmigazete.gov.tr/eskiler/2009/12/20091218-13.xls
2009-12-18,— Kamu Personelinin Genel Sağlık Sigortası Kapsamına Alınması Hakkında Tebliğ,https://www.resmigazete.gov.tr/eskiler/2009/12/20091218-14.htm
2009-12-18,— Kamu Görevlileri Etik Kurulunun 5/11/2009 Tarihli ve 2009/40 Sayılı Kararı,https://www.resmigazete.gov.tr/eskiler/2009/12/20091218-15.htm
2009-12-19,"— Dışişleri Bakanlığına, Devlet Bakanı Mehmet AYDIN’ın Vekalet Etmesine Dair Tezkerenin İtalya Kısmının İptaline Dair Tezkere",https://www.resmigazete.gov.tr/eskiler/2009/12/20091219-1.htm
2009-12-19,— Esnaf ve Sanatkarlar Meslek Kuruluşlarının Genel Kurul Toplantıları ve Bu Toplantılarda Bulundurulacak Bakanlık Temsilcileri veya Hükümet Komiserleri Yönetmeliğinde Değişiklik Yapılmasına Dair Yönetmelik,https://www.resmigazete.gov.tr/eskiler/2009/12/20091219-2.htm
2009-12-19,— Çevresel Etki Değerlendirmesi Yönetmeliğinde Değişiklik Yapılması Hakkında Yönetmelik,https://www.resmigazete.gov.tr/eskiler/2009/12/20091219-3.htm
2009-12-19,— 4915 Sayılı Kara Avcılığı Kanununa Göre El Konularak Mülkiyeti Kamuya Geçirilen Sair Eşyalarla İlgili Yapılacak İş ve İşlemler Hakkında Yönetmelik,https://www.resmigazete.gov.tr/eskiler/2009/12/20091219-4.htm
2009-12-19,— İthalatta Haksız Rekabetin Önlenmesine İlişkin Tebliğ (No: 2009/39),https://www.resmigazete.gov.tr/eskiler/2009/12/20091219-5.pdf
2009-12-19,"— Seri: I, No: 26 Sayılı Hisse Senetlerinin Kurul Kaydına Alınmasına ve Satışına İlişkin Esaslar Tebliğinde Değişiklik Yapılmasına Dair Tebliğ (Seri: I, No: 37)",https://www.resmigazete.gov.tr/eskiler/2009/12/20091219-6.htm
2009-12-19,"— Seri: I, No: 36 Sayılı Oydan Yoksun Paylara İlişkin Esaslar Tebliğinde Değişiklik Yapılmasına Dair Tebliğ (Seri: I, No: 38)",https://www.resmigazete.gov.tr/eskiler/2009/12/20091219-7.htm
2009-12-19,"— Seri: I, No: 31 Sayılı Birleşme İşlemlerine İlişkin Esaslar Tebliğinde Değişiklik Yapılmasına Dair Tebliğ (Seri: I, No: 39)",https://www.resmigazete.gov.tr/eskiler/2009/12/20091219-8.htm
2009-12-19,"— Seri: III, No: 10 Sayılı Katılma İntifa Senetleri İhracına İlişkin Esaslar Tebliğinde Değişiklik Yapılmasına Dair Tebliğ (Seri: III, No: 39)",https://www.resmigazete.gov.tr/eskiler/2009/12/20091219-9.htm
2009-12-19,"— Seri: III, No: 19 Sayılı Gayrimenkul Sertifikalarının Kurul Kaydına Alınmasına İlişkin Esaslar Tebliğinde Değişiklik Yapılmasına Dair Tebliğ (Seri: III, No: 40)",https://www.resmigazete.gov.tr/eskiler/2009/12/20091219-10.htm
2009-12-19,"— Seri: III, No: 27 Sayılı Kâr ve Zarar Ortaklığı Belgelerinin Kurul Kaydına Alınmasına İlişkin Esaslar Tebliğinde Değişiklik Yapılmasına Dair Tebliğ (Seri: III, No: 41)",https://www.resmigazete.gov.tr/eskiler/2009/12/20091219-11.htm
2009-12-19,"— Seri: VI, No: 4 Sayılı Yatırım Ortaklıklarına İlişkin Esaslar Tebliğinde Değişiklik Yapılmasına Dair Tebliğ (Seri: VI, No: 25)",https://www.resmigazete.gov.tr/eskiler/2009/12/20091219-12.htm
2009-12-19,— Kredi Kartı İşlemlerinde Uygulanacak Azami Faiz Oranları Hakkında Tebliğde Değişiklik Yapılmasına Dair Tebliğ (Sayı: 2009/9),https://www.resmigazete.gov.tr/eskiler/2009/12/20091219-13.htm
2009-12-19,— Uluslararası Banka Hesap Numarası Hakkında Tebliğde Değişiklik Yapılmasına Dair Tebliğ (Sayı: 2009/10),https://www.resmigazete.gov.tr/eskiler/2009/12/20091219-14.htm
2009-12-19,"— Yargıtay 9., 14. ve 18. Hukuk Dairelerine Ait Kararlar",https://www.resmigazete.gov.tr/eskiler/2009/12/20091219-15.htm
2009-12-20,5941 Çek Kanunu,https://www.resmigazete.gov.tr/eskiler/2009/12/20091220-6.htm
2009-12-20,"— Devlet Bakanı Egemen BAĞIŞ’a, Devlet Bakanı Selma Aliye KAVAF’ın Vekâlet Etmesine Dair Tezkere",https://www.resmigazete.gov.tr/eskiler/2009/12/20091220-1.htm
2009-12-20,"— Dışişleri Bakanlığına, Devlet Bakanı Mehmet AYDIN’ın Vekâlet Etmesine Dair Tezkere",https://www.resmigazete.gov.tr/eskiler/2009/12/20091220-2.htm
2009-12-20,"— İçişleri Bakanlığına, Çalışma ve Sosyal Güvenlik Bakanı Ömer DİNÇER’in Vekâlet Etmesine Dair Tezkere",https://www.resmigazete.gov.tr/eskiler/2009/12/20091220-3.htm
2009-12-20,"— Çevre ve Orman Bakanlığına, Ulaştırma Bakanı Binali YILDIRIM’ın Vekâlet Etmesine Dair Tezkere",https://www.resmigazete.gov.tr/eskiler/2009/12/20091220-4.htm
2009-12-20,— Erciyes Üniversitesi Vektörler ve Vektörlerle Bulaşan Hastalıklar Uygulama ve Araştırma Merkezi Yönetmeliği,https://www.resmigazete.gov.tr/eskiler/2009/12/20091220-5.htm
2009-12-21,"— Cumhurbaşkanlığına, Türkiye Büyük Millet Meclisi Başkanı Mehmet Ali ŞAHİN’in Vekâlet Etmesine Dair Tezkere",https://www.resmigazete.gov.tr/eskiler/2009/12/20091221-1.htm
2009-12-21,"— Devlet Bakanı ve Başbakan Yardımcısı Ali BABACAN’a, Devlet Bakanı ve Başbakan Yardımcısı Bülent ARINÇ’ın Vekâlet Etmesine Dair Tezkere",https://www.resmigazete.gov.tr/eskiler/2009/12/20091221-2.htm
2009-12-21,— Hakkari Üniversitesi Sürekli Eğitim Uygulama ve Araştırma Merkezi Yönetmeliği,https://www.resmigazete.gov.tr/eskiler/2009/12/20091221-3.htm
2009-12-21,— Rize Üniversitesi Karadeniz Araştırmaları Uygulama ve Araştırma Merkezi Yönetmeliği,https://www.resmigazete.gov.tr/eskiler/2009/12/20091221-4.htm
2009-12-22,"— Başbakanlığa, Devlet Bakanı ve Başbakan Yardımcısı Cemil ÇİÇEK’in Vekâlet Etmesine Dair Tezkere",https://www.resmigazete.gov.tr/eskiler/2009/12/20091222-1.htm
2009-12-22,"— Devlet Bakanı Mehmet Zafer ÇAĞLAYAN’a, Devlet Bakanı Egemen BAĞIŞ’ın Vekâlet Etmesine Dair Tezkere",https://www.resmigazete.gov.tr/eskiler/2009/12/20091222-2.htm
2009-12-22,"— Devlet Bakanı Cevdet YILMAZ’a, Maliye Bakanı Mehmet ŞİMŞEK’in Vekâlet Etmesine Dair Tezkere",https://www.resmigazete.gov.tr/eskiler/2009/12/20091222-3.htm
2009-12-22,"— Adalet Bakanlığına, Devlet Bakanı Hayati YAZICI’nın Vekâlet Etmesine Dair Tezkere",https://www.resmigazete.gov.tr/eskiler/2009/12/20091222-4.htm
2009-12-22,"— İçişleri Bakanlığına, Çalışma ve Sosyal Güvenlik Bakanı Ömer DİNÇER’in Vekâlet Etmesine Dair Tezkere",https://www.resmigazete.gov.tr/eskiler/2009/12/20091222-5.htm
2009-12-22,"— Sağlık Bakanlığına, Milli Eğitim Bakanı Nimet ÇUBUKÇU’nun Vekâlet Etmesine Dair Tezkere",https://www.resmigazete.gov.tr/eskiler/2009/12/20091222-6.htm
2009-12-22,"— Ulaştırma Bakanlığına, Bayındırlık ve İskan Bakanı Mustafa DEMİR’in Vekâlet Etmesine Dair Tezkere",https://www.resmigazete.gov.tr/eskiler/2009/12/20091222-7.htm
2009-12-22,"— Tarım ve Köyişleri Bakanlığına, Devlet Bakanı Faruk Nafız ÖZAK’ın Vekâlet Etmesine Dair Tezkere",https://www.resmigazete.gov.tr/eskiler/2009/12/20091222-8.htm
2009-12-22,"— Enerji ve Tabii Kaynaklar Bakanlığına, Kültür ve Turizm Bakanı Ertuğrul GÜNAY’ın Vekâlet Etmesine Dair Tezkere",https://www.resmigazete.gov.tr/eskiler/2009/12/20091222-9.htm
2009-12-22,"— Çevre ve Orman Bakanlığına, Sanayi ve Ticaret Bakanı Nihat ERGÜN’ün Vekâlet Etmesine Dair Tezkere",https://www.resmigazete.gov.tr/eskiler/2009/12/20091222-10.htm
2009-12-22,— Kalkınma Ajansları Personel Yönetmeliğinde Değişiklik Yapılması Hakkında Yönetmelik,https://www.resmigazete.gov.tr/eskiler/2009/12/20091222-11.htm
2009-12-22,— Kalkınma Ajansları Denetim Yönetmeliğinde Değişiklik Yapılması Hakkında Yönetmelik,https://www.resmigazete.gov.tr/eskiler/2009/12/20091222-12.htm
2009-12-22,— Araçlarda Kullanılan Sıkıştırma Ateşlemeli Motorlardan Yayılan Gaz ve Parçacık Halindeki Kirleticilerin Emisyonlarına ve Araçlarda Kullanılan Doğalgaz veya Sıvılaştırılmış Petrol Gazi ile Çalışan Pozitif Ateşlemeli Motorlardan Yayılan Gaz Kirleticilerin Emisyonlarına Karşı Alınacak Tedbirlerle İlgili Tip Onayı Yönetmeliğinde (2005/55/AT) Değişiklik Yapılmasına Dair Yönetmelik,https://www.resmigazete.gov.tr/eskiler/2009/12/20091222-13.htm
2009-12-22,— Mimar Sinan Güzel Sanatlar Üniversitesi Lisansüstü Eğitim-Öğretim Yönetmeliğinde Değişiklik Yapılmasına Dair Yönetmelik,https://www.resmigazete.gov.tr/eskiler/2009/12/20091222-14.htm
2009-12-22,— Özyeğin Üniversitesi Lisansüstü Eğitim-Öğretim Yönetmeliği,https://www.resmigazete.gov.tr/eskiler/2009/12/20091222-15.htm
2009-12-22,— İşkolu Tespit Kararı (2009/62),https://www.resmigazete.gov.tr/eskiler/2009/12/20091222-16.htm
2009-12-22,— Elma İhracatında İhracat İadesi Yardımı Yapılmasına İlişkin Tebliğ (No: 2009/4),https://www.resmigazete.gov.tr/eskiler/2009/12/20091222-17.htm
2009-12-22,— İthalatta Haksız Rekabetin Önlenmesine İlişkin Tebliğ (2009/40),https://www.resmigazete.gov.tr/eskiler/2009/12/20091222-18.htm
2009-12-22,— Reeskont ve Avans İşlemlerinde Uygulanacak Faiz Oranlarının Tespiti,https://www.resmigazete.gov.tr/eskiler/2009/12/20091222-19.htm
2009-12-22,— Bankacılık Düzenleme ve Denetleme Kurulunun 17/12/2009 Tarihli ve 3460 Sayılı Kararı,https://www.resmigazete.gov.tr/eskiler/2009/12/20091222-20.htm
2009-12-22,"— Yargıtay 1,3 ve 12. Hukuk Dairelerine Ait Kararlar",https://www.resmigazete.gov.tr/eskiler/2009/12/20091222-21.htm
2009-12-23,2009/15684 Türkiye Cumhuriyeti Hükümeti ile Suriye Arap Cumhuriyeti Hükümeti Arasında Vizenin Karşılıklı Olarak Kaldırılmasına Dair Anlaşma’nın Onaylanması Hakkında Karar,https://www.resmigazete.gov.tr/eskiler/2009/12/20091223-1.htm
2009-12-23,2009/15656 Kibrit İthalatında Korunma Önlemi Uygulanmasına İlişkin Karar,https://www.resmigazete.gov.tr/eskiler/2009/12/20091223-2.htm
2009-12-23,— Akdeniz Üniversitesi Özel Gereksinimli Kişiler Uygulama ve Araştırma Merkezi Yönetmeliği,https://www.resmigazete.gov.tr/eskiler/2009/12/20091223-3.htm
2009-12-23,— Kahramanmaraş Sütçü İmam Üniversitesi İngilizce Hazırlık Sınıfı Yönetmeliğinde Değişiklik Yapılmasına Dair Yönetmelik,https://www.resmigazete.gov.tr/eskiler/2009/12/20091223-4.htm
2009-12-23,— Güvenlik Bilgi Formlarının Düzenlenmesine İlişkin Usul ve Esaslar Tebliğinin Yürürlükten Kaldırılması Hakkında Tebliğ,https://www.resmigazete.gov.tr/eskiler/2009/12/20091223-5.htm
2009-12-23,— Tasfiye İşletme Bölge Müdürlükleri Hizmet Tarifesinde Değişiklik Yapılmasına Dair Tebliğ,https://www.resmigazete.gov.tr/eskiler/2009/12/20091223-6.htm
2009-12-24,— Başbakanlık ile Bayındırlık ve İskan Bakanlığına Ait Atama Kararları,https://www.resmigazete.gov.tr/eskiler/2009/12/20091224-1.htm
2009-12-24,— Afyonkarahisar İli Sinanpaşa İlçesine Bağlı Savran Beldesinin İsminin “Serban” Olarak Değiştirilmesine Dair Karar,https://www.resmigazete.gov.tr/eskiler/2009/12/20091224-2.htm
2009-12-24,— Niğde İli Ulukışla İlçesine Bağlı Aktoprak Beldesinin İsminin “Kılan” Olarak Değiştirilmesine Dair Karar,https://www.resmigazete.gov.tr/eskiler/2009/12/20091224-3.htm
2009-12-24,— Çevre Kanununca Alınması Gereken İzin ve Lisanslar Hakkında Yönetmelikte Değişiklik Yapılmasına Dair Yönetmelik,https://www.resmigazete.gov.tr/eskiler/2009/12/20091224-4.htm
2009-12-24,— Eti Maden İşletmeleri Genel Müdürlüğü Memurları Sicil Raporu Vermeye Yetkili Amirler Yönetmeliğinde Değişiklik Yapılmasına Dair Yönetmelik,https://www.resmigazete.gov.tr/eskiler/2009/12/20091224-5.htm
2009-12-24,— Eti Maden İşletmeleri Genel Müdürlüğü Memurları Disiplin Amirleri Yönetmeliğinde Değişiklik Yapılmasına Dair Yönetmelik,https://www.resmigazete.gov.tr/eskiler/2009/12/20091224-6.htm
2009-12-24,— Eti Maden İşletmeleri Genel Müdürlüğü Sözleşmeli Personel Sicil ve Başarı Değerlemesi Raporu Vermeye Yetkili Amirler Yönetmeliğinde Değişiklik Yapılmasına Dair Yönetmelik,https://www.resmigazete.gov.tr/eskiler/2009/12/20091224-7.htm
2009-12-24,— Eti Maden İşletmeleri Genel Müdürlüğü Sözleşmeli Personel Disiplin Amirleri Yönetmeliğinde Değişiklik Yapılmasına Dair Yönetmelik,https://www.resmigazete.gov.tr/eskiler/2009/12/20091224-8.htm
2009-12-24,— Atılım Üniversitesi Sosyal Bilimler Enstitüsü Lisansüstü Eğitim-Öğretim ve Sınav Yönetmeliğinde Değişiklik Yapılmasına Dair Yönetmelik,https://www.resmigazete.gov.tr/eskiler/2009/12/20091224-9.htm
2009-12-24,— İstanbul Üniversitesi Çevre ve Yer Bilimleri Uygulama ve Araştırma Merkezi Yönetmeliği,https://www.resmigazete.gov.tr/eskiler/2009/12/20091224-10.htm
2009-12-24,— Avukatlık Asgari Ücret Tarifesi,https://www.resmigazete.gov.tr/eskiler/2009/12/20091224-11.htm
2009-12-25,"— Devlet Bakanı Faruk Nafız ÖZAK’a, Devlet Bakanı Mehmet Zafer ÇAĞLAYAN’ın Vekâlet Etmesine Dair Tezkere",https://www.resmigazete.gov.tr/eskiler/2009/12/20091225-1.htm
2009-12-25,— Bayındırlık ve İskan Bakanlığına Ait Atama Kararları,https://www.resmigazete.gov.tr/eskiler/2009/12/20091225-20.htm
2009-12-25,— Karayolu Taşıma Yönetmeliğinde Değişiklik Yapılmasına Dair Yönetmelik,https://www.resmigazete.gov.tr/eskiler/2009/12/20091225-3.htm
2009-12-25,— Petrol Piyasasında Uygulanacak Teknik Kriterler Hakkında Yönetmelikte Değişiklik Yapılmasına Dair Yönetmelik,https://www.resmigazete.gov.tr/eskiler/2009/12/20091225-4.htm
2009-12-25,— Dicle Üniversitesi Önlisans ve Lisans Eğitim-Öğretim ve Sınav Yönetmeliğinde Değişiklik Yapılmasına Dair Yönetmelik,https://www.resmigazete.gov.tr/eskiler/2009/12/20091225-5.htm
2009-12-25,— Erciyes Üniversitesi Vektörler ve Vektörlerle Bulaşan Hastalıklar Uygulama ve Araştırma Merkezi Yönetmeliğinde Değişiklik Yapılmasına Dair Yönetmelik,https://www.resmigazete.gov.tr/eskiler/2009/12/20091225-6.htm
2009-12-25,— Erzincan Üniversitesi Lisansüstü Eğitim ve Öğretim Yönetmeliği,https://www.resmigazete.gov.tr/eskiler/2009/12/20091225-7.htm
2009-12-25,— İstanbul Ticaret Üniversitesi Satın Alma ve İhale Yönetmeliği,https://www.resmigazete.gov.tr/eskiler/2009/12/20091225-8.htm
2009-12-25,— İstanbul Ticaret Üniversitesi Önlisans ve Lisans Eğitim-Öğretim ve Sınav Yönetmeliğinde Değişiklik Yapılmasına Dair Yönetmelik,https://www.resmigazete.gov.tr/eskiler/2009/12/20091225-9.htm
2009-12-25,— İstanbul Ticaret Üniversitesi Burs Yönetmeliğinde Değişiklik Yapılmasına Dair Yönetmelik,https://www.resmigazete.gov.tr/eskiler/2009/12/20091225-10.htm
2009-12-25,— Özyeğin Üniversitesi Finans Mühendisliği Uygulama ve Araştırma Merkezi Yönetmeliği,https://www.resmigazete.gov.tr/eskiler/2009/12/20091225-11.htm
2009-12-25,"— Özyeğin Üniversitesi Enerji, Çevre ve Ekonomi Uygulama ve Araştırma Merkezi Yönetmeliği",https://www.resmigazete.gov.tr/eskiler/2009/12/20091225-12.htm
2009-12-25,— Özyeğin Üniversitesi Girişimcilik Uygulama ve Araştırma Merkezi Yönetmeliği,https://www.resmigazete.gov.tr/eskiler/2009/12/20091225-13.htm
2009-12-25,— Türkiye Triatlon Federasyonu Ana Statüsü,https://www.resmigazete.gov.tr/eskiler/2009/12/20091225-14.htm
2009-12-25,— İşkolu Tespit Kararı (No: 2009/63),https://www.resmigazete.gov.tr/eskiler/2009/12/20091225-15.htm
2009-12-25,— Türk Standartları Enstitüsünün Onaylanmış Kuruluş Olarak Görevlendirilmesine Dair Tebliğde Değişiklik Yapılmasına Dair Tebliğ (No: SGM-2009/20),https://www.resmigazete.gov.tr/eskiler/2009/12/20091225-16.htm
2009-12-25,— Türk Loydu Vakfı İktisadi İşletmesinin Onaylanmış Kuruluş Olarak Görevlendirilmesine Dair Tebliğ (No: SGM-2009/21),https://www.resmigazete.gov.tr/eskiler/2009/12/20091225-17.htm
2009-12-25,— 4054 Sayılı Rekabetin Korunması Hakkında Kanunun 16 ncı Maddesinin Birinci Fıkrasında Öngörülen İdari Para Cezası Alt Sınırının 31/12/2010 Tarihine Kadar Geçerli Olmak Üzere Artırılmasına İlişkin Tebliğ (No: 2010/1),https://www.resmigazete.gov.tr/eskiler/2009/12/20091225-18.htm
2009-12-25,"— Türkiye Çim Hokeyi Federasyonunun İsminin, Türkiye Hokey Federasyonu Olarak Değiştirilmesine Dair Tebliğ",https://www.resmigazete.gov.tr/eskiler/2009/12/20091225-19.htm
2009-12-26,952 Türkiye Büyük Millet Meclisinin Çalışmalarına Ara Vermesine Dair Karar,https://www.resmigazete.gov.tr/eskiler/2009/12/20091226-1.htm
2009-12-26,"— Devlet Bakanı Faruk Nafız ÖZAK’a, Devlet Bakanı Mehmet Zafer ÇAĞLAYAN’ın Vekâlet Etmesine Dair Tezkerenin İptaline Dair Tezkere",https://www.resmigazete.gov.tr/eskiler/2009/12/20091226-2.htm
2009-12-26,"— Aile ve Sosyal Araştırmalar Genel Müdürlüğü Aile ve Sosyal Araştırma Uzman Yardımcılığı Giriş, Aile ve Sosyal Araştırma Uzmanlığı Yeterlik Sınavları ile Atama ve Yetiştirilmelerine Dair Yönetmelikte Değişiklik Yapılmasına Dair Yönetmelik",https://www.resmigazete.gov.tr/eskiler/2009/12/20091226-3.htm
2009-12-26,— Gelir İdaresi Başkanlığı Gelir Uzmanlığı Yönetmeliği,https://www.resmigazete.gov.tr/eskiler/2009/12/20091226-4.htm
2009-12-26,"— Koyun ve Keçi Türü Hayvanların Tanımlanması, Tescili ve İzlenmesi Yönetmeliğinde Değişiklik Yapılmasına Dair Yönetmelik",https://www.resmigazete.gov.tr/eskiler/2009/12/20091226-5.htm
2009-12-26,— Kültür ve Turizm Bakanlığı Döner Sermaye Yönetmeliğinde Değişiklik Yapılmasına Dair Yönetmelik,https://www.resmigazete.gov.tr/eskiler/2009/12/20091226-6.htm
2009-12-26,— Petrol Piyasası Bilgi Sistemi Yönetmeliğinde Değişiklik Yapılmasına Dair Yönetmelik,https://www.resmigazete.gov.tr/eskiler/2009/12/20091226-7.htm
2009-12-26,— 2010 Yılı Tanıklık Ücret Tarifesi,https://www.resmigazete.gov.tr/eskiler/2009/12/20091226-8.htm
2009-12-26,— Bombus Arısı Kullanımına Destekleme Ödemesi Yapılmasına Dair Bakanlar Kurulu Kararı Uygulama Tebliği (No: 2009/65),https://www.resmigazete.gov.tr/eskiler/2009/12/20091226-9.htm
2009-12-26,— Anonim ve Limited Şirketlerin Sermayelerini Yeni Asgari Miktarlara Yükseltme Sürelerinin Uzatılmasına İlişkin Tebliğde Değişiklik Yapılmasına Dair Tebliğ (İçticaret: 2009/3),https://www.resmigazete.gov.tr/eskiler/2009/12/20091226-10.htm
2009-12-26,— Özelleştirme İdaresi Başkanlığının 25/12/2009 Tarihli ve 2009/ÖİB-K-18 Sayılı Kararı,https://www.resmigazete.gov.tr/eskiler/2009/12/20091226-11.htm
2009-12-26,— Bankacılık Düzenleme ve Denetleme Kurulunun 24/12/2009 Tarihli ve 3471 Sayılı Kararı,https://www.resmigazete.gov.tr/eskiler/2009/12/20091226-12.htm
2009-12-27,— Abant İzzet Baysal Üniversitesi Sağlık Araştırma ve Uygulama Merkezi Yönetmeliğinde Değişiklik Yapılmasına Dair Yönetmelik,https://www.resmigazete.gov.tr/eskiler/2009/12/20091227-1.htm
2009-12-27,— Atılım Üniversitesi Elektro-Erozyon ile İşleme Teknolojileri Uygulama ve Araştırma Merkezi Yönetmeliği,https://www.resmigazete.gov.tr/eskiler/2009/12/20091227-2.htm
2009-12-27,— Hafif Yolcu ve Ticari Araçlardan Çıkan Emisyonlar (Euro 5 ve Euro 6) Bakımından ve Araç Tamir ve Bakım Bilgilerine Erişim Konusunda Motorlu Araçların Tip Onayı ile İlgili Uygulama Usul ve Esaslarına İlişkin Tebliğ (SGM-2009/22),https://www.resmigazete.gov.tr/eskiler/2009/12/20091227-3.htm
2009-12-28,"— Devlet Bakanı Cevdet YILMAZ’a, Devlet Bakanı ve Başbakan Yardımcısı Ali BABACAN’ın Vekâlet Etmesine Dair Tezkere",https://www.resmigazete.gov.tr/eskiler/2009/12/20091228-1.htm
2009-12-28,— Ankara Üniversitesi Çocuk ve Gençlik Edebiyatı Uygulama ve Araştırma Merkezi Yönetmeliği,https://www.resmigazete.gov.tr/eskiler/2009/12/20091228-2.htm
2009-12-28,— Ulusal Meslek Standartlarına Dair Tebliğ,https://www.resmigazete.gov.tr/eskiler/2009/12/20091228-3.htm
2009-12-29,2009/15685 Bazı Mallara Uygulanacak Tütün Fonu Tutarlarının Belirlenmesine Dair Karar,https://www.resmigazete.gov.tr/eskiler/2009/12/20091229-1.htm
2009-12-29,"2009/15686 İhracat, İhracat Sayılan Satış ve Teslimler ile Döviz Kazandırıcı Hizmet ve Faaliyetlerde Vergi, Resim ve Harç İstisnası Hakkında Kararda Değişiklik Yapılmasına Dair Karar",https://www.resmigazete.gov.tr/eskiler/2009/12/20091229-2.htm
2009-12-29,"2009/15687 Ticari İthalat Maksadı Dışında Yurt Dışından Getirilecek Renkli Televizyon, Siyah-Beyaz Televizyon, Radyo, Video, Televizyon Uydu Alıcıları, Birleşik Cihazlar ile Bunların Dışında Kalan Radyo Televizyon Yayını Almaya Yarayan Her Türlü Cihazlar İçin Bir Defaya Mahsus ve 2010 Yılı İçin Geçerli Olmak Üzere Belirtilen Ücretlerin Alınması Hakkında Karar",https://www.resmigazete.gov.tr/eskiler/2009/12/20091229-3.htm
2009-12-29,"2009/15688 Tarım Sigortaları Havuzu Tarafından Kapsama Alınacak Riskler, Ürünler ve Bölgeler ile Prim Desteği Oranlarına İlişkin Karar",https://www.resmigazete.gov.tr/eskiler/2009/12/20091229-4.htm
2009-12-29,"2009/15713 5346 Sayılı Kanunun 6 ncı Maddesine Göre, 31/12/2011 Tarihinden Önce İşletmeye Giren Tesisleri Kapsamakta Olan Uygulama Süresinin 2 Yıl Uzatılması Hakkında Karar",https://www.resmigazete.gov.tr/eskiler/2009/12/20091229-5.htm
2009-12-29,"— Devlet Bakanı Mehmet Zafer ÇAĞLAYAN’a, Kültür ve Turizm Bakanı Ertuğrul GÜNAY’ın Vekâlet Etmesine Dair Tezkere",https://www.resmigazete.gov.tr/eskiler/2009/12/20091229-6.htm
2009-12-29,2009/15668 Bazı Büyükelçiliklere Yapılan Atamalar Hakkında Karar,https://www.resmigazete.gov.tr/eskiler/2009/12/20091229-7.htm
2009-12-29,2009/15680 Amerika Birleşik Devletleri nezdinde Türkiye Cumhuriyeti Büyükelçisi Nabi Şensoy’un Merkeze Atanması Hakkında Karar,https://www.resmigazete.gov.tr/eskiler/2009/12/20091229-8.htm
2009-12-29,2009/15681 Milli Güvenlik Kurulu Genel Sekreteri Büyükelçi Tahsin Burcuoğlu’nun Fransa nezdinde Türkiye Cumhuriyeti Büyükelçisi Olarak Atanması Hakkında Karar,https://www.resmigazete.gov.tr/eskiler/2009/12/20091229-9.htm
2009-12-29,— Kırıkkale Üniversitesi Lisansüstü Eğitim-Öğretim ve Sınav Yönetmeliğinde Değişiklik Yapılmasına Dair Yönetmelik,https://www.resmigazete.gov.tr/eskiler/2009/12/20091229-10.htm
2009-12-29,— Kilis 7 Aralık Üniversitesi Lisansüstü Eğitim-Öğretim ve Sınav Yönetmeliği,https://www.resmigazete.gov.tr/eskiler/2009/12/20091229-11.htm
2009-12-29,— Uludağ Üniversitesi Lisansüstü Eğitim ve Öğretim Yönetmeliğinde Değişiklik Yapılmasına Dair Yönetmelik,https://www.resmigazete.gov.tr/eskiler/2009/12/20091229-12.htm
2009-12-29,— Zonguldak Kararelmas Üniversitesi Sağlık Yüksekokulu Eğitim-Öğretim ve Sınav Yönetmeliğinde Değişiklik Yapılmasına Dair Yönetmelik,https://www.resmigazete.gov.tr/eskiler/2009/12/20091229-13.htm
2009-12-29,— Zonguldak Karaelmas Üniversitesi Meslek Yüksekokulları Eğitim-Öğretim ve Sınav Yönetmeliğinde Değişiklik Yapılmasına Dair Yönetmelik,https://www.resmigazete.gov.tr/eskiler/2009/12/20091229-14.htm
2009-12-29,— Özel İletişim Vergisi Genel Tebliği (Seri No: 6),https://www.resmigazete.gov.tr/eskiler/2009/12/20091229-15.htm
2009-12-29,— Belediye Gelirleri Kanunu Genel Tebliği (Seri No: 38),https://www.resmigazete.gov.tr/eskiler/2009/12/20091229-16.htm
2009-12-29,— Veraset ve İntikal Vergisi Kanunu Genel Tebliği (Seri No: 41),https://www.resmigazete.gov.tr/eskiler/2009/12/20091229-17.htm
2009-12-29,— Gelir Vergisi Genel Tebliği (Seri No: 273),https://www.resmigazete.gov.tr/eskiler/2009/12/20091229-18.htm
2009-12-29,— Vergi Usul Kanunu Genel Tebliği (Sıra No: 393),https://www.resmigazete.gov.tr/eskiler/2009/12/20091229-19.htm
2009-12-29,— Güneydoğu Anadolu Halı İhracatçıları Birliği Kurulmasına İlişkin Tebliğ (İhracat: 2009/15),https://www.resmigazete.gov.tr/eskiler/2009/12/20091229-20.htm
2009-12-29,— Gümrük Genel Tebliği (Gümrük İşlemleri) (Seri No: 76),https://www.resmigazete.gov.tr/eskiler/2009/12/20091229-21.htm
2009-12-29,— Yargıtay 18. ve 21. Hukuk Dairelerine Ait Kararlar,https://www.resmigazete.gov.tr/eskiler/2009/12/20091229-22.htm
2009-12-30,2009/15683 Türkiye Cumhuriyeti Hükümeti ile Kuzey Kıbrıs Türk Cumhuriyeti Hükümeti Arasında İmzalanan “Ekonomik ve Mali İşbirliği Protokolü”nün Onaylanması Hakkında Karar,https://www.resmigazete.gov.tr/eskiler/2009/12/20091230-1.htm
2009-12-30,"— Enerji ve Tabii Kaynaklar Bakanlığına, Sağlık Bakanı Recep AKDAĞ’ın Vekâlet Etmesine Dair Tezkere",https://www.resmigazete.gov.tr/eskiler/2009/12/20091230-2.htm
2009-12-30,— Dernekler Yönetmeliğinde Değişiklik Yapılmasına Dair Yönetmelik,https://www.resmigazete.gov.tr/eskiler/2009/12/20091230-3.htm
2009-12-30,— Ölçü ve Ölçü Aletlerinden Alınacak Muayene ve Damgalama Ücret Yönetmeliğinde Değişiklik Yapılmasına Dair Yönetmelik,https://www.resmigazete.gov.tr/eskiler/2009/12/20091230-4.htm
2009-12-30,— Ömrünü Tamamlamış Araçların Kontrolü Hakkında Yönetmelik,https://www.resmigazete.gov.tr/eskiler/2009/12/20091230-5.htm
2009-12-30,— Devlet Meteoroloji İşleri Genel Müdürlüğü Sicil Amirleri Yönetmeliğinde Değişiklik Yapılmasına Dair Yönetmelik,https://www.resmigazete.gov.tr/eskiler/2009/12/20091230-6.htm
2009-12-30,— Devlet Meteoroloji İşleri Genel Müdürlüğü Disiplin Amirleri Yönetmeliğinde Değişiklik Yapılmasına Dair Yönetmelik,https://www.resmigazete.gov.tr/eskiler/2009/12/20091230-7.htm
2009-12-30,— Belirli Tekstil Ürünleri İthalatında Gözetim ve Korunma Önlemlerine Dair Yönetmelikte Değişiklik Yapılmasına İlişkin Yönetmelik,https://www.resmigazete.gov.tr/eskiler/2009/12/20091230-8.htm
2009-12-30,"— İkili Anlaşmalar, Protokoller veya Diğer Düzenlemeler Kapsamı Dışında, Belirli Ülkeler Menşeli Tekstil Ürünleri İthalatında Gözetim ve Korunma Önlemleri Hakkında Yönetmelikte Değişiklik Yapılmasına İlişkin Yönetmelik",https://www.resmigazete.gov.tr/eskiler/2009/12/20091230-9.htm
2009-12-30,— Türkiye Adalet Akademisi Meslek İçi Eğitim Yönetmeliğinde Değişiklik Yapılmasına Dair Yönetmelik,https://www.resmigazete.gov.tr/eskiler/2009/12/20091230-10.htm
2009-12-30,— Adl î ve İdar î Yargı H â kim ve Savcıları Meslek İçi Eğitim Yönetmeliği,https://www.resmigazete.gov.tr/eskiler/2009/12/20091230-11.htm
2009-12-30,— Sosyal Hizmetler ve Çocuk Esirgeme Kurumu Genel Müdürlüğü Personeli Görevde Yükselme ve Unvan Değişikliği Yönetmeliğinde Değişiklik Yapılmasına Dair Yönetmelik,https://www.resmigazete.gov.tr/eskiler/2009/12/20091230-12.htm
2009-12-30,— Sosyal Hizmetler ve Çocuk Esirgeme Kurumu Genel Müdürlüğü Personeli Yer Değiştirme Suretiyle Atanma Esaslarına Dair Yönetmelikte Değişiklik Yapılmasına Dair Yönetmelik,https://www.resmigazete.gov.tr/eskiler/2009/12/20091230-13.htm
2009-12-30,— Yüksek Öğrenim Kredi ve Yurtlar Kurumu Yetki Yönetmeliğinin Yürürlükten Kaldırılmasına Dair Yönetmelik,https://www.resmigazete.gov.tr/eskiler/2009/12/20091230-14.htm
2009-12-30,— Plato Meslek Yüksekokulu Satın Alma ve İhale Yönetmeliği,https://www.resmigazete.gov.tr/eskiler/2009/12/20091230-15.htm
2009-12-30,— Türkiye Beyzbol ve Softbol Federasyonu Ana Statüsünde Değişiklik Yapılmasına Dair Ana Statü,https://www.resmigazete.gov.tr/eskiler/2009/12/20091230-16.htm
2009-12-30,— Zorunlu Karayolu Taşımacılık Mali Sorumluluk Sigortası Tarife ve Talimatında Değişiklik Yapılmasına İlişkin Tarife ve Talimat,https://www.resmigazete.gov.tr/eskiler/2009/12/20091230-17.htm
2009-12-30,— İşkolu Tespit Kararı (No: 2009/64),https://www.resmigazete.gov.tr/eskiler/2009/12/20091230-18.htm
2009-12-30,"— Su, Elektrik ve Doğalgaz Sayaçlarının Tamir ve Ayar Ücret Tarifesi Hakkında Tebliğ (2010/1-2)",https://www.resmigazete.gov.tr/eskiler/2009/12/20091230-19.htm
2009-12-30,— Yurt Dışında Gerçekleştirilen Fuar Katılımlarının Desteklenmesine İlişkin Tebliğ (No: 2009/5),https://www.resmigazete.gov.tr/eskiler/2009/12/20091230-20.htm
2009-12-30,— Tek Taraflı Kontrol Sistemi Kapsamında Kotaya Tabi Tekstil Ürünlerine Ait Kotaların Dağıtımı ve Yönetimine İlişkin Tebliğ (No: 2010/1),https://www.resmigazete.gov.tr/eskiler/2009/12/20091230-21.htm
2009-12-30,— Elektronik İmza ile İlgili Süreçlere ve Teknik Kriterlere İlişkin Tebliğ’de Değişiklik Yapılmasına Dair Tebliğ,https://www.resmigazete.gov.tr/eskiler/2009/12/20091230-22.htm
2009-12-31,5942 Bazı Kanunlarda Değişiklik Yapılmasına Dair Kanun,https://www.resmigazete.gov.tr/eskiler/2009/12/20091231-1.htm
2009-12-31,5943 28 Ağustos 1952 Tarihinde Paris'te İmzalanan Kuzey Atlantik Andlaşmasına Uygun Olarak Yapılan Uluslararası Askeri Karargahların Statüsüne İlişkin Protokol Uyarınca Uluslararası Statüsü Belirlenen Türkiye'deki Tüm Müttefik Karargahlar ve Onların Atanmış Personeline Uygulanacak Belirli Ayrıcalıklara İlişkin Anlaşmanın Onaylanmasının Uygun Bulunduğuna Dair Kanun,https://www.resmigazete.gov.tr/eskiler/2009/12/20091231-2.htm
2009-12-31,"2009/15725 Motorlu Taşıtlar Vergisi Tutarları, Bazı Mallara Uygulanan Özel Tüketim Vergisi Oranları, Maktu ve Asgari Maktu Vergi Tutarları ile Harçlar ve Damga Vergisi Nispet ve Tutarlarının Belirlenmesine İlişkin Karar",https://www.resmigazete.gov.tr/eskiler/2009/12/20091231-3.htm
2009-12-31,"— Başbakanlık, Devlet Bakanı ve Başbakan Yardımcılığı ile Adalet, Bayındırlık ve İskan, Enerji ve Tabii Kaynaklar, Kültür ve Turizm Bakanlıklarına Ait Atama Kararları",https://www.resmigazete.gov.tr/eskiler/2009/12/20091231-4.htm
2009-12-31,"— Tütün Mamullerinin Zararlarından Korumaya Yönelik Üretim Şekline, Etiketlenmesine ve Denetlenmesine İlişkin Usul ve Esaslar Hakkında Yönetmelikte Değişiklik Yapılmasına Dair Yönetmelik",https://www.resmigazete.gov.tr/eskiler/2009/12/20091231-5.htm
2009-12-31,"— Doktorluk, Hemşirelik, Ebelik, Diş Hekimliği, Veterinerlik, Eczacılık ve Mimarlık Eğitim Programlarının Asgari Eğitim Koşullarının Belirlenmesine Dair Yönetmelikte Değişiklik Yapılmasına Dair Yönetmelik",https://www.resmigazete.gov.tr/eskiler/2009/12/20091231-6.htm
2009-12-31,— Elektrik Piyasası Müşteri Hizmetleri Yönetmeliğinde Değişiklik Yapılmasına Dair Yönetmelik,https://www.resmigazete.gov.tr/eskiler/2009/12/20091231-7.htm
2009-12-31,— Değerli Kağıtlar Kanunu Genel Tebliği (Sayı: 2009-3),https://www.resmigazete.gov.tr/eskiler/2009/12/20091231-8.htm
2009-12-31,— Motorlu Taşıtlar Vergisi Genel Tebliği (Seri No: 34),https://www.resmigazete.gov.tr/eskiler/2009/12/20091231-9.htm
2009-12-31,— Damga Vergisi Kanunu Genel Tebliği (Seri No: 53),https://www.resmigazete.gov.tr/eskiler/2009/12/20091231-10.htm
2009-12-31,— Harçlar Kanunu Genel Tebliği (Seri No: 60),https://www.resmigazete.gov.tr/eskiler/2009/12/20091231-11.htm
2009-12-31,— Harçlar Kanunu Genel Tebliği (Seri No: 61),https://www.resmigazete.gov.tr/eskiler/2009/12/20091231-12.htm
2009-12-31,— Asgari Ücret Tespit Komisyonunun 29/12/2009 Tarihli ve 2009/1 Sayılı Kararı,https://www.resmigazete.gov.tr/eskiler/2009/12/20091231-13.htm
2009-12-31,— Tütün ve Alkol Piyasası Düzenleme Kurulunun 9/12/2009 Tarihli ve 5134 Sayılı Kararı,https://www.resmigazete.gov.tr/eskiler/2009/12/20091231-14.htm
2009-12-31,— Tütün ve Alkol Piyasası Düzenleme Kurulunun 9/12/2009 Tarihli ve 5135 Sayılı Kararı,https://www.resmigazete.gov.tr/eskiler/2009/12/20091231-15.htm
2009-12-31,— Tütün ve Alkol Piyasası Düzenleme Kurulunun 9/12/2009 Tarihli ve 5136 Sayılı Kararı,https://www.resmigazete.gov.tr/eskiler/2009/12/20091231-16.htm
2009-12-31,— Tütün ve Alkol Piyasası Düzenleme Kurulunun 9/12/2009 Tarihli ve 5136 Sayılı Kararı,https://www.resmigazete.gov.tr/eskiler/2009/12/20091231-17.htm
2009-12-31,— Tütün ve Alkol Piyasası Düzenleme Kurulunun 16/12/2009 Tarihli ve 5168 Sayılı Kararı,https://www.resmigazete.gov.tr/eskiler/2009/12/20091231-18.htm
2009-12-31,"— Anayasa Mahkemesinin E: 2007/1 (Siyas î Parti Kapatma), K: 2009/4 Sayılı Kararı",https://www.resmigazete.gov.tr/eskiler/2009/12/20091231-19.htm
2009-12-31,Tıklayınız,http://www.resmigazete.gov.tr/eskiler/2009/12/20091231M1.htm
2009-12-31,Tıklayınız,http://www.resmigazete.gov.tr/eskiler/2009/12/20091231M2.htm
2009-12-31,Tıklayınız,http://www.resmigazete.gov.tr/eskiler/2009/12/20091231M3.htm
2009-12-31,Tıklayınız,http://www.resmigazete.gov.tr/eskiler/2009/12/20091231M4.htm
2009-12-31,Tıklayınız,http://www.resmigazete.gov.tr/eskiler/2009/12/20091231M5.htm
2009-12-31,Tıklayınız,http://www.resmigazete.gov.tr/eskiler/2009/12/20091231M6.htm
2009-12-31,Tıklayınız,http://www.resmigazete.gov.tr/eskiler/2009/12/20091231M7.htm
